run_id,frame_id,measurement_index,datetime,gap_id,region,inner_tick_id,outer_tick_id,gap_px,valid,invalid_reason
run_20260807_173028_599500,1,1,2026-08-07T17:30:29.126,1,left,0,1,22.0,True,
run_20260807_173028_599500,1,1,2026-08-07T17:30:29.126,2,left,1,2,22.0,True,
run_20260807_173028_599500,1,1,2026-08-07T17:30:29.126,3,left,2,3,22.5,True,
run_20260807_173028_599500,1,1,2026-08-07T17:30:29.126,4,left,3,4,22.5,True,
run_20260807_173028_599500,1,1,2026-08-07T17:30:29.126,5,left,4,5,22.0,True,
run_20260807_173028_599500,1,1,2026-08-07T17:30:29.126,6,left,5,6,22.0,True,
run_20260807_173028_599500,1,1,2026-08-07T17:30:29.126,7,left,6,7,23.0,True,
run_20260807_173028_599500,1,1,2026-08-07T17:30:29.126,8,left,7,8,21.5,True,
run_20260807_173028_599500,1,1,2026-08-07T17:30:29.126,9,left,8,9,22.0,True,
run_20260807_173028_599500,1,1,2026-08-07T17:30:29.126,10,left,9,10,21.5,True,
run_20260807_173028_599500,1,1,2026-08-07T17:30:29.126,11,left,10,11,22.0,True,
run_20260807_173028_599500,1,1,2026-08-07T17:30:29.126,12,left,11,12,22.0,True,
run_20260807_173028_599500,1,1,2026-08-07T17:30:29.126,1,right,0,1,22.0,True,
run_20260807_173028_599500,1,1,2026-08-07T17:30:29.126,2,right,1,2,22.5,True,
run_20260807_173028_599500,1,1,2026-08-07T17:30:29.126,3,right,2,3,22.5,True,
run_20260807_173028_599500,1,1,2026-08-07T17:30:29.126,4,right,3,4,22.0,True,
run_20260807_173028_599500,1,1,2026-08-07T17:30:29.126,5,right,4,5,22.0,True,
run_20260807_173028_599500,1,1,2026-08-07T17:30:29.126,6,right,5,6,23.0,True,
run_20260807_173028_599500,1,1,2026-08-07T17:30:29.126,7,right,6,7,22.0,True,
run_20260807_173028_599500,1,1,2026-08-07T17:30:29.126,8,right,7,8,22.0,True,
run_20260807_173028_599500,1,1,2026-08-07T17:30:29.126,9,right,8,9,21.5,True,
run_20260807_173028_599500,1,1,2026-08-07T17:30:29.126,10,right,9,10,21.5,True,
run_20260807_173028_599500,1,1,2026-08-07T17:30:29.126,11,right,10,11,22.0,True,
run_20260807_173028_599500,1,1,2026-08-07T17:30:29.126,12,right,11,12,23.5,True,
run_20260807_173028_599500,32,2,2026-08-07T17:30:30.150,1,left,0,1,22.0,True,
run_20260807_173028_599500,32,2,2026-08-07T17:30:30.150,2,left,1,2,22.0,True,
run_20260807_173028_599500,32,2,2026-08-07T17:30:30.150,3,left,2,3,22.5,True,
run_20260807_173028_599500,32,2,2026-08-07T17:30:30.150,4,left,3,4,22.5,True,
run_20260807_173028_599500,32,2,2026-08-07T17:30:30.150,5,left,4,5,22.0,True,
run_20260807_173028_599500,32,2,2026-08-07T17:30:30.150,6,left,5,6,22.0,True,
run_20260807_173028_599500,32,2,2026-08-07T17:30:30.150,7,left,6,7,23.0,True,
run_20260807_173028_599500,32,2,2026-08-07T17:30:30.150,8,left,7,8,21.5,True,
run_20260807_173028_599500,32,2,2026-08-07T17:30:30.150,9,left,8,9,22.0,True,
run_20260807_173028_599500,32,2,2026-08-07T17:30:30.150,10,left,9,10,21.5,True,
run_20260807_173028_599500,32,2,2026-08-07T17:30:30.150,11,left,10,11,22.0,True,
run_20260807_173028_599500,32,2,2026-08-07T17:30:30.150,12,left,11,12,21.5,True,
run_20260807_173028_599500,32,2,2026-08-07T17:30:30.150,1,right,0,1,22.0,True,
run_20260807_173028_599500,32,2,2026-08-07T17:30:30.150,2,right,1,2,22.5,True,
run_20260807_173028_599500,32,2,2026-08-07T17:30:30.150,3,right,2,3,22.5,True,
run_20260807_173028_599500,32,2,2026-08-07T17:30:30.150,4,right,3,4,22.0,True,
run_20260807_173028_599500,32,2,2026-08-07T17:30:30.150,5,right,4,5,22.5,True,
run_20260807_173028_599500,32,2,2026-08-07T17:30:30.150,6,right,5,6,22.5,True,
run_20260807_173028_599500,32,2,2026-08-07T17:30:30.150,7,right,6,7,22.0,True,
run_20260807_173028_599500,32,2,2026-08-07T17:30:30.150,8,right,7,8,22.0,True,
run_20260807_173028_599500,32,2,2026-08-07T17:30:30.150,9,right,8,9,21.5,True,
run_20260807_173028_599500,32,2,2026-08-07T17:30:30.150,10,right,9,10,21.5,True,
run_20260807_173028_599500,32,2,2026-08-07T17:30:30.150,11,right,10,11,22.0,True,
run_20260807_173028_599500,32,2,2026-08-07T17:30:30.150,12,right,11,12,23.5,True,
run_20260807_173028_599500,63,3,2026-08-07T17:30:31.183,1,left,0,1,22.0,True,
run_20260807_173028_599500,63,3,2026-08-07T17:30:31.183,2,left,1,2,22.0,True,
run_20260807_173028_599500,63,3,2026-08-07T17:30:31.183,3,left,2,3,22.5,True,
run_20260807_173028_599500,63,3,2026-08-07T17:30:31.183,4,left,3,4,22.5,True,
run_20260807_173028_599500,63,3,2026-08-07T17:30:31.183,5,left,4,5,22.0,True,
run_20260807_173028_599500,63,3,2026-08-07T17:30:31.183,6,left,5,6,22.0,True,
run_20260807_173028_599500,63,3,2026-08-07T17:30:31.183,7,left,6,7,23.0,True,
run_20260807_173028_599500,63,3,2026-08-07T17:30:31.183,8,left,7,8,21.5,True,
run_20260807_173028_599500,63,3,2026-08-07T17:30:31.183,9,left,8,9,22.0,True,
run_20260807_173028_599500,63,3,2026-08-07T17:30:31.183,10,left,9,10,21.5,True,
run_20260807_173028_599500,63,3,2026-08-07T17:30:31.183,11,left,10,11,22.0,True,
run_20260807_173028_599500,63,3,2026-08-07T17:30:31.183,12,left,11,12,21.5,True,
run_20260807_173028_599500,63,3,2026-08-07T17:30:31.183,1,right,0,1,22.0,True,
run_20260807_173028_599500,63,3,2026-08-07T17:30:31.183,2,right,1,2,22.5,True,
run_20260807_173028_599500,63,3,2026-08-07T17:30:31.183,3,right,2,3,22.5,True,
run_20260807_173028_599500,63,3,2026-08-07T17:30:31.183,4,right,3,4,22.0,True,
run_20260807_173028_599500,63,3,2026-08-07T17:30:31.183,5,right,4,5,22.5,True,
run_20260807_173028_599500,63,3,2026-08-07T17:30:31.183,6,right,5,6,22.5,True,
run_20260807_173028_599500,63,3,2026-08-07T17:30:31.183,7,right,6,7,22.0,True,
run_20260807_173028_599500,63,3,2026-08-07T17:30:31.183,8,right,7,8,22.0,True,
run_20260807_173028_599500,63,3,2026-08-07T17:30:31.183,9,right,8,9,21.928571428571445,True,
run_20260807_173028_599500,63,3,2026-08-07T17:30:31.183,10,right,9,10,21.071428571428555,True,
run_20260807_173028_599500,63,3,2026-08-07T17:30:31.183,11,right,10,11,22.0,True,
run_20260807_173028_599500,63,3,2026-08-07T17:30:31.183,12,right,11,12,23.5,True,
run_20260807_173028_599500,93,4,2026-08-07T17:30:32.185,1,left,0,1,22.0,True,
run_20260807_173028_599500,93,4,2026-08-07T17:30:32.185,2,left,1,2,22.0,True,
run_20260807_173028_599500,93,4,2026-08-07T17:30:32.185,3,left,2,3,22.5,True,
run_20260807_173028_599500,93,4,2026-08-07T17:30:32.185,4,left,3,4,22.5,True,
run_20260807_173028_599500,93,4,2026-08-07T17:30:32.185,5,left,4,5,22.0,True,
run_20260807_173028_599500,93,4,2026-08-07T17:30:32.185,6,left,5,6,22.0,True,
run_20260807_173028_599500,93,4,2026-08-07T17:30:32.185,7,left,6,7,23.0,True,
run_20260807_173028_599500,93,4,2026-08-07T17:30:32.185,8,left,7,8,21.5,True,
run_20260807_173028_599500,93,4,2026-08-07T17:30:32.185,9,left,8,9,22.0,True,
run_20260807_173028_599500,93,4,2026-08-07T17:30:32.185,10,left,9,10,21.5,True,
run_20260807_173028_599500,93,4,2026-08-07T17:30:32.185,11,left,10,11,22.0,True,
run_20260807_173028_599500,93,4,2026-08-07T17:30:32.185,12,left,11,12,21.5,True,
run_20260807_173028_599500,93,4,2026-08-07T17:30:32.185,1,right,0,1,22.0,True,
run_20260807_173028_599500,93,4,2026-08-07T17:30:32.185,2,right,1,2,22.5,True,
run_20260807_173028_599500,93,4,2026-08-07T17:30:32.185,3,right,2,3,22.5,True,
run_20260807_173028_599500,93,4,2026-08-07T17:30:32.185,4,right,3,4,22.0,True,
run_20260807_173028_599500,93,4,2026-08-07T17:30:32.185,5,right,4,5,22.5,True,
run_20260807_173028_599500,93,4,2026-08-07T17:30:32.185,6,right,5,6,22.5,True,
run_20260807_173028_599500,93,4,2026-08-07T17:30:32.185,7,right,6,7,22.0,True,
run_20260807_173028_599500,93,4,2026-08-07T17:30:32.185,8,right,7,8,22.0,True,
run_20260807_173028_599500,93,4,2026-08-07T17:30:32.185,9,right,8,9,21.5,True,
run_20260807_173028_599500,93,4,2026-08-07T17:30:32.185,10,right,9,10,21.5,True,
run_20260807_173028_599500,93,4,2026-08-07T17:30:32.185,11,right,10,11,22.0,True,
run_20260807_173028_599500,93,4,2026-08-07T17:30:32.185,12,right,11,12,23.5,True,
run_20260807_173028_599500,124,5,2026-08-07T17:30:33.222,1,left,0,1,22.0,True,
run_20260807_173028_599500,124,5,2026-08-07T17:30:33.222,2,left,1,2,22.0,True,
run_20260807_173028_599500,124,5,2026-08-07T17:30:33.222,3,left,2,3,22.5,True,
run_20260807_173028_599500,124,5,2026-08-07T17:30:33.222,4,left,3,4,22.5,True,
run_20260807_173028_599500,124,5,2026-08-07T17:30:33.222,5,left,4,5,22.0,True,
run_20260807_173028_599500,124,5,2026-08-07T17:30:33.222,6,left,5,6,22.5,True,
run_20260807_173028_599500,124,5,2026-08-07T17:30:33.222,7,left,6,7,22.5,True,
run_20260807_173028_599500,124,5,2026-08-07T17:30:33.222,8,left,7,8,21.5,True,
run_20260807_173028_599500,124,5,2026-08-07T17:30:33.222,9,left,8,9,22.0,True,
run_20260807_173028_599500,124,5,2026-08-07T17:30:33.222,10,left,9,10,21.5,True,
run_20260807_173028_599500,124,5,2026-08-07T17:30:33.222,11,left,10,11,22.0,True,
run_20260807_173028_599500,124,5,2026-08-07T17:30:33.222,12,left,11,12,21.5,True,
run_20260807_173028_599500,124,5,2026-08-07T17:30:33.222,1,right,0,1,22.0,True,
run_20260807_173028_599500,124,5,2026-08-07T17:30:33.222,2,right,1,2,22.5,True,
run_20260807_173028_599500,124,5,2026-08-07T17:30:33.222,3,right,2,3,22.5,True,
run_20260807_173028_599500,124,5,2026-08-07T17:30:33.222,4,right,3,4,22.0,True,
run_20260807_173028_599500,124,5,2026-08-07T17:30:33.222,5,right,4,5,22.5,True,
run_20260807_173028_599500,124,5,2026-08-07T17:30:33.222,6,right,5,6,22.5,True,
run_20260807_173028_599500,124,5,2026-08-07T17:30:33.222,7,right,6,7,22.0,True,
run_20260807_173028_599500,124,5,2026-08-07T17:30:33.222,8,right,7,8,22.0,True,
run_20260807_173028_599500,124,5,2026-08-07T17:30:33.222,9,right,8,9,21.84615384615381,True,
run_20260807_173028_599500,124,5,2026-08-07T17:30:33.222,10,right,9,10,21.15384615384619,True,
run_20260807_173028_599500,124,5,2026-08-07T17:30:33.222,11,right,10,11,22.0,True,
run_20260807_173028_599500,124,5,2026-08-07T17:30:33.222,12,right,11,12,23.5,True,
run_20260807_173028_599500,155,6,2026-08-07T17:30:34.249,1,left,0,1,22.0,True,
run_20260807_173028_599500,155,6,2026-08-07T17:30:34.249,2,left,1,2,22.0,True,
run_20260807_173028_599500,155,6,2026-08-07T17:30:34.249,3,left,2,3,22.5,True,
run_20260807_173028_599500,155,6,2026-08-07T17:30:34.249,4,left,3,4,22.5,True,
run_20260807_173028_599500,155,6,2026-08-07T17:30:34.249,5,left,4,5,22.0,True,
run_20260807_173028_599500,155,6,2026-08-07T17:30:34.249,6,left,5,6,22.0,True,
run_20260807_173028_599500,155,6,2026-08-07T17:30:34.249,7,left,6,7,23.0,True,
run_20260807_173028_599500,155,6,2026-08-07T17:30:34.249,8,left,7,8,21.5,True,
run_20260807_173028_599500,155,6,2026-08-07T17:30:34.249,9,left,8,9,21.5,True,
run_20260807_173028_599500,155,6,2026-08-07T17:30:34.249,10,left,9,10,22.0,True,
run_20260807_173028_599500,155,6,2026-08-07T17:30:34.249,11,left,10,11,22.0,True,
run_20260807_173028_599500,155,6,2026-08-07T17:30:34.249,12,left,11,12,21.5,True,
run_20260807_173028_599500,155,6,2026-08-07T17:30:34.249,1,right,0,1,22.0,True,
run_20260807_173028_599500,155,6,2026-08-07T17:30:34.249,2,right,1,2,22.5,True,
run_20260807_173028_599500,155,6,2026-08-07T17:30:34.249,3,right,2,3,22.5,True,
run_20260807_173028_599500,155,6,2026-08-07T17:30:34.249,4,right,3,4,22.0,True,
run_20260807_173028_599500,155,6,2026-08-07T17:30:34.249,5,right,4,5,22.0,True,
run_20260807_173028_599500,155,6,2026-08-07T17:30:34.249,6,right,5,6,23.0,True,
run_20260807_173028_599500,155,6,2026-08-07T17:30:34.249,7,right,6,7,22.0,True,
run_20260807_173028_599500,155,6,2026-08-07T17:30:34.249,8,right,7,8,22.0,True,
run_20260807_173028_599500,155,6,2026-08-07T17:30:34.249,9,right,8,9,21.84615384615381,True,
run_20260807_173028_599500,155,6,2026-08-07T17:30:34.249,10,right,9,10,21.15384615384619,True,
run_20260807_173028_599500,155,6,2026-08-07T17:30:34.249,11,right,10,11,22.0,True,
run_20260807_173028_599500,155,6,2026-08-07T17:30:34.249,12,right,11,12,23.5,True,
run_20260807_173028_599500,185,7,2026-08-07T17:30:35.251,1,left,0,1,22.0,True,
run_20260807_173028_599500,185,7,2026-08-07T17:30:35.251,2,left,1,2,22.0,True,
run_20260807_173028_599500,185,7,2026-08-07T17:30:35.251,3,left,2,3,22.5,True,
run_20260807_173028_599500,185,7,2026-08-07T17:30:35.251,4,left,3,4,22.5,True,
run_20260807_173028_599500,185,7,2026-08-07T17:30:35.251,5,left,4,5,22.0,True,
run_20260807_173028_599500,185,7,2026-08-07T17:30:35.251,6,left,5,6,22.5,True,
run_20260807_173028_599500,185,7,2026-08-07T17:30:35.251,7,left,6,7,22.0,True,
run_20260807_173028_599500,185,7,2026-08-07T17:30:35.251,8,left,7,8,22.0,True,
run_20260807_173028_599500,185,7,2026-08-07T17:30:35.251,9,left,8,9,21.5,True,
run_20260807_173028_599500,185,7,2026-08-07T17:30:35.251,10,left,9,10,22.0,True,
run_20260807_173028_599500,185,7,2026-08-07T17:30:35.251,11,left,10,11,22.0,True,
run_20260807_173028_599500,185,7,2026-08-07T17:30:35.251,12,left,11,12,21.5,True,
run_20260807_173028_599500,185,7,2026-08-07T17:30:35.251,1,right,0,1,22.0,True,
run_20260807_173028_599500,185,7,2026-08-07T17:30:35.251,2,right,1,2,22.5,True,
run_20260807_173028_599500,185,7,2026-08-07T17:30:35.251,3,right,2,3,22.5,True,
run_20260807_173028_599500,185,7,2026-08-07T17:30:35.251,4,right,3,4,22.0,True,
run_20260807_173028_599500,185,7,2026-08-07T17:30:35.251,5,right,4,5,22.0,True,
run_20260807_173028_599500,185,7,2026-08-07T17:30:35.251,6,right,5,6,23.0,True,
run_20260807_173028_599500,185,7,2026-08-07T17:30:35.251,7,right,6,7,22.0,True,
run_20260807_173028_599500,185,7,2026-08-07T17:30:35.251,8,right,7,8,22.0,True,
run_20260807_173028_599500,185,7,2026-08-07T17:30:35.251,9,right,8,9,21.84615384615381,True,
run_20260807_173028_599500,185,7,2026-08-07T17:30:35.251,10,right,9,10,21.15384615384619,True,
run_20260807_173028_599500,185,7,2026-08-07T17:30:35.251,11,right,10,11,22.0,True,
run_20260807_173028_599500,185,7,2026-08-07T17:30:35.251,12,right,11,12,23.5,True,
run_20260807_173028_599500,216,8,2026-08-07T17:30:36.284,1,left,0,1,22.0,True,
run_20260807_173028_599500,216,8,2026-08-07T17:30:36.284,2,left,1,2,22.0,True,
run_20260807_173028_599500,216,8,2026-08-07T17:30:36.284,3,left,2,3,22.5,True,
run_20260807_173028_599500,216,8,2026-08-07T17:30:36.284,4,left,3,4,22.5,True,
run_20260807_173028_599500,216,8,2026-08-07T17:30:36.284,5,left,4,5,22.0,True,
run_20260807_173028_599500,216,8,2026-08-07T17:30:36.284,6,left,5,6,22.5,True,
run_20260807_173028_599500,216,8,2026-08-07T17:30:36.284,7,left,6,7,22.0,True,
run_20260807_173028_599500,216,8,2026-08-07T17:30:36.284,8,left,7,8,22.0,True,
run_20260807_173028_599500,216,8,2026-08-07T17:30:36.284,9,left,8,9,21.5,True,
run_20260807_173028_599500,216,8,2026-08-07T17:30:36.284,10,left,9,10,22.0,True,
run_20260807_173028_599500,216,8,2026-08-07T17:30:36.284,11,left,10,11,22.0,True,
run_20260807_173028_599500,216,8,2026-08-07T17:30:36.284,12,left,11,12,21.5,True,
run_20260807_173028_599500,216,8,2026-08-07T17:30:36.284,1,right,0,1,22.0,True,
run_20260807_173028_599500,216,8,2026-08-07T17:30:36.284,2,right,1,2,22.5,True,
run_20260807_173028_599500,216,8,2026-08-07T17:30:36.284,3,right,2,3,22.5,True,
run_20260807_173028_599500,216,8,2026-08-07T17:30:36.284,4,right,3,4,22.0,True,
run_20260807_173028_599500,216,8,2026-08-07T17:30:36.284,5,right,4,5,22.0,True,
run_20260807_173028_599500,216,8,2026-08-07T17:30:36.284,6,right,5,6,23.0,True,
run_20260807_173028_599500,216,8,2026-08-07T17:30:36.284,7,right,6,7,22.0,True,
run_20260807_173028_599500,216,8,2026-08-07T17:30:36.284,8,right,7,8,22.0,True,
run_20260807_173028_599500,216,8,2026-08-07T17:30:36.284,9,right,8,9,21.5,True,
run_20260807_173028_599500,216,8,2026-08-07T17:30:36.284,10,right,9,10,21.5,True,
run_20260807_173028_599500,216,8,2026-08-07T17:30:36.284,11,right,10,11,22.0,True,
run_20260807_173028_599500,216,8,2026-08-07T17:30:36.284,12,right,11,12,23.5,True,
run_20260807_173028_599500,247,9,2026-08-07T17:30:37.316,1,left,0,1,22.0,True,
run_20260807_173028_599500,247,9,2026-08-07T17:30:37.316,2,left,1,2,22.0,True,
run_20260807_173028_599500,247,9,2026-08-07T17:30:37.316,3,left,2,3,22.5,True,
run_20260807_173028_599500,247,9,2026-08-07T17:30:37.316,4,left,3,4,22.5,True,
run_20260807_173028_599500,247,9,2026-08-07T17:30:37.316,5,left,4,5,22.0,True,
run_20260807_173028_599500,247,9,2026-08-07T17:30:37.316,6,left,5,6,22.0,True,
run_20260807_173028_599500,247,9,2026-08-07T17:30:37.316,7,left,6,7,23.0,True,
run_20260807_173028_599500,247,9,2026-08-07T17:30:37.316,8,left,7,8,21.5,True,
run_20260807_173028_599500,247,9,2026-08-07T17:30:37.316,9,left,8,9,21.5,True,
run_20260807_173028_599500,247,9,2026-08-07T17:30:37.316,10,left,9,10,22.0,True,
run_20260807_173028_599500,247,9,2026-08-07T17:30:37.316,11,left,10,11,22.0,True,
run_20260807_173028_599500,247,9,2026-08-07T17:30:37.316,12,left,11,12,21.5,True,
run_20260807_173028_599500,247,9,2026-08-07T17:30:37.316,1,right,0,1,22.0,True,
run_20260807_173028_599500,247,9,2026-08-07T17:30:37.316,2,right,1,2,22.5,True,
run_20260807_173028_599500,247,9,2026-08-07T17:30:37.316,3,right,2,3,22.5,True,
run_20260807_173028_599500,247,9,2026-08-07T17:30:37.316,4,right,3,4,22.0,True,
run_20260807_173028_599500,247,9,2026-08-07T17:30:37.316,5,right,4,5,22.5,True,
run_20260807_173028_599500,247,9,2026-08-07T17:30:37.316,6,right,5,6,22.5,True,
run_20260807_173028_599500,247,9,2026-08-07T17:30:37.316,7,right,6,7,22.0,True,
run_20260807_173028_599500,247,9,2026-08-07T17:30:37.316,8,right,7,8,22.0,True,
run_20260807_173028_599500,247,9,2026-08-07T17:30:37.316,9,right,8,9,21.5,True,
run_20260807_173028_599500,247,9,2026-08-07T17:30:37.316,10,right,9,10,21.5,True,
run_20260807_173028_599500,247,9,2026-08-07T17:30:37.316,11,right,10,11,22.0,True,
run_20260807_173028_599500,247,9,2026-08-07T17:30:37.316,12,right,11,12,23.5,True,
run_20260807_173028_599500,277,10,2026-08-07T17:30:38.317,1,left,0,1,22.0,True,
run_20260807_173028_599500,277,10,2026-08-07T17:30:38.317,2,left,1,2,22.0,True,
run_20260807_173028_599500,277,10,2026-08-07T17:30:38.317,3,left,2,3,22.5,True,
run_20260807_173028_599500,277,10,2026-08-07T17:30:38.317,4,left,3,4,22.5,True,
run_20260807_173028_599500,277,10,2026-08-07T17:30:38.317,5,left,4,5,22.0,True,
run_20260807_173028_599500,277,10,2026-08-07T17:30:38.317,6,left,5,6,22.5,True,
run_20260807_173028_599500,277,10,2026-08-07T17:30:38.317,7,left,6,7,22.5,True,
run_20260807_173028_599500,277,10,2026-08-07T17:30:38.317,8,left,7,8,21.5,True,
run_20260807_173028_599500,277,10,2026-08-07T17:30:38.317,9,left,8,9,21.5,True,
run_20260807_173028_599500,277,10,2026-08-07T17:30:38.317,10,left,9,10,22.0,True,
run_20260807_173028_599500,277,10,2026-08-07T17:30:38.317,11,left,10,11,22.0,True,
run_20260807_173028_599500,277,10,2026-08-07T17:30:38.317,12,left,11,12,21.5,True,
run_20260807_173028_599500,277,10,2026-08-07T17:30:38.317,1,right,0,1,22.0,True,
run_20260807_173028_599500,277,10,2026-08-07T17:30:38.317,2,right,1,2,22.5,True,
run_20260807_173028_599500,277,10,2026-08-07T17:30:38.317,3,right,2,3,22.5,True,
run_20260807_173028_599500,277,10,2026-08-07T17:30:38.317,4,right,3,4,22.0,True,
run_20260807_173028_599500,277,10,2026-08-07T17:30:38.317,5,right,4,5,22.0,True,
run_20260807_173028_599500,277,10,2026-08-07T17:30:38.317,6,right,5,6,23.0,True,
run_20260807_173028_599500,277,10,2026-08-07T17:30:38.317,7,right,6,7,22.0,True,
run_20260807_173028_599500,277,10,2026-08-07T17:30:38.317,8,right,7,8,22.0,True,
run_20260807_173028_599500,277,10,2026-08-07T17:30:38.317,9,right,8,9,21.5,True,
run_20260807_173028_599500,277,10,2026-08-07T17:30:38.317,10,right,9,10,21.5,True,
run_20260807_173028_599500,277,10,2026-08-07T17:30:38.317,11,right,10,11,22.0,True,
run_20260807_173028_599500,277,10,2026-08-07T17:30:38.317,12,right,11,12,23.5,True,
run_20260807_173028_599500,308,11,2026-08-07T17:30:39.352,1,left,0,1,22.0,True,
run_20260807_173028_599500,308,11,2026-08-07T17:30:39.352,2,left,1,2,22.0,True,
run_20260807_173028_599500,308,11,2026-08-07T17:30:39.352,3,left,2,3,22.5,True,
run_20260807_173028_599500,308,11,2026-08-07T17:30:39.352,4,left,3,4,22.5,True,
run_20260807_173028_599500,308,11,2026-08-07T17:30:39.352,5,left,4,5,22.0,True,
run_20260807_173028_599500,308,11,2026-08-07T17:30:39.352,6,left,5,6,22.0,True,
run_20260807_173028_599500,308,11,2026-08-07T17:30:39.352,7,left,6,7,23.0,True,
run_20260807_173028_599500,308,11,2026-08-07T17:30:39.352,8,left,7,8,21.5,True,
run_20260807_173028_599500,308,11,2026-08-07T17:30:39.352,9,left,8,9,22.0,True,
run_20260807_173028_599500,308,11,2026-08-07T17:30:39.352,10,left,9,10,21.5,True,
run_20260807_173028_599500,308,11,2026-08-07T17:30:39.352,11,left,10,11,22.0,True,
run_20260807_173028_599500,308,11,2026-08-07T17:30:39.352,12,left,11,12,21.5,True,
run_20260807_173028_599500,308,11,2026-08-07T17:30:39.352,1,right,0,1,22.0,True,
run_20260807_173028_599500,308,11,2026-08-07T17:30:39.352,2,right,1,2,22.5,True,
run_20260807_173028_599500,308,11,2026-08-07T17:30:39.352,3,right,2,3,22.5,True,
run_20260807_173028_599500,308,11,2026-08-07T17:30:39.352,4,right,3,4,22.0,True,
run_20260807_173028_599500,308,11,2026-08-07T17:30:39.352,5,right,4,5,22.0,True,
run_20260807_173028_599500,308,11,2026-08-07T17:30:39.352,6,right,5,6,23.0,True,
run_20260807_173028_599500,308,11,2026-08-07T17:30:39.352,7,right,6,7,22.0,True,
run_20260807_173028_599500,308,11,2026-08-07T17:30:39.352,8,right,7,8,22.0,True,
run_20260807_173028_599500,308,11,2026-08-07T17:30:39.352,9,right,8,9,21.928571428571445,True,
run_20260807_173028_599500,308,11,2026-08-07T17:30:39.352,10,right,9,10,21.071428571428555,True,
run_20260807_173028_599500,308,11,2026-08-07T17:30:39.352,11,right,10,11,22.0,True,
run_20260807_173028_599500,308,11,2026-08-07T17:30:39.352,12,right,11,12,23.5,True,
run_20260807_173028_599500,339,12,2026-08-07T17:30:40.383,1,left,0,1,22.0,True,
run_20260807_173028_599500,339,12,2026-08-07T17:30:40.383,2,left,1,2,22.0,True,
run_20260807_173028_599500,339,12,2026-08-07T17:30:40.383,3,left,2,3,22.5,True,
run_20260807_173028_599500,339,12,2026-08-07T17:30:40.383,4,left,3,4,22.5,True,
run_20260807_173028_599500,339,12,2026-08-07T17:30:40.383,5,left,4,5,22.0,True,
run_20260807_173028_599500,339,12,2026-08-07T17:30:40.383,6,left,5,6,22.0,True,
run_20260807_173028_599500,339,12,2026-08-07T17:30:40.383,7,left,6,7,23.0,True,
run_20260807_173028_599500,339,12,2026-08-07T17:30:40.383,8,left,7,8,21.5,True,
run_20260807_173028_599500,339,12,2026-08-07T17:30:40.383,9,left,8,9,22.0,True,
run_20260807_173028_599500,339,12,2026-08-07T17:30:40.383,10,left,9,10,21.5,True,
run_20260807_173028_599500,339,12,2026-08-07T17:30:40.383,11,left,10,11,22.0,True,
run_20260807_173028_599500,339,12,2026-08-07T17:30:40.383,12,left,11,12,21.5,True,
run_20260807_173028_599500,339,12,2026-08-07T17:30:40.383,1,right,0,1,22.0,True,
run_20260807_173028_599500,339,12,2026-08-07T17:30:40.383,2,right,1,2,22.5,True,
run_20260807_173028_599500,339,12,2026-08-07T17:30:40.383,3,right,2,3,22.5,True,
run_20260807_173028_599500,339,12,2026-08-07T17:30:40.383,4,right,3,4,22.0,True,
run_20260807_173028_599500,339,12,2026-08-07T17:30:40.383,5,right,4,5,22.0,True,
run_20260807_173028_599500,339,12,2026-08-07T17:30:40.383,6,right,5,6,23.0,True,
run_20260807_173028_599500,339,12,2026-08-07T17:30:40.383,7,right,6,7,22.0,True,
run_20260807_173028_599500,339,12,2026-08-07T17:30:40.383,8,right,7,8,22.0,True,
run_20260807_173028_599500,339,12,2026-08-07T17:30:40.383,9,right,8,9,21.5,True,
run_20260807_173028_599500,339,12,2026-08-07T17:30:40.383,10,right,9,10,21.5,True,
run_20260807_173028_599500,339,12,2026-08-07T17:30:40.383,11,right,10,11,22.0,True,
run_20260807_173028_599500,339,12,2026-08-07T17:30:40.383,12,right,11,12,23.5,True,
run_20260807_173028_599500,369,13,2026-08-07T17:30:41.384,1,left,0,1,22.0,True,
run_20260807_173028_599500,369,13,2026-08-07T17:30:41.384,2,left,1,2,22.0,True,
run_20260807_173028_599500,369,13,2026-08-07T17:30:41.384,3,left,2,3,22.5,True,
run_20260807_173028_599500,369,13,2026-08-07T17:30:41.384,4,left,3,4,22.0,True,
run_20260807_173028_599500,369,13,2026-08-07T17:30:41.384,5,left,4,5,22.5,True,
run_20260807_173028_599500,369,13,2026-08-07T17:30:41.384,6,left,5,6,22.0,True,
run_20260807_173028_599500,369,13,2026-08-07T17:30:41.384,7,left,6,7,23.0,True,
run_20260807_173028_599500,369,13,2026-08-07T17:30:41.384,8,left,7,8,21.5,True,
run_20260807_173028_599500,369,13,2026-08-07T17:30:41.384,9,left,8,9,22.0,True,
run_20260807_173028_599500,369,13,2026-08-07T17:30:41.384,10,left,9,10,21.5,True,
run_20260807_173028_599500,369,13,2026-08-07T17:30:41.384,11,left,10,11,22.0,True,
run_20260807_173028_599500,369,13,2026-08-07T17:30:41.384,12,left,11,12,21.5,True,
run_20260807_173028_599500,369,13,2026-08-07T17:30:41.384,1,right,0,1,22.5,True,
run_20260807_173028_599500,369,13,2026-08-07T17:30:41.384,2,right,1,2,22.0,True,
run_20260807_173028_599500,369,13,2026-08-07T17:30:41.384,3,right,2,3,22.5,True,
run_20260807_173028_599500,369,13,2026-08-07T17:30:41.384,4,right,3,4,22.0,True,
run_20260807_173028_599500,369,13,2026-08-07T17:30:41.384,5,right,4,5,22.5,True,
run_20260807_173028_599500,369,13,2026-08-07T17:30:41.384,6,right,5,6,22.5,True,
run_20260807_173028_599500,369,13,2026-08-07T17:30:41.384,7,right,6,7,22.0,True,
run_20260807_173028_599500,369,13,2026-08-07T17:30:41.384,8,right,7,8,22.0,True,
run_20260807_173028_599500,369,13,2026-08-07T17:30:41.384,9,right,8,9,21.5,True,
run_20260807_173028_599500,369,13,2026-08-07T17:30:41.384,10,right,9,10,22.0,True,
run_20260807_173028_599500,369,13,2026-08-07T17:30:41.384,11,right,10,11,21.5,True,
run_20260807_173028_599500,369,13,2026-08-07T17:30:41.384,12,right,11,12,23.399999999999977,True,
run_20260807_173028_599500,400,14,2026-08-07T17:30:42.415,1,left,0,1,,False,missing_tick_for_gap
run_20260807_173028_599500,400,14,2026-08-07T17:30:42.415,2,left,1,2,,False,missing_tick_for_gap
run_20260807_173028_599500,400,14,2026-08-07T17:30:42.415,3,left,2,3,,False,missing_tick_for_gap
run_20260807_173028_599500,400,14,2026-08-07T17:30:42.415,4,left,3,4,,False,missing_tick_for_gap
run_20260807_173028_599500,400,14,2026-08-07T17:30:42.415,5,left,4,5,,False,missing_tick_for_gap
run_20260807_173028_599500,400,14,2026-08-07T17:30:42.415,6,left,5,6,,False,missing_tick_for_gap
run_20260807_173028_599500,400,14,2026-08-07T17:30:42.415,7,left,6,7,,False,missing_tick_for_gap
run_20260807_173028_599500,400,14,2026-08-07T17:30:42.415,8,left,7,8,,False,missing_tick_for_gap
run_20260807_173028_599500,400,14,2026-08-07T17:30:42.415,9,left,8,9,,False,missing_tick_for_gap
run_20260807_173028_599500,400,14,2026-08-07T17:30:42.415,10,left,9,10,,False,missing_tick_for_gap
run_20260807_173028_599500,400,14,2026-08-07T17:30:42.415,11,left,10,11,,False,missing_tick_for_gap
run_20260807_173028_599500,400,14,2026-08-07T17:30:42.415,12,left,11,12,,False,missing_tick_for_gap
run_20260807_173028_599500,400,14,2026-08-07T17:30:42.415,1,right,0,1,,False,missing_tick_for_gap
run_20260807_173028_599500,400,14,2026-08-07T17:30:42.415,2,right,1,2,,False,missing_tick_for_gap
run_20260807_173028_599500,400,14,2026-08-07T17:30:42.415,3,right,2,3,,False,missing_tick_for_gap
run_20260807_173028_599500,400,14,2026-08-07T17:30:42.415,4,right,3,4,,False,missing_tick_for_gap
run_20260807_173028_599500,400,14,2026-08-07T17:30:42.415,5,right,4,5,,False,missing_tick_for_gap
run_20260807_173028_599500,400,14,2026-08-07T17:30:42.415,6,right,5,6,,False,missing_tick_for_gap
run_20260807_173028_599500,400,14,2026-08-07T17:30:42.415,7,right,6,7,,False,missing_tick_for_gap
run_20260807_173028_599500,400,14,2026-08-07T17:30:42.415,8,right,7,8,,False,missing_tick_for_gap
run_20260807_173028_599500,400,14,2026-08-07T17:30:42.415,9,right,8,9,,False,missing_tick_for_gap
run_20260807_173028_599500,400,14,2026-08-07T17:30:42.415,10,right,9,10,,False,missing_tick_for_gap
run_20260807_173028_599500,400,14,2026-08-07T17:30:42.415,11,right,10,11,,False,missing_tick_for_gap
run_20260807_173028_599500,400,14,2026-08-07T17:30:42.415,12,right,11,12,,False,missing_tick_for_gap
run_20260807_173028_599500,430,15,2026-08-07T17:30:43.415,1,left,0,1,22.0,True,
run_20260807_173028_599500,430,15,2026-08-07T17:30:43.415,2,left,1,2,22.0,True,
run_20260807_173028_599500,430,15,2026-08-07T17:30:43.415,3,left,2,3,22.5,True,
run_20260807_173028_599500,430,15,2026-08-07T17:30:43.415,4,left,3,4,22.5,True,
run_20260807_173028_599500,430,15,2026-08-07T17:30:43.415,5,left,4,5,22.0,True,
run_20260807_173028_599500,430,15,2026-08-07T17:30:43.415,6,left,5,6,22.5,True,
run_20260807_173028_599500,430,15,2026-08-07T17:30:43.415,7,left,6,7,,False,missing_tick_for_gap
run_20260807_173028_599500,430,15,2026-08-07T17:30:43.415,8,left,7,8,,False,missing_tick_for_gap
run_20260807_173028_599500,430,15,2026-08-07T17:30:43.415,9,left,8,9,,False,missing_tick_for_gap
run_20260807_173028_599500,430,15,2026-08-07T17:30:43.415,10,left,9,10,,False,missing_tick_for_gap
run_20260807_173028_599500,430,15,2026-08-07T17:30:43.415,11,left,10,11,,False,missing_tick_for_gap
run_20260807_173028_599500,430,15,2026-08-07T17:30:43.415,12,left,11,12,,False,missing_tick_for_gap
run_20260807_173028_599500,430,15,2026-08-07T17:30:43.415,1,right,0,1,22.285714285714278,True,
run_20260807_173028_599500,430,15,2026-08-07T17:30:43.415,2,right,1,2,,False,missing_tick_for_gap
run_20260807_173028_599500,430,15,2026-08-07T17:30:43.415,3,right,2,3,,False,missing_tick_for_gap
run_20260807_173028_599500,430,15,2026-08-07T17:30:43.415,4,right,3,4,,False,missing_tick_for_gap
run_20260807_173028_599500,430,15,2026-08-07T17:30:43.415,5,right,4,5,,False,missing_tick_for_gap
run_20260807_173028_599500,430,15,2026-08-07T17:30:43.415,6,right,5,6,,False,missing_tick_for_gap
run_20260807_173028_599500,430,15,2026-08-07T17:30:43.415,7,right,6,7,,False,missing_tick_for_gap
run_20260807_173028_599500,430,15,2026-08-07T17:30:43.415,8,right,7,8,,False,missing_tick_for_gap
run_20260807_173028_599500,430,15,2026-08-07T17:30:43.415,9,right,8,9,,False,missing_tick_for_gap
run_20260807_173028_599500,430,15,2026-08-07T17:30:43.415,10,right,9,10,,False,missing_tick_for_gap
run_20260807_173028_599500,430,15,2026-08-07T17:30:43.415,11,right,10,11,,False,missing_tick_for_gap
run_20260807_173028_599500,430,15,2026-08-07T17:30:43.415,12,right,11,12,,False,missing_tick_for_gap
run_20260807_173028_599500,460,16,2026-08-07T17:30:44.416,1,left,0,1,22.0,True,
run_20260807_173028_599500,460,16,2026-08-07T17:30:44.416,2,left,1,2,22.0,True,
run_20260807_173028_599500,460,16,2026-08-07T17:30:44.416,3,left,2,3,22.5,True,
run_20260807_173028_599500,460,16,2026-08-07T17:30:44.416,4,left,3,4,22.5,True,
run_20260807_173028_599500,460,16,2026-08-07T17:30:44.416,5,left,4,5,22.0,True,
run_20260807_173028_599500,460,16,2026-08-07T17:30:44.416,6,left,5,6,22.5,True,
run_20260807_173028_599500,460,16,2026-08-07T17:30:44.416,7,left,6,7,,False,missing_tick_for_gap
run_20260807_173028_599500,460,16,2026-08-07T17:30:44.416,8,left,7,8,,False,missing_tick_for_gap
run_20260807_173028_599500,460,16,2026-08-07T17:30:44.416,9,left,8,9,,False,missing_tick_for_gap
run_20260807_173028_599500,460,16,2026-08-07T17:30:44.416,10,left,9,10,,False,missing_tick_for_gap
run_20260807_173028_599500,460,16,2026-08-07T17:30:44.416,11,left,10,11,,False,missing_tick_for_gap
run_20260807_173028_599500,460,16,2026-08-07T17:30:44.416,12,left,11,12,,False,missing_tick_for_gap
run_20260807_173028_599500,460,16,2026-08-07T17:30:44.416,1,right,0,1,22.25,True,
run_20260807_173028_599500,460,16,2026-08-07T17:30:44.416,2,right,1,2,,False,missing_tick_for_gap
run_20260807_173028_599500,460,16,2026-08-07T17:30:44.416,3,right,2,3,,False,missing_tick_for_gap
run_20260807_173028_599500,460,16,2026-08-07T17:30:44.416,4,right,3,4,,False,missing_tick_for_gap
run_20260807_173028_599500,460,16,2026-08-07T17:30:44.416,5,right,4,5,,False,missing_tick_for_gap
run_20260807_173028_599500,460,16,2026-08-07T17:30:44.416,6,right,5,6,,False,missing_tick_for_gap
run_20260807_173028_599500,460,16,2026-08-07T17:30:44.416,7,right,6,7,,False,missing_tick_for_gap
run_20260807_173028_599500,460,16,2026-08-07T17:30:44.416,8,right,7,8,,False,missing_tick_for_gap
run_20260807_173028_599500,460,16,2026-08-07T17:30:44.416,9,right,8,9,,False,missing_tick_for_gap
run_20260807_173028_599500,460,16,2026-08-07T17:30:44.416,10,right,9,10,,False,missing_tick_for_gap
run_20260807_173028_599500,460,16,2026-08-07T17:30:44.416,11,right,10,11,,False,missing_tick_for_gap
run_20260807_173028_599500,460,16,2026-08-07T17:30:44.416,12,right,11,12,,False,missing_tick_for_gap
run_20260807_173028_599500,491,17,2026-08-07T17:30:45.448,1,left,0,1,22.0,True,
run_20260807_173028_599500,491,17,2026-08-07T17:30:45.448,2,left,1,2,22.0,True,
run_20260807_173028_599500,491,17,2026-08-07T17:30:45.448,3,left,2,3,22.5,True,
run_20260807_173028_599500,491,17,2026-08-07T17:30:45.448,4,left,3,4,22.5,True,
run_20260807_173028_599500,491,17,2026-08-07T17:30:45.448,5,left,4,5,22.0,True,
run_20260807_173028_599500,491,17,2026-08-07T17:30:45.448,6,left,5,6,22.5,True,
run_20260807_173028_599500,491,17,2026-08-07T17:30:45.448,7,left,6,7,,False,missing_tick_for_gap
run_20260807_173028_599500,491,17,2026-08-07T17:30:45.448,8,left,7,8,,False,missing_tick_for_gap
run_20260807_173028_599500,491,17,2026-08-07T17:30:45.448,9,left,8,9,,False,missing_tick_for_gap
run_20260807_173028_599500,491,17,2026-08-07T17:30:45.448,10,left,9,10,,False,missing_tick_for_gap
run_20260807_173028_599500,491,17,2026-08-07T17:30:45.448,11,left,10,11,,False,missing_tick_for_gap
run_20260807_173028_599500,491,17,2026-08-07T17:30:45.448,12,left,11,12,,False,missing_tick_for_gap
run_20260807_173028_599500,491,17,2026-08-07T17:30:45.448,1,right,0,1,22.0,True,
run_20260807_173028_599500,491,17,2026-08-07T17:30:45.448,2,right,1,2,,False,missing_tick_for_gap
run_20260807_173028_599500,491,17,2026-08-07T17:30:45.448,3,right,2,3,,False,missing_tick_for_gap
run_20260807_173028_599500,491,17,2026-08-07T17:30:45.448,4,right,3,4,,False,missing_tick_for_gap
run_20260807_173028_599500,491,17,2026-08-07T17:30:45.448,5,right,4,5,,False,missing_tick_for_gap
run_20260807_173028_599500,491,17,2026-08-07T17:30:45.448,6,right,5,6,,False,missing_tick_for_gap
run_20260807_173028_599500,491,17,2026-08-07T17:30:45.448,7,right,6,7,,False,missing_tick_for_gap
run_20260807_173028_599500,491,17,2026-08-07T17:30:45.448,8,right,7,8,,False,missing_tick_for_gap
run_20260807_173028_599500,491,17,2026-08-07T17:30:45.448,9,right,8,9,,False,missing_tick_for_gap
run_20260807_173028_599500,491,17,2026-08-07T17:30:45.448,10,right,9,10,,False,missing_tick_for_gap
run_20260807_173028_599500,491,17,2026-08-07T17:30:45.448,11,right,10,11,,False,missing_tick_for_gap
run_20260807_173028_599500,491,17,2026-08-07T17:30:45.448,12,right,11,12,,False,missing_tick_for_gap
run_20260807_173028_599500,521,18,2026-08-07T17:30:46.450,1,left,0,1,22.0,True,
run_20260807_173028_599500,521,18,2026-08-07T17:30:46.450,2,left,1,2,22.0,True,
run_20260807_173028_599500,521,18,2026-08-07T17:30:46.450,3,left,2,3,22.5,True,
run_20260807_173028_599500,521,18,2026-08-07T17:30:46.450,4,left,3,4,22.5,True,
run_20260807_173028_599500,521,18,2026-08-07T17:30:46.450,5,left,4,5,22.0,True,
run_20260807_173028_599500,521,18,2026-08-07T17:30:46.450,6,left,5,6,22.5,True,
run_20260807_173028_599500,521,18,2026-08-07T17:30:46.450,7,left,6,7,22.0,True,
run_20260807_173028_599500,521,18,2026-08-07T17:30:46.450,8,left,7,8,22.0,True,
run_20260807_173028_599500,521,18,2026-08-07T17:30:46.450,9,left,8,9,,False,missing_tick_for_gap
run_20260807_173028_599500,521,18,2026-08-07T17:30:46.450,10,left,9,10,,False,missing_tick_for_gap
run_20260807_173028_599500,521,18,2026-08-07T17:30:46.450,11,left,10,11,,False,missing_tick_for_gap
run_20260807_173028_599500,521,18,2026-08-07T17:30:46.450,12,left,11,12,,False,missing_tick_for_gap
run_20260807_173028_599500,521,18,2026-08-07T17:30:46.450,1,right,0,1,22.5,True,
run_20260807_173028_599500,521,18,2026-08-07T17:30:46.450,2,right,1,2,22.0,True,
run_20260807_173028_599500,521,18,2026-08-07T17:30:46.450,3,right,2,3,22.33333333333337,True,
run_20260807_173028_599500,521,18,2026-08-07T17:30:46.450,4,right,3,4,22.16666666666663,True,
run_20260807_173028_599500,521,18,2026-08-07T17:30:46.450,5,right,4,5,22.0,True,
run_20260807_173028_599500,521,18,2026-08-07T17:30:46.450,6,right,5,6,45.0,True,
run_20260807_173028_599500,521,18,2026-08-07T17:30:46.450,7,right,6,7,,False,missing_tick_for_gap
run_20260807_173028_599500,521,18,2026-08-07T17:30:46.450,8,right,7,8,,False,missing_tick_for_gap
run_20260807_173028_599500,521,18,2026-08-07T17:30:46.450,9,right,8,9,,False,missing_tick_for_gap
run_20260807_173028_599500,521,18,2026-08-07T17:30:46.450,10,right,9,10,,False,missing_tick_for_gap
run_20260807_173028_599500,521,18,2026-08-07T17:30:46.450,11,right,10,11,,False,missing_tick_for_gap
run_20260807_173028_599500,521,18,2026-08-07T17:30:46.450,12,right,11,12,,False,missing_tick_for_gap
run_20260807_173028_599500,552,19,2026-08-07T17:30:47.483,1,left,0,1,22.0,True,
run_20260807_173028_599500,552,19,2026-08-07T17:30:47.483,2,left,1,2,22.5,True,
run_20260807_173028_599500,552,19,2026-08-07T17:30:47.483,3,left,2,3,22.0,True,
run_20260807_173028_599500,552,19,2026-08-07T17:30:47.483,4,left,3,4,22.0,True,
run_20260807_173028_599500,552,19,2026-08-07T17:30:47.483,5,left,4,5,22.5,True,
run_20260807_173028_599500,552,19,2026-08-07T17:30:47.483,6,left,5,6,66.0,True,
run_20260807_173028_599500,552,19,2026-08-07T17:30:47.483,7,left,6,7,,False,missing_tick_for_gap
run_20260807_173028_599500,552,19,2026-08-07T17:30:47.483,8,left,7,8,,False,missing_tick_for_gap
run_20260807_173028_599500,552,19,2026-08-07T17:30:47.483,9,left,8,9,,False,missing_tick_for_gap
run_20260807_173028_599500,552,19,2026-08-07T17:30:47.483,10,left,9,10,,False,missing_tick_for_gap
run_20260807_173028_599500,552,19,2026-08-07T17:30:47.483,11,left,10,11,,False,missing_tick_for_gap
run_20260807_173028_599500,552,19,2026-08-07T17:30:47.483,12,left,11,12,,False,missing_tick_for_gap
run_20260807_173028_599500,552,19,2026-08-07T17:30:47.483,1,right,0,1,22.0,True,
run_20260807_173028_599500,552,19,2026-08-07T17:30:47.483,2,right,1,2,22.0,True,
run_20260807_173028_599500,552,19,2026-08-07T17:30:47.483,3,right,2,3,22.5,True,
run_20260807_173028_599500,552,19,2026-08-07T17:30:47.483,4,right,3,4,22.0,True,
run_20260807_173028_599500,552,19,2026-08-07T17:30:47.483,5,right,4,5,,False,missing_tick_for_gap
run_20260807_173028_599500,552,19,2026-08-07T17:30:47.483,6,right,5,6,,False,missing_tick_for_gap
run_20260807_173028_599500,552,19,2026-08-07T17:30:47.483,7,right,6,7,,False,missing_tick_for_gap
run_20260807_173028_599500,552,19,2026-08-07T17:30:47.483,8,right,7,8,,False,missing_tick_for_gap
run_20260807_173028_599500,552,19,2026-08-07T17:30:47.483,9,right,8,9,,False,missing_tick_for_gap
run_20260807_173028_599500,552,19,2026-08-07T17:30:47.483,10,right,9,10,,False,missing_tick_for_gap
run_20260807_173028_599500,552,19,2026-08-07T17:30:47.483,11,right,10,11,,False,missing_tick_for_gap
run_20260807_173028_599500,552,19,2026-08-07T17:30:47.483,12,right,11,12,,False,missing_tick_for_gap
run_20260807_173028_599500,583,20,2026-08-07T17:30:48.515,1,left,0,1,22.5,True,
run_20260807_173028_599500,583,20,2026-08-07T17:30:48.515,2,left,1,2,22.5,True,
run_20260807_173028_599500,583,20,2026-08-07T17:30:48.515,3,left,2,3,22.0,True,
run_20260807_173028_599500,583,20,2026-08-07T17:30:48.515,4,left,3,4,22.0,True,
run_20260807_173028_599500,583,20,2026-08-07T17:30:48.515,5,left,4,5,22.5,True,
run_20260807_173028_599500,583,20,2026-08-07T17:30:48.515,6,left,5,6,,False,missing_tick_for_gap
run_20260807_173028_599500,583,20,2026-08-07T17:30:48.515,7,left,6,7,,False,missing_tick_for_gap
run_20260807_173028_599500,583,20,2026-08-07T17:30:48.515,8,left,7,8,,False,missing_tick_for_gap
run_20260807_173028_599500,583,20,2026-08-07T17:30:48.515,9,left,8,9,,False,missing_tick_for_gap
run_20260807_173028_599500,583,20,2026-08-07T17:30:48.515,10,left,9,10,,False,missing_tick_for_gap
run_20260807_173028_599500,583,20,2026-08-07T17:30:48.515,11,left,10,11,,False,missing_tick_for_gap
run_20260807_173028_599500,583,20,2026-08-07T17:30:48.515,12,left,11,12,,False,missing_tick_for_gap
run_20260807_173028_599500,583,20,2026-08-07T17:30:48.515,1,right,0,1,22.0,True,
run_20260807_173028_599500,583,20,2026-08-07T17:30:48.515,2,right,1,2,22.299999999999955,True,
run_20260807_173028_599500,583,20,2026-08-07T17:30:48.515,3,right,2,3,22.200000000000045,True,
run_20260807_173028_599500,583,20,2026-08-07T17:30:48.515,4,right,3,4,,False,missing_tick_for_gap
run_20260807_173028_599500,583,20,2026-08-07T17:30:48.515,5,right,4,5,,False,missing_tick_for_gap
run_20260807_173028_599500,583,20,2026-08-07T17:30:48.515,6,right,5,6,,False,missing_tick_for_gap
run_20260807_173028_599500,583,20,2026-08-07T17:30:48.515,7,right,6,7,,False,missing_tick_for_gap
run_20260807_173028_599500,583,20,2026-08-07T17:30:48.515,8,right,7,8,,False,missing_tick_for_gap
run_20260807_173028_599500,583,20,2026-08-07T17:30:48.515,9,right,8,9,,False,missing_tick_for_gap
run_20260807_173028_599500,583,20,2026-08-07T17:30:48.515,10,right,9,10,,False,missing_tick_for_gap
run_20260807_173028_599500,583,20,2026-08-07T17:30:48.515,11,right,10,11,,False,missing_tick_for_gap
run_20260807_173028_599500,583,20,2026-08-07T17:30:48.515,12,right,11,12,,False,missing_tick_for_gap
run_20260807_173028_599500,613,21,2026-08-07T17:30:49.517,1,left,0,1,22.071428571428555,True,
run_20260807_173028_599500,613,21,2026-08-07T17:30:49.517,2,left,1,2,22.5,True,
run_20260807_173028_599500,613,21,2026-08-07T17:30:49.517,3,left,2,3,22.0,True,
run_20260807_173028_599500,613,21,2026-08-07T17:30:49.517,4,left,3,4,22.0,True,
run_20260807_173028_599500,613,21,2026-08-07T17:30:49.517,5,left,4,5,22.5,True,
run_20260807_173028_599500,613,21,2026-08-07T17:30:49.517,6,left,5,6,,False,missing_tick_for_gap
run_20260807_173028_599500,613,21,2026-08-07T17:30:49.517,7,left,6,7,,False,missing_tick_for_gap
run_20260807_173028_599500,613,21,2026-08-07T17:30:49.517,8,left,7,8,,False,missing_tick_for_gap
run_20260807_173028_599500,613,21,2026-08-07T17:30:49.517,9,left,8,9,,False,missing_tick_for_gap
run_20260807_173028_599500,613,21,2026-08-07T17:30:49.517,10,left,9,10,,False,missing_tick_for_gap
run_20260807_173028_599500,613,21,2026-08-07T17:30:49.517,11,left,10,11,,False,missing_tick_for_gap
run_20260807_173028_599500,613,21,2026-08-07T17:30:49.517,12,left,11,12,,False,missing_tick_for_gap
run_20260807_173028_599500,613,21,2026-08-07T17:30:49.517,1,right,0,1,22.0,True,
run_20260807_173028_599500,613,21,2026-08-07T17:30:49.517,2,right,1,2,22.071428571428555,True,
run_20260807_173028_599500,613,21,2026-08-07T17:30:49.517,3,right,2,3,22.428571428571445,True,
run_20260807_173028_599500,613,21,2026-08-07T17:30:49.517,4,right,3,4,,False,missing_tick_for_gap
run_20260807_173028_599500,613,21,2026-08-07T17:30:49.517,5,right,4,5,,False,missing_tick_for_gap
run_20260807_173028_599500,613,21,2026-08-07T17:30:49.517,6,right,5,6,,False,missing_tick_for_gap
run_20260807_173028_599500,613,21,2026-08-07T17:30:49.517,7,right,6,7,,False,missing_tick_for_gap
run_20260807_173028_599500,613,21,2026-08-07T17:30:49.517,8,right,7,8,,False,missing_tick_for_gap
run_20260807_173028_599500,613,21,2026-08-07T17:30:49.517,9,right,8,9,,False,missing_tick_for_gap
run_20260807_173028_599500,613,21,2026-08-07T17:30:49.517,10,right,9,10,,False,missing_tick_for_gap
run_20260807_173028_599500,613,21,2026-08-07T17:30:49.517,11,right,10,11,,False,missing_tick_for_gap
run_20260807_173028_599500,613,21,2026-08-07T17:30:49.517,12,right,11,12,,False,missing_tick_for_gap
run_20260807_173028_599500,644,22,2026-08-07T17:30:50.550,1,left,0,1,22.5,True,
run_20260807_173028_599500,644,22,2026-08-07T17:30:50.550,2,left,1,2,22.5,True,
run_20260807_173028_599500,644,22,2026-08-07T17:30:50.550,3,left,2,3,22.0,True,
run_20260807_173028_599500,644,22,2026-08-07T17:30:50.550,4,left,3,4,22.0,True,
run_20260807_173028_599500,644,22,2026-08-07T17:30:50.550,5,left,4,5,22.5,True,
run_20260807_173028_599500,644,22,2026-08-07T17:30:50.550,6,left,5,6,,False,missing_tick_for_gap
run_20260807_173028_599500,644,22,2026-08-07T17:30:50.550,7,left,6,7,,False,missing_tick_for_gap
run_20260807_173028_599500,644,22,2026-08-07T17:30:50.550,8,left,7,8,,False,missing_tick_for_gap
run_20260807_173028_599500,644,22,2026-08-07T17:30:50.550,9,left,8,9,,False,missing_tick_for_gap
run_20260807_173028_599500,644,22,2026-08-07T17:30:50.550,10,left,9,10,,False,missing_tick_for_gap
run_20260807_173028_599500,644,22,2026-08-07T17:30:50.550,11,left,10,11,,False,missing_tick_for_gap
run_20260807_173028_599500,644,22,2026-08-07T17:30:50.550,12,left,11,12,,False,missing_tick_for_gap
run_20260807_173028_599500,644,22,2026-08-07T17:30:50.550,1,right,0,1,22.0,True,
run_20260807_173028_599500,644,22,2026-08-07T17:30:50.550,2,right,1,2,22.299999999999955,True,
run_20260807_173028_599500,644,22,2026-08-07T17:30:50.550,3,right,2,3,22.200000000000045,True,
run_20260807_173028_599500,644,22,2026-08-07T17:30:50.550,4,right,3,4,,False,missing_tick_for_gap
run_20260807_173028_599500,644,22,2026-08-07T17:30:50.550,5,right,4,5,,False,missing_tick_for_gap
run_20260807_173028_599500,644,22,2026-08-07T17:30:50.550,6,right,5,6,,False,missing_tick_for_gap
run_20260807_173028_599500,644,22,2026-08-07T17:30:50.550,7,right,6,7,,False,missing_tick_for_gap
run_20260807_173028_599500,644,22,2026-08-07T17:30:50.550,8,right,7,8,,False,missing_tick_for_gap
run_20260807_173028_599500,644,22,2026-08-07T17:30:50.550,9,right,8,9,,False,missing_tick_for_gap
run_20260807_173028_599500,644,22,2026-08-07T17:30:50.550,10,right,9,10,,False,missing_tick_for_gap
run_20260807_173028_599500,644,22,2026-08-07T17:30:50.550,11,right,10,11,,False,missing_tick_for_gap
run_20260807_173028_599500,644,22,2026-08-07T17:30:50.550,12,right,11,12,,False,missing_tick_for_gap
run_20260807_173028_599500,675,23,2026-08-07T17:30:51.582,1,left,0,1,22.5,True,
run_20260807_173028_599500,675,23,2026-08-07T17:30:51.582,2,left,1,2,22.5,True,
run_20260807_173028_599500,675,23,2026-08-07T17:30:51.582,3,left,2,3,22.0,True,
run_20260807_173028_599500,675,23,2026-08-07T17:30:51.582,4,left,3,4,22.0,True,
run_20260807_173028_599500,675,23,2026-08-07T17:30:51.582,5,left,4,5,22.5,True,
run_20260807_173028_599500,675,23,2026-08-07T17:30:51.582,6,left,5,6,,False,missing_tick_for_gap
run_20260807_173028_599500,675,23,2026-08-07T17:30:51.582,7,left,6,7,,False,missing_tick_for_gap
run_20260807_173028_599500,675,23,2026-08-07T17:30:51.582,8,left,7,8,,False,missing_tick_for_gap
run_20260807_173028_599500,675,23,2026-08-07T17:30:51.582,9,left,8,9,,False,missing_tick_for_gap
run_20260807_173028_599500,675,23,2026-08-07T17:30:51.582,10,left,9,10,,False,missing_tick_for_gap
run_20260807_173028_599500,675,23,2026-08-07T17:30:51.582,11,left,10,11,,False,missing_tick_for_gap
run_20260807_173028_599500,675,23,2026-08-07T17:30:51.582,12,left,11,12,,False,missing_tick_for_gap
run_20260807_173028_599500,675,23,2026-08-07T17:30:51.582,1,right,0,1,22.0,True,
run_20260807_173028_599500,675,23,2026-08-07T17:30:51.582,2,right,1,2,22.299999999999955,True,
run_20260807_173028_599500,675,23,2026-08-07T17:30:51.582,3,right,2,3,22.200000000000045,True,
run_20260807_173028_599500,675,23,2026-08-07T17:30:51.582,4,right,3,4,,False,missing_tick_for_gap
run_20260807_173028_599500,675,23,2026-08-07T17:30:51.582,5,right,4,5,,False,missing_tick_for_gap
run_20260807_173028_599500,675,23,2026-08-07T17:30:51.582,6,right,5,6,,False,missing_tick_for_gap
run_20260807_173028_599500,675,23,2026-08-07T17:30:51.582,7,right,6,7,,False,missing_tick_for_gap
run_20260807_173028_599500,675,23,2026-08-07T17:30:51.582,8,right,7,8,,False,missing_tick_for_gap
run_20260807_173028_599500,675,23,2026-08-07T17:30:51.582,9,right,8,9,,False,missing_tick_for_gap
run_20260807_173028_599500,675,23,2026-08-07T17:30:51.582,10,right,9,10,,False,missing_tick_for_gap
run_20260807_173028_599500,675,23,2026-08-07T17:30:51.582,11,right,10,11,,False,missing_tick_for_gap
run_20260807_173028_599500,675,23,2026-08-07T17:30:51.582,12,right,11,12,,False,missing_tick_for_gap
run_20260807_173028_599500,705,24,2026-08-07T17:30:52.583,1,left,0,1,22.5,True,
run_20260807_173028_599500,705,24,2026-08-07T17:30:52.583,2,left,1,2,22.5,True,
run_20260807_173028_599500,705,24,2026-08-07T17:30:52.583,3,left,2,3,22.0,True,
run_20260807_173028_599500,705,24,2026-08-07T17:30:52.583,4,left,3,4,22.0,True,
run_20260807_173028_599500,705,24,2026-08-07T17:30:52.583,5,left,4,5,22.5,True,
run_20260807_173028_599500,705,24,2026-08-07T17:30:52.583,6,left,5,6,,False,missing_tick_for_gap
run_20260807_173028_599500,705,24,2026-08-07T17:30:52.583,7,left,6,7,,False,missing_tick_for_gap
run_20260807_173028_599500,705,24,2026-08-07T17:30:52.583,8,left,7,8,,False,missing_tick_for_gap
run_20260807_173028_599500,705,24,2026-08-07T17:30:52.583,9,left,8,9,,False,missing_tick_for_gap
run_20260807_173028_599500,705,24,2026-08-07T17:30:52.583,10,left,9,10,,False,missing_tick_for_gap
run_20260807_173028_599500,705,24,2026-08-07T17:30:52.583,11,left,10,11,,False,missing_tick_for_gap
run_20260807_173028_599500,705,24,2026-08-07T17:30:52.583,12,left,11,12,,False,missing_tick_for_gap
run_20260807_173028_599500,705,24,2026-08-07T17:30:52.583,1,right,0,1,22.0,True,
run_20260807_173028_599500,705,24,2026-08-07T17:30:52.583,2,right,1,2,22.071428571428555,True,
run_20260807_173028_599500,705,24,2026-08-07T17:30:52.583,3,right,2,3,,False,missing_tick_for_gap
run_20260807_173028_599500,705,24,2026-08-07T17:30:52.583,4,right,3,4,,False,missing_tick_for_gap
run_20260807_173028_599500,705,24,2026-08-07T17:30:52.583,5,right,4,5,,False,missing_tick_for_gap
run_20260807_173028_599500,705,24,2026-08-07T17:30:52.583,6,right,5,6,,False,missing_tick_for_gap
run_20260807_173028_599500,705,24,2026-08-07T17:30:52.583,7,right,6,7,,False,missing_tick_for_gap
run_20260807_173028_599500,705,24,2026-08-07T17:30:52.583,8,right,7,8,,False,missing_tick_for_gap
run_20260807_173028_599500,705,24,2026-08-07T17:30:52.583,9,right,8,9,,False,missing_tick_for_gap
run_20260807_173028_599500,705,24,2026-08-07T17:30:52.583,10,right,9,10,,False,missing_tick_for_gap
run_20260807_173028_599500,705,24,2026-08-07T17:30:52.583,11,right,10,11,,False,missing_tick_for_gap
run_20260807_173028_599500,705,24,2026-08-07T17:30:52.583,12,right,11,12,,False,missing_tick_for_gap
run_20260807_173028_599500,736,25,2026-08-07T17:30:53.617,1,left,0,1,22.0,True,
run_20260807_173028_599500,736,25,2026-08-07T17:30:53.617,2,left,1,2,22.0,True,
run_20260807_173028_599500,736,25,2026-08-07T17:30:53.617,3,left,2,3,22.588235294117652,True,
run_20260807_173028_599500,736,25,2026-08-07T17:30:53.617,4,left,3,4,22.411764705882348,True,
run_20260807_173028_599500,736,25,2026-08-07T17:30:53.617,5,left,4,5,22.0,True,
run_20260807_173028_599500,736,25,2026-08-07T17:30:53.617,6,left,5,6,22.5,True,
run_20260807_173028_599500,736,25,2026-08-07T17:30:53.617,7,left,6,7,22.0,True,
run_20260807_173028_599500,736,25,2026-08-07T17:30:53.617,8,left,7,8,22.0,True,
run_20260807_173028_599500,736,25,2026-08-07T17:30:53.617,9,left,8,9,22.0,True,
run_20260807_173028_599500,736,25,2026-08-07T17:30:53.617,10,left,9,10,21.5,True,
run_20260807_173028_599500,736,25,2026-08-07T17:30:53.617,11,left,10,11,22.0,True,
run_20260807_173028_599500,736,25,2026-08-07T17:30:53.617,12,left,11,12,,False,missing_tick_for_gap
run_20260807_173028_599500,736,25,2026-08-07T17:30:53.617,1,right,0,1,22.0,True,
run_20260807_173028_599500,736,25,2026-08-07T17:30:53.617,2,right,1,2,22.5,True,
run_20260807_173028_599500,736,25,2026-08-07T17:30:53.617,3,right,2,3,22.0,True,
run_20260807_173028_599500,736,25,2026-08-07T17:30:53.617,4,right,3,4,22.785714285714334,True,
run_20260807_173028_599500,736,25,2026-08-07T17:30:53.617,5,right,4,5,22.214285714285666,True,
run_20260807_173028_599500,736,25,2026-08-07T17:30:53.617,6,right,5,6,44.33333333333337,True,
run_20260807_173028_599500,736,25,2026-08-07T17:30:53.617,7,right,6,7,22.16666666666663,True,
run_20260807_173028_599500,736,25,2026-08-07T17:30:53.617,8,right,7,8,,False,missing_tick_for_gap
run_20260807_173028_599500,736,25,2026-08-07T17:30:53.617,9,right,8,9,,False,missing_tick_for_gap
run_20260807_173028_599500,736,25,2026-08-07T17:30:53.617,10,right,9,10,,False,missing_tick_for_gap
run_20260807_173028_599500,736,25,2026-08-07T17:30:53.617,11,right,10,11,,False,missing_tick_for_gap
run_20260807_173028_599500,736,25,2026-08-07T17:30:53.617,12,right,11,12,,False,missing_tick_for_gap
run_20260807_173028_599500,767,26,2026-08-07T17:30:54.648,1,left,0,1,22.0,True,
run_20260807_173028_599500,767,26,2026-08-07T17:30:54.648,2,left,1,2,22.0,True,
run_20260807_173028_599500,767,26,2026-08-07T17:30:54.648,3,left,2,3,22.5,True,
run_20260807_173028_599500,767,26,2026-08-07T17:30:54.648,4,left,3,4,22.5,True,
run_20260807_173028_599500,767,26,2026-08-07T17:30:54.648,5,left,4,5,22.0,True,
run_20260807_173028_599500,767,26,2026-08-07T17:30:54.648,6,left,5,6,22.5,True,
run_20260807_173028_599500,767,26,2026-08-07T17:30:54.648,7,left,6,7,22.0,True,
run_20260807_173028_599500,767,26,2026-08-07T17:30:54.648,8,left,7,8,22.0,True,
run_20260807_173028_599500,767,26,2026-08-07T17:30:54.648,9,left,8,9,22.0,True,
run_20260807_173028_599500,767,26,2026-08-07T17:30:54.648,10,left,9,10,22.0,True,
run_20260807_173028_599500,767,26,2026-08-07T17:30:54.648,11,left,10,11,21.5,True,
run_20260807_173028_599500,767,26,2026-08-07T17:30:54.648,12,left,11,12,22.0,True,
run_20260807_173028_599500,767,26,2026-08-07T17:30:54.648,1,right,0,1,22.0,True,
run_20260807_173028_599500,767,26,2026-08-07T17:30:54.648,2,right,1,2,22.5,True,
run_20260807_173028_599500,767,26,2026-08-07T17:30:54.648,3,right,2,3,22.428571428571445,True,
run_20260807_173028_599500,767,26,2026-08-07T17:30:54.648,4,right,3,4,22.071428571428555,True,
run_20260807_173028_599500,767,26,2026-08-07T17:30:54.648,5,right,4,5,22.5,True,
run_20260807_173028_599500,767,26,2026-08-07T17:30:54.648,6,right,5,6,44.0,True,
run_20260807_173028_599500,767,26,2026-08-07T17:30:54.648,7,right,6,7,22.0,True,
run_20260807_173028_599500,767,26,2026-08-07T17:30:54.648,8,right,7,8,22.071428571428555,True,
run_20260807_173028_599500,767,26,2026-08-07T17:30:54.648,9,right,8,9,21.428571428571445,True,
run_20260807_173028_599500,767,26,2026-08-07T17:30:54.648,10,right,9,10,22.0,True,
run_20260807_173028_599500,767,26,2026-08-07T17:30:54.648,11,right,10,11,,False,missing_tick_for_gap
run_20260807_173028_599500,767,26,2026-08-07T17:30:54.648,12,right,11,12,,False,missing_tick_for_gap
run_20260807_173028_599500,797,27,2026-08-07T17:30:55.651,1,left,0,1,22.0,True,
run_20260807_173028_599500,797,27,2026-08-07T17:30:55.651,2,left,1,2,22.0,True,
run_20260807_173028_599500,797,27,2026-08-07T17:30:55.651,3,left,2,3,22.5,True,
run_20260807_173028_599500,797,27,2026-08-07T17:30:55.651,4,left,3,4,22.07894736842104,True,
run_20260807_173028_599500,797,27,2026-08-07T17:30:55.651,5,left,4,5,22.42105263157896,True,
run_20260807_173028_599500,797,27,2026-08-07T17:30:55.651,6,left,5,6,22.5,True,
run_20260807_173028_599500,797,27,2026-08-07T17:30:55.651,7,left,6,7,22.0,True,
run_20260807_173028_599500,797,27,2026-08-07T17:30:55.651,8,left,7,8,22.0,True,
run_20260807_173028_599500,797,27,2026-08-07T17:30:55.651,9,left,8,9,22.0,True,
run_20260807_173028_599500,797,27,2026-08-07T17:30:55.651,10,left,9,10,22.0,True,
run_20260807_173028_599500,797,27,2026-08-07T17:30:55.651,11,left,10,11,21.5,True,
run_20260807_173028_599500,797,27,2026-08-07T17:30:55.651,12,left,11,12,21.5,True,
run_20260807_173028_599500,797,27,2026-08-07T17:30:55.651,1,right,0,1,22.5,True,
run_20260807_173028_599500,797,27,2026-08-07T17:30:55.651,2,right,1,2,22.0,True,
run_20260807_173028_599500,797,27,2026-08-07T17:30:55.651,3,right,2,3,22.5,True,
run_20260807_173028_599500,797,27,2026-08-07T17:30:55.651,4,right,3,4,22.0,True,
run_20260807_173028_599500,797,27,2026-08-07T17:30:55.651,5,right,4,5,22.5,True,
run_20260807_173028_599500,797,27,2026-08-07T17:30:55.651,6,right,5,6,44.5,True,
run_20260807_173028_599500,797,27,2026-08-07T17:30:55.651,7,right,6,7,21.75,True,
run_20260807_173028_599500,797,27,2026-08-07T17:30:55.651,8,right,7,8,21.75,True,
run_20260807_173028_599500,797,27,2026-08-07T17:30:55.651,9,right,8,9,22.0,True,
run_20260807_173028_599500,797,27,2026-08-07T17:30:55.651,10,right,9,10,21.5,True,
run_20260807_173028_599500,797,27,2026-08-07T17:30:55.651,11,right,10,11,23.5,True,
run_20260807_173028_599500,797,27,2026-08-07T17:30:55.651,12,right,11,12,,False,missing_tick_for_gap
run_20260807_173028_599500,828,28,2026-08-07T17:30:56.683,1,left,0,1,21.57894736842104,True,
run_20260807_173028_599500,828,28,2026-08-07T17:30:56.683,2,left,1,2,22.42105263157896,True,
run_20260807_173028_599500,828,28,2026-08-07T17:30:56.683,3,left,2,3,22.5,True,
run_20260807_173028_599500,828,28,2026-08-07T17:30:56.683,4,left,3,4,22.0,True,
run_20260807_173028_599500,828,28,2026-08-07T17:30:56.683,5,left,4,5,22.5,True,
run_20260807_173028_599500,828,28,2026-08-07T17:30:56.683,6,left,5,6,22.0,True,
run_20260807_173028_599500,828,28,2026-08-07T17:30:56.683,7,left,6,7,23.0,True,
run_20260807_173028_599500,828,28,2026-08-07T17:30:56.683,8,left,7,8,21.5,True,
run_20260807_173028_599500,828,28,2026-08-07T17:30:56.683,9,left,8,9,21.5,True,
run_20260807_173028_599500,828,28,2026-08-07T17:30:56.683,10,left,9,10,22.0,True,
run_20260807_173028_599500,828,28,2026-08-07T17:30:56.683,11,left,10,11,22.0,True,
run_20260807_173028_599500,828,28,2026-08-07T17:30:56.683,12,left,11,12,21.5,True,
run_20260807_173028_599500,828,28,2026-08-07T17:30:56.683,1,right,0,1,22.0,True,
run_20260807_173028_599500,828,28,2026-08-07T17:30:56.683,2,right,1,2,22.07894736842104,True,
run_20260807_173028_599500,828,28,2026-08-07T17:30:56.683,3,right,2,3,22.42105263157896,True,
run_20260807_173028_599500,828,28,2026-08-07T17:30:56.683,4,right,3,4,22.0,True,
run_20260807_173028_599500,828,28,2026-08-07T17:30:56.683,5,right,4,5,22.5,True,
run_20260807_173028_599500,828,28,2026-08-07T17:30:56.683,6,right,5,6,22.5,True,
run_20260807_173028_599500,828,28,2026-08-07T17:30:56.683,7,right,6,7,22.0,True,
run_20260807_173028_599500,828,28,2026-08-07T17:30:56.683,8,right,7,8,22.0,True,
run_20260807_173028_599500,828,28,2026-08-07T17:30:56.683,9,right,8,9,21.5,True,
run_20260807_173028_599500,828,28,2026-08-07T17:30:56.683,10,right,9,10,22.0,True,
run_20260807_173028_599500,828,28,2026-08-07T17:30:56.683,11,right,10,11,21.0,True,
run_20260807_173028_599500,828,28,2026-08-07T17:30:56.683,12,right,11,12,24.0,True,
run_20260807_173028_599500,859,29,2026-08-07T17:30:57.716,1,left,0,1,22.0,True,
run_20260807_173028_599500,859,29,2026-08-07T17:30:57.716,2,left,1,2,22.0,True,
run_20260807_173028_599500,859,29,2026-08-07T17:30:57.716,3,left,2,3,22.5,True,
run_20260807_173028_599500,859,29,2026-08-07T17:30:57.716,4,left,3,4,22.5,True,
run_20260807_173028_599500,859,29,2026-08-07T17:30:57.716,5,left,4,5,22.0,True,
run_20260807_173028_599500,859,29,2026-08-07T17:30:57.716,6,left,5,6,22.5,True,
run_20260807_173028_599500,859,29,2026-08-07T17:30:57.716,7,left,6,7,22.0,True,
run_20260807_173028_599500,859,29,2026-08-07T17:30:57.716,8,left,7,8,22.0,True,
run_20260807_173028_599500,859,29,2026-08-07T17:30:57.716,9,left,8,9,22.0,True,
run_20260807_173028_599500,859,29,2026-08-07T17:30:57.716,10,left,9,10,22.0,True,
run_20260807_173028_599500,859,29,2026-08-07T17:30:57.716,11,left,10,11,21.5,True,
run_20260807_173028_599500,859,29,2026-08-07T17:30:57.716,12,left,11,12,22.0,True,
run_20260807_173028_599500,859,29,2026-08-07T17:30:57.716,1,right,0,1,22.0,True,
run_20260807_173028_599500,859,29,2026-08-07T17:30:57.716,2,right,1,2,22.5,True,
run_20260807_173028_599500,859,29,2026-08-07T17:30:57.716,3,right,2,3,22.0,True,
run_20260807_173028_599500,859,29,2026-08-07T17:30:57.716,4,right,3,4,22.5,True,
run_20260807_173028_599500,859,29,2026-08-07T17:30:57.716,5,right,4,5,22.5,True,
run_20260807_173028_599500,859,29,2026-08-07T17:30:57.716,6,right,5,6,44.0,True,
run_20260807_173028_599500,859,29,2026-08-07T17:30:57.716,7,right,6,7,22.33333333333337,True,
run_20260807_173028_599500,859,29,2026-08-07T17:30:57.716,8,right,7,8,21.66666666666663,True,
run_20260807_173028_599500,859,29,2026-08-07T17:30:57.716,9,right,8,9,21.5,True,
run_20260807_173028_599500,859,29,2026-08-07T17:30:57.716,10,right,9,10,,False,missing_tick_for_gap
run_20260807_173028_599500,859,29,2026-08-07T17:30:57.716,11,right,10,11,,False,missing_tick_for_gap
run_20260807_173028_599500,859,29,2026-08-07T17:30:57.716,12,right,11,12,,False,missing_tick_for_gap
run_20260807_173028_599500,890,30,2026-08-07T17:30:58.746,1,left,0,1,22.0,True,
run_20260807_173028_599500,890,30,2026-08-07T17:30:58.746,2,left,1,2,22.0,True,
run_20260807_173028_599500,890,30,2026-08-07T17:30:58.746,3,left,2,3,22.5,True,
run_20260807_173028_599500,890,30,2026-08-07T17:30:58.746,4,left,3,4,22.5,True,
run_20260807_173028_599500,890,30,2026-08-07T17:30:58.746,5,left,4,5,22.0,True,
run_20260807_173028_599500,890,30,2026-08-07T17:30:58.746,6,left,5,6,22.5,True,
run_20260807_173028_599500,890,30,2026-08-07T17:30:58.746,7,left,6,7,22.0,True,
run_20260807_173028_599500,890,30,2026-08-07T17:30:58.746,8,left,7,8,22.0,True,
run_20260807_173028_599500,890,30,2026-08-07T17:30:58.746,9,left,8,9,22.0,True,
run_20260807_173028_599500,890,30,2026-08-07T17:30:58.746,10,left,9,10,21.5,True,
run_20260807_173028_599500,890,30,2026-08-07T17:30:58.746,11,left,10,11,22.0,True,
run_20260807_173028_599500,890,30,2026-08-07T17:30:58.746,12,left,11,12,,False,missing_tick_for_gap
run_20260807_173028_599500,890,30,2026-08-07T17:30:58.746,1,right,0,1,22.0,True,
run_20260807_173028_599500,890,30,2026-08-07T17:30:58.746,2,right,1,2,22.5,True,
run_20260807_173028_599500,890,30,2026-08-07T17:30:58.746,3,right,2,3,22.0,True,
run_20260807_173028_599500,890,30,2026-08-07T17:30:58.746,4,right,3,4,22.5,True,
run_20260807_173028_599500,890,30,2026-08-07T17:30:58.746,5,right,4,5,22.0,True,
run_20260807_173028_599500,890,30,2026-08-07T17:30:58.746,6,right,5,6,45.0,True,
run_20260807_173028_599500,890,30,2026-08-07T17:30:58.746,7,right,6,7,,False,missing_tick_for_gap
run_20260807_173028_599500,890,30,2026-08-07T17:30:58.746,8,right,7,8,,False,missing_tick_for_gap
run_20260807_173028_599500,890,30,2026-08-07T17:30:58.746,9,right,8,9,,False,missing_tick_for_gap
run_20260807_173028_599500,890,30,2026-08-07T17:30:58.746,10,right,9,10,,False,missing_tick_for_gap
run_20260807_173028_599500,890,30,2026-08-07T17:30:58.746,11,right,10,11,,False,missing_tick_for_gap
run_20260807_173028_599500,890,30,2026-08-07T17:30:58.746,12,right,11,12,,False,missing_tick_for_gap
run_20260807_173028_599500,920,31,2026-08-07T17:30:59.747,1,left,0,1,22.0,True,
run_20260807_173028_599500,920,31,2026-08-07T17:30:59.747,2,left,1,2,22.0,True,
run_20260807_173028_599500,920,31,2026-08-07T17:30:59.747,3,left,2,3,22.5,True,
run_20260807_173028_599500,920,31,2026-08-07T17:30:59.747,4,left,3,4,22.5,True,
run_20260807_173028_599500,920,31,2026-08-07T17:30:59.747,5,left,4,5,22.0,True,
run_20260807_173028_599500,920,31,2026-08-07T17:30:59.747,6,left,5,6,22.5,True,
run_20260807_173028_599500,920,31,2026-08-07T17:30:59.747,7,left,6,7,22.0,True,
run_20260807_173028_599500,920,31,2026-08-07T17:30:59.747,8,left,7,8,22.0,True,
run_20260807_173028_599500,920,31,2026-08-07T17:30:59.747,9,left,8,9,21.5,True,
run_20260807_173028_599500,920,31,2026-08-07T17:30:59.747,10,left,9,10,22.0,True,
run_20260807_173028_599500,920,31,2026-08-07T17:30:59.747,11,left,10,11,22.0,True,
run_20260807_173028_599500,920,31,2026-08-07T17:30:59.747,12,left,11,12,,False,missing_tick_for_gap
run_20260807_173028_599500,920,31,2026-08-07T17:30:59.747,1,right,0,1,22.0,True,
run_20260807_173028_599500,920,31,2026-08-07T17:30:59.747,2,right,1,2,22.5,True,
run_20260807_173028_599500,920,31,2026-08-07T17:30:59.747,3,right,2,3,22.0,True,
run_20260807_173028_599500,920,31,2026-08-07T17:30:59.747,4,right,3,4,22.5,True,
run_20260807_173028_599500,920,31,2026-08-07T17:30:59.747,5,right,4,5,22.0,True,
run_20260807_173028_599500,920,31,2026-08-07T17:30:59.747,6,right,5,6,45.0,True,
run_20260807_173028_599500,920,31,2026-08-07T17:30:59.747,7,right,6,7,,False,missing_tick_for_gap
run_20260807_173028_599500,920,31,2026-08-07T17:30:59.747,8,right,7,8,,False,missing_tick_for_gap
run_20260807_173028_599500,920,31,2026-08-07T17:30:59.747,9,right,8,9,,False,missing_tick_for_gap
run_20260807_173028_599500,920,31,2026-08-07T17:30:59.747,10,right,9,10,,False,missing_tick_for_gap
run_20260807_173028_599500,920,31,2026-08-07T17:30:59.747,11,right,10,11,,False,missing_tick_for_gap
run_20260807_173028_599500,920,31,2026-08-07T17:30:59.747,12,right,11,12,,False,missing_tick_for_gap
run_20260807_173028_599500,951,32,2026-08-07T17:31:00.779,1,left,0,1,22.0,True,
run_20260807_173028_599500,951,32,2026-08-07T17:31:00.779,2,left,1,2,22.0,True,
run_20260807_173028_599500,951,32,2026-08-07T17:31:00.779,3,left,2,3,22.42105263157896,True,
run_20260807_173028_599500,951,32,2026-08-07T17:31:00.779,4,left,3,4,22.57894736842104,True,
run_20260807_173028_599500,951,32,2026-08-07T17:31:00.779,5,left,4,5,22.0,True,
run_20260807_173028_599500,951,32,2026-08-07T17:31:00.779,6,left,5,6,22.5,True,
run_20260807_173028_599500,951,32,2026-08-07T17:31:00.779,7,left,6,7,22.0,True,
run_20260807_173028_599500,951,32,2026-08-07T17:31:00.779,8,left,7,8,22.0,True,
run_20260807_173028_599500,951,32,2026-08-07T17:31:00.779,9,left,8,9,21.5,True,
run_20260807_173028_599500,951,32,2026-08-07T17:31:00.779,10,left,9,10,22.0,True,
run_20260807_173028_599500,951,32,2026-08-07T17:31:00.779,11,left,10,11,22.0,True,
run_20260807_173028_599500,951,32,2026-08-07T17:31:00.779,12,left,11,12,,False,missing_tick_for_gap
run_20260807_173028_599500,951,32,2026-08-07T17:31:00.779,1,right,0,1,22.0,True,
run_20260807_173028_599500,951,32,2026-08-07T17:31:00.779,2,right,1,2,22.5,True,
run_20260807_173028_599500,951,32,2026-08-07T17:31:00.779,3,right,2,3,22.0,True,
run_20260807_173028_599500,951,32,2026-08-07T17:31:00.779,4,right,3,4,22.5,True,
run_20260807_173028_599500,951,32,2026-08-07T17:31:00.779,5,right,4,5,22.0,True,
run_20260807_173028_599500,951,32,2026-08-07T17:31:00.779,6,right,5,6,45.0,True,
run_20260807_173028_599500,951,32,2026-08-07T17:31:00.779,7,right,6,7,,False,missing_tick_for_gap
run_20260807_173028_599500,951,32,2026-08-07T17:31:00.779,8,right,7,8,,False,missing_tick_for_gap
run_20260807_173028_599500,951,32,2026-08-07T17:31:00.779,9,right,8,9,,False,missing_tick_for_gap
run_20260807_173028_599500,951,32,2026-08-07T17:31:00.779,10,right,9,10,,False,missing_tick_for_gap
run_20260807_173028_599500,951,32,2026-08-07T17:31:00.779,11,right,10,11,,False,missing_tick_for_gap
run_20260807_173028_599500,951,32,2026-08-07T17:31:00.779,12,right,11,12,,False,missing_tick_for_gap
run_20260807_173028_599500,981,33,2026-08-07T17:31:01.781,1,left,0,1,22.0,True,
run_20260807_173028_599500,981,33,2026-08-07T17:31:01.781,2,left,1,2,22.0,True,
run_20260807_173028_599500,981,33,2026-08-07T17:31:01.781,3,left,2,3,22.5,True,
run_20260807_173028_599500,981,33,2026-08-07T17:31:01.781,4,left,3,4,22.5,True,
run_20260807_173028_599500,981,33,2026-08-07T17:31:01.781,5,left,4,5,22.0,True,
run_20260807_173028_599500,981,33,2026-08-07T17:31:01.781,6,left,5,6,22.5,True,
run_20260807_173028_599500,981,33,2026-08-07T17:31:01.781,7,left,6,7,22.0,True,
run_20260807_173028_599500,981,33,2026-08-07T17:31:01.781,8,left,7,8,22.0,True,
run_20260807_173028_599500,981,33,2026-08-07T17:31:01.781,9,left,8,9,21.5,True,
run_20260807_173028_599500,981,33,2026-08-07T17:31:01.781,10,left,9,10,22.0,True,
run_20260807_173028_599500,981,33,2026-08-07T17:31:01.781,11,left,10,11,22.0,True,
run_20260807_173028_599500,981,33,2026-08-07T17:31:01.781,12,left,11,12,,False,missing_tick_for_gap
run_20260807_173028_599500,981,33,2026-08-07T17:31:01.781,1,right,0,1,22.0,True,
run_20260807_173028_599500,981,33,2026-08-07T17:31:01.781,2,right,1,2,22.5,True,
run_20260807_173028_599500,981,33,2026-08-07T17:31:01.781,3,right,2,3,22.0,True,
run_20260807_173028_599500,981,33,2026-08-07T17:31:01.781,4,right,3,4,22.5,True,
run_20260807_173028_599500,981,33,2026-08-07T17:31:01.781,5,right,4,5,22.0,True,
run_20260807_173028_599500,981,33,2026-08-07T17:31:01.781,6,right,5,6,45.0,True,
run_20260807_173028_599500,981,33,2026-08-07T17:31:01.781,7,right,6,7,,False,missing_tick_for_gap
run_20260807_173028_599500,981,33,2026-08-07T17:31:01.781,8,right,7,8,,False,missing_tick_for_gap
run_20260807_173028_599500,981,33,2026-08-07T17:31:01.781,9,right,8,9,,False,missing_tick_for_gap
run_20260807_173028_599500,981,33,2026-08-07T17:31:01.781,10,right,9,10,,False,missing_tick_for_gap
run_20260807_173028_599500,981,33,2026-08-07T17:31:01.781,11,right,10,11,,False,missing_tick_for_gap
run_20260807_173028_599500,981,33,2026-08-07T17:31:01.781,12,right,11,12,,False,missing_tick_for_gap
run_20260807_173028_599500,1012,34,2026-08-07T17:31:02.814,1,left,0,1,22.0,True,
run_20260807_173028_599500,1012,34,2026-08-07T17:31:02.814,2,left,1,2,22.0,True,
run_20260807_173028_599500,1012,34,2026-08-07T17:31:02.814,3,left,2,3,22.588235294117652,True,
run_20260807_173028_599500,1012,34,2026-08-07T17:31:02.814,4,left,3,4,22.411764705882348,True,
run_20260807_173028_599500,1012,34,2026-08-07T17:31:02.814,5,left,4,5,22.0,True,
run_20260807_173028_599500,1012,34,2026-08-07T17:31:02.814,6,left,5,6,22.5,True,
run_20260807_173028_599500,1012,34,2026-08-07T17:31:02.814,7,left,6,7,22.0,True,
run_20260807_173028_599500,1012,34,2026-08-07T17:31:02.814,8,left,7,8,22.0,True,
run_20260807_173028_599500,1012,34,2026-08-07T17:31:02.814,9,left,8,9,21.5,True,
run_20260807_173028_599500,1012,34,2026-08-07T17:31:02.814,10,left,9,10,22.0,True,
run_20260807_173028_599500,1012,34,2026-08-07T17:31:02.814,11,left,10,11,22.0,True,
run_20260807_173028_599500,1012,34,2026-08-07T17:31:02.814,12,left,11,12,,False,missing_tick_for_gap
run_20260807_173028_599500,1012,34,2026-08-07T17:31:02.814,1,right,0,1,22.0,True,
run_20260807_173028_599500,1012,34,2026-08-07T17:31:02.814,2,right,1,2,22.5,True,
run_20260807_173028_599500,1012,34,2026-08-07T17:31:02.814,3,right,2,3,22.0,True,
run_20260807_173028_599500,1012,34,2026-08-07T17:31:02.814,4,right,3,4,22.5,True,
run_20260807_173028_599500,1012,34,2026-08-07T17:31:02.814,5,right,4,5,22.0,True,
run_20260807_173028_599500,1012,34,2026-08-07T17:31:02.814,6,right,5,6,45.0,True,
run_20260807_173028_599500,1012,34,2026-08-07T17:31:02.814,7,right,6,7,,False,missing_tick_for_gap
run_20260807_173028_599500,1012,34,2026-08-07T17:31:02.814,8,right,7,8,,False,missing_tick_for_gap
run_20260807_173028_599500,1012,34,2026-08-07T17:31:02.814,9,right,8,9,,False,missing_tick_for_gap
run_20260807_173028_599500,1012,34,2026-08-07T17:31:02.814,10,right,9,10,,False,missing_tick_for_gap
run_20260807_173028_599500,1012,34,2026-08-07T17:31:02.814,11,right,10,11,,False,missing_tick_for_gap
run_20260807_173028_599500,1012,34,2026-08-07T17:31:02.814,12,right,11,12,,False,missing_tick_for_gap
run_20260807_173028_599500,1043,35,2026-08-07T17:31:03.845,1,left,0,1,22.0,True,
run_20260807_173028_599500,1043,35,2026-08-07T17:31:03.845,2,left,1,2,22.0,True,
run_20260807_173028_599500,1043,35,2026-08-07T17:31:03.845,3,left,2,3,22.5,True,
run_20260807_173028_599500,1043,35,2026-08-07T17:31:03.845,4,left,3,4,22.5,True,
run_20260807_173028_599500,1043,35,2026-08-07T17:31:03.845,5,left,4,5,22.0,True,
run_20260807_173028_599500,1043,35,2026-08-07T17:31:03.845,6,left,5,6,22.0,True,
run_20260807_173028_599500,1043,35,2026-08-07T17:31:03.845,7,left,6,7,22.5,True,
run_20260807_173028_599500,1043,35,2026-08-07T17:31:03.845,8,left,7,8,22.0,True,
run_20260807_173028_599500,1043,35,2026-08-07T17:31:03.845,9,left,8,9,22.0,True,
run_20260807_173028_599500,1043,35,2026-08-07T17:31:03.845,10,left,9,10,22.0,True,
run_20260807_173028_599500,1043,35,2026-08-07T17:31:03.845,11,left,10,11,21.5,True,
run_20260807_173028_599500,1043,35,2026-08-07T17:31:03.845,12,left,11,12,22.0,True,
run_20260807_173028_599500,1043,35,2026-08-07T17:31:03.845,1,right,0,1,22.0,True,
run_20260807_173028_599500,1043,35,2026-08-07T17:31:03.845,2,right,1,2,22.5,True,
run_20260807_173028_599500,1043,35,2026-08-07T17:31:03.845,3,right,2,3,22.0,True,
run_20260807_173028_599500,1043,35,2026-08-07T17:31:03.845,4,right,3,4,22.5,True,
run_20260807_173028_599500,1043,35,2026-08-07T17:31:03.845,5,right,4,5,22.5,True,
run_20260807_173028_599500,1043,35,2026-08-07T17:31:03.845,6,right,5,6,44.33333333333337,True,
run_20260807_173028_599500,1043,35,2026-08-07T17:31:03.845,7,right,6,7,22.16666666666663,True,
run_20260807_173028_599500,1043,35,2026-08-07T17:31:03.845,8,right,7,8,,False,missing_tick_for_gap
run_20260807_173028_599500,1043,35,2026-08-07T17:31:03.845,9,right,8,9,,False,missing_tick_for_gap
run_20260807_173028_599500,1043,35,2026-08-07T17:31:03.845,10,right,9,10,,False,missing_tick_for_gap
run_20260807_173028_599500,1043,35,2026-08-07T17:31:03.845,11,right,10,11,,False,missing_tick_for_gap
run_20260807_173028_599500,1043,35,2026-08-07T17:31:03.845,12,right,11,12,,False,missing_tick_for_gap
run_20260807_173028_599500,1073,36,2026-08-07T17:31:04.847,1,left,0,1,22.0,True,
run_20260807_173028_599500,1073,36,2026-08-07T17:31:04.847,2,left,1,2,22.0,True,
run_20260807_173028_599500,1073,36,2026-08-07T17:31:04.847,3,left,2,3,22.5,True,
run_20260807_173028_599500,1073,36,2026-08-07T17:31:04.847,4,left,3,4,22.5,True,
run_20260807_173028_599500,1073,36,2026-08-07T17:31:04.847,5,left,4,5,22.0,True,
run_20260807_173028_599500,1073,36,2026-08-07T17:31:04.847,6,left,5,6,22.5,True,
run_20260807_173028_599500,1073,36,2026-08-07T17:31:04.847,7,left,6,7,22.0,True,
run_20260807_173028_599500,1073,36,2026-08-07T17:31:04.847,8,left,7,8,22.0,True,
run_20260807_173028_599500,1073,36,2026-08-07T17:31:04.847,9,left,8,9,21.5,True,
run_20260807_173028_599500,1073,36,2026-08-07T17:31:04.847,10,left,9,10,22.0,True,
run_20260807_173028_599500,1073,36,2026-08-07T17:31:04.847,11,left,10,11,,False,missing_tick_for_gap
run_20260807_173028_599500,1073,36,2026-08-07T17:31:04.847,12,left,11,12,,False,missing_tick_for_gap
run_20260807_173028_599500,1073,36,2026-08-07T17:31:04.847,1,right,0,1,22.071428571428555,True,
run_20260807_173028_599500,1073,36,2026-08-07T17:31:04.847,2,right,1,2,22.428571428571445,True,
run_20260807_173028_599500,1073,36,2026-08-07T17:31:04.847,3,right,2,3,22.5,True,
run_20260807_173028_599500,1073,36,2026-08-07T17:31:04.847,4,right,3,4,22.0,True,
run_20260807_173028_599500,1073,36,2026-08-07T17:31:04.847,5,right,4,5,67.0,True,
run_20260807_173028_599500,1073,36,2026-08-07T17:31:04.847,6,right,5,6,,False,missing_tick_for_gap
run_20260807_173028_599500,1073,36,2026-08-07T17:31:04.847,7,right,6,7,,False,missing_tick_for_gap
run_20260807_173028_599500,1073,36,2026-08-07T17:31:04.847,8,right,7,8,,False,missing_tick_for_gap
run_20260807_173028_599500,1073,36,2026-08-07T17:31:04.847,9,right,8,9,,False,missing_tick_for_gap
run_20260807_173028_599500,1073,36,2026-08-07T17:31:04.847,10,right,9,10,,False,missing_tick_for_gap
run_20260807_173028_599500,1073,36,2026-08-07T17:31:04.847,11,right,10,11,,False,missing_tick_for_gap
run_20260807_173028_599500,1073,36,2026-08-07T17:31:04.847,12,right,11,12,,False,missing_tick_for_gap
run_20260807_173028_599500,1104,37,2026-08-07T17:31:05.880,1,left,0,1,22.0,True,
run_20260807_173028_599500,1104,37,2026-08-07T17:31:05.880,2,left,1,2,22.0,True,
run_20260807_173028_599500,1104,37,2026-08-07T17:31:05.880,3,left,2,3,22.5,True,
run_20260807_173028_599500,1104,37,2026-08-07T17:31:05.880,4,left,3,4,22.264705882352928,True,
run_20260807_173028_599500,1104,37,2026-08-07T17:31:05.880,5,left,4,5,22.235294117647072,True,
run_20260807_173028_599500,1104,37,2026-08-07T17:31:05.880,6,left,5,6,22.0,True,
run_20260807_173028_599500,1104,37,2026-08-07T17:31:05.880,7,left,6,7,22.5,True,
run_20260807_173028_599500,1104,37,2026-08-07T17:31:05.880,8,left,7,8,22.0,True,
run_20260807_173028_599500,1104,37,2026-08-07T17:31:05.880,9,left,8,9,22.0,True,
run_20260807_173028_599500,1104,37,2026-08-07T17:31:05.880,10,left,9,10,22.0,True,
run_20260807_173028_599500,1104,37,2026-08-07T17:31:05.880,11,left,10,11,21.333333333333332,True,
run_20260807_173028_599500,1104,37,2026-08-07T17:31:05.880,12,left,11,12,21.666666666666668,True,
run_20260807_173028_599500,1104,37,2026-08-07T17:31:05.880,1,right,0,1,22.5,True,
run_20260807_173028_599500,1104,37,2026-08-07T17:31:05.880,2,right,1,2,22.0,True,
run_20260807_173028_599500,1104,37,2026-08-07T17:31:05.880,3,right,2,3,22.25,True,
run_20260807_173028_599500,1104,37,2026-08-07T17:31:05.880,4,right,3,4,22.75,True,
run_20260807_173028_599500,1104,37,2026-08-07T17:31:05.880,5,right,4,5,22.0,True,
run_20260807_173028_599500,1104,37,2026-08-07T17:31:05.880,6,right,5,6,44.0,True,
run_20260807_173028_599500,1104,37,2026-08-07T17:31:05.880,7,right,6,7,22.5,True,
run_20260807_173028_599500,1104,37,2026-08-07T17:31:05.880,8,right,7,8,43.0,True,
run_20260807_173028_599500,1104,37,2026-08-07T17:31:05.880,9,right,8,9,22.0,True,
run_20260807_173028_599500,1104,37,2026-08-07T17:31:05.880,10,right,9,10,,False,missing_tick_for_gap
run_20260807_173028_599500,1104,37,2026-08-07T17:31:05.880,11,right,10,11,,False,missing_tick_for_gap
run_20260807_173028_599500,1104,37,2026-08-07T17:31:05.880,12,right,11,12,,False,missing_tick_for_gap
run_20260807_173028_599500,1135,38,2026-08-07T17:31:06.912,1,left,0,1,22.07894736842104,True,
run_20260807_173028_599500,1135,38,2026-08-07T17:31:06.912,2,left,1,2,22.42105263157896,True,
run_20260807_173028_599500,1135,38,2026-08-07T17:31:06.912,3,left,2,3,22.5,True,
run_20260807_173028_599500,1135,38,2026-08-07T17:31:06.912,4,left,3,4,22.0,True,
run_20260807_173028_599500,1135,38,2026-08-07T17:31:06.912,5,left,4,5,22.5,True,
run_20260807_173028_599500,1135,38,2026-08-07T17:31:06.912,6,left,5,6,22.5,True,
run_20260807_173028_599500,1135,38,2026-08-07T17:31:06.912,7,left,6,7,22.0,True,
run_20260807_173028_599500,1135,38,2026-08-07T17:31:06.912,8,left,7,8,22.0,True,
run_20260807_173028_599500,1135,38,2026-08-07T17:31:06.912,9,left,8,9,22.0,True,
run_20260807_173028_599500,1135,38,2026-08-07T17:31:06.912,10,left,9,10,21.5,True,
run_20260807_173028_599500,1135,38,2026-08-07T17:31:06.912,11,left,10,11,22.0,True,
run_20260807_173028_599500,1135,38,2026-08-07T17:31:06.912,12,left,11,12,21.5,True,
run_20260807_173028_599500,1135,38,2026-08-07T17:31:06.912,1,right,0,1,22.0,True,
run_20260807_173028_599500,1135,38,2026-08-07T17:31:06.912,2,right,1,2,22.0,True,
run_20260807_173028_599500,1135,38,2026-08-07T17:31:06.912,3,right,2,3,22.5,True,
run_20260807_173028_599500,1135,38,2026-08-07T17:31:06.912,4,right,3,4,22.0,True,
run_20260807_173028_599500,1135,38,2026-08-07T17:31:06.912,5,right,4,5,22.5,True,
run_20260807_173028_599500,1135,38,2026-08-07T17:31:06.912,6,right,5,6,22.5,True,
run_20260807_173028_599500,1135,38,2026-08-07T17:31:06.912,7,right,6,7,22.0,True,
run_20260807_173028_599500,1135,38,2026-08-07T17:31:06.912,8,right,7,8,21.5,True,
run_20260807_173028_599500,1135,38,2026-08-07T17:31:06.912,9,right,8,9,22.0,True,
run_20260807_173028_599500,1135,38,2026-08-07T17:31:06.912,10,right,9,10,22.0,True,
run_20260807_173028_599500,1135,38,2026-08-07T17:31:06.912,11,right,10,11,21.5,True,
run_20260807_173028_599500,1135,38,2026-08-07T17:31:06.912,12,right,11,12,21.5,True,
run_20260807_173028_599500,1165,39,2026-08-07T17:31:07.913,1,left,0,1,22.07894736842104,True,
run_20260807_173028_599500,1165,39,2026-08-07T17:31:07.913,2,left,1,2,22.42105263157896,True,
run_20260807_173028_599500,1165,39,2026-08-07T17:31:07.913,3,left,2,3,22.5,True,
run_20260807_173028_599500,1165,39,2026-08-07T17:31:07.913,4,left,3,4,22.0,True,
run_20260807_173028_599500,1165,39,2026-08-07T17:31:07.913,5,left,4,5,22.5,True,
run_20260807_173028_599500,1165,39,2026-08-07T17:31:07.913,6,left,5,6,22.5,True,
run_20260807_173028_599500,1165,39,2026-08-07T17:31:07.913,7,left,6,7,22.0,True,
run_20260807_173028_599500,1165,39,2026-08-07T17:31:07.913,8,left,7,8,22.0,True,
run_20260807_173028_599500,1165,39,2026-08-07T17:31:07.913,9,left,8,9,22.0,True,
run_20260807_173028_599500,1165,39,2026-08-07T17:31:07.913,10,left,9,10,21.75,True,
run_20260807_173028_599500,1165,39,2026-08-07T17:31:07.913,11,left,10,11,21.75,True,
run_20260807_173028_599500,1165,39,2026-08-07T17:31:07.913,12,left,11,12,21.5,True,
run_20260807_173028_599500,1165,39,2026-08-07T17:31:07.913,1,right,0,1,22.0,True,
run_20260807_173028_599500,1165,39,2026-08-07T17:31:07.913,2,right,1,2,22.0,True,
run_20260807_173028_599500,1165,39,2026-08-07T17:31:07.913,3,right,2,3,22.5,True,
run_20260807_173028_599500,1165,39,2026-08-07T17:31:07.913,4,right,3,4,22.0,True,
run_20260807_173028_599500,1165,39,2026-08-07T17:31:07.913,5,right,4,5,22.5,True,
run_20260807_173028_599500,1165,39,2026-08-07T17:31:07.913,6,right,5,6,22.5,True,
run_20260807_173028_599500,1165,39,2026-08-07T17:31:07.913,7,right,6,7,22.0,True,
run_20260807_173028_599500,1165,39,2026-08-07T17:31:07.913,8,right,7,8,21.5,True,
run_20260807_173028_599500,1165,39,2026-08-07T17:31:07.913,9,right,8,9,22.0,True,
run_20260807_173028_599500,1165,39,2026-08-07T17:31:07.913,10,right,9,10,22.0,True,
run_20260807_173028_599500,1165,39,2026-08-07T17:31:07.913,11,right,10,11,21.5,True,
run_20260807_173028_599500,1165,39,2026-08-07T17:31:07.913,12,right,11,12,21.5,True,
run_20260807_173028_599500,1196,40,2026-08-07T17:31:08.947,1,left,0,1,22.0,True,
run_20260807_173028_599500,1196,40,2026-08-07T17:31:08.947,2,left,1,2,22.5,True,
run_20260807_173028_599500,1196,40,2026-08-07T17:31:08.947,3,left,2,3,22.5,True,
run_20260807_173028_599500,1196,40,2026-08-07T17:31:08.947,4,left,3,4,22.0,True,
run_20260807_173028_599500,1196,40,2026-08-07T17:31:08.947,5,left,4,5,22.5,True,
run_20260807_173028_599500,1196,40,2026-08-07T17:31:08.947,6,left,5,6,22.5,True,
run_20260807_173028_599500,1196,40,2026-08-07T17:31:08.947,7,left,6,7,22.0,True,
run_20260807_173028_599500,1196,40,2026-08-07T17:31:08.947,8,left,7,8,22.0,True,
run_20260807_173028_599500,1196,40,2026-08-07T17:31:08.947,9,left,8,9,22.0,True,
run_20260807_173028_599500,1196,40,2026-08-07T17:31:08.947,10,left,9,10,21.5,True,
run_20260807_173028_599500,1196,40,2026-08-07T17:31:08.947,11,left,10,11,22.0,True,
run_20260807_173028_599500,1196,40,2026-08-07T17:31:08.947,12,left,11,12,21.5,True,
run_20260807_173028_599500,1196,40,2026-08-07T17:31:08.947,1,right,0,1,22.0,True,
run_20260807_173028_599500,1196,40,2026-08-07T17:31:08.947,2,right,1,2,22.0,True,
run_20260807_173028_599500,1196,40,2026-08-07T17:31:08.947,3,right,2,3,22.5,True,
run_20260807_173028_599500,1196,40,2026-08-07T17:31:08.947,4,right,3,4,22.0,True,
run_20260807_173028_599500,1196,40,2026-08-07T17:31:08.947,5,right,4,5,22.5,True,
run_20260807_173028_599500,1196,40,2026-08-07T17:31:08.947,6,right,5,6,22.5,True,
run_20260807_173028_599500,1196,40,2026-08-07T17:31:08.947,7,right,6,7,22.0,True,
run_20260807_173028_599500,1196,40,2026-08-07T17:31:08.947,8,right,7,8,21.5,True,
run_20260807_173028_599500,1196,40,2026-08-07T17:31:08.947,9,right,8,9,22.0,True,
run_20260807_173028_599500,1196,40,2026-08-07T17:31:08.947,10,right,9,10,22.0,True,
run_20260807_173028_599500,1196,40,2026-08-07T17:31:08.947,11,right,10,11,21.5,True,
run_20260807_173028_599500,1196,40,2026-08-07T17:31:08.947,12,right,11,12,21.5,True,
run_20260807_173028_599500,1226,41,2026-08-07T17:31:09.949,1,left,0,1,22.0,True,
run_20260807_173028_599500,1226,41,2026-08-07T17:31:09.949,2,left,1,2,22.5,True,
run_20260807_173028_599500,1226,41,2026-08-07T17:31:09.949,3,left,2,3,22.5,True,
run_20260807_173028_599500,1226,41,2026-08-07T17:31:09.949,4,left,3,4,22.0,True,
run_20260807_173028_599500,1226,41,2026-08-07T17:31:09.949,5,left,4,5,22.5,True,
run_20260807_173028_599500,1226,41,2026-08-07T17:31:09.949,6,left,5,6,22.5,True,
run_20260807_173028_599500,1226,41,2026-08-07T17:31:09.949,7,left,6,7,22.0,True,
run_20260807_173028_599500,1226,41,2026-08-07T17:31:09.949,8,left,7,8,22.0,True,
run_20260807_173028_599500,1226,41,2026-08-07T17:31:09.949,9,left,8,9,22.0,True,
run_20260807_173028_599500,1226,41,2026-08-07T17:31:09.949,10,left,9,10,21.5,True,
run_20260807_173028_599500,1226,41,2026-08-07T17:31:09.949,11,left,10,11,22.0,True,
run_20260807_173028_599500,1226,41,2026-08-07T17:31:09.949,12,left,11,12,21.5,True,
run_20260807_173028_599500,1226,41,2026-08-07T17:31:09.949,1,right,0,1,22.0,True,
run_20260807_173028_599500,1226,41,2026-08-07T17:31:09.949,2,right,1,2,22.07894736842104,True,
run_20260807_173028_599500,1226,41,2026-08-07T17:31:09.949,3,right,2,3,22.42105263157896,True,
run_20260807_173028_599500,1226,41,2026-08-07T17:31:09.949,4,right,3,4,22.0,True,
run_20260807_173028_599500,1226,41,2026-08-07T17:31:09.949,5,right,4,5,22.5,True,
run_20260807_173028_599500,1226,41,2026-08-07T17:31:09.949,6,right,5,6,22.5,True,
run_20260807_173028_599500,1226,41,2026-08-07T17:31:09.949,7,right,6,7,22.0,True,
run_20260807_173028_599500,1226,41,2026-08-07T17:31:09.949,8,right,7,8,21.5,True,
run_20260807_173028_599500,1226,41,2026-08-07T17:31:09.949,9,right,8,9,22.0,True,
run_20260807_173028_599500,1226,41,2026-08-07T17:31:09.949,10,right,9,10,22.0,True,
run_20260807_173028_599500,1226,41,2026-08-07T17:31:09.949,11,right,10,11,21.5,True,
run_20260807_173028_599500,1226,41,2026-08-07T17:31:09.949,12,right,11,12,21.5,True,
run_20260807_173028_599500,1257,42,2026-08-07T17:31:10.980,1,left,0,1,22.07894736842104,True,
run_20260807_173028_599500,1257,42,2026-08-07T17:31:10.980,2,left,1,2,22.42105263157896,True,
run_20260807_173028_599500,1257,42,2026-08-07T17:31:10.980,3,left,2,3,22.5,True,
run_20260807_173028_599500,1257,42,2026-08-07T17:31:10.980,4,left,3,4,22.0,True,
run_20260807_173028_599500,1257,42,2026-08-07T17:31:10.980,5,left,4,5,22.67391304347825,True,
run_20260807_173028_599500,1257,42,2026-08-07T17:31:10.980,6,left,5,6,22.32608695652175,True,
run_20260807_173028_599500,1257,42,2026-08-07T17:31:10.980,7,left,6,7,22.0,True,
run_20260807_173028_599500,1257,42,2026-08-07T17:31:10.980,8,left,7,8,22.0,True,
run_20260807_173028_599500,1257,42,2026-08-07T17:31:10.980,9,left,8,9,22.0,True,
run_20260807_173028_599500,1257,42,2026-08-07T17:31:10.980,10,left,9,10,21.5,True,
run_20260807_173028_599500,1257,42,2026-08-07T17:31:10.980,11,left,10,11,22.0,True,
run_20260807_173028_599500,1257,42,2026-08-07T17:31:10.980,12,left,11,12,21.5,True,
run_20260807_173028_599500,1257,42,2026-08-07T17:31:10.980,1,right,0,1,22.0,True,
run_20260807_173028_599500,1257,42,2026-08-07T17:31:10.980,2,right,1,2,22.0,True,
run_20260807_173028_599500,1257,42,2026-08-07T17:31:10.980,3,right,2,3,22.5,True,
run_20260807_173028_599500,1257,42,2026-08-07T17:31:10.980,4,right,3,4,22.0,True,
run_20260807_173028_599500,1257,42,2026-08-07T17:31:10.980,5,right,4,5,22.5,True,
run_20260807_173028_599500,1257,42,2026-08-07T17:31:10.980,6,right,5,6,22.5,True,
run_20260807_173028_599500,1257,42,2026-08-07T17:31:10.980,7,right,6,7,22.0,True,
run_20260807_173028_599500,1257,42,2026-08-07T17:31:10.980,8,right,7,8,21.5,True,
run_20260807_173028_599500,1257,42,2026-08-07T17:31:10.980,9,right,8,9,22.0,True,
run_20260807_173028_599500,1257,42,2026-08-07T17:31:10.980,10,right,9,10,22.0,True,
run_20260807_173028_599500,1257,42,2026-08-07T17:31:10.980,11,right,10,11,21.5,True,
run_20260807_173028_599500,1257,42,2026-08-07T17:31:10.980,12,right,11,12,21.5,True,
run_20260807_173028_599500,1288,43,2026-08-07T17:31:12.013,1,left,0,1,21.92105263157896,True,
run_20260807_173028_599500,1288,43,2026-08-07T17:31:12.013,2,left,1,2,22.5,True,
run_20260807_173028_599500,1288,43,2026-08-07T17:31:12.013,3,left,2,3,22.5,True,
run_20260807_173028_599500,1288,43,2026-08-07T17:31:12.013,4,left,3,4,22.0,True,
run_20260807_173028_599500,1288,43,2026-08-07T17:31:12.013,5,left,4,5,22.583333333333343,True,
run_20260807_173028_599500,1288,43,2026-08-07T17:31:12.013,6,left,5,6,22.416666666666657,True,
run_20260807_173028_599500,1288,43,2026-08-07T17:31:12.013,7,left,6,7,22.0,True,
run_20260807_173028_599500,1288,43,2026-08-07T17:31:12.013,8,left,7,8,22.0,True,
run_20260807_173028_599500,1288,43,2026-08-07T17:31:12.013,9,left,8,9,22.0,True,
run_20260807_173028_599500,1288,43,2026-08-07T17:31:12.013,10,left,9,10,21.5,True,
run_20260807_173028_599500,1288,43,2026-08-07T17:31:12.013,11,left,10,11,22.0,True,
run_20260807_173028_599500,1288,43,2026-08-07T17:31:12.013,12,left,11,12,21.5,True,
run_20260807_173028_599500,1288,43,2026-08-07T17:31:12.013,1,right,0,1,22.0,True,
run_20260807_173028_599500,1288,43,2026-08-07T17:31:12.013,2,right,1,2,22.07894736842104,True,
run_20260807_173028_599500,1288,43,2026-08-07T17:31:12.013,3,right,2,3,22.42105263157896,True,
run_20260807_173028_599500,1288,43,2026-08-07T17:31:12.013,4,right,3,4,22.0,True,
run_20260807_173028_599500,1288,43,2026-08-07T17:31:12.013,5,right,4,5,22.5,True,
run_20260807_173028_599500,1288,43,2026-08-07T17:31:12.013,6,right,5,6,22.5,True,
run_20260807_173028_599500,1288,43,2026-08-07T17:31:12.013,7,right,6,7,22.0,True,
run_20260807_173028_599500,1288,43,2026-08-07T17:31:12.013,8,right,7,8,21.5,True,
run_20260807_173028_599500,1288,43,2026-08-07T17:31:12.013,9,right,8,9,22.0,True,
run_20260807_173028_599500,1288,43,2026-08-07T17:31:12.013,10,right,9,10,22.0,True,
run_20260807_173028_599500,1288,43,2026-08-07T17:31:12.013,11,right,10,11,21.125,True,
run_20260807_173028_599500,1288,43,2026-08-07T17:31:12.013,12,right,11,12,21.875,True,
run_20260807_173028_599500,1319,44,2026-08-07T17:31:13.045,1,left,0,1,22.0,True,
run_20260807_173028_599500,1319,44,2026-08-07T17:31:13.045,2,left,1,2,22.5,True,
run_20260807_173028_599500,1319,44,2026-08-07T17:31:13.045,3,left,2,3,22.5,True,
run_20260807_173028_599500,1319,44,2026-08-07T17:31:13.045,4,left,3,4,22.0,True,
run_20260807_173028_599500,1319,44,2026-08-07T17:31:13.045,5,left,4,5,22.5,True,
run_20260807_173028_599500,1319,44,2026-08-07T17:31:13.045,6,left,5,6,22.5,True,
run_20260807_173028_599500,1319,44,2026-08-07T17:31:13.045,7,left,6,7,22.0,True,
run_20260807_173028_599500,1319,44,2026-08-07T17:31:13.045,8,left,7,8,22.0,True,
run_20260807_173028_599500,1319,44,2026-08-07T17:31:13.045,9,left,8,9,22.0,True,
run_20260807_173028_599500,1319,44,2026-08-07T17:31:13.045,10,left,9,10,21.5,True,
run_20260807_173028_599500,1319,44,2026-08-07T17:31:13.045,11,left,10,11,22.0,True,
run_20260807_173028_599500,1319,44,2026-08-07T17:31:13.045,12,left,11,12,21.5,True,
run_20260807_173028_599500,1319,44,2026-08-07T17:31:13.045,1,right,0,1,22.0,True,
run_20260807_173028_599500,1319,44,2026-08-07T17:31:13.045,2,right,1,2,22.07894736842104,True,
run_20260807_173028_599500,1319,44,2026-08-07T17:31:13.045,3,right,2,3,22.42105263157896,True,
run_20260807_173028_599500,1319,44,2026-08-07T17:31:13.045,4,right,3,4,22.0,True,
run_20260807_173028_599500,1319,44,2026-08-07T17:31:13.045,5,right,4,5,22.5,True,
run_20260807_173028_599500,1319,44,2026-08-07T17:31:13.045,6,right,5,6,22.5,True,
run_20260807_173028_599500,1319,44,2026-08-07T17:31:13.045,7,right,6,7,22.0,True,
run_20260807_173028_599500,1319,44,2026-08-07T17:31:13.045,8,right,7,8,21.5,True,
run_20260807_173028_599500,1319,44,2026-08-07T17:31:13.045,9,right,8,9,22.0,True,
run_20260807_173028_599500,1319,44,2026-08-07T17:31:13.045,10,right,9,10,22.0,True,
run_20260807_173028_599500,1319,44,2026-08-07T17:31:13.045,11,right,10,11,21.5,True,
run_20260807_173028_599500,1319,44,2026-08-07T17:31:13.045,12,right,11,12,21.5,True,
run_20260807_173028_599500,1349,45,2026-08-07T17:31:14.047,1,left,0,1,22.0,True,
run_20260807_173028_599500,1349,45,2026-08-07T17:31:14.047,2,left,1,2,22.5,True,
run_20260807_173028_599500,1349,45,2026-08-07T17:31:14.047,3,left,2,3,22.5,True,
run_20260807_173028_599500,1349,45,2026-08-07T17:31:14.047,4,left,3,4,22.0,True,
run_20260807_173028_599500,1349,45,2026-08-07T17:31:14.047,5,left,4,5,22.5,True,
run_20260807_173028_599500,1349,45,2026-08-07T17:31:14.047,6,left,5,6,22.5,True,
run_20260807_173028_599500,1349,45,2026-08-07T17:31:14.047,7,left,6,7,22.0,True,
run_20260807_173028_599500,1349,45,2026-08-07T17:31:14.047,8,left,7,8,22.0,True,
run_20260807_173028_599500,1349,45,2026-08-07T17:31:14.047,9,left,8,9,22.0,True,
run_20260807_173028_599500,1349,45,2026-08-07T17:31:14.047,10,left,9,10,21.75,True,
run_20260807_173028_599500,1349,45,2026-08-07T17:31:14.047,11,left,10,11,21.75,True,
run_20260807_173028_599500,1349,45,2026-08-07T17:31:14.047,12,left,11,12,21.5,True,
run_20260807_173028_599500,1349,45,2026-08-07T17:31:14.047,1,right,0,1,22.0,True,
run_20260807_173028_599500,1349,45,2026-08-07T17:31:14.047,2,right,1,2,22.07894736842104,True,
run_20260807_173028_599500,1349,45,2026-08-07T17:31:14.047,3,right,2,3,22.42105263157896,True,
run_20260807_173028_599500,1349,45,2026-08-07T17:31:14.047,4,right,3,4,22.0,True,
run_20260807_173028_599500,1349,45,2026-08-07T17:31:14.047,5,right,4,5,22.5,True,
run_20260807_173028_599500,1349,45,2026-08-07T17:31:14.047,6,right,5,6,22.5,True,
run_20260807_173028_599500,1349,45,2026-08-07T17:31:14.047,7,right,6,7,22.0,True,
run_20260807_173028_599500,1349,45,2026-08-07T17:31:14.047,8,right,7,8,21.5,True,
run_20260807_173028_599500,1349,45,2026-08-07T17:31:14.047,9,right,8,9,22.0,True,
run_20260807_173028_599500,1349,45,2026-08-07T17:31:14.047,10,right,9,10,22.0,True,
run_20260807_173028_599500,1349,45,2026-08-07T17:31:14.047,11,right,10,11,21.5,True,
run_20260807_173028_599500,1349,45,2026-08-07T17:31:14.047,12,right,11,12,21.5,True,
run_20260807_173028_599500,1380,46,2026-08-07T17:31:15.080,1,left,0,1,22.0,True,
run_20260807_173028_599500,1380,46,2026-08-07T17:31:15.080,2,left,1,2,22.5,True,
run_20260807_173028_599500,1380,46,2026-08-07T17:31:15.080,3,left,2,3,22.5,True,
run_20260807_173028_599500,1380,46,2026-08-07T17:31:15.080,4,left,3,4,22.0,True,
run_20260807_173028_599500,1380,46,2026-08-07T17:31:15.080,5,left,4,5,22.583333333333343,True,
run_20260807_173028_599500,1380,46,2026-08-07T17:31:15.080,6,left,5,6,22.416666666666657,True,
run_20260807_173028_599500,1380,46,2026-08-07T17:31:15.080,7,left,6,7,22.0,True,
run_20260807_173028_599500,1380,46,2026-08-07T17:31:15.080,8,left,7,8,22.0,True,
run_20260807_173028_599500,1380,46,2026-08-07T17:31:15.080,9,left,8,9,22.0,True,
run_20260807_173028_599500,1380,46,2026-08-07T17:31:15.080,10,left,9,10,21.5,True,
run_20260807_173028_599500,1380,46,2026-08-07T17:31:15.080,11,left,10,11,22.0,True,
run_20260807_173028_599500,1380,46,2026-08-07T17:31:15.080,12,left,11,12,21.5,True,
run_20260807_173028_599500,1380,46,2026-08-07T17:31:15.080,1,right,0,1,22.0,True,
run_20260807_173028_599500,1380,46,2026-08-07T17:31:15.080,2,right,1,2,22.07894736842104,True,
run_20260807_173028_599500,1380,46,2026-08-07T17:31:15.080,3,right,2,3,22.42105263157896,True,
run_20260807_173028_599500,1380,46,2026-08-07T17:31:15.080,4,right,3,4,22.0,True,
run_20260807_173028_599500,1380,46,2026-08-07T17:31:15.080,5,right,4,5,22.5,True,
run_20260807_173028_599500,1380,46,2026-08-07T17:31:15.080,6,right,5,6,22.5,True,
run_20260807_173028_599500,1380,46,2026-08-07T17:31:15.080,7,right,6,7,22.0,True,
run_20260807_173028_599500,1380,46,2026-08-07T17:31:15.080,8,right,7,8,21.5,True,
run_20260807_173028_599500,1380,46,2026-08-07T17:31:15.080,9,right,8,9,22.0,True,
run_20260807_173028_599500,1380,46,2026-08-07T17:31:15.080,10,right,9,10,22.0,True,
run_20260807_173028_599500,1380,46,2026-08-07T17:31:15.080,11,right,10,11,21.5,True,
run_20260807_173028_599500,1380,46,2026-08-07T17:31:15.080,12,right,11,12,21.5,True,
run_20260807_173028_599500,1411,47,2026-08-07T17:31:16.112,1,left,0,1,21.5,True,
run_20260807_173028_599500,1411,47,2026-08-07T17:31:16.112,2,left,1,2,22.5,True,
run_20260807_173028_599500,1411,47,2026-08-07T17:31:16.112,3,left,2,3,22.5,True,
run_20260807_173028_599500,1411,47,2026-08-07T17:31:16.112,4,left,3,4,22.0,True,
run_20260807_173028_599500,1411,47,2026-08-07T17:31:16.112,5,left,4,5,22.583333333333343,True,
run_20260807_173028_599500,1411,47,2026-08-07T17:31:16.112,6,left,5,6,22.416666666666657,True,
run_20260807_173028_599500,1411,47,2026-08-07T17:31:16.112,7,left,6,7,22.0,True,
run_20260807_173028_599500,1411,47,2026-08-07T17:31:16.112,8,left,7,8,22.0,True,
run_20260807_173028_599500,1411,47,2026-08-07T17:31:16.112,9,left,8,9,22.0,True,
run_20260807_173028_599500,1411,47,2026-08-07T17:31:16.112,10,left,9,10,21.5,True,
run_20260807_173028_599500,1411,47,2026-08-07T17:31:16.112,11,left,10,11,22.0,True,
run_20260807_173028_599500,1411,47,2026-08-07T17:31:16.112,12,left,11,12,21.5,True,
run_20260807_173028_599500,1411,47,2026-08-07T17:31:16.112,1,right,0,1,22.0,True,
run_20260807_173028_599500,1411,47,2026-08-07T17:31:16.112,2,right,1,2,22.07894736842104,True,
run_20260807_173028_599500,1411,47,2026-08-07T17:31:16.112,3,right,2,3,22.42105263157896,True,
run_20260807_173028_599500,1411,47,2026-08-07T17:31:16.112,4,right,3,4,22.0,True,
run_20260807_173028_599500,1411,47,2026-08-07T17:31:16.112,5,right,4,5,22.5,True,
run_20260807_173028_599500,1411,47,2026-08-07T17:31:16.112,6,right,5,6,22.5,True,
run_20260807_173028_599500,1411,47,2026-08-07T17:31:16.112,7,right,6,7,22.0,True,
run_20260807_173028_599500,1411,47,2026-08-07T17:31:16.112,8,right,7,8,21.5,True,
run_20260807_173028_599500,1411,47,2026-08-07T17:31:16.112,9,right,8,9,22.0,True,
run_20260807_173028_599500,1411,47,2026-08-07T17:31:16.112,10,right,9,10,22.0,True,
run_20260807_173028_599500,1411,47,2026-08-07T17:31:16.112,11,right,10,11,21.5,True,
run_20260807_173028_599500,1411,47,2026-08-07T17:31:16.112,12,right,11,12,21.5,True,
run_20260807_173028_599500,1441,48,2026-08-07T17:31:17.113,1,left,0,1,22.0,True,
run_20260807_173028_599500,1441,48,2026-08-07T17:31:17.113,2,left,1,2,22.5,True,
run_20260807_173028_599500,1441,48,2026-08-07T17:31:17.113,3,left,2,3,22.5,True,
run_20260807_173028_599500,1441,48,2026-08-07T17:31:17.113,4,left,3,4,22.0,True,
run_20260807_173028_599500,1441,48,2026-08-07T17:31:17.113,5,left,4,5,22.5,True,
run_20260807_173028_599500,1441,48,2026-08-07T17:31:17.113,6,left,5,6,22.5,True,
run_20260807_173028_599500,1441,48,2026-08-07T17:31:17.113,7,left,6,7,22.0,True,
run_20260807_173028_599500,1441,48,2026-08-07T17:31:17.113,8,left,7,8,22.0,True,
run_20260807_173028_599500,1441,48,2026-08-07T17:31:17.113,9,left,8,9,22.0,True,
run_20260807_173028_599500,1441,48,2026-08-07T17:31:17.113,10,left,9,10,21.5,True,
run_20260807_173028_599500,1441,48,2026-08-07T17:31:17.113,11,left,10,11,22.0,True,
run_20260807_173028_599500,1441,48,2026-08-07T17:31:17.113,12,left,11,12,21.5,True,
run_20260807_173028_599500,1441,48,2026-08-07T17:31:17.113,1,right,0,1,22.0,True,
run_20260807_173028_599500,1441,48,2026-08-07T17:31:17.113,2,right,1,2,22.07894736842104,True,
run_20260807_173028_599500,1441,48,2026-08-07T17:31:17.113,3,right,2,3,22.42105263157896,True,
run_20260807_173028_599500,1441,48,2026-08-07T17:31:17.113,4,right,3,4,22.0,True,
run_20260807_173028_599500,1441,48,2026-08-07T17:31:17.113,5,right,4,5,22.5,True,
run_20260807_173028_599500,1441,48,2026-08-07T17:31:17.113,6,right,5,6,22.5,True,
run_20260807_173028_599500,1441,48,2026-08-07T17:31:17.113,7,right,6,7,22.0,True,
run_20260807_173028_599500,1441,48,2026-08-07T17:31:17.113,8,right,7,8,21.5,True,
run_20260807_173028_599500,1441,48,2026-08-07T17:31:17.113,9,right,8,9,22.0,True,
run_20260807_173028_599500,1441,48,2026-08-07T17:31:17.113,10,right,9,10,22.0,True,
run_20260807_173028_599500,1441,48,2026-08-07T17:31:17.113,11,right,10,11,21.5,True,
run_20260807_173028_599500,1441,48,2026-08-07T17:31:17.113,12,right,11,12,21.5,True,
run_20260807_173028_599500,1472,49,2026-08-07T17:31:18.147,1,left,0,1,21.735294117647072,True,
run_20260807_173028_599500,1472,49,2026-08-07T17:31:18.147,2,left,1,2,22.5,True,
run_20260807_173028_599500,1472,49,2026-08-07T17:31:18.147,3,left,2,3,22.5,True,
run_20260807_173028_599500,1472,49,2026-08-07T17:31:18.147,4,left,3,4,22.0,True,
run_20260807_173028_599500,1472,49,2026-08-07T17:31:18.147,5,left,4,5,22.5,True,
run_20260807_173028_599500,1472,49,2026-08-07T17:31:18.147,6,left,5,6,22.5,True,
run_20260807_173028_599500,1472,49,2026-08-07T17:31:18.147,7,left,6,7,22.0,True,
run_20260807_173028_599500,1472,49,2026-08-07T17:31:18.147,8,left,7,8,22.0,True,
run_20260807_173028_599500,1472,49,2026-08-07T17:31:18.147,9,left,8,9,22.0,True,
run_20260807_173028_599500,1472,49,2026-08-07T17:31:18.147,10,left,9,10,21.5,True,
run_20260807_173028_599500,1472,49,2026-08-07T17:31:18.147,11,left,10,11,22.0,True,
run_20260807_173028_599500,1472,49,2026-08-07T17:31:18.147,12,left,11,12,21.5,True,
run_20260807_173028_599500,1472,49,2026-08-07T17:31:18.147,1,right,0,1,22.0,True,
run_20260807_173028_599500,1472,49,2026-08-07T17:31:18.147,2,right,1,2,22.07894736842104,True,
run_20260807_173028_599500,1472,49,2026-08-07T17:31:18.147,3,right,2,3,22.42105263157896,True,
run_20260807_173028_599500,1472,49,2026-08-07T17:31:18.147,4,right,3,4,22.0,True,
run_20260807_173028_599500,1472,49,2026-08-07T17:31:18.147,5,right,4,5,22.5,True,
run_20260807_173028_599500,1472,49,2026-08-07T17:31:18.147,6,right,5,6,22.5,True,
run_20260807_173028_599500,1472,49,2026-08-07T17:31:18.147,7,right,6,7,22.0,True,
run_20260807_173028_599500,1472,49,2026-08-07T17:31:18.147,8,right,7,8,21.5,True,
run_20260807_173028_599500,1472,49,2026-08-07T17:31:18.147,9,right,8,9,22.0,True,
run_20260807_173028_599500,1472,49,2026-08-07T17:31:18.147,10,right,9,10,22.0,True,
run_20260807_173028_599500,1472,49,2026-08-07T17:31:18.147,11,right,10,11,21.5,True,
run_20260807_173028_599500,1472,49,2026-08-07T17:31:18.147,12,right,11,12,21.5,True,
run_20260807_173028_599500,1503,50,2026-08-07T17:31:19.178,1,left,0,1,22.0,True,
run_20260807_173028_599500,1503,50,2026-08-07T17:31:19.178,2,left,1,2,22.5,True,
run_20260807_173028_599500,1503,50,2026-08-07T17:31:19.178,3,left,2,3,22.5,True,
run_20260807_173028_599500,1503,50,2026-08-07T17:31:19.178,4,left,3,4,22.0,True,
run_20260807_173028_599500,1503,50,2026-08-07T17:31:19.178,5,left,4,5,22.5,True,
run_20260807_173028_599500,1503,50,2026-08-07T17:31:19.178,6,left,5,6,22.5,True,
run_20260807_173028_599500,1503,50,2026-08-07T17:31:19.178,7,left,6,7,22.0,True,
run_20260807_173028_599500,1503,50,2026-08-07T17:31:19.178,8,left,7,8,22.0,True,
run_20260807_173028_599500,1503,50,2026-08-07T17:31:19.178,9,left,8,9,22.0,True,
run_20260807_173028_599500,1503,50,2026-08-07T17:31:19.178,10,left,9,10,21.5,True,
run_20260807_173028_599500,1503,50,2026-08-07T17:31:19.178,11,left,10,11,22.0,True,
run_20260807_173028_599500,1503,50,2026-08-07T17:31:19.178,12,left,11,12,21.5,True,
run_20260807_173028_599500,1503,50,2026-08-07T17:31:19.178,1,right,0,1,22.0,True,
run_20260807_173028_599500,1503,50,2026-08-07T17:31:19.178,2,right,1,2,22.07894736842104,True,
run_20260807_173028_599500,1503,50,2026-08-07T17:31:19.178,3,right,2,3,22.42105263157896,True,
run_20260807_173028_599500,1503,50,2026-08-07T17:31:19.178,4,right,3,4,22.0,True,
run_20260807_173028_599500,1503,50,2026-08-07T17:31:19.178,5,right,4,5,22.5,True,
run_20260807_173028_599500,1503,50,2026-08-07T17:31:19.178,6,right,5,6,22.5,True,
run_20260807_173028_599500,1503,50,2026-08-07T17:31:19.178,7,right,6,7,22.0,True,
run_20260807_173028_599500,1503,50,2026-08-07T17:31:19.178,8,right,7,8,21.5,True,
run_20260807_173028_599500,1503,50,2026-08-07T17:31:19.178,9,right,8,9,22.0,True,
run_20260807_173028_599500,1503,50,2026-08-07T17:31:19.178,10,right,9,10,22.0,True,
run_20260807_173028_599500,1503,50,2026-08-07T17:31:19.178,11,right,10,11,21.5,True,
run_20260807_173028_599500,1503,50,2026-08-07T17:31:19.178,12,right,11,12,21.5,True,
run_20260807_173028_599500,1533,51,2026-08-07T17:31:20.180,1,left,0,1,22.0,True,
run_20260807_173028_599500,1533,51,2026-08-07T17:31:20.180,2,left,1,2,22.5,True,
run_20260807_173028_599500,1533,51,2026-08-07T17:31:20.180,3,left,2,3,22.5,True,
run_20260807_173028_599500,1533,51,2026-08-07T17:31:20.180,4,left,3,4,22.0,True,
run_20260807_173028_599500,1533,51,2026-08-07T17:31:20.180,5,left,4,5,22.5,True,
run_20260807_173028_599500,1533,51,2026-08-07T17:31:20.180,6,left,5,6,22.5,True,
run_20260807_173028_599500,1533,51,2026-08-07T17:31:20.180,7,left,6,7,22.0,True,
run_20260807_173028_599500,1533,51,2026-08-07T17:31:20.180,8,left,7,8,22.0,True,
run_20260807_173028_599500,1533,51,2026-08-07T17:31:20.180,9,left,8,9,22.0,True,
run_20260807_173028_599500,1533,51,2026-08-07T17:31:20.180,10,left,9,10,21.5,True,
run_20260807_173028_599500,1533,51,2026-08-07T17:31:20.180,11,left,10,11,22.0,True,
run_20260807_173028_599500,1533,51,2026-08-07T17:31:20.180,12,left,11,12,21.5,True,
run_20260807_173028_599500,1533,51,2026-08-07T17:31:20.180,1,right,0,1,22.0,True,
run_20260807_173028_599500,1533,51,2026-08-07T17:31:20.180,2,right,1,2,22.07894736842104,True,
run_20260807_173028_599500,1533,51,2026-08-07T17:31:20.180,3,right,2,3,22.42105263157896,True,
run_20260807_173028_599500,1533,51,2026-08-07T17:31:20.180,4,right,3,4,22.0,True,
run_20260807_173028_599500,1533,51,2026-08-07T17:31:20.180,5,right,4,5,22.5,True,
run_20260807_173028_599500,1533,51,2026-08-07T17:31:20.180,6,right,5,6,22.5,True,
run_20260807_173028_599500,1533,51,2026-08-07T17:31:20.180,7,right,6,7,22.0,True,
run_20260807_173028_599500,1533,51,2026-08-07T17:31:20.180,8,right,7,8,21.5,True,
run_20260807_173028_599500,1533,51,2026-08-07T17:31:20.180,9,right,8,9,22.0,True,
run_20260807_173028_599500,1533,51,2026-08-07T17:31:20.180,10,right,9,10,22.0,True,
run_20260807_173028_599500,1533,51,2026-08-07T17:31:20.180,11,right,10,11,21.5,True,
run_20260807_173028_599500,1533,51,2026-08-07T17:31:20.180,12,right,11,12,21.5,True,
run_20260807_173028_599500,1563,52,2026-08-07T17:31:21.182,1,left,0,1,22.0,True,
run_20260807_173028_599500,1563,52,2026-08-07T17:31:21.182,2,left,1,2,22.5,True,
run_20260807_173028_599500,1563,52,2026-08-07T17:31:21.182,3,left,2,3,22.5,True,
run_20260807_173028_599500,1563,52,2026-08-07T17:31:21.182,4,left,3,4,22.0,True,
run_20260807_173028_599500,1563,52,2026-08-07T17:31:21.182,5,left,4,5,22.5,True,
run_20260807_173028_599500,1563,52,2026-08-07T17:31:21.182,6,left,5,6,22.5,True,
run_20260807_173028_599500,1563,52,2026-08-07T17:31:21.182,7,left,6,7,22.0,True,
run_20260807_173028_599500,1563,52,2026-08-07T17:31:21.182,8,left,7,8,22.0,True,
run_20260807_173028_599500,1563,52,2026-08-07T17:31:21.182,9,left,8,9,22.0,True,
run_20260807_173028_599500,1563,52,2026-08-07T17:31:21.182,10,left,9,10,21.5,True,
run_20260807_173028_599500,1563,52,2026-08-07T17:31:21.182,11,left,10,11,22.0,True,
run_20260807_173028_599500,1563,52,2026-08-07T17:31:21.182,12,left,11,12,21.5,True,
run_20260807_173028_599500,1563,52,2026-08-07T17:31:21.182,1,right,0,1,22.0,True,
run_20260807_173028_599500,1563,52,2026-08-07T17:31:21.182,2,right,1,2,22.16666666666663,True,
run_20260807_173028_599500,1563,52,2026-08-07T17:31:21.182,3,right,2,3,22.33333333333337,True,
run_20260807_173028_599500,1563,52,2026-08-07T17:31:21.182,4,right,3,4,22.0,True,
run_20260807_173028_599500,1563,52,2026-08-07T17:31:21.182,5,right,4,5,22.5,True,
run_20260807_173028_599500,1563,52,2026-08-07T17:31:21.182,6,right,5,6,22.5,True,
run_20260807_173028_599500,1563,52,2026-08-07T17:31:21.182,7,right,6,7,22.0,True,
run_20260807_173028_599500,1563,52,2026-08-07T17:31:21.182,8,right,7,8,21.5,True,
run_20260807_173028_599500,1563,52,2026-08-07T17:31:21.182,9,right,8,9,22.0,True,
run_20260807_173028_599500,1563,52,2026-08-07T17:31:21.182,10,right,9,10,22.0,True,
run_20260807_173028_599500,1563,52,2026-08-07T17:31:21.182,11,right,10,11,21.5,True,
run_20260807_173028_599500,1563,52,2026-08-07T17:31:21.182,12,right,11,12,21.5,True,
run_20260807_173028_599500,1593,53,2026-08-07T17:31:22.184,1,left,0,1,22.0,True,
run_20260807_173028_599500,1593,53,2026-08-07T17:31:22.184,2,left,1,2,22.5,True,
run_20260807_173028_599500,1593,53,2026-08-07T17:31:22.184,3,left,2,3,22.5,True,
run_20260807_173028_599500,1593,53,2026-08-07T17:31:22.184,4,left,3,4,22.0,True,
run_20260807_173028_599500,1593,53,2026-08-07T17:31:22.184,5,left,4,5,22.5,True,
run_20260807_173028_599500,1593,53,2026-08-07T17:31:22.184,6,left,5,6,22.5,True,
run_20260807_173028_599500,1593,53,2026-08-07T17:31:22.184,7,left,6,7,22.0,True,
run_20260807_173028_599500,1593,53,2026-08-07T17:31:22.184,8,left,7,8,22.0,True,
run_20260807_173028_599500,1593,53,2026-08-07T17:31:22.184,9,left,8,9,22.0,True,
run_20260807_173028_599500,1593,53,2026-08-07T17:31:22.184,10,left,9,10,21.5,True,
run_20260807_173028_599500,1593,53,2026-08-07T17:31:22.184,11,left,10,11,22.0,True,
run_20260807_173028_599500,1593,53,2026-08-07T17:31:22.184,12,left,11,12,21.5,True,
run_20260807_173028_599500,1593,53,2026-08-07T17:31:22.184,1,right,0,1,22.0,True,
run_20260807_173028_599500,1593,53,2026-08-07T17:31:22.184,2,right,1,2,22.16666666666663,True,
run_20260807_173028_599500,1593,53,2026-08-07T17:31:22.184,3,right,2,3,22.33333333333337,True,
run_20260807_173028_599500,1593,53,2026-08-07T17:31:22.184,4,right,3,4,22.0,True,
run_20260807_173028_599500,1593,53,2026-08-07T17:31:22.184,5,right,4,5,22.5,True,
run_20260807_173028_599500,1593,53,2026-08-07T17:31:22.184,6,right,5,6,22.5,True,
run_20260807_173028_599500,1593,53,2026-08-07T17:31:22.184,7,right,6,7,22.0,True,
run_20260807_173028_599500,1593,53,2026-08-07T17:31:22.184,8,right,7,8,21.5,True,
run_20260807_173028_599500,1593,53,2026-08-07T17:31:22.184,9,right,8,9,22.0,True,
run_20260807_173028_599500,1593,53,2026-08-07T17:31:22.184,10,right,9,10,22.0,True,
run_20260807_173028_599500,1593,53,2026-08-07T17:31:22.184,11,right,10,11,21.5,True,
run_20260807_173028_599500,1593,53,2026-08-07T17:31:22.184,12,right,11,12,21.5,True,
run_20260807_173028_599500,1624,54,2026-08-07T17:31:23.214,1,left,0,1,22.0,True,
run_20260807_173028_599500,1624,54,2026-08-07T17:31:23.214,2,left,1,2,22.5,True,
run_20260807_173028_599500,1624,54,2026-08-07T17:31:23.214,3,left,2,3,22.5,True,
run_20260807_173028_599500,1624,54,2026-08-07T17:31:23.214,4,left,3,4,22.0,True,
run_20260807_173028_599500,1624,54,2026-08-07T17:31:23.214,5,left,4,5,22.5,True,
run_20260807_173028_599500,1624,54,2026-08-07T17:31:23.214,6,left,5,6,22.5,True,
run_20260807_173028_599500,1624,54,2026-08-07T17:31:23.214,7,left,6,7,22.0,True,
run_20260807_173028_599500,1624,54,2026-08-07T17:31:23.214,8,left,7,8,22.0,True,
run_20260807_173028_599500,1624,54,2026-08-07T17:31:23.214,9,left,8,9,22.0,True,
run_20260807_173028_599500,1624,54,2026-08-07T17:31:23.214,10,left,9,10,21.5,True,
run_20260807_173028_599500,1624,54,2026-08-07T17:31:23.214,11,left,10,11,22.0,True,
run_20260807_173028_599500,1624,54,2026-08-07T17:31:23.214,12,left,11,12,21.5,True,
run_20260807_173028_599500,1624,54,2026-08-07T17:31:23.214,1,right,0,1,22.0,True,
run_20260807_173028_599500,1624,54,2026-08-07T17:31:23.214,2,right,1,2,22.16666666666663,True,
run_20260807_173028_599500,1624,54,2026-08-07T17:31:23.214,3,right,2,3,22.33333333333337,True,
run_20260807_173028_599500,1624,54,2026-08-07T17:31:23.214,4,right,3,4,22.0,True,
run_20260807_173028_599500,1624,54,2026-08-07T17:31:23.214,5,right,4,5,22.5,True,
run_20260807_173028_599500,1624,54,2026-08-07T17:31:23.214,6,right,5,6,22.5,True,
run_20260807_173028_599500,1624,54,2026-08-07T17:31:23.214,7,right,6,7,22.0,True,
run_20260807_173028_599500,1624,54,2026-08-07T17:31:23.214,8,right,7,8,21.5,True,
run_20260807_173028_599500,1624,54,2026-08-07T17:31:23.214,9,right,8,9,22.0,True,
run_20260807_173028_599500,1624,54,2026-08-07T17:31:23.214,10,right,9,10,22.0,True,
run_20260807_173028_599500,1624,54,2026-08-07T17:31:23.214,11,right,10,11,21.5,True,
run_20260807_173028_599500,1624,54,2026-08-07T17:31:23.214,12,right,11,12,21.5,True,
run_20260807_173028_599500,1655,55,2026-08-07T17:31:24.246,1,left,0,1,22.0,True,
run_20260807_173028_599500,1655,55,2026-08-07T17:31:24.246,2,left,1,2,22.5,True,
run_20260807_173028_599500,1655,55,2026-08-07T17:31:24.246,3,left,2,3,22.5,True,
run_20260807_173028_599500,1655,55,2026-08-07T17:31:24.246,4,left,3,4,22.0,True,
run_20260807_173028_599500,1655,55,2026-08-07T17:31:24.246,5,left,4,5,22.5,True,
run_20260807_173028_599500,1655,55,2026-08-07T17:31:24.246,6,left,5,6,22.5,True,
run_20260807_173028_599500,1655,55,2026-08-07T17:31:24.246,7,left,6,7,22.0,True,
run_20260807_173028_599500,1655,55,2026-08-07T17:31:24.246,8,left,7,8,22.0,True,
run_20260807_173028_599500,1655,55,2026-08-07T17:31:24.246,9,left,8,9,22.0,True,
run_20260807_173028_599500,1655,55,2026-08-07T17:31:24.246,10,left,9,10,21.5,True,
run_20260807_173028_599500,1655,55,2026-08-07T17:31:24.246,11,left,10,11,22.0,True,
run_20260807_173028_599500,1655,55,2026-08-07T17:31:24.246,12,left,11,12,21.5,True,
run_20260807_173028_599500,1655,55,2026-08-07T17:31:24.246,1,right,0,1,22.0,True,
run_20260807_173028_599500,1655,55,2026-08-07T17:31:24.246,2,right,1,2,22.16666666666663,True,
run_20260807_173028_599500,1655,55,2026-08-07T17:31:24.246,3,right,2,3,22.33333333333337,True,
run_20260807_173028_599500,1655,55,2026-08-07T17:31:24.246,4,right,3,4,22.0,True,
run_20260807_173028_599500,1655,55,2026-08-07T17:31:24.246,5,right,4,5,22.5,True,
run_20260807_173028_599500,1655,55,2026-08-07T17:31:24.246,6,right,5,6,22.5,True,
run_20260807_173028_599500,1655,55,2026-08-07T17:31:24.246,7,right,6,7,22.0,True,
run_20260807_173028_599500,1655,55,2026-08-07T17:31:24.246,8,right,7,8,21.5,True,
run_20260807_173028_599500,1655,55,2026-08-07T17:31:24.246,9,right,8,9,22.0,True,
run_20260807_173028_599500,1655,55,2026-08-07T17:31:24.246,10,right,9,10,22.0,True,
run_20260807_173028_599500,1655,55,2026-08-07T17:31:24.246,11,right,10,11,21.5,True,
run_20260807_173028_599500,1655,55,2026-08-07T17:31:24.246,12,right,11,12,21.5,True,
run_20260807_173028_599500,1685,56,2026-08-07T17:31:25.247,1,left,0,1,22.07894736842104,True,
run_20260807_173028_599500,1685,56,2026-08-07T17:31:25.247,2,left,1,2,22.42105263157896,True,
run_20260807_173028_599500,1685,56,2026-08-07T17:31:25.247,3,left,2,3,22.5,True,
run_20260807_173028_599500,1685,56,2026-08-07T17:31:25.247,4,left,3,4,22.0,True,
run_20260807_173028_599500,1685,56,2026-08-07T17:31:25.247,5,left,4,5,22.5,True,
run_20260807_173028_599500,1685,56,2026-08-07T17:31:25.247,6,left,5,6,22.5,True,
run_20260807_173028_599500,1685,56,2026-08-07T17:31:25.247,7,left,6,7,22.0,True,
run_20260807_173028_599500,1685,56,2026-08-07T17:31:25.247,8,left,7,8,22.0,True,
run_20260807_173028_599500,1685,56,2026-08-07T17:31:25.247,9,left,8,9,22.0,True,
run_20260807_173028_599500,1685,56,2026-08-07T17:31:25.247,10,left,9,10,21.5,True,
run_20260807_173028_599500,1685,56,2026-08-07T17:31:25.247,11,left,10,11,22.0,True,
run_20260807_173028_599500,1685,56,2026-08-07T17:31:25.247,12,left,11,12,21.5,True,
run_20260807_173028_599500,1685,56,2026-08-07T17:31:25.247,1,right,0,1,22.0,True,
run_20260807_173028_599500,1685,56,2026-08-07T17:31:25.247,2,right,1,2,22.5,True,
run_20260807_173028_599500,1685,56,2026-08-07T17:31:25.247,3,right,2,3,22.0,True,
run_20260807_173028_599500,1685,56,2026-08-07T17:31:25.247,4,right,3,4,22.0,True,
run_20260807_173028_599500,1685,56,2026-08-07T17:31:25.247,5,right,4,5,22.5,True,
run_20260807_173028_599500,1685,56,2026-08-07T17:31:25.247,6,right,5,6,22.5,True,
run_20260807_173028_599500,1685,56,2026-08-07T17:31:25.247,7,right,6,7,22.0,True,
run_20260807_173028_599500,1685,56,2026-08-07T17:31:25.247,8,right,7,8,21.5,True,
run_20260807_173028_599500,1685,56,2026-08-07T17:31:25.247,9,right,8,9,22.0,True,
run_20260807_173028_599500,1685,56,2026-08-07T17:31:25.247,10,right,9,10,22.0,True,
run_20260807_173028_599500,1685,56,2026-08-07T17:31:25.247,11,right,10,11,21.5,True,
run_20260807_173028_599500,1685,56,2026-08-07T17:31:25.247,12,right,11,12,21.5,True,
run_20260807_173028_599500,1715,57,2026-08-07T17:31:26.247,1,left,0,1,22.07894736842104,True,
run_20260807_173028_599500,1715,57,2026-08-07T17:31:26.247,2,left,1,2,22.42105263157896,True,
run_20260807_173028_599500,1715,57,2026-08-07T17:31:26.247,3,left,2,3,22.5,True,
run_20260807_173028_599500,1715,57,2026-08-07T17:31:26.247,4,left,3,4,22.0,True,
run_20260807_173028_599500,1715,57,2026-08-07T17:31:26.247,5,left,4,5,22.5,True,
run_20260807_173028_599500,1715,57,2026-08-07T17:31:26.247,6,left,5,6,22.5,True,
run_20260807_173028_599500,1715,57,2026-08-07T17:31:26.247,7,left,6,7,22.0,True,
run_20260807_173028_599500,1715,57,2026-08-07T17:31:26.247,8,left,7,8,22.0,True,
run_20260807_173028_599500,1715,57,2026-08-07T17:31:26.247,9,left,8,9,22.0,True,
run_20260807_173028_599500,1715,57,2026-08-07T17:31:26.247,10,left,9,10,21.5,True,
run_20260807_173028_599500,1715,57,2026-08-07T17:31:26.247,11,left,10,11,22.0,True,
run_20260807_173028_599500,1715,57,2026-08-07T17:31:26.247,12,left,11,12,21.5,True,
run_20260807_173028_599500,1715,57,2026-08-07T17:31:26.247,1,right,0,1,22.0,True,
run_20260807_173028_599500,1715,57,2026-08-07T17:31:26.247,2,right,1,2,22.5,True,
run_20260807_173028_599500,1715,57,2026-08-07T17:31:26.247,3,right,2,3,22.0,True,
run_20260807_173028_599500,1715,57,2026-08-07T17:31:26.247,4,right,3,4,22.0,True,
run_20260807_173028_599500,1715,57,2026-08-07T17:31:26.247,5,right,4,5,22.5,True,
run_20260807_173028_599500,1715,57,2026-08-07T17:31:26.247,6,right,5,6,22.5,True,
run_20260807_173028_599500,1715,57,2026-08-07T17:31:26.247,7,right,6,7,22.0,True,
run_20260807_173028_599500,1715,57,2026-08-07T17:31:26.247,8,right,7,8,21.5,True,
run_20260807_173028_599500,1715,57,2026-08-07T17:31:26.247,9,right,8,9,22.0,True,
run_20260807_173028_599500,1715,57,2026-08-07T17:31:26.247,10,right,9,10,22.0,True,
run_20260807_173028_599500,1715,57,2026-08-07T17:31:26.247,11,right,10,11,21.5,True,
run_20260807_173028_599500,1715,57,2026-08-07T17:31:26.247,12,right,11,12,21.5,True,
run_20260807_173028_599500,1745,58,2026-08-07T17:31:27.251,1,left,0,1,22.07894736842104,True,
run_20260807_173028_599500,1745,58,2026-08-07T17:31:27.251,2,left,1,2,22.42105263157896,True,
run_20260807_173028_599500,1745,58,2026-08-07T17:31:27.251,3,left,2,3,22.5,True,
run_20260807_173028_599500,1745,58,2026-08-07T17:31:27.251,4,left,3,4,22.0,True,
run_20260807_173028_599500,1745,58,2026-08-07T17:31:27.251,5,left,4,5,22.5,True,
run_20260807_173028_599500,1745,58,2026-08-07T17:31:27.251,6,left,5,6,22.5,True,
run_20260807_173028_599500,1745,58,2026-08-07T17:31:27.251,7,left,6,7,22.0,True,
run_20260807_173028_599500,1745,58,2026-08-07T17:31:27.251,8,left,7,8,22.0,True,
run_20260807_173028_599500,1745,58,2026-08-07T17:31:27.251,9,left,8,9,22.0,True,
run_20260807_173028_599500,1745,58,2026-08-07T17:31:27.251,10,left,9,10,21.653846153846153,True,
run_20260807_173028_599500,1745,58,2026-08-07T17:31:27.251,11,left,10,11,21.846153846153847,True,
run_20260807_173028_599500,1745,58,2026-08-07T17:31:27.251,12,left,11,12,21.5,True,
run_20260807_173028_599500,1745,58,2026-08-07T17:31:27.251,1,right,0,1,22.0,True,
run_20260807_173028_599500,1745,58,2026-08-07T17:31:27.251,2,right,1,2,22.5,True,
run_20260807_173028_599500,1745,58,2026-08-07T17:31:27.251,3,right,2,3,22.0,True,
run_20260807_173028_599500,1745,58,2026-08-07T17:31:27.251,4,right,3,4,22.0,True,
run_20260807_173028_599500,1745,58,2026-08-07T17:31:27.251,5,right,4,5,22.5,True,
run_20260807_173028_599500,1745,58,2026-08-07T17:31:27.251,6,right,5,6,22.5,True,
run_20260807_173028_599500,1745,58,2026-08-07T17:31:27.251,7,right,6,7,22.0,True,
run_20260807_173028_599500,1745,58,2026-08-07T17:31:27.251,8,right,7,8,21.5,True,
run_20260807_173028_599500,1745,58,2026-08-07T17:31:27.251,9,right,8,9,22.0,True,
run_20260807_173028_599500,1745,58,2026-08-07T17:31:27.251,10,right,9,10,22.0,True,
run_20260807_173028_599500,1745,58,2026-08-07T17:31:27.251,11,right,10,11,21.5,True,
run_20260807_173028_599500,1745,58,2026-08-07T17:31:27.251,12,right,11,12,21.5,True,
run_20260807_173028_599500,1776,59,2026-08-07T17:31:28.283,1,left,0,1,22.07894736842104,True,
run_20260807_173028_599500,1776,59,2026-08-07T17:31:28.283,2,left,1,2,22.42105263157896,True,
run_20260807_173028_599500,1776,59,2026-08-07T17:31:28.283,3,left,2,3,22.5,True,
run_20260807_173028_599500,1776,59,2026-08-07T17:31:28.283,4,left,3,4,22.0,True,
run_20260807_173028_599500,1776,59,2026-08-07T17:31:28.283,5,left,4,5,22.5,True,
run_20260807_173028_599500,1776,59,2026-08-07T17:31:28.283,6,left,5,6,22.5,True,
run_20260807_173028_599500,1776,59,2026-08-07T17:31:28.283,7,left,6,7,22.0,True,
run_20260807_173028_599500,1776,59,2026-08-07T17:31:28.283,8,left,7,8,22.0,True,
run_20260807_173028_599500,1776,59,2026-08-07T17:31:28.283,9,left,8,9,22.0,True,
run_20260807_173028_599500,1776,59,2026-08-07T17:31:28.283,10,left,9,10,21.5,True,
run_20260807_173028_599500,1776,59,2026-08-07T17:31:28.283,11,left,10,11,22.0,True,
run_20260807_173028_599500,1776,59,2026-08-07T17:31:28.283,12,left,11,12,21.5,True,
run_20260807_173028_599500,1776,59,2026-08-07T17:31:28.283,1,right,0,1,22.0,True,
run_20260807_173028_599500,1776,59,2026-08-07T17:31:28.283,2,right,1,2,22.5,True,
run_20260807_173028_599500,1776,59,2026-08-07T17:31:28.283,3,right,2,3,22.0,True,
run_20260807_173028_599500,1776,59,2026-08-07T17:31:28.283,4,right,3,4,22.0,True,
run_20260807_173028_599500,1776,59,2026-08-07T17:31:28.283,5,right,4,5,22.5,True,
run_20260807_173028_599500,1776,59,2026-08-07T17:31:28.283,6,right,5,6,22.5,True,
run_20260807_173028_599500,1776,59,2026-08-07T17:31:28.283,7,right,6,7,22.0,True,
run_20260807_173028_599500,1776,59,2026-08-07T17:31:28.283,8,right,7,8,21.5,True,
run_20260807_173028_599500,1776,59,2026-08-07T17:31:28.283,9,right,8,9,22.0,True,
run_20260807_173028_599500,1776,59,2026-08-07T17:31:28.283,10,right,9,10,22.0,True,
run_20260807_173028_599500,1776,59,2026-08-07T17:31:28.283,11,right,10,11,21.5,True,
run_20260807_173028_599500,1776,59,2026-08-07T17:31:28.283,12,right,11,12,21.5,True,
run_20260807_173028_599500,1807,60,2026-08-07T17:31:29.312,1,left,0,1,22.07894736842104,True,
run_20260807_173028_599500,1807,60,2026-08-07T17:31:29.312,2,left,1,2,22.42105263157896,True,
run_20260807_173028_599500,1807,60,2026-08-07T17:31:29.312,3,left,2,3,22.5,True,
run_20260807_173028_599500,1807,60,2026-08-07T17:31:29.312,4,left,3,4,22.0,True,
run_20260807_173028_599500,1807,60,2026-08-07T17:31:29.312,5,left,4,5,22.5,True,
run_20260807_173028_599500,1807,60,2026-08-07T17:31:29.312,6,left,5,6,22.5,True,
run_20260807_173028_599500,1807,60,2026-08-07T17:31:29.312,7,left,6,7,22.0,True,
run_20260807_173028_599500,1807,60,2026-08-07T17:31:29.312,8,left,7,8,22.0,True,
run_20260807_173028_599500,1807,60,2026-08-07T17:31:29.312,9,left,8,9,22.0,True,
run_20260807_173028_599500,1807,60,2026-08-07T17:31:29.312,10,left,9,10,21.5,True,
run_20260807_173028_599500,1807,60,2026-08-07T17:31:29.312,11,left,10,11,22.0,True,
run_20260807_173028_599500,1807,60,2026-08-07T17:31:29.312,12,left,11,12,21.5,True,
run_20260807_173028_599500,1807,60,2026-08-07T17:31:29.312,1,right,0,1,22.0,True,
run_20260807_173028_599500,1807,60,2026-08-07T17:31:29.312,2,right,1,2,22.5,True,
run_20260807_173028_599500,1807,60,2026-08-07T17:31:29.312,3,right,2,3,22.0,True,
run_20260807_173028_599500,1807,60,2026-08-07T17:31:29.312,4,right,3,4,22.0,True,
run_20260807_173028_599500,1807,60,2026-08-07T17:31:29.312,5,right,4,5,22.5,True,
run_20260807_173028_599500,1807,60,2026-08-07T17:31:29.312,6,right,5,6,22.5,True,
run_20260807_173028_599500,1807,60,2026-08-07T17:31:29.312,7,right,6,7,22.0,True,
run_20260807_173028_599500,1807,60,2026-08-07T17:31:29.312,8,right,7,8,21.5,True,
run_20260807_173028_599500,1807,60,2026-08-07T17:31:29.312,9,right,8,9,22.0,True,
run_20260807_173028_599500,1807,60,2026-08-07T17:31:29.312,10,right,9,10,22.0,True,
run_20260807_173028_599500,1807,60,2026-08-07T17:31:29.312,11,right,10,11,21.5,True,
run_20260807_173028_599500,1807,60,2026-08-07T17:31:29.312,12,right,11,12,21.5,True,
run_20260807_173028_599500,1837,61,2026-08-07T17:31:30.313,1,left,0,1,22.0,True,
run_20260807_173028_599500,1837,61,2026-08-07T17:31:30.313,2,left,1,2,22.5,True,
run_20260807_173028_599500,1837,61,2026-08-07T17:31:30.313,3,left,2,3,22.5,True,
run_20260807_173028_599500,1837,61,2026-08-07T17:31:30.313,4,left,3,4,22.0,True,
run_20260807_173028_599500,1837,61,2026-08-07T17:31:30.313,5,left,4,5,22.5,True,
run_20260807_173028_599500,1837,61,2026-08-07T17:31:30.313,6,left,5,6,22.5,True,
run_20260807_173028_599500,1837,61,2026-08-07T17:31:30.313,7,left,6,7,22.0,True,
run_20260807_173028_599500,1837,61,2026-08-07T17:31:30.313,8,left,7,8,22.0,True,
run_20260807_173028_599500,1837,61,2026-08-07T17:31:30.313,9,left,8,9,22.0,True,
run_20260807_173028_599500,1837,61,2026-08-07T17:31:30.313,10,left,9,10,21.5,True,
run_20260807_173028_599500,1837,61,2026-08-07T17:31:30.313,11,left,10,11,22.0,True,
run_20260807_173028_599500,1837,61,2026-08-07T17:31:30.313,12,left,11,12,21.5,True,
run_20260807_173028_599500,1837,61,2026-08-07T17:31:30.313,1,right,0,1,22.0,True,
run_20260807_173028_599500,1837,61,2026-08-07T17:31:30.313,2,right,1,2,22.5,True,
run_20260807_173028_599500,1837,61,2026-08-07T17:31:30.313,3,right,2,3,22.0,True,
run_20260807_173028_599500,1837,61,2026-08-07T17:31:30.313,4,right,3,4,22.0,True,
run_20260807_173028_599500,1837,61,2026-08-07T17:31:30.313,5,right,4,5,22.5,True,
run_20260807_173028_599500,1837,61,2026-08-07T17:31:30.313,6,right,5,6,22.5,True,
run_20260807_173028_599500,1837,61,2026-08-07T17:31:30.313,7,right,6,7,22.0,True,
run_20260807_173028_599500,1837,61,2026-08-07T17:31:30.313,8,right,7,8,21.5,True,
run_20260807_173028_599500,1837,61,2026-08-07T17:31:30.313,9,right,8,9,22.0,True,
run_20260807_173028_599500,1837,61,2026-08-07T17:31:30.313,10,right,9,10,22.0,True,
run_20260807_173028_599500,1837,61,2026-08-07T17:31:30.313,11,right,10,11,21.5,True,
run_20260807_173028_599500,1837,61,2026-08-07T17:31:30.313,12,right,11,12,21.5,True,
run_20260807_173028_599500,1868,62,2026-08-07T17:31:31.347,1,left,0,1,22.0,True,
run_20260807_173028_599500,1868,62,2026-08-07T17:31:31.347,2,left,1,2,22.5,True,
run_20260807_173028_599500,1868,62,2026-08-07T17:31:31.347,3,left,2,3,22.5,True,
run_20260807_173028_599500,1868,62,2026-08-07T17:31:31.347,4,left,3,4,22.0,True,
run_20260807_173028_599500,1868,62,2026-08-07T17:31:31.347,5,left,4,5,22.5,True,
run_20260807_173028_599500,1868,62,2026-08-07T17:31:31.347,6,left,5,6,22.5,True,
run_20260807_173028_599500,1868,62,2026-08-07T17:31:31.347,7,left,6,7,22.0,True,
run_20260807_173028_599500,1868,62,2026-08-07T17:31:31.347,8,left,7,8,22.0,True,
run_20260807_173028_599500,1868,62,2026-08-07T17:31:31.347,9,left,8,9,22.0,True,
run_20260807_173028_599500,1868,62,2026-08-07T17:31:31.347,10,left,9,10,21.5,True,
run_20260807_173028_599500,1868,62,2026-08-07T17:31:31.347,11,left,10,11,22.0,True,
run_20260807_173028_599500,1868,62,2026-08-07T17:31:31.347,12,left,11,12,21.5,True,
run_20260807_173028_599500,1868,62,2026-08-07T17:31:31.347,1,right,0,1,22.0,True,
run_20260807_173028_599500,1868,62,2026-08-07T17:31:31.347,2,right,1,2,22.5,True,
run_20260807_173028_599500,1868,62,2026-08-07T17:31:31.347,3,right,2,3,22.0,True,
run_20260807_173028_599500,1868,62,2026-08-07T17:31:31.347,4,right,3,4,22.0,True,
run_20260807_173028_599500,1868,62,2026-08-07T17:31:31.347,5,right,4,5,22.5,True,
run_20260807_173028_599500,1868,62,2026-08-07T17:31:31.347,6,right,5,6,22.5,True,
run_20260807_173028_599500,1868,62,2026-08-07T17:31:31.347,7,right,6,7,22.0,True,
run_20260807_173028_599500,1868,62,2026-08-07T17:31:31.347,8,right,7,8,21.5,True,
run_20260807_173028_599500,1868,62,2026-08-07T17:31:31.347,9,right,8,9,22.0,True,
run_20260807_173028_599500,1868,62,2026-08-07T17:31:31.347,10,right,9,10,22.0,True,
run_20260807_173028_599500,1868,62,2026-08-07T17:31:31.347,11,right,10,11,21.5,True,
run_20260807_173028_599500,1868,62,2026-08-07T17:31:31.347,12,right,11,12,21.5,True,
run_20260807_173028_599500,1899,63,2026-08-07T17:31:32.378,1,left,0,1,22.0,True,
run_20260807_173028_599500,1899,63,2026-08-07T17:31:32.378,2,left,1,2,22.5,True,
run_20260807_173028_599500,1899,63,2026-08-07T17:31:32.378,3,left,2,3,22.5,True,
run_20260807_173028_599500,1899,63,2026-08-07T17:31:32.378,4,left,3,4,22.0,True,
run_20260807_173028_599500,1899,63,2026-08-07T17:31:32.378,5,left,4,5,22.5,True,
run_20260807_173028_599500,1899,63,2026-08-07T17:31:32.378,6,left,5,6,22.5,True,
run_20260807_173028_599500,1899,63,2026-08-07T17:31:32.378,7,left,6,7,22.0,True,
run_20260807_173028_599500,1899,63,2026-08-07T17:31:32.378,8,left,7,8,22.0,True,
run_20260807_173028_599500,1899,63,2026-08-07T17:31:32.378,9,left,8,9,22.0,True,
run_20260807_173028_599500,1899,63,2026-08-07T17:31:32.378,10,left,9,10,21.5,True,
run_20260807_173028_599500,1899,63,2026-08-07T17:31:32.378,11,left,10,11,22.0,True,
run_20260807_173028_599500,1899,63,2026-08-07T17:31:32.378,12,left,11,12,21.5,True,
run_20260807_173028_599500,1899,63,2026-08-07T17:31:32.378,1,right,0,1,22.0,True,
run_20260807_173028_599500,1899,63,2026-08-07T17:31:32.378,2,right,1,2,22.5,True,
run_20260807_173028_599500,1899,63,2026-08-07T17:31:32.378,3,right,2,3,22.0,True,
run_20260807_173028_599500,1899,63,2026-08-07T17:31:32.378,4,right,3,4,22.0,True,
run_20260807_173028_599500,1899,63,2026-08-07T17:31:32.378,5,right,4,5,22.5,True,
run_20260807_173028_599500,1899,63,2026-08-07T17:31:32.378,6,right,5,6,22.5,True,
run_20260807_173028_599500,1899,63,2026-08-07T17:31:32.378,7,right,6,7,22.0,True,
run_20260807_173028_599500,1899,63,2026-08-07T17:31:32.378,8,right,7,8,21.5,True,
run_20260807_173028_599500,1899,63,2026-08-07T17:31:32.378,9,right,8,9,22.0,True,
run_20260807_173028_599500,1899,63,2026-08-07T17:31:32.378,10,right,9,10,22.0,True,
run_20260807_173028_599500,1899,63,2026-08-07T17:31:32.378,11,right,10,11,21.5,True,
run_20260807_173028_599500,1899,63,2026-08-07T17:31:32.378,12,right,11,12,21.5,True,
run_20260807_173028_599500,1929,64,2026-08-07T17:31:33.384,1,left,0,1,22.0,True,
run_20260807_173028_599500,1929,64,2026-08-07T17:31:33.384,2,left,1,2,22.5,True,
run_20260807_173028_599500,1929,64,2026-08-07T17:31:33.384,3,left,2,3,22.5,True,
run_20260807_173028_599500,1929,64,2026-08-07T17:31:33.384,4,left,3,4,22.0,True,
run_20260807_173028_599500,1929,64,2026-08-07T17:31:33.384,5,left,4,5,22.5,True,
run_20260807_173028_599500,1929,64,2026-08-07T17:31:33.384,6,left,5,6,22.5,True,
run_20260807_173028_599500,1929,64,2026-08-07T17:31:33.384,7,left,6,7,22.0,True,
run_20260807_173028_599500,1929,64,2026-08-07T17:31:33.384,8,left,7,8,22.0,True,
run_20260807_173028_599500,1929,64,2026-08-07T17:31:33.384,9,left,8,9,22.0,True,
run_20260807_173028_599500,1929,64,2026-08-07T17:31:33.384,10,left,9,10,21.5,True,
run_20260807_173028_599500,1929,64,2026-08-07T17:31:33.384,11,left,10,11,22.0,True,
run_20260807_173028_599500,1929,64,2026-08-07T17:31:33.384,12,left,11,12,21.5,True,
run_20260807_173028_599500,1929,64,2026-08-07T17:31:33.384,1,right,0,1,22.0,True,
run_20260807_173028_599500,1929,64,2026-08-07T17:31:33.384,2,right,1,2,22.5,True,
run_20260807_173028_599500,1929,64,2026-08-07T17:31:33.384,3,right,2,3,22.0,True,
run_20260807_173028_599500,1929,64,2026-08-07T17:31:33.384,4,right,3,4,22.0,True,
run_20260807_173028_599500,1929,64,2026-08-07T17:31:33.384,5,right,4,5,22.5,True,
run_20260807_173028_599500,1929,64,2026-08-07T17:31:33.384,6,right,5,6,22.5,True,
run_20260807_173028_599500,1929,64,2026-08-07T17:31:33.384,7,right,6,7,22.0,True,
run_20260807_173028_599500,1929,64,2026-08-07T17:31:33.384,8,right,7,8,21.5,True,
run_20260807_173028_599500,1929,64,2026-08-07T17:31:33.384,9,right,8,9,22.0,True,
run_20260807_173028_599500,1929,64,2026-08-07T17:31:33.384,10,right,9,10,22.0,True,
run_20260807_173028_599500,1929,64,2026-08-07T17:31:33.384,11,right,10,11,21.5,True,
run_20260807_173028_599500,1929,64,2026-08-07T17:31:33.384,12,right,11,12,21.5,True,
run_20260807_173028_599500,1960,65,2026-08-07T17:31:34.414,1,left,0,1,22.0,True,
run_20260807_173028_599500,1960,65,2026-08-07T17:31:34.414,2,left,1,2,22.5,True,
run_20260807_173028_599500,1960,65,2026-08-07T17:31:34.414,3,left,2,3,22.5,True,
run_20260807_173028_599500,1960,65,2026-08-07T17:31:34.414,4,left,3,4,22.0,True,
run_20260807_173028_599500,1960,65,2026-08-07T17:31:34.414,5,left,4,5,22.5,True,
run_20260807_173028_599500,1960,65,2026-08-07T17:31:34.414,6,left,5,6,22.5,True,
run_20260807_173028_599500,1960,65,2026-08-07T17:31:34.414,7,left,6,7,22.0,True,
run_20260807_173028_599500,1960,65,2026-08-07T17:31:34.414,8,left,7,8,22.0,True,
run_20260807_173028_599500,1960,65,2026-08-07T17:31:34.414,9,left,8,9,22.0,True,
run_20260807_173028_599500,1960,65,2026-08-07T17:31:34.414,10,left,9,10,21.5,True,
run_20260807_173028_599500,1960,65,2026-08-07T17:31:34.414,11,left,10,11,22.0,True,
run_20260807_173028_599500,1960,65,2026-08-07T17:31:34.414,12,left,11,12,21.5,True,
run_20260807_173028_599500,1960,65,2026-08-07T17:31:34.414,1,right,0,1,22.0,True,
run_20260807_173028_599500,1960,65,2026-08-07T17:31:34.414,2,right,1,2,22.5,True,
run_20260807_173028_599500,1960,65,2026-08-07T17:31:34.414,3,right,2,3,22.0,True,
run_20260807_173028_599500,1960,65,2026-08-07T17:31:34.414,4,right,3,4,22.0,True,
run_20260807_173028_599500,1960,65,2026-08-07T17:31:34.414,5,right,4,5,22.5,True,
run_20260807_173028_599500,1960,65,2026-08-07T17:31:34.414,6,right,5,6,22.5,True,
run_20260807_173028_599500,1960,65,2026-08-07T17:31:34.414,7,right,6,7,22.0,True,
run_20260807_173028_599500,1960,65,2026-08-07T17:31:34.414,8,right,7,8,21.5,True,
run_20260807_173028_599500,1960,65,2026-08-07T17:31:34.414,9,right,8,9,22.0,True,
run_20260807_173028_599500,1960,65,2026-08-07T17:31:34.414,10,right,9,10,22.0,True,
run_20260807_173028_599500,1960,65,2026-08-07T17:31:34.414,11,right,10,11,21.5,True,
run_20260807_173028_599500,1960,65,2026-08-07T17:31:34.414,12,right,11,12,21.5,True,
run_20260807_173028_599500,1991,66,2026-08-07T17:31:35.445,1,left,0,1,22.0,True,
run_20260807_173028_599500,1991,66,2026-08-07T17:31:35.445,2,left,1,2,22.5,True,
run_20260807_173028_599500,1991,66,2026-08-07T17:31:35.445,3,left,2,3,22.5,True,
run_20260807_173028_599500,1991,66,2026-08-07T17:31:35.445,4,left,3,4,22.0,True,
run_20260807_173028_599500,1991,66,2026-08-07T17:31:35.445,5,left,4,5,22.5,True,
run_20260807_173028_599500,1991,66,2026-08-07T17:31:35.445,6,left,5,6,22.5,True,
run_20260807_173028_599500,1991,66,2026-08-07T17:31:35.445,7,left,6,7,22.0,True,
run_20260807_173028_599500,1991,66,2026-08-07T17:31:35.445,8,left,7,8,22.0,True,
run_20260807_173028_599500,1991,66,2026-08-07T17:31:35.445,9,left,8,9,21.86363636363636,True,
run_20260807_173028_599500,1991,66,2026-08-07T17:31:35.445,10,left,9,10,21.63636363636364,True,
run_20260807_173028_599500,1991,66,2026-08-07T17:31:35.445,11,left,10,11,22.0,True,
run_20260807_173028_599500,1991,66,2026-08-07T17:31:35.445,12,left,11,12,21.5,True,
run_20260807_173028_599500,1991,66,2026-08-07T17:31:35.445,1,right,0,1,22.0,True,
run_20260807_173028_599500,1991,66,2026-08-07T17:31:35.445,2,right,1,2,22.5,True,
run_20260807_173028_599500,1991,66,2026-08-07T17:31:35.445,3,right,2,3,22.0,True,
run_20260807_173028_599500,1991,66,2026-08-07T17:31:35.445,4,right,3,4,22.0,True,
run_20260807_173028_599500,1991,66,2026-08-07T17:31:35.445,5,right,4,5,22.5,True,
run_20260807_173028_599500,1991,66,2026-08-07T17:31:35.445,6,right,5,6,22.5,True,
run_20260807_173028_599500,1991,66,2026-08-07T17:31:35.445,7,right,6,7,22.0,True,
run_20260807_173028_599500,1991,66,2026-08-07T17:31:35.445,8,right,7,8,21.5,True,
run_20260807_173028_599500,1991,66,2026-08-07T17:31:35.445,9,right,8,9,22.0,True,
run_20260807_173028_599500,1991,66,2026-08-07T17:31:35.445,10,right,9,10,22.0,True,
run_20260807_173028_599500,1991,66,2026-08-07T17:31:35.445,11,right,10,11,21.5,True,
run_20260807_173028_599500,1991,66,2026-08-07T17:31:35.445,12,right,11,12,21.5,True,
run_20260807_173028_599500,2021,67,2026-08-07T17:31:36.446,1,left,0,1,22.0,True,
run_20260807_173028_599500,2021,67,2026-08-07T17:31:36.446,2,left,1,2,22.5,True,
run_20260807_173028_599500,2021,67,2026-08-07T17:31:36.446,3,left,2,3,22.5,True,
run_20260807_173028_599500,2021,67,2026-08-07T17:31:36.446,4,left,3,4,22.0,True,
run_20260807_173028_599500,2021,67,2026-08-07T17:31:36.446,5,left,4,5,22.5,True,
run_20260807_173028_599500,2021,67,2026-08-07T17:31:36.446,6,left,5,6,22.5,True,
run_20260807_173028_599500,2021,67,2026-08-07T17:31:36.446,7,left,6,7,22.0,True,
run_20260807_173028_599500,2021,67,2026-08-07T17:31:36.446,8,left,7,8,22.0,True,
run_20260807_173028_599500,2021,67,2026-08-07T17:31:36.446,9,left,8,9,22.0,True,
run_20260807_173028_599500,2021,67,2026-08-07T17:31:36.446,10,left,9,10,21.5,True,
run_20260807_173028_599500,2021,67,2026-08-07T17:31:36.446,11,left,10,11,22.0,True,
run_20260807_173028_599500,2021,67,2026-08-07T17:31:36.446,12,left,11,12,21.5,True,
run_20260807_173028_599500,2021,67,2026-08-07T17:31:36.446,1,right,0,1,22.0,True,
run_20260807_173028_599500,2021,67,2026-08-07T17:31:36.446,2,right,1,2,22.5,True,
run_20260807_173028_599500,2021,67,2026-08-07T17:31:36.446,3,right,2,3,22.0,True,
run_20260807_173028_599500,2021,67,2026-08-07T17:31:36.446,4,right,3,4,22.0,True,
run_20260807_173028_599500,2021,67,2026-08-07T17:31:36.446,5,right,4,5,22.5,True,
run_20260807_173028_599500,2021,67,2026-08-07T17:31:36.446,6,right,5,6,22.5,True,
run_20260807_173028_599500,2021,67,2026-08-07T17:31:36.446,7,right,6,7,22.0,True,
run_20260807_173028_599500,2021,67,2026-08-07T17:31:36.446,8,right,7,8,21.5,True,
run_20260807_173028_599500,2021,67,2026-08-07T17:31:36.446,9,right,8,9,22.0,True,
run_20260807_173028_599500,2021,67,2026-08-07T17:31:36.446,10,right,9,10,22.0,True,
run_20260807_173028_599500,2021,67,2026-08-07T17:31:36.446,11,right,10,11,21.5,True,
run_20260807_173028_599500,2021,67,2026-08-07T17:31:36.446,12,right,11,12,21.5,True,
run_20260807_173028_599500,2052,68,2026-08-07T17:31:37.480,1,left,0,1,22.0,True,
run_20260807_173028_599500,2052,68,2026-08-07T17:31:37.480,2,left,1,2,22.5,True,
run_20260807_173028_599500,2052,68,2026-08-07T17:31:37.480,3,left,2,3,22.5,True,
run_20260807_173028_599500,2052,68,2026-08-07T17:31:37.480,4,left,3,4,22.0,True,
run_20260807_173028_599500,2052,68,2026-08-07T17:31:37.480,5,left,4,5,22.5,True,
run_20260807_173028_599500,2052,68,2026-08-07T17:31:37.480,6,left,5,6,22.5,True,
run_20260807_173028_599500,2052,68,2026-08-07T17:31:37.480,7,left,6,7,22.0,True,
run_20260807_173028_599500,2052,68,2026-08-07T17:31:37.480,8,left,7,8,22.0,True,
run_20260807_173028_599500,2052,68,2026-08-07T17:31:37.480,9,left,8,9,22.0,True,
run_20260807_173028_599500,2052,68,2026-08-07T17:31:37.480,10,left,9,10,21.5,True,
run_20260807_173028_599500,2052,68,2026-08-07T17:31:37.480,11,left,10,11,22.0,True,
run_20260807_173028_599500,2052,68,2026-08-07T17:31:37.480,12,left,11,12,21.5,True,
run_20260807_173028_599500,2052,68,2026-08-07T17:31:37.480,1,right,0,1,22.0,True,
run_20260807_173028_599500,2052,68,2026-08-07T17:31:37.480,2,right,1,2,22.5,True,
run_20260807_173028_599500,2052,68,2026-08-07T17:31:37.480,3,right,2,3,22.0,True,
run_20260807_173028_599500,2052,68,2026-08-07T17:31:37.480,4,right,3,4,22.0,True,
run_20260807_173028_599500,2052,68,2026-08-07T17:31:37.480,5,right,4,5,22.5,True,
run_20260807_173028_599500,2052,68,2026-08-07T17:31:37.480,6,right,5,6,22.5,True,
run_20260807_173028_599500,2052,68,2026-08-07T17:31:37.480,7,right,6,7,22.0,True,
run_20260807_173028_599500,2052,68,2026-08-07T17:31:37.480,8,right,7,8,21.5,True,
run_20260807_173028_599500,2052,68,2026-08-07T17:31:37.480,9,right,8,9,22.0,True,
run_20260807_173028_599500,2052,68,2026-08-07T17:31:37.480,10,right,9,10,22.0,True,
run_20260807_173028_599500,2052,68,2026-08-07T17:31:37.480,11,right,10,11,21.5,True,
run_20260807_173028_599500,2052,68,2026-08-07T17:31:37.480,12,right,11,12,21.5,True,
run_20260807_173028_599500,2082,69,2026-08-07T17:31:38.484,1,left,0,1,22.0,True,
run_20260807_173028_599500,2082,69,2026-08-07T17:31:38.484,2,left,1,2,22.5,True,
run_20260807_173028_599500,2082,69,2026-08-07T17:31:38.484,3,left,2,3,22.5,True,
run_20260807_173028_599500,2082,69,2026-08-07T17:31:38.484,4,left,3,4,22.0,True,
run_20260807_173028_599500,2082,69,2026-08-07T17:31:38.484,5,left,4,5,22.5,True,
run_20260807_173028_599500,2082,69,2026-08-07T17:31:38.484,6,left,5,6,22.5,True,
run_20260807_173028_599500,2082,69,2026-08-07T17:31:38.484,7,left,6,7,22.0,True,
run_20260807_173028_599500,2082,69,2026-08-07T17:31:38.484,8,left,7,8,22.0,True,
run_20260807_173028_599500,2082,69,2026-08-07T17:31:38.484,9,left,8,9,22.0,True,
run_20260807_173028_599500,2082,69,2026-08-07T17:31:38.484,10,left,9,10,21.5,True,
run_20260807_173028_599500,2082,69,2026-08-07T17:31:38.484,11,left,10,11,22.0,True,
run_20260807_173028_599500,2082,69,2026-08-07T17:31:38.484,12,left,11,12,21.5,True,
run_20260807_173028_599500,2082,69,2026-08-07T17:31:38.484,1,right,0,1,22.0,True,
run_20260807_173028_599500,2082,69,2026-08-07T17:31:38.484,2,right,1,2,22.5,True,
run_20260807_173028_599500,2082,69,2026-08-07T17:31:38.484,3,right,2,3,22.0,True,
run_20260807_173028_599500,2082,69,2026-08-07T17:31:38.484,4,right,3,4,22.0,True,
run_20260807_173028_599500,2082,69,2026-08-07T17:31:38.484,5,right,4,5,22.5,True,
run_20260807_173028_599500,2082,69,2026-08-07T17:31:38.484,6,right,5,6,22.5,True,
run_20260807_173028_599500,2082,69,2026-08-07T17:31:38.484,7,right,6,7,22.0,True,
run_20260807_173028_599500,2082,69,2026-08-07T17:31:38.484,8,right,7,8,21.5,True,
run_20260807_173028_599500,2082,69,2026-08-07T17:31:38.484,9,right,8,9,22.0,True,
run_20260807_173028_599500,2082,69,2026-08-07T17:31:38.484,10,right,9,10,22.0,True,
run_20260807_173028_599500,2082,69,2026-08-07T17:31:38.484,11,right,10,11,21.5,True,
run_20260807_173028_599500,2082,69,2026-08-07T17:31:38.484,12,right,11,12,21.5,True,
run_20260807_173028_599500,2112,70,2026-08-07T17:31:39.484,1,left,0,1,22.0,True,
run_20260807_173028_599500,2112,70,2026-08-07T17:31:39.484,2,left,1,2,22.5,True,
run_20260807_173028_599500,2112,70,2026-08-07T17:31:39.484,3,left,2,3,22.5,True,
run_20260807_173028_599500,2112,70,2026-08-07T17:31:39.484,4,left,3,4,22.0,True,
run_20260807_173028_599500,2112,70,2026-08-07T17:31:39.484,5,left,4,5,22.5,True,
run_20260807_173028_599500,2112,70,2026-08-07T17:31:39.484,6,left,5,6,22.5,True,
run_20260807_173028_599500,2112,70,2026-08-07T17:31:39.484,7,left,6,7,22.0,True,
run_20260807_173028_599500,2112,70,2026-08-07T17:31:39.484,8,left,7,8,22.0,True,
run_20260807_173028_599500,2112,70,2026-08-07T17:31:39.484,9,left,8,9,22.0,True,
run_20260807_173028_599500,2112,70,2026-08-07T17:31:39.484,10,left,9,10,21.5,True,
run_20260807_173028_599500,2112,70,2026-08-07T17:31:39.484,11,left,10,11,22.0,True,
run_20260807_173028_599500,2112,70,2026-08-07T17:31:39.484,12,left,11,12,21.5,True,
run_20260807_173028_599500,2112,70,2026-08-07T17:31:39.484,1,right,0,1,22.0,True,
run_20260807_173028_599500,2112,70,2026-08-07T17:31:39.484,2,right,1,2,22.5,True,
run_20260807_173028_599500,2112,70,2026-08-07T17:31:39.484,3,right,2,3,22.0,True,
run_20260807_173028_599500,2112,70,2026-08-07T17:31:39.484,4,right,3,4,22.0,True,
run_20260807_173028_599500,2112,70,2026-08-07T17:31:39.484,5,right,4,5,22.5,True,
run_20260807_173028_599500,2112,70,2026-08-07T17:31:39.484,6,right,5,6,22.5,True,
run_20260807_173028_599500,2112,70,2026-08-07T17:31:39.484,7,right,6,7,22.0,True,
run_20260807_173028_599500,2112,70,2026-08-07T17:31:39.484,8,right,7,8,21.5,True,
run_20260807_173028_599500,2112,70,2026-08-07T17:31:39.484,9,right,8,9,22.0,True,
run_20260807_173028_599500,2112,70,2026-08-07T17:31:39.484,10,right,9,10,22.0,True,
run_20260807_173028_599500,2112,70,2026-08-07T17:31:39.484,11,right,10,11,21.5,True,
run_20260807_173028_599500,2112,70,2026-08-07T17:31:39.484,12,right,11,12,21.5,True,
run_20260807_173028_599500,2143,71,2026-08-07T17:31:40.512,1,left,0,1,22.07894736842104,True,
run_20260807_173028_599500,2143,71,2026-08-07T17:31:40.512,2,left,1,2,22.42105263157896,True,
run_20260807_173028_599500,2143,71,2026-08-07T17:31:40.512,3,left,2,3,22.5,True,
run_20260807_173028_599500,2143,71,2026-08-07T17:31:40.512,4,left,3,4,22.0,True,
run_20260807_173028_599500,2143,71,2026-08-07T17:31:40.512,5,left,4,5,22.5,True,
run_20260807_173028_599500,2143,71,2026-08-07T17:31:40.512,6,left,5,6,22.5,True,
run_20260807_173028_599500,2143,71,2026-08-07T17:31:40.512,7,left,6,7,22.0,True,
run_20260807_173028_599500,2143,71,2026-08-07T17:31:40.512,8,left,7,8,22.0,True,
run_20260807_173028_599500,2143,71,2026-08-07T17:31:40.512,9,left,8,9,22.0,True,
run_20260807_173028_599500,2143,71,2026-08-07T17:31:40.512,10,left,9,10,21.5,True,
run_20260807_173028_599500,2143,71,2026-08-07T17:31:40.512,11,left,10,11,22.0,True,
run_20260807_173028_599500,2143,71,2026-08-07T17:31:40.512,12,left,11,12,21.5,True,
run_20260807_173028_599500,2143,71,2026-08-07T17:31:40.512,1,right,0,1,22.0,True,
run_20260807_173028_599500,2143,71,2026-08-07T17:31:40.512,2,right,1,2,22.5,True,
run_20260807_173028_599500,2143,71,2026-08-07T17:31:40.512,3,right,2,3,22.0,True,
run_20260807_173028_599500,2143,71,2026-08-07T17:31:40.512,4,right,3,4,22.0,True,
run_20260807_173028_599500,2143,71,2026-08-07T17:31:40.512,5,right,4,5,22.5,True,
run_20260807_173028_599500,2143,71,2026-08-07T17:31:40.512,6,right,5,6,22.5,True,
run_20260807_173028_599500,2143,71,2026-08-07T17:31:40.512,7,right,6,7,22.0,True,
run_20260807_173028_599500,2143,71,2026-08-07T17:31:40.512,8,right,7,8,21.5,True,
run_20260807_173028_599500,2143,71,2026-08-07T17:31:40.512,9,right,8,9,22.0,True,
run_20260807_173028_599500,2143,71,2026-08-07T17:31:40.512,10,right,9,10,22.0,True,
run_20260807_173028_599500,2143,71,2026-08-07T17:31:40.512,11,right,10,11,21.5,True,
run_20260807_173028_599500,2143,71,2026-08-07T17:31:40.512,12,right,11,12,21.5,True,
run_20260807_173028_599500,2173,72,2026-08-07T17:31:41.513,1,left,0,1,22.0,True,
run_20260807_173028_599500,2173,72,2026-08-07T17:31:41.513,2,left,1,2,22.42105263157896,True,
run_20260807_173028_599500,2173,72,2026-08-07T17:31:41.513,3,left,2,3,22.5,True,
run_20260807_173028_599500,2173,72,2026-08-07T17:31:41.513,4,left,3,4,22.0,True,
run_20260807_173028_599500,2173,72,2026-08-07T17:31:41.513,5,left,4,5,22.5,True,
run_20260807_173028_599500,2173,72,2026-08-07T17:31:41.513,6,left,5,6,22.5,True,
run_20260807_173028_599500,2173,72,2026-08-07T17:31:41.513,7,left,6,7,22.0,True,
run_20260807_173028_599500,2173,72,2026-08-07T17:31:41.513,8,left,7,8,22.0,True,
run_20260807_173028_599500,2173,72,2026-08-07T17:31:41.513,9,left,8,9,22.0,True,
run_20260807_173028_599500,2173,72,2026-08-07T17:31:41.513,10,left,9,10,21.863636363636367,True,
run_20260807_173028_599500,2173,72,2026-08-07T17:31:41.513,11,left,10,11,21.636363636363633,True,
run_20260807_173028_599500,2173,72,2026-08-07T17:31:41.513,12,left,11,12,21.5,True,
run_20260807_173028_599500,2173,72,2026-08-07T17:31:41.513,1,right,0,1,22.0,True,
run_20260807_173028_599500,2173,72,2026-08-07T17:31:41.513,2,right,1,2,22.5,True,
run_20260807_173028_599500,2173,72,2026-08-07T17:31:41.513,3,right,2,3,22.0,True,
run_20260807_173028_599500,2173,72,2026-08-07T17:31:41.513,4,right,3,4,22.071428571428555,True,
run_20260807_173028_599500,2173,72,2026-08-07T17:31:41.513,5,right,4,5,22.428571428571445,True,
run_20260807_173028_599500,2173,72,2026-08-07T17:31:41.513,6,right,5,6,22.5,True,
run_20260807_173028_599500,2173,72,2026-08-07T17:31:41.513,7,right,6,7,22.0,True,
run_20260807_173028_599500,2173,72,2026-08-07T17:31:41.513,8,right,7,8,21.5,True,
run_20260807_173028_599500,2173,72,2026-08-07T17:31:41.513,9,right,8,9,22.0,True,
run_20260807_173028_599500,2173,72,2026-08-07T17:31:41.513,10,right,9,10,22.0,True,
run_20260807_173028_599500,2173,72,2026-08-07T17:31:41.513,11,right,10,11,21.5,True,
run_20260807_173028_599500,2173,72,2026-08-07T17:31:41.513,12,right,11,12,21.5,True,
run_20260807_173028_599500,2204,73,2026-08-07T17:31:42.547,1,left,0,1,22.0,True,
run_20260807_173028_599500,2204,73,2026-08-07T17:31:42.547,2,left,1,2,22.42105263157896,True,
run_20260807_173028_599500,2204,73,2026-08-07T17:31:42.547,3,left,2,3,22.5,True,
run_20260807_173028_599500,2204,73,2026-08-07T17:31:42.547,4,left,3,4,22.0,True,
run_20260807_173028_599500,2204,73,2026-08-07T17:31:42.547,5,left,4,5,23.0,True,
run_20260807_173028_599500,2204,73,2026-08-07T17:31:42.547,6,left,5,6,22.0,True,
run_20260807_173028_599500,2204,73,2026-08-07T17:31:42.547,7,left,6,7,22.0,True,
run_20260807_173028_599500,2204,73,2026-08-07T17:31:42.547,8,left,7,8,22.0,True,
run_20260807_173028_599500,2204,73,2026-08-07T17:31:42.547,9,left,8,9,22.0,True,
run_20260807_173028_599500,2204,73,2026-08-07T17:31:42.547,10,left,9,10,22.0,True,
run_20260807_173028_599500,2204,73,2026-08-07T17:31:42.547,11,left,10,11,21.5,True,
run_20260807_173028_599500,2204,73,2026-08-07T17:31:42.547,12,left,11,12,21.5,True,
run_20260807_173028_599500,2204,73,2026-08-07T17:31:42.547,1,right,0,1,22.0,True,
run_20260807_173028_599500,2204,73,2026-08-07T17:31:42.547,2,right,1,2,22.5,True,
run_20260807_173028_599500,2204,73,2026-08-07T17:31:42.547,3,right,2,3,22.0,True,
run_20260807_173028_599500,2204,73,2026-08-07T17:31:42.547,4,right,3,4,22.0,True,
run_20260807_173028_599500,2204,73,2026-08-07T17:31:42.547,5,right,4,5,22.5,True,
run_20260807_173028_599500,2204,73,2026-08-07T17:31:42.547,6,right,5,6,22.5,True,
run_20260807_173028_599500,2204,73,2026-08-07T17:31:42.547,7,right,6,7,22.0,True,
run_20260807_173028_599500,2204,73,2026-08-07T17:31:42.547,8,right,7,8,21.5,True,
run_20260807_173028_599500,2204,73,2026-08-07T17:31:42.547,9,right,8,9,22.0,True,
run_20260807_173028_599500,2204,73,2026-08-07T17:31:42.547,10,right,9,10,22.0,True,
run_20260807_173028_599500,2204,73,2026-08-07T17:31:42.547,11,right,10,11,21.5,True,
run_20260807_173028_599500,2204,73,2026-08-07T17:31:42.547,12,right,11,12,21.5,True,
run_20260807_173028_599500,2235,74,2026-08-07T17:31:43.578,1,left,0,1,22.0,True,
run_20260807_173028_599500,2235,74,2026-08-07T17:31:43.578,2,left,1,2,22.42105263157896,True,
run_20260807_173028_599500,2235,74,2026-08-07T17:31:43.578,3,left,2,3,22.5,True,
run_20260807_173028_599500,2235,74,2026-08-07T17:31:43.578,4,left,3,4,22.0,True,
run_20260807_173028_599500,2235,74,2026-08-07T17:31:43.578,5,left,4,5,22.5,True,
run_20260807_173028_599500,2235,74,2026-08-07T17:31:43.578,6,left,5,6,22.5,True,
run_20260807_173028_599500,2235,74,2026-08-07T17:31:43.578,7,left,6,7,22.0,True,
run_20260807_173028_599500,2235,74,2026-08-07T17:31:43.578,8,left,7,8,22.0,True,
run_20260807_173028_599500,2235,74,2026-08-07T17:31:43.578,9,left,8,9,22.0,True,
run_20260807_173028_599500,2235,74,2026-08-07T17:31:43.578,10,left,9,10,21.5,True,
run_20260807_173028_599500,2235,74,2026-08-07T17:31:43.578,11,left,10,11,22.0,True,
run_20260807_173028_599500,2235,74,2026-08-07T17:31:43.578,12,left,11,12,21.5,True,
run_20260807_173028_599500,2235,74,2026-08-07T17:31:43.578,1,right,0,1,22.0,True,
run_20260807_173028_599500,2235,74,2026-08-07T17:31:43.578,2,right,1,2,22.5,True,
run_20260807_173028_599500,2235,74,2026-08-07T17:31:43.578,3,right,2,3,22.0,True,
run_20260807_173028_599500,2235,74,2026-08-07T17:31:43.578,4,right,3,4,22.0,True,
run_20260807_173028_599500,2235,74,2026-08-07T17:31:43.578,5,right,4,5,22.5,True,
run_20260807_173028_599500,2235,74,2026-08-07T17:31:43.578,6,right,5,6,22.5,True,
run_20260807_173028_599500,2235,74,2026-08-07T17:31:43.578,7,right,6,7,22.0,True,
run_20260807_173028_599500,2235,74,2026-08-07T17:31:43.578,8,right,7,8,21.5,True,
run_20260807_173028_599500,2235,74,2026-08-07T17:31:43.578,9,right,8,9,22.0,True,
run_20260807_173028_599500,2235,74,2026-08-07T17:31:43.578,10,right,9,10,22.0,True,
run_20260807_173028_599500,2235,74,2026-08-07T17:31:43.578,11,right,10,11,21.5,True,
run_20260807_173028_599500,2235,74,2026-08-07T17:31:43.578,12,right,11,12,21.5,True,
run_20260807_173028_599500,2265,75,2026-08-07T17:31:44.584,1,left,0,1,22.0,True,
run_20260807_173028_599500,2265,75,2026-08-07T17:31:44.584,2,left,1,2,22.5,True,
run_20260807_173028_599500,2265,75,2026-08-07T17:31:44.584,3,left,2,3,22.5,True,
run_20260807_173028_599500,2265,75,2026-08-07T17:31:44.584,4,left,3,4,22.0,True,
run_20260807_173028_599500,2265,75,2026-08-07T17:31:44.584,5,left,4,5,22.5,True,
run_20260807_173028_599500,2265,75,2026-08-07T17:31:44.584,6,left,5,6,22.5,True,
run_20260807_173028_599500,2265,75,2026-08-07T17:31:44.584,7,left,6,7,22.0,True,
run_20260807_173028_599500,2265,75,2026-08-07T17:31:44.584,8,left,7,8,22.0,True,
run_20260807_173028_599500,2265,75,2026-08-07T17:31:44.584,9,left,8,9,22.0,True,
run_20260807_173028_599500,2265,75,2026-08-07T17:31:44.584,10,left,9,10,21.5,True,
run_20260807_173028_599500,2265,75,2026-08-07T17:31:44.584,11,left,10,11,22.0,True,
run_20260807_173028_599500,2265,75,2026-08-07T17:31:44.584,12,left,11,12,21.5,True,
run_20260807_173028_599500,2265,75,2026-08-07T17:31:44.584,1,right,0,1,22.0,True,
run_20260807_173028_599500,2265,75,2026-08-07T17:31:44.584,2,right,1,2,22.5,True,
run_20260807_173028_599500,2265,75,2026-08-07T17:31:44.584,3,right,2,3,22.0,True,
run_20260807_173028_599500,2265,75,2026-08-07T17:31:44.584,4,right,3,4,22.0,True,
run_20260807_173028_599500,2265,75,2026-08-07T17:31:44.584,5,right,4,5,22.5,True,
run_20260807_173028_599500,2265,75,2026-08-07T17:31:44.584,6,right,5,6,22.5,True,
run_20260807_173028_599500,2265,75,2026-08-07T17:31:44.584,7,right,6,7,22.0,True,
run_20260807_173028_599500,2265,75,2026-08-07T17:31:44.584,8,right,7,8,21.5,True,
run_20260807_173028_599500,2265,75,2026-08-07T17:31:44.584,9,right,8,9,22.0,True,
run_20260807_173028_599500,2265,75,2026-08-07T17:31:44.584,10,right,9,10,22.0,True,
run_20260807_173028_599500,2265,75,2026-08-07T17:31:44.584,11,right,10,11,21.5,True,
run_20260807_173028_599500,2265,75,2026-08-07T17:31:44.584,12,right,11,12,21.5,True,
run_20260807_173028_599500,2296,76,2026-08-07T17:31:45.616,1,left,0,1,22.0,True,
run_20260807_173028_599500,2296,76,2026-08-07T17:31:45.616,2,left,1,2,22.5,True,
run_20260807_173028_599500,2296,76,2026-08-07T17:31:45.616,3,left,2,3,22.5,True,
run_20260807_173028_599500,2296,76,2026-08-07T17:31:45.616,4,left,3,4,22.0,True,
run_20260807_173028_599500,2296,76,2026-08-07T17:31:45.616,5,left,4,5,22.5,True,
run_20260807_173028_599500,2296,76,2026-08-07T17:31:45.616,6,left,5,6,22.5,True,
run_20260807_173028_599500,2296,76,2026-08-07T17:31:45.616,7,left,6,7,22.0,True,
run_20260807_173028_599500,2296,76,2026-08-07T17:31:45.616,8,left,7,8,22.0,True,
run_20260807_173028_599500,2296,76,2026-08-07T17:31:45.616,9,left,8,9,21.86363636363636,True,
run_20260807_173028_599500,2296,76,2026-08-07T17:31:45.616,10,left,9,10,21.63636363636364,True,
run_20260807_173028_599500,2296,76,2026-08-07T17:31:45.616,11,left,10,11,22.0,True,
run_20260807_173028_599500,2296,76,2026-08-07T17:31:45.616,12,left,11,12,21.5,True,
run_20260807_173028_599500,2296,76,2026-08-07T17:31:45.616,1,right,0,1,22.0,True,
run_20260807_173028_599500,2296,76,2026-08-07T17:31:45.616,2,right,1,2,22.5,True,
run_20260807_173028_599500,2296,76,2026-08-07T17:31:45.616,3,right,2,3,22.0,True,
run_20260807_173028_599500,2296,76,2026-08-07T17:31:45.616,4,right,3,4,22.0,True,
run_20260807_173028_599500,2296,76,2026-08-07T17:31:45.616,5,right,4,5,22.5,True,
run_20260807_173028_599500,2296,76,2026-08-07T17:31:45.616,6,right,5,6,22.5,True,
run_20260807_173028_599500,2296,76,2026-08-07T17:31:45.616,7,right,6,7,22.0,True,
run_20260807_173028_599500,2296,76,2026-08-07T17:31:45.616,8,right,7,8,21.5,True,
run_20260807_173028_599500,2296,76,2026-08-07T17:31:45.616,9,right,8,9,22.0,True,
run_20260807_173028_599500,2296,76,2026-08-07T17:31:45.616,10,right,9,10,22.0,True,
run_20260807_173028_599500,2296,76,2026-08-07T17:31:45.616,11,right,10,11,21.5,True,
run_20260807_173028_599500,2296,76,2026-08-07T17:31:45.616,12,right,11,12,21.5,True,
run_20260807_173028_599500,2327,77,2026-08-07T17:31:46.645,1,left,0,1,22.0,True,
run_20260807_173028_599500,2327,77,2026-08-07T17:31:46.645,2,left,1,2,22.5,True,
run_20260807_173028_599500,2327,77,2026-08-07T17:31:46.645,3,left,2,3,22.5,True,
run_20260807_173028_599500,2327,77,2026-08-07T17:31:46.645,4,left,3,4,22.0,True,
run_20260807_173028_599500,2327,77,2026-08-07T17:31:46.645,5,left,4,5,22.5,True,
run_20260807_173028_599500,2327,77,2026-08-07T17:31:46.645,6,left,5,6,22.5,True,
run_20260807_173028_599500,2327,77,2026-08-07T17:31:46.645,7,left,6,7,22.0,True,
run_20260807_173028_599500,2327,77,2026-08-07T17:31:46.645,8,left,7,8,22.0,True,
run_20260807_173028_599500,2327,77,2026-08-07T17:31:46.645,9,left,8,9,21.65384615384616,True,
run_20260807_173028_599500,2327,77,2026-08-07T17:31:46.645,10,left,9,10,21.84615384615384,True,
run_20260807_173028_599500,2327,77,2026-08-07T17:31:46.645,11,left,10,11,22.0,True,
run_20260807_173028_599500,2327,77,2026-08-07T17:31:46.645,12,left,11,12,21.5,True,
run_20260807_173028_599500,2327,77,2026-08-07T17:31:46.645,1,right,0,1,22.0,True,
run_20260807_173028_599500,2327,77,2026-08-07T17:31:46.645,2,right,1,2,22.5,True,
run_20260807_173028_599500,2327,77,2026-08-07T17:31:46.645,3,right,2,3,22.0,True,
run_20260807_173028_599500,2327,77,2026-08-07T17:31:46.645,4,right,3,4,22.0,True,
run_20260807_173028_599500,2327,77,2026-08-07T17:31:46.645,5,right,4,5,22.5,True,
run_20260807_173028_599500,2327,77,2026-08-07T17:31:46.645,6,right,5,6,22.5,True,
run_20260807_173028_599500,2327,77,2026-08-07T17:31:46.645,7,right,6,7,22.0,True,
run_20260807_173028_599500,2327,77,2026-08-07T17:31:46.645,8,right,7,8,21.5,True,
run_20260807_173028_599500,2327,77,2026-08-07T17:31:46.645,9,right,8,9,22.0,True,
run_20260807_173028_599500,2327,77,2026-08-07T17:31:46.645,10,right,9,10,22.0,True,
run_20260807_173028_599500,2327,77,2026-08-07T17:31:46.645,11,right,10,11,21.5,True,
run_20260807_173028_599500,2327,77,2026-08-07T17:31:46.645,12,right,11,12,21.5,True,
run_20260807_173028_599500,2357,78,2026-08-07T17:31:47.647,1,left,0,1,22.0,True,
run_20260807_173028_599500,2357,78,2026-08-07T17:31:47.647,2,left,1,2,22.5,True,
run_20260807_173028_599500,2357,78,2026-08-07T17:31:47.647,3,left,2,3,22.5,True,
run_20260807_173028_599500,2357,78,2026-08-07T17:31:47.647,4,left,3,4,22.0,True,
run_20260807_173028_599500,2357,78,2026-08-07T17:31:47.647,5,left,4,5,22.5,True,
run_20260807_173028_599500,2357,78,2026-08-07T17:31:47.647,6,left,5,6,22.5,True,
run_20260807_173028_599500,2357,78,2026-08-07T17:31:47.647,7,left,6,7,22.0,True,
run_20260807_173028_599500,2357,78,2026-08-07T17:31:47.647,8,left,7,8,22.0,True,
run_20260807_173028_599500,2357,78,2026-08-07T17:31:47.647,9,left,8,9,21.86363636363636,True,
run_20260807_173028_599500,2357,78,2026-08-07T17:31:47.647,10,left,9,10,21.63636363636364,True,
run_20260807_173028_599500,2357,78,2026-08-07T17:31:47.647,11,left,10,11,22.0,True,
run_20260807_173028_599500,2357,78,2026-08-07T17:31:47.647,12,left,11,12,21.5,True,
run_20260807_173028_599500,2357,78,2026-08-07T17:31:47.647,1,right,0,1,22.0,True,
run_20260807_173028_599500,2357,78,2026-08-07T17:31:47.647,2,right,1,2,22.5,True,
run_20260807_173028_599500,2357,78,2026-08-07T17:31:47.647,3,right,2,3,22.0,True,
run_20260807_173028_599500,2357,78,2026-08-07T17:31:47.647,4,right,3,4,22.0,True,
run_20260807_173028_599500,2357,78,2026-08-07T17:31:47.647,5,right,4,5,22.5,True,
run_20260807_173028_599500,2357,78,2026-08-07T17:31:47.647,6,right,5,6,22.5,True,
run_20260807_173028_599500,2357,78,2026-08-07T17:31:47.647,7,right,6,7,22.0,True,
run_20260807_173028_599500,2357,78,2026-08-07T17:31:47.647,8,right,7,8,21.5,True,
run_20260807_173028_599500,2357,78,2026-08-07T17:31:47.647,9,right,8,9,22.0,True,
run_20260807_173028_599500,2357,78,2026-08-07T17:31:47.647,10,right,9,10,22.0,True,
run_20260807_173028_599500,2357,78,2026-08-07T17:31:47.647,11,right,10,11,21.5,True,
run_20260807_173028_599500,2357,78,2026-08-07T17:31:47.647,12,right,11,12,21.5,True,
run_20260807_173028_599500,2388,79,2026-08-07T17:31:48.680,1,left,0,1,22.0,True,
run_20260807_173028_599500,2388,79,2026-08-07T17:31:48.680,2,left,1,2,22.5,True,
run_20260807_173028_599500,2388,79,2026-08-07T17:31:48.680,3,left,2,3,22.5,True,
run_20260807_173028_599500,2388,79,2026-08-07T17:31:48.680,4,left,3,4,22.0,True,
run_20260807_173028_599500,2388,79,2026-08-07T17:31:48.680,5,left,4,5,22.5,True,
run_20260807_173028_599500,2388,79,2026-08-07T17:31:48.680,6,left,5,6,22.5,True,
run_20260807_173028_599500,2388,79,2026-08-07T17:31:48.680,7,left,6,7,22.0,True,
run_20260807_173028_599500,2388,79,2026-08-07T17:31:48.680,8,left,7,8,22.0,True,
run_20260807_173028_599500,2388,79,2026-08-07T17:31:48.680,9,left,8,9,22.0,True,
run_20260807_173028_599500,2388,79,2026-08-07T17:31:48.680,10,left,9,10,21.5,True,
run_20260807_173028_599500,2388,79,2026-08-07T17:31:48.680,11,left,10,11,22.0,True,
run_20260807_173028_599500,2388,79,2026-08-07T17:31:48.680,12,left,11,12,21.5,True,
run_20260807_173028_599500,2388,79,2026-08-07T17:31:48.680,1,right,0,1,22.0,True,
run_20260807_173028_599500,2388,79,2026-08-07T17:31:48.680,2,right,1,2,22.5,True,
run_20260807_173028_599500,2388,79,2026-08-07T17:31:48.680,3,right,2,3,22.0,True,
run_20260807_173028_599500,2388,79,2026-08-07T17:31:48.680,4,right,3,4,22.0,True,
run_20260807_173028_599500,2388,79,2026-08-07T17:31:48.680,5,right,4,5,22.5,True,
run_20260807_173028_599500,2388,79,2026-08-07T17:31:48.680,6,right,5,6,22.5,True,
run_20260807_173028_599500,2388,79,2026-08-07T17:31:48.680,7,right,6,7,22.0,True,
run_20260807_173028_599500,2388,79,2026-08-07T17:31:48.680,8,right,7,8,21.5,True,
run_20260807_173028_599500,2388,79,2026-08-07T17:31:48.680,9,right,8,9,22.0,True,
run_20260807_173028_599500,2388,79,2026-08-07T17:31:48.680,10,right,9,10,22.0,True,
run_20260807_173028_599500,2388,79,2026-08-07T17:31:48.680,11,right,10,11,21.5,True,
run_20260807_173028_599500,2388,79,2026-08-07T17:31:48.680,12,right,11,12,21.5,True,
run_20260807_173028_599500,2419,80,2026-08-07T17:31:49.712,1,left,0,1,22.0,True,
run_20260807_173028_599500,2419,80,2026-08-07T17:31:49.712,2,left,1,2,22.5,True,
run_20260807_173028_599500,2419,80,2026-08-07T17:31:49.712,3,left,2,3,22.5,True,
run_20260807_173028_599500,2419,80,2026-08-07T17:31:49.712,4,left,3,4,22.0,True,
run_20260807_173028_599500,2419,80,2026-08-07T17:31:49.712,5,left,4,5,22.5,True,
run_20260807_173028_599500,2419,80,2026-08-07T17:31:49.712,6,left,5,6,22.5,True,
run_20260807_173028_599500,2419,80,2026-08-07T17:31:49.712,7,left,6,7,22.0,True,
run_20260807_173028_599500,2419,80,2026-08-07T17:31:49.712,8,left,7,8,22.0,True,
run_20260807_173028_599500,2419,80,2026-08-07T17:31:49.712,9,left,8,9,22.0,True,
run_20260807_173028_599500,2419,80,2026-08-07T17:31:49.712,10,left,9,10,21.5,True,
run_20260807_173028_599500,2419,80,2026-08-07T17:31:49.712,11,left,10,11,22.0,True,
run_20260807_173028_599500,2419,80,2026-08-07T17:31:49.712,12,left,11,12,21.5,True,
run_20260807_173028_599500,2419,80,2026-08-07T17:31:49.712,1,right,0,1,22.0,True,
run_20260807_173028_599500,2419,80,2026-08-07T17:31:49.712,2,right,1,2,22.5,True,
run_20260807_173028_599500,2419,80,2026-08-07T17:31:49.712,3,right,2,3,22.0,True,
run_20260807_173028_599500,2419,80,2026-08-07T17:31:49.712,4,right,3,4,22.0,True,
run_20260807_173028_599500,2419,80,2026-08-07T17:31:49.712,5,right,4,5,22.5,True,
run_20260807_173028_599500,2419,80,2026-08-07T17:31:49.712,6,right,5,6,22.5,True,
run_20260807_173028_599500,2419,80,2026-08-07T17:31:49.712,7,right,6,7,22.0,True,
run_20260807_173028_599500,2419,80,2026-08-07T17:31:49.712,8,right,7,8,22.0,True,
run_20260807_173028_599500,2419,80,2026-08-07T17:31:49.712,9,right,8,9,21.5,True,
run_20260807_173028_599500,2419,80,2026-08-07T17:31:49.712,10,right,9,10,22.0,True,
run_20260807_173028_599500,2419,80,2026-08-07T17:31:49.712,11,right,10,11,21.5,True,
run_20260807_173028_599500,2419,80,2026-08-07T17:31:49.712,12,right,11,12,21.5,True,
run_20260807_173028_599500,2449,81,2026-08-07T17:31:50.720,1,left,0,1,22.0,True,
run_20260807_173028_599500,2449,81,2026-08-07T17:31:50.720,2,left,1,2,22.5,True,
run_20260807_173028_599500,2449,81,2026-08-07T17:31:50.720,3,left,2,3,22.5,True,
run_20260807_173028_599500,2449,81,2026-08-07T17:31:50.720,4,left,3,4,22.0,True,
run_20260807_173028_599500,2449,81,2026-08-07T17:31:50.720,5,left,4,5,22.5,True,
run_20260807_173028_599500,2449,81,2026-08-07T17:31:50.720,6,left,5,6,22.5,True,
run_20260807_173028_599500,2449,81,2026-08-07T17:31:50.720,7,left,6,7,22.0,True,
run_20260807_173028_599500,2449,81,2026-08-07T17:31:50.720,8,left,7,8,22.0,True,
run_20260807_173028_599500,2449,81,2026-08-07T17:31:50.720,9,left,8,9,22.0,True,
run_20260807_173028_599500,2449,81,2026-08-07T17:31:50.720,10,left,9,10,21.5,True,
run_20260807_173028_599500,2449,81,2026-08-07T17:31:50.720,11,left,10,11,22.0,True,
run_20260807_173028_599500,2449,81,2026-08-07T17:31:50.720,12,left,11,12,21.5,True,
run_20260807_173028_599500,2449,81,2026-08-07T17:31:50.720,1,right,0,1,22.0,True,
run_20260807_173028_599500,2449,81,2026-08-07T17:31:50.720,2,right,1,2,22.5,True,
run_20260807_173028_599500,2449,81,2026-08-07T17:31:50.720,3,right,2,3,22.0,True,
run_20260807_173028_599500,2449,81,2026-08-07T17:31:50.720,4,right,3,4,22.0,True,
run_20260807_173028_599500,2449,81,2026-08-07T17:31:50.720,5,right,4,5,22.5,True,
run_20260807_173028_599500,2449,81,2026-08-07T17:31:50.720,6,right,5,6,22.5,True,
run_20260807_173028_599500,2449,81,2026-08-07T17:31:50.720,7,right,6,7,22.0,True,
run_20260807_173028_599500,2449,81,2026-08-07T17:31:50.720,8,right,7,8,22.0,True,
run_20260807_173028_599500,2449,81,2026-08-07T17:31:50.720,9,right,8,9,21.5,True,
run_20260807_173028_599500,2449,81,2026-08-07T17:31:50.720,10,right,9,10,22.0,True,
run_20260807_173028_599500,2449,81,2026-08-07T17:31:50.720,11,right,10,11,21.5,True,
run_20260807_173028_599500,2449,81,2026-08-07T17:31:50.720,12,right,11,12,21.5,True,
run_20260807_173028_599500,2480,82,2026-08-07T17:31:51.749,1,left,0,1,22.0,True,
run_20260807_173028_599500,2480,82,2026-08-07T17:31:51.749,2,left,1,2,22.5,True,
run_20260807_173028_599500,2480,82,2026-08-07T17:31:51.749,3,left,2,3,22.5,True,
run_20260807_173028_599500,2480,82,2026-08-07T17:31:51.749,4,left,3,4,22.0,True,
run_20260807_173028_599500,2480,82,2026-08-07T17:31:51.749,5,left,4,5,22.5,True,
run_20260807_173028_599500,2480,82,2026-08-07T17:31:51.749,6,left,5,6,22.5,True,
run_20260807_173028_599500,2480,82,2026-08-07T17:31:51.749,7,left,6,7,22.0,True,
run_20260807_173028_599500,2480,82,2026-08-07T17:31:51.749,8,left,7,8,22.0,True,
run_20260807_173028_599500,2480,82,2026-08-07T17:31:51.749,9,left,8,9,22.0,True,
run_20260807_173028_599500,2480,82,2026-08-07T17:31:51.749,10,left,9,10,21.5,True,
run_20260807_173028_599500,2480,82,2026-08-07T17:31:51.749,11,left,10,11,22.0,True,
run_20260807_173028_599500,2480,82,2026-08-07T17:31:51.749,12,left,11,12,21.5,True,
run_20260807_173028_599500,2480,82,2026-08-07T17:31:51.749,1,right,0,1,22.0,True,
run_20260807_173028_599500,2480,82,2026-08-07T17:31:51.749,2,right,1,2,22.5,True,
run_20260807_173028_599500,2480,82,2026-08-07T17:31:51.749,3,right,2,3,22.0,True,
run_20260807_173028_599500,2480,82,2026-08-07T17:31:51.749,4,right,3,4,22.0,True,
run_20260807_173028_599500,2480,82,2026-08-07T17:31:51.749,5,right,4,5,22.5,True,
run_20260807_173028_599500,2480,82,2026-08-07T17:31:51.749,6,right,5,6,22.5,True,
run_20260807_173028_599500,2480,82,2026-08-07T17:31:51.749,7,right,6,7,22.0,True,
run_20260807_173028_599500,2480,82,2026-08-07T17:31:51.749,8,right,7,8,22.0,True,
run_20260807_173028_599500,2480,82,2026-08-07T17:31:51.749,9,right,8,9,21.5,True,
run_20260807_173028_599500,2480,82,2026-08-07T17:31:51.749,10,right,9,10,22.0,True,
run_20260807_173028_599500,2480,82,2026-08-07T17:31:51.749,11,right,10,11,21.5,True,
run_20260807_173028_599500,2480,82,2026-08-07T17:31:51.749,12,right,11,12,21.5,True,
run_20260807_173028_599500,2511,83,2026-08-07T17:31:52.778,1,left,0,1,22.0,True,
run_20260807_173028_599500,2511,83,2026-08-07T17:31:52.778,2,left,1,2,22.5,True,
run_20260807_173028_599500,2511,83,2026-08-07T17:31:52.778,3,left,2,3,22.5,True,
run_20260807_173028_599500,2511,83,2026-08-07T17:31:52.778,4,left,3,4,22.0,True,
run_20260807_173028_599500,2511,83,2026-08-07T17:31:52.778,5,left,4,5,22.5,True,
run_20260807_173028_599500,2511,83,2026-08-07T17:31:52.778,6,left,5,6,22.5,True,
run_20260807_173028_599500,2511,83,2026-08-07T17:31:52.778,7,left,6,7,22.0,True,
run_20260807_173028_599500,2511,83,2026-08-07T17:31:52.778,8,left,7,8,22.0,True,
run_20260807_173028_599500,2511,83,2026-08-07T17:31:52.778,9,left,8,9,21.86363636363636,True,
run_20260807_173028_599500,2511,83,2026-08-07T17:31:52.778,10,left,9,10,21.63636363636364,True,
run_20260807_173028_599500,2511,83,2026-08-07T17:31:52.778,11,left,10,11,22.0,True,
run_20260807_173028_599500,2511,83,2026-08-07T17:31:52.778,12,left,11,12,21.5,True,
run_20260807_173028_599500,2511,83,2026-08-07T17:31:52.778,1,right,0,1,22.0,True,
run_20260807_173028_599500,2511,83,2026-08-07T17:31:52.778,2,right,1,2,22.5,True,
run_20260807_173028_599500,2511,83,2026-08-07T17:31:52.778,3,right,2,3,22.0,True,
run_20260807_173028_599500,2511,83,2026-08-07T17:31:52.778,4,right,3,4,22.0,True,
run_20260807_173028_599500,2511,83,2026-08-07T17:31:52.778,5,right,4,5,22.5,True,
run_20260807_173028_599500,2511,83,2026-08-07T17:31:52.778,6,right,5,6,22.5,True,
run_20260807_173028_599500,2511,83,2026-08-07T17:31:52.778,7,right,6,7,22.0,True,
run_20260807_173028_599500,2511,83,2026-08-07T17:31:52.778,8,right,7,8,21.5,True,
run_20260807_173028_599500,2511,83,2026-08-07T17:31:52.778,9,right,8,9,22.0,True,
run_20260807_173028_599500,2511,83,2026-08-07T17:31:52.778,10,right,9,10,22.0,True,
run_20260807_173028_599500,2511,83,2026-08-07T17:31:52.778,11,right,10,11,21.5,True,
run_20260807_173028_599500,2511,83,2026-08-07T17:31:52.778,12,right,11,12,21.5,True,
run_20260807_173028_599500,2541,84,2026-08-07T17:31:53.780,1,left,0,1,22.0,True,
run_20260807_173028_599500,2541,84,2026-08-07T17:31:53.780,2,left,1,2,22.5,True,
run_20260807_173028_599500,2541,84,2026-08-07T17:31:53.780,3,left,2,3,22.5,True,
run_20260807_173028_599500,2541,84,2026-08-07T17:31:53.780,4,left,3,4,22.0,True,
run_20260807_173028_599500,2541,84,2026-08-07T17:31:53.780,5,left,4,5,22.5,True,
run_20260807_173028_599500,2541,84,2026-08-07T17:31:53.780,6,left,5,6,22.5,True,
run_20260807_173028_599500,2541,84,2026-08-07T17:31:53.780,7,left,6,7,22.0,True,
run_20260807_173028_599500,2541,84,2026-08-07T17:31:53.780,8,left,7,8,22.0,True,
run_20260807_173028_599500,2541,84,2026-08-07T17:31:53.780,9,left,8,9,21.65384615384616,True,
run_20260807_173028_599500,2541,84,2026-08-07T17:31:53.780,10,left,9,10,21.84615384615384,True,
run_20260807_173028_599500,2541,84,2026-08-07T17:31:53.780,11,left,10,11,22.0,True,
run_20260807_173028_599500,2541,84,2026-08-07T17:31:53.780,12,left,11,12,21.5,True,
run_20260807_173028_599500,2541,84,2026-08-07T17:31:53.780,1,right,0,1,22.0,True,
run_20260807_173028_599500,2541,84,2026-08-07T17:31:53.780,2,right,1,2,22.5,True,
run_20260807_173028_599500,2541,84,2026-08-07T17:31:53.780,3,right,2,3,22.0,True,
run_20260807_173028_599500,2541,84,2026-08-07T17:31:53.780,4,right,3,4,22.0,True,
run_20260807_173028_599500,2541,84,2026-08-07T17:31:53.780,5,right,4,5,22.5,True,
run_20260807_173028_599500,2541,84,2026-08-07T17:31:53.780,6,right,5,6,22.5,True,
run_20260807_173028_599500,2541,84,2026-08-07T17:31:53.780,7,right,6,7,22.0,True,
run_20260807_173028_599500,2541,84,2026-08-07T17:31:53.780,8,right,7,8,21.5,True,
run_20260807_173028_599500,2541,84,2026-08-07T17:31:53.780,9,right,8,9,22.0,True,
run_20260807_173028_599500,2541,84,2026-08-07T17:31:53.780,10,right,9,10,22.0,True,
run_20260807_173028_599500,2541,84,2026-08-07T17:31:53.780,11,right,10,11,21.5,True,
run_20260807_173028_599500,2541,84,2026-08-07T17:31:53.780,12,right,11,12,21.5,True,
run_20260807_173028_599500,2572,85,2026-08-07T17:31:54.813,1,left,0,1,22.0,True,
run_20260807_173028_599500,2572,85,2026-08-07T17:31:54.813,2,left,1,2,22.5,True,
run_20260807_173028_599500,2572,85,2026-08-07T17:31:54.813,3,left,2,3,22.5,True,
run_20260807_173028_599500,2572,85,2026-08-07T17:31:54.813,4,left,3,4,22.0,True,
run_20260807_173028_599500,2572,85,2026-08-07T17:31:54.813,5,left,4,5,22.5,True,
run_20260807_173028_599500,2572,85,2026-08-07T17:31:54.813,6,left,5,6,22.5,True,
run_20260807_173028_599500,2572,85,2026-08-07T17:31:54.813,7,left,6,7,22.0,True,
run_20260807_173028_599500,2572,85,2026-08-07T17:31:54.813,8,left,7,8,22.0,True,
run_20260807_173028_599500,2572,85,2026-08-07T17:31:54.813,9,left,8,9,22.0,True,
run_20260807_173028_599500,2572,85,2026-08-07T17:31:54.813,10,left,9,10,21.5,True,
run_20260807_173028_599500,2572,85,2026-08-07T17:31:54.813,11,left,10,11,22.0,True,
run_20260807_173028_599500,2572,85,2026-08-07T17:31:54.813,12,left,11,12,21.5,True,
run_20260807_173028_599500,2572,85,2026-08-07T17:31:54.813,1,right,0,1,22.0,True,
run_20260807_173028_599500,2572,85,2026-08-07T17:31:54.813,2,right,1,2,22.5,True,
run_20260807_173028_599500,2572,85,2026-08-07T17:31:54.813,3,right,2,3,22.0,True,
run_20260807_173028_599500,2572,85,2026-08-07T17:31:54.813,4,right,3,4,22.0,True,
run_20260807_173028_599500,2572,85,2026-08-07T17:31:54.813,5,right,4,5,22.5,True,
run_20260807_173028_599500,2572,85,2026-08-07T17:31:54.813,6,right,5,6,22.5,True,
run_20260807_173028_599500,2572,85,2026-08-07T17:31:54.813,7,right,6,7,22.0,True,
run_20260807_173028_599500,2572,85,2026-08-07T17:31:54.813,8,right,7,8,22.0,True,
run_20260807_173028_599500,2572,85,2026-08-07T17:31:54.813,9,right,8,9,21.5,True,
run_20260807_173028_599500,2572,85,2026-08-07T17:31:54.813,10,right,9,10,22.0,True,
run_20260807_173028_599500,2572,85,2026-08-07T17:31:54.813,11,right,10,11,21.5,True,
run_20260807_173028_599500,2572,85,2026-08-07T17:31:54.813,12,right,11,12,21.5,True,
run_20260807_173028_599500,2603,86,2026-08-07T17:31:55.845,1,left,0,1,22.0,True,
run_20260807_173028_599500,2603,86,2026-08-07T17:31:55.845,2,left,1,2,22.5,True,
run_20260807_173028_599500,2603,86,2026-08-07T17:31:55.845,3,left,2,3,22.5,True,
run_20260807_173028_599500,2603,86,2026-08-07T17:31:55.845,4,left,3,4,22.0,True,
run_20260807_173028_599500,2603,86,2026-08-07T17:31:55.845,5,left,4,5,22.5,True,
run_20260807_173028_599500,2603,86,2026-08-07T17:31:55.845,6,left,5,6,22.5,True,
run_20260807_173028_599500,2603,86,2026-08-07T17:31:55.845,7,left,6,7,22.0,True,
run_20260807_173028_599500,2603,86,2026-08-07T17:31:55.845,8,left,7,8,22.0,True,
run_20260807_173028_599500,2603,86,2026-08-07T17:31:55.845,9,left,8,9,21.57142857142857,True,
run_20260807_173028_599500,2603,86,2026-08-07T17:31:55.845,10,left,9,10,21.92857142857143,True,
run_20260807_173028_599500,2603,86,2026-08-07T17:31:55.845,11,left,10,11,22.0,True,
run_20260807_173028_599500,2603,86,2026-08-07T17:31:55.845,12,left,11,12,21.5,True,
run_20260807_173028_599500,2603,86,2026-08-07T17:31:55.845,1,right,0,1,22.0,True,
run_20260807_173028_599500,2603,86,2026-08-07T17:31:55.845,2,right,1,2,22.5,True,
run_20260807_173028_599500,2603,86,2026-08-07T17:31:55.845,3,right,2,3,22.0,True,
run_20260807_173028_599500,2603,86,2026-08-07T17:31:55.845,4,right,3,4,22.0,True,
run_20260807_173028_599500,2603,86,2026-08-07T17:31:55.845,5,right,4,5,22.5,True,
run_20260807_173028_599500,2603,86,2026-08-07T17:31:55.845,6,right,5,6,22.5,True,
run_20260807_173028_599500,2603,86,2026-08-07T17:31:55.845,7,right,6,7,22.0,True,
run_20260807_173028_599500,2603,86,2026-08-07T17:31:55.845,8,right,7,8,22.0,True,
run_20260807_173028_599500,2603,86,2026-08-07T17:31:55.845,9,right,8,9,21.5,True,
run_20260807_173028_599500,2603,86,2026-08-07T17:31:55.845,10,right,9,10,22.0,True,
run_20260807_173028_599500,2603,86,2026-08-07T17:31:55.845,11,right,10,11,21.5,True,
run_20260807_173028_599500,2603,86,2026-08-07T17:31:55.845,12,right,11,12,21.5,True,
run_20260807_173028_599500,2633,87,2026-08-07T17:31:56.847,1,left,0,1,22.0,True,
run_20260807_173028_599500,2633,87,2026-08-07T17:31:56.847,2,left,1,2,22.5,True,
run_20260807_173028_599500,2633,87,2026-08-07T17:31:56.847,3,left,2,3,22.5,True,
run_20260807_173028_599500,2633,87,2026-08-07T17:31:56.847,4,left,3,4,22.0,True,
run_20260807_173028_599500,2633,87,2026-08-07T17:31:56.847,5,left,4,5,22.5,True,
run_20260807_173028_599500,2633,87,2026-08-07T17:31:56.847,6,left,5,6,22.5,True,
run_20260807_173028_599500,2633,87,2026-08-07T17:31:56.847,7,left,6,7,22.0,True,
run_20260807_173028_599500,2633,87,2026-08-07T17:31:56.847,8,left,7,8,22.0,True,
run_20260807_173028_599500,2633,87,2026-08-07T17:31:56.847,9,left,8,9,21.86363636363636,True,
run_20260807_173028_599500,2633,87,2026-08-07T17:31:56.847,10,left,9,10,21.63636363636364,True,
run_20260807_173028_599500,2633,87,2026-08-07T17:31:56.847,11,left,10,11,22.0,True,
run_20260807_173028_599500,2633,87,2026-08-07T17:31:56.847,12,left,11,12,21.5,True,
run_20260807_173028_599500,2633,87,2026-08-07T17:31:56.847,1,right,0,1,22.0,True,
run_20260807_173028_599500,2633,87,2026-08-07T17:31:56.847,2,right,1,2,22.5,True,
run_20260807_173028_599500,2633,87,2026-08-07T17:31:56.847,3,right,2,3,22.0,True,
run_20260807_173028_599500,2633,87,2026-08-07T17:31:56.847,4,right,3,4,22.0,True,
run_20260807_173028_599500,2633,87,2026-08-07T17:31:56.847,5,right,4,5,22.5,True,
run_20260807_173028_599500,2633,87,2026-08-07T17:31:56.847,6,right,5,6,22.5,True,
run_20260807_173028_599500,2633,87,2026-08-07T17:31:56.847,7,right,6,7,22.0,True,
run_20260807_173028_599500,2633,87,2026-08-07T17:31:56.847,8,right,7,8,22.0,True,
run_20260807_173028_599500,2633,87,2026-08-07T17:31:56.847,9,right,8,9,21.5,True,
run_20260807_173028_599500,2633,87,2026-08-07T17:31:56.847,10,right,9,10,22.0,True,
run_20260807_173028_599500,2633,87,2026-08-07T17:31:56.847,11,right,10,11,21.5,True,
run_20260807_173028_599500,2633,87,2026-08-07T17:31:56.847,12,right,11,12,21.5,True,
run_20260807_173028_599500,2664,88,2026-08-07T17:31:57.881,1,left,0,1,22.0,True,
run_20260807_173028_599500,2664,88,2026-08-07T17:31:57.881,2,left,1,2,22.5,True,
run_20260807_173028_599500,2664,88,2026-08-07T17:31:57.881,3,left,2,3,22.5,True,
run_20260807_173028_599500,2664,88,2026-08-07T17:31:57.881,4,left,3,4,22.0,True,
run_20260807_173028_599500,2664,88,2026-08-07T17:31:57.881,5,left,4,5,22.5,True,
run_20260807_173028_599500,2664,88,2026-08-07T17:31:57.881,6,left,5,6,22.5,True,
run_20260807_173028_599500,2664,88,2026-08-07T17:31:57.881,7,left,6,7,22.0,True,
run_20260807_173028_599500,2664,88,2026-08-07T17:31:57.881,8,left,7,8,22.0,True,
run_20260807_173028_599500,2664,88,2026-08-07T17:31:57.881,9,left,8,9,22.0,True,
run_20260807_173028_599500,2664,88,2026-08-07T17:31:57.881,10,left,9,10,21.5,True,
run_20260807_173028_599500,2664,88,2026-08-07T17:31:57.881,11,left,10,11,22.0,True,
run_20260807_173028_599500,2664,88,2026-08-07T17:31:57.881,12,left,11,12,21.5,True,
run_20260807_173028_599500,2664,88,2026-08-07T17:31:57.881,1,right,0,1,22.0,True,
run_20260807_173028_599500,2664,88,2026-08-07T17:31:57.881,2,right,1,2,22.5,True,
run_20260807_173028_599500,2664,88,2026-08-07T17:31:57.881,3,right,2,3,22.0,True,
run_20260807_173028_599500,2664,88,2026-08-07T17:31:57.881,4,right,3,4,22.0,True,
run_20260807_173028_599500,2664,88,2026-08-07T17:31:57.881,5,right,4,5,22.5,True,
run_20260807_173028_599500,2664,88,2026-08-07T17:31:57.881,6,right,5,6,22.5,True,
run_20260807_173028_599500,2664,88,2026-08-07T17:31:57.881,7,right,6,7,22.0,True,
run_20260807_173028_599500,2664,88,2026-08-07T17:31:57.881,8,right,7,8,21.5,True,
run_20260807_173028_599500,2664,88,2026-08-07T17:31:57.881,9,right,8,9,22.0,True,
run_20260807_173028_599500,2664,88,2026-08-07T17:31:57.881,10,right,9,10,22.0,True,
run_20260807_173028_599500,2664,88,2026-08-07T17:31:57.881,11,right,10,11,21.5,True,
run_20260807_173028_599500,2664,88,2026-08-07T17:31:57.881,12,right,11,12,21.5,True,
run_20260807_173028_599500,2695,89,2026-08-07T17:31:58.911,1,left,0,1,22.0,True,
run_20260807_173028_599500,2695,89,2026-08-07T17:31:58.911,2,left,1,2,22.5,True,
run_20260807_173028_599500,2695,89,2026-08-07T17:31:58.911,3,left,2,3,22.5,True,
run_20260807_173028_599500,2695,89,2026-08-07T17:31:58.911,4,left,3,4,22.0,True,
run_20260807_173028_599500,2695,89,2026-08-07T17:31:58.911,5,left,4,5,22.5,True,
run_20260807_173028_599500,2695,89,2026-08-07T17:31:58.911,6,left,5,6,22.5,True,
run_20260807_173028_599500,2695,89,2026-08-07T17:31:58.911,7,left,6,7,22.0,True,
run_20260807_173028_599500,2695,89,2026-08-07T17:31:58.911,8,left,7,8,22.0,True,
run_20260807_173028_599500,2695,89,2026-08-07T17:31:58.911,9,left,8,9,21.86363636363636,True,
run_20260807_173028_599500,2695,89,2026-08-07T17:31:58.911,10,left,9,10,21.63636363636364,True,
run_20260807_173028_599500,2695,89,2026-08-07T17:31:58.911,11,left,10,11,22.0,True,
run_20260807_173028_599500,2695,89,2026-08-07T17:31:58.911,12,left,11,12,21.5,True,
run_20260807_173028_599500,2695,89,2026-08-07T17:31:58.911,1,right,0,1,22.0,True,
run_20260807_173028_599500,2695,89,2026-08-07T17:31:58.911,2,right,1,2,22.5,True,
run_20260807_173028_599500,2695,89,2026-08-07T17:31:58.911,3,right,2,3,22.0,True,
run_20260807_173028_599500,2695,89,2026-08-07T17:31:58.911,4,right,3,4,22.0,True,
run_20260807_173028_599500,2695,89,2026-08-07T17:31:58.911,5,right,4,5,22.5,True,
run_20260807_173028_599500,2695,89,2026-08-07T17:31:58.911,6,right,5,6,22.5,True,
run_20260807_173028_599500,2695,89,2026-08-07T17:31:58.911,7,right,6,7,22.0,True,
run_20260807_173028_599500,2695,89,2026-08-07T17:31:58.911,8,right,7,8,22.0,True,
run_20260807_173028_599500,2695,89,2026-08-07T17:31:58.911,9,right,8,9,21.5,True,
run_20260807_173028_599500,2695,89,2026-08-07T17:31:58.911,10,right,9,10,22.0,True,
run_20260807_173028_599500,2695,89,2026-08-07T17:31:58.911,11,right,10,11,21.5,True,
run_20260807_173028_599500,2695,89,2026-08-07T17:31:58.911,12,right,11,12,21.5,True,
run_20260807_173028_599500,2725,90,2026-08-07T17:31:59.913,1,left,0,1,22.0,True,
run_20260807_173028_599500,2725,90,2026-08-07T17:31:59.913,2,left,1,2,22.5,True,
run_20260807_173028_599500,2725,90,2026-08-07T17:31:59.913,3,left,2,3,22.5,True,
run_20260807_173028_599500,2725,90,2026-08-07T17:31:59.913,4,left,3,4,22.0,True,
run_20260807_173028_599500,2725,90,2026-08-07T17:31:59.913,5,left,4,5,22.5,True,
run_20260807_173028_599500,2725,90,2026-08-07T17:31:59.913,6,left,5,6,22.5,True,
run_20260807_173028_599500,2725,90,2026-08-07T17:31:59.913,7,left,6,7,22.0,True,
run_20260807_173028_599500,2725,90,2026-08-07T17:31:59.913,8,left,7,8,22.0,True,
run_20260807_173028_599500,2725,90,2026-08-07T17:31:59.913,9,left,8,9,21.65384615384616,True,
run_20260807_173028_599500,2725,90,2026-08-07T17:31:59.913,10,left,9,10,21.84615384615384,True,
run_20260807_173028_599500,2725,90,2026-08-07T17:31:59.913,11,left,10,11,22.0,True,
run_20260807_173028_599500,2725,90,2026-08-07T17:31:59.913,12,left,11,12,21.5,True,
run_20260807_173028_599500,2725,90,2026-08-07T17:31:59.913,1,right,0,1,22.0,True,
run_20260807_173028_599500,2725,90,2026-08-07T17:31:59.913,2,right,1,2,22.5,True,
run_20260807_173028_599500,2725,90,2026-08-07T17:31:59.913,3,right,2,3,22.0,True,
run_20260807_173028_599500,2725,90,2026-08-07T17:31:59.913,4,right,3,4,22.0,True,
run_20260807_173028_599500,2725,90,2026-08-07T17:31:59.913,5,right,4,5,22.5,True,
run_20260807_173028_599500,2725,90,2026-08-07T17:31:59.913,6,right,5,6,22.5,True,
run_20260807_173028_599500,2725,90,2026-08-07T17:31:59.913,7,right,6,7,22.0,True,
run_20260807_173028_599500,2725,90,2026-08-07T17:31:59.913,8,right,7,8,21.5,True,
run_20260807_173028_599500,2725,90,2026-08-07T17:31:59.913,9,right,8,9,22.0,True,
run_20260807_173028_599500,2725,90,2026-08-07T17:31:59.913,10,right,9,10,22.0,True,
run_20260807_173028_599500,2725,90,2026-08-07T17:31:59.913,11,right,10,11,21.5,True,
run_20260807_173028_599500,2725,90,2026-08-07T17:31:59.913,12,right,11,12,21.5,True,
run_20260807_173028_599500,2756,91,2026-08-07T17:32:00.947,1,left,0,1,22.0,True,
run_20260807_173028_599500,2756,91,2026-08-07T17:32:00.947,2,left,1,2,22.5,True,
run_20260807_173028_599500,2756,91,2026-08-07T17:32:00.947,3,left,2,3,22.5,True,
run_20260807_173028_599500,2756,91,2026-08-07T17:32:00.947,4,left,3,4,22.0,True,
run_20260807_173028_599500,2756,91,2026-08-07T17:32:00.947,5,left,4,5,22.5,True,
run_20260807_173028_599500,2756,91,2026-08-07T17:32:00.947,6,left,5,6,22.5,True,
run_20260807_173028_599500,2756,91,2026-08-07T17:32:00.947,7,left,6,7,22.0,True,
run_20260807_173028_599500,2756,91,2026-08-07T17:32:00.947,8,left,7,8,22.0,True,
run_20260807_173028_599500,2756,91,2026-08-07T17:32:00.947,9,left,8,9,21.86363636363636,True,
run_20260807_173028_599500,2756,91,2026-08-07T17:32:00.947,10,left,9,10,21.63636363636364,True,
run_20260807_173028_599500,2756,91,2026-08-07T17:32:00.947,11,left,10,11,22.0,True,
run_20260807_173028_599500,2756,91,2026-08-07T17:32:00.947,12,left,11,12,21.5,True,
run_20260807_173028_599500,2756,91,2026-08-07T17:32:00.947,1,right,0,1,22.0,True,
run_20260807_173028_599500,2756,91,2026-08-07T17:32:00.947,2,right,1,2,22.5,True,
run_20260807_173028_599500,2756,91,2026-08-07T17:32:00.947,3,right,2,3,22.0,True,
run_20260807_173028_599500,2756,91,2026-08-07T17:32:00.947,4,right,3,4,22.0,True,
run_20260807_173028_599500,2756,91,2026-08-07T17:32:00.947,5,right,4,5,22.5,True,
run_20260807_173028_599500,2756,91,2026-08-07T17:32:00.947,6,right,5,6,22.5,True,
run_20260807_173028_599500,2756,91,2026-08-07T17:32:00.947,7,right,6,7,22.0,True,
run_20260807_173028_599500,2756,91,2026-08-07T17:32:00.947,8,right,7,8,22.0,True,
run_20260807_173028_599500,2756,91,2026-08-07T17:32:00.947,9,right,8,9,21.5,True,
run_20260807_173028_599500,2756,91,2026-08-07T17:32:00.947,10,right,9,10,22.0,True,
run_20260807_173028_599500,2756,91,2026-08-07T17:32:00.947,11,right,10,11,21.5,True,
run_20260807_173028_599500,2756,91,2026-08-07T17:32:00.947,12,right,11,12,21.5,True,
run_20260807_173028_599500,2787,92,2026-08-07T17:32:01.978,1,left,0,1,22.0,True,
run_20260807_173028_599500,2787,92,2026-08-07T17:32:01.978,2,left,1,2,22.5,True,
run_20260807_173028_599500,2787,92,2026-08-07T17:32:01.978,3,left,2,3,22.5,True,
run_20260807_173028_599500,2787,92,2026-08-07T17:32:01.978,4,left,3,4,22.0,True,
run_20260807_173028_599500,2787,92,2026-08-07T17:32:01.978,5,left,4,5,22.5,True,
run_20260807_173028_599500,2787,92,2026-08-07T17:32:01.978,6,left,5,6,22.5,True,
run_20260807_173028_599500,2787,92,2026-08-07T17:32:01.978,7,left,6,7,22.0,True,
run_20260807_173028_599500,2787,92,2026-08-07T17:32:01.978,8,left,7,8,22.0,True,
run_20260807_173028_599500,2787,92,2026-08-07T17:32:01.978,9,left,8,9,21.5,True,
run_20260807_173028_599500,2787,92,2026-08-07T17:32:01.978,10,left,9,10,22.0,True,
run_20260807_173028_599500,2787,92,2026-08-07T17:32:01.978,11,left,10,11,22.0,True,
run_20260807_173028_599500,2787,92,2026-08-07T17:32:01.978,12,left,11,12,21.5,True,
run_20260807_173028_599500,2787,92,2026-08-07T17:32:01.978,1,right,0,1,22.0,True,
run_20260807_173028_599500,2787,92,2026-08-07T17:32:01.978,2,right,1,2,22.5,True,
run_20260807_173028_599500,2787,92,2026-08-07T17:32:01.978,3,right,2,3,22.0,True,
run_20260807_173028_599500,2787,92,2026-08-07T17:32:01.978,4,right,3,4,22.0,True,
run_20260807_173028_599500,2787,92,2026-08-07T17:32:01.978,5,right,4,5,22.5,True,
run_20260807_173028_599500,2787,92,2026-08-07T17:32:01.978,6,right,5,6,22.5,True,
run_20260807_173028_599500,2787,92,2026-08-07T17:32:01.978,7,right,6,7,22.0,True,
run_20260807_173028_599500,2787,92,2026-08-07T17:32:01.978,8,right,7,8,22.0,True,
run_20260807_173028_599500,2787,92,2026-08-07T17:32:01.978,9,right,8,9,21.5,True,
run_20260807_173028_599500,2787,92,2026-08-07T17:32:01.978,10,right,9,10,22.0,True,
run_20260807_173028_599500,2787,92,2026-08-07T17:32:01.978,11,right,10,11,21.5,True,
run_20260807_173028_599500,2787,92,2026-08-07T17:32:01.978,12,right,11,12,21.5,True,
run_20260807_173028_599500,2817,93,2026-08-07T17:32:02.980,1,left,0,1,22.0,True,
run_20260807_173028_599500,2817,93,2026-08-07T17:32:02.980,2,left,1,2,22.5,True,
run_20260807_173028_599500,2817,93,2026-08-07T17:32:02.980,3,left,2,3,22.5,True,
run_20260807_173028_599500,2817,93,2026-08-07T17:32:02.980,4,left,3,4,22.0,True,
run_20260807_173028_599500,2817,93,2026-08-07T17:32:02.980,5,left,4,5,22.5,True,
run_20260807_173028_599500,2817,93,2026-08-07T17:32:02.980,6,left,5,6,22.5,True,
run_20260807_173028_599500,2817,93,2026-08-07T17:32:02.980,7,left,6,7,22.0,True,
run_20260807_173028_599500,2817,93,2026-08-07T17:32:02.980,8,left,7,8,22.0,True,
run_20260807_173028_599500,2817,93,2026-08-07T17:32:02.980,9,left,8,9,21.5,True,
run_20260807_173028_599500,2817,93,2026-08-07T17:32:02.980,10,left,9,10,22.0,True,
run_20260807_173028_599500,2817,93,2026-08-07T17:32:02.980,11,left,10,11,22.0,True,
run_20260807_173028_599500,2817,93,2026-08-07T17:32:02.980,12,left,11,12,21.5,True,
run_20260807_173028_599500,2817,93,2026-08-07T17:32:02.980,1,right,0,1,22.0,True,
run_20260807_173028_599500,2817,93,2026-08-07T17:32:02.980,2,right,1,2,22.5,True,
run_20260807_173028_599500,2817,93,2026-08-07T17:32:02.980,3,right,2,3,22.0,True,
run_20260807_173028_599500,2817,93,2026-08-07T17:32:02.980,4,right,3,4,22.0,True,
run_20260807_173028_599500,2817,93,2026-08-07T17:32:02.980,5,right,4,5,22.5,True,
run_20260807_173028_599500,2817,93,2026-08-07T17:32:02.980,6,right,5,6,22.5,True,
run_20260807_173028_599500,2817,93,2026-08-07T17:32:02.980,7,right,6,7,22.0,True,
run_20260807_173028_599500,2817,93,2026-08-07T17:32:02.980,8,right,7,8,22.0,True,
run_20260807_173028_599500,2817,93,2026-08-07T17:32:02.980,9,right,8,9,21.5,True,
run_20260807_173028_599500,2817,93,2026-08-07T17:32:02.980,10,right,9,10,22.0,True,
run_20260807_173028_599500,2817,93,2026-08-07T17:32:02.980,11,right,10,11,21.5,True,
run_20260807_173028_599500,2817,93,2026-08-07T17:32:02.980,12,right,11,12,21.5,True,
run_20260807_173028_599500,2848,94,2026-08-07T17:32:04.013,1,left,0,1,22.0,True,
run_20260807_173028_599500,2848,94,2026-08-07T17:32:04.013,2,left,1,2,22.5,True,
run_20260807_173028_599500,2848,94,2026-08-07T17:32:04.013,3,left,2,3,22.5,True,
run_20260807_173028_599500,2848,94,2026-08-07T17:32:04.013,4,left,3,4,22.0,True,
run_20260807_173028_599500,2848,94,2026-08-07T17:32:04.013,5,left,4,5,22.5,True,
run_20260807_173028_599500,2848,94,2026-08-07T17:32:04.013,6,left,5,6,22.5,True,
run_20260807_173028_599500,2848,94,2026-08-07T17:32:04.013,7,left,6,7,22.0,True,
run_20260807_173028_599500,2848,94,2026-08-07T17:32:04.013,8,left,7,8,22.0,True,
run_20260807_173028_599500,2848,94,2026-08-07T17:32:04.013,9,left,8,9,22.0,True,
run_20260807_173028_599500,2848,94,2026-08-07T17:32:04.013,10,left,9,10,21.5,True,
run_20260807_173028_599500,2848,94,2026-08-07T17:32:04.013,11,left,10,11,22.0,True,
run_20260807_173028_599500,2848,94,2026-08-07T17:32:04.013,12,left,11,12,21.5,True,
run_20260807_173028_599500,2848,94,2026-08-07T17:32:04.013,1,right,0,1,22.0,True,
run_20260807_173028_599500,2848,94,2026-08-07T17:32:04.013,2,right,1,2,22.5,True,
run_20260807_173028_599500,2848,94,2026-08-07T17:32:04.013,3,right,2,3,22.0,True,
run_20260807_173028_599500,2848,94,2026-08-07T17:32:04.013,4,right,3,4,22.0,True,
run_20260807_173028_599500,2848,94,2026-08-07T17:32:04.013,5,right,4,5,22.5,True,
run_20260807_173028_599500,2848,94,2026-08-07T17:32:04.013,6,right,5,6,22.5,True,
run_20260807_173028_599500,2848,94,2026-08-07T17:32:04.013,7,right,6,7,22.0,True,
run_20260807_173028_599500,2848,94,2026-08-07T17:32:04.013,8,right,7,8,22.0,True,
run_20260807_173028_599500,2848,94,2026-08-07T17:32:04.013,9,right,8,9,21.5,True,
run_20260807_173028_599500,2848,94,2026-08-07T17:32:04.013,10,right,9,10,22.0,True,
run_20260807_173028_599500,2848,94,2026-08-07T17:32:04.013,11,right,10,11,21.5,True,
run_20260807_173028_599500,2848,94,2026-08-07T17:32:04.013,12,right,11,12,21.5,True,
run_20260807_173028_599500,2879,95,2026-08-07T17:32:05.046,1,left,0,1,22.0,True,
run_20260807_173028_599500,2879,95,2026-08-07T17:32:05.046,2,left,1,2,22.5,True,
run_20260807_173028_599500,2879,95,2026-08-07T17:32:05.046,3,left,2,3,22.5,True,
run_20260807_173028_599500,2879,95,2026-08-07T17:32:05.046,4,left,3,4,22.0,True,
run_20260807_173028_599500,2879,95,2026-08-07T17:32:05.046,5,left,4,5,22.5,True,
run_20260807_173028_599500,2879,95,2026-08-07T17:32:05.046,6,left,5,6,22.5,True,
run_20260807_173028_599500,2879,95,2026-08-07T17:32:05.046,7,left,6,7,22.0,True,
run_20260807_173028_599500,2879,95,2026-08-07T17:32:05.046,8,left,7,8,22.0,True,
run_20260807_173028_599500,2879,95,2026-08-07T17:32:05.046,9,left,8,9,21.75,True,
run_20260807_173028_599500,2879,95,2026-08-07T17:32:05.046,10,left,9,10,21.75,True,
run_20260807_173028_599500,2879,95,2026-08-07T17:32:05.046,11,left,10,11,22.0,True,
run_20260807_173028_599500,2879,95,2026-08-07T17:32:05.046,12,left,11,12,21.5,True,
run_20260807_173028_599500,2879,95,2026-08-07T17:32:05.046,1,right,0,1,22.0,True,
run_20260807_173028_599500,2879,95,2026-08-07T17:32:05.046,2,right,1,2,22.5,True,
run_20260807_173028_599500,2879,95,2026-08-07T17:32:05.046,3,right,2,3,22.0,True,
run_20260807_173028_599500,2879,95,2026-08-07T17:32:05.046,4,right,3,4,22.0,True,
run_20260807_173028_599500,2879,95,2026-08-07T17:32:05.046,5,right,4,5,22.5,True,
run_20260807_173028_599500,2879,95,2026-08-07T17:32:05.046,6,right,5,6,22.5,True,
run_20260807_173028_599500,2879,95,2026-08-07T17:32:05.046,7,right,6,7,22.0,True,
run_20260807_173028_599500,2879,95,2026-08-07T17:32:05.046,8,right,7,8,22.0,True,
run_20260807_173028_599500,2879,95,2026-08-07T17:32:05.046,9,right,8,9,21.5,True,
run_20260807_173028_599500,2879,95,2026-08-07T17:32:05.046,10,right,9,10,22.0,True,
run_20260807_173028_599500,2879,95,2026-08-07T17:32:05.046,11,right,10,11,21.5,True,
run_20260807_173028_599500,2879,95,2026-08-07T17:32:05.046,12,right,11,12,21.5,True,
run_20260807_173028_599500,2909,96,2026-08-07T17:32:06.047,1,left,0,1,22.0,True,
run_20260807_173028_599500,2909,96,2026-08-07T17:32:06.047,2,left,1,2,22.5,True,
run_20260807_173028_599500,2909,96,2026-08-07T17:32:06.047,3,left,2,3,22.5,True,
run_20260807_173028_599500,2909,96,2026-08-07T17:32:06.047,4,left,3,4,22.0,True,
run_20260807_173028_599500,2909,96,2026-08-07T17:32:06.047,5,left,4,5,22.5,True,
run_20260807_173028_599500,2909,96,2026-08-07T17:32:06.047,6,left,5,6,22.5,True,
run_20260807_173028_599500,2909,96,2026-08-07T17:32:06.047,7,left,6,7,22.0,True,
run_20260807_173028_599500,2909,96,2026-08-07T17:32:06.047,8,left,7,8,22.0,True,
run_20260807_173028_599500,2909,96,2026-08-07T17:32:06.047,9,left,8,9,21.65384615384616,True,
run_20260807_173028_599500,2909,96,2026-08-07T17:32:06.047,10,left,9,10,21.84615384615384,True,
run_20260807_173028_599500,2909,96,2026-08-07T17:32:06.047,11,left,10,11,22.0,True,
run_20260807_173028_599500,2909,96,2026-08-07T17:32:06.047,12,left,11,12,21.5,True,
run_20260807_173028_599500,2909,96,2026-08-07T17:32:06.047,1,right,0,1,22.0,True,
run_20260807_173028_599500,2909,96,2026-08-07T17:32:06.047,2,right,1,2,22.5,True,
run_20260807_173028_599500,2909,96,2026-08-07T17:32:06.047,3,right,2,3,22.0,True,
run_20260807_173028_599500,2909,96,2026-08-07T17:32:06.047,4,right,3,4,22.0,True,
run_20260807_173028_599500,2909,96,2026-08-07T17:32:06.047,5,right,4,5,22.5,True,
run_20260807_173028_599500,2909,96,2026-08-07T17:32:06.047,6,right,5,6,22.5,True,
run_20260807_173028_599500,2909,96,2026-08-07T17:32:06.047,7,right,6,7,22.0,True,
run_20260807_173028_599500,2909,96,2026-08-07T17:32:06.047,8,right,7,8,21.5,True,
run_20260807_173028_599500,2909,96,2026-08-07T17:32:06.047,9,right,8,9,22.0,True,
run_20260807_173028_599500,2909,96,2026-08-07T17:32:06.047,10,right,9,10,22.0,True,
run_20260807_173028_599500,2909,96,2026-08-07T17:32:06.047,11,right,10,11,21.5,True,
run_20260807_173028_599500,2909,96,2026-08-07T17:32:06.047,12,right,11,12,21.5,True,
run_20260807_173028_599500,2940,97,2026-08-07T17:32:07.083,1,left,0,1,22.0,True,
run_20260807_173028_599500,2940,97,2026-08-07T17:32:07.083,2,left,1,2,22.5,True,
run_20260807_173028_599500,2940,97,2026-08-07T17:32:07.083,3,left,2,3,22.5,True,
run_20260807_173028_599500,2940,97,2026-08-07T17:32:07.083,4,left,3,4,22.0,True,
run_20260807_173028_599500,2940,97,2026-08-07T17:32:07.083,5,left,4,5,22.5,True,
run_20260807_173028_599500,2940,97,2026-08-07T17:32:07.083,6,left,5,6,22.5,True,
run_20260807_173028_599500,2940,97,2026-08-07T17:32:07.083,7,left,6,7,22.0,True,
run_20260807_173028_599500,2940,97,2026-08-07T17:32:07.083,8,left,7,8,22.0,True,
run_20260807_173028_599500,2940,97,2026-08-07T17:32:07.083,9,left,8,9,21.57142857142857,True,
run_20260807_173028_599500,2940,97,2026-08-07T17:32:07.083,10,left,9,10,21.92857142857143,True,
run_20260807_173028_599500,2940,97,2026-08-07T17:32:07.083,11,left,10,11,22.0,True,
run_20260807_173028_599500,2940,97,2026-08-07T17:32:07.083,12,left,11,12,21.5,True,
run_20260807_173028_599500,2940,97,2026-08-07T17:32:07.083,1,right,0,1,22.0,True,
run_20260807_173028_599500,2940,97,2026-08-07T17:32:07.083,2,right,1,2,22.5,True,
run_20260807_173028_599500,2940,97,2026-08-07T17:32:07.083,3,right,2,3,22.0,True,
run_20260807_173028_599500,2940,97,2026-08-07T17:32:07.083,4,right,3,4,22.0,True,
run_20260807_173028_599500,2940,97,2026-08-07T17:32:07.083,5,right,4,5,22.5,True,
run_20260807_173028_599500,2940,97,2026-08-07T17:32:07.083,6,right,5,6,22.5,True,
run_20260807_173028_599500,2940,97,2026-08-07T17:32:07.083,7,right,6,7,22.0,True,
run_20260807_173028_599500,2940,97,2026-08-07T17:32:07.083,8,right,7,8,22.0,True,
run_20260807_173028_599500,2940,97,2026-08-07T17:32:07.083,9,right,8,9,21.5,True,
run_20260807_173028_599500,2940,97,2026-08-07T17:32:07.083,10,right,9,10,22.0,True,
run_20260807_173028_599500,2940,97,2026-08-07T17:32:07.083,11,right,10,11,21.5,True,
run_20260807_173028_599500,2940,97,2026-08-07T17:32:07.083,12,right,11,12,21.5,True,
run_20260807_173028_599500,2971,98,2026-08-07T17:32:08.112,1,left,0,1,22.0,True,
run_20260807_173028_599500,2971,98,2026-08-07T17:32:08.112,2,left,1,2,22.5,True,
run_20260807_173028_599500,2971,98,2026-08-07T17:32:08.112,3,left,2,3,22.5,True,
run_20260807_173028_599500,2971,98,2026-08-07T17:32:08.112,4,left,3,4,22.0,True,
run_20260807_173028_599500,2971,98,2026-08-07T17:32:08.112,5,left,4,5,22.5,True,
run_20260807_173028_599500,2971,98,2026-08-07T17:32:08.112,6,left,5,6,22.5,True,
run_20260807_173028_599500,2971,98,2026-08-07T17:32:08.112,7,left,6,7,22.0,True,
run_20260807_173028_599500,2971,98,2026-08-07T17:32:08.112,8,left,7,8,22.0,True,
run_20260807_173028_599500,2971,98,2026-08-07T17:32:08.112,9,left,8,9,21.5,True,
run_20260807_173028_599500,2971,98,2026-08-07T17:32:08.112,10,left,9,10,22.0,True,
run_20260807_173028_599500,2971,98,2026-08-07T17:32:08.112,11,left,10,11,22.0,True,
run_20260807_173028_599500,2971,98,2026-08-07T17:32:08.112,12,left,11,12,21.5,True,
run_20260807_173028_599500,2971,98,2026-08-07T17:32:08.112,1,right,0,1,22.0,True,
run_20260807_173028_599500,2971,98,2026-08-07T17:32:08.112,2,right,1,2,22.5,True,
run_20260807_173028_599500,2971,98,2026-08-07T17:32:08.112,3,right,2,3,22.0,True,
run_20260807_173028_599500,2971,98,2026-08-07T17:32:08.112,4,right,3,4,22.0,True,
run_20260807_173028_599500,2971,98,2026-08-07T17:32:08.112,5,right,4,5,22.5,True,
run_20260807_173028_599500,2971,98,2026-08-07T17:32:08.112,6,right,5,6,22.5,True,
run_20260807_173028_599500,2971,98,2026-08-07T17:32:08.112,7,right,6,7,22.0,True,
run_20260807_173028_599500,2971,98,2026-08-07T17:32:08.112,8,right,7,8,22.0,True,
run_20260807_173028_599500,2971,98,2026-08-07T17:32:08.112,9,right,8,9,21.5,True,
run_20260807_173028_599500,2971,98,2026-08-07T17:32:08.112,10,right,9,10,22.0,True,
run_20260807_173028_599500,2971,98,2026-08-07T17:32:08.112,11,right,10,11,21.5,True,
run_20260807_173028_599500,2971,98,2026-08-07T17:32:08.112,12,right,11,12,21.5,True,
run_20260807_173028_599500,3001,99,2026-08-07T17:32:09.114,1,left,0,1,22.0,True,
run_20260807_173028_599500,3001,99,2026-08-07T17:32:09.114,2,left,1,2,22.5,True,
run_20260807_173028_599500,3001,99,2026-08-07T17:32:09.114,3,left,2,3,22.5,True,
run_20260807_173028_599500,3001,99,2026-08-07T17:32:09.114,4,left,3,4,22.0,True,
run_20260807_173028_599500,3001,99,2026-08-07T17:32:09.114,5,left,4,5,22.5,True,
run_20260807_173028_599500,3001,99,2026-08-07T17:32:09.114,6,left,5,6,22.5,True,
run_20260807_173028_599500,3001,99,2026-08-07T17:32:09.114,7,left,6,7,22.0,True,
run_20260807_173028_599500,3001,99,2026-08-07T17:32:09.114,8,left,7,8,22.0,True,
run_20260807_173028_599500,3001,99,2026-08-07T17:32:09.114,9,left,8,9,21.5,True,
run_20260807_173028_599500,3001,99,2026-08-07T17:32:09.114,10,left,9,10,22.0,True,
run_20260807_173028_599500,3001,99,2026-08-07T17:32:09.114,11,left,10,11,22.0,True,
run_20260807_173028_599500,3001,99,2026-08-07T17:32:09.114,12,left,11,12,21.5,True,
run_20260807_173028_599500,3001,99,2026-08-07T17:32:09.114,1,right,0,1,22.0,True,
run_20260807_173028_599500,3001,99,2026-08-07T17:32:09.114,2,right,1,2,22.5,True,
run_20260807_173028_599500,3001,99,2026-08-07T17:32:09.114,3,right,2,3,22.0,True,
run_20260807_173028_599500,3001,99,2026-08-07T17:32:09.114,4,right,3,4,22.0,True,
run_20260807_173028_599500,3001,99,2026-08-07T17:32:09.114,5,right,4,5,22.5,True,
run_20260807_173028_599500,3001,99,2026-08-07T17:32:09.114,6,right,5,6,22.5,True,
run_20260807_173028_599500,3001,99,2026-08-07T17:32:09.114,7,right,6,7,22.0,True,
run_20260807_173028_599500,3001,99,2026-08-07T17:32:09.114,8,right,7,8,22.0,True,
run_20260807_173028_599500,3001,99,2026-08-07T17:32:09.114,9,right,8,9,21.5,True,
run_20260807_173028_599500,3001,99,2026-08-07T17:32:09.114,10,right,9,10,22.0,True,
run_20260807_173028_599500,3001,99,2026-08-07T17:32:09.114,11,right,10,11,21.5,True,
run_20260807_173028_599500,3001,99,2026-08-07T17:32:09.114,12,right,11,12,21.5,True,
run_20260807_173028_599500,3032,100,2026-08-07T17:32:10.146,1,left,0,1,22.0,True,
run_20260807_173028_599500,3032,100,2026-08-07T17:32:10.146,2,left,1,2,22.5,True,
run_20260807_173028_599500,3032,100,2026-08-07T17:32:10.146,3,left,2,3,22.5,True,
run_20260807_173028_599500,3032,100,2026-08-07T17:32:10.146,4,left,3,4,22.0,True,
run_20260807_173028_599500,3032,100,2026-08-07T17:32:10.146,5,left,4,5,22.5,True,
run_20260807_173028_599500,3032,100,2026-08-07T17:32:10.146,6,left,5,6,22.5,True,
run_20260807_173028_599500,3032,100,2026-08-07T17:32:10.146,7,left,6,7,22.0,True,
run_20260807_173028_599500,3032,100,2026-08-07T17:32:10.146,8,left,7,8,22.0,True,
run_20260807_173028_599500,3032,100,2026-08-07T17:32:10.146,9,left,8,9,21.86363636363636,True,
run_20260807_173028_599500,3032,100,2026-08-07T17:32:10.146,10,left,9,10,21.63636363636364,True,
run_20260807_173028_599500,3032,100,2026-08-07T17:32:10.146,11,left,10,11,22.0,True,
run_20260807_173028_599500,3032,100,2026-08-07T17:32:10.146,12,left,11,12,21.5,True,
run_20260807_173028_599500,3032,100,2026-08-07T17:32:10.146,1,right,0,1,22.0,True,
run_20260807_173028_599500,3032,100,2026-08-07T17:32:10.146,2,right,1,2,22.5,True,
run_20260807_173028_599500,3032,100,2026-08-07T17:32:10.146,3,right,2,3,22.0,True,
run_20260807_173028_599500,3032,100,2026-08-07T17:32:10.146,4,right,3,4,22.0,True,
run_20260807_173028_599500,3032,100,2026-08-07T17:32:10.146,5,right,4,5,22.5,True,
run_20260807_173028_599500,3032,100,2026-08-07T17:32:10.146,6,right,5,6,22.5,True,
run_20260807_173028_599500,3032,100,2026-08-07T17:32:10.146,7,right,6,7,22.0,True,
run_20260807_173028_599500,3032,100,2026-08-07T17:32:10.146,8,right,7,8,22.0,True,
run_20260807_173028_599500,3032,100,2026-08-07T17:32:10.146,9,right,8,9,21.5,True,
run_20260807_173028_599500,3032,100,2026-08-07T17:32:10.146,10,right,9,10,22.0,True,
run_20260807_173028_599500,3032,100,2026-08-07T17:32:10.146,11,right,10,11,21.5,True,
run_20260807_173028_599500,3032,100,2026-08-07T17:32:10.146,12,right,11,12,21.5,True,
run_20260807_173028_599500,3063,101,2026-08-07T17:32:11.178,1,left,0,1,22.0,True,
run_20260807_173028_599500,3063,101,2026-08-07T17:32:11.178,2,left,1,2,22.5,True,
run_20260807_173028_599500,3063,101,2026-08-07T17:32:11.178,3,left,2,3,22.5,True,
run_20260807_173028_599500,3063,101,2026-08-07T17:32:11.178,4,left,3,4,22.0,True,
run_20260807_173028_599500,3063,101,2026-08-07T17:32:11.178,5,left,4,5,22.5,True,
run_20260807_173028_599500,3063,101,2026-08-07T17:32:11.178,6,left,5,6,22.5,True,
run_20260807_173028_599500,3063,101,2026-08-07T17:32:11.178,7,left,6,7,22.0,True,
run_20260807_173028_599500,3063,101,2026-08-07T17:32:11.178,8,left,7,8,22.0,True,
run_20260807_173028_599500,3063,101,2026-08-07T17:32:11.178,9,left,8,9,21.86363636363636,True,
run_20260807_173028_599500,3063,101,2026-08-07T17:32:11.178,10,left,9,10,21.63636363636364,True,
run_20260807_173028_599500,3063,101,2026-08-07T17:32:11.178,11,left,10,11,22.0,True,
run_20260807_173028_599500,3063,101,2026-08-07T17:32:11.178,12,left,11,12,21.5,True,
run_20260807_173028_599500,3063,101,2026-08-07T17:32:11.178,1,right,0,1,22.0,True,
run_20260807_173028_599500,3063,101,2026-08-07T17:32:11.178,2,right,1,2,22.5,True,
run_20260807_173028_599500,3063,101,2026-08-07T17:32:11.178,3,right,2,3,22.0,True,
run_20260807_173028_599500,3063,101,2026-08-07T17:32:11.178,4,right,3,4,22.0,True,
run_20260807_173028_599500,3063,101,2026-08-07T17:32:11.178,5,right,4,5,22.5,True,
run_20260807_173028_599500,3063,101,2026-08-07T17:32:11.178,6,right,5,6,22.5,True,
run_20260807_173028_599500,3063,101,2026-08-07T17:32:11.178,7,right,6,7,22.0,True,
run_20260807_173028_599500,3063,101,2026-08-07T17:32:11.178,8,right,7,8,22.0,True,
run_20260807_173028_599500,3063,101,2026-08-07T17:32:11.178,9,right,8,9,21.5,True,
run_20260807_173028_599500,3063,101,2026-08-07T17:32:11.178,10,right,9,10,22.0,True,
run_20260807_173028_599500,3063,101,2026-08-07T17:32:11.178,11,right,10,11,21.5,True,
run_20260807_173028_599500,3063,101,2026-08-07T17:32:11.178,12,right,11,12,21.5,True,
run_20260807_173028_599500,3093,102,2026-08-07T17:32:12.179,1,left,0,1,22.0,True,
run_20260807_173028_599500,3093,102,2026-08-07T17:32:12.179,2,left,1,2,22.5,True,
run_20260807_173028_599500,3093,102,2026-08-07T17:32:12.179,3,left,2,3,22.5,True,
run_20260807_173028_599500,3093,102,2026-08-07T17:32:12.179,4,left,3,4,22.0,True,
run_20260807_173028_599500,3093,102,2026-08-07T17:32:12.179,5,left,4,5,22.5,True,
run_20260807_173028_599500,3093,102,2026-08-07T17:32:12.179,6,left,5,6,22.5,True,
run_20260807_173028_599500,3093,102,2026-08-07T17:32:12.179,7,left,6,7,22.0,True,
run_20260807_173028_599500,3093,102,2026-08-07T17:32:12.179,8,left,7,8,22.0,True,
run_20260807_173028_599500,3093,102,2026-08-07T17:32:12.179,9,left,8,9,21.5,True,
run_20260807_173028_599500,3093,102,2026-08-07T17:32:12.179,10,left,9,10,22.0,True,
run_20260807_173028_599500,3093,102,2026-08-07T17:32:12.179,11,left,10,11,22.0,True,
run_20260807_173028_599500,3093,102,2026-08-07T17:32:12.179,12,left,11,12,21.5,True,
run_20260807_173028_599500,3093,102,2026-08-07T17:32:12.179,1,right,0,1,22.0,True,
run_20260807_173028_599500,3093,102,2026-08-07T17:32:12.179,2,right,1,2,22.5,True,
run_20260807_173028_599500,3093,102,2026-08-07T17:32:12.179,3,right,2,3,22.0,True,
run_20260807_173028_599500,3093,102,2026-08-07T17:32:12.179,4,right,3,4,22.0,True,
run_20260807_173028_599500,3093,102,2026-08-07T17:32:12.179,5,right,4,5,22.5,True,
run_20260807_173028_599500,3093,102,2026-08-07T17:32:12.179,6,right,5,6,22.5,True,
run_20260807_173028_599500,3093,102,2026-08-07T17:32:12.179,7,right,6,7,22.0,True,
run_20260807_173028_599500,3093,102,2026-08-07T17:32:12.179,8,right,7,8,22.0,True,
run_20260807_173028_599500,3093,102,2026-08-07T17:32:12.179,9,right,8,9,21.5,True,
run_20260807_173028_599500,3093,102,2026-08-07T17:32:12.179,10,right,9,10,22.0,True,
run_20260807_173028_599500,3093,102,2026-08-07T17:32:12.179,11,right,10,11,21.5,True,
run_20260807_173028_599500,3093,102,2026-08-07T17:32:12.179,12,right,11,12,21.5,True,
run_20260807_173028_599500,3123,103,2026-08-07T17:32:13.181,1,left,0,1,22.0,True,
run_20260807_173028_599500,3123,103,2026-08-07T17:32:13.181,2,left,1,2,22.5,True,
run_20260807_173028_599500,3123,103,2026-08-07T17:32:13.181,3,left,2,3,22.5,True,
run_20260807_173028_599500,3123,103,2026-08-07T17:32:13.181,4,left,3,4,22.0,True,
run_20260807_173028_599500,3123,103,2026-08-07T17:32:13.181,5,left,4,5,22.5,True,
run_20260807_173028_599500,3123,103,2026-08-07T17:32:13.181,6,left,5,6,22.5,True,
run_20260807_173028_599500,3123,103,2026-08-07T17:32:13.181,7,left,6,7,22.0,True,
run_20260807_173028_599500,3123,103,2026-08-07T17:32:13.181,8,left,7,8,22.0,True,
run_20260807_173028_599500,3123,103,2026-08-07T17:32:13.181,9,left,8,9,21.86363636363636,True,
run_20260807_173028_599500,3123,103,2026-08-07T17:32:13.181,10,left,9,10,21.63636363636364,True,
run_20260807_173028_599500,3123,103,2026-08-07T17:32:13.181,11,left,10,11,22.0,True,
run_20260807_173028_599500,3123,103,2026-08-07T17:32:13.181,12,left,11,12,21.5,True,
run_20260807_173028_599500,3123,103,2026-08-07T17:32:13.181,1,right,0,1,22.0,True,
run_20260807_173028_599500,3123,103,2026-08-07T17:32:13.181,2,right,1,2,22.5,True,
run_20260807_173028_599500,3123,103,2026-08-07T17:32:13.181,3,right,2,3,22.0,True,
run_20260807_173028_599500,3123,103,2026-08-07T17:32:13.181,4,right,3,4,22.0,True,
run_20260807_173028_599500,3123,103,2026-08-07T17:32:13.181,5,right,4,5,22.5,True,
run_20260807_173028_599500,3123,103,2026-08-07T17:32:13.181,6,right,5,6,22.5,True,
run_20260807_173028_599500,3123,103,2026-08-07T17:32:13.181,7,right,6,7,22.0,True,
run_20260807_173028_599500,3123,103,2026-08-07T17:32:13.181,8,right,7,8,22.0,True,
run_20260807_173028_599500,3123,103,2026-08-07T17:32:13.181,9,right,8,9,21.5,True,
run_20260807_173028_599500,3123,103,2026-08-07T17:32:13.181,10,right,9,10,22.0,True,
run_20260807_173028_599500,3123,103,2026-08-07T17:32:13.181,11,right,10,11,21.5,True,
run_20260807_173028_599500,3123,103,2026-08-07T17:32:13.181,12,right,11,12,21.5,True,
run_20260807_173028_599500,3154,104,2026-08-07T17:32:14.211,1,left,0,1,22.0,True,
run_20260807_173028_599500,3154,104,2026-08-07T17:32:14.211,2,left,1,2,22.5,True,
run_20260807_173028_599500,3154,104,2026-08-07T17:32:14.211,3,left,2,3,22.5,True,
run_20260807_173028_599500,3154,104,2026-08-07T17:32:14.211,4,left,3,4,22.0,True,
run_20260807_173028_599500,3154,104,2026-08-07T17:32:14.211,5,left,4,5,22.5,True,
run_20260807_173028_599500,3154,104,2026-08-07T17:32:14.211,6,left,5,6,22.5,True,
run_20260807_173028_599500,3154,104,2026-08-07T17:32:14.211,7,left,6,7,22.0,True,
run_20260807_173028_599500,3154,104,2026-08-07T17:32:14.211,8,left,7,8,22.0,True,
run_20260807_173028_599500,3154,104,2026-08-07T17:32:14.211,9,left,8,9,21.75,True,
run_20260807_173028_599500,3154,104,2026-08-07T17:32:14.211,10,left,9,10,21.75,True,
run_20260807_173028_599500,3154,104,2026-08-07T17:32:14.211,11,left,10,11,22.0,True,
run_20260807_173028_599500,3154,104,2026-08-07T17:32:14.211,12,left,11,12,21.5,True,
run_20260807_173028_599500,3154,104,2026-08-07T17:32:14.211,1,right,0,1,22.0,True,
run_20260807_173028_599500,3154,104,2026-08-07T17:32:14.211,2,right,1,2,22.5,True,
run_20260807_173028_599500,3154,104,2026-08-07T17:32:14.211,3,right,2,3,22.0,True,
run_20260807_173028_599500,3154,104,2026-08-07T17:32:14.211,4,right,3,4,22.0,True,
run_20260807_173028_599500,3154,104,2026-08-07T17:32:14.211,5,right,4,5,22.5,True,
run_20260807_173028_599500,3154,104,2026-08-07T17:32:14.211,6,right,5,6,22.5,True,
run_20260807_173028_599500,3154,104,2026-08-07T17:32:14.211,7,right,6,7,22.0,True,
run_20260807_173028_599500,3154,104,2026-08-07T17:32:14.211,8,right,7,8,22.0,True,
run_20260807_173028_599500,3154,104,2026-08-07T17:32:14.211,9,right,8,9,21.5,True,
run_20260807_173028_599500,3154,104,2026-08-07T17:32:14.211,10,right,9,10,22.0,True,
run_20260807_173028_599500,3154,104,2026-08-07T17:32:14.211,11,right,10,11,21.5,True,
run_20260807_173028_599500,3154,104,2026-08-07T17:32:14.211,12,right,11,12,21.5,True,
run_20260807_173028_599500,3184,105,2026-08-07T17:32:15.213,1,left,0,1,22.0,True,
run_20260807_173028_599500,3184,105,2026-08-07T17:32:15.213,2,left,1,2,22.5,True,
run_20260807_173028_599500,3184,105,2026-08-07T17:32:15.213,3,left,2,3,22.5,True,
run_20260807_173028_599500,3184,105,2026-08-07T17:32:15.213,4,left,3,4,22.0,True,
run_20260807_173028_599500,3184,105,2026-08-07T17:32:15.213,5,left,4,5,22.5,True,
run_20260807_173028_599500,3184,105,2026-08-07T17:32:15.213,6,left,5,6,22.5,True,
run_20260807_173028_599500,3184,105,2026-08-07T17:32:15.213,7,left,6,7,22.0,True,
run_20260807_173028_599500,3184,105,2026-08-07T17:32:15.213,8,left,7,8,22.0,True,
run_20260807_173028_599500,3184,105,2026-08-07T17:32:15.213,9,left,8,9,21.86363636363636,True,
run_20260807_173028_599500,3184,105,2026-08-07T17:32:15.213,10,left,9,10,21.63636363636364,True,
run_20260807_173028_599500,3184,105,2026-08-07T17:32:15.213,11,left,10,11,22.0,True,
run_20260807_173028_599500,3184,105,2026-08-07T17:32:15.213,12,left,11,12,21.5,True,
run_20260807_173028_599500,3184,105,2026-08-07T17:32:15.213,1,right,0,1,22.0,True,
run_20260807_173028_599500,3184,105,2026-08-07T17:32:15.213,2,right,1,2,22.5,True,
run_20260807_173028_599500,3184,105,2026-08-07T17:32:15.213,3,right,2,3,22.0,True,
run_20260807_173028_599500,3184,105,2026-08-07T17:32:15.213,4,right,3,4,22.0,True,
run_20260807_173028_599500,3184,105,2026-08-07T17:32:15.213,5,right,4,5,22.5,True,
run_20260807_173028_599500,3184,105,2026-08-07T17:32:15.213,6,right,5,6,22.5,True,
run_20260807_173028_599500,3184,105,2026-08-07T17:32:15.213,7,right,6,7,22.0,True,
run_20260807_173028_599500,3184,105,2026-08-07T17:32:15.213,8,right,7,8,22.0,True,
run_20260807_173028_599500,3184,105,2026-08-07T17:32:15.213,9,right,8,9,21.5,True,
run_20260807_173028_599500,3184,105,2026-08-07T17:32:15.213,10,right,9,10,22.0,True,
run_20260807_173028_599500,3184,105,2026-08-07T17:32:15.213,11,right,10,11,21.5,True,
run_20260807_173028_599500,3184,105,2026-08-07T17:32:15.213,12,right,11,12,21.5,True,
run_20260807_173028_599500,3215,106,2026-08-07T17:32:16.245,1,left,0,1,22.0,True,
run_20260807_173028_599500,3215,106,2026-08-07T17:32:16.245,2,left,1,2,22.5,True,
run_20260807_173028_599500,3215,106,2026-08-07T17:32:16.245,3,left,2,3,22.5,True,
run_20260807_173028_599500,3215,106,2026-08-07T17:32:16.245,4,left,3,4,22.0,True,
run_20260807_173028_599500,3215,106,2026-08-07T17:32:16.245,5,left,4,5,22.5,True,
run_20260807_173028_599500,3215,106,2026-08-07T17:32:16.245,6,left,5,6,22.5,True,
run_20260807_173028_599500,3215,106,2026-08-07T17:32:16.245,7,left,6,7,22.0,True,
run_20260807_173028_599500,3215,106,2026-08-07T17:32:16.245,8,left,7,8,22.0,True,
run_20260807_173028_599500,3215,106,2026-08-07T17:32:16.245,9,left,8,9,21.86363636363636,True,
run_20260807_173028_599500,3215,106,2026-08-07T17:32:16.245,10,left,9,10,21.63636363636364,True,
run_20260807_173028_599500,3215,106,2026-08-07T17:32:16.245,11,left,10,11,22.0,True,
run_20260807_173028_599500,3215,106,2026-08-07T17:32:16.245,12,left,11,12,21.5,True,
run_20260807_173028_599500,3215,106,2026-08-07T17:32:16.245,1,right,0,1,22.0,True,
run_20260807_173028_599500,3215,106,2026-08-07T17:32:16.245,2,right,1,2,22.5,True,
run_20260807_173028_599500,3215,106,2026-08-07T17:32:16.245,3,right,2,3,22.0,True,
run_20260807_173028_599500,3215,106,2026-08-07T17:32:16.245,4,right,3,4,22.0,True,
run_20260807_173028_599500,3215,106,2026-08-07T17:32:16.245,5,right,4,5,22.5,True,
run_20260807_173028_599500,3215,106,2026-08-07T17:32:16.245,6,right,5,6,22.5,True,
run_20260807_173028_599500,3215,106,2026-08-07T17:32:16.245,7,right,6,7,22.0,True,
run_20260807_173028_599500,3215,106,2026-08-07T17:32:16.245,8,right,7,8,22.0,True,
run_20260807_173028_599500,3215,106,2026-08-07T17:32:16.245,9,right,8,9,21.5,True,
run_20260807_173028_599500,3215,106,2026-08-07T17:32:16.245,10,right,9,10,22.0,True,
run_20260807_173028_599500,3215,106,2026-08-07T17:32:16.245,11,right,10,11,21.5,True,
run_20260807_173028_599500,3215,106,2026-08-07T17:32:16.245,12,right,11,12,21.5,True,
run_20260807_173028_599500,3245,107,2026-08-07T17:32:17.246,1,left,0,1,22.0,True,
run_20260807_173028_599500,3245,107,2026-08-07T17:32:17.246,2,left,1,2,22.5,True,
run_20260807_173028_599500,3245,107,2026-08-07T17:32:17.246,3,left,2,3,22.5,True,
run_20260807_173028_599500,3245,107,2026-08-07T17:32:17.246,4,left,3,4,22.0,True,
run_20260807_173028_599500,3245,107,2026-08-07T17:32:17.246,5,left,4,5,22.5,True,
run_20260807_173028_599500,3245,107,2026-08-07T17:32:17.246,6,left,5,6,22.5,True,
run_20260807_173028_599500,3245,107,2026-08-07T17:32:17.246,7,left,6,7,22.0,True,
run_20260807_173028_599500,3245,107,2026-08-07T17:32:17.246,8,left,7,8,22.0,True,
run_20260807_173028_599500,3245,107,2026-08-07T17:32:17.246,9,left,8,9,21.5,True,
run_20260807_173028_599500,3245,107,2026-08-07T17:32:17.246,10,left,9,10,22.0,True,
run_20260807_173028_599500,3245,107,2026-08-07T17:32:17.246,11,left,10,11,22.0,True,
run_20260807_173028_599500,3245,107,2026-08-07T17:32:17.246,12,left,11,12,21.5,True,
run_20260807_173028_599500,3245,107,2026-08-07T17:32:17.246,1,right,0,1,22.0,True,
run_20260807_173028_599500,3245,107,2026-08-07T17:32:17.246,2,right,1,2,22.5,True,
run_20260807_173028_599500,3245,107,2026-08-07T17:32:17.246,3,right,2,3,22.0,True,
run_20260807_173028_599500,3245,107,2026-08-07T17:32:17.246,4,right,3,4,22.0,True,
run_20260807_173028_599500,3245,107,2026-08-07T17:32:17.246,5,right,4,5,22.5,True,
run_20260807_173028_599500,3245,107,2026-08-07T17:32:17.246,6,right,5,6,22.5,True,
run_20260807_173028_599500,3245,107,2026-08-07T17:32:17.246,7,right,6,7,22.0,True,
run_20260807_173028_599500,3245,107,2026-08-07T17:32:17.246,8,right,7,8,22.0,True,
run_20260807_173028_599500,3245,107,2026-08-07T17:32:17.246,9,right,8,9,21.5,True,
run_20260807_173028_599500,3245,107,2026-08-07T17:32:17.246,10,right,9,10,22.0,True,
run_20260807_173028_599500,3245,107,2026-08-07T17:32:17.246,11,right,10,11,21.5,True,
run_20260807_173028_599500,3245,107,2026-08-07T17:32:17.246,12,right,11,12,21.5,True,
run_20260807_173028_599500,3275,108,2026-08-07T17:32:18.250,1,left,0,1,22.0,True,
run_20260807_173028_599500,3275,108,2026-08-07T17:32:18.250,2,left,1,2,22.5,True,
run_20260807_173028_599500,3275,108,2026-08-07T17:32:18.250,3,left,2,3,22.5,True,
run_20260807_173028_599500,3275,108,2026-08-07T17:32:18.250,4,left,3,4,22.0,True,
run_20260807_173028_599500,3275,108,2026-08-07T17:32:18.250,5,left,4,5,22.5,True,
run_20260807_173028_599500,3275,108,2026-08-07T17:32:18.250,6,left,5,6,22.5,True,
run_20260807_173028_599500,3275,108,2026-08-07T17:32:18.250,7,left,6,7,22.0,True,
run_20260807_173028_599500,3275,108,2026-08-07T17:32:18.250,8,left,7,8,22.0,True,
run_20260807_173028_599500,3275,108,2026-08-07T17:32:18.250,9,left,8,9,21.5,True,
run_20260807_173028_599500,3275,108,2026-08-07T17:32:18.250,10,left,9,10,22.0,True,
run_20260807_173028_599500,3275,108,2026-08-07T17:32:18.250,11,left,10,11,22.0,True,
run_20260807_173028_599500,3275,108,2026-08-07T17:32:18.250,12,left,11,12,21.5,True,
run_20260807_173028_599500,3275,108,2026-08-07T17:32:18.250,1,right,0,1,22.0,True,
run_20260807_173028_599500,3275,108,2026-08-07T17:32:18.250,2,right,1,2,22.5,True,
run_20260807_173028_599500,3275,108,2026-08-07T17:32:18.250,3,right,2,3,22.0,True,
run_20260807_173028_599500,3275,108,2026-08-07T17:32:18.250,4,right,3,4,22.0,True,
run_20260807_173028_599500,3275,108,2026-08-07T17:32:18.250,5,right,4,5,22.5,True,
run_20260807_173028_599500,3275,108,2026-08-07T17:32:18.250,6,right,5,6,22.5,True,
run_20260807_173028_599500,3275,108,2026-08-07T17:32:18.250,7,right,6,7,22.0,True,
run_20260807_173028_599500,3275,108,2026-08-07T17:32:18.250,8,right,7,8,22.0,True,
run_20260807_173028_599500,3275,108,2026-08-07T17:32:18.250,9,right,8,9,21.5,True,
run_20260807_173028_599500,3275,108,2026-08-07T17:32:18.250,10,right,9,10,22.0,True,
run_20260807_173028_599500,3275,108,2026-08-07T17:32:18.250,11,right,10,11,21.5,True,
run_20260807_173028_599500,3275,108,2026-08-07T17:32:18.250,12,right,11,12,21.5,True,
run_20260807_173028_599500,3306,109,2026-08-07T17:32:19.278,1,left,0,1,22.0,True,
run_20260807_173028_599500,3306,109,2026-08-07T17:32:19.278,2,left,1,2,22.5,True,
run_20260807_173028_599500,3306,109,2026-08-07T17:32:19.278,3,left,2,3,22.5,True,
run_20260807_173028_599500,3306,109,2026-08-07T17:32:19.278,4,left,3,4,22.0,True,
run_20260807_173028_599500,3306,109,2026-08-07T17:32:19.278,5,left,4,5,22.5,True,
run_20260807_173028_599500,3306,109,2026-08-07T17:32:19.278,6,left,5,6,22.5,True,
run_20260807_173028_599500,3306,109,2026-08-07T17:32:19.278,7,left,6,7,22.0,True,
run_20260807_173028_599500,3306,109,2026-08-07T17:32:19.278,8,left,7,8,22.0,True,
run_20260807_173028_599500,3306,109,2026-08-07T17:32:19.278,9,left,8,9,21.75,True,
run_20260807_173028_599500,3306,109,2026-08-07T17:32:19.278,10,left,9,10,21.75,True,
run_20260807_173028_599500,3306,109,2026-08-07T17:32:19.278,11,left,10,11,22.0,True,
run_20260807_173028_599500,3306,109,2026-08-07T17:32:19.278,12,left,11,12,21.5,True,
run_20260807_173028_599500,3306,109,2026-08-07T17:32:19.278,1,right,0,1,22.0,True,
run_20260807_173028_599500,3306,109,2026-08-07T17:32:19.278,2,right,1,2,22.5,True,
run_20260807_173028_599500,3306,109,2026-08-07T17:32:19.278,3,right,2,3,22.0,True,
run_20260807_173028_599500,3306,109,2026-08-07T17:32:19.278,4,right,3,4,22.0,True,
run_20260807_173028_599500,3306,109,2026-08-07T17:32:19.278,5,right,4,5,22.5,True,
run_20260807_173028_599500,3306,109,2026-08-07T17:32:19.278,6,right,5,6,22.5,True,
run_20260807_173028_599500,3306,109,2026-08-07T17:32:19.278,7,right,6,7,22.0,True,
run_20260807_173028_599500,3306,109,2026-08-07T17:32:19.278,8,right,7,8,22.0,True,
run_20260807_173028_599500,3306,109,2026-08-07T17:32:19.278,9,right,8,9,21.5,True,
run_20260807_173028_599500,3306,109,2026-08-07T17:32:19.278,10,right,9,10,22.0,True,
run_20260807_173028_599500,3306,109,2026-08-07T17:32:19.278,11,right,10,11,21.5,True,
run_20260807_173028_599500,3306,109,2026-08-07T17:32:19.278,12,right,11,12,21.5,True,
run_20260807_173028_599500,3336,110,2026-08-07T17:32:20.280,1,left,0,1,22.0,True,
run_20260807_173028_599500,3336,110,2026-08-07T17:32:20.280,2,left,1,2,22.5,True,
run_20260807_173028_599500,3336,110,2026-08-07T17:32:20.280,3,left,2,3,22.5,True,
run_20260807_173028_599500,3336,110,2026-08-07T17:32:20.280,4,left,3,4,22.0,True,
run_20260807_173028_599500,3336,110,2026-08-07T17:32:20.280,5,left,4,5,22.5,True,
run_20260807_173028_599500,3336,110,2026-08-07T17:32:20.280,6,left,5,6,22.5,True,
run_20260807_173028_599500,3336,110,2026-08-07T17:32:20.280,7,left,6,7,22.0,True,
run_20260807_173028_599500,3336,110,2026-08-07T17:32:20.280,8,left,7,8,22.0,True,
run_20260807_173028_599500,3336,110,2026-08-07T17:32:20.280,9,left,8,9,21.86363636363636,True,
run_20260807_173028_599500,3336,110,2026-08-07T17:32:20.280,10,left,9,10,21.63636363636364,True,
run_20260807_173028_599500,3336,110,2026-08-07T17:32:20.280,11,left,10,11,22.0,True,
run_20260807_173028_599500,3336,110,2026-08-07T17:32:20.280,12,left,11,12,21.5,True,
run_20260807_173028_599500,3336,110,2026-08-07T17:32:20.280,1,right,0,1,22.0,True,
run_20260807_173028_599500,3336,110,2026-08-07T17:32:20.280,2,right,1,2,22.5,True,
run_20260807_173028_599500,3336,110,2026-08-07T17:32:20.280,3,right,2,3,22.0,True,
run_20260807_173028_599500,3336,110,2026-08-07T17:32:20.280,4,right,3,4,22.071428571428555,True,
run_20260807_173028_599500,3336,110,2026-08-07T17:32:20.280,5,right,4,5,22.428571428571445,True,
run_20260807_173028_599500,3336,110,2026-08-07T17:32:20.280,6,right,5,6,22.5,True,
run_20260807_173028_599500,3336,110,2026-08-07T17:32:20.280,7,right,6,7,22.0,True,
run_20260807_173028_599500,3336,110,2026-08-07T17:32:20.280,8,right,7,8,22.0,True,
run_20260807_173028_599500,3336,110,2026-08-07T17:32:20.280,9,right,8,9,21.5,True,
run_20260807_173028_599500,3336,110,2026-08-07T17:32:20.280,10,right,9,10,22.0,True,
run_20260807_173028_599500,3336,110,2026-08-07T17:32:20.280,11,right,10,11,21.5,True,
run_20260807_173028_599500,3336,110,2026-08-07T17:32:20.280,12,right,11,12,21.5,True,
run_20260807_173028_599500,3367,111,2026-08-07T17:32:21.312,1,left,0,1,22.0,True,
run_20260807_173028_599500,3367,111,2026-08-07T17:32:21.312,2,left,1,2,22.5,True,
run_20260807_173028_599500,3367,111,2026-08-07T17:32:21.312,3,left,2,3,22.5,True,
run_20260807_173028_599500,3367,111,2026-08-07T17:32:21.312,4,left,3,4,22.0,True,
run_20260807_173028_599500,3367,111,2026-08-07T17:32:21.312,5,left,4,5,22.5,True,
run_20260807_173028_599500,3367,111,2026-08-07T17:32:21.312,6,left,5,6,22.5,True,
run_20260807_173028_599500,3367,111,2026-08-07T17:32:21.312,7,left,6,7,22.0,True,
run_20260807_173028_599500,3367,111,2026-08-07T17:32:21.312,8,left,7,8,22.0,True,
run_20260807_173028_599500,3367,111,2026-08-07T17:32:21.312,9,left,8,9,21.86363636363636,True,
run_20260807_173028_599500,3367,111,2026-08-07T17:32:21.312,10,left,9,10,21.63636363636364,True,
run_20260807_173028_599500,3367,111,2026-08-07T17:32:21.312,11,left,10,11,22.0,True,
run_20260807_173028_599500,3367,111,2026-08-07T17:32:21.312,12,left,11,12,21.5,True,
run_20260807_173028_599500,3367,111,2026-08-07T17:32:21.312,1,right,0,1,22.0,True,
run_20260807_173028_599500,3367,111,2026-08-07T17:32:21.312,2,right,1,2,22.5,True,
run_20260807_173028_599500,3367,111,2026-08-07T17:32:21.312,3,right,2,3,22.0,True,
run_20260807_173028_599500,3367,111,2026-08-07T17:32:21.312,4,right,3,4,22.071428571428555,True,
run_20260807_173028_599500,3367,111,2026-08-07T17:32:21.312,5,right,4,5,22.428571428571445,True,
run_20260807_173028_599500,3367,111,2026-08-07T17:32:21.312,6,right,5,6,22.5,True,
run_20260807_173028_599500,3367,111,2026-08-07T17:32:21.312,7,right,6,7,22.0,True,
run_20260807_173028_599500,3367,111,2026-08-07T17:32:21.312,8,right,7,8,22.0,True,
run_20260807_173028_599500,3367,111,2026-08-07T17:32:21.312,9,right,8,9,21.5,True,
run_20260807_173028_599500,3367,111,2026-08-07T17:32:21.312,10,right,9,10,22.0,True,
run_20260807_173028_599500,3367,111,2026-08-07T17:32:21.312,11,right,10,11,21.5,True,
run_20260807_173028_599500,3367,111,2026-08-07T17:32:21.312,12,right,11,12,21.5,True,
run_20260807_173028_599500,3397,112,2026-08-07T17:32:22.313,1,left,0,1,22.0,True,
run_20260807_173028_599500,3397,112,2026-08-07T17:32:22.313,2,left,1,2,22.5,True,
run_20260807_173028_599500,3397,112,2026-08-07T17:32:22.313,3,left,2,3,22.5,True,
run_20260807_173028_599500,3397,112,2026-08-07T17:32:22.313,4,left,3,4,22.0,True,
run_20260807_173028_599500,3397,112,2026-08-07T17:32:22.313,5,left,4,5,22.5,True,
run_20260807_173028_599500,3397,112,2026-08-07T17:32:22.313,6,left,5,6,22.5,True,
run_20260807_173028_599500,3397,112,2026-08-07T17:32:22.313,7,left,6,7,22.0,True,
run_20260807_173028_599500,3397,112,2026-08-07T17:32:22.313,8,left,7,8,22.0,True,
run_20260807_173028_599500,3397,112,2026-08-07T17:32:22.313,9,left,8,9,21.57142857142857,True,
run_20260807_173028_599500,3397,112,2026-08-07T17:32:22.313,10,left,9,10,21.92857142857143,True,
run_20260807_173028_599500,3397,112,2026-08-07T17:32:22.313,11,left,10,11,22.0,True,
run_20260807_173028_599500,3397,112,2026-08-07T17:32:22.313,12,left,11,12,21.5,True,
run_20260807_173028_599500,3397,112,2026-08-07T17:32:22.313,1,right,0,1,22.0,True,
run_20260807_173028_599500,3397,112,2026-08-07T17:32:22.313,2,right,1,2,22.5,True,
run_20260807_173028_599500,3397,112,2026-08-07T17:32:22.313,3,right,2,3,22.0,True,
run_20260807_173028_599500,3397,112,2026-08-07T17:32:22.313,4,right,3,4,22.0,True,
run_20260807_173028_599500,3397,112,2026-08-07T17:32:22.313,5,right,4,5,22.5,True,
run_20260807_173028_599500,3397,112,2026-08-07T17:32:22.313,6,right,5,6,22.5,True,
run_20260807_173028_599500,3397,112,2026-08-07T17:32:22.313,7,right,6,7,22.0,True,
run_20260807_173028_599500,3397,112,2026-08-07T17:32:22.313,8,right,7,8,22.0,True,
run_20260807_173028_599500,3397,112,2026-08-07T17:32:22.313,9,right,8,9,21.5,True,
run_20260807_173028_599500,3397,112,2026-08-07T17:32:22.313,10,right,9,10,22.0,True,
run_20260807_173028_599500,3397,112,2026-08-07T17:32:22.313,11,right,10,11,21.5,True,
run_20260807_173028_599500,3397,112,2026-08-07T17:32:22.313,12,right,11,12,21.5,True,
run_20260807_173028_599500,3428,113,2026-08-07T17:32:23.346,1,left,0,1,22.0,True,
run_20260807_173028_599500,3428,113,2026-08-07T17:32:23.346,2,left,1,2,22.5,True,
run_20260807_173028_599500,3428,113,2026-08-07T17:32:23.346,3,left,2,3,22.5,True,
run_20260807_173028_599500,3428,113,2026-08-07T17:32:23.346,4,left,3,4,22.0,True,
run_20260807_173028_599500,3428,113,2026-08-07T17:32:23.346,5,left,4,5,22.5,True,
run_20260807_173028_599500,3428,113,2026-08-07T17:32:23.346,6,left,5,6,22.5,True,
run_20260807_173028_599500,3428,113,2026-08-07T17:32:23.346,7,left,6,7,22.0,True,
run_20260807_173028_599500,3428,113,2026-08-07T17:32:23.346,8,left,7,8,22.0,True,
run_20260807_173028_599500,3428,113,2026-08-07T17:32:23.346,9,left,8,9,22.0,True,
run_20260807_173028_599500,3428,113,2026-08-07T17:32:23.346,10,left,9,10,21.5,True,
run_20260807_173028_599500,3428,113,2026-08-07T17:32:23.346,11,left,10,11,22.0,True,
run_20260807_173028_599500,3428,113,2026-08-07T17:32:23.346,12,left,11,12,21.5,True,
run_20260807_173028_599500,3428,113,2026-08-07T17:32:23.346,1,right,0,1,22.0,True,
run_20260807_173028_599500,3428,113,2026-08-07T17:32:23.346,2,right,1,2,22.5,True,
run_20260807_173028_599500,3428,113,2026-08-07T17:32:23.346,3,right,2,3,22.0,True,
run_20260807_173028_599500,3428,113,2026-08-07T17:32:23.346,4,right,3,4,22.0,True,
run_20260807_173028_599500,3428,113,2026-08-07T17:32:23.346,5,right,4,5,22.5,True,
run_20260807_173028_599500,3428,113,2026-08-07T17:32:23.346,6,right,5,6,22.5,True,
run_20260807_173028_599500,3428,113,2026-08-07T17:32:23.346,7,right,6,7,22.0,True,
run_20260807_173028_599500,3428,113,2026-08-07T17:32:23.346,8,right,7,8,22.0,True,
run_20260807_173028_599500,3428,113,2026-08-07T17:32:23.346,9,right,8,9,21.5,True,
run_20260807_173028_599500,3428,113,2026-08-07T17:32:23.346,10,right,9,10,22.0,True,
run_20260807_173028_599500,3428,113,2026-08-07T17:32:23.346,11,right,10,11,21.5,True,
run_20260807_173028_599500,3428,113,2026-08-07T17:32:23.346,12,right,11,12,21.5,True,
run_20260807_173028_599500,3459,114,2026-08-07T17:32:24.378,1,left,0,1,22.0,True,
run_20260807_173028_599500,3459,114,2026-08-07T17:32:24.378,2,left,1,2,22.5,True,
run_20260807_173028_599500,3459,114,2026-08-07T17:32:24.378,3,left,2,3,22.5,True,
run_20260807_173028_599500,3459,114,2026-08-07T17:32:24.378,4,left,3,4,22.0,True,
run_20260807_173028_599500,3459,114,2026-08-07T17:32:24.378,5,left,4,5,22.5,True,
run_20260807_173028_599500,3459,114,2026-08-07T17:32:24.378,6,left,5,6,22.5,True,
run_20260807_173028_599500,3459,114,2026-08-07T17:32:24.378,7,left,6,7,22.0,True,
run_20260807_173028_599500,3459,114,2026-08-07T17:32:24.378,8,left,7,8,22.0,True,
run_20260807_173028_599500,3459,114,2026-08-07T17:32:24.378,9,left,8,9,21.5,True,
run_20260807_173028_599500,3459,114,2026-08-07T17:32:24.378,10,left,9,10,22.0,True,
run_20260807_173028_599500,3459,114,2026-08-07T17:32:24.378,11,left,10,11,22.0,True,
run_20260807_173028_599500,3459,114,2026-08-07T17:32:24.378,12,left,11,12,21.5,True,
run_20260807_173028_599500,3459,114,2026-08-07T17:32:24.378,1,right,0,1,22.0,True,
run_20260807_173028_599500,3459,114,2026-08-07T17:32:24.378,2,right,1,2,22.5,True,
run_20260807_173028_599500,3459,114,2026-08-07T17:32:24.378,3,right,2,3,22.0,True,
run_20260807_173028_599500,3459,114,2026-08-07T17:32:24.378,4,right,3,4,22.071428571428555,True,
run_20260807_173028_599500,3459,114,2026-08-07T17:32:24.378,5,right,4,5,22.428571428571445,True,
run_20260807_173028_599500,3459,114,2026-08-07T17:32:24.378,6,right,5,6,22.5,True,
run_20260807_173028_599500,3459,114,2026-08-07T17:32:24.378,7,right,6,7,22.0,True,
run_20260807_173028_599500,3459,114,2026-08-07T17:32:24.378,8,right,7,8,22.0,True,
run_20260807_173028_599500,3459,114,2026-08-07T17:32:24.378,9,right,8,9,21.5,True,
run_20260807_173028_599500,3459,114,2026-08-07T17:32:24.378,10,right,9,10,22.0,True,
run_20260807_173028_599500,3459,114,2026-08-07T17:32:24.378,11,right,10,11,21.5,True,
run_20260807_173028_599500,3459,114,2026-08-07T17:32:24.378,12,right,11,12,21.5,True,
run_20260807_173028_599500,3489,115,2026-08-07T17:32:25.380,1,left,0,1,22.0,True,
run_20260807_173028_599500,3489,115,2026-08-07T17:32:25.380,2,left,1,2,22.5,True,
run_20260807_173028_599500,3489,115,2026-08-07T17:32:25.380,3,left,2,3,22.5,True,
run_20260807_173028_599500,3489,115,2026-08-07T17:32:25.380,4,left,3,4,22.0,True,
run_20260807_173028_599500,3489,115,2026-08-07T17:32:25.380,5,left,4,5,22.5,True,
run_20260807_173028_599500,3489,115,2026-08-07T17:32:25.380,6,left,5,6,22.5,True,
run_20260807_173028_599500,3489,115,2026-08-07T17:32:25.380,7,left,6,7,22.0,True,
run_20260807_173028_599500,3489,115,2026-08-07T17:32:25.380,8,left,7,8,22.0,True,
run_20260807_173028_599500,3489,115,2026-08-07T17:32:25.380,9,left,8,9,21.5,True,
run_20260807_173028_599500,3489,115,2026-08-07T17:32:25.380,10,left,9,10,22.0,True,
run_20260807_173028_599500,3489,115,2026-08-07T17:32:25.380,11,left,10,11,22.0,True,
run_20260807_173028_599500,3489,115,2026-08-07T17:32:25.380,12,left,11,12,21.5,True,
run_20260807_173028_599500,3489,115,2026-08-07T17:32:25.380,1,right,0,1,22.0,True,
run_20260807_173028_599500,3489,115,2026-08-07T17:32:25.380,2,right,1,2,22.5,True,
run_20260807_173028_599500,3489,115,2026-08-07T17:32:25.380,3,right,2,3,22.0,True,
run_20260807_173028_599500,3489,115,2026-08-07T17:32:25.380,4,right,3,4,22.071428571428555,True,
run_20260807_173028_599500,3489,115,2026-08-07T17:32:25.380,5,right,4,5,22.428571428571445,True,
run_20260807_173028_599500,3489,115,2026-08-07T17:32:25.380,6,right,5,6,22.5,True,
run_20260807_173028_599500,3489,115,2026-08-07T17:32:25.380,7,right,6,7,22.0,True,
run_20260807_173028_599500,3489,115,2026-08-07T17:32:25.380,8,right,7,8,22.0,True,
run_20260807_173028_599500,3489,115,2026-08-07T17:32:25.380,9,right,8,9,21.5,True,
run_20260807_173028_599500,3489,115,2026-08-07T17:32:25.380,10,right,9,10,22.0,True,
run_20260807_173028_599500,3489,115,2026-08-07T17:32:25.380,11,right,10,11,21.5,True,
run_20260807_173028_599500,3489,115,2026-08-07T17:32:25.380,12,right,11,12,21.5,True,
run_20260807_173028_599500,3520,116,2026-08-07T17:32:26.413,1,left,0,1,22.0,True,
run_20260807_173028_599500,3520,116,2026-08-07T17:32:26.413,2,left,1,2,22.5,True,
run_20260807_173028_599500,3520,116,2026-08-07T17:32:26.413,3,left,2,3,22.5,True,
run_20260807_173028_599500,3520,116,2026-08-07T17:32:26.413,4,left,3,4,22.0,True,
run_20260807_173028_599500,3520,116,2026-08-07T17:32:26.413,5,left,4,5,22.5,True,
run_20260807_173028_599500,3520,116,2026-08-07T17:32:26.413,6,left,5,6,22.5,True,
run_20260807_173028_599500,3520,116,2026-08-07T17:32:26.413,7,left,6,7,22.0,True,
run_20260807_173028_599500,3520,116,2026-08-07T17:32:26.413,8,left,7,8,22.0,True,
run_20260807_173028_599500,3520,116,2026-08-07T17:32:26.413,9,left,8,9,22.0,True,
run_20260807_173028_599500,3520,116,2026-08-07T17:32:26.413,10,left,9,10,21.5,True,
run_20260807_173028_599500,3520,116,2026-08-07T17:32:26.413,11,left,10,11,22.0,True,
run_20260807_173028_599500,3520,116,2026-08-07T17:32:26.413,12,left,11,12,21.5,True,
run_20260807_173028_599500,3520,116,2026-08-07T17:32:26.413,1,right,0,1,22.0,True,
run_20260807_173028_599500,3520,116,2026-08-07T17:32:26.413,2,right,1,2,22.5,True,
run_20260807_173028_599500,3520,116,2026-08-07T17:32:26.413,3,right,2,3,22.0,True,
run_20260807_173028_599500,3520,116,2026-08-07T17:32:26.413,4,right,3,4,22.0,True,
run_20260807_173028_599500,3520,116,2026-08-07T17:32:26.413,5,right,4,5,22.5,True,
run_20260807_173028_599500,3520,116,2026-08-07T17:32:26.413,6,right,5,6,22.5,True,
run_20260807_173028_599500,3520,116,2026-08-07T17:32:26.413,7,right,6,7,22.0,True,
run_20260807_173028_599500,3520,116,2026-08-07T17:32:26.413,8,right,7,8,22.0,True,
run_20260807_173028_599500,3520,116,2026-08-07T17:32:26.413,9,right,8,9,21.5,True,
run_20260807_173028_599500,3520,116,2026-08-07T17:32:26.413,10,right,9,10,22.0,True,
run_20260807_173028_599500,3520,116,2026-08-07T17:32:26.413,11,right,10,11,21.5,True,
run_20260807_173028_599500,3520,116,2026-08-07T17:32:26.413,12,right,11,12,21.5,True,
run_20260807_173028_599500,3551,117,2026-08-07T17:32:27.445,1,left,0,1,22.0,True,
run_20260807_173028_599500,3551,117,2026-08-07T17:32:27.445,2,left,1,2,22.5,True,
run_20260807_173028_599500,3551,117,2026-08-07T17:32:27.445,3,left,2,3,22.5,True,
run_20260807_173028_599500,3551,117,2026-08-07T17:32:27.445,4,left,3,4,22.0,True,
run_20260807_173028_599500,3551,117,2026-08-07T17:32:27.445,5,left,4,5,22.5,True,
run_20260807_173028_599500,3551,117,2026-08-07T17:32:27.445,6,left,5,6,22.5,True,
run_20260807_173028_599500,3551,117,2026-08-07T17:32:27.445,7,left,6,7,22.0,True,
run_20260807_173028_599500,3551,117,2026-08-07T17:32:27.445,8,left,7,8,22.0,True,
run_20260807_173028_599500,3551,117,2026-08-07T17:32:27.445,9,left,8,9,21.86363636363636,True,
run_20260807_173028_599500,3551,117,2026-08-07T17:32:27.445,10,left,9,10,21.63636363636364,True,
run_20260807_173028_599500,3551,117,2026-08-07T17:32:27.445,11,left,10,11,22.0,True,
run_20260807_173028_599500,3551,117,2026-08-07T17:32:27.445,12,left,11,12,21.5,True,
run_20260807_173028_599500,3551,117,2026-08-07T17:32:27.445,1,right,0,1,22.0,True,
run_20260807_173028_599500,3551,117,2026-08-07T17:32:27.445,2,right,1,2,22.5,True,
run_20260807_173028_599500,3551,117,2026-08-07T17:32:27.445,3,right,2,3,22.0,True,
run_20260807_173028_599500,3551,117,2026-08-07T17:32:27.445,4,right,3,4,22.0,True,
run_20260807_173028_599500,3551,117,2026-08-07T17:32:27.445,5,right,4,5,22.5,True,
run_20260807_173028_599500,3551,117,2026-08-07T17:32:27.445,6,right,5,6,22.5,True,
run_20260807_173028_599500,3551,117,2026-08-07T17:32:27.445,7,right,6,7,22.0,True,
run_20260807_173028_599500,3551,117,2026-08-07T17:32:27.445,8,right,7,8,22.0,True,
run_20260807_173028_599500,3551,117,2026-08-07T17:32:27.445,9,right,8,9,21.5,True,
run_20260807_173028_599500,3551,117,2026-08-07T17:32:27.445,10,right,9,10,22.0,True,
run_20260807_173028_599500,3551,117,2026-08-07T17:32:27.445,11,right,10,11,21.5,True,
run_20260807_173028_599500,3551,117,2026-08-07T17:32:27.445,12,right,11,12,21.5,True,
run_20260807_173028_599500,3581,118,2026-08-07T17:32:28.446,1,left,0,1,22.0,True,
run_20260807_173028_599500,3581,118,2026-08-07T17:32:28.446,2,left,1,2,22.5,True,
run_20260807_173028_599500,3581,118,2026-08-07T17:32:28.446,3,left,2,3,22.5,True,
run_20260807_173028_599500,3581,118,2026-08-07T17:32:28.446,4,left,3,4,22.0,True,
run_20260807_173028_599500,3581,118,2026-08-07T17:32:28.446,5,left,4,5,22.5,True,
run_20260807_173028_599500,3581,118,2026-08-07T17:32:28.446,6,left,5,6,22.5,True,
run_20260807_173028_599500,3581,118,2026-08-07T17:32:28.446,7,left,6,7,22.0,True,
run_20260807_173028_599500,3581,118,2026-08-07T17:32:28.446,8,left,7,8,22.0,True,
run_20260807_173028_599500,3581,118,2026-08-07T17:32:28.446,9,left,8,9,21.86363636363636,True,
run_20260807_173028_599500,3581,118,2026-08-07T17:32:28.446,10,left,9,10,21.63636363636364,True,
run_20260807_173028_599500,3581,118,2026-08-07T17:32:28.446,11,left,10,11,22.0,True,
run_20260807_173028_599500,3581,118,2026-08-07T17:32:28.446,12,left,11,12,21.5,True,
run_20260807_173028_599500,3581,118,2026-08-07T17:32:28.446,1,right,0,1,22.0,True,
run_20260807_173028_599500,3581,118,2026-08-07T17:32:28.446,2,right,1,2,22.5,True,
run_20260807_173028_599500,3581,118,2026-08-07T17:32:28.446,3,right,2,3,22.0,True,
run_20260807_173028_599500,3581,118,2026-08-07T17:32:28.446,4,right,3,4,22.0,True,
run_20260807_173028_599500,3581,118,2026-08-07T17:32:28.446,5,right,4,5,22.5,True,
run_20260807_173028_599500,3581,118,2026-08-07T17:32:28.446,6,right,5,6,22.5,True,
run_20260807_173028_599500,3581,118,2026-08-07T17:32:28.446,7,right,6,7,22.0,True,
run_20260807_173028_599500,3581,118,2026-08-07T17:32:28.446,8,right,7,8,22.0,True,
run_20260807_173028_599500,3581,118,2026-08-07T17:32:28.446,9,right,8,9,21.5,True,
run_20260807_173028_599500,3581,118,2026-08-07T17:32:28.446,10,right,9,10,22.0,True,
run_20260807_173028_599500,3581,118,2026-08-07T17:32:28.446,11,right,10,11,21.5,True,
run_20260807_173028_599500,3581,118,2026-08-07T17:32:28.446,12,right,11,12,21.5,True,
run_20260807_173028_599500,3612,119,2026-08-07T17:32:29.480,1,left,0,1,22.0,True,
run_20260807_173028_599500,3612,119,2026-08-07T17:32:29.480,2,left,1,2,22.5,True,
run_20260807_173028_599500,3612,119,2026-08-07T17:32:29.480,3,left,2,3,22.5,True,
run_20260807_173028_599500,3612,119,2026-08-07T17:32:29.480,4,left,3,4,22.0,True,
run_20260807_173028_599500,3612,119,2026-08-07T17:32:29.480,5,left,4,5,22.5,True,
run_20260807_173028_599500,3612,119,2026-08-07T17:32:29.480,6,left,5,6,22.5,True,
run_20260807_173028_599500,3612,119,2026-08-07T17:32:29.480,7,left,6,7,22.0,True,
run_20260807_173028_599500,3612,119,2026-08-07T17:32:29.480,8,left,7,8,22.0,True,
run_20260807_173028_599500,3612,119,2026-08-07T17:32:29.480,9,left,8,9,21.57142857142857,True,
run_20260807_173028_599500,3612,119,2026-08-07T17:32:29.480,10,left,9,10,21.92857142857143,True,
run_20260807_173028_599500,3612,119,2026-08-07T17:32:29.480,11,left,10,11,22.0,True,
run_20260807_173028_599500,3612,119,2026-08-07T17:32:29.480,12,left,11,12,21.5,True,
run_20260807_173028_599500,3612,119,2026-08-07T17:32:29.480,1,right,0,1,22.0,True,
run_20260807_173028_599500,3612,119,2026-08-07T17:32:29.480,2,right,1,2,22.5,True,
run_20260807_173028_599500,3612,119,2026-08-07T17:32:29.480,3,right,2,3,22.0,True,
run_20260807_173028_599500,3612,119,2026-08-07T17:32:29.480,4,right,3,4,22.0,True,
run_20260807_173028_599500,3612,119,2026-08-07T17:32:29.480,5,right,4,5,22.5,True,
run_20260807_173028_599500,3612,119,2026-08-07T17:32:29.480,6,right,5,6,22.5,True,
run_20260807_173028_599500,3612,119,2026-08-07T17:32:29.480,7,right,6,7,22.0,True,
run_20260807_173028_599500,3612,119,2026-08-07T17:32:29.480,8,right,7,8,22.0,True,
run_20260807_173028_599500,3612,119,2026-08-07T17:32:29.480,9,right,8,9,21.5,True,
run_20260807_173028_599500,3612,119,2026-08-07T17:32:29.480,10,right,9,10,22.0,True,
run_20260807_173028_599500,3612,119,2026-08-07T17:32:29.480,11,right,10,11,21.5,True,
run_20260807_173028_599500,3612,119,2026-08-07T17:32:29.480,12,right,11,12,21.5,True,
run_20260807_173028_599500,3643,120,2026-08-07T17:32:30.511,1,left,0,1,22.0,True,
run_20260807_173028_599500,3643,120,2026-08-07T17:32:30.511,2,left,1,2,22.5,True,
run_20260807_173028_599500,3643,120,2026-08-07T17:32:30.511,3,left,2,3,22.5,True,
run_20260807_173028_599500,3643,120,2026-08-07T17:32:30.511,4,left,3,4,22.0,True,
run_20260807_173028_599500,3643,120,2026-08-07T17:32:30.511,5,left,4,5,22.5,True,
run_20260807_173028_599500,3643,120,2026-08-07T17:32:30.511,6,left,5,6,22.5,True,
run_20260807_173028_599500,3643,120,2026-08-07T17:32:30.511,7,left,6,7,22.0,True,
run_20260807_173028_599500,3643,120,2026-08-07T17:32:30.511,8,left,7,8,22.0,True,
run_20260807_173028_599500,3643,120,2026-08-07T17:32:30.511,9,left,8,9,21.65384615384616,True,
run_20260807_173028_599500,3643,120,2026-08-07T17:32:30.511,10,left,9,10,21.84615384615384,True,
run_20260807_173028_599500,3643,120,2026-08-07T17:32:30.511,11,left,10,11,22.0,True,
run_20260807_173028_599500,3643,120,2026-08-07T17:32:30.511,12,left,11,12,21.5,True,
run_20260807_173028_599500,3643,120,2026-08-07T17:32:30.511,1,right,0,1,22.0,True,
run_20260807_173028_599500,3643,120,2026-08-07T17:32:30.511,2,right,1,2,22.5,True,
run_20260807_173028_599500,3643,120,2026-08-07T17:32:30.511,3,right,2,3,22.0,True,
run_20260807_173028_599500,3643,120,2026-08-07T17:32:30.511,4,right,3,4,22.0,True,
run_20260807_173028_599500,3643,120,2026-08-07T17:32:30.511,5,right,4,5,22.5,True,
run_20260807_173028_599500,3643,120,2026-08-07T17:32:30.511,6,right,5,6,22.5,True,
run_20260807_173028_599500,3643,120,2026-08-07T17:32:30.511,7,right,6,7,22.0,True,
run_20260807_173028_599500,3643,120,2026-08-07T17:32:30.511,8,right,7,8,22.0,True,
run_20260807_173028_599500,3643,120,2026-08-07T17:32:30.511,9,right,8,9,21.5,True,
run_20260807_173028_599500,3643,120,2026-08-07T17:32:30.511,10,right,9,10,22.0,True,
run_20260807_173028_599500,3643,120,2026-08-07T17:32:30.511,11,right,10,11,21.5,True,
run_20260807_173028_599500,3643,120,2026-08-07T17:32:30.511,12,right,11,12,21.5,True,
run_20260807_173028_599500,3673,121,2026-08-07T17:32:31.513,1,left,0,1,22.0,True,
run_20260807_173028_599500,3673,121,2026-08-07T17:32:31.513,2,left,1,2,22.5,True,
run_20260807_173028_599500,3673,121,2026-08-07T17:32:31.513,3,left,2,3,22.5,True,
run_20260807_173028_599500,3673,121,2026-08-07T17:32:31.513,4,left,3,4,22.0,True,
run_20260807_173028_599500,3673,121,2026-08-07T17:32:31.513,5,left,4,5,22.5,True,
run_20260807_173028_599500,3673,121,2026-08-07T17:32:31.513,6,left,5,6,22.5,True,
run_20260807_173028_599500,3673,121,2026-08-07T17:32:31.513,7,left,6,7,22.0,True,
run_20260807_173028_599500,3673,121,2026-08-07T17:32:31.513,8,left,7,8,22.0,True,
run_20260807_173028_599500,3673,121,2026-08-07T17:32:31.513,9,left,8,9,21.65384615384616,True,
run_20260807_173028_599500,3673,121,2026-08-07T17:32:31.513,10,left,9,10,21.84615384615384,True,
run_20260807_173028_599500,3673,121,2026-08-07T17:32:31.513,11,left,10,11,22.0,True,
run_20260807_173028_599500,3673,121,2026-08-07T17:32:31.513,12,left,11,12,21.5,True,
run_20260807_173028_599500,3673,121,2026-08-07T17:32:31.513,1,right,0,1,22.0,True,
run_20260807_173028_599500,3673,121,2026-08-07T17:32:31.513,2,right,1,2,22.5,True,
run_20260807_173028_599500,3673,121,2026-08-07T17:32:31.513,3,right,2,3,22.0,True,
run_20260807_173028_599500,3673,121,2026-08-07T17:32:31.513,4,right,3,4,22.071428571428555,True,
run_20260807_173028_599500,3673,121,2026-08-07T17:32:31.513,5,right,4,5,22.428571428571445,True,
run_20260807_173028_599500,3673,121,2026-08-07T17:32:31.513,6,right,5,6,22.5,True,
run_20260807_173028_599500,3673,121,2026-08-07T17:32:31.513,7,right,6,7,22.0,True,
run_20260807_173028_599500,3673,121,2026-08-07T17:32:31.513,8,right,7,8,22.0,True,
run_20260807_173028_599500,3673,121,2026-08-07T17:32:31.513,9,right,8,9,21.5,True,
run_20260807_173028_599500,3673,121,2026-08-07T17:32:31.513,10,right,9,10,22.0,True,
run_20260807_173028_599500,3673,121,2026-08-07T17:32:31.513,11,right,10,11,21.5,True,
run_20260807_173028_599500,3673,121,2026-08-07T17:32:31.513,12,right,11,12,21.5,True,
run_20260807_173028_599500,3704,122,2026-08-07T17:32:32.546,1,left,0,1,22.0,True,
run_20260807_173028_599500,3704,122,2026-08-07T17:32:32.546,2,left,1,2,22.5,True,
run_20260807_173028_599500,3704,122,2026-08-07T17:32:32.546,3,left,2,3,22.5,True,
run_20260807_173028_599500,3704,122,2026-08-07T17:32:32.546,4,left,3,4,22.0,True,
run_20260807_173028_599500,3704,122,2026-08-07T17:32:32.546,5,left,4,5,22.5,True,
run_20260807_173028_599500,3704,122,2026-08-07T17:32:32.546,6,left,5,6,22.5,True,
run_20260807_173028_599500,3704,122,2026-08-07T17:32:32.546,7,left,6,7,22.0,True,
run_20260807_173028_599500,3704,122,2026-08-07T17:32:32.546,8,left,7,8,22.0,True,
run_20260807_173028_599500,3704,122,2026-08-07T17:32:32.546,9,left,8,9,22.0,True,
run_20260807_173028_599500,3704,122,2026-08-07T17:32:32.546,10,left,9,10,21.5,True,
run_20260807_173028_599500,3704,122,2026-08-07T17:32:32.546,11,left,10,11,22.0,True,
run_20260807_173028_599500,3704,122,2026-08-07T17:32:32.546,12,left,11,12,21.5,True,
run_20260807_173028_599500,3704,122,2026-08-07T17:32:32.546,1,right,0,1,22.0,True,
run_20260807_173028_599500,3704,122,2026-08-07T17:32:32.546,2,right,1,2,22.5,True,
run_20260807_173028_599500,3704,122,2026-08-07T17:32:32.546,3,right,2,3,22.0,True,
run_20260807_173028_599500,3704,122,2026-08-07T17:32:32.546,4,right,3,4,22.071428571428555,True,
run_20260807_173028_599500,3704,122,2026-08-07T17:32:32.546,5,right,4,5,22.428571428571445,True,
run_20260807_173028_599500,3704,122,2026-08-07T17:32:32.546,6,right,5,6,22.5,True,
run_20260807_173028_599500,3704,122,2026-08-07T17:32:32.546,7,right,6,7,22.0,True,
run_20260807_173028_599500,3704,122,2026-08-07T17:32:32.546,8,right,7,8,22.0,True,
run_20260807_173028_599500,3704,122,2026-08-07T17:32:32.546,9,right,8,9,21.5,True,
run_20260807_173028_599500,3704,122,2026-08-07T17:32:32.546,10,right,9,10,22.0,True,
run_20260807_173028_599500,3704,122,2026-08-07T17:32:32.546,11,right,10,11,22.0,True,
run_20260807_173028_599500,3704,122,2026-08-07T17:32:32.546,12,right,11,12,21.0,True,
run_20260807_173028_599500,3735,123,2026-08-07T17:32:33.578,1,left,0,1,22.0,True,
run_20260807_173028_599500,3735,123,2026-08-07T17:32:33.578,2,left,1,2,22.5,True,
run_20260807_173028_599500,3735,123,2026-08-07T17:32:33.578,3,left,2,3,22.5,True,
run_20260807_173028_599500,3735,123,2026-08-07T17:32:33.578,4,left,3,4,22.0,True,
run_20260807_173028_599500,3735,123,2026-08-07T17:32:33.578,5,left,4,5,22.5,True,
run_20260807_173028_599500,3735,123,2026-08-07T17:32:33.578,6,left,5,6,22.5,True,
run_20260807_173028_599500,3735,123,2026-08-07T17:32:33.578,7,left,6,7,22.0,True,
run_20260807_173028_599500,3735,123,2026-08-07T17:32:33.578,8,left,7,8,22.0,True,
run_20260807_173028_599500,3735,123,2026-08-07T17:32:33.578,9,left,8,9,21.5,True,
run_20260807_173028_599500,3735,123,2026-08-07T17:32:33.578,10,left,9,10,22.0,True,
run_20260807_173028_599500,3735,123,2026-08-07T17:32:33.578,11,left,10,11,22.0,True,
run_20260807_173028_599500,3735,123,2026-08-07T17:32:33.578,12,left,11,12,21.5,True,
run_20260807_173028_599500,3735,123,2026-08-07T17:32:33.578,1,right,0,1,22.0,True,
run_20260807_173028_599500,3735,123,2026-08-07T17:32:33.578,2,right,1,2,22.5,True,
run_20260807_173028_599500,3735,123,2026-08-07T17:32:33.578,3,right,2,3,22.0,True,
run_20260807_173028_599500,3735,123,2026-08-07T17:32:33.578,4,right,3,4,22.0,True,
run_20260807_173028_599500,3735,123,2026-08-07T17:32:33.578,5,right,4,5,22.5,True,
run_20260807_173028_599500,3735,123,2026-08-07T17:32:33.578,6,right,5,6,22.5,True,
run_20260807_173028_599500,3735,123,2026-08-07T17:32:33.578,7,right,6,7,22.0,True,
run_20260807_173028_599500,3735,123,2026-08-07T17:32:33.578,8,right,7,8,22.0,True,
run_20260807_173028_599500,3735,123,2026-08-07T17:32:33.578,9,right,8,9,21.5,True,
run_20260807_173028_599500,3735,123,2026-08-07T17:32:33.578,10,right,9,10,22.0,True,
run_20260807_173028_599500,3735,123,2026-08-07T17:32:33.578,11,right,10,11,21.5,True,
run_20260807_173028_599500,3735,123,2026-08-07T17:32:33.578,12,right,11,12,21.5,True,
run_20260807_173028_599500,3765,124,2026-08-07T17:32:34.579,1,left,0,1,22.0,True,
run_20260807_173028_599500,3765,124,2026-08-07T17:32:34.579,2,left,1,2,22.5,True,
run_20260807_173028_599500,3765,124,2026-08-07T17:32:34.579,3,left,2,3,22.5,True,
run_20260807_173028_599500,3765,124,2026-08-07T17:32:34.579,4,left,3,4,22.0,True,
run_20260807_173028_599500,3765,124,2026-08-07T17:32:34.579,5,left,4,5,22.5,True,
run_20260807_173028_599500,3765,124,2026-08-07T17:32:34.579,6,left,5,6,22.5,True,
run_20260807_173028_599500,3765,124,2026-08-07T17:32:34.579,7,left,6,7,22.0,True,
run_20260807_173028_599500,3765,124,2026-08-07T17:32:34.579,8,left,7,8,22.0,True,
run_20260807_173028_599500,3765,124,2026-08-07T17:32:34.579,9,left,8,9,21.57142857142857,True,
run_20260807_173028_599500,3765,124,2026-08-07T17:32:34.579,10,left,9,10,21.92857142857143,True,
run_20260807_173028_599500,3765,124,2026-08-07T17:32:34.579,11,left,10,11,22.0,True,
run_20260807_173028_599500,3765,124,2026-08-07T17:32:34.579,12,left,11,12,21.5,True,
run_20260807_173028_599500,3765,124,2026-08-07T17:32:34.579,1,right,0,1,22.0,True,
run_20260807_173028_599500,3765,124,2026-08-07T17:32:34.579,2,right,1,2,22.5,True,
run_20260807_173028_599500,3765,124,2026-08-07T17:32:34.579,3,right,2,3,22.0,True,
run_20260807_173028_599500,3765,124,2026-08-07T17:32:34.579,4,right,3,4,22.15384615384619,True,
run_20260807_173028_599500,3765,124,2026-08-07T17:32:34.579,5,right,4,5,22.34615384615381,True,
run_20260807_173028_599500,3765,124,2026-08-07T17:32:34.579,6,right,5,6,22.5,True,
run_20260807_173028_599500,3765,124,2026-08-07T17:32:34.579,7,right,6,7,22.0,True,
run_20260807_173028_599500,3765,124,2026-08-07T17:32:34.579,8,right,7,8,22.0,True,
run_20260807_173028_599500,3765,124,2026-08-07T17:32:34.579,9,right,8,9,21.5,True,
run_20260807_173028_599500,3765,124,2026-08-07T17:32:34.579,10,right,9,10,22.0,True,
run_20260807_173028_599500,3765,124,2026-08-07T17:32:34.579,11,right,10,11,21.5,True,
run_20260807_173028_599500,3765,124,2026-08-07T17:32:34.579,12,right,11,12,21.5,True,
run_20260807_173028_599500,3796,125,2026-08-07T17:32:35.613,1,left,0,1,22.0,True,
run_20260807_173028_599500,3796,125,2026-08-07T17:32:35.613,2,left,1,2,22.5,True,
run_20260807_173028_599500,3796,125,2026-08-07T17:32:35.613,3,left,2,3,22.5,True,
run_20260807_173028_599500,3796,125,2026-08-07T17:32:35.613,4,left,3,4,22.0,True,
run_20260807_173028_599500,3796,125,2026-08-07T17:32:35.613,5,left,4,5,22.5,True,
run_20260807_173028_599500,3796,125,2026-08-07T17:32:35.613,6,left,5,6,22.5,True,
run_20260807_173028_599500,3796,125,2026-08-07T17:32:35.613,7,left,6,7,22.0,True,
run_20260807_173028_599500,3796,125,2026-08-07T17:32:35.613,8,left,7,8,22.0,True,
run_20260807_173028_599500,3796,125,2026-08-07T17:32:35.613,9,left,8,9,21.5,True,
run_20260807_173028_599500,3796,125,2026-08-07T17:32:35.613,10,left,9,10,22.0,True,
run_20260807_173028_599500,3796,125,2026-08-07T17:32:35.613,11,left,10,11,22.0,True,
run_20260807_173028_599500,3796,125,2026-08-07T17:32:35.613,12,left,11,12,21.5,True,
run_20260807_173028_599500,3796,125,2026-08-07T17:32:35.613,1,right,0,1,22.0,True,
run_20260807_173028_599500,3796,125,2026-08-07T17:32:35.613,2,right,1,2,22.5,True,
run_20260807_173028_599500,3796,125,2026-08-07T17:32:35.613,3,right,2,3,22.0,True,
run_20260807_173028_599500,3796,125,2026-08-07T17:32:35.613,4,right,3,4,22.15384615384619,True,
run_20260807_173028_599500,3796,125,2026-08-07T17:32:35.613,5,right,4,5,22.34615384615381,True,
run_20260807_173028_599500,3796,125,2026-08-07T17:32:35.613,6,right,5,6,22.5,True,
run_20260807_173028_599500,3796,125,2026-08-07T17:32:35.613,7,right,6,7,22.0,True,
run_20260807_173028_599500,3796,125,2026-08-07T17:32:35.613,8,right,7,8,22.0,True,
run_20260807_173028_599500,3796,125,2026-08-07T17:32:35.613,9,right,8,9,21.5,True,
run_20260807_173028_599500,3796,125,2026-08-07T17:32:35.613,10,right,9,10,22.0,True,
run_20260807_173028_599500,3796,125,2026-08-07T17:32:35.613,11,right,10,11,21.5,True,
run_20260807_173028_599500,3796,125,2026-08-07T17:32:35.613,12,right,11,12,21.5,True,
run_20260807_173028_599500,3827,126,2026-08-07T17:32:36.645,1,left,0,1,22.0,True,
run_20260807_173028_599500,3827,126,2026-08-07T17:32:36.645,2,left,1,2,22.5,True,
run_20260807_173028_599500,3827,126,2026-08-07T17:32:36.645,3,left,2,3,22.5,True,
run_20260807_173028_599500,3827,126,2026-08-07T17:32:36.645,4,left,3,4,22.0,True,
run_20260807_173028_599500,3827,126,2026-08-07T17:32:36.645,5,left,4,5,22.5,True,
run_20260807_173028_599500,3827,126,2026-08-07T17:32:36.645,6,left,5,6,22.5,True,
run_20260807_173028_599500,3827,126,2026-08-07T17:32:36.645,7,left,6,7,22.0,True,
run_20260807_173028_599500,3827,126,2026-08-07T17:32:36.645,8,left,7,8,22.0,True,
run_20260807_173028_599500,3827,126,2026-08-07T17:32:36.645,9,left,8,9,21.57142857142857,True,
run_20260807_173028_599500,3827,126,2026-08-07T17:32:36.645,10,left,9,10,21.92857142857143,True,
run_20260807_173028_599500,3827,126,2026-08-07T17:32:36.645,11,left,10,11,22.0,True,
run_20260807_173028_599500,3827,126,2026-08-07T17:32:36.645,12,left,11,12,21.5,True,
run_20260807_173028_599500,3827,126,2026-08-07T17:32:36.645,1,right,0,1,22.0,True,
run_20260807_173028_599500,3827,126,2026-08-07T17:32:36.645,2,right,1,2,22.5,True,
run_20260807_173028_599500,3827,126,2026-08-07T17:32:36.645,3,right,2,3,22.0,True,
run_20260807_173028_599500,3827,126,2026-08-07T17:32:36.645,4,right,3,4,22.071428571428555,True,
run_20260807_173028_599500,3827,126,2026-08-07T17:32:36.645,5,right,4,5,22.428571428571445,True,
run_20260807_173028_599500,3827,126,2026-08-07T17:32:36.645,6,right,5,6,22.5,True,
run_20260807_173028_599500,3827,126,2026-08-07T17:32:36.645,7,right,6,7,22.0,True,
run_20260807_173028_599500,3827,126,2026-08-07T17:32:36.645,8,right,7,8,22.0,True,
run_20260807_173028_599500,3827,126,2026-08-07T17:32:36.645,9,right,8,9,21.5,True,
run_20260807_173028_599500,3827,126,2026-08-07T17:32:36.645,10,right,9,10,22.0,True,
run_20260807_173028_599500,3827,126,2026-08-07T17:32:36.645,11,right,10,11,21.5,True,
run_20260807_173028_599500,3827,126,2026-08-07T17:32:36.645,12,right,11,12,21.5,True,
run_20260807_173028_599500,3857,127,2026-08-07T17:32:37.646,1,left,0,1,22.0,True,
run_20260807_173028_599500,3857,127,2026-08-07T17:32:37.646,2,left,1,2,22.5,True,
run_20260807_173028_599500,3857,127,2026-08-07T17:32:37.646,3,left,2,3,22.5,True,
run_20260807_173028_599500,3857,127,2026-08-07T17:32:37.646,4,left,3,4,22.0,True,
run_20260807_173028_599500,3857,127,2026-08-07T17:32:37.646,5,left,4,5,22.5,True,
run_20260807_173028_599500,3857,127,2026-08-07T17:32:37.646,6,left,5,6,22.5,True,
run_20260807_173028_599500,3857,127,2026-08-07T17:32:37.646,7,left,6,7,22.0,True,
run_20260807_173028_599500,3857,127,2026-08-07T17:32:37.646,8,left,7,8,22.0,True,
run_20260807_173028_599500,3857,127,2026-08-07T17:32:37.646,9,left,8,9,21.5,True,
run_20260807_173028_599500,3857,127,2026-08-07T17:32:37.646,10,left,9,10,22.0,True,
run_20260807_173028_599500,3857,127,2026-08-07T17:32:37.646,11,left,10,11,22.0,True,
run_20260807_173028_599500,3857,127,2026-08-07T17:32:37.646,12,left,11,12,21.5,True,
run_20260807_173028_599500,3857,127,2026-08-07T17:32:37.646,1,right,0,1,22.0,True,
run_20260807_173028_599500,3857,127,2026-08-07T17:32:37.646,2,right,1,2,22.5,True,
run_20260807_173028_599500,3857,127,2026-08-07T17:32:37.646,3,right,2,3,22.0,True,
run_20260807_173028_599500,3857,127,2026-08-07T17:32:37.646,4,right,3,4,22.0,True,
run_20260807_173028_599500,3857,127,2026-08-07T17:32:37.646,5,right,4,5,22.5,True,
run_20260807_173028_599500,3857,127,2026-08-07T17:32:37.646,6,right,5,6,22.5,True,
run_20260807_173028_599500,3857,127,2026-08-07T17:32:37.646,7,right,6,7,22.0,True,
run_20260807_173028_599500,3857,127,2026-08-07T17:32:37.646,8,right,7,8,22.0,True,
run_20260807_173028_599500,3857,127,2026-08-07T17:32:37.646,9,right,8,9,21.5,True,
run_20260807_173028_599500,3857,127,2026-08-07T17:32:37.646,10,right,9,10,22.0,True,
run_20260807_173028_599500,3857,127,2026-08-07T17:32:37.646,11,right,10,11,21.5,True,
run_20260807_173028_599500,3857,127,2026-08-07T17:32:37.646,12,right,11,12,21.5,True,
run_20260807_173028_599500,3888,128,2026-08-07T17:32:38.679,1,left,0,1,22.0,True,
run_20260807_173028_599500,3888,128,2026-08-07T17:32:38.679,2,left,1,2,22.5,True,
run_20260807_173028_599500,3888,128,2026-08-07T17:32:38.679,3,left,2,3,22.5,True,
run_20260807_173028_599500,3888,128,2026-08-07T17:32:38.679,4,left,3,4,22.0,True,
run_20260807_173028_599500,3888,128,2026-08-07T17:32:38.679,5,left,4,5,22.5,True,
run_20260807_173028_599500,3888,128,2026-08-07T17:32:38.679,6,left,5,6,22.5,True,
run_20260807_173028_599500,3888,128,2026-08-07T17:32:38.679,7,left,6,7,22.0,True,
run_20260807_173028_599500,3888,128,2026-08-07T17:32:38.679,8,left,7,8,22.0,True,
run_20260807_173028_599500,3888,128,2026-08-07T17:32:38.679,9,left,8,9,21.5,True,
run_20260807_173028_599500,3888,128,2026-08-07T17:32:38.679,10,left,9,10,22.0,True,
run_20260807_173028_599500,3888,128,2026-08-07T17:32:38.679,11,left,10,11,22.0,True,
run_20260807_173028_599500,3888,128,2026-08-07T17:32:38.679,12,left,11,12,21.5,True,
run_20260807_173028_599500,3888,128,2026-08-07T17:32:38.679,1,right,0,1,22.0,True,
run_20260807_173028_599500,3888,128,2026-08-07T17:32:38.679,2,right,1,2,22.5,True,
run_20260807_173028_599500,3888,128,2026-08-07T17:32:38.679,3,right,2,3,22.0,True,
run_20260807_173028_599500,3888,128,2026-08-07T17:32:38.679,4,right,3,4,22.071428571428555,True,
run_20260807_173028_599500,3888,128,2026-08-07T17:32:38.679,5,right,4,5,22.428571428571445,True,
run_20260807_173028_599500,3888,128,2026-08-07T17:32:38.679,6,right,5,6,22.5,True,
run_20260807_173028_599500,3888,128,2026-08-07T17:32:38.679,7,right,6,7,22.0,True,
run_20260807_173028_599500,3888,128,2026-08-07T17:32:38.679,8,right,7,8,22.0,True,
run_20260807_173028_599500,3888,128,2026-08-07T17:32:38.679,9,right,8,9,21.5,True,
run_20260807_173028_599500,3888,128,2026-08-07T17:32:38.679,10,right,9,10,22.0,True,
run_20260807_173028_599500,3888,128,2026-08-07T17:32:38.679,11,right,10,11,21.5,True,
run_20260807_173028_599500,3888,128,2026-08-07T17:32:38.679,12,right,11,12,21.5,True,
run_20260807_173028_599500,3918,129,2026-08-07T17:32:39.682,1,left,0,1,22.0,True,
run_20260807_173028_599500,3918,129,2026-08-07T17:32:39.682,2,left,1,2,22.5,True,
run_20260807_173028_599500,3918,129,2026-08-07T17:32:39.682,3,left,2,3,22.5,True,
run_20260807_173028_599500,3918,129,2026-08-07T17:32:39.682,4,left,3,4,22.0,True,
run_20260807_173028_599500,3918,129,2026-08-07T17:32:39.682,5,left,4,5,22.5,True,
run_20260807_173028_599500,3918,129,2026-08-07T17:32:39.682,6,left,5,6,22.5,True,
run_20260807_173028_599500,3918,129,2026-08-07T17:32:39.682,7,left,6,7,22.0,True,
run_20260807_173028_599500,3918,129,2026-08-07T17:32:39.682,8,left,7,8,22.0,True,
run_20260807_173028_599500,3918,129,2026-08-07T17:32:39.682,9,left,8,9,21.5,True,
run_20260807_173028_599500,3918,129,2026-08-07T17:32:39.682,10,left,9,10,22.0,True,
run_20260807_173028_599500,3918,129,2026-08-07T17:32:39.682,11,left,10,11,22.0,True,
run_20260807_173028_599500,3918,129,2026-08-07T17:32:39.682,12,left,11,12,21.5,True,
run_20260807_173028_599500,3918,129,2026-08-07T17:32:39.682,1,right,0,1,22.0,True,
run_20260807_173028_599500,3918,129,2026-08-07T17:32:39.682,2,right,1,2,22.5,True,
run_20260807_173028_599500,3918,129,2026-08-07T17:32:39.682,3,right,2,3,22.0,True,
run_20260807_173028_599500,3918,129,2026-08-07T17:32:39.682,4,right,3,4,22.071428571428555,True,
run_20260807_173028_599500,3918,129,2026-08-07T17:32:39.682,5,right,4,5,22.428571428571445,True,
run_20260807_173028_599500,3918,129,2026-08-07T17:32:39.682,6,right,5,6,22.5,True,
run_20260807_173028_599500,3918,129,2026-08-07T17:32:39.682,7,right,6,7,22.0,True,
run_20260807_173028_599500,3918,129,2026-08-07T17:32:39.682,8,right,7,8,22.0,True,
run_20260807_173028_599500,3918,129,2026-08-07T17:32:39.682,9,right,8,9,21.5,True,
run_20260807_173028_599500,3918,129,2026-08-07T17:32:39.682,10,right,9,10,22.0,True,
run_20260807_173028_599500,3918,129,2026-08-07T17:32:39.682,11,right,10,11,21.5,True,
run_20260807_173028_599500,3918,129,2026-08-07T17:32:39.682,12,right,11,12,21.5,True,
run_20260807_173028_599500,3949,130,2026-08-07T17:32:40.714,1,left,0,1,22.0,True,
run_20260807_173028_599500,3949,130,2026-08-07T17:32:40.714,2,left,1,2,22.5,True,
run_20260807_173028_599500,3949,130,2026-08-07T17:32:40.714,3,left,2,3,22.5,True,
run_20260807_173028_599500,3949,130,2026-08-07T17:32:40.714,4,left,3,4,22.0,True,
run_20260807_173028_599500,3949,130,2026-08-07T17:32:40.714,5,left,4,5,22.5,True,
run_20260807_173028_599500,3949,130,2026-08-07T17:32:40.714,6,left,5,6,22.5,True,
run_20260807_173028_599500,3949,130,2026-08-07T17:32:40.714,7,left,6,7,22.0,True,
run_20260807_173028_599500,3949,130,2026-08-07T17:32:40.714,8,left,7,8,22.0,True,
run_20260807_173028_599500,3949,130,2026-08-07T17:32:40.714,9,left,8,9,21.5,True,
run_20260807_173028_599500,3949,130,2026-08-07T17:32:40.714,10,left,9,10,22.0,True,
run_20260807_173028_599500,3949,130,2026-08-07T17:32:40.714,11,left,10,11,22.0,True,
run_20260807_173028_599500,3949,130,2026-08-07T17:32:40.714,12,left,11,12,21.5,True,
run_20260807_173028_599500,3949,130,2026-08-07T17:32:40.714,1,right,0,1,22.0,True,
run_20260807_173028_599500,3949,130,2026-08-07T17:32:40.714,2,right,1,2,22.5,True,
run_20260807_173028_599500,3949,130,2026-08-07T17:32:40.714,3,right,2,3,22.0,True,
run_20260807_173028_599500,3949,130,2026-08-07T17:32:40.714,4,right,3,4,22.0,True,
run_20260807_173028_599500,3949,130,2026-08-07T17:32:40.714,5,right,4,5,22.5,True,
run_20260807_173028_599500,3949,130,2026-08-07T17:32:40.714,6,right,5,6,22.5,True,
run_20260807_173028_599500,3949,130,2026-08-07T17:32:40.714,7,right,6,7,22.0,True,
run_20260807_173028_599500,3949,130,2026-08-07T17:32:40.714,8,right,7,8,22.0,True,
run_20260807_173028_599500,3949,130,2026-08-07T17:32:40.714,9,right,8,9,21.5,True,
run_20260807_173028_599500,3949,130,2026-08-07T17:32:40.714,10,right,9,10,22.0,True,
run_20260807_173028_599500,3949,130,2026-08-07T17:32:40.714,11,right,10,11,21.5,True,
run_20260807_173028_599500,3949,130,2026-08-07T17:32:40.714,12,right,11,12,21.5,True,
run_20260807_173028_599500,3980,131,2026-08-07T17:32:41.746,1,left,0,1,22.0,True,
run_20260807_173028_599500,3980,131,2026-08-07T17:32:41.746,2,left,1,2,22.5,True,
run_20260807_173028_599500,3980,131,2026-08-07T17:32:41.746,3,left,2,3,22.5,True,
run_20260807_173028_599500,3980,131,2026-08-07T17:32:41.746,4,left,3,4,22.0,True,
run_20260807_173028_599500,3980,131,2026-08-07T17:32:41.746,5,left,4,5,22.5,True,
run_20260807_173028_599500,3980,131,2026-08-07T17:32:41.746,6,left,5,6,22.5,True,
run_20260807_173028_599500,3980,131,2026-08-07T17:32:41.746,7,left,6,7,22.0,True,
run_20260807_173028_599500,3980,131,2026-08-07T17:32:41.746,8,left,7,8,22.0,True,
run_20260807_173028_599500,3980,131,2026-08-07T17:32:41.746,9,left,8,9,21.5,True,
run_20260807_173028_599500,3980,131,2026-08-07T17:32:41.746,10,left,9,10,22.0,True,
run_20260807_173028_599500,3980,131,2026-08-07T17:32:41.746,11,left,10,11,22.0,True,
run_20260807_173028_599500,3980,131,2026-08-07T17:32:41.746,12,left,11,12,21.5,True,
run_20260807_173028_599500,3980,131,2026-08-07T17:32:41.746,1,right,0,1,22.0,True,
run_20260807_173028_599500,3980,131,2026-08-07T17:32:41.746,2,right,1,2,22.5,True,
run_20260807_173028_599500,3980,131,2026-08-07T17:32:41.746,3,right,2,3,22.0,True,
run_20260807_173028_599500,3980,131,2026-08-07T17:32:41.746,4,right,3,4,22.0,True,
run_20260807_173028_599500,3980,131,2026-08-07T17:32:41.746,5,right,4,5,22.5,True,
run_20260807_173028_599500,3980,131,2026-08-07T17:32:41.746,6,right,5,6,22.5,True,
run_20260807_173028_599500,3980,131,2026-08-07T17:32:41.746,7,right,6,7,22.0,True,
run_20260807_173028_599500,3980,131,2026-08-07T17:32:41.746,8,right,7,8,22.0,True,
run_20260807_173028_599500,3980,131,2026-08-07T17:32:41.746,9,right,8,9,21.5,True,
run_20260807_173028_599500,3980,131,2026-08-07T17:32:41.746,10,right,9,10,22.0,True,
run_20260807_173028_599500,3980,131,2026-08-07T17:32:41.746,11,right,10,11,22.0,True,
run_20260807_173028_599500,3980,131,2026-08-07T17:32:41.746,12,right,11,12,21.0,True,
run_20260807_173028_599500,4011,132,2026-08-07T17:32:42.778,1,left,0,1,22.0,True,
run_20260807_173028_599500,4011,132,2026-08-07T17:32:42.778,2,left,1,2,22.5,True,
run_20260807_173028_599500,4011,132,2026-08-07T17:32:42.778,3,left,2,3,22.5,True,
run_20260807_173028_599500,4011,132,2026-08-07T17:32:42.778,4,left,3,4,22.0,True,
run_20260807_173028_599500,4011,132,2026-08-07T17:32:42.778,5,left,4,5,22.5,True,
run_20260807_173028_599500,4011,132,2026-08-07T17:32:42.778,6,left,5,6,22.5,True,
run_20260807_173028_599500,4011,132,2026-08-07T17:32:42.778,7,left,6,7,22.0,True,
run_20260807_173028_599500,4011,132,2026-08-07T17:32:42.778,8,left,7,8,22.0,True,
run_20260807_173028_599500,4011,132,2026-08-07T17:32:42.778,9,left,8,9,21.65384615384616,True,
run_20260807_173028_599500,4011,132,2026-08-07T17:32:42.778,10,left,9,10,21.84615384615384,True,
run_20260807_173028_599500,4011,132,2026-08-07T17:32:42.778,11,left,10,11,22.0,True,
run_20260807_173028_599500,4011,132,2026-08-07T17:32:42.778,12,left,11,12,21.5,True,
run_20260807_173028_599500,4011,132,2026-08-07T17:32:42.778,1,right,0,1,22.0,True,
run_20260807_173028_599500,4011,132,2026-08-07T17:32:42.778,2,right,1,2,22.5,True,
run_20260807_173028_599500,4011,132,2026-08-07T17:32:42.778,3,right,2,3,22.0,True,
run_20260807_173028_599500,4011,132,2026-08-07T17:32:42.778,4,right,3,4,22.0,True,
run_20260807_173028_599500,4011,132,2026-08-07T17:32:42.778,5,right,4,5,22.5,True,
run_20260807_173028_599500,4011,132,2026-08-07T17:32:42.778,6,right,5,6,22.5,True,
run_20260807_173028_599500,4011,132,2026-08-07T17:32:42.778,7,right,6,7,22.0,True,
run_20260807_173028_599500,4011,132,2026-08-07T17:32:42.778,8,right,7,8,22.0,True,
run_20260807_173028_599500,4011,132,2026-08-07T17:32:42.778,9,right,8,9,21.5,True,
run_20260807_173028_599500,4011,132,2026-08-07T17:32:42.778,10,right,9,10,22.0,True,
run_20260807_173028_599500,4011,132,2026-08-07T17:32:42.778,11,right,10,11,21.5,True,
run_20260807_173028_599500,4011,132,2026-08-07T17:32:42.778,12,right,11,12,21.5,True,
run_20260807_173028_599500,4041,133,2026-08-07T17:32:43.780,1,left,0,1,22.0,True,
run_20260807_173028_599500,4041,133,2026-08-07T17:32:43.780,2,left,1,2,22.5,True,
run_20260807_173028_599500,4041,133,2026-08-07T17:32:43.780,3,left,2,3,22.5,True,
run_20260807_173028_599500,4041,133,2026-08-07T17:32:43.780,4,left,3,4,22.0,True,
run_20260807_173028_599500,4041,133,2026-08-07T17:32:43.780,5,left,4,5,22.5,True,
run_20260807_173028_599500,4041,133,2026-08-07T17:32:43.780,6,left,5,6,22.0,True,
run_20260807_173028_599500,4041,133,2026-08-07T17:32:43.780,7,left,6,7,22.5,True,
run_20260807_173028_599500,4041,133,2026-08-07T17:32:43.780,8,left,7,8,22.0,True,
run_20260807_173028_599500,4041,133,2026-08-07T17:32:43.780,9,left,8,9,21.5,True,
run_20260807_173028_599500,4041,133,2026-08-07T17:32:43.780,10,left,9,10,22.0,True,
run_20260807_173028_599500,4041,133,2026-08-07T17:32:43.780,11,left,10,11,22.0,True,
run_20260807_173028_599500,4041,133,2026-08-07T17:32:43.780,12,left,11,12,21.5,True,
run_20260807_173028_599500,4041,133,2026-08-07T17:32:43.780,1,right,0,1,22.0,True,
run_20260807_173028_599500,4041,133,2026-08-07T17:32:43.780,2,right,1,2,22.5,True,
run_20260807_173028_599500,4041,133,2026-08-07T17:32:43.780,3,right,2,3,22.0,True,
run_20260807_173028_599500,4041,133,2026-08-07T17:32:43.780,4,right,3,4,22.071428571428555,True,
run_20260807_173028_599500,4041,133,2026-08-07T17:32:43.780,5,right,4,5,22.428571428571445,True,
run_20260807_173028_599500,4041,133,2026-08-07T17:32:43.780,6,right,5,6,22.5,True,
run_20260807_173028_599500,4041,133,2026-08-07T17:32:43.780,7,right,6,7,22.0,True,
run_20260807_173028_599500,4041,133,2026-08-07T17:32:43.780,8,right,7,8,22.0,True,
run_20260807_173028_599500,4041,133,2026-08-07T17:32:43.780,9,right,8,9,21.5,True,
run_20260807_173028_599500,4041,133,2026-08-07T17:32:43.780,10,right,9,10,22.0,True,
run_20260807_173028_599500,4041,133,2026-08-07T17:32:43.780,11,right,10,11,21.5,True,
run_20260807_173028_599500,4041,133,2026-08-07T17:32:43.780,12,right,11,12,21.5,True,
run_20260807_173028_599500,4072,134,2026-08-07T17:32:44.813,1,left,0,1,22.0,True,
run_20260807_173028_599500,4072,134,2026-08-07T17:32:44.813,2,left,1,2,22.5,True,
run_20260807_173028_599500,4072,134,2026-08-07T17:32:44.813,3,left,2,3,22.5,True,
run_20260807_173028_599500,4072,134,2026-08-07T17:32:44.813,4,left,3,4,22.0,True,
run_20260807_173028_599500,4072,134,2026-08-07T17:32:44.813,5,left,4,5,22.5,True,
run_20260807_173028_599500,4072,134,2026-08-07T17:32:44.813,6,left,5,6,22.5,True,
run_20260807_173028_599500,4072,134,2026-08-07T17:32:44.813,7,left,6,7,22.0,True,
run_20260807_173028_599500,4072,134,2026-08-07T17:32:44.813,8,left,7,8,22.0,True,
run_20260807_173028_599500,4072,134,2026-08-07T17:32:44.813,9,left,8,9,21.5,True,
run_20260807_173028_599500,4072,134,2026-08-07T17:32:44.813,10,left,9,10,22.0,True,
run_20260807_173028_599500,4072,134,2026-08-07T17:32:44.813,11,left,10,11,22.0,True,
run_20260807_173028_599500,4072,134,2026-08-07T17:32:44.813,12,left,11,12,21.5,True,
run_20260807_173028_599500,4072,134,2026-08-07T17:32:44.813,1,right,0,1,22.0,True,
run_20260807_173028_599500,4072,134,2026-08-07T17:32:44.813,2,right,1,2,22.5,True,
run_20260807_173028_599500,4072,134,2026-08-07T17:32:44.813,3,right,2,3,22.0,True,
run_20260807_173028_599500,4072,134,2026-08-07T17:32:44.813,4,right,3,4,22.0,True,
run_20260807_173028_599500,4072,134,2026-08-07T17:32:44.813,5,right,4,5,22.5,True,
run_20260807_173028_599500,4072,134,2026-08-07T17:32:44.813,6,right,5,6,22.5,True,
run_20260807_173028_599500,4072,134,2026-08-07T17:32:44.813,7,right,6,7,22.0,True,
run_20260807_173028_599500,4072,134,2026-08-07T17:32:44.813,8,right,7,8,22.0,True,
run_20260807_173028_599500,4072,134,2026-08-07T17:32:44.813,9,right,8,9,21.5,True,
run_20260807_173028_599500,4072,134,2026-08-07T17:32:44.813,10,right,9,10,22.0,True,
run_20260807_173028_599500,4072,134,2026-08-07T17:32:44.813,11,right,10,11,21.5,True,
run_20260807_173028_599500,4072,134,2026-08-07T17:32:44.813,12,right,11,12,21.5,True,
run_20260807_173028_599500,4103,135,2026-08-07T17:32:45.845,1,left,0,1,22.0,True,
run_20260807_173028_599500,4103,135,2026-08-07T17:32:45.845,2,left,1,2,22.5,True,
run_20260807_173028_599500,4103,135,2026-08-07T17:32:45.845,3,left,2,3,22.5,True,
run_20260807_173028_599500,4103,135,2026-08-07T17:32:45.845,4,left,3,4,22.0,True,
run_20260807_173028_599500,4103,135,2026-08-07T17:32:45.845,5,left,4,5,22.5,True,
run_20260807_173028_599500,4103,135,2026-08-07T17:32:45.845,6,left,5,6,22.5,True,
run_20260807_173028_599500,4103,135,2026-08-07T17:32:45.845,7,left,6,7,22.0,True,
run_20260807_173028_599500,4103,135,2026-08-07T17:32:45.845,8,left,7,8,22.0,True,
run_20260807_173028_599500,4103,135,2026-08-07T17:32:45.845,9,left,8,9,21.5,True,
run_20260807_173028_599500,4103,135,2026-08-07T17:32:45.845,10,left,9,10,22.0,True,
run_20260807_173028_599500,4103,135,2026-08-07T17:32:45.845,11,left,10,11,22.0,True,
run_20260807_173028_599500,4103,135,2026-08-07T17:32:45.845,12,left,11,12,21.5,True,
run_20260807_173028_599500,4103,135,2026-08-07T17:32:45.845,1,right,0,1,22.0,True,
run_20260807_173028_599500,4103,135,2026-08-07T17:32:45.845,2,right,1,2,22.5,True,
run_20260807_173028_599500,4103,135,2026-08-07T17:32:45.845,3,right,2,3,22.0,True,
run_20260807_173028_599500,4103,135,2026-08-07T17:32:45.845,4,right,3,4,22.0,True,
run_20260807_173028_599500,4103,135,2026-08-07T17:32:45.845,5,right,4,5,22.5,True,
run_20260807_173028_599500,4103,135,2026-08-07T17:32:45.845,6,right,5,6,22.5,True,
run_20260807_173028_599500,4103,135,2026-08-07T17:32:45.845,7,right,6,7,22.0,True,
run_20260807_173028_599500,4103,135,2026-08-07T17:32:45.845,8,right,7,8,22.0,True,
run_20260807_173028_599500,4103,135,2026-08-07T17:32:45.845,9,right,8,9,21.5,True,
run_20260807_173028_599500,4103,135,2026-08-07T17:32:45.845,10,right,9,10,22.0,True,
run_20260807_173028_599500,4103,135,2026-08-07T17:32:45.845,11,right,10,11,21.5,True,
run_20260807_173028_599500,4103,135,2026-08-07T17:32:45.845,12,right,11,12,21.5,True,
run_20260807_173028_599500,4133,136,2026-08-07T17:32:46.846,1,left,0,1,22.0,True,
run_20260807_173028_599500,4133,136,2026-08-07T17:32:46.846,2,left,1,2,22.5,True,
run_20260807_173028_599500,4133,136,2026-08-07T17:32:46.846,3,left,2,3,22.5,True,
run_20260807_173028_599500,4133,136,2026-08-07T17:32:46.846,4,left,3,4,22.0,True,
run_20260807_173028_599500,4133,136,2026-08-07T17:32:46.846,5,left,4,5,22.5,True,
run_20260807_173028_599500,4133,136,2026-08-07T17:32:46.846,6,left,5,6,22.5,True,
run_20260807_173028_599500,4133,136,2026-08-07T17:32:46.846,7,left,6,7,22.0,True,
run_20260807_173028_599500,4133,136,2026-08-07T17:32:46.846,8,left,7,8,22.0,True,
run_20260807_173028_599500,4133,136,2026-08-07T17:32:46.846,9,left,8,9,21.5,True,
run_20260807_173028_599500,4133,136,2026-08-07T17:32:46.846,10,left,9,10,22.0,True,
run_20260807_173028_599500,4133,136,2026-08-07T17:32:46.846,11,left,10,11,22.0,True,
run_20260807_173028_599500,4133,136,2026-08-07T17:32:46.846,12,left,11,12,21.5,True,
run_20260807_173028_599500,4133,136,2026-08-07T17:32:46.846,1,right,0,1,22.0,True,
run_20260807_173028_599500,4133,136,2026-08-07T17:32:46.846,2,right,1,2,22.5,True,
run_20260807_173028_599500,4133,136,2026-08-07T17:32:46.846,3,right,2,3,22.0,True,
run_20260807_173028_599500,4133,136,2026-08-07T17:32:46.846,4,right,3,4,22.0,True,
run_20260807_173028_599500,4133,136,2026-08-07T17:32:46.846,5,right,4,5,22.5,True,
run_20260807_173028_599500,4133,136,2026-08-07T17:32:46.846,6,right,5,6,22.5,True,
run_20260807_173028_599500,4133,136,2026-08-07T17:32:46.846,7,right,6,7,22.0,True,
run_20260807_173028_599500,4133,136,2026-08-07T17:32:46.846,8,right,7,8,22.0,True,
run_20260807_173028_599500,4133,136,2026-08-07T17:32:46.846,9,right,8,9,21.5,True,
run_20260807_173028_599500,4133,136,2026-08-07T17:32:46.846,10,right,9,10,22.0,True,
run_20260807_173028_599500,4133,136,2026-08-07T17:32:46.846,11,right,10,11,21.5,True,
run_20260807_173028_599500,4133,136,2026-08-07T17:32:46.846,12,right,11,12,21.5,True,
run_20260807_173028_599500,4164,137,2026-08-07T17:32:47.879,1,left,0,1,22.0,True,
run_20260807_173028_599500,4164,137,2026-08-07T17:32:47.879,2,left,1,2,22.5,True,
run_20260807_173028_599500,4164,137,2026-08-07T17:32:47.879,3,left,2,3,22.5,True,
run_20260807_173028_599500,4164,137,2026-08-07T17:32:47.879,4,left,3,4,22.0,True,
run_20260807_173028_599500,4164,137,2026-08-07T17:32:47.879,5,left,4,5,22.5,True,
run_20260807_173028_599500,4164,137,2026-08-07T17:32:47.879,6,left,5,6,22.5,True,
run_20260807_173028_599500,4164,137,2026-08-07T17:32:47.879,7,left,6,7,22.0,True,
run_20260807_173028_599500,4164,137,2026-08-07T17:32:47.879,8,left,7,8,22.0,True,
run_20260807_173028_599500,4164,137,2026-08-07T17:32:47.879,9,left,8,9,21.5,True,
run_20260807_173028_599500,4164,137,2026-08-07T17:32:47.879,10,left,9,10,22.0,True,
run_20260807_173028_599500,4164,137,2026-08-07T17:32:47.879,11,left,10,11,22.0,True,
run_20260807_173028_599500,4164,137,2026-08-07T17:32:47.879,12,left,11,12,21.5,True,
run_20260807_173028_599500,4164,137,2026-08-07T17:32:47.879,1,right,0,1,22.0,True,
run_20260807_173028_599500,4164,137,2026-08-07T17:32:47.879,2,right,1,2,22.5,True,
run_20260807_173028_599500,4164,137,2026-08-07T17:32:47.879,3,right,2,3,22.0,True,
run_20260807_173028_599500,4164,137,2026-08-07T17:32:47.879,4,right,3,4,22.0,True,
run_20260807_173028_599500,4164,137,2026-08-07T17:32:47.879,5,right,4,5,22.5,True,
run_20260807_173028_599500,4164,137,2026-08-07T17:32:47.879,6,right,5,6,22.5,True,
run_20260807_173028_599500,4164,137,2026-08-07T17:32:47.879,7,right,6,7,22.0,True,
run_20260807_173028_599500,4164,137,2026-08-07T17:32:47.879,8,right,7,8,22.0,True,
run_20260807_173028_599500,4164,137,2026-08-07T17:32:47.879,9,right,8,9,21.5,True,
run_20260807_173028_599500,4164,137,2026-08-07T17:32:47.879,10,right,9,10,22.0,True,
run_20260807_173028_599500,4164,137,2026-08-07T17:32:47.879,11,right,10,11,21.5,True,
run_20260807_173028_599500,4164,137,2026-08-07T17:32:47.879,12,right,11,12,21.5,True,
run_20260807_173028_599500,4195,138,2026-08-07T17:32:48.911,1,left,0,1,22.0,True,
run_20260807_173028_599500,4195,138,2026-08-07T17:32:48.911,2,left,1,2,22.5,True,
run_20260807_173028_599500,4195,138,2026-08-07T17:32:48.911,3,left,2,3,22.5,True,
run_20260807_173028_599500,4195,138,2026-08-07T17:32:48.911,4,left,3,4,22.0,True,
run_20260807_173028_599500,4195,138,2026-08-07T17:32:48.911,5,left,4,5,22.5,True,
run_20260807_173028_599500,4195,138,2026-08-07T17:32:48.911,6,left,5,6,22.5,True,
run_20260807_173028_599500,4195,138,2026-08-07T17:32:48.911,7,left,6,7,22.0,True,
run_20260807_173028_599500,4195,138,2026-08-07T17:32:48.911,8,left,7,8,22.0,True,
run_20260807_173028_599500,4195,138,2026-08-07T17:32:48.911,9,left,8,9,21.5,True,
run_20260807_173028_599500,4195,138,2026-08-07T17:32:48.911,10,left,9,10,22.0,True,
run_20260807_173028_599500,4195,138,2026-08-07T17:32:48.911,11,left,10,11,22.0,True,
run_20260807_173028_599500,4195,138,2026-08-07T17:32:48.911,12,left,11,12,21.5,True,
run_20260807_173028_599500,4195,138,2026-08-07T17:32:48.911,1,right,0,1,22.0,True,
run_20260807_173028_599500,4195,138,2026-08-07T17:32:48.911,2,right,1,2,22.5,True,
run_20260807_173028_599500,4195,138,2026-08-07T17:32:48.911,3,right,2,3,22.0,True,
run_20260807_173028_599500,4195,138,2026-08-07T17:32:48.911,4,right,3,4,22.071428571428555,True,
run_20260807_173028_599500,4195,138,2026-08-07T17:32:48.911,5,right,4,5,22.428571428571445,True,
run_20260807_173028_599500,4195,138,2026-08-07T17:32:48.911,6,right,5,6,22.5,True,
run_20260807_173028_599500,4195,138,2026-08-07T17:32:48.911,7,right,6,7,22.0,True,
run_20260807_173028_599500,4195,138,2026-08-07T17:32:48.911,8,right,7,8,22.0,True,
run_20260807_173028_599500,4195,138,2026-08-07T17:32:48.911,9,right,8,9,21.5,True,
run_20260807_173028_599500,4195,138,2026-08-07T17:32:48.911,10,right,9,10,22.0,True,
run_20260807_173028_599500,4195,138,2026-08-07T17:32:48.911,11,right,10,11,21.5,True,
run_20260807_173028_599500,4195,138,2026-08-07T17:32:48.911,12,right,11,12,21.5,True,
run_20260807_173028_599500,4225,139,2026-08-07T17:32:49.912,1,left,0,1,22.0,True,
run_20260807_173028_599500,4225,139,2026-08-07T17:32:49.912,2,left,1,2,22.5,True,
run_20260807_173028_599500,4225,139,2026-08-07T17:32:49.912,3,left,2,3,22.5,True,
run_20260807_173028_599500,4225,139,2026-08-07T17:32:49.912,4,left,3,4,22.0,True,
run_20260807_173028_599500,4225,139,2026-08-07T17:32:49.912,5,left,4,5,22.5,True,
run_20260807_173028_599500,4225,139,2026-08-07T17:32:49.912,6,left,5,6,22.5,True,
run_20260807_173028_599500,4225,139,2026-08-07T17:32:49.912,7,left,6,7,22.0,True,
run_20260807_173028_599500,4225,139,2026-08-07T17:32:49.912,8,left,7,8,22.0,True,
run_20260807_173028_599500,4225,139,2026-08-07T17:32:49.912,9,left,8,9,21.5,True,
run_20260807_173028_599500,4225,139,2026-08-07T17:32:49.912,10,left,9,10,22.0,True,
run_20260807_173028_599500,4225,139,2026-08-07T17:32:49.912,11,left,10,11,22.0,True,
run_20260807_173028_599500,4225,139,2026-08-07T17:32:49.912,12,left,11,12,21.5,True,
run_20260807_173028_599500,4225,139,2026-08-07T17:32:49.912,1,right,0,1,22.0,True,
run_20260807_173028_599500,4225,139,2026-08-07T17:32:49.912,2,right,1,2,22.5,True,
run_20260807_173028_599500,4225,139,2026-08-07T17:32:49.912,3,right,2,3,22.0,True,
run_20260807_173028_599500,4225,139,2026-08-07T17:32:49.912,4,right,3,4,22.071428571428555,True,
run_20260807_173028_599500,4225,139,2026-08-07T17:32:49.912,5,right,4,5,22.428571428571445,True,
run_20260807_173028_599500,4225,139,2026-08-07T17:32:49.912,6,right,5,6,22.5,True,
run_20260807_173028_599500,4225,139,2026-08-07T17:32:49.912,7,right,6,7,22.0,True,
run_20260807_173028_599500,4225,139,2026-08-07T17:32:49.912,8,right,7,8,22.0,True,
run_20260807_173028_599500,4225,139,2026-08-07T17:32:49.912,9,right,8,9,21.5,True,
run_20260807_173028_599500,4225,139,2026-08-07T17:32:49.912,10,right,9,10,22.0,True,
run_20260807_173028_599500,4225,139,2026-08-07T17:32:49.912,11,right,10,11,21.5,True,
run_20260807_173028_599500,4225,139,2026-08-07T17:32:49.912,12,right,11,12,21.5,True,
run_20260807_173028_599500,4256,140,2026-08-07T17:32:50.947,1,left,0,1,22.0,True,
run_20260807_173028_599500,4256,140,2026-08-07T17:32:50.947,2,left,1,2,22.5,True,
run_20260807_173028_599500,4256,140,2026-08-07T17:32:50.947,3,left,2,3,22.5,True,
run_20260807_173028_599500,4256,140,2026-08-07T17:32:50.947,4,left,3,4,22.0,True,
run_20260807_173028_599500,4256,140,2026-08-07T17:32:50.947,5,left,4,5,22.5,True,
run_20260807_173028_599500,4256,140,2026-08-07T17:32:50.947,6,left,5,6,22.0,True,
run_20260807_173028_599500,4256,140,2026-08-07T17:32:50.947,7,left,6,7,22.5,True,
run_20260807_173028_599500,4256,140,2026-08-07T17:32:50.947,8,left,7,8,22.0,True,
run_20260807_173028_599500,4256,140,2026-08-07T17:32:50.947,9,left,8,9,21.57142857142857,True,
run_20260807_173028_599500,4256,140,2026-08-07T17:32:50.947,10,left,9,10,21.92857142857143,True,
run_20260807_173028_599500,4256,140,2026-08-07T17:32:50.947,11,left,10,11,22.0,True,
run_20260807_173028_599500,4256,140,2026-08-07T17:32:50.947,12,left,11,12,21.5,True,
run_20260807_173028_599500,4256,140,2026-08-07T17:32:50.947,1,right,0,1,22.0,True,
run_20260807_173028_599500,4256,140,2026-08-07T17:32:50.947,2,right,1,2,22.5,True,
run_20260807_173028_599500,4256,140,2026-08-07T17:32:50.947,3,right,2,3,22.0,True,
run_20260807_173028_599500,4256,140,2026-08-07T17:32:50.947,4,right,3,4,22.071428571428555,True,
run_20260807_173028_599500,4256,140,2026-08-07T17:32:50.947,5,right,4,5,22.428571428571445,True,
run_20260807_173028_599500,4256,140,2026-08-07T17:32:50.947,6,right,5,6,22.5,True,
run_20260807_173028_599500,4256,140,2026-08-07T17:32:50.947,7,right,6,7,22.0,True,
run_20260807_173028_599500,4256,140,2026-08-07T17:32:50.947,8,right,7,8,22.0,True,
run_20260807_173028_599500,4256,140,2026-08-07T17:32:50.947,9,right,8,9,21.5,True,
run_20260807_173028_599500,4256,140,2026-08-07T17:32:50.947,10,right,9,10,22.0,True,
run_20260807_173028_599500,4256,140,2026-08-07T17:32:50.947,11,right,10,11,21.5,True,
run_20260807_173028_599500,4256,140,2026-08-07T17:32:50.947,12,right,11,12,21.5,True,
run_20260807_173028_599500,4287,141,2026-08-07T17:32:51.978,1,left,0,1,22.0,True,
run_20260807_173028_599500,4287,141,2026-08-07T17:32:51.978,2,left,1,2,22.5,True,
run_20260807_173028_599500,4287,141,2026-08-07T17:32:51.978,3,left,2,3,22.5,True,
run_20260807_173028_599500,4287,141,2026-08-07T17:32:51.978,4,left,3,4,22.0,True,
run_20260807_173028_599500,4287,141,2026-08-07T17:32:51.978,5,left,4,5,22.5,True,
run_20260807_173028_599500,4287,141,2026-08-07T17:32:51.978,6,left,5,6,22.5,True,
run_20260807_173028_599500,4287,141,2026-08-07T17:32:51.978,7,left,6,7,22.0,True,
run_20260807_173028_599500,4287,141,2026-08-07T17:32:51.978,8,left,7,8,22.0,True,
run_20260807_173028_599500,4287,141,2026-08-07T17:32:51.978,9,left,8,9,21.57142857142857,True,
run_20260807_173028_599500,4287,141,2026-08-07T17:32:51.978,10,left,9,10,21.92857142857143,True,
run_20260807_173028_599500,4287,141,2026-08-07T17:32:51.978,11,left,10,11,22.0,True,
run_20260807_173028_599500,4287,141,2026-08-07T17:32:51.978,12,left,11,12,21.5,True,
run_20260807_173028_599500,4287,141,2026-08-07T17:32:51.978,1,right,0,1,22.0,True,
run_20260807_173028_599500,4287,141,2026-08-07T17:32:51.978,2,right,1,2,22.5,True,
run_20260807_173028_599500,4287,141,2026-08-07T17:32:51.978,3,right,2,3,22.0,True,
run_20260807_173028_599500,4287,141,2026-08-07T17:32:51.978,4,right,3,4,22.071428571428555,True,
run_20260807_173028_599500,4287,141,2026-08-07T17:32:51.978,5,right,4,5,22.428571428571445,True,
run_20260807_173028_599500,4287,141,2026-08-07T17:32:51.978,6,right,5,6,22.5,True,
run_20260807_173028_599500,4287,141,2026-08-07T17:32:51.978,7,right,6,7,22.0,True,
run_20260807_173028_599500,4287,141,2026-08-07T17:32:51.978,8,right,7,8,22.0,True,
run_20260807_173028_599500,4287,141,2026-08-07T17:32:51.978,9,right,8,9,21.5,True,
run_20260807_173028_599500,4287,141,2026-08-07T17:32:51.978,10,right,9,10,22.0,True,
run_20260807_173028_599500,4287,141,2026-08-07T17:32:51.978,11,right,10,11,21.5,True,
run_20260807_173028_599500,4287,141,2026-08-07T17:32:51.978,12,right,11,12,21.5,True,
run_20260807_173028_599500,4317,142,2026-08-07T17:32:52.980,1,left,0,1,22.0,True,
run_20260807_173028_599500,4317,142,2026-08-07T17:32:52.980,2,left,1,2,22.5,True,
run_20260807_173028_599500,4317,142,2026-08-07T17:32:52.980,3,left,2,3,22.5,True,
run_20260807_173028_599500,4317,142,2026-08-07T17:32:52.980,4,left,3,4,22.0,True,
run_20260807_173028_599500,4317,142,2026-08-07T17:32:52.980,5,left,4,5,22.5,True,
run_20260807_173028_599500,4317,142,2026-08-07T17:32:52.980,6,left,5,6,22.0,True,
run_20260807_173028_599500,4317,142,2026-08-07T17:32:52.980,7,left,6,7,22.5,True,
run_20260807_173028_599500,4317,142,2026-08-07T17:32:52.980,8,left,7,8,22.0,True,
run_20260807_173028_599500,4317,142,2026-08-07T17:32:52.980,9,left,8,9,21.57142857142857,True,
run_20260807_173028_599500,4317,142,2026-08-07T17:32:52.980,10,left,9,10,21.92857142857143,True,
run_20260807_173028_599500,4317,142,2026-08-07T17:32:52.980,11,left,10,11,22.0,True,
run_20260807_173028_599500,4317,142,2026-08-07T17:32:52.980,12,left,11,12,21.5,True,
run_20260807_173028_599500,4317,142,2026-08-07T17:32:52.980,1,right,0,1,22.0,True,
run_20260807_173028_599500,4317,142,2026-08-07T17:32:52.980,2,right,1,2,22.5,True,
run_20260807_173028_599500,4317,142,2026-08-07T17:32:52.980,3,right,2,3,22.0,True,
run_20260807_173028_599500,4317,142,2026-08-07T17:32:52.980,4,right,3,4,22.15384615384619,True,
run_20260807_173028_599500,4317,142,2026-08-07T17:32:52.980,5,right,4,5,22.34615384615381,True,
run_20260807_173028_599500,4317,142,2026-08-07T17:32:52.980,6,right,5,6,22.5,True,
run_20260807_173028_599500,4317,142,2026-08-07T17:32:52.980,7,right,6,7,22.0,True,
run_20260807_173028_599500,4317,142,2026-08-07T17:32:52.980,8,right,7,8,22.0,True,
run_20260807_173028_599500,4317,142,2026-08-07T17:32:52.980,9,right,8,9,21.5,True,
run_20260807_173028_599500,4317,142,2026-08-07T17:32:52.980,10,right,9,10,22.0,True,
run_20260807_173028_599500,4317,142,2026-08-07T17:32:52.980,11,right,10,11,21.5,True,
run_20260807_173028_599500,4317,142,2026-08-07T17:32:52.980,12,right,11,12,21.5,True,
run_20260807_173028_599500,4348,143,2026-08-07T17:32:54.013,1,left,0,1,22.0,True,
run_20260807_173028_599500,4348,143,2026-08-07T17:32:54.013,2,left,1,2,22.5,True,
run_20260807_173028_599500,4348,143,2026-08-07T17:32:54.013,3,left,2,3,22.5,True,
run_20260807_173028_599500,4348,143,2026-08-07T17:32:54.013,4,left,3,4,22.0,True,
run_20260807_173028_599500,4348,143,2026-08-07T17:32:54.013,5,left,4,5,22.5,True,
run_20260807_173028_599500,4348,143,2026-08-07T17:32:54.013,6,left,5,6,22.5,True,
run_20260807_173028_599500,4348,143,2026-08-07T17:32:54.013,7,left,6,7,22.0,True,
run_20260807_173028_599500,4348,143,2026-08-07T17:32:54.013,8,left,7,8,22.0,True,
run_20260807_173028_599500,4348,143,2026-08-07T17:32:54.013,9,left,8,9,21.57142857142857,True,
run_20260807_173028_599500,4348,143,2026-08-07T17:32:54.013,10,left,9,10,21.92857142857143,True,
run_20260807_173028_599500,4348,143,2026-08-07T17:32:54.013,11,left,10,11,22.0,True,
run_20260807_173028_599500,4348,143,2026-08-07T17:32:54.013,12,left,11,12,21.5,True,
run_20260807_173028_599500,4348,143,2026-08-07T17:32:54.013,1,right,0,1,22.0,True,
run_20260807_173028_599500,4348,143,2026-08-07T17:32:54.013,2,right,1,2,22.5,True,
run_20260807_173028_599500,4348,143,2026-08-07T17:32:54.013,3,right,2,3,22.0,True,
run_20260807_173028_599500,4348,143,2026-08-07T17:32:54.013,4,right,3,4,22.5,True,
run_20260807_173028_599500,4348,143,2026-08-07T17:32:54.013,5,right,4,5,22.0,True,
run_20260807_173028_599500,4348,143,2026-08-07T17:32:54.013,6,right,5,6,22.5,True,
run_20260807_173028_599500,4348,143,2026-08-07T17:32:54.013,7,right,6,7,22.0,True,
run_20260807_173028_599500,4348,143,2026-08-07T17:32:54.013,8,right,7,8,22.0,True,
run_20260807_173028_599500,4348,143,2026-08-07T17:32:54.013,9,right,8,9,21.5,True,
run_20260807_173028_599500,4348,143,2026-08-07T17:32:54.013,10,right,9,10,22.0,True,
run_20260807_173028_599500,4348,143,2026-08-07T17:32:54.013,11,right,10,11,21.5,True,
run_20260807_173028_599500,4348,143,2026-08-07T17:32:54.013,12,right,11,12,21.5,True,
run_20260807_173028_599500,4379,144,2026-08-07T17:32:55.045,1,left,0,1,22.0,True,
run_20260807_173028_599500,4379,144,2026-08-07T17:32:55.045,2,left,1,2,22.5,True,
run_20260807_173028_599500,4379,144,2026-08-07T17:32:55.045,3,left,2,3,22.5,True,
run_20260807_173028_599500,4379,144,2026-08-07T17:32:55.045,4,left,3,4,22.0,True,
run_20260807_173028_599500,4379,144,2026-08-07T17:32:55.045,5,left,4,5,22.5,True,
run_20260807_173028_599500,4379,144,2026-08-07T17:32:55.045,6,left,5,6,22.5,True,
run_20260807_173028_599500,4379,144,2026-08-07T17:32:55.045,7,left,6,7,22.0,True,
run_20260807_173028_599500,4379,144,2026-08-07T17:32:55.045,8,left,7,8,22.0,True,
run_20260807_173028_599500,4379,144,2026-08-07T17:32:55.045,9,left,8,9,21.5,True,
run_20260807_173028_599500,4379,144,2026-08-07T17:32:55.045,10,left,9,10,22.0,True,
run_20260807_173028_599500,4379,144,2026-08-07T17:32:55.045,11,left,10,11,22.0,True,
run_20260807_173028_599500,4379,144,2026-08-07T17:32:55.045,12,left,11,12,21.5,True,
run_20260807_173028_599500,4379,144,2026-08-07T17:32:55.045,1,right,0,1,22.0,True,
run_20260807_173028_599500,4379,144,2026-08-07T17:32:55.045,2,right,1,2,22.5,True,
run_20260807_173028_599500,4379,144,2026-08-07T17:32:55.045,3,right,2,3,22.0,True,
run_20260807_173028_599500,4379,144,2026-08-07T17:32:55.045,4,right,3,4,22.071428571428555,True,
run_20260807_173028_599500,4379,144,2026-08-07T17:32:55.045,5,right,4,5,22.428571428571445,True,
run_20260807_173028_599500,4379,144,2026-08-07T17:32:55.045,6,right,5,6,22.5,True,
run_20260807_173028_599500,4379,144,2026-08-07T17:32:55.045,7,right,6,7,22.0,True,
run_20260807_173028_599500,4379,144,2026-08-07T17:32:55.045,8,right,7,8,22.0,True,
run_20260807_173028_599500,4379,144,2026-08-07T17:32:55.045,9,right,8,9,21.5,True,
run_20260807_173028_599500,4379,144,2026-08-07T17:32:55.045,10,right,9,10,22.0,True,
run_20260807_173028_599500,4379,144,2026-08-07T17:32:55.045,11,right,10,11,21.5,True,
run_20260807_173028_599500,4379,144,2026-08-07T17:32:55.045,12,right,11,12,21.5,True,
run_20260807_173028_599500,4409,145,2026-08-07T17:32:56.047,1,left,0,1,22.0,True,
run_20260807_173028_599500,4409,145,2026-08-07T17:32:56.047,2,left,1,2,22.5,True,
run_20260807_173028_599500,4409,145,2026-08-07T17:32:56.047,3,left,2,3,22.5,True,
run_20260807_173028_599500,4409,145,2026-08-07T17:32:56.047,4,left,3,4,22.0,True,
run_20260807_173028_599500,4409,145,2026-08-07T17:32:56.047,5,left,4,5,22.5,True,
run_20260807_173028_599500,4409,145,2026-08-07T17:32:56.047,6,left,5,6,22.5,True,
run_20260807_173028_599500,4409,145,2026-08-07T17:32:56.047,7,left,6,7,22.0,True,
run_20260807_173028_599500,4409,145,2026-08-07T17:32:56.047,8,left,7,8,22.0,True,
run_20260807_173028_599500,4409,145,2026-08-07T17:32:56.047,9,left,8,9,21.5,True,
run_20260807_173028_599500,4409,145,2026-08-07T17:32:56.047,10,left,9,10,22.0,True,
run_20260807_173028_599500,4409,145,2026-08-07T17:32:56.047,11,left,10,11,22.0,True,
run_20260807_173028_599500,4409,145,2026-08-07T17:32:56.047,12,left,11,12,21.5,True,
run_20260807_173028_599500,4409,145,2026-08-07T17:32:56.047,1,right,0,1,22.0,True,
run_20260807_173028_599500,4409,145,2026-08-07T17:32:56.047,2,right,1,2,22.5,True,
run_20260807_173028_599500,4409,145,2026-08-07T17:32:56.047,3,right,2,3,22.0,True,
run_20260807_173028_599500,4409,145,2026-08-07T17:32:56.047,4,right,3,4,22.071428571428555,True,
run_20260807_173028_599500,4409,145,2026-08-07T17:32:56.047,5,right,4,5,22.428571428571445,True,
run_20260807_173028_599500,4409,145,2026-08-07T17:32:56.047,6,right,5,6,22.5,True,
run_20260807_173028_599500,4409,145,2026-08-07T17:32:56.047,7,right,6,7,22.0,True,
run_20260807_173028_599500,4409,145,2026-08-07T17:32:56.047,8,right,7,8,22.0,True,
run_20260807_173028_599500,4409,145,2026-08-07T17:32:56.047,9,right,8,9,21.5,True,
run_20260807_173028_599500,4409,145,2026-08-07T17:32:56.047,10,right,9,10,22.0,True,
run_20260807_173028_599500,4409,145,2026-08-07T17:32:56.047,11,right,10,11,21.5,True,
run_20260807_173028_599500,4409,145,2026-08-07T17:32:56.047,12,right,11,12,21.5,True,
run_20260807_173028_599500,4440,146,2026-08-07T17:32:57.079,1,left,0,1,22.0,True,
run_20260807_173028_599500,4440,146,2026-08-07T17:32:57.079,2,left,1,2,22.5,True,
run_20260807_173028_599500,4440,146,2026-08-07T17:32:57.079,3,left,2,3,22.5,True,
run_20260807_173028_599500,4440,146,2026-08-07T17:32:57.079,4,left,3,4,22.0,True,
run_20260807_173028_599500,4440,146,2026-08-07T17:32:57.079,5,left,4,5,22.5,True,
run_20260807_173028_599500,4440,146,2026-08-07T17:32:57.079,6,left,5,6,22.5,True,
run_20260807_173028_599500,4440,146,2026-08-07T17:32:57.079,7,left,6,7,22.0,True,
run_20260807_173028_599500,4440,146,2026-08-07T17:32:57.079,8,left,7,8,22.0,True,
run_20260807_173028_599500,4440,146,2026-08-07T17:32:57.079,9,left,8,9,21.5,True,
run_20260807_173028_599500,4440,146,2026-08-07T17:32:57.079,10,left,9,10,22.0,True,
run_20260807_173028_599500,4440,146,2026-08-07T17:32:57.079,11,left,10,11,22.0,True,
run_20260807_173028_599500,4440,146,2026-08-07T17:32:57.079,12,left,11,12,21.5,True,
run_20260807_173028_599500,4440,146,2026-08-07T17:32:57.079,1,right,0,1,22.0,True,
run_20260807_173028_599500,4440,146,2026-08-07T17:32:57.079,2,right,1,2,22.5,True,
run_20260807_173028_599500,4440,146,2026-08-07T17:32:57.079,3,right,2,3,22.0,True,
run_20260807_173028_599500,4440,146,2026-08-07T17:32:57.079,4,right,3,4,22.071428571428555,True,
run_20260807_173028_599500,4440,146,2026-08-07T17:32:57.079,5,right,4,5,22.428571428571445,True,
run_20260807_173028_599500,4440,146,2026-08-07T17:32:57.079,6,right,5,6,22.5,True,
run_20260807_173028_599500,4440,146,2026-08-07T17:32:57.079,7,right,6,7,22.0,True,
run_20260807_173028_599500,4440,146,2026-08-07T17:32:57.079,8,right,7,8,22.0,True,
run_20260807_173028_599500,4440,146,2026-08-07T17:32:57.079,9,right,8,9,21.5,True,
run_20260807_173028_599500,4440,146,2026-08-07T17:32:57.079,10,right,9,10,22.0,True,
run_20260807_173028_599500,4440,146,2026-08-07T17:32:57.079,11,right,10,11,21.5,True,
run_20260807_173028_599500,4440,146,2026-08-07T17:32:57.079,12,right,11,12,21.5,True,
run_20260807_173028_599500,4471,147,2026-08-07T17:32:58.112,1,left,0,1,22.0,True,
run_20260807_173028_599500,4471,147,2026-08-07T17:32:58.112,2,left,1,2,22.5,True,
run_20260807_173028_599500,4471,147,2026-08-07T17:32:58.112,3,left,2,3,22.5,True,
run_20260807_173028_599500,4471,147,2026-08-07T17:32:58.112,4,left,3,4,22.0,True,
run_20260807_173028_599500,4471,147,2026-08-07T17:32:58.112,5,left,4,5,22.5,True,
run_20260807_173028_599500,4471,147,2026-08-07T17:32:58.112,6,left,5,6,22.5,True,
run_20260807_173028_599500,4471,147,2026-08-07T17:32:58.112,7,left,6,7,22.0,True,
run_20260807_173028_599500,4471,147,2026-08-07T17:32:58.112,8,left,7,8,22.0,True,
run_20260807_173028_599500,4471,147,2026-08-07T17:32:58.112,9,left,8,9,21.57142857142857,True,
run_20260807_173028_599500,4471,147,2026-08-07T17:32:58.112,10,left,9,10,21.92857142857143,True,
run_20260807_173028_599500,4471,147,2026-08-07T17:32:58.112,11,left,10,11,22.0,True,
run_20260807_173028_599500,4471,147,2026-08-07T17:32:58.112,12,left,11,12,21.5,True,
run_20260807_173028_599500,4471,147,2026-08-07T17:32:58.112,1,right,0,1,22.0,True,
run_20260807_173028_599500,4471,147,2026-08-07T17:32:58.112,2,right,1,2,22.5,True,
run_20260807_173028_599500,4471,147,2026-08-07T17:32:58.112,3,right,2,3,22.0,True,
run_20260807_173028_599500,4471,147,2026-08-07T17:32:58.112,4,right,3,4,22.15384615384619,True,
run_20260807_173028_599500,4471,147,2026-08-07T17:32:58.112,5,right,4,5,22.34615384615381,True,
run_20260807_173028_599500,4471,147,2026-08-07T17:32:58.112,6,right,5,6,22.5,True,
run_20260807_173028_599500,4471,147,2026-08-07T17:32:58.112,7,right,6,7,22.0,True,
run_20260807_173028_599500,4471,147,2026-08-07T17:32:58.112,8,right,7,8,22.0,True,
run_20260807_173028_599500,4471,147,2026-08-07T17:32:58.112,9,right,8,9,21.5,True,
run_20260807_173028_599500,4471,147,2026-08-07T17:32:58.112,10,right,9,10,22.0,True,
run_20260807_173028_599500,4471,147,2026-08-07T17:32:58.112,11,right,10,11,21.5,True,
run_20260807_173028_599500,4471,147,2026-08-07T17:32:58.112,12,right,11,12,21.5,True,
run_20260807_173028_599500,4501,148,2026-08-07T17:32:59.113,1,left,0,1,22.0,True,
run_20260807_173028_599500,4501,148,2026-08-07T17:32:59.113,2,left,1,2,22.5,True,
run_20260807_173028_599500,4501,148,2026-08-07T17:32:59.113,3,left,2,3,22.5,True,
run_20260807_173028_599500,4501,148,2026-08-07T17:32:59.113,4,left,3,4,22.0,True,
run_20260807_173028_599500,4501,148,2026-08-07T17:32:59.113,5,left,4,5,22.5,True,
run_20260807_173028_599500,4501,148,2026-08-07T17:32:59.113,6,left,5,6,22.5,True,
run_20260807_173028_599500,4501,148,2026-08-07T17:32:59.113,7,left,6,7,22.0,True,
run_20260807_173028_599500,4501,148,2026-08-07T17:32:59.113,8,left,7,8,22.0,True,
run_20260807_173028_599500,4501,148,2026-08-07T17:32:59.113,9,left,8,9,21.57142857142857,True,
run_20260807_173028_599500,4501,148,2026-08-07T17:32:59.113,10,left,9,10,21.92857142857143,True,
run_20260807_173028_599500,4501,148,2026-08-07T17:32:59.113,11,left,10,11,22.0,True,
run_20260807_173028_599500,4501,148,2026-08-07T17:32:59.113,12,left,11,12,21.5,True,
run_20260807_173028_599500,4501,148,2026-08-07T17:32:59.113,1,right,0,1,22.0,True,
run_20260807_173028_599500,4501,148,2026-08-07T17:32:59.113,2,right,1,2,22.5,True,
run_20260807_173028_599500,4501,148,2026-08-07T17:32:59.113,3,right,2,3,22.0,True,
run_20260807_173028_599500,4501,148,2026-08-07T17:32:59.113,4,right,3,4,22.363636363636374,True,
run_20260807_173028_599500,4501,148,2026-08-07T17:32:59.113,5,right,4,5,22.136363636363626,True,
run_20260807_173028_599500,4501,148,2026-08-07T17:32:59.113,6,right,5,6,22.5,True,
run_20260807_173028_599500,4501,148,2026-08-07T17:32:59.113,7,right,6,7,22.0,True,
run_20260807_173028_599500,4501,148,2026-08-07T17:32:59.113,8,right,7,8,22.0,True,
run_20260807_173028_599500,4501,148,2026-08-07T17:32:59.113,9,right,8,9,21.5,True,
run_20260807_173028_599500,4501,148,2026-08-07T17:32:59.113,10,right,9,10,22.0,True,
run_20260807_173028_599500,4501,148,2026-08-07T17:32:59.113,11,right,10,11,21.5,True,
run_20260807_173028_599500,4501,148,2026-08-07T17:32:59.113,12,right,11,12,21.5,True,
run_20260807_173028_599500,4532,149,2026-08-07T17:33:00.146,1,left,0,1,22.0,True,
run_20260807_173028_599500,4532,149,2026-08-07T17:33:00.146,2,left,1,2,22.5,True,
run_20260807_173028_599500,4532,149,2026-08-07T17:33:00.146,3,left,2,3,22.5,True,
run_20260807_173028_599500,4532,149,2026-08-07T17:33:00.146,4,left,3,4,22.0,True,
run_20260807_173028_599500,4532,149,2026-08-07T17:33:00.146,5,left,4,5,22.5,True,
run_20260807_173028_599500,4532,149,2026-08-07T17:33:00.146,6,left,5,6,22.5,True,
run_20260807_173028_599500,4532,149,2026-08-07T17:33:00.146,7,left,6,7,22.0,True,
run_20260807_173028_599500,4532,149,2026-08-07T17:33:00.146,8,left,7,8,22.0,True,
run_20260807_173028_599500,4532,149,2026-08-07T17:33:00.146,9,left,8,9,21.5,True,
run_20260807_173028_599500,4532,149,2026-08-07T17:33:00.146,10,left,9,10,22.0,True,
run_20260807_173028_599500,4532,149,2026-08-07T17:33:00.146,11,left,10,11,22.0,True,
run_20260807_173028_599500,4532,149,2026-08-07T17:33:00.146,12,left,11,12,21.5,True,
run_20260807_173028_599500,4532,149,2026-08-07T17:33:00.146,1,right,0,1,22.0,True,
run_20260807_173028_599500,4532,149,2026-08-07T17:33:00.146,2,right,1,2,22.5,True,
run_20260807_173028_599500,4532,149,2026-08-07T17:33:00.146,3,right,2,3,22.0,True,
run_20260807_173028_599500,4532,149,2026-08-07T17:33:00.146,4,right,3,4,22.25,True,
run_20260807_173028_599500,4532,149,2026-08-07T17:33:00.146,5,right,4,5,22.25,True,
run_20260807_173028_599500,4532,149,2026-08-07T17:33:00.146,6,right,5,6,22.5,True,
run_20260807_173028_599500,4532,149,2026-08-07T17:33:00.146,7,right,6,7,22.0,True,
run_20260807_173028_599500,4532,149,2026-08-07T17:33:00.146,8,right,7,8,22.0,True,
run_20260807_173028_599500,4532,149,2026-08-07T17:33:00.146,9,right,8,9,21.5,True,
run_20260807_173028_599500,4532,149,2026-08-07T17:33:00.146,10,right,9,10,22.0,True,
run_20260807_173028_599500,4532,149,2026-08-07T17:33:00.146,11,right,10,11,21.5,True,
run_20260807_173028_599500,4532,149,2026-08-07T17:33:00.146,12,right,11,12,21.5,True,
run_20260807_173028_599500,4563,150,2026-08-07T17:33:01.178,1,left,0,1,22.0,True,
run_20260807_173028_599500,4563,150,2026-08-07T17:33:01.178,2,left,1,2,22.5,True,
run_20260807_173028_599500,4563,150,2026-08-07T17:33:01.178,3,left,2,3,22.5,True,
run_20260807_173028_599500,4563,150,2026-08-07T17:33:01.178,4,left,3,4,22.0,True,
run_20260807_173028_599500,4563,150,2026-08-07T17:33:01.178,5,left,4,5,22.5,True,
run_20260807_173028_599500,4563,150,2026-08-07T17:33:01.178,6,left,5,6,22.5,True,
run_20260807_173028_599500,4563,150,2026-08-07T17:33:01.178,7,left,6,7,22.0,True,
run_20260807_173028_599500,4563,150,2026-08-07T17:33:01.178,8,left,7,8,22.0,True,
run_20260807_173028_599500,4563,150,2026-08-07T17:33:01.178,9,left,8,9,21.57142857142857,True,
run_20260807_173028_599500,4563,150,2026-08-07T17:33:01.178,10,left,9,10,21.92857142857143,True,
run_20260807_173028_599500,4563,150,2026-08-07T17:33:01.178,11,left,10,11,22.0,True,
run_20260807_173028_599500,4563,150,2026-08-07T17:33:01.178,12,left,11,12,21.5,True,
run_20260807_173028_599500,4563,150,2026-08-07T17:33:01.178,1,right,0,1,22.0,True,
run_20260807_173028_599500,4563,150,2026-08-07T17:33:01.178,2,right,1,2,22.5,True,
run_20260807_173028_599500,4563,150,2026-08-07T17:33:01.178,3,right,2,3,22.0,True,
run_20260807_173028_599500,4563,150,2026-08-07T17:33:01.178,4,right,3,4,22.5,True,
run_20260807_173028_599500,4563,150,2026-08-07T17:33:01.178,5,right,4,5,22.0,True,
run_20260807_173028_599500,4563,150,2026-08-07T17:33:01.178,6,right,5,6,22.5,True,
run_20260807_173028_599500,4563,150,2026-08-07T17:33:01.178,7,right,6,7,22.0,True,
run_20260807_173028_599500,4563,150,2026-08-07T17:33:01.178,8,right,7,8,22.0,True,
run_20260807_173028_599500,4563,150,2026-08-07T17:33:01.178,9,right,8,9,21.5,True,
run_20260807_173028_599500,4563,150,2026-08-07T17:33:01.178,10,right,9,10,22.0,True,
run_20260807_173028_599500,4563,150,2026-08-07T17:33:01.178,11,right,10,11,21.5,True,
run_20260807_173028_599500,4563,150,2026-08-07T17:33:01.178,12,right,11,12,21.5,True,
run_20260807_173028_599500,4593,151,2026-08-07T17:33:02.180,1,left,0,1,22.0,True,
run_20260807_173028_599500,4593,151,2026-08-07T17:33:02.180,2,left,1,2,22.5,True,
run_20260807_173028_599500,4593,151,2026-08-07T17:33:02.180,3,left,2,3,22.5,True,
run_20260807_173028_599500,4593,151,2026-08-07T17:33:02.180,4,left,3,4,22.0,True,
run_20260807_173028_599500,4593,151,2026-08-07T17:33:02.180,5,left,4,5,22.5,True,
run_20260807_173028_599500,4593,151,2026-08-07T17:33:02.180,6,left,5,6,22.5,True,
run_20260807_173028_599500,4593,151,2026-08-07T17:33:02.180,7,left,6,7,22.0,True,
run_20260807_173028_599500,4593,151,2026-08-07T17:33:02.180,8,left,7,8,22.0,True,
run_20260807_173028_599500,4593,151,2026-08-07T17:33:02.180,9,left,8,9,21.5,True,
run_20260807_173028_599500,4593,151,2026-08-07T17:33:02.180,10,left,9,10,22.0,True,
run_20260807_173028_599500,4593,151,2026-08-07T17:33:02.180,11,left,10,11,22.0,True,
run_20260807_173028_599500,4593,151,2026-08-07T17:33:02.180,12,left,11,12,21.5,True,
run_20260807_173028_599500,4593,151,2026-08-07T17:33:02.180,1,right,0,1,22.0,True,
run_20260807_173028_599500,4593,151,2026-08-07T17:33:02.180,2,right,1,2,22.5,True,
run_20260807_173028_599500,4593,151,2026-08-07T17:33:02.180,3,right,2,3,22.0,True,
run_20260807_173028_599500,4593,151,2026-08-07T17:33:02.180,4,right,3,4,22.363636363636374,True,
run_20260807_173028_599500,4593,151,2026-08-07T17:33:02.180,5,right,4,5,22.136363636363626,True,
run_20260807_173028_599500,4593,151,2026-08-07T17:33:02.180,6,right,5,6,22.5,True,
run_20260807_173028_599500,4593,151,2026-08-07T17:33:02.180,7,right,6,7,22.0,True,
run_20260807_173028_599500,4593,151,2026-08-07T17:33:02.180,8,right,7,8,22.0,True,
run_20260807_173028_599500,4593,151,2026-08-07T17:33:02.180,9,right,8,9,21.5,True,
run_20260807_173028_599500,4593,151,2026-08-07T17:33:02.180,10,right,9,10,22.0,True,
run_20260807_173028_599500,4593,151,2026-08-07T17:33:02.180,11,right,10,11,21.5,True,
run_20260807_173028_599500,4593,151,2026-08-07T17:33:02.180,12,right,11,12,21.5,True,
run_20260807_173028_599500,4624,152,2026-08-07T17:33:03.213,1,left,0,1,22.0,True,
run_20260807_173028_599500,4624,152,2026-08-07T17:33:03.213,2,left,1,2,22.5,True,
run_20260807_173028_599500,4624,152,2026-08-07T17:33:03.213,3,left,2,3,22.5,True,
run_20260807_173028_599500,4624,152,2026-08-07T17:33:03.213,4,left,3,4,22.0,True,
run_20260807_173028_599500,4624,152,2026-08-07T17:33:03.213,5,left,4,5,22.5,True,
run_20260807_173028_599500,4624,152,2026-08-07T17:33:03.213,6,left,5,6,22.0,True,
run_20260807_173028_599500,4624,152,2026-08-07T17:33:03.213,7,left,6,7,22.5,True,
run_20260807_173028_599500,4624,152,2026-08-07T17:33:03.213,8,left,7,8,22.0,True,
run_20260807_173028_599500,4624,152,2026-08-07T17:33:03.213,9,left,8,9,21.5,True,
run_20260807_173028_599500,4624,152,2026-08-07T17:33:03.213,10,left,9,10,22.0,True,
run_20260807_173028_599500,4624,152,2026-08-07T17:33:03.213,11,left,10,11,22.0,True,
run_20260807_173028_599500,4624,152,2026-08-07T17:33:03.213,12,left,11,12,21.5,True,
run_20260807_173028_599500,4624,152,2026-08-07T17:33:03.213,1,right,0,1,22.0,True,
run_20260807_173028_599500,4624,152,2026-08-07T17:33:03.213,2,right,1,2,22.5,True,
run_20260807_173028_599500,4624,152,2026-08-07T17:33:03.213,3,right,2,3,22.0,True,
run_20260807_173028_599500,4624,152,2026-08-07T17:33:03.213,4,right,3,4,22.15384615384619,True,
run_20260807_173028_599500,4624,152,2026-08-07T17:33:03.213,5,right,4,5,22.34615384615381,True,
run_20260807_173028_599500,4624,152,2026-08-07T17:33:03.213,6,right,5,6,22.5,True,
run_20260807_173028_599500,4624,152,2026-08-07T17:33:03.213,7,right,6,7,22.0,True,
run_20260807_173028_599500,4624,152,2026-08-07T17:33:03.213,8,right,7,8,22.0,True,
run_20260807_173028_599500,4624,152,2026-08-07T17:33:03.213,9,right,8,9,21.5,True,
run_20260807_173028_599500,4624,152,2026-08-07T17:33:03.213,10,right,9,10,22.0,True,
run_20260807_173028_599500,4624,152,2026-08-07T17:33:03.213,11,right,10,11,21.5,True,
run_20260807_173028_599500,4624,152,2026-08-07T17:33:03.213,12,right,11,12,21.5,True,
run_20260807_173028_599500,4654,153,2026-08-07T17:33:04.216,1,left,0,1,22.0,True,
run_20260807_173028_599500,4654,153,2026-08-07T17:33:04.216,2,left,1,2,22.5,True,
run_20260807_173028_599500,4654,153,2026-08-07T17:33:04.216,3,left,2,3,22.5,True,
run_20260807_173028_599500,4654,153,2026-08-07T17:33:04.216,4,left,3,4,22.0,True,
run_20260807_173028_599500,4654,153,2026-08-07T17:33:04.216,5,left,4,5,22.5,True,
run_20260807_173028_599500,4654,153,2026-08-07T17:33:04.216,6,left,5,6,22.5,True,
run_20260807_173028_599500,4654,153,2026-08-07T17:33:04.216,7,left,6,7,22.0,True,
run_20260807_173028_599500,4654,153,2026-08-07T17:33:04.216,8,left,7,8,22.0,True,
run_20260807_173028_599500,4654,153,2026-08-07T17:33:04.216,9,left,8,9,21.57142857142857,True,
run_20260807_173028_599500,4654,153,2026-08-07T17:33:04.216,10,left,9,10,21.92857142857143,True,
run_20260807_173028_599500,4654,153,2026-08-07T17:33:04.216,11,left,10,11,22.0,True,
run_20260807_173028_599500,4654,153,2026-08-07T17:33:04.216,12,left,11,12,21.5,True,
run_20260807_173028_599500,4654,153,2026-08-07T17:33:04.216,1,right,0,1,22.0,True,
run_20260807_173028_599500,4654,153,2026-08-07T17:33:04.216,2,right,1,2,22.5,True,
run_20260807_173028_599500,4654,153,2026-08-07T17:33:04.216,3,right,2,3,22.0,True,
run_20260807_173028_599500,4654,153,2026-08-07T17:33:04.216,4,right,3,4,22.363636363636374,True,
run_20260807_173028_599500,4654,153,2026-08-07T17:33:04.216,5,right,4,5,22.136363636363626,True,
run_20260807_173028_599500,4654,153,2026-08-07T17:33:04.216,6,right,5,6,22.5,True,
run_20260807_173028_599500,4654,153,2026-08-07T17:33:04.216,7,right,6,7,22.0,True,
run_20260807_173028_599500,4654,153,2026-08-07T17:33:04.216,8,right,7,8,22.0,True,
run_20260807_173028_599500,4654,153,2026-08-07T17:33:04.216,9,right,8,9,21.5,True,
run_20260807_173028_599500,4654,153,2026-08-07T17:33:04.216,10,right,9,10,22.0,True,
run_20260807_173028_599500,4654,153,2026-08-07T17:33:04.216,11,right,10,11,21.5,True,
run_20260807_173028_599500,4654,153,2026-08-07T17:33:04.216,12,right,11,12,21.5,True,
run_20260807_173028_599500,4685,154,2026-08-07T17:33:05.246,1,left,0,1,22.0,True,
run_20260807_173028_599500,4685,154,2026-08-07T17:33:05.246,2,left,1,2,22.5,True,
run_20260807_173028_599500,4685,154,2026-08-07T17:33:05.246,3,left,2,3,22.5,True,
run_20260807_173028_599500,4685,154,2026-08-07T17:33:05.246,4,left,3,4,22.0,True,
run_20260807_173028_599500,4685,154,2026-08-07T17:33:05.246,5,left,4,5,22.5,True,
run_20260807_173028_599500,4685,154,2026-08-07T17:33:05.246,6,left,5,6,22.5,True,
run_20260807_173028_599500,4685,154,2026-08-07T17:33:05.246,7,left,6,7,22.0,True,
run_20260807_173028_599500,4685,154,2026-08-07T17:33:05.246,8,left,7,8,22.0,True,
run_20260807_173028_599500,4685,154,2026-08-07T17:33:05.246,9,left,8,9,21.5,True,
run_20260807_173028_599500,4685,154,2026-08-07T17:33:05.246,10,left,9,10,22.0,True,
run_20260807_173028_599500,4685,154,2026-08-07T17:33:05.246,11,left,10,11,22.0,True,
run_20260807_173028_599500,4685,154,2026-08-07T17:33:05.246,12,left,11,12,21.5,True,
run_20260807_173028_599500,4685,154,2026-08-07T17:33:05.246,1,right,0,1,22.0,True,
run_20260807_173028_599500,4685,154,2026-08-07T17:33:05.246,2,right,1,2,22.5,True,
run_20260807_173028_599500,4685,154,2026-08-07T17:33:05.246,3,right,2,3,22.0,True,
run_20260807_173028_599500,4685,154,2026-08-07T17:33:05.246,4,right,3,4,22.15384615384619,True,
run_20260807_173028_599500,4685,154,2026-08-07T17:33:05.246,5,right,4,5,22.34615384615381,True,
run_20260807_173028_599500,4685,154,2026-08-07T17:33:05.246,6,right,5,6,22.5,True,
run_20260807_173028_599500,4685,154,2026-08-07T17:33:05.246,7,right,6,7,22.0,True,
run_20260807_173028_599500,4685,154,2026-08-07T17:33:05.246,8,right,7,8,22.0,True,
run_20260807_173028_599500,4685,154,2026-08-07T17:33:05.246,9,right,8,9,21.5,True,
run_20260807_173028_599500,4685,154,2026-08-07T17:33:05.246,10,right,9,10,22.0,True,
run_20260807_173028_599500,4685,154,2026-08-07T17:33:05.246,11,right,10,11,22.0,True,
run_20260807_173028_599500,4685,154,2026-08-07T17:33:05.246,12,right,11,12,21.0,True,
run_20260807_173028_599500,4716,155,2026-08-07T17:33:06.279,1,left,0,1,22.0,True,
run_20260807_173028_599500,4716,155,2026-08-07T17:33:06.279,2,left,1,2,22.5,True,
run_20260807_173028_599500,4716,155,2026-08-07T17:33:06.279,3,left,2,3,22.5,True,
run_20260807_173028_599500,4716,155,2026-08-07T17:33:06.279,4,left,3,4,22.0,True,
run_20260807_173028_599500,4716,155,2026-08-07T17:33:06.279,5,left,4,5,22.5,True,
run_20260807_173028_599500,4716,155,2026-08-07T17:33:06.279,6,left,5,6,22.0,True,
run_20260807_173028_599500,4716,155,2026-08-07T17:33:06.279,7,left,6,7,22.5,True,
run_20260807_173028_599500,4716,155,2026-08-07T17:33:06.279,8,left,7,8,22.0,True,
run_20260807_173028_599500,4716,155,2026-08-07T17:33:06.279,9,left,8,9,21.5,True,
run_20260807_173028_599500,4716,155,2026-08-07T17:33:06.279,10,left,9,10,22.0,True,
run_20260807_173028_599500,4716,155,2026-08-07T17:33:06.279,11,left,10,11,22.0,True,
run_20260807_173028_599500,4716,155,2026-08-07T17:33:06.279,12,left,11,12,21.5,True,
run_20260807_173028_599500,4716,155,2026-08-07T17:33:06.279,1,right,0,1,22.0,True,
run_20260807_173028_599500,4716,155,2026-08-07T17:33:06.279,2,right,1,2,22.5,True,
run_20260807_173028_599500,4716,155,2026-08-07T17:33:06.279,3,right,2,3,22.0,True,
run_20260807_173028_599500,4716,155,2026-08-07T17:33:06.279,4,right,3,4,22.15384615384619,True,
run_20260807_173028_599500,4716,155,2026-08-07T17:33:06.279,5,right,4,5,22.34615384615381,True,
run_20260807_173028_599500,4716,155,2026-08-07T17:33:06.279,6,right,5,6,22.5,True,
run_20260807_173028_599500,4716,155,2026-08-07T17:33:06.279,7,right,6,7,22.0,True,
run_20260807_173028_599500,4716,155,2026-08-07T17:33:06.279,8,right,7,8,22.0,True,
run_20260807_173028_599500,4716,155,2026-08-07T17:33:06.279,9,right,8,9,21.5,True,
run_20260807_173028_599500,4716,155,2026-08-07T17:33:06.279,10,right,9,10,22.0,True,
run_20260807_173028_599500,4716,155,2026-08-07T17:33:06.279,11,right,10,11,22.0,True,
run_20260807_173028_599500,4716,155,2026-08-07T17:33:06.279,12,right,11,12,21.0,True,
run_20260807_173028_599500,4747,156,2026-08-07T17:33:07.311,1,left,0,1,22.0,True,
run_20260807_173028_599500,4747,156,2026-08-07T17:33:07.311,2,left,1,2,22.5,True,
run_20260807_173028_599500,4747,156,2026-08-07T17:33:07.311,3,left,2,3,22.5,True,
run_20260807_173028_599500,4747,156,2026-08-07T17:33:07.311,4,left,3,4,22.0,True,
run_20260807_173028_599500,4747,156,2026-08-07T17:33:07.311,5,left,4,5,22.5,True,
run_20260807_173028_599500,4747,156,2026-08-07T17:33:07.311,6,left,5,6,22.5,True,
run_20260807_173028_599500,4747,156,2026-08-07T17:33:07.311,7,left,6,7,22.0,True,
run_20260807_173028_599500,4747,156,2026-08-07T17:33:07.311,8,left,7,8,22.0,True,
run_20260807_173028_599500,4747,156,2026-08-07T17:33:07.311,9,left,8,9,21.57142857142857,True,
run_20260807_173028_599500,4747,156,2026-08-07T17:33:07.311,10,left,9,10,21.92857142857143,True,
run_20260807_173028_599500,4747,156,2026-08-07T17:33:07.311,11,left,10,11,22.0,True,
run_20260807_173028_599500,4747,156,2026-08-07T17:33:07.311,12,left,11,12,21.5,True,
run_20260807_173028_599500,4747,156,2026-08-07T17:33:07.311,1,right,0,1,22.0,True,
run_20260807_173028_599500,4747,156,2026-08-07T17:33:07.311,2,right,1,2,22.5,True,
run_20260807_173028_599500,4747,156,2026-08-07T17:33:07.311,3,right,2,3,22.0,True,
run_20260807_173028_599500,4747,156,2026-08-07T17:33:07.311,4,right,3,4,22.363636363636374,True,
run_20260807_173028_599500,4747,156,2026-08-07T17:33:07.311,5,right,4,5,22.136363636363626,True,
run_20260807_173028_599500,4747,156,2026-08-07T17:33:07.311,6,right,5,6,22.5,True,
run_20260807_173028_599500,4747,156,2026-08-07T17:33:07.311,7,right,6,7,22.0,True,
run_20260807_173028_599500,4747,156,2026-08-07T17:33:07.311,8,right,7,8,22.0,True,
run_20260807_173028_599500,4747,156,2026-08-07T17:33:07.311,9,right,8,9,21.5,True,
run_20260807_173028_599500,4747,156,2026-08-07T17:33:07.311,10,right,9,10,22.0,True,
run_20260807_173028_599500,4747,156,2026-08-07T17:33:07.311,11,right,10,11,21.5,True,
run_20260807_173028_599500,4747,156,2026-08-07T17:33:07.311,12,right,11,12,21.5,True,
run_20260807_173028_599500,4777,157,2026-08-07T17:33:08.313,1,left,0,1,22.0,True,
run_20260807_173028_599500,4777,157,2026-08-07T17:33:08.313,2,left,1,2,22.5,True,
run_20260807_173028_599500,4777,157,2026-08-07T17:33:08.313,3,left,2,3,22.5,True,
run_20260807_173028_599500,4777,157,2026-08-07T17:33:08.313,4,left,3,4,22.0,True,
run_20260807_173028_599500,4777,157,2026-08-07T17:33:08.313,5,left,4,5,22.5,True,
run_20260807_173028_599500,4777,157,2026-08-07T17:33:08.313,6,left,5,6,22.5,True,
run_20260807_173028_599500,4777,157,2026-08-07T17:33:08.313,7,left,6,7,22.0,True,
run_20260807_173028_599500,4777,157,2026-08-07T17:33:08.313,8,left,7,8,22.0,True,
run_20260807_173028_599500,4777,157,2026-08-07T17:33:08.313,9,left,8,9,21.5,True,
run_20260807_173028_599500,4777,157,2026-08-07T17:33:08.313,10,left,9,10,22.0,True,
run_20260807_173028_599500,4777,157,2026-08-07T17:33:08.313,11,left,10,11,22.0,True,
run_20260807_173028_599500,4777,157,2026-08-07T17:33:08.313,12,left,11,12,21.5,True,
run_20260807_173028_599500,4777,157,2026-08-07T17:33:08.313,1,right,0,1,22.0,True,
run_20260807_173028_599500,4777,157,2026-08-07T17:33:08.313,2,right,1,2,22.5,True,
run_20260807_173028_599500,4777,157,2026-08-07T17:33:08.313,3,right,2,3,22.0,True,
run_20260807_173028_599500,4777,157,2026-08-07T17:33:08.313,4,right,3,4,22.071428571428555,True,
run_20260807_173028_599500,4777,157,2026-08-07T17:33:08.313,5,right,4,5,22.428571428571445,True,
run_20260807_173028_599500,4777,157,2026-08-07T17:33:08.313,6,right,5,6,22.5,True,
run_20260807_173028_599500,4777,157,2026-08-07T17:33:08.313,7,right,6,7,22.0,True,
run_20260807_173028_599500,4777,157,2026-08-07T17:33:08.313,8,right,7,8,22.0,True,
run_20260807_173028_599500,4777,157,2026-08-07T17:33:08.313,9,right,8,9,21.5,True,
run_20260807_173028_599500,4777,157,2026-08-07T17:33:08.313,10,right,9,10,22.0,True,
run_20260807_173028_599500,4777,157,2026-08-07T17:33:08.313,11,right,10,11,22.0,True,
run_20260807_173028_599500,4777,157,2026-08-07T17:33:08.313,12,right,11,12,21.0,True,
run_20260807_173028_599500,4808,158,2026-08-07T17:33:09.346,1,left,0,1,22.0,True,
run_20260807_173028_599500,4808,158,2026-08-07T17:33:09.346,2,left,1,2,22.5,True,
run_20260807_173028_599500,4808,158,2026-08-07T17:33:09.346,3,left,2,3,22.5,True,
run_20260807_173028_599500,4808,158,2026-08-07T17:33:09.346,4,left,3,4,22.0,True,
run_20260807_173028_599500,4808,158,2026-08-07T17:33:09.346,5,left,4,5,22.5,True,
run_20260807_173028_599500,4808,158,2026-08-07T17:33:09.346,6,left,5,6,22.5,True,
run_20260807_173028_599500,4808,158,2026-08-07T17:33:09.346,7,left,6,7,22.0,True,
run_20260807_173028_599500,4808,158,2026-08-07T17:33:09.346,8,left,7,8,22.0,True,
run_20260807_173028_599500,4808,158,2026-08-07T17:33:09.346,9,left,8,9,21.5,True,
run_20260807_173028_599500,4808,158,2026-08-07T17:33:09.346,10,left,9,10,22.0,True,
run_20260807_173028_599500,4808,158,2026-08-07T17:33:09.346,11,left,10,11,22.0,True,
run_20260807_173028_599500,4808,158,2026-08-07T17:33:09.346,12,left,11,12,21.5,True,
run_20260807_173028_599500,4808,158,2026-08-07T17:33:09.346,1,right,0,1,22.0,True,
run_20260807_173028_599500,4808,158,2026-08-07T17:33:09.346,2,right,1,2,22.5,True,
run_20260807_173028_599500,4808,158,2026-08-07T17:33:09.346,3,right,2,3,22.0,True,
run_20260807_173028_599500,4808,158,2026-08-07T17:33:09.346,4,right,3,4,22.15384615384619,True,
run_20260807_173028_599500,4808,158,2026-08-07T17:33:09.346,5,right,4,5,22.34615384615381,True,
run_20260807_173028_599500,4808,158,2026-08-07T17:33:09.346,6,right,5,6,22.5,True,
run_20260807_173028_599500,4808,158,2026-08-07T17:33:09.346,7,right,6,7,22.0,True,
run_20260807_173028_599500,4808,158,2026-08-07T17:33:09.346,8,right,7,8,22.0,True,
run_20260807_173028_599500,4808,158,2026-08-07T17:33:09.346,9,right,8,9,21.5,True,
run_20260807_173028_599500,4808,158,2026-08-07T17:33:09.346,10,right,9,10,22.0,True,
run_20260807_173028_599500,4808,158,2026-08-07T17:33:09.346,11,right,10,11,22.0,True,
run_20260807_173028_599500,4808,158,2026-08-07T17:33:09.346,12,right,11,12,21.0,True,
