run_id,frame_id,measurement_index,datetime,tick_id,left_x_at_axis,right_x_at_axis,pair_center_x,valid,invalid_reason
run_20260807_175821_881241,1,1,2026-08-07T17:58:22.429,0,273.0,470.0,371.5,True,
run_20260807_175821_881241,1,1,2026-08-07T17:58:22.429,1,251.0,493.0,372.0,True,
run_20260807_175821_881241,1,1,2026-08-07T17:58:22.429,2,229.0,515.0,372.0,True,
run_20260807_175821_881241,1,1,2026-08-07T17:58:22.429,3,207.0,537.0,372.0,True,
run_20260807_175821_881241,1,1,2026-08-07T17:58:22.429,4,184.5,559.5,372.0,True,
run_20260807_175821_881241,1,1,2026-08-07T17:58:22.429,5,162.0,582.0,372.0,True,
run_20260807_175821_881241,1,1,2026-08-07T17:58:22.429,6,140.0,604.5,372.25,True,
run_20260807_175821_881241,1,1,2026-08-07T17:58:22.429,7,117.75,626.0,371.875,True,
run_20260807_175821_881241,1,1,2026-08-07T17:58:22.429,8,96.0,648.0,372.0,True,
run_20260807_175821_881241,1,1,2026-08-07T17:58:22.429,9,73.92857142857143,670.0,371.9642857142857,True,
run_20260807_175821_881241,1,1,2026-08-07T17:58:22.429,10,52.0,692.0,372.0,True,
run_20260807_175821_881241,1,1,2026-08-07T17:58:22.429,11,30.0,713.5,371.75,True,
run_20260807_175821_881241,1,1,2026-08-07T17:58:22.429,12,8.0,735.0,371.5,True,
run_20260807_175821_881241,26,2,2026-08-07T17:58:23.455,0,273.0,470.15384615384613,371.5769230769231,True,
run_20260807_175821_881241,26,2,2026-08-07T17:58:23.455,1,251.0,493.0,372.0,True,
run_20260807_175821_881241,26,2,2026-08-07T17:58:23.455,2,229.0,515.0,372.0,True,
run_20260807_175821_881241,26,2,2026-08-07T17:58:23.455,3,207.0,537.0,372.0,True,
run_20260807_175821_881241,26,2,2026-08-07T17:58:23.455,4,184.5,559.6666666666666,372.0833333333333,True,
run_20260807_175821_881241,26,2,2026-08-07T17:58:23.455,5,162.0,582.0,372.0,True,
run_20260807_175821_881241,26,2,2026-08-07T17:58:23.455,6,140.0,604.5,372.25,True,
run_20260807_175821_881241,26,2,2026-08-07T17:58:23.455,7,117.63636363636364,626.0,371.8181818181818,True,
run_20260807_175821_881241,26,2,2026-08-07T17:58:23.455,8,96.0,648.0,372.0,True,
run_20260807_175821_881241,26,2,2026-08-07T17:58:23.455,9,74.0,670.0,372.0,True,
run_20260807_175821_881241,26,2,2026-08-07T17:58:23.455,10,52.0,692.0,372.0,True,
run_20260807_175821_881241,26,2,2026-08-07T17:58:23.455,11,30.0,713.5,371.75,True,
run_20260807_175821_881241,26,2,2026-08-07T17:58:23.455,12,8.5,735.0,371.75,True,
run_20260807_175821_881241,51,3,2026-08-07T17:58:24.466,0,273.0,470.0,371.5,True,
run_20260807_175821_881241,51,3,2026-08-07T17:58:24.466,1,251.0,493.0,372.0,True,
run_20260807_175821_881241,51,3,2026-08-07T17:58:24.466,2,229.0,515.0,372.0,True,
run_20260807_175821_881241,51,3,2026-08-07T17:58:24.466,3,207.0,537.0,372.0,True,
run_20260807_175821_881241,51,3,2026-08-07T17:58:24.466,4,184.5,559.5,372.0,True,
run_20260807_175821_881241,51,3,2026-08-07T17:58:24.466,5,162.0,582.0,372.0,True,
run_20260807_175821_881241,51,3,2026-08-07T17:58:24.466,6,140.0,604.5,372.25,True,
run_20260807_175821_881241,51,3,2026-08-07T17:58:24.466,7,117.63636363636364,626.0,371.8181818181818,True,
run_20260807_175821_881241,51,3,2026-08-07T17:58:24.466,8,96.0,648.0,372.0,True,
run_20260807_175821_881241,51,3,2026-08-07T17:58:24.466,9,74.0,670.0,372.0,True,
run_20260807_175821_881241,51,3,2026-08-07T17:58:24.466,10,52.0,692.0,372.0,True,
run_20260807_175821_881241,51,3,2026-08-07T17:58:24.466,11,30.0,713.5,371.75,True,
run_20260807_175821_881241,51,3,2026-08-07T17:58:24.466,12,8.5,735.0,371.75,True,
run_20260807_175821_881241,66,4,2026-08-07T17:58:25.471,0,273.0,470.0,371.5,True,
run_20260807_175821_881241,66,4,2026-08-07T17:58:25.471,1,251.0,493.0,372.0,True,
run_20260807_175821_881241,66,4,2026-08-07T17:58:25.471,2,229.0,515.0,372.0,True,
run_20260807_175821_881241,66,4,2026-08-07T17:58:25.471,3,207.0,537.0,372.0,True,
run_20260807_175821_881241,66,4,2026-08-07T17:58:25.471,4,184.5,559.5,372.0,True,
run_20260807_175821_881241,66,4,2026-08-07T17:58:25.471,5,162.0,582.0,372.0,True,
run_20260807_175821_881241,66,4,2026-08-07T17:58:25.471,6,140.0,604.5,372.25,True,
run_20260807_175821_881241,66,4,2026-08-07T17:58:25.471,7,117.63636363636364,626.0,371.8181818181818,True,
run_20260807_175821_881241,66,4,2026-08-07T17:58:25.471,8,96.0,648.0,372.0,True,
run_20260807_175821_881241,66,4,2026-08-07T17:58:25.471,9,74.0,670.0,372.0,True,
run_20260807_175821_881241,66,4,2026-08-07T17:58:25.471,10,52.0,691.5,371.75,True,
run_20260807_175821_881241,66,4,2026-08-07T17:58:25.471,11,30.0,713.5,371.75,True,
run_20260807_175821_881241,66,4,2026-08-07T17:58:25.471,12,8.5,735.0,371.75,True,
run_20260807_175821_881241,93,5,2026-08-07T17:58:26.488,0,273.0,470.0,371.5,True,
run_20260807_175821_881241,93,5,2026-08-07T17:58:26.488,1,251.0,493.0,372.0,True,
run_20260807_175821_881241,93,5,2026-08-07T17:58:26.488,2,229.0,515.0,372.0,True,
run_20260807_175821_881241,93,5,2026-08-07T17:58:26.488,3,207.0,537.0,372.0,True,
run_20260807_175821_881241,93,5,2026-08-07T17:58:26.488,4,184.5,559.5,372.0,True,
run_20260807_175821_881241,93,5,2026-08-07T17:58:26.488,5,162.0,582.0,372.0,True,
run_20260807_175821_881241,93,5,2026-08-07T17:58:26.488,6,140.0,604.5,372.25,True,
run_20260807_175821_881241,93,5,2026-08-07T17:58:26.488,7,117.63636363636364,626.0,371.8181818181818,True,
run_20260807_175821_881241,93,5,2026-08-07T17:58:26.488,8,96.0,648.0,372.0,True,
run_20260807_175821_881241,93,5,2026-08-07T17:58:26.488,9,74.0,670.0,372.0,True,
run_20260807_175821_881241,93,5,2026-08-07T17:58:26.488,10,52.0,691.5,371.75,True,
run_20260807_175821_881241,93,5,2026-08-07T17:58:26.488,11,30.0,713.5,371.75,True,
run_20260807_175821_881241,93,5,2026-08-07T17:58:26.488,12,8.5,735.0,371.75,True,
run_20260807_175821_881241,118,6,2026-08-07T17:58:27.492,0,273.0,470.0,371.5,True,
run_20260807_175821_881241,118,6,2026-08-07T17:58:27.492,1,251.0,493.0,372.0,True,
run_20260807_175821_881241,118,6,2026-08-07T17:58:27.492,2,229.0,515.0,372.0,True,
run_20260807_175821_881241,118,6,2026-08-07T17:58:27.492,3,207.0,537.0,372.0,True,
run_20260807_175821_881241,118,6,2026-08-07T17:58:27.492,4,184.5,559.5,372.0,True,
run_20260807_175821_881241,118,6,2026-08-07T17:58:27.492,5,162.0,582.0,372.0,True,
run_20260807_175821_881241,118,6,2026-08-07T17:58:27.492,6,140.0,604.5,372.25,True,
run_20260807_175821_881241,118,6,2026-08-07T17:58:27.492,7,117.63636363636364,626.0,371.8181818181818,True,
run_20260807_175821_881241,118,6,2026-08-07T17:58:27.492,8,96.0,648.0,372.0,True,
run_20260807_175821_881241,118,6,2026-08-07T17:58:27.492,9,74.0,670.0,372.0,True,
run_20260807_175821_881241,118,6,2026-08-07T17:58:27.492,10,52.0,692.0,372.0,True,
run_20260807_175821_881241,118,6,2026-08-07T17:58:27.492,11,30.0,713.5,371.75,True,
run_20260807_175821_881241,118,6,2026-08-07T17:58:27.492,12,8.5,735.0,371.75,True,
run_20260807_175821_881241,144,7,2026-08-07T17:58:28.562,0,273.0,470.0,371.5,True,
run_20260807_175821_881241,144,7,2026-08-07T17:58:28.562,1,251.0,493.0,372.0,True,
run_20260807_175821_881241,144,7,2026-08-07T17:58:28.562,2,229.0,515.0,372.0,True,
run_20260807_175821_881241,144,7,2026-08-07T17:58:28.562,3,207.0,537.0,372.0,True,
run_20260807_175821_881241,144,7,2026-08-07T17:58:28.562,4,184.5,559.5,372.0,True,
run_20260807_175821_881241,144,7,2026-08-07T17:58:28.562,5,162.0,582.0,372.0,True,
run_20260807_175821_881241,144,7,2026-08-07T17:58:28.562,6,140.0,604.5,372.25,True,
run_20260807_175821_881241,144,7,2026-08-07T17:58:28.562,7,117.5,626.0,371.75,True,
run_20260807_175821_881241,144,7,2026-08-07T17:58:28.562,8,96.0,648.0,372.0,True,
run_20260807_175821_881241,144,7,2026-08-07T17:58:28.562,9,74.0,670.0,372.0,True,
run_20260807_175821_881241,144,7,2026-08-07T17:58:28.562,10,52.0,692.0,372.0,True,
run_20260807_175821_881241,144,7,2026-08-07T17:58:28.562,11,30.0,713.5,371.75,True,
run_20260807_175821_881241,144,7,2026-08-07T17:58:28.562,12,8.5,735.0,371.75,True,
run_20260807_175821_881241,171,8,2026-08-07T17:58:29.590,0,273.0,470.0,371.5,True,
run_20260807_175821_881241,171,8,2026-08-07T17:58:29.590,1,251.0,493.0,372.0,True,
run_20260807_175821_881241,171,8,2026-08-07T17:58:29.590,2,229.0,515.0,372.0,True,
run_20260807_175821_881241,171,8,2026-08-07T17:58:29.590,3,207.0,537.0,372.0,True,
run_20260807_175821_881241,171,8,2026-08-07T17:58:29.590,4,184.5,559.5,372.0,True,
run_20260807_175821_881241,171,8,2026-08-07T17:58:29.590,5,162.0,582.0,372.0,True,
run_20260807_175821_881241,171,8,2026-08-07T17:58:29.590,6,140.0,604.3636363636364,372.1818181818182,True,
run_20260807_175821_881241,171,8,2026-08-07T17:58:29.590,7,117.63636363636364,626.0,371.8181818181818,True,
run_20260807_175821_881241,171,8,2026-08-07T17:58:29.590,8,96.0,648.0,372.0,True,
run_20260807_175821_881241,171,8,2026-08-07T17:58:29.590,9,74.0,670.0,372.0,True,
run_20260807_175821_881241,171,8,2026-08-07T17:58:29.590,10,52.0,691.5,371.75,True,
run_20260807_175821_881241,171,8,2026-08-07T17:58:29.590,11,30.0,713.5,371.75,True,
run_20260807_175821_881241,171,8,2026-08-07T17:58:29.590,12,8.5,735.0,371.75,True,
run_20260807_175821_881241,200,9,2026-08-07T17:58:30.596,0,273.0,470.0,371.5,True,
run_20260807_175821_881241,200,9,2026-08-07T17:58:30.596,1,251.0,493.0,372.0,True,
run_20260807_175821_881241,200,9,2026-08-07T17:58:30.596,2,229.0,515.0,372.0,True,
run_20260807_175821_881241,200,9,2026-08-07T17:58:30.596,3,207.0,537.0,372.0,True,
run_20260807_175821_881241,200,9,2026-08-07T17:58:30.596,4,184.5,559.5,372.0,True,
run_20260807_175821_881241,200,9,2026-08-07T17:58:30.596,5,162.0,582.0,372.0,True,
run_20260807_175821_881241,200,9,2026-08-07T17:58:30.596,6,140.0,604.5,372.25,True,
run_20260807_175821_881241,200,9,2026-08-07T17:58:30.596,7,117.63636363636364,626.0,371.8181818181818,True,
run_20260807_175821_881241,200,9,2026-08-07T17:58:30.596,8,96.0,648.0,372.0,True,
run_20260807_175821_881241,200,9,2026-08-07T17:58:30.596,9,74.0,670.0,372.0,True,
run_20260807_175821_881241,200,9,2026-08-07T17:58:30.596,10,52.0,692.0,372.0,True,
run_20260807_175821_881241,200,9,2026-08-07T17:58:30.596,11,30.0,713.5,371.75,True,
run_20260807_175821_881241,200,9,2026-08-07T17:58:30.596,12,8.5,735.0,371.75,True,
run_20260807_175821_881241,230,10,2026-08-07T17:58:31.649,0,273.0,470.0,371.5,True,
run_20260807_175821_881241,230,10,2026-08-07T17:58:31.649,1,251.0,493.0,372.0,True,
run_20260807_175821_881241,230,10,2026-08-07T17:58:31.649,2,229.0,515.0,372.0,True,
run_20260807_175821_881241,230,10,2026-08-07T17:58:31.649,3,207.0,537.0,372.0,True,
run_20260807_175821_881241,230,10,2026-08-07T17:58:31.649,4,184.5,559.5,372.0,True,
run_20260807_175821_881241,230,10,2026-08-07T17:58:31.649,5,162.0,582.0,372.0,True,
run_20260807_175821_881241,230,10,2026-08-07T17:58:31.649,6,140.0,604.5,372.25,True,
run_20260807_175821_881241,230,10,2026-08-07T17:58:31.649,7,117.63636363636364,626.0,371.8181818181818,True,
run_20260807_175821_881241,230,10,2026-08-07T17:58:31.649,8,96.0,648.0,372.0,True,
run_20260807_175821_881241,230,10,2026-08-07T17:58:31.649,9,74.0,670.0,372.0,True,
run_20260807_175821_881241,230,10,2026-08-07T17:58:31.649,10,52.0,691.5,371.75,True,
run_20260807_175821_881241,230,10,2026-08-07T17:58:31.649,11,30.0,713.5,371.75,True,
run_20260807_175821_881241,230,10,2026-08-07T17:58:31.649,12,8.5,735.0,371.75,True,
run_20260807_175821_881241,259,11,2026-08-07T17:58:32.656,0,273.0,470.0,371.5,True,
run_20260807_175821_881241,259,11,2026-08-07T17:58:32.656,1,251.0,493.0,372.0,True,
run_20260807_175821_881241,259,11,2026-08-07T17:58:32.656,2,229.0,515.0,372.0,True,
run_20260807_175821_881241,259,11,2026-08-07T17:58:32.656,3,207.0,537.0,372.0,True,
run_20260807_175821_881241,259,11,2026-08-07T17:58:32.656,4,184.5,559.5,372.0,True,
run_20260807_175821_881241,259,11,2026-08-07T17:58:32.656,5,162.0,582.0,372.0,True,
run_20260807_175821_881241,259,11,2026-08-07T17:58:32.656,6,140.0,604.5,372.25,True,
run_20260807_175821_881241,259,11,2026-08-07T17:58:32.656,7,117.63636363636364,626.0,371.8181818181818,True,
run_20260807_175821_881241,259,11,2026-08-07T17:58:32.656,8,96.0,648.0,372.0,True,
run_20260807_175821_881241,259,11,2026-08-07T17:58:32.656,9,74.0,670.0,372.0,True,
run_20260807_175821_881241,259,11,2026-08-07T17:58:32.656,10,52.0,692.0,372.0,True,
run_20260807_175821_881241,259,11,2026-08-07T17:58:32.656,11,30.0,713.5,371.75,True,
run_20260807_175821_881241,259,11,2026-08-07T17:58:32.656,12,8.5,735.0,371.75,True,
run_20260807_175821_881241,289,12,2026-08-07T17:58:33.657,0,273.0,470.0,371.5,True,
run_20260807_175821_881241,289,12,2026-08-07T17:58:33.657,1,251.0,493.0,372.0,True,
run_20260807_175821_881241,289,12,2026-08-07T17:58:33.657,2,229.0,515.0,372.0,True,
run_20260807_175821_881241,289,12,2026-08-07T17:58:33.657,3,207.0,537.0,372.0,True,
run_20260807_175821_881241,289,12,2026-08-07T17:58:33.657,4,184.5,559.5,372.0,True,
run_20260807_175821_881241,289,12,2026-08-07T17:58:33.657,5,162.0,582.0,372.0,True,
run_20260807_175821_881241,289,12,2026-08-07T17:58:33.657,6,140.0,604.5,372.25,True,
run_20260807_175821_881241,289,12,2026-08-07T17:58:33.657,7,117.63636363636364,626.0,371.8181818181818,True,
run_20260807_175821_881241,289,12,2026-08-07T17:58:33.657,8,96.0,648.0,372.0,True,
run_20260807_175821_881241,289,12,2026-08-07T17:58:33.657,9,74.0,670.0,372.0,True,
run_20260807_175821_881241,289,12,2026-08-07T17:58:33.657,10,52.0,691.5,371.75,True,
run_20260807_175821_881241,289,12,2026-08-07T17:58:33.657,11,30.0,713.5,371.75,True,
run_20260807_175821_881241,289,12,2026-08-07T17:58:33.657,12,8.5,735.0,371.75,True,
run_20260807_175821_881241,316,13,2026-08-07T17:58:34.672,0,273.0,470.0,371.5,True,
run_20260807_175821_881241,316,13,2026-08-07T17:58:34.672,1,251.0,493.0,372.0,True,
run_20260807_175821_881241,316,13,2026-08-07T17:58:34.672,2,229.0,515.0,372.0,True,
run_20260807_175821_881241,316,13,2026-08-07T17:58:34.672,3,207.0,537.0,372.0,True,
run_20260807_175821_881241,316,13,2026-08-07T17:58:34.672,4,184.5,559.5,372.0,True,
run_20260807_175821_881241,316,13,2026-08-07T17:58:34.672,5,162.0,582.0,372.0,True,
run_20260807_175821_881241,316,13,2026-08-07T17:58:34.672,6,140.0,604.5,372.25,True,
run_20260807_175821_881241,316,13,2026-08-07T17:58:34.672,7,117.63636363636364,626.0,371.8181818181818,True,
run_20260807_175821_881241,316,13,2026-08-07T17:58:34.672,8,96.0,648.0,372.0,True,
run_20260807_175821_881241,316,13,2026-08-07T17:58:34.672,9,74.0,670.0,372.0,True,
run_20260807_175821_881241,316,13,2026-08-07T17:58:34.672,10,52.0,691.5,371.75,True,
run_20260807_175821_881241,316,13,2026-08-07T17:58:34.672,11,30.0,713.5,371.75,True,
run_20260807_175821_881241,316,13,2026-08-07T17:58:34.672,12,8.5,735.0,371.75,True,
run_20260807_175821_881241,346,14,2026-08-07T17:58:35.673,0,273.0,470.0,371.5,True,
run_20260807_175821_881241,346,14,2026-08-07T17:58:35.673,1,251.0,493.0,372.0,True,
run_20260807_175821_881241,346,14,2026-08-07T17:58:35.673,2,229.0,515.0,372.0,True,
run_20260807_175821_881241,346,14,2026-08-07T17:58:35.673,3,207.0,537.0,372.0,True,
run_20260807_175821_881241,346,14,2026-08-07T17:58:35.673,4,184.5,559.5,372.0,True,
run_20260807_175821_881241,346,14,2026-08-07T17:58:35.673,5,162.0,582.0,372.0,True,
run_20260807_175821_881241,346,14,2026-08-07T17:58:35.673,6,140.0,604.5,372.25,True,
run_20260807_175821_881241,346,14,2026-08-07T17:58:35.673,7,117.63636363636364,626.0,371.8181818181818,True,
run_20260807_175821_881241,346,14,2026-08-07T17:58:35.673,8,96.0,648.0,372.0,True,
run_20260807_175821_881241,346,14,2026-08-07T17:58:35.673,9,74.0,670.0,372.0,True,
run_20260807_175821_881241,346,14,2026-08-07T17:58:35.673,10,52.0,691.5,371.75,True,
run_20260807_175821_881241,346,14,2026-08-07T17:58:35.673,11,30.0,713.5,371.75,True,
run_20260807_175821_881241,346,14,2026-08-07T17:58:35.673,12,8.5,735.0,371.75,True,
run_20260807_175821_881241,376,15,2026-08-07T17:58:36.690,0,273.0,470.0,371.5,True,
run_20260807_175821_881241,376,15,2026-08-07T17:58:36.690,1,251.0,493.0,372.0,True,
run_20260807_175821_881241,376,15,2026-08-07T17:58:36.690,2,229.0,515.0,372.0,True,
run_20260807_175821_881241,376,15,2026-08-07T17:58:36.690,3,207.0,537.0,372.0,True,
run_20260807_175821_881241,376,15,2026-08-07T17:58:36.690,4,184.5,559.5,372.0,True,
run_20260807_175821_881241,376,15,2026-08-07T17:58:36.690,5,162.0,582.0,372.0,True,
run_20260807_175821_881241,376,15,2026-08-07T17:58:36.690,6,140.0,604.5,372.25,True,
run_20260807_175821_881241,376,15,2026-08-07T17:58:36.690,7,117.63636363636364,626.0,371.8181818181818,True,
run_20260807_175821_881241,376,15,2026-08-07T17:58:36.690,8,96.0,648.0,372.0,True,
run_20260807_175821_881241,376,15,2026-08-07T17:58:36.690,9,74.0,670.0,372.0,True,
run_20260807_175821_881241,376,15,2026-08-07T17:58:36.690,10,52.0,692.0,372.0,True,
run_20260807_175821_881241,376,15,2026-08-07T17:58:36.690,11,30.0,713.5,371.75,True,
run_20260807_175821_881241,376,15,2026-08-07T17:58:36.690,12,8.5,735.0,371.75,True,
run_20260807_175821_881241,407,16,2026-08-07T17:58:37.737,0,273.0,470.0,371.5,True,
run_20260807_175821_881241,407,16,2026-08-07T17:58:37.737,1,251.0,493.0,372.0,True,
run_20260807_175821_881241,407,16,2026-08-07T17:58:37.737,2,229.0,515.0,372.0,True,
run_20260807_175821_881241,407,16,2026-08-07T17:58:37.737,3,207.0,537.0,372.0,True,
run_20260807_175821_881241,407,16,2026-08-07T17:58:37.737,4,184.5,559.5,372.0,True,
run_20260807_175821_881241,407,16,2026-08-07T17:58:37.737,5,162.0,582.0,372.0,True,
run_20260807_175821_881241,407,16,2026-08-07T17:58:37.737,6,140.0,604.5,372.25,True,
run_20260807_175821_881241,407,16,2026-08-07T17:58:37.737,7,117.63636363636364,626.0,371.8181818181818,True,
run_20260807_175821_881241,407,16,2026-08-07T17:58:37.737,8,96.0,648.0,372.0,True,
run_20260807_175821_881241,407,16,2026-08-07T17:58:37.737,9,74.0,670.0,372.0,True,
run_20260807_175821_881241,407,16,2026-08-07T17:58:37.737,10,52.0,692.0,372.0,True,
run_20260807_175821_881241,407,16,2026-08-07T17:58:37.737,11,30.0,713.5,371.75,True,
run_20260807_175821_881241,407,16,2026-08-07T17:58:37.737,12,8.5,735.0,371.75,True,
run_20260807_175821_881241,438,17,2026-08-07T17:58:38.758,0,273.0,470.0,371.5,True,
run_20260807_175821_881241,438,17,2026-08-07T17:58:38.758,1,251.0,493.0,372.0,True,
run_20260807_175821_881241,438,17,2026-08-07T17:58:38.758,2,229.0,515.0,372.0,True,
run_20260807_175821_881241,438,17,2026-08-07T17:58:38.758,3,207.0,537.0,372.0,True,
run_20260807_175821_881241,438,17,2026-08-07T17:58:38.758,4,184.5,559.5,372.0,True,
run_20260807_175821_881241,438,17,2026-08-07T17:58:38.758,5,162.0,582.0,372.0,True,
run_20260807_175821_881241,438,17,2026-08-07T17:58:38.758,6,140.0,604.5,372.25,True,
run_20260807_175821_881241,438,17,2026-08-07T17:58:38.758,7,117.63636363636364,626.0,371.8181818181818,True,
run_20260807_175821_881241,438,17,2026-08-07T17:58:38.758,8,96.0,648.0,372.0,True,
run_20260807_175821_881241,438,17,2026-08-07T17:58:38.758,9,74.0,670.0,372.0,True,
run_20260807_175821_881241,438,17,2026-08-07T17:58:38.758,10,52.0,692.0,372.0,True,
run_20260807_175821_881241,438,17,2026-08-07T17:58:38.758,11,30.0,713.5,371.75,True,
run_20260807_175821_881241,438,17,2026-08-07T17:58:38.758,12,8.5,735.0,371.75,True,
run_20260807_175821_881241,467,18,2026-08-07T17:58:39.766,0,273.0,470.0,371.5,True,
run_20260807_175821_881241,467,18,2026-08-07T17:58:39.766,1,251.0,493.0,372.0,True,
run_20260807_175821_881241,467,18,2026-08-07T17:58:39.766,2,229.0,515.0,372.0,True,
run_20260807_175821_881241,467,18,2026-08-07T17:58:39.766,3,207.0,537.0,372.0,True,
run_20260807_175821_881241,467,18,2026-08-07T17:58:39.766,4,184.5,559.5,372.0,True,
run_20260807_175821_881241,467,18,2026-08-07T17:58:39.766,5,162.0,582.0,372.0,True,
run_20260807_175821_881241,467,18,2026-08-07T17:58:39.766,6,140.0,604.5,372.25,True,
run_20260807_175821_881241,467,18,2026-08-07T17:58:39.766,7,117.75,626.0,371.875,True,
run_20260807_175821_881241,467,18,2026-08-07T17:58:39.766,8,96.0,648.0,372.0,True,
run_20260807_175821_881241,467,18,2026-08-07T17:58:39.766,9,74.0,670.0,372.0,True,
run_20260807_175821_881241,467,18,2026-08-07T17:58:39.766,10,52.0,692.0,372.0,True,
run_20260807_175821_881241,467,18,2026-08-07T17:58:39.766,11,30.0,713.5,371.75,True,
run_20260807_175821_881241,467,18,2026-08-07T17:58:39.766,12,8.5,735.0,371.75,True,
run_20260807_175821_881241,498,19,2026-08-07T17:58:40.792,0,273.0,470.0,371.5,True,
run_20260807_175821_881241,498,19,2026-08-07T17:58:40.792,1,251.0,493.0,372.0,True,
run_20260807_175821_881241,498,19,2026-08-07T17:58:40.792,2,229.0,515.0,372.0,True,
run_20260807_175821_881241,498,19,2026-08-07T17:58:40.792,3,207.0,537.0,372.0,True,
run_20260807_175821_881241,498,19,2026-08-07T17:58:40.792,4,184.5,559.5,372.0,True,
run_20260807_175821_881241,498,19,2026-08-07T17:58:40.792,5,162.0,582.0,372.0,True,
run_20260807_175821_881241,498,19,2026-08-07T17:58:40.792,6,140.0,604.5,372.25,True,
run_20260807_175821_881241,498,19,2026-08-07T17:58:40.792,7,117.63636363636364,626.0,371.8181818181818,True,
run_20260807_175821_881241,498,19,2026-08-07T17:58:40.792,8,96.0,648.0,372.0,True,
run_20260807_175821_881241,498,19,2026-08-07T17:58:40.792,9,74.0,670.0,372.0,True,
run_20260807_175821_881241,498,19,2026-08-07T17:58:40.792,10,52.0,692.0,372.0,True,
run_20260807_175821_881241,498,19,2026-08-07T17:58:40.792,11,30.0,713.5,371.75,True,
run_20260807_175821_881241,498,19,2026-08-07T17:58:40.792,12,8.5,735.0,371.75,True,
run_20260807_175821_881241,528,20,2026-08-07T17:58:41.811,0,273.0,470.0,371.5,True,
run_20260807_175821_881241,528,20,2026-08-07T17:58:41.811,1,251.0,493.0,372.0,True,
run_20260807_175821_881241,528,20,2026-08-07T17:58:41.811,2,229.0,515.0,372.0,True,
run_20260807_175821_881241,528,20,2026-08-07T17:58:41.811,3,207.0,537.0,372.0,True,
run_20260807_175821_881241,528,20,2026-08-07T17:58:41.811,4,184.5,559.5,372.0,True,
run_20260807_175821_881241,528,20,2026-08-07T17:58:41.811,5,162.0,582.0,372.0,True,
run_20260807_175821_881241,528,20,2026-08-07T17:58:41.811,6,140.0,604.5,372.25,True,
run_20260807_175821_881241,528,20,2026-08-07T17:58:41.811,7,117.75,626.0,371.875,True,
run_20260807_175821_881241,528,20,2026-08-07T17:58:41.811,8,96.0,648.0,372.0,True,
run_20260807_175821_881241,528,20,2026-08-07T17:58:41.811,9,74.0,670.0,372.0,True,
run_20260807_175821_881241,528,20,2026-08-07T17:58:41.811,10,52.0,692.0,372.0,True,
run_20260807_175821_881241,528,20,2026-08-07T17:58:41.811,11,30.0,713.5,371.75,True,
run_20260807_175821_881241,528,20,2026-08-07T17:58:41.811,12,8.5,735.0,371.75,True,
run_20260807_175821_881241,559,21,2026-08-07T17:58:42.823,0,273.0,470.0,371.5,True,
run_20260807_175821_881241,559,21,2026-08-07T17:58:42.823,1,251.0,493.0,372.0,True,
run_20260807_175821_881241,559,21,2026-08-07T17:58:42.823,2,229.0,515.0,372.0,True,
run_20260807_175821_881241,559,21,2026-08-07T17:58:42.823,3,207.0,537.0,372.0,True,
run_20260807_175821_881241,559,21,2026-08-07T17:58:42.823,4,184.5,559.5,372.0,True,
run_20260807_175821_881241,559,21,2026-08-07T17:58:42.823,5,162.0,582.0,372.0,True,
run_20260807_175821_881241,559,21,2026-08-07T17:58:42.823,6,140.0,604.5,372.25,True,
run_20260807_175821_881241,559,21,2026-08-07T17:58:42.823,7,117.63636363636364,626.0,371.8181818181818,True,
run_20260807_175821_881241,559,21,2026-08-07T17:58:42.823,8,96.0,648.0,372.0,True,
run_20260807_175821_881241,559,21,2026-08-07T17:58:42.823,9,74.0,670.0,372.0,True,
run_20260807_175821_881241,559,21,2026-08-07T17:58:42.823,10,52.0,692.0,372.0,True,
run_20260807_175821_881241,559,21,2026-08-07T17:58:42.823,11,30.0,713.5,371.75,True,
run_20260807_175821_881241,559,21,2026-08-07T17:58:42.823,12,8.5,735.0,371.75,True,
run_20260807_175821_881241,582,22,2026-08-07T17:58:43.825,0,273.0,470.0,371.5,True,
run_20260807_175821_881241,582,22,2026-08-07T17:58:43.825,1,251.0,493.0,372.0,True,
run_20260807_175821_881241,582,22,2026-08-07T17:58:43.825,2,229.0,515.0,372.0,True,
run_20260807_175821_881241,582,22,2026-08-07T17:58:43.825,3,207.0,537.0,372.0,True,
run_20260807_175821_881241,582,22,2026-08-07T17:58:43.825,4,184.5,559.5,372.0,True,
run_20260807_175821_881241,582,22,2026-08-07T17:58:43.825,5,162.0,582.0,372.0,True,
run_20260807_175821_881241,582,22,2026-08-07T17:58:43.825,6,140.0,604.5,372.25,True,
run_20260807_175821_881241,582,22,2026-08-07T17:58:43.825,7,117.63636363636364,626.0,371.8181818181818,True,
run_20260807_175821_881241,582,22,2026-08-07T17:58:43.825,8,96.0,648.0,372.0,True,
run_20260807_175821_881241,582,22,2026-08-07T17:58:43.825,9,74.0,670.0,372.0,True,
run_20260807_175821_881241,582,22,2026-08-07T17:58:43.825,10,52.0,692.0,372.0,True,
run_20260807_175821_881241,582,22,2026-08-07T17:58:43.825,11,30.0,713.5,371.75,True,
run_20260807_175821_881241,582,22,2026-08-07T17:58:43.825,12,8.5,735.0,371.75,True,
run_20260807_175821_881241,613,23,2026-08-07T17:58:44.853,0,273.0,470.0,371.5,True,
run_20260807_175821_881241,613,23,2026-08-07T17:58:44.853,1,251.0,493.0,372.0,True,
run_20260807_175821_881241,613,23,2026-08-07T17:58:44.853,2,229.0,515.0,372.0,True,
run_20260807_175821_881241,613,23,2026-08-07T17:58:44.853,3,207.0,537.0,372.0,True,
run_20260807_175821_881241,613,23,2026-08-07T17:58:44.853,4,184.5,559.5,372.0,True,
run_20260807_175821_881241,613,23,2026-08-07T17:58:44.853,5,162.0,582.0,372.0,True,
run_20260807_175821_881241,613,23,2026-08-07T17:58:44.853,6,140.0,604.5,372.25,True,
run_20260807_175821_881241,613,23,2026-08-07T17:58:44.853,7,117.5,626.0,371.75,True,
run_20260807_175821_881241,613,23,2026-08-07T17:58:44.853,8,96.0,648.0,372.0,True,
run_20260807_175821_881241,613,23,2026-08-07T17:58:44.853,9,74.0,670.0,372.0,True,
run_20260807_175821_881241,613,23,2026-08-07T17:58:44.853,10,52.0,692.0,372.0,True,
run_20260807_175821_881241,613,23,2026-08-07T17:58:44.853,11,30.0,713.5,371.75,True,
run_20260807_175821_881241,613,23,2026-08-07T17:58:44.853,12,8.5,735.0,371.75,True,
run_20260807_175821_881241,643,24,2026-08-07T17:58:45.861,0,273.0,470.0,371.5,True,
run_20260807_175821_881241,643,24,2026-08-07T17:58:45.861,1,251.0,493.0,372.0,True,
run_20260807_175821_881241,643,24,2026-08-07T17:58:45.861,2,229.0,515.0,372.0,True,
run_20260807_175821_881241,643,24,2026-08-07T17:58:45.861,3,207.0,537.0,372.0,True,
run_20260807_175821_881241,643,24,2026-08-07T17:58:45.861,4,184.5,559.5,372.0,True,
run_20260807_175821_881241,643,24,2026-08-07T17:58:45.861,5,162.0,582.0,372.0,True,
run_20260807_175821_881241,643,24,2026-08-07T17:58:45.861,6,140.0,604.5,372.25,True,
run_20260807_175821_881241,643,24,2026-08-07T17:58:45.861,7,117.75,626.0,371.875,True,
run_20260807_175821_881241,643,24,2026-08-07T17:58:45.861,8,96.0,648.0,372.0,True,
run_20260807_175821_881241,643,24,2026-08-07T17:58:45.861,9,74.0,670.0,372.0,True,
run_20260807_175821_881241,643,24,2026-08-07T17:58:45.861,10,52.0,692.0,372.0,True,
run_20260807_175821_881241,643,24,2026-08-07T17:58:45.861,11,30.0,713.5,371.75,True,
run_20260807_175821_881241,643,24,2026-08-07T17:58:45.861,12,8.5,735.0,371.75,True,
run_20260807_175821_881241,674,25,2026-08-07T17:58:46.897,0,273.0,470.0,371.5,True,
run_20260807_175821_881241,674,25,2026-08-07T17:58:46.897,1,251.0,493.0,372.0,True,
run_20260807_175821_881241,674,25,2026-08-07T17:58:46.897,2,229.0,515.0,372.0,True,
run_20260807_175821_881241,674,25,2026-08-07T17:58:46.897,3,207.0,537.0,372.0,True,
run_20260807_175821_881241,674,25,2026-08-07T17:58:46.897,4,184.5,559.5,372.0,True,
run_20260807_175821_881241,674,25,2026-08-07T17:58:46.897,5,162.0,582.0,372.0,True,
run_20260807_175821_881241,674,25,2026-08-07T17:58:46.897,6,140.0,604.5,372.25,True,
run_20260807_175821_881241,674,25,2026-08-07T17:58:46.897,7,117.63636363636364,626.0,371.8181818181818,True,
run_20260807_175821_881241,674,25,2026-08-07T17:58:46.897,8,96.0,648.0,372.0,True,
run_20260807_175821_881241,674,25,2026-08-07T17:58:46.897,9,74.0,670.0,372.0,True,
run_20260807_175821_881241,674,25,2026-08-07T17:58:46.897,10,52.0,691.5,371.75,True,
run_20260807_175821_881241,674,25,2026-08-07T17:58:46.897,11,30.0,713.5,371.75,True,
run_20260807_175821_881241,674,25,2026-08-07T17:58:46.897,12,8.5,735.0,371.75,True,
run_20260807_175821_881241,705,26,2026-08-07T17:58:47.921,0,273.0,470.0,371.5,True,
run_20260807_175821_881241,705,26,2026-08-07T17:58:47.921,1,251.0,493.0,372.0,True,
run_20260807_175821_881241,705,26,2026-08-07T17:58:47.921,2,229.0,515.0,372.0,True,
run_20260807_175821_881241,705,26,2026-08-07T17:58:47.921,3,207.0,537.0,372.0,True,
run_20260807_175821_881241,705,26,2026-08-07T17:58:47.921,4,184.5,559.5,372.0,True,
run_20260807_175821_881241,705,26,2026-08-07T17:58:47.921,5,162.0,582.0,372.0,True,
run_20260807_175821_881241,705,26,2026-08-07T17:58:47.921,6,140.0,604.5,372.25,True,
run_20260807_175821_881241,705,26,2026-08-07T17:58:47.921,7,117.63636363636364,626.0,371.8181818181818,True,
run_20260807_175821_881241,705,26,2026-08-07T17:58:47.921,8,96.0,648.0,372.0,True,
run_20260807_175821_881241,705,26,2026-08-07T17:58:47.921,9,74.0,670.0,372.0,True,
run_20260807_175821_881241,705,26,2026-08-07T17:58:47.921,10,52.0,692.0,372.0,True,
run_20260807_175821_881241,705,26,2026-08-07T17:58:47.921,11,30.0,713.5,371.75,True,
run_20260807_175821_881241,705,26,2026-08-07T17:58:47.921,12,8.5,735.0,371.75,True,
run_20260807_175821_881241,735,27,2026-08-07T17:58:48.925,0,273.0,470.0,371.5,True,
run_20260807_175821_881241,735,27,2026-08-07T17:58:48.925,1,251.0,493.0,372.0,True,
run_20260807_175821_881241,735,27,2026-08-07T17:58:48.925,2,229.0,515.0,372.0,True,
run_20260807_175821_881241,735,27,2026-08-07T17:58:48.925,3,207.0,537.0,372.0,True,
run_20260807_175821_881241,735,27,2026-08-07T17:58:48.925,4,184.5,559.5,372.0,True,
run_20260807_175821_881241,735,27,2026-08-07T17:58:48.925,5,162.0,582.0,372.0,True,
run_20260807_175821_881241,735,27,2026-08-07T17:58:48.925,6,140.0,604.5,372.25,True,
run_20260807_175821_881241,735,27,2026-08-07T17:58:48.925,7,117.63636363636364,626.0,371.8181818181818,True,
run_20260807_175821_881241,735,27,2026-08-07T17:58:48.925,8,96.0,648.0,372.0,True,
run_20260807_175821_881241,735,27,2026-08-07T17:58:48.925,9,74.0,670.0,372.0,True,
run_20260807_175821_881241,735,27,2026-08-07T17:58:48.925,10,52.0,692.0,372.0,True,
run_20260807_175821_881241,735,27,2026-08-07T17:58:48.925,11,30.0,713.5,371.75,True,
run_20260807_175821_881241,735,27,2026-08-07T17:58:48.925,12,8.5,735.0,371.75,True,
run_20260807_175821_881241,766,28,2026-08-07T17:58:49.954,0,273.0,470.0,371.5,True,
run_20260807_175821_881241,766,28,2026-08-07T17:58:49.954,1,251.0,493.0,372.0,True,
run_20260807_175821_881241,766,28,2026-08-07T17:58:49.954,2,229.0,515.0,372.0,True,
run_20260807_175821_881241,766,28,2026-08-07T17:58:49.954,3,207.0,537.0,372.0,True,
run_20260807_175821_881241,766,28,2026-08-07T17:58:49.954,4,184.5,559.5,372.0,True,
run_20260807_175821_881241,766,28,2026-08-07T17:58:49.954,5,162.0,582.0,372.0,True,
run_20260807_175821_881241,766,28,2026-08-07T17:58:49.954,6,140.0,604.5,372.25,True,
run_20260807_175821_881241,766,28,2026-08-07T17:58:49.954,7,117.63636363636364,626.0,371.8181818181818,True,
run_20260807_175821_881241,766,28,2026-08-07T17:58:49.954,8,96.0,648.0,372.0,True,
run_20260807_175821_881241,766,28,2026-08-07T17:58:49.954,9,74.0,670.0,372.0,True,
run_20260807_175821_881241,766,28,2026-08-07T17:58:49.954,10,52.0,691.5,371.75,True,
run_20260807_175821_881241,766,28,2026-08-07T17:58:49.954,11,30.0,713.5,371.75,True,
run_20260807_175821_881241,766,28,2026-08-07T17:58:49.954,12,8.5,735.0,371.75,True,
run_20260807_175821_881241,796,29,2026-08-07T17:58:50.960,0,273.0,470.0,371.5,True,
run_20260807_175821_881241,796,29,2026-08-07T17:58:50.960,1,251.0,493.0,372.0,True,
run_20260807_175821_881241,796,29,2026-08-07T17:58:50.960,2,229.0,515.0,372.0,True,
run_20260807_175821_881241,796,29,2026-08-07T17:58:50.960,3,207.0,537.0,372.0,True,
run_20260807_175821_881241,796,29,2026-08-07T17:58:50.960,4,184.5,559.5,372.0,True,
run_20260807_175821_881241,796,29,2026-08-07T17:58:50.960,5,162.0,582.0,372.0,True,
run_20260807_175821_881241,796,29,2026-08-07T17:58:50.960,6,140.0,604.5,372.25,True,
run_20260807_175821_881241,796,29,2026-08-07T17:58:50.960,7,117.63636363636364,626.0,371.8181818181818,True,
run_20260807_175821_881241,796,29,2026-08-07T17:58:50.960,8,96.0,648.0,372.0,True,
run_20260807_175821_881241,796,29,2026-08-07T17:58:50.960,9,74.0,670.0,372.0,True,
run_20260807_175821_881241,796,29,2026-08-07T17:58:50.960,10,52.0,692.0,372.0,True,
run_20260807_175821_881241,796,29,2026-08-07T17:58:50.960,11,30.0,713.5,371.75,True,
run_20260807_175821_881241,796,29,2026-08-07T17:58:50.960,12,8.5,735.0,371.75,True,
run_20260807_175821_881241,827,30,2026-08-07T17:58:51.989,0,273.0,470.0,371.5,True,
run_20260807_175821_881241,827,30,2026-08-07T17:58:51.989,1,251.0,493.0,372.0,True,
run_20260807_175821_881241,827,30,2026-08-07T17:58:51.989,2,229.0,515.0,372.0,True,
run_20260807_175821_881241,827,30,2026-08-07T17:58:51.989,3,207.0,537.0,372.0,True,
run_20260807_175821_881241,827,30,2026-08-07T17:58:51.989,4,184.5,559.5,372.0,True,
run_20260807_175821_881241,827,30,2026-08-07T17:58:51.989,5,162.0,582.0,372.0,True,
run_20260807_175821_881241,827,30,2026-08-07T17:58:51.989,6,140.0,604.5,372.25,True,
run_20260807_175821_881241,827,30,2026-08-07T17:58:51.989,7,117.63636363636364,626.0,371.8181818181818,True,
run_20260807_175821_881241,827,30,2026-08-07T17:58:51.989,8,96.0,648.0,372.0,True,
run_20260807_175821_881241,827,30,2026-08-07T17:58:51.989,9,74.0,670.0,372.0,True,
run_20260807_175821_881241,827,30,2026-08-07T17:58:51.989,10,52.0,691.5,371.75,True,
run_20260807_175821_881241,827,30,2026-08-07T17:58:51.989,11,30.0,713.5,371.75,True,
run_20260807_175821_881241,827,30,2026-08-07T17:58:51.989,12,8.5,735.0,371.75,True,
run_20260807_175821_881241,857,31,2026-08-07T17:58:52.992,0,273.0,470.0,371.5,True,
run_20260807_175821_881241,857,31,2026-08-07T17:58:52.992,1,251.0,493.0,372.0,True,
run_20260807_175821_881241,857,31,2026-08-07T17:58:52.992,2,229.0,515.0,372.0,True,
run_20260807_175821_881241,857,31,2026-08-07T17:58:52.992,3,207.0,537.0,372.0,True,
run_20260807_175821_881241,857,31,2026-08-07T17:58:52.992,4,184.5,559.5,372.0,True,
run_20260807_175821_881241,857,31,2026-08-07T17:58:52.992,5,162.0,582.0,372.0,True,
run_20260807_175821_881241,857,31,2026-08-07T17:58:52.992,6,140.0,604.5,372.25,True,
run_20260807_175821_881241,857,31,2026-08-07T17:58:52.992,7,117.75,626.0,371.875,True,
run_20260807_175821_881241,857,31,2026-08-07T17:58:52.992,8,96.0,648.0,372.0,True,
run_20260807_175821_881241,857,31,2026-08-07T17:58:52.992,9,74.0,670.0,372.0,True,
run_20260807_175821_881241,857,31,2026-08-07T17:58:52.992,10,52.0,692.0,372.0,True,
run_20260807_175821_881241,857,31,2026-08-07T17:58:52.992,11,30.0,713.5,371.75,True,
run_20260807_175821_881241,857,31,2026-08-07T17:58:52.992,12,8.5,735.0,371.75,True,
run_20260807_175821_881241,887,32,2026-08-07T17:58:54.000,0,273.0,470.0,371.5,True,
run_20260807_175821_881241,887,32,2026-08-07T17:58:54.000,1,251.0,493.0,372.0,True,
run_20260807_175821_881241,887,32,2026-08-07T17:58:54.000,2,229.0,515.0,372.0,True,
run_20260807_175821_881241,887,32,2026-08-07T17:58:54.000,3,207.0,537.0,372.0,True,
run_20260807_175821_881241,887,32,2026-08-07T17:58:54.000,4,184.42105263157896,559.5,371.9605263157895,True,
run_20260807_175821_881241,887,32,2026-08-07T17:58:54.000,5,162.0,582.0,372.0,True,
run_20260807_175821_881241,887,32,2026-08-07T17:58:54.000,6,140.0,604.5,372.25,True,
run_20260807_175821_881241,887,32,2026-08-07T17:58:54.000,7,118.0,626.0,372.0,True,
run_20260807_175821_881241,887,32,2026-08-07T17:58:54.000,8,96.0,648.0,372.0,True,
run_20260807_175821_881241,887,32,2026-08-07T17:58:54.000,9,74.0,670.0,372.0,True,
run_20260807_175821_881241,887,32,2026-08-07T17:58:54.000,10,52.0,691.5,371.75,True,
run_20260807_175821_881241,887,32,2026-08-07T17:58:54.000,11,30.0,713.5,371.75,True,
run_20260807_175821_881241,887,32,2026-08-07T17:58:54.000,12,8.5,735.0,371.75,True,
run_20260807_175821_881241,918,33,2026-08-07T17:58:55.021,0,273.0,470.0,371.5,True,
run_20260807_175821_881241,918,33,2026-08-07T17:58:55.021,1,251.0,492.6666666666667,371.83333333333337,True,
run_20260807_175821_881241,918,33,2026-08-07T17:58:55.021,2,229.0,515.0,372.0,True,
run_20260807_175821_881241,918,33,2026-08-07T17:58:55.021,3,207.0,537.0,372.0,True,
run_20260807_175821_881241,918,33,2026-08-07T17:58:55.021,4,184.0,559.5,371.75,True,
run_20260807_175821_881241,918,33,2026-08-07T17:58:55.021,5,162.0,582.0,372.0,True,
run_20260807_175821_881241,918,33,2026-08-07T17:58:55.021,6,140.0,604.5,372.25,True,
run_20260807_175821_881241,918,33,2026-08-07T17:58:55.021,7,118.0,626.0,372.0,True,
run_20260807_175821_881241,918,33,2026-08-07T17:58:55.021,8,95.15384615384616,648.0,371.5769230769231,True,
run_20260807_175821_881241,918,33,2026-08-07T17:58:55.021,9,74.0,670.0,372.0,True,
run_20260807_175821_881241,918,33,2026-08-07T17:58:55.021,10,52.0,692.0,372.0,True,
run_20260807_175821_881241,918,33,2026-08-07T17:58:55.021,11,30.0,713.5,371.75,True,
run_20260807_175821_881241,918,33,2026-08-07T17:58:55.021,12,8.5,735.0,371.75,True,
run_20260807_175821_881241,948,34,2026-08-07T17:58:56.027,0,273.0,470.0,371.5,True,
run_20260807_175821_881241,948,34,2026-08-07T17:58:56.027,1,251.0,493.0,372.0,True,
run_20260807_175821_881241,948,34,2026-08-07T17:58:56.027,2,229.0,515.0,372.0,True,
run_20260807_175821_881241,948,34,2026-08-07T17:58:56.027,3,207.0,537.0,372.0,True,
run_20260807_175821_881241,948,34,2026-08-07T17:58:56.027,4,184.42105263157896,559.5,371.9605263157895,True,
run_20260807_175821_881241,948,34,2026-08-07T17:58:56.027,5,162.0,582.0,372.0,True,
run_20260807_175821_881241,948,34,2026-08-07T17:58:56.027,6,140.0,604.5,372.25,True,
run_20260807_175821_881241,948,34,2026-08-07T17:58:56.027,7,118.0,626.0,372.0,True,
run_20260807_175821_881241,948,34,2026-08-07T17:58:56.027,8,95.5,648.0,371.75,True,
run_20260807_175821_881241,948,34,2026-08-07T17:58:56.027,9,74.0,670.0,372.0,True,
run_20260807_175821_881241,948,34,2026-08-07T17:58:56.027,10,51.5,691.5,371.5,True,
run_20260807_175821_881241,948,34,2026-08-07T17:58:56.027,11,30.0,713.5,371.75,True,
run_20260807_175821_881241,948,34,2026-08-07T17:58:56.027,12,8.5,735.0,371.75,True,
run_20260807_175821_881241,979,35,2026-08-07T17:58:57.060,0,273.0,470.5,371.75,True,
run_20260807_175821_881241,979,35,2026-08-07T17:58:57.060,1,251.0,493.0,372.0,True,
run_20260807_175821_881241,979,35,2026-08-07T17:58:57.060,2,229.0,515.0,372.0,True,
run_20260807_175821_881241,979,35,2026-08-07T17:58:57.060,3,207.0,537.0,372.0,True,
run_20260807_175821_881241,979,35,2026-08-07T17:58:57.060,4,184.42105263157896,559.5,371.9605263157895,True,
run_20260807_175821_881241,979,35,2026-08-07T17:58:57.060,5,162.0,582.0,372.0,True,
run_20260807_175821_881241,979,35,2026-08-07T17:58:57.060,6,140.0,604.5,372.25,True,
run_20260807_175821_881241,979,35,2026-08-07T17:58:57.060,7,118.0,626.0,372.0,True,
run_20260807_175821_881241,979,35,2026-08-07T17:58:57.060,8,96.0,648.0,372.0,True,
run_20260807_175821_881241,979,35,2026-08-07T17:58:57.060,9,74.0,670.0,372.0,True,
run_20260807_175821_881241,979,35,2026-08-07T17:58:57.060,10,52.0,692.0,372.0,True,
run_20260807_175821_881241,979,35,2026-08-07T17:58:57.060,11,30.0,713.5,371.75,True,
run_20260807_175821_881241,979,35,2026-08-07T17:58:57.060,12,8.0,735.0,371.5,True,
run_20260807_175821_881241,1010,36,2026-08-07T17:58:58.088,0,273.0,470.5,371.75,True,
run_20260807_175821_881241,1010,36,2026-08-07T17:58:58.088,1,251.0,493.0,372.0,True,
run_20260807_175821_881241,1010,36,2026-08-07T17:58:58.088,2,229.0,515.0,372.0,True,
run_20260807_175821_881241,1010,36,2026-08-07T17:58:58.088,3,207.0,537.0,372.0,True,
run_20260807_175821_881241,1010,36,2026-08-07T17:58:58.088,4,184.42105263157896,559.5,371.9605263157895,True,
run_20260807_175821_881241,1010,36,2026-08-07T17:58:58.088,5,162.0,582.0,372.0,True,
run_20260807_175821_881241,1010,36,2026-08-07T17:58:58.088,6,140.0,604.5,372.25,True,
run_20260807_175821_881241,1010,36,2026-08-07T17:58:58.088,7,118.0,626.0,372.0,True,
run_20260807_175821_881241,1010,36,2026-08-07T17:58:58.088,8,96.0,648.0,372.0,True,
run_20260807_175821_881241,1010,36,2026-08-07T17:58:58.088,9,74.0,670.0,372.0,True,
run_20260807_175821_881241,1010,36,2026-08-07T17:58:58.088,10,52.0,691.5,371.75,True,
run_20260807_175821_881241,1010,36,2026-08-07T17:58:58.088,11,30.0,713.5,371.75,True,
run_20260807_175821_881241,1010,36,2026-08-07T17:58:58.088,12,8.125,735.0,371.5625,True,
run_20260807_175821_881241,1040,37,2026-08-07T17:58:59.089,0,273.0,470.5,371.75,True,
run_20260807_175821_881241,1040,37,2026-08-07T17:58:59.089,1,251.0,493.0,372.0,True,
run_20260807_175821_881241,1040,37,2026-08-07T17:58:59.089,2,229.0,515.0,372.0,True,
run_20260807_175821_881241,1040,37,2026-08-07T17:58:59.089,3,207.0,537.0,372.0,True,
run_20260807_175821_881241,1040,37,2026-08-07T17:58:59.089,4,184.42105263157896,559.5,371.9605263157895,True,
run_20260807_175821_881241,1040,37,2026-08-07T17:58:59.089,5,162.0,582.0,372.0,True,
run_20260807_175821_881241,1040,37,2026-08-07T17:58:59.089,6,140.0,604.5,372.25,True,
run_20260807_175821_881241,1040,37,2026-08-07T17:58:59.089,7,118.0,626.0,372.0,True,
run_20260807_175821_881241,1040,37,2026-08-07T17:58:59.089,8,95.57894736842105,648.0,371.7894736842105,True,
run_20260807_175821_881241,1040,37,2026-08-07T17:58:59.089,9,74.0,670.0,372.0,True,
run_20260807_175821_881241,1040,37,2026-08-07T17:58:59.089,10,52.0,692.0,372.0,True,
run_20260807_175821_881241,1040,37,2026-08-07T17:58:59.089,11,30.0,713.5,371.75,True,
run_20260807_175821_881241,1040,37,2026-08-07T17:58:59.089,12,8.125,735.0,371.5625,True,
run_20260807_175821_881241,1070,38,2026-08-07T17:59:00.098,0,273.0,470.5,371.75,True,
run_20260807_175821_881241,1070,38,2026-08-07T17:59:00.098,1,251.0,493.0,372.0,True,
run_20260807_175821_881241,1070,38,2026-08-07T17:59:00.098,2,229.0,515.0,372.0,True,
run_20260807_175821_881241,1070,38,2026-08-07T17:59:00.098,3,207.0,537.0,372.0,True,
run_20260807_175821_881241,1070,38,2026-08-07T17:59:00.098,4,184.42105263157896,559.5,371.9605263157895,True,
run_20260807_175821_881241,1070,38,2026-08-07T17:59:00.098,5,162.0,582.0,372.0,True,
run_20260807_175821_881241,1070,38,2026-08-07T17:59:00.098,6,140.0,604.5,372.25,True,
run_20260807_175821_881241,1070,38,2026-08-07T17:59:00.098,7,118.0,626.0,372.0,True,
run_20260807_175821_881241,1070,38,2026-08-07T17:59:00.098,8,95.5,648.0,371.75,True,
run_20260807_175821_881241,1070,38,2026-08-07T17:59:00.098,9,74.0,670.0,372.0,True,
run_20260807_175821_881241,1070,38,2026-08-07T17:59:00.098,10,52.0,691.5,371.75,True,
run_20260807_175821_881241,1070,38,2026-08-07T17:59:00.098,11,30.0,713.5,371.75,True,
run_20260807_175821_881241,1070,38,2026-08-07T17:59:00.098,12,8.75,735.0,371.875,True,
run_20260807_175821_881241,1101,39,2026-08-07T17:59:01.138,0,273.0,470.5,371.75,True,
run_20260807_175821_881241,1101,39,2026-08-07T17:59:01.138,1,251.0,493.0,372.0,True,
run_20260807_175821_881241,1101,39,2026-08-07T17:59:01.138,2,229.0,515.0,372.0,True,
run_20260807_175821_881241,1101,39,2026-08-07T17:59:01.138,3,207.0,537.0,372.0,True,
run_20260807_175821_881241,1101,39,2026-08-07T17:59:01.138,4,184.42105263157896,559.5,371.9605263157895,True,
run_20260807_175821_881241,1101,39,2026-08-07T17:59:01.138,5,162.0,582.0,372.0,True,
run_20260807_175821_881241,1101,39,2026-08-07T17:59:01.138,6,140.0,604.5,372.25,True,
run_20260807_175821_881241,1101,39,2026-08-07T17:59:01.138,7,118.0,626.0,372.0,True,
run_20260807_175821_881241,1101,39,2026-08-07T17:59:01.138,8,95.5,648.0,371.75,True,
run_20260807_175821_881241,1101,39,2026-08-07T17:59:01.138,9,74.0,670.0,372.0,True,
run_20260807_175821_881241,1101,39,2026-08-07T17:59:01.138,10,52.0,691.5,371.75,True,
run_20260807_175821_881241,1101,39,2026-08-07T17:59:01.138,11,30.0,713.5,371.75,True,
run_20260807_175821_881241,1101,39,2026-08-07T17:59:01.138,12,8.5,735.0,371.75,True,
run_20260807_175821_881241,1132,40,2026-08-07T17:59:02.160,0,273.0,470.0,371.5,True,
run_20260807_175821_881241,1132,40,2026-08-07T17:59:02.160,1,251.0,492.875,371.9375,True,
run_20260807_175821_881241,1132,40,2026-08-07T17:59:02.160,2,229.0,515.0,372.0,True,
run_20260807_175821_881241,1132,40,2026-08-07T17:59:02.160,3,207.0,537.0,372.0,True,
run_20260807_175821_881241,1132,40,2026-08-07T17:59:02.160,4,184.0,559.5,371.75,True,
run_20260807_175821_881241,1132,40,2026-08-07T17:59:02.160,5,162.0,582.0,372.0,True,
run_20260807_175821_881241,1132,40,2026-08-07T17:59:02.160,6,140.0,604.5,372.25,True,
run_20260807_175821_881241,1132,40,2026-08-07T17:59:02.160,7,118.0,626.0,372.0,True,
run_20260807_175821_881241,1132,40,2026-08-07T17:59:02.160,8,95.5,648.0,371.75,True,
run_20260807_175821_881241,1132,40,2026-08-07T17:59:02.160,9,74.0,670.0,372.0,True,
run_20260807_175821_881241,1132,40,2026-08-07T17:59:02.160,10,52.0,691.5,371.75,True,
run_20260807_175821_881241,1132,40,2026-08-07T17:59:02.160,11,30.0,713.5,371.75,True,
run_20260807_175821_881241,1132,40,2026-08-07T17:59:02.160,12,8.5,735.0,371.75,True,
run_20260807_175821_881241,1162,41,2026-08-07T17:59:03.162,0,273.0,470.0,371.5,True,
run_20260807_175821_881241,1162,41,2026-08-07T17:59:03.162,1,251.0,493.0,372.0,True,
run_20260807_175821_881241,1162,41,2026-08-07T17:59:03.162,2,229.0,515.0,372.0,True,
run_20260807_175821_881241,1162,41,2026-08-07T17:59:03.162,3,207.0,537.0,372.0,True,
run_20260807_175821_881241,1162,41,2026-08-07T17:59:03.162,4,184.5,559.421052631579,371.9605263157895,True,
run_20260807_175821_881241,1162,41,2026-08-07T17:59:03.162,5,162.0,582.0,372.0,True,
run_20260807_175821_881241,1162,41,2026-08-07T17:59:03.162,6,140.0,604.5,372.25,True,
run_20260807_175821_881241,1162,41,2026-08-07T17:59:03.162,7,117.5,626.0,371.75,True,
run_20260807_175821_881241,1162,41,2026-08-07T17:59:03.162,8,96.0,648.0,372.0,True,
run_20260807_175821_881241,1162,41,2026-08-07T17:59:03.162,9,74.0,670.0,372.0,True,
run_20260807_175821_881241,1162,41,2026-08-07T17:59:03.162,10,52.0,692.0,372.0,True,
run_20260807_175821_881241,1162,41,2026-08-07T17:59:03.162,11,30.0,713.5,371.75,True,
run_20260807_175821_881241,1162,41,2026-08-07T17:59:03.162,12,8.5,735.0,371.75,True,
run_20260807_175821_881241,1193,42,2026-08-07T17:59:04.193,0,273.0,470.0,371.5,True,
run_20260807_175821_881241,1193,42,2026-08-07T17:59:04.193,1,251.0,493.0,372.0,True,
run_20260807_175821_881241,1193,42,2026-08-07T17:59:04.193,2,229.0,515.0,372.0,True,
run_20260807_175821_881241,1193,42,2026-08-07T17:59:04.193,3,207.0,537.0,372.0,True,
run_20260807_175821_881241,1193,42,2026-08-07T17:59:04.193,4,184.5,559.25,371.875,True,
run_20260807_175821_881241,1193,42,2026-08-07T17:59:04.193,5,162.0,582.0,372.0,True,
run_20260807_175821_881241,1193,42,2026-08-07T17:59:04.193,6,140.0,604.25,372.125,True,
run_20260807_175821_881241,1193,42,2026-08-07T17:59:04.193,7,117.63636363636364,626.0,371.8181818181818,True,
run_20260807_175821_881241,1193,42,2026-08-07T17:59:04.193,8,96.0,648.5,372.25,True,
run_20260807_175821_881241,1193,42,2026-08-07T17:59:04.193,9,74.0,670.0,372.0,True,
run_20260807_175821_881241,1193,42,2026-08-07T17:59:04.193,10,52.0,691.5,371.75,True,
run_20260807_175821_881241,1193,42,2026-08-07T17:59:04.193,11,30.0,713.5,371.75,True,
run_20260807_175821_881241,1193,42,2026-08-07T17:59:04.193,12,8.5,735.0,371.75,True,
run_20260807_175821_881241,1224,43,2026-08-07T17:59:05.223,0,273.0,470.0,371.5,True,
run_20260807_175821_881241,1224,43,2026-08-07T17:59:05.223,1,251.0,493.0,372.0,True,
run_20260807_175821_881241,1224,43,2026-08-07T17:59:05.223,2,229.0,515.0,372.0,True,
run_20260807_175821_881241,1224,43,2026-08-07T17:59:05.223,3,207.0,537.0,372.0,True,
run_20260807_175821_881241,1224,43,2026-08-07T17:59:05.223,4,184.5,559.0,371.75,True,
run_20260807_175821_881241,1224,43,2026-08-07T17:59:05.223,5,162.0,582.0,372.0,True,
run_20260807_175821_881241,1224,43,2026-08-07T17:59:05.223,6,140.0,604.25,372.125,True,
run_20260807_175821_881241,1224,43,2026-08-07T17:59:05.223,7,117.5,626.0,371.75,True,
run_20260807_175821_881241,1224,43,2026-08-07T17:59:05.223,8,96.0,648.0,372.0,True,
run_20260807_175821_881241,1224,43,2026-08-07T17:59:05.223,9,74.0,670.0,372.0,True,
run_20260807_175821_881241,1224,43,2026-08-07T17:59:05.223,10,52.0,692.0,372.0,True,
run_20260807_175821_881241,1224,43,2026-08-07T17:59:05.223,11,30.0,713.0,371.5,True,
run_20260807_175821_881241,1224,43,2026-08-07T17:59:05.223,12,8.5,735.0,371.75,True,
run_20260807_175821_881241,1254,44,2026-08-07T17:59:06.226,0,273.0,470.0,371.5,True,
run_20260807_175821_881241,1254,44,2026-08-07T17:59:06.226,1,251.0,493.0,372.0,True,
run_20260807_175821_881241,1254,44,2026-08-07T17:59:06.226,2,229.0,515.0,372.0,True,
run_20260807_175821_881241,1254,44,2026-08-07T17:59:06.226,3,207.0,537.0,372.0,True,
run_20260807_175821_881241,1254,44,2026-08-07T17:59:06.226,4,184.5,559.1538461538462,371.8269230769231,True,
run_20260807_175821_881241,1254,44,2026-08-07T17:59:06.226,5,162.0,582.0,372.0,True,
run_20260807_175821_881241,1254,44,2026-08-07T17:59:06.226,6,140.0,604.25,372.125,True,
run_20260807_175821_881241,1254,44,2026-08-07T17:59:06.226,7,117.5,626.0,371.75,True,
run_20260807_175821_881241,1254,44,2026-08-07T17:59:06.226,8,96.0,648.0,372.0,True,
run_20260807_175821_881241,1254,44,2026-08-07T17:59:06.226,9,74.0,670.0,372.0,True,
run_20260807_175821_881241,1254,44,2026-08-07T17:59:06.226,10,52.0,692.0,372.0,True,
run_20260807_175821_881241,1254,44,2026-08-07T17:59:06.226,11,30.0,713.0,371.5,True,
run_20260807_175821_881241,1254,44,2026-08-07T17:59:06.226,12,8.5,734.5,371.5,True,
run_20260807_175821_881241,1282,45,2026-08-07T17:59:07.260,0,273.0,470.0,371.5,True,
run_20260807_175821_881241,1282,45,2026-08-07T17:59:07.260,1,251.0,493.0,372.0,True,
run_20260807_175821_881241,1282,45,2026-08-07T17:59:07.260,2,229.0,515.0,372.0,True,
run_20260807_175821_881241,1282,45,2026-08-07T17:59:07.260,3,207.0,537.0,372.0,True,
run_20260807_175821_881241,1282,45,2026-08-07T17:59:07.260,4,184.5,559.0,371.75,True,
run_20260807_175821_881241,1282,45,2026-08-07T17:59:07.260,5,162.0,582.0,372.0,True,
run_20260807_175821_881241,1282,45,2026-08-07T17:59:07.260,6,140.0,604.25,372.125,True,
run_20260807_175821_881241,1282,45,2026-08-07T17:59:07.260,7,117.5,626.0,371.75,True,
run_20260807_175821_881241,1282,45,2026-08-07T17:59:07.260,8,96.0,648.0,372.0,True,
run_20260807_175821_881241,1282,45,2026-08-07T17:59:07.260,9,74.0,670.0,372.0,True,
run_20260807_175821_881241,1282,45,2026-08-07T17:59:07.260,10,52.0,692.0,372.0,True,
run_20260807_175821_881241,1282,45,2026-08-07T17:59:07.260,11,30.0,713.0,371.5,True,
run_20260807_175821_881241,1282,45,2026-08-07T17:59:07.260,12,8.5,735.0,371.75,True,
run_20260807_175821_881241,1313,46,2026-08-07T17:59:08.290,0,273.0,470.0,371.5,True,
run_20260807_175821_881241,1313,46,2026-08-07T17:59:08.290,1,251.0,493.0,372.0,True,
run_20260807_175821_881241,1313,46,2026-08-07T17:59:08.290,2,229.0,515.0,372.0,True,
run_20260807_175821_881241,1313,46,2026-08-07T17:59:08.290,3,207.0,537.0,372.0,True,
run_20260807_175821_881241,1313,46,2026-08-07T17:59:08.290,4,184.5,559.0,371.75,True,
run_20260807_175821_881241,1313,46,2026-08-07T17:59:08.290,5,162.0,582.0,372.0,True,
run_20260807_175821_881241,1313,46,2026-08-07T17:59:08.290,6,140.0,604.25,372.125,True,
run_20260807_175821_881241,1313,46,2026-08-07T17:59:08.290,7,117.5,626.0,371.75,True,
run_20260807_175821_881241,1313,46,2026-08-07T17:59:08.290,8,96.0,648.0,372.0,True,
run_20260807_175821_881241,1313,46,2026-08-07T17:59:08.290,9,74.0,670.0,372.0,True,
run_20260807_175821_881241,1313,46,2026-08-07T17:59:08.290,10,52.0,692.0,372.0,True,
run_20260807_175821_881241,1313,46,2026-08-07T17:59:08.290,11,30.0,713.0,371.5,True,
run_20260807_175821_881241,1313,46,2026-08-07T17:59:08.290,12,8.5,735.0,371.75,True,
run_20260807_175821_881241,1343,47,2026-08-07T17:59:09.291,0,273.0,470.0,371.5,True,
run_20260807_175821_881241,1343,47,2026-08-07T17:59:09.291,1,251.0,492.875,371.9375,True,
run_20260807_175821_881241,1343,47,2026-08-07T17:59:09.291,2,229.0,515.0,372.0,True,
run_20260807_175821_881241,1343,47,2026-08-07T17:59:09.291,3,207.0,537.0,372.0,True,
run_20260807_175821_881241,1343,47,2026-08-07T17:59:09.291,4,184.5,559.25,371.875,True,
run_20260807_175821_881241,1343,47,2026-08-07T17:59:09.291,5,162.0,582.0,372.0,True,
run_20260807_175821_881241,1343,47,2026-08-07T17:59:09.291,6,140.0,604.25,372.125,True,
run_20260807_175821_881241,1343,47,2026-08-07T17:59:09.291,7,117.63636363636364,626.0,371.8181818181818,True,
run_20260807_175821_881241,1343,47,2026-08-07T17:59:09.291,8,96.0,648.0,372.0,True,
run_20260807_175821_881241,1343,47,2026-08-07T17:59:09.291,9,74.0,670.0,372.0,True,
run_20260807_175821_881241,1343,47,2026-08-07T17:59:09.291,10,52.0,692.0,372.0,True,
run_20260807_175821_881241,1343,47,2026-08-07T17:59:09.291,11,30.0,713.0,371.5,True,
run_20260807_175821_881241,1343,47,2026-08-07T17:59:09.291,12,8.5,735.0,371.75,True,
run_20260807_175821_881241,1374,48,2026-08-07T17:59:10.327,0,273.0,470.0,371.5,True,
run_20260807_175821_881241,1374,48,2026-08-07T17:59:10.327,1,251.0,493.0,372.0,True,
run_20260807_175821_881241,1374,48,2026-08-07T17:59:10.327,2,229.0,515.0,372.0,True,
run_20260807_175821_881241,1374,48,2026-08-07T17:59:10.327,3,207.0,537.0,372.0,True,
run_20260807_175821_881241,1374,48,2026-08-07T17:59:10.327,4,184.5,559.5,372.0,True,
run_20260807_175821_881241,1374,48,2026-08-07T17:59:10.327,5,162.0,582.0,372.0,True,
run_20260807_175821_881241,1374,48,2026-08-07T17:59:10.327,6,139.84615384615384,604.25,372.0480769230769,True,
run_20260807_175821_881241,1374,48,2026-08-07T17:59:10.327,7,117.5,626.0,371.75,True,
run_20260807_175821_881241,1374,48,2026-08-07T17:59:10.327,8,96.0,648.0,372.0,True,
run_20260807_175821_881241,1374,48,2026-08-07T17:59:10.327,9,74.0,670.0,372.0,True,
run_20260807_175821_881241,1374,48,2026-08-07T17:59:10.327,10,52.0,692.0,372.0,True,
run_20260807_175821_881241,1374,48,2026-08-07T17:59:10.327,11,30.0,713.1538461538462,371.5769230769231,True,
run_20260807_175821_881241,1374,48,2026-08-07T17:59:10.327,12,8.5,735.0,371.75,True,
run_20260807_175821_881241,1405,49,2026-08-07T17:59:11.356,0,273.0,470.0,371.5,True,
run_20260807_175821_881241,1405,49,2026-08-07T17:59:11.356,1,251.0,493.0,372.0,True,
run_20260807_175821_881241,1405,49,2026-08-07T17:59:11.356,2,229.0,515.0,372.0,True,
run_20260807_175821_881241,1405,49,2026-08-07T17:59:11.356,3,207.0,537.0,372.0,True,
run_20260807_175821_881241,1405,49,2026-08-07T17:59:11.356,4,184.5,559.5,372.0,True,
run_20260807_175821_881241,1405,49,2026-08-07T17:59:11.356,5,162.0,582.0,372.0,True,
run_20260807_175821_881241,1405,49,2026-08-07T17:59:11.356,6,139.92857142857142,604.25,372.0892857142857,True,
run_20260807_175821_881241,1405,49,2026-08-07T17:59:11.356,7,117.5,626.0,371.75,True,
run_20260807_175821_881241,1405,49,2026-08-07T17:59:11.356,8,96.0,648.0,372.0,True,
run_20260807_175821_881241,1405,49,2026-08-07T17:59:11.356,9,74.0,670.0,372.0,True,
run_20260807_175821_881241,1405,49,2026-08-07T17:59:11.356,10,52.0,692.0,372.0,True,
run_20260807_175821_881241,1405,49,2026-08-07T17:59:11.356,11,30.0,713.0,371.5,True,
run_20260807_175821_881241,1405,49,2026-08-07T17:59:11.356,12,8.5,735.0,371.75,True,
run_20260807_175821_881241,1435,50,2026-08-07T17:59:12.359,0,273.0,470.0,371.5,True,
run_20260807_175821_881241,1435,50,2026-08-07T17:59:12.359,1,251.0,493.0,372.0,True,
run_20260807_175821_881241,1435,50,2026-08-07T17:59:12.359,2,229.0,515.0,372.0,True,
run_20260807_175821_881241,1435,50,2026-08-07T17:59:12.359,3,207.0,537.0,372.0,True,
run_20260807_175821_881241,1435,50,2026-08-07T17:59:12.359,4,184.5,559.5,372.0,True,
run_20260807_175821_881241,1435,50,2026-08-07T17:59:12.359,5,162.0,582.0,372.0,True,
run_20260807_175821_881241,1435,50,2026-08-07T17:59:12.359,6,140.0,604.25,372.125,True,
run_20260807_175821_881241,1435,50,2026-08-07T17:59:12.359,7,117.5,626.0,371.75,True,
run_20260807_175821_881241,1435,50,2026-08-07T17:59:12.359,8,96.0,648.0,372.0,True,
run_20260807_175821_881241,1435,50,2026-08-07T17:59:12.359,9,74.0,670.0,372.0,True,
run_20260807_175821_881241,1435,50,2026-08-07T17:59:12.359,10,52.0,692.0,372.0,True,
run_20260807_175821_881241,1435,50,2026-08-07T17:59:12.359,11,30.0,713.0,371.5,True,
run_20260807_175821_881241,1435,50,2026-08-07T17:59:12.359,12,8.5,735.0,371.75,True,
run_20260807_175821_881241,1455,51,2026-08-07T17:59:13.360,0,273.0,470.0,371.5,True,
run_20260807_175821_881241,1455,51,2026-08-07T17:59:13.360,1,251.0,493.0,372.0,True,
run_20260807_175821_881241,1455,51,2026-08-07T17:59:13.360,2,229.0,515.0,372.0,True,
run_20260807_175821_881241,1455,51,2026-08-07T17:59:13.360,3,207.0,537.0,372.0,True,
run_20260807_175821_881241,1455,51,2026-08-07T17:59:13.360,4,184.5,559.5,372.0,True,
run_20260807_175821_881241,1455,51,2026-08-07T17:59:13.360,5,162.0,582.0,372.0,True,
run_20260807_175821_881241,1455,51,2026-08-07T17:59:13.360,6,140.0,604.25,372.125,True,
run_20260807_175821_881241,1455,51,2026-08-07T17:59:13.360,7,117.5,626.0,371.75,True,
run_20260807_175821_881241,1455,51,2026-08-07T17:59:13.360,8,95.75,648.0,371.875,True,
run_20260807_175821_881241,1455,51,2026-08-07T17:59:13.360,9,74.0,670.0,372.0,True,
run_20260807_175821_881241,1455,51,2026-08-07T17:59:13.360,10,52.0,692.0,372.0,True,
run_20260807_175821_881241,1455,51,2026-08-07T17:59:13.360,11,30.0,713.0,371.5,True,
run_20260807_175821_881241,1455,51,2026-08-07T17:59:13.360,12,8.5,735.0,371.75,True,
run_20260807_175821_881241,1486,52,2026-08-07T17:59:14.398,0,273.0,470.0,371.5,True,
run_20260807_175821_881241,1486,52,2026-08-07T17:59:14.398,1,251.0,493.0,372.0,True,
run_20260807_175821_881241,1486,52,2026-08-07T17:59:14.398,2,229.0,515.0,372.0,True,
run_20260807_175821_881241,1486,52,2026-08-07T17:59:14.398,3,207.0,537.0,372.0,True,
run_20260807_175821_881241,1486,52,2026-08-07T17:59:14.398,4,184.5,559.5,372.0,True,
run_20260807_175821_881241,1486,52,2026-08-07T17:59:14.398,5,162.0,582.0,372.0,True,
run_20260807_175821_881241,1486,52,2026-08-07T17:59:14.398,6,139.84615384615384,604.25,372.0480769230769,True,
run_20260807_175821_881241,1486,52,2026-08-07T17:59:14.398,7,117.5,626.0,371.75,True,
run_20260807_175821_881241,1486,52,2026-08-07T17:59:14.398,8,95.5,648.0,371.75,True,
run_20260807_175821_881241,1486,52,2026-08-07T17:59:14.398,9,74.0,670.0,372.0,True,
run_20260807_175821_881241,1486,52,2026-08-07T17:59:14.398,10,52.0,692.0,372.0,True,
run_20260807_175821_881241,1486,52,2026-08-07T17:59:14.398,11,30.0,713.1538461538462,371.5769230769231,True,
run_20260807_175821_881241,1486,52,2026-08-07T17:59:14.398,12,8.5,735.0,371.75,True,
run_20260807_175821_881241,1516,53,2026-08-07T17:59:15.421,0,273.0,470.0,371.5,True,
run_20260807_175821_881241,1516,53,2026-08-07T17:59:15.421,1,251.0,493.0,372.0,True,
run_20260807_175821_881241,1516,53,2026-08-07T17:59:15.421,2,229.0,515.0,372.0,True,
run_20260807_175821_881241,1516,53,2026-08-07T17:59:15.421,3,207.0,537.0,372.0,True,
run_20260807_175821_881241,1516,53,2026-08-07T17:59:15.421,4,184.5,559.25,371.875,True,
run_20260807_175821_881241,1516,53,2026-08-07T17:59:15.421,5,162.0,582.0,372.0,True,
run_20260807_175821_881241,1516,53,2026-08-07T17:59:15.421,6,139.84615384615384,604.25,372.0480769230769,True,
run_20260807_175821_881241,1516,53,2026-08-07T17:59:15.421,7,117.5,626.0,371.75,True,
run_20260807_175821_881241,1516,53,2026-08-07T17:59:15.421,8,95.63636363636364,648.0,371.8181818181818,True,
run_20260807_175821_881241,1516,53,2026-08-07T17:59:15.421,9,73.84615384615384,670.0,371.9230769230769,True,
run_20260807_175821_881241,1516,53,2026-08-07T17:59:15.421,10,52.0,692.0,372.0,True,
run_20260807_175821_881241,1516,53,2026-08-07T17:59:15.421,11,30.0,713.0,371.5,True,
run_20260807_175821_881241,1516,53,2026-08-07T17:59:15.421,12,8.5,735.0,371.75,True,
run_20260807_175821_881241,1545,54,2026-08-07T17:59:16.423,0,273.0,470.0,371.5,True,
run_20260807_175821_881241,1545,54,2026-08-07T17:59:16.423,1,251.0,493.0,372.0,True,
run_20260807_175821_881241,1545,54,2026-08-07T17:59:16.423,2,229.0,515.0,372.0,True,
run_20260807_175821_881241,1545,54,2026-08-07T17:59:16.423,3,207.0,537.0,372.0,True,
run_20260807_175821_881241,1545,54,2026-08-07T17:59:16.423,4,184.5,559.25,371.875,True,
run_20260807_175821_881241,1545,54,2026-08-07T17:59:16.423,5,162.0,582.0,372.0,True,
run_20260807_175821_881241,1545,54,2026-08-07T17:59:16.423,6,139.92857142857142,604.25,372.0892857142857,True,
run_20260807_175821_881241,1545,54,2026-08-07T17:59:16.423,7,117.5,626.0,371.75,True,
run_20260807_175821_881241,1545,54,2026-08-07T17:59:16.423,8,95.84615384615384,648.0,371.9230769230769,True,
run_20260807_175821_881241,1545,54,2026-08-07T17:59:16.423,9,74.0,670.0,372.0,True,
run_20260807_175821_881241,1545,54,2026-08-07T17:59:16.423,10,52.0,692.0,372.0,True,
run_20260807_175821_881241,1545,54,2026-08-07T17:59:16.423,11,30.0,713.0,371.5,True,
run_20260807_175821_881241,1545,54,2026-08-07T17:59:16.423,12,8.5,735.0,371.75,True,
run_20260807_175821_881241,1575,55,2026-08-07T17:59:17.437,0,273.0,470.0,371.5,True,
run_20260807_175821_881241,1575,55,2026-08-07T17:59:17.437,1,251.0,493.0,372.0,True,
run_20260807_175821_881241,1575,55,2026-08-07T17:59:17.437,2,229.0,515.0,372.0,True,
run_20260807_175821_881241,1575,55,2026-08-07T17:59:17.437,3,207.0,537.0,372.0,True,
run_20260807_175821_881241,1575,55,2026-08-07T17:59:17.437,4,184.5,559.5,372.0,True,
run_20260807_175821_881241,1575,55,2026-08-07T17:59:17.437,5,162.0,582.0,372.0,True,
run_20260807_175821_881241,1575,55,2026-08-07T17:59:17.437,6,139.92857142857142,604.25,372.0892857142857,True,
run_20260807_175821_881241,1575,55,2026-08-07T17:59:17.437,7,117.5,626.0,371.75,True,
run_20260807_175821_881241,1575,55,2026-08-07T17:59:17.437,8,95.63636363636364,648.0,371.8181818181818,True,
run_20260807_175821_881241,1575,55,2026-08-07T17:59:17.437,9,74.0,670.0,372.0,True,
run_20260807_175821_881241,1575,55,2026-08-07T17:59:17.437,10,52.0,692.0,372.0,True,
run_20260807_175821_881241,1575,55,2026-08-07T17:59:17.437,11,30.0,713.0,371.5,True,
run_20260807_175821_881241,1575,55,2026-08-07T17:59:17.437,12,8.5,735.0,371.75,True,
run_20260807_175821_881241,1606,56,2026-08-07T17:59:18.458,0,273.0,470.0,371.5,True,
run_20260807_175821_881241,1606,56,2026-08-07T17:59:18.458,1,251.0,493.0,372.0,True,
run_20260807_175821_881241,1606,56,2026-08-07T17:59:18.458,2,229.0,515.0,372.0,True,
run_20260807_175821_881241,1606,56,2026-08-07T17:59:18.458,3,207.0,537.0,372.0,True,
run_20260807_175821_881241,1606,56,2026-08-07T17:59:18.458,4,184.5,559.25,371.875,True,
run_20260807_175821_881241,1606,56,2026-08-07T17:59:18.458,5,162.0,582.0,372.0,True,
run_20260807_175821_881241,1606,56,2026-08-07T17:59:18.458,6,139.92857142857142,604.25,372.0892857142857,True,
run_20260807_175821_881241,1606,56,2026-08-07T17:59:18.458,7,117.5,626.0,371.75,True,
run_20260807_175821_881241,1606,56,2026-08-07T17:59:18.458,8,96.0,648.0,372.0,True,
run_20260807_175821_881241,1606,56,2026-08-07T17:59:18.458,9,74.0,670.0,372.0,True,
run_20260807_175821_881241,1606,56,2026-08-07T17:59:18.458,10,52.0,692.0,372.0,True,
run_20260807_175821_881241,1606,56,2026-08-07T17:59:18.458,11,30.0,713.0,371.5,True,
run_20260807_175821_881241,1606,56,2026-08-07T17:59:18.458,12,8.5,735.0,371.75,True,
run_20260807_175821_881241,1637,57,2026-08-07T17:59:19.489,0,273.0,470.0,371.5,True,
run_20260807_175821_881241,1637,57,2026-08-07T17:59:19.489,1,251.0,493.0,372.0,True,
run_20260807_175821_881241,1637,57,2026-08-07T17:59:19.489,2,229.0,515.0,372.0,True,
run_20260807_175821_881241,1637,57,2026-08-07T17:59:19.489,3,207.0,537.0,372.0,True,
run_20260807_175821_881241,1637,57,2026-08-07T17:59:19.489,4,184.5,559.25,371.875,True,
run_20260807_175821_881241,1637,57,2026-08-07T17:59:19.489,5,162.0,582.0,372.0,True,
run_20260807_175821_881241,1637,57,2026-08-07T17:59:19.489,6,139.84615384615384,604.25,372.0480769230769,True,
run_20260807_175821_881241,1637,57,2026-08-07T17:59:19.489,7,117.5,626.0,371.75,True,
run_20260807_175821_881241,1637,57,2026-08-07T17:59:19.489,8,95.84615384615384,648.0,371.9230769230769,True,
run_20260807_175821_881241,1637,57,2026-08-07T17:59:19.489,9,74.0,670.0,372.0,True,
run_20260807_175821_881241,1637,57,2026-08-07T17:59:19.489,10,52.0,692.0,372.0,True,
run_20260807_175821_881241,1637,57,2026-08-07T17:59:19.489,11,30.0,713.0,371.5,True,
run_20260807_175821_881241,1637,57,2026-08-07T17:59:19.489,12,8.5,735.0,371.75,True,
run_20260807_175821_881241,1667,58,2026-08-07T17:59:20.491,0,273.0,470.0,371.5,True,
run_20260807_175821_881241,1667,58,2026-08-07T17:59:20.491,1,251.0,493.0,372.0,True,
run_20260807_175821_881241,1667,58,2026-08-07T17:59:20.491,2,229.0,515.0,372.0,True,
run_20260807_175821_881241,1667,58,2026-08-07T17:59:20.491,3,207.0,537.0,372.0,True,
run_20260807_175821_881241,1667,58,2026-08-07T17:59:20.491,4,184.5,559.25,371.875,True,
run_20260807_175821_881241,1667,58,2026-08-07T17:59:20.491,5,162.0,582.0,372.0,True,
run_20260807_175821_881241,1667,58,2026-08-07T17:59:20.491,6,139.84615384615384,604.25,372.0480769230769,True,
run_20260807_175821_881241,1667,58,2026-08-07T17:59:20.491,7,117.5,626.0,371.75,True,
run_20260807_175821_881241,1667,58,2026-08-07T17:59:20.491,8,96.0,648.0,372.0,True,
run_20260807_175821_881241,1667,58,2026-08-07T17:59:20.491,9,74.0,670.0,372.0,True,
run_20260807_175821_881241,1667,58,2026-08-07T17:59:20.491,10,52.0,692.0,372.0,True,
run_20260807_175821_881241,1667,58,2026-08-07T17:59:20.491,11,30.0,713.0,371.5,True,
run_20260807_175821_881241,1667,58,2026-08-07T17:59:20.491,12,8.5,735.0,371.75,True,
run_20260807_175821_881241,1697,59,2026-08-07T17:59:21.491,0,273.0,470.0,371.5,True,
run_20260807_175821_881241,1697,59,2026-08-07T17:59:21.491,1,251.0,493.0,372.0,True,
run_20260807_175821_881241,1697,59,2026-08-07T17:59:21.491,2,229.0,515.0,372.0,True,
run_20260807_175821_881241,1697,59,2026-08-07T17:59:21.491,3,207.0,537.0,372.0,True,
run_20260807_175821_881241,1697,59,2026-08-07T17:59:21.491,4,184.5,559.5,372.0,True,
run_20260807_175821_881241,1697,59,2026-08-07T17:59:21.491,5,162.0,582.0,372.0,True,
run_20260807_175821_881241,1697,59,2026-08-07T17:59:21.491,6,140.0,604.25,372.125,True,
run_20260807_175821_881241,1697,59,2026-08-07T17:59:21.491,7,117.5,626.0,371.75,True,
run_20260807_175821_881241,1697,59,2026-08-07T17:59:21.491,8,95.84615384615384,648.0,371.9230769230769,True,
run_20260807_175821_881241,1697,59,2026-08-07T17:59:21.491,9,74.0,670.0,372.0,True,
run_20260807_175821_881241,1697,59,2026-08-07T17:59:21.491,10,52.0,692.0,372.0,True,
run_20260807_175821_881241,1697,59,2026-08-07T17:59:21.491,11,30.0,713.0,371.5,True,
run_20260807_175821_881241,1697,59,2026-08-07T17:59:21.491,12,8.5,735.0,371.75,True,
run_20260807_175821_881241,1728,60,2026-08-07T17:59:22.526,0,273.0,470.0,371.5,True,
run_20260807_175821_881241,1728,60,2026-08-07T17:59:22.526,1,251.0,493.0,372.0,True,
run_20260807_175821_881241,1728,60,2026-08-07T17:59:22.526,2,229.0,515.0,372.0,True,
run_20260807_175821_881241,1728,60,2026-08-07T17:59:22.526,3,207.0,537.0,372.0,True,
run_20260807_175821_881241,1728,60,2026-08-07T17:59:22.526,4,184.5,559.5,372.0,True,
run_20260807_175821_881241,1728,60,2026-08-07T17:59:22.526,5,162.0,582.0,372.0,True,
run_20260807_175821_881241,1728,60,2026-08-07T17:59:22.526,6,140.0,604.25,372.125,True,
run_20260807_175821_881241,1728,60,2026-08-07T17:59:22.526,7,117.5,626.0,371.75,True,
run_20260807_175821_881241,1728,60,2026-08-07T17:59:22.526,8,95.75,648.0,371.875,True,
run_20260807_175821_881241,1728,60,2026-08-07T17:59:22.526,9,74.0,670.0,372.0,True,
run_20260807_175821_881241,1728,60,2026-08-07T17:59:22.526,10,52.0,692.0,372.0,True,
run_20260807_175821_881241,1728,60,2026-08-07T17:59:22.526,11,30.0,713.0,371.5,True,
run_20260807_175821_881241,1728,60,2026-08-07T17:59:22.526,12,8.5,735.0,371.75,True,
run_20260807_175821_881241,1758,61,2026-08-07T17:59:23.527,0,273.0,470.0,371.5,True,
run_20260807_175821_881241,1758,61,2026-08-07T17:59:23.527,1,251.0,493.0,372.0,True,
run_20260807_175821_881241,1758,61,2026-08-07T17:59:23.527,2,229.0,515.0,372.0,True,
run_20260807_175821_881241,1758,61,2026-08-07T17:59:23.527,3,207.0,537.0,372.0,True,
run_20260807_175821_881241,1758,61,2026-08-07T17:59:23.527,4,184.5,559.25,371.875,True,
run_20260807_175821_881241,1758,61,2026-08-07T17:59:23.527,5,162.0,582.0,372.0,True,
run_20260807_175821_881241,1758,61,2026-08-07T17:59:23.527,6,140.0,604.25,372.125,True,
run_20260807_175821_881241,1758,61,2026-08-07T17:59:23.527,7,117.5,626.0,371.75,True,
run_20260807_175821_881241,1758,61,2026-08-07T17:59:23.527,8,96.0,648.0,372.0,True,
run_20260807_175821_881241,1758,61,2026-08-07T17:59:23.527,9,74.0,670.0,372.0,True,
run_20260807_175821_881241,1758,61,2026-08-07T17:59:23.527,10,52.0,692.0,372.0,True,
run_20260807_175821_881241,1758,61,2026-08-07T17:59:23.527,11,30.0,713.0,371.5,True,
run_20260807_175821_881241,1758,61,2026-08-07T17:59:23.527,12,8.5,735.0,371.75,True,
run_20260807_175821_881241,1789,62,2026-08-07T17:59:24.558,0,273.0,470.0,371.5,True,
run_20260807_175821_881241,1789,62,2026-08-07T17:59:24.558,1,251.0,493.0,372.0,True,
run_20260807_175821_881241,1789,62,2026-08-07T17:59:24.558,2,229.0,515.0,372.0,True,
run_20260807_175821_881241,1789,62,2026-08-07T17:59:24.558,3,207.0,537.0,372.0,True,
run_20260807_175821_881241,1789,62,2026-08-07T17:59:24.558,4,184.5,559.5,372.0,True,
run_20260807_175821_881241,1789,62,2026-08-07T17:59:24.558,5,162.0,582.0,372.0,True,
run_20260807_175821_881241,1789,62,2026-08-07T17:59:24.558,6,139.84615384615384,604.25,372.0480769230769,True,
run_20260807_175821_881241,1789,62,2026-08-07T17:59:24.558,7,117.5,626.0,371.75,True,
run_20260807_175821_881241,1789,62,2026-08-07T17:59:24.558,8,96.0,648.0,372.0,True,
run_20260807_175821_881241,1789,62,2026-08-07T17:59:24.558,9,74.0,670.0,372.0,True,
run_20260807_175821_881241,1789,62,2026-08-07T17:59:24.558,10,52.0,692.0,372.0,True,
run_20260807_175821_881241,1789,62,2026-08-07T17:59:24.558,11,30.0,713.1538461538462,371.5769230769231,True,
run_20260807_175821_881241,1789,62,2026-08-07T17:59:24.558,12,8.5,735.0,371.75,True,
run_20260807_175821_881241,1819,63,2026-08-07T17:59:25.559,0,273.0,470.0,371.5,True,
run_20260807_175821_881241,1819,63,2026-08-07T17:59:25.559,1,251.0,493.0,372.0,True,
run_20260807_175821_881241,1819,63,2026-08-07T17:59:25.559,2,229.0,515.0,372.0,True,
run_20260807_175821_881241,1819,63,2026-08-07T17:59:25.559,3,207.0,537.0,372.0,True,
run_20260807_175821_881241,1819,63,2026-08-07T17:59:25.559,4,184.5,559.25,371.875,True,
run_20260807_175821_881241,1819,63,2026-08-07T17:59:25.559,5,162.0,582.0,372.0,True,
run_20260807_175821_881241,1819,63,2026-08-07T17:59:25.559,6,140.0,604.25,372.125,True,
run_20260807_175821_881241,1819,63,2026-08-07T17:59:25.559,7,117.5,626.0,371.75,True,
run_20260807_175821_881241,1819,63,2026-08-07T17:59:25.559,8,96.0,648.0,372.0,True,
run_20260807_175821_881241,1819,63,2026-08-07T17:59:25.559,9,74.0,670.0,372.0,True,
run_20260807_175821_881241,1819,63,2026-08-07T17:59:25.559,10,52.0,692.0,372.0,True,
run_20260807_175821_881241,1819,63,2026-08-07T17:59:25.559,11,30.0,713.0,371.5,True,
run_20260807_175821_881241,1819,63,2026-08-07T17:59:25.559,12,8.5,735.0,371.75,True,
run_20260807_175821_881241,1849,64,2026-08-07T17:59:26.561,0,273.0,470.0,371.5,True,
run_20260807_175821_881241,1849,64,2026-08-07T17:59:26.561,1,251.0,493.0,372.0,True,
run_20260807_175821_881241,1849,64,2026-08-07T17:59:26.561,2,229.0,515.0,372.0,True,
run_20260807_175821_881241,1849,64,2026-08-07T17:59:26.561,3,207.0,537.0,372.0,True,
run_20260807_175821_881241,1849,64,2026-08-07T17:59:26.561,4,184.07142857142858,559.25,371.6607142857143,True,
run_20260807_175821_881241,1849,64,2026-08-07T17:59:26.561,5,162.0,582.0,372.0,True,
run_20260807_175821_881241,1849,64,2026-08-07T17:59:26.561,6,140.0,604.25,372.125,True,
run_20260807_175821_881241,1849,64,2026-08-07T17:59:26.561,7,117.5,626.0,371.75,True,
run_20260807_175821_881241,1849,64,2026-08-07T17:59:26.561,8,96.0,648.0,372.0,True,
run_20260807_175821_881241,1849,64,2026-08-07T17:59:26.561,9,74.0,670.0,372.0,True,
run_20260807_175821_881241,1849,64,2026-08-07T17:59:26.561,10,52.0,692.0,372.0,True,
run_20260807_175821_881241,1849,64,2026-08-07T17:59:26.561,11,30.0,713.0,371.5,True,
run_20260807_175821_881241,1849,64,2026-08-07T17:59:26.561,12,8.5,735.0,371.75,True,
run_20260807_175821_881241,1880,65,2026-08-07T17:59:27.588,0,273.0,470.0,371.5,True,
run_20260807_175821_881241,1880,65,2026-08-07T17:59:27.588,1,251.0,493.0,372.0,True,
run_20260807_175821_881241,1880,65,2026-08-07T17:59:27.588,2,229.0,515.0,372.0,True,
run_20260807_175821_881241,1880,65,2026-08-07T17:59:27.588,3,207.0,537.0,372.0,True,
run_20260807_175821_881241,1880,65,2026-08-07T17:59:27.588,4,184.5,559.25,371.875,True,
run_20260807_175821_881241,1880,65,2026-08-07T17:59:27.588,5,162.0,582.0,372.0,True,
run_20260807_175821_881241,1880,65,2026-08-07T17:59:27.588,6,139.75,604.25,372.0,True,
run_20260807_175821_881241,1880,65,2026-08-07T17:59:27.588,7,117.5,626.0,371.75,True,
run_20260807_175821_881241,1880,65,2026-08-07T17:59:27.588,8,95.75,648.0,371.875,True,
run_20260807_175821_881241,1880,65,2026-08-07T17:59:27.588,9,74.0,670.0,372.0,True,
run_20260807_175821_881241,1880,65,2026-08-07T17:59:27.588,10,52.0,692.0,372.0,True,
run_20260807_175821_881241,1880,65,2026-08-07T17:59:27.588,11,30.0,713.0,371.5,True,
run_20260807_175821_881241,1880,65,2026-08-07T17:59:27.588,12,8.5,735.0,371.75,True,
run_20260807_175821_881241,1910,66,2026-08-07T17:59:28.591,0,273.0,470.0,371.5,True,
run_20260807_175821_881241,1910,66,2026-08-07T17:59:28.591,1,251.0,493.0,372.0,True,
run_20260807_175821_881241,1910,66,2026-08-07T17:59:28.591,2,229.0,515.0,372.0,True,
run_20260807_175821_881241,1910,66,2026-08-07T17:59:28.591,3,207.0,537.0,372.0,True,
run_20260807_175821_881241,1910,66,2026-08-07T17:59:28.591,4,184.5,559.3636363636364,371.9318181818182,True,
run_20260807_175821_881241,1910,66,2026-08-07T17:59:28.591,5,162.0,582.0,372.0,True,
run_20260807_175821_881241,1910,66,2026-08-07T17:59:28.591,6,140.0,604.25,372.125,True,
run_20260807_175821_881241,1910,66,2026-08-07T17:59:28.591,7,117.5,626.0,371.75,True,
run_20260807_175821_881241,1910,66,2026-08-07T17:59:28.591,8,95.75,648.0,371.875,True,
run_20260807_175821_881241,1910,66,2026-08-07T17:59:28.591,9,74.0,670.0,372.0,True,
run_20260807_175821_881241,1910,66,2026-08-07T17:59:28.591,10,52.0,692.0,372.0,True,
run_20260807_175821_881241,1910,66,2026-08-07T17:59:28.591,11,30.0,713.0,371.5,True,
run_20260807_175821_881241,1910,66,2026-08-07T17:59:28.591,12,8.5,735.0,371.75,True,
run_20260807_175821_881241,1940,67,2026-08-07T17:59:29.593,0,273.0,470.0,371.5,True,
run_20260807_175821_881241,1940,67,2026-08-07T17:59:29.593,1,251.0,493.0,372.0,True,
run_20260807_175821_881241,1940,67,2026-08-07T17:59:29.593,2,229.0,515.0,372.0,True,
run_20260807_175821_881241,1940,67,2026-08-07T17:59:29.593,3,207.0,537.0,372.0,True,
run_20260807_175821_881241,1940,67,2026-08-07T17:59:29.593,4,184.5,559.25,371.875,True,
run_20260807_175821_881241,1940,67,2026-08-07T17:59:29.593,5,162.0,582.0,372.0,True,
run_20260807_175821_881241,1940,67,2026-08-07T17:59:29.593,6,139.84615384615384,604.25,372.0480769230769,True,
run_20260807_175821_881241,1940,67,2026-08-07T17:59:29.593,7,117.5,626.0,371.75,True,
run_20260807_175821_881241,1940,67,2026-08-07T17:59:29.593,8,95.75,648.0,371.875,True,
run_20260807_175821_881241,1940,67,2026-08-07T17:59:29.593,9,74.0,670.0,372.0,True,
run_20260807_175821_881241,1940,67,2026-08-07T17:59:29.593,10,52.0,692.0,372.0,True,
run_20260807_175821_881241,1940,67,2026-08-07T17:59:29.593,11,30.0,713.1538461538462,371.5769230769231,True,
run_20260807_175821_881241,1940,67,2026-08-07T17:59:29.593,12,8.5,735.0,371.75,True,
run_20260807_175821_881241,1971,68,2026-08-07T17:59:30.624,0,273.0,470.0,371.5,True,
run_20260807_175821_881241,1971,68,2026-08-07T17:59:30.624,1,251.0,493.0,372.0,True,
run_20260807_175821_881241,1971,68,2026-08-07T17:59:30.624,2,229.0,515.0,372.0,True,
run_20260807_175821_881241,1971,68,2026-08-07T17:59:30.624,3,207.0,537.0,372.0,True,
run_20260807_175821_881241,1971,68,2026-08-07T17:59:30.624,4,184.5,559.1538461538462,371.8269230769231,True,
run_20260807_175821_881241,1971,68,2026-08-07T17:59:30.624,5,162.0,582.0,372.0,True,
run_20260807_175821_881241,1971,68,2026-08-07T17:59:30.624,6,139.75,604.25,372.0,True,
run_20260807_175821_881241,1971,68,2026-08-07T17:59:30.624,7,117.5,626.0,371.75,True,
run_20260807_175821_881241,1971,68,2026-08-07T17:59:30.624,8,96.0,648.0,372.0,True,
run_20260807_175821_881241,1971,68,2026-08-07T17:59:30.624,9,74.0,670.0,372.0,True,
run_20260807_175821_881241,1971,68,2026-08-07T17:59:30.624,10,52.0,692.0,372.0,True,
run_20260807_175821_881241,1971,68,2026-08-07T17:59:30.624,11,30.0,713.0,371.5,True,
run_20260807_175821_881241,1971,68,2026-08-07T17:59:30.624,12,8.5,735.0,371.75,True,
run_20260807_175821_881241,2002,69,2026-08-07T17:59:31.660,0,273.0,470.0,371.5,True,
run_20260807_175821_881241,2002,69,2026-08-07T17:59:31.660,1,251.0,493.0,372.0,True,
run_20260807_175821_881241,2002,69,2026-08-07T17:59:31.660,2,229.0,515.0,372.0,True,
run_20260807_175821_881241,2002,69,2026-08-07T17:59:31.660,3,207.0,537.0,372.0,True,
run_20260807_175821_881241,2002,69,2026-08-07T17:59:31.660,4,184.5,559.1538461538462,371.8269230769231,True,
run_20260807_175821_881241,2002,69,2026-08-07T17:59:31.660,5,162.0,582.0,372.0,True,
run_20260807_175821_881241,2002,69,2026-08-07T17:59:31.660,6,139.75,604.25,372.0,True,
run_20260807_175821_881241,2002,69,2026-08-07T17:59:31.660,7,117.5,626.0,371.75,True,
run_20260807_175821_881241,2002,69,2026-08-07T17:59:31.660,8,96.0,648.0,372.0,True,
run_20260807_175821_881241,2002,69,2026-08-07T17:59:31.660,9,74.0,670.0,372.0,True,
run_20260807_175821_881241,2002,69,2026-08-07T17:59:31.660,10,52.0,692.0,372.0,True,
run_20260807_175821_881241,2002,69,2026-08-07T17:59:31.660,11,30.0,713.0,371.5,True,
run_20260807_175821_881241,2002,69,2026-08-07T17:59:31.660,12,8.5,735.0,371.75,True,
run_20260807_175821_881241,2033,70,2026-08-07T17:59:32.690,0,273.0,470.0,371.5,True,
run_20260807_175821_881241,2033,70,2026-08-07T17:59:32.690,1,251.0,493.0,372.0,True,
run_20260807_175821_881241,2033,70,2026-08-07T17:59:32.690,2,229.0,515.0,372.0,True,
run_20260807_175821_881241,2033,70,2026-08-07T17:59:32.690,3,207.0,537.0,372.0,True,
run_20260807_175821_881241,2033,70,2026-08-07T17:59:32.690,4,184.5,559.25,371.875,True,
run_20260807_175821_881241,2033,70,2026-08-07T17:59:32.690,5,162.0,582.0,372.0,True,
run_20260807_175821_881241,2033,70,2026-08-07T17:59:32.690,6,139.75,604.25,372.0,True,
run_20260807_175821_881241,2033,70,2026-08-07T17:59:32.690,7,117.5,626.0,371.75,True,
run_20260807_175821_881241,2033,70,2026-08-07T17:59:32.690,8,95.63636363636364,648.0,371.8181818181818,True,
run_20260807_175821_881241,2033,70,2026-08-07T17:59:32.690,9,74.0,670.0,372.0,True,
run_20260807_175821_881241,2033,70,2026-08-07T17:59:32.690,10,52.0,692.0,372.0,True,
run_20260807_175821_881241,2033,70,2026-08-07T17:59:32.690,11,30.0,713.0,371.5,True,
run_20260807_175821_881241,2033,70,2026-08-07T17:59:32.690,12,8.5,735.0,371.75,True,
run_20260807_175821_881241,2063,71,2026-08-07T17:59:33.692,0,273.0,470.0,371.5,True,
run_20260807_175821_881241,2063,71,2026-08-07T17:59:33.692,1,251.0,493.0,372.0,True,
run_20260807_175821_881241,2063,71,2026-08-07T17:59:33.692,2,229.0,515.0,372.0,True,
run_20260807_175821_881241,2063,71,2026-08-07T17:59:33.692,3,207.0,537.0,372.0,True,
run_20260807_175821_881241,2063,71,2026-08-07T17:59:33.692,4,184.5,559.25,371.875,True,
run_20260807_175821_881241,2063,71,2026-08-07T17:59:33.692,5,162.0,582.0,372.0,True,
run_20260807_175821_881241,2063,71,2026-08-07T17:59:33.692,6,139.92857142857142,604.25,372.0892857142857,True,
run_20260807_175821_881241,2063,71,2026-08-07T17:59:33.692,7,117.5,626.0,371.75,True,
run_20260807_175821_881241,2063,71,2026-08-07T17:59:33.692,8,96.0,648.0,372.0,True,
run_20260807_175821_881241,2063,71,2026-08-07T17:59:33.692,9,74.0,670.0,372.0,True,
run_20260807_175821_881241,2063,71,2026-08-07T17:59:33.692,10,52.0,692.0,372.0,True,
run_20260807_175821_881241,2063,71,2026-08-07T17:59:33.692,11,30.0,713.0,371.5,True,
run_20260807_175821_881241,2063,71,2026-08-07T17:59:33.692,12,8.5,735.0,371.75,True,
run_20260807_175821_881241,2093,72,2026-08-07T17:59:34.694,0,273.0,470.0,371.5,True,
run_20260807_175821_881241,2093,72,2026-08-07T17:59:34.694,1,251.0,493.0,372.0,True,
run_20260807_175821_881241,2093,72,2026-08-07T17:59:34.694,2,229.0,515.0,372.0,True,
run_20260807_175821_881241,2093,72,2026-08-07T17:59:34.694,3,207.0,537.0,372.0,True,
run_20260807_175821_881241,2093,72,2026-08-07T17:59:34.694,4,184.5,559.25,371.875,True,
run_20260807_175821_881241,2093,72,2026-08-07T17:59:34.694,5,162.0,582.0,372.0,True,
run_20260807_175821_881241,2093,72,2026-08-07T17:59:34.694,6,139.75,604.25,372.0,True,
run_20260807_175821_881241,2093,72,2026-08-07T17:59:34.694,7,117.5,626.0,371.75,True,
run_20260807_175821_881241,2093,72,2026-08-07T17:59:34.694,8,96.0,648.0,372.0,True,
run_20260807_175821_881241,2093,72,2026-08-07T17:59:34.694,9,74.0,670.0,372.0,True,
run_20260807_175821_881241,2093,72,2026-08-07T17:59:34.694,10,52.0,692.0,372.0,True,
run_20260807_175821_881241,2093,72,2026-08-07T17:59:34.694,11,30.0,713.0,371.5,True,
run_20260807_175821_881241,2093,72,2026-08-07T17:59:34.694,12,8.5,735.0,371.75,True,
run_20260807_175821_881241,2124,73,2026-08-07T17:59:35.723,0,273.0,470.0,371.5,True,
run_20260807_175821_881241,2124,73,2026-08-07T17:59:35.723,1,251.0,493.0,372.0,True,
run_20260807_175821_881241,2124,73,2026-08-07T17:59:35.723,2,229.0,515.0,372.0,True,
run_20260807_175821_881241,2124,73,2026-08-07T17:59:35.723,3,207.0,537.0,372.0,True,
run_20260807_175821_881241,2124,73,2026-08-07T17:59:35.723,4,184.5,559.25,371.875,True,
run_20260807_175821_881241,2124,73,2026-08-07T17:59:35.723,5,162.0,582.0,372.0,True,
run_20260807_175821_881241,2124,73,2026-08-07T17:59:35.723,6,140.0,604.25,372.125,True,
run_20260807_175821_881241,2124,73,2026-08-07T17:59:35.723,7,117.5,626.0,371.75,True,
run_20260807_175821_881241,2124,73,2026-08-07T17:59:35.723,8,96.0,648.0,372.0,True,
run_20260807_175821_881241,2124,73,2026-08-07T17:59:35.723,9,74.0,670.0,372.0,True,
run_20260807_175821_881241,2124,73,2026-08-07T17:59:35.723,10,52.0,692.0,372.0,True,
run_20260807_175821_881241,2124,73,2026-08-07T17:59:35.723,11,30.0,713.1538461538462,371.5769230769231,True,
run_20260807_175821_881241,2124,73,2026-08-07T17:59:35.723,12,8.5,735.0,371.75,True,
run_20260807_175821_881241,2154,74,2026-08-07T17:59:36.727,0,273.0,470.0,371.5,True,
run_20260807_175821_881241,2154,74,2026-08-07T17:59:36.727,1,251.0,493.0,372.0,True,
run_20260807_175821_881241,2154,74,2026-08-07T17:59:36.727,2,229.0,515.0,372.0,True,
run_20260807_175821_881241,2154,74,2026-08-07T17:59:36.727,3,207.0,537.0,372.0,True,
run_20260807_175821_881241,2154,74,2026-08-07T17:59:36.727,4,184.5,559.25,371.875,True,
run_20260807_175821_881241,2154,74,2026-08-07T17:59:36.727,5,162.0,582.0,372.0,True,
run_20260807_175821_881241,2154,74,2026-08-07T17:59:36.727,6,139.75,604.25,372.0,True,
run_20260807_175821_881241,2154,74,2026-08-07T17:59:36.727,7,117.5,626.0,371.75,True,
run_20260807_175821_881241,2154,74,2026-08-07T17:59:36.727,8,96.0,648.0,372.0,True,
run_20260807_175821_881241,2154,74,2026-08-07T17:59:36.727,9,73.84615384615384,670.0,371.9230769230769,True,
run_20260807_175821_881241,2154,74,2026-08-07T17:59:36.727,10,52.0,692.0,372.0,True,
run_20260807_175821_881241,2154,74,2026-08-07T17:59:36.727,11,30.0,713.0,371.5,True,
run_20260807_175821_881241,2154,74,2026-08-07T17:59:36.727,12,8.5,735.0,371.75,True,
run_20260807_175821_881241,2185,75,2026-08-07T17:59:37.761,0,273.0,470.0,371.5,True,
run_20260807_175821_881241,2185,75,2026-08-07T17:59:37.761,1,251.0,493.0,372.0,True,
run_20260807_175821_881241,2185,75,2026-08-07T17:59:37.761,2,229.0,515.0,372.0,True,
run_20260807_175821_881241,2185,75,2026-08-07T17:59:37.761,3,207.0,537.0,372.0,True,
run_20260807_175821_881241,2185,75,2026-08-07T17:59:37.761,4,184.07142857142858,559.1538461538462,371.6126373626374,True,
run_20260807_175821_881241,2185,75,2026-08-07T17:59:37.761,5,162.0,582.0,372.0,True,
run_20260807_175821_881241,2185,75,2026-08-07T17:59:37.761,6,140.0,604.25,372.125,True,
run_20260807_175821_881241,2185,75,2026-08-07T17:59:37.761,7,117.5,626.0,371.75,True,
run_20260807_175821_881241,2185,75,2026-08-07T17:59:37.761,8,96.0,648.0,372.0,True,
run_20260807_175821_881241,2185,75,2026-08-07T17:59:37.761,9,74.0,670.0,372.0,True,
run_20260807_175821_881241,2185,75,2026-08-07T17:59:37.761,10,52.0,692.0,372.0,True,
run_20260807_175821_881241,2185,75,2026-08-07T17:59:37.761,11,30.0,713.0,371.5,True,
run_20260807_175821_881241,2185,75,2026-08-07T17:59:37.761,12,8.5,735.0,371.75,True,
run_20260807_175821_881241,2216,76,2026-08-07T17:59:38.790,0,273.0,470.0,371.5,True,
run_20260807_175821_881241,2216,76,2026-08-07T17:59:38.790,1,251.0,492.875,371.9375,True,
run_20260807_175821_881241,2216,76,2026-08-07T17:59:38.790,2,229.0,515.0,372.0,True,
run_20260807_175821_881241,2216,76,2026-08-07T17:59:38.790,3,207.0,537.0,372.0,True,
run_20260807_175821_881241,2216,76,2026-08-07T17:59:38.790,4,184.5,559.3636363636364,371.9318181818182,True,
run_20260807_175821_881241,2216,76,2026-08-07T17:59:38.790,5,162.0,582.0,372.0,True,
run_20260807_175821_881241,2216,76,2026-08-07T17:59:38.790,6,140.0,604.25,372.125,True,
run_20260807_175821_881241,2216,76,2026-08-07T17:59:38.790,7,117.5,626.0,371.75,True,
run_20260807_175821_881241,2216,76,2026-08-07T17:59:38.790,8,95.63636363636364,648.0,371.8181818181818,True,
run_20260807_175821_881241,2216,76,2026-08-07T17:59:38.790,9,74.0,670.0,372.0,True,
run_20260807_175821_881241,2216,76,2026-08-07T17:59:38.790,10,52.0,692.0,372.0,True,
run_20260807_175821_881241,2216,76,2026-08-07T17:59:38.790,11,30.0,713.0,371.5,True,
run_20260807_175821_881241,2216,76,2026-08-07T17:59:38.790,12,8.5,735.0,371.75,True,
run_20260807_175821_881241,2246,77,2026-08-07T17:59:39.791,0,273.0,470.0,371.5,True,
run_20260807_175821_881241,2246,77,2026-08-07T17:59:39.791,1,251.0,492.875,371.9375,True,
run_20260807_175821_881241,2246,77,2026-08-07T17:59:39.791,2,229.0,515.0,372.0,True,
run_20260807_175821_881241,2246,77,2026-08-07T17:59:39.791,3,207.0,537.0,372.0,True,
run_20260807_175821_881241,2246,77,2026-08-07T17:59:39.791,4,184.5,559.1538461538462,371.8269230769231,True,
run_20260807_175821_881241,2246,77,2026-08-07T17:59:39.791,5,162.0,582.0,372.0,True,
run_20260807_175821_881241,2246,77,2026-08-07T17:59:39.791,6,139.92857142857142,604.25,372.0892857142857,True,
run_20260807_175821_881241,2246,77,2026-08-07T17:59:39.791,7,117.5,626.0,371.75,True,
run_20260807_175821_881241,2246,77,2026-08-07T17:59:39.791,8,95.63636363636364,648.0,371.8181818181818,True,
run_20260807_175821_881241,2246,77,2026-08-07T17:59:39.791,9,74.0,670.0,372.0,True,
run_20260807_175821_881241,2246,77,2026-08-07T17:59:39.791,10,52.0,692.0,372.0,True,
run_20260807_175821_881241,2246,77,2026-08-07T17:59:39.791,11,30.0,713.0,371.5,True,
run_20260807_175821_881241,2246,77,2026-08-07T17:59:39.791,12,8.5,735.0,371.75,True,
run_20260807_175821_881241,2276,78,2026-08-07T17:59:40.794,0,273.0,470.0,371.5,True,
run_20260807_175821_881241,2276,78,2026-08-07T17:59:40.794,1,251.0,493.0,372.0,True,
run_20260807_175821_881241,2276,78,2026-08-07T17:59:40.794,2,229.0,515.0,372.0,True,
run_20260807_175821_881241,2276,78,2026-08-07T17:59:40.794,3,207.0,537.0,372.0,True,
run_20260807_175821_881241,2276,78,2026-08-07T17:59:40.794,4,184.5,559.0,371.75,True,
run_20260807_175821_881241,2276,78,2026-08-07T17:59:40.794,5,162.0,582.0,372.0,True,
run_20260807_175821_881241,2276,78,2026-08-07T17:59:40.794,6,140.0,604.25,372.125,True,
run_20260807_175821_881241,2276,78,2026-08-07T17:59:40.794,7,117.5,626.0,371.75,True,
run_20260807_175821_881241,2276,78,2026-08-07T17:59:40.794,8,95.84615384615384,648.0,371.9230769230769,True,
run_20260807_175821_881241,2276,78,2026-08-07T17:59:40.794,9,74.0,670.0,372.0,True,
run_20260807_175821_881241,2276,78,2026-08-07T17:59:40.794,10,52.0,692.0,372.0,True,
run_20260807_175821_881241,2276,78,2026-08-07T17:59:40.794,11,30.0,713.0,371.5,True,
run_20260807_175821_881241,2276,78,2026-08-07T17:59:40.794,12,8.5,735.0,371.75,True,
run_20260807_175821_881241,2307,79,2026-08-07T17:59:41.826,0,273.0,470.0,371.5,True,
run_20260807_175821_881241,2307,79,2026-08-07T17:59:41.826,1,251.0,493.0,372.0,True,
run_20260807_175821_881241,2307,79,2026-08-07T17:59:41.826,2,229.0,515.0,372.0,True,
run_20260807_175821_881241,2307,79,2026-08-07T17:59:41.826,3,207.0,537.0,372.0,True,
run_20260807_175821_881241,2307,79,2026-08-07T17:59:41.826,4,184.5,559.1538461538462,371.8269230769231,True,
run_20260807_175821_881241,2307,79,2026-08-07T17:59:41.826,5,162.0,582.0,372.0,True,
run_20260807_175821_881241,2307,79,2026-08-07T17:59:41.826,6,139.84615384615384,604.25,372.0480769230769,True,
run_20260807_175821_881241,2307,79,2026-08-07T17:59:41.826,7,117.5,626.0,371.75,True,
run_20260807_175821_881241,2307,79,2026-08-07T17:59:41.826,8,95.5,648.0,371.75,True,
run_20260807_175821_881241,2307,79,2026-08-07T17:59:41.826,9,74.0,670.0,372.0,True,
run_20260807_175821_881241,2307,79,2026-08-07T17:59:41.826,10,52.0,692.0,372.0,True,
run_20260807_175821_881241,2307,79,2026-08-07T17:59:41.826,11,30.0,713.0,371.5,True,
run_20260807_175821_881241,2307,79,2026-08-07T17:59:41.826,12,8.5,735.0,371.75,True,
run_20260807_175821_881241,2338,80,2026-08-07T17:59:42.854,0,273.0,470.0,371.5,True,
run_20260807_175821_881241,2338,80,2026-08-07T17:59:42.854,1,251.0,493.0,372.0,True,
run_20260807_175821_881241,2338,80,2026-08-07T17:59:42.854,2,229.0,515.0,372.0,True,
run_20260807_175821_881241,2338,80,2026-08-07T17:59:42.854,3,207.0,537.0,372.0,True,
run_20260807_175821_881241,2338,80,2026-08-07T17:59:42.854,4,184.5,559.25,371.875,True,
run_20260807_175821_881241,2338,80,2026-08-07T17:59:42.854,5,162.0,582.0,372.0,True,
run_20260807_175821_881241,2338,80,2026-08-07T17:59:42.854,6,140.0,604.25,372.125,True,
run_20260807_175821_881241,2338,80,2026-08-07T17:59:42.854,7,117.5,626.0,371.75,True,
run_20260807_175821_881241,2338,80,2026-08-07T17:59:42.854,8,96.0,648.0,372.0,True,
run_20260807_175821_881241,2338,80,2026-08-07T17:59:42.854,9,73.84615384615384,670.0,371.9230769230769,True,
run_20260807_175821_881241,2338,80,2026-08-07T17:59:42.854,10,52.0,692.0,372.0,True,
run_20260807_175821_881241,2338,80,2026-08-07T17:59:42.854,11,30.0,713.0,371.5,True,
run_20260807_175821_881241,2338,80,2026-08-07T17:59:42.854,12,8.5,735.0,371.75,True,
run_20260807_175821_881241,2367,81,2026-08-07T17:59:43.897,0,273.0,470.0,371.5,True,
run_20260807_175821_881241,2367,81,2026-08-07T17:59:43.897,1,251.0,493.0,372.0,True,
run_20260807_175821_881241,2367,81,2026-08-07T17:59:43.897,2,229.0,515.0,372.0,True,
run_20260807_175821_881241,2367,81,2026-08-07T17:59:43.897,3,207.0,537.0,372.0,True,
run_20260807_175821_881241,2367,81,2026-08-07T17:59:43.897,4,184.5,559.25,371.875,True,
run_20260807_175821_881241,2367,81,2026-08-07T17:59:43.897,5,162.0,582.0,372.0,True,
run_20260807_175821_881241,2367,81,2026-08-07T17:59:43.897,6,139.84615384615384,604.25,372.0480769230769,True,
run_20260807_175821_881241,2367,81,2026-08-07T17:59:43.897,7,117.5,626.0,371.75,True,
run_20260807_175821_881241,2367,81,2026-08-07T17:59:43.897,8,95.75,648.0,371.875,True,
run_20260807_175821_881241,2367,81,2026-08-07T17:59:43.897,9,74.0,670.0,372.0,True,
run_20260807_175821_881241,2367,81,2026-08-07T17:59:43.897,10,52.0,692.0,372.0,True,
run_20260807_175821_881241,2367,81,2026-08-07T17:59:43.897,11,30.0,713.0,371.5,True,
run_20260807_175821_881241,2367,81,2026-08-07T17:59:43.897,12,8.5,735.0,371.75,True,
run_20260807_175821_881241,2396,82,2026-08-07T17:59:44.924,0,273.0,470.0,371.5,True,
run_20260807_175821_881241,2396,82,2026-08-07T17:59:44.924,1,251.0,493.0,372.0,True,
run_20260807_175821_881241,2396,82,2026-08-07T17:59:44.924,2,229.0,515.0,372.0,True,
run_20260807_175821_881241,2396,82,2026-08-07T17:59:44.924,3,207.0,537.0,372.0,True,
run_20260807_175821_881241,2396,82,2026-08-07T17:59:44.924,4,184.5,559.25,371.875,True,
run_20260807_175821_881241,2396,82,2026-08-07T17:59:44.924,5,162.0,582.0,372.0,True,
run_20260807_175821_881241,2396,82,2026-08-07T17:59:44.924,6,139.84615384615384,604.25,372.0480769230769,True,
run_20260807_175821_881241,2396,82,2026-08-07T17:59:44.924,7,117.5,626.0,371.75,True,
run_20260807_175821_881241,2396,82,2026-08-07T17:59:44.924,8,96.0,648.0,372.0,True,
run_20260807_175821_881241,2396,82,2026-08-07T17:59:44.924,9,74.0,670.0,372.0,True,
run_20260807_175821_881241,2396,82,2026-08-07T17:59:44.924,10,52.0,692.0,372.0,True,
run_20260807_175821_881241,2396,82,2026-08-07T17:59:44.924,11,30.0,713.1538461538462,371.5769230769231,True,
run_20260807_175821_881241,2396,82,2026-08-07T17:59:44.924,12,8.5,735.0,371.75,True,
run_20260807_175821_881241,2426,83,2026-08-07T17:59:45.924,0,273.0,470.0,371.5,True,
run_20260807_175821_881241,2426,83,2026-08-07T17:59:45.924,1,251.0,492.875,371.9375,True,
run_20260807_175821_881241,2426,83,2026-08-07T17:59:45.924,2,229.0,515.0,372.0,True,
run_20260807_175821_881241,2426,83,2026-08-07T17:59:45.924,3,207.0,537.0,372.0,True,
run_20260807_175821_881241,2426,83,2026-08-07T17:59:45.924,4,184.5,559.3636363636364,371.9318181818182,True,
run_20260807_175821_881241,2426,83,2026-08-07T17:59:45.924,5,162.0,582.0,372.0,True,
run_20260807_175821_881241,2426,83,2026-08-07T17:59:45.924,6,139.92857142857142,604.25,372.0892857142857,True,
run_20260807_175821_881241,2426,83,2026-08-07T17:59:45.924,7,117.5,626.0,371.75,True,
run_20260807_175821_881241,2426,83,2026-08-07T17:59:45.924,8,95.75,648.0,371.875,True,
run_20260807_175821_881241,2426,83,2026-08-07T17:59:45.924,9,74.0,670.0,372.0,True,
run_20260807_175821_881241,2426,83,2026-08-07T17:59:45.924,10,52.0,692.0,372.0,True,
run_20260807_175821_881241,2426,83,2026-08-07T17:59:45.924,11,30.0,713.0,371.5,True,
run_20260807_175821_881241,2426,83,2026-08-07T17:59:45.924,12,8.5,735.0,371.75,True,
run_20260807_175821_881241,2457,84,2026-08-07T17:59:46.960,0,272.0,469.0,370.5,True,
run_20260807_175821_881241,2457,84,2026-08-07T17:59:46.960,1,250.0,492.0,371.0,True,
run_20260807_175821_881241,2457,84,2026-08-07T17:59:46.960,2,228.07142857142858,514.0,371.0357142857143,True,
run_20260807_175821_881241,2457,84,2026-08-07T17:59:46.960,3,206.0,536.0,371.0,True,
run_20260807_175821_881241,2457,84,2026-08-07T17:59:46.960,4,183.5,558.0714285714286,370.7857142857143,True,
run_20260807_175821_881241,2457,84,2026-08-07T17:59:46.960,5,161.0,581.0,371.0,True,
run_20260807_175821_881241,2457,84,2026-08-07T17:59:46.960,6,138.63636363636363,603.25,370.9431818181818,True,
run_20260807_175821_881241,2457,84,2026-08-07T17:59:46.960,7,116.5,625.0,370.75,True,
run_20260807_175821_881241,2457,84,2026-08-07T17:59:46.960,8,94.5,647.0,370.75,True,
run_20260807_175821_881241,2457,84,2026-08-07T17:59:46.960,9,73.0,669.0,371.0,True,
run_20260807_175821_881241,2457,84,2026-08-07T17:59:46.960,10,51.0,691.0,371.0,True,
run_20260807_175821_881241,2457,84,2026-08-07T17:59:46.960,11,29.0,712.0,370.5,True,
run_20260807_175821_881241,2457,84,2026-08-07T17:59:46.960,12,7.5,734.0,370.75,True,
run_20260807_175821_881241,2488,85,2026-08-07T17:59:47.990,0,272.0,469.0,370.5,True,
run_20260807_175821_881241,2488,85,2026-08-07T17:59:47.990,1,250.0,492.0,371.0,True,
run_20260807_175821_881241,2488,85,2026-08-07T17:59:47.990,2,228.07142857142858,514.0,371.0357142857143,True,
run_20260807_175821_881241,2488,85,2026-08-07T17:59:47.990,3,206.0,536.0,371.0,True,
run_20260807_175821_881241,2488,85,2026-08-07T17:59:47.990,4,183.5,558.0714285714286,370.7857142857143,True,
run_20260807_175821_881241,2488,85,2026-08-07T17:59:47.990,5,161.0,581.0,371.0,True,
run_20260807_175821_881241,2488,85,2026-08-07T17:59:47.990,6,138.84615384615384,603.25,371.0480769230769,True,
run_20260807_175821_881241,2488,85,2026-08-07T17:59:47.990,7,116.5,625.0,370.75,True,
run_20260807_175821_881241,2488,85,2026-08-07T17:59:47.990,8,94.75,647.0,370.875,True,
run_20260807_175821_881241,2488,85,2026-08-07T17:59:47.990,9,73.0,669.0,371.0,True,
run_20260807_175821_881241,2488,85,2026-08-07T17:59:47.990,10,51.0,691.0,371.0,True,
run_20260807_175821_881241,2488,85,2026-08-07T17:59:47.990,11,29.0,712.0,370.5,True,
run_20260807_175821_881241,2488,85,2026-08-07T17:59:47.990,12,7.5,734.0,370.75,True,
run_20260807_175821_881241,2514,86,2026-08-07T17:59:48.993,0,272.0,469.0,370.5,True,
run_20260807_175821_881241,2514,86,2026-08-07T17:59:48.993,1,250.0,492.0,371.0,True,
run_20260807_175821_881241,2514,86,2026-08-07T17:59:48.993,2,228.07142857142858,514.0,371.0357142857143,True,
run_20260807_175821_881241,2514,86,2026-08-07T17:59:48.993,3,206.0,536.0,371.0,True,
run_20260807_175821_881241,2514,86,2026-08-07T17:59:48.993,4,183.5,558.1538461538462,370.8269230769231,True,
run_20260807_175821_881241,2514,86,2026-08-07T17:59:48.993,5,161.0,581.0,371.0,True,
run_20260807_175821_881241,2514,86,2026-08-07T17:59:48.993,6,138.75,603.25,371.0,True,
run_20260807_175821_881241,2514,86,2026-08-07T17:59:48.993,7,116.5,625.0,370.75,True,
run_20260807_175821_881241,2514,86,2026-08-07T17:59:48.993,8,94.75,647.0,370.875,True,
run_20260807_175821_881241,2514,86,2026-08-07T17:59:48.993,9,73.0,669.0,371.0,True,
run_20260807_175821_881241,2514,86,2026-08-07T17:59:48.993,10,51.0,691.0,371.0,True,
run_20260807_175821_881241,2514,86,2026-08-07T17:59:48.993,11,29.0,712.0,370.5,True,
run_20260807_175821_881241,2514,86,2026-08-07T17:59:48.993,12,7.5,734.0,370.75,True,
run_20260807_175821_881241,2545,87,2026-08-07T17:59:50.027,0,272.0,469.0,370.5,True,
run_20260807_175821_881241,2545,87,2026-08-07T17:59:50.027,1,250.0,492.0,371.0,True,
run_20260807_175821_881241,2545,87,2026-08-07T17:59:50.027,2,228.07142857142858,514.0,371.0357142857143,True,
run_20260807_175821_881241,2545,87,2026-08-07T17:59:50.027,3,206.0,536.0,371.0,True,
run_20260807_175821_881241,2545,87,2026-08-07T17:59:50.027,4,183.5,558.3636363636364,370.9318181818182,True,
run_20260807_175821_881241,2545,87,2026-08-07T17:59:50.027,5,161.0,581.0,371.0,True,
run_20260807_175821_881241,2545,87,2026-08-07T17:59:50.027,6,138.75,603.25,371.0,True,
run_20260807_175821_881241,2545,87,2026-08-07T17:59:50.027,7,116.5,625.0,370.75,True,
run_20260807_175821_881241,2545,87,2026-08-07T17:59:50.027,8,94.75,647.0,370.875,True,
run_20260807_175821_881241,2545,87,2026-08-07T17:59:50.027,9,73.0,669.0,371.0,True,
run_20260807_175821_881241,2545,87,2026-08-07T17:59:50.027,10,51.0,691.0,371.0,True,
run_20260807_175821_881241,2545,87,2026-08-07T17:59:50.027,11,29.0,712.0,370.5,True,
run_20260807_175821_881241,2545,87,2026-08-07T17:59:50.027,12,7.5,734.0,370.75,True,
run_20260807_175821_881241,2576,88,2026-08-07T17:59:51.058,0,272.0,469.0,370.5,True,
run_20260807_175821_881241,2576,88,2026-08-07T17:59:51.058,1,250.0,492.0,371.0,True,
run_20260807_175821_881241,2576,88,2026-08-07T17:59:51.058,2,228.07142857142858,514.0,371.0357142857143,True,
run_20260807_175821_881241,2576,88,2026-08-07T17:59:51.058,3,206.0,536.0,371.0,True,
run_20260807_175821_881241,2576,88,2026-08-07T17:59:51.058,4,183.5,558.1538461538462,370.8269230769231,True,
run_20260807_175821_881241,2576,88,2026-08-07T17:59:51.058,5,161.0,581.0,371.0,True,
run_20260807_175821_881241,2576,88,2026-08-07T17:59:51.058,6,139.0,603.25,371.125,True,
run_20260807_175821_881241,2576,88,2026-08-07T17:59:51.058,7,116.5,625.0,370.75,True,
run_20260807_175821_881241,2576,88,2026-08-07T17:59:51.058,8,94.63636363636364,647.0,370.8181818181818,True,
run_20260807_175821_881241,2576,88,2026-08-07T17:59:51.058,9,72.92857142857143,669.0,370.9642857142857,True,
run_20260807_175821_881241,2576,88,2026-08-07T17:59:51.058,10,51.0,691.0,371.0,True,
run_20260807_175821_881241,2576,88,2026-08-07T17:59:51.058,11,29.0,712.0,370.5,True,
run_20260807_175821_881241,2576,88,2026-08-07T17:59:51.058,12,7.5,734.0,370.75,True,
run_20260807_175821_881241,2606,89,2026-08-07T17:59:52.059,0,272.0,469.0,370.5,True,
run_20260807_175821_881241,2606,89,2026-08-07T17:59:52.059,1,250.0,491.7647058823529,370.88235294117646,True,
run_20260807_175821_881241,2606,89,2026-08-07T17:59:52.059,2,228.0,514.0,371.0,True,
run_20260807_175821_881241,2606,89,2026-08-07T17:59:52.059,3,206.0,536.0,371.0,True,
run_20260807_175821_881241,2606,89,2026-08-07T17:59:52.059,4,183.5,558.1538461538462,370.8269230769231,True,
run_20260807_175821_881241,2606,89,2026-08-07T17:59:52.059,5,161.0,581.0,371.0,True,
run_20260807_175821_881241,2606,89,2026-08-07T17:59:52.059,6,138.84615384615384,603.25,371.0480769230769,True,
run_20260807_175821_881241,2606,89,2026-08-07T17:59:52.059,7,116.5,625.0,370.75,True,
run_20260807_175821_881241,2606,89,2026-08-07T17:59:52.059,8,94.92857142857143,647.0,370.9642857142857,True,
run_20260807_175821_881241,2606,89,2026-08-07T17:59:52.059,9,72.92857142857143,669.0,370.9642857142857,True,
run_20260807_175821_881241,2606,89,2026-08-07T17:59:52.059,10,51.0,691.0,371.0,True,
run_20260807_175821_881241,2606,89,2026-08-07T17:59:52.059,11,29.0,712.0,370.5,True,
run_20260807_175821_881241,2606,89,2026-08-07T17:59:52.059,12,7.5,734.0,370.75,True,
run_20260807_175821_881241,2637,90,2026-08-07T17:59:53.094,0,272.0,469.0,370.5,True,
run_20260807_175821_881241,2637,90,2026-08-07T17:59:53.094,1,250.0,492.0,371.0,True,
run_20260807_175821_881241,2637,90,2026-08-07T17:59:53.094,2,228.0,514.0,371.0,True,
run_20260807_175821_881241,2637,90,2026-08-07T17:59:53.094,3,206.0,536.0,371.0,True,
run_20260807_175821_881241,2637,90,2026-08-07T17:59:53.094,4,183.5,558.0714285714286,370.7857142857143,True,
run_20260807_175821_881241,2637,90,2026-08-07T17:59:53.094,5,161.0,581.0,371.0,True,
run_20260807_175821_881241,2637,90,2026-08-07T17:59:53.094,6,138.84615384615384,603.25,371.0480769230769,True,
run_20260807_175821_881241,2637,90,2026-08-07T17:59:53.094,7,116.5,625.0,370.75,True,
run_20260807_175821_881241,2637,90,2026-08-07T17:59:53.094,8,94.75,647.0,370.875,True,
run_20260807_175821_881241,2637,90,2026-08-07T17:59:53.094,9,73.0,669.0,371.0,True,
run_20260807_175821_881241,2637,90,2026-08-07T17:59:53.094,10,51.0,691.0,371.0,True,
run_20260807_175821_881241,2637,90,2026-08-07T17:59:53.094,11,29.0,712.0,370.5,True,
run_20260807_175821_881241,2637,90,2026-08-07T17:59:53.094,12,7.5,734.0,370.75,True,
run_20260807_175821_881241,2668,91,2026-08-07T17:59:54.123,0,272.0,469.0,370.5,True,
run_20260807_175821_881241,2668,91,2026-08-07T17:59:54.123,1,250.0,492.0,371.0,True,
run_20260807_175821_881241,2668,91,2026-08-07T17:59:54.123,2,228.07142857142858,514.0,371.0357142857143,True,
run_20260807_175821_881241,2668,91,2026-08-07T17:59:54.123,3,206.0,536.0,371.0,True,
run_20260807_175821_881241,2668,91,2026-08-07T17:59:54.123,4,183.5,558.1538461538462,370.8269230769231,True,
run_20260807_175821_881241,2668,91,2026-08-07T17:59:54.123,5,161.0,581.0,371.0,True,
run_20260807_175821_881241,2668,91,2026-08-07T17:59:54.123,6,138.92857142857142,603.25,371.0892857142857,True,
run_20260807_175821_881241,2668,91,2026-08-07T17:59:54.123,7,116.5,625.0,370.75,True,
run_20260807_175821_881241,2668,91,2026-08-07T17:59:54.123,8,94.63636363636364,647.0,370.8181818181818,True,
run_20260807_175821_881241,2668,91,2026-08-07T17:59:54.123,9,73.0,669.0,371.0,True,
run_20260807_175821_881241,2668,91,2026-08-07T17:59:54.123,10,51.0,691.0,371.0,True,
run_20260807_175821_881241,2668,91,2026-08-07T17:59:54.123,11,29.0,712.0,370.5,True,
run_20260807_175821_881241,2668,91,2026-08-07T17:59:54.123,12,7.5,734.0,370.75,True,
run_20260807_175821_881241,2698,92,2026-08-07T17:59:55.124,0,272.0,469.0,370.5,True,
run_20260807_175821_881241,2698,92,2026-08-07T17:59:55.124,1,250.0,492.0,371.0,True,
run_20260807_175821_881241,2698,92,2026-08-07T17:59:55.124,2,228.0,514.0,371.0,True,
run_20260807_175821_881241,2698,92,2026-08-07T17:59:55.124,3,206.0,536.0,371.0,True,
run_20260807_175821_881241,2698,92,2026-08-07T17:59:55.124,4,183.5,558.0714285714286,370.7857142857143,True,
run_20260807_175821_881241,2698,92,2026-08-07T17:59:55.124,5,161.0,581.0,371.0,True,
run_20260807_175821_881241,2698,92,2026-08-07T17:59:55.124,6,139.0,603.25,371.125,True,
run_20260807_175821_881241,2698,92,2026-08-07T17:59:55.124,7,116.5,625.0,370.75,True,
run_20260807_175821_881241,2698,92,2026-08-07T17:59:55.124,8,94.63636363636364,647.0,370.8181818181818,True,
run_20260807_175821_881241,2698,92,2026-08-07T17:59:55.124,9,73.0,669.0,371.0,True,
run_20260807_175821_881241,2698,92,2026-08-07T17:59:55.124,10,51.0,691.0,371.0,True,
run_20260807_175821_881241,2698,92,2026-08-07T17:59:55.124,11,29.0,712.0,370.5,True,
run_20260807_175821_881241,2698,92,2026-08-07T17:59:55.124,12,7.5,734.0,370.75,True,
run_20260807_175821_881241,2728,93,2026-08-07T17:59:56.127,0,272.0,469.0,370.5,True,
run_20260807_175821_881241,2728,93,2026-08-07T17:59:56.127,1,250.0,492.0,371.0,True,
run_20260807_175821_881241,2728,93,2026-08-07T17:59:56.127,2,228.07142857142858,514.0,371.0357142857143,True,
run_20260807_175821_881241,2728,93,2026-08-07T17:59:56.127,3,206.0,536.0,371.0,True,
run_20260807_175821_881241,2728,93,2026-08-07T17:59:56.127,4,183.5,558.1538461538462,370.8269230769231,True,
run_20260807_175821_881241,2728,93,2026-08-07T17:59:56.127,5,161.0,581.0,371.0,True,
run_20260807_175821_881241,2728,93,2026-08-07T17:59:56.127,6,139.0,603.25,371.125,True,
run_20260807_175821_881241,2728,93,2026-08-07T17:59:56.127,7,116.5,625.0,370.75,True,
run_20260807_175821_881241,2728,93,2026-08-07T17:59:56.127,8,94.63636363636364,647.0,370.8181818181818,True,
run_20260807_175821_881241,2728,93,2026-08-07T17:59:56.127,9,73.0,669.0,371.0,True,
run_20260807_175821_881241,2728,93,2026-08-07T17:59:56.127,10,51.0,691.0,371.0,True,
run_20260807_175821_881241,2728,93,2026-08-07T17:59:56.127,11,29.0,712.0,370.5,True,
run_20260807_175821_881241,2728,93,2026-08-07T17:59:56.127,12,7.5,734.0,370.75,True,
run_20260807_175821_881241,2759,94,2026-08-07T17:59:57.154,0,272.0,469.0,370.5,True,
run_20260807_175821_881241,2759,94,2026-08-07T17:59:57.154,1,250.0,492.0,371.0,True,
run_20260807_175821_881241,2759,94,2026-08-07T17:59:57.154,2,228.07142857142858,514.0,371.0357142857143,True,
run_20260807_175821_881241,2759,94,2026-08-07T17:59:57.154,3,206.0,536.0,371.0,True,
run_20260807_175821_881241,2759,94,2026-08-07T17:59:57.154,4,183.5,558.0714285714286,370.7857142857143,True,
run_20260807_175821_881241,2759,94,2026-08-07T17:59:57.154,5,161.0,581.0,371.0,True,
run_20260807_175821_881241,2759,94,2026-08-07T17:59:57.154,6,139.0,603.25,371.125,True,
run_20260807_175821_881241,2759,94,2026-08-07T17:59:57.154,7,116.5,625.0,370.75,True,
run_20260807_175821_881241,2759,94,2026-08-07T17:59:57.154,8,94.5,647.0,370.75,True,
run_20260807_175821_881241,2759,94,2026-08-07T17:59:57.154,9,73.0,669.0,371.0,True,
run_20260807_175821_881241,2759,94,2026-08-07T17:59:57.154,10,51.0,691.0,371.0,True,
run_20260807_175821_881241,2759,94,2026-08-07T17:59:57.154,11,29.0,712.0,370.5,True,
run_20260807_175821_881241,2759,94,2026-08-07T17:59:57.154,12,7.5,734.0,370.75,True,
run_20260807_175821_881241,2789,95,2026-08-07T17:59:58.160,0,272.0,469.0,370.5,True,
run_20260807_175821_881241,2789,95,2026-08-07T17:59:58.160,1,250.0,491.875,370.9375,True,
run_20260807_175821_881241,2789,95,2026-08-07T17:59:58.160,2,228.07142857142858,514.0,371.0357142857143,True,
run_20260807_175821_881241,2789,95,2026-08-07T17:59:58.160,3,206.0,536.0,371.0,True,
run_20260807_175821_881241,2789,95,2026-08-07T17:59:58.160,4,183.5,558.1538461538462,370.8269230769231,True,
run_20260807_175821_881241,2789,95,2026-08-07T17:59:58.160,5,161.0,581.0,371.0,True,
run_20260807_175821_881241,2789,95,2026-08-07T17:59:58.160,6,138.75,603.25,371.0,True,
run_20260807_175821_881241,2789,95,2026-08-07T17:59:58.160,7,116.5,625.0,370.75,True,
run_20260807_175821_881241,2789,95,2026-08-07T17:59:58.160,8,94.63636363636364,647.0,370.8181818181818,True,
run_20260807_175821_881241,2789,95,2026-08-07T17:59:58.160,9,73.0,669.0,371.0,True,
run_20260807_175821_881241,2789,95,2026-08-07T17:59:58.160,10,51.0,691.0,371.0,True,
run_20260807_175821_881241,2789,95,2026-08-07T17:59:58.160,11,29.0,712.0,370.5,True,
run_20260807_175821_881241,2789,95,2026-08-07T17:59:58.160,12,7.5,734.0,370.75,True,
run_20260807_175821_881241,2818,96,2026-08-07T17:59:59.193,0,272.0,469.0,370.5,True,
run_20260807_175821_881241,2818,96,2026-08-07T17:59:59.193,1,250.0,492.0,371.0,True,
run_20260807_175821_881241,2818,96,2026-08-07T17:59:59.193,2,228.07142857142858,514.0,371.0357142857143,True,
run_20260807_175821_881241,2818,96,2026-08-07T17:59:59.193,3,206.0,536.0,371.0,True,
run_20260807_175821_881241,2818,96,2026-08-07T17:59:59.193,4,183.5,558.1538461538462,370.8269230769231,True,
run_20260807_175821_881241,2818,96,2026-08-07T17:59:59.193,5,161.0,581.0,371.0,True,
run_20260807_175821_881241,2818,96,2026-08-07T17:59:59.193,6,138.84615384615384,603.25,371.0480769230769,True,
run_20260807_175821_881241,2818,96,2026-08-07T17:59:59.193,7,116.5,625.0,370.75,True,
run_20260807_175821_881241,2818,96,2026-08-07T17:59:59.193,8,94.84615384615384,647.0,370.9230769230769,True,
run_20260807_175821_881241,2818,96,2026-08-07T17:59:59.193,9,73.0,669.0,371.0,True,
run_20260807_175821_881241,2818,96,2026-08-07T17:59:59.193,10,51.0,691.0,371.0,True,
run_20260807_175821_881241,2818,96,2026-08-07T17:59:59.193,11,29.0,712.0,370.5,True,
run_20260807_175821_881241,2818,96,2026-08-07T17:59:59.193,12,7.5,734.0,370.75,True,
run_20260807_175821_881241,2849,97,2026-08-07T18:00:00.226,0,272.0,469.0,370.5,True,
run_20260807_175821_881241,2849,97,2026-08-07T18:00:00.226,1,250.0,492.0,371.0,True,
run_20260807_175821_881241,2849,97,2026-08-07T18:00:00.226,2,228.07142857142858,514.0,371.0357142857143,True,
run_20260807_175821_881241,2849,97,2026-08-07T18:00:00.226,3,206.0,536.0,371.0,True,
run_20260807_175821_881241,2849,97,2026-08-07T18:00:00.226,4,183.5,558.1538461538462,370.8269230769231,True,
run_20260807_175821_881241,2849,97,2026-08-07T18:00:00.226,5,161.0,581.0,371.0,True,
run_20260807_175821_881241,2849,97,2026-08-07T18:00:00.226,6,138.84615384615384,603.25,371.0480769230769,True,
run_20260807_175821_881241,2849,97,2026-08-07T18:00:00.226,7,116.5,625.0,370.75,True,
run_20260807_175821_881241,2849,97,2026-08-07T18:00:00.226,8,94.5,647.0,370.75,True,
run_20260807_175821_881241,2849,97,2026-08-07T18:00:00.226,9,73.0,669.0,371.0,True,
run_20260807_175821_881241,2849,97,2026-08-07T18:00:00.226,10,51.0,691.0,371.0,True,
run_20260807_175821_881241,2849,97,2026-08-07T18:00:00.226,11,29.0,712.0,370.5,True,
run_20260807_175821_881241,2849,97,2026-08-07T18:00:00.226,12,7.5,734.0,370.75,True,
run_20260807_175821_881241,2879,98,2026-08-07T18:00:01.241,0,272.0,469.0,370.5,True,
run_20260807_175821_881241,2879,98,2026-08-07T18:00:01.241,1,250.0,492.0,371.0,True,
run_20260807_175821_881241,2879,98,2026-08-07T18:00:01.241,2,228.07142857142858,514.0,371.0357142857143,True,
run_20260807_175821_881241,2879,98,2026-08-07T18:00:01.241,3,206.0,536.0,371.0,True,
run_20260807_175821_881241,2879,98,2026-08-07T18:00:01.241,4,183.5,558.1538461538462,370.8269230769231,True,
run_20260807_175821_881241,2879,98,2026-08-07T18:00:01.241,5,161.0,581.0,371.0,True,
run_20260807_175821_881241,2879,98,2026-08-07T18:00:01.241,6,138.84615384615384,603.25,371.0480769230769,True,
run_20260807_175821_881241,2879,98,2026-08-07T18:00:01.241,7,116.5,625.0,370.75,True,
run_20260807_175821_881241,2879,98,2026-08-07T18:00:01.241,8,94.75,647.0,370.875,True,
run_20260807_175821_881241,2879,98,2026-08-07T18:00:01.241,9,73.0,669.0,371.0,True,
run_20260807_175821_881241,2879,98,2026-08-07T18:00:01.241,10,51.0,691.0,371.0,True,
run_20260807_175821_881241,2879,98,2026-08-07T18:00:01.241,11,29.0,712.0,370.5,True,
run_20260807_175821_881241,2879,98,2026-08-07T18:00:01.241,12,7.5,734.0,370.75,True,
run_20260807_175821_881241,2910,99,2026-08-07T18:00:02.256,0,272.0,469.0,370.5,True,
run_20260807_175821_881241,2910,99,2026-08-07T18:00:02.256,1,250.0,492.0,371.0,True,
run_20260807_175821_881241,2910,99,2026-08-07T18:00:02.256,2,228.07142857142858,514.0,371.0357142857143,True,
run_20260807_175821_881241,2910,99,2026-08-07T18:00:02.256,3,206.0,536.0,371.0,True,
run_20260807_175821_881241,2910,99,2026-08-07T18:00:02.256,4,183.5,558.1538461538462,370.8269230769231,True,
run_20260807_175821_881241,2910,99,2026-08-07T18:00:02.256,5,161.0,581.0,371.0,True,
run_20260807_175821_881241,2910,99,2026-08-07T18:00:02.256,6,138.63636363636363,603.25,370.9431818181818,True,
run_20260807_175821_881241,2910,99,2026-08-07T18:00:02.256,7,116.5,625.0,370.75,True,
run_20260807_175821_881241,2910,99,2026-08-07T18:00:02.256,8,94.84615384615384,647.0,370.9230769230769,True,
run_20260807_175821_881241,2910,99,2026-08-07T18:00:02.256,9,73.0,669.0,371.0,True,
run_20260807_175821_881241,2910,99,2026-08-07T18:00:02.256,10,51.0,691.0,371.0,True,
run_20260807_175821_881241,2910,99,2026-08-07T18:00:02.256,11,29.0,712.0,370.5,True,
run_20260807_175821_881241,2910,99,2026-08-07T18:00:02.256,12,7.5,734.0,370.75,True,
run_20260807_175821_881241,2940,100,2026-08-07T18:00:03.258,0,272.0,469.0,370.5,True,
run_20260807_175821_881241,2940,100,2026-08-07T18:00:03.258,1,250.0,492.0,371.0,True,
run_20260807_175821_881241,2940,100,2026-08-07T18:00:03.258,2,228.07142857142858,514.0,371.0357142857143,True,
run_20260807_175821_881241,2940,100,2026-08-07T18:00:03.258,3,206.0,536.0,371.0,True,
run_20260807_175821_881241,2940,100,2026-08-07T18:00:03.258,4,183.5,558.3636363636364,370.9318181818182,True,
run_20260807_175821_881241,2940,100,2026-08-07T18:00:03.258,5,161.0,581.0,371.0,True,
run_20260807_175821_881241,2940,100,2026-08-07T18:00:03.258,6,138.75,603.25,371.0,True,
run_20260807_175821_881241,2940,100,2026-08-07T18:00:03.258,7,116.5,625.0,370.75,True,
run_20260807_175821_881241,2940,100,2026-08-07T18:00:03.258,8,94.5,647.0,370.75,True,
run_20260807_175821_881241,2940,100,2026-08-07T18:00:03.258,9,73.0,669.0,371.0,True,
run_20260807_175821_881241,2940,100,2026-08-07T18:00:03.258,10,51.0,691.0,371.0,True,
run_20260807_175821_881241,2940,100,2026-08-07T18:00:03.258,11,29.0,712.0,370.5,True,
run_20260807_175821_881241,2940,100,2026-08-07T18:00:03.258,12,7.5,734.0,370.75,True,
run_20260807_175821_881241,2970,101,2026-08-07T18:00:04.260,0,272.0,469.0,370.5,True,
run_20260807_175821_881241,2970,101,2026-08-07T18:00:04.260,1,250.0,492.0,371.0,True,
run_20260807_175821_881241,2970,101,2026-08-07T18:00:04.260,2,228.07142857142858,514.0,371.0357142857143,True,
run_20260807_175821_881241,2970,101,2026-08-07T18:00:04.260,3,206.0,536.0,371.0,True,
run_20260807_175821_881241,2970,101,2026-08-07T18:00:04.260,4,183.5,558.3636363636364,370.9318181818182,True,
run_20260807_175821_881241,2970,101,2026-08-07T18:00:04.260,5,161.0,581.0,371.0,True,
run_20260807_175821_881241,2970,101,2026-08-07T18:00:04.260,6,139.0,603.25,371.125,True,
run_20260807_175821_881241,2970,101,2026-08-07T18:00:04.260,7,116.5,625.0,370.75,True,
run_20260807_175821_881241,2970,101,2026-08-07T18:00:04.260,8,94.75,647.0,370.875,True,
run_20260807_175821_881241,2970,101,2026-08-07T18:00:04.260,9,72.92857142857143,669.0,370.9642857142857,True,
run_20260807_175821_881241,2970,101,2026-08-07T18:00:04.260,10,51.0,691.0,371.0,True,
run_20260807_175821_881241,2970,101,2026-08-07T18:00:04.260,11,29.0,712.0,370.5,True,
run_20260807_175821_881241,2970,101,2026-08-07T18:00:04.260,12,7.5,734.0,370.75,True,
run_20260807_175821_881241,2999,102,2026-08-07T18:00:05.262,0,272.0,469.0,370.5,True,
run_20260807_175821_881241,2999,102,2026-08-07T18:00:05.262,1,250.0,492.0,371.0,True,
run_20260807_175821_881241,2999,102,2026-08-07T18:00:05.262,2,228.07142857142858,514.0,371.0357142857143,True,
run_20260807_175821_881241,2999,102,2026-08-07T18:00:05.262,3,206.0,536.0,371.0,True,
run_20260807_175821_881241,2999,102,2026-08-07T18:00:05.262,4,183.07142857142858,558.3636363636364,370.71753246753246,True,
run_20260807_175821_881241,2999,102,2026-08-07T18:00:05.262,5,161.0,581.0,371.0,True,
run_20260807_175821_881241,2999,102,2026-08-07T18:00:05.262,6,138.63636363636363,603.25,370.9431818181818,True,
run_20260807_175821_881241,2999,102,2026-08-07T18:00:05.262,7,116.5,625.0,370.75,True,
run_20260807_175821_881241,2999,102,2026-08-07T18:00:05.262,8,94.5,647.0,370.75,True,
run_20260807_175821_881241,2999,102,2026-08-07T18:00:05.262,9,73.0,669.0,371.0,True,
run_20260807_175821_881241,2999,102,2026-08-07T18:00:05.262,10,51.0,691.0,371.0,True,
run_20260807_175821_881241,2999,102,2026-08-07T18:00:05.262,11,29.0,712.0,370.5,True,
run_20260807_175821_881241,2999,102,2026-08-07T18:00:05.262,12,7.5,734.0,370.75,True,
run_20260807_175821_881241,3030,103,2026-08-07T18:00:06.294,0,272.0,469.0,370.5,True,
run_20260807_175821_881241,3030,103,2026-08-07T18:00:06.294,1,250.0,492.0,371.0,True,
run_20260807_175821_881241,3030,103,2026-08-07T18:00:06.294,2,228.07142857142858,514.0,371.0357142857143,True,
run_20260807_175821_881241,3030,103,2026-08-07T18:00:06.294,3,206.0,536.0,371.0,True,
run_20260807_175821_881241,3030,103,2026-08-07T18:00:06.294,4,183.07142857142858,558.3636363636364,370.71753246753246,True,
run_20260807_175821_881241,3030,103,2026-08-07T18:00:06.294,5,161.0,581.0,371.0,True,
run_20260807_175821_881241,3030,103,2026-08-07T18:00:06.294,6,138.84615384615384,603.25,371.0480769230769,True,
run_20260807_175821_881241,3030,103,2026-08-07T18:00:06.294,7,116.5,625.0,370.75,True,
run_20260807_175821_881241,3030,103,2026-08-07T18:00:06.294,8,94.75,647.0,370.875,True,
run_20260807_175821_881241,3030,103,2026-08-07T18:00:06.294,9,73.0,669.0,371.0,True,
run_20260807_175821_881241,3030,103,2026-08-07T18:00:06.294,10,51.0,691.0,371.0,True,
run_20260807_175821_881241,3030,103,2026-08-07T18:00:06.294,11,29.0,712.0,370.5,True,
run_20260807_175821_881241,3030,103,2026-08-07T18:00:06.294,12,7.5,734.0,370.75,True,
run_20260807_175821_881241,3061,104,2026-08-07T18:00:07.323,0,272.0,469.0,370.5,True,
run_20260807_175821_881241,3061,104,2026-08-07T18:00:07.323,1,250.0,492.0,371.0,True,
run_20260807_175821_881241,3061,104,2026-08-07T18:00:07.323,2,228.07142857142858,514.0,371.0357142857143,True,
run_20260807_175821_881241,3061,104,2026-08-07T18:00:07.323,3,206.0,536.0,371.0,True,
run_20260807_175821_881241,3061,104,2026-08-07T18:00:07.323,4,183.5,558.3636363636364,370.9318181818182,True,
run_20260807_175821_881241,3061,104,2026-08-07T18:00:07.323,5,161.0,581.0,371.0,True,
run_20260807_175821_881241,3061,104,2026-08-07T18:00:07.323,6,138.63636363636363,603.25,370.9431818181818,True,
run_20260807_175821_881241,3061,104,2026-08-07T18:00:07.323,7,116.5,625.0,370.75,True,
run_20260807_175821_881241,3061,104,2026-08-07T18:00:07.323,8,94.5,647.0,370.75,True,
run_20260807_175821_881241,3061,104,2026-08-07T18:00:07.323,9,73.0,669.0,371.0,True,
run_20260807_175821_881241,3061,104,2026-08-07T18:00:07.323,10,51.0,691.0,371.0,True,
run_20260807_175821_881241,3061,104,2026-08-07T18:00:07.323,11,29.0,712.0,370.5,True,
run_20260807_175821_881241,3061,104,2026-08-07T18:00:07.323,12,7.5,734.0,370.75,True,
run_20260807_175821_881241,3092,105,2026-08-07T18:00:08.359,0,272.0,469.0,370.5,True,
run_20260807_175821_881241,3092,105,2026-08-07T18:00:08.359,1,250.0,492.0,371.0,True,
run_20260807_175821_881241,3092,105,2026-08-07T18:00:08.359,2,228.07142857142858,514.0,371.0357142857143,True,
run_20260807_175821_881241,3092,105,2026-08-07T18:00:08.359,3,206.0,536.0,371.0,True,
run_20260807_175821_881241,3092,105,2026-08-07T18:00:08.359,4,183.5,558.25,370.875,True,
run_20260807_175821_881241,3092,105,2026-08-07T18:00:08.359,5,161.0,581.0,371.0,True,
run_20260807_175821_881241,3092,105,2026-08-07T18:00:08.359,6,138.75,603.25,371.0,True,
run_20260807_175821_881241,3092,105,2026-08-07T18:00:08.359,7,116.5,625.0,370.75,True,
run_20260807_175821_881241,3092,105,2026-08-07T18:00:08.359,8,94.84615384615384,647.0,370.9230769230769,True,
run_20260807_175821_881241,3092,105,2026-08-07T18:00:08.359,9,73.0,669.0,371.0,True,
run_20260807_175821_881241,3092,105,2026-08-07T18:00:08.359,10,51.0,691.0,371.0,True,
run_20260807_175821_881241,3092,105,2026-08-07T18:00:08.359,11,29.0,712.0,370.5,True,
run_20260807_175821_881241,3092,105,2026-08-07T18:00:08.359,12,7.5,734.0,370.75,True,
run_20260807_175821_881241,3123,106,2026-08-07T18:00:09.387,0,272.0,469.0,370.5,True,
run_20260807_175821_881241,3123,106,2026-08-07T18:00:09.387,1,250.0,492.0,371.0,True,
run_20260807_175821_881241,3123,106,2026-08-07T18:00:09.387,2,228.07142857142858,514.0,371.0357142857143,True,
run_20260807_175821_881241,3123,106,2026-08-07T18:00:09.387,3,206.0,536.0,371.0,True,
run_20260807_175821_881241,3123,106,2026-08-07T18:00:09.387,4,183.5,558.3636363636364,370.9318181818182,True,
run_20260807_175821_881241,3123,106,2026-08-07T18:00:09.387,5,161.0,581.0,371.0,True,
run_20260807_175821_881241,3123,106,2026-08-07T18:00:09.387,6,138.63636363636363,603.25,370.9431818181818,True,
run_20260807_175821_881241,3123,106,2026-08-07T18:00:09.387,7,116.5,625.0,370.75,True,
run_20260807_175821_881241,3123,106,2026-08-07T18:00:09.387,8,94.63636363636364,647.0,370.8181818181818,True,
run_20260807_175821_881241,3123,106,2026-08-07T18:00:09.387,9,73.0,669.0,371.0,True,
run_20260807_175821_881241,3123,106,2026-08-07T18:00:09.387,10,51.0,691.0,371.0,True,
run_20260807_175821_881241,3123,106,2026-08-07T18:00:09.387,11,29.0,712.0,370.5,True,
run_20260807_175821_881241,3123,106,2026-08-07T18:00:09.387,12,7.5,734.0,370.75,True,
run_20260807_175821_881241,3153,107,2026-08-07T18:00:10.392,0,272.0,469.0,370.5,True,
run_20260807_175821_881241,3153,107,2026-08-07T18:00:10.392,1,250.0,492.0,371.0,True,
run_20260807_175821_881241,3153,107,2026-08-07T18:00:10.392,2,228.07142857142858,514.0,371.0357142857143,True,
run_20260807_175821_881241,3153,107,2026-08-07T18:00:10.392,3,206.0,536.0,371.0,True,
run_20260807_175821_881241,3153,107,2026-08-07T18:00:10.392,4,183.5,558.1538461538462,370.8269230769231,True,
run_20260807_175821_881241,3153,107,2026-08-07T18:00:10.392,5,161.0,581.0,371.0,True,
run_20260807_175821_881241,3153,107,2026-08-07T18:00:10.392,6,138.84615384615384,603.25,371.0480769230769,True,
run_20260807_175821_881241,3153,107,2026-08-07T18:00:10.392,7,116.5,625.0,370.75,True,
run_20260807_175821_881241,3153,107,2026-08-07T18:00:10.392,8,94.5,647.0,370.75,True,
run_20260807_175821_881241,3153,107,2026-08-07T18:00:10.392,9,73.0,669.0,371.0,True,
run_20260807_175821_881241,3153,107,2026-08-07T18:00:10.392,10,51.0,691.0,371.0,True,
run_20260807_175821_881241,3153,107,2026-08-07T18:00:10.392,11,29.0,712.0,370.5,True,
run_20260807_175821_881241,3153,107,2026-08-07T18:00:10.392,12,7.5,734.0,370.75,True,
run_20260807_175821_881241,3184,108,2026-08-07T18:00:11.426,0,272.0,469.0,370.5,True,
run_20260807_175821_881241,3184,108,2026-08-07T18:00:11.426,1,250.0,492.0,371.0,True,
run_20260807_175821_881241,3184,108,2026-08-07T18:00:11.426,2,228.07142857142858,514.0,371.0357142857143,True,
run_20260807_175821_881241,3184,108,2026-08-07T18:00:11.426,3,206.0,536.0,371.0,True,
run_20260807_175821_881241,3184,108,2026-08-07T18:00:11.426,4,183.5,558.3636363636364,370.9318181818182,True,
run_20260807_175821_881241,3184,108,2026-08-07T18:00:11.426,5,161.0,581.0,371.0,True,
run_20260807_175821_881241,3184,108,2026-08-07T18:00:11.426,6,138.92857142857142,603.25,371.0892857142857,True,
run_20260807_175821_881241,3184,108,2026-08-07T18:00:11.426,7,116.5,625.0,370.75,True,
run_20260807_175821_881241,3184,108,2026-08-07T18:00:11.426,8,94.63636363636364,647.0,370.8181818181818,True,
run_20260807_175821_881241,3184,108,2026-08-07T18:00:11.426,9,73.0,669.0,371.0,True,
run_20260807_175821_881241,3184,108,2026-08-07T18:00:11.426,10,51.0,691.0,371.0,True,
run_20260807_175821_881241,3184,108,2026-08-07T18:00:11.426,11,29.0,712.0,370.5,True,
run_20260807_175821_881241,3184,108,2026-08-07T18:00:11.426,12,7.5,734.0,370.75,True,
run_20260807_175821_881241,3214,109,2026-08-07T18:00:12.427,0,272.0,469.0,370.5,True,
run_20260807_175821_881241,3214,109,2026-08-07T18:00:12.427,1,250.0,492.0,371.0,True,
run_20260807_175821_881241,3214,109,2026-08-07T18:00:12.427,2,228.07142857142858,514.0,371.0357142857143,True,
run_20260807_175821_881241,3214,109,2026-08-07T18:00:12.427,3,206.0,536.0,371.0,True,
run_20260807_175821_881241,3214,109,2026-08-07T18:00:12.427,4,183.5,558.25,370.875,True,
run_20260807_175821_881241,3214,109,2026-08-07T18:00:12.427,5,161.0,581.0,371.0,True,
run_20260807_175821_881241,3214,109,2026-08-07T18:00:12.427,6,139.0,603.25,371.125,True,
run_20260807_175821_881241,3214,109,2026-08-07T18:00:12.427,7,116.5,625.0,370.75,True,
run_20260807_175821_881241,3214,109,2026-08-07T18:00:12.427,8,94.5,647.0,370.75,True,
run_20260807_175821_881241,3214,109,2026-08-07T18:00:12.427,9,73.0,669.0,371.0,True,
run_20260807_175821_881241,3214,109,2026-08-07T18:00:12.427,10,51.0,691.0,371.0,True,
run_20260807_175821_881241,3214,109,2026-08-07T18:00:12.427,11,29.0,712.0,370.5,True,
run_20260807_175821_881241,3214,109,2026-08-07T18:00:12.427,12,7.5,734.0,370.75,True,
run_20260807_175821_881241,3243,110,2026-08-07T18:00:13.443,0,272.0,469.0,370.5,True,
run_20260807_175821_881241,3243,110,2026-08-07T18:00:13.443,1,250.0,492.0,371.0,True,
run_20260807_175821_881241,3243,110,2026-08-07T18:00:13.443,2,228.07142857142858,514.0,371.0357142857143,True,
run_20260807_175821_881241,3243,110,2026-08-07T18:00:13.443,3,206.0,536.0,371.0,True,
run_20260807_175821_881241,3243,110,2026-08-07T18:00:13.443,4,183.5,558.1538461538462,370.8269230769231,True,
run_20260807_175821_881241,3243,110,2026-08-07T18:00:13.443,5,161.0,581.0,371.0,True,
run_20260807_175821_881241,3243,110,2026-08-07T18:00:13.443,6,138.75,603.25,371.0,True,
run_20260807_175821_881241,3243,110,2026-08-07T18:00:13.443,7,116.5,625.0,370.75,True,
run_20260807_175821_881241,3243,110,2026-08-07T18:00:13.443,8,94.5,647.0,370.75,True,
run_20260807_175821_881241,3243,110,2026-08-07T18:00:13.443,9,73.0,669.0,371.0,True,
run_20260807_175821_881241,3243,110,2026-08-07T18:00:13.443,10,51.0,691.0,371.0,True,
run_20260807_175821_881241,3243,110,2026-08-07T18:00:13.443,11,29.0,712.0,370.5,True,
run_20260807_175821_881241,3243,110,2026-08-07T18:00:13.443,12,7.5,734.0,370.75,True,
run_20260807_175821_881241,3274,111,2026-08-07T18:00:14.458,0,272.0,469.0,370.5,True,
run_20260807_175821_881241,3274,111,2026-08-07T18:00:14.458,1,250.0,492.0,371.0,True,
run_20260807_175821_881241,3274,111,2026-08-07T18:00:14.458,2,228.07142857142858,514.0,371.0357142857143,True,
run_20260807_175821_881241,3274,111,2026-08-07T18:00:14.458,3,206.0,536.0,371.0,True,
run_20260807_175821_881241,3274,111,2026-08-07T18:00:14.458,4,183.5,558.1538461538462,370.8269230769231,True,
run_20260807_175821_881241,3274,111,2026-08-07T18:00:14.458,5,161.0,581.0,371.0,True,
run_20260807_175821_881241,3274,111,2026-08-07T18:00:14.458,6,139.0,603.25,371.125,True,
run_20260807_175821_881241,3274,111,2026-08-07T18:00:14.458,7,116.5,625.0,370.75,True,
run_20260807_175821_881241,3274,111,2026-08-07T18:00:14.458,8,95.0,647.0,371.0,True,
run_20260807_175821_881241,3274,111,2026-08-07T18:00:14.458,9,73.0,669.0,371.0,True,
run_20260807_175821_881241,3274,111,2026-08-07T18:00:14.458,10,51.0,691.0,371.0,True,
run_20260807_175821_881241,3274,111,2026-08-07T18:00:14.458,11,29.0,712.0,370.5,True,
run_20260807_175821_881241,3274,111,2026-08-07T18:00:14.458,12,7.5,734.0,370.75,True,
run_20260807_175821_881241,3305,112,2026-08-07T18:00:15.491,0,272.0,469.0,370.5,True,
run_20260807_175821_881241,3305,112,2026-08-07T18:00:15.491,1,250.0,492.0,371.0,True,
run_20260807_175821_881241,3305,112,2026-08-07T18:00:15.491,2,228.07142857142858,514.0,371.0357142857143,True,
run_20260807_175821_881241,3305,112,2026-08-07T18:00:15.491,3,206.0,536.0,371.0,True,
run_20260807_175821_881241,3305,112,2026-08-07T18:00:15.491,4,183.5,558.0714285714286,370.7857142857143,True,
run_20260807_175821_881241,3305,112,2026-08-07T18:00:15.491,5,161.0,581.0,371.0,True,
run_20260807_175821_881241,3305,112,2026-08-07T18:00:15.491,6,138.63636363636363,603.25,370.9431818181818,True,
run_20260807_175821_881241,3305,112,2026-08-07T18:00:15.491,7,116.5,625.0,370.75,True,
run_20260807_175821_881241,3305,112,2026-08-07T18:00:15.491,8,94.75,647.0,370.875,True,
run_20260807_175821_881241,3305,112,2026-08-07T18:00:15.491,9,73.0,669.0,371.0,True,
run_20260807_175821_881241,3305,112,2026-08-07T18:00:15.491,10,51.0,691.0,371.0,True,
run_20260807_175821_881241,3305,112,2026-08-07T18:00:15.491,11,29.0,712.0,370.5,True,
run_20260807_175821_881241,3305,112,2026-08-07T18:00:15.491,12,7.5,734.0,370.75,True,
run_20260807_175821_881241,3336,113,2026-08-07T18:00:16.523,0,272.0,469.0,370.5,True,
run_20260807_175821_881241,3336,113,2026-08-07T18:00:16.523,1,250.0,492.0,371.0,True,
run_20260807_175821_881241,3336,113,2026-08-07T18:00:16.523,2,228.07142857142858,514.0,371.0357142857143,True,
run_20260807_175821_881241,3336,113,2026-08-07T18:00:16.523,3,206.0,536.0,371.0,True,
run_20260807_175821_881241,3336,113,2026-08-07T18:00:16.523,4,183.5,558.0,370.75,True,
run_20260807_175821_881241,3336,113,2026-08-07T18:00:16.523,5,161.0,581.0,371.0,True,
run_20260807_175821_881241,3336,113,2026-08-07T18:00:16.523,6,139.0,603.25,371.125,True,
run_20260807_175821_881241,3336,113,2026-08-07T18:00:16.523,7,116.5,625.0,370.75,True,
run_20260807_175821_881241,3336,113,2026-08-07T18:00:16.523,8,94.5,647.0,370.75,True,
run_20260807_175821_881241,3336,113,2026-08-07T18:00:16.523,9,73.0,669.0,371.0,True,
run_20260807_175821_881241,3336,113,2026-08-07T18:00:16.523,10,51.0,691.0,371.0,True,
run_20260807_175821_881241,3336,113,2026-08-07T18:00:16.523,11,29.0,712.0,370.5,True,
run_20260807_175821_881241,3336,113,2026-08-07T18:00:16.523,12,7.5,734.0,370.75,True,
run_20260807_175821_881241,3366,114,2026-08-07T18:00:17.526,0,272.0,469.0,370.5,True,
run_20260807_175821_881241,3366,114,2026-08-07T18:00:17.526,1,250.0,492.0,371.0,True,
run_20260807_175821_881241,3366,114,2026-08-07T18:00:17.526,2,228.07142857142858,514.0,371.0357142857143,True,
run_20260807_175821_881241,3366,114,2026-08-07T18:00:17.526,3,206.0,536.0,371.0,True,
run_20260807_175821_881241,3366,114,2026-08-07T18:00:17.526,4,183.5,558.1538461538462,370.8269230769231,True,
run_20260807_175821_881241,3366,114,2026-08-07T18:00:17.526,5,161.0,581.0,371.0,True,
run_20260807_175821_881241,3366,114,2026-08-07T18:00:17.526,6,138.75,603.25,371.0,True,
run_20260807_175821_881241,3366,114,2026-08-07T18:00:17.526,7,116.5,625.0,370.75,True,
run_20260807_175821_881241,3366,114,2026-08-07T18:00:17.526,8,94.5,647.0,370.75,True,
run_20260807_175821_881241,3366,114,2026-08-07T18:00:17.526,9,73.0,669.0,371.0,True,
run_20260807_175821_881241,3366,114,2026-08-07T18:00:17.526,10,51.0,691.0,371.0,True,
run_20260807_175821_881241,3366,114,2026-08-07T18:00:17.526,11,29.0,712.0,370.5,True,
run_20260807_175821_881241,3366,114,2026-08-07T18:00:17.526,12,7.5,734.0,370.75,True,
run_20260807_175821_881241,3397,115,2026-08-07T18:00:18.560,0,272.0,469.0,370.5,True,
run_20260807_175821_881241,3397,115,2026-08-07T18:00:18.560,1,250.0,492.0,371.0,True,
run_20260807_175821_881241,3397,115,2026-08-07T18:00:18.560,2,228.0,514.0,371.0,True,
run_20260807_175821_881241,3397,115,2026-08-07T18:00:18.560,3,206.0,536.0,371.0,True,
run_20260807_175821_881241,3397,115,2026-08-07T18:00:18.560,4,183.5,558.1538461538462,370.8269230769231,True,
run_20260807_175821_881241,3397,115,2026-08-07T18:00:18.560,5,161.0,581.0,371.0,True,
run_20260807_175821_881241,3397,115,2026-08-07T18:00:18.560,6,138.92857142857142,603.25,371.0892857142857,True,
run_20260807_175821_881241,3397,115,2026-08-07T18:00:18.560,7,116.5,625.0,370.75,True,
run_20260807_175821_881241,3397,115,2026-08-07T18:00:18.560,8,94.63636363636364,647.0,370.8181818181818,True,
run_20260807_175821_881241,3397,115,2026-08-07T18:00:18.560,9,73.0,669.0,371.0,True,
run_20260807_175821_881241,3397,115,2026-08-07T18:00:18.560,10,51.0,691.0,371.0,True,
run_20260807_175821_881241,3397,115,2026-08-07T18:00:18.560,11,29.0,712.0,370.5,True,
run_20260807_175821_881241,3397,115,2026-08-07T18:00:18.560,12,7.5,734.0,370.75,True,
run_20260807_175821_881241,3428,116,2026-08-07T18:00:19.590,0,272.0,469.0,370.5,True,
run_20260807_175821_881241,3428,116,2026-08-07T18:00:19.590,1,250.0,492.0,371.0,True,
run_20260807_175821_881241,3428,116,2026-08-07T18:00:19.590,2,228.0,514.0,371.0,True,
run_20260807_175821_881241,3428,116,2026-08-07T18:00:19.590,3,206.0,536.0,371.0,True,
run_20260807_175821_881241,3428,116,2026-08-07T18:00:19.590,4,183.5,558.0714285714286,370.7857142857143,True,
run_20260807_175821_881241,3428,116,2026-08-07T18:00:19.590,5,161.0,581.0,371.0,True,
run_20260807_175821_881241,3428,116,2026-08-07T18:00:19.590,6,138.75,603.25,371.0,True,
run_20260807_175821_881241,3428,116,2026-08-07T18:00:19.590,7,116.5,625.0,370.75,True,
run_20260807_175821_881241,3428,116,2026-08-07T18:00:19.590,8,94.84615384615384,647.0,370.9230769230769,True,
run_20260807_175821_881241,3428,116,2026-08-07T18:00:19.590,9,73.0,669.0,371.0,True,
run_20260807_175821_881241,3428,116,2026-08-07T18:00:19.590,10,51.0,691.0,371.0,True,
run_20260807_175821_881241,3428,116,2026-08-07T18:00:19.590,11,29.0,712.0,370.5,True,
run_20260807_175821_881241,3428,116,2026-08-07T18:00:19.590,12,7.5,734.0,370.75,True,
run_20260807_175821_881241,3459,117,2026-08-07T18:00:20.620,0,272.0,469.0,370.5,True,
run_20260807_175821_881241,3459,117,2026-08-07T18:00:20.620,1,250.0,492.0,371.0,True,
run_20260807_175821_881241,3459,117,2026-08-07T18:00:20.620,2,228.07142857142858,514.0,371.0357142857143,True,
run_20260807_175821_881241,3459,117,2026-08-07T18:00:20.620,3,206.0,536.0,371.0,True,
run_20260807_175821_881241,3459,117,2026-08-07T18:00:20.620,4,183.5,558.0714285714286,370.7857142857143,True,
run_20260807_175821_881241,3459,117,2026-08-07T18:00:20.620,5,161.0,581.0,371.0,True,
run_20260807_175821_881241,3459,117,2026-08-07T18:00:20.620,6,138.75,603.25,371.0,True,
run_20260807_175821_881241,3459,117,2026-08-07T18:00:20.620,7,116.5,625.0,370.75,True,
run_20260807_175821_881241,3459,117,2026-08-07T18:00:20.620,8,94.84615384615384,647.0,370.9230769230769,True,
run_20260807_175821_881241,3459,117,2026-08-07T18:00:20.620,9,73.0,669.0,371.0,True,
run_20260807_175821_881241,3459,117,2026-08-07T18:00:20.620,10,51.0,691.0,371.0,True,
run_20260807_175821_881241,3459,117,2026-08-07T18:00:20.620,11,29.0,712.0,370.5,True,
run_20260807_175821_881241,3459,117,2026-08-07T18:00:20.620,12,7.5,734.0,370.75,True,
run_20260807_175821_881241,3489,118,2026-08-07T18:00:21.626,0,272.0,469.0,370.5,True,
run_20260807_175821_881241,3489,118,2026-08-07T18:00:21.626,1,250.0,492.0,371.0,True,
run_20260807_175821_881241,3489,118,2026-08-07T18:00:21.626,2,228.07142857142858,514.0,371.0357142857143,True,
run_20260807_175821_881241,3489,118,2026-08-07T18:00:21.626,3,206.0,536.0,371.0,True,
run_20260807_175821_881241,3489,118,2026-08-07T18:00:21.626,4,183.5,558.0714285714286,370.7857142857143,True,
run_20260807_175821_881241,3489,118,2026-08-07T18:00:21.626,5,161.0,581.0,371.0,True,
run_20260807_175821_881241,3489,118,2026-08-07T18:00:21.626,6,138.5,603.25,370.875,True,
run_20260807_175821_881241,3489,118,2026-08-07T18:00:21.626,7,116.5,625.0,370.75,True,
run_20260807_175821_881241,3489,118,2026-08-07T18:00:21.626,8,95.0,647.0,371.0,True,
run_20260807_175821_881241,3489,118,2026-08-07T18:00:21.626,9,73.0,669.0,371.0,True,
run_20260807_175821_881241,3489,118,2026-08-07T18:00:21.626,10,51.0,691.0,371.0,True,
run_20260807_175821_881241,3489,118,2026-08-07T18:00:21.626,11,29.0,712.0,370.5,True,
run_20260807_175821_881241,3489,118,2026-08-07T18:00:21.626,12,7.5,734.0,370.75,True,
run_20260807_175821_881241,3520,119,2026-08-07T18:00:22.656,0,272.0,469.0,370.5,True,
run_20260807_175821_881241,3520,119,2026-08-07T18:00:22.656,1,250.0,492.0,371.0,True,
run_20260807_175821_881241,3520,119,2026-08-07T18:00:22.656,2,228.07142857142858,514.0,371.0357142857143,True,
run_20260807_175821_881241,3520,119,2026-08-07T18:00:22.656,3,206.0,536.0,371.0,True,
run_20260807_175821_881241,3520,119,2026-08-07T18:00:22.656,4,183.5,558.0,370.75,True,
run_20260807_175821_881241,3520,119,2026-08-07T18:00:22.656,5,161.0,581.0,371.0,True,
run_20260807_175821_881241,3520,119,2026-08-07T18:00:22.656,6,138.63636363636363,603.25,370.9431818181818,True,
run_20260807_175821_881241,3520,119,2026-08-07T18:00:22.656,7,116.5,625.0,370.75,True,
run_20260807_175821_881241,3520,119,2026-08-07T18:00:22.656,8,94.63636363636364,647.0,370.8181818181818,True,
run_20260807_175821_881241,3520,119,2026-08-07T18:00:22.656,9,73.0,669.0,371.0,True,
run_20260807_175821_881241,3520,119,2026-08-07T18:00:22.656,10,51.0,691.0,371.0,True,
run_20260807_175821_881241,3520,119,2026-08-07T18:00:22.656,11,29.0,712.0,370.5,True,
run_20260807_175821_881241,3520,119,2026-08-07T18:00:22.656,12,7.5,734.0,370.75,True,
run_20260807_175821_881241,3550,120,2026-08-07T18:00:23.658,0,272.0,469.0,370.5,True,
run_20260807_175821_881241,3550,120,2026-08-07T18:00:23.658,1,250.0,492.0,371.0,True,
run_20260807_175821_881241,3550,120,2026-08-07T18:00:23.658,2,228.07142857142858,514.0,371.0357142857143,True,
run_20260807_175821_881241,3550,120,2026-08-07T18:00:23.658,3,206.0,536.0,371.0,True,
run_20260807_175821_881241,3550,120,2026-08-07T18:00:23.658,4,183.5,558.0,370.75,True,
run_20260807_175821_881241,3550,120,2026-08-07T18:00:23.658,5,161.0,581.0,371.0,True,
run_20260807_175821_881241,3550,120,2026-08-07T18:00:23.658,6,139.0,603.25,371.125,True,
run_20260807_175821_881241,3550,120,2026-08-07T18:00:23.658,7,116.5,625.0,370.75,True,
run_20260807_175821_881241,3550,120,2026-08-07T18:00:23.658,8,95.0,647.0,371.0,True,
run_20260807_175821_881241,3550,120,2026-08-07T18:00:23.658,9,73.0,669.0,371.0,True,
run_20260807_175821_881241,3550,120,2026-08-07T18:00:23.658,10,51.0,691.0,371.0,True,
run_20260807_175821_881241,3550,120,2026-08-07T18:00:23.658,11,29.0,712.0,370.5,True,
run_20260807_175821_881241,3550,120,2026-08-07T18:00:23.658,12,7.5,734.0,370.75,True,
run_20260807_175821_881241,3580,121,2026-08-07T18:00:24.659,0,272.0,469.0,370.5,True,
run_20260807_175821_881241,3580,121,2026-08-07T18:00:24.659,1,250.0,492.0,371.0,True,
run_20260807_175821_881241,3580,121,2026-08-07T18:00:24.659,2,228.07142857142858,514.0,371.0357142857143,True,
run_20260807_175821_881241,3580,121,2026-08-07T18:00:24.659,3,206.0,536.0,371.0,True,
run_20260807_175821_881241,3580,121,2026-08-07T18:00:24.659,4,183.5,558.3636363636364,370.9318181818182,True,
run_20260807_175821_881241,3580,121,2026-08-07T18:00:24.659,5,161.0,581.0,371.0,True,
run_20260807_175821_881241,3580,121,2026-08-07T18:00:24.659,6,139.0,603.25,371.125,True,
run_20260807_175821_881241,3580,121,2026-08-07T18:00:24.659,7,116.5,625.0,370.75,True,
run_20260807_175821_881241,3580,121,2026-08-07T18:00:24.659,8,95.0,647.0,371.0,True,
run_20260807_175821_881241,3580,121,2026-08-07T18:00:24.659,9,73.0,669.0,371.0,True,
run_20260807_175821_881241,3580,121,2026-08-07T18:00:24.659,10,51.0,691.0,371.0,True,
run_20260807_175821_881241,3580,121,2026-08-07T18:00:24.659,11,29.0,712.0,370.5,True,
run_20260807_175821_881241,3580,121,2026-08-07T18:00:24.659,12,7.5,734.0,370.75,True,
run_20260807_175821_881241,3611,122,2026-08-07T18:00:25.690,0,272.0,469.0,370.5,True,
run_20260807_175821_881241,3611,122,2026-08-07T18:00:25.690,1,250.0,492.0,371.0,True,
run_20260807_175821_881241,3611,122,2026-08-07T18:00:25.690,2,228.07142857142858,514.0,371.0357142857143,True,
run_20260807_175821_881241,3611,122,2026-08-07T18:00:25.690,3,206.0,536.0,371.0,True,
run_20260807_175821_881241,3611,122,2026-08-07T18:00:25.690,4,183.5,558.3636363636364,370.9318181818182,True,
run_20260807_175821_881241,3611,122,2026-08-07T18:00:25.690,5,161.0,581.0,371.0,True,
run_20260807_175821_881241,3611,122,2026-08-07T18:00:25.690,6,139.0,603.25,371.125,True,
run_20260807_175821_881241,3611,122,2026-08-07T18:00:25.690,7,116.5,625.0,370.75,True,
run_20260807_175821_881241,3611,122,2026-08-07T18:00:25.690,8,94.75,647.0,370.875,True,
run_20260807_175821_881241,3611,122,2026-08-07T18:00:25.690,9,73.0,669.0,371.0,True,
run_20260807_175821_881241,3611,122,2026-08-07T18:00:25.690,10,51.0,691.0,371.0,True,
run_20260807_175821_881241,3611,122,2026-08-07T18:00:25.690,11,29.0,712.0,370.5,True,
run_20260807_175821_881241,3611,122,2026-08-07T18:00:25.690,12,7.5,734.0,370.75,True,
run_20260807_175821_881241,3642,123,2026-08-07T18:00:26.726,0,272.0,469.0,370.5,True,
run_20260807_175821_881241,3642,123,2026-08-07T18:00:26.726,1,250.0,492.0,371.0,True,
run_20260807_175821_881241,3642,123,2026-08-07T18:00:26.726,2,228.0,514.0,371.0,True,
run_20260807_175821_881241,3642,123,2026-08-07T18:00:26.726,3,206.0,536.0,371.0,True,
run_20260807_175821_881241,3642,123,2026-08-07T18:00:26.726,4,183.5,558.0714285714286,370.7857142857143,True,
run_20260807_175821_881241,3642,123,2026-08-07T18:00:26.726,5,161.0,581.0,371.0,True,
run_20260807_175821_881241,3642,123,2026-08-07T18:00:26.726,6,138.63636363636363,603.25,370.9431818181818,True,
run_20260807_175821_881241,3642,123,2026-08-07T18:00:26.726,7,116.5,625.0,370.75,True,
run_20260807_175821_881241,3642,123,2026-08-07T18:00:26.726,8,94.92857142857143,647.0,370.9642857142857,True,
run_20260807_175821_881241,3642,123,2026-08-07T18:00:26.726,9,73.0,669.0,371.0,True,
run_20260807_175821_881241,3642,123,2026-08-07T18:00:26.726,10,51.0,691.0,371.0,True,
run_20260807_175821_881241,3642,123,2026-08-07T18:00:26.726,11,29.0,712.0,370.5,True,
run_20260807_175821_881241,3642,123,2026-08-07T18:00:26.726,12,7.5,734.0,370.75,True,
run_20260807_175821_881241,3673,124,2026-08-07T18:00:27.760,0,272.0,469.0,370.5,True,
run_20260807_175821_881241,3673,124,2026-08-07T18:00:27.760,1,250.0,492.0,371.0,True,
run_20260807_175821_881241,3673,124,2026-08-07T18:00:27.760,2,228.07142857142858,514.0,371.0357142857143,True,
run_20260807_175821_881241,3673,124,2026-08-07T18:00:27.760,3,206.0,536.0,371.0,True,
run_20260807_175821_881241,3673,124,2026-08-07T18:00:27.760,4,183.5,558.0714285714286,370.7857142857143,True,
run_20260807_175821_881241,3673,124,2026-08-07T18:00:27.760,5,161.0,581.0,371.0,True,
run_20260807_175821_881241,3673,124,2026-08-07T18:00:27.760,6,138.5,603.25,370.875,True,
run_20260807_175821_881241,3673,124,2026-08-07T18:00:27.760,7,116.5,625.0,370.75,True,
run_20260807_175821_881241,3673,124,2026-08-07T18:00:27.760,8,94.92857142857143,647.0,370.9642857142857,True,
run_20260807_175821_881241,3673,124,2026-08-07T18:00:27.760,9,73.0,669.0,371.0,True,
run_20260807_175821_881241,3673,124,2026-08-07T18:00:27.760,10,51.0,691.0,371.0,True,
run_20260807_175821_881241,3673,124,2026-08-07T18:00:27.760,11,29.0,712.0,370.5,True,
run_20260807_175821_881241,3673,124,2026-08-07T18:00:27.760,12,7.5,734.0,370.75,True,
run_20260807_175821_881241,3704,125,2026-08-07T18:00:28.789,0,272.0,469.0,370.5,True,
run_20260807_175821_881241,3704,125,2026-08-07T18:00:28.789,1,250.0,492.0,371.0,True,
run_20260807_175821_881241,3704,125,2026-08-07T18:00:28.789,2,228.07142857142858,514.0,371.0357142857143,True,
run_20260807_175821_881241,3704,125,2026-08-07T18:00:28.789,3,206.0,536.0,371.0,True,
run_20260807_175821_881241,3704,125,2026-08-07T18:00:28.789,4,183.5,558.0714285714286,370.7857142857143,True,
run_20260807_175821_881241,3704,125,2026-08-07T18:00:28.789,5,161.0,581.0,371.0,True,
run_20260807_175821_881241,3704,125,2026-08-07T18:00:28.789,6,138.75,603.25,371.0,True,
run_20260807_175821_881241,3704,125,2026-08-07T18:00:28.789,7,116.5,625.0,370.75,True,
run_20260807_175821_881241,3704,125,2026-08-07T18:00:28.789,8,94.75,647.0,370.875,True,
run_20260807_175821_881241,3704,125,2026-08-07T18:00:28.789,9,73.0,669.0,371.0,True,
run_20260807_175821_881241,3704,125,2026-08-07T18:00:28.789,10,51.0,691.0,371.0,True,
run_20260807_175821_881241,3704,125,2026-08-07T18:00:28.789,11,29.0,712.0,370.5,True,
run_20260807_175821_881241,3704,125,2026-08-07T18:00:28.789,12,7.5,734.0,370.75,True,
run_20260807_175821_881241,3735,126,2026-08-07T18:00:29.826,0,272.0,469.0,370.5,True,
run_20260807_175821_881241,3735,126,2026-08-07T18:00:29.826,1,250.0,492.0,371.0,True,
run_20260807_175821_881241,3735,126,2026-08-07T18:00:29.826,2,228.07142857142858,514.0,371.0357142857143,True,
run_20260807_175821_881241,3735,126,2026-08-07T18:00:29.826,3,206.0,536.0,371.0,True,
run_20260807_175821_881241,3735,126,2026-08-07T18:00:29.826,4,183.0,558.0714285714286,370.5357142857143,True,
run_20260807_175821_881241,3735,126,2026-08-07T18:00:29.826,5,161.0,581.0,371.0,True,
run_20260807_175821_881241,3735,126,2026-08-07T18:00:29.826,6,138.75,603.25,371.0,True,
run_20260807_175821_881241,3735,126,2026-08-07T18:00:29.826,7,116.5,625.0,370.75,True,
run_20260807_175821_881241,3735,126,2026-08-07T18:00:29.826,8,95.0,647.0,371.0,True,
run_20260807_175821_881241,3735,126,2026-08-07T18:00:29.826,9,72.75,669.0,370.875,True,
run_20260807_175821_881241,3735,126,2026-08-07T18:00:29.826,10,51.0,691.0,371.0,True,
run_20260807_175821_881241,3735,126,2026-08-07T18:00:29.826,11,29.0,712.0,370.5,True,
run_20260807_175821_881241,3735,126,2026-08-07T18:00:29.826,12,7.5,734.0,370.75,True,
run_20260807_175821_881241,3766,127,2026-08-07T18:00:30.858,0,272.0,469.0,370.5,True,
run_20260807_175821_881241,3766,127,2026-08-07T18:00:30.858,1,250.0,492.0,371.0,True,
run_20260807_175821_881241,3766,127,2026-08-07T18:00:30.858,2,228.0,514.0,371.0,True,
run_20260807_175821_881241,3766,127,2026-08-07T18:00:30.858,3,206.0,536.0,371.0,True,
run_20260807_175821_881241,3766,127,2026-08-07T18:00:30.858,4,183.5,558.0714285714286,370.7857142857143,True,
run_20260807_175821_881241,3766,127,2026-08-07T18:00:30.858,5,161.0,581.0,371.0,True,
run_20260807_175821_881241,3766,127,2026-08-07T18:00:30.858,6,139.0,603.25,371.125,True,
run_20260807_175821_881241,3766,127,2026-08-07T18:00:30.858,7,116.5,625.0,370.75,True,
run_20260807_175821_881241,3766,127,2026-08-07T18:00:30.858,8,94.92857142857143,647.0,370.9642857142857,True,
run_20260807_175821_881241,3766,127,2026-08-07T18:00:30.858,9,72.84615384615384,669.0,370.9230769230769,True,
run_20260807_175821_881241,3766,127,2026-08-07T18:00:30.858,10,51.0,691.0,371.0,True,
run_20260807_175821_881241,3766,127,2026-08-07T18:00:30.858,11,29.0,712.0,370.5,True,
run_20260807_175821_881241,3766,127,2026-08-07T18:00:30.858,12,7.5,734.0,370.75,True,
run_20260807_175821_881241,3796,128,2026-08-07T18:00:31.890,0,272.0,469.0,370.5,True,
run_20260807_175821_881241,3796,128,2026-08-07T18:00:31.890,1,250.0,492.0,371.0,True,
run_20260807_175821_881241,3796,128,2026-08-07T18:00:31.890,2,228.07142857142858,514.0,371.0357142857143,True,
run_20260807_175821_881241,3796,128,2026-08-07T18:00:31.890,3,206.0,536.0,371.0,True,
run_20260807_175821_881241,3796,128,2026-08-07T18:00:31.890,4,183.5,558.1538461538462,370.8269230769231,True,
run_20260807_175821_881241,3796,128,2026-08-07T18:00:31.890,5,161.0,581.0,371.0,True,
run_20260807_175821_881241,3796,128,2026-08-07T18:00:31.890,6,138.75,603.25,371.0,True,
run_20260807_175821_881241,3796,128,2026-08-07T18:00:31.890,7,116.5,625.0,370.75,True,
run_20260807_175821_881241,3796,128,2026-08-07T18:00:31.890,8,95.0,647.0,371.0,True,
run_20260807_175821_881241,3796,128,2026-08-07T18:00:31.890,9,72.84615384615384,669.0,370.9230769230769,True,
run_20260807_175821_881241,3796,128,2026-08-07T18:00:31.890,10,51.0,691.0,371.0,True,
run_20260807_175821_881241,3796,128,2026-08-07T18:00:31.890,11,29.0,712.0,370.5,True,
run_20260807_175821_881241,3796,128,2026-08-07T18:00:31.890,12,7.5,734.0,370.75,True,
run_20260807_175821_881241,3826,129,2026-08-07T18:00:32.892,0,272.0,469.0,370.5,True,
run_20260807_175821_881241,3826,129,2026-08-07T18:00:32.892,1,250.0,492.0,371.0,True,
run_20260807_175821_881241,3826,129,2026-08-07T18:00:32.892,2,228.07142857142858,514.0,371.0357142857143,True,
run_20260807_175821_881241,3826,129,2026-08-07T18:00:32.892,3,206.0,536.0,371.0,True,
run_20260807_175821_881241,3826,129,2026-08-07T18:00:32.892,4,183.5,558.1538461538462,370.8269230769231,True,
run_20260807_175821_881241,3826,129,2026-08-07T18:00:32.892,5,161.0,581.0,371.0,True,
run_20260807_175821_881241,3826,129,2026-08-07T18:00:32.892,6,139.0,603.25,371.125,True,
run_20260807_175821_881241,3826,129,2026-08-07T18:00:32.892,7,116.5,625.0,370.75,True,
run_20260807_175821_881241,3826,129,2026-08-07T18:00:32.892,8,95.0,647.0,371.0,True,
run_20260807_175821_881241,3826,129,2026-08-07T18:00:32.892,9,72.84615384615384,669.0,370.9230769230769,True,
run_20260807_175821_881241,3826,129,2026-08-07T18:00:32.892,10,51.0,691.0,371.0,True,
run_20260807_175821_881241,3826,129,2026-08-07T18:00:32.892,11,29.0,712.0,370.5,True,
run_20260807_175821_881241,3826,129,2026-08-07T18:00:32.892,12,7.5,734.0,370.75,True,
run_20260807_175821_881241,3857,130,2026-08-07T18:00:33.921,0,272.0,469.0,370.5,True,
run_20260807_175821_881241,3857,130,2026-08-07T18:00:33.921,1,250.0,492.0,371.0,True,
run_20260807_175821_881241,3857,130,2026-08-07T18:00:33.921,2,228.07142857142858,514.0,371.0357142857143,True,
run_20260807_175821_881241,3857,130,2026-08-07T18:00:33.921,3,206.0,536.0,371.0,True,
run_20260807_175821_881241,3857,130,2026-08-07T18:00:33.921,4,183.5,558.3636363636364,370.9318181818182,True,
run_20260807_175821_881241,3857,130,2026-08-07T18:00:33.921,5,161.0,581.0,371.0,True,
run_20260807_175821_881241,3857,130,2026-08-07T18:00:33.921,6,139.0,603.25,371.125,True,
run_20260807_175821_881241,3857,130,2026-08-07T18:00:33.921,7,116.5,625.0,370.75,True,
run_20260807_175821_881241,3857,130,2026-08-07T18:00:33.921,8,95.0,647.0,371.0,True,
run_20260807_175821_881241,3857,130,2026-08-07T18:00:33.921,9,73.0,669.0,371.0,True,
run_20260807_175821_881241,3857,130,2026-08-07T18:00:33.921,10,51.0,691.0,371.0,True,
run_20260807_175821_881241,3857,130,2026-08-07T18:00:33.921,11,29.0,712.0,370.5,True,
run_20260807_175821_881241,3857,130,2026-08-07T18:00:33.921,12,7.5,734.0,370.75,True,
run_20260807_175821_881241,3887,131,2026-08-07T18:00:34.927,0,272.0,469.0,370.5,True,
run_20260807_175821_881241,3887,131,2026-08-07T18:00:34.927,1,250.0,492.0,371.0,True,
run_20260807_175821_881241,3887,131,2026-08-07T18:00:34.927,2,228.07142857142858,514.0,371.0357142857143,True,
run_20260807_175821_881241,3887,131,2026-08-07T18:00:34.927,3,206.0,536.0,371.0,True,
run_20260807_175821_881241,3887,131,2026-08-07T18:00:34.927,4,183.5,558.1538461538462,370.8269230769231,True,
run_20260807_175821_881241,3887,131,2026-08-07T18:00:34.927,5,161.0,581.0,371.0,True,
run_20260807_175821_881241,3887,131,2026-08-07T18:00:34.927,6,138.92857142857142,603.25,371.0892857142857,True,
run_20260807_175821_881241,3887,131,2026-08-07T18:00:34.927,7,116.5,625.0,370.75,True,
run_20260807_175821_881241,3887,131,2026-08-07T18:00:34.927,8,94.92857142857143,647.0,370.9642857142857,True,
run_20260807_175821_881241,3887,131,2026-08-07T18:00:34.927,9,73.0,669.0,371.0,True,
run_20260807_175821_881241,3887,131,2026-08-07T18:00:34.927,10,51.0,691.0,371.0,True,
run_20260807_175821_881241,3887,131,2026-08-07T18:00:34.927,11,29.0,712.0,370.5,True,
run_20260807_175821_881241,3887,131,2026-08-07T18:00:34.927,12,7.5,734.0,370.75,True,
run_20260807_175821_881241,3918,132,2026-08-07T18:00:35.960,0,272.0,469.0,370.5,True,
run_20260807_175821_881241,3918,132,2026-08-07T18:00:35.960,1,250.0,492.0,371.0,True,
run_20260807_175821_881241,3918,132,2026-08-07T18:00:35.960,2,228.07142857142858,514.0,371.0357142857143,True,
run_20260807_175821_881241,3918,132,2026-08-07T18:00:35.960,3,206.0,536.0,371.0,True,
run_20260807_175821_881241,3918,132,2026-08-07T18:00:35.960,4,183.5,558.1538461538462,370.8269230769231,True,
run_20260807_175821_881241,3918,132,2026-08-07T18:00:35.960,5,161.0,581.0,371.0,True,
run_20260807_175821_881241,3918,132,2026-08-07T18:00:35.960,6,138.75,603.25,371.0,True,
run_20260807_175821_881241,3918,132,2026-08-07T18:00:35.960,7,116.5,625.0,370.75,True,
run_20260807_175821_881241,3918,132,2026-08-07T18:00:35.960,8,95.0,647.0,371.0,True,
run_20260807_175821_881241,3918,132,2026-08-07T18:00:35.960,9,73.0,669.0,371.0,True,
run_20260807_175821_881241,3918,132,2026-08-07T18:00:35.960,10,51.0,691.0,371.0,True,
run_20260807_175821_881241,3918,132,2026-08-07T18:00:35.960,11,29.0,712.0,370.5,True,
run_20260807_175821_881241,3918,132,2026-08-07T18:00:35.960,12,7.5,734.0,370.75,True,
run_20260807_175821_881241,3949,133,2026-08-07T18:00:36.991,0,272.0,469.0,370.5,True,
run_20260807_175821_881241,3949,133,2026-08-07T18:00:36.991,1,250.0,492.0,371.0,True,
run_20260807_175821_881241,3949,133,2026-08-07T18:00:36.991,2,228.07142857142858,514.0,371.0357142857143,True,
run_20260807_175821_881241,3949,133,2026-08-07T18:00:36.991,3,206.0,536.0,371.0,True,
run_20260807_175821_881241,3949,133,2026-08-07T18:00:36.991,4,183.5,558.3636363636364,370.9318181818182,True,
run_20260807_175821_881241,3949,133,2026-08-07T18:00:36.991,5,161.0,581.0,371.0,True,
run_20260807_175821_881241,3949,133,2026-08-07T18:00:36.991,6,138.75,603.25,371.0,True,
run_20260807_175821_881241,3949,133,2026-08-07T18:00:36.991,7,116.5,625.0,370.75,True,
run_20260807_175821_881241,3949,133,2026-08-07T18:00:36.991,8,94.84615384615384,647.0,370.9230769230769,True,
run_20260807_175821_881241,3949,133,2026-08-07T18:00:36.991,9,73.0,669.0,371.0,True,
run_20260807_175821_881241,3949,133,2026-08-07T18:00:36.991,10,51.0,691.0,371.0,True,
run_20260807_175821_881241,3949,133,2026-08-07T18:00:36.991,11,29.0,712.0,370.5,True,
run_20260807_175821_881241,3949,133,2026-08-07T18:00:36.991,12,7.5,734.0,370.75,True,
run_20260807_175821_881241,3980,134,2026-08-07T18:00:38.027,0,272.0,469.0,370.5,True,
run_20260807_175821_881241,3980,134,2026-08-07T18:00:38.027,1,250.0,492.0,371.0,True,
run_20260807_175821_881241,3980,134,2026-08-07T18:00:38.027,2,228.07142857142858,514.0,371.0357142857143,True,
run_20260807_175821_881241,3980,134,2026-08-07T18:00:38.027,3,206.0,536.0,371.0,True,
run_20260807_175821_881241,3980,134,2026-08-07T18:00:38.027,4,183.5,558.0714285714286,370.7857142857143,True,
run_20260807_175821_881241,3980,134,2026-08-07T18:00:38.027,5,161.0,581.0,371.0,True,
run_20260807_175821_881241,3980,134,2026-08-07T18:00:38.027,6,138.75,603.25,371.0,True,
run_20260807_175821_881241,3980,134,2026-08-07T18:00:38.027,7,116.5,625.0,370.75,True,
run_20260807_175821_881241,3980,134,2026-08-07T18:00:38.027,8,94.84615384615384,647.0,370.9230769230769,True,
run_20260807_175821_881241,3980,134,2026-08-07T18:00:38.027,9,72.75,669.0,370.875,True,
run_20260807_175821_881241,3980,134,2026-08-07T18:00:38.027,10,51.0,691.0,371.0,True,
run_20260807_175821_881241,3980,134,2026-08-07T18:00:38.027,11,29.0,712.0,370.5,True,
run_20260807_175821_881241,3980,134,2026-08-07T18:00:38.027,12,7.5,734.0,370.75,True,
run_20260807_175821_881241,4011,135,2026-08-07T18:00:39.054,0,272.0,469.0,370.5,True,
run_20260807_175821_881241,4011,135,2026-08-07T18:00:39.054,1,250.0,492.0,371.0,True,
run_20260807_175821_881241,4011,135,2026-08-07T18:00:39.054,2,228.07142857142858,514.0,371.0357142857143,True,
run_20260807_175821_881241,4011,135,2026-08-07T18:00:39.054,3,206.0,536.0,371.0,True,
run_20260807_175821_881241,4011,135,2026-08-07T18:00:39.054,4,183.5,558.0714285714286,370.7857142857143,True,
run_20260807_175821_881241,4011,135,2026-08-07T18:00:39.054,5,161.0,581.0,371.0,True,
run_20260807_175821_881241,4011,135,2026-08-07T18:00:39.054,6,139.0,603.25,371.125,True,
run_20260807_175821_881241,4011,135,2026-08-07T18:00:39.054,7,116.5,625.0,370.75,True,
run_20260807_175821_881241,4011,135,2026-08-07T18:00:39.054,8,94.75,647.0,370.875,True,
run_20260807_175821_881241,4011,135,2026-08-07T18:00:39.054,9,73.0,669.0,371.0,True,
run_20260807_175821_881241,4011,135,2026-08-07T18:00:39.054,10,51.0,691.0,371.0,True,
run_20260807_175821_881241,4011,135,2026-08-07T18:00:39.054,11,29.0,712.1538461538462,370.5769230769231,True,
run_20260807_175821_881241,4011,135,2026-08-07T18:00:39.054,12,7.5,734.0,370.75,True,
run_20260807_175821_881241,4041,136,2026-08-07T18:00:40.059,0,272.0,469.0,370.5,True,
run_20260807_175821_881241,4041,136,2026-08-07T18:00:40.059,1,250.0,492.0,371.0,True,
run_20260807_175821_881241,4041,136,2026-08-07T18:00:40.059,2,228.07142857142858,514.0,371.0357142857143,True,
run_20260807_175821_881241,4041,136,2026-08-07T18:00:40.059,3,206.0,536.0,371.0,True,
run_20260807_175821_881241,4041,136,2026-08-07T18:00:40.059,4,183.5,558.3636363636364,370.9318181818182,True,
run_20260807_175821_881241,4041,136,2026-08-07T18:00:40.059,5,161.0,581.0,371.0,True,
run_20260807_175821_881241,4041,136,2026-08-07T18:00:40.059,6,138.5,603.25,370.875,True,
run_20260807_175821_881241,4041,136,2026-08-07T18:00:40.059,7,116.5,625.0,370.75,True,
run_20260807_175821_881241,4041,136,2026-08-07T18:00:40.059,8,95.0,647.0,371.0,True,
run_20260807_175821_881241,4041,136,2026-08-07T18:00:40.059,9,73.0,669.0,371.0,True,
run_20260807_175821_881241,4041,136,2026-08-07T18:00:40.059,10,51.0,691.0,371.0,True,
run_20260807_175821_881241,4041,136,2026-08-07T18:00:40.059,11,29.0,712.0,370.5,True,
run_20260807_175821_881241,4041,136,2026-08-07T18:00:40.059,12,7.5,734.0,370.75,True,
run_20260807_175821_881241,4072,137,2026-08-07T18:00:41.094,0,272.0,469.0,370.5,True,
run_20260807_175821_881241,4072,137,2026-08-07T18:00:41.094,1,250.0,492.0,371.0,True,
run_20260807_175821_881241,4072,137,2026-08-07T18:00:41.094,2,228.07142857142858,514.0,371.0357142857143,True,
run_20260807_175821_881241,4072,137,2026-08-07T18:00:41.094,3,206.0,536.0,371.0,True,
run_20260807_175821_881241,4072,137,2026-08-07T18:00:41.094,4,183.5,558.5,371.0,True,
run_20260807_175821_881241,4072,137,2026-08-07T18:00:41.094,5,161.0,581.0,371.0,True,
run_20260807_175821_881241,4072,137,2026-08-07T18:00:41.094,6,138.5,603.3636363636364,370.9318181818182,True,
run_20260807_175821_881241,4072,137,2026-08-07T18:00:41.094,7,116.5,625.0,370.75,True,
run_20260807_175821_881241,4072,137,2026-08-07T18:00:41.094,8,94.5,647.0,370.75,True,
run_20260807_175821_881241,4072,137,2026-08-07T18:00:41.094,9,72.5,669.0,370.75,True,
run_20260807_175821_881241,4072,137,2026-08-07T18:00:41.094,10,51.0,691.0,371.0,True,
run_20260807_175821_881241,4072,137,2026-08-07T18:00:41.094,11,29.0,712.1538461538462,370.5769230769231,True,
run_20260807_175821_881241,4072,137,2026-08-07T18:00:41.094,12,7.5,734.0,370.75,True,
run_20260807_175821_881241,4103,138,2026-08-07T18:00:42.124,0,272.0,469.0,370.5,True,
run_20260807_175821_881241,4103,138,2026-08-07T18:00:42.124,1,250.0,492.0,371.0,True,
run_20260807_175821_881241,4103,138,2026-08-07T18:00:42.124,2,228.07142857142858,514.0,371.0357142857143,True,
run_20260807_175821_881241,4103,138,2026-08-07T18:00:42.124,3,206.0,536.0,371.0,True,
run_20260807_175821_881241,4103,138,2026-08-07T18:00:42.124,4,183.5,558.5,371.0,True,
run_20260807_175821_881241,4103,138,2026-08-07T18:00:42.124,5,161.0,581.0,371.0,True,
run_20260807_175821_881241,4103,138,2026-08-07T18:00:42.124,6,138.5,603.25,370.875,True,
run_20260807_175821_881241,4103,138,2026-08-07T18:00:42.124,7,116.5,625.0,370.75,True,
run_20260807_175821_881241,4103,138,2026-08-07T18:00:42.124,8,94.5,647.0,370.75,True,
run_20260807_175821_881241,4103,138,2026-08-07T18:00:42.124,9,72.5,669.0,370.75,True,
run_20260807_175821_881241,4103,138,2026-08-07T18:00:42.124,10,51.0,691.0,371.0,True,
run_20260807_175821_881241,4103,138,2026-08-07T18:00:42.124,11,29.0,712.5,370.75,True,
run_20260807_175821_881241,4103,138,2026-08-07T18:00:42.124,12,7.5,734.0,370.75,True,
run_20260807_175821_881241,4133,139,2026-08-07T18:00:43.127,0,272.0,469.0,370.5,True,
run_20260807_175821_881241,4133,139,2026-08-07T18:00:43.127,1,250.0,492.0,371.0,True,
run_20260807_175821_881241,4133,139,2026-08-07T18:00:43.127,2,228.15384615384616,514.0,371.0769230769231,True,
run_20260807_175821_881241,4133,139,2026-08-07T18:00:43.127,3,205.84615384615384,536.0,370.9230769230769,True,
run_20260807_175821_881241,4133,139,2026-08-07T18:00:43.127,4,183.5,558.5,371.0,True,
run_20260807_175821_881241,4133,139,2026-08-07T18:00:43.127,5,161.0,581.0,371.0,True,
run_20260807_175821_881241,4133,139,2026-08-07T18:00:43.127,6,138.5,603.3636363636364,370.9318181818182,True,
run_20260807_175821_881241,4133,139,2026-08-07T18:00:43.127,7,116.5,625.0,370.75,True,
run_20260807_175821_881241,4133,139,2026-08-07T18:00:43.127,8,94.5,647.0,370.75,True,
run_20260807_175821_881241,4133,139,2026-08-07T18:00:43.127,9,72.5,669.0,370.75,True,
run_20260807_175821_881241,4133,139,2026-08-07T18:00:43.127,10,51.0,690.5,370.75,True,
run_20260807_175821_881241,4133,139,2026-08-07T18:00:43.127,11,29.0,712.5,370.75,True,
run_20260807_175821_881241,4133,139,2026-08-07T18:00:43.127,12,7.5,734.0,370.75,True,
run_20260807_175821_881241,4164,140,2026-08-07T18:00:44.157,0,272.0,469.15384615384613,370.5769230769231,True,
run_20260807_175821_881241,4164,140,2026-08-07T18:00:44.157,1,250.0,492.0,371.0,True,
run_20260807_175821_881241,4164,140,2026-08-07T18:00:44.157,2,228.15384615384616,514.0,371.0769230769231,True,
run_20260807_175821_881241,4164,140,2026-08-07T18:00:44.157,3,205.75,536.0,370.875,True,
run_20260807_175821_881241,4164,140,2026-08-07T18:00:44.157,4,183.5,558.5,371.0,True,
run_20260807_175821_881241,4164,140,2026-08-07T18:00:44.157,5,161.0,581.0,371.0,True,
run_20260807_175821_881241,4164,140,2026-08-07T18:00:44.157,6,138.5,603.5,371.0,True,
run_20260807_175821_881241,4164,140,2026-08-07T18:00:44.157,7,116.5,625.0,370.75,True,
run_20260807_175821_881241,4164,140,2026-08-07T18:00:44.157,8,94.5,647.0,370.75,True,
run_20260807_175821_881241,4164,140,2026-08-07T18:00:44.157,9,72.5,669.0,370.75,True,
run_20260807_175821_881241,4164,140,2026-08-07T18:00:44.157,10,51.0,690.5,370.75,True,
run_20260807_175821_881241,4164,140,2026-08-07T18:00:44.157,11,29.0,712.5,370.75,True,
run_20260807_175821_881241,4164,140,2026-08-07T18:00:44.157,12,7.5,733.5,370.5,True,
run_20260807_175821_881241,4195,141,2026-08-07T18:00:45.190,0,272.0,469.3636363636364,370.6818181818182,True,
run_20260807_175821_881241,4195,141,2026-08-07T18:00:45.190,1,250.0,492.0,371.0,True,
run_20260807_175821_881241,4195,141,2026-08-07T18:00:45.190,2,228.15384615384616,514.0,371.0769230769231,True,
run_20260807_175821_881241,4195,141,2026-08-07T18:00:45.190,3,205.75,536.0,370.875,True,
run_20260807_175821_881241,4195,141,2026-08-07T18:00:45.190,4,183.5,558.5,371.0,True,
run_20260807_175821_881241,4195,141,2026-08-07T18:00:45.190,5,161.0,581.0,371.0,True,
run_20260807_175821_881241,4195,141,2026-08-07T18:00:45.190,6,138.5,603.5,371.0,True,
run_20260807_175821_881241,4195,141,2026-08-07T18:00:45.190,7,116.5,625.0,370.75,True,
run_20260807_175821_881241,4195,141,2026-08-07T18:00:45.190,8,94.5,647.0,370.75,True,
run_20260807_175821_881241,4195,141,2026-08-07T18:00:45.190,9,72.5,669.0,370.75,True,
run_20260807_175821_881241,4195,141,2026-08-07T18:00:45.190,10,51.0,690.5,370.75,True,
run_20260807_175821_881241,4195,141,2026-08-07T18:00:45.190,11,29.0,712.5,370.75,True,
run_20260807_175821_881241,4195,141,2026-08-07T18:00:45.190,12,7.5,733.5,370.5,True,
run_20260807_175821_881241,4225,142,2026-08-07T18:00:46.192,0,272.0,469.3636363636364,370.6818181818182,True,
run_20260807_175821_881241,4225,142,2026-08-07T18:00:46.192,1,250.0,492.0,371.0,True,
run_20260807_175821_881241,4225,142,2026-08-07T18:00:46.192,2,228.15384615384616,514.0,371.0769230769231,True,
run_20260807_175821_881241,4225,142,2026-08-07T18:00:46.192,3,205.75,536.0,370.875,True,
run_20260807_175821_881241,4225,142,2026-08-07T18:00:46.192,4,183.5,558.5,371.0,True,
run_20260807_175821_881241,4225,142,2026-08-07T18:00:46.192,5,161.0,581.0,371.0,True,
run_20260807_175821_881241,4225,142,2026-08-07T18:00:46.192,6,138.5,603.5,371.0,True,
run_20260807_175821_881241,4225,142,2026-08-07T18:00:46.192,7,116.5,625.0,370.75,True,
run_20260807_175821_881241,4225,142,2026-08-07T18:00:46.192,8,94.5,647.0,370.75,True,
run_20260807_175821_881241,4225,142,2026-08-07T18:00:46.192,9,72.5,669.0,370.75,True,
run_20260807_175821_881241,4225,142,2026-08-07T18:00:46.192,10,51.0,690.5,370.75,True,
run_20260807_175821_881241,4225,142,2026-08-07T18:00:46.192,11,29.0,712.5,370.75,True,
run_20260807_175821_881241,4225,142,2026-08-07T18:00:46.192,12,7.5,733.5,370.5,True,
run_20260807_175821_881241,4256,143,2026-08-07T18:00:47.223,0,272.0,469.3636363636364,370.6818181818182,True,
run_20260807_175821_881241,4256,143,2026-08-07T18:00:47.223,1,250.0,492.0,371.0,True,
run_20260807_175821_881241,4256,143,2026-08-07T18:00:47.223,2,228.15384615384616,514.0,371.0769230769231,True,
run_20260807_175821_881241,4256,143,2026-08-07T18:00:47.223,3,205.75,536.0,370.875,True,
run_20260807_175821_881241,4256,143,2026-08-07T18:00:47.223,4,183.5,558.5,371.0,True,
run_20260807_175821_881241,4256,143,2026-08-07T18:00:47.223,5,161.0,581.0,371.0,True,
run_20260807_175821_881241,4256,143,2026-08-07T18:00:47.223,6,138.5,603.5,371.0,True,
run_20260807_175821_881241,4256,143,2026-08-07T18:00:47.223,7,116.5,625.0,370.75,True,
run_20260807_175821_881241,4256,143,2026-08-07T18:00:47.223,8,94.5,647.0,370.75,True,
run_20260807_175821_881241,4256,143,2026-08-07T18:00:47.223,9,72.5,669.0,370.75,True,
run_20260807_175821_881241,4256,143,2026-08-07T18:00:47.223,10,51.0,690.5,370.75,True,
run_20260807_175821_881241,4256,143,2026-08-07T18:00:47.223,11,29.0,712.5,370.75,True,
run_20260807_175821_881241,4256,143,2026-08-07T18:00:47.223,12,7.5,733.5,370.5,True,
run_20260807_175821_881241,4282,144,2026-08-07T18:00:48.226,0,272.0,469.5,370.75,True,
run_20260807_175821_881241,4282,144,2026-08-07T18:00:48.226,1,250.0,492.0,371.0,True,
run_20260807_175821_881241,4282,144,2026-08-07T18:00:48.226,2,228.15384615384616,514.0,371.0769230769231,True,
run_20260807_175821_881241,4282,144,2026-08-07T18:00:48.226,3,205.84615384615384,536.0,370.9230769230769,True,
run_20260807_175821_881241,4282,144,2026-08-07T18:00:48.226,4,183.5,558.5,371.0,True,
run_20260807_175821_881241,4282,144,2026-08-07T18:00:48.226,5,161.0,581.0,371.0,True,
run_20260807_175821_881241,4282,144,2026-08-07T18:00:48.226,6,138.5,603.5,371.0,True,
run_20260807_175821_881241,4282,144,2026-08-07T18:00:48.226,7,116.5,625.0,370.75,True,
run_20260807_175821_881241,4282,144,2026-08-07T18:00:48.226,8,94.5,647.0,370.75,True,
run_20260807_175821_881241,4282,144,2026-08-07T18:00:48.226,9,72.5,669.0,370.75,True,
run_20260807_175821_881241,4282,144,2026-08-07T18:00:48.226,10,51.0,690.5,370.75,True,
run_20260807_175821_881241,4282,144,2026-08-07T18:00:48.226,11,29.0,712.5,370.75,True,
run_20260807_175821_881241,4282,144,2026-08-07T18:00:48.226,12,7.5,733.5,370.5,True,
run_20260807_175821_881241,4312,145,2026-08-07T18:00:49.227,0,272.0,469.3636363636364,370.6818181818182,True,
run_20260807_175821_881241,4312,145,2026-08-07T18:00:49.227,1,250.0,492.0,371.0,True,
run_20260807_175821_881241,4312,145,2026-08-07T18:00:49.227,2,228.25,514.0,371.125,True,
run_20260807_175821_881241,4312,145,2026-08-07T18:00:49.227,3,205.84615384615384,536.0,370.9230769230769,True,
run_20260807_175821_881241,4312,145,2026-08-07T18:00:49.227,4,183.5,558.5,371.0,True,
run_20260807_175821_881241,4312,145,2026-08-07T18:00:49.227,5,161.0,581.0,371.0,True,
run_20260807_175821_881241,4312,145,2026-08-07T18:00:49.227,6,138.5,603.5,371.0,True,
run_20260807_175821_881241,4312,145,2026-08-07T18:00:49.227,7,116.5,625.0,370.75,True,
run_20260807_175821_881241,4312,145,2026-08-07T18:00:49.227,8,94.5,647.0,370.75,True,
run_20260807_175821_881241,4312,145,2026-08-07T18:00:49.227,9,72.5,669.0,370.75,True,
run_20260807_175821_881241,4312,145,2026-08-07T18:00:49.227,10,51.0,690.5,370.75,True,
run_20260807_175821_881241,4312,145,2026-08-07T18:00:49.227,11,29.0,712.5,370.75,True,
run_20260807_175821_881241,4312,145,2026-08-07T18:00:49.227,12,7.5,733.5,370.5,True,
run_20260807_175821_881241,4343,146,2026-08-07T18:00:50.260,0,272.0,469.3636363636364,370.6818181818182,True,
run_20260807_175821_881241,4343,146,2026-08-07T18:00:50.260,1,250.0,492.0,371.0,True,
run_20260807_175821_881241,4343,146,2026-08-07T18:00:50.260,2,228.15384615384616,514.0,371.0769230769231,True,
run_20260807_175821_881241,4343,146,2026-08-07T18:00:50.260,3,205.84615384615384,536.0,370.9230769230769,True,
run_20260807_175821_881241,4343,146,2026-08-07T18:00:50.260,4,183.5,558.5,371.0,True,
run_20260807_175821_881241,4343,146,2026-08-07T18:00:50.260,5,161.0,581.0,371.0,True,
run_20260807_175821_881241,4343,146,2026-08-07T18:00:50.260,6,138.5,603.5,371.0,True,
run_20260807_175821_881241,4343,146,2026-08-07T18:00:50.260,7,116.5,625.0,370.75,True,
run_20260807_175821_881241,4343,146,2026-08-07T18:00:50.260,8,94.5,647.0,370.75,True,
run_20260807_175821_881241,4343,146,2026-08-07T18:00:50.260,9,72.5,669.0,370.75,True,
run_20260807_175821_881241,4343,146,2026-08-07T18:00:50.260,10,51.0,690.5,370.75,True,
run_20260807_175821_881241,4343,146,2026-08-07T18:00:50.260,11,29.0,712.5,370.75,True,
run_20260807_175821_881241,4343,146,2026-08-07T18:00:50.260,12,7.5,733.5,370.5,True,
run_20260807_175821_881241,4374,147,2026-08-07T18:00:51.293,0,272.0,469.3636363636364,370.6818181818182,True,
run_20260807_175821_881241,4374,147,2026-08-07T18:00:51.293,1,250.0,492.0,371.0,True,
run_20260807_175821_881241,4374,147,2026-08-07T18:00:51.293,2,228.15384615384616,514.0,371.0769230769231,True,
run_20260807_175821_881241,4374,147,2026-08-07T18:00:51.293,3,205.84615384615384,536.0,370.9230769230769,True,
run_20260807_175821_881241,4374,147,2026-08-07T18:00:51.293,4,183.5,558.5,371.0,True,
run_20260807_175821_881241,4374,147,2026-08-07T18:00:51.293,5,161.0,581.0,371.0,True,
run_20260807_175821_881241,4374,147,2026-08-07T18:00:51.293,6,138.5,603.5,371.0,True,
run_20260807_175821_881241,4374,147,2026-08-07T18:00:51.293,7,116.5,625.0,370.75,True,
run_20260807_175821_881241,4374,147,2026-08-07T18:00:51.293,8,94.5,647.0,370.75,True,
run_20260807_175821_881241,4374,147,2026-08-07T18:00:51.293,9,72.5,669.0,370.75,True,
run_20260807_175821_881241,4374,147,2026-08-07T18:00:51.293,10,51.0,690.5,370.75,True,
run_20260807_175821_881241,4374,147,2026-08-07T18:00:51.293,11,29.0,712.5,370.75,True,
run_20260807_175821_881241,4374,147,2026-08-07T18:00:51.293,12,7.5,733.5,370.5,True,
run_20260807_175821_881241,4405,148,2026-08-07T18:00:52.321,0,272.0,469.3636363636364,370.6818181818182,True,
run_20260807_175821_881241,4405,148,2026-08-07T18:00:52.321,1,250.0,492.0,371.0,True,
run_20260807_175821_881241,4405,148,2026-08-07T18:00:52.321,2,228.25,514.0,371.125,True,
run_20260807_175821_881241,4405,148,2026-08-07T18:00:52.321,3,205.84615384615384,536.0,370.9230769230769,True,
run_20260807_175821_881241,4405,148,2026-08-07T18:00:52.321,4,183.5,558.5,371.0,True,
run_20260807_175821_881241,4405,148,2026-08-07T18:00:52.321,5,161.0,581.0,371.0,True,
run_20260807_175821_881241,4405,148,2026-08-07T18:00:52.321,6,138.5,603.5,371.0,True,
run_20260807_175821_881241,4405,148,2026-08-07T18:00:52.321,7,116.5,625.0,370.75,True,
run_20260807_175821_881241,4405,148,2026-08-07T18:00:52.321,8,94.5,647.0,370.75,True,
run_20260807_175821_881241,4405,148,2026-08-07T18:00:52.321,9,72.5,669.0,370.75,True,
run_20260807_175821_881241,4405,148,2026-08-07T18:00:52.321,10,51.0,690.5,370.75,True,
run_20260807_175821_881241,4405,148,2026-08-07T18:00:52.321,11,29.0,712.5,370.75,True,
run_20260807_175821_881241,4405,148,2026-08-07T18:00:52.321,12,7.5,733.5,370.5,True,
run_20260807_175821_881241,4435,149,2026-08-07T18:00:53.327,0,272.0,469.3636363636364,370.6818181818182,True,
run_20260807_175821_881241,4435,149,2026-08-07T18:00:53.327,1,250.0,492.0,371.0,True,
run_20260807_175821_881241,4435,149,2026-08-07T18:00:53.327,2,228.25,514.0,371.125,True,
run_20260807_175821_881241,4435,149,2026-08-07T18:00:53.327,3,205.84615384615384,536.0,370.9230769230769,True,
run_20260807_175821_881241,4435,149,2026-08-07T18:00:53.327,4,183.5,558.5,371.0,True,
run_20260807_175821_881241,4435,149,2026-08-07T18:00:53.327,5,161.0,581.0,371.0,True,
run_20260807_175821_881241,4435,149,2026-08-07T18:00:53.327,6,138.5,603.5,371.0,True,
run_20260807_175821_881241,4435,149,2026-08-07T18:00:53.327,7,116.5,625.0,370.75,True,
run_20260807_175821_881241,4435,149,2026-08-07T18:00:53.327,8,94.5,647.0,370.75,True,
run_20260807_175821_881241,4435,149,2026-08-07T18:00:53.327,9,72.5,669.0,370.75,True,
run_20260807_175821_881241,4435,149,2026-08-07T18:00:53.327,10,51.0,690.5,370.75,True,
run_20260807_175821_881241,4435,149,2026-08-07T18:00:53.327,11,29.0,712.5,370.75,True,
run_20260807_175821_881241,4435,149,2026-08-07T18:00:53.327,12,7.5,733.5,370.5,True,
run_20260807_175821_881241,4466,150,2026-08-07T18:00:54.355,0,272.0,469.15384615384613,370.5769230769231,True,
run_20260807_175821_881241,4466,150,2026-08-07T18:00:54.355,1,250.0,492.0,371.0,True,
run_20260807_175821_881241,4466,150,2026-08-07T18:00:54.355,2,228.25,514.0,371.125,True,
run_20260807_175821_881241,4466,150,2026-08-07T18:00:54.355,3,205.84615384615384,536.0,370.9230769230769,True,
run_20260807_175821_881241,4466,150,2026-08-07T18:00:54.355,4,183.5,558.5,371.0,True,
run_20260807_175821_881241,4466,150,2026-08-07T18:00:54.355,5,161.0,581.0,371.0,True,
run_20260807_175821_881241,4466,150,2026-08-07T18:00:54.355,6,138.5,603.5,371.0,True,
run_20260807_175821_881241,4466,150,2026-08-07T18:00:54.355,7,116.5,625.0,370.75,True,
run_20260807_175821_881241,4466,150,2026-08-07T18:00:54.355,8,94.5,647.0,370.75,True,
run_20260807_175821_881241,4466,150,2026-08-07T18:00:54.355,9,72.5,669.0,370.75,True,
run_20260807_175821_881241,4466,150,2026-08-07T18:00:54.355,10,51.0,690.5,370.75,True,
run_20260807_175821_881241,4466,150,2026-08-07T18:00:54.355,11,29.0,712.5,370.75,True,
run_20260807_175821_881241,4466,150,2026-08-07T18:00:54.355,12,7.5,733.5,370.5,True,
run_20260807_175821_881241,4496,151,2026-08-07T18:00:55.360,0,272.0,469.3636363636364,370.6818181818182,True,
run_20260807_175821_881241,4496,151,2026-08-07T18:00:55.360,1,250.0,492.0,371.0,True,
run_20260807_175821_881241,4496,151,2026-08-07T18:00:55.360,2,228.25,514.0,371.125,True,
run_20260807_175821_881241,4496,151,2026-08-07T18:00:55.360,3,205.75,536.0,370.875,True,
run_20260807_175821_881241,4496,151,2026-08-07T18:00:55.360,4,183.5,558.5,371.0,True,
run_20260807_175821_881241,4496,151,2026-08-07T18:00:55.360,5,161.0,581.0,371.0,True,
run_20260807_175821_881241,4496,151,2026-08-07T18:00:55.360,6,138.5,603.5,371.0,True,
run_20260807_175821_881241,4496,151,2026-08-07T18:00:55.360,7,116.5,625.0,370.75,True,
run_20260807_175821_881241,4496,151,2026-08-07T18:00:55.360,8,94.5,647.0,370.75,True,
run_20260807_175821_881241,4496,151,2026-08-07T18:00:55.360,9,72.5,669.0,370.75,True,
run_20260807_175821_881241,4496,151,2026-08-07T18:00:55.360,10,51.0,690.5,370.75,True,
run_20260807_175821_881241,4496,151,2026-08-07T18:00:55.360,11,29.0,712.5,370.75,True,
run_20260807_175821_881241,4496,151,2026-08-07T18:00:55.360,12,7.5,733.5,370.5,True,
run_20260807_175821_881241,4527,152,2026-08-07T18:00:56.393,0,272.0,469.15384615384613,370.5769230769231,True,
run_20260807_175821_881241,4527,152,2026-08-07T18:00:56.393,1,250.0,492.0,371.0,True,
run_20260807_175821_881241,4527,152,2026-08-07T18:00:56.393,2,228.25,514.0,371.125,True,
run_20260807_175821_881241,4527,152,2026-08-07T18:00:56.393,3,205.75,536.0,370.875,True,
run_20260807_175821_881241,4527,152,2026-08-07T18:00:56.393,4,183.5,558.5,371.0,True,
run_20260807_175821_881241,4527,152,2026-08-07T18:00:56.393,5,161.0,581.0,371.0,True,
run_20260807_175821_881241,4527,152,2026-08-07T18:00:56.393,6,138.5,603.5,371.0,True,
run_20260807_175821_881241,4527,152,2026-08-07T18:00:56.393,7,116.5,625.0,370.75,True,
run_20260807_175821_881241,4527,152,2026-08-07T18:00:56.393,8,94.5,647.0,370.75,True,
run_20260807_175821_881241,4527,152,2026-08-07T18:00:56.393,9,72.5,669.0,370.75,True,
run_20260807_175821_881241,4527,152,2026-08-07T18:00:56.393,10,51.0,690.5,370.75,True,
run_20260807_175821_881241,4527,152,2026-08-07T18:00:56.393,11,29.0,712.5,370.75,True,
run_20260807_175821_881241,4527,152,2026-08-07T18:00:56.393,12,7.5,733.5,370.5,True,
run_20260807_175821_881241,4558,153,2026-08-07T18:00:57.422,0,272.0,469.15384615384613,370.5769230769231,True,
run_20260807_175821_881241,4558,153,2026-08-07T18:00:57.422,1,250.0,492.0,371.0,True,
run_20260807_175821_881241,4558,153,2026-08-07T18:00:57.422,2,228.15384615384616,514.0,371.0769230769231,True,
run_20260807_175821_881241,4558,153,2026-08-07T18:00:57.422,3,205.75,536.0,370.875,True,
run_20260807_175821_881241,4558,153,2026-08-07T18:00:57.422,4,183.5,558.5,371.0,True,
run_20260807_175821_881241,4558,153,2026-08-07T18:00:57.422,5,161.0,581.0,371.0,True,
run_20260807_175821_881241,4558,153,2026-08-07T18:00:57.422,6,138.5,603.5,371.0,True,
run_20260807_175821_881241,4558,153,2026-08-07T18:00:57.422,7,116.5,625.0,370.75,True,
run_20260807_175821_881241,4558,153,2026-08-07T18:00:57.422,8,94.5,647.0,370.75,True,
run_20260807_175821_881241,4558,153,2026-08-07T18:00:57.422,9,72.5,669.0,370.75,True,
run_20260807_175821_881241,4558,153,2026-08-07T18:00:57.422,10,51.0,690.5,370.75,True,
run_20260807_175821_881241,4558,153,2026-08-07T18:00:57.422,11,29.0,712.5,370.75,True,
run_20260807_175821_881241,4558,153,2026-08-07T18:00:57.422,12,7.5,733.5,370.5,True,
run_20260807_175821_881241,4588,154,2026-08-07T18:00:58.423,0,272.0,469.0,370.5,True,
run_20260807_175821_881241,4588,154,2026-08-07T18:00:58.423,1,250.0,492.0,371.0,True,
run_20260807_175821_881241,4588,154,2026-08-07T18:00:58.423,2,228.25,514.0,371.125,True,
run_20260807_175821_881241,4588,154,2026-08-07T18:00:58.423,3,205.75,536.0,370.875,True,
run_20260807_175821_881241,4588,154,2026-08-07T18:00:58.423,4,183.5,558.5,371.0,True,
run_20260807_175821_881241,4588,154,2026-08-07T18:00:58.423,5,161.0,581.0,371.0,True,
run_20260807_175821_881241,4588,154,2026-08-07T18:00:58.423,6,138.5,603.5,371.0,True,
run_20260807_175821_881241,4588,154,2026-08-07T18:00:58.423,7,116.5,625.0,370.75,True,
run_20260807_175821_881241,4588,154,2026-08-07T18:00:58.423,8,94.5,647.0,370.75,True,
run_20260807_175821_881241,4588,154,2026-08-07T18:00:58.423,9,72.5,669.0,370.75,True,
run_20260807_175821_881241,4588,154,2026-08-07T18:00:58.423,10,51.0,690.5,370.75,True,
run_20260807_175821_881241,4588,154,2026-08-07T18:00:58.423,11,29.0,712.5,370.75,True,
run_20260807_175821_881241,4588,154,2026-08-07T18:00:58.423,12,7.5,733.5,370.5,True,
run_20260807_175821_881241,4618,155,2026-08-07T18:00:59.433,0,272.0,469.3636363636364,370.6818181818182,True,
run_20260807_175821_881241,4618,155,2026-08-07T18:00:59.433,1,250.0,492.0,371.0,True,
run_20260807_175821_881241,4618,155,2026-08-07T18:00:59.433,2,228.25,514.0,371.125,True,
run_20260807_175821_881241,4618,155,2026-08-07T18:00:59.433,3,205.75,536.0,370.875,True,
run_20260807_175821_881241,4618,155,2026-08-07T18:00:59.433,4,183.5,558.5,371.0,True,
run_20260807_175821_881241,4618,155,2026-08-07T18:00:59.433,5,161.0,581.0,371.0,True,
run_20260807_175821_881241,4618,155,2026-08-07T18:00:59.433,6,138.5,603.5,371.0,True,
run_20260807_175821_881241,4618,155,2026-08-07T18:00:59.433,7,116.5,625.0,370.75,True,
run_20260807_175821_881241,4618,155,2026-08-07T18:00:59.433,8,94.5,647.0,370.75,True,
run_20260807_175821_881241,4618,155,2026-08-07T18:00:59.433,9,72.5,669.0,370.75,True,
run_20260807_175821_881241,4618,155,2026-08-07T18:00:59.433,10,51.0,690.5,370.75,True,
run_20260807_175821_881241,4618,155,2026-08-07T18:00:59.433,11,29.0,712.5,370.75,True,
run_20260807_175821_881241,4618,155,2026-08-07T18:00:59.433,12,7.5,733.5,370.5,True,
run_20260807_175821_881241,4649,156,2026-08-07T18:01:00.455,0,272.0,469.0,370.5,True,
run_20260807_175821_881241,4649,156,2026-08-07T18:01:00.455,1,250.0,492.0,371.0,True,
run_20260807_175821_881241,4649,156,2026-08-07T18:01:00.455,2,228.15384615384616,514.0,371.0769230769231,True,
run_20260807_175821_881241,4649,156,2026-08-07T18:01:00.455,3,205.75,536.0,370.875,True,
run_20260807_175821_881241,4649,156,2026-08-07T18:01:00.455,4,183.5,558.5,371.0,True,
run_20260807_175821_881241,4649,156,2026-08-07T18:01:00.455,5,161.0,581.0,371.0,True,
run_20260807_175821_881241,4649,156,2026-08-07T18:01:00.455,6,138.5,603.5,371.0,True,
run_20260807_175821_881241,4649,156,2026-08-07T18:01:00.455,7,116.5,625.0,370.75,True,
run_20260807_175821_881241,4649,156,2026-08-07T18:01:00.455,8,94.5,647.0,370.75,True,
run_20260807_175821_881241,4649,156,2026-08-07T18:01:00.455,9,72.5,669.0,370.75,True,
run_20260807_175821_881241,4649,156,2026-08-07T18:01:00.455,10,51.0,690.5,370.75,True,
run_20260807_175821_881241,4649,156,2026-08-07T18:01:00.455,11,29.0,712.5,370.75,True,
run_20260807_175821_881241,4649,156,2026-08-07T18:01:00.455,12,7.5,733.5,370.5,True,
run_20260807_175821_881241,4679,157,2026-08-07T18:01:01.456,0,272.0,469.07142857142856,370.5357142857143,True,
run_20260807_175821_881241,4679,157,2026-08-07T18:01:01.456,1,250.0,492.0,371.0,True,
run_20260807_175821_881241,4679,157,2026-08-07T18:01:01.456,2,228.15384615384616,514.0,371.0769230769231,True,
run_20260807_175821_881241,4679,157,2026-08-07T18:01:01.456,3,205.75,536.0,370.875,True,
run_20260807_175821_881241,4679,157,2026-08-07T18:01:01.456,4,183.5,558.5,371.0,True,
run_20260807_175821_881241,4679,157,2026-08-07T18:01:01.456,5,161.0,581.0,371.0,True,
run_20260807_175821_881241,4679,157,2026-08-07T18:01:01.456,6,138.5,603.5,371.0,True,
run_20260807_175821_881241,4679,157,2026-08-07T18:01:01.456,7,116.5,625.0,370.75,True,
run_20260807_175821_881241,4679,157,2026-08-07T18:01:01.456,8,94.5,647.0,370.75,True,
run_20260807_175821_881241,4679,157,2026-08-07T18:01:01.456,9,72.5,669.0,370.75,True,
run_20260807_175821_881241,4679,157,2026-08-07T18:01:01.456,10,51.0,690.5,370.75,True,
run_20260807_175821_881241,4679,157,2026-08-07T18:01:01.456,11,29.0,712.5,370.75,True,
run_20260807_175821_881241,4679,157,2026-08-07T18:01:01.456,12,7.5,733.5,370.5,True,
run_20260807_175821_881241,4709,158,2026-08-07T18:01:02.459,0,272.0,469.15384615384613,370.5769230769231,True,
run_20260807_175821_881241,4709,158,2026-08-07T18:01:02.459,1,250.0,492.0,371.0,True,
run_20260807_175821_881241,4709,158,2026-08-07T18:01:02.459,2,228.25,514.0,371.125,True,
run_20260807_175821_881241,4709,158,2026-08-07T18:01:02.459,3,205.75,536.0,370.875,True,
run_20260807_175821_881241,4709,158,2026-08-07T18:01:02.459,4,183.5,558.5,371.0,True,
run_20260807_175821_881241,4709,158,2026-08-07T18:01:02.459,5,161.0,581.0,371.0,True,
run_20260807_175821_881241,4709,158,2026-08-07T18:01:02.459,6,138.5,603.5,371.0,True,
run_20260807_175821_881241,4709,158,2026-08-07T18:01:02.459,7,116.5,625.0,370.75,True,
run_20260807_175821_881241,4709,158,2026-08-07T18:01:02.459,8,94.5,647.0,370.75,True,
run_20260807_175821_881241,4709,158,2026-08-07T18:01:02.459,9,72.5,669.0,370.75,True,
run_20260807_175821_881241,4709,158,2026-08-07T18:01:02.459,10,51.0,690.5,370.75,True,
run_20260807_175821_881241,4709,158,2026-08-07T18:01:02.459,11,29.0,712.5,370.75,True,
run_20260807_175821_881241,4709,158,2026-08-07T18:01:02.459,12,7.5,733.5,370.5,True,
run_20260807_175821_881241,4740,159,2026-08-07T18:01:03.490,0,272.0,469.15384615384613,370.5769230769231,True,
run_20260807_175821_881241,4740,159,2026-08-07T18:01:03.490,1,250.0,492.0,371.0,True,
run_20260807_175821_881241,4740,159,2026-08-07T18:01:03.490,2,228.25,514.0,371.125,True,
run_20260807_175821_881241,4740,159,2026-08-07T18:01:03.490,3,205.75,536.0,370.875,True,
run_20260807_175821_881241,4740,159,2026-08-07T18:01:03.490,4,183.5,558.5,371.0,True,
run_20260807_175821_881241,4740,159,2026-08-07T18:01:03.490,5,161.0,581.0,371.0,True,
run_20260807_175821_881241,4740,159,2026-08-07T18:01:03.490,6,138.5,603.5,371.0,True,
run_20260807_175821_881241,4740,159,2026-08-07T18:01:03.490,7,116.5,625.0,370.75,True,
run_20260807_175821_881241,4740,159,2026-08-07T18:01:03.490,8,94.5,647.0,370.75,True,
run_20260807_175821_881241,4740,159,2026-08-07T18:01:03.490,9,72.5,669.0,370.75,True,
run_20260807_175821_881241,4740,159,2026-08-07T18:01:03.490,10,51.0,690.5,370.75,True,
run_20260807_175821_881241,4740,159,2026-08-07T18:01:03.490,11,29.0,712.5,370.75,True,
run_20260807_175821_881241,4740,159,2026-08-07T18:01:03.490,12,7.5,733.5,370.5,True,
run_20260807_175821_881241,4771,160,2026-08-07T18:01:04.526,0,272.0,469.07142857142856,370.5357142857143,True,
run_20260807_175821_881241,4771,160,2026-08-07T18:01:04.526,1,250.0,492.0,371.0,True,
run_20260807_175821_881241,4771,160,2026-08-07T18:01:04.526,2,228.25,514.0,371.125,True,
run_20260807_175821_881241,4771,160,2026-08-07T18:01:04.526,3,205.84615384615384,536.0,370.9230769230769,True,
run_20260807_175821_881241,4771,160,2026-08-07T18:01:04.526,4,183.5,558.5,371.0,True,
run_20260807_175821_881241,4771,160,2026-08-07T18:01:04.526,5,161.0,581.0,371.0,True,
run_20260807_175821_881241,4771,160,2026-08-07T18:01:04.526,6,138.5,603.5,371.0,True,
run_20260807_175821_881241,4771,160,2026-08-07T18:01:04.526,7,116.5,625.0,370.75,True,
run_20260807_175821_881241,4771,160,2026-08-07T18:01:04.526,8,94.5,647.0,370.75,True,
run_20260807_175821_881241,4771,160,2026-08-07T18:01:04.526,9,72.5,669.0,370.75,True,
run_20260807_175821_881241,4771,160,2026-08-07T18:01:04.526,10,51.0,690.5,370.75,True,
run_20260807_175821_881241,4771,160,2026-08-07T18:01:04.526,11,29.0,712.5,370.75,True,
run_20260807_175821_881241,4771,160,2026-08-07T18:01:04.526,12,7.5,733.5,370.5,True,
run_20260807_175821_881241,4801,161,2026-08-07T18:01:05.532,0,272.0,469.15384615384613,370.5769230769231,True,
run_20260807_175821_881241,4801,161,2026-08-07T18:01:05.532,1,250.0,492.0,371.0,True,
run_20260807_175821_881241,4801,161,2026-08-07T18:01:05.532,2,228.25,514.0,371.125,True,
run_20260807_175821_881241,4801,161,2026-08-07T18:01:05.532,3,205.84615384615384,536.0,370.9230769230769,True,
run_20260807_175821_881241,4801,161,2026-08-07T18:01:05.532,4,183.5,558.5,371.0,True,
run_20260807_175821_881241,4801,161,2026-08-07T18:01:05.532,5,161.0,581.0,371.0,True,
run_20260807_175821_881241,4801,161,2026-08-07T18:01:05.532,6,138.5,603.5,371.0,True,
run_20260807_175821_881241,4801,161,2026-08-07T18:01:05.532,7,116.5,625.0,370.75,True,
run_20260807_175821_881241,4801,161,2026-08-07T18:01:05.532,8,94.5,647.0,370.75,True,
run_20260807_175821_881241,4801,161,2026-08-07T18:01:05.532,9,72.5,669.0,370.75,True,
run_20260807_175821_881241,4801,161,2026-08-07T18:01:05.532,10,51.0,690.5,370.75,True,
run_20260807_175821_881241,4801,161,2026-08-07T18:01:05.532,11,29.0,712.5,370.75,True,
run_20260807_175821_881241,4801,161,2026-08-07T18:01:05.532,12,7.5,733.5,370.5,True,
run_20260807_175821_881241,4832,162,2026-08-07T18:01:06.556,0,272.0,469.0,370.5,True,
run_20260807_175821_881241,4832,162,2026-08-07T18:01:06.556,1,250.0,492.0,371.0,True,
run_20260807_175821_881241,4832,162,2026-08-07T18:01:06.556,2,228.25,514.0,371.125,True,
run_20260807_175821_881241,4832,162,2026-08-07T18:01:06.556,3,205.84615384615384,536.0,370.9230769230769,True,
run_20260807_175821_881241,4832,162,2026-08-07T18:01:06.556,4,183.5,558.5,371.0,True,
run_20260807_175821_881241,4832,162,2026-08-07T18:01:06.556,5,161.0,581.0,371.0,True,
run_20260807_175821_881241,4832,162,2026-08-07T18:01:06.556,6,138.5,603.5,371.0,True,
run_20260807_175821_881241,4832,162,2026-08-07T18:01:06.556,7,116.5,625.0,370.75,True,
run_20260807_175821_881241,4832,162,2026-08-07T18:01:06.556,8,94.5,647.0,370.75,True,
run_20260807_175821_881241,4832,162,2026-08-07T18:01:06.556,9,72.5,669.0,370.75,True,
run_20260807_175821_881241,4832,162,2026-08-07T18:01:06.556,10,51.0,690.5,370.75,True,
run_20260807_175821_881241,4832,162,2026-08-07T18:01:06.556,11,29.0,712.5,370.75,True,
run_20260807_175821_881241,4832,162,2026-08-07T18:01:06.556,12,7.5,733.5,370.5,True,
run_20260807_175821_881241,4862,163,2026-08-07T18:01:07.557,0,272.0,469.15384615384613,370.5769230769231,True,
run_20260807_175821_881241,4862,163,2026-08-07T18:01:07.557,1,250.0,492.0,371.0,True,
run_20260807_175821_881241,4862,163,2026-08-07T18:01:07.557,2,228.15384615384616,514.0,371.0769230769231,True,
run_20260807_175821_881241,4862,163,2026-08-07T18:01:07.557,3,205.84615384615384,536.0,370.9230769230769,True,
run_20260807_175821_881241,4862,163,2026-08-07T18:01:07.557,4,183.5,558.5,371.0,True,
run_20260807_175821_881241,4862,163,2026-08-07T18:01:07.557,5,161.0,581.0,371.0,True,
run_20260807_175821_881241,4862,163,2026-08-07T18:01:07.557,6,138.5,603.5,371.0,True,
run_20260807_175821_881241,4862,163,2026-08-07T18:01:07.557,7,116.5,625.0,370.75,True,
run_20260807_175821_881241,4862,163,2026-08-07T18:01:07.557,8,94.5,647.0,370.75,True,
run_20260807_175821_881241,4862,163,2026-08-07T18:01:07.557,9,72.5,669.0,370.75,True,
run_20260807_175821_881241,4862,163,2026-08-07T18:01:07.557,10,51.0,690.5,370.75,True,
run_20260807_175821_881241,4862,163,2026-08-07T18:01:07.557,11,29.0,712.5,370.75,True,
run_20260807_175821_881241,4862,163,2026-08-07T18:01:07.557,12,7.5,733.5,370.5,True,
run_20260807_175821_881241,4893,164,2026-08-07T18:01:08.588,0,272.0,469.25,370.625,True,
run_20260807_175821_881241,4893,164,2026-08-07T18:01:08.588,1,250.0,492.0,371.0,True,
run_20260807_175821_881241,4893,164,2026-08-07T18:01:08.588,2,228.15384615384616,514.0,371.0769230769231,True,
run_20260807_175821_881241,4893,164,2026-08-07T18:01:08.588,3,205.84615384615384,536.0,370.9230769230769,True,
run_20260807_175821_881241,4893,164,2026-08-07T18:01:08.588,4,183.5,558.5,371.0,True,
run_20260807_175821_881241,4893,164,2026-08-07T18:01:08.588,5,161.0,581.0,371.0,True,
run_20260807_175821_881241,4893,164,2026-08-07T18:01:08.588,6,138.5,603.5,371.0,True,
run_20260807_175821_881241,4893,164,2026-08-07T18:01:08.588,7,116.5,625.0,370.75,True,
run_20260807_175821_881241,4893,164,2026-08-07T18:01:08.588,8,94.5,647.0,370.75,True,
run_20260807_175821_881241,4893,164,2026-08-07T18:01:08.588,9,72.5,669.0,370.75,True,
run_20260807_175821_881241,4893,164,2026-08-07T18:01:08.588,10,51.0,690.5,370.75,True,
run_20260807_175821_881241,4893,164,2026-08-07T18:01:08.588,11,29.0,712.5,370.75,True,
run_20260807_175821_881241,4893,164,2026-08-07T18:01:08.588,12,7.5,733.5,370.5,True,
run_20260807_175821_881241,4923,165,2026-08-07T18:01:09.591,0,272.0,469.3636363636364,370.6818181818182,True,
run_20260807_175821_881241,4923,165,2026-08-07T18:01:09.591,1,250.0,492.0,371.0,True,
run_20260807_175821_881241,4923,165,2026-08-07T18:01:09.591,2,228.15384615384616,514.0,371.0769230769231,True,
run_20260807_175821_881241,4923,165,2026-08-07T18:01:09.591,3,205.75,536.0,370.875,True,
run_20260807_175821_881241,4923,165,2026-08-07T18:01:09.591,4,183.5,558.5,371.0,True,
run_20260807_175821_881241,4923,165,2026-08-07T18:01:09.591,5,161.0,581.0,371.0,True,
run_20260807_175821_881241,4923,165,2026-08-07T18:01:09.591,6,138.5,603.5,371.0,True,
run_20260807_175821_881241,4923,165,2026-08-07T18:01:09.591,7,116.5,625.0,370.75,True,
run_20260807_175821_881241,4923,165,2026-08-07T18:01:09.591,8,94.5,647.0,370.75,True,
run_20260807_175821_881241,4923,165,2026-08-07T18:01:09.591,9,72.5,669.0,370.75,True,
run_20260807_175821_881241,4923,165,2026-08-07T18:01:09.591,10,51.0,690.5,370.75,True,
run_20260807_175821_881241,4923,165,2026-08-07T18:01:09.591,11,29.0,712.5,370.75,True,
run_20260807_175821_881241,4923,165,2026-08-07T18:01:09.591,12,7.5,733.5,370.5,True,
run_20260807_175821_881241,4953,166,2026-08-07T18:01:10.595,0,272.0,469.15384615384613,370.5769230769231,True,
run_20260807_175821_881241,4953,166,2026-08-07T18:01:10.595,1,250.0,492.0,371.0,True,
run_20260807_175821_881241,4953,166,2026-08-07T18:01:10.595,2,228.25,514.0,371.125,True,
run_20260807_175821_881241,4953,166,2026-08-07T18:01:10.595,3,205.75,536.0,370.875,True,
run_20260807_175821_881241,4953,166,2026-08-07T18:01:10.595,4,183.5,558.5,371.0,True,
run_20260807_175821_881241,4953,166,2026-08-07T18:01:10.595,5,161.0,581.0,371.0,True,
run_20260807_175821_881241,4953,166,2026-08-07T18:01:10.595,6,138.5,603.5,371.0,True,
run_20260807_175821_881241,4953,166,2026-08-07T18:01:10.595,7,116.5,625.0,370.75,True,
run_20260807_175821_881241,4953,166,2026-08-07T18:01:10.595,8,94.5,647.0,370.75,True,
run_20260807_175821_881241,4953,166,2026-08-07T18:01:10.595,9,72.5,669.0,370.75,True,
run_20260807_175821_881241,4953,166,2026-08-07T18:01:10.595,10,51.0,690.5,370.75,True,
run_20260807_175821_881241,4953,166,2026-08-07T18:01:10.595,11,29.0,712.5,370.75,True,
run_20260807_175821_881241,4953,166,2026-08-07T18:01:10.595,12,7.5,734.0,370.75,True,
run_20260807_175821_881241,4984,167,2026-08-07T18:01:11.623,0,272.0,469.25,370.625,True,
run_20260807_175821_881241,4984,167,2026-08-07T18:01:11.623,1,250.0,492.0,371.0,True,
run_20260807_175821_881241,4984,167,2026-08-07T18:01:11.623,2,228.15384615384616,514.0,371.0769230769231,True,
run_20260807_175821_881241,4984,167,2026-08-07T18:01:11.623,3,205.75,536.0,370.875,True,
run_20260807_175821_881241,4984,167,2026-08-07T18:01:11.623,4,183.5,558.5,371.0,True,
run_20260807_175821_881241,4984,167,2026-08-07T18:01:11.623,5,161.0,581.0,371.0,True,
run_20260807_175821_881241,4984,167,2026-08-07T18:01:11.623,6,138.5,603.5,371.0,True,
run_20260807_175821_881241,4984,167,2026-08-07T18:01:11.623,7,116.5,625.0,370.75,True,
run_20260807_175821_881241,4984,167,2026-08-07T18:01:11.623,8,94.5,647.0,370.75,True,
run_20260807_175821_881241,4984,167,2026-08-07T18:01:11.623,9,72.5,669.0,370.75,True,
run_20260807_175821_881241,4984,167,2026-08-07T18:01:11.623,10,51.0,690.5,370.75,True,
run_20260807_175821_881241,4984,167,2026-08-07T18:01:11.623,11,29.0,712.5,370.75,True,
run_20260807_175821_881241,4984,167,2026-08-07T18:01:11.623,12,7.5,734.0,370.75,True,
run_20260807_175821_881241,5014,168,2026-08-07T18:01:12.624,0,272.0,469.3636363636364,370.6818181818182,True,
run_20260807_175821_881241,5014,168,2026-08-07T18:01:12.624,1,250.0,492.0,371.0,True,
run_20260807_175821_881241,5014,168,2026-08-07T18:01:12.624,2,228.25,514.0,371.125,True,
run_20260807_175821_881241,5014,168,2026-08-07T18:01:12.624,3,205.75,536.0,370.875,True,
run_20260807_175821_881241,5014,168,2026-08-07T18:01:12.624,4,183.5,558.5,371.0,True,
run_20260807_175821_881241,5014,168,2026-08-07T18:01:12.624,5,161.0,581.0,371.0,True,
run_20260807_175821_881241,5014,168,2026-08-07T18:01:12.624,6,138.5,603.5,371.0,True,
run_20260807_175821_881241,5014,168,2026-08-07T18:01:12.624,7,116.5,625.0,370.75,True,
run_20260807_175821_881241,5014,168,2026-08-07T18:01:12.624,8,94.5,647.0,370.75,True,
run_20260807_175821_881241,5014,168,2026-08-07T18:01:12.624,9,72.5,669.0,370.75,True,
run_20260807_175821_881241,5014,168,2026-08-07T18:01:12.624,10,51.0,690.5,370.75,True,
run_20260807_175821_881241,5014,168,2026-08-07T18:01:12.624,11,29.0,712.5,370.75,True,
run_20260807_175821_881241,5014,168,2026-08-07T18:01:12.624,12,7.5,733.5,370.5,True,
run_20260807_175821_881241,5045,169,2026-08-07T18:01:13.654,0,272.0,469.0,370.5,True,
run_20260807_175821_881241,5045,169,2026-08-07T18:01:13.654,1,250.0,492.0,371.0,True,
run_20260807_175821_881241,5045,169,2026-08-07T18:01:13.654,2,228.15384615384616,514.0,371.0769230769231,True,
run_20260807_175821_881241,5045,169,2026-08-07T18:01:13.654,3,205.84615384615384,536.0,370.9230769230769,True,
run_20260807_175821_881241,5045,169,2026-08-07T18:01:13.654,4,183.5,558.5,371.0,True,
run_20260807_175821_881241,5045,169,2026-08-07T18:01:13.654,5,161.0,581.0,371.0,True,
run_20260807_175821_881241,5045,169,2026-08-07T18:01:13.654,6,138.5,603.5,371.0,True,
run_20260807_175821_881241,5045,169,2026-08-07T18:01:13.654,7,116.5,625.0,370.75,True,
run_20260807_175821_881241,5045,169,2026-08-07T18:01:13.654,8,94.5,647.0,370.75,True,
run_20260807_175821_881241,5045,169,2026-08-07T18:01:13.654,9,72.5,669.0,370.75,True,
run_20260807_175821_881241,5045,169,2026-08-07T18:01:13.654,10,51.0,690.5,370.75,True,
run_20260807_175821_881241,5045,169,2026-08-07T18:01:13.654,11,29.0,712.5,370.75,True,
run_20260807_175821_881241,5045,169,2026-08-07T18:01:13.654,12,7.5,733.5,370.5,True,
run_20260807_175821_881241,5075,170,2026-08-07T18:01:14.658,0,272.0,469.15384615384613,370.5769230769231,True,
run_20260807_175821_881241,5075,170,2026-08-07T18:01:14.658,1,250.0,492.0,371.0,True,
run_20260807_175821_881241,5075,170,2026-08-07T18:01:14.658,2,228.25,514.0,371.125,True,
run_20260807_175821_881241,5075,170,2026-08-07T18:01:14.658,3,205.75,536.0,370.875,True,
run_20260807_175821_881241,5075,170,2026-08-07T18:01:14.658,4,183.5,558.5,371.0,True,
run_20260807_175821_881241,5075,170,2026-08-07T18:01:14.658,5,161.0,581.0,371.0,True,
run_20260807_175821_881241,5075,170,2026-08-07T18:01:14.658,6,138.5,603.5,371.0,True,
run_20260807_175821_881241,5075,170,2026-08-07T18:01:14.658,7,116.5,625.0,370.75,True,
run_20260807_175821_881241,5075,170,2026-08-07T18:01:14.658,8,94.5,647.0,370.75,True,
run_20260807_175821_881241,5075,170,2026-08-07T18:01:14.658,9,72.5,669.0,370.75,True,
run_20260807_175821_881241,5075,170,2026-08-07T18:01:14.658,10,51.0,690.5,370.75,True,
run_20260807_175821_881241,5075,170,2026-08-07T18:01:14.658,11,29.0,712.5,370.75,True,
run_20260807_175821_881241,5075,170,2026-08-07T18:01:14.658,12,7.5,733.5,370.5,True,
run_20260807_175821_881241,5106,171,2026-08-07T18:01:15.691,0,272.0,469.5,370.75,True,
run_20260807_175821_881241,5106,171,2026-08-07T18:01:15.691,1,250.0,492.0,371.0,True,
run_20260807_175821_881241,5106,171,2026-08-07T18:01:15.691,2,228.25,514.0,371.125,True,
run_20260807_175821_881241,5106,171,2026-08-07T18:01:15.691,3,205.75,536.0,370.875,True,
run_20260807_175821_881241,5106,171,2026-08-07T18:01:15.691,4,183.5,558.5,371.0,True,
run_20260807_175821_881241,5106,171,2026-08-07T18:01:15.691,5,161.0,581.0,371.0,True,
run_20260807_175821_881241,5106,171,2026-08-07T18:01:15.691,6,138.5,603.5,371.0,True,
run_20260807_175821_881241,5106,171,2026-08-07T18:01:15.691,7,116.5,625.0,370.75,True,
run_20260807_175821_881241,5106,171,2026-08-07T18:01:15.691,8,94.5,647.0,370.75,True,
run_20260807_175821_881241,5106,171,2026-08-07T18:01:15.691,9,72.5,669.0,370.75,True,
run_20260807_175821_881241,5106,171,2026-08-07T18:01:15.691,10,51.0,690.5,370.75,True,
run_20260807_175821_881241,5106,171,2026-08-07T18:01:15.691,11,29.0,712.5,370.75,True,
run_20260807_175821_881241,5106,171,2026-08-07T18:01:15.691,12,7.5,733.5,370.5,True,
run_20260807_175821_881241,5136,172,2026-08-07T18:01:16.694,0,272.0,469.07142857142856,370.5357142857143,True,
run_20260807_175821_881241,5136,172,2026-08-07T18:01:16.694,1,250.0,492.0,371.0,True,
run_20260807_175821_881241,5136,172,2026-08-07T18:01:16.694,2,228.15384615384616,514.0,371.0769230769231,True,
run_20260807_175821_881241,5136,172,2026-08-07T18:01:16.694,3,205.75,536.0,370.875,True,
run_20260807_175821_881241,5136,172,2026-08-07T18:01:16.694,4,183.5,558.5,371.0,True,
run_20260807_175821_881241,5136,172,2026-08-07T18:01:16.694,5,161.0,581.0,371.0,True,
run_20260807_175821_881241,5136,172,2026-08-07T18:01:16.694,6,138.5,603.5,371.0,True,
run_20260807_175821_881241,5136,172,2026-08-07T18:01:16.694,7,116.5,625.0,370.75,True,
run_20260807_175821_881241,5136,172,2026-08-07T18:01:16.694,8,94.5,647.0,370.75,True,
run_20260807_175821_881241,5136,172,2026-08-07T18:01:16.694,9,72.5,669.0,370.75,True,
run_20260807_175821_881241,5136,172,2026-08-07T18:01:16.694,10,51.0,690.5,370.75,True,
run_20260807_175821_881241,5136,172,2026-08-07T18:01:16.694,11,29.0,712.5,370.75,True,
run_20260807_175821_881241,5136,172,2026-08-07T18:01:16.694,12,7.5,733.5,370.5,True,
run_20260807_175821_881241,5167,173,2026-08-07T18:01:17.725,0,272.0,469.15384615384613,370.5769230769231,True,
run_20260807_175821_881241,5167,173,2026-08-07T18:01:17.725,1,250.0,492.0,371.0,True,
run_20260807_175821_881241,5167,173,2026-08-07T18:01:17.725,2,228.25,514.0,371.125,True,
run_20260807_175821_881241,5167,173,2026-08-07T18:01:17.725,3,205.75,536.0,370.875,True,
run_20260807_175821_881241,5167,173,2026-08-07T18:01:17.725,4,183.5,558.5,371.0,True,
run_20260807_175821_881241,5167,173,2026-08-07T18:01:17.725,5,161.0,581.0,371.0,True,
run_20260807_175821_881241,5167,173,2026-08-07T18:01:17.725,6,138.5,603.5,371.0,True,
run_20260807_175821_881241,5167,173,2026-08-07T18:01:17.725,7,116.5,625.0,370.75,True,
run_20260807_175821_881241,5167,173,2026-08-07T18:01:17.725,8,94.5,647.0,370.75,True,
run_20260807_175821_881241,5167,173,2026-08-07T18:01:17.725,9,72.5,669.0,370.75,True,
run_20260807_175821_881241,5167,173,2026-08-07T18:01:17.725,10,51.0,690.5,370.75,True,
run_20260807_175821_881241,5167,173,2026-08-07T18:01:17.725,11,29.0,712.5,370.75,True,
run_20260807_175821_881241,5167,173,2026-08-07T18:01:17.725,12,7.5,733.5,370.5,True,
run_20260807_175821_881241,5198,174,2026-08-07T18:01:18.756,0,272.0,469.15384615384613,370.5769230769231,True,
run_20260807_175821_881241,5198,174,2026-08-07T18:01:18.756,1,250.0,492.0,371.0,True,
run_20260807_175821_881241,5198,174,2026-08-07T18:01:18.756,2,228.15384615384616,514.0,371.0769230769231,True,
run_20260807_175821_881241,5198,174,2026-08-07T18:01:18.756,3,205.75,536.0,370.875,True,
run_20260807_175821_881241,5198,174,2026-08-07T18:01:18.756,4,183.5,558.5,371.0,True,
run_20260807_175821_881241,5198,174,2026-08-07T18:01:18.756,5,161.0,581.0,371.0,True,
run_20260807_175821_881241,5198,174,2026-08-07T18:01:18.756,6,138.5,603.5,371.0,True,
run_20260807_175821_881241,5198,174,2026-08-07T18:01:18.756,7,116.5,625.0,370.75,True,
run_20260807_175821_881241,5198,174,2026-08-07T18:01:18.756,8,94.5,647.0,370.75,True,
run_20260807_175821_881241,5198,174,2026-08-07T18:01:18.756,9,72.5,669.0,370.75,True,
run_20260807_175821_881241,5198,174,2026-08-07T18:01:18.756,10,51.0,690.5,370.75,True,
run_20260807_175821_881241,5198,174,2026-08-07T18:01:18.756,11,29.0,712.5,370.75,True,
run_20260807_175821_881241,5198,174,2026-08-07T18:01:18.756,12,7.5,733.5,370.5,True,
run_20260807_175821_881241,5228,175,2026-08-07T18:01:19.760,0,272.0,469.25,370.625,True,
run_20260807_175821_881241,5228,175,2026-08-07T18:01:19.760,1,250.0,492.0,371.0,True,
run_20260807_175821_881241,5228,175,2026-08-07T18:01:19.760,2,228.25,514.0,371.125,True,
run_20260807_175821_881241,5228,175,2026-08-07T18:01:19.760,3,205.75,536.0,370.875,True,
run_20260807_175821_881241,5228,175,2026-08-07T18:01:19.760,4,183.5,558.5,371.0,True,
run_20260807_175821_881241,5228,175,2026-08-07T18:01:19.760,5,161.0,581.0,371.0,True,
run_20260807_175821_881241,5228,175,2026-08-07T18:01:19.760,6,138.5,603.5,371.0,True,
run_20260807_175821_881241,5228,175,2026-08-07T18:01:19.760,7,116.5,625.0,370.75,True,
run_20260807_175821_881241,5228,175,2026-08-07T18:01:19.760,8,94.5,647.0,370.75,True,
run_20260807_175821_881241,5228,175,2026-08-07T18:01:19.760,9,72.5,669.0,370.75,True,
run_20260807_175821_881241,5228,175,2026-08-07T18:01:19.760,10,51.0,690.5,370.75,True,
run_20260807_175821_881241,5228,175,2026-08-07T18:01:19.760,11,29.0,712.5,370.75,True,
run_20260807_175821_881241,5228,175,2026-08-07T18:01:19.760,12,7.5,733.5,370.5,True,
run_20260807_175821_881241,5259,176,2026-08-07T18:01:20.789,0,272.0,469.5,370.75,True,
run_20260807_175821_881241,5259,176,2026-08-07T18:01:20.789,1,250.0,492.0,371.0,True,
run_20260807_175821_881241,5259,176,2026-08-07T18:01:20.789,2,228.15384615384616,514.0,371.0769230769231,True,
run_20260807_175821_881241,5259,176,2026-08-07T18:01:20.789,3,205.84615384615384,536.0,370.9230769230769,True,
run_20260807_175821_881241,5259,176,2026-08-07T18:01:20.789,4,183.5,558.5,371.0,True,
run_20260807_175821_881241,5259,176,2026-08-07T18:01:20.789,5,161.0,581.0,371.0,True,
run_20260807_175821_881241,5259,176,2026-08-07T18:01:20.789,6,138.5,603.5,371.0,True,
run_20260807_175821_881241,5259,176,2026-08-07T18:01:20.789,7,116.5,625.0,370.75,True,
run_20260807_175821_881241,5259,176,2026-08-07T18:01:20.789,8,94.5,647.0,370.75,True,
run_20260807_175821_881241,5259,176,2026-08-07T18:01:20.789,9,72.5,669.0,370.75,True,
run_20260807_175821_881241,5259,176,2026-08-07T18:01:20.789,10,51.0,690.5,370.75,True,
run_20260807_175821_881241,5259,176,2026-08-07T18:01:20.789,11,29.0,712.5,370.75,True,
run_20260807_175821_881241,5259,176,2026-08-07T18:01:20.789,12,7.5,733.5,370.5,True,
run_20260807_175821_881241,5289,177,2026-08-07T18:01:21.801,0,272.0,469.3636363636364,370.6818181818182,True,
run_20260807_175821_881241,5289,177,2026-08-07T18:01:21.801,1,250.0,492.0,371.0,True,
run_20260807_175821_881241,5289,177,2026-08-07T18:01:21.801,2,228.15384615384616,514.0,371.0769230769231,True,
run_20260807_175821_881241,5289,177,2026-08-07T18:01:21.801,3,205.84615384615384,536.0,370.9230769230769,True,
run_20260807_175821_881241,5289,177,2026-08-07T18:01:21.801,4,183.5,558.5,371.0,True,
run_20260807_175821_881241,5289,177,2026-08-07T18:01:21.801,5,161.0,581.0,371.0,True,
run_20260807_175821_881241,5289,177,2026-08-07T18:01:21.801,6,138.5,603.5,371.0,True,
run_20260807_175821_881241,5289,177,2026-08-07T18:01:21.801,7,116.5,625.0,370.75,True,
run_20260807_175821_881241,5289,177,2026-08-07T18:01:21.801,8,94.5,647.0,370.75,True,
run_20260807_175821_881241,5289,177,2026-08-07T18:01:21.801,9,72.5,669.0,370.75,True,
run_20260807_175821_881241,5289,177,2026-08-07T18:01:21.801,10,51.0,690.5,370.75,True,
run_20260807_175821_881241,5289,177,2026-08-07T18:01:21.801,11,29.0,712.5,370.75,True,
run_20260807_175821_881241,5289,177,2026-08-07T18:01:21.801,12,7.5,733.5,370.5,True,
run_20260807_175821_881241,5320,178,2026-08-07T18:01:22.823,0,272.0,469.0,370.5,True,
run_20260807_175821_881241,5320,178,2026-08-07T18:01:22.823,1,250.0,492.0,371.0,True,
run_20260807_175821_881241,5320,178,2026-08-07T18:01:22.823,2,228.25,514.0,371.125,True,
run_20260807_175821_881241,5320,178,2026-08-07T18:01:22.823,3,205.84615384615384,536.0,370.9230769230769,True,
run_20260807_175821_881241,5320,178,2026-08-07T18:01:22.823,4,183.5,558.5,371.0,True,
run_20260807_175821_881241,5320,178,2026-08-07T18:01:22.823,5,161.0,581.0,371.0,True,
run_20260807_175821_881241,5320,178,2026-08-07T18:01:22.823,6,138.5,603.5,371.0,True,
run_20260807_175821_881241,5320,178,2026-08-07T18:01:22.823,7,116.5,625.0,370.75,True,
run_20260807_175821_881241,5320,178,2026-08-07T18:01:22.823,8,94.5,647.0,370.75,True,
run_20260807_175821_881241,5320,178,2026-08-07T18:01:22.823,9,72.5,669.0,370.75,True,
run_20260807_175821_881241,5320,178,2026-08-07T18:01:22.823,10,51.0,690.5,370.75,True,
run_20260807_175821_881241,5320,178,2026-08-07T18:01:22.823,11,29.0,712.5,370.75,True,
run_20260807_175821_881241,5320,178,2026-08-07T18:01:22.823,12,7.5,733.5,370.5,True,
run_20260807_175821_881241,5350,179,2026-08-07T18:01:23.824,0,272.0,469.3636363636364,370.6818181818182,True,
run_20260807_175821_881241,5350,179,2026-08-07T18:01:23.824,1,250.0,492.0,371.0,True,
run_20260807_175821_881241,5350,179,2026-08-07T18:01:23.824,2,228.15384615384616,514.0,371.0769230769231,True,
run_20260807_175821_881241,5350,179,2026-08-07T18:01:23.824,3,205.75,536.0,370.875,True,
run_20260807_175821_881241,5350,179,2026-08-07T18:01:23.824,4,183.5,558.5,371.0,True,
run_20260807_175821_881241,5350,179,2026-08-07T18:01:23.824,5,161.0,581.0,371.0,True,
run_20260807_175821_881241,5350,179,2026-08-07T18:01:23.824,6,138.5,603.5,371.0,True,
run_20260807_175821_881241,5350,179,2026-08-07T18:01:23.824,7,116.5,625.0,370.75,True,
run_20260807_175821_881241,5350,179,2026-08-07T18:01:23.824,8,94.5,647.0,370.75,True,
run_20260807_175821_881241,5350,179,2026-08-07T18:01:23.824,9,72.5,669.0,370.75,True,
run_20260807_175821_881241,5350,179,2026-08-07T18:01:23.824,10,51.0,690.5,370.75,True,
run_20260807_175821_881241,5350,179,2026-08-07T18:01:23.824,11,29.0,712.5,370.75,True,
run_20260807_175821_881241,5350,179,2026-08-07T18:01:23.824,12,7.5,733.5,370.5,True,
run_20260807_175821_881241,5381,180,2026-08-07T18:01:24.855,0,272.0,469.3636363636364,370.6818181818182,True,
run_20260807_175821_881241,5381,180,2026-08-07T18:01:24.855,1,250.0,492.0,371.0,True,
run_20260807_175821_881241,5381,180,2026-08-07T18:01:24.855,2,228.15384615384616,514.0,371.0769230769231,True,
run_20260807_175821_881241,5381,180,2026-08-07T18:01:24.855,3,205.84615384615384,536.0,370.9230769230769,True,
run_20260807_175821_881241,5381,180,2026-08-07T18:01:24.855,4,183.5,558.5,371.0,True,
run_20260807_175821_881241,5381,180,2026-08-07T18:01:24.855,5,161.0,581.0,371.0,True,
run_20260807_175821_881241,5381,180,2026-08-07T18:01:24.855,6,138.5,603.5,371.0,True,
run_20260807_175821_881241,5381,180,2026-08-07T18:01:24.855,7,116.5,625.0,370.75,True,
run_20260807_175821_881241,5381,180,2026-08-07T18:01:24.855,8,94.5,647.0,370.75,True,
run_20260807_175821_881241,5381,180,2026-08-07T18:01:24.855,9,72.5,669.0,370.75,True,
run_20260807_175821_881241,5381,180,2026-08-07T18:01:24.855,10,51.0,690.5,370.75,True,
run_20260807_175821_881241,5381,180,2026-08-07T18:01:24.855,11,29.0,712.5,370.75,True,
run_20260807_175821_881241,5381,180,2026-08-07T18:01:24.855,12,7.5,733.5,370.5,True,
run_20260807_175821_881241,5411,181,2026-08-07T18:01:25.857,0,272.0,469.5,370.75,True,
run_20260807_175821_881241,5411,181,2026-08-07T18:01:25.857,1,250.0,492.0,371.0,True,
run_20260807_175821_881241,5411,181,2026-08-07T18:01:25.857,2,228.15384615384616,514.0,371.0769230769231,True,
run_20260807_175821_881241,5411,181,2026-08-07T18:01:25.857,3,205.75,536.0,370.875,True,
run_20260807_175821_881241,5411,181,2026-08-07T18:01:25.857,4,183.5,558.5,371.0,True,
run_20260807_175821_881241,5411,181,2026-08-07T18:01:25.857,5,161.0,581.0,371.0,True,
run_20260807_175821_881241,5411,181,2026-08-07T18:01:25.857,6,138.5,603.5,371.0,True,
run_20260807_175821_881241,5411,181,2026-08-07T18:01:25.857,7,116.5,625.0,370.75,True,
run_20260807_175821_881241,5411,181,2026-08-07T18:01:25.857,8,94.5,647.0,370.75,True,
run_20260807_175821_881241,5411,181,2026-08-07T18:01:25.857,9,72.5,669.0,370.75,True,
run_20260807_175821_881241,5411,181,2026-08-07T18:01:25.857,10,51.0,690.5,370.75,True,
run_20260807_175821_881241,5411,181,2026-08-07T18:01:25.857,11,29.0,712.5,370.75,True,
run_20260807_175821_881241,5411,181,2026-08-07T18:01:25.857,12,7.5,733.5,370.5,True,
run_20260807_175821_881241,5441,182,2026-08-07T18:01:26.859,0,272.0,469.5,370.75,True,
run_20260807_175821_881241,5441,182,2026-08-07T18:01:26.859,1,250.0,492.0,371.0,True,
run_20260807_175821_881241,5441,182,2026-08-07T18:01:26.859,2,228.15384615384616,514.0,371.0769230769231,True,
run_20260807_175821_881241,5441,182,2026-08-07T18:01:26.859,3,205.84615384615384,536.0,370.9230769230769,True,
run_20260807_175821_881241,5441,182,2026-08-07T18:01:26.859,4,183.5,558.5,371.0,True,
run_20260807_175821_881241,5441,182,2026-08-07T18:01:26.859,5,161.0,581.0,371.0,True,
run_20260807_175821_881241,5441,182,2026-08-07T18:01:26.859,6,138.5,603.5,371.0,True,
run_20260807_175821_881241,5441,182,2026-08-07T18:01:26.859,7,116.5,625.0,370.75,True,
run_20260807_175821_881241,5441,182,2026-08-07T18:01:26.859,8,94.5,647.0,370.75,True,
run_20260807_175821_881241,5441,182,2026-08-07T18:01:26.859,9,72.5,669.0,370.75,True,
run_20260807_175821_881241,5441,182,2026-08-07T18:01:26.859,10,51.0,690.5,370.75,True,
run_20260807_175821_881241,5441,182,2026-08-07T18:01:26.859,11,29.0,712.5,370.75,True,
run_20260807_175821_881241,5441,182,2026-08-07T18:01:26.859,12,7.5,733.5,370.5,True,
run_20260807_175821_881241,5472,183,2026-08-07T18:01:27.889,0,272.0,469.0,370.5,True,
run_20260807_175821_881241,5472,183,2026-08-07T18:01:27.889,1,250.0,492.0,371.0,True,
run_20260807_175821_881241,5472,183,2026-08-07T18:01:27.889,2,228.15384615384616,514.0,371.0769230769231,True,
run_20260807_175821_881241,5472,183,2026-08-07T18:01:27.889,3,205.75,536.0,370.875,True,
run_20260807_175821_881241,5472,183,2026-08-07T18:01:27.889,4,183.5,558.5,371.0,True,
run_20260807_175821_881241,5472,183,2026-08-07T18:01:27.889,5,161.0,581.0,371.0,True,
run_20260807_175821_881241,5472,183,2026-08-07T18:01:27.889,6,138.5,603.5,371.0,True,
run_20260807_175821_881241,5472,183,2026-08-07T18:01:27.889,7,116.5,625.0,370.75,True,
run_20260807_175821_881241,5472,183,2026-08-07T18:01:27.889,8,94.5,647.0,370.75,True,
run_20260807_175821_881241,5472,183,2026-08-07T18:01:27.889,9,72.5,669.0,370.75,True,
run_20260807_175821_881241,5472,183,2026-08-07T18:01:27.889,10,51.0,690.5,370.75,True,
run_20260807_175821_881241,5472,183,2026-08-07T18:01:27.889,11,29.0,712.5,370.75,True,
run_20260807_175821_881241,5472,183,2026-08-07T18:01:27.889,12,7.5,733.5,370.5,True,
run_20260807_175821_881241,5502,184,2026-08-07T18:01:28.894,0,272.0,469.0,370.5,True,
run_20260807_175821_881241,5502,184,2026-08-07T18:01:28.894,1,250.0,492.0,371.0,True,
run_20260807_175821_881241,5502,184,2026-08-07T18:01:28.894,2,228.15384615384616,514.0,371.0769230769231,True,
run_20260807_175821_881241,5502,184,2026-08-07T18:01:28.894,3,205.75,536.0,370.875,True,
run_20260807_175821_881241,5502,184,2026-08-07T18:01:28.894,4,183.5,558.5,371.0,True,
run_20260807_175821_881241,5502,184,2026-08-07T18:01:28.894,5,161.0,581.0,371.0,True,
run_20260807_175821_881241,5502,184,2026-08-07T18:01:28.894,6,138.5,603.3636363636364,370.9318181818182,True,
run_20260807_175821_881241,5502,184,2026-08-07T18:01:28.894,7,116.5,625.0,370.75,True,
run_20260807_175821_881241,5502,184,2026-08-07T18:01:28.894,8,94.5,647.0,370.75,True,
run_20260807_175821_881241,5502,184,2026-08-07T18:01:28.894,9,72.5,669.0,370.75,True,
run_20260807_175821_881241,5502,184,2026-08-07T18:01:28.894,10,51.0,690.5,370.75,True,
run_20260807_175821_881241,5502,184,2026-08-07T18:01:28.894,11,29.0,712.5,370.75,True,
run_20260807_175821_881241,5502,184,2026-08-07T18:01:28.894,12,7.5,733.5,370.5,True,
run_20260807_175821_881241,5533,185,2026-08-07T18:01:29.921,0,272.0,469.15384615384613,370.5769230769231,True,
run_20260807_175821_881241,5533,185,2026-08-07T18:01:29.921,1,250.0,492.0,371.0,True,
run_20260807_175821_881241,5533,185,2026-08-07T18:01:29.921,2,228.15384615384616,514.0,371.0769230769231,True,
run_20260807_175821_881241,5533,185,2026-08-07T18:01:29.921,3,205.75,536.0,370.875,True,
run_20260807_175821_881241,5533,185,2026-08-07T18:01:29.921,4,183.5,558.5,371.0,True,
run_20260807_175821_881241,5533,185,2026-08-07T18:01:29.921,5,161.0,581.0,371.0,True,
run_20260807_175821_881241,5533,185,2026-08-07T18:01:29.921,6,138.5,603.5,371.0,True,
run_20260807_175821_881241,5533,185,2026-08-07T18:01:29.921,7,116.5,625.0,370.75,True,
run_20260807_175821_881241,5533,185,2026-08-07T18:01:29.921,8,94.5,647.0,370.75,True,
run_20260807_175821_881241,5533,185,2026-08-07T18:01:29.921,9,72.5,669.0,370.75,True,
run_20260807_175821_881241,5533,185,2026-08-07T18:01:29.921,10,51.0,690.5,370.75,True,
run_20260807_175821_881241,5533,185,2026-08-07T18:01:29.921,11,29.0,712.5,370.75,True,
run_20260807_175821_881241,5533,185,2026-08-07T18:01:29.921,12,7.5,733.5,370.5,True,
run_20260807_175821_881241,5563,186,2026-08-07T18:01:30.924,0,272.0,469.15384615384613,370.5769230769231,True,
run_20260807_175821_881241,5563,186,2026-08-07T18:01:30.924,1,250.0,492.0,371.0,True,
run_20260807_175821_881241,5563,186,2026-08-07T18:01:30.924,2,228.15384615384616,514.0,371.0769230769231,True,
run_20260807_175821_881241,5563,186,2026-08-07T18:01:30.924,3,205.75,536.0,370.875,True,
run_20260807_175821_881241,5563,186,2026-08-07T18:01:30.924,4,183.5,558.5,371.0,True,
run_20260807_175821_881241,5563,186,2026-08-07T18:01:30.924,5,161.0,581.0,371.0,True,
run_20260807_175821_881241,5563,186,2026-08-07T18:01:30.924,6,138.5,603.5,371.0,True,
run_20260807_175821_881241,5563,186,2026-08-07T18:01:30.924,7,116.5,625.0,370.75,True,
run_20260807_175821_881241,5563,186,2026-08-07T18:01:30.924,8,94.5,647.0,370.75,True,
run_20260807_175821_881241,5563,186,2026-08-07T18:01:30.924,9,72.5,669.0,370.75,True,
run_20260807_175821_881241,5563,186,2026-08-07T18:01:30.924,10,51.0,690.5,370.75,True,
run_20260807_175821_881241,5563,186,2026-08-07T18:01:30.924,11,29.0,712.5,370.75,True,
run_20260807_175821_881241,5563,186,2026-08-07T18:01:30.924,12,7.5,733.5,370.5,True,
run_20260807_175821_881241,5594,187,2026-08-07T18:01:31.956,0,272.0,469.15384615384613,370.5769230769231,True,
run_20260807_175821_881241,5594,187,2026-08-07T18:01:31.956,1,250.0,492.0,371.0,True,
run_20260807_175821_881241,5594,187,2026-08-07T18:01:31.956,2,228.15384615384616,514.0,371.0769230769231,True,
run_20260807_175821_881241,5594,187,2026-08-07T18:01:31.956,3,205.84615384615384,536.0,370.9230769230769,True,
run_20260807_175821_881241,5594,187,2026-08-07T18:01:31.956,4,183.5,558.5,371.0,True,
run_20260807_175821_881241,5594,187,2026-08-07T18:01:31.956,5,161.0,581.0,371.0,True,
run_20260807_175821_881241,5594,187,2026-08-07T18:01:31.956,6,138.5,603.5,371.0,True,
run_20260807_175821_881241,5594,187,2026-08-07T18:01:31.956,7,116.5,625.0,370.75,True,
run_20260807_175821_881241,5594,187,2026-08-07T18:01:31.956,8,94.5,647.0,370.75,True,
run_20260807_175821_881241,5594,187,2026-08-07T18:01:31.956,9,72.5,669.0,370.75,True,
run_20260807_175821_881241,5594,187,2026-08-07T18:01:31.956,10,51.0,690.5,370.75,True,
run_20260807_175821_881241,5594,187,2026-08-07T18:01:31.956,11,29.0,712.5,370.75,True,
run_20260807_175821_881241,5594,187,2026-08-07T18:01:31.956,12,7.5,733.5,370.5,True,
run_20260807_175821_881241,5624,188,2026-08-07T18:01:32.956,0,272.0,469.0,370.5,True,
run_20260807_175821_881241,5624,188,2026-08-07T18:01:32.956,1,250.0,492.0,371.0,True,
run_20260807_175821_881241,5624,188,2026-08-07T18:01:32.956,2,228.15384615384616,514.0,371.0769230769231,True,
run_20260807_175821_881241,5624,188,2026-08-07T18:01:32.956,3,205.84615384615384,536.0,370.9230769230769,True,
run_20260807_175821_881241,5624,188,2026-08-07T18:01:32.956,4,183.5,558.5,371.0,True,
run_20260807_175821_881241,5624,188,2026-08-07T18:01:32.956,5,161.0,581.0,371.0,True,
run_20260807_175821_881241,5624,188,2026-08-07T18:01:32.956,6,138.5,603.5,371.0,True,
run_20260807_175821_881241,5624,188,2026-08-07T18:01:32.956,7,116.5,625.0,370.75,True,
run_20260807_175821_881241,5624,188,2026-08-07T18:01:32.956,8,94.5,647.0,370.75,True,
run_20260807_175821_881241,5624,188,2026-08-07T18:01:32.956,9,72.5,669.0,370.75,True,
run_20260807_175821_881241,5624,188,2026-08-07T18:01:32.956,10,51.0,690.5,370.75,True,
run_20260807_175821_881241,5624,188,2026-08-07T18:01:32.956,11,29.0,712.5,370.75,True,
run_20260807_175821_881241,5624,188,2026-08-07T18:01:32.956,12,7.5,733.5,370.5,True,
run_20260807_175821_881241,5654,189,2026-08-07T18:01:33.959,0,272.0,469.07142857142856,370.5357142857143,True,
run_20260807_175821_881241,5654,189,2026-08-07T18:01:33.959,1,250.0,492.0,371.0,True,
run_20260807_175821_881241,5654,189,2026-08-07T18:01:33.959,2,228.15384615384616,514.0,371.0769230769231,True,
run_20260807_175821_881241,5654,189,2026-08-07T18:01:33.959,3,205.84615384615384,536.0,370.9230769230769,True,
run_20260807_175821_881241,5654,189,2026-08-07T18:01:33.959,4,183.5,558.5,371.0,True,
run_20260807_175821_881241,5654,189,2026-08-07T18:01:33.959,5,161.0,581.0,371.0,True,
run_20260807_175821_881241,5654,189,2026-08-07T18:01:33.959,6,138.5,603.5,371.0,True,
run_20260807_175821_881241,5654,189,2026-08-07T18:01:33.959,7,116.5,625.0,370.75,True,
run_20260807_175821_881241,5654,189,2026-08-07T18:01:33.959,8,94.5,647.0,370.75,True,
run_20260807_175821_881241,5654,189,2026-08-07T18:01:33.959,9,72.5,669.0,370.75,True,
run_20260807_175821_881241,5654,189,2026-08-07T18:01:33.959,10,51.0,690.5,370.75,True,
run_20260807_175821_881241,5654,189,2026-08-07T18:01:33.959,11,29.0,712.5,370.75,True,
run_20260807_175821_881241,5654,189,2026-08-07T18:01:33.959,12,7.5,733.5,370.5,True,
run_20260807_175821_881241,5682,190,2026-08-07T18:01:34.991,0,272.0,469.15384615384613,370.5769230769231,True,
run_20260807_175821_881241,5682,190,2026-08-07T18:01:34.991,1,250.0,492.0,371.0,True,
run_20260807_175821_881241,5682,190,2026-08-07T18:01:34.991,2,228.25,514.0,371.125,True,
run_20260807_175821_881241,5682,190,2026-08-07T18:01:34.991,3,205.75,536.0,370.875,True,
run_20260807_175821_881241,5682,190,2026-08-07T18:01:34.991,4,183.5,558.5,371.0,True,
run_20260807_175821_881241,5682,190,2026-08-07T18:01:34.991,5,161.0,581.0,371.0,True,
run_20260807_175821_881241,5682,190,2026-08-07T18:01:34.991,6,138.5,603.5,371.0,True,
run_20260807_175821_881241,5682,190,2026-08-07T18:01:34.991,7,116.5,625.0,370.75,True,
run_20260807_175821_881241,5682,190,2026-08-07T18:01:34.991,8,94.5,647.0,370.75,True,
run_20260807_175821_881241,5682,190,2026-08-07T18:01:34.991,9,72.5,669.0,370.75,True,
run_20260807_175821_881241,5682,190,2026-08-07T18:01:34.991,10,51.0,690.5,370.75,True,
run_20260807_175821_881241,5682,190,2026-08-07T18:01:34.991,11,29.0,712.5,370.75,True,
run_20260807_175821_881241,5682,190,2026-08-07T18:01:34.991,12,7.5,733.5,370.5,True,
run_20260807_175821_881241,5712,191,2026-08-07T18:01:35.992,0,272.0,469.5,370.75,True,
run_20260807_175821_881241,5712,191,2026-08-07T18:01:35.992,1,250.0,492.0,371.0,True,
run_20260807_175821_881241,5712,191,2026-08-07T18:01:35.992,2,228.15384615384616,514.0,371.0769230769231,True,
run_20260807_175821_881241,5712,191,2026-08-07T18:01:35.992,3,205.75,536.0,370.875,True,
run_20260807_175821_881241,5712,191,2026-08-07T18:01:35.992,4,183.5,558.5,371.0,True,
run_20260807_175821_881241,5712,191,2026-08-07T18:01:35.992,5,161.0,581.0,371.0,True,
run_20260807_175821_881241,5712,191,2026-08-07T18:01:35.992,6,138.5,603.5,371.0,True,
run_20260807_175821_881241,5712,191,2026-08-07T18:01:35.992,7,116.5,625.0,370.75,True,
run_20260807_175821_881241,5712,191,2026-08-07T18:01:35.992,8,94.5,647.0,370.75,True,
run_20260807_175821_881241,5712,191,2026-08-07T18:01:35.992,9,72.5,669.0,370.75,True,
run_20260807_175821_881241,5712,191,2026-08-07T18:01:35.992,10,51.0,690.5,370.75,True,
run_20260807_175821_881241,5712,191,2026-08-07T18:01:35.992,11,29.0,712.5,370.75,True,
run_20260807_175821_881241,5712,191,2026-08-07T18:01:35.992,12,7.5,733.5,370.5,True,
run_20260807_175821_881241,5743,192,2026-08-07T18:01:37.025,0,272.0,469.0,370.5,True,
run_20260807_175821_881241,5743,192,2026-08-07T18:01:37.025,1,250.0,492.0,371.0,True,
run_20260807_175821_881241,5743,192,2026-08-07T18:01:37.025,2,228.15384615384616,514.0,371.0769230769231,True,
run_20260807_175821_881241,5743,192,2026-08-07T18:01:37.025,3,206.0,536.0,371.0,True,
run_20260807_175821_881241,5743,192,2026-08-07T18:01:37.025,4,183.5,558.3636363636364,370.9318181818182,True,
run_20260807_175821_881241,5743,192,2026-08-07T18:01:37.025,5,161.0,581.0,371.0,True,
run_20260807_175821_881241,5743,192,2026-08-07T18:01:37.025,6,138.5,603.3636363636364,370.9318181818182,True,
run_20260807_175821_881241,5743,192,2026-08-07T18:01:37.025,7,116.5,625.0,370.75,True,
run_20260807_175821_881241,5743,192,2026-08-07T18:01:37.025,8,94.5,647.0,370.75,True,
run_20260807_175821_881241,5743,192,2026-08-07T18:01:37.025,9,72.5,669.0,370.75,True,
run_20260807_175821_881241,5743,192,2026-08-07T18:01:37.025,10,51.0,691.0,371.0,True,
run_20260807_175821_881241,5743,192,2026-08-07T18:01:37.025,11,29.0,712.5,370.75,True,
run_20260807_175821_881241,5743,192,2026-08-07T18:01:37.025,12,7.5,734.0,370.75,True,
run_20260807_175821_881241,5773,193,2026-08-07T18:01:38.026,0,272.0,469.0,370.5,True,
run_20260807_175821_881241,5773,193,2026-08-07T18:01:38.026,1,250.0,492.0,371.0,True,
run_20260807_175821_881241,5773,193,2026-08-07T18:01:38.026,2,228.07142857142858,514.0,371.0357142857143,True,
run_20260807_175821_881241,5773,193,2026-08-07T18:01:38.026,3,206.0,536.0,371.0,True,
run_20260807_175821_881241,5773,193,2026-08-07T18:01:38.026,4,183.5,558.1538461538462,370.8269230769231,True,
run_20260807_175821_881241,5773,193,2026-08-07T18:01:38.026,5,161.0,581.0,371.0,True,
run_20260807_175821_881241,5773,193,2026-08-07T18:01:38.026,6,139.0,603.25,371.125,True,
run_20260807_175821_881241,5773,193,2026-08-07T18:01:38.026,7,116.5,625.0,370.75,True,
run_20260807_175821_881241,5773,193,2026-08-07T18:01:38.026,8,95.0,647.0,371.0,True,
run_20260807_175821_881241,5773,193,2026-08-07T18:01:38.026,9,73.0,669.0,371.0,True,
run_20260807_175821_881241,5773,193,2026-08-07T18:01:38.026,10,51.0,691.0,371.0,True,
run_20260807_175821_881241,5773,193,2026-08-07T18:01:38.026,11,29.0,712.0,370.5,True,
run_20260807_175821_881241,5773,193,2026-08-07T18:01:38.026,12,7.5,734.0,370.75,True,
run_20260807_175821_881241,5804,194,2026-08-07T18:01:39.057,0,272.0,469.0,370.5,True,
run_20260807_175821_881241,5804,194,2026-08-07T18:01:39.057,1,250.0,492.0,371.0,True,
run_20260807_175821_881241,5804,194,2026-08-07T18:01:39.057,2,228.07142857142858,514.0,371.0357142857143,True,
run_20260807_175821_881241,5804,194,2026-08-07T18:01:39.057,3,206.0,536.0,371.0,True,
run_20260807_175821_881241,5804,194,2026-08-07T18:01:39.057,4,183.5,558.3636363636364,370.9318181818182,True,
run_20260807_175821_881241,5804,194,2026-08-07T18:01:39.057,5,161.0,581.0,371.0,True,
run_20260807_175821_881241,5804,194,2026-08-07T18:01:39.057,6,139.0,603.25,371.125,True,
run_20260807_175821_881241,5804,194,2026-08-07T18:01:39.057,7,116.5,625.0,370.75,True,
run_20260807_175821_881241,5804,194,2026-08-07T18:01:39.057,8,95.0,647.0,371.0,True,
run_20260807_175821_881241,5804,194,2026-08-07T18:01:39.057,9,73.0,669.0,371.0,True,
run_20260807_175821_881241,5804,194,2026-08-07T18:01:39.057,10,51.0,691.0,371.0,True,
run_20260807_175821_881241,5804,194,2026-08-07T18:01:39.057,11,29.0,712.0,370.5,True,
run_20260807_175821_881241,5804,194,2026-08-07T18:01:39.057,12,7.5,734.0,370.75,True,
run_20260807_175821_881241,5835,195,2026-08-07T18:01:40.093,0,272.0,469.0,370.5,True,
run_20260807_175821_881241,5835,195,2026-08-07T18:01:40.093,1,250.0,492.0,371.0,True,
run_20260807_175821_881241,5835,195,2026-08-07T18:01:40.093,2,228.07142857142858,514.0,371.0357142857143,True,
run_20260807_175821_881241,5835,195,2026-08-07T18:01:40.093,3,206.0,536.0,371.0,True,
run_20260807_175821_881241,5835,195,2026-08-07T18:01:40.093,4,183.5,558.1538461538462,370.8269230769231,True,
run_20260807_175821_881241,5835,195,2026-08-07T18:01:40.093,5,161.0,581.0,371.0,True,
run_20260807_175821_881241,5835,195,2026-08-07T18:01:40.093,6,139.0,603.25,371.125,True,
run_20260807_175821_881241,5835,195,2026-08-07T18:01:40.093,7,116.5,625.0,370.75,True,
run_20260807_175821_881241,5835,195,2026-08-07T18:01:40.093,8,95.0,647.0,371.0,True,
run_20260807_175821_881241,5835,195,2026-08-07T18:01:40.093,9,73.0,669.0,371.0,True,
run_20260807_175821_881241,5835,195,2026-08-07T18:01:40.093,10,51.0,691.0,371.0,True,
run_20260807_175821_881241,5835,195,2026-08-07T18:01:40.093,11,29.0,712.0,370.5,True,
run_20260807_175821_881241,5835,195,2026-08-07T18:01:40.093,12,7.5,734.0,370.75,True,
run_20260807_175821_881241,5866,196,2026-08-07T18:01:41.121,0,272.0,469.0,370.5,True,
run_20260807_175821_881241,5866,196,2026-08-07T18:01:41.121,1,250.0,492.0,371.0,True,
run_20260807_175821_881241,5866,196,2026-08-07T18:01:41.121,2,228.07142857142858,514.0,371.0357142857143,True,
run_20260807_175821_881241,5866,196,2026-08-07T18:01:41.121,3,206.0,536.0,371.0,True,
run_20260807_175821_881241,5866,196,2026-08-07T18:01:41.121,4,183.5,558.3636363636364,370.9318181818182,True,
run_20260807_175821_881241,5866,196,2026-08-07T18:01:41.121,5,161.0,581.0,371.0,True,
run_20260807_175821_881241,5866,196,2026-08-07T18:01:41.121,6,138.84615384615384,603.25,371.0480769230769,True,
run_20260807_175821_881241,5866,196,2026-08-07T18:01:41.121,7,116.5,625.0,370.75,True,
run_20260807_175821_881241,5866,196,2026-08-07T18:01:41.121,8,95.0,647.0,371.0,True,
run_20260807_175821_881241,5866,196,2026-08-07T18:01:41.121,9,73.0,669.0,371.0,True,
run_20260807_175821_881241,5866,196,2026-08-07T18:01:41.121,10,51.0,691.0,371.0,True,
run_20260807_175821_881241,5866,196,2026-08-07T18:01:41.121,11,29.0,712.0,370.5,True,
run_20260807_175821_881241,5866,196,2026-08-07T18:01:41.121,12,7.5,734.0,370.75,True,
run_20260807_175821_881241,5896,197,2026-08-07T18:01:42.127,0,272.0,469.0,370.5,True,
run_20260807_175821_881241,5896,197,2026-08-07T18:01:42.127,1,250.0,492.0,371.0,True,
run_20260807_175821_881241,5896,197,2026-08-07T18:01:42.127,2,228.07142857142858,514.0,371.0357142857143,True,
run_20260807_175821_881241,5896,197,2026-08-07T18:01:42.127,3,206.0,536.0,371.0,True,
run_20260807_175821_881241,5896,197,2026-08-07T18:01:42.127,4,183.5,558.3636363636364,370.9318181818182,True,
run_20260807_175821_881241,5896,197,2026-08-07T18:01:42.127,5,161.0,581.0,371.0,True,
run_20260807_175821_881241,5896,197,2026-08-07T18:01:42.127,6,138.92857142857142,603.25,371.0892857142857,True,
run_20260807_175821_881241,5896,197,2026-08-07T18:01:42.127,7,116.5,625.0,370.75,True,
run_20260807_175821_881241,5896,197,2026-08-07T18:01:42.127,8,95.0,647.0,371.0,True,
run_20260807_175821_881241,5896,197,2026-08-07T18:01:42.127,9,73.0,669.0,371.0,True,
run_20260807_175821_881241,5896,197,2026-08-07T18:01:42.127,10,51.0,691.0,371.0,True,
run_20260807_175821_881241,5896,197,2026-08-07T18:01:42.127,11,29.0,712.0,370.5,True,
run_20260807_175821_881241,5896,197,2026-08-07T18:01:42.127,12,7.5,734.0,370.75,True,
run_20260807_175821_881241,5927,198,2026-08-07T18:01:43.155,0,272.0,469.0,370.5,True,
run_20260807_175821_881241,5927,198,2026-08-07T18:01:43.155,1,250.0,492.0,371.0,True,
run_20260807_175821_881241,5927,198,2026-08-07T18:01:43.155,2,228.07142857142858,514.0,371.0357142857143,True,
run_20260807_175821_881241,5927,198,2026-08-07T18:01:43.155,3,206.0,536.0,371.0,True,
run_20260807_175821_881241,5927,198,2026-08-07T18:01:43.155,4,183.5,558.3636363636364,370.9318181818182,True,
run_20260807_175821_881241,5927,198,2026-08-07T18:01:43.155,5,161.0,581.0,371.0,True,
run_20260807_175821_881241,5927,198,2026-08-07T18:01:43.155,6,139.0,603.25,371.125,True,
run_20260807_175821_881241,5927,198,2026-08-07T18:01:43.155,7,116.5,625.0,370.75,True,
run_20260807_175821_881241,5927,198,2026-08-07T18:01:43.155,8,95.0,647.0,371.0,True,
run_20260807_175821_881241,5927,198,2026-08-07T18:01:43.155,9,73.0,669.0,371.0,True,
run_20260807_175821_881241,5927,198,2026-08-07T18:01:43.155,10,51.0,691.0,371.0,True,
run_20260807_175821_881241,5927,198,2026-08-07T18:01:43.155,11,29.0,712.0714285714286,370.5357142857143,True,
run_20260807_175821_881241,5927,198,2026-08-07T18:01:43.155,12,7.5,734.0,370.75,True,
run_20260807_175821_881241,5957,199,2026-08-07T18:01:44.159,0,272.0,469.0,370.5,True,
run_20260807_175821_881241,5957,199,2026-08-07T18:01:44.159,1,250.0,492.0,371.0,True,
run_20260807_175821_881241,5957,199,2026-08-07T18:01:44.159,2,228.07142857142858,514.0,371.0357142857143,True,
run_20260807_175821_881241,5957,199,2026-08-07T18:01:44.159,3,206.0,536.0,371.0,True,
run_20260807_175821_881241,5957,199,2026-08-07T18:01:44.159,4,183.5,558.3636363636364,370.9318181818182,True,
run_20260807_175821_881241,5957,199,2026-08-07T18:01:44.159,5,161.0,581.0,371.0,True,
run_20260807_175821_881241,5957,199,2026-08-07T18:01:44.159,6,139.0,603.25,371.125,True,
run_20260807_175821_881241,5957,199,2026-08-07T18:01:44.159,7,116.5,625.0,370.75,True,
run_20260807_175821_881241,5957,199,2026-08-07T18:01:44.159,8,95.0,647.0,371.0,True,
run_20260807_175821_881241,5957,199,2026-08-07T18:01:44.159,9,73.0,669.0,371.0,True,
run_20260807_175821_881241,5957,199,2026-08-07T18:01:44.159,10,51.0,691.0,371.0,True,
run_20260807_175821_881241,5957,199,2026-08-07T18:01:44.159,11,29.0,712.0,370.5,True,
run_20260807_175821_881241,5957,199,2026-08-07T18:01:44.159,12,7.5,734.0,370.75,True,
run_20260807_175821_881241,5988,200,2026-08-07T18:01:45.194,0,272.0,469.0,370.5,True,
run_20260807_175821_881241,5988,200,2026-08-07T18:01:45.194,1,250.0,492.0,371.0,True,
run_20260807_175821_881241,5988,200,2026-08-07T18:01:45.194,2,228.15384615384616,514.0,371.0769230769231,True,
run_20260807_175821_881241,5988,200,2026-08-07T18:01:45.194,3,206.0,536.0,371.0,True,
run_20260807_175821_881241,5988,200,2026-08-07T18:01:45.194,4,183.5,558.3636363636364,370.9318181818182,True,
run_20260807_175821_881241,5988,200,2026-08-07T18:01:45.194,5,161.0,581.0,371.0,True,
run_20260807_175821_881241,5988,200,2026-08-07T18:01:45.194,6,139.0,603.25,371.125,True,
run_20260807_175821_881241,5988,200,2026-08-07T18:01:45.194,7,116.5,625.0,370.75,True,
run_20260807_175821_881241,5988,200,2026-08-07T18:01:45.194,8,95.0,647.0,371.0,True,
run_20260807_175821_881241,5988,200,2026-08-07T18:01:45.194,9,73.0,669.0,371.0,True,
run_20260807_175821_881241,5988,200,2026-08-07T18:01:45.194,10,51.0,691.0,371.0,True,
run_20260807_175821_881241,5988,200,2026-08-07T18:01:45.194,11,29.0,712.0,370.5,True,
run_20260807_175821_881241,5988,200,2026-08-07T18:01:45.194,12,7.5,734.0,370.75,True,
run_20260807_175821_881241,6019,201,2026-08-07T18:01:46.222,0,272.0,469.0,370.5,True,
run_20260807_175821_881241,6019,201,2026-08-07T18:01:46.222,1,250.0,492.0,371.0,True,
run_20260807_175821_881241,6019,201,2026-08-07T18:01:46.222,2,228.07142857142858,514.0,371.0357142857143,True,
run_20260807_175821_881241,6019,201,2026-08-07T18:01:46.222,3,206.0,536.0,371.0,True,
run_20260807_175821_881241,6019,201,2026-08-07T18:01:46.222,4,183.5,558.3636363636364,370.9318181818182,True,
run_20260807_175821_881241,6019,201,2026-08-07T18:01:46.222,5,161.0,581.0,371.0,True,
run_20260807_175821_881241,6019,201,2026-08-07T18:01:46.222,6,138.84615384615384,603.25,371.0480769230769,True,
run_20260807_175821_881241,6019,201,2026-08-07T18:01:46.222,7,116.5,625.0,370.75,True,
run_20260807_175821_881241,6019,201,2026-08-07T18:01:46.222,8,95.0,647.0,371.0,True,
run_20260807_175821_881241,6019,201,2026-08-07T18:01:46.222,9,73.0,669.0,371.0,True,
run_20260807_175821_881241,6019,201,2026-08-07T18:01:46.222,10,51.0,691.0,371.0,True,
run_20260807_175821_881241,6019,201,2026-08-07T18:01:46.222,11,29.0,712.0,370.5,True,
run_20260807_175821_881241,6019,201,2026-08-07T18:01:46.222,12,7.5,734.0,370.75,True,
run_20260807_175821_881241,6049,202,2026-08-07T18:01:47.226,0,272.0,469.0,370.5,True,
run_20260807_175821_881241,6049,202,2026-08-07T18:01:47.226,1,250.0,492.0,371.0,True,
run_20260807_175821_881241,6049,202,2026-08-07T18:01:47.226,2,228.07142857142858,514.0,371.0357142857143,True,
run_20260807_175821_881241,6049,202,2026-08-07T18:01:47.226,3,206.0,536.0,371.0,True,
run_20260807_175821_881241,6049,202,2026-08-07T18:01:47.226,4,183.5,558.1538461538462,370.8269230769231,True,
run_20260807_175821_881241,6049,202,2026-08-07T18:01:47.226,5,161.0,581.0,371.0,True,
run_20260807_175821_881241,6049,202,2026-08-07T18:01:47.226,6,138.84615384615384,603.25,371.0480769230769,True,
run_20260807_175821_881241,6049,202,2026-08-07T18:01:47.226,7,116.5,625.0,370.75,True,
run_20260807_175821_881241,6049,202,2026-08-07T18:01:47.226,8,95.0,647.0,371.0,True,
run_20260807_175821_881241,6049,202,2026-08-07T18:01:47.226,9,73.0,669.0,371.0,True,
run_20260807_175821_881241,6049,202,2026-08-07T18:01:47.226,10,51.0,691.0,371.0,True,
run_20260807_175821_881241,6049,202,2026-08-07T18:01:47.226,11,29.0,712.0,370.5,True,
run_20260807_175821_881241,6049,202,2026-08-07T18:01:47.226,12,7.5,734.0,370.75,True,
run_20260807_175821_881241,6080,203,2026-08-07T18:01:48.259,0,272.0,469.0,370.5,True,
run_20260807_175821_881241,6080,203,2026-08-07T18:01:48.259,1,250.0,492.0,371.0,True,
run_20260807_175821_881241,6080,203,2026-08-07T18:01:48.259,2,228.07142857142858,514.0,371.0357142857143,True,
run_20260807_175821_881241,6080,203,2026-08-07T18:01:48.259,3,206.0,536.0,371.0,True,
run_20260807_175821_881241,6080,203,2026-08-07T18:01:48.259,4,183.5,558.3636363636364,370.9318181818182,True,
run_20260807_175821_881241,6080,203,2026-08-07T18:01:48.259,5,161.0,581.0,371.0,True,
run_20260807_175821_881241,6080,203,2026-08-07T18:01:48.259,6,139.0,603.25,371.125,True,
run_20260807_175821_881241,6080,203,2026-08-07T18:01:48.259,7,116.5,625.0,370.75,True,
run_20260807_175821_881241,6080,203,2026-08-07T18:01:48.259,8,95.0,647.0,371.0,True,
run_20260807_175821_881241,6080,203,2026-08-07T18:01:48.259,9,73.0,669.0,371.0,True,
run_20260807_175821_881241,6080,203,2026-08-07T18:01:48.259,10,51.0,691.0,371.0,True,
run_20260807_175821_881241,6080,203,2026-08-07T18:01:48.259,11,29.0,712.0,370.5,True,
run_20260807_175821_881241,6080,203,2026-08-07T18:01:48.259,12,7.5,734.0,370.75,True,
run_20260807_175821_881241,6111,204,2026-08-07T18:01:49.288,0,272.0,469.0,370.5,True,
run_20260807_175821_881241,6111,204,2026-08-07T18:01:49.288,1,250.0,492.0,371.0,True,
run_20260807_175821_881241,6111,204,2026-08-07T18:01:49.288,2,228.07142857142858,514.0,371.0357142857143,True,
run_20260807_175821_881241,6111,204,2026-08-07T18:01:49.288,3,206.0,536.0,371.0,True,
run_20260807_175821_881241,6111,204,2026-08-07T18:01:49.288,4,183.5,558.3636363636364,370.9318181818182,True,
run_20260807_175821_881241,6111,204,2026-08-07T18:01:49.288,5,161.0,581.0,371.0,True,
run_20260807_175821_881241,6111,204,2026-08-07T18:01:49.288,6,139.0,603.25,371.125,True,
run_20260807_175821_881241,6111,204,2026-08-07T18:01:49.288,7,116.5,625.0,370.75,True,
run_20260807_175821_881241,6111,204,2026-08-07T18:01:49.288,8,95.0,647.0,371.0,True,
run_20260807_175821_881241,6111,204,2026-08-07T18:01:49.288,9,73.0,669.0,371.0,True,
run_20260807_175821_881241,6111,204,2026-08-07T18:01:49.288,10,51.0,691.0,371.0,True,
run_20260807_175821_881241,6111,204,2026-08-07T18:01:49.288,11,29.0,712.0,370.5,True,
run_20260807_175821_881241,6111,204,2026-08-07T18:01:49.288,12,7.5,734.0,370.75,True,
run_20260807_175821_881241,6140,205,2026-08-07T18:01:50.326,0,272.0,469.0,370.5,True,
run_20260807_175821_881241,6140,205,2026-08-07T18:01:50.326,1,250.0,492.0,371.0,True,
run_20260807_175821_881241,6140,205,2026-08-07T18:01:50.326,2,228.07142857142858,514.0,371.0357142857143,True,
run_20260807_175821_881241,6140,205,2026-08-07T18:01:50.326,3,206.0,536.0,371.0,True,
run_20260807_175821_881241,6140,205,2026-08-07T18:01:50.326,4,183.5,558.3636363636364,370.9318181818182,True,
run_20260807_175821_881241,6140,205,2026-08-07T18:01:50.326,5,161.0,581.0,371.0,True,
run_20260807_175821_881241,6140,205,2026-08-07T18:01:50.326,6,139.0,603.25,371.125,True,
run_20260807_175821_881241,6140,205,2026-08-07T18:01:50.326,7,116.5,625.0,370.75,True,
run_20260807_175821_881241,6140,205,2026-08-07T18:01:50.326,8,95.0,647.0,371.0,True,
run_20260807_175821_881241,6140,205,2026-08-07T18:01:50.326,9,73.0,669.0,371.0,True,
run_20260807_175821_881241,6140,205,2026-08-07T18:01:50.326,10,51.0,691.0,371.0,True,
run_20260807_175821_881241,6140,205,2026-08-07T18:01:50.326,11,29.0,712.0,370.5,True,
run_20260807_175821_881241,6140,205,2026-08-07T18:01:50.326,12,7.5,734.0,370.75,True,
run_20260807_175821_881241,6170,206,2026-08-07T18:01:51.328,0,272.0,469.0,370.5,True,
run_20260807_175821_881241,6170,206,2026-08-07T18:01:51.328,1,250.0,492.0,371.0,True,
run_20260807_175821_881241,6170,206,2026-08-07T18:01:51.328,2,228.15384615384616,514.0,371.0769230769231,True,
run_20260807_175821_881241,6170,206,2026-08-07T18:01:51.328,3,206.0,536.0,371.0,True,
run_20260807_175821_881241,6170,206,2026-08-07T18:01:51.328,4,183.5,558.3636363636364,370.9318181818182,True,
run_20260807_175821_881241,6170,206,2026-08-07T18:01:51.328,5,161.0,581.0,371.0,True,
run_20260807_175821_881241,6170,206,2026-08-07T18:01:51.328,6,138.84615384615384,603.25,371.0480769230769,True,
run_20260807_175821_881241,6170,206,2026-08-07T18:01:51.328,7,116.5,625.0,370.75,True,
run_20260807_175821_881241,6170,206,2026-08-07T18:01:51.328,8,95.0,647.0,371.0,True,
run_20260807_175821_881241,6170,206,2026-08-07T18:01:51.328,9,73.0,669.0,371.0,True,
run_20260807_175821_881241,6170,206,2026-08-07T18:01:51.328,10,51.0,691.0,371.0,True,
run_20260807_175821_881241,6170,206,2026-08-07T18:01:51.328,11,29.0,712.0,370.5,True,
run_20260807_175821_881241,6170,206,2026-08-07T18:01:51.328,12,7.5,734.0,370.75,True,
run_20260807_175821_881241,6199,207,2026-08-07T18:01:52.355,0,272.0,469.0,370.5,True,
run_20260807_175821_881241,6199,207,2026-08-07T18:01:52.355,1,250.0,492.0,371.0,True,
run_20260807_175821_881241,6199,207,2026-08-07T18:01:52.355,2,228.15384615384616,514.0,371.0769230769231,True,
run_20260807_175821_881241,6199,207,2026-08-07T18:01:52.355,3,206.0,536.0,371.0,True,
run_20260807_175821_881241,6199,207,2026-08-07T18:01:52.355,4,183.5,558.3636363636364,370.9318181818182,True,
run_20260807_175821_881241,6199,207,2026-08-07T18:01:52.355,5,161.0,581.0,371.0,True,
run_20260807_175821_881241,6199,207,2026-08-07T18:01:52.355,6,139.0,603.25,371.125,True,
run_20260807_175821_881241,6199,207,2026-08-07T18:01:52.355,7,116.5,625.0,370.75,True,
run_20260807_175821_881241,6199,207,2026-08-07T18:01:52.355,8,95.0,647.0,371.0,True,
run_20260807_175821_881241,6199,207,2026-08-07T18:01:52.355,9,73.0,669.0,371.0,True,
run_20260807_175821_881241,6199,207,2026-08-07T18:01:52.355,10,51.0,691.0,371.0,True,
run_20260807_175821_881241,6199,207,2026-08-07T18:01:52.355,11,29.0,712.0,370.5,True,
run_20260807_175821_881241,6199,207,2026-08-07T18:01:52.355,12,7.5,734.0,370.75,True,
run_20260807_175821_881241,6228,208,2026-08-07T18:01:53.360,0,272.0,469.0,370.5,True,
run_20260807_175821_881241,6228,208,2026-08-07T18:01:53.360,1,250.0,492.0,371.0,True,
run_20260807_175821_881241,6228,208,2026-08-07T18:01:53.360,2,228.07142857142858,514.0,371.0357142857143,True,
run_20260807_175821_881241,6228,208,2026-08-07T18:01:53.360,3,206.0,536.0,371.0,True,
run_20260807_175821_881241,6228,208,2026-08-07T18:01:53.360,4,183.5,558.3636363636364,370.9318181818182,True,
run_20260807_175821_881241,6228,208,2026-08-07T18:01:53.360,5,161.0,581.0,371.0,True,
run_20260807_175821_881241,6228,208,2026-08-07T18:01:53.360,6,139.0,603.25,371.125,True,
run_20260807_175821_881241,6228,208,2026-08-07T18:01:53.360,7,116.5,625.0,370.75,True,
run_20260807_175821_881241,6228,208,2026-08-07T18:01:53.360,8,95.0,647.0,371.0,True,
run_20260807_175821_881241,6228,208,2026-08-07T18:01:53.360,9,73.0,669.0,371.0,True,
run_20260807_175821_881241,6228,208,2026-08-07T18:01:53.360,10,51.0,691.0,371.0,True,
run_20260807_175821_881241,6228,208,2026-08-07T18:01:53.360,11,29.0,712.0,370.5,True,
run_20260807_175821_881241,6228,208,2026-08-07T18:01:53.360,12,7.5,734.0,370.75,True,
run_20260807_175821_881241,6259,209,2026-08-07T18:01:54.390,0,272.0,469.0,370.5,True,
run_20260807_175821_881241,6259,209,2026-08-07T18:01:54.390,1,250.0,492.0,371.0,True,
run_20260807_175821_881241,6259,209,2026-08-07T18:01:54.390,2,228.15384615384616,514.0,371.0769230769231,True,
run_20260807_175821_881241,6259,209,2026-08-07T18:01:54.390,3,206.0,536.0,371.0,True,
run_20260807_175821_881241,6259,209,2026-08-07T18:01:54.390,4,183.5,558.3636363636364,370.9318181818182,True,
run_20260807_175821_881241,6259,209,2026-08-07T18:01:54.390,5,161.0,581.0,371.0,True,
run_20260807_175821_881241,6259,209,2026-08-07T18:01:54.390,6,139.0,603.25,371.125,True,
run_20260807_175821_881241,6259,209,2026-08-07T18:01:54.390,7,116.5,625.0,370.75,True,
run_20260807_175821_881241,6259,209,2026-08-07T18:01:54.390,8,95.0,647.0,371.0,True,
run_20260807_175821_881241,6259,209,2026-08-07T18:01:54.390,9,73.0,669.0,371.0,True,
run_20260807_175821_881241,6259,209,2026-08-07T18:01:54.390,10,51.0,691.0,371.0,True,
run_20260807_175821_881241,6259,209,2026-08-07T18:01:54.390,11,29.0,712.0,370.5,True,
run_20260807_175821_881241,6259,209,2026-08-07T18:01:54.390,12,7.5,734.0,370.75,True,
run_20260807_175821_881241,6289,210,2026-08-07T18:01:55.391,0,272.0,469.0,370.5,True,
run_20260807_175821_881241,6289,210,2026-08-07T18:01:55.391,1,250.0,492.0,371.0,True,
run_20260807_175821_881241,6289,210,2026-08-07T18:01:55.391,2,228.07142857142858,514.0,371.0357142857143,True,
run_20260807_175821_881241,6289,210,2026-08-07T18:01:55.391,3,206.0,536.0,371.0,True,
run_20260807_175821_881241,6289,210,2026-08-07T18:01:55.391,4,183.5,558.5,371.0,True,
run_20260807_175821_881241,6289,210,2026-08-07T18:01:55.391,5,161.0,581.0,371.0,True,
run_20260807_175821_881241,6289,210,2026-08-07T18:01:55.391,6,139.0,603.25,371.125,True,
run_20260807_175821_881241,6289,210,2026-08-07T18:01:55.391,7,116.5,625.0,370.75,True,
run_20260807_175821_881241,6289,210,2026-08-07T18:01:55.391,8,95.0,647.0,371.0,True,
run_20260807_175821_881241,6289,210,2026-08-07T18:01:55.391,9,73.0,669.0,371.0,True,
run_20260807_175821_881241,6289,210,2026-08-07T18:01:55.391,10,51.0,691.0,371.0,True,
run_20260807_175821_881241,6289,210,2026-08-07T18:01:55.391,11,29.0,712.0,370.5,True,
run_20260807_175821_881241,6289,210,2026-08-07T18:01:55.391,12,7.5,734.0,370.75,True,
run_20260807_175821_881241,6319,211,2026-08-07T18:01:56.428,0,272.0,469.0,370.5,True,
run_20260807_175821_881241,6319,211,2026-08-07T18:01:56.428,1,250.0,492.0,371.0,True,
run_20260807_175821_881241,6319,211,2026-08-07T18:01:56.428,2,228.07142857142858,514.0,371.0357142857143,True,
run_20260807_175821_881241,6319,211,2026-08-07T18:01:56.428,3,206.0,536.0,371.0,True,
run_20260807_175821_881241,6319,211,2026-08-07T18:01:56.428,4,183.5,558.3636363636364,370.9318181818182,True,
run_20260807_175821_881241,6319,211,2026-08-07T18:01:56.428,5,161.0,581.0,371.0,True,
run_20260807_175821_881241,6319,211,2026-08-07T18:01:56.428,6,139.0,603.25,371.125,True,
run_20260807_175821_881241,6319,211,2026-08-07T18:01:56.428,7,116.5,625.0,370.75,True,
run_20260807_175821_881241,6319,211,2026-08-07T18:01:56.428,8,95.0,647.0,371.0,True,
run_20260807_175821_881241,6319,211,2026-08-07T18:01:56.428,9,73.0,669.0,371.0,True,
run_20260807_175821_881241,6319,211,2026-08-07T18:01:56.428,10,51.0,691.0,371.0,True,
run_20260807_175821_881241,6319,211,2026-08-07T18:01:56.428,11,29.0,712.0,370.5,True,
run_20260807_175821_881241,6319,211,2026-08-07T18:01:56.428,12,7.5,734.0,370.75,True,
run_20260807_175821_881241,6349,212,2026-08-07T18:01:57.459,0,272.0,469.0,370.5,True,
run_20260807_175821_881241,6349,212,2026-08-07T18:01:57.459,1,250.0,492.0,371.0,True,
run_20260807_175821_881241,6349,212,2026-08-07T18:01:57.459,2,228.07142857142858,514.0,371.0357142857143,True,
run_20260807_175821_881241,6349,212,2026-08-07T18:01:57.459,3,206.0,536.0,371.0,True,
run_20260807_175821_881241,6349,212,2026-08-07T18:01:57.459,4,183.5,558.1538461538462,370.8269230769231,True,
run_20260807_175821_881241,6349,212,2026-08-07T18:01:57.459,5,161.0,581.0,371.0,True,
run_20260807_175821_881241,6349,212,2026-08-07T18:01:57.459,6,139.0,603.25,371.125,True,
run_20260807_175821_881241,6349,212,2026-08-07T18:01:57.459,7,116.5,625.0,370.75,True,
run_20260807_175821_881241,6349,212,2026-08-07T18:01:57.459,8,95.0,647.0,371.0,True,
run_20260807_175821_881241,6349,212,2026-08-07T18:01:57.459,9,73.0,669.0,371.0,True,
run_20260807_175821_881241,6349,212,2026-08-07T18:01:57.459,10,51.0,691.0,371.0,True,
run_20260807_175821_881241,6349,212,2026-08-07T18:01:57.459,11,29.0,712.0714285714286,370.5357142857143,True,
run_20260807_175821_881241,6349,212,2026-08-07T18:01:57.459,12,7.5,734.0,370.75,True,
run_20260807_175821_881241,6379,213,2026-08-07T18:01:58.488,0,272.0,469.0,370.5,True,
run_20260807_175821_881241,6379,213,2026-08-07T18:01:58.488,1,250.0,492.0,371.0,True,
run_20260807_175821_881241,6379,213,2026-08-07T18:01:58.488,2,228.07142857142858,514.0,371.0357142857143,True,
run_20260807_175821_881241,6379,213,2026-08-07T18:01:58.488,3,206.0,536.0,371.0,True,
run_20260807_175821_881241,6379,213,2026-08-07T18:01:58.488,4,183.5,558.3636363636364,370.9318181818182,True,
run_20260807_175821_881241,6379,213,2026-08-07T18:01:58.488,5,161.0,581.0,371.0,True,
run_20260807_175821_881241,6379,213,2026-08-07T18:01:58.488,6,139.0,603.25,371.125,True,
run_20260807_175821_881241,6379,213,2026-08-07T18:01:58.488,7,116.5,625.0,370.75,True,
run_20260807_175821_881241,6379,213,2026-08-07T18:01:58.488,8,95.0,647.0,371.0,True,
run_20260807_175821_881241,6379,213,2026-08-07T18:01:58.488,9,73.0,669.0,371.0,True,
run_20260807_175821_881241,6379,213,2026-08-07T18:01:58.488,10,51.0,691.0,371.0,True,
run_20260807_175821_881241,6379,213,2026-08-07T18:01:58.488,11,29.0,712.0,370.5,True,
run_20260807_175821_881241,6379,213,2026-08-07T18:01:58.488,12,7.5,734.0,370.75,True,
run_20260807_175821_881241,6409,214,2026-08-07T18:01:59.492,0,272.0,469.0,370.5,True,
run_20260807_175821_881241,6409,214,2026-08-07T18:01:59.492,1,250.0,492.0,371.0,True,
run_20260807_175821_881241,6409,214,2026-08-07T18:01:59.492,2,228.15384615384616,514.0,371.0769230769231,True,
run_20260807_175821_881241,6409,214,2026-08-07T18:01:59.492,3,206.0,536.0,371.0,True,
run_20260807_175821_881241,6409,214,2026-08-07T18:01:59.492,4,183.5,558.3636363636364,370.9318181818182,True,
run_20260807_175821_881241,6409,214,2026-08-07T18:01:59.492,5,161.0,581.0,371.0,True,
run_20260807_175821_881241,6409,214,2026-08-07T18:01:59.492,6,139.0,603.25,371.125,True,
run_20260807_175821_881241,6409,214,2026-08-07T18:01:59.492,7,116.5,625.0,370.75,True,
run_20260807_175821_881241,6409,214,2026-08-07T18:01:59.492,8,95.0,647.0,371.0,True,
run_20260807_175821_881241,6409,214,2026-08-07T18:01:59.492,9,73.0,669.0,371.0,True,
run_20260807_175821_881241,6409,214,2026-08-07T18:01:59.492,10,51.0,691.0,371.0,True,
run_20260807_175821_881241,6409,214,2026-08-07T18:01:59.492,11,29.0,712.1538461538462,370.5769230769231,True,
run_20260807_175821_881241,6409,214,2026-08-07T18:01:59.492,12,7.5,734.0,370.75,True,
run_20260807_175821_881241,6440,215,2026-08-07T18:02:00.527,0,272.0,469.0,370.5,True,
run_20260807_175821_881241,6440,215,2026-08-07T18:02:00.527,1,250.0,492.0,371.0,True,
run_20260807_175821_881241,6440,215,2026-08-07T18:02:00.527,2,228.15384615384616,514.0,371.0769230769231,True,
run_20260807_175821_881241,6440,215,2026-08-07T18:02:00.527,3,206.0,536.0,371.0,True,
run_20260807_175821_881241,6440,215,2026-08-07T18:02:00.527,4,183.5,558.5,371.0,True,
run_20260807_175821_881241,6440,215,2026-08-07T18:02:00.527,5,161.0,581.0,371.0,True,
run_20260807_175821_881241,6440,215,2026-08-07T18:02:00.527,6,139.0,603.25,371.125,True,
run_20260807_175821_881241,6440,215,2026-08-07T18:02:00.527,7,116.5,625.0,370.75,True,
run_20260807_175821_881241,6440,215,2026-08-07T18:02:00.527,8,95.0,647.0,371.0,True,
run_20260807_175821_881241,6440,215,2026-08-07T18:02:00.527,9,73.0,669.0,371.0,True,
run_20260807_175821_881241,6440,215,2026-08-07T18:02:00.527,10,51.0,691.0,371.0,True,
run_20260807_175821_881241,6440,215,2026-08-07T18:02:00.527,11,29.0,712.0,370.5,True,
run_20260807_175821_881241,6440,215,2026-08-07T18:02:00.527,12,7.5,734.0,370.75,True,
run_20260807_175821_881241,6471,216,2026-08-07T18:02:01.555,0,272.0,469.0,370.5,True,
run_20260807_175821_881241,6471,216,2026-08-07T18:02:01.555,1,250.0,492.0,371.0,True,
run_20260807_175821_881241,6471,216,2026-08-07T18:02:01.555,2,228.07142857142858,514.0,371.0357142857143,True,
run_20260807_175821_881241,6471,216,2026-08-07T18:02:01.555,3,206.0,536.0,371.0,True,
run_20260807_175821_881241,6471,216,2026-08-07T18:02:01.555,4,183.5,558.3636363636364,370.9318181818182,True,
run_20260807_175821_881241,6471,216,2026-08-07T18:02:01.555,5,161.0,581.0,371.0,True,
run_20260807_175821_881241,6471,216,2026-08-07T18:02:01.555,6,139.0,603.25,371.125,True,
run_20260807_175821_881241,6471,216,2026-08-07T18:02:01.555,7,116.5,625.0,370.75,True,
run_20260807_175821_881241,6471,216,2026-08-07T18:02:01.555,8,95.0,647.0,371.0,True,
run_20260807_175821_881241,6471,216,2026-08-07T18:02:01.555,9,73.0,669.0,371.0,True,
run_20260807_175821_881241,6471,216,2026-08-07T18:02:01.555,10,51.0,691.0,371.0,True,
run_20260807_175821_881241,6471,216,2026-08-07T18:02:01.555,11,29.0,712.0,370.5,True,
run_20260807_175821_881241,6471,216,2026-08-07T18:02:01.555,12,7.5,734.0,370.75,True,
run_20260807_175821_881241,6500,217,2026-08-07T18:02:02.562,0,272.0,469.0,370.5,True,
run_20260807_175821_881241,6500,217,2026-08-07T18:02:02.562,1,250.0,492.0,371.0,True,
run_20260807_175821_881241,6500,217,2026-08-07T18:02:02.562,2,228.07142857142858,514.0,371.0357142857143,True,
run_20260807_175821_881241,6500,217,2026-08-07T18:02:02.562,3,206.0,536.0,371.0,True,
run_20260807_175821_881241,6500,217,2026-08-07T18:02:02.562,4,183.5,558.3636363636364,370.9318181818182,True,
run_20260807_175821_881241,6500,217,2026-08-07T18:02:02.562,5,161.0,581.0,371.0,True,
run_20260807_175821_881241,6500,217,2026-08-07T18:02:02.562,6,139.0,603.25,371.125,True,
run_20260807_175821_881241,6500,217,2026-08-07T18:02:02.562,7,116.5,625.0,370.75,True,
run_20260807_175821_881241,6500,217,2026-08-07T18:02:02.562,8,95.0,647.0,371.0,True,
run_20260807_175821_881241,6500,217,2026-08-07T18:02:02.562,9,73.0,669.0,371.0,True,
run_20260807_175821_881241,6500,217,2026-08-07T18:02:02.562,10,51.0,691.0,371.0,True,
run_20260807_175821_881241,6500,217,2026-08-07T18:02:02.562,11,29.0,712.0,370.5,True,
run_20260807_175821_881241,6500,217,2026-08-07T18:02:02.562,12,7.5,734.0,370.75,True,
run_20260807_175821_881241,6530,218,2026-08-07T18:02:03.592,0,272.0,469.0,370.5,True,
run_20260807_175821_881241,6530,218,2026-08-07T18:02:03.592,1,250.0,492.0,371.0,True,
run_20260807_175821_881241,6530,218,2026-08-07T18:02:03.592,2,228.07142857142858,514.0,371.0357142857143,True,
run_20260807_175821_881241,6530,218,2026-08-07T18:02:03.592,3,206.0,536.0,371.0,True,
run_20260807_175821_881241,6530,218,2026-08-07T18:02:03.592,4,183.5,558.3636363636364,370.9318181818182,True,
run_20260807_175821_881241,6530,218,2026-08-07T18:02:03.592,5,161.0,581.0,371.0,True,
run_20260807_175821_881241,6530,218,2026-08-07T18:02:03.592,6,139.0,603.25,371.125,True,
run_20260807_175821_881241,6530,218,2026-08-07T18:02:03.592,7,116.5,625.0,370.75,True,
run_20260807_175821_881241,6530,218,2026-08-07T18:02:03.592,8,95.0,647.0,371.0,True,
run_20260807_175821_881241,6530,218,2026-08-07T18:02:03.592,9,73.0,669.0,371.0,True,
run_20260807_175821_881241,6530,218,2026-08-07T18:02:03.592,10,51.0,691.0,371.0,True,
run_20260807_175821_881241,6530,218,2026-08-07T18:02:03.592,11,29.0,712.0,370.5,True,
run_20260807_175821_881241,6530,218,2026-08-07T18:02:03.592,12,7.5,734.0,370.75,True,
run_20260807_175821_881241,6560,219,2026-08-07T18:02:04.593,0,272.0,469.0,370.5,True,
run_20260807_175821_881241,6560,219,2026-08-07T18:02:04.593,1,250.0,492.0,371.0,True,
run_20260807_175821_881241,6560,219,2026-08-07T18:02:04.593,2,228.07142857142858,514.0,371.0357142857143,True,
run_20260807_175821_881241,6560,219,2026-08-07T18:02:04.593,3,206.0,536.0,371.0,True,
run_20260807_175821_881241,6560,219,2026-08-07T18:02:04.593,4,183.5,558.3636363636364,370.9318181818182,True,
run_20260807_175821_881241,6560,219,2026-08-07T18:02:04.593,5,161.0,581.0,371.0,True,
run_20260807_175821_881241,6560,219,2026-08-07T18:02:04.593,6,139.0,603.25,371.125,True,
run_20260807_175821_881241,6560,219,2026-08-07T18:02:04.593,7,116.5,625.0,370.75,True,
run_20260807_175821_881241,6560,219,2026-08-07T18:02:04.593,8,94.92857142857143,647.0,370.9642857142857,True,
run_20260807_175821_881241,6560,219,2026-08-07T18:02:04.593,9,73.0,669.0,371.0,True,
run_20260807_175821_881241,6560,219,2026-08-07T18:02:04.593,10,51.0,691.0,371.0,True,
run_20260807_175821_881241,6560,219,2026-08-07T18:02:04.593,11,29.0,712.0,370.5,True,
run_20260807_175821_881241,6560,219,2026-08-07T18:02:04.593,12,7.5,734.0,370.75,True,
run_20260807_175821_881241,6590,220,2026-08-07T18:02:05.623,0,272.0,469.0,370.5,True,
run_20260807_175821_881241,6590,220,2026-08-07T18:02:05.623,1,250.0,492.0,371.0,True,
run_20260807_175821_881241,6590,220,2026-08-07T18:02:05.623,2,228.07142857142858,514.0,371.0357142857143,True,
run_20260807_175821_881241,6590,220,2026-08-07T18:02:05.623,3,206.0,536.0,371.0,True,
run_20260807_175821_881241,6590,220,2026-08-07T18:02:05.623,4,183.5,558.3636363636364,370.9318181818182,True,
run_20260807_175821_881241,6590,220,2026-08-07T18:02:05.623,5,161.0,581.0,371.0,True,
run_20260807_175821_881241,6590,220,2026-08-07T18:02:05.623,6,139.0,603.25,371.125,True,
run_20260807_175821_881241,6590,220,2026-08-07T18:02:05.623,7,116.5,625.0,370.75,True,
run_20260807_175821_881241,6590,220,2026-08-07T18:02:05.623,8,95.0,647.0,371.0,True,
run_20260807_175821_881241,6590,220,2026-08-07T18:02:05.623,9,73.0,669.0,371.0,True,
run_20260807_175821_881241,6590,220,2026-08-07T18:02:05.623,10,51.0,691.0,371.0,True,
run_20260807_175821_881241,6590,220,2026-08-07T18:02:05.623,11,29.0,712.0,370.5,True,
run_20260807_175821_881241,6590,220,2026-08-07T18:02:05.623,12,7.5,734.0,370.75,True,
run_20260807_175821_881241,6620,221,2026-08-07T18:02:06.625,0,272.0,469.0,370.5,True,
run_20260807_175821_881241,6620,221,2026-08-07T18:02:06.625,1,250.0,492.0,371.0,True,
run_20260807_175821_881241,6620,221,2026-08-07T18:02:06.625,2,228.15384615384616,514.0,371.0769230769231,True,
run_20260807_175821_881241,6620,221,2026-08-07T18:02:06.625,3,206.0,536.0,371.0,True,
run_20260807_175821_881241,6620,221,2026-08-07T18:02:06.625,4,183.5,558.3636363636364,370.9318181818182,True,
run_20260807_175821_881241,6620,221,2026-08-07T18:02:06.625,5,161.0,581.0,371.0,True,
run_20260807_175821_881241,6620,221,2026-08-07T18:02:06.625,6,139.0,603.25,371.125,True,
run_20260807_175821_881241,6620,221,2026-08-07T18:02:06.625,7,116.5,625.0,370.75,True,
run_20260807_175821_881241,6620,221,2026-08-07T18:02:06.625,8,95.0,647.0,371.0,True,
run_20260807_175821_881241,6620,221,2026-08-07T18:02:06.625,9,73.0,669.0,371.0,True,
run_20260807_175821_881241,6620,221,2026-08-07T18:02:06.625,10,51.0,691.0,371.0,True,
run_20260807_175821_881241,6620,221,2026-08-07T18:02:06.625,11,29.0,712.0714285714286,370.5357142857143,True,
run_20260807_175821_881241,6620,221,2026-08-07T18:02:06.625,12,7.5,734.0,370.75,True,
run_20260807_175821_881241,6651,222,2026-08-07T18:02:07.657,0,272.0,469.0,370.5,True,
run_20260807_175821_881241,6651,222,2026-08-07T18:02:07.657,1,250.0,492.0,371.0,True,
run_20260807_175821_881241,6651,222,2026-08-07T18:02:07.657,2,228.15384615384616,514.0,371.0769230769231,True,
run_20260807_175821_881241,6651,222,2026-08-07T18:02:07.657,3,206.0,536.0,371.0,True,
run_20260807_175821_881241,6651,222,2026-08-07T18:02:07.657,4,183.5,558.5,371.0,True,
run_20260807_175821_881241,6651,222,2026-08-07T18:02:07.657,5,161.0,581.0,371.0,True,
run_20260807_175821_881241,6651,222,2026-08-07T18:02:07.657,6,139.0,603.25,371.125,True,
run_20260807_175821_881241,6651,222,2026-08-07T18:02:07.657,7,116.5,625.0,370.75,True,
run_20260807_175821_881241,6651,222,2026-08-07T18:02:07.657,8,95.0,647.0,371.0,True,
run_20260807_175821_881241,6651,222,2026-08-07T18:02:07.657,9,73.0,669.0,371.0,True,
run_20260807_175821_881241,6651,222,2026-08-07T18:02:07.657,10,51.0,691.0,371.0,True,
run_20260807_175821_881241,6651,222,2026-08-07T18:02:07.657,11,29.0,712.0,370.5,True,
run_20260807_175821_881241,6651,222,2026-08-07T18:02:07.657,12,7.5,734.0,370.75,True,
run_20260807_175821_881241,6681,223,2026-08-07T18:02:08.660,0,272.0,469.0,370.5,True,
run_20260807_175821_881241,6681,223,2026-08-07T18:02:08.660,1,250.0,492.0,371.0,True,
run_20260807_175821_881241,6681,223,2026-08-07T18:02:08.660,2,228.07142857142858,514.0,371.0357142857143,True,
run_20260807_175821_881241,6681,223,2026-08-07T18:02:08.660,3,206.0,536.0,371.0,True,
run_20260807_175821_881241,6681,223,2026-08-07T18:02:08.660,4,183.5,558.3636363636364,370.9318181818182,True,
run_20260807_175821_881241,6681,223,2026-08-07T18:02:08.660,5,161.0,581.0,371.0,True,
run_20260807_175821_881241,6681,223,2026-08-07T18:02:08.660,6,139.0,603.25,371.125,True,
run_20260807_175821_881241,6681,223,2026-08-07T18:02:08.660,7,116.5,625.0,370.75,True,
run_20260807_175821_881241,6681,223,2026-08-07T18:02:08.660,8,95.0,647.0,371.0,True,
run_20260807_175821_881241,6681,223,2026-08-07T18:02:08.660,9,73.0,669.0,371.0,True,
run_20260807_175821_881241,6681,223,2026-08-07T18:02:08.660,10,51.0,691.0,371.0,True,
run_20260807_175821_881241,6681,223,2026-08-07T18:02:08.660,11,29.0,712.0,370.5,True,
run_20260807_175821_881241,6681,223,2026-08-07T18:02:08.660,12,7.5,734.0,370.75,True,
run_20260807_175821_881241,6712,224,2026-08-07T18:02:09.688,0,272.0,469.0,370.5,True,
run_20260807_175821_881241,6712,224,2026-08-07T18:02:09.688,1,250.0,492.0,371.0,True,
run_20260807_175821_881241,6712,224,2026-08-07T18:02:09.688,2,228.07142857142858,514.0,371.0357142857143,True,
run_20260807_175821_881241,6712,224,2026-08-07T18:02:09.688,3,206.0,536.0,371.0,True,
run_20260807_175821_881241,6712,224,2026-08-07T18:02:09.688,4,183.5,558.3636363636364,370.9318181818182,True,
run_20260807_175821_881241,6712,224,2026-08-07T18:02:09.688,5,161.0,581.0,371.0,True,
run_20260807_175821_881241,6712,224,2026-08-07T18:02:09.688,6,139.0,603.25,371.125,True,
run_20260807_175821_881241,6712,224,2026-08-07T18:02:09.688,7,116.5,625.0,370.75,True,
run_20260807_175821_881241,6712,224,2026-08-07T18:02:09.688,8,95.0,647.0,371.0,True,
run_20260807_175821_881241,6712,224,2026-08-07T18:02:09.688,9,73.0,669.0,371.0,True,
run_20260807_175821_881241,6712,224,2026-08-07T18:02:09.688,10,51.0,691.0,371.0,True,
run_20260807_175821_881241,6712,224,2026-08-07T18:02:09.688,11,29.0,712.0,370.5,True,
run_20260807_175821_881241,6712,224,2026-08-07T18:02:09.688,12,7.5,734.0,370.75,True,
run_20260807_175821_881241,6742,225,2026-08-07T18:02:10.704,0,272.0,469.0,370.5,True,
run_20260807_175821_881241,6742,225,2026-08-07T18:02:10.704,1,250.0,492.0,371.0,True,
run_20260807_175821_881241,6742,225,2026-08-07T18:02:10.704,2,228.07142857142858,514.0,371.0357142857143,True,
run_20260807_175821_881241,6742,225,2026-08-07T18:02:10.704,3,206.0,536.0,371.0,True,
run_20260807_175821_881241,6742,225,2026-08-07T18:02:10.704,4,183.5,558.3636363636364,370.9318181818182,True,
run_20260807_175821_881241,6742,225,2026-08-07T18:02:10.704,5,161.0,581.0,371.0,True,
run_20260807_175821_881241,6742,225,2026-08-07T18:02:10.704,6,139.0,603.25,371.125,True,
run_20260807_175821_881241,6742,225,2026-08-07T18:02:10.704,7,116.5,625.0,370.75,True,
run_20260807_175821_881241,6742,225,2026-08-07T18:02:10.704,8,95.0,647.0,371.0,True,
run_20260807_175821_881241,6742,225,2026-08-07T18:02:10.704,9,73.0,669.0,371.0,True,
run_20260807_175821_881241,6742,225,2026-08-07T18:02:10.704,10,51.0,691.0,371.0,True,
run_20260807_175821_881241,6742,225,2026-08-07T18:02:10.704,11,29.0,712.1538461538462,370.5769230769231,True,
run_20260807_175821_881241,6742,225,2026-08-07T18:02:10.704,12,7.5,734.0,370.75,True,
run_20260807_175821_881241,6773,226,2026-08-07T18:02:11.723,0,272.0,469.0,370.5,True,
run_20260807_175821_881241,6773,226,2026-08-07T18:02:11.723,1,250.0,492.0,371.0,True,
run_20260807_175821_881241,6773,226,2026-08-07T18:02:11.723,2,228.15384615384616,514.0,371.0769230769231,True,
run_20260807_175821_881241,6773,226,2026-08-07T18:02:11.723,3,206.0,536.0,371.0,True,
run_20260807_175821_881241,6773,226,2026-08-07T18:02:11.723,4,183.5,558.5,371.0,True,
run_20260807_175821_881241,6773,226,2026-08-07T18:02:11.723,5,161.0,581.0,371.0,True,
run_20260807_175821_881241,6773,226,2026-08-07T18:02:11.723,6,139.0,603.3636363636364,371.1818181818182,True,
run_20260807_175821_881241,6773,226,2026-08-07T18:02:11.723,7,116.5,625.0,370.75,True,
run_20260807_175821_881241,6773,226,2026-08-07T18:02:11.723,8,95.0,647.0,371.0,True,
run_20260807_175821_881241,6773,226,2026-08-07T18:02:11.723,9,73.0,669.0,371.0,True,
run_20260807_175821_881241,6773,226,2026-08-07T18:02:11.723,10,51.0,691.0,371.0,True,
run_20260807_175821_881241,6773,226,2026-08-07T18:02:11.723,11,29.0,712.1538461538462,370.5769230769231,True,
run_20260807_175821_881241,6773,226,2026-08-07T18:02:11.723,12,7.5,734.0,370.75,True,
run_20260807_175821_881241,6803,227,2026-08-07T18:02:12.724,0,272.0,469.0,370.5,True,
run_20260807_175821_881241,6803,227,2026-08-07T18:02:12.724,1,250.0,492.0,371.0,True,
run_20260807_175821_881241,6803,227,2026-08-07T18:02:12.724,2,228.07142857142858,514.0,371.0357142857143,True,
run_20260807_175821_881241,6803,227,2026-08-07T18:02:12.724,3,206.0,536.0,371.0,True,
run_20260807_175821_881241,6803,227,2026-08-07T18:02:12.724,4,183.5,558.1538461538462,370.8269230769231,True,
run_20260807_175821_881241,6803,227,2026-08-07T18:02:12.724,5,161.0,581.0,371.0,True,
run_20260807_175821_881241,6803,227,2026-08-07T18:02:12.724,6,139.0,603.25,371.125,True,
run_20260807_175821_881241,6803,227,2026-08-07T18:02:12.724,7,116.5,625.0,370.75,True,
run_20260807_175821_881241,6803,227,2026-08-07T18:02:12.724,8,95.0,647.0,371.0,True,
run_20260807_175821_881241,6803,227,2026-08-07T18:02:12.724,9,73.0,669.0,371.0,True,
run_20260807_175821_881241,6803,227,2026-08-07T18:02:12.724,10,51.0,691.0,371.0,True,
run_20260807_175821_881241,6803,227,2026-08-07T18:02:12.724,11,29.0,712.0714285714286,370.5357142857143,True,
run_20260807_175821_881241,6803,227,2026-08-07T18:02:12.724,12,7.5,734.0,370.75,True,
run_20260807_175821_881241,6833,228,2026-08-07T18:02:13.726,0,272.0,469.0,370.5,True,
run_20260807_175821_881241,6833,228,2026-08-07T18:02:13.726,1,250.0,492.0,371.0,True,
run_20260807_175821_881241,6833,228,2026-08-07T18:02:13.726,2,228.07142857142858,514.0,371.0357142857143,True,
run_20260807_175821_881241,6833,228,2026-08-07T18:02:13.726,3,206.0,536.0,371.0,True,
run_20260807_175821_881241,6833,228,2026-08-07T18:02:13.726,4,183.5,558.3636363636364,370.9318181818182,True,
run_20260807_175821_881241,6833,228,2026-08-07T18:02:13.726,5,161.0,581.0,371.0,True,
run_20260807_175821_881241,6833,228,2026-08-07T18:02:13.726,6,139.0,603.25,371.125,True,
run_20260807_175821_881241,6833,228,2026-08-07T18:02:13.726,7,116.5,625.0,370.75,True,
run_20260807_175821_881241,6833,228,2026-08-07T18:02:13.726,8,95.0,647.0,371.0,True,
run_20260807_175821_881241,6833,228,2026-08-07T18:02:13.726,9,73.0,669.0,371.0,True,
run_20260807_175821_881241,6833,228,2026-08-07T18:02:13.726,10,51.0,691.0,371.0,True,
run_20260807_175821_881241,6833,228,2026-08-07T18:02:13.726,11,29.0,712.25,370.625,True,
run_20260807_175821_881241,6833,228,2026-08-07T18:02:13.726,12,7.5,734.0,370.75,True,
run_20260807_175821_881241,6863,229,2026-08-07T18:02:14.726,0,272.0,469.0,370.5,True,
run_20260807_175821_881241,6863,229,2026-08-07T18:02:14.726,1,250.0,492.0,371.0,True,
run_20260807_175821_881241,6863,229,2026-08-07T18:02:14.726,2,228.07142857142858,514.0,371.0357142857143,True,
run_20260807_175821_881241,6863,229,2026-08-07T18:02:14.726,3,206.0,536.0,371.0,True,
run_20260807_175821_881241,6863,229,2026-08-07T18:02:14.726,4,183.5,558.3636363636364,370.9318181818182,True,
run_20260807_175821_881241,6863,229,2026-08-07T18:02:14.726,5,161.0,581.0,371.0,True,
run_20260807_175821_881241,6863,229,2026-08-07T18:02:14.726,6,139.0,603.25,371.125,True,
run_20260807_175821_881241,6863,229,2026-08-07T18:02:14.726,7,116.5,625.0,370.75,True,
run_20260807_175821_881241,6863,229,2026-08-07T18:02:14.726,8,95.0,647.0,371.0,True,
run_20260807_175821_881241,6863,229,2026-08-07T18:02:14.726,9,73.0,669.0,371.0,True,
run_20260807_175821_881241,6863,229,2026-08-07T18:02:14.726,10,51.0,691.0,371.0,True,
run_20260807_175821_881241,6863,229,2026-08-07T18:02:14.726,11,29.0,712.1538461538462,370.5769230769231,True,
run_20260807_175821_881241,6863,229,2026-08-07T18:02:14.726,12,7.5,734.0,370.75,True,
run_20260807_175821_881241,6894,230,2026-08-07T18:02:15.756,0,272.0,469.0,370.5,True,
run_20260807_175821_881241,6894,230,2026-08-07T18:02:15.756,1,250.0,492.0,371.0,True,
run_20260807_175821_881241,6894,230,2026-08-07T18:02:15.756,2,228.07142857142858,514.0,371.0357142857143,True,
run_20260807_175821_881241,6894,230,2026-08-07T18:02:15.756,3,206.0,536.0,371.0,True,
run_20260807_175821_881241,6894,230,2026-08-07T18:02:15.756,4,183.5,558.5,371.0,True,
run_20260807_175821_881241,6894,230,2026-08-07T18:02:15.756,5,161.0,581.0,371.0,True,
run_20260807_175821_881241,6894,230,2026-08-07T18:02:15.756,6,139.0,603.25,371.125,True,
run_20260807_175821_881241,6894,230,2026-08-07T18:02:15.756,7,116.5,625.0,370.75,True,
run_20260807_175821_881241,6894,230,2026-08-07T18:02:15.756,8,95.0,647.0,371.0,True,
run_20260807_175821_881241,6894,230,2026-08-07T18:02:15.756,9,73.0,669.0,371.0,True,
run_20260807_175821_881241,6894,230,2026-08-07T18:02:15.756,10,51.0,691.0,371.0,True,
run_20260807_175821_881241,6894,230,2026-08-07T18:02:15.756,11,29.0,712.1538461538462,370.5769230769231,True,
run_20260807_175821_881241,6894,230,2026-08-07T18:02:15.756,12,7.5,734.0,370.75,True,
run_20260807_175821_881241,6925,231,2026-08-07T18:02:16.789,0,272.0,469.0,370.5,True,
run_20260807_175821_881241,6925,231,2026-08-07T18:02:16.789,1,250.0,492.0,371.0,True,
run_20260807_175821_881241,6925,231,2026-08-07T18:02:16.789,2,228.07142857142858,514.0,371.0357142857143,True,
run_20260807_175821_881241,6925,231,2026-08-07T18:02:16.789,3,206.0,536.0,371.0,True,
run_20260807_175821_881241,6925,231,2026-08-07T18:02:16.789,4,183.5,558.3636363636364,370.9318181818182,True,
run_20260807_175821_881241,6925,231,2026-08-07T18:02:16.789,5,161.0,581.0,371.0,True,
run_20260807_175821_881241,6925,231,2026-08-07T18:02:16.789,6,139.0,603.25,371.125,True,
run_20260807_175821_881241,6925,231,2026-08-07T18:02:16.789,7,116.5,625.0,370.75,True,
run_20260807_175821_881241,6925,231,2026-08-07T18:02:16.789,8,95.0,647.0,371.0,True,
run_20260807_175821_881241,6925,231,2026-08-07T18:02:16.789,9,73.0,669.0,371.0,True,
run_20260807_175821_881241,6925,231,2026-08-07T18:02:16.789,10,51.0,691.0,371.0,True,
run_20260807_175821_881241,6925,231,2026-08-07T18:02:16.789,11,29.0,712.25,370.625,True,
run_20260807_175821_881241,6925,231,2026-08-07T18:02:16.789,12,7.5,734.0,370.75,True,
run_20260807_175821_881241,6955,232,2026-08-07T18:02:17.791,0,272.0,469.0,370.5,True,
run_20260807_175821_881241,6955,232,2026-08-07T18:02:17.791,1,250.0,492.0,371.0,True,
run_20260807_175821_881241,6955,232,2026-08-07T18:02:17.791,2,228.07142857142858,514.0,371.0357142857143,True,
run_20260807_175821_881241,6955,232,2026-08-07T18:02:17.791,3,206.0,536.0,371.0,True,
run_20260807_175821_881241,6955,232,2026-08-07T18:02:17.791,4,183.5,558.5,371.0,True,
run_20260807_175821_881241,6955,232,2026-08-07T18:02:17.791,5,161.0,581.0,371.0,True,
run_20260807_175821_881241,6955,232,2026-08-07T18:02:17.791,6,139.0,603.25,371.125,True,
run_20260807_175821_881241,6955,232,2026-08-07T18:02:17.791,7,116.5,625.0,370.75,True,
run_20260807_175821_881241,6955,232,2026-08-07T18:02:17.791,8,95.0,647.0,371.0,True,
run_20260807_175821_881241,6955,232,2026-08-07T18:02:17.791,9,73.0,669.0,371.0,True,
run_20260807_175821_881241,6955,232,2026-08-07T18:02:17.791,10,51.0,691.0,371.0,True,
run_20260807_175821_881241,6955,232,2026-08-07T18:02:17.791,11,29.0,712.3636363636364,370.6818181818182,True,
run_20260807_175821_881241,6955,232,2026-08-07T18:02:17.791,12,7.5,734.0,370.75,True,
run_20260807_175821_881241,6985,233,2026-08-07T18:02:18.793,0,272.0,469.0,370.5,True,
run_20260807_175821_881241,6985,233,2026-08-07T18:02:18.793,1,250.0,492.0,371.0,True,
run_20260807_175821_881241,6985,233,2026-08-07T18:02:18.793,2,228.07142857142858,514.0,371.0357142857143,True,
run_20260807_175821_881241,6985,233,2026-08-07T18:02:18.793,3,206.0,536.0,371.0,True,
run_20260807_175821_881241,6985,233,2026-08-07T18:02:18.793,4,183.5,558.5,371.0,True,
run_20260807_175821_881241,6985,233,2026-08-07T18:02:18.793,5,161.0,581.0,371.0,True,
run_20260807_175821_881241,6985,233,2026-08-07T18:02:18.793,6,139.0,603.25,371.125,True,
run_20260807_175821_881241,6985,233,2026-08-07T18:02:18.793,7,116.5,625.0,370.75,True,
run_20260807_175821_881241,6985,233,2026-08-07T18:02:18.793,8,95.0,647.0,371.0,True,
run_20260807_175821_881241,6985,233,2026-08-07T18:02:18.793,9,73.0,669.0,371.0,True,
run_20260807_175821_881241,6985,233,2026-08-07T18:02:18.793,10,51.0,691.0,371.0,True,
run_20260807_175821_881241,6985,233,2026-08-07T18:02:18.793,11,29.0,712.3636363636364,370.6818181818182,True,
run_20260807_175821_881241,6985,233,2026-08-07T18:02:18.793,12,7.5,734.0,370.75,True,
run_20260807_175821_881241,7015,234,2026-08-07T18:02:19.793,0,272.0,469.0,370.5,True,
run_20260807_175821_881241,7015,234,2026-08-07T18:02:19.793,1,250.0,492.0,371.0,True,
run_20260807_175821_881241,7015,234,2026-08-07T18:02:19.793,2,228.15384615384616,514.0,371.0769230769231,True,
run_20260807_175821_881241,7015,234,2026-08-07T18:02:19.793,3,206.0,536.0,371.0,True,
run_20260807_175821_881241,7015,234,2026-08-07T18:02:19.793,4,183.5,558.3636363636364,370.9318181818182,True,
run_20260807_175821_881241,7015,234,2026-08-07T18:02:19.793,5,161.0,581.0,371.0,True,
run_20260807_175821_881241,7015,234,2026-08-07T18:02:19.793,6,139.0,603.25,371.125,True,
run_20260807_175821_881241,7015,234,2026-08-07T18:02:19.793,7,116.5,625.0,370.75,True,
run_20260807_175821_881241,7015,234,2026-08-07T18:02:19.793,8,95.0,647.0,371.0,True,
run_20260807_175821_881241,7015,234,2026-08-07T18:02:19.793,9,73.0,669.0,371.0,True,
run_20260807_175821_881241,7015,234,2026-08-07T18:02:19.793,10,51.0,691.0,371.0,True,
run_20260807_175821_881241,7015,234,2026-08-07T18:02:19.793,11,29.0,712.1538461538462,370.5769230769231,True,
run_20260807_175821_881241,7015,234,2026-08-07T18:02:19.793,12,7.5,734.0,370.75,True,
run_20260807_175821_881241,7046,235,2026-08-07T18:02:20.827,0,272.0,469.0,370.5,True,
run_20260807_175821_881241,7046,235,2026-08-07T18:02:20.827,1,250.0,492.0,371.0,True,
run_20260807_175821_881241,7046,235,2026-08-07T18:02:20.827,2,228.15384615384616,514.0,371.0769230769231,True,
run_20260807_175821_881241,7046,235,2026-08-07T18:02:20.827,3,206.0,536.0,371.0,True,
run_20260807_175821_881241,7046,235,2026-08-07T18:02:20.827,4,183.5,558.5,371.0,True,
run_20260807_175821_881241,7046,235,2026-08-07T18:02:20.827,5,161.0,581.0,371.0,True,
run_20260807_175821_881241,7046,235,2026-08-07T18:02:20.827,6,139.0,603.25,371.125,True,
run_20260807_175821_881241,7046,235,2026-08-07T18:02:20.827,7,116.5,625.0,370.75,True,
run_20260807_175821_881241,7046,235,2026-08-07T18:02:20.827,8,95.0,647.0,371.0,True,
run_20260807_175821_881241,7046,235,2026-08-07T18:02:20.827,9,73.0,669.0,371.0,True,
run_20260807_175821_881241,7046,235,2026-08-07T18:02:20.827,10,51.0,691.0,371.0,True,
run_20260807_175821_881241,7046,235,2026-08-07T18:02:20.827,11,29.0,712.0714285714286,370.5357142857143,True,
run_20260807_175821_881241,7046,235,2026-08-07T18:02:20.827,12,7.5,734.0,370.75,True,
run_20260807_175821_881241,7075,236,2026-08-07T18:02:21.827,0,272.0,469.0,370.5,True,
run_20260807_175821_881241,7075,236,2026-08-07T18:02:21.827,1,250.0,492.0,371.0,True,
run_20260807_175821_881241,7075,236,2026-08-07T18:02:21.827,2,228.15384615384616,514.0,371.0769230769231,True,
run_20260807_175821_881241,7075,236,2026-08-07T18:02:21.827,3,206.0,536.0,371.0,True,
run_20260807_175821_881241,7075,236,2026-08-07T18:02:21.827,4,183.5,558.3636363636364,370.9318181818182,True,
run_20260807_175821_881241,7075,236,2026-08-07T18:02:21.827,5,161.0,581.0,371.0,True,
run_20260807_175821_881241,7075,236,2026-08-07T18:02:21.827,6,139.0,603.25,371.125,True,
run_20260807_175821_881241,7075,236,2026-08-07T18:02:21.827,7,116.5,625.0,370.75,True,
run_20260807_175821_881241,7075,236,2026-08-07T18:02:21.827,8,95.0,647.0,371.0,True,
run_20260807_175821_881241,7075,236,2026-08-07T18:02:21.827,9,73.0,669.0,371.0,True,
run_20260807_175821_881241,7075,236,2026-08-07T18:02:21.827,10,51.0,691.0,371.0,True,
run_20260807_175821_881241,7075,236,2026-08-07T18:02:21.827,11,29.0,712.3636363636364,370.6818181818182,True,
run_20260807_175821_881241,7075,236,2026-08-07T18:02:21.827,12,7.5,734.0,370.75,True,
run_20260807_175821_881241,7106,237,2026-08-07T18:02:22.857,0,272.0,469.0,370.5,True,
run_20260807_175821_881241,7106,237,2026-08-07T18:02:22.857,1,250.0,492.0,371.0,True,
run_20260807_175821_881241,7106,237,2026-08-07T18:02:22.857,2,228.07142857142858,514.0,371.0357142857143,True,
run_20260807_175821_881241,7106,237,2026-08-07T18:02:22.857,3,206.0,536.0,371.0,True,
run_20260807_175821_881241,7106,237,2026-08-07T18:02:22.857,4,183.5,558.3636363636364,370.9318181818182,True,
run_20260807_175821_881241,7106,237,2026-08-07T18:02:22.857,5,161.0,581.0,371.0,True,
run_20260807_175821_881241,7106,237,2026-08-07T18:02:22.857,6,139.0,603.25,371.125,True,
run_20260807_175821_881241,7106,237,2026-08-07T18:02:22.857,7,116.5,625.0,370.75,True,
run_20260807_175821_881241,7106,237,2026-08-07T18:02:22.857,8,95.0,647.0,371.0,True,
run_20260807_175821_881241,7106,237,2026-08-07T18:02:22.857,9,73.0,669.0,371.0,True,
run_20260807_175821_881241,7106,237,2026-08-07T18:02:22.857,10,51.0,691.0,371.0,True,
run_20260807_175821_881241,7106,237,2026-08-07T18:02:22.857,11,29.0,712.5,370.75,True,
run_20260807_175821_881241,7106,237,2026-08-07T18:02:22.857,12,7.5,734.0,370.75,True,
run_20260807_175821_881241,7137,238,2026-08-07T18:02:23.890,0,272.0,469.0,370.5,True,
run_20260807_175821_881241,7137,238,2026-08-07T18:02:23.890,1,250.0,492.0,371.0,True,
run_20260807_175821_881241,7137,238,2026-08-07T18:02:23.890,2,228.07142857142858,514.0,371.0357142857143,True,
run_20260807_175821_881241,7137,238,2026-08-07T18:02:23.890,3,206.0,536.0,371.0,True,
run_20260807_175821_881241,7137,238,2026-08-07T18:02:23.890,4,183.5,558.5,371.0,True,
run_20260807_175821_881241,7137,238,2026-08-07T18:02:23.890,5,161.0,581.0,371.0,True,
run_20260807_175821_881241,7137,238,2026-08-07T18:02:23.890,6,139.0,603.25,371.125,True,
run_20260807_175821_881241,7137,238,2026-08-07T18:02:23.890,7,116.5,625.0,370.75,True,
run_20260807_175821_881241,7137,238,2026-08-07T18:02:23.890,8,95.0,647.0,371.0,True,
run_20260807_175821_881241,7137,238,2026-08-07T18:02:23.890,9,73.0,669.0,371.0,True,
run_20260807_175821_881241,7137,238,2026-08-07T18:02:23.890,10,51.0,691.0,371.0,True,
run_20260807_175821_881241,7137,238,2026-08-07T18:02:23.890,11,29.0,712.25,370.625,True,
run_20260807_175821_881241,7137,238,2026-08-07T18:02:23.890,12,7.5,734.0,370.75,True,
run_20260807_175821_881241,7167,239,2026-08-07T18:02:24.892,0,272.0,469.0,370.5,True,
run_20260807_175821_881241,7167,239,2026-08-07T18:02:24.892,1,250.0,492.0,371.0,True,
run_20260807_175821_881241,7167,239,2026-08-07T18:02:24.892,2,228.15384615384616,514.0,371.0769230769231,True,
run_20260807_175821_881241,7167,239,2026-08-07T18:02:24.892,3,206.0,536.0,371.0,True,
run_20260807_175821_881241,7167,239,2026-08-07T18:02:24.892,4,183.5,558.3636363636364,370.9318181818182,True,
run_20260807_175821_881241,7167,239,2026-08-07T18:02:24.892,5,161.0,581.0,371.0,True,
run_20260807_175821_881241,7167,239,2026-08-07T18:02:24.892,6,139.0,603.25,371.125,True,
run_20260807_175821_881241,7167,239,2026-08-07T18:02:24.892,7,116.5,625.0,370.75,True,
run_20260807_175821_881241,7167,239,2026-08-07T18:02:24.892,8,95.0,647.0,371.0,True,
run_20260807_175821_881241,7167,239,2026-08-07T18:02:24.892,9,73.0,669.0,371.0,True,
run_20260807_175821_881241,7167,239,2026-08-07T18:02:24.892,10,51.0,691.0,371.0,True,
run_20260807_175821_881241,7167,239,2026-08-07T18:02:24.892,11,29.0,712.25,370.625,True,
run_20260807_175821_881241,7167,239,2026-08-07T18:02:24.892,12,7.5,734.0,370.75,True,
run_20260807_175821_881241,7197,240,2026-08-07T18:02:25.893,0,272.0,469.0,370.5,True,
run_20260807_175821_881241,7197,240,2026-08-07T18:02:25.893,1,250.0,492.0,371.0,True,
run_20260807_175821_881241,7197,240,2026-08-07T18:02:25.893,2,228.07142857142858,514.0,371.0357142857143,True,
run_20260807_175821_881241,7197,240,2026-08-07T18:02:25.893,3,206.0,536.0,371.0,True,
run_20260807_175821_881241,7197,240,2026-08-07T18:02:25.893,4,183.5,558.3636363636364,370.9318181818182,True,
run_20260807_175821_881241,7197,240,2026-08-07T18:02:25.893,5,161.0,581.0,371.0,True,
run_20260807_175821_881241,7197,240,2026-08-07T18:02:25.893,6,139.0,603.25,371.125,True,
run_20260807_175821_881241,7197,240,2026-08-07T18:02:25.893,7,116.5,625.0,370.75,True,
run_20260807_175821_881241,7197,240,2026-08-07T18:02:25.893,8,95.0,647.0,371.0,True,
run_20260807_175821_881241,7197,240,2026-08-07T18:02:25.893,9,73.0,669.0,371.0,True,
run_20260807_175821_881241,7197,240,2026-08-07T18:02:25.893,10,51.0,691.0,371.0,True,
run_20260807_175821_881241,7197,240,2026-08-07T18:02:25.893,11,29.0,712.1538461538462,370.5769230769231,True,
run_20260807_175821_881241,7197,240,2026-08-07T18:02:25.893,12,7.5,734.0,370.75,True,
run_20260807_175821_881241,7228,241,2026-08-07T18:02:26.923,0,272.0,469.0,370.5,True,
run_20260807_175821_881241,7228,241,2026-08-07T18:02:26.923,1,250.0,492.0,371.0,True,
run_20260807_175821_881241,7228,241,2026-08-07T18:02:26.923,2,228.07142857142858,514.0,371.0357142857143,True,
run_20260807_175821_881241,7228,241,2026-08-07T18:02:26.923,3,206.0,536.0,371.0,True,
run_20260807_175821_881241,7228,241,2026-08-07T18:02:26.923,4,183.5,558.3636363636364,370.9318181818182,True,
run_20260807_175821_881241,7228,241,2026-08-07T18:02:26.923,5,161.0,581.0,371.0,True,
run_20260807_175821_881241,7228,241,2026-08-07T18:02:26.923,6,139.0,603.25,371.125,True,
run_20260807_175821_881241,7228,241,2026-08-07T18:02:26.923,7,116.5,625.0,370.75,True,
run_20260807_175821_881241,7228,241,2026-08-07T18:02:26.923,8,95.0,647.0,371.0,True,
run_20260807_175821_881241,7228,241,2026-08-07T18:02:26.923,9,73.0,669.0,371.0,True,
run_20260807_175821_881241,7228,241,2026-08-07T18:02:26.923,10,51.0,691.0,371.0,True,
run_20260807_175821_881241,7228,241,2026-08-07T18:02:26.923,11,29.0,712.5,370.75,True,
run_20260807_175821_881241,7228,241,2026-08-07T18:02:26.923,12,7.5,734.0,370.75,True,
run_20260807_175821_881241,7259,242,2026-08-07T18:02:27.955,0,272.0,469.0,370.5,True,
run_20260807_175821_881241,7259,242,2026-08-07T18:02:27.955,1,250.0,492.0,371.0,True,
run_20260807_175821_881241,7259,242,2026-08-07T18:02:27.955,2,228.15384615384616,514.0,371.0769230769231,True,
run_20260807_175821_881241,7259,242,2026-08-07T18:02:27.955,3,206.0,536.0,371.0,True,
run_20260807_175821_881241,7259,242,2026-08-07T18:02:27.955,4,183.5,558.3636363636364,370.9318181818182,True,
run_20260807_175821_881241,7259,242,2026-08-07T18:02:27.955,5,161.0,581.0,371.0,True,
run_20260807_175821_881241,7259,242,2026-08-07T18:02:27.955,6,139.0,603.25,371.125,True,
run_20260807_175821_881241,7259,242,2026-08-07T18:02:27.955,7,116.5,625.0,370.75,True,
run_20260807_175821_881241,7259,242,2026-08-07T18:02:27.955,8,95.0,647.0,371.0,True,
run_20260807_175821_881241,7259,242,2026-08-07T18:02:27.955,9,73.0,669.0,371.0,True,
run_20260807_175821_881241,7259,242,2026-08-07T18:02:27.955,10,51.0,691.0,371.0,True,
run_20260807_175821_881241,7259,242,2026-08-07T18:02:27.955,11,29.0,712.5,370.75,True,
run_20260807_175821_881241,7259,242,2026-08-07T18:02:27.955,12,7.5,734.0,370.75,True,
run_20260807_175821_881241,7289,243,2026-08-07T18:02:28.958,0,272.0,469.0,370.5,True,
run_20260807_175821_881241,7289,243,2026-08-07T18:02:28.958,1,250.0,492.0,371.0,True,
run_20260807_175821_881241,7289,243,2026-08-07T18:02:28.958,2,228.07142857142858,514.0,371.0357142857143,True,
run_20260807_175821_881241,7289,243,2026-08-07T18:02:28.958,3,206.0,536.0,371.0,True,
run_20260807_175821_881241,7289,243,2026-08-07T18:02:28.958,4,183.5,558.3636363636364,370.9318181818182,True,
run_20260807_175821_881241,7289,243,2026-08-07T18:02:28.958,5,161.0,581.0,371.0,True,
run_20260807_175821_881241,7289,243,2026-08-07T18:02:28.958,6,139.0,603.25,371.125,True,
run_20260807_175821_881241,7289,243,2026-08-07T18:02:28.958,7,116.5,625.0,370.75,True,
run_20260807_175821_881241,7289,243,2026-08-07T18:02:28.958,8,95.0,647.0,371.0,True,
run_20260807_175821_881241,7289,243,2026-08-07T18:02:28.958,9,73.0,669.0,371.0,True,
run_20260807_175821_881241,7289,243,2026-08-07T18:02:28.958,10,51.0,691.0,371.0,True,
run_20260807_175821_881241,7289,243,2026-08-07T18:02:28.958,11,29.0,712.1538461538462,370.5769230769231,True,
run_20260807_175821_881241,7289,243,2026-08-07T18:02:28.958,12,7.5,734.0,370.75,True,
run_20260807_175821_881241,7320,244,2026-08-07T18:02:29.993,0,272.0,469.0,370.5,True,
run_20260807_175821_881241,7320,244,2026-08-07T18:02:29.993,1,250.0,492.0,371.0,True,
run_20260807_175821_881241,7320,244,2026-08-07T18:02:29.993,2,228.15384615384616,514.0,371.0769230769231,True,
run_20260807_175821_881241,7320,244,2026-08-07T18:02:29.993,3,206.0,536.0,371.0,True,
run_20260807_175821_881241,7320,244,2026-08-07T18:02:29.993,4,183.5,558.3636363636364,370.9318181818182,True,
run_20260807_175821_881241,7320,244,2026-08-07T18:02:29.993,5,161.0,581.0,371.0,True,
run_20260807_175821_881241,7320,244,2026-08-07T18:02:29.993,6,139.0,603.25,371.125,True,
run_20260807_175821_881241,7320,244,2026-08-07T18:02:29.993,7,116.5,625.0,370.75,True,
run_20260807_175821_881241,7320,244,2026-08-07T18:02:29.993,8,95.0,647.0,371.0,True,
run_20260807_175821_881241,7320,244,2026-08-07T18:02:29.993,9,73.0,669.0,371.0,True,
run_20260807_175821_881241,7320,244,2026-08-07T18:02:29.993,10,51.0,691.0,371.0,True,
run_20260807_175821_881241,7320,244,2026-08-07T18:02:29.993,11,29.0,712.25,370.625,True,
run_20260807_175821_881241,7320,244,2026-08-07T18:02:29.993,12,7.5,734.0,370.75,True,
run_20260807_175821_881241,7351,245,2026-08-07T18:02:31.026,0,272.0,469.0,370.5,True,
run_20260807_175821_881241,7351,245,2026-08-07T18:02:31.026,1,250.0,492.0,371.0,True,
run_20260807_175821_881241,7351,245,2026-08-07T18:02:31.026,2,228.15384615384616,514.0,371.0769230769231,True,
run_20260807_175821_881241,7351,245,2026-08-07T18:02:31.026,3,206.0,536.0,371.0,True,
run_20260807_175821_881241,7351,245,2026-08-07T18:02:31.026,4,183.5,558.3636363636364,370.9318181818182,True,
run_20260807_175821_881241,7351,245,2026-08-07T18:02:31.026,5,161.0,581.0,371.0,True,
run_20260807_175821_881241,7351,245,2026-08-07T18:02:31.026,6,139.0,603.25,371.125,True,
run_20260807_175821_881241,7351,245,2026-08-07T18:02:31.026,7,116.5,625.0,370.75,True,
run_20260807_175821_881241,7351,245,2026-08-07T18:02:31.026,8,95.0,647.0,371.0,True,
run_20260807_175821_881241,7351,245,2026-08-07T18:02:31.026,9,73.0,669.0,371.0,True,
run_20260807_175821_881241,7351,245,2026-08-07T18:02:31.026,10,51.0,691.0,371.0,True,
run_20260807_175821_881241,7351,245,2026-08-07T18:02:31.026,11,29.0,712.1538461538462,370.5769230769231,True,
run_20260807_175821_881241,7351,245,2026-08-07T18:02:31.026,12,7.5,734.0,370.75,True,
run_20260807_175821_881241,7382,246,2026-08-07T18:02:32.057,0,272.0,469.0,370.5,True,
run_20260807_175821_881241,7382,246,2026-08-07T18:02:32.057,1,250.0,492.0,371.0,True,
run_20260807_175821_881241,7382,246,2026-08-07T18:02:32.057,2,228.07142857142858,514.0,371.0357142857143,True,
run_20260807_175821_881241,7382,246,2026-08-07T18:02:32.057,3,206.0,536.0,371.0,True,
run_20260807_175821_881241,7382,246,2026-08-07T18:02:32.057,4,183.5,558.3636363636364,370.9318181818182,True,
run_20260807_175821_881241,7382,246,2026-08-07T18:02:32.057,5,161.0,581.0,371.0,True,
run_20260807_175821_881241,7382,246,2026-08-07T18:02:32.057,6,139.0,603.25,371.125,True,
run_20260807_175821_881241,7382,246,2026-08-07T18:02:32.057,7,116.5,625.0,370.75,True,
run_20260807_175821_881241,7382,246,2026-08-07T18:02:32.057,8,95.0,647.0,371.0,True,
run_20260807_175821_881241,7382,246,2026-08-07T18:02:32.057,9,73.0,669.0,371.0,True,
run_20260807_175821_881241,7382,246,2026-08-07T18:02:32.057,10,51.0,691.0,371.0,True,
run_20260807_175821_881241,7382,246,2026-08-07T18:02:32.057,11,29.0,712.25,370.625,True,
run_20260807_175821_881241,7382,246,2026-08-07T18:02:32.057,12,7.5,734.0,370.75,True,
run_20260807_175821_881241,7412,247,2026-08-07T18:02:33.058,0,272.0,469.0,370.5,True,
run_20260807_175821_881241,7412,247,2026-08-07T18:02:33.058,1,250.0,492.0,371.0,True,
run_20260807_175821_881241,7412,247,2026-08-07T18:02:33.058,2,228.15384615384616,514.0,371.0769230769231,True,
run_20260807_175821_881241,7412,247,2026-08-07T18:02:33.058,3,206.0,536.0,371.0,True,
run_20260807_175821_881241,7412,247,2026-08-07T18:02:33.058,4,183.5,558.5,371.0,True,
run_20260807_175821_881241,7412,247,2026-08-07T18:02:33.058,5,161.0,581.0,371.0,True,
run_20260807_175821_881241,7412,247,2026-08-07T18:02:33.058,6,139.0,603.25,371.125,True,
run_20260807_175821_881241,7412,247,2026-08-07T18:02:33.058,7,116.5,625.0,370.75,True,
run_20260807_175821_881241,7412,247,2026-08-07T18:02:33.058,8,95.0,647.0,371.0,True,
run_20260807_175821_881241,7412,247,2026-08-07T18:02:33.058,9,73.0,669.0,371.0,True,
run_20260807_175821_881241,7412,247,2026-08-07T18:02:33.058,10,51.0,691.0,371.0,True,
run_20260807_175821_881241,7412,247,2026-08-07T18:02:33.058,11,29.0,712.25,370.625,True,
run_20260807_175821_881241,7412,247,2026-08-07T18:02:33.058,12,7.5,734.0,370.75,True,
run_20260807_175821_881241,7443,248,2026-08-07T18:02:34.092,0,272.0,469.0,370.5,True,
run_20260807_175821_881241,7443,248,2026-08-07T18:02:34.092,1,250.0,492.0,371.0,True,
run_20260807_175821_881241,7443,248,2026-08-07T18:02:34.092,2,228.07142857142858,514.0,371.0357142857143,True,
run_20260807_175821_881241,7443,248,2026-08-07T18:02:34.092,3,206.0,536.0,371.0,True,
run_20260807_175821_881241,7443,248,2026-08-07T18:02:34.092,4,183.5,558.3636363636364,370.9318181818182,True,
run_20260807_175821_881241,7443,248,2026-08-07T18:02:34.092,5,161.0,581.0,371.0,True,
run_20260807_175821_881241,7443,248,2026-08-07T18:02:34.092,6,139.0,603.25,371.125,True,
run_20260807_175821_881241,7443,248,2026-08-07T18:02:34.092,7,116.5,625.0,370.75,True,
run_20260807_175821_881241,7443,248,2026-08-07T18:02:34.092,8,95.0,647.0,371.0,True,
run_20260807_175821_881241,7443,248,2026-08-07T18:02:34.092,9,73.0,669.0,371.0,True,
run_20260807_175821_881241,7443,248,2026-08-07T18:02:34.092,10,51.0,691.0,371.0,True,
run_20260807_175821_881241,7443,248,2026-08-07T18:02:34.092,11,29.0,712.1538461538462,370.5769230769231,True,
run_20260807_175821_881241,7443,248,2026-08-07T18:02:34.092,12,7.5,734.0,370.75,True,
run_20260807_175821_881241,7474,249,2026-08-07T18:02:35.122,0,272.0,469.0,370.5,True,
run_20260807_175821_881241,7474,249,2026-08-07T18:02:35.122,1,250.0,492.0,371.0,True,
run_20260807_175821_881241,7474,249,2026-08-07T18:02:35.122,2,228.15384615384616,514.0,371.0769230769231,True,
run_20260807_175821_881241,7474,249,2026-08-07T18:02:35.122,3,206.0,536.0,371.0,True,
run_20260807_175821_881241,7474,249,2026-08-07T18:02:35.122,4,183.5,558.3636363636364,370.9318181818182,True,
run_20260807_175821_881241,7474,249,2026-08-07T18:02:35.122,5,161.0,581.0,371.0,True,
run_20260807_175821_881241,7474,249,2026-08-07T18:02:35.122,6,139.0,603.25,371.125,True,
run_20260807_175821_881241,7474,249,2026-08-07T18:02:35.122,7,116.5,625.0,370.75,True,
run_20260807_175821_881241,7474,249,2026-08-07T18:02:35.122,8,95.0,647.0,371.0,True,
run_20260807_175821_881241,7474,249,2026-08-07T18:02:35.122,9,73.0,669.0,371.0,True,
run_20260807_175821_881241,7474,249,2026-08-07T18:02:35.122,10,51.0,691.0,371.0,True,
run_20260807_175821_881241,7474,249,2026-08-07T18:02:35.122,11,29.0,712.25,370.625,True,
run_20260807_175821_881241,7474,249,2026-08-07T18:02:35.122,12,7.5,734.0,370.75,True,
run_20260807_175821_881241,7504,250,2026-08-07T18:02:36.124,0,272.0,469.0,370.5,True,
run_20260807_175821_881241,7504,250,2026-08-07T18:02:36.124,1,250.0,492.0,371.0,True,
run_20260807_175821_881241,7504,250,2026-08-07T18:02:36.124,2,228.15384615384616,514.0,371.0769230769231,True,
run_20260807_175821_881241,7504,250,2026-08-07T18:02:36.124,3,206.0,536.0,371.0,True,
run_20260807_175821_881241,7504,250,2026-08-07T18:02:36.124,4,183.5,558.5,371.0,True,
run_20260807_175821_881241,7504,250,2026-08-07T18:02:36.124,5,161.0,581.0,371.0,True,
run_20260807_175821_881241,7504,250,2026-08-07T18:02:36.124,6,139.0,603.25,371.125,True,
run_20260807_175821_881241,7504,250,2026-08-07T18:02:36.124,7,116.5,625.0,370.75,True,
run_20260807_175821_881241,7504,250,2026-08-07T18:02:36.124,8,95.0,647.0,371.0,True,
run_20260807_175821_881241,7504,250,2026-08-07T18:02:36.124,9,73.0,669.0,371.0,True,
run_20260807_175821_881241,7504,250,2026-08-07T18:02:36.124,10,51.0,691.0,371.0,True,
run_20260807_175821_881241,7504,250,2026-08-07T18:02:36.124,11,29.0,712.3636363636364,370.6818181818182,True,
run_20260807_175821_881241,7504,250,2026-08-07T18:02:36.124,12,7.5,734.0,370.75,True,
run_20260807_175821_881241,7534,251,2026-08-07T18:02:37.126,0,272.0,469.0,370.5,True,
run_20260807_175821_881241,7534,251,2026-08-07T18:02:37.126,1,250.0,492.0,371.0,True,
run_20260807_175821_881241,7534,251,2026-08-07T18:02:37.126,2,228.07142857142858,514.0,371.0357142857143,True,
run_20260807_175821_881241,7534,251,2026-08-07T18:02:37.126,3,206.0,536.0,371.0,True,
run_20260807_175821_881241,7534,251,2026-08-07T18:02:37.126,4,183.5,558.3636363636364,370.9318181818182,True,
run_20260807_175821_881241,7534,251,2026-08-07T18:02:37.126,5,161.0,581.0,371.0,True,
run_20260807_175821_881241,7534,251,2026-08-07T18:02:37.126,6,139.0,603.25,371.125,True,
run_20260807_175821_881241,7534,251,2026-08-07T18:02:37.126,7,116.5,625.0,370.75,True,
run_20260807_175821_881241,7534,251,2026-08-07T18:02:37.126,8,95.0,647.0,371.0,True,
run_20260807_175821_881241,7534,251,2026-08-07T18:02:37.126,9,73.0,669.0,371.0,True,
run_20260807_175821_881241,7534,251,2026-08-07T18:02:37.126,10,51.0,691.0,371.0,True,
run_20260807_175821_881241,7534,251,2026-08-07T18:02:37.126,11,29.0,712.1538461538462,370.5769230769231,True,
run_20260807_175821_881241,7534,251,2026-08-07T18:02:37.126,12,7.5,734.0,370.75,True,
run_20260807_175821_881241,7564,252,2026-08-07T18:02:38.127,0,272.0,469.0,370.5,True,
run_20260807_175821_881241,7564,252,2026-08-07T18:02:38.127,1,250.0,492.0,371.0,True,
run_20260807_175821_881241,7564,252,2026-08-07T18:02:38.127,2,228.07142857142858,514.0,371.0357142857143,True,
run_20260807_175821_881241,7564,252,2026-08-07T18:02:38.127,3,206.0,536.0,371.0,True,
run_20260807_175821_881241,7564,252,2026-08-07T18:02:38.127,4,183.5,558.3636363636364,370.9318181818182,True,
run_20260807_175821_881241,7564,252,2026-08-07T18:02:38.127,5,161.0,581.0,371.0,True,
run_20260807_175821_881241,7564,252,2026-08-07T18:02:38.127,6,139.0,603.25,371.125,True,
run_20260807_175821_881241,7564,252,2026-08-07T18:02:38.127,7,116.5,625.0,370.75,True,
run_20260807_175821_881241,7564,252,2026-08-07T18:02:38.127,8,95.0,647.0,371.0,True,
run_20260807_175821_881241,7564,252,2026-08-07T18:02:38.127,9,73.0,669.0,371.0,True,
run_20260807_175821_881241,7564,252,2026-08-07T18:02:38.127,10,51.0,691.0,371.0,True,
run_20260807_175821_881241,7564,252,2026-08-07T18:02:38.127,11,29.0,712.0,370.5,True,
run_20260807_175821_881241,7564,252,2026-08-07T18:02:38.127,12,7.5,734.0,370.75,True,
run_20260807_175821_881241,7595,253,2026-08-07T18:02:39.155,0,272.0,469.0,370.5,True,
run_20260807_175821_881241,7595,253,2026-08-07T18:02:39.155,1,250.0,492.0,371.0,True,
run_20260807_175821_881241,7595,253,2026-08-07T18:02:39.155,2,228.07142857142858,514.0,371.0357142857143,True,
run_20260807_175821_881241,7595,253,2026-08-07T18:02:39.155,3,206.0,536.0,371.0,True,
run_20260807_175821_881241,7595,253,2026-08-07T18:02:39.155,4,183.5,558.3636363636364,370.9318181818182,True,
run_20260807_175821_881241,7595,253,2026-08-07T18:02:39.155,5,161.0,581.0,371.0,True,
run_20260807_175821_881241,7595,253,2026-08-07T18:02:39.155,6,139.0,603.25,371.125,True,
run_20260807_175821_881241,7595,253,2026-08-07T18:02:39.155,7,116.5,625.0,370.75,True,
run_20260807_175821_881241,7595,253,2026-08-07T18:02:39.155,8,95.0,647.0,371.0,True,
run_20260807_175821_881241,7595,253,2026-08-07T18:02:39.155,9,73.0,669.0,371.0,True,
run_20260807_175821_881241,7595,253,2026-08-07T18:02:39.155,10,51.0,691.0,371.0,True,
run_20260807_175821_881241,7595,253,2026-08-07T18:02:39.155,11,29.0,712.25,370.625,True,
run_20260807_175821_881241,7595,253,2026-08-07T18:02:39.155,12,7.5,734.0,370.75,True,
run_20260807_175821_881241,7625,254,2026-08-07T18:02:40.160,0,272.0,469.0,370.5,True,
run_20260807_175821_881241,7625,254,2026-08-07T18:02:40.160,1,250.0,492.0,371.0,True,
run_20260807_175821_881241,7625,254,2026-08-07T18:02:40.160,2,228.15384615384616,514.0,371.0769230769231,True,
run_20260807_175821_881241,7625,254,2026-08-07T18:02:40.160,3,206.0,536.0,371.0,True,
run_20260807_175821_881241,7625,254,2026-08-07T18:02:40.160,4,183.5,558.3636363636364,370.9318181818182,True,
run_20260807_175821_881241,7625,254,2026-08-07T18:02:40.160,5,161.0,581.0,371.0,True,
run_20260807_175821_881241,7625,254,2026-08-07T18:02:40.160,6,139.0,603.25,371.125,True,
run_20260807_175821_881241,7625,254,2026-08-07T18:02:40.160,7,116.5,625.0,370.75,True,
run_20260807_175821_881241,7625,254,2026-08-07T18:02:40.160,8,95.0,647.0,371.0,True,
run_20260807_175821_881241,7625,254,2026-08-07T18:02:40.160,9,73.0,669.0,371.0,True,
run_20260807_175821_881241,7625,254,2026-08-07T18:02:40.160,10,51.0,691.0,371.0,True,
run_20260807_175821_881241,7625,254,2026-08-07T18:02:40.160,11,29.0,712.1538461538462,370.5769230769231,True,
run_20260807_175821_881241,7625,254,2026-08-07T18:02:40.160,12,7.5,734.0,370.75,True,
run_20260807_175821_881241,7656,255,2026-08-07T18:02:41.193,0,272.0,469.0,370.5,True,
run_20260807_175821_881241,7656,255,2026-08-07T18:02:41.193,1,250.0,492.0,371.0,True,
run_20260807_175821_881241,7656,255,2026-08-07T18:02:41.193,2,228.15384615384616,514.0,371.0769230769231,True,
run_20260807_175821_881241,7656,255,2026-08-07T18:02:41.193,3,206.0,536.0,371.0,True,
run_20260807_175821_881241,7656,255,2026-08-07T18:02:41.193,4,183.5,558.3636363636364,370.9318181818182,True,
run_20260807_175821_881241,7656,255,2026-08-07T18:02:41.193,5,161.0,581.0,371.0,True,
run_20260807_175821_881241,7656,255,2026-08-07T18:02:41.193,6,139.0,603.25,371.125,True,
run_20260807_175821_881241,7656,255,2026-08-07T18:02:41.193,7,116.5,625.0,370.75,True,
run_20260807_175821_881241,7656,255,2026-08-07T18:02:41.193,8,95.0,647.0,371.0,True,
run_20260807_175821_881241,7656,255,2026-08-07T18:02:41.193,9,73.0,669.0,371.0,True,
run_20260807_175821_881241,7656,255,2026-08-07T18:02:41.193,10,51.0,691.0,371.0,True,
run_20260807_175821_881241,7656,255,2026-08-07T18:02:41.193,11,29.0,712.0,370.5,True,
run_20260807_175821_881241,7656,255,2026-08-07T18:02:41.193,12,7.5,734.0,370.75,True,
run_20260807_175821_881241,7686,256,2026-08-07T18:02:42.193,0,272.0,469.0,370.5,True,
run_20260807_175821_881241,7686,256,2026-08-07T18:02:42.193,1,250.0,492.0,371.0,True,
run_20260807_175821_881241,7686,256,2026-08-07T18:02:42.193,2,228.15384615384616,514.0,371.0769230769231,True,
run_20260807_175821_881241,7686,256,2026-08-07T18:02:42.193,3,206.0,536.0,371.0,True,
run_20260807_175821_881241,7686,256,2026-08-07T18:02:42.193,4,183.5,558.3636363636364,370.9318181818182,True,
run_20260807_175821_881241,7686,256,2026-08-07T18:02:42.193,5,161.0,581.0,371.0,True,
run_20260807_175821_881241,7686,256,2026-08-07T18:02:42.193,6,139.0,603.25,371.125,True,
run_20260807_175821_881241,7686,256,2026-08-07T18:02:42.193,7,116.5,625.0,370.75,True,
run_20260807_175821_881241,7686,256,2026-08-07T18:02:42.193,8,95.0,647.0,371.0,True,
run_20260807_175821_881241,7686,256,2026-08-07T18:02:42.193,9,73.0,669.0,371.0,True,
run_20260807_175821_881241,7686,256,2026-08-07T18:02:42.193,10,51.0,691.0,371.0,True,
run_20260807_175821_881241,7686,256,2026-08-07T18:02:42.193,11,29.0,712.0,370.5,True,
run_20260807_175821_881241,7686,256,2026-08-07T18:02:42.193,12,7.5,734.0,370.75,True,
run_20260807_175821_881241,7716,257,2026-08-07T18:02:43.194,0,272.0,469.15384615384613,370.5769230769231,True,
run_20260807_175821_881241,7716,257,2026-08-07T18:02:43.194,1,250.0,492.0,371.0,True,
run_20260807_175821_881241,7716,257,2026-08-07T18:02:43.194,2,228.07142857142858,514.0,371.0357142857143,True,
run_20260807_175821_881241,7716,257,2026-08-07T18:02:43.194,3,206.0,536.0,371.0,True,
run_20260807_175821_881241,7716,257,2026-08-07T18:02:43.194,4,183.5,558.3636363636364,370.9318181818182,True,
run_20260807_175821_881241,7716,257,2026-08-07T18:02:43.194,5,161.0,581.0,371.0,True,
run_20260807_175821_881241,7716,257,2026-08-07T18:02:43.194,6,139.0,603.25,371.125,True,
run_20260807_175821_881241,7716,257,2026-08-07T18:02:43.194,7,116.5,625.0,370.75,True,
run_20260807_175821_881241,7716,257,2026-08-07T18:02:43.194,8,95.0,647.0,371.0,True,
run_20260807_175821_881241,7716,257,2026-08-07T18:02:43.194,9,73.0,669.0,371.0,True,
run_20260807_175821_881241,7716,257,2026-08-07T18:02:43.194,10,51.0,691.0,371.0,True,
run_20260807_175821_881241,7716,257,2026-08-07T18:02:43.194,11,29.0,712.0714285714286,370.5357142857143,True,
run_20260807_175821_881241,7716,257,2026-08-07T18:02:43.194,12,7.5,734.0,370.75,True,
run_20260807_175821_881241,7747,258,2026-08-07T18:02:44.222,0,272.0,469.0,370.5,True,
run_20260807_175821_881241,7747,258,2026-08-07T18:02:44.222,1,250.0,492.0,371.0,True,
run_20260807_175821_881241,7747,258,2026-08-07T18:02:44.222,2,228.15384615384616,514.0,371.0769230769231,True,
run_20260807_175821_881241,7747,258,2026-08-07T18:02:44.222,3,206.0,536.0,371.0,True,
run_20260807_175821_881241,7747,258,2026-08-07T18:02:44.222,4,183.5,558.3636363636364,370.9318181818182,True,
run_20260807_175821_881241,7747,258,2026-08-07T18:02:44.222,5,161.0,581.0,371.0,True,
run_20260807_175821_881241,7747,258,2026-08-07T18:02:44.222,6,139.0,603.25,371.125,True,
run_20260807_175821_881241,7747,258,2026-08-07T18:02:44.222,7,116.5,625.0,370.75,True,
run_20260807_175821_881241,7747,258,2026-08-07T18:02:44.222,8,95.0,647.0,371.0,True,
run_20260807_175821_881241,7747,258,2026-08-07T18:02:44.222,9,73.0,669.0,371.0,True,
run_20260807_175821_881241,7747,258,2026-08-07T18:02:44.222,10,51.0,691.0,371.0,True,
run_20260807_175821_881241,7747,258,2026-08-07T18:02:44.222,11,29.0,712.0714285714286,370.5357142857143,True,
run_20260807_175821_881241,7747,258,2026-08-07T18:02:44.222,12,7.5,734.0,370.75,True,
run_20260807_175821_881241,7777,259,2026-08-07T18:02:45.227,0,272.0,469.0,370.5,True,
run_20260807_175821_881241,7777,259,2026-08-07T18:02:45.227,1,250.0,492.0,371.0,True,
run_20260807_175821_881241,7777,259,2026-08-07T18:02:45.227,2,228.07142857142858,514.0,371.0357142857143,True,
run_20260807_175821_881241,7777,259,2026-08-07T18:02:45.227,3,206.0,536.0,371.0,True,
run_20260807_175821_881241,7777,259,2026-08-07T18:02:45.227,4,183.5,558.3636363636364,370.9318181818182,True,
run_20260807_175821_881241,7777,259,2026-08-07T18:02:45.227,5,161.0,581.0,371.0,True,
run_20260807_175821_881241,7777,259,2026-08-07T18:02:45.227,6,139.0,603.25,371.125,True,
run_20260807_175821_881241,7777,259,2026-08-07T18:02:45.227,7,116.5,625.0,370.75,True,
run_20260807_175821_881241,7777,259,2026-08-07T18:02:45.227,8,95.0,647.0,371.0,True,
run_20260807_175821_881241,7777,259,2026-08-07T18:02:45.227,9,73.0,669.0,371.0,True,
run_20260807_175821_881241,7777,259,2026-08-07T18:02:45.227,10,51.0,691.0,371.0,True,
run_20260807_175821_881241,7777,259,2026-08-07T18:02:45.227,11,29.0,712.0,370.5,True,
run_20260807_175821_881241,7777,259,2026-08-07T18:02:45.227,12,7.5,734.0,370.75,True,
run_20260807_175821_881241,7808,260,2026-08-07T18:02:46.259,0,272.0,469.0,370.5,True,
run_20260807_175821_881241,7808,260,2026-08-07T18:02:46.259,1,250.0,492.0,371.0,True,
run_20260807_175821_881241,7808,260,2026-08-07T18:02:46.259,2,228.07142857142858,514.0,371.0357142857143,True,
run_20260807_175821_881241,7808,260,2026-08-07T18:02:46.259,3,206.0,536.0,371.0,True,
run_20260807_175821_881241,7808,260,2026-08-07T18:02:46.259,4,183.5,558.3636363636364,370.9318181818182,True,
run_20260807_175821_881241,7808,260,2026-08-07T18:02:46.259,5,161.0,581.0,371.0,True,
run_20260807_175821_881241,7808,260,2026-08-07T18:02:46.259,6,139.0,603.25,371.125,True,
run_20260807_175821_881241,7808,260,2026-08-07T18:02:46.259,7,116.5,625.0,370.75,True,
run_20260807_175821_881241,7808,260,2026-08-07T18:02:46.259,8,95.0,647.0,371.0,True,
run_20260807_175821_881241,7808,260,2026-08-07T18:02:46.259,9,73.0,669.0,371.0,True,
run_20260807_175821_881241,7808,260,2026-08-07T18:02:46.259,10,51.0,691.0,371.0,True,
run_20260807_175821_881241,7808,260,2026-08-07T18:02:46.259,11,29.0,712.0,370.5,True,
run_20260807_175821_881241,7808,260,2026-08-07T18:02:46.259,12,7.5,734.0,370.75,True,
run_20260807_175821_881241,7839,261,2026-08-07T18:02:47.288,0,272.0,469.0,370.5,True,
run_20260807_175821_881241,7839,261,2026-08-07T18:02:47.288,1,250.0,492.0,371.0,True,
run_20260807_175821_881241,7839,261,2026-08-07T18:02:47.288,2,228.07142857142858,514.0,371.0357142857143,True,
run_20260807_175821_881241,7839,261,2026-08-07T18:02:47.288,3,206.0,536.0,371.0,True,
run_20260807_175821_881241,7839,261,2026-08-07T18:02:47.288,4,183.5,558.3636363636364,370.9318181818182,True,
run_20260807_175821_881241,7839,261,2026-08-07T18:02:47.288,5,161.0,581.0,371.0,True,
run_20260807_175821_881241,7839,261,2026-08-07T18:02:47.288,6,139.0,603.25,371.125,True,
run_20260807_175821_881241,7839,261,2026-08-07T18:02:47.288,7,116.5,625.0,370.75,True,
run_20260807_175821_881241,7839,261,2026-08-07T18:02:47.288,8,95.0,647.0,371.0,True,
run_20260807_175821_881241,7839,261,2026-08-07T18:02:47.288,9,73.0,669.0,371.0,True,
run_20260807_175821_881241,7839,261,2026-08-07T18:02:47.288,10,51.0,691.0,371.0,True,
run_20260807_175821_881241,7839,261,2026-08-07T18:02:47.288,11,29.0,712.0,370.5,True,
run_20260807_175821_881241,7839,261,2026-08-07T18:02:47.288,12,7.5,734.0,370.75,True,
run_20260807_175821_881241,7869,262,2026-08-07T18:02:48.291,0,272.0,469.0,370.5,True,
run_20260807_175821_881241,7869,262,2026-08-07T18:02:48.291,1,250.0,492.0,371.0,True,
run_20260807_175821_881241,7869,262,2026-08-07T18:02:48.291,2,228.07142857142858,514.0,371.0357142857143,True,
run_20260807_175821_881241,7869,262,2026-08-07T18:02:48.291,3,206.0,536.0,371.0,True,
run_20260807_175821_881241,7869,262,2026-08-07T18:02:48.291,4,183.5,558.5,371.0,True,
run_20260807_175821_881241,7869,262,2026-08-07T18:02:48.291,5,161.0,581.0,371.0,True,
run_20260807_175821_881241,7869,262,2026-08-07T18:02:48.291,6,139.0,603.25,371.125,True,
run_20260807_175821_881241,7869,262,2026-08-07T18:02:48.291,7,116.5,625.0,370.75,True,
run_20260807_175821_881241,7869,262,2026-08-07T18:02:48.291,8,95.0,647.0,371.0,True,
run_20260807_175821_881241,7869,262,2026-08-07T18:02:48.291,9,73.0,669.0,371.0,True,
run_20260807_175821_881241,7869,262,2026-08-07T18:02:48.291,10,51.0,691.0,371.0,True,
run_20260807_175821_881241,7869,262,2026-08-07T18:02:48.291,11,29.0,712.0714285714286,370.5357142857143,True,
run_20260807_175821_881241,7869,262,2026-08-07T18:02:48.291,12,7.5,734.0,370.75,True,
run_20260807_175821_881241,7900,263,2026-08-07T18:02:49.323,0,272.0,469.07142857142856,370.5357142857143,True,
run_20260807_175821_881241,7900,263,2026-08-07T18:02:49.323,1,250.0,492.0,371.0,True,
run_20260807_175821_881241,7900,263,2026-08-07T18:02:49.323,2,228.15384615384616,514.0,371.0769230769231,True,
run_20260807_175821_881241,7900,263,2026-08-07T18:02:49.323,3,206.0,536.0,371.0,True,
run_20260807_175821_881241,7900,263,2026-08-07T18:02:49.323,4,183.5,558.3636363636364,370.9318181818182,True,
run_20260807_175821_881241,7900,263,2026-08-07T18:02:49.323,5,161.0,581.0,371.0,True,
run_20260807_175821_881241,7900,263,2026-08-07T18:02:49.323,6,139.0,603.3636363636364,371.1818181818182,True,
run_20260807_175821_881241,7900,263,2026-08-07T18:02:49.323,7,116.5,625.0,370.75,True,
run_20260807_175821_881241,7900,263,2026-08-07T18:02:49.323,8,95.0,647.0,371.0,True,
run_20260807_175821_881241,7900,263,2026-08-07T18:02:49.323,9,73.0,669.0,371.0,True,
run_20260807_175821_881241,7900,263,2026-08-07T18:02:49.323,10,51.0,691.0,371.0,True,
run_20260807_175821_881241,7900,263,2026-08-07T18:02:49.323,11,29.0,712.0,370.5,True,
run_20260807_175821_881241,7900,263,2026-08-07T18:02:49.323,12,7.5,734.0,370.75,True,
run_20260807_175821_881241,7931,264,2026-08-07T18:02:50.354,0,272.0,469.0,370.5,True,
run_20260807_175821_881241,7931,264,2026-08-07T18:02:50.354,1,250.0,492.0,371.0,True,
run_20260807_175821_881241,7931,264,2026-08-07T18:02:50.354,2,228.07142857142858,514.0,371.0357142857143,True,
run_20260807_175821_881241,7931,264,2026-08-07T18:02:50.354,3,206.0,536.0,371.0,True,
run_20260807_175821_881241,7931,264,2026-08-07T18:02:50.354,4,183.5,558.5,371.0,True,
run_20260807_175821_881241,7931,264,2026-08-07T18:02:50.354,5,161.0,581.0,371.0,True,
run_20260807_175821_881241,7931,264,2026-08-07T18:02:50.354,6,139.0,603.25,371.125,True,
run_20260807_175821_881241,7931,264,2026-08-07T18:02:50.354,7,116.5,625.0,370.75,True,
run_20260807_175821_881241,7931,264,2026-08-07T18:02:50.354,8,94.84615384615384,647.0,370.9230769230769,True,
run_20260807_175821_881241,7931,264,2026-08-07T18:02:50.354,9,73.0,669.0,371.0,True,
run_20260807_175821_881241,7931,264,2026-08-07T18:02:50.354,10,51.0,691.0,371.0,True,
run_20260807_175821_881241,7931,264,2026-08-07T18:02:50.354,11,29.0,712.3636363636364,370.6818181818182,True,
run_20260807_175821_881241,7931,264,2026-08-07T18:02:50.354,12,7.5,734.0,370.75,True,
run_20260807_175821_881241,7961,265,2026-08-07T18:02:51.362,0,272.0,469.0,370.5,True,
run_20260807_175821_881241,7961,265,2026-08-07T18:02:51.362,1,250.0,492.0,371.0,True,
run_20260807_175821_881241,7961,265,2026-08-07T18:02:51.362,2,228.15384615384616,514.0,371.0769230769231,True,
run_20260807_175821_881241,7961,265,2026-08-07T18:02:51.362,3,206.0,536.0,371.0,True,
run_20260807_175821_881241,7961,265,2026-08-07T18:02:51.362,4,183.5,558.3636363636364,370.9318181818182,True,
run_20260807_175821_881241,7961,265,2026-08-07T18:02:51.362,5,161.0,581.0,371.0,True,
run_20260807_175821_881241,7961,265,2026-08-07T18:02:51.362,6,139.0,603.25,371.125,True,
run_20260807_175821_881241,7961,265,2026-08-07T18:02:51.362,7,116.5,625.0,370.75,True,
run_20260807_175821_881241,7961,265,2026-08-07T18:02:51.362,8,95.0,647.0,371.0,True,
run_20260807_175821_881241,7961,265,2026-08-07T18:02:51.362,9,73.0,669.0,371.0,True,
run_20260807_175821_881241,7961,265,2026-08-07T18:02:51.362,10,51.0,691.0,371.0,True,
run_20260807_175821_881241,7961,265,2026-08-07T18:02:51.362,11,29.0,712.3636363636364,370.6818181818182,True,
run_20260807_175821_881241,7961,265,2026-08-07T18:02:51.362,12,7.5,734.0,370.75,True,
run_20260807_175821_881241,7992,266,2026-08-07T18:02:52.390,0,272.0,469.0,370.5,True,
run_20260807_175821_881241,7992,266,2026-08-07T18:02:52.390,1,250.0,492.0,371.0,True,
run_20260807_175821_881241,7992,266,2026-08-07T18:02:52.390,2,228.07142857142858,514.0,371.0357142857143,True,
run_20260807_175821_881241,7992,266,2026-08-07T18:02:52.390,3,206.0,536.0,371.0,True,
run_20260807_175821_881241,7992,266,2026-08-07T18:02:52.390,4,183.5,558.3636363636364,370.9318181818182,True,
run_20260807_175821_881241,7992,266,2026-08-07T18:02:52.390,5,161.0,581.0,371.0,True,
run_20260807_175821_881241,7992,266,2026-08-07T18:02:52.390,6,139.0,603.25,371.125,True,
run_20260807_175821_881241,7992,266,2026-08-07T18:02:52.390,7,116.5,625.0,370.75,True,
run_20260807_175821_881241,7992,266,2026-08-07T18:02:52.390,8,95.0,647.0,371.0,True,
run_20260807_175821_881241,7992,266,2026-08-07T18:02:52.390,9,73.0,669.0,371.0,True,
run_20260807_175821_881241,7992,266,2026-08-07T18:02:52.390,10,51.0,691.0,371.0,True,
run_20260807_175821_881241,7992,266,2026-08-07T18:02:52.390,11,29.0,712.0714285714286,370.5357142857143,True,
run_20260807_175821_881241,7992,266,2026-08-07T18:02:52.390,12,7.5,734.0,370.75,True,
run_20260807_175821_881241,8022,267,2026-08-07T18:02:53.391,0,272.0,469.0,370.5,True,
run_20260807_175821_881241,8022,267,2026-08-07T18:02:53.391,1,250.0,492.0,371.0,True,
run_20260807_175821_881241,8022,267,2026-08-07T18:02:53.391,2,228.07142857142858,514.0,371.0357142857143,True,
run_20260807_175821_881241,8022,267,2026-08-07T18:02:53.391,3,206.0,536.0,371.0,True,
run_20260807_175821_881241,8022,267,2026-08-07T18:02:53.391,4,183.5,558.3636363636364,370.9318181818182,True,
run_20260807_175821_881241,8022,267,2026-08-07T18:02:53.391,5,161.0,581.0,371.0,True,
run_20260807_175821_881241,8022,267,2026-08-07T18:02:53.391,6,139.0,603.25,371.125,True,
run_20260807_175821_881241,8022,267,2026-08-07T18:02:53.391,7,116.5,625.0,370.75,True,
run_20260807_175821_881241,8022,267,2026-08-07T18:02:53.391,8,95.0,647.0,371.0,True,
run_20260807_175821_881241,8022,267,2026-08-07T18:02:53.391,9,73.0,669.0,371.0,True,
run_20260807_175821_881241,8022,267,2026-08-07T18:02:53.391,10,51.0,691.0,371.0,True,
run_20260807_175821_881241,8022,267,2026-08-07T18:02:53.391,11,29.0,712.0714285714286,370.5357142857143,True,
run_20260807_175821_881241,8022,267,2026-08-07T18:02:53.391,12,7.5,734.0,370.75,True,
run_20260807_175821_881241,8053,268,2026-08-07T18:02:54.423,0,272.0,469.0,370.5,True,
run_20260807_175821_881241,8053,268,2026-08-07T18:02:54.423,1,250.0,492.0,371.0,True,
run_20260807_175821_881241,8053,268,2026-08-07T18:02:54.423,2,228.15384615384616,514.0,371.0769230769231,True,
run_20260807_175821_881241,8053,268,2026-08-07T18:02:54.423,3,206.0,536.0,371.0,True,
run_20260807_175821_881241,8053,268,2026-08-07T18:02:54.423,4,183.5,558.5,371.0,True,
run_20260807_175821_881241,8053,268,2026-08-07T18:02:54.423,5,161.0,581.0,371.0,True,
run_20260807_175821_881241,8053,268,2026-08-07T18:02:54.423,6,139.0,603.25,371.125,True,
run_20260807_175821_881241,8053,268,2026-08-07T18:02:54.423,7,116.5,625.0,370.75,True,
run_20260807_175821_881241,8053,268,2026-08-07T18:02:54.423,8,95.0,647.0,371.0,True,
run_20260807_175821_881241,8053,268,2026-08-07T18:02:54.423,9,73.0,669.0,371.0,True,
run_20260807_175821_881241,8053,268,2026-08-07T18:02:54.423,10,51.0,691.0,371.0,True,
run_20260807_175821_881241,8053,268,2026-08-07T18:02:54.423,11,29.0,712.1538461538462,370.5769230769231,True,
run_20260807_175821_881241,8053,268,2026-08-07T18:02:54.423,12,7.5,734.0,370.75,True,
run_20260807_175821_881241,8083,269,2026-08-07T18:02:55.426,0,272.0,469.0,370.5,True,
run_20260807_175821_881241,8083,269,2026-08-07T18:02:55.426,1,250.0,492.0,371.0,True,
run_20260807_175821_881241,8083,269,2026-08-07T18:02:55.426,2,228.07142857142858,514.0,371.0357142857143,True,
run_20260807_175821_881241,8083,269,2026-08-07T18:02:55.426,3,206.0,536.0,371.0,True,
run_20260807_175821_881241,8083,269,2026-08-07T18:02:55.426,4,183.5,558.3636363636364,370.9318181818182,True,
run_20260807_175821_881241,8083,269,2026-08-07T18:02:55.426,5,161.0,581.0,371.0,True,
run_20260807_175821_881241,8083,269,2026-08-07T18:02:55.426,6,139.0,603.25,371.125,True,
run_20260807_175821_881241,8083,269,2026-08-07T18:02:55.426,7,116.5,625.0,370.75,True,
run_20260807_175821_881241,8083,269,2026-08-07T18:02:55.426,8,95.0,647.0,371.0,True,
run_20260807_175821_881241,8083,269,2026-08-07T18:02:55.426,9,73.0,669.0,371.0,True,
run_20260807_175821_881241,8083,269,2026-08-07T18:02:55.426,10,51.0,691.0,371.0,True,
run_20260807_175821_881241,8083,269,2026-08-07T18:02:55.426,11,29.0,712.0,370.5,True,
run_20260807_175821_881241,8083,269,2026-08-07T18:02:55.426,12,7.5,734.0,370.75,True,
run_20260807_175821_881241,8114,270,2026-08-07T18:02:56.458,0,272.0,469.0,370.5,True,
run_20260807_175821_881241,8114,270,2026-08-07T18:02:56.458,1,250.0,492.0,371.0,True,
run_20260807_175821_881241,8114,270,2026-08-07T18:02:56.458,2,228.15384615384616,514.0,371.0769230769231,True,
run_20260807_175821_881241,8114,270,2026-08-07T18:02:56.458,3,206.0,536.0,371.0,True,
run_20260807_175821_881241,8114,270,2026-08-07T18:02:56.458,4,183.5,558.5,371.0,True,
run_20260807_175821_881241,8114,270,2026-08-07T18:02:56.458,5,161.0,581.0,371.0,True,
run_20260807_175821_881241,8114,270,2026-08-07T18:02:56.458,6,139.0,603.25,371.125,True,
run_20260807_175821_881241,8114,270,2026-08-07T18:02:56.458,7,116.5,625.0,370.75,True,
run_20260807_175821_881241,8114,270,2026-08-07T18:02:56.458,8,95.0,647.0,371.0,True,
run_20260807_175821_881241,8114,270,2026-08-07T18:02:56.458,9,73.0,669.0,371.0,True,
run_20260807_175821_881241,8114,270,2026-08-07T18:02:56.458,10,51.0,691.0,371.0,True,
run_20260807_175821_881241,8114,270,2026-08-07T18:02:56.458,11,29.0,712.0,370.5,True,
run_20260807_175821_881241,8114,270,2026-08-07T18:02:56.458,12,7.5,734.0,370.75,True,
run_20260807_175821_881241,8144,271,2026-08-07T18:02:57.460,0,272.0,469.0,370.5,True,
run_20260807_175821_881241,8144,271,2026-08-07T18:02:57.460,1,250.0,492.0,371.0,True,
run_20260807_175821_881241,8144,271,2026-08-07T18:02:57.460,2,228.15384615384616,514.0,371.0769230769231,True,
run_20260807_175821_881241,8144,271,2026-08-07T18:02:57.460,3,206.0,536.0,371.0,True,
run_20260807_175821_881241,8144,271,2026-08-07T18:02:57.460,4,183.5,558.5,371.0,True,
run_20260807_175821_881241,8144,271,2026-08-07T18:02:57.460,5,161.0,581.0,371.0,True,
run_20260807_175821_881241,8144,271,2026-08-07T18:02:57.460,6,139.0,603.25,371.125,True,
run_20260807_175821_881241,8144,271,2026-08-07T18:02:57.460,7,116.5,625.0,370.75,True,
run_20260807_175821_881241,8144,271,2026-08-07T18:02:57.460,8,95.0,647.0,371.0,True,
run_20260807_175821_881241,8144,271,2026-08-07T18:02:57.460,9,73.0,669.0,371.0,True,
run_20260807_175821_881241,8144,271,2026-08-07T18:02:57.460,10,51.0,691.0,371.0,True,
run_20260807_175821_881241,8144,271,2026-08-07T18:02:57.460,11,29.0,712.1538461538462,370.5769230769231,True,
run_20260807_175821_881241,8144,271,2026-08-07T18:02:57.460,12,7.5,734.0,370.75,True,
run_20260807_175821_881241,8175,272,2026-08-07T18:02:58.488,0,272.0,469.0,370.5,True,
run_20260807_175821_881241,8175,272,2026-08-07T18:02:58.488,1,250.0,492.0,371.0,True,
run_20260807_175821_881241,8175,272,2026-08-07T18:02:58.488,2,228.15384615384616,514.0,371.0769230769231,True,
run_20260807_175821_881241,8175,272,2026-08-07T18:02:58.488,3,206.0,536.0,371.0,True,
run_20260807_175821_881241,8175,272,2026-08-07T18:02:58.488,4,183.5,558.5,371.0,True,
run_20260807_175821_881241,8175,272,2026-08-07T18:02:58.488,5,161.0,581.0,371.0,True,
run_20260807_175821_881241,8175,272,2026-08-07T18:02:58.488,6,139.0,603.25,371.125,True,
run_20260807_175821_881241,8175,272,2026-08-07T18:02:58.488,7,116.5,625.0,370.75,True,
run_20260807_175821_881241,8175,272,2026-08-07T18:02:58.488,8,95.0,647.0,371.0,True,
run_20260807_175821_881241,8175,272,2026-08-07T18:02:58.488,9,73.0,669.0,371.0,True,
run_20260807_175821_881241,8175,272,2026-08-07T18:02:58.488,10,51.0,691.0,371.0,True,
run_20260807_175821_881241,8175,272,2026-08-07T18:02:58.488,11,29.0,712.3636363636364,370.6818181818182,True,
run_20260807_175821_881241,8175,272,2026-08-07T18:02:58.488,12,7.5,734.0,370.75,True,
run_20260807_175821_881241,8205,273,2026-08-07T18:02:59.492,0,272.0,469.0,370.5,True,
run_20260807_175821_881241,8205,273,2026-08-07T18:02:59.492,1,250.0,492.0,371.0,True,
run_20260807_175821_881241,8205,273,2026-08-07T18:02:59.492,2,228.15384615384616,514.0,371.0769230769231,True,
run_20260807_175821_881241,8205,273,2026-08-07T18:02:59.492,3,206.0,536.0,371.0,True,
run_20260807_175821_881241,8205,273,2026-08-07T18:02:59.492,4,183.5,558.5,371.0,True,
run_20260807_175821_881241,8205,273,2026-08-07T18:02:59.492,5,161.0,581.0,371.0,True,
run_20260807_175821_881241,8205,273,2026-08-07T18:02:59.492,6,139.0,603.25,371.125,True,
run_20260807_175821_881241,8205,273,2026-08-07T18:02:59.492,7,116.5,625.0,370.75,True,
run_20260807_175821_881241,8205,273,2026-08-07T18:02:59.492,8,95.0,647.0,371.0,True,
run_20260807_175821_881241,8205,273,2026-08-07T18:02:59.492,9,73.0,669.0,371.0,True,
run_20260807_175821_881241,8205,273,2026-08-07T18:02:59.492,10,51.0,691.0,371.0,True,
run_20260807_175821_881241,8205,273,2026-08-07T18:02:59.492,11,29.0,712.25,370.625,True,
run_20260807_175821_881241,8205,273,2026-08-07T18:02:59.492,12,7.5,734.0,370.75,True,
run_20260807_175821_881241,8235,274,2026-08-07T18:03:00.492,0,272.0,469.0,370.5,True,
run_20260807_175821_881241,8235,274,2026-08-07T18:03:00.492,1,250.0,492.0,371.0,True,
run_20260807_175821_881241,8235,274,2026-08-07T18:03:00.492,2,228.15384615384616,514.0,371.0769230769231,True,
run_20260807_175821_881241,8235,274,2026-08-07T18:03:00.492,3,206.0,536.0,371.0,True,
run_20260807_175821_881241,8235,274,2026-08-07T18:03:00.492,4,183.5,558.3636363636364,370.9318181818182,True,
run_20260807_175821_881241,8235,274,2026-08-07T18:03:00.492,5,161.0,581.0,371.0,True,
run_20260807_175821_881241,8235,274,2026-08-07T18:03:00.492,6,139.0,603.25,371.125,True,
run_20260807_175821_881241,8235,274,2026-08-07T18:03:00.492,7,116.5,625.0,370.75,True,
run_20260807_175821_881241,8235,274,2026-08-07T18:03:00.492,8,95.0,647.0,371.0,True,
run_20260807_175821_881241,8235,274,2026-08-07T18:03:00.492,9,73.0,669.0,371.0,True,
run_20260807_175821_881241,8235,274,2026-08-07T18:03:00.492,10,51.0,691.0,371.0,True,
run_20260807_175821_881241,8235,274,2026-08-07T18:03:00.492,11,29.0,712.5,370.75,True,
run_20260807_175821_881241,8235,274,2026-08-07T18:03:00.492,12,7.5,734.0,370.75,True,
run_20260807_175821_881241,8265,275,2026-08-07T18:03:01.492,0,272.0,469.0,370.5,True,
run_20260807_175821_881241,8265,275,2026-08-07T18:03:01.492,1,250.0,492.0,371.0,True,
run_20260807_175821_881241,8265,275,2026-08-07T18:03:01.492,2,228.07142857142858,514.0,371.0357142857143,True,
run_20260807_175821_881241,8265,275,2026-08-07T18:03:01.492,3,206.0,536.0,371.0,True,
run_20260807_175821_881241,8265,275,2026-08-07T18:03:01.492,4,183.5,558.5,371.0,True,
run_20260807_175821_881241,8265,275,2026-08-07T18:03:01.492,5,161.0,581.0,371.0,True,
run_20260807_175821_881241,8265,275,2026-08-07T18:03:01.492,6,139.0,603.25,371.125,True,
run_20260807_175821_881241,8265,275,2026-08-07T18:03:01.492,7,116.5,625.0,370.75,True,
run_20260807_175821_881241,8265,275,2026-08-07T18:03:01.492,8,95.0,647.0,371.0,True,
run_20260807_175821_881241,8265,275,2026-08-07T18:03:01.492,9,73.0,669.0,371.0,True,
run_20260807_175821_881241,8265,275,2026-08-07T18:03:01.492,10,51.0,691.0,371.0,True,
run_20260807_175821_881241,8265,275,2026-08-07T18:03:01.492,11,29.0,712.1538461538462,370.5769230769231,True,
run_20260807_175821_881241,8265,275,2026-08-07T18:03:01.492,12,7.5,734.0,370.75,True,
run_20260807_175821_881241,8296,276,2026-08-07T18:03:02.523,0,272.0,469.0,370.5,True,
run_20260807_175821_881241,8296,276,2026-08-07T18:03:02.523,1,250.0,492.0,371.0,True,
run_20260807_175821_881241,8296,276,2026-08-07T18:03:02.523,2,228.15384615384616,514.0,371.0769230769231,True,
run_20260807_175821_881241,8296,276,2026-08-07T18:03:02.523,3,206.0,536.0,371.0,True,
run_20260807_175821_881241,8296,276,2026-08-07T18:03:02.523,4,183.5,558.5,371.0,True,
run_20260807_175821_881241,8296,276,2026-08-07T18:03:02.523,5,161.0,581.0,371.0,True,
run_20260807_175821_881241,8296,276,2026-08-07T18:03:02.523,6,139.0,603.25,371.125,True,
run_20260807_175821_881241,8296,276,2026-08-07T18:03:02.523,7,116.5,625.0,370.75,True,
run_20260807_175821_881241,8296,276,2026-08-07T18:03:02.523,8,95.0,647.0,371.0,True,
run_20260807_175821_881241,8296,276,2026-08-07T18:03:02.523,9,73.0,669.0,371.0,True,
run_20260807_175821_881241,8296,276,2026-08-07T18:03:02.523,10,51.0,691.0,371.0,True,
run_20260807_175821_881241,8296,276,2026-08-07T18:03:02.523,11,29.0,712.0714285714286,370.5357142857143,True,
run_20260807_175821_881241,8296,276,2026-08-07T18:03:02.523,12,7.5,734.0,370.75,True,
run_20260807_175821_881241,8327,277,2026-08-07T18:03:03.555,0,272.0,469.0,370.5,True,
run_20260807_175821_881241,8327,277,2026-08-07T18:03:03.555,1,250.0,492.0,371.0,True,
run_20260807_175821_881241,8327,277,2026-08-07T18:03:03.555,2,228.07142857142858,514.0,371.0357142857143,True,
run_20260807_175821_881241,8327,277,2026-08-07T18:03:03.555,3,206.0,536.0,371.0,True,
run_20260807_175821_881241,8327,277,2026-08-07T18:03:03.555,4,183.5,558.3636363636364,370.9318181818182,True,
run_20260807_175821_881241,8327,277,2026-08-07T18:03:03.555,5,161.0,581.0,371.0,True,
run_20260807_175821_881241,8327,277,2026-08-07T18:03:03.555,6,139.0,603.25,371.125,True,
run_20260807_175821_881241,8327,277,2026-08-07T18:03:03.555,7,116.5,625.0,370.75,True,
run_20260807_175821_881241,8327,277,2026-08-07T18:03:03.555,8,95.0,647.0,371.0,True,
run_20260807_175821_881241,8327,277,2026-08-07T18:03:03.555,9,73.0,669.0,371.0,True,
run_20260807_175821_881241,8327,277,2026-08-07T18:03:03.555,10,51.0,691.0,371.0,True,
run_20260807_175821_881241,8327,277,2026-08-07T18:03:03.555,11,29.0,712.1538461538462,370.5769230769231,True,
run_20260807_175821_881241,8327,277,2026-08-07T18:03:03.555,12,7.5,734.0,370.75,True,
run_20260807_175821_881241,8357,278,2026-08-07T18:03:04.579,0,272.0,469.0,370.5,True,
run_20260807_175821_881241,8357,278,2026-08-07T18:03:04.579,1,250.0,492.0,371.0,True,
run_20260807_175821_881241,8357,278,2026-08-07T18:03:04.579,2,228.07142857142858,514.0,371.0357142857143,True,
run_20260807_175821_881241,8357,278,2026-08-07T18:03:04.579,3,206.0,536.0,371.0,True,
run_20260807_175821_881241,8357,278,2026-08-07T18:03:04.579,4,183.5,558.3636363636364,370.9318181818182,True,
run_20260807_175821_881241,8357,278,2026-08-07T18:03:04.579,5,161.0,581.0,371.0,True,
run_20260807_175821_881241,8357,278,2026-08-07T18:03:04.579,6,139.0,603.25,371.125,True,
run_20260807_175821_881241,8357,278,2026-08-07T18:03:04.579,7,116.5,625.0,370.75,True,
run_20260807_175821_881241,8357,278,2026-08-07T18:03:04.579,8,95.0,647.0,371.0,True,
run_20260807_175821_881241,8357,278,2026-08-07T18:03:04.579,9,73.0,669.0,371.0,True,
run_20260807_175821_881241,8357,278,2026-08-07T18:03:04.579,10,51.0,691.0,371.0,True,
run_20260807_175821_881241,8357,278,2026-08-07T18:03:04.579,11,29.0,712.1538461538462,370.5769230769231,True,
run_20260807_175821_881241,8357,278,2026-08-07T18:03:04.579,12,7.5,734.0,370.75,True,
run_20260807_175821_881241,8388,279,2026-08-07T18:03:05.600,0,272.0,469.0,370.5,True,
run_20260807_175821_881241,8388,279,2026-08-07T18:03:05.600,1,250.0,492.0,371.0,True,
run_20260807_175821_881241,8388,279,2026-08-07T18:03:05.600,2,228.15384615384616,514.0,371.0769230769231,True,
run_20260807_175821_881241,8388,279,2026-08-07T18:03:05.600,3,206.0,536.0,371.0,True,
run_20260807_175821_881241,8388,279,2026-08-07T18:03:05.600,4,183.5,558.3636363636364,370.9318181818182,True,
run_20260807_175821_881241,8388,279,2026-08-07T18:03:05.600,5,161.0,581.0,371.0,True,
run_20260807_175821_881241,8388,279,2026-08-07T18:03:05.600,6,139.0,603.25,371.125,True,
run_20260807_175821_881241,8388,279,2026-08-07T18:03:05.600,7,116.5,625.0,370.75,True,
run_20260807_175821_881241,8388,279,2026-08-07T18:03:05.600,8,95.0,647.0,371.0,True,
run_20260807_175821_881241,8388,279,2026-08-07T18:03:05.600,9,73.0,669.0,371.0,True,
run_20260807_175821_881241,8388,279,2026-08-07T18:03:05.600,10,51.0,691.0,371.0,True,
run_20260807_175821_881241,8388,279,2026-08-07T18:03:05.600,11,29.0,712.0,370.5,True,
run_20260807_175821_881241,8388,279,2026-08-07T18:03:05.600,12,7.5,734.0,370.75,True,
