run_id,frame_id,measurement_index,datetime,tick_id,region,x_at_axis,x_full_centroid,pair_center_x,x_start,x_end,width,vertical_score,total_dark_pixels,selected_reference,valid,invalid_reason
run_20260807_175821_881241,1,1,2026-08-07T17:58:22.429,12,left,8.0,8.69672131147541,371.5,7,10,4,42,122,False,True,
run_20260807_175821_881241,1,1,2026-08-07T17:58:22.429,11,left,30.0,31.306930693069308,371.75,29,34,6,54,202,False,True,
run_20260807_175821_881241,1,1,2026-08-07T17:58:22.429,10,left,52.0,52.044642857142854,372.0,51,53,3,39,112,False,True,
run_20260807_175821_881241,1,1,2026-08-07T17:58:22.429,9,left,73.92857142857143,74.05825242718447,371.9642857142857,73,75,3,37,103,False,True,
run_20260807_175821_881241,1,1,2026-08-07T17:58:22.429,8,left,96.0,96.08411214953271,372.0,95,97,3,39,107,False,True,
run_20260807_175821_881241,1,1,2026-08-07T17:58:22.429,7,left,117.75,118.02970297029702,371.875,117,119,3,38,101,False,True,
run_20260807_175821_881241,1,1,2026-08-07T17:58:22.429,6,left,140.0,140.9954954954955,372.25,139,144,6,70,222,False,True,
run_20260807_175821_881241,1,1,2026-08-07T17:58:22.429,5,left,162.0,162.28225806451613,372.0,161,164,4,41,124,False,True,
run_20260807_175821_881241,1,1,2026-08-07T17:58:22.429,4,left,184.5,184.6978417266187,372.0,183,186,4,42,139,False,True,
run_20260807_175821_881241,1,1,2026-08-07T17:58:22.429,3,left,207.0,207.0327868852459,372.0,206,208,3,42,122,False,True,
run_20260807_175821_881241,1,1,2026-08-07T17:58:22.429,2,left,229.0,229.0677966101695,372.0,228,230,3,43,118,False,True,
run_20260807_175821_881241,1,1,2026-08-07T17:58:22.429,1,left,251.0,251.57766990291262,372.0,250,253,4,71,206,False,True,
run_20260807_175821_881241,1,1,2026-08-07T17:58:22.429,0,left,273.0,273.2671755725191,371.5,272,275,4,43,131,True,True,
run_20260807_175821_881241,1,1,2026-08-07T17:58:22.429,0,right,470.0,470.0,371.5,469,471,3,42,126,True,True,
run_20260807_175821_881241,1,1,2026-08-07T17:58:22.429,1,right,493.0,492.23333333333335,372.0,491,494,4,70,210,False,True,
run_20260807_175821_881241,1,1,2026-08-07T17:58:22.429,2,right,515.0,514.9137931034483,372.0,514,516,3,42,116,False,True,
run_20260807_175821_881241,1,1,2026-08-07T17:58:22.429,3,right,537.0,536.9756097560976,372.0,536,538,3,42,123,False,True,
run_20260807_175821_881241,1,1,2026-08-07T17:58:22.429,4,right,559.5,559.1969696969697,372.0,558,561,4,42,132,False,True,
run_20260807_175821_881241,1,1,2026-08-07T17:58:22.429,5,right,582.0,581.6592592592592,372.0,580,583,4,43,135,False,True,
run_20260807_175821_881241,1,1,2026-08-07T17:58:22.429,6,right,604.5,603.09375,372.25,601,605,5,61,192,False,True,
run_20260807_175821_881241,1,1,2026-08-07T17:58:22.429,7,right,626.0,625.9059829059829,371.875,625,627,3,43,117,False,True,
run_20260807_175821_881241,1,1,2026-08-07T17:58:22.429,8,right,648.0,647.8454545454546,372.0,647,649,3,43,110,False,True,
run_20260807_175821_881241,1,1,2026-08-07T17:58:22.429,9,right,670.0,669.7623762376238,371.9642857142857,669,671,3,42,101,False,True,
run_20260807_175821_881241,1,1,2026-08-07T17:58:22.429,10,right,692.0,691.7708333333334,372.0,691,693,3,40,96,False,True,
run_20260807_175821_881241,1,1,2026-08-07T17:58:22.429,11,right,713.5,711.9289617486339,371.75,709,714,6,47,183,False,True,
run_20260807_175821_881241,1,1,2026-08-07T17:58:22.429,12,right,735.0,734.5826086956522,371.5,733,736,4,42,115,False,True,
run_20260807_175821_881241,26,2,2026-08-07T17:58:23.455,12,left,8.5,8.867924528301886,371.75,8,10,3,42,106,False,True,
run_20260807_175821_881241,26,2,2026-08-07T17:58:23.455,11,left,30.0,31.289340101522843,371.75,29,34,6,53,197,False,True,
run_20260807_175821_881241,26,2,2026-08-07T17:58:23.455,10,left,52.0,52.08181818181818,372.0,51,53,3,40,110,False,True,
run_20260807_175821_881241,26,2,2026-08-07T17:58:23.455,9,left,74.0,74.07476635514018,372.0,73,75,3,39,107,False,True,
run_20260807_175821_881241,26,2,2026-08-07T17:58:23.455,8,left,96.0,96.08411214953271,372.0,95,97,3,39,107,False,True,
run_20260807_175821_881241,26,2,2026-08-07T17:58:23.455,7,left,117.63636363636364,118.01010101010101,371.8181818181818,117,119,3,38,99,False,True,
run_20260807_175821_881241,26,2,2026-08-07T17:58:23.455,6,left,140.0,140.99547511312218,372.25,139,144,6,69,221,False,True,
run_20260807_175821_881241,26,2,2026-08-07T17:58:23.455,5,left,162.0,162.251968503937,372.0,161,164,4,41,127,False,True,
run_20260807_175821_881241,26,2,2026-08-07T17:58:23.455,4,left,184.5,184.71323529411765,372.0833333333333,183,186,4,42,136,False,True,
run_20260807_175821_881241,26,2,2026-08-07T17:58:23.455,3,left,207.0,207.05,372.0,206,208,3,42,120,False,True,
run_20260807_175821_881241,26,2,2026-08-07T17:58:23.455,2,left,229.0,229.05982905982907,372.0,228,230,3,42,117,False,True,
run_20260807_175821_881241,26,2,2026-08-07T17:58:23.455,1,left,251.0,251.55940594059405,372.0,250,253,4,71,202,False,True,
run_20260807_175821_881241,26,2,2026-08-07T17:58:23.455,0,left,273.0,273.3070866141732,371.5769230769231,272,275,4,43,127,True,True,
run_20260807_175821_881241,26,2,2026-08-07T17:58:23.455,0,right,470.15384615384613,470.01612903225805,371.5769230769231,469,471,3,42,124,True,True,
run_20260807_175821_881241,26,2,2026-08-07T17:58:23.455,1,right,493.0,492.2610837438424,372.0,491,494,4,70,203,False,True,
run_20260807_175821_881241,26,2,2026-08-07T17:58:23.455,2,right,515.0,514.9137931034483,372.0,514,516,3,42,116,False,True,
run_20260807_175821_881241,26,2,2026-08-07T17:58:23.455,3,right,537.0,536.9756097560976,372.0,536,538,3,42,123,False,True,
run_20260807_175821_881241,26,2,2026-08-07T17:58:23.455,4,right,559.6666666666666,559.2153846153847,372.0833333333333,558,561,4,42,130,False,True,
run_20260807_175821_881241,26,2,2026-08-07T17:58:23.455,5,right,582.0,581.6538461538462,372.0,580,583,4,43,130,False,True,
run_20260807_175821_881241,26,2,2026-08-07T17:58:23.455,6,right,604.5,603.0645161290323,372.25,601,605,5,59,186,False,True,
run_20260807_175821_881241,26,2,2026-08-07T17:58:23.455,7,right,626.0,625.8965517241379,371.8181818181818,625,627,3,43,116,False,True,
run_20260807_175821_881241,26,2,2026-08-07T17:58:23.455,8,right,648.0,647.8454545454546,372.0,647,649,3,43,110,False,True,
run_20260807_175821_881241,26,2,2026-08-07T17:58:23.455,9,right,670.0,669.75,372.0,669,671,3,42,100,False,True,
run_20260807_175821_881241,26,2,2026-08-07T17:58:23.455,10,right,692.0,691.7444444444444,372.0,691,693,3,39,90,False,True,
run_20260807_175821_881241,26,2,2026-08-07T17:58:23.455,11,right,713.5,712.1454545454545,371.75,710,714,5,45,165,False,True,
run_20260807_175821_881241,26,2,2026-08-07T17:58:23.455,12,right,735.0,734.5315315315315,371.75,733,736,4,42,111,False,True,
run_20260807_175821_881241,51,3,2026-08-07T17:58:24.466,12,left,8.5,8.878504672897197,371.75,8,10,3,42,107,False,True,
run_20260807_175821_881241,51,3,2026-08-07T17:58:24.466,11,left,30.0,31.308457711442784,371.75,29,34,6,53,201,False,True,
run_20260807_175821_881241,51,3,2026-08-07T17:58:24.466,10,left,52.0,52.08181818181818,372.0,51,53,3,40,110,False,True,
run_20260807_175821_881241,51,3,2026-08-07T17:58:24.466,9,left,74.0,74.08490566037736,372.0,73,75,3,39,106,False,True,
run_20260807_175821_881241,51,3,2026-08-07T17:58:24.466,8,left,96.0,96.08411214953271,372.0,95,97,3,39,107,False,True,
run_20260807_175821_881241,51,3,2026-08-07T17:58:24.466,7,left,117.63636363636364,118.0,371.8181818181818,117,119,3,38,98,False,True,
run_20260807_175821_881241,51,3,2026-08-07T17:58:24.466,6,left,140.0,140.99547511312218,372.25,139,144,6,69,221,False,True,
run_20260807_175821_881241,51,3,2026-08-07T17:58:24.466,5,left,162.0,162.26190476190476,372.0,161,164,4,41,126,False,True,
run_20260807_175821_881241,51,3,2026-08-07T17:58:24.466,4,left,184.5,184.7007299270073,372.0,183,186,4,42,137,False,True,
run_20260807_175821_881241,51,3,2026-08-07T17:58:24.466,3,left,207.0,207.05,372.0,206,208,3,42,120,False,True,
run_20260807_175821_881241,51,3,2026-08-07T17:58:24.466,2,left,229.0,229.05084745762713,372.0,228,230,3,42,118,False,True,
run_20260807_175821_881241,51,3,2026-08-07T17:58:24.466,1,left,251.0,251.57766990291262,372.0,250,253,4,71,206,False,True,
run_20260807_175821_881241,51,3,2026-08-07T17:58:24.466,0,left,273.0,273.3070866141732,371.5,272,275,4,43,127,True,True,
run_20260807_175821_881241,51,3,2026-08-07T17:58:24.466,0,right,470.0,470.0,371.5,469,471,3,43,127,True,True,
run_20260807_175821_881241,51,3,2026-08-07T17:58:24.466,1,right,493.0,492.2610837438424,372.0,491,494,4,70,203,False,True,
run_20260807_175821_881241,51,3,2026-08-07T17:58:24.466,2,right,515.0,514.9322033898305,372.0,514,516,3,42,118,False,True,
run_20260807_175821_881241,51,3,2026-08-07T17:58:24.466,3,right,537.0,536.9672131147541,372.0,536,538,3,42,122,False,True,
run_20260807_175821_881241,51,3,2026-08-07T17:58:24.466,4,right,559.5,559.2,372.0,558,561,4,42,130,False,True,
run_20260807_175821_881241,51,3,2026-08-07T17:58:24.466,5,right,582.0,581.6492537313433,372.0,580,583,4,43,134,False,True,
run_20260807_175821_881241,51,3,2026-08-07T17:58:24.466,6,right,604.5,603.0748663101605,372.25,601,605,5,59,187,False,True,
run_20260807_175821_881241,51,3,2026-08-07T17:58:24.466,7,right,626.0,625.8965517241379,371.8181818181818,625,627,3,43,116,False,True,
run_20260807_175821_881241,51,3,2026-08-07T17:58:24.466,8,right,648.0,647.8454545454546,372.0,647,649,3,43,110,False,True,
run_20260807_175821_881241,51,3,2026-08-07T17:58:24.466,9,right,670.0,669.75,372.0,669,671,3,42,100,False,True,
run_20260807_175821_881241,51,3,2026-08-07T17:58:24.466,10,right,692.0,691.6896551724138,372.0,691,693,3,40,87,False,True,
run_20260807_175821_881241,51,3,2026-08-07T17:58:24.466,11,right,713.5,711.9222222222222,371.75,709,714,6,46,180,False,True,
run_20260807_175821_881241,51,3,2026-08-07T17:58:24.466,12,right,735.0,734.5309734513274,371.75,733,736,4,42,113,False,True,
run_20260807_175821_881241,66,4,2026-08-07T17:58:25.471,12,left,8.5,8.88888888888889,371.75,8,10,3,42,108,False,True,
run_20260807_175821_881241,66,4,2026-08-07T17:58:25.471,11,left,30.0,31.29591836734694,371.75,29,34,6,53,196,False,True,
run_20260807_175821_881241,66,4,2026-08-07T17:58:25.471,10,left,52.0,52.08181818181818,371.75,51,53,3,40,110,False,True,
run_20260807_175821_881241,66,4,2026-08-07T17:58:25.471,9,left,74.0,74.08490566037736,372.0,73,75,3,39,106,False,True,
run_20260807_175821_881241,66,4,2026-08-07T17:58:25.471,8,left,96.0,96.08411214953271,372.0,95,97,3,39,107,False,True,
run_20260807_175821_881241,66,4,2026-08-07T17:58:25.471,7,left,117.63636363636364,118.0,371.8181818181818,117,119,3,38,98,False,True,
run_20260807_175821_881241,66,4,2026-08-07T17:58:25.471,6,left,140.0,140.99547511312218,372.25,139,144,6,69,221,False,True,
run_20260807_175821_881241,66,4,2026-08-07T17:58:25.471,5,left,162.0,162.248,372.0,161,164,4,41,125,False,True,
run_20260807_175821_881241,66,4,2026-08-07T17:58:25.471,4,left,184.5,184.72262773722628,372.0,183,186,4,42,137,False,True,
run_20260807_175821_881241,66,4,2026-08-07T17:58:25.471,3,left,207.0,207.05,372.0,206,208,3,42,120,False,True,
run_20260807_175821_881241,66,4,2026-08-07T17:58:25.471,2,left,229.0,229.05084745762713,372.0,228,230,3,42,118,False,True,
run_20260807_175821_881241,66,4,2026-08-07T17:58:25.471,1,left,251.0,251.56650246305418,372.0,250,253,4,71,203,False,True,
run_20260807_175821_881241,66,4,2026-08-07T17:58:25.471,0,left,273.0,273.3070866141732,371.5,272,275,4,43,127,True,True,
run_20260807_175821_881241,66,4,2026-08-07T17:58:25.471,0,right,470.0,470.0,371.5,469,471,3,42,126,True,True,
run_20260807_175821_881241,66,4,2026-08-07T17:58:25.471,1,right,493.0,492.24271844660194,372.0,491,494,4,70,206,False,True,
run_20260807_175821_881241,66,4,2026-08-07T17:58:25.471,2,right,515.0,514.9322033898305,372.0,514,516,3,42,118,False,True,
run_20260807_175821_881241,66,4,2026-08-07T17:58:25.471,3,right,537.0,536.9672131147541,372.0,536,538,3,42,122,False,True,
run_20260807_175821_881241,66,4,2026-08-07T17:58:25.471,4,right,559.5,559.1908396946565,372.0,558,561,4,42,131,False,True,
run_20260807_175821_881241,66,4,2026-08-07T17:58:25.471,5,right,582.0,581.6046511627907,372.0,580,583,4,43,129,False,True,
run_20260807_175821_881241,66,4,2026-08-07T17:58:25.471,6,right,604.5,603.0684210526316,372.25,601,605,5,63,190,False,True,
run_20260807_175821_881241,66,4,2026-08-07T17:58:25.471,7,right,626.0,625.8965517241379,371.8181818181818,625,627,3,43,116,False,True,
run_20260807_175821_881241,66,4,2026-08-07T17:58:25.471,8,right,648.0,647.824074074074,372.0,647,649,3,43,108,False,True,
run_20260807_175821_881241,66,4,2026-08-07T17:58:25.471,9,right,670.0,669.75,372.0,669,671,3,42,100,False,True,
run_20260807_175821_881241,66,4,2026-08-07T17:58:25.471,10,right,691.5,691.4594594594595,371.75,691,692,2,40,74,False,True,
run_20260807_175821_881241,66,4,2026-08-07T17:58:25.471,11,right,713.5,711.9157303370787,371.75,709,714,6,44,178,False,True,
run_20260807_175821_881241,66,4,2026-08-07T17:58:25.471,12,right,735.0,734.5315315315315,371.75,733,736,4,42,111,False,True,
run_20260807_175821_881241,93,5,2026-08-07T17:58:26.488,12,left,8.5,8.88888888888889,371.75,8,10,3,42,108,False,True,
run_20260807_175821_881241,93,5,2026-08-07T17:58:26.488,11,left,30.0,31.306532663316585,371.75,29,34,6,53,199,False,True,
run_20260807_175821_881241,93,5,2026-08-07T17:58:26.488,10,left,52.0,52.08181818181818,371.75,51,53,3,40,110,False,True,
run_20260807_175821_881241,93,5,2026-08-07T17:58:26.488,9,left,74.0,74.08490566037736,372.0,73,75,3,39,106,False,True,
run_20260807_175821_881241,93,5,2026-08-07T17:58:26.488,8,left,96.0,96.08411214953271,372.0,95,97,3,39,107,False,True,
run_20260807_175821_881241,93,5,2026-08-07T17:58:26.488,7,left,117.63636363636364,118.01010101010101,371.8181818181818,117,119,3,38,99,False,True,
run_20260807_175821_881241,93,5,2026-08-07T17:58:26.488,6,left,140.0,140.99099099099098,372.25,139,144,6,69,222,False,True,
run_20260807_175821_881241,93,5,2026-08-07T17:58:26.488,5,left,162.0,162.248,372.0,161,164,4,41,125,False,True,
run_20260807_175821_881241,93,5,2026-08-07T17:58:26.488,4,left,184.5,184.72262773722628,372.0,183,186,4,42,137,False,True,
run_20260807_175821_881241,93,5,2026-08-07T17:58:26.488,3,left,207.0,207.05,372.0,206,208,3,42,120,False,True,
run_20260807_175821_881241,93,5,2026-08-07T17:58:26.488,2,left,229.0,229.05982905982907,372.0,228,230,3,42,117,False,True,
run_20260807_175821_881241,93,5,2026-08-07T17:58:26.488,1,left,251.0,251.58048780487806,372.0,250,253,4,71,205,False,True,
run_20260807_175821_881241,93,5,2026-08-07T17:58:26.488,0,left,273.0,273.3070866141732,371.5,272,275,4,43,127,True,True,
run_20260807_175821_881241,93,5,2026-08-07T17:58:26.488,0,right,470.0,470.0,371.5,469,471,3,43,127,True,True,
run_20260807_175821_881241,93,5,2026-08-07T17:58:26.488,1,right,493.0,492.24271844660194,372.0,491,494,4,70,206,False,True,
run_20260807_175821_881241,93,5,2026-08-07T17:58:26.488,2,right,515.0,514.9322033898305,372.0,514,516,3,42,118,False,True,
run_20260807_175821_881241,93,5,2026-08-07T17:58:26.488,3,right,537.0,536.9672131147541,372.0,536,538,3,42,122,False,True,
run_20260807_175821_881241,93,5,2026-08-07T17:58:26.488,4,right,559.5,559.1769230769231,372.0,558,561,4,42,130,False,True,
run_20260807_175821_881241,93,5,2026-08-07T17:58:26.488,5,right,582.0,581.6259541984733,372.0,580,583,4,43,131,False,True,
run_20260807_175821_881241,93,5,2026-08-07T17:58:26.488,6,right,604.5,603.063492063492,372.25,601,605,5,62,189,False,True,
run_20260807_175821_881241,93,5,2026-08-07T17:58:26.488,7,right,626.0,625.8571428571429,371.8181818181818,625,627,3,43,112,False,True,
run_20260807_175821_881241,93,5,2026-08-07T17:58:26.488,8,right,648.0,647.8348623853211,372.0,647,649,3,43,109,False,True,
run_20260807_175821_881241,93,5,2026-08-07T17:58:26.488,9,right,670.0,669.7448979591836,372.0,669,671,3,42,98,False,True,
run_20260807_175821_881241,93,5,2026-08-07T17:58:26.488,10,right,691.5,691.4594594594595,371.75,691,692,2,40,74,False,True,
run_20260807_175821_881241,93,5,2026-08-07T17:58:26.488,11,right,713.5,711.9162011173185,371.75,709,714,6,45,179,False,True,
run_20260807_175821_881241,93,5,2026-08-07T17:58:26.488,12,right,735.0,734.5178571428571,371.75,733,736,4,42,112,False,True,
run_20260807_175821_881241,118,6,2026-08-07T17:58:27.492,12,left,8.5,8.899082568807339,371.75,8,10,3,42,109,False,True,
run_20260807_175821_881241,118,6,2026-08-07T17:58:27.492,11,left,30.0,31.303030303030305,371.75,29,34,6,53,198,False,True,
run_20260807_175821_881241,118,6,2026-08-07T17:58:27.492,10,left,52.0,52.08181818181818,372.0,51,53,3,40,110,False,True,
run_20260807_175821_881241,118,6,2026-08-07T17:58:27.492,9,left,74.0,74.08490566037736,372.0,73,75,3,39,106,False,True,
run_20260807_175821_881241,118,6,2026-08-07T17:58:27.492,8,left,96.0,96.08411214953271,372.0,95,97,3,39,107,False,True,
run_20260807_175821_881241,118,6,2026-08-07T17:58:27.492,7,left,117.63636363636364,118.0,371.8181818181818,117,119,3,38,98,False,True,
run_20260807_175821_881241,118,6,2026-08-07T17:58:27.492,6,left,140.0,141.00454545454545,372.25,139,144,6,69,220,False,True,
run_20260807_175821_881241,118,6,2026-08-07T17:58:27.492,5,left,162.0,162.23809523809524,372.0,161,164,4,41,126,False,True,
run_20260807_175821_881241,118,6,2026-08-07T17:58:27.492,4,left,184.5,184.71014492753622,372.0,183,186,4,42,138,False,True,
run_20260807_175821_881241,118,6,2026-08-07T17:58:27.492,3,left,207.0,207.05,372.0,206,208,3,42,120,False,True,
run_20260807_175821_881241,118,6,2026-08-07T17:58:27.492,2,left,229.0,229.06896551724137,372.0,228,230,3,42,116,False,True,
run_20260807_175821_881241,118,6,2026-08-07T17:58:27.492,1,left,251.0,251.58048780487806,372.0,250,253,4,71,205,False,True,
run_20260807_175821_881241,118,6,2026-08-07T17:58:27.492,0,left,273.0,273.3070866141732,371.5,272,275,4,43,127,True,True,
run_20260807_175821_881241,118,6,2026-08-07T17:58:27.492,0,right,470.0,470.0,371.5,469,471,3,43,127,True,True,
run_20260807_175821_881241,118,6,2026-08-07T17:58:27.492,1,right,493.0,492.2367149758454,372.0,491,494,4,70,207,False,True,
run_20260807_175821_881241,118,6,2026-08-07T17:58:27.492,2,right,515.0,514.9322033898305,372.0,514,516,3,42,118,False,True,
run_20260807_175821_881241,118,6,2026-08-07T17:58:27.492,3,right,537.0,536.9756097560976,372.0,536,538,3,42,123,False,True,
run_20260807_175821_881241,118,6,2026-08-07T17:58:27.492,4,right,559.5,559.1908396946565,372.0,558,561,4,42,131,False,True,
run_20260807_175821_881241,118,6,2026-08-07T17:58:27.492,5,right,582.0,581.6488549618321,372.0,580,583,4,43,131,False,True,
run_20260807_175821_881241,118,6,2026-08-07T17:58:27.492,6,right,604.5,603.0645161290323,372.25,601,605,5,59,186,False,True,
run_20260807_175821_881241,118,6,2026-08-07T17:58:27.492,7,right,626.0,625.8571428571429,371.8181818181818,625,627,3,43,112,False,True,
run_20260807_175821_881241,118,6,2026-08-07T17:58:27.492,8,right,648.0,647.8348623853211,372.0,647,649,3,43,109,False,True,
run_20260807_175821_881241,118,6,2026-08-07T17:58:27.492,9,right,670.0,669.7448979591836,372.0,669,671,3,42,98,False,True,
run_20260807_175821_881241,118,6,2026-08-07T17:58:27.492,10,right,692.0,691.7142857142857,372.0,691,693,3,40,91,False,True,
run_20260807_175821_881241,118,6,2026-08-07T17:58:27.492,11,right,713.5,711.9101123595506,371.75,709,714,6,44,178,False,True,
run_20260807_175821_881241,118,6,2026-08-07T17:58:27.492,12,right,735.0,734.5446428571429,371.75,733,736,4,42,112,False,True,
run_20260807_175821_881241,144,7,2026-08-07T17:58:28.562,12,left,8.5,8.878504672897197,371.75,8,10,3,42,107,False,True,
run_20260807_175821_881241,144,7,2026-08-07T17:58:28.562,11,left,30.0,31.3,371.75,29,34,6,53,200,False,True,
run_20260807_175821_881241,144,7,2026-08-07T17:58:28.562,10,left,52.0,52.08181818181818,372.0,51,53,3,40,110,False,True,
run_20260807_175821_881241,144,7,2026-08-07T17:58:28.562,9,left,74.0,74.08490566037736,372.0,73,75,3,39,106,False,True,
run_20260807_175821_881241,144,7,2026-08-07T17:58:28.562,8,left,96.0,96.08411214953271,372.0,95,97,3,39,107,False,True,
run_20260807_175821_881241,144,7,2026-08-07T17:58:28.562,7,left,117.5,117.98969072164948,371.75,117,119,3,38,97,False,True,
run_20260807_175821_881241,144,7,2026-08-07T17:58:28.562,6,left,140.0,140.99095022624434,372.25,139,144,6,69,221,False,True,
run_20260807_175821_881241,144,7,2026-08-07T17:58:28.562,5,left,162.0,162.248,372.0,161,164,4,41,125,False,True,
run_20260807_175821_881241,144,7,2026-08-07T17:58:28.562,4,left,184.5,184.71014492753622,372.0,183,186,4,42,138,False,True,
run_20260807_175821_881241,144,7,2026-08-07T17:58:28.562,3,left,207.0,207.04132231404958,372.0,206,208,3,42,121,False,True,
run_20260807_175821_881241,144,7,2026-08-07T17:58:28.562,2,left,229.0,229.05084745762713,372.0,228,230,3,42,118,False,True,
run_20260807_175821_881241,144,7,2026-08-07T17:58:28.562,1,left,251.0,251.55940594059405,372.0,250,253,4,71,202,False,True,
run_20260807_175821_881241,144,7,2026-08-07T17:58:28.562,0,left,273.0,273.3070866141732,371.5,272,275,4,43,127,True,True,
run_20260807_175821_881241,144,7,2026-08-07T17:58:28.562,0,right,470.0,470.0,371.5,469,471,3,43,127,True,True,
run_20260807_175821_881241,144,7,2026-08-07T17:58:28.562,1,right,493.0,492.24271844660194,372.0,491,494,4,70,206,False,True,
run_20260807_175821_881241,144,7,2026-08-07T17:58:28.562,2,right,515.0,514.9043478260869,372.0,514,516,3,42,115,False,True,
run_20260807_175821_881241,144,7,2026-08-07T17:58:28.562,3,right,537.0,536.9672131147541,372.0,536,538,3,42,122,False,True,
run_20260807_175821_881241,144,7,2026-08-07T17:58:28.562,4,right,559.5,559.1908396946565,372.0,558,561,4,42,131,False,True,
run_20260807_175821_881241,144,7,2026-08-07T17:58:28.562,5,right,582.0,581.6076923076923,372.0,580,583,4,43,130,False,True,
run_20260807_175821_881241,144,7,2026-08-07T17:58:28.562,6,right,604.5,603.0645161290323,372.25,601,605,5,59,186,False,True,
run_20260807_175821_881241,144,7,2026-08-07T17:58:28.562,7,right,626.0,625.8571428571429,371.75,625,627,3,43,112,False,True,
run_20260807_175821_881241,144,7,2026-08-07T17:58:28.562,8,right,648.0,647.8454545454546,372.0,647,649,3,43,110,False,True,
run_20260807_175821_881241,144,7,2026-08-07T17:58:28.562,9,right,670.0,669.7575757575758,372.0,669,671,3,42,99,False,True,
run_20260807_175821_881241,144,7,2026-08-07T17:58:28.562,10,right,692.0,691.7191011235955,372.0,691,693,3,40,89,False,True,
run_20260807_175821_881241,144,7,2026-08-07T17:58:28.562,11,right,713.5,711.9209039548023,371.75,709,714,6,45,177,False,True,
run_20260807_175821_881241,144,7,2026-08-07T17:58:28.562,12,right,735.0,734.5181818181818,371.75,733,736,4,42,110,False,True,
run_20260807_175821_881241,171,8,2026-08-07T17:58:29.590,12,left,8.5,8.87037037037037,371.75,8,10,3,42,108,False,True,
run_20260807_175821_881241,171,8,2026-08-07T17:58:29.590,11,left,30.0,31.303030303030305,371.75,29,34,6,53,198,False,True,
run_20260807_175821_881241,171,8,2026-08-07T17:58:29.590,10,left,52.0,52.08181818181818,371.75,51,53,3,40,110,False,True,
run_20260807_175821_881241,171,8,2026-08-07T17:58:29.590,9,left,74.0,74.08490566037736,372.0,73,75,3,39,106,False,True,
run_20260807_175821_881241,171,8,2026-08-07T17:58:29.590,8,left,96.0,96.08411214953271,372.0,95,97,3,39,107,False,True,
run_20260807_175821_881241,171,8,2026-08-07T17:58:29.590,7,left,117.63636363636364,118.01010101010101,371.8181818181818,117,119,3,38,99,False,True,
run_20260807_175821_881241,171,8,2026-08-07T17:58:29.590,6,left,140.0,141.00913242009133,372.1818181818182,139,144,6,69,219,False,True,
run_20260807_175821_881241,171,8,2026-08-07T17:58:29.590,5,left,162.0,162.251968503937,372.0,161,164,4,41,127,False,True,
run_20260807_175821_881241,171,8,2026-08-07T17:58:29.590,4,left,184.5,184.7007299270073,372.0,183,186,4,42,137,False,True,
run_20260807_175821_881241,171,8,2026-08-07T17:58:29.590,3,left,207.0,207.04132231404958,372.0,206,208,3,42,121,False,True,
run_20260807_175821_881241,171,8,2026-08-07T17:58:29.590,2,left,229.0,229.05982905982907,372.0,228,230,3,42,117,False,True,
run_20260807_175821_881241,171,8,2026-08-07T17:58:29.590,1,left,251.0,251.55940594059405,372.0,250,253,4,71,202,False,True,
run_20260807_175821_881241,171,8,2026-08-07T17:58:29.590,0,left,273.0,273.3095238095238,371.5,272,275,4,43,126,True,True,
run_20260807_175821_881241,171,8,2026-08-07T17:58:29.590,0,right,470.0,470.0,371.5,469,471,3,42,126,True,True,
run_20260807_175821_881241,171,8,2026-08-07T17:58:29.590,1,right,493.0,492.24271844660194,372.0,491,494,4,70,206,False,True,
run_20260807_175821_881241,171,8,2026-08-07T17:58:29.590,2,right,515.0,514.8849557522124,372.0,514,516,3,42,113,False,True,
run_20260807_175821_881241,171,8,2026-08-07T17:58:29.590,3,right,537.0,536.9672131147541,372.0,536,538,3,42,122,False,True,
run_20260807_175821_881241,171,8,2026-08-07T17:58:29.590,4,right,559.5,559.1908396946565,372.0,558,561,4,42,131,False,True,
run_20260807_175821_881241,171,8,2026-08-07T17:58:29.590,5,right,582.0,581.563492063492,372.0,580,583,4,43,126,False,True,
run_20260807_175821_881241,171,8,2026-08-07T17:58:29.590,6,right,604.3636363636364,603.074074074074,372.1818181818182,601,605,5,61,189,False,True,
run_20260807_175821_881241,171,8,2026-08-07T17:58:29.590,7,right,626.0,625.8965517241379,371.8181818181818,625,627,3,43,116,False,True,
run_20260807_175821_881241,171,8,2026-08-07T17:58:29.590,8,right,648.0,647.8348623853211,372.0,647,649,3,43,109,False,True,
run_20260807_175821_881241,171,8,2026-08-07T17:58:29.590,9,right,670.0,669.7575757575758,372.0,669,671,3,42,99,False,True,
run_20260807_175821_881241,171,8,2026-08-07T17:58:29.590,10,right,691.5,691.4594594594595,371.75,691,692,2,40,74,False,True,
run_20260807_175821_881241,171,8,2026-08-07T17:58:29.590,11,right,713.5,711.9213483146067,371.75,709,714,6,45,178,False,True,
run_20260807_175821_881241,171,8,2026-08-07T17:58:29.590,12,right,735.0,734.5181818181818,371.75,733,736,4,42,110,False,True,
run_20260807_175821_881241,200,9,2026-08-07T17:58:30.596,12,left,8.5,8.85981308411215,371.75,8,10,3,42,107,False,True,
run_20260807_175821_881241,200,9,2026-08-07T17:58:30.596,11,left,30.0,31.303030303030305,371.75,29,34,6,53,198,False,True,
run_20260807_175821_881241,200,9,2026-08-07T17:58:30.596,10,left,52.0,52.091743119266056,372.0,51,53,3,40,109,False,True,
run_20260807_175821_881241,200,9,2026-08-07T17:58:30.596,9,left,74.0,74.07476635514018,372.0,73,75,3,39,107,False,True,
run_20260807_175821_881241,200,9,2026-08-07T17:58:30.596,8,left,96.0,96.08411214953271,372.0,95,97,3,39,107,False,True,
run_20260807_175821_881241,200,9,2026-08-07T17:58:30.596,7,left,117.63636363636364,118.01010101010101,371.8181818181818,117,119,3,38,99,False,True,
run_20260807_175821_881241,200,9,2026-08-07T17:58:30.596,6,left,140.0,141.0045871559633,372.25,139,144,6,69,218,False,True,
run_20260807_175821_881241,200,9,2026-08-07T17:58:30.596,5,left,162.0,162.251968503937,372.0,161,164,4,41,127,False,True,
run_20260807_175821_881241,200,9,2026-08-07T17:58:30.596,4,left,184.5,184.71014492753622,372.0,183,186,4,42,138,False,True,
run_20260807_175821_881241,200,9,2026-08-07T17:58:30.596,3,left,207.0,207.05,372.0,206,208,3,42,120,False,True,
run_20260807_175821_881241,200,9,2026-08-07T17:58:30.596,2,left,229.0,229.05982905982907,372.0,228,230,3,42,117,False,True,
run_20260807_175821_881241,200,9,2026-08-07T17:58:30.596,1,left,251.0,251.55665024630542,372.0,250,253,4,71,203,False,True,
run_20260807_175821_881241,200,9,2026-08-07T17:58:30.596,0,left,273.0,273.3095238095238,371.5,272,275,4,43,126,True,True,
run_20260807_175821_881241,200,9,2026-08-07T17:58:30.596,0,right,470.0,470.0,371.5,469,471,3,43,127,True,True,
run_20260807_175821_881241,200,9,2026-08-07T17:58:30.596,1,right,493.0,492.24271844660194,372.0,491,494,4,70,206,False,True,
run_20260807_175821_881241,200,9,2026-08-07T17:58:30.596,2,right,515.0,514.9137931034483,372.0,514,516,3,42,116,False,True,
run_20260807_175821_881241,200,9,2026-08-07T17:58:30.596,3,right,537.0,536.9672131147541,372.0,536,538,3,42,122,False,True,
run_20260807_175821_881241,200,9,2026-08-07T17:58:30.596,4,right,559.5,559.1908396946565,372.0,558,561,4,42,131,False,True,
run_20260807_175821_881241,200,9,2026-08-07T17:58:30.596,5,right,582.0,581.5846153846154,372.0,580,583,4,43,130,False,True,
run_20260807_175821_881241,200,9,2026-08-07T17:58:30.596,6,right,604.5,603.074074074074,372.25,601,605,5,61,189,False,True,
run_20260807_175821_881241,200,9,2026-08-07T17:58:30.596,7,right,626.0,625.8571428571429,371.8181818181818,625,627,3,43,112,False,True,
run_20260807_175821_881241,200,9,2026-08-07T17:58:30.596,8,right,648.0,647.8454545454546,372.0,647,649,3,43,110,False,True,
run_20260807_175821_881241,200,9,2026-08-07T17:58:30.596,9,right,670.0,669.7448979591836,372.0,669,671,3,42,98,False,True,
run_20260807_175821_881241,200,9,2026-08-07T17:58:30.596,10,right,692.0,691.6976744186046,372.0,691,693,3,39,86,False,True,
run_20260807_175821_881241,200,9,2026-08-07T17:58:30.596,11,right,713.5,711.9157303370787,371.75,709,714,6,45,178,False,True,
run_20260807_175821_881241,200,9,2026-08-07T17:58:30.596,12,right,735.0,734.5135135135135,371.75,733,736,4,42,111,False,True,
run_20260807_175821_881241,230,10,2026-08-07T17:58:31.649,12,left,8.5,8.867924528301886,371.75,8,10,3,42,106,False,True,
run_20260807_175821_881241,230,10,2026-08-07T17:58:31.649,11,left,30.0,31.29591836734694,371.75,29,34,6,53,196,False,True,
run_20260807_175821_881241,230,10,2026-08-07T17:58:31.649,10,left,52.0,52.08181818181818,371.75,51,53,3,40,110,False,True,
run_20260807_175821_881241,230,10,2026-08-07T17:58:31.649,9,left,74.0,74.08490566037736,372.0,73,75,3,39,106,False,True,
run_20260807_175821_881241,230,10,2026-08-07T17:58:31.649,8,left,96.0,96.08411214953271,372.0,95,97,3,39,107,False,True,
run_20260807_175821_881241,230,10,2026-08-07T17:58:31.649,7,left,117.63636363636364,118.0,371.8181818181818,117,119,3,38,98,False,True,
run_20260807_175821_881241,230,10,2026-08-07T17:58:31.649,6,left,140.0,140.97716894977168,372.25,139,144,6,69,219,False,True,
run_20260807_175821_881241,230,10,2026-08-07T17:58:31.649,5,left,162.0,162.26190476190476,372.0,161,164,4,41,126,False,True,
run_20260807_175821_881241,230,10,2026-08-07T17:58:31.649,4,left,184.5,184.7007299270073,372.0,183,186,4,42,137,False,True,
run_20260807_175821_881241,230,10,2026-08-07T17:58:31.649,3,left,207.0,207.04132231404958,372.0,206,208,3,42,121,False,True,
run_20260807_175821_881241,230,10,2026-08-07T17:58:31.649,2,left,229.0,229.05982905982907,372.0,228,230,3,42,117,False,True,
run_20260807_175821_881241,230,10,2026-08-07T17:58:31.649,1,left,251.0,251.55940594059405,372.0,250,253,4,71,202,False,True,
run_20260807_175821_881241,230,10,2026-08-07T17:58:31.649,0,left,273.0,273.3070866141732,371.5,272,275,4,43,127,True,True,
run_20260807_175821_881241,230,10,2026-08-07T17:58:31.649,0,right,470.0,470.0,371.5,469,471,3,43,127,True,True,
run_20260807_175821_881241,230,10,2026-08-07T17:58:31.649,1,right,493.0,492.24271844660194,372.0,491,494,4,70,206,False,True,
run_20260807_175821_881241,230,10,2026-08-07T17:58:31.649,2,right,515.0,514.9137931034483,372.0,514,516,3,42,116,False,True,
run_20260807_175821_881241,230,10,2026-08-07T17:58:31.649,3,right,537.0,536.9756097560976,372.0,536,538,3,42,123,False,True,
run_20260807_175821_881241,230,10,2026-08-07T17:58:31.649,4,right,559.5,559.1908396946565,372.0,558,561,4,42,131,False,True,
run_20260807_175821_881241,230,10,2026-08-07T17:58:31.649,5,right,582.0,581.563492063492,372.0,580,583,4,43,126,False,True,
run_20260807_175821_881241,230,10,2026-08-07T17:58:31.649,6,right,604.5,603.0594594594595,372.25,601,605,5,59,185,False,True,
run_20260807_175821_881241,230,10,2026-08-07T17:58:31.649,7,right,626.0,625.8571428571429,371.8181818181818,625,627,3,43,112,False,True,
run_20260807_175821_881241,230,10,2026-08-07T17:58:31.649,8,right,648.0,647.8348623853211,372.0,647,649,3,43,109,False,True,
run_20260807_175821_881241,230,10,2026-08-07T17:58:31.649,9,right,670.0,669.7623762376238,372.0,669,671,3,42,101,False,True,
run_20260807_175821_881241,230,10,2026-08-07T17:58:31.649,10,right,691.5,691.472972972973,371.75,691,692,2,39,74,False,True,
run_20260807_175821_881241,230,10,2026-08-07T17:58:31.649,11,right,713.5,711.8994413407821,371.75,709,714,6,45,179,False,True,
run_20260807_175821_881241,230,10,2026-08-07T17:58:31.649,12,right,735.0,734.5181818181818,371.75,733,736,4,42,110,False,True,
run_20260807_175821_881241,259,11,2026-08-07T17:58:32.656,12,left,8.5,8.878504672897197,371.75,8,10,3,42,107,False,True,
run_20260807_175821_881241,259,11,2026-08-07T17:58:32.656,11,left,30.0,31.297435897435896,371.75,29,34,6,52,195,False,True,
run_20260807_175821_881241,259,11,2026-08-07T17:58:32.656,10,left,52.0,52.091743119266056,372.0,51,53,3,40,109,False,True,
run_20260807_175821_881241,259,11,2026-08-07T17:58:32.656,9,left,74.0,74.08490566037736,372.0,73,75,3,39,106,False,True,
run_20260807_175821_881241,259,11,2026-08-07T17:58:32.656,8,left,96.0,96.08411214953271,372.0,95,97,3,39,107,False,True,
run_20260807_175821_881241,259,11,2026-08-07T17:58:32.656,7,left,117.63636363636364,118.02,371.8181818181818,117,119,3,38,100,False,True,
run_20260807_175821_881241,259,11,2026-08-07T17:58:32.656,6,left,140.0,141.0045871559633,372.25,139,144,6,69,218,False,True,
run_20260807_175821_881241,259,11,2026-08-07T17:58:32.656,5,left,162.0,162.232,372.0,161,164,4,40,125,False,True,
run_20260807_175821_881241,259,11,2026-08-07T17:58:32.656,4,left,184.5,184.7007299270073,372.0,183,186,4,42,137,False,True,
run_20260807_175821_881241,259,11,2026-08-07T17:58:32.656,3,left,207.0,207.04132231404958,372.0,206,208,3,42,121,False,True,
run_20260807_175821_881241,259,11,2026-08-07T17:58:32.656,2,left,229.0,229.05982905982907,372.0,228,230,3,42,117,False,True,
run_20260807_175821_881241,259,11,2026-08-07T17:58:32.656,1,left,251.0,251.55940594059405,372.0,250,253,4,71,202,False,True,
run_20260807_175821_881241,259,11,2026-08-07T17:58:32.656,0,left,273.0,273.312,371.5,272,275,4,43,125,True,True,
run_20260807_175821_881241,259,11,2026-08-07T17:58:32.656,0,right,470.0,470.0,371.5,469,471,3,42,126,True,True,
run_20260807_175821_881241,259,11,2026-08-07T17:58:32.656,1,right,493.0,492.2367149758454,372.0,491,494,4,70,207,False,True,
run_20260807_175821_881241,259,11,2026-08-07T17:58:32.656,2,right,515.0,514.9137931034483,372.0,514,516,3,42,116,False,True,
run_20260807_175821_881241,259,11,2026-08-07T17:58:32.656,3,right,537.0,536.9756097560976,372.0,536,538,3,42,123,False,True,
run_20260807_175821_881241,259,11,2026-08-07T17:58:32.656,4,right,559.5,559.1908396946565,372.0,558,561,4,42,131,False,True,
run_20260807_175821_881241,259,11,2026-08-07T17:58:32.656,5,right,582.0,581.5748031496063,372.0,580,583,4,43,127,False,True,
run_20260807_175821_881241,259,11,2026-08-07T17:58:32.656,6,right,604.5,603.0748663101605,372.25,601,605,5,59,187,False,True,
run_20260807_175821_881241,259,11,2026-08-07T17:58:32.656,7,right,626.0,625.8965517241379,371.8181818181818,625,627,3,43,116,False,True,
run_20260807_175821_881241,259,11,2026-08-07T17:58:32.656,8,right,648.0,647.8454545454546,372.0,647,649,3,43,110,False,True,
run_20260807_175821_881241,259,11,2026-08-07T17:58:32.656,9,right,670.0,669.75,372.0,669,671,3,42,100,False,True,
run_20260807_175821_881241,259,11,2026-08-07T17:58:32.656,10,right,692.0,691.6823529411764,372.0,691,693,3,39,85,False,True,
run_20260807_175821_881241,259,11,2026-08-07T17:58:32.656,11,right,713.5,711.9162011173185,371.75,709,714,6,45,179,False,True,
run_20260807_175821_881241,259,11,2026-08-07T17:58:32.656,12,right,735.0,734.5178571428571,371.75,733,736,4,42,112,False,True,
run_20260807_175821_881241,289,12,2026-08-07T17:58:33.657,12,left,8.5,8.87037037037037,371.75,8,10,3,42,108,False,True,
run_20260807_175821_881241,289,12,2026-08-07T17:58:33.657,11,left,30.0,31.30808080808081,371.75,29,34,6,52,198,False,True,
run_20260807_175821_881241,289,12,2026-08-07T17:58:33.657,10,left,52.0,52.08181818181818,371.75,51,53,3,40,110,False,True,
run_20260807_175821_881241,289,12,2026-08-07T17:58:33.657,9,left,74.0,74.08490566037736,372.0,73,75,3,39,106,False,True,
run_20260807_175821_881241,289,12,2026-08-07T17:58:33.657,8,left,96.0,96.08411214953271,372.0,95,97,3,39,107,False,True,
run_20260807_175821_881241,289,12,2026-08-07T17:58:33.657,7,left,117.63636363636364,118.02,371.8181818181818,117,119,3,38,100,False,True,
run_20260807_175821_881241,289,12,2026-08-07T17:58:33.657,6,left,140.0,140.99539170506912,372.25,139,144,6,69,217,False,True,
run_20260807_175821_881241,289,12,2026-08-07T17:58:33.657,5,left,162.0,162.26190476190476,372.0,161,164,4,41,126,False,True,
run_20260807_175821_881241,289,12,2026-08-07T17:58:33.657,4,left,184.5,184.71014492753622,372.0,183,186,4,42,138,False,True,
run_20260807_175821_881241,289,12,2026-08-07T17:58:33.657,3,left,207.0,207.05,372.0,206,208,3,42,120,False,True,
run_20260807_175821_881241,289,12,2026-08-07T17:58:33.657,2,left,229.0,229.05982905982907,372.0,228,230,3,42,117,False,True,
run_20260807_175821_881241,289,12,2026-08-07T17:58:33.657,1,left,251.0,251.55940594059405,372.0,250,253,4,71,202,False,True,
run_20260807_175821_881241,289,12,2026-08-07T17:58:33.657,0,left,273.0,273.312,371.5,272,275,4,43,125,True,True,
run_20260807_175821_881241,289,12,2026-08-07T17:58:33.657,0,right,470.0,470.0,371.5,469,471,3,43,127,True,True,
run_20260807_175821_881241,289,12,2026-08-07T17:58:33.657,1,right,493.0,492.26732673267327,372.0,491,494,4,70,202,False,True,
run_20260807_175821_881241,289,12,2026-08-07T17:58:33.657,2,right,515.0,514.9043478260869,372.0,514,516,3,42,115,False,True,
run_20260807_175821_881241,289,12,2026-08-07T17:58:33.657,3,right,537.0,536.9672131147541,372.0,536,538,3,42,122,False,True,
run_20260807_175821_881241,289,12,2026-08-07T17:58:33.657,4,right,559.5,559.1908396946565,372.0,558,561,4,42,131,False,True,
run_20260807_175821_881241,289,12,2026-08-07T17:58:33.657,5,right,582.0,581.6616541353384,372.0,580,583,4,43,133,False,True,
run_20260807_175821_881241,289,12,2026-08-07T17:58:33.657,6,right,604.5,603.0641711229947,372.25,601,605,5,60,187,False,True,
run_20260807_175821_881241,289,12,2026-08-07T17:58:33.657,7,right,626.0,625.8965517241379,371.8181818181818,625,627,3,43,116,False,True,
run_20260807_175821_881241,289,12,2026-08-07T17:58:33.657,8,right,648.0,647.8454545454546,372.0,647,649,3,43,110,False,True,
run_20260807_175821_881241,289,12,2026-08-07T17:58:33.657,9,right,670.0,669.7448979591836,372.0,669,671,3,42,98,False,True,
run_20260807_175821_881241,289,12,2026-08-07T17:58:33.657,10,right,691.5,691.4868421052631,371.75,691,692,2,39,76,False,True,
run_20260807_175821_881241,289,12,2026-08-07T17:58:33.657,11,right,713.5,711.9162011173185,371.75,709,714,6,45,179,False,True,
run_20260807_175821_881241,289,12,2026-08-07T17:58:33.657,12,right,735.0,734.5178571428571,371.75,733,736,4,42,112,False,True,
run_20260807_175821_881241,316,13,2026-08-07T17:58:34.672,12,left,8.5,8.878504672897197,371.75,8,10,3,42,107,False,True,
run_20260807_175821_881241,316,13,2026-08-07T17:58:34.672,11,left,30.0,31.297435897435896,371.75,29,34,6,52,195,False,True,
run_20260807_175821_881241,316,13,2026-08-07T17:58:34.672,10,left,52.0,52.08181818181818,371.75,51,53,3,40,110,False,True,
run_20260807_175821_881241,316,13,2026-08-07T17:58:34.672,9,left,74.0,74.07476635514018,372.0,73,75,3,39,107,False,True,
run_20260807_175821_881241,316,13,2026-08-07T17:58:34.672,8,left,96.0,96.08411214953271,372.0,95,97,3,39,107,False,True,
run_20260807_175821_881241,316,13,2026-08-07T17:58:34.672,7,left,117.63636363636364,118.01010101010101,371.8181818181818,117,119,3,38,99,False,True,
run_20260807_175821_881241,316,13,2026-08-07T17:58:34.672,6,left,140.0,141.00913242009133,372.25,139,144,6,69,219,False,True,
run_20260807_175821_881241,316,13,2026-08-07T17:58:34.672,5,left,162.0,162.23809523809524,372.0,161,164,4,41,126,False,True,
run_20260807_175821_881241,316,13,2026-08-07T17:58:34.672,4,left,184.5,184.72262773722628,372.0,183,186,4,42,137,False,True,
run_20260807_175821_881241,316,13,2026-08-07T17:58:34.672,3,left,207.0,207.05,372.0,206,208,3,42,120,False,True,
run_20260807_175821_881241,316,13,2026-08-07T17:58:34.672,2,left,229.0,229.05982905982907,372.0,228,230,3,42,117,False,True,
run_20260807_175821_881241,316,13,2026-08-07T17:58:34.672,1,left,251.0,251.56716417910448,372.0,250,253,4,71,201,False,True,
run_20260807_175821_881241,316,13,2026-08-07T17:58:34.672,0,left,273.0,273.3253968253968,371.5,272,275,4,43,126,True,True,
run_20260807_175821_881241,316,13,2026-08-07T17:58:34.672,0,right,470.0,470.0,371.5,469,471,3,43,127,True,True,
run_20260807_175821_881241,316,13,2026-08-07T17:58:34.672,1,right,493.0,492.2367149758454,372.0,491,494,4,70,207,False,True,
run_20260807_175821_881241,316,13,2026-08-07T17:58:34.672,2,right,515.0,514.9043478260869,372.0,514,516,3,42,115,False,True,
run_20260807_175821_881241,316,13,2026-08-07T17:58:34.672,3,right,537.0,536.9672131147541,372.0,536,538,3,42,122,False,True,
run_20260807_175821_881241,316,13,2026-08-07T17:58:34.672,4,right,559.5,559.1908396946565,372.0,558,561,4,42,131,False,True,
run_20260807_175821_881241,316,13,2026-08-07T17:58:34.672,5,right,582.0,581.6412213740458,372.0,580,583,4,43,131,False,True,
run_20260807_175821_881241,316,13,2026-08-07T17:58:34.672,6,right,604.5,603.0645161290323,372.25,601,605,5,59,186,False,True,
run_20260807_175821_881241,316,13,2026-08-07T17:58:34.672,7,right,626.0,625.8965517241379,371.8181818181818,625,627,3,43,116,False,True,
run_20260807_175821_881241,316,13,2026-08-07T17:58:34.672,8,right,648.0,647.8454545454546,372.0,647,649,3,43,110,False,True,
run_20260807_175821_881241,316,13,2026-08-07T17:58:34.672,9,right,670.0,669.7575757575758,372.0,669,671,3,42,99,False,True,
run_20260807_175821_881241,316,13,2026-08-07T17:58:34.672,10,right,691.5,691.4657534246576,371.75,691,692,2,39,73,False,True,
run_20260807_175821_881241,316,13,2026-08-07T17:58:34.672,11,right,713.5,711.9385474860335,371.75,709,714,6,44,179,False,True,
run_20260807_175821_881241,316,13,2026-08-07T17:58:34.672,12,right,735.0,734.5045045045046,371.75,733,736,4,42,111,False,True,
run_20260807_175821_881241,346,14,2026-08-07T17:58:35.673,12,left,8.5,8.909090909090908,371.75,8,10,3,42,110,False,True,
run_20260807_175821_881241,346,14,2026-08-07T17:58:35.673,11,left,30.0,31.306532663316585,371.75,29,34,6,53,199,False,True,
run_20260807_175821_881241,346,14,2026-08-07T17:58:35.673,10,left,52.0,52.08181818181818,371.75,51,53,3,40,110,False,True,
run_20260807_175821_881241,346,14,2026-08-07T17:58:35.673,9,left,74.0,74.08490566037736,372.0,73,75,3,39,106,False,True,
run_20260807_175821_881241,346,14,2026-08-07T17:58:35.673,8,left,96.0,96.08411214953271,372.0,95,97,3,39,107,False,True,
run_20260807_175821_881241,346,14,2026-08-07T17:58:35.673,7,left,117.63636363636364,118.0,371.8181818181818,117,119,3,38,98,False,True,
run_20260807_175821_881241,346,14,2026-08-07T17:58:35.673,6,left,140.0,141.0,372.25,139,144,6,69,218,False,True,
run_20260807_175821_881241,346,14,2026-08-07T17:58:35.673,5,left,162.0,162.26829268292684,372.0,161,164,4,41,123,False,True,
run_20260807_175821_881241,346,14,2026-08-07T17:58:35.673,4,left,184.5,184.72262773722628,372.0,183,186,4,42,137,False,True,
run_20260807_175821_881241,346,14,2026-08-07T17:58:35.673,3,left,207.0,207.05,372.0,206,208,3,42,120,False,True,
run_20260807_175821_881241,346,14,2026-08-07T17:58:35.673,2,left,229.0,229.06896551724137,372.0,228,230,3,42,116,False,True,
run_20260807_175821_881241,346,14,2026-08-07T17:58:35.673,1,left,251.0,251.55940594059405,372.0,250,253,4,71,202,False,True,
run_20260807_175821_881241,346,14,2026-08-07T17:58:35.673,0,left,273.0,273.312,371.5,272,275,4,43,125,True,True,
run_20260807_175821_881241,346,14,2026-08-07T17:58:35.673,0,right,470.0,470.0,371.5,469,471,3,42,126,True,True,
run_20260807_175821_881241,346,14,2026-08-07T17:58:35.673,1,right,493.0,492.2610837438424,372.0,491,494,4,70,203,False,True,
run_20260807_175821_881241,346,14,2026-08-07T17:58:35.673,2,right,515.0,514.9043478260869,372.0,514,516,3,42,115,False,True,
run_20260807_175821_881241,346,14,2026-08-07T17:58:35.673,3,right,537.0,536.9672131147541,372.0,536,538,3,42,122,False,True,
run_20260807_175821_881241,346,14,2026-08-07T17:58:35.673,4,right,559.5,559.2093023255813,372.0,558,561,4,42,129,False,True,
run_20260807_175821_881241,346,14,2026-08-07T17:58:35.673,5,right,582.0,581.6488549618321,372.0,580,583,4,43,131,False,True,
run_20260807_175821_881241,346,14,2026-08-07T17:58:35.673,6,right,604.5,603.0698924731183,372.25,601,605,5,59,186,False,True,
run_20260807_175821_881241,346,14,2026-08-07T17:58:35.673,7,right,626.0,625.8965517241379,371.8181818181818,625,627,3,43,116,False,True,
run_20260807_175821_881241,346,14,2026-08-07T17:58:35.673,8,right,648.0,647.8454545454546,372.0,647,649,3,43,110,False,True,
run_20260807_175821_881241,346,14,2026-08-07T17:58:35.673,9,right,670.0,669.77,372.0,669,671,3,41,100,False,True,
run_20260807_175821_881241,346,14,2026-08-07T17:58:35.673,10,right,691.5,691.4657534246576,371.75,691,692,2,39,73,False,True,
run_20260807_175821_881241,346,14,2026-08-07T17:58:35.673,11,right,713.5,711.9611111111111,371.75,709,714,6,45,180,False,True,
run_20260807_175821_881241,346,14,2026-08-07T17:58:35.673,12,right,735.0,734.5178571428571,371.75,733,736,4,42,112,False,True,
run_20260807_175821_881241,376,15,2026-08-07T17:58:36.690,12,left,8.5,8.88888888888889,371.75,8,10,3,42,108,False,True,
run_20260807_175821_881241,376,15,2026-08-07T17:58:36.690,11,left,30.0,31.31313131313131,371.75,29,34,6,53,198,False,True,
run_20260807_175821_881241,376,15,2026-08-07T17:58:36.690,10,left,52.0,52.08181818181818,372.0,51,53,3,40,110,False,True,
run_20260807_175821_881241,376,15,2026-08-07T17:58:36.690,9,left,74.0,74.08490566037736,372.0,73,75,3,39,106,False,True,
run_20260807_175821_881241,376,15,2026-08-07T17:58:36.690,8,left,96.0,96.08411214953271,372.0,95,97,3,39,107,False,True,
run_20260807_175821_881241,376,15,2026-08-07T17:58:36.690,7,left,117.63636363636364,118.0,371.8181818181818,117,119,3,38,98,False,True,
run_20260807_175821_881241,376,15,2026-08-07T17:58:36.690,6,left,140.0,141.00913242009133,372.25,139,144,6,69,219,False,True,
run_20260807_175821_881241,376,15,2026-08-07T17:58:36.690,5,left,162.0,162.26190476190476,372.0,161,164,4,41,126,False,True,
run_20260807_175821_881241,376,15,2026-08-07T17:58:36.690,4,left,184.5,184.7007299270073,372.0,183,186,4,42,137,False,True,
run_20260807_175821_881241,376,15,2026-08-07T17:58:36.690,3,left,207.0,207.05,372.0,206,208,3,42,120,False,True,
run_20260807_175821_881241,376,15,2026-08-07T17:58:36.690,2,left,229.0,229.06896551724137,372.0,228,230,3,42,116,False,True,
run_20260807_175821_881241,376,15,2026-08-07T17:58:36.690,1,left,251.0,251.58048780487806,372.0,250,253,4,71,205,False,True,
run_20260807_175821_881241,376,15,2026-08-07T17:58:36.690,0,left,273.0,273.33858267716533,371.5,272,275,4,43,127,True,True,
run_20260807_175821_881241,376,15,2026-08-07T17:58:36.690,0,right,470.0,470.0,371.5,469,471,3,43,127,True,True,
run_20260807_175821_881241,376,15,2026-08-07T17:58:36.690,1,right,493.0,492.2610837438424,372.0,491,494,4,70,203,False,True,
run_20260807_175821_881241,376,15,2026-08-07T17:58:36.690,2,right,515.0,514.9043478260869,372.0,514,516,3,42,115,False,True,
run_20260807_175821_881241,376,15,2026-08-07T17:58:36.690,3,right,537.0,536.9756097560976,372.0,536,538,3,42,123,False,True,
run_20260807_175821_881241,376,15,2026-08-07T17:58:36.690,4,right,559.5,559.1908396946565,372.0,558,561,4,42,131,False,True,
run_20260807_175821_881241,376,15,2026-08-07T17:58:36.690,5,right,582.0,581.6046511627907,372.0,580,583,4,43,129,False,True,
run_20260807_175821_881241,376,15,2026-08-07T17:58:36.690,6,right,604.5,603.0698924731183,372.25,601,605,5,59,186,False,True,
run_20260807_175821_881241,376,15,2026-08-07T17:58:36.690,7,right,626.0,625.8965517241379,371.8181818181818,625,627,3,43,116,False,True,
run_20260807_175821_881241,376,15,2026-08-07T17:58:36.690,8,right,648.0,647.8468468468468,372.0,647,649,3,43,111,False,True,
run_20260807_175821_881241,376,15,2026-08-07T17:58:36.690,9,right,670.0,669.7575757575758,372.0,669,671,3,42,99,False,True,
run_20260807_175821_881241,376,15,2026-08-07T17:58:36.690,10,right,692.0,691.7111111111111,372.0,691,693,3,39,90,False,True,
run_20260807_175821_881241,376,15,2026-08-07T17:58:36.690,11,right,713.5,711.9608938547486,371.75,709,714,6,45,179,False,True,
run_20260807_175821_881241,376,15,2026-08-07T17:58:36.690,12,right,735.0,734.5045045045046,371.75,733,736,4,42,111,False,True,
run_20260807_175821_881241,407,16,2026-08-07T17:58:37.737,12,left,8.5,8.88888888888889,371.75,8,10,3,42,108,False,True,
run_20260807_175821_881241,407,16,2026-08-07T17:58:37.737,11,left,30.0,31.306532663316585,371.75,29,34,6,53,199,False,True,
run_20260807_175821_881241,407,16,2026-08-07T17:58:37.737,10,left,52.0,52.091743119266056,372.0,51,53,3,40,109,False,True,
run_20260807_175821_881241,407,16,2026-08-07T17:58:37.737,9,left,74.0,74.08490566037736,372.0,73,75,3,39,106,False,True,
run_20260807_175821_881241,407,16,2026-08-07T17:58:37.737,8,left,96.0,96.08411214953271,372.0,95,97,3,39,107,False,True,
run_20260807_175821_881241,407,16,2026-08-07T17:58:37.737,7,left,117.63636363636364,118.01010101010101,371.8181818181818,117,119,3,38,99,False,True,
run_20260807_175821_881241,407,16,2026-08-07T17:58:37.737,6,left,140.0,141.00913242009133,372.25,139,144,6,69,219,False,True,
run_20260807_175821_881241,407,16,2026-08-07T17:58:37.737,5,left,162.0,162.26190476190476,372.0,161,164,4,41,126,False,True,
run_20260807_175821_881241,407,16,2026-08-07T17:58:37.737,4,left,184.5,184.71323529411765,372.0,183,186,4,42,136,False,True,
run_20260807_175821_881241,407,16,2026-08-07T17:58:37.737,3,left,207.0,207.04132231404958,372.0,206,208,3,42,121,False,True,
run_20260807_175821_881241,407,16,2026-08-07T17:58:37.737,2,left,229.0,229.05982905982907,372.0,228,230,3,42,117,False,True,
run_20260807_175821_881241,407,16,2026-08-07T17:58:37.737,1,left,251.0,251.58048780487806,372.0,250,253,4,71,205,False,True,
run_20260807_175821_881241,407,16,2026-08-07T17:58:37.737,0,left,273.0,273.312,371.5,272,275,4,43,125,True,True,
run_20260807_175821_881241,407,16,2026-08-07T17:58:37.737,0,right,470.0,470.0,371.5,469,471,3,43,127,True,True,
run_20260807_175821_881241,407,16,2026-08-07T17:58:37.737,1,right,493.0,492.2610837438424,372.0,491,494,4,70,203,False,True,
run_20260807_175821_881241,407,16,2026-08-07T17:58:37.737,2,right,515.0,514.9043478260869,372.0,514,516,3,42,115,False,True,
run_20260807_175821_881241,407,16,2026-08-07T17:58:37.737,3,right,537.0,536.9672131147541,372.0,536,538,3,42,122,False,True,
run_20260807_175821_881241,407,16,2026-08-07T17:58:37.737,4,right,559.5,559.1908396946565,372.0,558,561,4,42,131,False,True,
run_20260807_175821_881241,407,16,2026-08-07T17:58:37.737,5,right,582.0,581.5590551181102,372.0,580,583,4,43,127,False,True,
run_20260807_175821_881241,407,16,2026-08-07T17:58:37.737,6,right,604.5,603.0698924731183,372.25,601,605,5,59,186,False,True,
run_20260807_175821_881241,407,16,2026-08-07T17:58:37.737,7,right,626.0,625.8965517241379,371.8181818181818,625,627,3,43,116,False,True,
run_20260807_175821_881241,407,16,2026-08-07T17:58:37.737,8,right,648.0,647.8454545454546,372.0,647,649,3,43,110,False,True,
run_20260807_175821_881241,407,16,2026-08-07T17:58:37.737,9,right,670.0,669.7448979591836,372.0,669,671,3,42,98,False,True,
run_20260807_175821_881241,407,16,2026-08-07T17:58:37.737,10,right,692.0,691.75,372.0,691,693,3,39,92,False,True,
run_20260807_175821_881241,407,16,2026-08-07T17:58:37.737,11,right,713.5,711.95,371.75,709,714,6,45,180,False,True,
run_20260807_175821_881241,407,16,2026-08-07T17:58:37.737,12,right,735.0,734.5315315315315,371.75,733,736,4,42,111,False,True,
run_20260807_175821_881241,438,17,2026-08-07T17:58:38.758,12,left,8.5,8.88888888888889,371.75,8,10,3,42,108,False,True,
run_20260807_175821_881241,438,17,2026-08-07T17:58:38.758,11,left,30.0,31.29591836734694,371.75,29,34,6,53,196,False,True,
run_20260807_175821_881241,438,17,2026-08-07T17:58:38.758,10,left,52.0,52.08181818181818,372.0,51,53,3,40,110,False,True,
run_20260807_175821_881241,438,17,2026-08-07T17:58:38.758,9,left,74.0,74.07476635514018,372.0,73,75,3,39,107,False,True,
run_20260807_175821_881241,438,17,2026-08-07T17:58:38.758,8,left,96.0,96.08411214953271,372.0,95,97,3,39,107,False,True,
run_20260807_175821_881241,438,17,2026-08-07T17:58:38.758,7,left,117.63636363636364,118.02,371.8181818181818,117,119,3,38,100,False,True,
run_20260807_175821_881241,438,17,2026-08-07T17:58:38.758,6,left,140.0,141.00913242009133,372.25,139,144,6,69,219,False,True,
run_20260807_175821_881241,438,17,2026-08-07T17:58:38.758,5,left,162.0,162.26190476190476,372.0,161,164,4,41,126,False,True,
run_20260807_175821_881241,438,17,2026-08-07T17:58:38.758,4,left,184.5,184.71014492753622,372.0,183,186,4,42,138,False,True,
run_20260807_175821_881241,438,17,2026-08-07T17:58:38.758,3,left,207.0,207.05,372.0,206,208,3,42,120,False,True,
run_20260807_175821_881241,438,17,2026-08-07T17:58:38.758,2,left,229.0,229.05982905982907,372.0,228,230,3,42,117,False,True,
run_20260807_175821_881241,438,17,2026-08-07T17:58:38.758,1,left,251.0,251.55940594059405,372.0,250,253,4,71,202,False,True,
run_20260807_175821_881241,438,17,2026-08-07T17:58:38.758,0,left,273.0,273.3253968253968,371.5,272,275,4,43,126,True,True,
run_20260807_175821_881241,438,17,2026-08-07T17:58:38.758,0,right,470.0,470.0,371.5,469,471,3,42,126,True,True,
run_20260807_175821_881241,438,17,2026-08-07T17:58:38.758,1,right,493.0,492.2587064676617,372.0,491,494,4,70,201,False,True,
run_20260807_175821_881241,438,17,2026-08-07T17:58:38.758,2,right,515.0,514.9322033898305,372.0,514,516,3,42,118,False,True,
run_20260807_175821_881241,438,17,2026-08-07T17:58:38.758,3,right,537.0,536.9672131147541,372.0,536,538,3,42,122,False,True,
run_20260807_175821_881241,438,17,2026-08-07T17:58:38.758,4,right,559.5,559.1908396946565,372.0,558,561,4,42,131,False,True,
run_20260807_175821_881241,438,17,2026-08-07T17:58:38.758,5,right,582.0,581.576,372.0,580,583,4,43,125,False,True,
run_20260807_175821_881241,438,17,2026-08-07T17:58:38.758,6,right,604.5,603.0702702702703,372.25,601,605,5,58,185,False,True,
run_20260807_175821_881241,438,17,2026-08-07T17:58:38.758,7,right,626.0,625.8965517241379,371.8181818181818,625,627,3,43,116,False,True,
run_20260807_175821_881241,438,17,2026-08-07T17:58:38.758,8,right,648.0,647.8363636363637,372.0,647,649,3,43,110,False,True,
run_20260807_175821_881241,438,17,2026-08-07T17:58:38.758,9,right,670.0,669.7575757575758,372.0,669,671,3,42,99,False,True,
run_20260807_175821_881241,438,17,2026-08-07T17:58:38.758,10,right,692.0,691.7553191489362,372.0,691,693,3,40,94,False,True,
run_20260807_175821_881241,438,17,2026-08-07T17:58:38.758,11,right,713.5,711.9213483146067,371.75,709,714,6,45,178,False,True,
run_20260807_175821_881241,438,17,2026-08-07T17:58:38.758,12,right,735.0,734.5178571428571,371.75,733,736,4,42,112,False,True,
run_20260807_175821_881241,467,18,2026-08-07T17:58:39.766,12,left,8.5,8.88888888888889,371.75,8,10,3,42,108,False,True,
run_20260807_175821_881241,467,18,2026-08-07T17:58:39.766,11,left,30.0,31.306532663316585,371.75,29,34,6,53,199,False,True,
run_20260807_175821_881241,467,18,2026-08-07T17:58:39.766,10,left,52.0,52.08181818181818,372.0,51,53,3,40,110,False,True,
run_20260807_175821_881241,467,18,2026-08-07T17:58:39.766,9,left,74.0,74.08490566037736,372.0,73,75,3,39,106,False,True,
run_20260807_175821_881241,467,18,2026-08-07T17:58:39.766,8,left,96.0,96.08411214953271,372.0,95,97,3,39,107,False,True,
run_20260807_175821_881241,467,18,2026-08-07T17:58:39.766,7,left,117.75,118.02970297029702,371.875,117,119,3,38,101,False,True,
run_20260807_175821_881241,467,18,2026-08-07T17:58:39.766,6,left,140.0,141.00913242009133,372.25,139,144,6,69,219,False,True,
run_20260807_175821_881241,467,18,2026-08-07T17:58:39.766,5,left,162.0,162.248,372.0,161,164,4,41,125,False,True,
run_20260807_175821_881241,467,18,2026-08-07T17:58:39.766,4,left,184.5,184.72262773722628,372.0,183,186,4,42,137,False,True,
run_20260807_175821_881241,467,18,2026-08-07T17:58:39.766,3,left,207.0,207.05882352941177,372.0,206,208,3,42,119,False,True,
run_20260807_175821_881241,467,18,2026-08-07T17:58:39.766,2,left,229.0,229.05982905982907,372.0,228,230,3,42,117,False,True,
run_20260807_175821_881241,467,18,2026-08-07T17:58:39.766,1,left,251.0,251.56716417910448,372.0,250,253,4,71,201,False,True,
run_20260807_175821_881241,467,18,2026-08-07T17:58:39.766,0,left,273.0,273.3253968253968,371.5,272,275,4,43,126,True,True,
run_20260807_175821_881241,467,18,2026-08-07T17:58:39.766,0,right,470.0,470.0,371.5,469,471,3,43,127,True,True,
run_20260807_175821_881241,467,18,2026-08-07T17:58:39.766,1,right,493.0,492.26960784313724,372.0,491,494,4,70,204,False,True,
run_20260807_175821_881241,467,18,2026-08-07T17:58:39.766,2,right,515.0,514.9322033898305,372.0,514,516,3,42,118,False,True,
run_20260807_175821_881241,467,18,2026-08-07T17:58:39.766,3,right,537.0,536.9756097560976,372.0,536,538,3,42,123,False,True,
run_20260807_175821_881241,467,18,2026-08-07T17:58:39.766,4,right,559.5,559.1908396946565,372.0,558,561,4,42,131,False,True,
run_20260807_175821_881241,467,18,2026-08-07T17:58:39.766,5,right,582.0,581.6590909090909,372.0,580,583,4,43,132,False,True,
run_20260807_175821_881241,467,18,2026-08-07T17:58:39.766,6,right,604.5,603.0748663101605,372.25,601,605,5,59,187,False,True,
run_20260807_175821_881241,467,18,2026-08-07T17:58:39.766,7,right,626.0,625.8869565217391,371.875,625,627,3,43,115,False,True,
run_20260807_175821_881241,467,18,2026-08-07T17:58:39.766,8,right,648.0,647.8454545454546,372.0,647,649,3,43,110,False,True,
run_20260807_175821_881241,467,18,2026-08-07T17:58:39.766,9,right,670.0,669.7623762376238,372.0,669,671,3,42,101,False,True,
run_20260807_175821_881241,467,18,2026-08-07T17:58:39.766,10,right,692.0,691.7142857142857,372.0,691,693,3,40,91,False,True,
run_20260807_175821_881241,467,18,2026-08-07T17:58:39.766,11,right,713.5,711.9261363636364,371.75,709,714,6,45,176,False,True,
run_20260807_175821_881241,467,18,2026-08-07T17:58:39.766,12,right,735.0,734.5315315315315,371.75,733,736,4,42,111,False,True,
run_20260807_175821_881241,498,19,2026-08-07T17:58:40.792,12,left,8.5,8.88888888888889,371.75,8,10,3,42,108,False,True,
run_20260807_175821_881241,498,19,2026-08-07T17:58:40.792,11,left,30.0,31.306532663316585,371.75,29,34,6,53,199,False,True,
run_20260807_175821_881241,498,19,2026-08-07T17:58:40.792,10,left,52.0,52.091743119266056,372.0,51,53,3,40,109,False,True,
run_20260807_175821_881241,498,19,2026-08-07T17:58:40.792,9,left,74.0,74.08490566037736,372.0,73,75,3,39,106,False,True,
run_20260807_175821_881241,498,19,2026-08-07T17:58:40.792,8,left,96.0,96.08411214953271,372.0,95,97,3,39,107,False,True,
run_20260807_175821_881241,498,19,2026-08-07T17:58:40.792,7,left,117.63636363636364,118.01010101010101,371.8181818181818,117,119,3,38,99,False,True,
run_20260807_175821_881241,498,19,2026-08-07T17:58:40.792,6,left,140.0,141.00913242009133,372.25,139,144,6,69,219,False,True,
run_20260807_175821_881241,498,19,2026-08-07T17:58:40.792,5,left,162.0,162.26190476190476,372.0,161,164,4,41,126,False,True,
run_20260807_175821_881241,498,19,2026-08-07T17:58:40.792,4,left,184.5,184.72262773722628,372.0,183,186,4,42,137,False,True,
run_20260807_175821_881241,498,19,2026-08-07T17:58:40.792,3,left,207.0,207.05,372.0,206,208,3,42,120,False,True,
run_20260807_175821_881241,498,19,2026-08-07T17:58:40.792,2,left,229.0,229.05982905982907,372.0,228,230,3,42,117,False,True,
run_20260807_175821_881241,498,19,2026-08-07T17:58:40.792,1,left,251.0,251.58823529411765,372.0,250,253,4,71,204,False,True,
run_20260807_175821_881241,498,19,2026-08-07T17:58:40.792,0,left,273.0,273.3253968253968,371.5,272,275,4,43,126,True,True,
run_20260807_175821_881241,498,19,2026-08-07T17:58:40.792,0,right,470.0,470.0,371.5,469,471,3,43,127,True,True,
run_20260807_175821_881241,498,19,2026-08-07T17:58:40.792,1,right,493.0,492.2758620689655,372.0,491,494,4,70,203,False,True,
run_20260807_175821_881241,498,19,2026-08-07T17:58:40.792,2,right,515.0,514.9043478260869,372.0,514,516,3,42,115,False,True,
run_20260807_175821_881241,498,19,2026-08-07T17:58:40.792,3,right,537.0,536.9756097560976,372.0,536,538,3,42,123,False,True,
run_20260807_175821_881241,498,19,2026-08-07T17:58:40.792,4,right,559.5,559.1908396946565,372.0,558,561,4,42,131,False,True,
run_20260807_175821_881241,498,19,2026-08-07T17:58:40.792,5,right,582.0,581.6384615384616,372.0,580,583,4,43,130,False,True,
run_20260807_175821_881241,498,19,2026-08-07T17:58:40.792,6,right,604.5,603.0748663101605,372.25,601,605,5,59,187,False,True,
run_20260807_175821_881241,498,19,2026-08-07T17:58:40.792,7,right,626.0,625.8965517241379,371.8181818181818,625,627,3,43,116,False,True,
run_20260807_175821_881241,498,19,2026-08-07T17:58:40.792,8,right,648.0,647.8468468468468,372.0,647,649,3,43,111,False,True,
run_20260807_175821_881241,498,19,2026-08-07T17:58:40.792,9,right,670.0,669.7575757575758,372.0,669,671,3,42,99,False,True,
run_20260807_175821_881241,498,19,2026-08-07T17:58:40.792,10,right,692.0,691.7,372.0,691,693,3,40,90,False,True,
run_20260807_175821_881241,498,19,2026-08-07T17:58:40.792,11,right,713.5,711.9217877094972,371.75,709,714,6,45,179,False,True,
run_20260807_175821_881241,498,19,2026-08-07T17:58:40.792,12,right,735.0,734.5178571428571,371.75,733,736,4,42,112,False,True,
run_20260807_175821_881241,528,20,2026-08-07T17:58:41.811,12,left,8.5,8.909090909090908,371.75,8,10,3,42,110,False,True,
run_20260807_175821_881241,528,20,2026-08-07T17:58:41.811,11,left,30.0,31.304123711340207,371.75,29,34,6,53,194,False,True,
run_20260807_175821_881241,528,20,2026-08-07T17:58:41.811,10,left,52.0,52.091743119266056,372.0,51,53,3,40,109,False,True,
run_20260807_175821_881241,528,20,2026-08-07T17:58:41.811,9,left,74.0,74.08490566037736,372.0,73,75,3,39,106,False,True,
run_20260807_175821_881241,528,20,2026-08-07T17:58:41.811,8,left,96.0,96.08411214953271,372.0,95,97,3,39,107,False,True,
run_20260807_175821_881241,528,20,2026-08-07T17:58:41.811,7,left,117.75,118.02,371.875,117,119,3,38,100,False,True,
run_20260807_175821_881241,528,20,2026-08-07T17:58:41.811,6,left,140.0,141.00913242009133,372.25,139,144,6,69,219,False,True,
run_20260807_175821_881241,528,20,2026-08-07T17:58:41.811,5,left,162.0,162.26190476190476,372.0,161,164,4,41,126,False,True,
run_20260807_175821_881241,528,20,2026-08-07T17:58:41.811,4,left,184.5,184.72262773722628,372.0,183,186,4,42,137,False,True,
run_20260807_175821_881241,528,20,2026-08-07T17:58:41.811,3,left,207.0,207.04132231404958,372.0,206,208,3,42,121,False,True,
run_20260807_175821_881241,528,20,2026-08-07T17:58:41.811,2,left,229.0,229.06896551724137,372.0,228,230,3,42,116,False,True,
run_20260807_175821_881241,528,20,2026-08-07T17:58:41.811,1,left,251.0,251.5951219512195,372.0,250,253,4,71,205,False,True,
run_20260807_175821_881241,528,20,2026-08-07T17:58:41.811,0,left,273.0,273.312,371.5,272,275,4,43,125,True,True,
run_20260807_175821_881241,528,20,2026-08-07T17:58:41.811,0,right,470.0,470.0,371.5,469,471,3,42,126,True,True,
run_20260807_175821_881241,528,20,2026-08-07T17:58:41.811,1,right,493.0,492.2814070351759,372.0,491,494,4,70,199,False,True,
run_20260807_175821_881241,528,20,2026-08-07T17:58:41.811,2,right,515.0,514.9322033898305,372.0,514,516,3,42,118,False,True,
run_20260807_175821_881241,528,20,2026-08-07T17:58:41.811,3,right,537.0,536.9756097560976,372.0,536,538,3,42,123,False,True,
run_20260807_175821_881241,528,20,2026-08-07T17:58:41.811,4,right,559.5,559.2,372.0,558,561,4,42,130,False,True,
run_20260807_175821_881241,528,20,2026-08-07T17:58:41.811,5,right,582.0,581.6641221374045,372.0,580,583,4,43,131,False,True,
run_20260807_175821_881241,528,20,2026-08-07T17:58:41.811,6,right,604.5,603.0752688172043,372.25,601,605,5,58,186,False,True,
run_20260807_175821_881241,528,20,2026-08-07T17:58:41.811,7,right,626.0,625.8965517241379,371.875,625,627,3,43,116,False,True,
run_20260807_175821_881241,528,20,2026-08-07T17:58:41.811,8,right,648.0,647.8454545454546,372.0,647,649,3,43,110,False,True,
run_20260807_175821_881241,528,20,2026-08-07T17:58:41.811,9,right,670.0,669.7575757575758,372.0,669,671,3,42,99,False,True,
run_20260807_175821_881241,528,20,2026-08-07T17:58:41.811,10,right,692.0,691.685393258427,372.0,691,693,3,40,89,False,True,
run_20260807_175821_881241,528,20,2026-08-07T17:58:41.811,11,right,713.5,711.9209039548023,371.75,709,714,6,45,177,False,True,
run_20260807_175821_881241,528,20,2026-08-07T17:58:41.811,12,right,735.0,734.5178571428571,371.75,733,736,4,42,112,False,True,
run_20260807_175821_881241,559,21,2026-08-07T17:58:42.823,12,left,8.5,8.907407407407407,371.75,8,10,3,42,108,False,True,
run_20260807_175821_881241,559,21,2026-08-07T17:58:42.823,11,left,30.0,31.321428571428573,371.75,29,34,6,53,196,False,True,
run_20260807_175821_881241,559,21,2026-08-07T17:58:42.823,10,left,52.0,52.08181818181818,372.0,51,53,3,40,110,False,True,
run_20260807_175821_881241,559,21,2026-08-07T17:58:42.823,9,left,74.0,74.08490566037736,372.0,73,75,3,39,106,False,True,
run_20260807_175821_881241,559,21,2026-08-07T17:58:42.823,8,left,96.0,96.08411214953271,372.0,95,97,3,39,107,False,True,
run_20260807_175821_881241,559,21,2026-08-07T17:58:42.823,7,left,117.63636363636364,118.02,371.8181818181818,117,119,3,38,100,False,True,
run_20260807_175821_881241,559,21,2026-08-07T17:58:42.823,6,left,140.0,141.00913242009133,372.25,139,144,6,69,219,False,True,
run_20260807_175821_881241,559,21,2026-08-07T17:58:42.823,5,left,162.0,162.26190476190476,372.0,161,164,4,41,126,False,True,
run_20260807_175821_881241,559,21,2026-08-07T17:58:42.823,4,left,184.5,184.71323529411765,372.0,183,186,4,42,136,False,True,
run_20260807_175821_881241,559,21,2026-08-07T17:58:42.823,3,left,207.0,207.05882352941177,372.0,206,208,3,42,119,False,True,
run_20260807_175821_881241,559,21,2026-08-07T17:58:42.823,2,left,229.0,229.06896551724137,372.0,228,230,3,42,116,False,True,
run_20260807_175821_881241,559,21,2026-08-07T17:58:42.823,1,left,251.0,251.58823529411765,372.0,250,253,4,71,204,False,True,
run_20260807_175821_881241,559,21,2026-08-07T17:58:42.823,0,left,273.0,273.3253968253968,371.5,272,275,4,43,126,True,True,
run_20260807_175821_881241,559,21,2026-08-07T17:58:42.823,0,right,470.0,470.0,371.5,469,471,3,43,127,True,True,
run_20260807_175821_881241,559,21,2026-08-07T17:58:42.823,1,right,493.0,492.28,372.0,491,494,4,70,200,False,True,
run_20260807_175821_881241,559,21,2026-08-07T17:58:42.823,2,right,515.0,514.9137931034483,372.0,514,516,3,42,116,False,True,
run_20260807_175821_881241,559,21,2026-08-07T17:58:42.823,3,right,537.0,536.9756097560976,372.0,536,538,3,42,123,False,True,
run_20260807_175821_881241,559,21,2026-08-07T17:58:42.823,4,right,559.5,559.2,372.0,558,561,4,42,130,False,True,
run_20260807_175821_881241,559,21,2026-08-07T17:58:42.823,5,right,582.0,581.6384615384616,372.0,580,583,4,43,130,False,True,
run_20260807_175821_881241,559,21,2026-08-07T17:58:42.823,6,right,604.5,603.0691489361702,372.25,601,605,5,61,188,False,True,
run_20260807_175821_881241,559,21,2026-08-07T17:58:42.823,7,right,626.0,625.8965517241379,371.8181818181818,625,627,3,43,116,False,True,
run_20260807_175821_881241,559,21,2026-08-07T17:58:42.823,8,right,648.0,647.8363636363637,372.0,647,649,3,43,110,False,True,
run_20260807_175821_881241,559,21,2026-08-07T17:58:42.823,9,right,670.0,669.7623762376238,372.0,669,671,3,42,101,False,True,
run_20260807_175821_881241,559,21,2026-08-07T17:58:42.823,10,right,692.0,691.5,372.0,690,693,4,40,100,False,True,
run_20260807_175821_881241,559,21,2026-08-07T17:58:42.823,11,right,713.5,711.95,371.75,709,714,6,45,180,False,True,
run_20260807_175821_881241,559,21,2026-08-07T17:58:42.823,12,right,735.0,734.5178571428571,371.75,733,736,4,42,112,False,True,
run_20260807_175821_881241,582,22,2026-08-07T17:58:43.825,12,left,8.5,8.899082568807339,371.75,8,10,3,42,109,False,True,
run_20260807_175821_881241,582,22,2026-08-07T17:58:43.825,11,left,30.0,31.31313131313131,371.75,29,34,6,53,198,False,True,
run_20260807_175821_881241,582,22,2026-08-07T17:58:43.825,10,left,52.0,52.091743119266056,372.0,51,53,3,40,109,False,True,
run_20260807_175821_881241,582,22,2026-08-07T17:58:43.825,9,left,74.0,74.08490566037736,372.0,73,75,3,39,106,False,True,
run_20260807_175821_881241,582,22,2026-08-07T17:58:43.825,8,left,96.0,96.08411214953271,372.0,95,97,3,39,107,False,True,
run_20260807_175821_881241,582,22,2026-08-07T17:58:43.825,7,left,117.63636363636364,118.02,371.8181818181818,117,119,3,38,100,False,True,
run_20260807_175821_881241,582,22,2026-08-07T17:58:43.825,6,left,140.0,141.00913242009133,372.25,139,144,6,69,219,False,True,
run_20260807_175821_881241,582,22,2026-08-07T17:58:43.825,5,left,162.0,162.26190476190476,372.0,161,164,4,41,126,False,True,
run_20260807_175821_881241,582,22,2026-08-07T17:58:43.825,4,left,184.5,184.72262773722628,372.0,183,186,4,42,137,False,True,
run_20260807_175821_881241,582,22,2026-08-07T17:58:43.825,3,left,207.0,207.05,372.0,206,208,3,42,120,False,True,
run_20260807_175821_881241,582,22,2026-08-07T17:58:43.825,2,left,229.0,229.05982905982907,372.0,228,230,3,42,117,False,True,
run_20260807_175821_881241,582,22,2026-08-07T17:58:43.825,1,left,251.0,251.60194174757282,372.0,250,253,4,71,206,False,True,
run_20260807_175821_881241,582,22,2026-08-07T17:58:43.825,0,left,273.0,273.3253968253968,371.5,272,275,4,43,126,True,True,
run_20260807_175821_881241,582,22,2026-08-07T17:58:43.825,0,right,470.0,470.0,371.5,469,471,3,43,127,True,True,
run_20260807_175821_881241,582,22,2026-08-07T17:58:43.825,1,right,493.0,492.28,372.0,491,494,4,70,200,False,True,
run_20260807_175821_881241,582,22,2026-08-07T17:58:43.825,2,right,515.0,514.9137931034483,372.0,514,516,3,42,116,False,True,
run_20260807_175821_881241,582,22,2026-08-07T17:58:43.825,3,right,537.0,536.9672131147541,372.0,536,538,3,42,122,False,True,
run_20260807_175821_881241,582,22,2026-08-07T17:58:43.825,4,right,559.5,559.2061068702291,372.0,558,561,4,42,131,False,True,
run_20260807_175821_881241,582,22,2026-08-07T17:58:43.825,5,right,582.0,581.6511627906976,372.0,580,583,4,43,129,False,True,
run_20260807_175821_881241,582,22,2026-08-07T17:58:43.825,6,right,604.5,603.0748663101605,372.25,601,605,5,59,187,False,True,
run_20260807_175821_881241,582,22,2026-08-07T17:58:43.825,7,right,626.0,625.8965517241379,371.8181818181818,625,627,3,43,116,False,True,
run_20260807_175821_881241,582,22,2026-08-07T17:58:43.825,8,right,648.0,647.8348623853211,372.0,647,649,3,43,109,False,True,
run_20260807_175821_881241,582,22,2026-08-07T17:58:43.825,9,right,670.0,669.7623762376238,372.0,669,671,3,42,101,False,True,
run_20260807_175821_881241,582,22,2026-08-07T17:58:43.825,10,right,692.0,691.685393258427,372.0,691,693,3,40,89,False,True,
run_20260807_175821_881241,582,22,2026-08-07T17:58:43.825,11,right,713.5,711.9204545454545,371.75,709,714,6,45,176,False,True,
run_20260807_175821_881241,582,22,2026-08-07T17:58:43.825,12,right,735.0,734.5178571428571,371.75,733,736,4,42,112,False,True,
run_20260807_175821_881241,613,23,2026-08-07T17:58:44.853,12,left,8.5,8.878504672897197,371.75,8,10,3,42,107,False,True,
run_20260807_175821_881241,613,23,2026-08-07T17:58:44.853,11,left,30.0,31.303030303030305,371.75,29,34,6,53,198,False,True,
run_20260807_175821_881241,613,23,2026-08-07T17:58:44.853,10,left,52.0,52.091743119266056,372.0,51,53,3,40,109,False,True,
run_20260807_175821_881241,613,23,2026-08-07T17:58:44.853,9,left,74.0,74.08490566037736,372.0,73,75,3,39,106,False,True,
run_20260807_175821_881241,613,23,2026-08-07T17:58:44.853,8,left,96.0,96.08411214953271,372.0,95,97,3,39,107,False,True,
run_20260807_175821_881241,613,23,2026-08-07T17:58:44.853,7,left,117.5,118.0,371.75,117,119,3,38,98,False,True,
run_20260807_175821_881241,613,23,2026-08-07T17:58:44.853,6,left,140.0,141.00913242009133,372.25,139,144,6,69,219,False,True,
run_20260807_175821_881241,613,23,2026-08-07T17:58:44.853,5,left,162.0,162.26190476190476,372.0,161,164,4,41,126,False,True,
run_20260807_175821_881241,613,23,2026-08-07T17:58:44.853,4,left,184.5,184.71014492753622,372.0,183,186,4,42,138,False,True,
run_20260807_175821_881241,613,23,2026-08-07T17:58:44.853,3,left,207.0,207.05882352941177,372.0,206,208,3,42,119,False,True,
run_20260807_175821_881241,613,23,2026-08-07T17:58:44.853,2,left,229.0,229.06896551724137,372.0,228,230,3,42,116,False,True,
run_20260807_175821_881241,613,23,2026-08-07T17:58:44.853,1,left,251.0,251.58823529411765,372.0,250,253,4,71,204,False,True,
run_20260807_175821_881241,613,23,2026-08-07T17:58:44.853,0,left,273.0,273.33858267716533,371.5,272,275,4,43,127,True,True,
run_20260807_175821_881241,613,23,2026-08-07T17:58:44.853,0,right,470.0,470.0,371.5,469,471,3,43,127,True,True,
run_20260807_175821_881241,613,23,2026-08-07T17:58:44.853,1,right,493.0,492.24271844660194,372.0,491,494,4,70,206,False,True,
run_20260807_175821_881241,613,23,2026-08-07T17:58:44.853,2,right,515.0,514.9043478260869,372.0,514,516,3,42,115,False,True,
run_20260807_175821_881241,613,23,2026-08-07T17:58:44.853,3,right,537.0,536.9672131147541,372.0,536,538,3,42,122,False,True,
run_20260807_175821_881241,613,23,2026-08-07T17:58:44.853,4,right,559.5,559.219696969697,372.0,558,561,4,42,132,False,True,
run_20260807_175821_881241,613,23,2026-08-07T17:58:44.853,5,right,582.0,581.6615384615385,372.0,580,583,4,43,130,False,True,
run_20260807_175821_881241,613,23,2026-08-07T17:58:44.853,6,right,604.5,603.0752688172043,372.25,601,605,5,58,186,False,True,
run_20260807_175821_881241,613,23,2026-08-07T17:58:44.853,7,right,626.0,625.8965517241379,371.75,625,627,3,43,116,False,True,
run_20260807_175821_881241,613,23,2026-08-07T17:58:44.853,8,right,648.0,647.8130841121496,372.0,647,649,3,43,107,False,True,
run_20260807_175821_881241,613,23,2026-08-07T17:58:44.853,9,right,670.0,669.7575757575758,372.0,669,671,3,42,99,False,True,
run_20260807_175821_881241,613,23,2026-08-07T17:58:44.853,10,right,692.0,691.7032967032967,372.0,691,693,3,40,91,False,True,
run_20260807_175821_881241,613,23,2026-08-07T17:58:44.853,11,right,713.5,711.9269662921348,371.75,709,714,6,45,178,False,True,
run_20260807_175821_881241,613,23,2026-08-07T17:58:44.853,12,right,735.0,734.5178571428571,371.75,733,736,4,42,112,False,True,
run_20260807_175821_881241,643,24,2026-08-07T17:58:45.861,12,left,8.5,8.899082568807339,371.75,8,10,3,42,109,False,True,
run_20260807_175821_881241,643,24,2026-08-07T17:58:45.861,11,left,30.0,31.309644670050762,371.75,29,34,6,53,197,False,True,
run_20260807_175821_881241,643,24,2026-08-07T17:58:45.861,10,left,52.0,52.091743119266056,372.0,51,53,3,40,109,False,True,
run_20260807_175821_881241,643,24,2026-08-07T17:58:45.861,9,left,74.0,74.08490566037736,372.0,73,75,3,39,106,False,True,
run_20260807_175821_881241,643,24,2026-08-07T17:58:45.861,8,left,96.0,96.08411214953271,372.0,95,97,3,39,107,False,True,
run_20260807_175821_881241,643,24,2026-08-07T17:58:45.861,7,left,117.75,118.02,371.875,117,119,3,38,100,False,True,
run_20260807_175821_881241,643,24,2026-08-07T17:58:45.861,6,left,140.0,141.00913242009133,372.25,139,144,6,69,219,False,True,
run_20260807_175821_881241,643,24,2026-08-07T17:58:45.861,5,left,162.0,162.2755905511811,372.0,161,164,4,41,127,False,True,
run_20260807_175821_881241,643,24,2026-08-07T17:58:45.861,4,left,184.5,184.72262773722628,372.0,183,186,4,42,137,False,True,
run_20260807_175821_881241,643,24,2026-08-07T17:58:45.861,3,left,207.0,207.05,372.0,206,208,3,42,120,False,True,
run_20260807_175821_881241,643,24,2026-08-07T17:58:45.861,2,left,229.0,229.05982905982907,372.0,228,230,3,42,117,False,True,
run_20260807_175821_881241,643,24,2026-08-07T17:58:45.861,1,left,251.0,251.58823529411765,372.0,250,253,4,71,204,False,True,
run_20260807_175821_881241,643,24,2026-08-07T17:58:45.861,0,left,273.0,273.312,371.5,272,275,4,43,125,True,True,
run_20260807_175821_881241,643,24,2026-08-07T17:58:45.861,0,right,470.0,470.0,371.5,469,471,3,43,127,True,True,
run_20260807_175821_881241,643,24,2026-08-07T17:58:45.861,1,right,493.0,492.24271844660194,372.0,491,494,4,70,206,False,True,
run_20260807_175821_881241,643,24,2026-08-07T17:58:45.861,2,right,515.0,514.9137931034483,372.0,514,516,3,42,116,False,True,
run_20260807_175821_881241,643,24,2026-08-07T17:58:45.861,3,right,537.0,536.9672131147541,372.0,536,538,3,42,122,False,True,
run_20260807_175821_881241,643,24,2026-08-07T17:58:45.861,4,right,559.5,559.219696969697,372.0,558,561,4,42,132,False,True,
run_20260807_175821_881241,643,24,2026-08-07T17:58:45.861,5,right,582.0,581.6846153846154,372.0,580,583,4,43,130,False,True,
run_20260807_175821_881241,643,24,2026-08-07T17:58:45.861,6,right,604.5,603.0698924731183,372.25,601,605,5,59,186,False,True,
run_20260807_175821_881241,643,24,2026-08-07T17:58:45.861,7,right,626.0,625.8965517241379,371.875,625,627,3,43,116,False,True,
run_20260807_175821_881241,643,24,2026-08-07T17:58:45.861,8,right,648.0,647.8348623853211,372.0,647,649,3,43,109,False,True,
run_20260807_175821_881241,643,24,2026-08-07T17:58:45.861,9,right,670.0,669.7448979591836,372.0,669,671,3,42,98,False,True,
run_20260807_175821_881241,643,24,2026-08-07T17:58:45.861,10,right,692.0,691.7142857142857,372.0,691,693,3,40,91,False,True,
run_20260807_175821_881241,643,24,2026-08-07T17:58:45.861,11,right,713.5,711.9209039548023,371.75,709,714,6,45,177,False,True,
run_20260807_175821_881241,643,24,2026-08-07T17:58:45.861,12,right,735.0,734.5178571428571,371.75,733,736,4,42,112,False,True,
run_20260807_175821_881241,674,25,2026-08-07T17:58:46.897,12,left,8.5,8.899082568807339,371.75,8,10,3,42,109,False,True,
run_20260807_175821_881241,674,25,2026-08-07T17:58:46.897,11,left,30.0,31.31313131313131,371.75,29,34,6,53,198,False,True,
run_20260807_175821_881241,674,25,2026-08-07T17:58:46.897,10,left,52.0,52.091743119266056,371.75,51,53,3,40,109,False,True,
run_20260807_175821_881241,674,25,2026-08-07T17:58:46.897,9,left,74.0,74.08490566037736,372.0,73,75,3,39,106,False,True,
run_20260807_175821_881241,674,25,2026-08-07T17:58:46.897,8,left,96.0,96.08411214953271,372.0,95,97,3,39,107,False,True,
run_20260807_175821_881241,674,25,2026-08-07T17:58:46.897,7,left,117.63636363636364,118.01010101010101,371.8181818181818,117,119,3,38,99,False,True,
run_20260807_175821_881241,674,25,2026-08-07T17:58:46.897,6,left,140.0,141.00913242009133,372.25,139,144,6,69,219,False,True,
run_20260807_175821_881241,674,25,2026-08-07T17:58:46.897,5,left,162.0,162.2755905511811,372.0,161,164,4,41,127,False,True,
run_20260807_175821_881241,674,25,2026-08-07T17:58:46.897,4,left,184.5,184.72262773722628,372.0,183,186,4,42,137,False,True,
run_20260807_175821_881241,674,25,2026-08-07T17:58:46.897,3,left,207.0,207.05,372.0,206,208,3,42,120,False,True,
run_20260807_175821_881241,674,25,2026-08-07T17:58:46.897,2,left,229.0,229.05982905982907,372.0,228,230,3,42,117,False,True,
run_20260807_175821_881241,674,25,2026-08-07T17:58:46.897,1,left,251.0,251.58823529411765,372.0,250,253,4,71,204,False,True,
run_20260807_175821_881241,674,25,2026-08-07T17:58:46.897,0,left,273.0,273.312,371.5,272,275,4,43,125,True,True,
run_20260807_175821_881241,674,25,2026-08-07T17:58:46.897,0,right,470.0,470.0,371.5,469,471,3,43,127,True,True,
run_20260807_175821_881241,674,25,2026-08-07T17:58:46.897,1,right,493.0,492.2549019607843,372.0,491,494,4,70,204,False,True,
run_20260807_175821_881241,674,25,2026-08-07T17:58:46.897,2,right,515.0,514.9043478260869,372.0,514,516,3,42,115,False,True,
run_20260807_175821_881241,674,25,2026-08-07T17:58:46.897,3,right,537.0,536.9672131147541,372.0,536,538,3,42,122,False,True,
run_20260807_175821_881241,674,25,2026-08-07T17:58:46.897,4,right,559.5,559.219696969697,372.0,558,561,4,42,132,False,True,
run_20260807_175821_881241,674,25,2026-08-07T17:58:46.897,5,right,582.0,581.640625,372.0,580,583,4,43,128,False,True,
run_20260807_175821_881241,674,25,2026-08-07T17:58:46.897,6,right,604.5,603.0702702702703,372.25,601,605,5,58,185,False,True,
run_20260807_175821_881241,674,25,2026-08-07T17:58:46.897,7,right,626.0,625.8571428571429,371.8181818181818,625,627,3,43,112,False,True,
run_20260807_175821_881241,674,25,2026-08-07T17:58:46.897,8,right,648.0,647.8454545454546,372.0,647,649,3,43,110,False,True,
run_20260807_175821_881241,674,25,2026-08-07T17:58:46.897,9,right,670.0,669.7575757575758,372.0,669,671,3,41,99,False,True,
run_20260807_175821_881241,674,25,2026-08-07T17:58:46.897,10,right,691.5,691.4868421052631,371.75,691,692,2,39,76,False,True,
run_20260807_175821_881241,674,25,2026-08-07T17:58:46.897,11,right,713.5,711.9666666666667,371.75,709,714,6,45,180,False,True,
run_20260807_175821_881241,674,25,2026-08-07T17:58:46.897,12,right,735.0,734.5045045045046,371.75,733,736,4,42,111,False,True,
run_20260807_175821_881241,705,26,2026-08-07T17:58:47.921,12,left,8.5,8.899082568807339,371.75,8,10,3,42,109,False,True,
run_20260807_175821_881241,705,26,2026-08-07T17:58:47.921,11,left,30.0,31.3248730964467,371.75,29,34,6,53,197,False,True,
run_20260807_175821_881241,705,26,2026-08-07T17:58:47.921,10,left,52.0,52.08181818181818,372.0,51,53,3,40,110,False,True,
run_20260807_175821_881241,705,26,2026-08-07T17:58:47.921,9,left,74.0,74.08490566037736,372.0,73,75,3,39,106,False,True,
run_20260807_175821_881241,705,26,2026-08-07T17:58:47.921,8,left,96.0,96.08411214953271,372.0,95,97,3,39,107,False,True,
run_20260807_175821_881241,705,26,2026-08-07T17:58:47.921,7,left,117.63636363636364,118.02,371.8181818181818,117,119,3,38,100,False,True,
run_20260807_175821_881241,705,26,2026-08-07T17:58:47.921,6,left,140.0,141.00913242009133,372.25,139,144,6,69,219,False,True,
run_20260807_175821_881241,705,26,2026-08-07T17:58:47.921,5,left,162.0,162.26190476190476,372.0,161,164,4,41,126,False,True,
run_20260807_175821_881241,705,26,2026-08-07T17:58:47.921,4,left,184.5,184.72262773722628,372.0,183,186,4,42,137,False,True,
run_20260807_175821_881241,705,26,2026-08-07T17:58:47.921,3,left,207.0,207.05,372.0,206,208,3,42,120,False,True,
run_20260807_175821_881241,705,26,2026-08-07T17:58:47.921,2,left,229.0,229.05982905982907,372.0,228,230,3,42,117,False,True,
run_20260807_175821_881241,705,26,2026-08-07T17:58:47.921,1,left,251.0,251.58823529411765,372.0,250,253,4,71,204,False,True,
run_20260807_175821_881241,705,26,2026-08-07T17:58:47.921,0,left,273.0,273.3253968253968,371.5,272,275,4,43,126,True,True,
run_20260807_175821_881241,705,26,2026-08-07T17:58:47.921,0,right,470.0,470.0,371.5,469,471,3,43,127,True,True,
run_20260807_175821_881241,705,26,2026-08-07T17:58:47.921,1,right,493.0,492.26960784313724,372.0,491,494,4,70,204,False,True,
run_20260807_175821_881241,705,26,2026-08-07T17:58:47.921,2,right,515.0,514.9043478260869,372.0,514,516,3,42,115,False,True,
run_20260807_175821_881241,705,26,2026-08-07T17:58:47.921,3,right,537.0,536.9672131147541,372.0,536,538,3,42,122,False,True,
run_20260807_175821_881241,705,26,2026-08-07T17:58:47.921,4,right,559.5,559.1908396946565,372.0,558,561,4,42,131,False,True,
run_20260807_175821_881241,705,26,2026-08-07T17:58:47.921,5,right,582.0,581.5748031496063,372.0,580,583,4,43,127,False,True,
run_20260807_175821_881241,705,26,2026-08-07T17:58:47.921,6,right,604.5,603.0748663101605,372.25,601,605,5,59,187,False,True,
run_20260807_175821_881241,705,26,2026-08-07T17:58:47.921,7,right,626.0,625.8965517241379,371.8181818181818,625,627,3,43,116,False,True,
run_20260807_175821_881241,705,26,2026-08-07T17:58:47.921,8,right,648.0,647.8454545454546,372.0,647,649,3,43,110,False,True,
run_20260807_175821_881241,705,26,2026-08-07T17:58:47.921,9,right,670.0,669.7575757575758,372.0,669,671,3,42,99,False,True,
run_20260807_175821_881241,705,26,2026-08-07T17:58:47.921,10,right,692.0,691.6931818181819,372.0,691,693,3,39,88,False,True,
run_20260807_175821_881241,705,26,2026-08-07T17:58:47.921,11,right,713.5,711.9213483146067,371.75,709,714,6,45,178,False,True,
run_20260807_175821_881241,705,26,2026-08-07T17:58:47.921,12,right,735.0,734.5178571428571,371.75,733,736,4,42,112,False,True,
run_20260807_175821_881241,735,27,2026-08-07T17:58:48.925,12,left,8.5,8.899082568807339,371.75,8,10,3,42,109,False,True,
run_20260807_175821_881241,735,27,2026-08-07T17:58:48.925,11,left,30.0,31.31313131313131,371.75,29,34,6,53,198,False,True,
run_20260807_175821_881241,735,27,2026-08-07T17:58:48.925,10,left,52.0,52.08181818181818,372.0,51,53,3,40,110,False,True,
run_20260807_175821_881241,735,27,2026-08-07T17:58:48.925,9,left,74.0,74.07476635514018,372.0,73,75,3,39,107,False,True,
run_20260807_175821_881241,735,27,2026-08-07T17:58:48.925,8,left,96.0,96.08411214953271,372.0,95,97,3,39,107,False,True,
run_20260807_175821_881241,735,27,2026-08-07T17:58:48.925,7,left,117.63636363636364,118.01010101010101,371.8181818181818,117,119,3,38,99,False,True,
run_20260807_175821_881241,735,27,2026-08-07T17:58:48.925,6,left,140.0,141.00913242009133,372.25,139,144,6,69,219,False,True,
run_20260807_175821_881241,735,27,2026-08-07T17:58:48.925,5,left,162.0,162.26190476190476,372.0,161,164,4,41,126,False,True,
run_20260807_175821_881241,735,27,2026-08-07T17:58:48.925,4,left,184.5,184.71014492753622,372.0,183,186,4,42,138,False,True,
run_20260807_175821_881241,735,27,2026-08-07T17:58:48.925,3,left,207.0,207.04132231404958,372.0,206,208,3,42,121,False,True,
run_20260807_175821_881241,735,27,2026-08-07T17:58:48.925,2,left,229.0,229.05982905982907,372.0,228,230,3,42,117,False,True,
run_20260807_175821_881241,735,27,2026-08-07T17:58:48.925,1,left,251.0,251.58823529411765,372.0,250,253,4,71,204,False,True,
run_20260807_175821_881241,735,27,2026-08-07T17:58:48.925,0,left,273.0,273.3253968253968,371.5,272,275,4,43,126,True,True,
run_20260807_175821_881241,735,27,2026-08-07T17:58:48.925,0,right,470.0,470.0,371.5,469,471,3,43,127,True,True,
run_20260807_175821_881241,735,27,2026-08-07T17:58:48.925,1,right,493.0,492.2610837438424,372.0,491,494,4,70,203,False,True,
run_20260807_175821_881241,735,27,2026-08-07T17:58:48.925,2,right,515.0,514.9137931034483,372.0,514,516,3,42,116,False,True,
run_20260807_175821_881241,735,27,2026-08-07T17:58:48.925,3,right,537.0,536.9672131147541,372.0,536,538,3,42,122,False,True,
run_20260807_175821_881241,735,27,2026-08-07T17:58:48.925,4,right,559.5,559.1503759398496,372.0,558,561,4,42,133,False,True,
run_20260807_175821_881241,735,27,2026-08-07T17:58:48.925,5,right,582.0,581.5354330708661,372.0,580,583,4,43,127,False,True,
run_20260807_175821_881241,735,27,2026-08-07T17:58:48.925,6,right,604.5,603.0597826086956,372.25,601,605,5,58,184,False,True,
run_20260807_175821_881241,735,27,2026-08-07T17:58:48.925,7,right,626.0,625.8965517241379,371.8181818181818,625,627,3,43,116,False,True,
run_20260807_175821_881241,735,27,2026-08-07T17:58:48.925,8,right,648.0,647.8348623853211,372.0,647,649,3,43,109,False,True,
run_20260807_175821_881241,735,27,2026-08-07T17:58:48.925,9,right,670.0,669.75,372.0,669,671,3,42,100,False,True,
run_20260807_175821_881241,735,27,2026-08-07T17:58:48.925,10,right,692.0,691.7011494252873,372.0,691,693,3,39,87,False,True,
run_20260807_175821_881241,735,27,2026-08-07T17:58:48.925,11,right,713.5,711.9447513812155,371.75,709,714,6,45,181,False,True,
run_20260807_175821_881241,735,27,2026-08-07T17:58:48.925,12,right,735.0,734.4909090909091,371.75,733,736,4,42,110,False,True,
run_20260807_175821_881241,766,28,2026-08-07T17:58:49.954,12,left,8.5,8.899082568807339,371.75,8,10,3,42,109,False,True,
run_20260807_175821_881241,766,28,2026-08-07T17:58:49.954,11,left,30.0,31.306532663316585,371.75,29,34,6,53,199,False,True,
run_20260807_175821_881241,766,28,2026-08-07T17:58:49.954,10,left,52.0,52.091743119266056,371.75,51,53,3,40,109,False,True,
run_20260807_175821_881241,766,28,2026-08-07T17:58:49.954,9,left,74.0,74.08490566037736,372.0,73,75,3,39,106,False,True,
run_20260807_175821_881241,766,28,2026-08-07T17:58:49.954,8,left,96.0,96.08411214953271,372.0,95,97,3,39,107,False,True,
run_20260807_175821_881241,766,28,2026-08-07T17:58:49.954,7,left,117.63636363636364,118.01010101010101,371.8181818181818,117,119,3,38,99,False,True,
run_20260807_175821_881241,766,28,2026-08-07T17:58:49.954,6,left,140.0,141.00913242009133,372.25,139,144,6,69,219,False,True,
run_20260807_175821_881241,766,28,2026-08-07T17:58:49.954,5,left,162.0,162.05263157894737,372.0,161,163,3,41,114,False,True,
run_20260807_175821_881241,766,28,2026-08-07T17:58:49.954,4,left,184.5,184.71014492753622,372.0,183,186,4,42,138,False,True,
run_20260807_175821_881241,766,28,2026-08-07T17:58:49.954,3,left,207.0,207.05,372.0,206,208,3,42,120,False,True,
run_20260807_175821_881241,766,28,2026-08-07T17:58:49.954,2,left,229.0,229.05982905982907,372.0,228,230,3,42,117,False,True,
run_20260807_175821_881241,766,28,2026-08-07T17:58:49.954,1,left,251.0,251.5873786407767,372.0,250,253,4,71,206,False,True,
run_20260807_175821_881241,766,28,2026-08-07T17:58:49.954,0,left,273.0,273.3253968253968,371.5,272,275,4,43,126,True,True,
run_20260807_175821_881241,766,28,2026-08-07T17:58:49.954,0,right,470.0,470.0,371.5,469,471,3,43,127,True,True,
run_20260807_175821_881241,766,28,2026-08-07T17:58:49.954,1,right,493.0,492.2524752475247,372.0,491,494,4,70,202,False,True,
run_20260807_175821_881241,766,28,2026-08-07T17:58:49.954,2,right,515.0,514.9322033898305,372.0,514,516,3,42,118,False,True,
run_20260807_175821_881241,766,28,2026-08-07T17:58:49.954,3,right,537.0,536.9672131147541,372.0,536,538,3,42,122,False,True,
run_20260807_175821_881241,766,28,2026-08-07T17:58:49.954,4,right,559.5,559.1503759398496,372.0,558,561,4,42,133,False,True,
run_20260807_175821_881241,766,28,2026-08-07T17:58:49.954,5,right,582.0,581.5116279069767,372.0,580,583,4,43,129,False,True,
run_20260807_175821_881241,766,28,2026-08-07T17:58:49.954,6,right,604.5,603.0732984293194,372.25,601,605,5,63,191,False,True,
run_20260807_175821_881241,766,28,2026-08-07T17:58:49.954,7,right,626.0,625.8571428571429,371.8181818181818,625,627,3,43,112,False,True,
run_20260807_175821_881241,766,28,2026-08-07T17:58:49.954,8,right,648.0,647.8348623853211,372.0,647,649,3,43,109,False,True,
run_20260807_175821_881241,766,28,2026-08-07T17:58:49.954,9,right,670.0,669.7623762376238,372.0,669,671,3,42,101,False,True,
run_20260807_175821_881241,766,28,2026-08-07T17:58:49.954,10,right,691.5,691.4657534246576,371.75,691,692,2,39,73,False,True,
run_20260807_175821_881241,766,28,2026-08-07T17:58:49.954,11,right,713.5,711.9265536723163,371.75,709,714,6,46,177,False,True,
run_20260807_175821_881241,766,28,2026-08-07T17:58:49.954,12,right,735.0,734.5045045045046,371.75,733,736,4,42,111,False,True,
run_20260807_175821_881241,796,29,2026-08-07T17:58:50.960,12,left,8.5,8.88888888888889,371.75,8,10,3,42,108,False,True,
run_20260807_175821_881241,796,29,2026-08-07T17:58:50.960,11,left,30.0,31.309644670050762,371.75,29,34,6,53,197,False,True,
run_20260807_175821_881241,796,29,2026-08-07T17:58:50.960,10,left,52.0,52.08181818181818,372.0,51,53,3,40,110,False,True,
run_20260807_175821_881241,796,29,2026-08-07T17:58:50.960,9,left,74.0,74.08490566037736,372.0,73,75,3,39,106,False,True,
run_20260807_175821_881241,796,29,2026-08-07T17:58:50.960,8,left,96.0,96.08411214953271,372.0,95,97,3,39,107,False,True,
run_20260807_175821_881241,796,29,2026-08-07T17:58:50.960,7,left,117.63636363636364,118.01010101010101,371.8181818181818,117,119,3,38,99,False,True,
run_20260807_175821_881241,796,29,2026-08-07T17:58:50.960,6,left,140.0,141.00913242009133,372.25,139,144,6,69,219,False,True,
run_20260807_175821_881241,796,29,2026-08-07T17:58:50.960,5,left,162.0,162.23809523809524,372.0,161,164,4,41,126,False,True,
run_20260807_175821_881241,796,29,2026-08-07T17:58:50.960,4,left,184.5,184.71014492753622,372.0,183,186,4,42,138,False,True,
run_20260807_175821_881241,796,29,2026-08-07T17:58:50.960,3,left,207.0,207.05,372.0,206,208,3,42,120,False,True,
run_20260807_175821_881241,796,29,2026-08-07T17:58:50.960,2,left,229.0,229.06896551724137,372.0,228,230,3,42,116,False,True,
run_20260807_175821_881241,796,29,2026-08-07T17:58:50.960,1,left,251.0,251.55940594059405,372.0,250,253,4,71,202,False,True,
run_20260807_175821_881241,796,29,2026-08-07T17:58:50.960,0,left,273.0,273.3228346456693,371.5,272,275,4,43,127,True,True,
run_20260807_175821_881241,796,29,2026-08-07T17:58:50.960,0,right,470.0,470.0,371.5,469,471,3,43,127,True,True,
run_20260807_175821_881241,796,29,2026-08-07T17:58:50.960,1,right,493.0,492.2307692307692,372.0,491,494,4,70,208,False,True,
run_20260807_175821_881241,796,29,2026-08-07T17:58:50.960,2,right,515.0,514.9043478260869,372.0,514,516,3,42,115,False,True,
run_20260807_175821_881241,796,29,2026-08-07T17:58:50.960,3,right,537.0,536.9672131147541,372.0,536,538,3,42,122,False,True,
run_20260807_175821_881241,796,29,2026-08-07T17:58:50.960,4,right,559.5,559.1503759398496,372.0,558,561,4,42,133,False,True,
run_20260807_175821_881241,796,29,2026-08-07T17:58:50.960,5,right,582.0,581.5,372.0,580,583,4,43,130,False,True,
run_20260807_175821_881241,796,29,2026-08-07T17:58:50.960,6,right,604.5,603.0698924731183,372.25,601,605,5,59,186,False,True,
run_20260807_175821_881241,796,29,2026-08-07T17:58:50.960,7,right,626.0,625.8869565217391,371.8181818181818,625,627,3,43,115,False,True,
run_20260807_175821_881241,796,29,2026-08-07T17:58:50.960,8,right,648.0,647.824074074074,372.0,647,649,3,43,108,False,True,
run_20260807_175821_881241,796,29,2026-08-07T17:58:50.960,9,right,670.0,669.75,372.0,669,671,3,42,100,False,True,
run_20260807_175821_881241,796,29,2026-08-07T17:58:50.960,10,right,692.0,691.6823529411764,372.0,691,693,3,39,85,False,True,
run_20260807_175821_881241,796,29,2026-08-07T17:58:50.960,11,right,713.5,711.9222222222222,371.75,709,714,6,46,180,False,True,
run_20260807_175821_881241,796,29,2026-08-07T17:58:50.960,12,right,735.0,734.5315315315315,371.75,733,736,4,42,111,False,True,
run_20260807_175821_881241,827,30,2026-08-07T17:58:51.989,12,left,8.5,8.899082568807339,371.75,8,10,3,42,109,False,True,
run_20260807_175821_881241,827,30,2026-08-07T17:58:51.989,11,left,30.0,31.304123711340207,371.75,29,34,6,53,194,False,True,
run_20260807_175821_881241,827,30,2026-08-07T17:58:51.989,10,left,52.0,52.08181818181818,371.75,51,53,3,40,110,False,True,
run_20260807_175821_881241,827,30,2026-08-07T17:58:51.989,9,left,74.0,74.08490566037736,372.0,73,75,3,39,106,False,True,
run_20260807_175821_881241,827,30,2026-08-07T17:58:51.989,8,left,96.0,96.08411214953271,372.0,95,97,3,39,107,False,True,
run_20260807_175821_881241,827,30,2026-08-07T17:58:51.989,7,left,117.63636363636364,118.02,371.8181818181818,117,119,3,38,100,False,True,
run_20260807_175821_881241,827,30,2026-08-07T17:58:51.989,6,left,140.0,141.00913242009133,372.25,139,144,6,69,219,False,True,
run_20260807_175821_881241,827,30,2026-08-07T17:58:51.989,5,left,162.0,162.251968503937,372.0,161,164,4,41,127,False,True,
run_20260807_175821_881241,827,30,2026-08-07T17:58:51.989,4,left,184.5,184.72262773722628,372.0,183,186,4,42,137,False,True,
run_20260807_175821_881241,827,30,2026-08-07T17:58:51.989,3,left,207.0,207.05,372.0,206,208,3,42,120,False,True,
run_20260807_175821_881241,827,30,2026-08-07T17:58:51.989,2,left,229.0,229.05982905982907,372.0,228,230,3,42,117,False,True,
run_20260807_175821_881241,827,30,2026-08-07T17:58:51.989,1,left,251.0,251.55940594059405,372.0,250,253,4,71,202,False,True,
run_20260807_175821_881241,827,30,2026-08-07T17:58:51.989,0,left,273.0,273.3228346456693,371.5,272,275,4,43,127,True,True,
run_20260807_175821_881241,827,30,2026-08-07T17:58:51.989,0,right,470.0,470.0,371.5,469,471,3,43,127,True,True,
run_20260807_175821_881241,827,30,2026-08-07T17:58:51.989,1,right,493.0,492.26341463414633,372.0,491,494,4,70,205,False,True,
run_20260807_175821_881241,827,30,2026-08-07T17:58:51.989,2,right,515.0,514.8849557522124,372.0,514,516,3,42,113,False,True,
run_20260807_175821_881241,827,30,2026-08-07T17:58:51.989,3,right,537.0,536.9672131147541,372.0,536,538,3,42,122,False,True,
run_20260807_175821_881241,827,30,2026-08-07T17:58:51.989,4,right,559.5,559.1679389312977,372.0,558,561,4,42,131,False,True,
run_20260807_175821_881241,827,30,2026-08-07T17:58:51.989,5,right,582.0,581.5692307692308,372.0,580,583,4,43,130,False,True,
run_20260807_175821_881241,827,30,2026-08-07T17:58:51.989,6,right,604.5,603.0594594594595,372.25,601,605,5,59,185,False,True,
run_20260807_175821_881241,827,30,2026-08-07T17:58:51.989,7,right,626.0,625.8571428571429,371.8181818181818,625,627,3,43,112,False,True,
run_20260807_175821_881241,827,30,2026-08-07T17:58:51.989,8,right,648.0,647.8348623853211,372.0,647,649,3,43,109,False,True,
run_20260807_175821_881241,827,30,2026-08-07T17:58:51.989,9,right,670.0,669.7575757575758,372.0,669,671,3,42,99,False,True,
run_20260807_175821_881241,827,30,2026-08-07T17:58:51.989,10,right,691.5,691.472972972973,371.75,691,692,2,39,74,False,True,
run_20260807_175821_881241,827,30,2026-08-07T17:58:51.989,11,right,713.5,711.9213483146067,371.75,709,714,6,45,178,False,True,
run_20260807_175821_881241,827,30,2026-08-07T17:58:51.989,12,right,735.0,734.5267857142857,371.75,733,736,4,42,112,False,True,
run_20260807_175821_881241,857,31,2026-08-07T17:58:52.992,12,left,8.5,8.87037037037037,371.75,8,10,3,42,108,False,True,
run_20260807_175821_881241,857,31,2026-08-07T17:58:52.992,11,left,30.0,31.306532663316585,371.75,29,34,6,53,199,False,True,
run_20260807_175821_881241,857,31,2026-08-07T17:58:52.992,10,left,52.0,52.08181818181818,372.0,51,53,3,40,110,False,True,
run_20260807_175821_881241,857,31,2026-08-07T17:58:52.992,9,left,74.0,74.08490566037736,372.0,73,75,3,39,106,False,True,
run_20260807_175821_881241,857,31,2026-08-07T17:58:52.992,8,left,96.0,96.08411214953271,372.0,95,97,3,39,107,False,True,
run_20260807_175821_881241,857,31,2026-08-07T17:58:52.992,7,left,117.75,118.02970297029702,371.875,117,119,3,38,101,False,True,
run_20260807_175821_881241,857,31,2026-08-07T17:58:52.992,6,left,140.0,140.98206278026905,372.25,139,144,6,69,223,False,True,
run_20260807_175821_881241,857,31,2026-08-07T17:58:52.992,5,left,162.0,162.35714285714286,372.0,161,164,4,39,112,False,True,
run_20260807_175821_881241,857,31,2026-08-07T17:58:52.992,4,left,184.5,184.74125874125875,372.0,183,186,4,42,143,False,True,
run_20260807_175821_881241,857,31,2026-08-07T17:58:52.992,3,left,207.0,207.04132231404958,372.0,206,208,3,42,121,False,True,
run_20260807_175821_881241,857,31,2026-08-07T17:58:52.992,2,left,229.0,229.05982905982907,372.0,228,230,3,42,117,False,True,
run_20260807_175821_881241,857,31,2026-08-07T17:58:52.992,1,left,251.0,251.58048780487806,372.0,250,253,4,71,205,False,True,
run_20260807_175821_881241,857,31,2026-08-07T17:58:52.992,0,left,273.0,273.2983870967742,371.5,272,275,4,43,124,True,True,
run_20260807_175821_881241,857,31,2026-08-07T17:58:52.992,0,right,470.0,470.0,371.5,469,471,3,43,127,True,True,
run_20260807_175821_881241,857,31,2026-08-07T17:58:52.992,1,right,493.0,492.2367149758454,372.0,491,494,4,70,207,False,True,
run_20260807_175821_881241,857,31,2026-08-07T17:58:52.992,2,right,515.0,514.8947368421053,372.0,514,516,3,42,114,False,True,
run_20260807_175821_881241,857,31,2026-08-07T17:58:52.992,3,right,537.0,536.9586776859504,372.0,536,538,3,42,121,False,True,
run_20260807_175821_881241,857,31,2026-08-07T17:58:52.992,4,right,559.5,559.1496062992126,372.0,558,561,4,42,127,False,True,
run_20260807_175821_881241,857,31,2026-08-07T17:58:52.992,5,right,582.0,581.5726495726495,372.0,580,583,4,43,117,False,True,
run_20260807_175821_881241,857,31,2026-08-07T17:58:52.992,6,right,604.5,603.0702702702703,372.25,601,605,5,58,185,False,True,
run_20260807_175821_881241,857,31,2026-08-07T17:58:52.992,7,right,626.0,625.8965517241379,371.875,625,627,3,43,116,False,True,
run_20260807_175821_881241,857,31,2026-08-07T17:58:52.992,8,right,648.0,647.8348623853211,372.0,647,649,3,43,109,False,True,
run_20260807_175821_881241,857,31,2026-08-07T17:58:52.992,9,right,670.0,669.7448979591836,372.0,669,671,3,42,98,False,True,
run_20260807_175821_881241,857,31,2026-08-07T17:58:52.992,10,right,692.0,691.6976744186046,372.0,691,693,3,39,86,False,True,
run_20260807_175821_881241,857,31,2026-08-07T17:58:52.992,11,right,713.5,711.9147727272727,371.75,709,714,6,44,176,False,True,
run_20260807_175821_881241,857,31,2026-08-07T17:58:52.992,12,right,735.0,734.5178571428571,371.75,733,736,4,42,112,False,True,
run_20260807_175821_881241,887,32,2026-08-07T17:58:54.000,12,left,8.5,8.88888888888889,371.75,8,10,3,42,108,False,True,
run_20260807_175821_881241,887,32,2026-08-07T17:58:54.000,11,left,30.0,31.309644670050762,371.75,29,34,6,53,197,False,True,
run_20260807_175821_881241,887,32,2026-08-07T17:58:54.000,10,left,52.0,52.08181818181818,371.75,51,53,3,40,110,False,True,
run_20260807_175821_881241,887,32,2026-08-07T17:58:54.000,9,left,74.0,74.08490566037736,372.0,73,75,3,39,106,False,True,
run_20260807_175821_881241,887,32,2026-08-07T17:58:54.000,8,left,96.0,96.08411214953271,372.0,95,97,3,39,107,False,True,
run_20260807_175821_881241,887,32,2026-08-07T17:58:54.000,7,left,118.0,118.0625,372.0,117,119,3,40,112,False,True,
run_20260807_175821_881241,887,32,2026-08-07T17:58:54.000,6,left,140.0,141.05217391304348,372.25,139,144,6,73,230,False,True,
run_20260807_175821_881241,887,32,2026-08-07T17:58:54.000,5,left,162.0,162.44444444444446,372.0,161,164,4,39,126,False,True,
run_20260807_175821_881241,887,32,2026-08-07T17:58:54.000,4,left,184.42105263157896,184.72661870503597,371.9605263157895,183,186,4,42,139,False,True,
run_20260807_175821_881241,887,32,2026-08-07T17:58:54.000,3,left,207.0,207.05,372.0,206,208,3,42,120,False,True,
run_20260807_175821_881241,887,32,2026-08-07T17:58:54.000,2,left,229.0,229.05982905982907,372.0,228,230,3,42,117,False,True,
run_20260807_175821_881241,887,32,2026-08-07T17:58:54.000,1,left,251.0,251.55940594059405,372.0,250,253,4,71,202,False,True,
run_20260807_175821_881241,887,32,2026-08-07T17:58:54.000,0,left,273.0,273.312,371.5,272,275,4,43,125,True,True,
run_20260807_175821_881241,887,32,2026-08-07T17:58:54.000,0,right,470.0,470.0,371.5,469,471,3,43,127,True,True,
run_20260807_175821_881241,887,32,2026-08-07T17:58:54.000,1,right,493.0,492.219512195122,372.0,491,494,4,70,205,False,True,
run_20260807_175821_881241,887,32,2026-08-07T17:58:54.000,2,right,515.0,514.7538461538461,372.0,513,516,4,42,130,False,True,
run_20260807_175821_881241,887,32,2026-08-07T17:58:54.000,3,right,537.0,536.8440366972477,372.0,536,538,3,42,109,False,True,
run_20260807_175821_881241,887,32,2026-08-07T17:58:54.000,4,right,559.5,559.0925925925926,371.9605263157895,558,560,3,42,108,False,True,
run_20260807_175821_881241,887,32,2026-08-07T17:58:54.000,5,right,582.0,581.7722772277227,372.0,581,583,3,43,101,False,True,
run_20260807_175821_881241,887,32,2026-08-07T17:58:54.000,6,right,604.5,603.0594594594595,372.25,601,605,5,59,185,False,True,
run_20260807_175821_881241,887,32,2026-08-07T17:58:54.000,7,right,626.0,625.8965517241379,372.0,625,627,3,43,116,False,True,
run_20260807_175821_881241,887,32,2026-08-07T17:58:54.000,8,right,648.0,647.824074074074,372.0,647,649,3,43,108,False,True,
run_20260807_175821_881241,887,32,2026-08-07T17:58:54.000,9,right,670.0,669.7448979591836,372.0,669,671,3,42,98,False,True,
run_20260807_175821_881241,887,32,2026-08-07T17:58:54.000,10,right,691.5,691.4868421052631,371.75,691,692,2,39,76,False,True,
run_20260807_175821_881241,887,32,2026-08-07T17:58:54.000,11,right,713.5,711.9502762430939,371.75,709,714,6,46,181,False,True,
run_20260807_175821_881241,887,32,2026-08-07T17:58:54.000,12,right,735.0,734.5045045045046,371.75,733,736,4,42,111,False,True,
run_20260807_175821_881241,918,33,2026-08-07T17:58:55.021,12,left,8.5,8.909090909090908,371.75,8,10,3,42,110,False,True,
run_20260807_175821_881241,918,33,2026-08-07T17:58:55.021,11,left,30.0,31.306532663316585,371.75,29,34,6,53,199,False,True,
run_20260807_175821_881241,918,33,2026-08-07T17:58:55.021,10,left,52.0,52.08181818181818,372.0,51,53,3,40,110,False,True,
run_20260807_175821_881241,918,33,2026-08-07T17:58:55.021,9,left,74.0,74.08411214953271,372.0,73,75,3,39,107,False,True,
run_20260807_175821_881241,918,33,2026-08-07T17:58:55.021,8,left,95.15384615384616,95.66055045871559,371.5769230769231,94,97,4,38,109,False,True,
run_20260807_175821_881241,918,33,2026-08-07T17:58:55.021,7,left,118.0,118.08108108108108,372.0,117,119,3,40,111,False,True,
run_20260807_175821_881241,918,33,2026-08-07T17:58:55.021,6,left,140.0,140.8047619047619,372.25,139,143,5,69,210,False,True,
run_20260807_175821_881241,918,33,2026-08-07T17:58:55.021,5,left,162.0,162.33870967741936,372.0,161,164,4,40,124,False,True,
run_20260807_175821_881241,918,33,2026-08-07T17:58:55.021,4,left,184.0,184.67910447761193,371.75,183,186,4,42,134,False,True,
run_20260807_175821_881241,918,33,2026-08-07T17:58:55.021,3,left,207.0,207.05,372.0,206,208,3,42,120,False,True,
run_20260807_175821_881241,918,33,2026-08-07T17:58:55.021,2,left,229.0,229.05084745762713,372.0,228,230,3,42,118,False,True,
run_20260807_175821_881241,918,33,2026-08-07T17:58:55.021,1,left,251.0,251.55940594059405,371.83333333333337,250,253,4,71,202,False,True,
run_20260807_175821_881241,918,33,2026-08-07T17:58:55.021,0,left,273.0,273.3228346456693,371.5,272,275,4,43,127,True,True,
run_20260807_175821_881241,918,33,2026-08-07T17:58:55.021,0,right,470.0,470.0,371.5,469,471,3,43,127,True,True,
run_20260807_175821_881241,918,33,2026-08-07T17:58:55.021,1,right,492.6666666666667,492.22169811320754,371.83333333333337,491,494,4,71,212,False,True,
run_20260807_175821_881241,918,33,2026-08-07T17:58:55.021,2,right,515.0,514.7142857142857,372.0,513,516,4,42,126,False,True,
run_20260807_175821_881241,918,33,2026-08-07T17:58:55.021,3,right,537.0,536.95,372.0,536,538,3,42,120,False,True,
run_20260807_175821_881241,918,33,2026-08-07T17:58:55.021,4,right,559.5,559.156862745098,371.75,558,560,3,42,102,False,True,
run_20260807_175821_881241,918,33,2026-08-07T17:58:55.021,5,right,582.0,581.7722772277227,372.0,581,583,3,43,101,False,True,
run_20260807_175821_881241,918,33,2026-08-07T17:58:55.021,6,right,604.5,603.0585106382979,372.25,601,605,5,62,188,False,True,
run_20260807_175821_881241,918,33,2026-08-07T17:58:55.021,7,right,626.0,625.8965517241379,372.0,625,627,3,43,116,False,True,
run_20260807_175821_881241,918,33,2026-08-07T17:58:55.021,8,right,648.0,647.8348623853211,371.5769230769231,647,649,3,43,109,False,True,
run_20260807_175821_881241,918,33,2026-08-07T17:58:55.021,9,right,670.0,669.7575757575758,372.0,669,671,3,42,99,False,True,
run_20260807_175821_881241,918,33,2026-08-07T17:58:55.021,10,right,692.0,691.7222222222222,372.0,691,693,3,39,90,False,True,
run_20260807_175821_881241,918,33,2026-08-07T17:58:55.021,11,right,713.5,711.9162011173185,371.75,709,714,6,45,179,False,True,
run_20260807_175821_881241,918,33,2026-08-07T17:58:55.021,12,right,735.0,734.5045045045046,371.75,733,736,4,42,111,False,True,
run_20260807_175821_881241,948,34,2026-08-07T17:58:56.027,12,left,8.5,8.88888888888889,371.75,8,10,3,42,108,False,True,
run_20260807_175821_881241,948,34,2026-08-07T17:58:56.027,11,left,30.0,31.306532663316585,371.75,29,34,6,53,199,False,True,
run_20260807_175821_881241,948,34,2026-08-07T17:58:56.027,10,left,51.5,52.021126760563384,371.5,50,54,5,40,142,False,True,
run_20260807_175821_881241,948,34,2026-08-07T17:58:56.027,9,left,74.0,74.125,372.0,73,75,3,40,104,False,True,
run_20260807_175821_881241,948,34,2026-08-07T17:58:56.027,8,left,95.5,95.86153846153846,371.75,94,97,4,43,130,False,True,
run_20260807_175821_881241,948,34,2026-08-07T17:58:56.027,7,left,118.0,118.04347826086956,372.0,117,119,3,40,115,False,True,
run_20260807_175821_881241,948,34,2026-08-07T17:58:56.027,6,left,140.0,140.9646017699115,372.25,139,144,6,71,226,False,True,
run_20260807_175821_881241,948,34,2026-08-07T17:58:56.027,5,left,162.0,162.33333333333334,372.0,161,164,4,39,123,False,True,
run_20260807_175821_881241,948,34,2026-08-07T17:58:56.027,4,left,184.42105263157896,184.72661870503597,371.9605263157895,183,186,4,42,139,False,True,
run_20260807_175821_881241,948,34,2026-08-07T17:58:56.027,3,left,207.0,207.04132231404958,372.0,206,208,3,42,121,False,True,
run_20260807_175821_881241,948,34,2026-08-07T17:58:56.027,2,left,229.0,229.05982905982907,372.0,228,230,3,42,117,False,True,
run_20260807_175821_881241,948,34,2026-08-07T17:58:56.027,1,left,251.0,251.58048780487806,372.0,250,253,4,71,205,False,True,
run_20260807_175821_881241,948,34,2026-08-07T17:58:56.027,0,left,273.0,273.3228346456693,371.5,272,275,4,43,127,True,True,
run_20260807_175821_881241,948,34,2026-08-07T17:58:56.027,0,right,470.0,470.20588235294116,371.5,469,471,3,43,102,True,True,
run_20260807_175821_881241,948,34,2026-08-07T17:58:56.027,1,right,493.0,492.25,372.0,491,494,4,70,184,False,True,
run_20260807_175821_881241,948,34,2026-08-07T17:58:56.027,2,right,515.0,514.8,372.0,514,516,3,42,105,False,True,
run_20260807_175821_881241,948,34,2026-08-07T17:58:56.027,3,right,537.0,536.95,372.0,536,538,3,42,120,False,True,
run_20260807_175821_881241,948,34,2026-08-07T17:58:56.027,4,right,559.5,559.1485148514852,371.9605263157895,558,560,3,42,101,False,True,
run_20260807_175821_881241,948,34,2026-08-07T17:58:56.027,5,right,582.0,581.7722772277227,372.0,581,583,3,43,101,False,True,
run_20260807_175821_881241,948,34,2026-08-07T17:58:56.027,6,right,604.5,603.054347826087,372.25,601,605,5,59,184,False,True,
run_20260807_175821_881241,948,34,2026-08-07T17:58:56.027,7,right,626.0,625.8965517241379,372.0,625,627,3,43,116,False,True,
run_20260807_175821_881241,948,34,2026-08-07T17:58:56.027,8,right,648.0,647.8130841121496,371.75,647,649,3,43,107,False,True,
run_20260807_175821_881241,948,34,2026-08-07T17:58:56.027,9,right,670.0,669.7448979591836,372.0,669,671,3,42,98,False,True,
run_20260807_175821_881241,948,34,2026-08-07T17:58:56.027,10,right,691.5,691.4935064935065,371.5,691,692,2,39,77,False,True,
run_20260807_175821_881241,948,34,2026-08-07T17:58:56.027,11,right,713.5,711.9166666666666,371.75,709,714,6,45,180,False,True,
run_20260807_175821_881241,948,34,2026-08-07T17:58:56.027,12,right,735.0,734.5178571428571,371.75,733,736,4,42,112,False,True,
run_20260807_175821_881241,979,35,2026-08-07T17:58:57.060,12,left,8.0,8.632352941176471,371.5,7,10,4,43,136,False,True,
run_20260807_175821_881241,979,35,2026-08-07T17:58:57.060,11,left,30.0,31.303482587064675,371.75,29,34,6,56,201,False,True,
run_20260807_175821_881241,979,35,2026-08-07T17:58:57.060,10,left,52.0,52.23015873015873,372.0,51,54,4,40,126,False,True,
run_20260807_175821_881241,979,35,2026-08-07T17:58:57.060,9,left,74.0,74.06194690265487,372.0,73,75,3,41,113,False,True,
run_20260807_175821_881241,979,35,2026-08-07T17:58:57.060,8,left,96.0,96.07826086956521,372.0,95,97,3,43,115,False,True,
run_20260807_175821_881241,979,35,2026-08-07T17:58:57.060,7,left,118.0,118.04347826086956,372.0,117,119,3,40,115,False,True,
run_20260807_175821_881241,979,35,2026-08-07T17:58:57.060,6,left,140.0,140.9646017699115,372.25,139,144,6,71,226,False,True,
run_20260807_175821_881241,979,35,2026-08-07T17:58:57.060,5,left,162.0,162.34920634920636,372.0,161,164,4,39,126,False,True,
run_20260807_175821_881241,979,35,2026-08-07T17:58:57.060,4,left,184.42105263157896,184.7391304347826,371.9605263157895,183,186,4,42,138,False,True,
run_20260807_175821_881241,979,35,2026-08-07T17:58:57.060,3,left,207.0,207.04132231404958,372.0,206,208,3,42,121,False,True,
run_20260807_175821_881241,979,35,2026-08-07T17:58:57.060,2,left,229.0,229.05084745762713,372.0,228,230,3,42,118,False,True,
run_20260807_175821_881241,979,35,2026-08-07T17:58:57.060,1,left,251.0,251.55940594059405,372.0,250,253,4,71,202,False,True,
run_20260807_175821_881241,979,35,2026-08-07T17:58:57.060,0,left,273.0,273.312,371.75,272,275,4,43,125,True,True,
run_20260807_175821_881241,979,35,2026-08-07T17:58:57.060,0,right,470.5,470.2079207920792,371.75,469,471,3,42,101,True,True,
run_20260807_175821_881241,979,35,2026-08-07T17:58:57.060,1,right,493.0,492.25,372.0,491,494,4,70,184,False,True,
run_20260807_175821_881241,979,35,2026-08-07T17:58:57.060,2,right,515.0,514.8,372.0,514,516,3,42,105,False,True,
run_20260807_175821_881241,979,35,2026-08-07T17:58:57.060,3,right,537.0,536.95,372.0,536,538,3,42,120,False,True,
run_20260807_175821_881241,979,35,2026-08-07T17:58:57.060,4,right,559.5,559.1485148514852,371.9605263157895,558,560,3,42,101,False,True,
run_20260807_175821_881241,979,35,2026-08-07T17:58:57.060,5,right,582.0,581.7722772277227,372.0,581,583,3,43,101,False,True,
run_20260807_175821_881241,979,35,2026-08-07T17:58:57.060,6,right,604.5,603.0546448087432,372.25,601,605,5,58,183,False,True,
run_20260807_175821_881241,979,35,2026-08-07T17:58:57.060,7,right,626.0,625.8965517241379,372.0,625,627,3,43,116,False,True,
run_20260807_175821_881241,979,35,2026-08-07T17:58:57.060,8,right,648.0,647.8454545454546,372.0,647,649,3,43,110,False,True,
run_20260807_175821_881241,979,35,2026-08-07T17:58:57.060,9,right,670.0,669.7575757575758,372.0,669,671,3,42,99,False,True,
run_20260807_175821_881241,979,35,2026-08-07T17:58:57.060,10,right,692.0,691.6931818181819,372.0,691,693,3,39,88,False,True,
run_20260807_175821_881241,979,35,2026-08-07T17:58:57.060,11,right,713.5,711.939226519337,371.75,709,714,6,45,181,False,True,
run_20260807_175821_881241,979,35,2026-08-07T17:58:57.060,12,right,735.0,734.4909090909091,371.5,733,736,4,42,110,False,True,
run_20260807_175821_881241,1010,36,2026-08-07T17:58:58.088,12,left,8.125,8.73076923076923,371.5625,7,10,4,43,130,False,True,
run_20260807_175821_881241,1010,36,2026-08-07T17:58:58.088,11,left,30.0,31.289340101522843,371.75,29,34,6,51,197,False,True,
run_20260807_175821_881241,1010,36,2026-08-07T17:58:58.088,10,left,52.0,52.04385964912281,371.75,51,53,3,40,114,False,True,
run_20260807_175821_881241,1010,36,2026-08-07T17:58:58.088,9,left,74.0,74.06194690265487,372.0,73,75,3,41,113,False,True,
run_20260807_175821_881241,1010,36,2026-08-07T17:58:58.088,8,left,96.0,96.07758620689656,372.0,95,97,3,43,116,False,True,
run_20260807_175821_881241,1010,36,2026-08-07T17:58:58.088,7,left,118.0,118.04347826086956,372.0,117,119,3,40,115,False,True,
run_20260807_175821_881241,1010,36,2026-08-07T17:58:58.088,6,left,140.0,140.9646017699115,372.25,139,144,6,71,226,False,True,
run_20260807_175821_881241,1010,36,2026-08-07T17:58:58.088,5,left,162.0,162.39344262295083,372.0,161,164,4,39,122,False,True,
run_20260807_175821_881241,1010,36,2026-08-07T17:58:58.088,4,left,184.42105263157896,184.7391304347826,371.9605263157895,183,186,4,42,138,False,True,
run_20260807_175821_881241,1010,36,2026-08-07T17:58:58.088,3,left,207.0,207.04132231404958,372.0,206,208,3,42,121,False,True,
run_20260807_175821_881241,1010,36,2026-08-07T17:58:58.088,2,left,229.0,229.05982905982907,372.0,228,230,3,42,117,False,True,
run_20260807_175821_881241,1010,36,2026-08-07T17:58:58.088,1,left,251.0,251.56716417910448,372.0,250,253,4,71,201,False,True,
run_20260807_175821_881241,1010,36,2026-08-07T17:58:58.088,0,left,273.0,273.312,371.75,272,275,4,43,125,True,True,
run_20260807_175821_881241,1010,36,2026-08-07T17:58:58.088,0,right,470.5,470.2079207920792,371.75,469,471,3,42,101,True,True,
run_20260807_175821_881241,1010,36,2026-08-07T17:58:58.088,1,right,493.0,492.25945945945944,372.0,491,494,4,70,185,False,True,
run_20260807_175821_881241,1010,36,2026-08-07T17:58:58.088,2,right,515.0,514.8,372.0,514,516,3,42,105,False,True,
run_20260807_175821_881241,1010,36,2026-08-07T17:58:58.088,3,right,537.0,536.95,372.0,536,538,3,42,120,False,True,
run_20260807_175821_881241,1010,36,2026-08-07T17:58:58.088,4,right,559.5,559.1485148514852,371.9605263157895,558,560,3,42,101,False,True,
run_20260807_175821_881241,1010,36,2026-08-07T17:58:58.088,5,right,582.0,581.76,372.0,581,583,3,43,100,False,True,
run_20260807_175821_881241,1010,36,2026-08-07T17:58:58.088,6,right,604.5,603.0652173913044,372.25,601,605,5,59,184,False,True,
run_20260807_175821_881241,1010,36,2026-08-07T17:58:58.088,7,right,626.0,625.8571428571429,372.0,625,627,3,43,112,False,True,
run_20260807_175821_881241,1010,36,2026-08-07T17:58:58.088,8,right,648.0,647.8348623853211,372.0,647,649,3,43,109,False,True,
run_20260807_175821_881241,1010,36,2026-08-07T17:58:58.088,9,right,670.0,669.7575757575758,372.0,669,671,3,42,99,False,True,
run_20260807_175821_881241,1010,36,2026-08-07T17:58:58.088,10,right,691.5,691.4657534246576,371.75,691,692,2,39,73,False,True,
run_20260807_175821_881241,1010,36,2026-08-07T17:58:58.088,11,right,713.5,711.9157303370787,371.75,709,714,6,45,178,False,True,
run_20260807_175821_881241,1010,36,2026-08-07T17:58:58.088,12,right,735.0,734.4770642201835,371.5625,733,736,4,42,109,False,True,
run_20260807_175821_881241,1040,37,2026-08-07T17:58:59.089,12,left,8.125,8.728682170542635,371.5625,7,10,4,42,129,False,True,
run_20260807_175821_881241,1040,37,2026-08-07T17:58:59.089,11,left,30.0,31.262376237623762,371.75,29,34,6,51,202,False,True,
run_20260807_175821_881241,1040,37,2026-08-07T17:58:59.089,10,left,52.0,52.04385964912281,372.0,51,53,3,40,114,False,True,
run_20260807_175821_881241,1040,37,2026-08-07T17:58:59.089,9,left,74.0,74.06194690265487,372.0,73,75,3,41,113,False,True,
run_20260807_175821_881241,1040,37,2026-08-07T17:58:59.089,8,left,95.57894736842105,95.8828125,371.7894736842105,94,97,4,43,128,False,True,
run_20260807_175821_881241,1040,37,2026-08-07T17:58:59.089,7,left,118.0,118.04347826086956,372.0,117,119,3,40,115,False,True,
run_20260807_175821_881241,1040,37,2026-08-07T17:58:59.089,6,left,140.0,140.9646017699115,372.25,139,144,6,71,226,False,True,
run_20260807_175821_881241,1040,37,2026-08-07T17:58:59.089,5,left,162.0,162.34677419354838,372.0,161,164,4,39,124,False,True,
run_20260807_175821_881241,1040,37,2026-08-07T17:58:59.089,4,left,184.42105263157896,184.7357142857143,371.9605263157895,183,186,4,42,140,False,True,
run_20260807_175821_881241,1040,37,2026-08-07T17:58:59.089,3,left,207.0,207.04132231404958,372.0,206,208,3,42,121,False,True,
run_20260807_175821_881241,1040,37,2026-08-07T17:58:59.089,2,left,229.0,229.05982905982907,372.0,228,230,3,42,117,False,True,
run_20260807_175821_881241,1040,37,2026-08-07T17:58:59.089,1,left,251.0,251.56716417910448,372.0,250,253,4,71,201,False,True,
run_20260807_175821_881241,1040,37,2026-08-07T17:58:59.089,0,left,273.0,273.2983870967742,371.75,272,275,4,43,124,True,True,
run_20260807_175821_881241,1040,37,2026-08-07T17:58:59.089,0,right,470.5,470.22,371.75,469,471,3,42,100,True,True,
run_20260807_175821_881241,1040,37,2026-08-07T17:58:59.089,1,right,493.0,492.27807486631013,372.0,491,494,4,70,187,False,True,
run_20260807_175821_881241,1040,37,2026-08-07T17:58:59.089,2,right,515.0,514.8,372.0,514,516,3,42,105,False,True,
run_20260807_175821_881241,1040,37,2026-08-07T17:58:59.089,3,right,537.0,536.95,372.0,536,538,3,42,120,False,True,
run_20260807_175821_881241,1040,37,2026-08-07T17:58:59.089,4,right,559.5,559.1485148514852,371.9605263157895,558,560,3,42,101,False,True,
run_20260807_175821_881241,1040,37,2026-08-07T17:58:59.089,5,right,582.0,581.7722772277227,372.0,581,583,3,43,101,False,True,
run_20260807_175821_881241,1040,37,2026-08-07T17:58:59.089,6,right,604.5,603.054347826087,372.25,601,605,5,59,184,False,True,
run_20260807_175821_881241,1040,37,2026-08-07T17:58:59.089,7,right,626.0,625.8965517241379,372.0,625,627,3,43,116,False,True,
run_20260807_175821_881241,1040,37,2026-08-07T17:58:59.089,8,right,648.0,647.8130841121496,371.7894736842105,647,649,3,43,107,False,True,
run_20260807_175821_881241,1040,37,2026-08-07T17:58:59.089,9,right,670.0,669.7448979591836,372.0,669,671,3,42,98,False,True,
run_20260807_175821_881241,1040,37,2026-08-07T17:58:59.089,10,right,692.0,691.6823529411764,372.0,691,693,3,39,85,False,True,
run_20260807_175821_881241,1040,37,2026-08-07T17:58:59.089,11,right,713.5,711.9162011173185,371.75,709,714,6,45,179,False,True,
run_20260807_175821_881241,1040,37,2026-08-07T17:58:59.089,12,right,735.0,734.5045045045046,371.5625,733,736,4,42,111,False,True,
run_20260807_175821_881241,1070,38,2026-08-07T17:59:00.098,12,left,8.75,9.0,371.875,8,10,3,41,119,False,True,
run_20260807_175821_881241,1070,38,2026-08-07T17:59:00.098,11,left,30.0,31.284263959390863,371.75,29,34,6,51,197,False,True,
run_20260807_175821_881241,1070,38,2026-08-07T17:59:00.098,10,left,52.0,52.04385964912281,371.75,51,53,3,40,114,False,True,
run_20260807_175821_881241,1070,38,2026-08-07T17:59:00.098,9,left,74.0,74.06194690265487,372.0,73,75,3,41,113,False,True,
run_20260807_175821_881241,1070,38,2026-08-07T17:59:00.098,8,left,95.5,95.8828125,371.75,94,97,4,43,128,False,True,
run_20260807_175821_881241,1070,38,2026-08-07T17:59:00.098,7,left,118.0,118.04347826086956,372.0,117,119,3,40,115,False,True,
run_20260807_175821_881241,1070,38,2026-08-07T17:59:00.098,6,left,140.0,140.9646017699115,372.25,139,144,6,71,226,False,True,
run_20260807_175821_881241,1070,38,2026-08-07T17:59:00.098,5,left,162.0,162.36,372.0,161,164,4,39,125,False,True,
run_20260807_175821_881241,1070,38,2026-08-07T17:59:00.098,4,left,184.42105263157896,184.78676470588235,371.9605263157895,183,186,4,42,136,False,True,
run_20260807_175821_881241,1070,38,2026-08-07T17:59:00.098,3,left,207.0,207.04132231404958,372.0,206,208,3,42,121,False,True,
run_20260807_175821_881241,1070,38,2026-08-07T17:59:00.098,2,left,229.0,229.05982905982907,372.0,228,230,3,42,117,False,True,
run_20260807_175821_881241,1070,38,2026-08-07T17:59:00.098,1,left,251.0,251.56716417910448,372.0,250,253,4,71,201,False,True,
run_20260807_175821_881241,1070,38,2026-08-07T17:59:00.098,0,left,273.0,273.312,371.75,272,275,4,43,125,True,True,
run_20260807_175821_881241,1070,38,2026-08-07T17:59:00.098,0,right,470.5,470.22,371.75,469,471,3,42,100,True,True,
run_20260807_175821_881241,1070,38,2026-08-07T17:59:00.098,1,right,493.0,492.27807486631013,372.0,491,494,4,70,187,False,True,
run_20260807_175821_881241,1070,38,2026-08-07T17:59:00.098,2,right,515.0,514.8,372.0,514,516,3,42,105,False,True,
run_20260807_175821_881241,1070,38,2026-08-07T17:59:00.098,3,right,537.0,536.95,372.0,536,538,3,42,120,False,True,
run_20260807_175821_881241,1070,38,2026-08-07T17:59:00.098,4,right,559.5,559.1485148514852,371.9605263157895,558,560,3,42,101,False,True,
run_20260807_175821_881241,1070,38,2026-08-07T17:59:00.098,5,right,582.0,581.7722772277227,372.0,581,583,3,43,101,False,True,
run_20260807_175821_881241,1070,38,2026-08-07T17:59:00.098,6,right,604.5,603.0540540540541,372.25,601,605,5,60,185,False,True,
run_20260807_175821_881241,1070,38,2026-08-07T17:59:00.098,7,right,626.0,625.8965517241379,372.0,625,627,3,43,116,False,True,
run_20260807_175821_881241,1070,38,2026-08-07T17:59:00.098,8,right,648.0,647.8130841121496,371.75,647,649,3,43,107,False,True,
run_20260807_175821_881241,1070,38,2026-08-07T17:59:00.098,9,right,670.0,669.7448979591836,372.0,669,671,3,42,98,False,True,
run_20260807_175821_881241,1070,38,2026-08-07T17:59:00.098,10,right,691.5,691.4868421052631,371.75,691,692,2,39,76,False,True,
run_20260807_175821_881241,1070,38,2026-08-07T17:59:00.098,11,right,713.5,711.9162011173185,371.75,709,714,6,45,179,False,True,
run_20260807_175821_881241,1070,38,2026-08-07T17:59:00.098,12,right,735.0,734.5178571428571,371.875,733,736,4,42,112,False,True,
run_20260807_175821_881241,1101,39,2026-08-07T17:59:01.138,12,left,8.5,8.909090909090908,371.75,8,10,3,42,110,False,True,
run_20260807_175821_881241,1101,39,2026-08-07T17:59:01.138,11,left,30.0,31.29767441860465,371.75,29,34,6,53,215,False,True,
run_20260807_175821_881241,1101,39,2026-08-07T17:59:01.138,10,left,52.0,52.06542056074766,371.75,51,53,3,38,107,False,True,
run_20260807_175821_881241,1101,39,2026-08-07T17:59:01.138,9,left,74.0,74.05263157894737,372.0,73,75,3,41,114,False,True,
run_20260807_175821_881241,1101,39,2026-08-07T17:59:01.138,8,left,95.5,95.8828125,371.75,94,97,4,43,128,False,True,
run_20260807_175821_881241,1101,39,2026-08-07T17:59:01.138,7,left,118.0,118.04347826086956,372.0,117,119,3,40,115,False,True,
run_20260807_175821_881241,1101,39,2026-08-07T17:59:01.138,6,left,140.0,140.9646017699115,372.25,139,144,6,71,226,False,True,
run_20260807_175821_881241,1101,39,2026-08-07T17:59:01.138,5,left,162.0,162.36,372.0,161,164,4,39,125,False,True,
run_20260807_175821_881241,1101,39,2026-08-07T17:59:01.138,4,left,184.42105263157896,184.7391304347826,371.9605263157895,183,186,4,42,138,False,True,
run_20260807_175821_881241,1101,39,2026-08-07T17:59:01.138,3,left,207.0,207.04132231404958,372.0,206,208,3,42,121,False,True,
run_20260807_175821_881241,1101,39,2026-08-07T17:59:01.138,2,left,229.0,229.05982905982907,372.0,228,230,3,42,117,False,True,
run_20260807_175821_881241,1101,39,2026-08-07T17:59:01.138,1,left,251.0,251.55940594059405,372.0,250,253,4,71,202,False,True,
run_20260807_175821_881241,1101,39,2026-08-07T17:59:01.138,0,left,273.0,273.2983870967742,371.75,272,275,4,43,124,True,True,
run_20260807_175821_881241,1101,39,2026-08-07T17:59:01.138,0,right,470.5,470.22,371.75,469,471,3,42,100,True,True,
run_20260807_175821_881241,1101,39,2026-08-07T17:59:01.138,1,right,493.0,492.28494623655916,372.0,491,494,4,70,186,False,True,
run_20260807_175821_881241,1101,39,2026-08-07T17:59:01.138,2,right,515.0,514.8,372.0,514,516,3,42,105,False,True,
run_20260807_175821_881241,1101,39,2026-08-07T17:59:01.138,3,right,537.0,536.95,372.0,536,538,3,42,120,False,True,
run_20260807_175821_881241,1101,39,2026-08-07T17:59:01.138,4,right,559.5,559.1485148514852,371.9605263157895,558,560,3,42,101,False,True,
run_20260807_175821_881241,1101,39,2026-08-07T17:59:01.138,5,right,582.0,581.7722772277227,372.0,581,583,3,43,101,False,True,
run_20260807_175821_881241,1101,39,2026-08-07T17:59:01.138,6,right,604.5,603.0546448087432,372.25,601,605,5,58,183,False,True,
run_20260807_175821_881241,1101,39,2026-08-07T17:59:01.138,7,right,626.0,625.8965517241379,372.0,625,627,3,43,116,False,True,
run_20260807_175821_881241,1101,39,2026-08-07T17:59:01.138,8,right,648.0,647.8018867924528,371.75,647,649,3,43,106,False,True,
run_20260807_175821_881241,1101,39,2026-08-07T17:59:01.138,9,right,670.0,669.7575757575758,372.0,669,671,3,42,99,False,True,
run_20260807_175821_881241,1101,39,2026-08-07T17:59:01.138,10,right,691.5,691.4935064935065,371.75,691,692,2,39,77,False,True,
run_20260807_175821_881241,1101,39,2026-08-07T17:59:01.138,11,right,713.5,711.909604519774,371.75,709,714,6,44,177,False,True,
run_20260807_175821_881241,1101,39,2026-08-07T17:59:01.138,12,right,735.0,734.5181818181818,371.75,733,736,4,42,110,False,True,
run_20260807_175821_881241,1132,40,2026-08-07T17:59:02.160,12,left,8.5,8.899082568807339,371.75,8,10,3,42,109,False,True,
run_20260807_175821_881241,1132,40,2026-08-07T17:59:02.160,11,left,30.0,31.300518134715027,371.75,29,34,6,52,193,False,True,
run_20260807_175821_881241,1132,40,2026-08-07T17:59:02.160,10,left,52.0,52.091743119266056,371.75,51,53,3,40,109,False,True,
run_20260807_175821_881241,1132,40,2026-08-07T17:59:02.160,9,left,74.0,74.07407407407408,372.0,73,75,3,39,108,False,True,
run_20260807_175821_881241,1132,40,2026-08-07T17:59:02.160,8,left,95.5,95.87234042553192,371.75,95,97,3,38,94,False,True,
run_20260807_175821_881241,1132,40,2026-08-07T17:59:02.160,7,left,118.0,118.07207207207207,372.0,117,119,3,40,111,False,True,
run_20260807_175821_881241,1132,40,2026-08-07T17:59:02.160,6,left,140.0,140.78095238095239,372.25,139,143,5,70,210,False,True,
run_20260807_175821_881241,1132,40,2026-08-07T17:59:02.160,5,left,162.0,162.336,372.0,161,164,4,39,125,False,True,
run_20260807_175821_881241,1132,40,2026-08-07T17:59:02.160,4,left,184.0,184.67175572519085,371.75,183,186,4,42,131,False,True,
run_20260807_175821_881241,1132,40,2026-08-07T17:59:02.160,3,left,207.0,207.04132231404958,372.0,206,208,3,42,121,False,True,
run_20260807_175821_881241,1132,40,2026-08-07T17:59:02.160,2,left,229.0,229.05084745762713,372.0,228,230,3,42,118,False,True,
run_20260807_175821_881241,1132,40,2026-08-07T17:59:02.160,1,left,251.0,251.58823529411765,371.9375,250,253,4,71,204,False,True,
run_20260807_175821_881241,1132,40,2026-08-07T17:59:02.160,0,left,273.0,273.3253968253968,371.5,272,275,4,43,126,True,True,
run_20260807_175821_881241,1132,40,2026-08-07T17:59:02.160,0,right,470.0,470.0,371.5,469,471,3,42,126,True,True,
run_20260807_175821_881241,1132,40,2026-08-07T17:59:02.160,1,right,492.875,492.2142857142857,371.9375,491,494,4,72,210,False,True,
run_20260807_175821_881241,1132,40,2026-08-07T17:59:02.160,2,right,515.0,514.75,372.0,513,516,4,42,132,False,True,
run_20260807_175821_881241,1132,40,2026-08-07T17:59:02.160,3,right,537.0,536.95,372.0,536,538,3,42,120,False,True,
run_20260807_175821_881241,1132,40,2026-08-07T17:59:02.160,4,right,559.5,559.1485148514852,371.75,558,560,3,42,101,False,True,
run_20260807_175821_881241,1132,40,2026-08-07T17:59:02.160,5,right,582.0,581.7722772277227,372.0,581,583,3,43,101,False,True,
run_20260807_175821_881241,1132,40,2026-08-07T17:59:02.160,6,right,604.5,603.0546448087432,372.25,601,605,5,58,183,False,True,
run_20260807_175821_881241,1132,40,2026-08-07T17:59:02.160,7,right,626.0,625.8965517241379,372.0,625,627,3,43,116,False,True,
run_20260807_175821_881241,1132,40,2026-08-07T17:59:02.160,8,right,648.0,647.8130841121496,371.75,647,649,3,43,107,False,True,
run_20260807_175821_881241,1132,40,2026-08-07T17:59:02.160,9,right,670.0,669.7575757575758,372.0,669,671,3,42,99,False,True,
run_20260807_175821_881241,1132,40,2026-08-07T17:59:02.160,10,right,691.5,691.4666666666667,371.75,691,692,2,40,75,False,True,
run_20260807_175821_881241,1132,40,2026-08-07T17:59:02.160,11,right,713.5,711.9217877094972,371.75,709,714,6,45,179,False,True,
run_20260807_175821_881241,1132,40,2026-08-07T17:59:02.160,12,right,735.0,734.5045045045046,371.75,733,736,4,42,111,False,True,
run_20260807_175821_881241,1162,41,2026-08-07T17:59:03.162,12,left,8.5,8.909090909090908,371.75,8,10,3,42,110,False,True,
run_20260807_175821_881241,1162,41,2026-08-07T17:59:03.162,11,left,30.0,31.3025641025641,371.75,29,34,6,53,195,False,True,
run_20260807_175821_881241,1162,41,2026-08-07T17:59:03.162,10,left,52.0,52.08181818181818,372.0,51,53,3,40,110,False,True,
run_20260807_175821_881241,1162,41,2026-08-07T17:59:03.162,9,left,74.0,74.08490566037736,372.0,73,75,3,39,106,False,True,
run_20260807_175821_881241,1162,41,2026-08-07T17:59:03.162,8,left,96.0,96.08411214953271,372.0,95,97,3,39,107,False,True,
run_20260807_175821_881241,1162,41,2026-08-07T17:59:03.162,7,left,117.5,118.0,371.75,117,119,3,38,98,False,True,
run_20260807_175821_881241,1162,41,2026-08-07T17:59:03.162,6,left,140.0,140.99543378995435,372.25,139,144,6,69,219,False,True,
run_20260807_175821_881241,1162,41,2026-08-07T17:59:03.162,5,left,162.0,162.27868852459017,372.0,161,164,4,41,122,False,True,
run_20260807_175821_881241,1162,41,2026-08-07T17:59:03.162,4,left,184.5,184.72262773722628,371.9605263157895,183,186,4,42,137,False,True,
run_20260807_175821_881241,1162,41,2026-08-07T17:59:03.162,3,left,207.0,207.04132231404958,372.0,206,208,3,42,121,False,True,
run_20260807_175821_881241,1162,41,2026-08-07T17:59:03.162,2,left,229.0,229.05084745762713,372.0,228,230,3,42,118,False,True,
run_20260807_175821_881241,1162,41,2026-08-07T17:59:03.162,1,left,251.0,251.55940594059405,372.0,250,253,4,71,202,False,True,
run_20260807_175821_881241,1162,41,2026-08-07T17:59:03.162,0,left,273.0,273.312,371.5,272,275,4,43,125,True,True,
run_20260807_175821_881241,1162,41,2026-08-07T17:59:03.162,0,right,470.0,470.0,371.5,469,471,3,43,127,True,True,
run_20260807_175821_881241,1162,41,2026-08-07T17:59:03.162,1,right,493.0,492.22115384615387,372.0,491,494,4,70,208,False,True,
run_20260807_175821_881241,1162,41,2026-08-07T17:59:03.162,2,right,515.0,514.875,372.0,514,516,3,42,112,False,True,
run_20260807_175821_881241,1162,41,2026-08-07T17:59:03.162,3,right,537.0,536.9672131147541,372.0,536,538,3,42,122,False,True,
run_20260807_175821_881241,1162,41,2026-08-07T17:59:03.162,4,right,559.421052631579,559.171875,371.9605263157895,558,561,4,42,128,False,True,
run_20260807_175821_881241,1162,41,2026-08-07T17:59:03.162,5,right,582.0,581.6666666666666,372.0,580,583,4,43,129,False,True,
run_20260807_175821_881241,1162,41,2026-08-07T17:59:03.162,6,right,604.5,603.054347826087,372.25,601,605,5,57,184,False,True,
run_20260807_175821_881241,1162,41,2026-08-07T17:59:03.162,7,right,626.0,625.8965517241379,371.75,625,627,3,43,116,False,True,
run_20260807_175821_881241,1162,41,2026-08-07T17:59:03.162,8,right,648.0,647.8454545454546,372.0,647,649,3,43,110,False,True,
run_20260807_175821_881241,1162,41,2026-08-07T17:59:03.162,9,right,670.0,669.7525773195877,372.0,669,671,3,41,97,False,True,
run_20260807_175821_881241,1162,41,2026-08-07T17:59:03.162,10,right,692.0,691.6931818181819,372.0,691,693,3,39,88,False,True,
run_20260807_175821_881241,1162,41,2026-08-07T17:59:03.162,11,right,713.5,711.9162011173185,371.75,709,714,6,45,179,False,True,
run_20260807_175821_881241,1162,41,2026-08-07T17:59:03.162,12,right,735.0,734.5178571428571,371.75,733,736,4,42,112,False,True,
run_20260807_175821_881241,1193,42,2026-08-07T17:59:04.193,12,left,8.5,8.88888888888889,371.75,8,10,3,42,108,False,True,
run_20260807_175821_881241,1193,42,2026-08-07T17:59:04.193,11,left,30.0,31.300518134715027,371.75,29,34,6,52,193,False,True,
run_20260807_175821_881241,1193,42,2026-08-07T17:59:04.193,10,left,52.0,52.08181818181818,371.75,51,53,3,40,110,False,True,
run_20260807_175821_881241,1193,42,2026-08-07T17:59:04.193,9,left,74.0,74.08411214953271,372.0,73,75,3,39,107,False,True,
run_20260807_175821_881241,1193,42,2026-08-07T17:59:04.193,8,left,96.0,96.08411214953271,372.25,95,97,3,39,107,False,True,
run_20260807_175821_881241,1193,42,2026-08-07T17:59:04.193,7,left,117.63636363636364,118.01010101010101,371.8181818181818,117,119,3,38,99,False,True,
run_20260807_175821_881241,1193,42,2026-08-07T17:59:04.193,6,left,140.0,141.0,372.125,139,144,6,69,218,False,True,
run_20260807_175821_881241,1193,42,2026-08-07T17:59:04.193,5,left,162.0,162.38392857142858,372.0,161,164,4,39,112,False,True,
run_20260807_175821_881241,1193,42,2026-08-07T17:59:04.193,4,left,184.5,184.82828282828282,371.875,184,186,3,40,99,False,True,
run_20260807_175821_881241,1193,42,2026-08-07T17:59:04.193,3,left,207.0,207.0593220338983,372.0,206,208,3,42,118,False,True,
run_20260807_175821_881241,1193,42,2026-08-07T17:59:04.193,2,left,229.0,229.0948275862069,372.0,228,230,3,43,116,False,True,
run_20260807_175821_881241,1193,42,2026-08-07T17:59:04.193,1,left,251.0,251.57635467980296,372.0,250,253,4,71,203,False,True,
run_20260807_175821_881241,1193,42,2026-08-07T17:59:04.193,0,left,273.0,273.26190476190476,371.5,272,275,4,42,126,True,True,
run_20260807_175821_881241,1193,42,2026-08-07T17:59:04.193,0,right,470.0,470.0,371.5,469,471,3,43,127,True,True,
run_20260807_175821_881241,1193,42,2026-08-07T17:59:04.193,1,right,493.0,492.2307692307692,372.0,491,494,4,70,208,False,True,
run_20260807_175821_881241,1193,42,2026-08-07T17:59:04.193,2,right,515.0,514.6935483870968,372.0,513,516,4,42,124,False,True,
run_20260807_175821_881241,1193,42,2026-08-07T17:59:04.193,3,right,537.0,536.9672131147541,372.0,536,538,3,42,122,False,True,
run_20260807_175821_881241,1193,42,2026-08-07T17:59:04.193,4,right,559.25,559.00826446281,371.875,558,560,3,42,121,False,True,
run_20260807_175821_881241,1193,42,2026-08-07T17:59:04.193,5,right,582.0,581.5038759689922,372.0,580,583,4,42,129,False,True,
run_20260807_175821_881241,1193,42,2026-08-07T17:59:04.193,6,right,604.25,603.105527638191,372.125,601,605,5,66,199,False,True,
run_20260807_175821_881241,1193,42,2026-08-07T17:59:04.193,7,right,626.0,625.9224137931035,371.8181818181818,625,627,3,42,116,False,True,
run_20260807_175821_881241,1193,42,2026-08-07T17:59:04.193,8,right,648.5,648.1359223300971,372.25,647,649,3,43,103,False,True,
run_20260807_175821_881241,1193,42,2026-08-07T17:59:04.193,9,right,670.0,669.765306122449,372.0,669,671,3,41,98,False,True,
run_20260807_175821_881241,1193,42,2026-08-07T17:59:04.193,10,right,691.5,691.4657534246576,371.75,691,692,2,39,73,False,True,
run_20260807_175821_881241,1193,42,2026-08-07T17:59:04.193,11,right,713.5,711.938202247191,371.75,709,714,6,46,178,False,True,
run_20260807_175821_881241,1193,42,2026-08-07T17:59:04.193,12,right,735.0,734.5178571428571,371.75,733,736,4,42,112,False,True,
run_20260807_175821_881241,1224,43,2026-08-07T17:59:05.223,12,left,8.5,8.878504672897197,371.75,8,10,3,42,107,False,True,
run_20260807_175821_881241,1224,43,2026-08-07T17:59:05.223,11,left,30.0,31.29591836734694,371.5,29,34,6,53,196,False,True,
run_20260807_175821_881241,1224,43,2026-08-07T17:59:05.223,10,left,52.0,52.08181818181818,372.0,51,53,3,40,110,False,True,
run_20260807_175821_881241,1224,43,2026-08-07T17:59:05.223,9,left,74.0,74.09345794392523,372.0,73,75,3,40,107,False,True,
run_20260807_175821_881241,1224,43,2026-08-07T17:59:05.223,8,left,96.0,96.08411214953271,372.0,95,97,3,39,107,False,True,
run_20260807_175821_881241,1224,43,2026-08-07T17:59:05.223,7,left,117.5,118.0,371.75,117,119,3,38,98,False,True,
run_20260807_175821_881241,1224,43,2026-08-07T17:59:05.223,6,left,140.0,141.0045871559633,372.125,139,144,6,69,218,False,True,
run_20260807_175821_881241,1224,43,2026-08-07T17:59:05.223,5,left,162.0,162.38392857142858,372.0,161,164,4,39,112,False,True,
run_20260807_175821_881241,1224,43,2026-08-07T17:59:05.223,4,left,184.5,184.82828282828282,371.75,184,186,3,40,99,False,True,
run_20260807_175821_881241,1224,43,2026-08-07T17:59:05.223,3,left,207.0,207.05982905982907,372.0,206,208,3,42,117,False,True,
run_20260807_175821_881241,1224,43,2026-08-07T17:59:05.223,2,left,229.0,229.11607142857142,372.0,228,230,3,43,112,False,True,
run_20260807_175821_881241,1224,43,2026-08-07T17:59:05.223,1,left,251.0,251.56632653061226,372.0,250,253,4,69,196,False,True,
run_20260807_175821_881241,1224,43,2026-08-07T17:59:05.223,0,left,273.0,273.1775700934579,371.5,272,274,3,43,107,True,True,
run_20260807_175821_881241,1224,43,2026-08-07T17:59:05.223,0,right,470.0,470.0,371.5,469,471,3,43,127,True,True,
run_20260807_175821_881241,1224,43,2026-08-07T17:59:05.223,1,right,493.0,492.2248803827751,372.0,491,494,4,70,209,False,True,
run_20260807_175821_881241,1224,43,2026-08-07T17:59:05.223,2,right,515.0,514.734375,372.0,513,516,4,42,128,False,True,
run_20260807_175821_881241,1224,43,2026-08-07T17:59:05.223,3,right,537.0,536.9672131147541,372.0,536,538,3,42,122,False,True,
run_20260807_175821_881241,1224,43,2026-08-07T17:59:05.223,4,right,559.0,558.983870967742,371.75,558,560,3,42,124,False,True,
run_20260807_175821_881241,1224,43,2026-08-07T17:59:05.223,5,right,582.0,581.4883720930233,372.0,580,583,4,43,129,False,True,
run_20260807_175821_881241,1224,43,2026-08-07T17:59:05.223,6,right,604.25,603.0886699507389,372.125,601,605,5,67,203,False,True,
run_20260807_175821_881241,1224,43,2026-08-07T17:59:05.223,7,right,626.0,625.9333333333333,371.75,625,627,3,43,120,False,True,
run_20260807_175821_881241,1224,43,2026-08-07T17:59:05.223,8,right,648.0,647.8965517241379,372.0,647,649,3,43,116,False,True,
run_20260807_175821_881241,1224,43,2026-08-07T17:59:05.223,9,right,670.0,669.8518518518518,372.0,669,671,3,42,108,False,True,
run_20260807_175821_881241,1224,43,2026-08-07T17:59:05.223,10,right,692.0,691.5051546391752,372.0,690,693,4,41,97,False,True,
run_20260807_175821_881241,1224,43,2026-08-07T17:59:05.223,11,right,713.0,711.9242424242424,371.5,709,714,6,56,198,False,True,
run_20260807_175821_881241,1224,43,2026-08-07T17:59:05.223,12,right,735.0,734.5045045045046,371.75,733,736,4,42,111,False,True,
run_20260807_175821_881241,1254,44,2026-08-07T17:59:06.226,12,left,8.5,8.878504672897197,371.5,8,10,3,42,107,False,True,
run_20260807_175821_881241,1254,44,2026-08-07T17:59:06.226,11,left,30.0,31.3025641025641,371.5,29,34,6,53,195,False,True,
run_20260807_175821_881241,1254,44,2026-08-07T17:59:06.226,10,left,52.0,52.08181818181818,372.0,51,53,3,40,110,False,True,
run_20260807_175821_881241,1254,44,2026-08-07T17:59:06.226,9,left,74.0,74.07476635514018,372.0,73,75,3,39,107,False,True,
run_20260807_175821_881241,1254,44,2026-08-07T17:59:06.226,8,left,96.0,96.08411214953271,372.0,95,97,3,39,107,False,True,
run_20260807_175821_881241,1254,44,2026-08-07T17:59:06.226,7,left,117.5,118.0,371.75,117,119,3,38,98,False,True,
run_20260807_175821_881241,1254,44,2026-08-07T17:59:06.226,6,left,140.0,141.00913242009133,372.125,139,144,6,69,219,False,True,
run_20260807_175821_881241,1254,44,2026-08-07T17:59:06.226,5,left,162.0,162.17171717171718,372.0,161,163,3,39,99,False,True,
run_20260807_175821_881241,1254,44,2026-08-07T17:59:06.226,4,left,184.5,184.81632653061226,371.8269230769231,184,186,3,40,98,False,True,
run_20260807_175821_881241,1254,44,2026-08-07T17:59:06.226,3,left,207.0,207.05084745762713,372.0,206,208,3,42,118,False,True,
run_20260807_175821_881241,1254,44,2026-08-07T17:59:06.226,2,left,229.0,229.1081081081081,372.0,228,230,3,42,111,False,True,
run_20260807_175821_881241,1254,44,2026-08-07T17:59:06.226,1,left,251.0,251.56410256410257,372.0,250,253,4,68,195,False,True,
run_20260807_175821_881241,1254,44,2026-08-07T17:59:06.226,0,left,273.0,273.188679245283,371.5,272,274,3,43,106,True,True,
run_20260807_175821_881241,1254,44,2026-08-07T17:59:06.226,0,right,470.0,470.0,371.5,469,471,3,42,126,True,True,
run_20260807_175821_881241,1254,44,2026-08-07T17:59:06.226,1,right,493.0,492.2307692307692,372.0,491,494,4,70,208,False,True,
run_20260807_175821_881241,1254,44,2026-08-07T17:59:06.226,2,right,515.0,514.6935483870968,372.0,513,516,4,42,124,False,True,
run_20260807_175821_881241,1254,44,2026-08-07T17:59:06.226,3,right,537.0,536.9672131147541,372.0,536,538,3,42,122,False,True,
run_20260807_175821_881241,1254,44,2026-08-07T17:59:06.226,4,right,559.1538461538462,559.0,371.8269230769231,558,560,3,42,122,False,True,
run_20260807_175821_881241,1254,44,2026-08-07T17:59:06.226,5,right,582.0,581.4538461538461,372.0,580,583,4,43,130,False,True,
run_20260807_175821_881241,1254,44,2026-08-07T17:59:06.226,6,right,604.25,603.0882352941177,372.125,601,605,5,68,204,False,True,
run_20260807_175821_881241,1254,44,2026-08-07T17:59:06.226,7,right,626.0,625.9333333333333,371.75,625,627,3,43,120,False,True,
run_20260807_175821_881241,1254,44,2026-08-07T17:59:06.226,8,right,648.0,647.8869565217391,372.0,647,649,3,43,115,False,True,
run_20260807_175821_881241,1254,44,2026-08-07T17:59:06.226,9,right,670.0,669.6639344262295,372.0,668,671,4,43,122,False,True,
run_20260807_175821_881241,1254,44,2026-08-07T17:59:06.226,10,right,692.0,691.5123966942149,372.0,690,693,4,41,121,False,True,
run_20260807_175821_881241,1254,44,2026-08-07T17:59:06.226,11,right,713.0,711.9739583333334,371.5,709,714,6,55,192,False,True,
run_20260807_175821_881241,1254,44,2026-08-07T17:59:06.226,12,right,734.5,734.4939759036145,371.5,734,735,2,42,83,False,True,
run_20260807_175821_881241,1282,45,2026-08-07T17:59:07.260,12,left,8.5,8.878504672897197,371.75,8,10,3,42,107,False,True,
run_20260807_175821_881241,1282,45,2026-08-07T17:59:07.260,11,left,30.0,31.297435897435896,371.5,29,34,6,52,195,False,True,
run_20260807_175821_881241,1282,45,2026-08-07T17:59:07.260,10,left,52.0,52.08181818181818,372.0,51,53,3,40,110,False,True,
run_20260807_175821_881241,1282,45,2026-08-07T17:59:07.260,9,left,74.0,74.08490566037736,372.0,73,75,3,39,106,False,True,
run_20260807_175821_881241,1282,45,2026-08-07T17:59:07.260,8,left,96.0,96.08411214953271,372.0,95,97,3,39,107,False,True,
run_20260807_175821_881241,1282,45,2026-08-07T17:59:07.260,7,left,117.5,117.98969072164948,371.75,117,119,3,38,97,False,True,
run_20260807_175821_881241,1282,45,2026-08-07T17:59:07.260,6,left,140.0,141.0045871559633,372.125,139,144,6,69,218,False,True,
run_20260807_175821_881241,1282,45,2026-08-07T17:59:07.260,5,left,162.0,162.38392857142858,372.0,161,164,4,39,112,False,True,
run_20260807_175821_881241,1282,45,2026-08-07T17:59:07.260,4,left,184.5,184.81632653061226,371.75,184,186,3,40,98,False,True,
run_20260807_175821_881241,1282,45,2026-08-07T17:59:07.260,3,left,207.0,207.05982905982907,372.0,206,208,3,42,117,False,True,
run_20260807_175821_881241,1282,45,2026-08-07T17:59:07.260,2,left,229.0,229.1081081081081,372.0,228,230,3,42,111,False,True,
run_20260807_175821_881241,1282,45,2026-08-07T17:59:07.260,1,left,251.0,251.5612244897959,372.0,250,253,4,68,196,False,True,
run_20260807_175821_881241,1282,45,2026-08-07T17:59:07.260,0,left,273.0,273.1454545454545,371.5,272,274,3,43,110,True,True,
run_20260807_175821_881241,1282,45,2026-08-07T17:59:07.260,0,right,470.0,470.0,371.5,469,471,3,43,127,True,True,
run_20260807_175821_881241,1282,45,2026-08-07T17:59:07.260,1,right,493.0,492.2190476190476,372.0,491,494,4,70,210,False,True,
run_20260807_175821_881241,1282,45,2026-08-07T17:59:07.260,2,right,515.0,514.875,372.0,514,516,3,42,112,False,True,
run_20260807_175821_881241,1282,45,2026-08-07T17:59:07.260,3,right,537.0,536.9672131147541,372.0,536,538,3,42,122,False,True,
run_20260807_175821_881241,1282,45,2026-08-07T17:59:07.260,4,right,559.0,558.983870967742,371.75,558,560,3,42,124,False,True,
run_20260807_175821_881241,1282,45,2026-08-07T17:59:07.260,5,right,582.0,581.4765625,372.0,580,583,4,43,128,False,True,
run_20260807_175821_881241,1282,45,2026-08-07T17:59:07.260,6,right,604.25,603.0882352941177,372.125,601,605,5,68,204,False,True,
run_20260807_175821_881241,1282,45,2026-08-07T17:59:07.260,7,right,626.0,625.9421487603306,371.75,625,627,3,43,121,False,True,
run_20260807_175821_881241,1282,45,2026-08-07T17:59:07.260,8,right,648.0,647.8771929824561,372.0,647,649,3,43,114,False,True,
run_20260807_175821_881241,1282,45,2026-08-07T17:59:07.260,9,right,670.0,669.6416666666667,372.0,668,671,4,43,120,False,True,
run_20260807_175821_881241,1282,45,2026-08-07T17:59:07.260,10,right,692.0,691.4958677685951,372.0,690,693,4,42,121,False,True,
run_20260807_175821_881241,1282,45,2026-08-07T17:59:07.260,11,right,713.0,712.1666666666666,371.5,710,714,5,53,186,False,True,
run_20260807_175821_881241,1282,45,2026-08-07T17:59:07.260,12,right,735.0,734.6065573770492,371.75,733,736,4,41,122,False,True,
run_20260807_175821_881241,1313,46,2026-08-07T17:59:08.290,12,left,8.5,8.878504672897197,371.75,8,10,3,42,107,False,True,
run_20260807_175821_881241,1313,46,2026-08-07T17:59:08.290,11,left,30.0,31.310880829015545,371.5,29,34,6,53,193,False,True,
run_20260807_175821_881241,1313,46,2026-08-07T17:59:08.290,10,left,52.0,52.08181818181818,372.0,51,53,3,40,110,False,True,
run_20260807_175821_881241,1313,46,2026-08-07T17:59:08.290,9,left,74.0,74.08411214953271,372.0,73,75,3,39,107,False,True,
run_20260807_175821_881241,1313,46,2026-08-07T17:59:08.290,8,left,96.0,96.08411214953271,372.0,95,97,3,39,107,False,True,
run_20260807_175821_881241,1313,46,2026-08-07T17:59:08.290,7,left,117.5,118.01010101010101,371.75,117,119,3,38,99,False,True,
run_20260807_175821_881241,1313,46,2026-08-07T17:59:08.290,6,left,140.0,141.0,372.125,139,144,6,69,220,False,True,
run_20260807_175821_881241,1313,46,2026-08-07T17:59:08.290,5,left,162.0,162.38392857142858,372.0,161,164,4,39,112,False,True,
run_20260807_175821_881241,1313,46,2026-08-07T17:59:08.290,4,left,184.5,184.8041237113402,371.75,184,186,3,40,97,False,True,
run_20260807_175821_881241,1313,46,2026-08-07T17:59:08.290,3,left,207.0,207.05982905982907,372.0,206,208,3,42,117,False,True,
run_20260807_175821_881241,1313,46,2026-08-07T17:59:08.290,2,left,229.0,229.1081081081081,372.0,228,230,3,42,111,False,True,
run_20260807_175821_881241,1313,46,2026-08-07T17:59:08.290,1,left,251.0,251.56345177664974,372.0,250,253,4,69,197,False,True,
run_20260807_175821_881241,1313,46,2026-08-07T17:59:08.290,0,left,273.0,273.1666666666667,371.5,272,274,3,43,108,True,True,
run_20260807_175821_881241,1313,46,2026-08-07T17:59:08.290,0,right,470.0,470.0,371.5,469,471,3,43,127,True,True,
run_20260807_175821_881241,1313,46,2026-08-07T17:59:08.290,1,right,493.0,492.21634615384613,372.0,491,494,4,70,208,False,True,
run_20260807_175821_881241,1313,46,2026-08-07T17:59:08.290,2,right,515.0,514.704,372.0,513,516,4,42,125,False,True,
run_20260807_175821_881241,1313,46,2026-08-07T17:59:08.290,3,right,537.0,536.9672131147541,372.0,536,538,3,42,122,False,True,
run_20260807_175821_881241,1313,46,2026-08-07T17:59:08.290,4,right,559.0,558.983870967742,371.75,558,560,3,42,124,False,True,
run_20260807_175821_881241,1313,46,2026-08-07T17:59:08.290,5,right,582.0,581.4651162790698,372.0,580,583,4,43,129,False,True,
run_20260807_175821_881241,1313,46,2026-08-07T17:59:08.290,6,right,604.25,602.9078341013825,372.125,600,605,6,68,217,False,True,
run_20260807_175821_881241,1313,46,2026-08-07T17:59:08.290,7,right,626.0,625.9333333333333,371.75,625,627,3,43,120,False,True,
run_20260807_175821_881241,1313,46,2026-08-07T17:59:08.290,8,right,648.0,647.8771929824561,372.0,647,649,3,43,114,False,True,
run_20260807_175821_881241,1313,46,2026-08-07T17:59:08.290,9,right,670.0,669.6302521008404,372.0,668,671,4,43,119,False,True,
run_20260807_175821_881241,1313,46,2026-08-07T17:59:08.290,10,right,692.0,691.5081967213115,372.0,690,693,4,42,122,False,True,
run_20260807_175821_881241,1313,46,2026-08-07T17:59:08.290,11,right,713.0,711.989898989899,371.5,709,714,6,54,198,False,True,
run_20260807_175821_881241,1313,46,2026-08-07T17:59:08.290,12,right,735.0,734.546218487395,371.75,733,736,4,42,119,False,True,
run_20260807_175821_881241,1343,47,2026-08-07T17:59:09.291,12,left,8.5,8.87037037037037,371.75,8,10,3,42,108,False,True,
run_20260807_175821_881241,1343,47,2026-08-07T17:59:09.291,11,left,30.0,31.303030303030305,371.5,29,34,6,53,198,False,True,
run_20260807_175821_881241,1343,47,2026-08-07T17:59:09.291,10,left,52.0,52.08181818181818,372.0,51,53,3,40,110,False,True,
run_20260807_175821_881241,1343,47,2026-08-07T17:59:09.291,9,left,74.0,74.08411214953271,372.0,73,75,3,39,107,False,True,
run_20260807_175821_881241,1343,47,2026-08-07T17:59:09.291,8,left,96.0,96.08411214953271,372.0,95,97,3,39,107,False,True,
run_20260807_175821_881241,1343,47,2026-08-07T17:59:09.291,7,left,117.63636363636364,118.0,371.8181818181818,117,119,3,38,98,False,True,
run_20260807_175821_881241,1343,47,2026-08-07T17:59:09.291,6,left,140.0,140.99543378995435,372.125,139,144,6,69,219,False,True,
run_20260807_175821_881241,1343,47,2026-08-07T17:59:09.291,5,left,162.0,162.34782608695653,372.0,161,164,4,39,115,False,True,
run_20260807_175821_881241,1343,47,2026-08-07T17:59:09.291,4,left,184.5,184.82828282828282,371.875,184,186,3,40,99,False,True,
run_20260807_175821_881241,1343,47,2026-08-07T17:59:09.291,3,left,207.0,207.05982905982907,372.0,206,208,3,42,117,False,True,
run_20260807_175821_881241,1343,47,2026-08-07T17:59:09.291,2,left,229.0,229.1081081081081,372.0,228,230,3,42,111,False,True,
run_20260807_175821_881241,1343,47,2026-08-07T17:59:09.291,1,left,251.0,251.56345177664974,371.9375,250,253,4,69,197,False,True,
run_20260807_175821_881241,1343,47,2026-08-07T17:59:09.291,0,left,273.0,273.188679245283,371.5,272,274,3,43,106,True,True,
run_20260807_175821_881241,1343,47,2026-08-07T17:59:09.291,0,right,470.0,470.0,371.5,469,471,3,43,127,True,True,
run_20260807_175821_881241,1343,47,2026-08-07T17:59:09.291,1,right,492.875,492.2047619047619,371.9375,491,494,4,70,210,False,True,
run_20260807_175821_881241,1343,47,2026-08-07T17:59:09.291,2,right,515.0,514.7209302325581,372.0,513,516,4,42,129,False,True,
run_20260807_175821_881241,1343,47,2026-08-07T17:59:09.291,3,right,537.0,536.9672131147541,372.0,536,538,3,42,122,False,True,
run_20260807_175821_881241,1343,47,2026-08-07T17:59:09.291,4,right,559.25,559.00826446281,371.875,558,560,3,42,121,False,True,
run_20260807_175821_881241,1343,47,2026-08-07T17:59:09.291,5,right,582.0,581.4651162790698,372.0,580,583,4,43,129,False,True,
run_20260807_175821_881241,1343,47,2026-08-07T17:59:09.291,6,right,604.25,603.0886699507389,372.125,601,605,5,67,203,False,True,
run_20260807_175821_881241,1343,47,2026-08-07T17:59:09.291,7,right,626.0,625.9421487603306,371.8181818181818,625,627,3,43,121,False,True,
run_20260807_175821_881241,1343,47,2026-08-07T17:59:09.291,8,right,648.0,647.8771929824561,372.0,647,649,3,43,114,False,True,
run_20260807_175821_881241,1343,47,2026-08-07T17:59:09.291,9,right,670.0,669.6302521008404,372.0,668,671,4,43,119,False,True,
run_20260807_175821_881241,1343,47,2026-08-07T17:59:09.291,10,right,692.0,691.4958677685951,372.0,690,693,4,42,121,False,True,
run_20260807_175821_881241,1343,47,2026-08-07T17:59:09.291,11,right,713.0,711.989898989899,371.5,709,714,6,54,198,False,True,
run_20260807_175821_881241,1343,47,2026-08-07T17:59:09.291,12,right,735.0,734.5702479338843,371.75,733,736,4,42,121,False,True,
run_20260807_175821_881241,1374,48,2026-08-07T17:59:10.327,12,left,8.5,8.876190476190477,371.75,8,10,3,42,105,False,True,
run_20260807_175821_881241,1374,48,2026-08-07T17:59:10.327,11,left,30.0,31.302083333333332,371.5769230769231,29,34,6,53,192,False,True,
run_20260807_175821_881241,1374,48,2026-08-07T17:59:10.327,10,left,52.0,52.091743119266056,372.0,51,53,3,40,109,False,True,
run_20260807_175821_881241,1374,48,2026-08-07T17:59:10.327,9,left,74.0,74.08490566037736,372.0,73,75,3,39,106,False,True,
run_20260807_175821_881241,1374,48,2026-08-07T17:59:10.327,8,left,96.0,96.08411214953271,372.0,95,97,3,39,107,False,True,
run_20260807_175821_881241,1374,48,2026-08-07T17:59:10.327,7,left,117.5,117.98969072164948,371.75,117,119,3,38,97,False,True,
run_20260807_175821_881241,1374,48,2026-08-07T17:59:10.327,6,left,139.84615384615384,140.9953488372093,372.0480769230769,139,144,6,67,215,False,True,
run_20260807_175821_881241,1374,48,2026-08-07T17:59:10.327,5,left,162.0,162.33333333333334,372.0,161,164,4,39,114,False,True,
run_20260807_175821_881241,1374,48,2026-08-07T17:59:10.327,4,left,184.5,184.8041237113402,372.0,184,186,3,40,97,False,True,
run_20260807_175821_881241,1374,48,2026-08-07T17:59:10.327,3,left,207.0,207.05982905982907,372.0,206,208,3,42,117,False,True,
run_20260807_175821_881241,1374,48,2026-08-07T17:59:10.327,2,left,229.0,229.11818181818182,372.0,228,230,3,42,110,False,True,
run_20260807_175821_881241,1374,48,2026-08-07T17:59:10.327,1,left,251.0,251.57435897435897,372.0,250,253,4,69,195,False,True,
run_20260807_175821_881241,1374,48,2026-08-07T17:59:10.327,0,left,273.0,273.1904761904762,371.5,272,274,3,43,105,True,True,
run_20260807_175821_881241,1374,48,2026-08-07T17:59:10.327,0,right,470.0,470.0,371.5,469,471,3,43,127,True,True,
run_20260807_175821_881241,1374,48,2026-08-07T17:59:10.327,1,right,493.0,492.23414634146343,372.0,491,494,4,70,205,False,True,
run_20260807_175821_881241,1374,48,2026-08-07T17:59:10.327,2,right,515.0,514.6935483870968,372.0,513,516,4,42,124,False,True,
run_20260807_175821_881241,1374,48,2026-08-07T17:59:10.327,3,right,537.0,536.9586776859504,372.0,536,538,3,42,121,False,True,
run_20260807_175821_881241,1374,48,2026-08-07T17:59:10.327,4,right,559.5,559.0338983050848,372.0,558,560,3,42,118,False,True,
run_20260807_175821_881241,1374,48,2026-08-07T17:59:10.327,5,right,582.0,581.488188976378,372.0,580,583,4,43,127,False,True,
run_20260807_175821_881241,1374,48,2026-08-07T17:59:10.327,6,right,604.25,603.0886699507389,372.0480769230769,601,605,5,67,203,False,True,
run_20260807_175821_881241,1374,48,2026-08-07T17:59:10.327,7,right,626.0,625.9333333333333,371.75,625,627,3,43,120,False,True,
run_20260807_175821_881241,1374,48,2026-08-07T17:59:10.327,8,right,648.0,647.8672566371681,372.0,647,649,3,43,113,False,True,
run_20260807_175821_881241,1374,48,2026-08-07T17:59:10.327,9,right,670.0,669.6186440677966,372.0,668,671,4,43,118,False,True,
run_20260807_175821_881241,1374,48,2026-08-07T17:59:10.327,10,right,692.0,691.4833333333333,372.0,690,693,4,42,120,False,True,
run_20260807_175821_881241,1374,48,2026-08-07T17:59:10.327,11,right,713.1538461538462,711.9897435897436,371.5769230769231,709,714,6,51,195,False,True,
run_20260807_175821_881241,1374,48,2026-08-07T17:59:10.327,12,right,735.0,734.5172413793103,371.75,733,736,4,42,116,False,True,
run_20260807_175821_881241,1405,49,2026-08-07T17:59:11.356,12,left,8.5,8.867924528301886,371.75,8,10,3,42,106,False,True,
run_20260807_175821_881241,1405,49,2026-08-07T17:59:11.356,11,left,30.0,31.319371727748692,371.5,29,34,6,53,191,False,True,
run_20260807_175821_881241,1405,49,2026-08-07T17:59:11.356,10,left,52.0,52.08181818181818,372.0,51,53,3,40,110,False,True,
run_20260807_175821_881241,1405,49,2026-08-07T17:59:11.356,9,left,74.0,74.08490566037736,372.0,73,75,3,39,106,False,True,
run_20260807_175821_881241,1405,49,2026-08-07T17:59:11.356,8,left,96.0,96.08411214953271,372.0,95,97,3,39,107,False,True,
run_20260807_175821_881241,1405,49,2026-08-07T17:59:11.356,7,left,117.5,117.97916666666667,371.75,117,119,3,38,96,False,True,
run_20260807_175821_881241,1405,49,2026-08-07T17:59:11.356,6,left,139.92857142857142,140.9953488372093,372.0892857142857,139,144,6,67,215,False,True,
run_20260807_175821_881241,1405,49,2026-08-07T17:59:11.356,5,left,162.0,162.36936936936937,372.0,161,164,4,39,111,False,True,
run_20260807_175821_881241,1405,49,2026-08-07T17:59:11.356,4,left,184.5,184.8041237113402,372.0,184,186,3,40,97,False,True,
run_20260807_175821_881241,1405,49,2026-08-07T17:59:11.356,3,left,207.0,207.05982905982907,372.0,206,208,3,42,117,False,True,
run_20260807_175821_881241,1405,49,2026-08-07T17:59:11.356,2,left,229.0,229.1081081081081,372.0,228,230,3,42,111,False,True,
run_20260807_175821_881241,1405,49,2026-08-07T17:59:11.356,1,left,251.0,251.5721649484536,372.0,250,253,4,68,194,False,True,
run_20260807_175821_881241,1405,49,2026-08-07T17:59:11.356,0,left,273.0,273.188679245283,371.5,272,274,3,43,106,True,True,
run_20260807_175821_881241,1405,49,2026-08-07T17:59:11.356,0,right,470.0,470.0,371.5,469,471,3,43,127,True,True,
run_20260807_175821_881241,1405,49,2026-08-07T17:59:11.356,1,right,493.0,492.22222222222223,372.0,491,494,4,70,207,False,True,
run_20260807_175821_881241,1405,49,2026-08-07T17:59:11.356,2,right,515.0,514.8648648648649,372.0,514,516,3,42,111,False,True,
run_20260807_175821_881241,1405,49,2026-08-07T17:59:11.356,3,right,537.0,536.9586776859504,372.0,536,538,3,42,121,False,True,
run_20260807_175821_881241,1405,49,2026-08-07T17:59:11.356,4,right,559.5,559.0252100840336,372.0,558,560,3,42,119,False,True,
run_20260807_175821_881241,1405,49,2026-08-07T17:59:11.356,5,right,582.0,581.4765625,372.0,580,583,4,43,128,False,True,
run_20260807_175821_881241,1405,49,2026-08-07T17:59:11.356,6,right,604.25,603.0886699507389,372.0892857142857,601,605,5,67,203,False,True,
run_20260807_175821_881241,1405,49,2026-08-07T17:59:11.356,7,right,626.0,625.9059829059829,371.75,625,627,3,43,117,False,True,
run_20260807_175821_881241,1405,49,2026-08-07T17:59:11.356,8,right,648.0,647.8771929824561,372.0,647,649,3,43,114,False,True,
run_20260807_175821_881241,1405,49,2026-08-07T17:59:11.356,9,right,670.0,669.5948275862069,372.0,668,671,4,43,116,False,True,
run_20260807_175821_881241,1405,49,2026-08-07T17:59:11.356,10,right,692.0,691.5344827586207,372.0,690,693,4,42,116,False,True,
run_20260807_175821_881241,1405,49,2026-08-07T17:59:11.356,11,right,713.0,711.989898989899,371.5,709,714,6,54,198,False,True,
run_20260807_175821_881241,1405,49,2026-08-07T17:59:11.356,12,right,735.0,734.5299145299145,371.75,733,736,4,42,117,False,True,
run_20260807_175821_881241,1435,50,2026-08-07T17:59:12.359,12,left,8.5,8.857142857142858,371.75,8,10,3,42,105,False,True,
run_20260807_175821_881241,1435,50,2026-08-07T17:59:12.359,11,left,30.0,31.28125,371.5,29,34,6,53,192,False,True,
run_20260807_175821_881241,1435,50,2026-08-07T17:59:12.359,10,left,52.0,52.07339449541284,372.0,51,53,3,39,109,False,True,
run_20260807_175821_881241,1435,50,2026-08-07T17:59:12.359,9,left,74.0,74.08490566037736,372.0,73,75,3,39,106,False,True,
run_20260807_175821_881241,1435,50,2026-08-07T17:59:12.359,8,left,96.0,96.08411214953271,372.0,95,97,3,39,107,False,True,
run_20260807_175821_881241,1435,50,2026-08-07T17:59:12.359,7,left,117.5,117.96842105263158,371.75,117,119,3,38,95,False,True,
run_20260807_175821_881241,1435,50,2026-08-07T17:59:12.359,6,left,140.0,140.99539170506912,372.125,139,144,6,69,217,False,True,
run_20260807_175821_881241,1435,50,2026-08-07T17:59:12.359,5,left,162.0,162.17171717171718,372.0,161,163,3,39,99,False,True,
run_20260807_175821_881241,1435,50,2026-08-07T17:59:12.359,4,left,184.5,184.82474226804123,372.0,184,186,3,40,97,False,True,
run_20260807_175821_881241,1435,50,2026-08-07T17:59:12.359,3,left,207.0,207.05982905982907,372.0,206,208,3,42,117,False,True,
run_20260807_175821_881241,1435,50,2026-08-07T17:59:12.359,2,left,229.0,229.11818181818182,372.0,228,230,3,42,110,False,True,
run_20260807_175821_881241,1435,50,2026-08-07T17:59:12.359,1,left,251.0,251.57435897435897,372.0,250,253,4,69,195,False,True,
run_20260807_175821_881241,1435,50,2026-08-07T17:59:12.359,0,left,273.0,273.2019230769231,371.5,272,274,3,43,104,True,True,
run_20260807_175821_881241,1435,50,2026-08-07T17:59:12.359,0,right,470.0,470.0,371.5,469,471,3,43,127,True,True,
run_20260807_175821_881241,1435,50,2026-08-07T17:59:12.359,1,right,493.0,492.2401960784314,372.0,491,494,4,70,204,False,True,
run_20260807_175821_881241,1435,50,2026-08-07T17:59:12.359,2,right,515.0,514.875,372.0,514,516,3,42,112,False,True,
run_20260807_175821_881241,1435,50,2026-08-07T17:59:12.359,3,right,537.0,536.9586776859504,372.0,536,538,3,42,121,False,True,
run_20260807_175821_881241,1435,50,2026-08-07T17:59:12.359,4,right,559.5,559.0169491525423,372.0,558,560,3,42,118,False,True,
run_20260807_175821_881241,1435,50,2026-08-07T17:59:12.359,5,right,582.0,581.4765625,372.0,580,583,4,43,128,False,True,
run_20260807_175821_881241,1435,50,2026-08-07T17:59:12.359,6,right,604.25,602.9065420560747,372.125,600,605,6,67,214,False,True,
run_20260807_175821_881241,1435,50,2026-08-07T17:59:12.359,7,right,626.0,625.9333333333333,371.75,625,627,3,43,120,False,True,
run_20260807_175821_881241,1435,50,2026-08-07T17:59:12.359,8,right,648.0,647.8672566371681,372.0,647,649,3,43,113,False,True,
run_20260807_175821_881241,1435,50,2026-08-07T17:59:12.359,9,right,670.0,669.6068376068376,372.0,668,671,4,43,117,False,True,
run_20260807_175821_881241,1435,50,2026-08-07T17:59:12.359,10,right,692.0,691.4833333333333,372.0,690,693,4,42,120,False,True,
run_20260807_175821_881241,1435,50,2026-08-07T17:59:12.359,11,right,713.0,711.9796954314721,371.5,709,714,6,54,197,False,True,
run_20260807_175821_881241,1435,50,2026-08-07T17:59:12.359,12,right,735.0,734.5043478260869,371.75,733,736,4,42,115,False,True,
run_20260807_175821_881241,1455,51,2026-08-07T17:59:13.360,12,left,8.5,8.878504672897197,371.75,8,10,3,42,107,False,True,
run_20260807_175821_881241,1455,51,2026-08-07T17:59:13.360,11,left,30.0,31.28421052631579,371.5,29,34,6,53,190,False,True,
run_20260807_175821_881241,1455,51,2026-08-07T17:59:13.360,10,left,52.0,52.08181818181818,372.0,51,53,3,40,110,False,True,
run_20260807_175821_881241,1455,51,2026-08-07T17:59:13.360,9,left,74.0,74.08490566037736,372.0,73,75,3,39,106,False,True,
run_20260807_175821_881241,1455,51,2026-08-07T17:59:13.360,8,left,95.75,96.04854368932038,371.875,95,97,3,38,103,False,True,
run_20260807_175821_881241,1455,51,2026-08-07T17:59:13.360,7,left,117.5,117.95744680851064,371.75,117,119,3,38,94,False,True,
run_20260807_175821_881241,1455,51,2026-08-07T17:59:13.360,6,left,140.0,140.99539170506912,372.125,139,144,6,69,217,False,True,
run_20260807_175821_881241,1455,51,2026-08-07T17:59:13.360,5,left,162.0,162.17171717171718,372.0,161,163,3,39,99,False,True,
run_20260807_175821_881241,1455,51,2026-08-07T17:59:13.360,4,left,184.5,184.82474226804123,372.0,184,186,3,40,97,False,True,
run_20260807_175821_881241,1455,51,2026-08-07T17:59:13.360,3,left,207.0,207.05982905982907,372.0,206,208,3,42,117,False,True,
run_20260807_175821_881241,1455,51,2026-08-07T17:59:13.360,2,left,229.0,229.11818181818182,372.0,228,230,3,42,110,False,True,
run_20260807_175821_881241,1455,51,2026-08-07T17:59:13.360,1,left,251.0,251.5721649484536,372.0,250,253,4,68,194,False,True,
run_20260807_175821_881241,1455,51,2026-08-07T17:59:13.360,0,left,273.0,273.2019230769231,371.5,272,274,3,43,104,True,True,
run_20260807_175821_881241,1455,51,2026-08-07T17:59:13.360,0,right,470.0,470.0,371.5,469,471,3,43,127,True,True,
run_20260807_175821_881241,1455,51,2026-08-07T17:59:13.360,1,right,493.0,492.2401960784314,372.0,491,494,4,70,204,False,True,
run_20260807_175821_881241,1455,51,2026-08-07T17:59:13.360,2,right,515.0,514.875,372.0,514,516,3,42,112,False,True,
run_20260807_175821_881241,1455,51,2026-08-07T17:59:13.360,3,right,537.0,536.9586776859504,372.0,536,538,3,42,121,False,True,
run_20260807_175821_881241,1455,51,2026-08-07T17:59:13.360,4,right,559.5,559.0169491525423,372.0,558,560,3,42,118,False,True,
run_20260807_175821_881241,1455,51,2026-08-07T17:59:13.360,5,right,582.0,581.4765625,372.0,580,583,4,43,128,False,True,
run_20260807_175821_881241,1455,51,2026-08-07T17:59:13.360,6,right,604.25,603.0886699507389,372.125,601,605,5,67,203,False,True,
run_20260807_175821_881241,1455,51,2026-08-07T17:59:13.360,7,right,626.0,625.9333333333333,371.75,625,627,3,43,120,False,True,
run_20260807_175821_881241,1455,51,2026-08-07T17:59:13.360,8,right,648.0,647.8771929824561,371.875,647,649,3,43,114,False,True,
run_20260807_175821_881241,1455,51,2026-08-07T17:59:13.360,9,right,670.0,669.6068376068376,372.0,668,671,4,43,117,False,True,
run_20260807_175821_881241,1455,51,2026-08-07T17:59:13.360,10,right,692.0,691.4957983193277,372.0,690,693,4,42,119,False,True,
run_20260807_175821_881241,1455,51,2026-08-07T17:59:13.360,11,right,713.0,711.9897959183673,371.5,709,714,6,54,196,False,True,
run_20260807_175821_881241,1455,51,2026-08-07T17:59:13.360,12,right,735.0,734.542372881356,371.75,733,736,4,42,118,False,True,
run_20260807_175821_881241,1486,52,2026-08-07T17:59:14.398,12,left,8.5,8.857142857142858,371.75,8,10,3,42,105,False,True,
run_20260807_175821_881241,1486,52,2026-08-07T17:59:14.398,11,left,30.0,31.286458333333332,371.5769230769231,29,34,6,53,192,False,True,
run_20260807_175821_881241,1486,52,2026-08-07T17:59:14.398,10,left,52.0,52.08181818181818,372.0,51,53,3,40,110,False,True,
run_20260807_175821_881241,1486,52,2026-08-07T17:59:14.398,9,left,74.0,74.08490566037736,372.0,73,75,3,39,106,False,True,
run_20260807_175821_881241,1486,52,2026-08-07T17:59:14.398,8,left,95.5,96.01010101010101,371.75,95,97,3,38,99,False,True,
run_20260807_175821_881241,1486,52,2026-08-07T17:59:14.398,7,left,117.5,117.94623655913979,371.75,117,119,3,38,93,False,True,
run_20260807_175821_881241,1486,52,2026-08-07T17:59:14.398,6,left,139.84615384615384,140.99530516431926,372.0480769230769,139,144,6,65,213,False,True,
run_20260807_175821_881241,1486,52,2026-08-07T17:59:14.398,5,left,162.0,162.17171717171718,372.0,161,163,3,39,99,False,True,
run_20260807_175821_881241,1486,52,2026-08-07T17:59:14.398,4,left,184.5,184.8125,372.0,184,186,3,40,96,False,True,
run_20260807_175821_881241,1486,52,2026-08-07T17:59:14.398,3,left,207.0,207.05982905982907,372.0,206,208,3,42,117,False,True,
run_20260807_175821_881241,1486,52,2026-08-07T17:59:14.398,2,left,229.0,229.1081081081081,372.0,228,230,3,42,111,False,True,
run_20260807_175821_881241,1486,52,2026-08-07T17:59:14.398,1,left,251.0,251.57435897435897,372.0,250,253,4,69,195,False,True,
run_20260807_175821_881241,1486,52,2026-08-07T17:59:14.398,0,left,273.0,273.22549019607845,371.5,272,274,3,43,102,True,True,
run_20260807_175821_881241,1486,52,2026-08-07T17:59:14.398,0,right,470.0,470.0,371.5,469,471,3,43,127,True,True,
run_20260807_175821_881241,1486,52,2026-08-07T17:59:14.398,1,right,493.0,492.2587064676617,372.0,491,494,4,70,201,False,True,
run_20260807_175821_881241,1486,52,2026-08-07T17:59:14.398,2,right,515.0,514.875,372.0,514,516,3,42,112,False,True,
run_20260807_175821_881241,1486,52,2026-08-07T17:59:14.398,3,right,537.0,536.9586776859504,372.0,536,538,3,42,121,False,True,
run_20260807_175821_881241,1486,52,2026-08-07T17:59:14.398,4,right,559.5,559.0172413793103,372.0,558,560,3,42,116,False,True,
run_20260807_175821_881241,1486,52,2026-08-07T17:59:14.398,5,right,582.0,581.4765625,372.0,580,583,4,43,128,False,True,
run_20260807_175821_881241,1486,52,2026-08-07T17:59:14.398,6,right,604.25,603.0886699507389,372.0480769230769,601,605,5,67,203,False,True,
run_20260807_175821_881241,1486,52,2026-08-07T17:59:14.398,7,right,626.0,625.9333333333333,371.75,625,627,3,43,120,False,True,
run_20260807_175821_881241,1486,52,2026-08-07T17:59:14.398,8,right,648.0,647.8672566371681,371.75,647,649,3,43,113,False,True,
run_20260807_175821_881241,1486,52,2026-08-07T17:59:14.398,9,right,670.0,669.7788461538462,372.0,669,671,3,43,104,False,True,
run_20260807_175821_881241,1486,52,2026-08-07T17:59:14.398,10,right,692.0,691.4833333333333,372.0,690,693,4,42,120,False,True,
run_20260807_175821_881241,1486,52,2026-08-07T17:59:14.398,11,right,713.1538461538462,711.9641025641025,371.5769230769231,709,714,6,52,195,False,True,
run_20260807_175821_881241,1486,52,2026-08-07T17:59:14.398,12,right,735.0,734.5666666666667,371.75,733,736,4,42,120,False,True,
run_20260807_175821_881241,1516,53,2026-08-07T17:59:15.421,12,left,8.5,8.857142857142858,371.75,8,10,3,42,105,False,True,
run_20260807_175821_881241,1516,53,2026-08-07T17:59:15.421,11,left,30.0,31.286458333333332,371.5,29,34,6,52,192,False,True,
run_20260807_175821_881241,1516,53,2026-08-07T17:59:15.421,10,left,52.0,52.091743119266056,372.0,51,53,3,40,109,False,True,
run_20260807_175821_881241,1516,53,2026-08-07T17:59:15.421,9,left,73.84615384615384,74.0673076923077,371.9230769230769,73,75,3,37,104,False,True,
run_20260807_175821_881241,1516,53,2026-08-07T17:59:15.421,8,left,95.63636363636364,96.02970297029702,371.8181818181818,95,97,3,38,101,False,True,
run_20260807_175821_881241,1516,53,2026-08-07T17:59:15.421,7,left,117.5,117.96842105263158,371.75,117,119,3,38,95,False,True,
run_20260807_175821_881241,1516,53,2026-08-07T17:59:15.421,6,left,139.84615384615384,141.0,372.0480769230769,139,144,6,65,213,False,True,
run_20260807_175821_881241,1516,53,2026-08-07T17:59:15.421,5,left,162.0,162.17171717171718,372.0,161,163,3,39,99,False,True,
run_20260807_175821_881241,1516,53,2026-08-07T17:59:15.421,4,left,184.5,184.8041237113402,371.875,184,186,3,40,97,False,True,
run_20260807_175821_881241,1516,53,2026-08-07T17:59:15.421,3,left,207.0,207.05982905982907,372.0,206,208,3,42,117,False,True,
run_20260807_175821_881241,1516,53,2026-08-07T17:59:15.421,2,left,229.0,229.1081081081081,372.0,228,230,3,42,111,False,True,
run_20260807_175821_881241,1516,53,2026-08-07T17:59:15.421,1,left,251.0,251.56410256410257,372.0,250,253,4,68,195,False,True,
run_20260807_175821_881241,1516,53,2026-08-07T17:59:15.421,0,left,273.0,273.2135922330097,371.5,272,274,3,43,103,True,True,
run_20260807_175821_881241,1516,53,2026-08-07T17:59:15.421,0,right,470.0,470.0,371.5,469,471,3,43,127,True,True,
run_20260807_175821_881241,1516,53,2026-08-07T17:59:15.421,1,right,493.0,492.2713567839196,372.0,491,494,4,70,199,False,True,
run_20260807_175821_881241,1516,53,2026-08-07T17:59:15.421,2,right,515.0,514.875,372.0,514,516,3,42,112,False,True,
run_20260807_175821_881241,1516,53,2026-08-07T17:59:15.421,3,right,537.0,536.9586776859504,372.0,536,538,3,42,121,False,True,
run_20260807_175821_881241,1516,53,2026-08-07T17:59:15.421,4,right,559.25,559.00826446281,371.875,558,560,3,42,121,False,True,
run_20260807_175821_881241,1516,53,2026-08-07T17:59:15.421,5,right,582.0,581.488188976378,372.0,580,583,4,43,127,False,True,
run_20260807_175821_881241,1516,53,2026-08-07T17:59:15.421,6,right,604.25,603.0886699507389,372.0480769230769,601,605,5,67,203,False,True,
run_20260807_175821_881241,1516,53,2026-08-07T17:59:15.421,7,right,626.0,625.9333333333333,371.75,625,627,3,43,120,False,True,
run_20260807_175821_881241,1516,53,2026-08-07T17:59:15.421,8,right,648.0,647.8571428571429,371.8181818181818,647,649,3,43,112,False,True,
run_20260807_175821_881241,1516,53,2026-08-07T17:59:15.421,9,right,670.0,669.8018867924528,371.9230769230769,669,671,3,43,106,False,True,
run_20260807_175821_881241,1516,53,2026-08-07T17:59:15.421,10,right,692.0,691.4833333333333,372.0,690,693,4,42,120,False,True,
run_20260807_175821_881241,1516,53,2026-08-07T17:59:15.421,11,right,713.0,711.9948979591836,371.5,709,714,6,54,196,False,True,
run_20260807_175821_881241,1516,53,2026-08-07T17:59:15.421,12,right,735.0,734.5338983050848,371.75,733,736,4,42,118,False,True,
run_20260807_175821_881241,1545,54,2026-08-07T17:59:16.423,12,left,8.5,8.857142857142858,371.75,8,10,3,42,105,False,True,
run_20260807_175821_881241,1545,54,2026-08-07T17:59:16.423,11,left,30.0,31.287958115183248,371.5,29,34,6,52,191,False,True,
run_20260807_175821_881241,1545,54,2026-08-07T17:59:16.423,10,left,52.0,52.08181818181818,372.0,51,53,3,40,110,False,True,
run_20260807_175821_881241,1545,54,2026-08-07T17:59:16.423,9,left,74.0,74.08490566037736,372.0,73,75,3,39,106,False,True,
run_20260807_175821_881241,1545,54,2026-08-07T17:59:16.423,8,left,95.84615384615384,96.04854368932038,371.9230769230769,95,97,3,38,103,False,True,
run_20260807_175821_881241,1545,54,2026-08-07T17:59:16.423,7,left,117.5,117.97916666666667,371.75,117,119,3,38,96,False,True,
run_20260807_175821_881241,1545,54,2026-08-07T17:59:16.423,6,left,139.92857142857142,140.9906103286385,372.0892857142857,139,144,6,66,213,False,True,
run_20260807_175821_881241,1545,54,2026-08-07T17:59:16.423,5,left,162.0,162.126213592233,372.0,161,163,3,39,103,False,True,
run_20260807_175821_881241,1545,54,2026-08-07T17:59:16.423,4,left,184.5,184.81632653061226,371.875,184,186,3,40,98,False,True,
run_20260807_175821_881241,1545,54,2026-08-07T17:59:16.423,3,left,207.0,207.05982905982907,372.0,206,208,3,42,117,False,True,
run_20260807_175821_881241,1545,54,2026-08-07T17:59:16.423,2,left,229.0,229.1081081081081,372.0,228,230,3,42,111,False,True,
run_20260807_175821_881241,1545,54,2026-08-07T17:59:16.423,1,left,251.0,251.56632653061226,372.0,250,253,4,69,196,False,True,
run_20260807_175821_881241,1545,54,2026-08-07T17:59:16.423,0,left,273.0,273.2,371.5,272,274,3,43,105,True,True,
run_20260807_175821_881241,1545,54,2026-08-07T17:59:16.423,0,right,470.0,470.0,371.5,469,471,3,42,126,True,True,
run_20260807_175821_881241,1545,54,2026-08-07T17:59:16.423,1,right,493.0,492.2463054187192,372.0,491,494,4,70,203,False,True,
run_20260807_175821_881241,1545,54,2026-08-07T17:59:16.423,2,right,515.0,514.6935483870968,372.0,513,516,4,42,124,False,True,
run_20260807_175821_881241,1545,54,2026-08-07T17:59:16.423,3,right,537.0,536.9586776859504,372.0,536,538,3,42,121,False,True,
run_20260807_175821_881241,1545,54,2026-08-07T17:59:16.423,4,right,559.25,559.0,371.875,558,560,3,42,120,False,True,
run_20260807_175821_881241,1545,54,2026-08-07T17:59:16.423,5,right,582.0,581.5,372.0,580,583,4,43,126,False,True,
run_20260807_175821_881241,1545,54,2026-08-07T17:59:16.423,6,right,604.25,603.0792079207921,372.0892857142857,601,605,5,67,202,False,True,
run_20260807_175821_881241,1545,54,2026-08-07T17:59:16.423,7,right,626.0,625.9333333333333,371.75,625,627,3,43,120,False,True,
run_20260807_175821_881241,1545,54,2026-08-07T17:59:16.423,8,right,648.0,647.8672566371681,371.9230769230769,647,649,3,43,113,False,True,
run_20260807_175821_881241,1545,54,2026-08-07T17:59:16.423,9,right,670.0,669.6302521008404,372.0,668,671,4,43,119,False,True,
run_20260807_175821_881241,1545,54,2026-08-07T17:59:16.423,10,right,692.0,691.5083333333333,372.0,690,693,4,42,120,False,True,
run_20260807_175821_881241,1545,54,2026-08-07T17:59:16.423,11,right,713.0,711.9897959183673,371.5,709,714,6,54,196,False,True,
run_20260807_175821_881241,1545,54,2026-08-07T17:59:16.423,12,right,735.0,734.5677966101695,371.75,733,736,4,42,118,False,True,
run_20260807_175821_881241,1575,55,2026-08-07T17:59:17.437,12,left,8.5,8.857142857142858,371.75,8,10,3,42,105,False,True,
run_20260807_175821_881241,1575,55,2026-08-07T17:59:17.437,11,left,30.0,31.302083333333332,371.5,29,34,6,53,192,False,True,
run_20260807_175821_881241,1575,55,2026-08-07T17:59:17.437,10,left,52.0,52.08181818181818,372.0,51,53,3,40,110,False,True,
run_20260807_175821_881241,1575,55,2026-08-07T17:59:17.437,9,left,74.0,74.08490566037736,372.0,73,75,3,39,106,False,True,
run_20260807_175821_881241,1575,55,2026-08-07T17:59:17.437,8,left,95.63636363636364,96.03921568627452,371.8181818181818,95,97,3,38,102,False,True,
run_20260807_175821_881241,1575,55,2026-08-07T17:59:17.437,7,left,117.5,117.96842105263158,371.75,117,119,3,38,95,False,True,
run_20260807_175821_881241,1575,55,2026-08-07T17:59:17.437,6,left,139.92857142857142,141.0,372.0892857142857,139,144,6,66,214,False,True,
run_20260807_175821_881241,1575,55,2026-08-07T17:59:17.437,5,left,162.0,162.17171717171718,372.0,161,163,3,39,99,False,True,
run_20260807_175821_881241,1575,55,2026-08-07T17:59:17.437,4,left,184.5,184.8041237113402,372.0,184,186,3,40,97,False,True,
run_20260807_175821_881241,1575,55,2026-08-07T17:59:17.437,3,left,207.0,207.05982905982907,372.0,206,208,3,42,117,False,True,
run_20260807_175821_881241,1575,55,2026-08-07T17:59:17.437,2,left,229.0,229.1081081081081,372.0,228,230,3,42,111,False,True,
run_20260807_175821_881241,1575,55,2026-08-07T17:59:17.437,1,left,251.0,251.56632653061226,372.0,250,253,4,69,196,False,True,
run_20260807_175821_881241,1575,55,2026-08-07T17:59:17.437,0,left,273.0,273.188679245283,371.5,272,274,3,43,106,True,True,
run_20260807_175821_881241,1575,55,2026-08-07T17:59:17.437,0,right,470.0,470.0,371.5,469,471,3,43,127,True,True,
run_20260807_175821_881241,1575,55,2026-08-07T17:59:17.437,1,right,493.0,492.2524752475247,372.0,491,494,4,70,202,False,True,
run_20260807_175821_881241,1575,55,2026-08-07T17:59:17.437,2,right,515.0,514.875,372.0,514,516,3,42,112,False,True,
run_20260807_175821_881241,1575,55,2026-08-07T17:59:17.437,3,right,537.0,536.9586776859504,372.0,536,538,3,42,121,False,True,
run_20260807_175821_881241,1575,55,2026-08-07T17:59:17.437,4,right,559.5,559.0169491525423,372.0,558,560,3,42,118,False,True,
run_20260807_175821_881241,1575,55,2026-08-07T17:59:17.437,5,right,582.0,581.488188976378,372.0,580,583,4,43,127,False,True,
run_20260807_175821_881241,1575,55,2026-08-07T17:59:17.437,6,right,604.25,603.0886699507389,372.0892857142857,601,605,5,67,203,False,True,
run_20260807_175821_881241,1575,55,2026-08-07T17:59:17.437,7,right,626.0,625.9059829059829,371.75,625,627,3,43,117,False,True,
run_20260807_175821_881241,1575,55,2026-08-07T17:59:17.437,8,right,648.0,647.8672566371681,371.8181818181818,647,649,3,43,113,False,True,
run_20260807_175821_881241,1575,55,2026-08-07T17:59:17.437,9,right,670.0,669.6068376068376,372.0,668,671,4,43,117,False,True,
run_20260807_175821_881241,1575,55,2026-08-07T17:59:17.437,10,right,692.0,691.4830508474577,372.0,690,693,4,42,118,False,True,
run_20260807_175821_881241,1575,55,2026-08-07T17:59:17.437,11,right,713.0,711.9796954314721,371.5,709,714,6,54,197,False,True,
run_20260807_175821_881241,1575,55,2026-08-07T17:59:17.437,12,right,735.0,734.5299145299145,371.75,733,736,4,42,117,False,True,
run_20260807_175821_881241,1606,56,2026-08-07T17:59:18.458,12,left,8.5,8.857142857142858,371.75,8,10,3,42,105,False,True,
run_20260807_175821_881241,1606,56,2026-08-07T17:59:18.458,11,left,30.0,31.308900523560208,371.5,29,34,6,52,191,False,True,
run_20260807_175821_881241,1606,56,2026-08-07T17:59:18.458,10,left,52.0,52.08181818181818,372.0,51,53,3,40,110,False,True,
run_20260807_175821_881241,1606,56,2026-08-07T17:59:18.458,9,left,74.0,74.08490566037736,372.0,73,75,3,39,106,False,True,
run_20260807_175821_881241,1606,56,2026-08-07T17:59:18.458,8,left,96.0,96.08411214953271,372.0,95,97,3,39,107,False,True,
run_20260807_175821_881241,1606,56,2026-08-07T17:59:18.458,7,left,117.5,117.96842105263158,371.75,117,119,3,38,95,False,True,
run_20260807_175821_881241,1606,56,2026-08-07T17:59:18.458,6,left,139.92857142857142,140.9906103286385,372.0892857142857,139,144,6,66,213,False,True,
run_20260807_175821_881241,1606,56,2026-08-07T17:59:18.458,5,left,162.0,162.17171717171718,372.0,161,163,3,39,99,False,True,
run_20260807_175821_881241,1606,56,2026-08-07T17:59:18.458,4,left,184.5,184.8125,371.875,184,186,3,40,96,False,True,
run_20260807_175821_881241,1606,56,2026-08-07T17:59:18.458,3,left,207.0,207.05982905982907,372.0,206,208,3,42,117,False,True,
run_20260807_175821_881241,1606,56,2026-08-07T17:59:18.458,2,left,229.0,229.1081081081081,372.0,228,230,3,42,111,False,True,
run_20260807_175821_881241,1606,56,2026-08-07T17:59:18.458,1,left,251.0,251.55670103092783,372.0,250,253,4,68,194,False,True,
run_20260807_175821_881241,1606,56,2026-08-07T17:59:18.458,0,left,273.0,273.188679245283,371.5,272,274,3,43,106,True,True,
run_20260807_175821_881241,1606,56,2026-08-07T17:59:18.458,0,right,470.0,470.0,371.5,469,471,3,42,126,True,True,
run_20260807_175821_881241,1606,56,2026-08-07T17:59:18.458,1,right,493.0,492.2401960784314,372.0,491,494,4,70,204,False,True,
run_20260807_175821_881241,1606,56,2026-08-07T17:59:18.458,2,right,515.0,514.6829268292682,372.0,513,516,4,42,123,False,True,
run_20260807_175821_881241,1606,56,2026-08-07T17:59:18.458,3,right,537.0,536.9586776859504,372.0,536,538,3,42,121,False,True,
run_20260807_175821_881241,1606,56,2026-08-07T17:59:18.458,4,right,559.25,559.0,371.875,558,560,3,42,120,False,True,
run_20260807_175821_881241,1606,56,2026-08-07T17:59:18.458,5,right,582.0,581.488188976378,372.0,580,583,4,43,127,False,True,
run_20260807_175821_881241,1606,56,2026-08-07T17:59:18.458,6,right,604.25,603.0886699507389,372.0892857142857,601,605,5,67,203,False,True,
run_20260807_175821_881241,1606,56,2026-08-07T17:59:18.458,7,right,626.0,625.9059829059829,371.75,625,627,3,43,117,False,True,
run_20260807_175821_881241,1606,56,2026-08-07T17:59:18.458,8,right,648.0,647.8571428571429,372.0,647,649,3,43,112,False,True,
run_20260807_175821_881241,1606,56,2026-08-07T17:59:18.458,9,right,670.0,669.6068376068376,372.0,668,671,4,43,117,False,True,
run_20260807_175821_881241,1606,56,2026-08-07T17:59:18.458,10,right,692.0,691.4833333333333,372.0,690,693,4,42,120,False,True,
run_20260807_175821_881241,1606,56,2026-08-07T17:59:18.458,11,right,713.0,711.9746192893401,371.5,709,714,6,55,197,False,True,
run_20260807_175821_881241,1606,56,2026-08-07T17:59:18.458,12,right,735.0,734.5299145299145,371.75,733,736,4,42,117,False,True,
run_20260807_175821_881241,1637,57,2026-08-07T17:59:19.489,12,left,8.5,8.857142857142858,371.75,8,10,3,42,105,False,True,
run_20260807_175821_881241,1637,57,2026-08-07T17:59:19.489,11,left,30.0,31.319371727748692,371.5,29,34,6,53,191,False,True,
run_20260807_175821_881241,1637,57,2026-08-07T17:59:19.489,10,left,52.0,52.091743119266056,372.0,51,53,3,40,109,False,True,
run_20260807_175821_881241,1637,57,2026-08-07T17:59:19.489,9,left,74.0,74.08411214953271,372.0,73,75,3,39,107,False,True,
run_20260807_175821_881241,1637,57,2026-08-07T17:59:19.489,8,left,95.84615384615384,96.06666666666666,371.9230769230769,95,97,3,38,105,False,True,
run_20260807_175821_881241,1637,57,2026-08-07T17:59:19.489,7,left,117.5,117.95744680851064,371.75,117,119,3,38,94,False,True,
run_20260807_175821_881241,1637,57,2026-08-07T17:59:19.489,6,left,139.84615384615384,140.9906103286385,372.0480769230769,139,144,6,66,213,False,True,
run_20260807_175821_881241,1637,57,2026-08-07T17:59:19.489,5,left,162.0,162.17171717171718,372.0,161,163,3,39,99,False,True,
run_20260807_175821_881241,1637,57,2026-08-07T17:59:19.489,4,left,184.5,184.8041237113402,371.875,184,186,3,40,97,False,True,
run_20260807_175821_881241,1637,57,2026-08-07T17:59:19.489,3,left,207.0,207.05982905982907,372.0,206,208,3,42,117,False,True,
run_20260807_175821_881241,1637,57,2026-08-07T17:59:19.489,2,left,229.0,229.1081081081081,372.0,228,230,3,42,111,False,True,
run_20260807_175821_881241,1637,57,2026-08-07T17:59:19.489,1,left,251.0,251.56410256410257,372.0,250,253,4,68,195,False,True,
run_20260807_175821_881241,1637,57,2026-08-07T17:59:19.489,0,left,273.0,273.21153846153845,371.5,272,274,3,43,104,True,True,
run_20260807_175821_881241,1637,57,2026-08-07T17:59:19.489,0,right,470.0,470.0,371.5,469,471,3,43,127,True,True,
run_20260807_175821_881241,1637,57,2026-08-07T17:59:19.489,1,right,493.0,492.2281553398058,372.0,491,494,4,70,206,False,True,
run_20260807_175821_881241,1637,57,2026-08-07T17:59:19.489,2,right,515.0,514.9043478260869,372.0,514,516,3,42,115,False,True,
run_20260807_175821_881241,1637,57,2026-08-07T17:59:19.489,3,right,537.0,536.9586776859504,372.0,536,538,3,42,121,False,True,
run_20260807_175821_881241,1637,57,2026-08-07T17:59:19.489,4,right,559.25,559.0,371.875,558,560,3,42,120,False,True,
run_20260807_175821_881241,1637,57,2026-08-07T17:59:19.489,5,right,582.0,581.488188976378,372.0,580,583,4,43,127,False,True,
run_20260807_175821_881241,1637,57,2026-08-07T17:59:19.489,6,right,604.25,603.0792079207921,372.0480769230769,601,605,5,67,202,False,True,
run_20260807_175821_881241,1637,57,2026-08-07T17:59:19.489,7,right,626.0,625.9333333333333,371.75,625,627,3,43,120,False,True,
run_20260807_175821_881241,1637,57,2026-08-07T17:59:19.489,8,right,648.0,647.8571428571429,371.9230769230769,647,649,3,43,112,False,True,
run_20260807_175821_881241,1637,57,2026-08-07T17:59:19.489,9,right,670.0,669.6186440677966,372.0,668,671,4,43,118,False,True,
run_20260807_175821_881241,1637,57,2026-08-07T17:59:19.489,10,right,692.0,691.4833333333333,372.0,690,693,4,42,120,False,True,
run_20260807_175821_881241,1637,57,2026-08-07T17:59:19.489,11,right,713.0,711.9744897959183,371.5,709,714,6,54,196,False,True,
run_20260807_175821_881241,1637,57,2026-08-07T17:59:19.489,12,right,735.0,734.5546218487395,371.75,733,736,4,42,119,False,True,
run_20260807_175821_881241,1667,58,2026-08-07T17:59:20.491,12,left,8.5,8.867924528301886,371.75,8,10,3,42,106,False,True,
run_20260807_175821_881241,1667,58,2026-08-07T17:59:20.491,11,left,30.0,31.321052631578947,371.5,29,34,6,52,190,False,True,
run_20260807_175821_881241,1667,58,2026-08-07T17:59:20.491,10,left,52.0,52.091743119266056,372.0,51,53,3,40,109,False,True,
run_20260807_175821_881241,1667,58,2026-08-07T17:59:20.491,9,left,74.0,74.08490566037736,372.0,73,75,3,39,106,False,True,
run_20260807_175821_881241,1667,58,2026-08-07T17:59:20.491,8,left,96.0,96.08411214953271,372.0,95,97,3,39,107,False,True,
run_20260807_175821_881241,1667,58,2026-08-07T17:59:20.491,7,left,117.5,117.96842105263158,371.75,117,119,3,38,95,False,True,
run_20260807_175821_881241,1667,58,2026-08-07T17:59:20.491,6,left,139.84615384615384,141.0,372.0480769230769,139,144,6,65,213,False,True,
run_20260807_175821_881241,1667,58,2026-08-07T17:59:20.491,5,left,162.0,162.17171717171718,372.0,161,163,3,39,99,False,True,
run_20260807_175821_881241,1667,58,2026-08-07T17:59:20.491,4,left,184.5,184.8125,371.875,184,186,3,40,96,False,True,
run_20260807_175821_881241,1667,58,2026-08-07T17:59:20.491,3,left,207.0,207.05982905982907,372.0,206,208,3,42,117,False,True,
run_20260807_175821_881241,1667,58,2026-08-07T17:59:20.491,2,left,229.0,229.1081081081081,372.0,228,230,3,42,111,False,True,
run_20260807_175821_881241,1667,58,2026-08-07T17:59:20.491,1,left,251.0,251.56632653061226,372.0,250,253,4,69,196,False,True,
run_20260807_175821_881241,1667,58,2026-08-07T17:59:20.491,0,left,273.0,273.2019230769231,371.5,272,274,3,43,104,True,True,
run_20260807_175821_881241,1667,58,2026-08-07T17:59:20.491,0,right,470.0,470.0,371.5,469,471,3,42,126,True,True,
run_20260807_175821_881241,1667,58,2026-08-07T17:59:20.491,1,right,493.0,492.23414634146343,372.0,491,494,4,70,205,False,True,
run_20260807_175821_881241,1667,58,2026-08-07T17:59:20.491,2,right,515.0,514.6935483870968,372.0,513,516,4,42,124,False,True,
run_20260807_175821_881241,1667,58,2026-08-07T17:59:20.491,3,right,537.0,536.9586776859504,372.0,536,538,3,42,121,False,True,
run_20260807_175821_881241,1667,58,2026-08-07T17:59:20.491,4,right,559.25,559.0,371.875,558,560,3,42,120,False,True,
run_20260807_175821_881241,1667,58,2026-08-07T17:59:20.491,5,right,582.0,581.488188976378,372.0,580,583,4,43,127,False,True,
run_20260807_175821_881241,1667,58,2026-08-07T17:59:20.491,6,right,604.25,603.0792079207921,372.0480769230769,601,605,5,67,202,False,True,
run_20260807_175821_881241,1667,58,2026-08-07T17:59:20.491,7,right,626.0,625.9333333333333,371.75,625,627,3,43,120,False,True,
run_20260807_175821_881241,1667,58,2026-08-07T17:59:20.491,8,right,648.0,647.8771929824561,372.0,647,649,3,43,114,False,True,
run_20260807_175821_881241,1667,58,2026-08-07T17:59:20.491,9,right,670.0,669.6068376068376,372.0,668,671,4,43,117,False,True,
run_20260807_175821_881241,1667,58,2026-08-07T17:59:20.491,10,right,692.0,691.5,372.0,690,693,4,41,118,False,True,
run_20260807_175821_881241,1667,58,2026-08-07T17:59:20.491,11,right,713.0,711.9746192893401,371.5,709,714,6,55,197,False,True,
run_20260807_175821_881241,1667,58,2026-08-07T17:59:20.491,12,right,735.0,734.5299145299145,371.75,733,736,4,42,117,False,True,
run_20260807_175821_881241,1697,59,2026-08-07T17:59:21.491,12,left,8.5,8.857142857142858,371.75,8,10,3,42,105,False,True,
run_20260807_175821_881241,1697,59,2026-08-07T17:59:21.491,11,left,30.0,31.287958115183248,371.5,29,34,6,53,191,False,True,
run_20260807_175821_881241,1697,59,2026-08-07T17:59:21.491,10,left,52.0,52.08181818181818,372.0,51,53,3,40,110,False,True,
run_20260807_175821_881241,1697,59,2026-08-07T17:59:21.491,9,left,74.0,74.08490566037736,372.0,73,75,3,39,106,False,True,
run_20260807_175821_881241,1697,59,2026-08-07T17:59:21.491,8,left,95.84615384615384,96.06666666666666,371.9230769230769,95,97,3,38,105,False,True,
run_20260807_175821_881241,1697,59,2026-08-07T17:59:21.491,7,left,117.5,117.96842105263158,371.75,117,119,3,38,95,False,True,
run_20260807_175821_881241,1697,59,2026-08-07T17:59:21.491,6,left,140.0,140.99539170506912,372.125,139,144,6,69,217,False,True,
run_20260807_175821_881241,1697,59,2026-08-07T17:59:21.491,5,left,162.0,162.17171717171718,372.0,161,163,3,39,99,False,True,
run_20260807_175821_881241,1697,59,2026-08-07T17:59:21.491,4,left,184.5,184.8041237113402,372.0,184,186,3,40,97,False,True,
run_20260807_175821_881241,1697,59,2026-08-07T17:59:21.491,3,left,207.0,207.05982905982907,372.0,206,208,3,42,117,False,True,
run_20260807_175821_881241,1697,59,2026-08-07T17:59:21.491,2,left,229.0,229.1081081081081,372.0,228,230,3,42,111,False,True,
run_20260807_175821_881241,1697,59,2026-08-07T17:59:21.491,1,left,251.0,251.56632653061226,372.0,250,253,4,69,196,False,True,
run_20260807_175821_881241,1697,59,2026-08-07T17:59:21.491,0,left,273.0,273.22549019607845,371.5,272,274,3,43,102,True,True,
run_20260807_175821_881241,1697,59,2026-08-07T17:59:21.491,0,right,470.0,470.0,371.5,469,471,3,42,126,True,True,
run_20260807_175821_881241,1697,59,2026-08-07T17:59:21.491,1,right,493.0,492.2713567839196,372.0,491,494,4,70,199,False,True,
run_20260807_175821_881241,1697,59,2026-08-07T17:59:21.491,2,right,515.0,514.875,372.0,514,516,3,42,112,False,True,
run_20260807_175821_881241,1697,59,2026-08-07T17:59:21.491,3,right,537.0,536.9586776859504,372.0,536,538,3,42,121,False,True,
run_20260807_175821_881241,1697,59,2026-08-07T17:59:21.491,4,right,559.5,559.0169491525423,372.0,558,560,3,42,118,False,True,
run_20260807_175821_881241,1697,59,2026-08-07T17:59:21.491,5,right,582.0,581.4651162790698,372.0,580,583,4,43,129,False,True,
run_20260807_175821_881241,1697,59,2026-08-07T17:59:21.491,6,right,604.25,603.0792079207921,372.125,601,605,5,67,202,False,True,
run_20260807_175821_881241,1697,59,2026-08-07T17:59:21.491,7,right,626.0,625.9333333333333,371.75,625,627,3,43,120,False,True,
run_20260807_175821_881241,1697,59,2026-08-07T17:59:21.491,8,right,648.0,647.8571428571429,371.9230769230769,647,649,3,43,112,False,True,
run_20260807_175821_881241,1697,59,2026-08-07T17:59:21.491,9,right,670.0,669.6302521008404,372.0,668,671,4,43,119,False,True,
run_20260807_175821_881241,1697,59,2026-08-07T17:59:21.491,10,right,692.0,691.4958677685951,372.0,690,693,4,42,121,False,True,
run_20260807_175821_881241,1697,59,2026-08-07T17:59:21.491,11,right,713.0,711.9796954314721,371.5,709,714,6,54,197,False,True,
run_20260807_175821_881241,1697,59,2026-08-07T17:59:21.491,12,right,735.0,734.5172413793103,371.75,733,736,4,42,116,False,True,
run_20260807_175821_881241,1728,60,2026-08-07T17:59:22.526,12,left,8.5,8.857142857142858,371.75,8,10,3,42,105,False,True,
run_20260807_175821_881241,1728,60,2026-08-07T17:59:22.526,11,left,30.0,31.307291666666668,371.5,29,34,6,53,192,False,True,
run_20260807_175821_881241,1728,60,2026-08-07T17:59:22.526,10,left,52.0,52.08181818181818,372.0,51,53,3,40,110,False,True,
run_20260807_175821_881241,1728,60,2026-08-07T17:59:22.526,9,left,74.0,74.07476635514018,372.0,73,75,3,39,107,False,True,
run_20260807_175821_881241,1728,60,2026-08-07T17:59:22.526,8,left,95.75,96.04854368932038,371.875,95,97,3,38,103,False,True,
run_20260807_175821_881241,1728,60,2026-08-07T17:59:22.526,7,left,117.5,117.97916666666667,371.75,117,119,3,38,96,False,True,
run_20260807_175821_881241,1728,60,2026-08-07T17:59:22.526,6,left,140.0,140.99539170506912,372.125,139,144,6,69,217,False,True,
run_20260807_175821_881241,1728,60,2026-08-07T17:59:22.526,5,left,162.0,162.13725490196077,372.0,161,163,3,39,102,False,True,
run_20260807_175821_881241,1728,60,2026-08-07T17:59:22.526,4,left,184.5,184.81632653061226,372.0,184,186,3,40,98,False,True,
run_20260807_175821_881241,1728,60,2026-08-07T17:59:22.526,3,left,207.0,207.05982905982907,372.0,206,208,3,42,117,False,True,
run_20260807_175821_881241,1728,60,2026-08-07T17:59:22.526,2,left,229.0,229.1081081081081,372.0,228,230,3,42,111,False,True,
run_20260807_175821_881241,1728,60,2026-08-07T17:59:22.526,1,left,251.0,251.55897435897435,372.0,250,253,4,69,195,False,True,
run_20260807_175821_881241,1728,60,2026-08-07T17:59:22.526,0,left,273.0,273.2019230769231,371.5,272,274,3,43,104,True,True,
run_20260807_175821_881241,1728,60,2026-08-07T17:59:22.526,0,right,470.0,470.0,371.5,469,471,3,43,127,True,True,
run_20260807_175821_881241,1728,60,2026-08-07T17:59:22.526,1,right,493.0,492.265,372.0,491,494,4,70,200,False,True,
run_20260807_175821_881241,1728,60,2026-08-07T17:59:22.526,2,right,515.0,514.8648648648649,372.0,514,516,3,42,111,False,True,
run_20260807_175821_881241,1728,60,2026-08-07T17:59:22.526,3,right,537.0,536.9672131147541,372.0,536,538,3,42,122,False,True,
run_20260807_175821_881241,1728,60,2026-08-07T17:59:22.526,4,right,559.5,559.0169491525423,372.0,558,560,3,42,118,False,True,
run_20260807_175821_881241,1728,60,2026-08-07T17:59:22.526,5,right,582.0,581.4765625,372.0,580,583,4,43,128,False,True,
run_20260807_175821_881241,1728,60,2026-08-07T17:59:22.526,6,right,604.25,603.0886699507389,372.125,601,605,5,67,203,False,True,
run_20260807_175821_881241,1728,60,2026-08-07T17:59:22.526,7,right,626.0,625.9333333333333,371.75,625,627,3,43,120,False,True,
run_20260807_175821_881241,1728,60,2026-08-07T17:59:22.526,8,right,648.0,647.8672566371681,371.875,647,649,3,43,113,False,True,
run_20260807_175821_881241,1728,60,2026-08-07T17:59:22.526,9,right,670.0,669.6186440677966,372.0,668,671,4,43,118,False,True,
run_20260807_175821_881241,1728,60,2026-08-07T17:59:22.526,10,right,692.0,691.5,372.0,690,693,4,41,118,False,True,
run_20260807_175821_881241,1728,60,2026-08-07T17:59:22.526,11,right,713.0,711.969696969697,371.5,709,714,6,54,198,False,True,
run_20260807_175821_881241,1728,60,2026-08-07T17:59:22.526,12,right,735.0,734.5299145299145,371.75,733,736,4,42,117,False,True,
run_20260807_175821_881241,1758,61,2026-08-07T17:59:23.527,12,left,8.5,8.867924528301886,371.75,8,10,3,42,106,False,True,
run_20260807_175821_881241,1758,61,2026-08-07T17:59:23.527,11,left,30.0,31.298429319371728,371.5,29,34,6,53,191,False,True,
run_20260807_175821_881241,1758,61,2026-08-07T17:59:23.527,10,left,52.0,52.08181818181818,372.0,51,53,3,40,110,False,True,
run_20260807_175821_881241,1758,61,2026-08-07T17:59:23.527,9,left,74.0,74.08490566037736,372.0,73,75,3,39,106,False,True,
run_20260807_175821_881241,1758,61,2026-08-07T17:59:23.527,8,left,96.0,96.08411214953271,372.0,95,97,3,39,107,False,True,
run_20260807_175821_881241,1758,61,2026-08-07T17:59:23.527,7,left,117.5,117.98969072164948,371.75,117,119,3,38,97,False,True,
run_20260807_175821_881241,1758,61,2026-08-07T17:59:23.527,6,left,140.0,140.99539170506912,372.125,139,144,6,69,217,False,True,
run_20260807_175821_881241,1758,61,2026-08-07T17:59:23.527,5,left,162.0,162.17171717171718,372.0,161,163,3,39,99,False,True,
run_20260807_175821_881241,1758,61,2026-08-07T17:59:23.527,4,left,184.5,184.82474226804123,371.875,184,186,3,40,97,False,True,
run_20260807_175821_881241,1758,61,2026-08-07T17:59:23.527,3,left,207.0,207.05982905982907,372.0,206,208,3,42,117,False,True,
run_20260807_175821_881241,1758,61,2026-08-07T17:59:23.527,2,left,229.0,229.1081081081081,372.0,228,230,3,42,111,False,True,
run_20260807_175821_881241,1758,61,2026-08-07T17:59:23.527,1,left,251.0,251.55897435897435,372.0,250,253,4,69,195,False,True,
run_20260807_175821_881241,1758,61,2026-08-07T17:59:23.527,0,left,273.0,273.22549019607845,371.5,272,274,3,43,102,True,True,
run_20260807_175821_881241,1758,61,2026-08-07T17:59:23.527,0,right,470.0,470.0,371.5,469,471,3,43,127,True,True,
run_20260807_175821_881241,1758,61,2026-08-07T17:59:23.527,1,right,493.0,492.22439024390246,372.0,491,494,4,70,205,False,True,
run_20260807_175821_881241,1758,61,2026-08-07T17:59:23.527,2,right,515.0,514.875,372.0,514,516,3,42,112,False,True,
run_20260807_175821_881241,1758,61,2026-08-07T17:59:23.527,3,right,537.0,536.9586776859504,372.0,536,538,3,42,121,False,True,
run_20260807_175821_881241,1758,61,2026-08-07T17:59:23.527,4,right,559.25,559.00826446281,371.875,558,560,3,42,121,False,True,
run_20260807_175821_881241,1758,61,2026-08-07T17:59:23.527,5,right,582.0,581.488188976378,372.0,580,583,4,43,127,False,True,
run_20260807_175821_881241,1758,61,2026-08-07T17:59:23.527,6,right,604.25,603.0886699507389,372.125,601,605,5,67,203,False,True,
run_20260807_175821_881241,1758,61,2026-08-07T17:59:23.527,7,right,626.0,625.9421487603306,371.75,625,627,3,43,121,False,True,
run_20260807_175821_881241,1758,61,2026-08-07T17:59:23.527,8,right,648.0,647.8571428571429,372.0,647,649,3,43,112,False,True,
run_20260807_175821_881241,1758,61,2026-08-07T17:59:23.527,9,right,670.0,669.6068376068376,372.0,668,671,4,43,117,False,True,
run_20260807_175821_881241,1758,61,2026-08-07T17:59:23.527,10,right,692.0,691.4833333333333,372.0,690,693,4,42,120,False,True,
run_20260807_175821_881241,1758,61,2026-08-07T17:59:23.527,11,right,713.0,711.9798994974874,371.5,709,714,6,54,199,False,True,
run_20260807_175821_881241,1758,61,2026-08-07T17:59:23.527,12,right,735.0,734.5299145299145,371.75,733,736,4,42,117,False,True,
run_20260807_175821_881241,1789,62,2026-08-07T17:59:24.558,12,left,8.5,8.857142857142858,371.75,8,10,3,42,105,False,True,
run_20260807_175821_881241,1789,62,2026-08-07T17:59:24.558,11,left,30.0,31.307291666666668,371.5769230769231,29,34,6,53,192,False,True,
run_20260807_175821_881241,1789,62,2026-08-07T17:59:24.558,10,left,52.0,52.091743119266056,372.0,51,53,3,40,109,False,True,
run_20260807_175821_881241,1789,62,2026-08-07T17:59:24.558,9,left,74.0,74.08490566037736,372.0,73,75,3,39,106,False,True,
run_20260807_175821_881241,1789,62,2026-08-07T17:59:24.558,8,left,96.0,96.08411214953271,372.0,95,97,3,39,107,False,True,
run_20260807_175821_881241,1789,62,2026-08-07T17:59:24.558,7,left,117.5,117.97916666666667,371.75,117,119,3,38,96,False,True,
run_20260807_175821_881241,1789,62,2026-08-07T17:59:24.558,6,left,139.84615384615384,140.9953488372093,372.0480769230769,139,144,6,67,215,False,True,
run_20260807_175821_881241,1789,62,2026-08-07T17:59:24.558,5,left,162.0,162.17171717171718,372.0,161,163,3,39,99,False,True,
run_20260807_175821_881241,1789,62,2026-08-07T17:59:24.558,4,left,184.5,184.8041237113402,372.0,184,186,3,40,97,False,True,
run_20260807_175821_881241,1789,62,2026-08-07T17:59:24.558,3,left,207.0,207.05982905982907,372.0,206,208,3,42,117,False,True,
run_20260807_175821_881241,1789,62,2026-08-07T17:59:24.558,2,left,229.0,229.1081081081081,372.0,228,230,3,42,111,False,True,
run_20260807_175821_881241,1789,62,2026-08-07T17:59:24.558,1,left,251.0,251.56632653061226,372.0,250,253,4,69,196,False,True,
run_20260807_175821_881241,1789,62,2026-08-07T17:59:24.558,0,left,273.0,273.1904761904762,371.5,272,274,3,43,105,True,True,
run_20260807_175821_881241,1789,62,2026-08-07T17:59:24.558,0,right,470.0,470.0,371.5,469,471,3,42,126,True,True,
run_20260807_175821_881241,1789,62,2026-08-07T17:59:24.558,1,right,493.0,492.22222222222223,372.0,491,494,4,70,207,False,True,
run_20260807_175821_881241,1789,62,2026-08-07T17:59:24.558,2,right,515.0,514.6935483870968,372.0,513,516,4,42,124,False,True,
run_20260807_175821_881241,1789,62,2026-08-07T17:59:24.558,3,right,537.0,536.9586776859504,372.0,536,538,3,42,121,False,True,
run_20260807_175821_881241,1789,62,2026-08-07T17:59:24.558,4,right,559.5,559.0169491525423,372.0,558,560,3,42,118,False,True,
run_20260807_175821_881241,1789,62,2026-08-07T17:59:24.558,5,right,582.0,581.4765625,372.0,580,583,4,43,128,False,True,
run_20260807_175821_881241,1789,62,2026-08-07T17:59:24.558,6,right,604.25,603.0841584158416,372.0480769230769,601,605,5,67,202,False,True,
run_20260807_175821_881241,1789,62,2026-08-07T17:59:24.558,7,right,626.0,625.9333333333333,371.75,625,627,3,43,120,False,True,
run_20260807_175821_881241,1789,62,2026-08-07T17:59:24.558,8,right,648.0,647.8672566371681,372.0,647,649,3,43,113,False,True,
run_20260807_175821_881241,1789,62,2026-08-07T17:59:24.558,9,right,670.0,669.7904761904762,372.0,669,671,3,43,105,False,True,
run_20260807_175821_881241,1789,62,2026-08-07T17:59:24.558,10,right,692.0,691.4833333333333,372.0,690,693,4,42,120,False,True,
run_20260807_175821_881241,1789,62,2026-08-07T17:59:24.558,11,right,713.1538461538462,711.9794871794871,371.5769230769231,709,714,6,52,195,False,True,
run_20260807_175821_881241,1789,62,2026-08-07T17:59:24.558,12,right,735.0,734.5172413793103,371.75,733,736,4,42,116,False,True,
run_20260807_175821_881241,1819,63,2026-08-07T17:59:25.559,12,left,8.5,8.846153846153847,371.75,8,10,3,42,104,False,True,
run_20260807_175821_881241,1819,63,2026-08-07T17:59:25.559,11,left,30.0,31.287958115183248,371.5,29,34,6,52,191,False,True,
run_20260807_175821_881241,1819,63,2026-08-07T17:59:25.559,10,left,52.0,52.08181818181818,372.0,51,53,3,40,110,False,True,
run_20260807_175821_881241,1819,63,2026-08-07T17:59:25.559,9,left,74.0,74.08490566037736,372.0,73,75,3,39,106,False,True,
run_20260807_175821_881241,1819,63,2026-08-07T17:59:25.559,8,left,96.0,96.08411214953271,372.0,95,97,3,39,107,False,True,
run_20260807_175821_881241,1819,63,2026-08-07T17:59:25.559,7,left,117.5,117.97916666666667,371.75,117,119,3,38,96,False,True,
run_20260807_175821_881241,1819,63,2026-08-07T17:59:25.559,6,left,140.0,140.99074074074073,372.125,139,144,6,69,216,False,True,
run_20260807_175821_881241,1819,63,2026-08-07T17:59:25.559,5,left,162.0,162.17171717171718,372.0,161,163,3,39,99,False,True,
run_20260807_175821_881241,1819,63,2026-08-07T17:59:25.559,4,left,184.5,184.8125,371.875,184,186,3,40,96,False,True,
run_20260807_175821_881241,1819,63,2026-08-07T17:59:25.559,3,left,207.0,207.05982905982907,372.0,206,208,3,42,117,False,True,
run_20260807_175821_881241,1819,63,2026-08-07T17:59:25.559,2,left,229.0,229.1081081081081,372.0,228,230,3,42,111,False,True,
run_20260807_175821_881241,1819,63,2026-08-07T17:59:25.559,1,left,251.0,251.56701030927834,372.0,250,253,4,69,194,False,True,
run_20260807_175821_881241,1819,63,2026-08-07T17:59:25.559,0,left,273.0,273.2,371.5,272,274,3,43,105,True,True,
run_20260807_175821_881241,1819,63,2026-08-07T17:59:25.559,0,right,470.0,470.0,371.5,469,471,3,42,126,True,True,
run_20260807_175821_881241,1819,63,2026-08-07T17:59:25.559,1,right,493.0,492.2067307692308,372.0,491,494,4,70,208,False,True,
run_20260807_175821_881241,1819,63,2026-08-07T17:59:25.559,2,right,515.0,514.875,372.0,514,516,3,42,112,False,True,
run_20260807_175821_881241,1819,63,2026-08-07T17:59:25.559,3,right,537.0,536.9586776859504,372.0,536,538,3,42,121,False,True,
run_20260807_175821_881241,1819,63,2026-08-07T17:59:25.559,4,right,559.25,559.0,371.875,558,560,3,42,120,False,True,
run_20260807_175821_881241,1819,63,2026-08-07T17:59:25.559,5,right,582.0,581.4651162790698,372.0,580,583,4,43,129,False,True,
run_20260807_175821_881241,1819,63,2026-08-07T17:59:25.559,6,right,604.25,603.0886699507389,372.125,601,605,5,67,203,False,True,
run_20260807_175821_881241,1819,63,2026-08-07T17:59:25.559,7,right,626.0,625.9333333333333,371.75,625,627,3,43,120,False,True,
run_20260807_175821_881241,1819,63,2026-08-07T17:59:25.559,8,right,648.0,647.8571428571429,372.0,647,649,3,43,112,False,True,
run_20260807_175821_881241,1819,63,2026-08-07T17:59:25.559,9,right,670.0,669.5948275862069,372.0,668,671,4,43,116,False,True,
run_20260807_175821_881241,1819,63,2026-08-07T17:59:25.559,10,right,692.0,691.4833333333333,372.0,690,693,4,42,120,False,True,
run_20260807_175821_881241,1819,63,2026-08-07T17:59:25.559,11,right,713.0,711.969696969697,371.5,709,714,6,54,198,False,True,
run_20260807_175821_881241,1819,63,2026-08-07T17:59:25.559,12,right,735.0,734.5546218487395,371.75,733,736,4,42,119,False,True,
run_20260807_175821_881241,1849,64,2026-08-07T17:59:26.561,12,left,8.5,8.857142857142858,371.75,8,10,3,42,105,False,True,
run_20260807_175821_881241,1849,64,2026-08-07T17:59:26.561,11,left,30.0,31.278350515463917,371.5,29,34,6,53,194,False,True,
run_20260807_175821_881241,1849,64,2026-08-07T17:59:26.561,10,left,52.0,52.08181818181818,372.0,51,53,3,40,110,False,True,
run_20260807_175821_881241,1849,64,2026-08-07T17:59:26.561,9,left,74.0,74.08490566037736,372.0,73,75,3,39,106,False,True,
run_20260807_175821_881241,1849,64,2026-08-07T17:59:26.561,8,left,96.0,96.08411214953271,372.0,95,97,3,39,107,False,True,
run_20260807_175821_881241,1849,64,2026-08-07T17:59:26.561,7,left,117.5,117.96842105263158,371.75,117,119,3,38,95,False,True,
run_20260807_175821_881241,1849,64,2026-08-07T17:59:26.561,6,left,140.0,140.99074074074073,372.125,139,144,6,69,216,False,True,
run_20260807_175821_881241,1849,64,2026-08-07T17:59:26.561,5,left,162.0,162.17171717171718,372.0,161,163,3,39,99,False,True,
run_20260807_175821_881241,1849,64,2026-08-07T17:59:26.561,4,left,184.07142857142858,184.60550458715596,371.6607142857143,183,186,4,40,109,False,True,
run_20260807_175821_881241,1849,64,2026-08-07T17:59:26.561,3,left,207.0,207.05084745762713,372.0,206,208,3,42,118,False,True,
run_20260807_175821_881241,1849,64,2026-08-07T17:59:26.561,2,left,229.0,229.1081081081081,372.0,228,230,3,42,111,False,True,
run_20260807_175821_881241,1849,64,2026-08-07T17:59:26.561,1,left,251.0,251.55837563451777,372.0,250,253,4,69,197,False,True,
run_20260807_175821_881241,1849,64,2026-08-07T17:59:26.561,0,left,273.0,273.1904761904762,371.5,272,274,3,43,105,True,True,
run_20260807_175821_881241,1849,64,2026-08-07T17:59:26.561,0,right,470.0,470.0,371.5,469,471,3,43,127,True,True,
run_20260807_175821_881241,1849,64,2026-08-07T17:59:26.561,1,right,493.0,492.22222222222223,372.0,491,494,4,70,207,False,True,
run_20260807_175821_881241,1849,64,2026-08-07T17:59:26.561,2,right,515.0,514.875,372.0,514,516,3,42,112,False,True,
run_20260807_175821_881241,1849,64,2026-08-07T17:59:26.561,3,right,537.0,536.9586776859504,372.0,536,538,3,42,121,False,True,
run_20260807_175821_881241,1849,64,2026-08-07T17:59:26.561,4,right,559.25,559.0,371.6607142857143,558,560,3,42,120,False,True,
run_20260807_175821_881241,1849,64,2026-08-07T17:59:26.561,5,right,582.0,581.4651162790698,372.0,580,583,4,43,129,False,True,
run_20260807_175821_881241,1849,64,2026-08-07T17:59:26.561,6,right,604.25,602.911214953271,372.125,600,605,6,67,214,False,True,
run_20260807_175821_881241,1849,64,2026-08-07T17:59:26.561,7,right,626.0,625.9333333333333,371.75,625,627,3,43,120,False,True,
run_20260807_175821_881241,1849,64,2026-08-07T17:59:26.561,8,right,648.0,647.8571428571429,372.0,647,649,3,43,112,False,True,
run_20260807_175821_881241,1849,64,2026-08-07T17:59:26.561,9,right,670.0,669.6302521008404,372.0,668,671,4,43,119,False,True,
run_20260807_175821_881241,1849,64,2026-08-07T17:59:26.561,10,right,692.0,691.4957983193277,372.0,690,693,4,42,119,False,True,
run_20260807_175821_881241,1849,64,2026-08-07T17:59:26.561,11,right,713.0,711.969696969697,371.5,709,714,6,54,198,False,True,
run_20260807_175821_881241,1849,64,2026-08-07T17:59:26.561,12,right,735.0,734.542372881356,371.75,733,736,4,42,118,False,True,
run_20260807_175821_881241,1880,65,2026-08-07T17:59:27.588,12,left,8.5,8.857142857142858,371.75,8,10,3,42,105,False,True,
run_20260807_175821_881241,1880,65,2026-08-07T17:59:27.588,11,left,30.0,31.27461139896373,371.5,29,34,6,53,193,False,True,
run_20260807_175821_881241,1880,65,2026-08-07T17:59:27.588,10,left,52.0,52.091743119266056,372.0,51,53,3,40,109,False,True,
run_20260807_175821_881241,1880,65,2026-08-07T17:59:27.588,9,left,74.0,74.08490566037736,372.0,73,75,3,39,106,False,True,
run_20260807_175821_881241,1880,65,2026-08-07T17:59:27.588,8,left,95.75,96.0576923076923,371.875,95,97,3,38,104,False,True,
run_20260807_175821_881241,1880,65,2026-08-07T17:59:27.588,7,left,117.5,117.97916666666667,371.75,117,119,3,38,96,False,True,
run_20260807_175821_881241,1880,65,2026-08-07T17:59:27.588,6,left,139.75,140.99056603773585,372.0,139,144,6,65,212,False,True,
run_20260807_175821_881241,1880,65,2026-08-07T17:59:27.588,5,left,162.0,162.17171717171718,372.0,161,163,3,39,99,False,True,
run_20260807_175821_881241,1880,65,2026-08-07T17:59:27.588,4,left,184.5,184.8041237113402,371.875,184,186,3,40,97,False,True,
run_20260807_175821_881241,1880,65,2026-08-07T17:59:27.588,3,left,207.0,207.05982905982907,372.0,206,208,3,42,117,False,True,
run_20260807_175821_881241,1880,65,2026-08-07T17:59:27.588,2,left,229.0,229.1081081081081,372.0,228,230,3,42,111,False,True,
run_20260807_175821_881241,1880,65,2026-08-07T17:59:27.588,1,left,251.0,251.56923076923076,372.0,250,253,4,68,195,False,True,
run_20260807_175821_881241,1880,65,2026-08-07T17:59:27.588,0,left,273.0,273.1904761904762,371.5,272,274,3,43,105,True,True,
run_20260807_175821_881241,1880,65,2026-08-07T17:59:27.588,0,right,470.0,470.0,371.5,469,471,3,42,126,True,True,
run_20260807_175821_881241,1880,65,2026-08-07T17:59:27.588,1,right,493.0,492.22222222222223,372.0,491,494,4,70,207,False,True,
run_20260807_175821_881241,1880,65,2026-08-07T17:59:27.588,2,right,515.0,514.6935483870968,372.0,513,516,4,42,124,False,True,
run_20260807_175821_881241,1880,65,2026-08-07T17:59:27.588,3,right,537.0,536.9586776859504,372.0,536,538,3,42,121,False,True,
run_20260807_175821_881241,1880,65,2026-08-07T17:59:27.588,4,right,559.25,559.0,371.875,558,560,3,42,120,False,True,
run_20260807_175821_881241,1880,65,2026-08-07T17:59:27.588,5,right,582.0,581.4651162790698,372.0,580,583,4,43,129,False,True,
run_20260807_175821_881241,1880,65,2026-08-07T17:59:27.588,6,right,604.25,603.0792079207921,372.0,601,605,5,67,202,False,True,
run_20260807_175821_881241,1880,65,2026-08-07T17:59:27.588,7,right,626.0,625.9333333333333,371.75,625,627,3,43,120,False,True,
run_20260807_175821_881241,1880,65,2026-08-07T17:59:27.588,8,right,648.0,647.8672566371681,371.875,647,649,3,43,113,False,True,
run_20260807_175821_881241,1880,65,2026-08-07T17:59:27.588,9,right,670.0,669.6186440677966,372.0,668,671,4,43,118,False,True,
run_20260807_175821_881241,1880,65,2026-08-07T17:59:27.588,10,right,692.0,691.4833333333333,372.0,690,693,4,42,120,False,True,
run_20260807_175821_881241,1880,65,2026-08-07T17:59:27.588,11,right,713.0,711.9796954314721,371.5,709,714,6,54,197,False,True,
run_20260807_175821_881241,1880,65,2026-08-07T17:59:27.588,12,right,735.0,734.5338983050848,371.75,733,736,4,42,118,False,True,
run_20260807_175821_881241,1910,66,2026-08-07T17:59:28.591,12,left,8.5,8.857142857142858,371.75,8,10,3,42,105,False,True,
run_20260807_175821_881241,1910,66,2026-08-07T17:59:28.591,11,left,30.0,31.270833333333332,371.5,29,34,6,52,192,False,True,
run_20260807_175821_881241,1910,66,2026-08-07T17:59:28.591,10,left,52.0,52.091743119266056,372.0,51,53,3,40,109,False,True,
run_20260807_175821_881241,1910,66,2026-08-07T17:59:28.591,9,left,74.0,74.08411214953271,372.0,73,75,3,39,107,False,True,
run_20260807_175821_881241,1910,66,2026-08-07T17:59:28.591,8,left,95.75,96.0576923076923,371.875,95,97,3,38,104,False,True,
run_20260807_175821_881241,1910,66,2026-08-07T17:59:28.591,7,left,117.5,117.97916666666667,371.75,117,119,3,38,96,False,True,
run_20260807_175821_881241,1910,66,2026-08-07T17:59:28.591,6,left,140.0,140.99539170506912,372.125,139,144,6,69,217,False,True,
run_20260807_175821_881241,1910,66,2026-08-07T17:59:28.591,5,left,162.0,162.126213592233,372.0,161,163,3,39,103,False,True,
run_20260807_175821_881241,1910,66,2026-08-07T17:59:28.591,4,left,184.5,184.81632653061226,371.9318181818182,184,186,3,40,98,False,True,
run_20260807_175821_881241,1910,66,2026-08-07T17:59:28.591,3,left,207.0,207.05982905982907,372.0,206,208,3,42,117,False,True,
run_20260807_175821_881241,1910,66,2026-08-07T17:59:28.591,2,left,229.0,229.1081081081081,372.0,228,230,3,42,111,False,True,
run_20260807_175821_881241,1910,66,2026-08-07T17:59:28.591,1,left,251.0,251.57435897435897,372.0,250,253,4,69,195,False,True,
run_20260807_175821_881241,1910,66,2026-08-07T17:59:28.591,0,left,273.0,273.1904761904762,371.5,272,274,3,43,105,True,True,
run_20260807_175821_881241,1910,66,2026-08-07T17:59:28.591,0,right,470.0,470.0,371.5,469,471,3,43,127,True,True,
run_20260807_175821_881241,1910,66,2026-08-07T17:59:28.591,1,right,493.0,492.23414634146343,372.0,491,494,4,70,205,False,True,
run_20260807_175821_881241,1910,66,2026-08-07T17:59:28.591,2,right,515.0,514.8648648648649,372.0,514,516,3,42,111,False,True,
run_20260807_175821_881241,1910,66,2026-08-07T17:59:28.591,3,right,537.0,536.9586776859504,372.0,536,538,3,42,121,False,True,
run_20260807_175821_881241,1910,66,2026-08-07T17:59:28.591,4,right,559.3636363636364,559.0084033613446,371.9318181818182,558,560,3,42,119,False,True,
run_20260807_175821_881241,1910,66,2026-08-07T17:59:28.591,5,right,582.0,581.4538461538461,372.0,580,583,4,43,130,False,True,
run_20260807_175821_881241,1910,66,2026-08-07T17:59:28.591,6,right,604.25,603.0886699507389,372.125,601,605,5,67,203,False,True,
run_20260807_175821_881241,1910,66,2026-08-07T17:59:28.591,7,right,626.0,625.9333333333333,371.75,625,627,3,43,120,False,True,
run_20260807_175821_881241,1910,66,2026-08-07T17:59:28.591,8,right,648.0,647.8672566371681,371.875,647,649,3,43,113,False,True,
run_20260807_175821_881241,1910,66,2026-08-07T17:59:28.591,9,right,670.0,669.6186440677966,372.0,668,671,4,43,118,False,True,
run_20260807_175821_881241,1910,66,2026-08-07T17:59:28.591,10,right,692.0,691.4833333333333,372.0,690,693,4,42,120,False,True,
run_20260807_175821_881241,1910,66,2026-08-07T17:59:28.591,11,right,713.0,711.9744897959183,371.5,709,714,6,54,196,False,True,
run_20260807_175821_881241,1910,66,2026-08-07T17:59:28.591,12,right,735.0,734.5172413793103,371.75,733,736,4,42,116,False,True,
run_20260807_175821_881241,1940,67,2026-08-07T17:59:29.593,12,left,8.5,8.857142857142858,371.75,8,10,3,42,105,False,True,
run_20260807_175821_881241,1940,67,2026-08-07T17:59:29.593,11,left,30.0,31.286458333333332,371.5769230769231,29,34,6,52,192,False,True,
run_20260807_175821_881241,1940,67,2026-08-07T17:59:29.593,10,left,52.0,52.091743119266056,372.0,51,53,3,40,109,False,True,
run_20260807_175821_881241,1940,67,2026-08-07T17:59:29.593,9,left,74.0,74.08411214953271,372.0,73,75,3,39,107,False,True,
run_20260807_175821_881241,1940,67,2026-08-07T17:59:29.593,8,left,95.75,96.0576923076923,371.875,95,97,3,38,104,False,True,
run_20260807_175821_881241,1940,67,2026-08-07T17:59:29.593,7,left,117.5,117.96842105263158,371.75,117,119,3,38,95,False,True,
run_20260807_175821_881241,1940,67,2026-08-07T17:59:29.593,6,left,139.84615384615384,141.0,372.0480769230769,139,144,6,67,215,False,True,
run_20260807_175821_881241,1940,67,2026-08-07T17:59:29.593,5,left,162.0,162.17171717171718,372.0,161,163,3,39,99,False,True,
run_20260807_175821_881241,1940,67,2026-08-07T17:59:29.593,4,left,184.5,184.81632653061226,371.875,184,186,3,40,98,False,True,
run_20260807_175821_881241,1940,67,2026-08-07T17:59:29.593,3,left,207.0,207.05982905982907,372.0,206,208,3,42,117,False,True,
run_20260807_175821_881241,1940,67,2026-08-07T17:59:29.593,2,left,229.0,229.1081081081081,372.0,228,230,3,42,111,False,True,
run_20260807_175821_881241,1940,67,2026-08-07T17:59:29.593,1,left,251.0,251.5721649484536,372.0,250,253,4,68,194,False,True,
run_20260807_175821_881241,1940,67,2026-08-07T17:59:29.593,0,left,273.0,273.1904761904762,371.5,272,274,3,43,105,True,True,
run_20260807_175821_881241,1940,67,2026-08-07T17:59:29.593,0,right,470.0,470.0,371.5,469,471,3,42,126,True,True,
run_20260807_175821_881241,1940,67,2026-08-07T17:59:29.593,1,right,493.0,492.2281553398058,372.0,491,494,4,70,206,False,True,
run_20260807_175821_881241,1940,67,2026-08-07T17:59:29.593,2,right,515.0,514.6829268292682,372.0,513,516,4,42,123,False,True,
run_20260807_175821_881241,1940,67,2026-08-07T17:59:29.593,3,right,537.0,536.9586776859504,372.0,536,538,3,42,121,False,True,
run_20260807_175821_881241,1940,67,2026-08-07T17:59:29.593,4,right,559.25,558.9915966386554,371.875,558,560,3,42,119,False,True,
run_20260807_175821_881241,1940,67,2026-08-07T17:59:29.593,5,right,582.0,581.4765625,372.0,580,583,4,43,128,False,True,
run_20260807_175821_881241,1940,67,2026-08-07T17:59:29.593,6,right,604.25,603.0886699507389,372.0480769230769,601,605,5,67,203,False,True,
run_20260807_175821_881241,1940,67,2026-08-07T17:59:29.593,7,right,626.0,625.9333333333333,371.75,625,627,3,43,120,False,True,
run_20260807_175821_881241,1940,67,2026-08-07T17:59:29.593,8,right,648.0,647.8672566371681,371.875,647,649,3,43,113,False,True,
run_20260807_175821_881241,1940,67,2026-08-07T17:59:29.593,9,right,670.0,669.5948275862069,372.0,668,671,4,43,116,False,True,
run_20260807_175821_881241,1940,67,2026-08-07T17:59:29.593,10,right,692.0,691.4590163934427,372.0,690,693,4,42,122,False,True,
run_20260807_175821_881241,1940,67,2026-08-07T17:59:29.593,11,right,713.1538461538462,711.9796954314721,371.5769230769231,709,714,6,52,197,False,True,
run_20260807_175821_881241,1940,67,2026-08-07T17:59:29.593,12,right,735.0,734.5172413793103,371.75,733,736,4,42,116,False,True,
run_20260807_175821_881241,1971,68,2026-08-07T17:59:30.624,12,left,8.5,8.878504672897197,371.75,8,10,3,42,107,False,True,
run_20260807_175821_881241,1971,68,2026-08-07T17:59:30.624,11,left,30.0,31.267015706806284,371.5,29,34,6,52,191,False,True,
run_20260807_175821_881241,1971,68,2026-08-07T17:59:30.624,10,left,52.0,52.091743119266056,372.0,51,53,3,40,109,False,True,
run_20260807_175821_881241,1971,68,2026-08-07T17:59:30.624,9,left,74.0,74.08490566037736,372.0,73,75,3,39,106,False,True,
run_20260807_175821_881241,1971,68,2026-08-07T17:59:30.624,8,left,96.0,96.08411214953271,372.0,95,97,3,39,107,False,True,
run_20260807_175821_881241,1971,68,2026-08-07T17:59:30.624,7,left,117.5,117.97916666666667,371.75,117,119,3,38,96,False,True,
run_20260807_175821_881241,1971,68,2026-08-07T17:59:30.624,6,left,139.75,140.99056603773585,372.0,139,144,6,65,212,False,True,
run_20260807_175821_881241,1971,68,2026-08-07T17:59:30.624,5,left,162.0,162.17171717171718,372.0,161,163,3,39,99,False,True,
run_20260807_175821_881241,1971,68,2026-08-07T17:59:30.624,4,left,184.5,184.8125,371.8269230769231,184,186,3,40,96,False,True,
run_20260807_175821_881241,1971,68,2026-08-07T17:59:30.624,3,left,207.0,207.05982905982907,372.0,206,208,3,42,117,False,True,
run_20260807_175821_881241,1971,68,2026-08-07T17:59:30.624,2,left,229.0,229.1081081081081,372.0,228,230,3,42,111,False,True,
run_20260807_175821_881241,1971,68,2026-08-07T17:59:30.624,1,left,251.0,251.55612244897958,372.0,250,253,4,68,196,False,True,
run_20260807_175821_881241,1971,68,2026-08-07T17:59:30.624,0,left,273.0,273.22330097087377,371.5,272,274,3,43,103,True,True,
run_20260807_175821_881241,1971,68,2026-08-07T17:59:30.624,0,right,470.0,470.0,371.5,469,471,3,43,127,True,True,
run_20260807_175821_881241,1971,68,2026-08-07T17:59:30.624,1,right,493.0,492.2281553398058,372.0,491,494,4,70,206,False,True,
run_20260807_175821_881241,1971,68,2026-08-07T17:59:30.624,2,right,515.0,514.6829268292682,372.0,513,516,4,42,123,False,True,
run_20260807_175821_881241,1971,68,2026-08-07T17:59:30.624,3,right,537.0,536.9586776859504,372.0,536,538,3,42,121,False,True,
run_20260807_175821_881241,1971,68,2026-08-07T17:59:30.624,4,right,559.1538461538462,558.99173553719,371.8269230769231,558,560,3,42,121,False,True,
run_20260807_175821_881241,1971,68,2026-08-07T17:59:30.624,5,right,582.0,581.4765625,372.0,580,583,4,43,128,False,True,
run_20260807_175821_881241,1971,68,2026-08-07T17:59:30.624,6,right,604.25,603.0746268656717,372.0,601,605,5,67,201,False,True,
run_20260807_175821_881241,1971,68,2026-08-07T17:59:30.624,7,right,626.0,625.9333333333333,371.75,625,627,3,43,120,False,True,
run_20260807_175821_881241,1971,68,2026-08-07T17:59:30.624,8,right,648.0,647.8571428571429,372.0,647,649,3,43,112,False,True,
run_20260807_175821_881241,1971,68,2026-08-07T17:59:30.624,9,right,670.0,669.6068376068376,372.0,668,671,4,43,117,False,True,
run_20260807_175821_881241,1971,68,2026-08-07T17:59:30.624,10,right,692.0,691.4833333333333,372.0,690,693,4,42,120,False,True,
run_20260807_175821_881241,1971,68,2026-08-07T17:59:30.624,11,right,713.0,711.969696969697,371.5,709,714,6,54,198,False,True,
run_20260807_175821_881241,1971,68,2026-08-07T17:59:30.624,12,right,735.0,734.542372881356,371.75,733,736,4,42,118,False,True,
run_20260807_175821_881241,2002,69,2026-08-07T17:59:31.660,12,left,8.5,8.867924528301886,371.75,8,10,3,42,106,False,True,
run_20260807_175821_881241,2002,69,2026-08-07T17:59:31.660,11,left,30.0,31.30366492146597,371.5,29,34,6,52,191,False,True,
run_20260807_175821_881241,2002,69,2026-08-07T17:59:31.660,10,left,52.0,52.08181818181818,372.0,51,53,3,40,110,False,True,
run_20260807_175821_881241,2002,69,2026-08-07T17:59:31.660,9,left,74.0,74.08411214953271,372.0,73,75,3,39,107,False,True,
run_20260807_175821_881241,2002,69,2026-08-07T17:59:31.660,8,left,96.0,96.08411214953271,372.0,95,97,3,39,107,False,True,
run_20260807_175821_881241,2002,69,2026-08-07T17:59:31.660,7,left,117.5,117.97916666666667,371.75,117,119,3,38,96,False,True,
run_20260807_175821_881241,2002,69,2026-08-07T17:59:31.660,6,left,139.75,140.99056603773585,372.0,139,144,6,65,212,False,True,
run_20260807_175821_881241,2002,69,2026-08-07T17:59:31.660,5,left,162.0,162.17171717171718,372.0,161,163,3,39,99,False,True,
run_20260807_175821_881241,2002,69,2026-08-07T17:59:31.660,4,left,184.5,184.8125,371.8269230769231,184,186,3,40,96,False,True,
run_20260807_175821_881241,2002,69,2026-08-07T17:59:31.660,3,left,207.0,207.05982905982907,372.0,206,208,3,42,117,False,True,
run_20260807_175821_881241,2002,69,2026-08-07T17:59:31.660,2,left,229.0,229.1081081081081,372.0,228,230,3,42,111,False,True,
run_20260807_175821_881241,2002,69,2026-08-07T17:59:31.660,1,left,251.0,251.5721649484536,372.0,250,253,4,68,194,False,True,
run_20260807_175821_881241,2002,69,2026-08-07T17:59:31.660,0,left,273.0,273.22330097087377,371.5,272,274,3,43,103,True,True,
run_20260807_175821_881241,2002,69,2026-08-07T17:59:31.660,0,right,470.0,470.0,371.5,469,471,3,43,127,True,True,
run_20260807_175821_881241,2002,69,2026-08-07T17:59:31.660,1,right,493.0,492.22439024390246,372.0,491,494,4,70,205,False,True,
run_20260807_175821_881241,2002,69,2026-08-07T17:59:31.660,2,right,515.0,514.6935483870968,372.0,513,516,4,42,124,False,True,
run_20260807_175821_881241,2002,69,2026-08-07T17:59:31.660,3,right,537.0,536.9586776859504,372.0,536,538,3,42,121,False,True,
run_20260807_175821_881241,2002,69,2026-08-07T17:59:31.660,4,right,559.1538461538462,558.99173553719,371.8269230769231,558,560,3,42,121,False,True,
run_20260807_175821_881241,2002,69,2026-08-07T17:59:31.660,5,right,582.0,581.4765625,372.0,580,583,4,43,128,False,True,
run_20260807_175821_881241,2002,69,2026-08-07T17:59:31.660,6,right,604.25,603.0841584158416,372.0,601,605,5,67,202,False,True,
run_20260807_175821_881241,2002,69,2026-08-07T17:59:31.660,7,right,626.0,625.9333333333333,371.75,625,627,3,43,120,False,True,
run_20260807_175821_881241,2002,69,2026-08-07T17:59:31.660,8,right,648.0,647.8571428571429,372.0,647,649,3,43,112,False,True,
run_20260807_175821_881241,2002,69,2026-08-07T17:59:31.660,9,right,670.0,669.6302521008404,372.0,668,671,4,43,119,False,True,
run_20260807_175821_881241,2002,69,2026-08-07T17:59:31.660,10,right,692.0,691.4628099173553,372.0,690,693,4,41,121,False,True,
run_20260807_175821_881241,2002,69,2026-08-07T17:59:31.660,11,right,713.0,711.9796954314721,371.5,709,714,6,54,197,False,True,
run_20260807_175821_881241,2002,69,2026-08-07T17:59:31.660,12,right,735.0,734.5555555555555,371.75,733,736,4,42,117,False,True,
run_20260807_175821_881241,2033,70,2026-08-07T17:59:32.690,12,left,8.5,8.857142857142858,371.75,8,10,3,42,105,False,True,
run_20260807_175821_881241,2033,70,2026-08-07T17:59:32.690,11,left,30.0,31.296875,371.5,29,34,6,52,192,False,True,
run_20260807_175821_881241,2033,70,2026-08-07T17:59:32.690,10,left,52.0,52.08181818181818,372.0,51,53,3,40,110,False,True,
run_20260807_175821_881241,2033,70,2026-08-07T17:59:32.690,9,left,74.0,74.08490566037736,372.0,73,75,3,39,106,False,True,
run_20260807_175821_881241,2033,70,2026-08-07T17:59:32.690,8,left,95.63636363636364,96.04854368932038,371.8181818181818,95,97,3,38,103,False,True,
run_20260807_175821_881241,2033,70,2026-08-07T17:59:32.690,7,left,117.5,117.97916666666667,371.75,117,119,3,38,96,False,True,
run_20260807_175821_881241,2033,70,2026-08-07T17:59:32.690,6,left,139.75,140.9904761904762,372.0,139,144,6,63,210,False,True,
run_20260807_175821_881241,2033,70,2026-08-07T17:59:32.690,5,left,162.0,162.17171717171718,372.0,161,163,3,39,99,False,True,
run_20260807_175821_881241,2033,70,2026-08-07T17:59:32.690,4,left,184.5,184.8125,371.875,184,186,3,40,96,False,True,
run_20260807_175821_881241,2033,70,2026-08-07T17:59:32.690,3,left,207.0,207.05982905982907,372.0,206,208,3,42,117,False,True,
run_20260807_175821_881241,2033,70,2026-08-07T17:59:32.690,2,left,229.0,229.1081081081081,372.0,228,230,3,42,111,False,True,
run_20260807_175821_881241,2033,70,2026-08-07T17:59:32.690,1,left,251.0,251.56632653061226,372.0,250,253,4,69,196,False,True,
run_20260807_175821_881241,2033,70,2026-08-07T17:59:32.690,0,left,273.0,273.188679245283,371.5,272,274,3,43,106,True,True,
run_20260807_175821_881241,2033,70,2026-08-07T17:59:32.690,0,right,470.0,470.0,371.5,469,471,3,42,126,True,True,
run_20260807_175821_881241,2033,70,2026-08-07T17:59:32.690,1,right,493.0,492.21844660194176,372.0,491,494,4,70,206,False,True,
run_20260807_175821_881241,2033,70,2026-08-07T17:59:32.690,2,right,515.0,514.6935483870968,372.0,513,516,4,42,124,False,True,
run_20260807_175821_881241,2033,70,2026-08-07T17:59:32.690,3,right,537.0,536.9586776859504,372.0,536,538,3,42,121,False,True,
run_20260807_175821_881241,2033,70,2026-08-07T17:59:32.690,4,right,559.25,559.0,371.875,558,560,3,42,120,False,True,
run_20260807_175821_881241,2033,70,2026-08-07T17:59:32.690,5,right,582.0,581.4651162790698,372.0,580,583,4,43,129,False,True,
run_20260807_175821_881241,2033,70,2026-08-07T17:59:32.690,6,right,604.25,603.0841584158416,372.0,601,605,5,67,202,False,True,
run_20260807_175821_881241,2033,70,2026-08-07T17:59:32.690,7,right,626.0,625.9059829059829,371.75,625,627,3,43,117,False,True,
run_20260807_175821_881241,2033,70,2026-08-07T17:59:32.690,8,right,648.0,647.8571428571429,371.8181818181818,647,649,3,43,112,False,True,
run_20260807_175821_881241,2033,70,2026-08-07T17:59:32.690,9,right,670.0,669.6186440677966,372.0,668,671,4,43,118,False,True,
run_20260807_175821_881241,2033,70,2026-08-07T17:59:32.690,10,right,692.0,691.4710743801653,372.0,690,693,4,42,121,False,True,
run_20260807_175821_881241,2033,70,2026-08-07T17:59:32.690,11,right,713.0,711.9692307692308,371.5,709,714,6,54,195,False,True,
run_20260807_175821_881241,2033,70,2026-08-07T17:59:32.690,12,right,735.0,734.5172413793103,371.75,733,736,4,42,116,False,True,
run_20260807_175821_881241,2063,71,2026-08-07T17:59:33.692,12,left,8.5,8.867924528301886,371.75,8,10,3,42,106,False,True,
run_20260807_175821_881241,2063,71,2026-08-07T17:59:33.692,11,left,30.0,31.308900523560208,371.5,29,34,6,53,191,False,True,
run_20260807_175821_881241,2063,71,2026-08-07T17:59:33.692,10,left,52.0,52.08181818181818,372.0,51,53,3,40,110,False,True,
run_20260807_175821_881241,2063,71,2026-08-07T17:59:33.692,9,left,74.0,74.08411214953271,372.0,73,75,3,39,107,False,True,
run_20260807_175821_881241,2063,71,2026-08-07T17:59:33.692,8,left,96.0,96.08411214953271,372.0,95,97,3,39,107,False,True,
run_20260807_175821_881241,2063,71,2026-08-07T17:59:33.692,7,left,117.5,117.97916666666667,371.75,117,119,3,38,96,False,True,
run_20260807_175821_881241,2063,71,2026-08-07T17:59:33.692,6,left,139.92857142857142,140.99532710280374,372.0892857142857,139,144,6,66,214,False,True,
run_20260807_175821_881241,2063,71,2026-08-07T17:59:33.692,5,left,162.0,162.17171717171718,372.0,161,163,3,39,99,False,True,
run_20260807_175821_881241,2063,71,2026-08-07T17:59:33.692,4,left,184.5,184.81632653061226,371.875,184,186,3,40,98,False,True,
run_20260807_175821_881241,2063,71,2026-08-07T17:59:33.692,3,left,207.0,207.05982905982907,372.0,206,208,3,42,117,False,True,
run_20260807_175821_881241,2063,71,2026-08-07T17:59:33.692,2,left,229.0,229.1081081081081,372.0,228,230,3,42,111,False,True,
run_20260807_175821_881241,2063,71,2026-08-07T17:59:33.692,1,left,251.0,251.5482233502538,372.0,250,253,4,68,197,False,True,
run_20260807_175821_881241,2063,71,2026-08-07T17:59:33.692,0,left,273.0,273.188679245283,371.5,272,274,3,43,106,True,True,
run_20260807_175821_881241,2063,71,2026-08-07T17:59:33.692,0,right,470.0,470.0,371.5,469,471,3,42,126,True,True,
run_20260807_175821_881241,2063,71,2026-08-07T17:59:33.692,1,right,493.0,492.23645320197045,372.0,491,494,4,70,203,False,True,
run_20260807_175821_881241,2063,71,2026-08-07T17:59:33.692,2,right,515.0,514.6935483870968,372.0,513,516,4,42,124,False,True,
run_20260807_175821_881241,2063,71,2026-08-07T17:59:33.692,3,right,537.0,536.9586776859504,372.0,536,538,3,42,121,False,True,
run_20260807_175821_881241,2063,71,2026-08-07T17:59:33.692,4,right,559.25,559.0,371.875,558,560,3,42,120,False,True,
run_20260807_175821_881241,2063,71,2026-08-07T17:59:33.692,5,right,582.0,581.4765625,372.0,580,583,4,43,128,False,True,
run_20260807_175821_881241,2063,71,2026-08-07T17:59:33.692,6,right,604.25,603.0746268656717,372.0892857142857,601,605,5,67,201,False,True,
run_20260807_175821_881241,2063,71,2026-08-07T17:59:33.692,7,right,626.0,625.9333333333333,371.75,625,627,3,43,120,False,True,
run_20260807_175821_881241,2063,71,2026-08-07T17:59:33.692,8,right,648.0,647.8571428571429,372.0,647,649,3,43,112,False,True,
run_20260807_175821_881241,2063,71,2026-08-07T17:59:33.692,9,right,670.0,669.8130841121496,372.0,669,671,3,43,107,False,True,
run_20260807_175821_881241,2063,71,2026-08-07T17:59:33.692,10,right,692.0,691.4833333333333,372.0,690,693,4,42,120,False,True,
run_20260807_175821_881241,2063,71,2026-08-07T17:59:33.692,11,right,713.0,711.9644670050761,371.5,709,714,6,54,197,False,True,
run_20260807_175821_881241,2063,71,2026-08-07T17:59:33.692,12,right,735.0,734.5299145299145,371.75,733,736,4,42,117,False,True,
run_20260807_175821_881241,2093,72,2026-08-07T17:59:34.694,12,left,8.5,8.857142857142858,371.75,8,10,3,42,105,False,True,
run_20260807_175821_881241,2093,72,2026-08-07T17:59:34.694,11,left,30.0,31.29015544041451,371.5,29,34,6,53,193,False,True,
run_20260807_175821_881241,2093,72,2026-08-07T17:59:34.694,10,left,52.0,52.08181818181818,372.0,51,53,3,40,110,False,True,
run_20260807_175821_881241,2093,72,2026-08-07T17:59:34.694,9,left,74.0,74.08411214953271,372.0,73,75,3,39,107,False,True,
run_20260807_175821_881241,2093,72,2026-08-07T17:59:34.694,8,left,96.0,96.08411214953271,372.0,95,97,3,39,107,False,True,
run_20260807_175821_881241,2093,72,2026-08-07T17:59:34.694,7,left,117.5,117.94623655913979,371.75,117,119,3,38,93,False,True,
run_20260807_175821_881241,2093,72,2026-08-07T17:59:34.694,6,left,139.75,140.99056603773585,372.0,139,144,6,65,212,False,True,
run_20260807_175821_881241,2093,72,2026-08-07T17:59:34.694,5,left,162.0,162.17171717171718,372.0,161,163,3,39,99,False,True,
run_20260807_175821_881241,2093,72,2026-08-07T17:59:34.694,4,left,184.5,184.8041237113402,371.875,184,186,3,40,97,False,True,
run_20260807_175821_881241,2093,72,2026-08-07T17:59:34.694,3,left,207.0,207.05982905982907,372.0,206,208,3,42,117,False,True,
run_20260807_175821_881241,2093,72,2026-08-07T17:59:34.694,2,left,229.0,229.1081081081081,372.0,228,230,3,42,111,False,True,
run_20260807_175821_881241,2093,72,2026-08-07T17:59:34.694,1,left,251.0,251.56476683937825,372.0,250,253,4,68,193,False,True,
run_20260807_175821_881241,2093,72,2026-08-07T17:59:34.694,0,left,273.0,273.21153846153845,371.5,272,274,3,43,104,True,True,
run_20260807_175821_881241,2093,72,2026-08-07T17:59:34.694,0,right,470.0,470.0,371.5,469,471,3,42,126,True,True,
run_20260807_175821_881241,2093,72,2026-08-07T17:59:34.694,1,right,493.0,492.2281553398058,372.0,491,494,4,70,206,False,True,
run_20260807_175821_881241,2093,72,2026-08-07T17:59:34.694,2,right,515.0,514.6935483870968,372.0,513,516,4,42,124,False,True,
run_20260807_175821_881241,2093,72,2026-08-07T17:59:34.694,3,right,537.0,536.9586776859504,372.0,536,538,3,42,121,False,True,
run_20260807_175821_881241,2093,72,2026-08-07T17:59:34.694,4,right,559.25,559.0,371.875,558,560,3,42,120,False,True,
run_20260807_175821_881241,2093,72,2026-08-07T17:59:34.694,5,right,582.0,581.4765625,372.0,580,583,4,43,128,False,True,
run_20260807_175821_881241,2093,72,2026-08-07T17:59:34.694,6,right,604.25,603.0886699507389,372.0,601,605,5,67,203,False,True,
run_20260807_175821_881241,2093,72,2026-08-07T17:59:34.694,7,right,626.0,625.9059829059829,371.75,625,627,3,43,117,False,True,
run_20260807_175821_881241,2093,72,2026-08-07T17:59:34.694,8,right,648.0,647.8571428571429,372.0,647,649,3,43,112,False,True,
run_20260807_175821_881241,2093,72,2026-08-07T17:59:34.694,9,right,670.0,669.5948275862069,372.0,668,671,4,43,116,False,True,
run_20260807_175821_881241,2093,72,2026-08-07T17:59:34.694,10,right,692.0,691.4873949579832,372.0,690,693,4,41,119,False,True,
run_20260807_175821_881241,2093,72,2026-08-07T17:59:34.694,11,right,713.0,711.9744897959183,371.5,709,714,6,54,196,False,True,
run_20260807_175821_881241,2093,72,2026-08-07T17:59:34.694,12,right,735.0,734.542372881356,371.75,733,736,4,42,118,False,True,
run_20260807_175821_881241,2124,73,2026-08-07T17:59:35.723,12,left,8.5,8.846153846153847,371.75,8,10,3,42,104,False,True,
run_20260807_175821_881241,2124,73,2026-08-07T17:59:35.723,11,left,30.0,31.269430051813472,371.5769230769231,29,34,6,53,193,False,True,
run_20260807_175821_881241,2124,73,2026-08-07T17:59:35.723,10,left,52.0,52.08181818181818,372.0,51,53,3,40,110,False,True,
run_20260807_175821_881241,2124,73,2026-08-07T17:59:35.723,9,left,74.0,74.08411214953271,372.0,73,75,3,39,107,False,True,
run_20260807_175821_881241,2124,73,2026-08-07T17:59:35.723,8,left,96.0,96.08411214953271,372.0,95,97,3,39,107,False,True,
run_20260807_175821_881241,2124,73,2026-08-07T17:59:35.723,7,left,117.5,117.96842105263158,371.75,117,119,3,38,95,False,True,
run_20260807_175821_881241,2124,73,2026-08-07T17:59:35.723,6,left,140.0,140.99074074074073,372.125,139,144,6,69,216,False,True,
run_20260807_175821_881241,2124,73,2026-08-07T17:59:35.723,5,left,162.0,162.17171717171718,372.0,161,163,3,39,99,False,True,
run_20260807_175821_881241,2124,73,2026-08-07T17:59:35.723,4,left,184.5,184.8041237113402,371.875,184,186,3,40,97,False,True,
run_20260807_175821_881241,2124,73,2026-08-07T17:59:35.723,3,left,207.0,207.05982905982907,372.0,206,208,3,42,117,False,True,
run_20260807_175821_881241,2124,73,2026-08-07T17:59:35.723,2,left,229.0,229.1081081081081,372.0,228,230,3,42,111,False,True,
run_20260807_175821_881241,2124,73,2026-08-07T17:59:35.723,1,left,251.0,251.55897435897435,372.0,250,253,4,69,195,False,True,
run_20260807_175821_881241,2124,73,2026-08-07T17:59:35.723,0,left,273.0,273.1904761904762,371.5,272,274,3,43,105,True,True,
run_20260807_175821_881241,2124,73,2026-08-07T17:59:35.723,0,right,470.0,470.0,371.5,469,471,3,42,126,True,True,
run_20260807_175821_881241,2124,73,2026-08-07T17:59:35.723,1,right,493.0,492.22439024390246,372.0,491,494,4,70,205,False,True,
run_20260807_175821_881241,2124,73,2026-08-07T17:59:35.723,2,right,515.0,514.6935483870968,372.0,513,516,4,42,124,False,True,
run_20260807_175821_881241,2124,73,2026-08-07T17:59:35.723,3,right,537.0,536.9586776859504,372.0,536,538,3,42,121,False,True,
run_20260807_175821_881241,2124,73,2026-08-07T17:59:35.723,4,right,559.25,559.0,371.875,558,560,3,42,120,False,True,
run_20260807_175821_881241,2124,73,2026-08-07T17:59:35.723,5,right,582.0,581.4645669291339,372.0,580,583,4,43,127,False,True,
run_20260807_175821_881241,2124,73,2026-08-07T17:59:35.723,6,right,604.25,603.0841584158416,372.125,601,605,5,67,202,False,True,
run_20260807_175821_881241,2124,73,2026-08-07T17:59:35.723,7,right,626.0,625.9059829059829,371.75,625,627,3,43,117,False,True,
run_20260807_175821_881241,2124,73,2026-08-07T17:59:35.723,8,right,648.0,647.8672566371681,372.0,647,649,3,43,113,False,True,
run_20260807_175821_881241,2124,73,2026-08-07T17:59:35.723,9,right,670.0,669.5948275862069,372.0,668,671,4,43,116,False,True,
run_20260807_175821_881241,2124,73,2026-08-07T17:59:35.723,10,right,692.0,691.4957983193277,372.0,690,693,4,42,119,False,True,
run_20260807_175821_881241,2124,73,2026-08-07T17:59:35.723,11,right,713.1538461538462,711.9897959183673,371.5769230769231,709,714,6,52,196,False,True,
run_20260807_175821_881241,2124,73,2026-08-07T17:59:35.723,12,right,735.0,734.5042735042736,371.75,733,736,4,42,117,False,True,
run_20260807_175821_881241,2154,74,2026-08-07T17:59:36.727,12,left,8.5,8.857142857142858,371.75,8,10,3,42,105,False,True,
run_20260807_175821_881241,2154,74,2026-08-07T17:59:36.727,11,left,30.0,31.270833333333332,371.5,29,34,6,53,192,False,True,
run_20260807_175821_881241,2154,74,2026-08-07T17:59:36.727,10,left,52.0,52.08181818181818,372.0,51,53,3,40,110,False,True,
run_20260807_175821_881241,2154,74,2026-08-07T17:59:36.727,9,left,73.84615384615384,74.0673076923077,371.9230769230769,73,75,3,37,104,False,True,
run_20260807_175821_881241,2154,74,2026-08-07T17:59:36.727,8,left,96.0,96.08411214953271,372.0,95,97,3,39,107,False,True,
run_20260807_175821_881241,2154,74,2026-08-07T17:59:36.727,7,left,117.5,117.97916666666667,371.75,117,119,3,38,96,False,True,
run_20260807_175821_881241,2154,74,2026-08-07T17:59:36.727,6,left,139.75,140.99052132701422,372.0,139,144,6,64,211,False,True,
run_20260807_175821_881241,2154,74,2026-08-07T17:59:36.727,5,left,162.0,162.17171717171718,372.0,161,163,3,39,99,False,True,
run_20260807_175821_881241,2154,74,2026-08-07T17:59:36.727,4,left,184.5,184.8041237113402,371.875,184,186,3,40,97,False,True,
run_20260807_175821_881241,2154,74,2026-08-07T17:59:36.727,3,left,207.0,207.05982905982907,372.0,206,208,3,42,117,False,True,
run_20260807_175821_881241,2154,74,2026-08-07T17:59:36.727,2,left,229.0,229.1081081081081,372.0,228,230,3,42,111,False,True,
run_20260807_175821_881241,2154,74,2026-08-07T17:59:36.727,1,left,251.0,251.55670103092783,372.0,250,253,4,68,194,False,True,
run_20260807_175821_881241,2154,74,2026-08-07T17:59:36.727,0,left,273.0,273.188679245283,371.5,272,274,3,43,106,True,True,
run_20260807_175821_881241,2154,74,2026-08-07T17:59:36.727,0,right,470.0,470.0,371.5,469,471,3,43,127,True,True,
run_20260807_175821_881241,2154,74,2026-08-07T17:59:36.727,1,right,493.0,492.23039215686276,372.0,491,494,4,70,204,False,True,
run_20260807_175821_881241,2154,74,2026-08-07T17:59:36.727,2,right,515.0,514.6935483870968,372.0,513,516,4,42,124,False,True,
run_20260807_175821_881241,2154,74,2026-08-07T17:59:36.727,3,right,537.0,536.9586776859504,372.0,536,538,3,42,121,False,True,
run_20260807_175821_881241,2154,74,2026-08-07T17:59:36.727,4,right,559.25,559.0,371.875,558,560,3,42,120,False,True,
run_20260807_175821_881241,2154,74,2026-08-07T17:59:36.727,5,right,582.0,581.4645669291339,372.0,580,583,4,43,127,False,True,
run_20260807_175821_881241,2154,74,2026-08-07T17:59:36.727,6,right,604.25,603.0841584158416,372.0,601,605,5,67,202,False,True,
run_20260807_175821_881241,2154,74,2026-08-07T17:59:36.727,7,right,626.0,625.9059829059829,371.75,625,627,3,43,117,False,True,
run_20260807_175821_881241,2154,74,2026-08-07T17:59:36.727,8,right,648.0,647.8571428571429,372.0,647,649,3,43,112,False,True,
run_20260807_175821_881241,2154,74,2026-08-07T17:59:36.727,9,right,670.0,669.6186440677966,371.9230769230769,668,671,4,43,118,False,True,
run_20260807_175821_881241,2154,74,2026-08-07T17:59:36.727,10,right,692.0,691.4745762711865,372.0,690,693,4,41,118,False,True,
run_20260807_175821_881241,2154,74,2026-08-07T17:59:36.727,11,right,713.0,711.9796954314721,371.5,709,714,6,54,197,False,True,
run_20260807_175821_881241,2154,74,2026-08-07T17:59:36.727,12,right,735.0,734.5172413793103,371.75,733,736,4,42,116,False,True,
run_20260807_175821_881241,2185,75,2026-08-07T17:59:37.761,12,left,8.5,8.857142857142858,371.75,8,10,3,42,105,False,True,
run_20260807_175821_881241,2185,75,2026-08-07T17:59:37.761,11,left,30.0,31.285714285714285,371.5,29,34,6,53,196,False,True,
run_20260807_175821_881241,2185,75,2026-08-07T17:59:37.761,10,left,52.0,52.08181818181818,372.0,51,53,3,40,110,False,True,
run_20260807_175821_881241,2185,75,2026-08-07T17:59:37.761,9,left,74.0,74.08490566037736,372.0,73,75,3,39,106,False,True,
run_20260807_175821_881241,2185,75,2026-08-07T17:59:37.761,8,left,96.0,96.08411214953271,372.0,95,97,3,39,107,False,True,
run_20260807_175821_881241,2185,75,2026-08-07T17:59:37.761,7,left,117.5,117.95744680851064,371.75,117,119,3,38,94,False,True,
run_20260807_175821_881241,2185,75,2026-08-07T17:59:37.761,6,left,140.0,140.99074074074073,372.125,139,144,6,69,216,False,True,
run_20260807_175821_881241,2185,75,2026-08-07T17:59:37.761,5,left,162.0,162.17171717171718,372.0,161,163,3,39,99,False,True,
run_20260807_175821_881241,2185,75,2026-08-07T17:59:37.761,4,left,184.07142857142858,184.60550458715596,371.6126373626374,183,186,4,40,109,False,True,
run_20260807_175821_881241,2185,75,2026-08-07T17:59:37.761,3,left,207.0,207.05982905982907,372.0,206,208,3,42,117,False,True,
run_20260807_175821_881241,2185,75,2026-08-07T17:59:37.761,2,left,229.0,229.1081081081081,372.0,228,230,3,42,111,False,True,
run_20260807_175821_881241,2185,75,2026-08-07T17:59:37.761,1,left,251.0,251.54040404040404,372.0,250,253,4,69,198,False,True,
run_20260807_175821_881241,2185,75,2026-08-07T17:59:37.761,0,left,273.0,273.188679245283,371.5,272,274,3,43,106,True,True,
run_20260807_175821_881241,2185,75,2026-08-07T17:59:37.761,0,right,470.0,470.0,371.5,469,471,3,42,126,True,True,
run_20260807_175821_881241,2185,75,2026-08-07T17:59:37.761,1,right,493.0,492.23414634146343,372.0,491,494,4,70,205,False,True,
run_20260807_175821_881241,2185,75,2026-08-07T17:59:37.761,2,right,515.0,514.6829268292682,372.0,513,516,4,42,123,False,True,
run_20260807_175821_881241,2185,75,2026-08-07T17:59:37.761,3,right,537.0,536.9586776859504,372.0,536,538,3,42,121,False,True,
run_20260807_175821_881241,2185,75,2026-08-07T17:59:37.761,4,right,559.1538461538462,558.9833333333333,371.6126373626374,558,560,3,42,120,False,True,
run_20260807_175821_881241,2185,75,2026-08-07T17:59:37.761,5,right,582.0,581.4645669291339,372.0,580,583,4,43,127,False,True,
run_20260807_175821_881241,2185,75,2026-08-07T17:59:37.761,6,right,604.25,603.0643564356436,372.125,601,605,5,67,202,False,True,
run_20260807_175821_881241,2185,75,2026-08-07T17:59:37.761,7,right,626.0,625.9333333333333,371.75,625,627,3,43,120,False,True,
run_20260807_175821_881241,2185,75,2026-08-07T17:59:37.761,8,right,648.0,647.8571428571429,372.0,647,649,3,43,112,False,True,
run_20260807_175821_881241,2185,75,2026-08-07T17:59:37.761,9,right,670.0,669.5948275862069,372.0,668,671,4,43,116,False,True,
run_20260807_175821_881241,2185,75,2026-08-07T17:59:37.761,10,right,692.0,691.4833333333333,372.0,690,693,4,42,120,False,True,
run_20260807_175821_881241,2185,75,2026-08-07T17:59:37.761,11,right,713.0,711.9796954314721,371.5,709,714,6,54,197,False,True,
run_20260807_175821_881241,2185,75,2026-08-07T17:59:37.761,12,right,735.0,734.5294117647059,371.75,733,736,4,42,119,False,True,
run_20260807_175821_881241,2216,76,2026-08-07T17:59:38.790,12,left,8.5,8.857142857142858,371.75,8,10,3,42,105,False,True,
run_20260807_175821_881241,2216,76,2026-08-07T17:59:38.790,11,left,30.0,31.28497409326425,371.5,29,34,6,53,193,False,True,
run_20260807_175821_881241,2216,76,2026-08-07T17:59:38.790,10,left,52.0,52.083333333333336,372.0,51,53,3,39,108,False,True,
run_20260807_175821_881241,2216,76,2026-08-07T17:59:38.790,9,left,74.0,74.07407407407408,372.0,73,75,3,39,108,False,True,
run_20260807_175821_881241,2216,76,2026-08-07T17:59:38.790,8,left,95.63636363636364,96.02,371.8181818181818,95,97,3,38,100,False,True,
run_20260807_175821_881241,2216,76,2026-08-07T17:59:38.790,7,left,117.5,117.96842105263158,371.75,117,119,3,38,95,False,True,
run_20260807_175821_881241,2216,76,2026-08-07T17:59:38.790,6,left,140.0,140.99074074074073,372.125,139,144,6,69,216,False,True,
run_20260807_175821_881241,2216,76,2026-08-07T17:59:38.790,5,left,162.0,162.17171717171718,372.0,161,163,3,39,99,False,True,
run_20260807_175821_881241,2216,76,2026-08-07T17:59:38.790,4,left,184.5,184.8041237113402,371.9318181818182,184,186,3,40,97,False,True,
run_20260807_175821_881241,2216,76,2026-08-07T17:59:38.790,3,left,207.0,207.05982905982907,372.0,206,208,3,42,117,False,True,
run_20260807_175821_881241,2216,76,2026-08-07T17:59:38.790,2,left,229.0,229.1081081081081,372.0,228,230,3,42,111,False,True,
run_20260807_175821_881241,2216,76,2026-08-07T17:59:38.790,1,left,251.0,251.5408163265306,371.9375,250,253,4,68,196,False,True,
run_20260807_175821_881241,2216,76,2026-08-07T17:59:38.790,0,left,273.0,273.1775700934579,371.5,272,274,3,43,107,True,True,
run_20260807_175821_881241,2216,76,2026-08-07T17:59:38.790,0,right,470.0,470.0,371.5,469,471,3,42,126,True,True,
run_20260807_175821_881241,2216,76,2026-08-07T17:59:38.790,1,right,492.875,492.20095693779905,371.9375,491,494,4,70,209,False,True,
run_20260807_175821_881241,2216,76,2026-08-07T17:59:38.790,2,right,515.0,514.672131147541,372.0,513,516,4,42,122,False,True,
run_20260807_175821_881241,2216,76,2026-08-07T17:59:38.790,3,right,537.0,536.9586776859504,372.0,536,538,3,42,121,False,True,
run_20260807_175821_881241,2216,76,2026-08-07T17:59:38.790,4,right,559.3636363636364,559.0084033613446,371.9318181818182,558,560,3,42,119,False,True,
run_20260807_175821_881241,2216,76,2026-08-07T17:59:38.790,5,right,582.0,581.4765625,372.0,580,583,4,43,128,False,True,
run_20260807_175821_881241,2216,76,2026-08-07T17:59:38.790,6,right,604.25,603.0738916256157,372.125,601,605,5,67,203,False,True,
run_20260807_175821_881241,2216,76,2026-08-07T17:59:38.790,7,right,626.0,625.9333333333333,371.75,625,627,3,43,120,False,True,
run_20260807_175821_881241,2216,76,2026-08-07T17:59:38.790,8,right,648.0,647.8672566371681,371.8181818181818,647,649,3,43,113,False,True,
run_20260807_175821_881241,2216,76,2026-08-07T17:59:38.790,9,right,670.0,669.5948275862069,372.0,668,671,4,43,116,False,True,
run_20260807_175821_881241,2216,76,2026-08-07T17:59:38.790,10,right,692.0,691.4833333333333,372.0,690,693,4,42,120,False,True,
run_20260807_175821_881241,2216,76,2026-08-07T17:59:38.790,11,right,713.0,711.969696969697,371.5,709,714,6,54,198,False,True,
run_20260807_175821_881241,2216,76,2026-08-07T17:59:38.790,12,right,735.0,734.5299145299145,371.75,733,736,4,42,117,False,True,
run_20260807_175821_881241,2246,77,2026-08-07T17:59:39.791,12,left,8.5,8.857142857142858,371.75,8,10,3,42,105,False,True,
run_20260807_175821_881241,2246,77,2026-08-07T17:59:39.791,11,left,30.0,31.272251308900522,371.5,29,34,6,53,191,False,True,
run_20260807_175821_881241,2246,77,2026-08-07T17:59:39.791,10,left,52.0,52.08181818181818,372.0,51,53,3,40,110,False,True,
run_20260807_175821_881241,2246,77,2026-08-07T17:59:39.791,9,left,74.0,74.08490566037736,372.0,73,75,3,39,106,False,True,
run_20260807_175821_881241,2246,77,2026-08-07T17:59:39.791,8,left,95.63636363636364,96.02970297029702,371.8181818181818,95,97,3,38,101,False,True,
run_20260807_175821_881241,2246,77,2026-08-07T17:59:39.791,7,left,117.5,117.96842105263158,371.75,117,119,3,38,95,False,True,
run_20260807_175821_881241,2246,77,2026-08-07T17:59:39.791,6,left,139.92857142857142,140.9906103286385,372.0892857142857,139,144,6,66,213,False,True,
run_20260807_175821_881241,2246,77,2026-08-07T17:59:39.791,5,left,162.0,162.17171717171718,372.0,161,163,3,39,99,False,True,
run_20260807_175821_881241,2246,77,2026-08-07T17:59:39.791,4,left,184.5,184.8041237113402,371.8269230769231,184,186,3,40,97,False,True,
run_20260807_175821_881241,2246,77,2026-08-07T17:59:39.791,3,left,207.0,207.05982905982907,372.0,206,208,3,42,117,False,True,
run_20260807_175821_881241,2246,77,2026-08-07T17:59:39.791,2,left,229.0,229.1081081081081,372.0,228,230,3,42,111,False,True,
run_20260807_175821_881241,2246,77,2026-08-07T17:59:39.791,1,left,251.0,251.55897435897435,371.9375,250,253,4,69,195,False,True,
run_20260807_175821_881241,2246,77,2026-08-07T17:59:39.791,0,left,273.0,273.1792452830189,371.5,272,274,3,43,106,True,True,
run_20260807_175821_881241,2246,77,2026-08-07T17:59:39.791,0,right,470.0,470.0,371.5,469,471,3,42,126,True,True,
run_20260807_175821_881241,2246,77,2026-08-07T17:59:39.791,1,right,492.875,492.20095693779905,371.9375,491,494,4,70,209,False,True,
run_20260807_175821_881241,2246,77,2026-08-07T17:59:39.791,2,right,515.0,514.8648648648649,372.0,514,516,3,42,111,False,True,
run_20260807_175821_881241,2246,77,2026-08-07T17:59:39.791,3,right,537.0,536.9586776859504,372.0,536,538,3,42,121,False,True,
run_20260807_175821_881241,2246,77,2026-08-07T17:59:39.791,4,right,559.1538461538462,558.99173553719,371.8269230769231,558,560,3,42,121,False,True,
run_20260807_175821_881241,2246,77,2026-08-07T17:59:39.791,5,right,582.0,581.4651162790698,372.0,580,583,4,43,129,False,True,
run_20260807_175821_881241,2246,77,2026-08-07T17:59:39.791,6,right,604.25,603.0643564356436,372.0892857142857,601,605,5,67,202,False,True,
run_20260807_175821_881241,2246,77,2026-08-07T17:59:39.791,7,right,626.0,625.9059829059829,371.75,625,627,3,43,117,False,True,
run_20260807_175821_881241,2246,77,2026-08-07T17:59:39.791,8,right,648.0,647.8571428571429,371.8181818181818,647,649,3,43,112,False,True,
run_20260807_175821_881241,2246,77,2026-08-07T17:59:39.791,9,right,670.0,669.5948275862069,372.0,668,671,4,43,116,False,True,
run_20260807_175821_881241,2246,77,2026-08-07T17:59:39.791,10,right,692.0,691.4833333333333,372.0,690,693,4,42,120,False,True,
run_20260807_175821_881241,2246,77,2026-08-07T17:59:39.791,11,right,713.0,711.9796954314721,371.5,709,714,6,54,197,False,True,
run_20260807_175821_881241,2246,77,2026-08-07T17:59:39.791,12,right,735.0,734.5338983050848,371.75,733,736,4,42,118,False,True,
run_20260807_175821_881241,2276,78,2026-08-07T17:59:40.794,12,left,8.5,8.857142857142858,371.75,8,10,3,42,105,False,True,
run_20260807_175821_881241,2276,78,2026-08-07T17:59:40.794,11,left,30.0,31.287958115183248,371.5,29,34,6,53,191,False,True,
run_20260807_175821_881241,2276,78,2026-08-07T17:59:40.794,10,left,52.0,52.08181818181818,372.0,51,53,3,40,110,False,True,
run_20260807_175821_881241,2276,78,2026-08-07T17:59:40.794,9,left,74.0,74.08490566037736,372.0,73,75,3,39,106,False,True,
run_20260807_175821_881241,2276,78,2026-08-07T17:59:40.794,8,left,95.84615384615384,96.06666666666666,371.9230769230769,95,97,3,38,105,False,True,
run_20260807_175821_881241,2276,78,2026-08-07T17:59:40.794,7,left,117.5,117.96842105263158,371.75,117,119,3,38,95,False,True,
run_20260807_175821_881241,2276,78,2026-08-07T17:59:40.794,6,left,140.0,140.99539170506912,372.125,139,144,6,69,217,False,True,
run_20260807_175821_881241,2276,78,2026-08-07T17:59:40.794,5,left,162.0,162.13725490196077,372.0,161,163,3,39,102,False,True,
run_20260807_175821_881241,2276,78,2026-08-07T17:59:40.794,4,left,184.5,184.8041237113402,371.75,184,186,3,40,97,False,True,
run_20260807_175821_881241,2276,78,2026-08-07T17:59:40.794,3,left,207.0,207.05982905982907,372.0,206,208,3,42,117,False,True,
run_20260807_175821_881241,2276,78,2026-08-07T17:59:40.794,2,left,229.0,229.1081081081081,372.0,228,230,3,42,111,False,True,
run_20260807_175821_881241,2276,78,2026-08-07T17:59:40.794,1,left,251.0,251.56410256410257,372.0,250,253,4,68,195,False,True,
run_20260807_175821_881241,2276,78,2026-08-07T17:59:40.794,0,left,273.0,273.2019230769231,371.5,272,274,3,43,104,True,True,
run_20260807_175821_881241,2276,78,2026-08-07T17:59:40.794,0,right,470.0,470.0,371.5,469,471,3,42,126,True,True,
run_20260807_175821_881241,2276,78,2026-08-07T17:59:40.794,1,right,493.0,492.21256038647346,372.0,491,494,4,70,207,False,True,
run_20260807_175821_881241,2276,78,2026-08-07T17:59:40.794,2,right,515.0,514.875,372.0,514,516,3,42,112,False,True,
run_20260807_175821_881241,2276,78,2026-08-07T17:59:40.794,3,right,537.0,536.9586776859504,372.0,536,538,3,42,121,False,True,
run_20260807_175821_881241,2276,78,2026-08-07T17:59:40.794,4,right,559.0,558.9756097560976,371.75,558,560,3,42,123,False,True,
run_20260807_175821_881241,2276,78,2026-08-07T17:59:40.794,5,right,582.0,581.4651162790698,372.0,580,583,4,43,129,False,True,
run_20260807_175821_881241,2276,78,2026-08-07T17:59:40.794,6,right,604.25,603.0643564356436,372.125,601,605,5,67,202,False,True,
run_20260807_175821_881241,2276,78,2026-08-07T17:59:40.794,7,right,626.0,625.9243697478992,371.75,625,627,3,43,119,False,True,
run_20260807_175821_881241,2276,78,2026-08-07T17:59:40.794,8,right,648.0,647.8571428571429,371.9230769230769,647,649,3,43,112,False,True,
run_20260807_175821_881241,2276,78,2026-08-07T17:59:40.794,9,right,670.0,669.6068376068376,372.0,668,671,4,43,117,False,True,
run_20260807_175821_881241,2276,78,2026-08-07T17:59:40.794,10,right,692.0,691.4833333333333,372.0,690,693,4,42,120,False,True,
run_20260807_175821_881241,2276,78,2026-08-07T17:59:40.794,11,right,713.0,711.9692307692308,371.5,709,714,6,54,195,False,True,
run_20260807_175821_881241,2276,78,2026-08-07T17:59:40.794,12,right,735.0,734.542372881356,371.75,733,736,4,42,118,False,True,
run_20260807_175821_881241,2307,79,2026-08-07T17:59:41.826,12,left,8.5,8.867924528301886,371.75,8,10,3,42,106,False,True,
run_20260807_175821_881241,2307,79,2026-08-07T17:59:41.826,11,left,30.0,31.287958115183248,371.5,29,34,6,52,191,False,True,
run_20260807_175821_881241,2307,79,2026-08-07T17:59:41.826,10,left,52.0,52.091743119266056,372.0,51,53,3,40,109,False,True,
run_20260807_175821_881241,2307,79,2026-08-07T17:59:41.826,9,left,74.0,74.08490566037736,372.0,73,75,3,39,106,False,True,
run_20260807_175821_881241,2307,79,2026-08-07T17:59:41.826,8,left,95.5,96.01010101010101,371.75,95,97,3,38,99,False,True,
run_20260807_175821_881241,2307,79,2026-08-07T17:59:41.826,7,left,117.5,117.95744680851064,371.75,117,119,3,38,94,False,True,
run_20260807_175821_881241,2307,79,2026-08-07T17:59:41.826,6,left,139.84615384615384,140.99065420560748,372.0480769230769,139,144,6,67,214,False,True,
run_20260807_175821_881241,2307,79,2026-08-07T17:59:41.826,5,left,162.0,162.17171717171718,372.0,161,163,3,39,99,False,True,
run_20260807_175821_881241,2307,79,2026-08-07T17:59:41.826,4,left,184.5,184.81632653061226,371.8269230769231,184,186,3,40,98,False,True,
run_20260807_175821_881241,2307,79,2026-08-07T17:59:41.826,3,left,207.0,207.05982905982907,372.0,206,208,3,42,117,False,True,
run_20260807_175821_881241,2307,79,2026-08-07T17:59:41.826,2,left,229.0,229.1081081081081,372.0,228,230,3,42,111,False,True,
run_20260807_175821_881241,2307,79,2026-08-07T17:59:41.826,1,left,251.0,251.56632653061226,372.0,250,253,4,69,196,False,True,
run_20260807_175821_881241,2307,79,2026-08-07T17:59:41.826,0,left,273.0,273.1904761904762,371.5,272,274,3,43,105,True,True,
run_20260807_175821_881241,2307,79,2026-08-07T17:59:41.826,0,right,470.0,470.0,371.5,469,471,3,42,126,True,True,
run_20260807_175821_881241,2307,79,2026-08-07T17:59:41.826,1,right,493.0,492.23645320197045,372.0,491,494,4,70,203,False,True,
run_20260807_175821_881241,2307,79,2026-08-07T17:59:41.826,2,right,515.0,514.875,372.0,514,516,3,42,112,False,True,
run_20260807_175821_881241,2307,79,2026-08-07T17:59:41.826,3,right,537.0,536.9586776859504,372.0,536,538,3,42,121,False,True,
run_20260807_175821_881241,2307,79,2026-08-07T17:59:41.826,4,right,559.1538461538462,558.99173553719,371.8269230769231,558,560,3,42,121,False,True,
run_20260807_175821_881241,2307,79,2026-08-07T17:59:41.826,5,right,582.0,581.4765625,372.0,580,583,4,43,128,False,True,
run_20260807_175821_881241,2307,79,2026-08-07T17:59:41.826,6,right,604.25,603.0792079207921,372.0480769230769,601,605,5,67,202,False,True,
run_20260807_175821_881241,2307,79,2026-08-07T17:59:41.826,7,right,626.0,625.9333333333333,371.75,625,627,3,43,120,False,True,
run_20260807_175821_881241,2307,79,2026-08-07T17:59:41.826,8,right,648.0,647.8571428571429,371.75,647,649,3,43,112,False,True,
run_20260807_175821_881241,2307,79,2026-08-07T17:59:41.826,9,right,670.0,669.5948275862069,372.0,668,671,4,43,116,False,True,
run_20260807_175821_881241,2307,79,2026-08-07T17:59:41.826,10,right,692.0,691.4453781512605,372.0,690,693,4,42,119,False,True,
run_20260807_175821_881241,2307,79,2026-08-07T17:59:41.826,11,right,713.0,711.9796954314721,371.5,709,714,6,54,197,False,True,
run_20260807_175821_881241,2307,79,2026-08-07T17:59:41.826,12,right,735.0,734.5172413793103,371.75,733,736,4,42,116,False,True,
run_20260807_175821_881241,2338,80,2026-08-07T17:59:42.854,12,left,8.5,8.857142857142858,371.75,8,10,3,42,105,False,True,
run_20260807_175821_881241,2338,80,2026-08-07T17:59:42.854,11,left,30.0,31.3,371.5,29,34,6,52,190,False,True,
run_20260807_175821_881241,2338,80,2026-08-07T17:59:42.854,10,left,52.0,52.08181818181818,372.0,51,53,3,40,110,False,True,
run_20260807_175821_881241,2338,80,2026-08-07T17:59:42.854,9,left,73.84615384615384,74.04901960784314,371.9230769230769,73,75,3,37,102,False,True,
run_20260807_175821_881241,2338,80,2026-08-07T17:59:42.854,8,left,96.0,96.06666666666666,372.0,95,97,3,38,105,False,True,
run_20260807_175821_881241,2338,80,2026-08-07T17:59:42.854,7,left,117.5,117.96842105263158,371.75,117,119,3,38,95,False,True,
run_20260807_175821_881241,2338,80,2026-08-07T17:59:42.854,6,left,140.0,140.99065420560748,372.125,139,144,6,67,214,False,True,
run_20260807_175821_881241,2338,80,2026-08-07T17:59:42.854,5,left,162.0,162.17171717171718,372.0,161,163,3,39,99,False,True,
run_20260807_175821_881241,2338,80,2026-08-07T17:59:42.854,4,left,184.5,184.81632653061226,371.875,184,186,3,40,98,False,True,
run_20260807_175821_881241,2338,80,2026-08-07T17:59:42.854,3,left,207.0,207.05982905982907,372.0,206,208,3,42,117,False,True,
run_20260807_175821_881241,2338,80,2026-08-07T17:59:42.854,2,left,229.0,229.1081081081081,372.0,228,230,3,42,111,False,True,
run_20260807_175821_881241,2338,80,2026-08-07T17:59:42.854,1,left,251.0,251.55050505050505,372.0,250,253,4,69,198,False,True,
run_20260807_175821_881241,2338,80,2026-08-07T17:59:42.854,0,left,273.0,273.188679245283,371.5,272,274,3,43,106,True,True,
run_20260807_175821_881241,2338,80,2026-08-07T17:59:42.854,0,right,470.0,470.0,371.5,469,471,3,42,126,True,True,
run_20260807_175821_881241,2338,80,2026-08-07T17:59:42.854,1,right,493.0,492.20873786407765,372.0,491,494,4,70,206,False,True,
run_20260807_175821_881241,2338,80,2026-08-07T17:59:42.854,2,right,515.0,514.875,372.0,514,516,3,42,112,False,True,
run_20260807_175821_881241,2338,80,2026-08-07T17:59:42.854,3,right,537.0,536.9586776859504,372.0,536,538,3,42,121,False,True,
run_20260807_175821_881241,2338,80,2026-08-07T17:59:42.854,4,right,559.25,559.0,371.875,558,560,3,42,120,False,True,
run_20260807_175821_881241,2338,80,2026-08-07T17:59:42.854,5,right,582.0,581.4651162790698,372.0,580,583,4,43,129,False,True,
run_20260807_175821_881241,2338,80,2026-08-07T17:59:42.854,6,right,604.25,603.0643564356436,372.125,601,605,5,67,202,False,True,
run_20260807_175821_881241,2338,80,2026-08-07T17:59:42.854,7,right,626.0,625.9333333333333,371.75,625,627,3,43,120,False,True,
run_20260807_175821_881241,2338,80,2026-08-07T17:59:42.854,8,right,648.0,647.8571428571429,372.0,647,649,3,43,112,False,True,
run_20260807_175821_881241,2338,80,2026-08-07T17:59:42.854,9,right,670.0,669.6068376068376,371.9230769230769,668,671,4,43,117,False,True,
run_20260807_175821_881241,2338,80,2026-08-07T17:59:42.854,10,right,692.0,691.4453781512605,372.0,690,693,4,42,119,False,True,
run_20260807_175821_881241,2338,80,2026-08-07T17:59:42.854,11,right,713.0,711.9692307692308,371.5,709,714,6,54,195,False,True,
run_20260807_175821_881241,2338,80,2026-08-07T17:59:42.854,12,right,735.0,734.5299145299145,371.75,733,736,4,42,117,False,True,
run_20260807_175821_881241,2367,81,2026-08-07T17:59:43.897,12,left,8.5,8.857142857142858,371.75,8,10,3,42,105,False,True,
run_20260807_175821_881241,2367,81,2026-08-07T17:59:43.897,11,left,30.0,31.305699481865286,371.5,29,34,6,52,193,False,True,
run_20260807_175821_881241,2367,81,2026-08-07T17:59:43.897,10,left,52.0,52.07339449541284,372.0,51,53,3,39,109,False,True,
run_20260807_175821_881241,2367,81,2026-08-07T17:59:43.897,9,left,74.0,74.08490566037736,372.0,73,75,3,39,106,False,True,
run_20260807_175821_881241,2367,81,2026-08-07T17:59:43.897,8,left,95.75,96.03921568627452,371.875,95,97,3,38,102,False,True,
run_20260807_175821_881241,2367,81,2026-08-07T17:59:43.897,7,left,117.5,117.94623655913979,371.75,117,119,3,38,93,False,True,
run_20260807_175821_881241,2367,81,2026-08-07T17:59:43.897,6,left,139.84615384615384,140.99056603773585,372.0480769230769,139,144,6,65,212,False,True,
run_20260807_175821_881241,2367,81,2026-08-07T17:59:43.897,5,left,162.0,162.17171717171718,372.0,161,163,3,39,99,False,True,
run_20260807_175821_881241,2367,81,2026-08-07T17:59:43.897,4,left,184.5,184.81632653061226,371.875,184,186,3,40,98,False,True,
run_20260807_175821_881241,2367,81,2026-08-07T17:59:43.897,3,left,207.0,207.05982905982907,372.0,206,208,3,42,117,False,True,
run_20260807_175821_881241,2367,81,2026-08-07T17:59:43.897,2,left,229.0,229.1081081081081,372.0,228,230,3,42,111,False,True,
run_20260807_175821_881241,2367,81,2026-08-07T17:59:43.897,1,left,251.0,251.56632653061226,372.0,250,253,4,69,196,False,True,
run_20260807_175821_881241,2367,81,2026-08-07T17:59:43.897,0,left,273.0,273.1904761904762,371.5,272,274,3,43,105,True,True,
run_20260807_175821_881241,2367,81,2026-08-07T17:59:43.897,0,right,470.0,470.0,371.5,469,471,3,42,126,True,True,
run_20260807_175821_881241,2367,81,2026-08-07T17:59:43.897,1,right,493.0,492.23267326732673,372.0,491,494,4,70,202,False,True,
run_20260807_175821_881241,2367,81,2026-08-07T17:59:43.897,2,right,515.0,514.875,372.0,514,516,3,42,112,False,True,
run_20260807_175821_881241,2367,81,2026-08-07T17:59:43.897,3,right,537.0,536.9586776859504,372.0,536,538,3,42,121,False,True,
run_20260807_175821_881241,2367,81,2026-08-07T17:59:43.897,4,right,559.25,559.0,371.875,558,560,3,42,120,False,True,
run_20260807_175821_881241,2367,81,2026-08-07T17:59:43.897,5,right,582.0,581.488188976378,372.0,580,583,4,43,127,False,True,
run_20260807_175821_881241,2367,81,2026-08-07T17:59:43.897,6,right,604.25,603.0746268656717,372.0480769230769,601,605,5,67,201,False,True,
run_20260807_175821_881241,2367,81,2026-08-07T17:59:43.897,7,right,626.0,625.9333333333333,371.75,625,627,3,43,120,False,True,
run_20260807_175821_881241,2367,81,2026-08-07T17:59:43.897,8,right,648.0,647.8571428571429,371.875,647,649,3,43,112,False,True,
run_20260807_175821_881241,2367,81,2026-08-07T17:59:43.897,9,right,670.0,669.5948275862069,372.0,668,671,4,43,116,False,True,
run_20260807_175821_881241,2367,81,2026-08-07T17:59:43.897,10,right,692.0,691.4833333333333,372.0,690,693,4,42,120,False,True,
run_20260807_175821_881241,2367,81,2026-08-07T17:59:43.897,11,right,713.0,711.9796954314721,371.5,709,714,6,54,197,False,True,
run_20260807_175821_881241,2367,81,2026-08-07T17:59:43.897,12,right,735.0,734.5086206896551,371.75,733,736,4,42,116,False,True,
run_20260807_175821_881241,2396,82,2026-08-07T17:59:44.924,12,left,8.5,8.857142857142858,371.75,8,10,3,42,105,False,True,
run_20260807_175821_881241,2396,82,2026-08-07T17:59:44.924,11,left,30.0,31.296875,371.5769230769231,29,34,6,53,192,False,True,
run_20260807_175821_881241,2396,82,2026-08-07T17:59:44.924,10,left,52.0,52.091743119266056,372.0,51,53,3,40,109,False,True,
run_20260807_175821_881241,2396,82,2026-08-07T17:59:44.924,9,left,74.0,74.08411214953271,372.0,73,75,3,39,107,False,True,
run_20260807_175821_881241,2396,82,2026-08-07T17:59:44.924,8,left,96.0,96.08411214953271,372.0,95,97,3,39,107,False,True,
run_20260807_175821_881241,2396,82,2026-08-07T17:59:44.924,7,left,117.5,117.95744680851064,371.75,117,119,3,38,94,False,True,
run_20260807_175821_881241,2396,82,2026-08-07T17:59:44.924,6,left,139.84615384615384,140.99532710280374,372.0480769230769,139,144,6,66,214,False,True,
run_20260807_175821_881241,2396,82,2026-08-07T17:59:44.924,5,left,162.0,162.126213592233,372.0,161,163,3,39,103,False,True,
run_20260807_175821_881241,2396,82,2026-08-07T17:59:44.924,4,left,184.5,184.8041237113402,371.875,184,186,3,40,97,False,True,
run_20260807_175821_881241,2396,82,2026-08-07T17:59:44.924,3,left,207.0,207.05982905982907,372.0,206,208,3,42,117,False,True,
run_20260807_175821_881241,2396,82,2026-08-07T17:59:44.924,2,left,229.0,229.1081081081081,372.0,228,230,3,42,111,False,True,
run_20260807_175821_881241,2396,82,2026-08-07T17:59:44.924,1,left,251.0,251.56632653061226,372.0,250,253,4,69,196,False,True,
run_20260807_175821_881241,2396,82,2026-08-07T17:59:44.924,0,left,273.0,273.188679245283,371.5,272,274,3,43,106,True,True,
run_20260807_175821_881241,2396,82,2026-08-07T17:59:44.924,0,right,470.0,470.0,371.5,469,471,3,43,127,True,True,
run_20260807_175821_881241,2396,82,2026-08-07T17:59:44.924,1,right,493.0,492.20873786407765,372.0,491,494,4,70,206,False,True,
run_20260807_175821_881241,2396,82,2026-08-07T17:59:44.924,2,right,515.0,514.875,372.0,514,516,3,42,112,False,True,
run_20260807_175821_881241,2396,82,2026-08-07T17:59:44.924,3,right,537.0,536.9586776859504,372.0,536,538,3,42,121,False,True,
run_20260807_175821_881241,2396,82,2026-08-07T17:59:44.924,4,right,559.25,559.0,371.875,558,560,3,42,120,False,True,
run_20260807_175821_881241,2396,82,2026-08-07T17:59:44.924,5,right,582.0,581.4765625,372.0,580,583,4,43,128,False,True,
run_20260807_175821_881241,2396,82,2026-08-07T17:59:44.924,6,right,604.25,603.0792079207921,372.0480769230769,601,605,5,67,202,False,True,
run_20260807_175821_881241,2396,82,2026-08-07T17:59:44.924,7,right,626.0,625.9333333333333,371.75,625,627,3,43,120,False,True,
run_20260807_175821_881241,2396,82,2026-08-07T17:59:44.924,8,right,648.0,647.8672566371681,372.0,647,649,3,43,113,False,True,
run_20260807_175821_881241,2396,82,2026-08-07T17:59:44.924,9,right,670.0,669.6068376068376,372.0,668,671,4,43,117,False,True,
run_20260807_175821_881241,2396,82,2026-08-07T17:59:44.924,10,right,692.0,691.4745762711865,372.0,690,693,4,41,118,False,True,
run_20260807_175821_881241,2396,82,2026-08-07T17:59:44.924,11,right,713.1538461538462,711.9641025641025,371.5769230769231,709,714,6,52,195,False,True,
run_20260807_175821_881241,2396,82,2026-08-07T17:59:44.924,12,right,735.0,734.5213675213676,371.75,733,736,4,42,117,False,True,
run_20260807_175821_881241,2426,83,2026-08-07T17:59:45.924,12,left,8.5,8.857142857142858,371.75,8,10,3,42,105,False,True,
run_20260807_175821_881241,2426,83,2026-08-07T17:59:45.924,11,left,30.0,31.310880829015545,371.5,29,34,6,53,193,False,True,
run_20260807_175821_881241,2426,83,2026-08-07T17:59:45.924,10,left,52.0,52.091743119266056,372.0,51,53,3,40,109,False,True,
run_20260807_175821_881241,2426,83,2026-08-07T17:59:45.924,9,left,74.0,74.08490566037736,372.0,73,75,3,39,106,False,True,
run_20260807_175821_881241,2426,83,2026-08-07T17:59:45.924,8,left,95.75,96.04854368932038,371.875,95,97,3,38,103,False,True,
run_20260807_175821_881241,2426,83,2026-08-07T17:59:45.924,7,left,117.5,117.94623655913979,371.75,117,119,3,38,93,False,True,
run_20260807_175821_881241,2426,83,2026-08-07T17:59:45.924,6,left,139.92857142857142,140.99065420560748,372.0892857142857,139,144,6,67,214,False,True,
run_20260807_175821_881241,2426,83,2026-08-07T17:59:45.924,5,left,162.0,162.17171717171718,372.0,161,163,3,39,99,False,True,
run_20260807_175821_881241,2426,83,2026-08-07T17:59:45.924,4,left,184.5,184.8125,371.9318181818182,184,186,3,40,96,False,True,
run_20260807_175821_881241,2426,83,2026-08-07T17:59:45.924,3,left,207.0,207.05982905982907,372.0,206,208,3,42,117,False,True,
run_20260807_175821_881241,2426,83,2026-08-07T17:59:45.924,2,left,229.0,229.1081081081081,372.0,228,230,3,42,111,False,True,
run_20260807_175821_881241,2426,83,2026-08-07T17:59:45.924,1,left,251.0,251.5721649484536,371.9375,250,253,4,68,194,False,True,
run_20260807_175821_881241,2426,83,2026-08-07T17:59:45.924,0,left,273.0,273.188679245283,371.5,272,274,3,43,106,True,True,
run_20260807_175821_881241,2426,83,2026-08-07T17:59:45.924,0,right,470.0,470.0,371.5,469,471,3,43,127,True,True,
run_20260807_175821_881241,2426,83,2026-08-07T17:59:45.924,1,right,492.875,492.22439024390246,371.9375,491,494,4,70,205,False,True,
run_20260807_175821_881241,2426,83,2026-08-07T17:59:45.924,2,right,515.0,514.8648648648649,372.0,514,516,3,42,111,False,True,
run_20260807_175821_881241,2426,83,2026-08-07T17:59:45.924,3,right,537.0,536.9672131147541,372.0,536,538,3,42,122,False,True,
run_20260807_175821_881241,2426,83,2026-08-07T17:59:45.924,4,right,559.3636363636364,559.0,371.9318181818182,558,560,3,42,118,False,True,
run_20260807_175821_881241,2426,83,2026-08-07T17:59:45.924,5,right,582.0,581.4765625,372.0,580,583,4,43,128,False,True,
run_20260807_175821_881241,2426,83,2026-08-07T17:59:45.924,6,right,604.25,603.0689655172414,372.0892857142857,601,605,5,67,203,False,True,
run_20260807_175821_881241,2426,83,2026-08-07T17:59:45.924,7,right,626.0,625.9333333333333,371.75,625,627,3,43,120,False,True,
run_20260807_175821_881241,2426,83,2026-08-07T17:59:45.924,8,right,648.0,647.8672566371681,371.875,647,649,3,43,113,False,True,
run_20260807_175821_881241,2426,83,2026-08-07T17:59:45.924,9,right,670.0,669.8018867924528,372.0,669,671,3,43,106,False,True,
run_20260807_175821_881241,2426,83,2026-08-07T17:59:45.924,10,right,692.0,691.457627118644,372.0,690,693,4,42,118,False,True,
run_20260807_175821_881241,2426,83,2026-08-07T17:59:45.924,11,right,713.0,711.9591836734694,371.5,709,714,6,54,196,False,True,
run_20260807_175821_881241,2426,83,2026-08-07T17:59:45.924,12,right,735.0,734.5213675213676,371.75,733,736,4,42,117,False,True,
run_20260807_175821_881241,2457,84,2026-08-07T17:59:46.960,12,left,7.5,7.857142857142857,370.75,7,9,3,42,105,False,True,
run_20260807_175821_881241,2457,84,2026-08-07T17:59:46.960,11,left,29.0,30.296296296296298,370.5,28,33,6,53,189,False,True,
run_20260807_175821_881241,2457,84,2026-08-07T17:59:46.960,10,left,51.0,51.091743119266056,371.0,50,52,3,40,109,False,True,
run_20260807_175821_881241,2457,84,2026-08-07T17:59:46.960,9,left,73.0,73.08411214953271,371.0,72,74,3,39,107,False,True,
run_20260807_175821_881241,2457,84,2026-08-07T17:59:46.960,8,left,94.5,95.03921568627452,370.75,94,96,3,38,102,False,True,
run_20260807_175821_881241,2457,84,2026-08-07T17:59:46.960,7,left,116.5,116.94623655913979,370.75,116,118,3,38,93,False,True,
run_20260807_175821_881241,2457,84,2026-08-07T17:59:46.960,6,left,138.63636363636363,139.9952606635071,370.9431818181818,138,143,6,63,211,False,True,
run_20260807_175821_881241,2457,84,2026-08-07T17:59:46.960,5,left,161.0,161.17171717171718,371.0,160,162,3,39,99,False,True,
run_20260807_175821_881241,2457,84,2026-08-07T17:59:46.960,4,left,183.5,183.8,370.7857142857143,183,185,3,40,95,False,True,
run_20260807_175821_881241,2457,84,2026-08-07T17:59:46.960,3,left,206.0,206.05084745762713,371.0,205,207,3,42,118,False,True,
run_20260807_175821_881241,2457,84,2026-08-07T17:59:46.960,2,left,228.07142857142858,228.11818181818182,371.0357142857143,227,229,3,42,110,False,True,
run_20260807_175821_881241,2457,84,2026-08-07T17:59:46.960,1,left,250.0,250.5721649484536,371.0,249,252,4,68,194,False,True,
run_20260807_175821_881241,2457,84,2026-08-07T17:59:46.960,0,left,272.0,272.1826923076923,370.5,271,273,3,42,104,True,True,
run_20260807_175821_881241,2457,84,2026-08-07T17:59:46.960,0,right,469.0,468.9920634920635,370.5,468,470,3,43,126,True,True,
run_20260807_175821_881241,2457,84,2026-08-07T17:59:46.960,1,right,492.0,491.2118226600985,371.0,490,493,4,70,203,False,True,
run_20260807_175821_881241,2457,84,2026-08-07T17:59:46.960,2,right,514.0,513.6935483870968,371.0357142857143,512,515,4,42,124,False,True,
run_20260807_175821_881241,2457,84,2026-08-07T17:59:46.960,3,right,536.0,535.9586776859504,371.0,535,537,3,42,121,False,True,
run_20260807_175821_881241,2457,84,2026-08-07T17:59:46.960,4,right,558.0714285714286,557.9833333333333,370.7857142857143,557,559,3,42,120,False,True,
run_20260807_175821_881241,2457,84,2026-08-07T17:59:46.960,5,right,581.0,580.4765625,371.0,579,582,4,43,128,False,True,
run_20260807_175821_881241,2457,84,2026-08-07T17:59:46.960,6,right,603.25,601.892523364486,370.9431818181818,599,604,6,67,214,False,True,
run_20260807_175821_881241,2457,84,2026-08-07T17:59:46.960,7,right,625.0,624.9059829059829,370.75,624,626,3,43,117,False,True,
run_20260807_175821_881241,2457,84,2026-08-07T17:59:46.960,8,right,647.0,646.8571428571429,370.75,646,648,3,43,112,False,True,
run_20260807_175821_881241,2457,84,2026-08-07T17:59:46.960,9,right,669.0,668.5948275862069,371.0,667,670,4,43,116,False,True,
run_20260807_175821_881241,2457,84,2026-08-07T17:59:46.960,10,right,691.0,690.5,371.0,689,692,4,41,120,False,True,
run_20260807_175821_881241,2457,84,2026-08-07T17:59:46.960,11,right,712.0,710.9646464646464,370.5,708,713,6,55,198,False,True,
run_20260807_175821_881241,2457,84,2026-08-07T17:59:46.960,12,right,734.0,733.5086206896551,370.75,732,735,4,42,116,False,True,
run_20260807_175821_881241,2488,85,2026-08-07T17:59:47.990,12,left,7.5,7.867924528301887,370.75,7,9,3,42,106,False,True,
run_20260807_175821_881241,2488,85,2026-08-07T17:59:47.990,11,left,29.0,30.29015544041451,370.5,28,33,6,53,193,False,True,
run_20260807_175821_881241,2488,85,2026-08-07T17:59:47.990,10,left,51.0,51.08181818181818,371.0,50,52,3,40,110,False,True,
run_20260807_175821_881241,2488,85,2026-08-07T17:59:47.990,9,left,73.0,73.08490566037736,371.0,72,74,3,39,106,False,True,
run_20260807_175821_881241,2488,85,2026-08-07T17:59:47.990,8,left,94.75,95.0576923076923,370.875,94,96,3,38,104,False,True,
run_20260807_175821_881241,2488,85,2026-08-07T17:59:47.990,7,left,116.5,116.95744680851064,370.75,116,118,3,38,94,False,True,
run_20260807_175821_881241,2488,85,2026-08-07T17:59:47.990,6,left,138.84615384615384,140.0,371.0480769230769,138,143,6,66,212,False,True,
run_20260807_175821_881241,2488,85,2026-08-07T17:59:47.990,5,left,161.0,161.17171717171718,371.0,160,162,3,39,99,False,True,
run_20260807_175821_881241,2488,85,2026-08-07T17:59:47.990,4,left,183.5,183.81632653061226,370.7857142857143,183,185,3,40,98,False,True,
run_20260807_175821_881241,2488,85,2026-08-07T17:59:47.990,3,left,206.0,206.05982905982907,371.0,205,207,3,42,117,False,True,
run_20260807_175821_881241,2488,85,2026-08-07T17:59:47.990,2,left,228.07142857142858,228.11818181818182,371.0357142857143,227,229,3,42,110,False,True,
run_20260807_175821_881241,2488,85,2026-08-07T17:59:47.990,1,left,250.0,250.56632653061226,371.0,249,252,4,69,196,False,True,
run_20260807_175821_881241,2488,85,2026-08-07T17:59:47.990,0,left,272.0,272.1826923076923,370.5,271,273,3,42,104,True,True,
run_20260807_175821_881241,2488,85,2026-08-07T17:59:47.990,0,right,469.0,468.992,370.5,468,470,3,42,125,True,True,
run_20260807_175821_881241,2488,85,2026-08-07T17:59:47.990,1,right,492.0,491.2178217821782,371.0,490,493,4,70,202,False,True,
run_20260807_175821_881241,2488,85,2026-08-07T17:59:47.990,2,right,514.0,513.875,371.0357142857143,513,515,3,42,112,False,True,
run_20260807_175821_881241,2488,85,2026-08-07T17:59:47.990,3,right,536.0,535.9586776859504,371.0,535,537,3,42,121,False,True,
run_20260807_175821_881241,2488,85,2026-08-07T17:59:47.990,4,right,558.0714285714286,557.99173553719,370.7857142857143,557,559,3,42,121,False,True,
run_20260807_175821_881241,2488,85,2026-08-07T17:59:47.990,5,right,581.0,580.4765625,371.0,579,582,4,43,128,False,True,
run_20260807_175821_881241,2488,85,2026-08-07T17:59:47.990,6,right,603.25,602.0643564356436,371.0480769230769,600,604,5,67,202,False,True,
run_20260807_175821_881241,2488,85,2026-08-07T17:59:47.990,7,right,625.0,624.9333333333333,370.75,624,626,3,43,120,False,True,
run_20260807_175821_881241,2488,85,2026-08-07T17:59:47.990,8,right,647.0,646.8771929824561,370.875,646,648,3,43,114,False,True,
run_20260807_175821_881241,2488,85,2026-08-07T17:59:47.990,9,right,669.0,668.6068376068376,371.0,667,670,4,43,117,False,True,
run_20260807_175821_881241,2488,85,2026-08-07T17:59:47.990,10,right,691.0,690.4705882352941,371.0,689,692,4,42,119,False,True,
run_20260807_175821_881241,2488,85,2026-08-07T17:59:47.990,11,right,712.0,710.9899497487437,370.5,708,713,6,55,199,False,True,
run_20260807_175821_881241,2488,85,2026-08-07T17:59:47.990,12,right,734.0,733.5304347826087,370.75,732,735,4,42,115,False,True,
run_20260807_175821_881241,2514,86,2026-08-07T17:59:48.993,12,left,7.5,7.867924528301887,370.75,7,9,3,42,106,False,True,
run_20260807_175821_881241,2514,86,2026-08-07T17:59:48.993,11,left,29.0,30.291666666666668,370.5,28,33,6,52,192,False,True,
run_20260807_175821_881241,2514,86,2026-08-07T17:59:48.993,10,left,51.0,51.08181818181818,371.0,50,52,3,40,110,False,True,
run_20260807_175821_881241,2514,86,2026-08-07T17:59:48.993,9,left,73.0,73.08490566037736,371.0,72,74,3,39,106,False,True,
run_20260807_175821_881241,2514,86,2026-08-07T17:59:48.993,8,left,94.75,95.0576923076923,370.875,94,96,3,38,104,False,True,
run_20260807_175821_881241,2514,86,2026-08-07T17:59:48.993,7,left,116.5,116.94623655913979,370.75,116,118,3,38,93,False,True,
run_20260807_175821_881241,2514,86,2026-08-07T17:59:48.993,6,left,138.75,139.99056603773585,371.0,138,143,6,65,212,False,True,
run_20260807_175821_881241,2514,86,2026-08-07T17:59:48.993,5,left,161.0,161.17171717171718,371.0,160,162,3,39,99,False,True,
run_20260807_175821_881241,2514,86,2026-08-07T17:59:48.993,4,left,183.5,183.79166666666666,370.8269230769231,183,185,3,40,96,False,True,
run_20260807_175821_881241,2514,86,2026-08-07T17:59:48.993,3,left,206.0,206.05982905982907,371.0,205,207,3,42,117,False,True,
run_20260807_175821_881241,2514,86,2026-08-07T17:59:48.993,2,left,228.07142857142858,228.11818181818182,371.0357142857143,227,229,3,42,110,False,True,
run_20260807_175821_881241,2514,86,2026-08-07T17:59:48.993,1,left,250.0,250.54922279792746,371.0,249,252,4,68,193,False,True,
run_20260807_175821_881241,2514,86,2026-08-07T17:59:48.993,0,left,272.0,272.1923076923077,370.5,271,273,3,42,104,True,True,
run_20260807_175821_881241,2514,86,2026-08-07T17:59:48.993,0,right,469.0,468.992,370.5,468,470,3,42,125,True,True,
run_20260807_175821_881241,2514,86,2026-08-07T17:59:48.993,1,right,492.0,491.2079207920792,371.0,490,493,4,70,202,False,True,
run_20260807_175821_881241,2514,86,2026-08-07T17:59:48.993,2,right,514.0,513.875,371.0357142857143,513,515,3,42,112,False,True,
run_20260807_175821_881241,2514,86,2026-08-07T17:59:48.993,3,right,536.0,535.9586776859504,371.0,535,537,3,42,121,False,True,
run_20260807_175821_881241,2514,86,2026-08-07T17:59:48.993,4,right,558.1538461538462,558.0,370.8269230769231,557,559,3,42,122,False,True,
run_20260807_175821_881241,2514,86,2026-08-07T17:59:48.993,5,right,581.0,580.4765625,371.0,579,582,4,43,128,False,True,
run_20260807_175821_881241,2514,86,2026-08-07T17:59:48.993,6,right,603.25,602.0746268656717,371.0,600,604,5,67,201,False,True,
run_20260807_175821_881241,2514,86,2026-08-07T17:59:48.993,7,right,625.0,624.9333333333333,370.75,624,626,3,43,120,False,True,
run_20260807_175821_881241,2514,86,2026-08-07T17:59:48.993,8,right,647.0,646.8672566371681,370.875,646,648,3,43,113,False,True,
run_20260807_175821_881241,2514,86,2026-08-07T17:59:48.993,9,right,669.0,668.5948275862069,371.0,667,670,4,43,116,False,True,
run_20260807_175821_881241,2514,86,2026-08-07T17:59:48.993,10,right,691.0,690.4462809917355,371.0,689,692,4,42,121,False,True,
run_20260807_175821_881241,2514,86,2026-08-07T17:59:48.993,11,right,712.0,710.9796954314721,370.5,708,713,6,54,197,False,True,
run_20260807_175821_881241,2514,86,2026-08-07T17:59:48.993,12,right,734.0,733.5593220338983,370.75,732,735,4,42,118,False,True,
run_20260807_175821_881241,2545,87,2026-08-07T17:59:50.027,12,left,7.5,7.857142857142857,370.75,7,9,3,42,105,False,True,
run_20260807_175821_881241,2545,87,2026-08-07T17:59:50.027,11,left,29.0,30.291666666666668,370.5,28,33,6,52,192,False,True,
run_20260807_175821_881241,2545,87,2026-08-07T17:59:50.027,10,left,51.0,51.08181818181818,371.0,50,52,3,40,110,False,True,
run_20260807_175821_881241,2545,87,2026-08-07T17:59:50.027,9,left,73.0,73.08490566037736,371.0,72,74,3,39,106,False,True,
run_20260807_175821_881241,2545,87,2026-08-07T17:59:50.027,8,left,94.75,95.04854368932038,370.875,94,96,3,38,103,False,True,
run_20260807_175821_881241,2545,87,2026-08-07T17:59:50.027,7,left,116.5,116.95744680851064,370.75,116,118,3,38,94,False,True,
run_20260807_175821_881241,2545,87,2026-08-07T17:59:50.027,6,left,138.75,139.99052132701422,371.0,138,143,6,64,211,False,True,
run_20260807_175821_881241,2545,87,2026-08-07T17:59:50.027,5,left,161.0,161.17171717171718,371.0,160,162,3,39,99,False,True,
run_20260807_175821_881241,2545,87,2026-08-07T17:59:50.027,4,left,183.5,183.8041237113402,370.9318181818182,183,185,3,40,97,False,True,
run_20260807_175821_881241,2545,87,2026-08-07T17:59:50.027,3,left,206.0,206.05084745762713,371.0,205,207,3,42,118,False,True,
run_20260807_175821_881241,2545,87,2026-08-07T17:59:50.027,2,left,228.07142857142858,228.11818181818182,371.0357142857143,227,229,3,42,110,False,True,
run_20260807_175821_881241,2545,87,2026-08-07T17:59:50.027,1,left,250.0,250.55897435897435,371.0,249,252,4,69,195,False,True,
run_20260807_175821_881241,2545,87,2026-08-07T17:59:50.027,0,left,272.0,272.20388349514565,370.5,271,273,3,42,103,True,True,
run_20260807_175821_881241,2545,87,2026-08-07T17:59:50.027,0,right,469.0,468.9920634920635,370.5,468,470,3,43,126,True,True,
run_20260807_175821_881241,2545,87,2026-08-07T17:59:50.027,1,right,492.0,491.2048780487805,371.0,490,493,4,70,205,False,True,
run_20260807_175821_881241,2545,87,2026-08-07T17:59:50.027,2,right,514.0,513.8648648648649,371.0357142857143,513,515,3,42,111,False,True,
run_20260807_175821_881241,2545,87,2026-08-07T17:59:50.027,3,right,536.0,535.9586776859504,371.0,535,537,3,42,121,False,True,
run_20260807_175821_881241,2545,87,2026-08-07T17:59:50.027,4,right,558.3636363636364,558.0084033613446,370.9318181818182,557,559,3,42,119,False,True,
run_20260807_175821_881241,2545,87,2026-08-07T17:59:50.027,5,right,581.0,580.4651162790698,371.0,579,582,4,43,129,False,True,
run_20260807_175821_881241,2545,87,2026-08-07T17:59:50.027,6,right,603.25,602.0792079207921,371.0,600,604,5,67,202,False,True,
run_20260807_175821_881241,2545,87,2026-08-07T17:59:50.027,7,right,625.0,624.9333333333333,370.75,624,626,3,43,120,False,True,
run_20260807_175821_881241,2545,87,2026-08-07T17:59:50.027,8,right,647.0,646.8672566371681,370.875,646,648,3,43,113,False,True,
run_20260807_175821_881241,2545,87,2026-08-07T17:59:50.027,9,right,669.0,668.6186440677966,371.0,667,670,4,43,118,False,True,
run_20260807_175821_881241,2545,87,2026-08-07T17:59:50.027,10,right,691.0,690.4583333333334,371.0,689,692,4,42,120,False,True,
run_20260807_175821_881241,2545,87,2026-08-07T17:59:50.027,11,right,712.0,710.989898989899,370.5,708,713,6,54,198,False,True,
run_20260807_175821_881241,2545,87,2026-08-07T17:59:50.027,12,right,734.0,733.4913793103449,370.75,732,735,4,42,116,False,True,
run_20260807_175821_881241,2576,88,2026-08-07T17:59:51.058,12,left,7.5,7.857142857142857,370.75,7,9,3,42,105,False,True,
run_20260807_175821_881241,2576,88,2026-08-07T17:59:51.058,11,left,29.0,30.298969072164947,370.5,28,33,6,53,194,False,True,
run_20260807_175821_881241,2576,88,2026-08-07T17:59:51.058,10,left,51.0,51.08181818181818,371.0,50,52,3,40,110,False,True,
run_20260807_175821_881241,2576,88,2026-08-07T17:59:51.058,9,left,72.92857142857143,73.07619047619048,370.9642857142857,72,74,3,38,105,False,True,
run_20260807_175821_881241,2576,88,2026-08-07T17:59:51.058,8,left,94.63636363636364,95.04854368932038,370.8181818181818,94,96,3,38,103,False,True,
run_20260807_175821_881241,2576,88,2026-08-07T17:59:51.058,7,left,116.5,116.96842105263158,370.75,116,118,3,38,95,False,True,
run_20260807_175821_881241,2576,88,2026-08-07T17:59:51.058,6,left,139.0,139.9906976744186,371.125,138,143,6,68,215,False,True,
run_20260807_175821_881241,2576,88,2026-08-07T17:59:51.058,5,left,161.0,161.17171717171718,371.0,160,162,3,39,99,False,True,
run_20260807_175821_881241,2576,88,2026-08-07T17:59:51.058,4,left,183.5,183.79166666666666,370.8269230769231,183,185,3,40,96,False,True,
run_20260807_175821_881241,2576,88,2026-08-07T17:59:51.058,3,left,206.0,206.05982905982907,371.0,205,207,3,42,117,False,True,
run_20260807_175821_881241,2576,88,2026-08-07T17:59:51.058,2,left,228.07142857142858,228.11818181818182,371.0357142857143,227,229,3,42,110,False,True,
run_20260807_175821_881241,2576,88,2026-08-07T17:59:51.058,1,left,250.0,250.56632653061226,371.0,249,252,4,69,196,False,True,
run_20260807_175821_881241,2576,88,2026-08-07T17:59:51.058,0,left,272.0,272.20388349514565,370.5,271,273,3,42,103,True,True,
run_20260807_175821_881241,2576,88,2026-08-07T17:59:51.058,0,right,469.0,468.9920634920635,370.5,468,470,3,43,126,True,True,
run_20260807_175821_881241,2576,88,2026-08-07T17:59:51.058,1,right,492.0,491.20197044334975,371.0,490,493,4,70,203,False,True,
run_20260807_175821_881241,2576,88,2026-08-07T17:59:51.058,2,right,514.0,513.8648648648649,371.0357142857143,513,515,3,42,111,False,True,
run_20260807_175821_881241,2576,88,2026-08-07T17:59:51.058,3,right,536.0,535.9586776859504,371.0,535,537,3,42,121,False,True,
run_20260807_175821_881241,2576,88,2026-08-07T17:59:51.058,4,right,558.1538461538462,557.99173553719,370.8269230769231,557,559,3,42,121,False,True,
run_20260807_175821_881241,2576,88,2026-08-07T17:59:51.058,5,right,581.0,580.4538461538461,371.0,579,582,4,43,130,False,True,
run_20260807_175821_881241,2576,88,2026-08-07T17:59:51.058,6,right,603.25,602.0792079207921,371.125,600,604,5,67,202,False,True,
run_20260807_175821_881241,2576,88,2026-08-07T17:59:51.058,7,right,625.0,624.9333333333333,370.75,624,626,3,43,120,False,True,
run_20260807_175821_881241,2576,88,2026-08-07T17:59:51.058,8,right,647.0,646.8571428571429,370.8181818181818,646,648,3,43,112,False,True,
run_20260807_175821_881241,2576,88,2026-08-07T17:59:51.058,9,right,669.0,668.6186440677966,370.9642857142857,667,670,4,43,118,False,True,
run_20260807_175821_881241,2576,88,2026-08-07T17:59:51.058,10,right,691.0,690.4705882352941,371.0,689,692,4,42,119,False,True,
run_20260807_175821_881241,2576,88,2026-08-07T17:59:51.058,11,right,712.0,710.989898989899,370.5,708,713,6,54,198,False,True,
run_20260807_175821_881241,2576,88,2026-08-07T17:59:51.058,12,right,734.0,733.5299145299145,370.75,732,735,4,42,117,False,True,
run_20260807_175821_881241,2606,89,2026-08-07T17:59:52.059,12,left,7.5,7.857142857142857,370.75,7,9,3,42,105,False,True,
run_20260807_175821_881241,2606,89,2026-08-07T17:59:52.059,11,left,29.0,30.296875,370.5,28,33,6,52,192,False,True,
run_20260807_175821_881241,2606,89,2026-08-07T17:59:52.059,10,left,51.0,51.08181818181818,371.0,50,52,3,40,110,False,True,
run_20260807_175821_881241,2606,89,2026-08-07T17:59:52.059,9,left,72.92857142857143,73.07619047619048,370.9642857142857,72,74,3,38,105,False,True,
run_20260807_175821_881241,2606,89,2026-08-07T17:59:52.059,8,left,94.92857142857143,95.0754716981132,370.9642857142857,94,96,3,38,106,False,True,
run_20260807_175821_881241,2606,89,2026-08-07T17:59:52.059,7,left,116.5,116.95744680851064,370.75,116,118,3,38,94,False,True,
run_20260807_175821_881241,2606,89,2026-08-07T17:59:52.059,6,left,138.84615384615384,139.9906103286385,371.0480769230769,138,143,6,66,213,False,True,
run_20260807_175821_881241,2606,89,2026-08-07T17:59:52.059,5,left,161.0,161.17171717171718,371.0,160,162,3,39,99,False,True,
run_20260807_175821_881241,2606,89,2026-08-07T17:59:52.059,4,left,183.5,183.79166666666666,370.8269230769231,183,185,3,40,96,False,True,
run_20260807_175821_881241,2606,89,2026-08-07T17:59:52.059,3,left,206.0,206.05982905982907,371.0,205,207,3,42,117,False,True,
run_20260807_175821_881241,2606,89,2026-08-07T17:59:52.059,2,left,228.0,228.1081081081081,371.0,227,229,3,42,111,False,True,
run_20260807_175821_881241,2606,89,2026-08-07T17:59:52.059,1,left,250.0,250.55555555555554,370.88235294117646,249,252,4,69,198,False,True,
run_20260807_175821_881241,2606,89,2026-08-07T17:59:52.059,0,left,272.0,272.18095238095236,370.5,271,273,3,42,105,True,True,
run_20260807_175821_881241,2606,89,2026-08-07T17:59:52.059,0,right,469.0,468.992,370.5,468,470,3,42,125,True,True,
run_20260807_175821_881241,2606,89,2026-08-07T17:59:52.059,1,right,491.7647058823529,491.19323671497585,370.88235294117646,490,493,4,70,207,False,True,
run_20260807_175821_881241,2606,89,2026-08-07T17:59:52.059,2,right,514.0,513.6829268292682,371.0,512,515,4,42,123,False,True,
run_20260807_175821_881241,2606,89,2026-08-07T17:59:52.059,3,right,536.0,535.9586776859504,371.0,535,537,3,42,121,False,True,
run_20260807_175821_881241,2606,89,2026-08-07T17:59:52.059,4,right,558.1538461538462,557.9833333333333,370.8269230769231,557,559,3,42,120,False,True,
run_20260807_175821_881241,2606,89,2026-08-07T17:59:52.059,5,right,581.0,580.4538461538461,371.0,579,582,4,43,130,False,True,
run_20260807_175821_881241,2606,89,2026-08-07T17:59:52.059,6,right,603.25,602.0746268656717,371.0480769230769,600,604,5,67,201,False,True,
run_20260807_175821_881241,2606,89,2026-08-07T17:59:52.059,7,right,625.0,624.9333333333333,370.75,624,626,3,43,120,False,True,
run_20260807_175821_881241,2606,89,2026-08-07T17:59:52.059,8,right,647.0,646.8571428571429,370.9642857142857,646,648,3,43,112,False,True,
run_20260807_175821_881241,2606,89,2026-08-07T17:59:52.059,9,right,669.0,668.6186440677966,370.9642857142857,667,670,4,43,118,False,True,
run_20260807_175821_881241,2606,89,2026-08-07T17:59:52.059,10,right,691.0,690.4710743801653,371.0,689,692,4,42,121,False,True,
run_20260807_175821_881241,2606,89,2026-08-07T17:59:52.059,11,right,712.0,710.9744897959183,370.5,708,713,6,54,196,False,True,
run_20260807_175821_881241,2606,89,2026-08-07T17:59:52.059,12,right,734.0,733.5172413793103,370.75,732,735,4,42,116,False,True,
run_20260807_175821_881241,2637,90,2026-08-07T17:59:53.094,12,left,7.5,7.857142857142857,370.75,7,9,3,42,105,False,True,
run_20260807_175821_881241,2637,90,2026-08-07T17:59:53.094,11,left,29.0,30.310880829015545,370.5,28,33,6,53,193,False,True,
run_20260807_175821_881241,2637,90,2026-08-07T17:59:53.094,10,left,51.0,51.08181818181818,371.0,50,52,3,40,110,False,True,
run_20260807_175821_881241,2637,90,2026-08-07T17:59:53.094,9,left,73.0,73.08490566037736,371.0,72,74,3,39,106,False,True,
run_20260807_175821_881241,2637,90,2026-08-07T17:59:53.094,8,left,94.75,95.0576923076923,370.875,94,96,3,38,104,False,True,
run_20260807_175821_881241,2637,90,2026-08-07T17:59:53.094,7,left,116.5,116.94623655913979,370.75,116,118,3,38,93,False,True,
run_20260807_175821_881241,2637,90,2026-08-07T17:59:53.094,6,left,138.84615384615384,140.01913875598086,371.0480769230769,138,143,6,65,209,False,True,
run_20260807_175821_881241,2637,90,2026-08-07T17:59:53.094,5,left,161.0,161.17171717171718,371.0,160,162,3,39,99,False,True,
run_20260807_175821_881241,2637,90,2026-08-07T17:59:53.094,4,left,183.5,183.79166666666666,370.7857142857143,183,185,3,40,96,False,True,
run_20260807_175821_881241,2637,90,2026-08-07T17:59:53.094,3,left,206.0,206.05982905982907,371.0,205,207,3,42,117,False,True,
run_20260807_175821_881241,2637,90,2026-08-07T17:59:53.094,2,left,228.0,228.1081081081081,371.0,227,229,3,42,111,False,True,
run_20260807_175821_881241,2637,90,2026-08-07T17:59:53.094,1,left,250.0,250.56632653061226,371.0,249,252,4,69,196,False,True,
run_20260807_175821_881241,2637,90,2026-08-07T17:59:53.094,0,left,272.0,272.1714285714286,370.5,271,273,3,42,105,True,True,
run_20260807_175821_881241,2637,90,2026-08-07T17:59:53.094,0,right,469.0,468.9920634920635,370.5,468,470,3,43,126,True,True,
run_20260807_175821_881241,2637,90,2026-08-07T17:59:53.094,1,right,492.0,491.2048780487805,371.0,490,493,4,70,205,False,True,
run_20260807_175821_881241,2637,90,2026-08-07T17:59:53.094,2,right,514.0,513.6935483870968,371.0,512,515,4,42,124,False,True,
run_20260807_175821_881241,2637,90,2026-08-07T17:59:53.094,3,right,536.0,535.9586776859504,371.0,535,537,3,42,121,False,True,
run_20260807_175821_881241,2637,90,2026-08-07T17:59:53.094,4,right,558.0714285714286,557.983606557377,370.7857142857143,557,559,3,42,122,False,True,
run_20260807_175821_881241,2637,90,2026-08-07T17:59:53.094,5,right,581.0,580.4651162790698,371.0,579,582,4,43,129,False,True,
run_20260807_175821_881241,2637,90,2026-08-07T17:59:53.094,6,right,603.25,602.0689655172414,371.0480769230769,600,604,5,67,203,False,True,
run_20260807_175821_881241,2637,90,2026-08-07T17:59:53.094,7,right,625.0,624.9333333333333,370.75,624,626,3,43,120,False,True,
run_20260807_175821_881241,2637,90,2026-08-07T17:59:53.094,8,right,647.0,646.8571428571429,370.875,646,648,3,43,112,False,True,
run_20260807_175821_881241,2637,90,2026-08-07T17:59:53.094,9,right,669.0,668.6068376068376,371.0,667,670,4,43,117,False,True,
run_20260807_175821_881241,2637,90,2026-08-07T17:59:53.094,10,right,691.0,690.4590163934427,371.0,689,692,4,42,122,False,True,
run_20260807_175821_881241,2637,90,2026-08-07T17:59:53.094,11,right,712.0,710.9744897959183,370.5,708,713,6,54,196,False,True,
run_20260807_175821_881241,2637,90,2026-08-07T17:59:53.094,12,right,734.0,733.5299145299145,370.75,732,735,4,42,117,False,True,
run_20260807_175821_881241,2668,91,2026-08-07T17:59:54.123,12,left,7.5,7.857142857142857,370.75,7,9,3,42,105,False,True,
run_20260807_175821_881241,2668,91,2026-08-07T17:59:54.123,11,left,29.0,30.272251308900522,370.5,28,33,6,53,191,False,True,
run_20260807_175821_881241,2668,91,2026-08-07T17:59:54.123,10,left,51.0,51.08181818181818,371.0,50,52,3,40,110,False,True,
run_20260807_175821_881241,2668,91,2026-08-07T17:59:54.123,9,left,73.0,73.08490566037736,371.0,72,74,3,39,106,False,True,
run_20260807_175821_881241,2668,91,2026-08-07T17:59:54.123,8,left,94.63636363636364,95.03921568627452,370.8181818181818,94,96,3,38,102,False,True,
run_20260807_175821_881241,2668,91,2026-08-07T17:59:54.123,7,left,116.5,116.95744680851064,370.75,116,118,3,38,94,False,True,
run_20260807_175821_881241,2668,91,2026-08-07T17:59:54.123,6,left,138.92857142857142,139.99065420560748,371.0892857142857,138,143,6,67,214,False,True,
run_20260807_175821_881241,2668,91,2026-08-07T17:59:54.123,5,left,161.0,161.17171717171718,371.0,160,162,3,39,99,False,True,
run_20260807_175821_881241,2668,91,2026-08-07T17:59:54.123,4,left,183.5,183.79166666666666,370.8269230769231,183,185,3,40,96,False,True,
run_20260807_175821_881241,2668,91,2026-08-07T17:59:54.123,3,left,206.0,206.05982905982907,371.0,205,207,3,42,117,False,True,
run_20260807_175821_881241,2668,91,2026-08-07T17:59:54.123,2,left,228.07142857142858,228.11818181818182,371.0357142857143,227,229,3,42,110,False,True,
run_20260807_175821_881241,2668,91,2026-08-07T17:59:54.123,1,left,250.0,250.55555555555554,371.0,249,252,4,69,198,False,True,
run_20260807_175821_881241,2668,91,2026-08-07T17:59:54.123,0,left,272.0,272.18095238095236,370.5,271,273,3,42,105,True,True,
run_20260807_175821_881241,2668,91,2026-08-07T17:59:54.123,0,right,469.0,468.9920634920635,370.5,468,470,3,43,126,True,True,
run_20260807_175821_881241,2668,91,2026-08-07T17:59:54.123,1,right,492.0,491.2048780487805,371.0,490,493,4,70,205,False,True,
run_20260807_175821_881241,2668,91,2026-08-07T17:59:54.123,2,right,514.0,513.6935483870968,371.0357142857143,512,515,4,42,124,False,True,
run_20260807_175821_881241,2668,91,2026-08-07T17:59:54.123,3,right,536.0,535.9586776859504,371.0,535,537,3,42,121,False,True,
run_20260807_175821_881241,2668,91,2026-08-07T17:59:54.123,4,right,558.1538461538462,557.9833333333333,370.8269230769231,557,559,3,42,120,False,True,
run_20260807_175821_881241,2668,91,2026-08-07T17:59:54.123,5,right,581.0,580.4765625,371.0,579,582,4,43,128,False,True,
run_20260807_175821_881241,2668,91,2026-08-07T17:59:54.123,6,right,603.25,602.0643564356436,371.0892857142857,600,604,5,67,202,False,True,
run_20260807_175821_881241,2668,91,2026-08-07T17:59:54.123,7,right,625.0,624.9333333333333,370.75,624,626,3,43,120,False,True,
run_20260807_175821_881241,2668,91,2026-08-07T17:59:54.123,8,right,647.0,646.8672566371681,370.8181818181818,646,648,3,43,113,False,True,
run_20260807_175821_881241,2668,91,2026-08-07T17:59:54.123,9,right,669.0,668.6186440677966,371.0,667,670,4,43,118,False,True,
run_20260807_175821_881241,2668,91,2026-08-07T17:59:54.123,10,right,691.0,690.483606557377,371.0,689,692,4,42,122,False,True,
run_20260807_175821_881241,2668,91,2026-08-07T17:59:54.123,11,right,712.0,710.9796954314721,370.5,708,713,6,54,197,False,True,
run_20260807_175821_881241,2668,91,2026-08-07T17:59:54.123,12,right,734.0,733.5043478260869,370.75,732,735,4,42,115,False,True,
run_20260807_175821_881241,2698,92,2026-08-07T17:59:55.124,12,left,7.5,7.857142857142857,370.75,7,9,3,42,105,False,True,
run_20260807_175821_881241,2698,92,2026-08-07T17:59:55.124,11,left,29.0,30.310526315789474,370.5,28,33,6,53,190,False,True,
run_20260807_175821_881241,2698,92,2026-08-07T17:59:55.124,10,left,51.0,51.08181818181818,371.0,50,52,3,40,110,False,True,
run_20260807_175821_881241,2698,92,2026-08-07T17:59:55.124,9,left,73.0,73.08490566037736,371.0,72,74,3,39,106,False,True,
run_20260807_175821_881241,2698,92,2026-08-07T17:59:55.124,8,left,94.63636363636364,95.04854368932038,370.8181818181818,94,96,3,38,103,False,True,
run_20260807_175821_881241,2698,92,2026-08-07T17:59:55.124,7,left,116.5,116.95744680851064,370.75,116,118,3,38,94,False,True,
run_20260807_175821_881241,2698,92,2026-08-07T17:59:55.124,6,left,139.0,140.0,371.125,138,143,6,67,215,False,True,
run_20260807_175821_881241,2698,92,2026-08-07T17:59:55.124,5,left,161.0,161.17171717171718,371.0,160,162,3,39,99,False,True,
run_20260807_175821_881241,2698,92,2026-08-07T17:59:55.124,4,left,183.5,183.8041237113402,370.7857142857143,183,185,3,40,97,False,True,
run_20260807_175821_881241,2698,92,2026-08-07T17:59:55.124,3,left,206.0,206.05084745762713,371.0,205,207,3,42,118,False,True,
run_20260807_175821_881241,2698,92,2026-08-07T17:59:55.124,2,left,228.0,228.1081081081081,371.0,227,229,3,42,111,False,True,
run_20260807_175821_881241,2698,92,2026-08-07T17:59:55.124,1,left,250.0,250.55837563451777,371.0,249,252,4,69,197,False,True,
run_20260807_175821_881241,2698,92,2026-08-07T17:59:55.124,0,left,272.0,272.1698113207547,370.5,271,273,3,42,106,True,True,
run_20260807_175821_881241,2698,92,2026-08-07T17:59:55.124,0,right,469.0,468.9920634920635,370.5,468,470,3,43,126,True,True,
run_20260807_175821_881241,2698,92,2026-08-07T17:59:55.124,1,right,492.0,491.2,371.0,490,493,4,70,205,False,True,
run_20260807_175821_881241,2698,92,2026-08-07T17:59:55.124,2,right,514.0,513.6829268292682,371.0,512,515,4,42,123,False,True,
run_20260807_175821_881241,2698,92,2026-08-07T17:59:55.124,3,right,536.0,535.9586776859504,371.0,535,537,3,42,121,False,True,
run_20260807_175821_881241,2698,92,2026-08-07T17:59:55.124,4,right,558.0714285714286,557.99173553719,370.7857142857143,557,559,3,42,121,False,True,
run_20260807_175821_881241,2698,92,2026-08-07T17:59:55.124,5,right,581.0,580.4765625,371.0,579,582,4,43,128,False,True,
run_20260807_175821_881241,2698,92,2026-08-07T17:59:55.124,6,right,603.25,602.0643564356436,371.125,600,604,5,67,202,False,True,
run_20260807_175821_881241,2698,92,2026-08-07T17:59:55.124,7,right,625.0,624.9333333333333,370.75,624,626,3,43,120,False,True,
run_20260807_175821_881241,2698,92,2026-08-07T17:59:55.124,8,right,647.0,646.8672566371681,370.8181818181818,646,648,3,43,113,False,True,
run_20260807_175821_881241,2698,92,2026-08-07T17:59:55.124,9,right,669.0,668.6068376068376,371.0,667,670,4,43,117,False,True,
run_20260807_175821_881241,2698,92,2026-08-07T17:59:55.124,10,right,691.0,690.4833333333333,371.0,689,692,4,42,120,False,True,
run_20260807_175821_881241,2698,92,2026-08-07T17:59:55.124,11,right,712.0,710.9796954314721,370.5,708,713,6,54,197,False,True,
run_20260807_175821_881241,2698,92,2026-08-07T17:59:55.124,12,right,734.0,733.5546218487395,370.75,732,735,4,42,119,False,True,
run_20260807_175821_881241,2728,93,2026-08-07T17:59:56.127,12,left,7.5,7.857142857142857,370.75,7,9,3,42,105,False,True,
run_20260807_175821_881241,2728,93,2026-08-07T17:59:56.127,11,left,29.0,30.294736842105262,370.5,28,33,6,52,190,False,True,
run_20260807_175821_881241,2728,93,2026-08-07T17:59:56.127,10,left,51.0,51.091743119266056,371.0,50,52,3,40,109,False,True,
run_20260807_175821_881241,2728,93,2026-08-07T17:59:56.127,9,left,73.0,73.08490566037736,371.0,72,74,3,39,106,False,True,
run_20260807_175821_881241,2728,93,2026-08-07T17:59:56.127,8,left,94.63636363636364,95.02970297029702,370.8181818181818,94,96,3,38,101,False,True,
run_20260807_175821_881241,2728,93,2026-08-07T17:59:56.127,7,left,116.5,116.95744680851064,370.75,116,118,3,38,94,False,True,
run_20260807_175821_881241,2728,93,2026-08-07T17:59:56.127,6,left,139.0,140.00460829493088,371.125,138,143,6,68,217,False,True,
run_20260807_175821_881241,2728,93,2026-08-07T17:59:56.127,5,left,161.0,161.17171717171718,371.0,160,162,3,39,99,False,True,
run_20260807_175821_881241,2728,93,2026-08-07T17:59:56.127,4,left,183.5,183.79166666666666,370.8269230769231,183,185,3,40,96,False,True,
run_20260807_175821_881241,2728,93,2026-08-07T17:59:56.127,3,left,206.0,206.05982905982907,371.0,205,207,3,42,117,False,True,
run_20260807_175821_881241,2728,93,2026-08-07T17:59:56.127,2,left,228.07142857142858,228.11818181818182,371.0357142857143,227,229,3,42,110,False,True,
run_20260807_175821_881241,2728,93,2026-08-07T17:59:56.127,1,left,250.0,250.55897435897435,371.0,249,252,4,69,195,False,True,
run_20260807_175821_881241,2728,93,2026-08-07T17:59:56.127,0,left,272.0,272.1826923076923,370.5,271,273,3,42,104,True,True,
run_20260807_175821_881241,2728,93,2026-08-07T17:59:56.127,0,right,469.0,468.992,370.5,468,470,3,42,125,True,True,
run_20260807_175821_881241,2728,93,2026-08-07T17:59:56.127,1,right,492.0,491.19607843137254,371.0,490,493,4,70,204,False,True,
run_20260807_175821_881241,2728,93,2026-08-07T17:59:56.127,2,right,514.0,513.6935483870968,371.0357142857143,512,515,4,42,124,False,True,
run_20260807_175821_881241,2728,93,2026-08-07T17:59:56.127,3,right,536.0,535.9586776859504,371.0,535,537,3,42,121,False,True,
run_20260807_175821_881241,2728,93,2026-08-07T17:59:56.127,4,right,558.1538461538462,557.9833333333333,370.8269230769231,557,559,3,42,120,False,True,
run_20260807_175821_881241,2728,93,2026-08-07T17:59:56.127,5,right,581.0,580.4645669291339,371.0,579,582,4,43,127,False,True,
run_20260807_175821_881241,2728,93,2026-08-07T17:59:56.127,6,right,603.25,602.0738916256157,371.125,600,604,5,67,203,False,True,
run_20260807_175821_881241,2728,93,2026-08-07T17:59:56.127,7,right,625.0,624.9333333333333,370.75,624,626,3,43,120,False,True,
run_20260807_175821_881241,2728,93,2026-08-07T17:59:56.127,8,right,647.0,646.8672566371681,370.8181818181818,646,648,3,43,113,False,True,
run_20260807_175821_881241,2728,93,2026-08-07T17:59:56.127,9,right,669.0,668.6186440677966,371.0,667,670,4,43,118,False,True,
run_20260807_175821_881241,2728,93,2026-08-07T17:59:56.127,10,right,691.0,690.4710743801653,371.0,689,692,4,42,121,False,True,
run_20260807_175821_881241,2728,93,2026-08-07T17:59:56.127,11,right,712.0,710.9744897959183,370.5,708,713,6,54,196,False,True,
run_20260807_175821_881241,2728,93,2026-08-07T17:59:56.127,12,right,734.0,733.5299145299145,370.75,732,735,4,42,117,False,True,
run_20260807_175821_881241,2759,94,2026-08-07T17:59:57.154,12,left,7.5,7.865384615384615,370.75,7,9,3,42,104,False,True,
run_20260807_175821_881241,2759,94,2026-08-07T17:59:57.154,11,left,29.0,30.27461139896373,370.5,28,33,6,53,193,False,True,
run_20260807_175821_881241,2759,94,2026-08-07T17:59:57.154,10,left,51.0,51.091743119266056,371.0,50,52,3,40,109,False,True,
run_20260807_175821_881241,2759,94,2026-08-07T17:59:57.154,9,left,73.0,73.08490566037736,371.0,72,74,3,39,106,False,True,
run_20260807_175821_881241,2759,94,2026-08-07T17:59:57.154,8,left,94.5,95.02970297029702,370.75,94,96,3,38,101,False,True,
run_20260807_175821_881241,2759,94,2026-08-07T17:59:57.154,7,left,116.5,116.95744680851064,370.75,116,118,3,38,94,False,True,
run_20260807_175821_881241,2759,94,2026-08-07T17:59:57.154,6,left,139.0,139.99074074074073,371.125,138,143,6,69,216,False,True,
run_20260807_175821_881241,2759,94,2026-08-07T17:59:57.154,5,left,161.0,161.17171717171718,371.0,160,162,3,39,99,False,True,
run_20260807_175821_881241,2759,94,2026-08-07T17:59:57.154,4,left,183.5,183.79166666666666,370.7857142857143,183,185,3,40,96,False,True,
run_20260807_175821_881241,2759,94,2026-08-07T17:59:57.154,3,left,206.0,206.05982905982907,371.0,205,207,3,42,117,False,True,
run_20260807_175821_881241,2759,94,2026-08-07T17:59:57.154,2,left,228.07142857142858,228.11818181818182,371.0357142857143,227,229,3,42,110,False,True,
run_20260807_175821_881241,2759,94,2026-08-07T17:59:57.154,1,left,250.0,250.56701030927834,371.0,249,252,4,69,194,False,True,
run_20260807_175821_881241,2759,94,2026-08-07T17:59:57.154,0,left,272.0,272.18095238095236,370.5,271,273,3,42,105,True,True,
run_20260807_175821_881241,2759,94,2026-08-07T17:59:57.154,0,right,469.0,468.992,370.5,468,470,3,42,125,True,True,
run_20260807_175821_881241,2759,94,2026-08-07T17:59:57.154,1,right,492.0,491.2048780487805,371.0,490,493,4,70,205,False,True,
run_20260807_175821_881241,2759,94,2026-08-07T17:59:57.154,2,right,514.0,513.8648648648649,371.0357142857143,513,515,3,42,111,False,True,
run_20260807_175821_881241,2759,94,2026-08-07T17:59:57.154,3,right,536.0,535.9586776859504,371.0,535,537,3,42,121,False,True,
run_20260807_175821_881241,2759,94,2026-08-07T17:59:57.154,4,right,558.0714285714286,557.9752066115702,370.7857142857143,557,559,3,42,121,False,True,
run_20260807_175821_881241,2759,94,2026-08-07T17:59:57.154,5,right,581.0,580.453125,371.0,579,582,4,43,128,False,True,
run_20260807_175821_881241,2759,94,2026-08-07T17:59:57.154,6,right,603.25,602.0643564356436,371.125,600,604,5,67,202,False,True,
run_20260807_175821_881241,2759,94,2026-08-07T17:59:57.154,7,right,625.0,624.9333333333333,370.75,624,626,3,43,120,False,True,
run_20260807_175821_881241,2759,94,2026-08-07T17:59:57.154,8,right,647.0,646.8672566371681,370.75,646,648,3,43,113,False,True,
run_20260807_175821_881241,2759,94,2026-08-07T17:59:57.154,9,right,669.0,668.6186440677966,371.0,667,670,4,43,118,False,True,
run_20260807_175821_881241,2759,94,2026-08-07T17:59:57.154,10,right,691.0,690.4590163934427,371.0,689,692,4,42,122,False,True,
run_20260807_175821_881241,2759,94,2026-08-07T17:59:57.154,11,right,712.0,710.9744897959183,370.5,708,713,6,54,196,False,True,
run_20260807_175821_881241,2759,94,2026-08-07T17:59:57.154,12,right,734.0,733.5172413793103,370.75,732,735,4,42,116,False,True,
run_20260807_175821_881241,2789,95,2026-08-07T17:59:58.160,12,left,7.5,7.857142857142857,370.75,7,9,3,42,105,False,True,
run_20260807_175821_881241,2789,95,2026-08-07T17:59:58.160,11,left,29.0,30.27461139896373,370.5,28,33,6,53,193,False,True,
run_20260807_175821_881241,2789,95,2026-08-07T17:59:58.160,10,left,51.0,51.08181818181818,371.0,50,52,3,40,110,False,True,
run_20260807_175821_881241,2789,95,2026-08-07T17:59:58.160,9,left,73.0,73.08490566037736,371.0,72,74,3,39,106,False,True,
run_20260807_175821_881241,2789,95,2026-08-07T17:59:58.160,8,left,94.63636363636364,95.02970297029702,370.8181818181818,94,96,3,38,101,False,True,
run_20260807_175821_881241,2789,95,2026-08-07T17:59:58.160,7,left,116.5,116.97916666666667,370.75,116,118,3,38,96,False,True,
run_20260807_175821_881241,2789,95,2026-08-07T17:59:58.160,6,left,138.75,139.98584905660377,371.0,138,143,6,63,212,False,True,
run_20260807_175821_881241,2789,95,2026-08-07T17:59:58.160,5,left,161.0,161.17171717171718,371.0,160,162,3,39,99,False,True,
run_20260807_175821_881241,2789,95,2026-08-07T17:59:58.160,4,left,183.5,183.8041237113402,370.8269230769231,183,185,3,40,97,False,True,
run_20260807_175821_881241,2789,95,2026-08-07T17:59:58.160,3,left,206.0,206.05982905982907,371.0,205,207,3,42,117,False,True,
run_20260807_175821_881241,2789,95,2026-08-07T17:59:58.160,2,left,228.07142857142858,228.11818181818182,371.0357142857143,227,229,3,42,110,False,True,
run_20260807_175821_881241,2789,95,2026-08-07T17:59:58.160,1,left,250.0,250.55897435897435,370.9375,249,252,4,69,195,False,True,
run_20260807_175821_881241,2789,95,2026-08-07T17:59:58.160,0,left,272.0,272.18095238095236,370.5,271,273,3,42,105,True,True,
run_20260807_175821_881241,2789,95,2026-08-07T17:59:58.160,0,right,469.0,468.992,370.5,468,470,3,42,125,True,True,
run_20260807_175821_881241,2789,95,2026-08-07T17:59:58.160,1,right,491.875,491.2028985507246,370.9375,490,493,4,70,207,False,True,
run_20260807_175821_881241,2789,95,2026-08-07T17:59:58.160,2,right,514.0,513.6829268292682,371.0357142857143,512,515,4,42,123,False,True,
run_20260807_175821_881241,2789,95,2026-08-07T17:59:58.160,3,right,536.0,535.9586776859504,371.0,535,537,3,42,121,False,True,
run_20260807_175821_881241,2789,95,2026-08-07T17:59:58.160,4,right,558.1538461538462,557.99173553719,370.8269230769231,557,559,3,42,121,False,True,
run_20260807_175821_881241,2789,95,2026-08-07T17:59:58.160,5,right,581.0,580.4765625,371.0,579,582,4,43,128,False,True,
run_20260807_175821_881241,2789,95,2026-08-07T17:59:58.160,6,right,603.25,602.0643564356436,371.0,600,604,5,67,202,False,True,
run_20260807_175821_881241,2789,95,2026-08-07T17:59:58.160,7,right,625.0,624.9333333333333,370.75,624,626,3,43,120,False,True,
run_20260807_175821_881241,2789,95,2026-08-07T17:59:58.160,8,right,647.0,646.8672566371681,370.8181818181818,646,648,3,43,113,False,True,
run_20260807_175821_881241,2789,95,2026-08-07T17:59:58.160,9,right,669.0,668.6186440677966,371.0,667,670,4,43,118,False,True,
run_20260807_175821_881241,2789,95,2026-08-07T17:59:58.160,10,right,691.0,690.4628099173553,371.0,689,692,4,41,121,False,True,
run_20260807_175821_881241,2789,95,2026-08-07T17:59:58.160,11,right,712.0,710.9692307692308,370.5,708,713,6,54,195,False,True,
run_20260807_175821_881241,2789,95,2026-08-07T17:59:58.160,12,right,734.0,733.5299145299145,370.75,732,735,4,42,117,False,True,
run_20260807_175821_881241,2818,96,2026-08-07T17:59:59.193,12,left,7.5,7.857142857142857,370.75,7,9,3,42,105,False,True,
run_20260807_175821_881241,2818,96,2026-08-07T17:59:59.193,11,left,29.0,30.28125,370.5,28,33,6,53,192,False,True,
run_20260807_175821_881241,2818,96,2026-08-07T17:59:59.193,10,left,51.0,51.091743119266056,371.0,50,52,3,40,109,False,True,
run_20260807_175821_881241,2818,96,2026-08-07T17:59:59.193,9,left,73.0,73.08490566037736,371.0,72,74,3,39,106,False,True,
run_20260807_175821_881241,2818,96,2026-08-07T17:59:59.193,8,left,94.84615384615384,95.04854368932038,370.9230769230769,94,96,3,38,103,False,True,
run_20260807_175821_881241,2818,96,2026-08-07T17:59:59.193,7,left,116.5,116.93478260869566,370.75,116,118,3,38,92,False,True,
run_20260807_175821_881241,2818,96,2026-08-07T17:59:59.193,6,left,138.84615384615384,140.00467289719626,371.0480769230769,138,143,6,67,214,False,True,
run_20260807_175821_881241,2818,96,2026-08-07T17:59:59.193,5,left,161.0,161.17171717171718,371.0,160,162,3,39,99,False,True,
run_20260807_175821_881241,2818,96,2026-08-07T17:59:59.193,4,left,183.5,183.79166666666666,370.8269230769231,183,185,3,40,96,False,True,
run_20260807_175821_881241,2818,96,2026-08-07T17:59:59.193,3,left,206.0,206.05982905982907,371.0,205,207,3,42,117,False,True,
run_20260807_175821_881241,2818,96,2026-08-07T17:59:59.193,2,left,228.07142857142858,228.11818181818182,371.0357142857143,227,229,3,42,110,False,True,
run_20260807_175821_881241,2818,96,2026-08-07T17:59:59.193,1,left,250.0,250.56632653061226,371.0,249,252,4,69,196,False,True,
run_20260807_175821_881241,2818,96,2026-08-07T17:59:59.193,0,left,272.0,272.1923076923077,370.5,271,273,3,42,104,True,True,
run_20260807_175821_881241,2818,96,2026-08-07T17:59:59.193,0,right,469.0,468.992,370.5,468,470,3,42,125,True,True,
run_20260807_175821_881241,2818,96,2026-08-07T17:59:59.193,1,right,492.0,491.21463414634144,371.0,490,493,4,70,205,False,True,
run_20260807_175821_881241,2818,96,2026-08-07T17:59:59.193,2,right,514.0,513.6693548387096,371.0357142857143,512,515,4,42,124,False,True,
run_20260807_175821_881241,2818,96,2026-08-07T17:59:59.193,3,right,536.0,535.9586776859504,371.0,535,537,3,42,121,False,True,
run_20260807_175821_881241,2818,96,2026-08-07T17:59:59.193,4,right,558.1538461538462,557.9915966386554,370.8269230769231,557,559,3,42,119,False,True,
run_20260807_175821_881241,2818,96,2026-08-07T17:59:59.193,5,right,581.0,580.4651162790698,371.0,579,582,4,43,129,False,True,
run_20260807_175821_881241,2818,96,2026-08-07T17:59:59.193,6,right,603.25,602.0643564356436,371.0480769230769,600,604,5,67,202,False,True,
run_20260807_175821_881241,2818,96,2026-08-07T17:59:59.193,7,right,625.0,624.9059829059829,370.75,624,626,3,43,117,False,True,
run_20260807_175821_881241,2818,96,2026-08-07T17:59:59.193,8,right,647.0,646.8672566371681,370.9230769230769,646,648,3,43,113,False,True,
run_20260807_175821_881241,2818,96,2026-08-07T17:59:59.193,9,right,669.0,668.6186440677966,371.0,667,670,4,43,118,False,True,
run_20260807_175821_881241,2818,96,2026-08-07T17:59:59.193,10,right,691.0,690.4462809917355,371.0,689,692,4,42,121,False,True,
run_20260807_175821_881241,2818,96,2026-08-07T17:59:59.193,11,right,712.0,710.9644670050761,370.5,708,713,6,54,197,False,True,
run_20260807_175821_881241,2818,96,2026-08-07T17:59:59.193,12,right,734.0,733.5172413793103,370.75,732,735,4,42,116,False,True,
run_20260807_175821_881241,2849,97,2026-08-07T18:00:00.226,12,left,7.5,7.857142857142857,370.75,7,9,3,42,105,False,True,
run_20260807_175821_881241,2849,97,2026-08-07T18:00:00.226,11,left,29.0,30.28125,370.5,28,33,6,53,192,False,True,
run_20260807_175821_881241,2849,97,2026-08-07T18:00:00.226,10,left,51.0,51.08181818181818,371.0,50,52,3,40,110,False,True,
run_20260807_175821_881241,2849,97,2026-08-07T18:00:00.226,9,left,73.0,73.08411214953271,371.0,72,74,3,39,107,False,True,
run_20260807_175821_881241,2849,97,2026-08-07T18:00:00.226,8,left,94.5,95.02,370.75,94,96,3,38,100,False,True,
run_20260807_175821_881241,2849,97,2026-08-07T18:00:00.226,7,left,116.5,116.94623655913979,370.75,116,118,3,38,93,False,True,
run_20260807_175821_881241,2849,97,2026-08-07T18:00:00.226,6,left,138.84615384615384,139.99530516431926,371.0480769230769,138,143,6,65,213,False,True,
run_20260807_175821_881241,2849,97,2026-08-07T18:00:00.226,5,left,161.0,161.17171717171718,371.0,160,162,3,39,99,False,True,
run_20260807_175821_881241,2849,97,2026-08-07T18:00:00.226,4,left,183.5,183.79166666666666,370.8269230769231,183,185,3,40,96,False,True,
run_20260807_175821_881241,2849,97,2026-08-07T18:00:00.226,3,left,206.0,206.05982905982907,371.0,205,207,3,42,117,False,True,
run_20260807_175821_881241,2849,97,2026-08-07T18:00:00.226,2,left,228.07142857142858,228.11818181818182,371.0357142857143,227,229,3,42,110,False,True,
run_20260807_175821_881241,2849,97,2026-08-07T18:00:00.226,1,left,250.0,250.56476683937825,371.0,249,252,4,68,193,False,True,
run_20260807_175821_881241,2849,97,2026-08-07T18:00:00.226,0,left,272.0,272.1826923076923,370.5,271,273,3,42,104,True,True,
run_20260807_175821_881241,2849,97,2026-08-07T18:00:00.226,0,right,469.0,468.9920634920635,370.5,468,470,3,43,126,True,True,
run_20260807_175821_881241,2849,97,2026-08-07T18:00:00.226,1,right,492.0,491.22058823529414,371.0,490,493,4,70,204,False,True,
run_20260807_175821_881241,2849,97,2026-08-07T18:00:00.226,2,right,514.0,513.6829268292682,371.0357142857143,512,515,4,42,123,False,True,
run_20260807_175821_881241,2849,97,2026-08-07T18:00:00.226,3,right,536.0,535.9586776859504,371.0,535,537,3,42,121,False,True,
run_20260807_175821_881241,2849,97,2026-08-07T18:00:00.226,4,right,558.1538461538462,557.9833333333333,370.8269230769231,557,559,3,42,120,False,True,
run_20260807_175821_881241,2849,97,2026-08-07T18:00:00.226,5,right,581.0,580.4651162790698,371.0,579,582,4,43,129,False,True,
run_20260807_175821_881241,2849,97,2026-08-07T18:00:00.226,6,right,603.25,602.0746268656717,371.0480769230769,600,604,5,67,201,False,True,
run_20260807_175821_881241,2849,97,2026-08-07T18:00:00.226,7,right,625.0,624.9333333333333,370.75,624,626,3,43,120,False,True,
run_20260807_175821_881241,2849,97,2026-08-07T18:00:00.226,8,right,647.0,646.8672566371681,370.75,646,648,3,43,113,False,True,
run_20260807_175821_881241,2849,97,2026-08-07T18:00:00.226,9,right,669.0,668.5948275862069,371.0,667,670,4,43,116,False,True,
run_20260807_175821_881241,2849,97,2026-08-07T18:00:00.226,10,right,691.0,690.457627118644,371.0,689,692,4,42,118,False,True,
run_20260807_175821_881241,2849,97,2026-08-07T18:00:00.226,11,right,712.0,710.9644670050761,370.5,708,713,6,54,197,False,True,
run_20260807_175821_881241,2849,97,2026-08-07T18:00:00.226,12,right,734.0,733.5299145299145,370.75,732,735,4,42,117,False,True,
run_20260807_175821_881241,2879,98,2026-08-07T18:00:01.241,12,left,7.5,7.857142857142857,370.75,7,9,3,42,105,False,True,
run_20260807_175821_881241,2879,98,2026-08-07T18:00:01.241,11,left,29.0,30.288659793814432,370.5,28,33,6,53,194,False,True,
run_20260807_175821_881241,2879,98,2026-08-07T18:00:01.241,10,left,51.0,51.08181818181818,371.0,50,52,3,40,110,False,True,
run_20260807_175821_881241,2879,98,2026-08-07T18:00:01.241,9,left,73.0,73.08411214953271,371.0,72,74,3,39,107,False,True,
run_20260807_175821_881241,2879,98,2026-08-07T18:00:01.241,8,left,94.75,95.0576923076923,370.875,94,96,3,38,104,False,True,
run_20260807_175821_881241,2879,98,2026-08-07T18:00:01.241,7,left,116.5,116.95744680851064,370.75,116,118,3,38,94,False,True,
run_20260807_175821_881241,2879,98,2026-08-07T18:00:01.241,6,left,138.84615384615384,139.99056603773585,371.0480769230769,138,143,6,65,212,False,True,
run_20260807_175821_881241,2879,98,2026-08-07T18:00:01.241,5,left,161.0,161.17171717171718,371.0,160,162,3,39,99,False,True,
run_20260807_175821_881241,2879,98,2026-08-07T18:00:01.241,4,left,183.5,183.79166666666666,370.8269230769231,183,185,3,40,96,False,True,
run_20260807_175821_881241,2879,98,2026-08-07T18:00:01.241,3,left,206.0,206.05982905982907,371.0,205,207,3,42,117,False,True,
run_20260807_175821_881241,2879,98,2026-08-07T18:00:01.241,2,left,228.07142857142858,228.11818181818182,371.0357142857143,227,229,3,42,110,False,True,
run_20260807_175821_881241,2879,98,2026-08-07T18:00:01.241,1,left,250.0,250.56701030927834,371.0,249,252,4,69,194,False,True,
run_20260807_175821_881241,2879,98,2026-08-07T18:00:01.241,0,left,272.0,272.18095238095236,370.5,271,273,3,42,105,True,True,
run_20260807_175821_881241,2879,98,2026-08-07T18:00:01.241,0,right,469.0,468.9920634920635,370.5,468,470,3,43,126,True,True,
run_20260807_175821_881241,2879,98,2026-08-07T18:00:01.241,1,right,492.0,491.22058823529414,371.0,490,493,4,70,204,False,True,
run_20260807_175821_881241,2879,98,2026-08-07T18:00:01.241,2,right,514.0,513.875,371.0357142857143,513,515,3,42,112,False,True,
run_20260807_175821_881241,2879,98,2026-08-07T18:00:01.241,3,right,536.0,535.9586776859504,371.0,535,537,3,42,121,False,True,
run_20260807_175821_881241,2879,98,2026-08-07T18:00:01.241,4,right,558.1538461538462,557.9833333333333,370.8269230769231,557,559,3,42,120,False,True,
run_20260807_175821_881241,2879,98,2026-08-07T18:00:01.241,5,right,581.0,580.4765625,371.0,579,582,4,43,128,False,True,
run_20260807_175821_881241,2879,98,2026-08-07T18:00:01.241,6,right,603.25,602.0746268656717,371.0480769230769,600,604,5,67,201,False,True,
run_20260807_175821_881241,2879,98,2026-08-07T18:00:01.241,7,right,625.0,624.9333333333333,370.75,624,626,3,43,120,False,True,
run_20260807_175821_881241,2879,98,2026-08-07T18:00:01.241,8,right,647.0,646.8771929824561,370.875,646,648,3,43,114,False,True,
run_20260807_175821_881241,2879,98,2026-08-07T18:00:01.241,9,right,669.0,668.5948275862069,371.0,667,670,4,43,116,False,True,
run_20260807_175821_881241,2879,98,2026-08-07T18:00:01.241,10,right,691.0,690.4705882352941,371.0,689,692,4,42,119,False,True,
run_20260807_175821_881241,2879,98,2026-08-07T18:00:01.241,11,right,712.0,710.9484536082474,370.5,708,713,6,54,194,False,True,
run_20260807_175821_881241,2879,98,2026-08-07T18:00:01.241,12,right,734.0,733.5172413793103,370.75,732,735,4,42,116,False,True,
run_20260807_175821_881241,2910,99,2026-08-07T18:00:02.256,12,left,7.5,7.857142857142857,370.75,7,9,3,42,105,False,True,
run_20260807_175821_881241,2910,99,2026-08-07T18:00:02.256,11,left,29.0,30.29015544041451,370.5,28,33,6,52,193,False,True,
run_20260807_175821_881241,2910,99,2026-08-07T18:00:02.256,10,left,51.0,51.08181818181818,371.0,50,52,3,40,110,False,True,
run_20260807_175821_881241,2910,99,2026-08-07T18:00:02.256,9,left,73.0,73.08411214953271,371.0,72,74,3,39,107,False,True,
run_20260807_175821_881241,2910,99,2026-08-07T18:00:02.256,8,left,94.84615384615384,95.06666666666666,370.9230769230769,94,96,3,38,105,False,True,
run_20260807_175821_881241,2910,99,2026-08-07T18:00:02.256,7,left,116.5,116.97916666666667,370.75,116,118,3,38,96,False,True,
run_20260807_175821_881241,2910,99,2026-08-07T18:00:02.256,6,left,138.63636363636363,140.02392344497608,370.9431818181818,138,143,6,64,209,False,True,
run_20260807_175821_881241,2910,99,2026-08-07T18:00:02.256,5,left,161.0,161.13725490196077,371.0,160,162,3,39,102,False,True,
run_20260807_175821_881241,2910,99,2026-08-07T18:00:02.256,4,left,183.5,183.79166666666666,370.8269230769231,183,185,3,40,96,False,True,
run_20260807_175821_881241,2910,99,2026-08-07T18:00:02.256,3,left,206.0,206.05982905982907,371.0,205,207,3,42,117,False,True,
run_20260807_175821_881241,2910,99,2026-08-07T18:00:02.256,2,left,228.07142857142858,228.11818181818182,371.0357142857143,227,229,3,42,110,False,True,
run_20260807_175821_881241,2910,99,2026-08-07T18:00:02.256,1,left,250.0,250.55612244897958,371.0,249,252,4,68,196,False,True,
run_20260807_175821_881241,2910,99,2026-08-07T18:00:02.256,0,left,272.0,272.18095238095236,370.5,271,273,3,42,105,True,True,
run_20260807_175821_881241,2910,99,2026-08-07T18:00:02.256,0,right,469.0,468.9920634920635,370.5,468,470,3,43,126,True,True,
run_20260807_175821_881241,2910,99,2026-08-07T18:00:02.256,1,right,492.0,491.21256038647346,371.0,490,493,4,70,207,False,True,
run_20260807_175821_881241,2910,99,2026-08-07T18:00:02.256,2,right,514.0,513.672131147541,371.0357142857143,512,515,4,42,122,False,True,
run_20260807_175821_881241,2910,99,2026-08-07T18:00:02.256,3,right,536.0,535.9586776859504,371.0,535,537,3,42,121,False,True,
run_20260807_175821_881241,2910,99,2026-08-07T18:00:02.256,4,right,558.1538461538462,558.0,370.8269230769231,557,559,3,42,120,False,True,
run_20260807_175821_881241,2910,99,2026-08-07T18:00:02.256,5,right,581.0,580.4651162790698,371.0,579,582,4,43,129,False,True,
run_20260807_175821_881241,2910,99,2026-08-07T18:00:02.256,6,right,603.25,602.0738916256157,370.9431818181818,600,604,5,67,203,False,True,
run_20260807_175821_881241,2910,99,2026-08-07T18:00:02.256,7,right,625.0,624.9333333333333,370.75,624,626,3,43,120,False,True,
run_20260807_175821_881241,2910,99,2026-08-07T18:00:02.256,8,right,647.0,646.8672566371681,370.9230769230769,646,648,3,43,113,False,True,
run_20260807_175821_881241,2910,99,2026-08-07T18:00:02.256,9,right,669.0,668.6186440677966,371.0,667,670,4,43,118,False,True,
run_20260807_175821_881241,2910,99,2026-08-07T18:00:02.256,10,right,691.0,690.4590163934427,371.0,689,692,4,42,122,False,True,
run_20260807_175821_881241,2910,99,2026-08-07T18:00:02.256,11,right,712.0,710.9744897959183,370.5,708,713,6,54,196,False,True,
run_20260807_175821_881241,2910,99,2026-08-07T18:00:02.256,12,right,734.0,733.5304347826087,370.75,732,735,4,42,115,False,True,
run_20260807_175821_881241,2940,100,2026-08-07T18:00:03.258,12,left,7.5,7.867924528301887,370.75,7,9,3,42,106,False,True,
run_20260807_175821_881241,2940,100,2026-08-07T18:00:03.258,11,left,29.0,30.28421052631579,370.5,28,33,6,53,190,False,True,
run_20260807_175821_881241,2940,100,2026-08-07T18:00:03.258,10,left,51.0,51.08181818181818,371.0,50,52,3,40,110,False,True,
run_20260807_175821_881241,2940,100,2026-08-07T18:00:03.258,9,left,73.0,73.08411214953271,371.0,72,74,3,39,107,False,True,
run_20260807_175821_881241,2940,100,2026-08-07T18:00:03.258,8,left,94.5,95.03921568627452,370.75,94,96,3,38,102,False,True,
run_20260807_175821_881241,2940,100,2026-08-07T18:00:03.258,7,left,116.5,116.95744680851064,370.75,116,118,3,38,94,False,True,
run_20260807_175821_881241,2940,100,2026-08-07T18:00:03.258,6,left,138.75,140.0,371.0,138,143,6,65,211,False,True,
run_20260807_175821_881241,2940,100,2026-08-07T18:00:03.258,5,left,161.0,161.17171717171718,371.0,160,162,3,39,99,False,True,
run_20260807_175821_881241,2940,100,2026-08-07T18:00:03.258,4,left,183.5,183.8041237113402,370.9318181818182,183,185,3,40,97,False,True,
run_20260807_175821_881241,2940,100,2026-08-07T18:00:03.258,3,left,206.0,206.05982905982907,371.0,205,207,3,42,117,False,True,
run_20260807_175821_881241,2940,100,2026-08-07T18:00:03.258,2,left,228.07142857142858,228.11818181818182,371.0357142857143,227,229,3,42,110,False,True,
run_20260807_175821_881241,2940,100,2026-08-07T18:00:03.258,1,left,250.0,250.5721649484536,371.0,249,252,4,68,194,False,True,
run_20260807_175821_881241,2940,100,2026-08-07T18:00:03.258,0,left,272.0,272.1923076923077,370.5,271,273,3,42,104,True,True,
run_20260807_175821_881241,2940,100,2026-08-07T18:00:03.258,0,right,469.0,468.9920634920635,370.5,468,470,3,43,126,True,True,
run_20260807_175821_881241,2940,100,2026-08-07T18:00:03.258,1,right,492.0,491.2156862745098,371.0,490,493,4,70,204,False,True,
run_20260807_175821_881241,2940,100,2026-08-07T18:00:03.258,2,right,514.0,513.8648648648649,371.0357142857143,513,515,3,42,111,False,True,
run_20260807_175821_881241,2940,100,2026-08-07T18:00:03.258,3,right,536.0,535.9672131147541,371.0,535,537,3,42,122,False,True,
run_20260807_175821_881241,2940,100,2026-08-07T18:00:03.258,4,right,558.3636363636364,558.0,370.9318181818182,557,559,3,42,118,False,True,
run_20260807_175821_881241,2940,100,2026-08-07T18:00:03.258,5,right,581.0,580.4765625,371.0,579,582,4,43,128,False,True,
run_20260807_175821_881241,2940,100,2026-08-07T18:00:03.258,6,right,603.25,602.0841584158416,371.0,600,604,5,67,202,False,True,
run_20260807_175821_881241,2940,100,2026-08-07T18:00:03.258,7,right,625.0,624.9059829059829,370.75,624,626,3,43,117,False,True,
run_20260807_175821_881241,2940,100,2026-08-07T18:00:03.258,8,right,647.0,646.8672566371681,370.75,646,648,3,43,113,False,True,
run_20260807_175821_881241,2940,100,2026-08-07T18:00:03.258,9,right,669.0,668.5948275862069,371.0,667,670,4,43,116,False,True,
run_20260807_175821_881241,2940,100,2026-08-07T18:00:03.258,10,right,691.0,690.4833333333333,371.0,689,692,4,42,120,False,True,
run_20260807_175821_881241,2940,100,2026-08-07T18:00:03.258,11,right,712.0,710.9692307692308,370.5,708,713,6,54,195,False,True,
run_20260807_175821_881241,2940,100,2026-08-07T18:00:03.258,12,right,734.0,733.5714285714286,370.75,732,735,4,42,119,False,True,
run_20260807_175821_881241,2970,101,2026-08-07T18:00:04.260,12,left,7.5,7.857142857142857,370.75,7,9,3,42,105,False,True,
run_20260807_175821_881241,2970,101,2026-08-07T18:00:04.260,11,left,29.0,30.273684210526316,370.5,28,33,6,52,190,False,True,
run_20260807_175821_881241,2970,101,2026-08-07T18:00:04.260,10,left,51.0,51.08181818181818,371.0,50,52,3,40,110,False,True,
run_20260807_175821_881241,2970,101,2026-08-07T18:00:04.260,9,left,72.92857142857143,73.07619047619048,370.9642857142857,72,74,3,38,105,False,True,
run_20260807_175821_881241,2970,101,2026-08-07T18:00:04.260,8,left,94.75,95.0576923076923,370.875,94,96,3,38,104,False,True,
run_20260807_175821_881241,2970,101,2026-08-07T18:00:04.260,7,left,116.5,116.94623655913979,370.75,116,118,3,38,93,False,True,
run_20260807_175821_881241,2970,101,2026-08-07T18:00:04.260,6,left,139.0,139.99074074074073,371.125,138,143,6,69,216,False,True,
run_20260807_175821_881241,2970,101,2026-08-07T18:00:04.260,5,left,161.0,161.17171717171718,371.0,160,162,3,39,99,False,True,
run_20260807_175821_881241,2970,101,2026-08-07T18:00:04.260,4,left,183.5,183.8,370.9318181818182,183,185,3,40,95,False,True,
run_20260807_175821_881241,2970,101,2026-08-07T18:00:04.260,3,left,206.0,206.05982905982907,371.0,205,207,3,42,117,False,True,
run_20260807_175821_881241,2970,101,2026-08-07T18:00:04.260,2,left,228.07142857142858,228.11818181818182,371.0357142857143,227,229,3,42,110,False,True,
run_20260807_175821_881241,2970,101,2026-08-07T18:00:04.260,1,left,250.0,250.56410256410257,371.0,249,252,4,68,195,False,True,
run_20260807_175821_881241,2970,101,2026-08-07T18:00:04.260,0,left,272.0,272.20388349514565,370.5,271,273,3,42,103,True,True,
run_20260807_175821_881241,2970,101,2026-08-07T18:00:04.260,0,right,469.0,468.9920634920635,370.5,468,470,3,43,126,True,True,
run_20260807_175821_881241,2970,101,2026-08-07T18:00:04.260,1,right,492.0,491.22058823529414,371.0,490,493,4,70,204,False,True,
run_20260807_175821_881241,2970,101,2026-08-07T18:00:04.260,2,right,514.0,513.6829268292682,371.0357142857143,512,515,4,42,123,False,True,
run_20260807_175821_881241,2970,101,2026-08-07T18:00:04.260,3,right,536.0,535.9586776859504,371.0,535,537,3,42,121,False,True,
run_20260807_175821_881241,2970,101,2026-08-07T18:00:04.260,4,right,558.3636363636364,558.0084033613446,370.9318181818182,557,559,3,42,119,False,True,
run_20260807_175821_881241,2970,101,2026-08-07T18:00:04.260,5,right,581.0,580.4765625,371.0,579,582,4,43,128,False,True,
run_20260807_175821_881241,2970,101,2026-08-07T18:00:04.260,6,right,603.25,602.0746268656717,371.125,600,604,5,67,201,False,True,
run_20260807_175821_881241,2970,101,2026-08-07T18:00:04.260,7,right,625.0,624.9333333333333,370.75,624,626,3,43,120,False,True,
run_20260807_175821_881241,2970,101,2026-08-07T18:00:04.260,8,right,647.0,646.8571428571429,370.875,646,648,3,43,112,False,True,
run_20260807_175821_881241,2970,101,2026-08-07T18:00:04.260,9,right,669.0,668.5948275862069,370.9642857142857,667,670,4,43,116,False,True,
run_20260807_175821_881241,2970,101,2026-08-07T18:00:04.260,10,right,691.0,690.4873949579832,371.0,689,692,4,41,119,False,True,
run_20260807_175821_881241,2970,101,2026-08-07T18:00:04.260,11,right,712.0,710.9744897959183,370.5,708,713,6,54,196,False,True,
run_20260807_175821_881241,2970,101,2026-08-07T18:00:04.260,12,right,734.0,733.5043478260869,370.75,732,735,4,42,115,False,True,
run_20260807_175821_881241,2999,102,2026-08-07T18:00:05.262,12,left,7.5,7.846153846153846,370.75,7,9,3,42,104,False,True,
run_20260807_175821_881241,2999,102,2026-08-07T18:00:05.262,11,left,29.0,30.276041666666668,370.5,28,33,6,53,192,False,True,
run_20260807_175821_881241,2999,102,2026-08-07T18:00:05.262,10,left,51.0,51.08181818181818,371.0,50,52,3,40,110,False,True,
run_20260807_175821_881241,2999,102,2026-08-07T18:00:05.262,9,left,73.0,73.08490566037736,371.0,72,74,3,39,106,False,True,
run_20260807_175821_881241,2999,102,2026-08-07T18:00:05.262,8,left,94.5,95.02970297029702,370.75,94,96,3,38,101,False,True,
run_20260807_175821_881241,2999,102,2026-08-07T18:00:05.262,7,left,116.5,116.94623655913979,370.75,116,118,3,38,93,False,True,
run_20260807_175821_881241,2999,102,2026-08-07T18:00:05.262,6,left,138.63636363636363,139.99052132701422,370.9431818181818,138,143,6,64,211,False,True,
run_20260807_175821_881241,2999,102,2026-08-07T18:00:05.262,5,left,161.0,161.17171717171718,371.0,160,162,3,39,99,False,True,
run_20260807_175821_881241,2999,102,2026-08-07T18:00:05.262,4,left,183.07142857142858,183.5981308411215,370.71753246753246,182,185,4,40,107,False,True,
run_20260807_175821_881241,2999,102,2026-08-07T18:00:05.262,3,left,206.0,206.05982905982907,371.0,205,207,3,42,117,False,True,
run_20260807_175821_881241,2999,102,2026-08-07T18:00:05.262,2,left,228.07142857142858,228.11818181818182,371.0357142857143,227,229,3,42,110,False,True,
run_20260807_175821_881241,2999,102,2026-08-07T18:00:05.262,1,left,250.0,250.55670103092783,371.0,249,252,4,68,194,False,True,
run_20260807_175821_881241,2999,102,2026-08-07T18:00:05.262,0,left,272.0,272.18095238095236,370.5,271,273,3,42,105,True,True,
run_20260807_175821_881241,2999,102,2026-08-07T18:00:05.262,0,right,469.0,468.992,370.5,468,470,3,42,125,True,True,
run_20260807_175821_881241,2999,102,2026-08-07T18:00:05.262,1,right,492.0,491.22439024390246,371.0,490,493,4,70,205,False,True,
run_20260807_175821_881241,2999,102,2026-08-07T18:00:05.262,2,right,514.0,513.8545454545455,371.0357142857143,513,515,3,42,110,False,True,
run_20260807_175821_881241,2999,102,2026-08-07T18:00:05.262,3,right,536.0,535.9586776859504,371.0,535,537,3,42,121,False,True,
run_20260807_175821_881241,2999,102,2026-08-07T18:00:05.262,4,right,558.3636363636364,558.0,370.71753246753246,557,559,3,42,118,False,True,
run_20260807_175821_881241,2999,102,2026-08-07T18:00:05.262,5,right,581.0,580.4765625,371.0,579,582,4,43,128,False,True,
run_20260807_175821_881241,2999,102,2026-08-07T18:00:05.262,6,right,603.25,602.0746268656717,370.9431818181818,600,604,5,67,201,False,True,
run_20260807_175821_881241,2999,102,2026-08-07T18:00:05.262,7,right,625.0,624.9333333333333,370.75,624,626,3,43,120,False,True,
run_20260807_175821_881241,2999,102,2026-08-07T18:00:05.262,8,right,647.0,646.8571428571429,370.75,646,648,3,43,112,False,True,
run_20260807_175821_881241,2999,102,2026-08-07T18:00:05.262,9,right,669.0,668.5948275862069,371.0,667,670,4,43,116,False,True,
run_20260807_175821_881241,2999,102,2026-08-07T18:00:05.262,10,right,691.0,690.4710743801653,371.0,689,692,4,42,121,False,True,
run_20260807_175821_881241,2999,102,2026-08-07T18:00:05.262,11,right,712.0,710.9744897959183,370.5,708,713,6,54,196,False,True,
run_20260807_175821_881241,2999,102,2026-08-07T18:00:05.262,12,right,734.0,733.546218487395,370.75,732,735,4,42,119,False,True,
run_20260807_175821_881241,3030,103,2026-08-07T18:00:06.294,12,left,7.5,7.857142857142857,370.75,7,9,3,42,105,False,True,
run_20260807_175821_881241,3030,103,2026-08-07T18:00:06.294,11,left,29.0,30.276041666666668,370.5,28,33,6,53,192,False,True,
run_20260807_175821_881241,3030,103,2026-08-07T18:00:06.294,10,left,51.0,51.091743119266056,371.0,50,52,3,40,109,False,True,
run_20260807_175821_881241,3030,103,2026-08-07T18:00:06.294,9,left,73.0,73.08411214953271,371.0,72,74,3,39,107,False,True,
run_20260807_175821_881241,3030,103,2026-08-07T18:00:06.294,8,left,94.75,95.0576923076923,370.875,94,96,3,38,104,False,True,
run_20260807_175821_881241,3030,103,2026-08-07T18:00:06.294,7,left,116.5,116.94623655913979,370.75,116,118,3,38,93,False,True,
run_20260807_175821_881241,3030,103,2026-08-07T18:00:06.294,6,left,138.84615384615384,139.99532710280374,371.0480769230769,138,143,6,66,214,False,True,
run_20260807_175821_881241,3030,103,2026-08-07T18:00:06.294,5,left,161.0,161.17171717171718,371.0,160,162,3,39,99,False,True,
run_20260807_175821_881241,3030,103,2026-08-07T18:00:06.294,4,left,183.07142857142858,183.59259259259258,370.71753246753246,182,185,4,40,108,False,True,
run_20260807_175821_881241,3030,103,2026-08-07T18:00:06.294,3,left,206.0,206.05982905982907,371.0,205,207,3,42,117,False,True,
run_20260807_175821_881241,3030,103,2026-08-07T18:00:06.294,2,left,228.07142857142858,228.11818181818182,371.0357142857143,227,229,3,42,110,False,True,
run_20260807_175821_881241,3030,103,2026-08-07T18:00:06.294,1,left,250.0,250.56410256410257,371.0,249,252,4,68,195,False,True,
run_20260807_175821_881241,3030,103,2026-08-07T18:00:06.294,0,left,272.0,272.20388349514565,370.5,271,273,3,42,103,True,True,
run_20260807_175821_881241,3030,103,2026-08-07T18:00:06.294,0,right,469.0,468.9920634920635,370.5,468,470,3,43,126,True,True,
run_20260807_175821_881241,3030,103,2026-08-07T18:00:06.294,1,right,492.0,491.21463414634144,371.0,490,493,4,70,205,False,True,
run_20260807_175821_881241,3030,103,2026-08-07T18:00:06.294,2,right,514.0,513.8648648648649,371.0357142857143,513,515,3,42,111,False,True,
run_20260807_175821_881241,3030,103,2026-08-07T18:00:06.294,3,right,536.0,535.9586776859504,371.0,535,537,3,42,121,False,True,
run_20260807_175821_881241,3030,103,2026-08-07T18:00:06.294,4,right,558.3636363636364,558.0,370.71753246753246,557,559,3,42,118,False,True,
run_20260807_175821_881241,3030,103,2026-08-07T18:00:06.294,5,right,581.0,580.4765625,371.0,579,582,4,43,128,False,True,
run_20260807_175821_881241,3030,103,2026-08-07T18:00:06.294,6,right,603.25,602.0886699507389,371.0480769230769,600,604,5,67,203,False,True,
run_20260807_175821_881241,3030,103,2026-08-07T18:00:06.294,7,right,625.0,624.9333333333333,370.75,624,626,3,43,120,False,True,
run_20260807_175821_881241,3030,103,2026-08-07T18:00:06.294,8,right,647.0,646.8571428571429,370.875,646,648,3,43,112,False,True,
run_20260807_175821_881241,3030,103,2026-08-07T18:00:06.294,9,right,669.0,668.6068376068376,371.0,667,670,4,43,117,False,True,
run_20260807_175821_881241,3030,103,2026-08-07T18:00:06.294,10,right,691.0,690.4710743801653,371.0,689,692,4,42,121,False,True,
run_20260807_175821_881241,3030,103,2026-08-07T18:00:06.294,11,right,712.0,710.9744897959183,370.5,708,713,6,54,196,False,True,
run_20260807_175821_881241,3030,103,2026-08-07T18:00:06.294,12,right,734.0,733.5043478260869,370.75,732,735,4,42,115,False,True,
run_20260807_175821_881241,3061,104,2026-08-07T18:00:07.323,12,left,7.5,7.878504672897196,370.75,7,9,3,42,107,False,True,
run_20260807_175821_881241,3061,104,2026-08-07T18:00:07.323,11,left,29.0,30.29015544041451,370.5,28,33,6,53,193,False,True,
run_20260807_175821_881241,3061,104,2026-08-07T18:00:07.323,10,left,51.0,51.091743119266056,371.0,50,52,3,40,109,False,True,
run_20260807_175821_881241,3061,104,2026-08-07T18:00:07.323,9,left,73.0,73.08411214953271,371.0,72,74,3,39,107,False,True,
run_20260807_175821_881241,3061,104,2026-08-07T18:00:07.323,8,left,94.5,95.02,370.75,94,96,3,38,100,False,True,
run_20260807_175821_881241,3061,104,2026-08-07T18:00:07.323,7,left,116.5,116.94623655913979,370.75,116,118,3,38,93,False,True,
run_20260807_175821_881241,3061,104,2026-08-07T18:00:07.323,6,left,138.63636363636363,139.99052132701422,370.9431818181818,138,143,6,64,211,False,True,
run_20260807_175821_881241,3061,104,2026-08-07T18:00:07.323,5,left,161.0,161.17171717171718,371.0,160,162,3,39,99,False,True,
run_20260807_175821_881241,3061,104,2026-08-07T18:00:07.323,4,left,183.5,183.79166666666666,370.9318181818182,183,185,3,40,96,False,True,
run_20260807_175821_881241,3061,104,2026-08-07T18:00:07.323,3,left,206.0,206.05982905982907,371.0,205,207,3,42,117,False,True,
run_20260807_175821_881241,3061,104,2026-08-07T18:00:07.323,2,left,228.07142857142858,228.11818181818182,371.0357142857143,227,229,3,42,110,False,True,
run_20260807_175821_881241,3061,104,2026-08-07T18:00:07.323,1,left,250.0,250.56632653061226,371.0,249,252,4,69,196,False,True,
run_20260807_175821_881241,3061,104,2026-08-07T18:00:07.323,0,left,272.0,272.1826923076923,370.5,271,273,3,42,104,True,True,
run_20260807_175821_881241,3061,104,2026-08-07T18:00:07.323,0,right,469.0,468.9920634920635,370.5,468,470,3,43,126,True,True,
run_20260807_175821_881241,3061,104,2026-08-07T18:00:07.323,1,right,492.0,491.2178217821782,371.0,490,493,4,70,202,False,True,
run_20260807_175821_881241,3061,104,2026-08-07T18:00:07.323,2,right,514.0,513.8648648648649,371.0357142857143,513,515,3,42,111,False,True,
run_20260807_175821_881241,3061,104,2026-08-07T18:00:07.323,3,right,536.0,535.9586776859504,371.0,535,537,3,42,121,False,True,
run_20260807_175821_881241,3061,104,2026-08-07T18:00:07.323,4,right,558.3636363636364,558.0,370.9318181818182,557,559,3,42,118,False,True,
run_20260807_175821_881241,3061,104,2026-08-07T18:00:07.323,5,right,581.0,580.4765625,371.0,579,582,4,43,128,False,True,
run_20260807_175821_881241,3061,104,2026-08-07T18:00:07.323,6,right,603.25,602.0643564356436,370.9431818181818,600,604,5,67,202,False,True,
run_20260807_175821_881241,3061,104,2026-08-07T18:00:07.323,7,right,625.0,624.9333333333333,370.75,624,626,3,43,120,False,True,
run_20260807_175821_881241,3061,104,2026-08-07T18:00:07.323,8,right,647.0,646.8672566371681,370.75,646,648,3,43,113,False,True,
run_20260807_175821_881241,3061,104,2026-08-07T18:00:07.323,9,right,669.0,668.5948275862069,371.0,667,670,4,43,116,False,True,
run_20260807_175821_881241,3061,104,2026-08-07T18:00:07.323,10,right,691.0,690.4833333333333,371.0,689,692,4,42,120,False,True,
run_20260807_175821_881241,3061,104,2026-08-07T18:00:07.323,11,right,712.0,710.9692307692308,370.5,708,713,6,54,195,False,True,
run_20260807_175821_881241,3061,104,2026-08-07T18:00:07.323,12,right,734.0,733.5546218487395,370.75,732,735,4,42,119,False,True,
run_20260807_175821_881241,3092,105,2026-08-07T18:00:08.359,12,left,7.5,7.857142857142857,370.75,7,9,3,42,105,False,True,
run_20260807_175821_881241,3092,105,2026-08-07T18:00:08.359,11,left,29.0,30.269430051813472,370.5,28,33,6,53,193,False,True,
run_20260807_175821_881241,3092,105,2026-08-07T18:00:08.359,10,left,51.0,51.08181818181818,371.0,50,52,3,40,110,False,True,
run_20260807_175821_881241,3092,105,2026-08-07T18:00:08.359,9,left,73.0,73.08490566037736,371.0,72,74,3,39,106,False,True,
run_20260807_175821_881241,3092,105,2026-08-07T18:00:08.359,8,left,94.84615384615384,95.06666666666666,370.9230769230769,94,96,3,38,105,False,True,
run_20260807_175821_881241,3092,105,2026-08-07T18:00:08.359,7,left,116.5,116.94623655913979,370.75,116,118,3,38,93,False,True,
run_20260807_175821_881241,3092,105,2026-08-07T18:00:08.359,6,left,138.75,139.99056603773585,371.0,138,143,6,65,212,False,True,
run_20260807_175821_881241,3092,105,2026-08-07T18:00:08.359,5,left,161.0,161.13725490196077,371.0,160,162,3,39,102,False,True,
run_20260807_175821_881241,3092,105,2026-08-07T18:00:08.359,4,left,183.5,183.79166666666666,370.875,183,185,3,40,96,False,True,
run_20260807_175821_881241,3092,105,2026-08-07T18:00:08.359,3,left,206.0,206.05982905982907,371.0,205,207,3,42,117,False,True,
run_20260807_175821_881241,3092,105,2026-08-07T18:00:08.359,2,left,228.07142857142858,228.11818181818182,371.0357142857143,227,229,3,42,110,False,True,
run_20260807_175821_881241,3092,105,2026-08-07T18:00:08.359,1,left,250.0,250.56701030927834,371.0,249,252,4,69,194,False,True,
run_20260807_175821_881241,3092,105,2026-08-07T18:00:08.359,0,left,272.0,272.1826923076923,370.5,271,273,3,42,104,True,True,
run_20260807_175821_881241,3092,105,2026-08-07T18:00:08.359,0,right,469.0,468.9920634920635,370.5,468,470,3,43,126,True,True,
run_20260807_175821_881241,3092,105,2026-08-07T18:00:08.359,1,right,492.0,491.2227722772277,371.0,490,493,4,70,202,False,True,
run_20260807_175821_881241,3092,105,2026-08-07T18:00:08.359,2,right,514.0,513.875,371.0357142857143,513,515,3,42,112,False,True,
run_20260807_175821_881241,3092,105,2026-08-07T18:00:08.359,3,right,536.0,535.9586776859504,371.0,535,537,3,42,121,False,True,
run_20260807_175821_881241,3092,105,2026-08-07T18:00:08.359,4,right,558.25,558.0,370.875,557,559,3,42,120,False,True,
run_20260807_175821_881241,3092,105,2026-08-07T18:00:08.359,5,right,581.0,580.4765625,371.0,579,582,4,43,128,False,True,
run_20260807_175821_881241,3092,105,2026-08-07T18:00:08.359,6,right,603.25,602.0738916256157,371.0,600,604,5,67,203,False,True,
run_20260807_175821_881241,3092,105,2026-08-07T18:00:08.359,7,right,625.0,624.9059829059829,370.75,624,626,3,43,117,False,True,
run_20260807_175821_881241,3092,105,2026-08-07T18:00:08.359,8,right,647.0,646.8672566371681,370.9230769230769,646,648,3,43,113,False,True,
run_20260807_175821_881241,3092,105,2026-08-07T18:00:08.359,9,right,669.0,668.6186440677966,371.0,667,670,4,43,118,False,True,
run_20260807_175821_881241,3092,105,2026-08-07T18:00:08.359,10,right,691.0,690.4710743801653,371.0,689,692,4,42,121,False,True,
run_20260807_175821_881241,3092,105,2026-08-07T18:00:08.359,11,right,712.0,710.9639175257732,370.5,708,713,6,54,194,False,True,
run_20260807_175821_881241,3092,105,2026-08-07T18:00:08.359,12,right,734.0,733.5213675213676,370.75,732,735,4,42,117,False,True,
run_20260807_175821_881241,3123,106,2026-08-07T18:00:09.387,12,left,7.5,7.849056603773585,370.75,7,9,3,42,106,False,True,
run_20260807_175821_881241,3123,106,2026-08-07T18:00:09.387,11,left,29.0,30.277486910994764,370.5,28,33,6,53,191,False,True,
run_20260807_175821_881241,3123,106,2026-08-07T18:00:09.387,10,left,51.0,51.091743119266056,371.0,50,52,3,40,109,False,True,
run_20260807_175821_881241,3123,106,2026-08-07T18:00:09.387,9,left,73.0,73.08490566037736,371.0,72,74,3,39,106,False,True,
run_20260807_175821_881241,3123,106,2026-08-07T18:00:09.387,8,left,94.63636363636364,95.04854368932038,370.8181818181818,94,96,3,38,103,False,True,
run_20260807_175821_881241,3123,106,2026-08-07T18:00:09.387,7,left,116.5,116.96842105263158,370.75,116,118,3,38,95,False,True,
run_20260807_175821_881241,3123,106,2026-08-07T18:00:09.387,6,left,138.63636363636363,139.99052132701422,370.9431818181818,138,143,6,64,211,False,True,
run_20260807_175821_881241,3123,106,2026-08-07T18:00:09.387,5,left,161.0,161.17171717171718,371.0,160,162,3,39,99,False,True,
run_20260807_175821_881241,3123,106,2026-08-07T18:00:09.387,4,left,183.5,183.79166666666666,370.9318181818182,183,185,3,40,96,False,True,
run_20260807_175821_881241,3123,106,2026-08-07T18:00:09.387,3,left,206.0,206.05982905982907,371.0,205,207,3,42,117,False,True,
run_20260807_175821_881241,3123,106,2026-08-07T18:00:09.387,2,left,228.07142857142858,228.11818181818182,371.0357142857143,227,229,3,42,110,False,True,
run_20260807_175821_881241,3123,106,2026-08-07T18:00:09.387,1,left,250.0,250.56632653061226,371.0,249,252,4,69,196,False,True,
run_20260807_175821_881241,3123,106,2026-08-07T18:00:09.387,0,left,272.0,272.18095238095236,370.5,271,273,3,42,105,True,True,
run_20260807_175821_881241,3123,106,2026-08-07T18:00:09.387,0,right,469.0,468.992,370.5,468,470,3,42,125,True,True,
run_20260807_175821_881241,3123,106,2026-08-07T18:00:09.387,1,right,492.0,491.22058823529414,371.0,490,493,4,70,204,False,True,
run_20260807_175821_881241,3123,106,2026-08-07T18:00:09.387,2,right,514.0,513.9043478260869,371.0357142857143,513,515,3,42,115,False,True,
run_20260807_175821_881241,3123,106,2026-08-07T18:00:09.387,3,right,536.0,535.9586776859504,371.0,535,537,3,42,121,False,True,
run_20260807_175821_881241,3123,106,2026-08-07T18:00:09.387,4,right,558.3636363636364,558.0,370.9318181818182,557,559,3,42,118,False,True,
run_20260807_175821_881241,3123,106,2026-08-07T18:00:09.387,5,right,581.0,580.4765625,371.0,579,582,4,43,128,False,True,
run_20260807_175821_881241,3123,106,2026-08-07T18:00:09.387,6,right,603.25,602.0738916256157,370.9431818181818,600,604,5,67,203,False,True,
run_20260807_175821_881241,3123,106,2026-08-07T18:00:09.387,7,right,625.0,624.9333333333333,370.75,624,626,3,43,120,False,True,
run_20260807_175821_881241,3123,106,2026-08-07T18:00:09.387,8,right,647.0,646.8771929824561,370.8181818181818,646,648,3,43,114,False,True,
run_20260807_175821_881241,3123,106,2026-08-07T18:00:09.387,9,right,669.0,668.6068376068376,371.0,667,670,4,43,117,False,True,
run_20260807_175821_881241,3123,106,2026-08-07T18:00:09.387,10,right,691.0,690.4583333333334,371.0,689,692,4,42,120,False,True,
run_20260807_175821_881241,3123,106,2026-08-07T18:00:09.387,11,right,712.0,710.9692307692308,370.5,708,713,6,54,195,False,True,
run_20260807_175821_881241,3123,106,2026-08-07T18:00:09.387,12,right,734.0,733.5213675213676,370.75,732,735,4,42,117,False,True,
run_20260807_175821_881241,3153,107,2026-08-07T18:00:10.392,12,left,7.5,7.857142857142857,370.75,7,9,3,42,105,False,True,
run_20260807_175821_881241,3153,107,2026-08-07T18:00:10.392,11,left,29.0,30.287958115183248,370.5,28,33,6,53,191,False,True,
run_20260807_175821_881241,3153,107,2026-08-07T18:00:10.392,10,left,51.0,51.091743119266056,371.0,50,52,3,40,109,False,True,
run_20260807_175821_881241,3153,107,2026-08-07T18:00:10.392,9,left,73.0,73.08490566037736,371.0,72,74,3,39,106,False,True,
run_20260807_175821_881241,3153,107,2026-08-07T18:00:10.392,8,left,94.5,95.03921568627452,370.75,94,96,3,38,102,False,True,
run_20260807_175821_881241,3153,107,2026-08-07T18:00:10.392,7,left,116.5,116.96842105263158,370.75,116,118,3,38,95,False,True,
run_20260807_175821_881241,3153,107,2026-08-07T18:00:10.392,6,left,138.84615384615384,139.98130841121494,371.0480769230769,138,143,6,66,214,False,True,
run_20260807_175821_881241,3153,107,2026-08-07T18:00:10.392,5,left,161.0,161.17171717171718,371.0,160,162,3,39,99,False,True,
run_20260807_175821_881241,3153,107,2026-08-07T18:00:10.392,4,left,183.5,183.79166666666666,370.8269230769231,183,185,3,40,96,False,True,
run_20260807_175821_881241,3153,107,2026-08-07T18:00:10.392,3,left,206.0,206.05982905982907,371.0,205,207,3,42,117,False,True,
run_20260807_175821_881241,3153,107,2026-08-07T18:00:10.392,2,left,228.07142857142858,228.11818181818182,371.0357142857143,227,229,3,42,110,False,True,
run_20260807_175821_881241,3153,107,2026-08-07T18:00:10.392,1,left,250.0,250.57435897435897,371.0,249,252,4,69,195,False,True,
run_20260807_175821_881241,3153,107,2026-08-07T18:00:10.392,0,left,272.0,272.1923076923077,370.5,271,273,3,42,104,True,True,
run_20260807_175821_881241,3153,107,2026-08-07T18:00:10.392,0,right,469.0,468.992,370.5,468,470,3,42,125,True,True,
run_20260807_175821_881241,3153,107,2026-08-07T18:00:10.392,1,right,492.0,491.2118226600985,371.0,490,493,4,70,203,False,True,
run_20260807_175821_881241,3153,107,2026-08-07T18:00:10.392,2,right,514.0,513.875,371.0357142857143,513,515,3,42,112,False,True,
run_20260807_175821_881241,3153,107,2026-08-07T18:00:10.392,3,right,536.0,535.9672131147541,371.0,535,537,3,42,122,False,True,
run_20260807_175821_881241,3153,107,2026-08-07T18:00:10.392,4,right,558.1538461538462,557.99173553719,370.8269230769231,557,559,3,42,121,False,True,
run_20260807_175821_881241,3153,107,2026-08-07T18:00:10.392,5,right,581.0,580.4765625,371.0,579,582,4,43,128,False,True,
run_20260807_175821_881241,3153,107,2026-08-07T18:00:10.392,6,right,603.25,602.0738916256157,371.0480769230769,600,604,5,67,203,False,True,
run_20260807_175821_881241,3153,107,2026-08-07T18:00:10.392,7,right,625.0,624.9333333333333,370.75,624,626,3,43,120,False,True,
run_20260807_175821_881241,3153,107,2026-08-07T18:00:10.392,8,right,647.0,646.8571428571429,370.75,646,648,3,43,112,False,True,
run_20260807_175821_881241,3153,107,2026-08-07T18:00:10.392,9,right,669.0,668.7904761904762,371.0,668,670,3,43,105,False,True,
run_20260807_175821_881241,3153,107,2026-08-07T18:00:10.392,10,right,691.0,690.4710743801653,371.0,689,692,4,42,121,False,True,
run_20260807_175821_881241,3153,107,2026-08-07T18:00:10.392,11,right,712.0,710.9744897959183,370.5,708,713,6,54,196,False,True,
run_20260807_175821_881241,3153,107,2026-08-07T18:00:10.392,12,right,734.0,733.5042735042736,370.75,732,735,4,42,117,False,True,
run_20260807_175821_881241,3184,108,2026-08-07T18:00:11.426,12,left,7.5,7.865384615384615,370.75,7,9,3,42,104,False,True,
run_20260807_175821_881241,3184,108,2026-08-07T18:00:11.426,11,left,29.0,30.28421052631579,370.5,28,33,6,53,190,False,True,
run_20260807_175821_881241,3184,108,2026-08-07T18:00:11.426,10,left,51.0,51.08181818181818,371.0,50,52,3,40,110,False,True,
run_20260807_175821_881241,3184,108,2026-08-07T18:00:11.426,9,left,73.0,73.08490566037736,371.0,72,74,3,39,106,False,True,
run_20260807_175821_881241,3184,108,2026-08-07T18:00:11.426,8,left,94.63636363636364,95.03921568627452,370.8181818181818,94,96,3,38,102,False,True,
run_20260807_175821_881241,3184,108,2026-08-07T18:00:11.426,7,left,116.5,116.97916666666667,370.75,116,118,3,38,96,False,True,
run_20260807_175821_881241,3184,108,2026-08-07T18:00:11.426,6,left,138.92857142857142,139.99065420560748,371.0892857142857,138,143,6,67,214,False,True,
run_20260807_175821_881241,3184,108,2026-08-07T18:00:11.426,5,left,161.0,161.17171717171718,371.0,160,162,3,39,99,False,True,
run_20260807_175821_881241,3184,108,2026-08-07T18:00:11.426,4,left,183.5,183.79166666666666,370.9318181818182,183,185,3,40,96,False,True,
run_20260807_175821_881241,3184,108,2026-08-07T18:00:11.426,3,left,206.0,206.05084745762713,371.0,205,207,3,42,118,False,True,
run_20260807_175821_881241,3184,108,2026-08-07T18:00:11.426,2,left,228.07142857142858,228.11818181818182,371.0357142857143,227,229,3,42,110,False,True,
run_20260807_175821_881241,3184,108,2026-08-07T18:00:11.426,1,left,250.0,250.56632653061226,371.0,249,252,4,69,196,False,True,
run_20260807_175821_881241,3184,108,2026-08-07T18:00:11.426,0,left,272.0,272.2277227722772,370.5,271,273,3,42,101,True,True,
run_20260807_175821_881241,3184,108,2026-08-07T18:00:11.426,0,right,469.0,468.992,370.5,468,470,3,42,125,True,True,
run_20260807_175821_881241,3184,108,2026-08-07T18:00:11.426,1,right,492.0,491.21463414634144,371.0,490,493,4,70,205,False,True,
run_20260807_175821_881241,3184,108,2026-08-07T18:00:11.426,2,right,514.0,513.8648648648649,371.0357142857143,513,515,3,42,111,False,True,
run_20260807_175821_881241,3184,108,2026-08-07T18:00:11.426,3,right,536.0,535.9586776859504,371.0,535,537,3,42,121,False,True,
run_20260807_175821_881241,3184,108,2026-08-07T18:00:11.426,4,right,558.3636363636364,558.008547008547,370.9318181818182,557,559,3,42,117,False,True,
run_20260807_175821_881241,3184,108,2026-08-07T18:00:11.426,5,right,581.0,580.4765625,371.0,579,582,4,43,128,False,True,
run_20260807_175821_881241,3184,108,2026-08-07T18:00:11.426,6,right,603.25,602.0738916256157,371.0892857142857,600,604,5,67,203,False,True,
run_20260807_175821_881241,3184,108,2026-08-07T18:00:11.426,7,right,625.0,624.9333333333333,370.75,624,626,3,43,120,False,True,
run_20260807_175821_881241,3184,108,2026-08-07T18:00:11.426,8,right,647.0,646.8571428571429,370.8181818181818,646,648,3,43,112,False,True,
run_20260807_175821_881241,3184,108,2026-08-07T18:00:11.426,9,right,669.0,668.6068376068376,371.0,667,670,4,43,117,False,True,
run_20260807_175821_881241,3184,108,2026-08-07T18:00:11.426,10,right,691.0,690.4833333333333,371.0,689,692,4,42,120,False,True,
run_20260807_175821_881241,3184,108,2026-08-07T18:00:11.426,11,right,712.0,710.9796954314721,370.5,708,713,6,54,197,False,True,
run_20260807_175821_881241,3184,108,2026-08-07T18:00:11.426,12,right,734.0,733.5043478260869,370.75,732,735,4,42,115,False,True,
run_20260807_175821_881241,3214,109,2026-08-07T18:00:12.427,12,left,7.5,7.857142857142857,370.75,7,9,3,42,105,False,True,
run_20260807_175821_881241,3214,109,2026-08-07T18:00:12.427,11,left,29.0,30.29015544041451,370.5,28,33,6,53,193,False,True,
run_20260807_175821_881241,3214,109,2026-08-07T18:00:12.427,10,left,51.0,51.08181818181818,371.0,50,52,3,40,110,False,True,
run_20260807_175821_881241,3214,109,2026-08-07T18:00:12.427,9,left,73.0,73.08490566037736,371.0,72,74,3,39,106,False,True,
run_20260807_175821_881241,3214,109,2026-08-07T18:00:12.427,8,left,94.5,95.02970297029702,370.75,94,96,3,38,101,False,True,
run_20260807_175821_881241,3214,109,2026-08-07T18:00:12.427,7,left,116.5,116.95744680851064,370.75,116,118,3,38,94,False,True,
run_20260807_175821_881241,3214,109,2026-08-07T18:00:12.427,6,left,139.0,139.9906976744186,371.125,138,143,6,68,215,False,True,
run_20260807_175821_881241,3214,109,2026-08-07T18:00:12.427,5,left,161.0,161.17171717171718,371.0,160,162,3,39,99,False,True,
run_20260807_175821_881241,3214,109,2026-08-07T18:00:12.427,4,left,183.5,183.79166666666666,370.875,183,185,3,40,96,False,True,
run_20260807_175821_881241,3214,109,2026-08-07T18:00:12.427,3,left,206.0,206.05982905982907,371.0,205,207,3,42,117,False,True,
run_20260807_175821_881241,3214,109,2026-08-07T18:00:12.427,2,left,228.07142857142858,228.11818181818182,371.0357142857143,227,229,3,42,110,False,True,
run_20260807_175821_881241,3214,109,2026-08-07T18:00:12.427,1,left,250.0,250.56632653061226,371.0,249,252,4,69,196,False,True,
run_20260807_175821_881241,3214,109,2026-08-07T18:00:12.427,0,left,272.0,272.18095238095236,370.5,271,273,3,42,105,True,True,
run_20260807_175821_881241,3214,109,2026-08-07T18:00:12.427,0,right,469.0,468.992,370.5,468,470,3,42,125,True,True,
run_20260807_175821_881241,3214,109,2026-08-07T18:00:12.427,1,right,492.0,491.20588235294116,371.0,490,493,4,70,204,False,True,
run_20260807_175821_881241,3214,109,2026-08-07T18:00:12.427,2,right,514.0,513.875,371.0357142857143,513,515,3,42,112,False,True,
run_20260807_175821_881241,3214,109,2026-08-07T18:00:12.427,3,right,536.0,535.9672131147541,371.0,535,537,3,42,122,False,True,
run_20260807_175821_881241,3214,109,2026-08-07T18:00:12.427,4,right,558.25,558.0084033613446,370.875,557,559,3,42,119,False,True,
run_20260807_175821_881241,3214,109,2026-08-07T18:00:12.427,5,right,581.0,580.4538461538461,371.0,579,582,4,43,130,False,True,
run_20260807_175821_881241,3214,109,2026-08-07T18:00:12.427,6,right,603.25,602.0643564356436,371.125,600,604,5,67,202,False,True,
run_20260807_175821_881241,3214,109,2026-08-07T18:00:12.427,7,right,625.0,624.9333333333333,370.75,624,626,3,43,120,False,True,
run_20260807_175821_881241,3214,109,2026-08-07T18:00:12.427,8,right,647.0,646.8571428571429,370.75,646,648,3,43,112,False,True,
run_20260807_175821_881241,3214,109,2026-08-07T18:00:12.427,9,right,669.0,668.5948275862069,371.0,667,670,4,43,116,False,True,
run_20260807_175821_881241,3214,109,2026-08-07T18:00:12.427,10,right,691.0,690.4710743801653,371.0,689,692,4,42,121,False,True,
run_20260807_175821_881241,3214,109,2026-08-07T18:00:12.427,11,right,712.0,710.9796954314721,370.5,708,713,6,54,197,False,True,
run_20260807_175821_881241,3214,109,2026-08-07T18:00:12.427,12,right,734.0,733.5172413793103,370.75,732,735,4,42,116,False,True,
run_20260807_175821_881241,3243,110,2026-08-07T18:00:13.443,12,left,7.5,7.857142857142857,370.75,7,9,3,42,105,False,True,
run_20260807_175821_881241,3243,110,2026-08-07T18:00:13.443,11,left,29.0,30.29015544041451,370.5,28,33,6,53,193,False,True,
run_20260807_175821_881241,3243,110,2026-08-07T18:00:13.443,10,left,51.0,51.091743119266056,371.0,50,52,3,40,109,False,True,
run_20260807_175821_881241,3243,110,2026-08-07T18:00:13.443,9,left,73.0,73.07476635514018,371.0,72,74,3,39,107,False,True,
run_20260807_175821_881241,3243,110,2026-08-07T18:00:13.443,8,left,94.5,95.03921568627452,370.75,94,96,3,38,102,False,True,
run_20260807_175821_881241,3243,110,2026-08-07T18:00:13.443,7,left,116.5,116.95744680851064,370.75,116,118,3,38,94,False,True,
run_20260807_175821_881241,3243,110,2026-08-07T18:00:13.443,6,left,138.75,139.99530516431926,371.0,138,143,6,65,213,False,True,
run_20260807_175821_881241,3243,110,2026-08-07T18:00:13.443,5,left,161.0,161.17171717171718,371.0,160,162,3,39,99,False,True,
run_20260807_175821_881241,3243,110,2026-08-07T18:00:13.443,4,left,183.5,183.79166666666666,370.8269230769231,183,185,3,40,96,False,True,
run_20260807_175821_881241,3243,110,2026-08-07T18:00:13.443,3,left,206.0,206.05982905982907,371.0,205,207,3,42,117,False,True,
run_20260807_175821_881241,3243,110,2026-08-07T18:00:13.443,2,left,228.07142857142858,228.11818181818182,371.0357142857143,227,229,3,42,110,False,True,
run_20260807_175821_881241,3243,110,2026-08-07T18:00:13.443,1,left,250.0,250.56476683937825,371.0,249,252,4,68,193,False,True,
run_20260807_175821_881241,3243,110,2026-08-07T18:00:13.443,0,left,272.0,272.18095238095236,370.5,271,273,3,42,105,True,True,
run_20260807_175821_881241,3243,110,2026-08-07T18:00:13.443,0,right,469.0,468.9920634920635,370.5,468,470,3,43,126,True,True,
run_20260807_175821_881241,3243,110,2026-08-07T18:00:13.443,1,right,492.0,491.2118226600985,371.0,490,493,4,70,203,False,True,
run_20260807_175821_881241,3243,110,2026-08-07T18:00:13.443,2,right,514.0,513.8648648648649,371.0357142857143,513,515,3,42,111,False,True,
run_20260807_175821_881241,3243,110,2026-08-07T18:00:13.443,3,right,536.0,535.9586776859504,371.0,535,537,3,42,121,False,True,
run_20260807_175821_881241,3243,110,2026-08-07T18:00:13.443,4,right,558.1538461538462,557.99173553719,370.8269230769231,557,559,3,42,121,False,True,
run_20260807_175821_881241,3243,110,2026-08-07T18:00:13.443,5,right,581.0,580.4427480916031,371.0,579,582,4,43,131,False,True,
run_20260807_175821_881241,3243,110,2026-08-07T18:00:13.443,6,right,603.25,602.0841584158416,371.0,600,604,5,67,202,False,True,
run_20260807_175821_881241,3243,110,2026-08-07T18:00:13.443,7,right,625.0,624.9333333333333,370.75,624,626,3,43,120,False,True,
run_20260807_175821_881241,3243,110,2026-08-07T18:00:13.443,8,right,647.0,646.8672566371681,370.75,646,648,3,43,113,False,True,
run_20260807_175821_881241,3243,110,2026-08-07T18:00:13.443,9,right,669.0,668.8018867924528,371.0,668,670,3,43,106,False,True,
run_20260807_175821_881241,3243,110,2026-08-07T18:00:13.443,10,right,691.0,690.45,371.0,689,692,4,41,120,False,True,
run_20260807_175821_881241,3243,110,2026-08-07T18:00:13.443,11,right,712.0,710.9796954314721,370.5,708,713,6,54,197,False,True,
run_20260807_175821_881241,3243,110,2026-08-07T18:00:13.443,12,right,734.0,733.5043478260869,370.75,732,735,4,42,115,False,True,
run_20260807_175821_881241,3274,111,2026-08-07T18:00:14.458,12,left,7.5,7.857142857142857,370.75,7,9,3,42,105,False,True,
run_20260807_175821_881241,3274,111,2026-08-07T18:00:14.458,11,left,29.0,30.263157894736842,370.5,28,33,6,53,190,False,True,
run_20260807_175821_881241,3274,111,2026-08-07T18:00:14.458,10,left,51.0,51.08181818181818,371.0,50,52,3,40,110,False,True,
run_20260807_175821_881241,3274,111,2026-08-07T18:00:14.458,9,left,73.0,73.08490566037736,371.0,72,74,3,39,106,False,True,
run_20260807_175821_881241,3274,111,2026-08-07T18:00:14.458,8,left,95.0,95.08411214953271,371.0,94,96,3,39,107,False,True,
run_20260807_175821_881241,3274,111,2026-08-07T18:00:14.458,7,left,116.5,116.95744680851064,370.75,116,118,3,38,94,False,True,
run_20260807_175821_881241,3274,111,2026-08-07T18:00:14.458,6,left,139.0,139.9906976744186,371.125,138,143,6,68,215,False,True,
run_20260807_175821_881241,3274,111,2026-08-07T18:00:14.458,5,left,161.0,161.17171717171718,371.0,160,162,3,39,99,False,True,
run_20260807_175821_881241,3274,111,2026-08-07T18:00:14.458,4,left,183.5,183.79166666666666,370.8269230769231,183,185,3,40,96,False,True,
run_20260807_175821_881241,3274,111,2026-08-07T18:00:14.458,3,left,206.0,206.05982905982907,371.0,205,207,3,42,117,False,True,
run_20260807_175821_881241,3274,111,2026-08-07T18:00:14.458,2,left,228.07142857142858,228.11818181818182,371.0357142857143,227,229,3,42,110,False,True,
run_20260807_175821_881241,3274,111,2026-08-07T18:00:14.458,1,left,250.0,250.56476683937825,371.0,249,252,4,68,193,False,True,
run_20260807_175821_881241,3274,111,2026-08-07T18:00:14.458,0,left,272.0,272.18095238095236,370.5,271,273,3,42,105,True,True,
run_20260807_175821_881241,3274,111,2026-08-07T18:00:14.458,0,right,469.0,468.9920634920635,370.5,468,470,3,43,126,True,True,
run_20260807_175821_881241,3274,111,2026-08-07T18:00:14.458,1,right,492.0,491.2,371.0,490,493,4,70,205,False,True,
run_20260807_175821_881241,3274,111,2026-08-07T18:00:14.458,2,right,514.0,513.8648648648649,371.0357142857143,513,515,3,42,111,False,True,
run_20260807_175821_881241,3274,111,2026-08-07T18:00:14.458,3,right,536.0,535.9586776859504,371.0,535,537,3,42,121,False,True,
run_20260807_175821_881241,3274,111,2026-08-07T18:00:14.458,4,right,558.1538461538462,557.99173553719,370.8269230769231,557,559,3,42,121,False,True,
run_20260807_175821_881241,3274,111,2026-08-07T18:00:14.458,5,right,581.0,580.4651162790698,371.0,579,582,4,43,129,False,True,
run_20260807_175821_881241,3274,111,2026-08-07T18:00:14.458,6,right,603.25,602.0746268656717,371.125,600,604,5,67,201,False,True,
run_20260807_175821_881241,3274,111,2026-08-07T18:00:14.458,7,right,625.0,624.9059829059829,370.75,624,626,3,43,117,False,True,
run_20260807_175821_881241,3274,111,2026-08-07T18:00:14.458,8,right,647.0,646.8571428571429,371.0,646,648,3,43,112,False,True,
run_20260807_175821_881241,3274,111,2026-08-07T18:00:14.458,9,right,669.0,668.6186440677966,371.0,667,670,4,43,118,False,True,
run_20260807_175821_881241,3274,111,2026-08-07T18:00:14.458,10,right,691.0,690.4833333333333,371.0,689,692,4,42,120,False,True,
run_20260807_175821_881241,3274,111,2026-08-07T18:00:14.458,11,right,712.0,710.9692307692308,370.5,708,713,6,54,195,False,True,
run_20260807_175821_881241,3274,111,2026-08-07T18:00:14.458,12,right,734.0,733.5172413793103,370.75,732,735,4,42,116,False,True,
run_20260807_175821_881241,3305,112,2026-08-07T18:00:15.491,12,left,7.5,7.857142857142857,370.75,7,9,3,42,105,False,True,
run_20260807_175821_881241,3305,112,2026-08-07T18:00:15.491,11,left,29.0,30.28421052631579,370.5,28,33,6,53,190,False,True,
run_20260807_175821_881241,3305,112,2026-08-07T18:00:15.491,10,left,51.0,51.091743119266056,371.0,50,52,3,40,109,False,True,
run_20260807_175821_881241,3305,112,2026-08-07T18:00:15.491,9,left,73.0,73.08490566037736,371.0,72,74,3,39,106,False,True,
run_20260807_175821_881241,3305,112,2026-08-07T18:00:15.491,8,left,94.75,95.0576923076923,370.875,94,96,3,38,104,False,True,
run_20260807_175821_881241,3305,112,2026-08-07T18:00:15.491,7,left,116.5,116.93478260869566,370.75,116,118,3,38,92,False,True,
run_20260807_175821_881241,3305,112,2026-08-07T18:00:15.491,6,left,138.63636363636363,139.99043062200957,370.9431818181818,138,143,6,62,209,False,True,
run_20260807_175821_881241,3305,112,2026-08-07T18:00:15.491,5,left,161.0,161.17171717171718,371.0,160,162,3,39,99,False,True,
run_20260807_175821_881241,3305,112,2026-08-07T18:00:15.491,4,left,183.5,183.79166666666666,370.7857142857143,183,185,3,40,96,False,True,
run_20260807_175821_881241,3305,112,2026-08-07T18:00:15.491,3,left,206.0,206.05982905982907,371.0,205,207,3,42,117,False,True,
run_20260807_175821_881241,3305,112,2026-08-07T18:00:15.491,2,left,228.07142857142858,228.11818181818182,371.0357142857143,227,229,3,42,110,False,True,
run_20260807_175821_881241,3305,112,2026-08-07T18:00:15.491,1,left,250.0,250.56701030927834,371.0,249,252,4,69,194,False,True,
run_20260807_175821_881241,3305,112,2026-08-07T18:00:15.491,0,left,272.0,272.1923076923077,370.5,271,273,3,42,104,True,True,
run_20260807_175821_881241,3305,112,2026-08-07T18:00:15.491,0,right,469.0,468.992,370.5,468,470,3,42,125,True,True,
run_20260807_175821_881241,3305,112,2026-08-07T18:00:15.491,1,right,492.0,491.20873786407765,371.0,490,493,4,70,206,False,True,
run_20260807_175821_881241,3305,112,2026-08-07T18:00:15.491,2,right,514.0,513.875,371.0357142857143,513,515,3,42,112,False,True,
run_20260807_175821_881241,3305,112,2026-08-07T18:00:15.491,3,right,536.0,535.9586776859504,371.0,535,537,3,42,121,False,True,
run_20260807_175821_881241,3305,112,2026-08-07T18:00:15.491,4,right,558.0714285714286,557.983606557377,370.7857142857143,557,559,3,42,122,False,True,
run_20260807_175821_881241,3305,112,2026-08-07T18:00:15.491,5,right,581.0,580.4651162790698,371.0,579,582,4,43,129,False,True,
run_20260807_175821_881241,3305,112,2026-08-07T18:00:15.491,6,right,603.25,602.0643564356436,370.9431818181818,600,604,5,67,202,False,True,
run_20260807_175821_881241,3305,112,2026-08-07T18:00:15.491,7,right,625.0,624.9333333333333,370.75,624,626,3,43,120,False,True,
run_20260807_175821_881241,3305,112,2026-08-07T18:00:15.491,8,right,647.0,646.8571428571429,370.875,646,648,3,43,112,False,True,
run_20260807_175821_881241,3305,112,2026-08-07T18:00:15.491,9,right,669.0,668.6068376068376,371.0,667,670,4,43,117,False,True,
run_20260807_175821_881241,3305,112,2026-08-07T18:00:15.491,10,right,691.0,690.4590163934427,371.0,689,692,4,42,122,False,True,
run_20260807_175821_881241,3305,112,2026-08-07T18:00:15.491,11,right,712.0,710.9795918367347,370.5,708,713,6,54,196,False,True,
run_20260807_175821_881241,3305,112,2026-08-07T18:00:15.491,12,right,734.0,733.5299145299145,370.75,732,735,4,42,117,False,True,
run_20260807_175821_881241,3336,113,2026-08-07T18:00:16.523,12,left,7.5,7.857142857142857,370.75,7,9,3,42,105,False,True,
run_20260807_175821_881241,3336,113,2026-08-07T18:00:16.523,11,left,29.0,30.278947368421054,370.5,28,33,6,53,190,False,True,
run_20260807_175821_881241,3336,113,2026-08-07T18:00:16.523,10,left,51.0,51.08181818181818,371.0,50,52,3,40,110,False,True,
run_20260807_175821_881241,3336,113,2026-08-07T18:00:16.523,9,left,73.0,73.08490566037736,371.0,72,74,3,39,106,False,True,
run_20260807_175821_881241,3336,113,2026-08-07T18:00:16.523,8,left,94.5,95.02,370.75,94,96,3,38,100,False,True,
run_20260807_175821_881241,3336,113,2026-08-07T18:00:16.523,7,left,116.5,116.94623655913979,370.75,116,118,3,38,93,False,True,
run_20260807_175821_881241,3336,113,2026-08-07T18:00:16.523,6,left,139.0,139.9906976744186,371.125,138,143,6,68,215,False,True,
run_20260807_175821_881241,3336,113,2026-08-07T18:00:16.523,5,left,161.0,161.17171717171718,371.0,160,162,3,39,99,False,True,
run_20260807_175821_881241,3336,113,2026-08-07T18:00:16.523,4,left,183.5,183.8041237113402,370.75,183,185,3,40,97,False,True,
run_20260807_175821_881241,3336,113,2026-08-07T18:00:16.523,3,left,206.0,206.05982905982907,371.0,205,207,3,42,117,False,True,
run_20260807_175821_881241,3336,113,2026-08-07T18:00:16.523,2,left,228.07142857142858,228.11818181818182,371.0357142857143,227,229,3,42,110,False,True,
run_20260807_175821_881241,3336,113,2026-08-07T18:00:16.523,1,left,250.0,250.55670103092783,371.0,249,252,4,68,194,False,True,
run_20260807_175821_881241,3336,113,2026-08-07T18:00:16.523,0,left,272.0,272.1826923076923,370.5,271,273,3,42,104,True,True,
run_20260807_175821_881241,3336,113,2026-08-07T18:00:16.523,0,right,469.0,468.9920634920635,370.5,468,470,3,43,126,True,True,
run_20260807_175821_881241,3336,113,2026-08-07T18:00:16.523,1,right,492.0,491.2,371.0,490,493,4,70,205,False,True,
run_20260807_175821_881241,3336,113,2026-08-07T18:00:16.523,2,right,514.0,513.875,371.0357142857143,513,515,3,42,112,False,True,
run_20260807_175821_881241,3336,113,2026-08-07T18:00:16.523,3,right,536.0,535.9586776859504,371.0,535,537,3,42,121,False,True,
run_20260807_175821_881241,3336,113,2026-08-07T18:00:16.523,4,right,558.0,557.9756097560976,370.75,557,559,3,42,123,False,True,
run_20260807_175821_881241,3336,113,2026-08-07T18:00:16.523,5,right,581.0,580.4765625,371.0,579,582,4,43,128,False,True,
run_20260807_175821_881241,3336,113,2026-08-07T18:00:16.523,6,right,603.25,602.0746268656717,371.125,600,604,5,67,201,False,True,
run_20260807_175821_881241,3336,113,2026-08-07T18:00:16.523,7,right,625.0,624.9059829059829,370.75,624,626,3,43,117,False,True,
run_20260807_175821_881241,3336,113,2026-08-07T18:00:16.523,8,right,647.0,646.8571428571429,370.75,646,648,3,43,112,False,True,
run_20260807_175821_881241,3336,113,2026-08-07T18:00:16.523,9,right,669.0,668.5948275862069,371.0,667,670,4,43,116,False,True,
run_20260807_175821_881241,3336,113,2026-08-07T18:00:16.523,10,right,691.0,690.4590163934427,371.0,689,692,4,42,122,False,True,
run_20260807_175821_881241,3336,113,2026-08-07T18:00:16.523,11,right,712.0,710.9744897959183,370.5,708,713,6,54,196,False,True,
run_20260807_175821_881241,3336,113,2026-08-07T18:00:16.523,12,right,734.0,733.542372881356,370.75,732,735,4,42,118,False,True,
run_20260807_175821_881241,3366,114,2026-08-07T18:00:17.526,12,left,7.5,7.857142857142857,370.75,7,9,3,42,105,False,True,
run_20260807_175821_881241,3366,114,2026-08-07T18:00:17.526,11,left,29.0,30.272251308900522,370.5,28,33,6,53,191,False,True,
run_20260807_175821_881241,3366,114,2026-08-07T18:00:17.526,10,left,51.0,51.08181818181818,371.0,50,52,3,40,110,False,True,
run_20260807_175821_881241,3366,114,2026-08-07T18:00:17.526,9,left,73.0,73.08490566037736,371.0,72,74,3,39,106,False,True,
run_20260807_175821_881241,3366,114,2026-08-07T18:00:17.526,8,left,94.5,95.02970297029702,370.75,94,96,3,38,101,False,True,
run_20260807_175821_881241,3366,114,2026-08-07T18:00:17.526,7,left,116.5,116.95744680851064,370.75,116,118,3,38,94,False,True,
run_20260807_175821_881241,3366,114,2026-08-07T18:00:17.526,6,left,138.75,139.99528301886792,371.0,138,143,6,64,212,False,True,
run_20260807_175821_881241,3366,114,2026-08-07T18:00:17.526,5,left,161.0,161.17171717171718,371.0,160,162,3,39,99,False,True,
run_20260807_175821_881241,3366,114,2026-08-07T18:00:17.526,4,left,183.5,183.79166666666666,370.8269230769231,183,185,3,40,96,False,True,
run_20260807_175821_881241,3366,114,2026-08-07T18:00:17.526,3,left,206.0,206.05982905982907,371.0,205,207,3,42,117,False,True,
run_20260807_175821_881241,3366,114,2026-08-07T18:00:17.526,2,left,228.07142857142858,228.11818181818182,371.0357142857143,227,229,3,42,110,False,True,
run_20260807_175821_881241,3366,114,2026-08-07T18:00:17.526,1,left,250.0,250.55837563451777,371.0,249,252,4,69,197,False,True,
run_20260807_175821_881241,3366,114,2026-08-07T18:00:17.526,0,left,272.0,272.18095238095236,370.5,271,273,3,42,105,True,True,
run_20260807_175821_881241,3366,114,2026-08-07T18:00:17.526,0,right,469.0,468.992,370.5,468,470,3,42,125,True,True,
run_20260807_175821_881241,3366,114,2026-08-07T18:00:17.526,1,right,492.0,491.19607843137254,371.0,490,493,4,70,204,False,True,
run_20260807_175821_881241,3366,114,2026-08-07T18:00:17.526,2,right,514.0,513.875,371.0357142857143,513,515,3,42,112,False,True,
run_20260807_175821_881241,3366,114,2026-08-07T18:00:17.526,3,right,536.0,535.9586776859504,371.0,535,537,3,42,121,False,True,
run_20260807_175821_881241,3366,114,2026-08-07T18:00:17.526,4,right,558.1538461538462,557.9833333333333,370.8269230769231,557,559,3,42,120,False,True,
run_20260807_175821_881241,3366,114,2026-08-07T18:00:17.526,5,right,581.0,580.4651162790698,371.0,579,582,4,43,129,False,True,
run_20260807_175821_881241,3366,114,2026-08-07T18:00:17.526,6,right,603.25,602.0746268656717,371.0,600,604,5,67,201,False,True,
run_20260807_175821_881241,3366,114,2026-08-07T18:00:17.526,7,right,625.0,624.8965517241379,370.75,624,626,3,43,116,False,True,
run_20260807_175821_881241,3366,114,2026-08-07T18:00:17.526,8,right,647.0,646.8672566371681,370.75,646,648,3,43,113,False,True,
run_20260807_175821_881241,3366,114,2026-08-07T18:00:17.526,9,right,669.0,668.5948275862069,371.0,667,670,4,43,116,False,True,
run_20260807_175821_881241,3366,114,2026-08-07T18:00:17.526,10,right,691.0,690.4583333333334,371.0,689,692,4,42,120,False,True,
run_20260807_175821_881241,3366,114,2026-08-07T18:00:17.526,11,right,712.0,710.984771573604,370.5,708,713,6,54,197,False,True,
run_20260807_175821_881241,3366,114,2026-08-07T18:00:17.526,12,right,734.0,733.5172413793103,370.75,732,735,4,42,116,False,True,
run_20260807_175821_881241,3397,115,2026-08-07T18:00:18.560,12,left,7.5,7.857142857142857,370.75,7,9,3,42,105,False,True,
run_20260807_175821_881241,3397,115,2026-08-07T18:00:18.560,11,left,29.0,30.28421052631579,370.5,28,33,6,53,190,False,True,
run_20260807_175821_881241,3397,115,2026-08-07T18:00:18.560,10,left,51.0,51.08181818181818,371.0,50,52,3,40,110,False,True,
run_20260807_175821_881241,3397,115,2026-08-07T18:00:18.560,9,left,73.0,73.08490566037736,371.0,72,74,3,39,106,False,True,
run_20260807_175821_881241,3397,115,2026-08-07T18:00:18.560,8,left,94.63636363636364,95.04854368932038,370.8181818181818,94,96,3,38,103,False,True,
run_20260807_175821_881241,3397,115,2026-08-07T18:00:18.560,7,left,116.5,116.95744680851064,370.75,116,118,3,38,94,False,True,
run_20260807_175821_881241,3397,115,2026-08-07T18:00:18.560,6,left,138.92857142857142,139.9953488372093,371.0892857142857,138,143,6,67,215,False,True,
run_20260807_175821_881241,3397,115,2026-08-07T18:00:18.560,5,left,161.0,161.17171717171718,371.0,160,162,3,39,99,False,True,
run_20260807_175821_881241,3397,115,2026-08-07T18:00:18.560,4,left,183.5,183.77894736842106,370.8269230769231,183,185,3,40,95,False,True,
run_20260807_175821_881241,3397,115,2026-08-07T18:00:18.560,3,left,206.0,206.05982905982907,371.0,205,207,3,42,117,False,True,
run_20260807_175821_881241,3397,115,2026-08-07T18:00:18.560,2,left,228.0,228.1081081081081,371.0,227,229,3,42,111,False,True,
run_20260807_175821_881241,3397,115,2026-08-07T18:00:18.560,1,left,250.0,250.55837563451777,371.0,249,252,4,69,197,False,True,
run_20260807_175821_881241,3397,115,2026-08-07T18:00:18.560,0,left,272.0,272.1826923076923,370.5,271,273,3,42,104,True,True,
run_20260807_175821_881241,3397,115,2026-08-07T18:00:18.560,0,right,469.0,468.992,370.5,468,470,3,42,125,True,True,
run_20260807_175821_881241,3397,115,2026-08-07T18:00:18.560,1,right,492.0,491.21463414634144,371.0,490,493,4,70,205,False,True,
run_20260807_175821_881241,3397,115,2026-08-07T18:00:18.560,2,right,514.0,513.875,371.0,513,515,3,42,112,False,True,
run_20260807_175821_881241,3397,115,2026-08-07T18:00:18.560,3,right,536.0,535.9586776859504,371.0,535,537,3,42,121,False,True,
run_20260807_175821_881241,3397,115,2026-08-07T18:00:18.560,4,right,558.1538461538462,557.99173553719,370.8269230769231,557,559,3,42,121,False,True,
run_20260807_175821_881241,3397,115,2026-08-07T18:00:18.560,5,right,581.0,580.4765625,371.0,579,582,4,43,128,False,True,
run_20260807_175821_881241,3397,115,2026-08-07T18:00:18.560,6,right,603.25,602.0746268656717,371.0892857142857,600,604,5,67,201,False,True,
run_20260807_175821_881241,3397,115,2026-08-07T18:00:18.560,7,right,625.0,624.9333333333333,370.75,624,626,3,43,120,False,True,
run_20260807_175821_881241,3397,115,2026-08-07T18:00:18.560,8,right,647.0,646.8571428571429,370.8181818181818,646,648,3,43,112,False,True,
run_20260807_175821_881241,3397,115,2026-08-07T18:00:18.560,9,right,669.0,668.5948275862069,371.0,667,670,4,43,116,False,True,
run_20260807_175821_881241,3397,115,2026-08-07T18:00:18.560,10,right,691.0,690.4583333333334,371.0,689,692,4,42,120,False,True,
run_20260807_175821_881241,3397,115,2026-08-07T18:00:18.560,11,right,712.0,710.9692307692308,370.5,708,713,6,54,195,False,True,
run_20260807_175821_881241,3397,115,2026-08-07T18:00:18.560,12,right,734.0,733.5169491525423,370.75,732,735,4,42,118,False,True,
run_20260807_175821_881241,3428,116,2026-08-07T18:00:19.590,12,left,7.5,7.857142857142857,370.75,7,9,3,42,105,False,True,
run_20260807_175821_881241,3428,116,2026-08-07T18:00:19.590,11,left,29.0,30.272251308900522,370.5,28,33,6,53,191,False,True,
run_20260807_175821_881241,3428,116,2026-08-07T18:00:19.590,10,left,51.0,51.08181818181818,371.0,50,52,3,40,110,False,True,
run_20260807_175821_881241,3428,116,2026-08-07T18:00:19.590,9,left,73.0,73.08490566037736,371.0,72,74,3,39,106,False,True,
run_20260807_175821_881241,3428,116,2026-08-07T18:00:19.590,8,left,94.84615384615384,95.06666666666666,370.9230769230769,94,96,3,38,105,False,True,
run_20260807_175821_881241,3428,116,2026-08-07T18:00:19.590,7,left,116.5,116.95744680851064,370.75,116,118,3,38,94,False,True,
run_20260807_175821_881241,3428,116,2026-08-07T18:00:19.590,6,left,138.75,139.99530516431926,371.0,138,143,6,65,213,False,True,
run_20260807_175821_881241,3428,116,2026-08-07T18:00:19.590,5,left,161.0,161.17171717171718,371.0,160,162,3,39,99,False,True,
run_20260807_175821_881241,3428,116,2026-08-07T18:00:19.590,4,left,183.5,183.7872340425532,370.7857142857143,183,185,3,40,94,False,True,
run_20260807_175821_881241,3428,116,2026-08-07T18:00:19.590,3,left,206.0,206.05982905982907,371.0,205,207,3,42,117,False,True,
run_20260807_175821_881241,3428,116,2026-08-07T18:00:19.590,2,left,228.0,228.1081081081081,371.0,227,229,3,42,111,False,True,
run_20260807_175821_881241,3428,116,2026-08-07T18:00:19.590,1,left,250.0,250.55897435897435,371.0,249,252,4,69,195,False,True,
run_20260807_175821_881241,3428,116,2026-08-07T18:00:19.590,0,left,272.0,272.18095238095236,370.5,271,273,3,42,105,True,True,
run_20260807_175821_881241,3428,116,2026-08-07T18:00:19.590,0,right,469.0,468.992,370.5,468,470,3,42,125,True,True,
run_20260807_175821_881241,3428,116,2026-08-07T18:00:19.590,1,right,492.0,491.2079207920792,371.0,490,493,4,70,202,False,True,
run_20260807_175821_881241,3428,116,2026-08-07T18:00:19.590,2,right,514.0,513.875,371.0,513,515,3,42,112,False,True,
run_20260807_175821_881241,3428,116,2026-08-07T18:00:19.590,3,right,536.0,535.9586776859504,371.0,535,537,3,42,121,False,True,
run_20260807_175821_881241,3428,116,2026-08-07T18:00:19.590,4,right,558.0714285714286,557.9752066115702,370.7857142857143,557,559,3,42,121,False,True,
run_20260807_175821_881241,3428,116,2026-08-07T18:00:19.590,5,right,581.0,580.4645669291339,371.0,579,582,4,43,127,False,True,
run_20260807_175821_881241,3428,116,2026-08-07T18:00:19.590,6,right,603.25,602.0841584158416,371.0,600,604,5,67,202,False,True,
run_20260807_175821_881241,3428,116,2026-08-07T18:00:19.590,7,right,625.0,624.9333333333333,370.75,624,626,3,43,120,False,True,
run_20260807_175821_881241,3428,116,2026-08-07T18:00:19.590,8,right,647.0,646.8672566371681,370.9230769230769,646,648,3,43,113,False,True,
run_20260807_175821_881241,3428,116,2026-08-07T18:00:19.590,9,right,669.0,668.6068376068376,371.0,667,670,4,43,117,False,True,
run_20260807_175821_881241,3428,116,2026-08-07T18:00:19.590,10,right,691.0,690.4710743801653,371.0,689,692,4,42,121,False,True,
run_20260807_175821_881241,3428,116,2026-08-07T18:00:19.590,11,right,712.0,710.9796954314721,370.5,708,713,6,54,197,False,True,
run_20260807_175821_881241,3428,116,2026-08-07T18:00:19.590,12,right,734.0,733.5299145299145,370.75,732,735,4,42,117,False,True,
run_20260807_175821_881241,3459,117,2026-08-07T18:00:20.620,12,left,7.5,7.846153846153846,370.75,7,9,3,42,104,False,True,
run_20260807_175821_881241,3459,117,2026-08-07T18:00:20.620,11,left,29.0,30.28125,370.5,28,33,6,53,192,False,True,
run_20260807_175821_881241,3459,117,2026-08-07T18:00:20.620,10,left,51.0,51.091743119266056,371.0,50,52,3,40,109,False,True,
run_20260807_175821_881241,3459,117,2026-08-07T18:00:20.620,9,left,73.0,73.08411214953271,371.0,72,74,3,39,107,False,True,
run_20260807_175821_881241,3459,117,2026-08-07T18:00:20.620,8,left,94.84615384615384,95.06666666666666,370.9230769230769,94,96,3,38,105,False,True,
run_20260807_175821_881241,3459,117,2026-08-07T18:00:20.620,7,left,116.5,116.95744680851064,370.75,116,118,3,38,94,False,True,
run_20260807_175821_881241,3459,117,2026-08-07T18:00:20.620,6,left,138.75,140.0,371.0,138,143,6,64,212,False,True,
run_20260807_175821_881241,3459,117,2026-08-07T18:00:20.620,5,left,161.0,161.17171717171718,371.0,160,162,3,39,99,False,True,
run_20260807_175821_881241,3459,117,2026-08-07T18:00:20.620,4,left,183.5,183.8,370.7857142857143,183,185,3,40,95,False,True,
run_20260807_175821_881241,3459,117,2026-08-07T18:00:20.620,3,left,206.0,206.05084745762713,371.0,205,207,3,42,118,False,True,
run_20260807_175821_881241,3459,117,2026-08-07T18:00:20.620,2,left,228.07142857142858,228.11818181818182,371.0357142857143,227,229,3,42,110,False,True,
run_20260807_175821_881241,3459,117,2026-08-07T18:00:20.620,1,left,250.0,250.55897435897435,371.0,249,252,4,69,195,False,True,
run_20260807_175821_881241,3459,117,2026-08-07T18:00:20.620,0,left,272.0,272.1826923076923,370.5,271,273,3,42,104,True,True,
run_20260807_175821_881241,3459,117,2026-08-07T18:00:20.620,0,right,469.0,468.992,370.5,468,470,3,42,125,True,True,
run_20260807_175821_881241,3459,117,2026-08-07T18:00:20.620,1,right,492.0,491.2167487684729,371.0,490,493,4,70,203,False,True,
run_20260807_175821_881241,3459,117,2026-08-07T18:00:20.620,2,right,514.0,513.875,371.0357142857143,513,515,3,42,112,False,True,
run_20260807_175821_881241,3459,117,2026-08-07T18:00:20.620,3,right,536.0,535.9672131147541,371.0,535,537,3,42,122,False,True,
run_20260807_175821_881241,3459,117,2026-08-07T18:00:20.620,4,right,558.0714285714286,557.9833333333333,370.7857142857143,557,559,3,42,120,False,True,
run_20260807_175821_881241,3459,117,2026-08-07T18:00:20.620,5,right,581.0,580.4765625,371.0,579,582,4,43,128,False,True,
run_20260807_175821_881241,3459,117,2026-08-07T18:00:20.620,6,right,603.25,602.0643564356436,371.0,600,604,5,67,202,False,True,
run_20260807_175821_881241,3459,117,2026-08-07T18:00:20.620,7,right,625.0,624.9059829059829,370.75,624,626,3,43,117,False,True,
run_20260807_175821_881241,3459,117,2026-08-07T18:00:20.620,8,right,647.0,646.8571428571429,370.9230769230769,646,648,3,43,112,False,True,
run_20260807_175821_881241,3459,117,2026-08-07T18:00:20.620,9,right,669.0,668.6068376068376,371.0,667,670,4,43,117,False,True,
run_20260807_175821_881241,3459,117,2026-08-07T18:00:20.620,10,right,691.0,690.4615384615385,371.0,689,692,4,41,117,False,True,
run_20260807_175821_881241,3459,117,2026-08-07T18:00:20.620,11,right,712.0,710.9796954314721,370.5,708,713,6,54,197,False,True,
run_20260807_175821_881241,3459,117,2026-08-07T18:00:20.620,12,right,734.0,733.5299145299145,370.75,732,735,4,42,117,False,True,
run_20260807_175821_881241,3489,118,2026-08-07T18:00:21.626,12,left,7.5,7.846153846153846,370.75,7,9,3,42,104,False,True,
run_20260807_175821_881241,3489,118,2026-08-07T18:00:21.626,11,left,29.0,30.278947368421054,370.5,28,33,6,52,190,False,True,
run_20260807_175821_881241,3489,118,2026-08-07T18:00:21.626,10,left,51.0,51.091743119266056,371.0,50,52,3,40,109,False,True,
run_20260807_175821_881241,3489,118,2026-08-07T18:00:21.626,9,left,73.0,73.08490566037736,371.0,72,74,3,39,106,False,True,
run_20260807_175821_881241,3489,118,2026-08-07T18:00:21.626,8,left,95.0,95.06666666666666,371.0,94,96,3,38,105,False,True,
run_20260807_175821_881241,3489,118,2026-08-07T18:00:21.626,7,left,116.5,116.94623655913979,370.75,116,118,3,38,93,False,True,
run_20260807_175821_881241,3489,118,2026-08-07T18:00:21.626,6,left,138.5,139.9952380952381,370.875,138,143,6,62,210,False,True,
run_20260807_175821_881241,3489,118,2026-08-07T18:00:21.626,5,left,161.0,161.13725490196077,371.0,160,162,3,39,102,False,True,
run_20260807_175821_881241,3489,118,2026-08-07T18:00:21.626,4,left,183.5,183.8,370.7857142857143,183,185,3,40,95,False,True,
run_20260807_175821_881241,3489,118,2026-08-07T18:00:21.626,3,left,206.0,206.05982905982907,371.0,205,207,3,42,117,False,True,
run_20260807_175821_881241,3489,118,2026-08-07T18:00:21.626,2,left,228.07142857142858,228.11818181818182,371.0357142857143,227,229,3,42,110,False,True,
run_20260807_175821_881241,3489,118,2026-08-07T18:00:21.626,1,left,250.0,250.55102040816325,371.0,249,252,4,69,196,False,True,
run_20260807_175821_881241,3489,118,2026-08-07T18:00:21.626,0,left,272.0,272.1698113207547,370.5,271,273,3,42,106,True,True,
run_20260807_175821_881241,3489,118,2026-08-07T18:00:21.626,0,right,469.0,468.9920634920635,370.5,468,470,3,43,126,True,True,
run_20260807_175821_881241,3489,118,2026-08-07T18:00:21.626,1,right,492.0,491.22058823529414,371.0,490,493,4,70,204,False,True,
run_20260807_175821_881241,3489,118,2026-08-07T18:00:21.626,2,right,514.0,513.6829268292682,371.0357142857143,512,515,4,42,123,False,True,
run_20260807_175821_881241,3489,118,2026-08-07T18:00:21.626,3,right,536.0,535.9586776859504,371.0,535,537,3,42,121,False,True,
run_20260807_175821_881241,3489,118,2026-08-07T18:00:21.626,4,right,558.0714285714286,557.9752066115702,370.7857142857143,557,559,3,42,121,False,True,
run_20260807_175821_881241,3489,118,2026-08-07T18:00:21.626,5,right,581.0,580.4645669291339,371.0,579,582,4,43,127,False,True,
run_20260807_175821_881241,3489,118,2026-08-07T18:00:21.626,6,right,603.25,602.0643564356436,370.875,600,604,5,67,202,False,True,
run_20260807_175821_881241,3489,118,2026-08-07T18:00:21.626,7,right,625.0,624.9059829059829,370.75,624,626,3,43,117,False,True,
run_20260807_175821_881241,3489,118,2026-08-07T18:00:21.626,8,right,647.0,646.8672566371681,371.0,646,648,3,43,113,False,True,
run_20260807_175821_881241,3489,118,2026-08-07T18:00:21.626,9,right,669.0,668.5948275862069,371.0,667,670,4,43,116,False,True,
run_20260807_175821_881241,3489,118,2026-08-07T18:00:21.626,10,right,691.0,690.475,371.0,689,692,4,41,120,False,True,
run_20260807_175821_881241,3489,118,2026-08-07T18:00:21.626,11,right,712.0,710.9744897959183,370.5,708,713,6,54,196,False,True,
run_20260807_175821_881241,3489,118,2026-08-07T18:00:21.626,12,right,734.0,733.5172413793103,370.75,732,735,4,42,116,False,True,
run_20260807_175821_881241,3520,119,2026-08-07T18:00:22.656,12,left,7.5,7.857142857142857,370.75,7,9,3,42,105,False,True,
run_20260807_175821_881241,3520,119,2026-08-07T18:00:22.656,11,left,29.0,30.277486910994764,370.5,28,33,6,53,191,False,True,
run_20260807_175821_881241,3520,119,2026-08-07T18:00:22.656,10,left,51.0,51.08181818181818,371.0,50,52,3,40,110,False,True,
run_20260807_175821_881241,3520,119,2026-08-07T18:00:22.656,9,left,73.0,73.08490566037736,371.0,72,74,3,39,106,False,True,
run_20260807_175821_881241,3520,119,2026-08-07T18:00:22.656,8,left,94.63636363636364,95.02970297029702,370.8181818181818,94,96,3,38,101,False,True,
run_20260807_175821_881241,3520,119,2026-08-07T18:00:22.656,7,left,116.5,116.94623655913979,370.75,116,118,3,38,93,False,True,
run_20260807_175821_881241,3520,119,2026-08-07T18:00:22.656,6,left,138.63636363636363,139.9952606635071,370.9431818181818,138,143,6,63,211,False,True,
run_20260807_175821_881241,3520,119,2026-08-07T18:00:22.656,5,left,161.0,161.17171717171718,371.0,160,162,3,39,99,False,True,
run_20260807_175821_881241,3520,119,2026-08-07T18:00:22.656,4,left,183.5,183.79166666666666,370.75,183,185,3,40,96,False,True,
run_20260807_175821_881241,3520,119,2026-08-07T18:00:22.656,3,left,206.0,206.05982905982907,371.0,205,207,3,42,117,False,True,
run_20260807_175821_881241,3520,119,2026-08-07T18:00:22.656,2,left,228.07142857142858,228.11818181818182,371.0357142857143,227,229,3,42,110,False,True,
run_20260807_175821_881241,3520,119,2026-08-07T18:00:22.656,1,left,250.0,250.56410256410257,371.0,249,252,4,68,195,False,True,
run_20260807_175821_881241,3520,119,2026-08-07T18:00:22.656,0,left,272.0,272.18095238095236,370.5,271,273,3,42,105,True,True,
run_20260807_175821_881241,3520,119,2026-08-07T18:00:22.656,0,right,469.0,468.992,370.5,468,470,3,42,125,True,True,
run_20260807_175821_881241,3520,119,2026-08-07T18:00:22.656,1,right,492.0,491.2167487684729,371.0,490,493,4,70,203,False,True,
run_20260807_175821_881241,3520,119,2026-08-07T18:00:22.656,2,right,514.0,513.6829268292682,371.0357142857143,512,515,4,42,123,False,True,
run_20260807_175821_881241,3520,119,2026-08-07T18:00:22.656,3,right,536.0,535.9586776859504,371.0,535,537,3,42,121,False,True,
run_20260807_175821_881241,3520,119,2026-08-07T18:00:22.656,4,right,558.0,557.983870967742,370.75,557,559,3,42,124,False,True,
run_20260807_175821_881241,3520,119,2026-08-07T18:00:22.656,5,right,581.0,580.4651162790698,371.0,579,582,4,43,129,False,True,
run_20260807_175821_881241,3520,119,2026-08-07T18:00:22.656,6,right,603.25,602.0643564356436,370.9431818181818,600,604,5,67,202,False,True,
run_20260807_175821_881241,3520,119,2026-08-07T18:00:22.656,7,right,625.0,624.9333333333333,370.75,624,626,3,43,120,False,True,
run_20260807_175821_881241,3520,119,2026-08-07T18:00:22.656,8,right,647.0,646.8571428571429,370.8181818181818,646,648,3,43,112,False,True,
run_20260807_175821_881241,3520,119,2026-08-07T18:00:22.656,9,right,669.0,668.6186440677966,371.0,667,670,4,43,118,False,True,
run_20260807_175821_881241,3520,119,2026-08-07T18:00:22.656,10,right,691.0,690.4621848739496,371.0,689,692,4,41,119,False,True,
run_20260807_175821_881241,3520,119,2026-08-07T18:00:22.656,11,right,712.0,710.9644670050761,370.5,708,713,6,54,197,False,True,
run_20260807_175821_881241,3520,119,2026-08-07T18:00:22.656,12,right,734.0,733.5338983050848,370.75,732,735,4,42,118,False,True,
run_20260807_175821_881241,3550,120,2026-08-07T18:00:23.658,12,left,7.5,7.857142857142857,370.75,7,9,3,42,105,False,True,
run_20260807_175821_881241,3550,120,2026-08-07T18:00:23.658,11,left,29.0,30.308900523560208,370.5,28,33,6,52,191,False,True,
run_20260807_175821_881241,3550,120,2026-08-07T18:00:23.658,10,left,51.0,51.08181818181818,371.0,50,52,3,40,110,False,True,
run_20260807_175821_881241,3550,120,2026-08-07T18:00:23.658,9,left,73.0,73.08490566037736,371.0,72,74,3,39,106,False,True,
run_20260807_175821_881241,3550,120,2026-08-07T18:00:23.658,8,left,95.0,95.08411214953271,371.0,94,96,3,39,107,False,True,
run_20260807_175821_881241,3550,120,2026-08-07T18:00:23.658,7,left,116.5,116.93478260869566,370.75,116,118,3,38,92,False,True,
run_20260807_175821_881241,3550,120,2026-08-07T18:00:23.658,6,left,139.0,139.98611111111111,371.125,138,143,6,67,216,False,True,
run_20260807_175821_881241,3550,120,2026-08-07T18:00:23.658,5,left,161.0,161.17171717171718,371.0,160,162,3,39,99,False,True,
run_20260807_175821_881241,3550,120,2026-08-07T18:00:23.658,4,left,183.5,183.8041237113402,370.75,183,185,3,40,97,False,True,
run_20260807_175821_881241,3550,120,2026-08-07T18:00:23.658,3,left,206.0,206.05982905982907,371.0,205,207,3,42,117,False,True,
run_20260807_175821_881241,3550,120,2026-08-07T18:00:23.658,2,left,228.07142857142858,228.11818181818182,371.0357142857143,227,229,3,42,110,False,True,
run_20260807_175821_881241,3550,120,2026-08-07T18:00:23.658,1,left,250.0,250.54871794871795,371.0,249,252,4,68,195,False,True,
run_20260807_175821_881241,3550,120,2026-08-07T18:00:23.658,0,left,272.0,272.2156862745098,370.5,271,273,3,42,102,True,True,
run_20260807_175821_881241,3550,120,2026-08-07T18:00:23.658,0,right,469.0,468.992,370.5,468,470,3,42,125,True,True,
run_20260807_175821_881241,3550,120,2026-08-07T18:00:23.658,1,right,492.0,491.2079207920792,371.0,490,493,4,70,202,False,True,
run_20260807_175821_881241,3550,120,2026-08-07T18:00:23.658,2,right,514.0,513.8648648648649,371.0357142857143,513,515,3,42,111,False,True,
run_20260807_175821_881241,3550,120,2026-08-07T18:00:23.658,3,right,536.0,535.9586776859504,371.0,535,537,3,42,121,False,True,
run_20260807_175821_881241,3550,120,2026-08-07T18:00:23.658,4,right,558.0,557.9672131147541,370.75,557,559,3,42,122,False,True,
run_20260807_175821_881241,3550,120,2026-08-07T18:00:23.658,5,right,581.0,580.4645669291339,371.0,579,582,4,43,127,False,True,
run_20260807_175821_881241,3550,120,2026-08-07T18:00:23.658,6,right,603.25,602.0746268656717,371.125,600,604,5,67,201,False,True,
run_20260807_175821_881241,3550,120,2026-08-07T18:00:23.658,7,right,625.0,624.9333333333333,370.75,624,626,3,43,120,False,True,
run_20260807_175821_881241,3550,120,2026-08-07T18:00:23.658,8,right,647.0,646.8571428571429,371.0,646,648,3,43,112,False,True,
run_20260807_175821_881241,3550,120,2026-08-07T18:00:23.658,9,right,669.0,668.5948275862069,371.0,667,670,4,43,116,False,True,
run_20260807_175821_881241,3550,120,2026-08-07T18:00:23.658,10,right,691.0,690.448275862069,371.0,689,692,4,41,116,False,True,
run_20260807_175821_881241,3550,120,2026-08-07T18:00:23.658,11,right,712.0,710.9644670050761,370.5,708,713,6,54,197,False,True,
run_20260807_175821_881241,3550,120,2026-08-07T18:00:23.658,12,right,734.0,733.5043478260869,370.75,732,735,4,42,115,False,True,
run_20260807_175821_881241,3580,121,2026-08-07T18:00:24.659,12,left,7.5,7.878504672897196,370.75,7,9,3,42,107,False,True,
run_20260807_175821_881241,3580,121,2026-08-07T18:00:24.659,11,left,29.0,30.28497409326425,370.5,28,33,6,53,193,False,True,
run_20260807_175821_881241,3580,121,2026-08-07T18:00:24.659,10,left,51.0,51.08181818181818,371.0,50,52,3,40,110,False,True,
run_20260807_175821_881241,3580,121,2026-08-07T18:00:24.659,9,left,73.0,73.08490566037736,371.0,72,74,3,39,106,False,True,
run_20260807_175821_881241,3580,121,2026-08-07T18:00:24.659,8,left,95.0,95.0754716981132,371.0,94,96,3,38,106,False,True,
run_20260807_175821_881241,3580,121,2026-08-07T18:00:24.659,7,left,116.5,116.96842105263158,370.75,116,118,3,38,95,False,True,
run_20260807_175821_881241,3580,121,2026-08-07T18:00:24.659,6,left,139.0,139.9814814814815,371.125,138,143,6,68,216,False,True,
run_20260807_175821_881241,3580,121,2026-08-07T18:00:24.659,5,left,161.0,161.17171717171718,371.0,160,162,3,39,99,False,True,
run_20260807_175821_881241,3580,121,2026-08-07T18:00:24.659,4,left,183.5,183.79166666666666,370.9318181818182,183,185,3,40,96,False,True,
run_20260807_175821_881241,3580,121,2026-08-07T18:00:24.659,3,left,206.0,206.05084745762713,371.0,205,207,3,42,118,False,True,
run_20260807_175821_881241,3580,121,2026-08-07T18:00:24.659,2,left,228.07142857142858,228.11818181818182,371.0357142857143,227,229,3,42,110,False,True,
run_20260807_175821_881241,3580,121,2026-08-07T18:00:24.659,1,left,250.0,250.5408163265306,371.0,249,252,4,68,196,False,True,
run_20260807_175821_881241,3580,121,2026-08-07T18:00:24.659,0,left,272.0,272.13761467889907,370.5,271,273,3,42,109,True,True,
run_20260807_175821_881241,3580,121,2026-08-07T18:00:24.659,0,right,469.0,468.992,370.5,468,470,3,42,125,True,True,
run_20260807_175821_881241,3580,121,2026-08-07T18:00:24.659,1,right,492.0,491.21078431372547,371.0,490,493,4,70,204,False,True,
run_20260807_175821_881241,3580,121,2026-08-07T18:00:24.659,2,right,514.0,513.6829268292682,371.0357142857143,512,515,4,42,123,False,True,
run_20260807_175821_881241,3580,121,2026-08-07T18:00:24.659,3,right,536.0,535.9586776859504,371.0,535,537,3,42,121,False,True,
run_20260807_175821_881241,3580,121,2026-08-07T18:00:24.659,4,right,558.3636363636364,558.0169491525423,370.9318181818182,557,559,3,42,118,False,True,
run_20260807_175821_881241,3580,121,2026-08-07T18:00:24.659,5,right,581.0,580.4645669291339,371.0,579,582,4,43,127,False,True,
run_20260807_175821_881241,3580,121,2026-08-07T18:00:24.659,6,right,603.25,601.9014084507043,371.125,599,604,6,67,213,False,True,
run_20260807_175821_881241,3580,121,2026-08-07T18:00:24.659,7,right,625.0,624.9059829059829,370.75,624,626,3,43,117,False,True,
run_20260807_175821_881241,3580,121,2026-08-07T18:00:24.659,8,right,647.0,646.8571428571429,371.0,646,648,3,43,112,False,True,
run_20260807_175821_881241,3580,121,2026-08-07T18:00:24.659,9,right,669.0,668.6068376068376,371.0,667,670,4,43,117,False,True,
run_20260807_175821_881241,3580,121,2026-08-07T18:00:24.659,10,right,691.0,690.4957983193277,371.0,689,692,4,42,119,False,True,
run_20260807_175821_881241,3580,121,2026-08-07T18:00:24.659,11,right,712.0,710.969696969697,370.5,708,713,6,54,198,False,True,
run_20260807_175821_881241,3580,121,2026-08-07T18:00:24.659,12,right,734.0,733.5299145299145,370.75,732,735,4,42,117,False,True,
run_20260807_175821_881241,3611,122,2026-08-07T18:00:25.690,12,left,7.5,7.857142857142857,370.75,7,9,3,42,105,False,True,
run_20260807_175821_881241,3611,122,2026-08-07T18:00:25.690,11,left,29.0,30.270833333333332,370.5,28,33,6,52,192,False,True,
run_20260807_175821_881241,3611,122,2026-08-07T18:00:25.690,10,left,51.0,51.091743119266056,371.0,50,52,3,40,109,False,True,
run_20260807_175821_881241,3611,122,2026-08-07T18:00:25.690,9,left,73.0,73.08490566037736,371.0,72,74,3,39,106,False,True,
run_20260807_175821_881241,3611,122,2026-08-07T18:00:25.690,8,left,94.75,95.0576923076923,370.875,94,96,3,38,104,False,True,
run_20260807_175821_881241,3611,122,2026-08-07T18:00:25.690,7,left,116.5,116.93478260869566,370.75,116,118,3,38,92,False,True,
run_20260807_175821_881241,3611,122,2026-08-07T18:00:25.690,6,left,139.0,139.9906976744186,371.125,138,143,6,68,215,False,True,
run_20260807_175821_881241,3611,122,2026-08-07T18:00:25.690,5,left,161.0,161.17171717171718,371.0,160,162,3,39,99,False,True,
run_20260807_175821_881241,3611,122,2026-08-07T18:00:25.690,4,left,183.5,183.79166666666666,370.9318181818182,183,185,3,40,96,False,True,
run_20260807_175821_881241,3611,122,2026-08-07T18:00:25.690,3,left,206.0,206.05982905982907,371.0,205,207,3,42,117,False,True,
run_20260807_175821_881241,3611,122,2026-08-07T18:00:25.690,2,left,228.07142857142858,228.11818181818182,371.0357142857143,227,229,3,42,110,False,True,
run_20260807_175821_881241,3611,122,2026-08-07T18:00:25.690,1,left,250.0,250.56410256410257,371.0,249,252,4,68,195,False,True,
run_20260807_175821_881241,3611,122,2026-08-07T18:00:25.690,0,left,272.0,272.18095238095236,370.5,271,273,3,42,105,True,True,
run_20260807_175821_881241,3611,122,2026-08-07T18:00:25.690,0,right,469.0,468.9920634920635,370.5,468,470,3,43,126,True,True,
run_20260807_175821_881241,3611,122,2026-08-07T18:00:25.690,1,right,492.0,491.21078431372547,371.0,490,493,4,70,204,False,True,
run_20260807_175821_881241,3611,122,2026-08-07T18:00:25.690,2,right,514.0,513.8648648648649,371.0357142857143,513,515,3,42,111,False,True,
run_20260807_175821_881241,3611,122,2026-08-07T18:00:25.690,3,right,536.0,535.9586776859504,371.0,535,537,3,42,121,False,True,
run_20260807_175821_881241,3611,122,2026-08-07T18:00:25.690,4,right,558.3636363636364,558.0169491525423,370.9318181818182,557,559,3,42,118,False,True,
run_20260807_175821_881241,3611,122,2026-08-07T18:00:25.690,5,right,581.0,580.453125,371.0,579,582,4,43,128,False,True,
run_20260807_175821_881241,3611,122,2026-08-07T18:00:25.690,6,right,603.25,602.0643564356436,371.125,600,604,5,67,202,False,True,
run_20260807_175821_881241,3611,122,2026-08-07T18:00:25.690,7,right,625.0,624.9333333333333,370.75,624,626,3,43,120,False,True,
run_20260807_175821_881241,3611,122,2026-08-07T18:00:25.690,8,right,647.0,646.8672566371681,370.875,646,648,3,43,113,False,True,
run_20260807_175821_881241,3611,122,2026-08-07T18:00:25.690,9,right,669.0,668.5948275862069,371.0,667,670,4,43,116,False,True,
run_20260807_175821_881241,3611,122,2026-08-07T18:00:25.690,10,right,691.0,690.475,371.0,689,692,4,41,120,False,True,
run_20260807_175821_881241,3611,122,2026-08-07T18:00:25.690,11,right,712.0,710.9744897959183,370.5,708,713,6,54,196,False,True,
run_20260807_175821_881241,3611,122,2026-08-07T18:00:25.690,12,right,734.0,733.5299145299145,370.75,732,735,4,42,117,False,True,
run_20260807_175821_881241,3642,123,2026-08-07T18:00:26.726,12,left,7.5,7.857142857142857,370.75,7,9,3,42,105,False,True,
run_20260807_175821_881241,3642,123,2026-08-07T18:00:26.726,11,left,29.0,30.270833333333332,370.5,28,33,6,52,192,False,True,
run_20260807_175821_881241,3642,123,2026-08-07T18:00:26.726,10,left,51.0,51.08181818181818,371.0,50,52,3,40,110,False,True,
run_20260807_175821_881241,3642,123,2026-08-07T18:00:26.726,9,left,73.0,73.08490566037736,371.0,72,74,3,39,106,False,True,
run_20260807_175821_881241,3642,123,2026-08-07T18:00:26.726,8,left,94.92857142857143,95.0754716981132,370.9642857142857,94,96,3,38,106,False,True,
run_20260807_175821_881241,3642,123,2026-08-07T18:00:26.726,7,left,116.5,116.95744680851064,370.75,116,118,3,38,94,False,True,
run_20260807_175821_881241,3642,123,2026-08-07T18:00:26.726,6,left,138.63636363636363,139.99528301886792,370.9431818181818,138,143,6,64,212,False,True,
run_20260807_175821_881241,3642,123,2026-08-07T18:00:26.726,5,left,161.0,161.13725490196077,371.0,160,162,3,39,102,False,True,
run_20260807_175821_881241,3642,123,2026-08-07T18:00:26.726,4,left,183.5,183.79166666666666,370.7857142857143,183,185,3,40,96,False,True,
run_20260807_175821_881241,3642,123,2026-08-07T18:00:26.726,3,left,206.0,206.05982905982907,371.0,205,207,3,42,117,False,True,
run_20260807_175821_881241,3642,123,2026-08-07T18:00:26.726,2,left,228.0,228.1081081081081,371.0,227,229,3,42,111,False,True,
run_20260807_175821_881241,3642,123,2026-08-07T18:00:26.726,1,left,250.0,250.56410256410257,371.0,249,252,4,68,195,False,True,
run_20260807_175821_881241,3642,123,2026-08-07T18:00:26.726,0,left,272.0,272.18095238095236,370.5,271,273,3,42,105,True,True,
run_20260807_175821_881241,3642,123,2026-08-07T18:00:26.726,0,right,469.0,468.9920634920635,370.5,468,470,3,43,126,True,True,
run_20260807_175821_881241,3642,123,2026-08-07T18:00:26.726,1,right,492.0,491.21463414634144,371.0,490,493,4,70,205,False,True,
run_20260807_175821_881241,3642,123,2026-08-07T18:00:26.726,2,right,514.0,513.8648648648649,371.0,513,515,3,42,111,False,True,
run_20260807_175821_881241,3642,123,2026-08-07T18:00:26.726,3,right,536.0,535.9586776859504,371.0,535,537,3,42,121,False,True,
run_20260807_175821_881241,3642,123,2026-08-07T18:00:26.726,4,right,558.0714285714286,557.983606557377,370.7857142857143,557,559,3,42,122,False,True,
run_20260807_175821_881241,3642,123,2026-08-07T18:00:26.726,5,right,581.0,580.453125,371.0,579,582,4,43,128,False,True,
run_20260807_175821_881241,3642,123,2026-08-07T18:00:26.726,6,right,603.25,602.0643564356436,370.9431818181818,600,604,5,67,202,False,True,
run_20260807_175821_881241,3642,123,2026-08-07T18:00:26.726,7,right,625.0,624.9333333333333,370.75,624,626,3,43,120,False,True,
run_20260807_175821_881241,3642,123,2026-08-07T18:00:26.726,8,right,647.0,646.8672566371681,370.9642857142857,646,648,3,43,113,False,True,
run_20260807_175821_881241,3642,123,2026-08-07T18:00:26.726,9,right,669.0,668.6068376068376,371.0,667,670,4,43,117,False,True,
run_20260807_175821_881241,3642,123,2026-08-07T18:00:26.726,10,right,691.0,690.4224137931035,371.0,689,692,4,41,116,False,True,
run_20260807_175821_881241,3642,123,2026-08-07T18:00:26.726,11,right,712.0,710.9744897959183,370.5,708,713,6,54,196,False,True,
run_20260807_175821_881241,3642,123,2026-08-07T18:00:26.726,12,right,734.0,733.542372881356,370.75,732,735,4,42,118,False,True,
run_20260807_175821_881241,3673,124,2026-08-07T18:00:27.760,12,left,7.5,7.878504672897196,370.75,7,9,3,42,107,False,True,
run_20260807_175821_881241,3673,124,2026-08-07T18:00:27.760,11,left,29.0,30.282722513089006,370.5,28,33,6,52,191,False,True,
run_20260807_175821_881241,3673,124,2026-08-07T18:00:27.760,10,left,51.0,51.091743119266056,371.0,50,52,3,40,109,False,True,
run_20260807_175821_881241,3673,124,2026-08-07T18:00:27.760,9,left,73.0,73.08411214953271,371.0,72,74,3,39,107,False,True,
run_20260807_175821_881241,3673,124,2026-08-07T18:00:27.760,8,left,94.92857142857143,95.0754716981132,370.9642857142857,94,96,3,38,106,False,True,
run_20260807_175821_881241,3673,124,2026-08-07T18:00:27.760,7,left,116.5,116.96842105263158,370.75,116,118,3,38,95,False,True,
run_20260807_175821_881241,3673,124,2026-08-07T18:00:27.760,6,left,138.5,140.0,370.875,138,143,6,62,208,False,True,
run_20260807_175821_881241,3673,124,2026-08-07T18:00:27.760,5,left,161.0,161.17171717171718,371.0,160,162,3,39,99,False,True,
run_20260807_175821_881241,3673,124,2026-08-07T18:00:27.760,4,left,183.5,183.8041237113402,370.7857142857143,183,185,3,40,97,False,True,
run_20260807_175821_881241,3673,124,2026-08-07T18:00:27.760,3,left,206.0,206.05982905982907,371.0,205,207,3,42,117,False,True,
run_20260807_175821_881241,3673,124,2026-08-07T18:00:27.760,2,left,228.07142857142858,228.11818181818182,371.0357142857143,227,229,3,42,110,False,True,
run_20260807_175821_881241,3673,124,2026-08-07T18:00:27.760,1,left,250.0,250.55102040816325,371.0,249,252,4,69,196,False,True,
run_20260807_175821_881241,3673,124,2026-08-07T18:00:27.760,0,left,272.0,272.18095238095236,370.5,271,273,3,42,105,True,True,
run_20260807_175821_881241,3673,124,2026-08-07T18:00:27.760,0,right,469.0,468.9920634920635,370.5,468,470,3,43,126,True,True,
run_20260807_175821_881241,3673,124,2026-08-07T18:00:27.760,1,right,492.0,491.2048780487805,371.0,490,493,4,70,205,False,True,
run_20260807_175821_881241,3673,124,2026-08-07T18:00:27.760,2,right,514.0,513.6829268292682,371.0357142857143,512,515,4,42,123,False,True,
run_20260807_175821_881241,3673,124,2026-08-07T18:00:27.760,3,right,536.0,535.9586776859504,371.0,535,537,3,42,121,False,True,
run_20260807_175821_881241,3673,124,2026-08-07T18:00:27.760,4,right,558.0714285714286,557.9752066115702,370.7857142857143,557,559,3,42,121,False,True,
run_20260807_175821_881241,3673,124,2026-08-07T18:00:27.760,5,right,581.0,580.4645669291339,371.0,579,582,4,43,127,False,True,
run_20260807_175821_881241,3673,124,2026-08-07T18:00:27.760,6,right,603.25,601.9014084507043,370.875,599,604,6,67,213,False,True,
run_20260807_175821_881241,3673,124,2026-08-07T18:00:27.760,7,right,625.0,624.9059829059829,370.75,624,626,3,43,117,False,True,
run_20260807_175821_881241,3673,124,2026-08-07T18:00:27.760,8,right,647.0,646.8571428571429,370.9642857142857,646,648,3,43,112,False,True,
run_20260807_175821_881241,3673,124,2026-08-07T18:00:27.760,9,right,669.0,668.5948275862069,371.0,667,670,4,43,116,False,True,
run_20260807_175821_881241,3673,124,2026-08-07T18:00:27.760,10,right,691.0,690.4615384615385,371.0,689,692,4,41,117,False,True,
run_20260807_175821_881241,3673,124,2026-08-07T18:00:27.760,11,right,712.0,710.9644670050761,370.5,708,713,6,54,197,False,True,
run_20260807_175821_881241,3673,124,2026-08-07T18:00:27.760,12,right,734.0,733.5299145299145,370.75,732,735,4,42,117,False,True,
run_20260807_175821_881241,3704,125,2026-08-07T18:00:28.789,12,left,7.5,7.857142857142857,370.75,7,9,3,42,105,False,True,
run_20260807_175821_881241,3704,125,2026-08-07T18:00:28.789,11,left,29.0,30.29787234042553,370.5,28,33,6,52,188,False,True,
run_20260807_175821_881241,3704,125,2026-08-07T18:00:28.789,10,left,51.0,51.08181818181818,371.0,50,52,3,40,110,False,True,
run_20260807_175821_881241,3704,125,2026-08-07T18:00:28.789,9,left,73.0,73.08411214953271,371.0,72,74,3,39,107,False,True,
run_20260807_175821_881241,3704,125,2026-08-07T18:00:28.789,8,left,94.75,95.04854368932038,370.875,94,96,3,38,103,False,True,
run_20260807_175821_881241,3704,125,2026-08-07T18:00:28.789,7,left,116.5,116.94623655913979,370.75,116,118,3,38,93,False,True,
run_20260807_175821_881241,3704,125,2026-08-07T18:00:28.789,6,left,138.75,139.99056603773585,371.0,138,143,6,65,212,False,True,
run_20260807_175821_881241,3704,125,2026-08-07T18:00:28.789,5,left,161.0,161.17171717171718,371.0,160,162,3,39,99,False,True,
run_20260807_175821_881241,3704,125,2026-08-07T18:00:28.789,4,left,183.5,183.8,370.7857142857143,183,185,3,40,95,False,True,
run_20260807_175821_881241,3704,125,2026-08-07T18:00:28.789,3,left,206.0,206.05982905982907,371.0,205,207,3,42,117,False,True,
run_20260807_175821_881241,3704,125,2026-08-07T18:00:28.789,2,left,228.07142857142858,228.11818181818182,371.0357142857143,227,229,3,42,110,False,True,
run_20260807_175821_881241,3704,125,2026-08-07T18:00:28.789,1,left,250.0,250.55670103092783,371.0,249,252,4,68,194,False,True,
run_20260807_175821_881241,3704,125,2026-08-07T18:00:28.789,0,left,272.0,272.19417475728153,370.5,271,273,3,42,103,True,True,
run_20260807_175821_881241,3704,125,2026-08-07T18:00:28.789,0,right,469.0,468.9920634920635,370.5,468,470,3,43,126,True,True,
run_20260807_175821_881241,3704,125,2026-08-07T18:00:28.789,1,right,492.0,491.2167487684729,371.0,490,493,4,70,203,False,True,
run_20260807_175821_881241,3704,125,2026-08-07T18:00:28.789,2,right,514.0,513.875,371.0357142857143,513,515,3,42,112,False,True,
run_20260807_175821_881241,3704,125,2026-08-07T18:00:28.789,3,right,536.0,535.9586776859504,371.0,535,537,3,42,121,False,True,
run_20260807_175821_881241,3704,125,2026-08-07T18:00:28.789,4,right,558.0714285714286,557.9833333333333,370.7857142857143,557,559,3,42,120,False,True,
run_20260807_175821_881241,3704,125,2026-08-07T18:00:28.789,5,right,581.0,580.4645669291339,371.0,579,582,4,43,127,False,True,
run_20260807_175821_881241,3704,125,2026-08-07T18:00:28.789,6,right,603.25,602.0738916256157,371.0,600,604,5,67,203,False,True,
run_20260807_175821_881241,3704,125,2026-08-07T18:00:28.789,7,right,625.0,624.9059829059829,370.75,624,626,3,43,117,False,True,
run_20260807_175821_881241,3704,125,2026-08-07T18:00:28.789,8,right,647.0,646.8571428571429,370.875,646,648,3,43,112,False,True,
run_20260807_175821_881241,3704,125,2026-08-07T18:00:28.789,9,right,669.0,668.5948275862069,371.0,667,670,4,43,116,False,True,
run_20260807_175821_881241,3704,125,2026-08-07T18:00:28.789,10,right,691.0,690.4710743801653,371.0,689,692,4,42,121,False,True,
run_20260807_175821_881241,3704,125,2026-08-07T18:00:28.789,11,right,712.0,710.9695431472081,370.5,708,713,6,54,197,False,True,
run_20260807_175821_881241,3704,125,2026-08-07T18:00:28.789,12,right,734.0,733.5043478260869,370.75,732,735,4,42,115,False,True,
run_20260807_175821_881241,3735,126,2026-08-07T18:00:29.826,12,left,7.5,7.857142857142857,370.75,7,9,3,42,105,False,True,
run_20260807_175821_881241,3735,126,2026-08-07T18:00:29.826,11,left,29.0,30.268421052631577,370.5,28,33,6,52,190,False,True,
run_20260807_175821_881241,3735,126,2026-08-07T18:00:29.826,10,left,51.0,51.091743119266056,371.0,50,52,3,40,109,False,True,
run_20260807_175821_881241,3735,126,2026-08-07T18:00:29.826,9,left,72.75,73.05825242718447,370.875,72,74,3,37,103,False,True,
run_20260807_175821_881241,3735,126,2026-08-07T18:00:29.826,8,left,95.0,95.08411214953271,371.0,94,96,3,39,107,False,True,
run_20260807_175821_881241,3735,126,2026-08-07T18:00:29.826,7,left,116.5,116.94623655913979,370.75,116,118,3,38,93,False,True,
run_20260807_175821_881241,3735,126,2026-08-07T18:00:29.826,6,left,138.75,139.99056603773585,371.0,138,143,6,65,212,False,True,
run_20260807_175821_881241,3735,126,2026-08-07T18:00:29.826,5,left,161.0,161.17171717171718,371.0,160,162,3,39,99,False,True,
run_20260807_175821_881241,3735,126,2026-08-07T18:00:29.826,4,left,183.0,183.59259259259258,370.5357142857143,182,185,4,40,108,False,True,
run_20260807_175821_881241,3735,126,2026-08-07T18:00:29.826,3,left,206.0,206.05982905982907,371.0,205,207,3,42,117,False,True,
run_20260807_175821_881241,3735,126,2026-08-07T18:00:29.826,2,left,228.07142857142858,228.11818181818182,371.0357142857143,227,229,3,42,110,False,True,
run_20260807_175821_881241,3735,126,2026-08-07T18:00:29.826,1,left,250.0,250.55897435897435,371.0,249,252,4,69,195,False,True,
run_20260807_175821_881241,3735,126,2026-08-07T18:00:29.826,0,left,272.0,272.19417475728153,370.5,271,273,3,42,103,True,True,
run_20260807_175821_881241,3735,126,2026-08-07T18:00:29.826,0,right,469.0,468.9920634920635,370.5,468,470,3,43,126,True,True,
run_20260807_175821_881241,3735,126,2026-08-07T18:00:29.826,1,right,492.0,491.21463414634144,371.0,490,493,4,70,205,False,True,
run_20260807_175821_881241,3735,126,2026-08-07T18:00:29.826,2,right,514.0,513.875,371.0357142857143,513,515,3,42,112,False,True,
run_20260807_175821_881241,3735,126,2026-08-07T18:00:29.826,3,right,536.0,535.9586776859504,371.0,535,537,3,42,121,False,True,
run_20260807_175821_881241,3735,126,2026-08-07T18:00:29.826,4,right,558.0714285714286,557.99173553719,370.5357142857143,557,559,3,42,121,False,True,
run_20260807_175821_881241,3735,126,2026-08-07T18:00:29.826,5,right,581.0,580.4651162790698,371.0,579,582,4,43,129,False,True,
run_20260807_175821_881241,3735,126,2026-08-07T18:00:29.826,6,right,603.25,602.0746268656717,371.0,600,604,5,67,201,False,True,
run_20260807_175821_881241,3735,126,2026-08-07T18:00:29.826,7,right,625.0,624.9059829059829,370.75,624,626,3,43,117,False,True,
run_20260807_175821_881241,3735,126,2026-08-07T18:00:29.826,8,right,647.0,646.8672566371681,371.0,646,648,3,43,113,False,True,
run_20260807_175821_881241,3735,126,2026-08-07T18:00:29.826,9,right,669.0,668.6068376068376,370.875,667,670,4,43,117,False,True,
run_20260807_175821_881241,3735,126,2026-08-07T18:00:29.826,10,right,691.0,690.4583333333334,371.0,689,692,4,42,120,False,True,
run_20260807_175821_881241,3735,126,2026-08-07T18:00:29.826,11,right,712.0,710.9692307692308,370.5,708,713,6,54,195,False,True,
run_20260807_175821_881241,3735,126,2026-08-07T18:00:29.826,12,right,734.0,733.5172413793103,370.75,732,735,4,42,116,False,True,
run_20260807_175821_881241,3766,127,2026-08-07T18:00:30.858,12,left,7.5,7.867924528301887,370.75,7,9,3,42,106,False,True,
run_20260807_175821_881241,3766,127,2026-08-07T18:00:30.858,11,left,29.0,30.27979274611399,370.5,28,33,6,53,193,False,True,
run_20260807_175821_881241,3766,127,2026-08-07T18:00:30.858,10,left,51.0,51.091743119266056,371.0,50,52,3,40,109,False,True,
run_20260807_175821_881241,3766,127,2026-08-07T18:00:30.858,9,left,72.84615384615384,73.0673076923077,370.9230769230769,72,74,3,37,104,False,True,
run_20260807_175821_881241,3766,127,2026-08-07T18:00:30.858,8,left,94.92857142857143,95.0754716981132,370.9642857142857,94,96,3,38,106,False,True,
run_20260807_175821_881241,3766,127,2026-08-07T18:00:30.858,7,left,116.5,116.94623655913979,370.75,116,118,3,38,93,False,True,
run_20260807_175821_881241,3766,127,2026-08-07T18:00:30.858,6,left,139.0,140.0,371.125,138,143,6,68,214,False,True,
run_20260807_175821_881241,3766,127,2026-08-07T18:00:30.858,5,left,161.0,161.17171717171718,371.0,160,162,3,39,99,False,True,
run_20260807_175821_881241,3766,127,2026-08-07T18:00:30.858,4,left,183.5,183.79166666666666,370.7857142857143,183,185,3,40,96,False,True,
run_20260807_175821_881241,3766,127,2026-08-07T18:00:30.858,3,left,206.0,206.05982905982907,371.0,205,207,3,42,117,False,True,
run_20260807_175821_881241,3766,127,2026-08-07T18:00:30.858,2,left,228.0,228.1081081081081,371.0,227,229,3,42,111,False,True,
run_20260807_175821_881241,3766,127,2026-08-07T18:00:30.858,1,left,250.0,250.56701030927834,371.0,249,252,4,69,194,False,True,
run_20260807_175821_881241,3766,127,2026-08-07T18:00:30.858,0,left,272.0,272.18095238095236,370.5,271,273,3,42,105,True,True,
run_20260807_175821_881241,3766,127,2026-08-07T18:00:30.858,0,right,469.0,468.9920634920635,370.5,468,470,3,43,126,True,True,
run_20260807_175821_881241,3766,127,2026-08-07T18:00:30.858,1,right,492.0,491.21078431372547,371.0,490,493,4,70,204,False,True,
run_20260807_175821_881241,3766,127,2026-08-07T18:00:30.858,2,right,514.0,513.6829268292682,371.0,512,515,4,42,123,False,True,
run_20260807_175821_881241,3766,127,2026-08-07T18:00:30.858,3,right,536.0,535.9586776859504,371.0,535,537,3,42,121,False,True,
run_20260807_175821_881241,3766,127,2026-08-07T18:00:30.858,4,right,558.0714285714286,557.983606557377,370.7857142857143,557,559,3,42,122,False,True,
run_20260807_175821_881241,3766,127,2026-08-07T18:00:30.858,5,right,581.0,580.4765625,371.0,579,582,4,43,128,False,True,
run_20260807_175821_881241,3766,127,2026-08-07T18:00:30.858,6,right,603.25,601.9014084507043,371.125,599,604,6,67,213,False,True,
run_20260807_175821_881241,3766,127,2026-08-07T18:00:30.858,7,right,625.0,624.9333333333333,370.75,624,626,3,43,120,False,True,
run_20260807_175821_881241,3766,127,2026-08-07T18:00:30.858,8,right,647.0,646.8571428571429,370.9642857142857,646,648,3,43,112,False,True,
run_20260807_175821_881241,3766,127,2026-08-07T18:00:30.858,9,right,669.0,668.6068376068376,370.9230769230769,667,670,4,43,117,False,True,
run_20260807_175821_881241,3766,127,2026-08-07T18:00:30.858,10,right,691.0,690.4590163934427,371.0,689,692,4,42,122,False,True,
run_20260807_175821_881241,3766,127,2026-08-07T18:00:30.858,11,right,712.0,710.9796954314721,370.5,708,713,6,54,197,False,True,
run_20260807_175821_881241,3766,127,2026-08-07T18:00:30.858,12,right,734.0,733.5172413793103,370.75,732,735,4,42,116,False,True,
run_20260807_175821_881241,3796,128,2026-08-07T18:00:31.890,12,left,7.5,7.857142857142857,370.75,7,9,3,42,105,False,True,
run_20260807_175821_881241,3796,128,2026-08-07T18:00:31.890,11,left,29.0,30.27461139896373,370.5,28,33,6,53,193,False,True,
run_20260807_175821_881241,3796,128,2026-08-07T18:00:31.890,10,left,51.0,51.08181818181818,371.0,50,52,3,40,110,False,True,
run_20260807_175821_881241,3796,128,2026-08-07T18:00:31.890,9,left,72.84615384615384,73.0673076923077,370.9230769230769,72,74,3,37,104,False,True,
run_20260807_175821_881241,3796,128,2026-08-07T18:00:31.890,8,left,95.0,95.08411214953271,371.0,94,96,3,39,107,False,True,
run_20260807_175821_881241,3796,128,2026-08-07T18:00:31.890,7,left,116.5,116.95744680851064,370.75,116,118,3,38,94,False,True,
run_20260807_175821_881241,3796,128,2026-08-07T18:00:31.890,6,left,138.75,139.99052132701422,371.0,138,143,6,64,211,False,True,
run_20260807_175821_881241,3796,128,2026-08-07T18:00:31.890,5,left,161.0,161.17171717171718,371.0,160,162,3,39,99,False,True,
run_20260807_175821_881241,3796,128,2026-08-07T18:00:31.890,4,left,183.5,183.79166666666666,370.8269230769231,183,185,3,40,96,False,True,
run_20260807_175821_881241,3796,128,2026-08-07T18:00:31.890,3,left,206.0,206.05982905982907,371.0,205,207,3,42,117,False,True,
run_20260807_175821_881241,3796,128,2026-08-07T18:00:31.890,2,left,228.07142857142858,228.11818181818182,371.0357142857143,227,229,3,42,110,False,True,
run_20260807_175821_881241,3796,128,2026-08-07T18:00:31.890,1,left,250.0,250.57435897435897,371.0,249,252,4,69,195,False,True,
run_20260807_175821_881241,3796,128,2026-08-07T18:00:31.890,0,left,272.0,272.18095238095236,370.5,271,273,3,42,105,True,True,
run_20260807_175821_881241,3796,128,2026-08-07T18:00:31.890,0,right,469.0,468.9920634920635,370.5,468,470,3,43,126,True,True,
run_20260807_175821_881241,3796,128,2026-08-07T18:00:31.890,1,right,492.0,491.22058823529414,371.0,490,493,4,70,204,False,True,
run_20260807_175821_881241,3796,128,2026-08-07T18:00:31.890,2,right,514.0,513.6935483870968,371.0357142857143,512,515,4,42,124,False,True,
run_20260807_175821_881241,3796,128,2026-08-07T18:00:31.890,3,right,536.0,535.9586776859504,371.0,535,537,3,42,121,False,True,
run_20260807_175821_881241,3796,128,2026-08-07T18:00:31.890,4,right,558.1538461538462,558.0,370.8269230769231,557,559,3,42,120,False,True,
run_20260807_175821_881241,3796,128,2026-08-07T18:00:31.890,5,right,581.0,580.453125,371.0,579,582,4,43,128,False,True,
run_20260807_175821_881241,3796,128,2026-08-07T18:00:31.890,6,right,603.25,602.0746268656717,371.0,600,604,5,67,201,False,True,
run_20260807_175821_881241,3796,128,2026-08-07T18:00:31.890,7,right,625.0,624.9333333333333,370.75,624,626,3,43,120,False,True,
run_20260807_175821_881241,3796,128,2026-08-07T18:00:31.890,8,right,647.0,646.8571428571429,371.0,646,648,3,43,112,False,True,
run_20260807_175821_881241,3796,128,2026-08-07T18:00:31.890,9,right,669.0,668.6068376068376,370.9230769230769,667,670,4,43,117,False,True,
run_20260807_175821_881241,3796,128,2026-08-07T18:00:31.890,10,right,691.0,690.4583333333334,371.0,689,692,4,42,120,False,True,
run_20260807_175821_881241,3796,128,2026-08-07T18:00:31.890,11,right,712.0,710.9744897959183,370.5,708,713,6,54,196,False,True,
run_20260807_175821_881241,3796,128,2026-08-07T18:00:31.890,12,right,734.0,733.5043478260869,370.75,732,735,4,42,115,False,True,
run_20260807_175821_881241,3826,129,2026-08-07T18:00:32.892,12,left,7.5,7.867924528301887,370.75,7,9,3,42,106,False,True,
run_20260807_175821_881241,3826,129,2026-08-07T18:00:32.892,11,left,29.0,30.304123711340207,370.5,28,33,6,52,194,False,True,
run_20260807_175821_881241,3826,129,2026-08-07T18:00:32.892,10,left,51.0,51.091743119266056,371.0,50,52,3,40,109,False,True,
run_20260807_175821_881241,3826,129,2026-08-07T18:00:32.892,9,left,72.84615384615384,73.0673076923077,370.9230769230769,72,74,3,37,104,False,True,
run_20260807_175821_881241,3826,129,2026-08-07T18:00:32.892,8,left,95.0,95.08411214953271,371.0,94,96,3,39,107,False,True,
run_20260807_175821_881241,3826,129,2026-08-07T18:00:32.892,7,left,116.5,116.95744680851064,370.75,116,118,3,38,94,False,True,
run_20260807_175821_881241,3826,129,2026-08-07T18:00:32.892,6,left,139.0,139.99537037037038,371.125,138,143,6,68,216,False,True,
run_20260807_175821_881241,3826,129,2026-08-07T18:00:32.892,5,left,161.0,161.17171717171718,371.0,160,162,3,39,99,False,True,
run_20260807_175821_881241,3826,129,2026-08-07T18:00:32.892,4,left,183.5,183.79166666666666,370.8269230769231,183,185,3,40,96,False,True,
run_20260807_175821_881241,3826,129,2026-08-07T18:00:32.892,3,left,206.0,206.05982905982907,371.0,205,207,3,42,117,False,True,
run_20260807_175821_881241,3826,129,2026-08-07T18:00:32.892,2,left,228.07142857142858,228.11818181818182,371.0357142857143,227,229,3,42,110,False,True,
run_20260807_175821_881241,3826,129,2026-08-07T18:00:32.892,1,left,250.0,250.55897435897435,371.0,249,252,4,69,195,False,True,
run_20260807_175821_881241,3826,129,2026-08-07T18:00:32.892,0,left,272.0,272.18095238095236,370.5,271,273,3,42,105,True,True,
run_20260807_175821_881241,3826,129,2026-08-07T18:00:32.892,0,right,469.0,468.9920634920635,370.5,468,470,3,43,126,True,True,
run_20260807_175821_881241,3826,129,2026-08-07T18:00:32.892,1,right,492.0,491.21463414634144,371.0,490,493,4,70,205,False,True,
run_20260807_175821_881241,3826,129,2026-08-07T18:00:32.892,2,right,514.0,513.6935483870968,371.0357142857143,512,515,4,42,124,False,True,
run_20260807_175821_881241,3826,129,2026-08-07T18:00:32.892,3,right,536.0,535.9586776859504,371.0,535,537,3,42,121,False,True,
run_20260807_175821_881241,3826,129,2026-08-07T18:00:32.892,4,right,558.1538461538462,558.0,370.8269230769231,557,559,3,42,120,False,True,
run_20260807_175821_881241,3826,129,2026-08-07T18:00:32.892,5,right,581.0,580.453125,371.0,579,582,4,43,128,False,True,
run_20260807_175821_881241,3826,129,2026-08-07T18:00:32.892,6,right,603.25,602.0841584158416,371.125,600,604,5,67,202,False,True,
run_20260807_175821_881241,3826,129,2026-08-07T18:00:32.892,7,right,625.0,624.9333333333333,370.75,624,626,3,43,120,False,True,
run_20260807_175821_881241,3826,129,2026-08-07T18:00:32.892,8,right,647.0,646.8571428571429,371.0,646,648,3,43,112,False,True,
run_20260807_175821_881241,3826,129,2026-08-07T18:00:32.892,9,right,669.0,668.5948275862069,370.9230769230769,667,670,4,43,116,False,True,
run_20260807_175821_881241,3826,129,2026-08-07T18:00:32.892,10,right,691.0,690.475,371.0,689,692,4,41,120,False,True,
run_20260807_175821_881241,3826,129,2026-08-07T18:00:32.892,11,right,712.0,710.9744897959183,370.5,708,713,6,54,196,False,True,
run_20260807_175821_881241,3826,129,2026-08-07T18:00:32.892,12,right,734.0,733.5172413793103,370.75,732,735,4,42,116,False,True,
run_20260807_175821_881241,3857,130,2026-08-07T18:00:33.921,12,left,7.5,7.857142857142857,370.75,7,9,3,42,105,False,True,
run_20260807_175821_881241,3857,130,2026-08-07T18:00:33.921,11,left,29.0,30.293193717277486,370.5,28,33,6,52,191,False,True,
run_20260807_175821_881241,3857,130,2026-08-07T18:00:33.921,10,left,51.0,51.08181818181818,371.0,50,52,3,40,110,False,True,
run_20260807_175821_881241,3857,130,2026-08-07T18:00:33.921,9,left,73.0,73.08490566037736,371.0,72,74,3,39,106,False,True,
run_20260807_175821_881241,3857,130,2026-08-07T18:00:33.921,8,left,95.0,95.08411214953271,371.0,94,96,3,39,107,False,True,
run_20260807_175821_881241,3857,130,2026-08-07T18:00:33.921,7,left,116.5,116.95744680851064,370.75,116,118,3,38,94,False,True,
run_20260807_175821_881241,3857,130,2026-08-07T18:00:33.921,6,left,139.0,139.99065420560748,371.125,138,143,6,67,214,False,True,
run_20260807_175821_881241,3857,130,2026-08-07T18:00:33.921,5,left,161.0,161.17171717171718,371.0,160,162,3,39,99,False,True,
run_20260807_175821_881241,3857,130,2026-08-07T18:00:33.921,4,left,183.5,183.79166666666666,370.9318181818182,183,185,3,40,96,False,True,
run_20260807_175821_881241,3857,130,2026-08-07T18:00:33.921,3,left,206.0,206.05982905982907,371.0,205,207,3,42,117,False,True,
run_20260807_175821_881241,3857,130,2026-08-07T18:00:33.921,2,left,228.07142857142858,228.11818181818182,371.0357142857143,227,229,3,42,110,False,True,
run_20260807_175821_881241,3857,130,2026-08-07T18:00:33.921,1,left,250.0,250.56632653061226,371.0,249,252,4,69,196,False,True,
run_20260807_175821_881241,3857,130,2026-08-07T18:00:33.921,0,left,272.0,272.14814814814815,370.5,271,273,3,42,108,True,True,
run_20260807_175821_881241,3857,130,2026-08-07T18:00:33.921,0,right,469.0,468.9920634920635,370.5,468,470,3,43,126,True,True,
run_20260807_175821_881241,3857,130,2026-08-07T18:00:33.921,1,right,492.0,491.21463414634144,371.0,490,493,4,70,205,False,True,
run_20260807_175821_881241,3857,130,2026-08-07T18:00:33.921,2,right,514.0,513.875,371.0357142857143,513,515,3,42,112,False,True,
run_20260807_175821_881241,3857,130,2026-08-07T18:00:33.921,3,right,536.0,535.9586776859504,371.0,535,537,3,42,121,False,True,
run_20260807_175821_881241,3857,130,2026-08-07T18:00:33.921,4,right,558.3636363636364,558.0169491525423,370.9318181818182,557,559,3,42,118,False,True,
run_20260807_175821_881241,3857,130,2026-08-07T18:00:33.921,5,right,581.0,580.4651162790698,371.0,579,582,4,43,129,False,True,
run_20260807_175821_881241,3857,130,2026-08-07T18:00:33.921,6,right,603.25,602.0746268656717,371.125,600,604,5,67,201,False,True,
run_20260807_175821_881241,3857,130,2026-08-07T18:00:33.921,7,right,625.0,624.9333333333333,370.75,624,626,3,43,120,False,True,
run_20260807_175821_881241,3857,130,2026-08-07T18:00:33.921,8,right,647.0,646.8571428571429,371.0,646,648,3,43,112,False,True,
run_20260807_175821_881241,3857,130,2026-08-07T18:00:33.921,9,right,669.0,668.7788461538462,371.0,668,670,3,43,104,False,True,
run_20260807_175821_881241,3857,130,2026-08-07T18:00:33.921,10,right,691.0,690.4628099173553,371.0,689,692,4,41,121,False,True,
run_20260807_175821_881241,3857,130,2026-08-07T18:00:33.921,11,right,712.0,710.969696969697,370.5,708,713,6,54,198,False,True,
run_20260807_175821_881241,3857,130,2026-08-07T18:00:33.921,12,right,734.0,733.5213675213676,370.75,732,735,4,42,117,False,True,
run_20260807_175821_881241,3887,131,2026-08-07T18:00:34.927,12,left,7.5,7.857142857142857,370.75,7,9,3,42,105,False,True,
run_20260807_175821_881241,3887,131,2026-08-07T18:00:34.927,11,left,29.0,30.296875,370.5,28,33,6,53,192,False,True,
run_20260807_175821_881241,3887,131,2026-08-07T18:00:34.927,10,left,51.0,51.08181818181818,371.0,50,52,3,40,110,False,True,
run_20260807_175821_881241,3887,131,2026-08-07T18:00:34.927,9,left,73.0,73.08490566037736,371.0,72,74,3,39,106,False,True,
run_20260807_175821_881241,3887,131,2026-08-07T18:00:34.927,8,left,94.92857142857143,95.0754716981132,370.9642857142857,94,96,3,38,106,False,True,
run_20260807_175821_881241,3887,131,2026-08-07T18:00:34.927,7,left,116.5,116.95744680851064,370.75,116,118,3,38,94,False,True,
run_20260807_175821_881241,3887,131,2026-08-07T18:00:34.927,6,left,138.92857142857142,139.9906103286385,371.0892857142857,138,143,6,66,213,False,True,
run_20260807_175821_881241,3887,131,2026-08-07T18:00:34.927,5,left,161.0,161.17171717171718,371.0,160,162,3,39,99,False,True,
run_20260807_175821_881241,3887,131,2026-08-07T18:00:34.927,4,left,183.5,183.79166666666666,370.8269230769231,183,185,3,40,96,False,True,
run_20260807_175821_881241,3887,131,2026-08-07T18:00:34.927,3,left,206.0,206.05982905982907,371.0,205,207,3,42,117,False,True,
run_20260807_175821_881241,3887,131,2026-08-07T18:00:34.927,2,left,228.07142857142858,228.11818181818182,371.0357142857143,227,229,3,42,110,False,True,
run_20260807_175821_881241,3887,131,2026-08-07T18:00:34.927,1,left,250.0,250.53299492385787,371.0,249,252,4,68,197,False,True,
run_20260807_175821_881241,3887,131,2026-08-07T18:00:34.927,0,left,272.0,272.2156862745098,370.5,271,273,3,42,102,True,True,
run_20260807_175821_881241,3887,131,2026-08-07T18:00:34.927,0,right,469.0,468.9920634920635,370.5,468,470,3,43,126,True,True,
run_20260807_175821_881241,3887,131,2026-08-07T18:00:34.927,1,right,492.0,491.20873786407765,371.0,490,493,4,70,206,False,True,
run_20260807_175821_881241,3887,131,2026-08-07T18:00:34.927,2,right,514.0,513.6693548387096,371.0357142857143,512,515,4,42,124,False,True,
run_20260807_175821_881241,3887,131,2026-08-07T18:00:34.927,3,right,536.0,535.9586776859504,371.0,535,537,3,42,121,False,True,
run_20260807_175821_881241,3887,131,2026-08-07T18:00:34.927,4,right,558.1538461538462,558.0,370.8269230769231,557,559,3,42,120,False,True,
run_20260807_175821_881241,3887,131,2026-08-07T18:00:34.927,5,right,581.0,580.4645669291339,371.0,579,582,4,43,127,False,True,
run_20260807_175821_881241,3887,131,2026-08-07T18:00:34.927,6,right,603.25,601.892523364486,371.0892857142857,599,604,6,67,214,False,True,
run_20260807_175821_881241,3887,131,2026-08-07T18:00:34.927,7,right,625.0,624.9059829059829,370.75,624,626,3,43,117,False,True,
run_20260807_175821_881241,3887,131,2026-08-07T18:00:34.927,8,right,647.0,646.8571428571429,370.9642857142857,646,648,3,43,112,False,True,
run_20260807_175821_881241,3887,131,2026-08-07T18:00:34.927,9,right,669.0,668.5948275862069,371.0,667,670,4,43,116,False,True,
run_20260807_175821_881241,3887,131,2026-08-07T18:00:34.927,10,right,691.0,690.475,371.0,689,692,4,41,120,False,True,
run_20260807_175821_881241,3887,131,2026-08-07T18:00:34.927,11,right,712.0,710.969696969697,370.5,708,713,6,54,198,False,True,
run_20260807_175821_881241,3887,131,2026-08-07T18:00:34.927,12,right,734.0,733.5299145299145,370.75,732,735,4,42,117,False,True,
run_20260807_175821_881241,3918,132,2026-08-07T18:00:35.960,12,left,7.5,7.857142857142857,370.75,7,9,3,42,105,False,True,
run_20260807_175821_881241,3918,132,2026-08-07T18:00:35.960,11,left,29.0,30.28125,370.5,28,33,6,53,192,False,True,
run_20260807_175821_881241,3918,132,2026-08-07T18:00:35.960,10,left,51.0,51.08181818181818,371.0,50,52,3,40,110,False,True,
run_20260807_175821_881241,3918,132,2026-08-07T18:00:35.960,9,left,73.0,73.08411214953271,371.0,72,74,3,39,107,False,True,
run_20260807_175821_881241,3918,132,2026-08-07T18:00:35.960,8,left,95.0,95.08411214953271,371.0,94,96,3,39,107,False,True,
run_20260807_175821_881241,3918,132,2026-08-07T18:00:35.960,7,left,116.5,116.95744680851064,370.75,116,118,3,38,94,False,True,
run_20260807_175821_881241,3918,132,2026-08-07T18:00:35.960,6,left,138.75,139.99528301886792,371.0,138,143,6,64,212,False,True,
run_20260807_175821_881241,3918,132,2026-08-07T18:00:35.960,5,left,161.0,161.17171717171718,371.0,160,162,3,39,99,False,True,
run_20260807_175821_881241,3918,132,2026-08-07T18:00:35.960,4,left,183.5,183.79166666666666,370.8269230769231,183,185,3,40,96,False,True,
run_20260807_175821_881241,3918,132,2026-08-07T18:00:35.960,3,left,206.0,206.05982905982907,371.0,205,207,3,42,117,False,True,
run_20260807_175821_881241,3918,132,2026-08-07T18:00:35.960,2,left,228.07142857142858,228.11818181818182,371.0357142857143,227,229,3,42,110,False,True,
run_20260807_175821_881241,3918,132,2026-08-07T18:00:35.960,1,left,250.0,250.55837563451777,371.0,249,252,4,69,197,False,True,
run_20260807_175821_881241,3918,132,2026-08-07T18:00:35.960,0,left,272.0,272.18095238095236,370.5,271,273,3,42,105,True,True,
run_20260807_175821_881241,3918,132,2026-08-07T18:00:35.960,0,right,469.0,468.992,370.5,468,470,3,42,125,True,True,
run_20260807_175821_881241,3918,132,2026-08-07T18:00:35.960,1,right,492.0,491.20873786407765,371.0,490,493,4,70,206,False,True,
run_20260807_175821_881241,3918,132,2026-08-07T18:00:35.960,2,right,514.0,513.8545454545455,371.0357142857143,513,515,3,42,110,False,True,
run_20260807_175821_881241,3918,132,2026-08-07T18:00:35.960,3,right,536.0,535.9586776859504,371.0,535,537,3,42,121,False,True,
run_20260807_175821_881241,3918,132,2026-08-07T18:00:35.960,4,right,558.1538461538462,558.0,370.8269230769231,557,559,3,42,120,False,True,
run_20260807_175821_881241,3918,132,2026-08-07T18:00:35.960,5,right,581.0,580.453125,371.0,579,582,4,43,128,False,True,
run_20260807_175821_881241,3918,132,2026-08-07T18:00:35.960,6,right,603.25,601.9014084507043,371.0,599,604,6,67,213,False,True,
run_20260807_175821_881241,3918,132,2026-08-07T18:00:35.960,7,right,625.0,624.9333333333333,370.75,624,626,3,43,120,False,True,
run_20260807_175821_881241,3918,132,2026-08-07T18:00:35.960,8,right,647.0,646.8571428571429,371.0,646,648,3,43,112,False,True,
run_20260807_175821_881241,3918,132,2026-08-07T18:00:35.960,9,right,669.0,668.6068376068376,371.0,667,670,4,43,117,False,True,
run_20260807_175821_881241,3918,132,2026-08-07T18:00:35.960,10,right,691.0,690.4583333333334,371.0,689,692,4,42,120,False,True,
run_20260807_175821_881241,3918,132,2026-08-07T18:00:35.960,11,right,712.0,710.9796954314721,370.5,708,713,6,54,197,False,True,
run_20260807_175821_881241,3918,132,2026-08-07T18:00:35.960,12,right,734.0,733.5172413793103,370.75,732,735,4,42,116,False,True,
run_20260807_175821_881241,3949,133,2026-08-07T18:00:36.991,12,left,7.5,7.857142857142857,370.75,7,9,3,42,105,False,True,
run_20260807_175821_881241,3949,133,2026-08-07T18:00:36.991,11,left,29.0,30.277486910994764,370.5,28,33,6,53,191,False,True,
run_20260807_175821_881241,3949,133,2026-08-07T18:00:36.991,10,left,51.0,51.091743119266056,371.0,50,52,3,40,109,False,True,
run_20260807_175821_881241,3949,133,2026-08-07T18:00:36.991,9,left,73.0,73.08490566037736,371.0,72,74,3,39,106,False,True,
run_20260807_175821_881241,3949,133,2026-08-07T18:00:36.991,8,left,94.84615384615384,95.06666666666666,370.9230769230769,94,96,3,38,105,False,True,
run_20260807_175821_881241,3949,133,2026-08-07T18:00:36.991,7,left,116.5,116.96842105263158,370.75,116,118,3,38,95,False,True,
run_20260807_175821_881241,3949,133,2026-08-07T18:00:36.991,6,left,138.75,139.9904761904762,371.0,138,143,6,63,210,False,True,
run_20260807_175821_881241,3949,133,2026-08-07T18:00:36.991,5,left,161.0,161.17171717171718,371.0,160,162,3,39,99,False,True,
run_20260807_175821_881241,3949,133,2026-08-07T18:00:36.991,4,left,183.5,183.77894736842106,370.9318181818182,183,185,3,40,95,False,True,
run_20260807_175821_881241,3949,133,2026-08-07T18:00:36.991,3,left,206.0,206.05982905982907,371.0,205,207,3,42,117,False,True,
run_20260807_175821_881241,3949,133,2026-08-07T18:00:36.991,2,left,228.07142857142858,228.11818181818182,371.0357142857143,227,229,3,42,110,False,True,
run_20260807_175821_881241,3949,133,2026-08-07T18:00:36.991,1,left,250.0,250.54314720812184,371.0,249,252,4,69,197,False,True,
run_20260807_175821_881241,3949,133,2026-08-07T18:00:36.991,0,left,272.0,272.18095238095236,370.5,271,273,3,42,105,True,True,
run_20260807_175821_881241,3949,133,2026-08-07T18:00:36.991,0,right,469.0,468.9920634920635,370.5,468,470,3,43,126,True,True,
run_20260807_175821_881241,3949,133,2026-08-07T18:00:36.991,1,right,492.0,491.20873786407765,371.0,490,493,4,70,206,False,True,
run_20260807_175821_881241,3949,133,2026-08-07T18:00:36.991,2,right,514.0,513.8545454545455,371.0357142857143,513,515,3,42,110,False,True,
run_20260807_175821_881241,3949,133,2026-08-07T18:00:36.991,3,right,536.0,535.9586776859504,371.0,535,537,3,42,121,False,True,
run_20260807_175821_881241,3949,133,2026-08-07T18:00:36.991,4,right,558.3636363636364,558.0169491525423,370.9318181818182,557,559,3,42,118,False,True,
run_20260807_175821_881241,3949,133,2026-08-07T18:00:36.991,5,right,581.0,580.453125,371.0,579,582,4,43,128,False,True,
run_20260807_175821_881241,3949,133,2026-08-07T18:00:36.991,6,right,603.25,601.9014084507043,371.0,599,604,6,67,213,False,True,
run_20260807_175821_881241,3949,133,2026-08-07T18:00:36.991,7,right,625.0,624.9059829059829,370.75,624,626,3,43,117,False,True,
run_20260807_175821_881241,3949,133,2026-08-07T18:00:36.991,8,right,647.0,646.8571428571429,370.9230769230769,646,648,3,43,112,False,True,
run_20260807_175821_881241,3949,133,2026-08-07T18:00:36.991,9,right,669.0,668.5948275862069,371.0,667,670,4,43,116,False,True,
run_20260807_175821_881241,3949,133,2026-08-07T18:00:36.991,10,right,691.0,690.4710743801653,371.0,689,692,4,42,121,False,True,
run_20260807_175821_881241,3949,133,2026-08-07T18:00:36.991,11,right,712.0,710.9744897959183,370.5,708,713,6,54,196,False,True,
run_20260807_175821_881241,3949,133,2026-08-07T18:00:36.991,12,right,734.0,733.5172413793103,370.75,732,735,4,42,116,False,True,
run_20260807_175821_881241,3980,134,2026-08-07T18:00:38.027,12,left,7.5,7.857142857142857,370.75,7,9,3,42,105,False,True,
run_20260807_175821_881241,3980,134,2026-08-07T18:00:38.027,11,left,29.0,30.289473684210527,370.5,28,33,6,52,190,False,True,
run_20260807_175821_881241,3980,134,2026-08-07T18:00:38.027,10,left,51.0,51.08181818181818,371.0,50,52,3,40,110,False,True,
run_20260807_175821_881241,3980,134,2026-08-07T18:00:38.027,9,left,72.75,73.05825242718447,370.875,72,74,3,37,103,False,True,
run_20260807_175821_881241,3980,134,2026-08-07T18:00:38.027,8,left,94.84615384615384,95.06666666666666,370.9230769230769,94,96,3,38,105,False,True,
run_20260807_175821_881241,3980,134,2026-08-07T18:00:38.027,7,left,116.5,116.97916666666667,370.75,116,118,3,38,96,False,True,
run_20260807_175821_881241,3980,134,2026-08-07T18:00:38.027,6,left,138.75,139.99052132701422,371.0,138,143,6,64,211,False,True,
run_20260807_175821_881241,3980,134,2026-08-07T18:00:38.027,5,left,161.0,161.17171717171718,371.0,160,162,3,39,99,False,True,
run_20260807_175821_881241,3980,134,2026-08-07T18:00:38.027,4,left,183.5,183.8,370.7857142857143,183,185,3,40,95,False,True,
run_20260807_175821_881241,3980,134,2026-08-07T18:00:38.027,3,left,206.0,206.05084745762713,371.0,205,207,3,42,118,False,True,
run_20260807_175821_881241,3980,134,2026-08-07T18:00:38.027,2,left,228.07142857142858,228.11818181818182,371.0357142857143,227,229,3,42,110,False,True,
run_20260807_175821_881241,3980,134,2026-08-07T18:00:38.027,1,left,250.0,250.55050505050505,371.0,249,252,4,69,198,False,True,
run_20260807_175821_881241,3980,134,2026-08-07T18:00:38.027,0,left,272.0,272.1923076923077,370.5,271,273,3,42,104,True,True,
run_20260807_175821_881241,3980,134,2026-08-07T18:00:38.027,0,right,469.0,468.9920634920635,370.5,468,470,3,43,126,True,True,
run_20260807_175821_881241,3980,134,2026-08-07T18:00:38.027,1,right,492.0,491.2118226600985,371.0,490,493,4,70,203,False,True,
run_20260807_175821_881241,3980,134,2026-08-07T18:00:38.027,2,right,514.0,513.6829268292682,371.0357142857143,512,515,4,42,123,False,True,
run_20260807_175821_881241,3980,134,2026-08-07T18:00:38.027,3,right,536.0,535.9586776859504,371.0,535,537,3,42,121,False,True,
run_20260807_175821_881241,3980,134,2026-08-07T18:00:38.027,4,right,558.0714285714286,557.99173553719,370.7857142857143,557,559,3,42,121,False,True,
run_20260807_175821_881241,3980,134,2026-08-07T18:00:38.027,5,right,581.0,580.453125,371.0,579,582,4,43,128,False,True,
run_20260807_175821_881241,3980,134,2026-08-07T18:00:38.027,6,right,603.25,601.9014084507043,371.0,599,604,6,67,213,False,True,
run_20260807_175821_881241,3980,134,2026-08-07T18:00:38.027,7,right,625.0,624.9059829059829,370.75,624,626,3,43,117,False,True,
run_20260807_175821_881241,3980,134,2026-08-07T18:00:38.027,8,right,647.0,646.8571428571429,370.9230769230769,646,648,3,43,112,False,True,
run_20260807_175821_881241,3980,134,2026-08-07T18:00:38.027,9,right,669.0,668.5948275862069,370.875,667,670,4,43,116,False,True,
run_20260807_175821_881241,3980,134,2026-08-07T18:00:38.027,10,right,691.0,690.4583333333334,371.0,689,692,4,42,120,False,True,
run_20260807_175821_881241,3980,134,2026-08-07T18:00:38.027,11,right,712.0,710.9644670050761,370.5,708,713,6,54,197,False,True,
run_20260807_175821_881241,3980,134,2026-08-07T18:00:38.027,12,right,734.0,733.5344827586207,370.75,732,735,4,42,116,False,True,
run_20260807_175821_881241,4011,135,2026-08-07T18:00:39.054,12,left,7.5,7.857142857142857,370.75,7,9,3,42,105,False,True,
run_20260807_175821_881241,4011,135,2026-08-07T18:00:39.054,11,left,29.0,30.269430051813472,370.5769230769231,28,33,6,53,193,False,True,
run_20260807_175821_881241,4011,135,2026-08-07T18:00:39.054,10,left,51.0,51.08181818181818,371.0,50,52,3,40,110,False,True,
run_20260807_175821_881241,4011,135,2026-08-07T18:00:39.054,9,left,73.0,73.07407407407408,371.0,72,74,3,39,108,False,True,
run_20260807_175821_881241,4011,135,2026-08-07T18:00:39.054,8,left,94.75,95.0576923076923,370.875,94,96,3,38,104,False,True,
run_20260807_175821_881241,4011,135,2026-08-07T18:00:39.054,7,left,116.5,116.93478260869566,370.75,116,118,3,38,92,False,True,
run_20260807_175821_881241,4011,135,2026-08-07T18:00:39.054,6,left,139.0,139.9906976744186,371.125,138,143,6,68,215,False,True,
run_20260807_175821_881241,4011,135,2026-08-07T18:00:39.054,5,left,161.0,161.17171717171718,371.0,160,162,3,39,99,False,True,
run_20260807_175821_881241,4011,135,2026-08-07T18:00:39.054,4,left,183.5,183.79166666666666,370.7857142857143,183,185,3,40,96,False,True,
run_20260807_175821_881241,4011,135,2026-08-07T18:00:39.054,3,left,206.0,206.05982905982907,371.0,205,207,3,42,117,False,True,
run_20260807_175821_881241,4011,135,2026-08-07T18:00:39.054,2,left,228.07142857142858,228.11818181818182,371.0357142857143,227,229,3,42,110,False,True,
run_20260807_175821_881241,4011,135,2026-08-07T18:00:39.054,1,left,250.0,250.56632653061226,371.0,249,252,4,69,196,False,True,
run_20260807_175821_881241,4011,135,2026-08-07T18:00:39.054,0,left,272.0,272.18095238095236,370.5,271,273,3,42,105,True,True,
run_20260807_175821_881241,4011,135,2026-08-07T18:00:39.054,0,right,469.0,468.9920634920635,370.5,468,470,3,43,126,True,True,
run_20260807_175821_881241,4011,135,2026-08-07T18:00:39.054,1,right,492.0,491.228855721393,371.0,490,493,4,70,201,False,True,
run_20260807_175821_881241,4011,135,2026-08-07T18:00:39.054,2,right,514.0,513.672131147541,371.0357142857143,512,515,4,42,122,False,True,
run_20260807_175821_881241,4011,135,2026-08-07T18:00:39.054,3,right,536.0,535.9586776859504,371.0,535,537,3,42,121,False,True,
run_20260807_175821_881241,4011,135,2026-08-07T18:00:39.054,4,right,558.0714285714286,557.9833333333333,370.7857142857143,557,559,3,42,120,False,True,
run_20260807_175821_881241,4011,135,2026-08-07T18:00:39.054,5,right,581.0,580.4651162790698,371.0,579,582,4,43,129,False,True,
run_20260807_175821_881241,4011,135,2026-08-07T18:00:39.054,6,right,603.25,602.0746268656717,371.125,600,604,5,67,201,False,True,
run_20260807_175821_881241,4011,135,2026-08-07T18:00:39.054,7,right,625.0,624.9333333333333,370.75,624,626,3,43,120,False,True,
run_20260807_175821_881241,4011,135,2026-08-07T18:00:39.054,8,right,647.0,646.8571428571429,370.875,646,648,3,43,112,False,True,
run_20260807_175821_881241,4011,135,2026-08-07T18:00:39.054,9,right,669.0,668.6068376068376,371.0,667,670,4,43,117,False,True,
run_20260807_175821_881241,4011,135,2026-08-07T18:00:39.054,10,right,691.0,690.4873949579832,371.0,689,692,4,41,119,False,True,
run_20260807_175821_881241,4011,135,2026-08-07T18:00:39.054,11,right,712.1538461538462,710.9689119170985,370.5769230769231,708,713,6,52,193,False,True,
run_20260807_175821_881241,4011,135,2026-08-07T18:00:39.054,12,right,734.0,733.5304347826087,370.75,732,735,4,42,115,False,True,
run_20260807_175821_881241,4041,136,2026-08-07T18:00:40.059,12,left,7.5,7.857142857142857,370.75,7,9,3,42,105,False,True,
run_20260807_175821_881241,4041,136,2026-08-07T18:00:40.059,11,left,29.0,30.282722513089006,370.5,28,33,6,52,191,False,True,
run_20260807_175821_881241,4041,136,2026-08-07T18:00:40.059,10,left,51.0,51.091743119266056,371.0,50,52,3,40,109,False,True,
run_20260807_175821_881241,4041,136,2026-08-07T18:00:40.059,9,left,73.0,73.08490566037736,371.0,72,74,3,39,106,False,True,
run_20260807_175821_881241,4041,136,2026-08-07T18:00:40.059,8,left,95.0,95.08411214953271,371.0,94,96,3,39,107,False,True,
run_20260807_175821_881241,4041,136,2026-08-07T18:00:40.059,7,left,116.5,116.94623655913979,370.75,116,118,3,38,93,False,True,
run_20260807_175821_881241,4041,136,2026-08-07T18:00:40.059,6,left,138.5,139.99043062200957,370.875,138,143,6,62,209,False,True,
run_20260807_175821_881241,4041,136,2026-08-07T18:00:40.059,5,left,161.0,161.16,371.0,160,162,3,39,100,False,True,
run_20260807_175821_881241,4041,136,2026-08-07T18:00:40.059,4,left,183.5,183.79166666666666,370.9318181818182,183,185,3,40,96,False,True,
run_20260807_175821_881241,4041,136,2026-08-07T18:00:40.059,3,left,206.0,206.05982905982907,371.0,205,207,3,42,117,False,True,
run_20260807_175821_881241,4041,136,2026-08-07T18:00:40.059,2,left,228.07142857142858,228.11818181818182,371.0357142857143,227,229,3,42,110,False,True,
run_20260807_175821_881241,4041,136,2026-08-07T18:00:40.059,1,left,250.0,250.54871794871795,371.0,249,252,4,68,195,False,True,
run_20260807_175821_881241,4041,136,2026-08-07T18:00:40.059,0,left,272.0,272.1826923076923,370.5,271,273,3,42,104,True,True,
run_20260807_175821_881241,4041,136,2026-08-07T18:00:40.059,0,right,469.0,468.9920634920635,370.5,468,470,3,43,126,True,True,
run_20260807_175821_881241,4041,136,2026-08-07T18:00:40.059,1,right,492.0,491.23880597014926,371.0,490,493,4,70,201,False,True,
run_20260807_175821_881241,4041,136,2026-08-07T18:00:40.059,2,right,514.0,513.672131147541,371.0357142857143,512,515,4,42,122,False,True,
run_20260807_175821_881241,4041,136,2026-08-07T18:00:40.059,3,right,536.0,535.9586776859504,371.0,535,537,3,42,121,False,True,
run_20260807_175821_881241,4041,136,2026-08-07T18:00:40.059,4,right,558.3636363636364,558.025641025641,370.9318181818182,557,559,3,42,117,False,True,
run_20260807_175821_881241,4041,136,2026-08-07T18:00:40.059,5,right,581.0,580.4538461538461,371.0,579,582,4,43,130,False,True,
run_20260807_175821_881241,4041,136,2026-08-07T18:00:40.059,6,right,603.25,602.0841584158416,370.875,600,604,5,67,202,False,True,
run_20260807_175821_881241,4041,136,2026-08-07T18:00:40.059,7,right,625.0,624.9333333333333,370.75,624,626,3,43,120,False,True,
run_20260807_175821_881241,4041,136,2026-08-07T18:00:40.059,8,right,647.0,646.8571428571429,371.0,646,648,3,43,112,False,True,
run_20260807_175821_881241,4041,136,2026-08-07T18:00:40.059,9,right,669.0,668.7788461538462,371.0,668,670,3,43,104,False,True,
run_20260807_175821_881241,4041,136,2026-08-07T18:00:40.059,10,right,691.0,690.45,371.0,689,692,4,41,120,False,True,
run_20260807_175821_881241,4041,136,2026-08-07T18:00:40.059,11,right,712.0,710.9796954314721,370.5,708,713,6,54,197,False,True,
run_20260807_175821_881241,4041,136,2026-08-07T18:00:40.059,12,right,734.0,733.5172413793103,370.75,732,735,4,42,116,False,True,
run_20260807_175821_881241,4072,137,2026-08-07T18:00:41.094,12,left,7.5,7.8431372549019605,370.75,7,9,3,42,102,False,True,
run_20260807_175821_881241,4072,137,2026-08-07T18:00:41.094,11,left,29.0,30.288770053475936,370.5769230769231,28,33,6,52,187,False,True,
run_20260807_175821_881241,4072,137,2026-08-07T18:00:41.094,10,left,51.0,51.08411214953271,371.0,50,52,3,39,107,False,True,
run_20260807_175821_881241,4072,137,2026-08-07T18:00:41.094,9,left,72.5,73.02061855670104,370.75,72,74,3,37,97,False,True,
run_20260807_175821_881241,4072,137,2026-08-07T18:00:41.094,8,left,94.5,94.98969072164948,370.75,94,96,3,38,97,False,True,
run_20260807_175821_881241,4072,137,2026-08-07T18:00:41.094,7,left,116.5,116.88636363636364,370.75,116,118,3,38,88,False,True,
run_20260807_175821_881241,4072,137,2026-08-07T18:00:41.094,6,left,138.5,139.8421052631579,370.9318181818182,138,142,5,59,190,False,True,
run_20260807_175821_881241,4072,137,2026-08-07T18:00:41.094,5,left,161.0,161.17171717171718,371.0,160,162,3,39,99,False,True,
run_20260807_175821_881241,4072,137,2026-08-07T18:00:41.094,4,left,183.5,183.7741935483871,371.0,183,185,3,40,93,False,True,
run_20260807_175821_881241,4072,137,2026-08-07T18:00:41.094,3,left,206.0,206.05982905982907,371.0,205,207,3,42,117,False,True,
run_20260807_175821_881241,4072,137,2026-08-07T18:00:41.094,2,left,228.07142857142858,228.11818181818182,371.0357142857143,227,229,3,42,110,False,True,
run_20260807_175821_881241,4072,137,2026-08-07T18:00:41.094,1,left,250.0,250.5904255319149,371.0,249,252,4,68,188,False,True,
run_20260807_175821_881241,4072,137,2026-08-07T18:00:41.094,0,left,272.0,272.2551020408163,370.5,271,273,3,42,98,True,True,
run_20260807_175821_881241,4072,137,2026-08-07T18:00:41.094,0,right,469.0,468.9918699186992,370.5,468,470,3,42,123,True,True,
run_20260807_175821_881241,4072,137,2026-08-07T18:00:41.094,1,right,492.0,491.24870466321244,371.0,490,493,4,70,193,False,True,
run_20260807_175821_881241,4072,137,2026-08-07T18:00:41.094,2,right,514.0,513.8440366972477,371.0357142857143,513,515,3,42,109,False,True,
run_20260807_175821_881241,4072,137,2026-08-07T18:00:41.094,3,right,536.0,535.9586776859504,371.0,535,537,3,42,121,False,True,
run_20260807_175821_881241,4072,137,2026-08-07T18:00:41.094,4,right,558.5,558.0265486725664,371.0,557,559,3,42,113,False,True,
run_20260807_175821_881241,4072,137,2026-08-07T18:00:41.094,5,right,581.0,580.488,371.0,579,582,4,43,125,False,True,
run_20260807_175821_881241,4072,137,2026-08-07T18:00:41.094,6,right,603.3636363636364,602.0858585858585,370.9318181818182,600,604,5,66,198,False,True,
run_20260807_175821_881241,4072,137,2026-08-07T18:00:41.094,7,right,625.0,624.8965517241379,370.75,624,626,3,43,116,False,True,
run_20260807_175821_881241,4072,137,2026-08-07T18:00:41.094,8,right,647.0,646.8468468468468,370.75,646,648,3,43,111,False,True,
run_20260807_175821_881241,4072,137,2026-08-07T18:00:41.094,9,right,669.0,668.7745098039215,370.75,668,670,3,42,102,False,True,
run_20260807_175821_881241,4072,137,2026-08-07T18:00:41.094,10,right,691.0,690.4649122807018,371.0,689,692,4,40,114,False,True,
run_20260807_175821_881241,4072,137,2026-08-07T18:00:41.094,11,right,712.1538461538462,710.9521276595744,370.5769230769231,708,713,6,51,188,False,True,
run_20260807_175821_881241,4072,137,2026-08-07T18:00:41.094,12,right,734.0,733.4910714285714,370.75,732,735,4,42,112,False,True,
run_20260807_175821_881241,4103,138,2026-08-07T18:00:42.124,12,left,7.5,7.8431372549019605,370.75,7,9,3,42,102,False,True,
run_20260807_175821_881241,4103,138,2026-08-07T18:00:42.124,11,left,29.0,30.286486486486485,370.75,28,33,6,51,185,False,True,
run_20260807_175821_881241,4103,138,2026-08-07T18:00:42.124,10,left,51.0,51.092592592592595,371.0,50,52,3,40,108,False,True,
run_20260807_175821_881241,4103,138,2026-08-07T18:00:42.124,9,left,72.5,73.0421052631579,370.75,72,74,3,37,95,False,True,
run_20260807_175821_881241,4103,138,2026-08-07T18:00:42.124,8,left,94.5,95.0,370.75,94,96,3,38,98,False,True,
run_20260807_175821_881241,4103,138,2026-08-07T18:00:42.124,7,left,116.5,116.8735632183908,370.75,116,118,3,38,87,False,True,
run_20260807_175821_881241,4103,138,2026-08-07T18:00:42.124,6,left,138.5,139.8324607329843,370.875,138,142,5,59,191,False,True,
run_20260807_175821_881241,4103,138,2026-08-07T18:00:42.124,5,left,161.0,161.17171717171718,371.0,160,162,3,39,99,False,True,
run_20260807_175821_881241,4103,138,2026-08-07T18:00:42.124,4,left,183.5,183.7391304347826,371.0,183,185,3,40,92,False,True,
run_20260807_175821_881241,4103,138,2026-08-07T18:00:42.124,3,left,206.0,206.05982905982907,371.0,205,207,3,42,117,False,True,
run_20260807_175821_881241,4103,138,2026-08-07T18:00:42.124,2,left,228.07142857142858,228.11818181818182,371.0357142857143,227,229,3,42,110,False,True,
run_20260807_175821_881241,4103,138,2026-08-07T18:00:42.124,1,left,250.0,250.58288770053477,371.0,249,252,4,68,187,False,True,
run_20260807_175821_881241,4103,138,2026-08-07T18:00:42.124,0,left,272.0,272.24242424242425,370.5,271,273,3,42,99,True,True,
run_20260807_175821_881241,4103,138,2026-08-07T18:00:42.124,0,right,469.0,468.9918699186992,370.5,468,470,3,42,123,True,True,
run_20260807_175821_881241,4103,138,2026-08-07T18:00:42.124,1,right,492.0,491.24870466321244,371.0,490,493,4,70,193,False,True,
run_20260807_175821_881241,4103,138,2026-08-07T18:00:42.124,2,right,514.0,513.8545454545455,371.0357142857143,513,515,3,42,110,False,True,
run_20260807_175821_881241,4103,138,2026-08-07T18:00:42.124,3,right,536.0,535.9586776859504,371.0,535,537,3,42,121,False,True,
run_20260807_175821_881241,4103,138,2026-08-07T18:00:42.124,4,right,558.5,558.0260869565218,371.0,557,559,3,42,115,False,True,
run_20260807_175821_881241,4103,138,2026-08-07T18:00:42.124,5,right,581.0,580.488,371.0,579,582,4,43,125,False,True,
run_20260807_175821_881241,4103,138,2026-08-07T18:00:42.124,6,right,603.25,602.0753768844221,370.875,600,604,5,67,199,False,True,
run_20260807_175821_881241,4103,138,2026-08-07T18:00:42.124,7,right,625.0,624.8771929824561,370.75,624,626,3,43,114,False,True,
run_20260807_175821_881241,4103,138,2026-08-07T18:00:42.124,8,right,647.0,646.8571428571429,370.75,646,648,3,43,112,False,True,
run_20260807_175821_881241,4103,138,2026-08-07T18:00:42.124,9,right,669.0,668.7669902912621,370.75,668,670,3,43,103,False,True,
run_20260807_175821_881241,4103,138,2026-08-07T18:00:42.124,10,right,691.0,690.3962264150944,371.0,689,692,4,39,106,False,True,
run_20260807_175821_881241,4103,138,2026-08-07T18:00:42.124,11,right,712.5,710.9728260869565,370.75,708,713,6,49,184,False,True,
run_20260807_175821_881241,4103,138,2026-08-07T18:00:42.124,12,right,734.0,733.4910714285714,370.75,732,735,4,42,112,False,True,
run_20260807_175821_881241,4133,139,2026-08-07T18:00:43.127,12,left,7.5,7.858585858585859,370.75,7,9,3,41,99,False,True,
run_20260807_175821_881241,4133,139,2026-08-07T18:00:43.127,11,left,29.0,30.294444444444444,370.75,28,33,6,51,180,False,True,
run_20260807_175821_881241,4133,139,2026-08-07T18:00:43.127,10,left,51.0,51.12621359223301,370.75,50,52,3,39,103,False,True,
run_20260807_175821_881241,4133,139,2026-08-07T18:00:43.127,9,left,72.5,73.0421052631579,370.75,72,74,3,37,95,False,True,
run_20260807_175821_881241,4133,139,2026-08-07T18:00:43.127,8,left,94.5,94.94623655913979,370.75,94,96,3,38,93,False,True,
run_20260807_175821_881241,4133,139,2026-08-07T18:00:43.127,7,left,116.5,116.86046511627907,370.75,116,118,3,38,86,False,True,
run_20260807_175821_881241,4133,139,2026-08-07T18:00:43.127,6,left,138.5,140.02051282051283,370.9318181818182,138,143,6,55,195,False,True,
run_20260807_175821_881241,4133,139,2026-08-07T18:00:43.127,5,left,161.0,161.17171717171718,371.0,160,162,3,39,99,False,True,
run_20260807_175821_881241,4133,139,2026-08-07T18:00:43.127,4,left,183.5,183.74725274725276,371.0,183,185,3,40,91,False,True,
run_20260807_175821_881241,4133,139,2026-08-07T18:00:43.127,3,left,205.84615384615384,206.05454545454546,370.9230769230769,205,207,3,40,110,False,True,
run_20260807_175821_881241,4133,139,2026-08-07T18:00:43.127,2,left,228.15384615384616,228.14953271028037,371.0769230769231,227,229,3,42,107,False,True,
run_20260807_175821_881241,4133,139,2026-08-07T18:00:43.127,1,left,250.0,250.62295081967213,371.0,249,252,4,68,183,False,True,
run_20260807_175821_881241,4133,139,2026-08-07T18:00:43.127,0,left,272.0,272.25773195876286,370.5,271,273,3,42,97,True,True,
run_20260807_175821_881241,4133,139,2026-08-07T18:00:43.127,0,right,469.0,469.04273504273505,370.5,468,470,3,42,117,True,True,
run_20260807_175821_881241,4133,139,2026-08-07T18:00:43.127,1,right,492.0,491.2303664921466,371.0,490,493,4,70,191,False,True,
run_20260807_175821_881241,4133,139,2026-08-07T18:00:43.127,2,right,514.0,513.8224299065421,371.0769230769231,513,515,3,42,107,False,True,
run_20260807_175821_881241,4133,139,2026-08-07T18:00:43.127,3,right,536.0,535.9586776859504,370.9230769230769,535,537,3,42,121,False,True,
run_20260807_175821_881241,4133,139,2026-08-07T18:00:43.127,4,right,558.5,558.0642201834862,371.0,557,559,3,42,109,False,True,
run_20260807_175821_881241,4133,139,2026-08-07T18:00:43.127,5,right,581.0,580.4876033057851,371.0,579,582,4,42,121,False,True,
run_20260807_175821_881241,4133,139,2026-08-07T18:00:43.127,6,right,603.3636363636364,602.0714285714286,370.9318181818182,600,604,5,66,196,False,True,
run_20260807_175821_881241,4133,139,2026-08-07T18:00:43.127,7,right,625.0,624.8648648648649,370.75,624,626,3,42,111,False,True,
run_20260807_175821_881241,4133,139,2026-08-07T18:00:43.127,8,right,647.0,646.8363636363637,370.75,646,648,3,43,110,False,True,
run_20260807_175821_881241,4133,139,2026-08-07T18:00:43.127,9,right,669.0,668.77,370.75,668,670,3,41,100,False,True,
run_20260807_175821_881241,4133,139,2026-08-07T18:00:43.127,10,right,690.5,690.2298850574713,370.75,689,691,3,39,87,False,True,
run_20260807_175821_881241,4133,139,2026-08-07T18:00:43.127,11,right,712.5,711.1987577639752,370.75,709,713,5,43,161,False,True,
run_20260807_175821_881241,4133,139,2026-08-07T18:00:43.127,12,right,734.0,733.4587155963303,370.75,732,735,4,42,109,False,True,
run_20260807_175821_881241,4164,140,2026-08-07T18:00:44.157,12,left,7.5,7.826530612244898,370.5,7,9,3,41,98,False,True,
run_20260807_175821_881241,4164,140,2026-08-07T18:00:44.157,11,left,29.0,30.295454545454547,370.75,28,33,6,51,176,False,True,
run_20260807_175821_881241,4164,140,2026-08-07T18:00:44.157,10,left,51.0,51.11538461538461,370.75,50,52,3,39,104,False,True,
run_20260807_175821_881241,4164,140,2026-08-07T18:00:44.157,9,left,72.5,73.02197802197803,370.75,72,74,3,37,91,False,True,
run_20260807_175821_881241,4164,140,2026-08-07T18:00:44.157,8,left,94.5,94.91111111111111,370.75,94,96,3,38,90,False,True,
run_20260807_175821_881241,4164,140,2026-08-07T18:00:44.157,7,left,116.5,116.84705882352941,370.75,116,118,3,38,85,False,True,
run_20260807_175821_881241,4164,140,2026-08-07T18:00:44.157,6,left,138.5,139.82777777777778,371.0,138,142,5,54,180,False,True,
run_20260807_175821_881241,4164,140,2026-08-07T18:00:44.157,5,left,161.0,161.1958762886598,371.0,160,162,3,39,97,False,True,
run_20260807_175821_881241,4164,140,2026-08-07T18:00:44.157,4,left,183.5,183.52631578947367,371.0,183,184,2,40,76,False,True,
run_20260807_175821_881241,4164,140,2026-08-07T18:00:44.157,3,left,205.75,206.03773584905662,370.875,205,207,3,40,106,False,True,
run_20260807_175821_881241,4164,140,2026-08-07T18:00:44.157,2,left,228.15384615384616,228.14953271028037,371.0769230769231,227,229,3,42,107,False,True,
run_20260807_175821_881241,4164,140,2026-08-07T18:00:44.157,1,left,250.0,250.6,371.0,249,252,4,68,180,False,True,
run_20260807_175821_881241,4164,140,2026-08-07T18:00:44.157,0,left,272.0,272.31182795698925,370.5769230769231,271,273,3,42,93,True,True,
run_20260807_175821_881241,4164,140,2026-08-07T18:00:44.157,0,right,469.15384615384613,469.0701754385965,370.5769230769231,468,470,3,42,114,True,True,
run_20260807_175821_881241,4164,140,2026-08-07T18:00:44.157,1,right,492.0,491.22651933701655,371.0,490,493,4,70,181,False,True,
run_20260807_175821_881241,4164,140,2026-08-07T18:00:44.157,2,right,514.0,513.8,371.0769230769231,513,515,3,42,105,False,True,
run_20260807_175821_881241,4164,140,2026-08-07T18:00:44.157,3,right,536.0,535.95,370.875,535,537,3,42,120,False,True,
run_20260807_175821_881241,4164,140,2026-08-07T18:00:44.157,4,right,558.5,558.074074074074,371.0,557,559,3,42,108,False,True,
run_20260807_175821_881241,4164,140,2026-08-07T18:00:44.157,5,right,581.0,580.4608695652174,371.0,579,582,4,42,115,False,True,
run_20260807_175821_881241,4164,140,2026-08-07T18:00:44.157,6,right,603.5,602.0578947368421,371.0,600,604,5,62,190,False,True,
run_20260807_175821_881241,4164,140,2026-08-07T18:00:44.157,7,right,625.0,624.875,370.75,624,626,3,42,112,False,True,
run_20260807_175821_881241,4164,140,2026-08-07T18:00:44.157,8,right,647.0,646.8363636363637,370.75,646,648,3,43,110,False,True,
run_20260807_175821_881241,4164,140,2026-08-07T18:00:44.157,9,right,669.0,668.7551020408164,370.75,668,670,3,41,98,False,True,
run_20260807_175821_881241,4164,140,2026-08-07T18:00:44.157,10,right,690.5,690.2068965517242,370.75,689,691,3,39,87,False,True,
run_20260807_175821_881241,4164,140,2026-08-07T18:00:44.157,11,right,712.5,711.2012987012987,370.75,709,713,5,43,154,False,True,
run_20260807_175821_881241,4164,140,2026-08-07T18:00:44.157,12,right,733.5,733.2659574468086,370.5,732,734,3,41,94,False,True,
run_20260807_175821_881241,4195,141,2026-08-07T18:00:45.190,12,left,7.5,7.826530612244898,370.5,7,9,3,41,98,False,True,
run_20260807_175821_881241,4195,141,2026-08-07T18:00:45.190,11,left,29.0,30.28491620111732,370.75,28,33,6,51,179,False,True,
run_20260807_175821_881241,4195,141,2026-08-07T18:00:45.190,10,left,51.0,51.148514851485146,370.75,50,52,3,39,101,False,True,
run_20260807_175821_881241,4195,141,2026-08-07T18:00:45.190,9,left,72.5,72.98863636363636,370.75,72,74,3,37,88,False,True,
run_20260807_175821_881241,4195,141,2026-08-07T18:00:45.190,8,left,94.5,94.91111111111111,370.75,94,96,3,38,90,False,True,
run_20260807_175821_881241,4195,141,2026-08-07T18:00:45.190,7,left,116.5,116.84705882352941,370.75,116,118,3,38,85,False,True,
run_20260807_175821_881241,4195,141,2026-08-07T18:00:45.190,6,left,138.5,139.82777777777778,371.0,138,142,5,54,180,False,True,
run_20260807_175821_881241,4195,141,2026-08-07T18:00:45.190,5,left,161.0,161.18367346938774,371.0,160,162,3,39,98,False,True,
run_20260807_175821_881241,4195,141,2026-08-07T18:00:45.190,4,left,183.5,183.5194805194805,371.0,183,184,2,40,77,False,True,
run_20260807_175821_881241,4195,141,2026-08-07T18:00:45.190,3,left,205.75,206.0467289719626,370.875,205,207,3,40,107,False,True,
run_20260807_175821_881241,4195,141,2026-08-07T18:00:45.190,2,left,228.15384615384616,228.13888888888889,371.0769230769231,227,229,3,42,108,False,True,
run_20260807_175821_881241,4195,141,2026-08-07T18:00:45.190,1,left,250.0,250.6153846153846,371.0,249,252,4,68,182,False,True,
run_20260807_175821_881241,4195,141,2026-08-07T18:00:45.190,0,left,272.0,272.31182795698925,370.6818181818182,271,273,3,42,93,True,True,
run_20260807_175821_881241,4195,141,2026-08-07T18:00:45.190,0,right,469.3636363636364,469.0892857142857,370.6818181818182,468,470,3,42,112,True,True,
run_20260807_175821_881241,4195,141,2026-08-07T18:00:45.190,1,right,492.0,491.22651933701655,371.0,490,493,4,70,181,False,True,
run_20260807_175821_881241,4195,141,2026-08-07T18:00:45.190,2,right,514.0,513.811320754717,371.0769230769231,513,515,3,42,106,False,True,
run_20260807_175821_881241,4195,141,2026-08-07T18:00:45.190,3,right,536.0,535.95,370.875,535,537,3,42,120,False,True,
run_20260807_175821_881241,4195,141,2026-08-07T18:00:45.190,4,right,558.5,558.0642201834862,371.0,557,559,3,42,109,False,True,
run_20260807_175821_881241,4195,141,2026-08-07T18:00:45.190,5,right,581.0,580.5128205128206,371.0,579,582,4,42,117,False,True,
run_20260807_175821_881241,4195,141,2026-08-07T18:00:45.190,6,right,603.5,602.0578947368421,371.0,600,604,5,62,190,False,True,
run_20260807_175821_881241,4195,141,2026-08-07T18:00:45.190,7,right,625.0,624.8648648648649,370.75,624,626,3,42,111,False,True,
run_20260807_175821_881241,4195,141,2026-08-07T18:00:45.190,8,right,647.0,646.8363636363637,370.75,646,648,3,43,110,False,True,
run_20260807_175821_881241,4195,141,2026-08-07T18:00:45.190,9,right,669.0,668.7575757575758,370.75,668,670,3,41,99,False,True,
run_20260807_175821_881241,4195,141,2026-08-07T18:00:45.190,10,right,690.5,690.2159090909091,370.75,689,691,3,39,88,False,True,
run_20260807_175821_881241,4195,141,2026-08-07T18:00:45.190,11,right,712.5,711.1870967741935,370.75,709,713,5,43,155,False,True,
run_20260807_175821_881241,4195,141,2026-08-07T18:00:45.190,12,right,733.5,733.2526315789473,370.5,732,734,3,41,95,False,True,
run_20260807_175821_881241,4225,142,2026-08-07T18:00:46.192,12,left,7.5,7.822916666666667,370.5,7,9,3,41,96,False,True,
run_20260807_175821_881241,4225,142,2026-08-07T18:00:46.192,11,left,29.0,30.27777777777778,370.75,28,33,6,51,180,False,True,
run_20260807_175821_881241,4225,142,2026-08-07T18:00:46.192,10,left,51.0,51.148514851485146,370.75,50,52,3,39,101,False,True,
run_20260807_175821_881241,4225,142,2026-08-07T18:00:46.192,9,left,72.5,73.0111111111111,370.75,72,74,3,37,90,False,True,
run_20260807_175821_881241,4225,142,2026-08-07T18:00:46.192,8,left,94.5,94.93478260869566,370.75,94,96,3,38,92,False,True,
run_20260807_175821_881241,4225,142,2026-08-07T18:00:46.192,7,left,116.5,116.84705882352941,370.75,116,118,3,38,85,False,True,
run_20260807_175821_881241,4225,142,2026-08-07T18:00:46.192,6,left,138.5,139.8232044198895,371.0,138,142,5,55,181,False,True,
run_20260807_175821_881241,4225,142,2026-08-07T18:00:46.192,5,left,161.0,161.18367346938774,371.0,160,162,3,39,98,False,True,
run_20260807_175821_881241,4225,142,2026-08-07T18:00:46.192,4,left,183.5,183.5194805194805,371.0,183,184,2,40,77,False,True,
run_20260807_175821_881241,4225,142,2026-08-07T18:00:46.192,3,left,205.75,206.02702702702703,370.875,205,207,3,40,111,False,True,
run_20260807_175821_881241,4225,142,2026-08-07T18:00:46.192,2,left,228.15384615384616,228.14953271028037,371.0769230769231,227,229,3,42,107,False,True,
run_20260807_175821_881241,4225,142,2026-08-07T18:00:46.192,1,left,250.0,250.6243093922652,371.0,249,252,4,68,181,False,True,
run_20260807_175821_881241,4225,142,2026-08-07T18:00:46.192,0,left,272.0,272.31182795698925,370.6818181818182,271,273,3,42,93,True,True,
run_20260807_175821_881241,4225,142,2026-08-07T18:00:46.192,0,right,469.3636363636364,469.0892857142857,370.6818181818182,468,470,3,42,112,True,True,
run_20260807_175821_881241,4225,142,2026-08-07T18:00:46.192,1,right,492.0,491.22651933701655,371.0,490,493,4,70,181,False,True,
run_20260807_175821_881241,4225,142,2026-08-07T18:00:46.192,2,right,514.0,513.8,371.0769230769231,513,515,3,42,105,False,True,
run_20260807_175821_881241,4225,142,2026-08-07T18:00:46.192,3,right,536.0,535.95,370.875,535,537,3,42,120,False,True,
run_20260807_175821_881241,4225,142,2026-08-07T18:00:46.192,4,right,558.5,558.0642201834862,371.0,557,559,3,42,109,False,True,
run_20260807_175821_881241,4225,142,2026-08-07T18:00:46.192,5,right,581.0,580.4830508474577,371.0,579,582,4,42,118,False,True,
run_20260807_175821_881241,4225,142,2026-08-07T18:00:46.192,6,right,603.5,602.0684210526316,371.0,600,604,5,63,190,False,True,
run_20260807_175821_881241,4225,142,2026-08-07T18:00:46.192,7,right,625.0,624.8648648648649,370.75,624,626,3,42,111,False,True,
run_20260807_175821_881241,4225,142,2026-08-07T18:00:46.192,8,right,647.0,646.8363636363637,370.75,646,648,3,43,110,False,True,
run_20260807_175821_881241,4225,142,2026-08-07T18:00:46.192,9,right,669.0,668.77,370.75,668,670,3,41,100,False,True,
run_20260807_175821_881241,4225,142,2026-08-07T18:00:46.192,10,right,690.5,690.2247191011236,370.75,689,691,3,39,89,False,True,
run_20260807_175821_881241,4225,142,2026-08-07T18:00:46.192,11,right,712.5,711.1730769230769,370.75,709,713,5,43,156,False,True,
run_20260807_175821_881241,4225,142,2026-08-07T18:00:46.192,12,right,733.5,733.25,370.5,732,734,3,42,96,False,True,
run_20260807_175821_881241,4256,143,2026-08-07T18:00:47.223,12,left,7.5,7.810526315789474,370.5,7,9,3,41,95,False,True,
run_20260807_175821_881241,4256,143,2026-08-07T18:00:47.223,11,left,29.0,30.341040462427745,370.75,28,33,6,51,173,False,True,
run_20260807_175821_881241,4256,143,2026-08-07T18:00:47.223,10,left,51.0,51.148514851485146,370.75,50,52,3,39,101,False,True,
run_20260807_175821_881241,4256,143,2026-08-07T18:00:47.223,9,left,72.5,73.0111111111111,370.75,72,74,3,37,90,False,True,
run_20260807_175821_881241,4256,143,2026-08-07T18:00:47.223,8,left,94.5,94.93478260869566,370.75,94,96,3,38,92,False,True,
run_20260807_175821_881241,4256,143,2026-08-07T18:00:47.223,7,left,116.5,116.85714285714286,370.75,116,118,3,38,84,False,True,
run_20260807_175821_881241,4256,143,2026-08-07T18:00:47.223,6,left,138.5,139.82122905027933,371.0,138,142,5,54,179,False,True,
run_20260807_175821_881241,4256,143,2026-08-07T18:00:47.223,5,left,161.0,161.18367346938774,371.0,160,162,3,39,98,False,True,
run_20260807_175821_881241,4256,143,2026-08-07T18:00:47.223,4,left,183.5,183.5194805194805,371.0,183,184,2,40,77,False,True,
run_20260807_175821_881241,4256,143,2026-08-07T18:00:47.223,3,left,205.75,206.0467289719626,370.875,205,207,3,40,107,False,True,
run_20260807_175821_881241,4256,143,2026-08-07T18:00:47.223,2,left,228.15384615384616,228.14953271028037,371.0769230769231,227,229,3,42,107,False,True,
run_20260807_175821_881241,4256,143,2026-08-07T18:00:47.223,1,left,250.0,250.5737704918033,371.0,249,252,4,68,183,False,True,
run_20260807_175821_881241,4256,143,2026-08-07T18:00:47.223,0,left,272.0,272.31182795698925,370.6818181818182,271,273,3,42,93,True,True,
run_20260807_175821_881241,4256,143,2026-08-07T18:00:47.223,0,right,469.3636363636364,469.0892857142857,370.6818181818182,468,470,3,42,112,True,True,
run_20260807_175821_881241,4256,143,2026-08-07T18:00:47.223,1,right,492.0,491.2099447513812,371.0,490,493,4,70,181,False,True,
run_20260807_175821_881241,4256,143,2026-08-07T18:00:47.223,2,right,514.0,513.811320754717,371.0769230769231,513,515,3,42,106,False,True,
run_20260807_175821_881241,4256,143,2026-08-07T18:00:47.223,3,right,536.0,535.95,370.875,535,537,3,42,120,False,True,
run_20260807_175821_881241,4256,143,2026-08-07T18:00:47.223,4,right,558.5,558.0642201834862,371.0,557,559,3,42,109,False,True,
run_20260807_175821_881241,4256,143,2026-08-07T18:00:47.223,5,right,581.0,580.448275862069,371.0,579,582,4,42,116,False,True,
run_20260807_175821_881241,4256,143,2026-08-07T18:00:47.223,6,right,603.5,602.0578947368421,371.0,600,604,5,62,190,False,True,
run_20260807_175821_881241,4256,143,2026-08-07T18:00:47.223,7,right,625.0,624.8648648648649,370.75,624,626,3,42,111,False,True,
run_20260807_175821_881241,4256,143,2026-08-07T18:00:47.223,8,right,647.0,646.8363636363637,370.75,646,648,3,43,110,False,True,
run_20260807_175821_881241,4256,143,2026-08-07T18:00:47.223,9,right,669.0,668.7821782178218,370.75,668,670,3,41,101,False,True,
run_20260807_175821_881241,4256,143,2026-08-07T18:00:47.223,10,right,690.5,690.2588235294118,370.75,689,691,3,39,85,False,True,
run_20260807_175821_881241,4256,143,2026-08-07T18:00:47.223,11,right,712.5,711.1730769230769,370.75,709,713,5,43,156,False,True,
run_20260807_175821_881241,4256,143,2026-08-07T18:00:47.223,12,right,733.5,733.2631578947369,370.5,732,734,3,42,95,False,True,
run_20260807_175821_881241,4282,144,2026-08-07T18:00:48.226,12,left,7.5,7.814432989690721,370.5,7,9,3,41,97,False,True,
run_20260807_175821_881241,4282,144,2026-08-07T18:00:48.226,11,left,29.0,30.341040462427745,370.75,28,33,6,51,173,False,True,
run_20260807_175821_881241,4282,144,2026-08-07T18:00:48.226,10,left,51.0,51.148514851485146,370.75,50,52,3,39,101,False,True,
run_20260807_175821_881241,4282,144,2026-08-07T18:00:48.226,9,left,72.5,73.0111111111111,370.75,72,74,3,37,90,False,True,
run_20260807_175821_881241,4282,144,2026-08-07T18:00:48.226,8,left,94.5,94.92307692307692,370.75,94,96,3,38,91,False,True,
run_20260807_175821_881241,4282,144,2026-08-07T18:00:48.226,7,left,116.5,116.84705882352941,370.75,116,118,3,38,85,False,True,
run_20260807_175821_881241,4282,144,2026-08-07T18:00:48.226,6,left,138.5,139.82777777777778,371.0,138,142,5,54,180,False,True,
run_20260807_175821_881241,4282,144,2026-08-07T18:00:48.226,5,left,161.0,161.18367346938774,371.0,160,162,3,39,98,False,True,
run_20260807_175821_881241,4282,144,2026-08-07T18:00:48.226,4,left,183.5,183.52631578947367,371.0,183,184,2,40,76,False,True,
run_20260807_175821_881241,4282,144,2026-08-07T18:00:48.226,3,left,205.84615384615384,206.03571428571428,370.9230769230769,205,207,3,40,112,False,True,
run_20260807_175821_881241,4282,144,2026-08-07T18:00:48.226,2,left,228.15384615384616,228.14953271028037,371.0769230769231,227,229,3,42,107,False,True,
run_20260807_175821_881241,4282,144,2026-08-07T18:00:48.226,1,left,250.0,250.6,371.0,249,252,4,68,180,False,True,
run_20260807_175821_881241,4282,144,2026-08-07T18:00:48.226,0,left,272.0,272.30434782608694,370.75,271,273,3,41,92,True,True,
run_20260807_175821_881241,4282,144,2026-08-07T18:00:48.226,0,right,469.5,469.1090909090909,370.75,468,470,3,42,110,True,True,
run_20260807_175821_881241,4282,144,2026-08-07T18:00:48.226,1,right,492.0,491.2197802197802,371.0,490,493,4,70,182,False,True,
run_20260807_175821_881241,4282,144,2026-08-07T18:00:48.226,2,right,514.0,513.811320754717,371.0769230769231,513,515,3,42,106,False,True,
run_20260807_175821_881241,4282,144,2026-08-07T18:00:48.226,3,right,536.0,535.95,370.9230769230769,535,537,3,42,120,False,True,
run_20260807_175821_881241,4282,144,2026-08-07T18:00:48.226,4,right,558.5,558.074074074074,371.0,557,559,3,42,108,False,True,
run_20260807_175821_881241,4282,144,2026-08-07T18:00:48.226,5,right,581.0,580.4690265486726,371.0,579,582,4,42,113,False,True,
run_20260807_175821_881241,4282,144,2026-08-07T18:00:48.226,6,right,603.5,602.0785340314136,371.0,600,604,5,63,191,False,True,
run_20260807_175821_881241,4282,144,2026-08-07T18:00:48.226,7,right,625.0,624.8648648648649,370.75,624,626,3,42,111,False,True,
run_20260807_175821_881241,4282,144,2026-08-07T18:00:48.226,8,right,647.0,646.8468468468468,370.75,646,648,3,43,111,False,True,
run_20260807_175821_881241,4282,144,2026-08-07T18:00:48.226,9,right,669.0,668.77,370.75,668,670,3,41,100,False,True,
run_20260807_175821_881241,4282,144,2026-08-07T18:00:48.226,10,right,690.5,690.2588235294118,370.75,689,691,3,39,85,False,True,
run_20260807_175821_881241,4282,144,2026-08-07T18:00:48.226,11,right,712.5,711.1730769230769,370.75,709,713,5,43,156,False,True,
run_20260807_175821_881241,4282,144,2026-08-07T18:00:48.226,12,right,733.5,733.2631578947369,370.5,732,734,3,42,95,False,True,
run_20260807_175821_881241,4312,145,2026-08-07T18:00:49.227,12,left,7.5,7.818181818181818,370.5,7,9,3,41,99,False,True,
run_20260807_175821_881241,4312,145,2026-08-07T18:00:49.227,11,left,29.0,30.3546511627907,370.75,28,33,6,51,172,False,True,
run_20260807_175821_881241,4312,145,2026-08-07T18:00:49.227,10,left,51.0,51.148514851485146,370.75,50,52,3,39,101,False,True,
run_20260807_175821_881241,4312,145,2026-08-07T18:00:49.227,9,left,72.5,73.0,370.75,72,74,3,37,91,False,True,
run_20260807_175821_881241,4312,145,2026-08-07T18:00:49.227,8,left,94.5,94.92307692307692,370.75,94,96,3,38,91,False,True,
run_20260807_175821_881241,4312,145,2026-08-07T18:00:49.227,7,left,116.5,116.84705882352941,370.75,116,118,3,38,85,False,True,
run_20260807_175821_881241,4312,145,2026-08-07T18:00:49.227,6,left,138.5,139.82967032967034,371.0,138,142,5,55,182,False,True,
run_20260807_175821_881241,4312,145,2026-08-07T18:00:49.227,5,left,161.0,161.1958762886598,371.0,160,162,3,39,97,False,True,
run_20260807_175821_881241,4312,145,2026-08-07T18:00:49.227,4,left,183.5,183.52631578947367,371.0,183,184,2,40,76,False,True,
run_20260807_175821_881241,4312,145,2026-08-07T18:00:49.227,3,left,205.84615384615384,206.06422018348624,370.9230769230769,205,207,3,40,109,False,True,
run_20260807_175821_881241,4312,145,2026-08-07T18:00:49.227,2,left,228.25,228.16037735849056,371.125,227,229,3,42,106,False,True,
run_20260807_175821_881241,4312,145,2026-08-07T18:00:49.227,1,left,250.0,250.6,371.0,249,252,4,68,180,False,True,
run_20260807_175821_881241,4312,145,2026-08-07T18:00:49.227,0,left,272.0,272.2903225806452,370.6818181818182,271,273,3,41,93,True,True,
run_20260807_175821_881241,4312,145,2026-08-07T18:00:49.227,0,right,469.3636363636364,469.0892857142857,370.6818181818182,468,470,3,42,112,True,True,
run_20260807_175821_881241,4312,145,2026-08-07T18:00:49.227,1,right,492.0,491.2197802197802,371.0,490,493,4,70,182,False,True,
run_20260807_175821_881241,4312,145,2026-08-07T18:00:49.227,2,right,514.0,513.8,371.125,513,515,3,42,105,False,True,
run_20260807_175821_881241,4312,145,2026-08-07T18:00:49.227,3,right,536.0,535.95,370.9230769230769,535,537,3,42,120,False,True,
run_20260807_175821_881241,4312,145,2026-08-07T18:00:49.227,4,right,558.5,558.0642201834862,371.0,557,559,3,42,109,False,True,
run_20260807_175821_881241,4312,145,2026-08-07T18:00:49.227,5,right,581.0,580.4867256637168,371.0,579,582,4,42,113,False,True,
run_20260807_175821_881241,4312,145,2026-08-07T18:00:49.227,6,right,603.5,602.074074074074,371.0,600,604,5,62,189,False,True,
run_20260807_175821_881241,4312,145,2026-08-07T18:00:49.227,7,right,625.0,624.8648648648649,370.75,624,626,3,42,111,False,True,
run_20260807_175821_881241,4312,145,2026-08-07T18:00:49.227,8,right,647.0,646.8363636363637,370.75,646,648,3,43,110,False,True,
run_20260807_175821_881241,4312,145,2026-08-07T18:00:49.227,9,right,669.0,668.7575757575758,370.75,668,670,3,41,99,False,True,
run_20260807_175821_881241,4312,145,2026-08-07T18:00:49.227,10,right,690.5,690.25,370.75,689,691,3,39,84,False,True,
run_20260807_175821_881241,4312,145,2026-08-07T18:00:49.227,11,right,712.5,711.1730769230769,370.75,709,713,5,43,156,False,True,
run_20260807_175821_881241,4312,145,2026-08-07T18:00:49.227,12,right,733.5,733.2659574468086,370.5,732,734,3,41,94,False,True,
run_20260807_175821_881241,4343,146,2026-08-07T18:00:50.260,12,left,7.5,7.846938775510204,370.5,7,9,3,41,98,False,True,
run_20260807_175821_881241,4343,146,2026-08-07T18:00:50.260,11,left,29.0,30.32758620689655,370.75,28,33,6,51,174,False,True,
run_20260807_175821_881241,4343,146,2026-08-07T18:00:50.260,10,left,51.0,51.148514851485146,370.75,50,52,3,39,101,False,True,
run_20260807_175821_881241,4343,146,2026-08-07T18:00:50.260,9,left,72.5,73.0,370.75,72,74,3,37,89,False,True,
run_20260807_175821_881241,4343,146,2026-08-07T18:00:50.260,8,left,94.5,94.91111111111111,370.75,94,96,3,38,90,False,True,
run_20260807_175821_881241,4343,146,2026-08-07T18:00:50.260,7,left,116.5,116.84705882352941,370.75,116,118,3,38,85,False,True,
run_20260807_175821_881241,4343,146,2026-08-07T18:00:50.260,6,left,138.5,139.81666666666666,371.0,138,142,5,55,180,False,True,
run_20260807_175821_881241,4343,146,2026-08-07T18:00:50.260,5,left,161.0,161.1958762886598,371.0,160,162,3,39,97,False,True,
run_20260807_175821_881241,4343,146,2026-08-07T18:00:50.260,4,left,183.5,183.52631578947367,371.0,183,184,2,40,76,False,True,
run_20260807_175821_881241,4343,146,2026-08-07T18:00:50.260,3,left,205.84615384615384,206.03571428571428,370.9230769230769,205,207,3,40,112,False,True,
run_20260807_175821_881241,4343,146,2026-08-07T18:00:50.260,2,left,228.15384615384616,228.14953271028037,371.0769230769231,227,229,3,42,107,False,True,
run_20260807_175821_881241,4343,146,2026-08-07T18:00:50.260,1,left,250.0,250.6,371.0,249,252,4,68,180,False,True,
run_20260807_175821_881241,4343,146,2026-08-07T18:00:50.260,0,left,272.0,272.31182795698925,370.6818181818182,271,273,3,42,93,True,True,
run_20260807_175821_881241,4343,146,2026-08-07T18:00:50.260,0,right,469.3636363636364,469.0892857142857,370.6818181818182,468,470,3,42,112,True,True,
run_20260807_175821_881241,4343,146,2026-08-07T18:00:50.260,1,right,492.0,491.2197802197802,371.0,490,493,4,70,182,False,True,
run_20260807_175821_881241,4343,146,2026-08-07T18:00:50.260,2,right,514.0,513.811320754717,371.0769230769231,513,515,3,42,106,False,True,
run_20260807_175821_881241,4343,146,2026-08-07T18:00:50.260,3,right,536.0,535.95,370.9230769230769,535,537,3,42,120,False,True,
run_20260807_175821_881241,4343,146,2026-08-07T18:00:50.260,4,right,558.5,558.0642201834862,371.0,557,559,3,42,109,False,True,
run_20260807_175821_881241,4343,146,2026-08-07T18:00:50.260,5,right,581.0,580.4873949579832,371.0,579,582,4,42,119,False,True,
run_20260807_175821_881241,4343,146,2026-08-07T18:00:50.260,6,right,603.5,602.0684210526316,371.0,600,604,5,63,190,False,True,
run_20260807_175821_881241,4343,146,2026-08-07T18:00:50.260,7,right,625.0,624.8648648648649,370.75,624,626,3,42,111,False,True,
run_20260807_175821_881241,4343,146,2026-08-07T18:00:50.260,8,right,647.0,646.8363636363637,370.75,646,648,3,43,110,False,True,
run_20260807_175821_881241,4343,146,2026-08-07T18:00:50.260,9,right,669.0,668.77,370.75,668,670,3,41,100,False,True,
run_20260807_175821_881241,4343,146,2026-08-07T18:00:50.260,10,right,690.5,690.2528735632184,370.75,689,691,3,39,87,False,True,
run_20260807_175821_881241,4343,146,2026-08-07T18:00:50.260,11,right,712.5,711.1870967741935,370.75,709,713,5,43,155,False,True,
run_20260807_175821_881241,4343,146,2026-08-07T18:00:50.260,12,right,733.5,733.2659574468086,370.5,732,734,3,41,94,False,True,
run_20260807_175821_881241,4374,147,2026-08-07T18:00:51.293,12,left,7.5,7.838383838383838,370.5,7,9,3,41,99,False,True,
run_20260807_175821_881241,4374,147,2026-08-07T18:00:51.293,11,left,29.0,30.30857142857143,370.75,28,33,6,51,175,False,True,
run_20260807_175821_881241,4374,147,2026-08-07T18:00:51.293,10,left,51.0,51.12621359223301,370.75,50,52,3,39,103,False,True,
run_20260807_175821_881241,4374,147,2026-08-07T18:00:51.293,9,left,72.5,73.0111111111111,370.75,72,74,3,37,90,False,True,
run_20260807_175821_881241,4374,147,2026-08-07T18:00:51.293,8,left,94.5,94.91111111111111,370.75,94,96,3,38,90,False,True,
run_20260807_175821_881241,4374,147,2026-08-07T18:00:51.293,7,left,116.5,116.84705882352941,370.75,116,118,3,38,85,False,True,
run_20260807_175821_881241,4374,147,2026-08-07T18:00:51.293,6,left,138.5,139.81666666666666,371.0,138,142,5,55,180,False,True,
run_20260807_175821_881241,4374,147,2026-08-07T18:00:51.293,5,left,161.0,161.18367346938774,371.0,160,162,3,39,98,False,True,
run_20260807_175821_881241,4374,147,2026-08-07T18:00:51.293,4,left,183.5,183.52631578947367,371.0,183,184,2,40,76,False,True,
run_20260807_175821_881241,4374,147,2026-08-07T18:00:51.293,3,left,205.84615384615384,206.06306306306305,370.9230769230769,205,207,3,40,111,False,True,
run_20260807_175821_881241,4374,147,2026-08-07T18:00:51.293,2,left,228.15384615384616,228.14953271028037,371.0769230769231,227,229,3,42,107,False,True,
run_20260807_175821_881241,4374,147,2026-08-07T18:00:51.293,1,left,250.0,250.60893854748602,371.0,249,252,4,68,179,False,True,
run_20260807_175821_881241,4374,147,2026-08-07T18:00:51.293,0,left,272.0,272.31182795698925,370.6818181818182,271,273,3,42,93,True,True,
run_20260807_175821_881241,4374,147,2026-08-07T18:00:51.293,0,right,469.3636363636364,469.0892857142857,370.6818181818182,468,470,3,42,112,True,True,
run_20260807_175821_881241,4374,147,2026-08-07T18:00:51.293,1,right,492.0,491.224043715847,371.0,490,493,4,70,183,False,True,
run_20260807_175821_881241,4374,147,2026-08-07T18:00:51.293,2,right,514.0,513.811320754717,371.0769230769231,513,515,3,42,106,False,True,
run_20260807_175821_881241,4374,147,2026-08-07T18:00:51.293,3,right,536.0,535.95,370.9230769230769,535,537,3,42,120,False,True,
run_20260807_175821_881241,4374,147,2026-08-07T18:00:51.293,4,right,558.5,558.0642201834862,371.0,557,559,3,42,109,False,True,
run_20260807_175821_881241,4374,147,2026-08-07T18:00:51.293,5,right,581.0,580.448275862069,371.0,579,582,4,42,116,False,True,
run_20260807_175821_881241,4374,147,2026-08-07T18:00:51.293,6,right,603.5,602.0684210526316,371.0,600,604,5,63,190,False,True,
run_20260807_175821_881241,4374,147,2026-08-07T18:00:51.293,7,right,625.0,624.8648648648649,370.75,624,626,3,42,111,False,True,
run_20260807_175821_881241,4374,147,2026-08-07T18:00:51.293,8,right,647.0,646.8468468468468,370.75,646,648,3,43,111,False,True,
run_20260807_175821_881241,4374,147,2026-08-07T18:00:51.293,9,right,669.0,668.77,370.75,668,670,3,41,100,False,True,
run_20260807_175821_881241,4374,147,2026-08-07T18:00:51.293,10,right,690.5,690.2441860465116,370.75,689,691,3,39,86,False,True,
run_20260807_175821_881241,4374,147,2026-08-07T18:00:51.293,11,right,712.5,711.1835443037975,370.75,709,713,5,43,158,False,True,
run_20260807_175821_881241,4374,147,2026-08-07T18:00:51.293,12,right,733.5,733.2765957446809,370.5,732,734,3,42,94,False,True,
run_20260807_175821_881241,4405,148,2026-08-07T18:00:52.321,12,left,7.5,7.835051546391752,370.5,7,9,3,41,97,False,True,
run_20260807_175821_881241,4405,148,2026-08-07T18:00:52.321,11,left,29.0,30.303370786516854,370.75,28,33,6,51,178,False,True,
run_20260807_175821_881241,4405,148,2026-08-07T18:00:52.321,10,left,51.0,51.148514851485146,370.75,50,52,3,39,101,False,True,
run_20260807_175821_881241,4405,148,2026-08-07T18:00:52.321,9,left,72.5,73.03333333333333,370.75,72,74,3,37,90,False,True,
run_20260807_175821_881241,4405,148,2026-08-07T18:00:52.321,8,left,94.5,94.92307692307692,370.75,94,96,3,38,91,False,True,
run_20260807_175821_881241,4405,148,2026-08-07T18:00:52.321,7,left,116.5,116.84705882352941,370.75,116,118,3,38,85,False,True,
run_20260807_175821_881241,4405,148,2026-08-07T18:00:52.321,6,left,138.5,139.81666666666666,371.0,138,142,5,55,180,False,True,
run_20260807_175821_881241,4405,148,2026-08-07T18:00:52.321,5,left,161.0,161.18367346938774,371.0,160,162,3,39,98,False,True,
run_20260807_175821_881241,4405,148,2026-08-07T18:00:52.321,4,left,183.5,183.5194805194805,371.0,183,184,2,40,77,False,True,
run_20260807_175821_881241,4405,148,2026-08-07T18:00:52.321,3,left,205.84615384615384,206.05454545454546,370.9230769230769,205,207,3,40,110,False,True,
run_20260807_175821_881241,4405,148,2026-08-07T18:00:52.321,2,left,228.25,228.16037735849056,371.125,227,229,3,42,106,False,True,
run_20260807_175821_881241,4405,148,2026-08-07T18:00:52.321,1,left,250.0,250.59668508287294,371.0,249,252,4,68,181,False,True,
run_20260807_175821_881241,4405,148,2026-08-07T18:00:52.321,0,left,272.0,272.30434782608694,370.6818181818182,271,273,3,41,92,True,True,
run_20260807_175821_881241,4405,148,2026-08-07T18:00:52.321,0,right,469.3636363636364,469.0892857142857,370.6818181818182,468,470,3,42,112,True,True,
run_20260807_175821_881241,4405,148,2026-08-07T18:00:52.321,1,right,492.0,491.2197802197802,371.0,490,493,4,70,182,False,True,
run_20260807_175821_881241,4405,148,2026-08-07T18:00:52.321,2,right,514.0,513.8224299065421,371.125,513,515,3,42,107,False,True,
run_20260807_175821_881241,4405,148,2026-08-07T18:00:52.321,3,right,536.0,535.95,370.9230769230769,535,537,3,42,120,False,True,
run_20260807_175821_881241,4405,148,2026-08-07T18:00:52.321,4,right,558.5,558.0841121495328,371.0,557,559,3,42,107,False,True,
run_20260807_175821_881241,4405,148,2026-08-07T18:00:52.321,5,right,581.0,580.4608695652174,371.0,579,582,4,42,115,False,True,
run_20260807_175821_881241,4405,148,2026-08-07T18:00:52.321,6,right,603.5,602.0833333333334,371.0,600,604,5,63,192,False,True,
run_20260807_175821_881241,4405,148,2026-08-07T18:00:52.321,7,right,625.0,624.8648648648649,370.75,624,626,3,42,111,False,True,
run_20260807_175821_881241,4405,148,2026-08-07T18:00:52.321,8,right,647.0,646.8363636363637,370.75,646,648,3,43,110,False,True,
run_20260807_175821_881241,4405,148,2026-08-07T18:00:52.321,9,right,669.0,668.7575757575758,370.75,668,670,3,41,99,False,True,
run_20260807_175821_881241,4405,148,2026-08-07T18:00:52.321,10,right,690.5,690.2674418604652,370.75,689,691,3,39,86,False,True,
run_20260807_175821_881241,4405,148,2026-08-07T18:00:52.321,11,right,712.5,711.1730769230769,370.75,709,713,5,43,156,False,True,
run_20260807_175821_881241,4405,148,2026-08-07T18:00:52.321,12,right,733.5,733.2659574468086,370.5,732,734,3,41,94,False,True,
run_20260807_175821_881241,4435,149,2026-08-07T18:00:53.327,12,left,7.5,7.814432989690721,370.5,7,9,3,41,97,False,True,
run_20260807_175821_881241,4435,149,2026-08-07T18:00:53.327,11,left,29.0,30.35632183908046,370.75,28,33,6,51,174,False,True,
run_20260807_175821_881241,4435,149,2026-08-07T18:00:53.327,10,left,51.0,51.12621359223301,370.75,50,52,3,39,103,False,True,
run_20260807_175821_881241,4435,149,2026-08-07T18:00:53.327,9,left,72.5,73.0111111111111,370.75,72,74,3,37,90,False,True,
run_20260807_175821_881241,4435,149,2026-08-07T18:00:53.327,8,left,94.5,94.91111111111111,370.75,94,96,3,38,90,False,True,
run_20260807_175821_881241,4435,149,2026-08-07T18:00:53.327,7,left,116.5,116.84705882352941,370.75,116,118,3,38,85,False,True,
run_20260807_175821_881241,4435,149,2026-08-07T18:00:53.327,6,left,138.5,139.82122905027933,371.0,138,142,5,54,179,False,True,
run_20260807_175821_881241,4435,149,2026-08-07T18:00:53.327,5,left,161.0,161.1958762886598,371.0,160,162,3,39,97,False,True,
run_20260807_175821_881241,4435,149,2026-08-07T18:00:53.327,4,left,183.5,183.52631578947367,371.0,183,184,2,40,76,False,True,
run_20260807_175821_881241,4435,149,2026-08-07T18:00:53.327,3,left,205.84615384615384,206.05454545454546,370.9230769230769,205,207,3,40,110,False,True,
run_20260807_175821_881241,4435,149,2026-08-07T18:00:53.327,2,left,228.25,228.16037735849056,371.125,227,229,3,42,106,False,True,
run_20260807_175821_881241,4435,149,2026-08-07T18:00:53.327,1,left,250.0,250.61325966850828,371.0,249,252,4,68,181,False,True,
run_20260807_175821_881241,4435,149,2026-08-07T18:00:53.327,0,left,272.0,272.30434782608694,370.6818181818182,271,273,3,41,92,True,True,
run_20260807_175821_881241,4435,149,2026-08-07T18:00:53.327,0,right,469.3636363636364,469.0892857142857,370.6818181818182,468,470,3,42,112,True,True,
run_20260807_175821_881241,4435,149,2026-08-07T18:00:53.327,1,right,492.0,491.2197802197802,371.0,490,493,4,70,182,False,True,
run_20260807_175821_881241,4435,149,2026-08-07T18:00:53.327,2,right,514.0,513.811320754717,371.125,513,515,3,42,106,False,True,
run_20260807_175821_881241,4435,149,2026-08-07T18:00:53.327,3,right,536.0,535.95,370.9230769230769,535,537,3,42,120,False,True,
run_20260807_175821_881241,4435,149,2026-08-07T18:00:53.327,4,right,558.5,558.0642201834862,371.0,557,559,3,42,109,False,True,
run_20260807_175821_881241,4435,149,2026-08-07T18:00:53.327,5,right,581.0,580.5258620689655,371.0,579,582,4,42,116,False,True,
run_20260807_175821_881241,4435,149,2026-08-07T18:00:53.327,6,right,603.5,602.0578947368421,371.0,600,604,5,62,190,False,True,
run_20260807_175821_881241,4435,149,2026-08-07T18:00:53.327,7,right,625.0,624.8648648648649,370.75,624,626,3,42,111,False,True,
run_20260807_175821_881241,4435,149,2026-08-07T18:00:53.327,8,right,647.0,646.8468468468468,370.75,646,648,3,43,111,False,True,
run_20260807_175821_881241,4435,149,2026-08-07T18:00:53.327,9,right,669.0,668.77,370.75,668,670,3,41,100,False,True,
run_20260807_175821_881241,4435,149,2026-08-07T18:00:53.327,10,right,690.5,690.2528735632184,370.75,689,691,3,39,87,False,True,
run_20260807_175821_881241,4435,149,2026-08-07T18:00:53.327,11,right,712.5,711.1962025316456,370.75,709,713,5,43,158,False,True,
run_20260807_175821_881241,4435,149,2026-08-07T18:00:53.327,12,right,733.5,733.2526315789473,370.5,732,734,3,41,95,False,True,
run_20260807_175821_881241,4466,150,2026-08-07T18:00:54.355,12,left,7.5,7.835051546391752,370.5,7,9,3,41,97,False,True,
run_20260807_175821_881241,4466,150,2026-08-07T18:00:54.355,11,left,29.0,30.320224719101123,370.75,28,33,6,51,178,False,True,
run_20260807_175821_881241,4466,150,2026-08-07T18:00:54.355,10,left,51.0,51.13725490196079,370.75,50,52,3,39,102,False,True,
run_20260807_175821_881241,4466,150,2026-08-07T18:00:54.355,9,left,72.5,73.0111111111111,370.75,72,74,3,37,90,False,True,
run_20260807_175821_881241,4466,150,2026-08-07T18:00:54.355,8,left,94.5,94.92307692307692,370.75,94,96,3,38,91,False,True,
run_20260807_175821_881241,4466,150,2026-08-07T18:00:54.355,7,left,116.5,116.84705882352941,370.75,116,118,3,38,85,False,True,
run_20260807_175821_881241,4466,150,2026-08-07T18:00:54.355,6,left,138.5,139.82777777777778,371.0,138,142,5,54,180,False,True,
run_20260807_175821_881241,4466,150,2026-08-07T18:00:54.355,5,left,161.0,161.18367346938774,371.0,160,162,3,39,98,False,True,
run_20260807_175821_881241,4466,150,2026-08-07T18:00:54.355,4,left,183.5,183.5194805194805,371.0,183,184,2,40,77,False,True,
run_20260807_175821_881241,4466,150,2026-08-07T18:00:54.355,3,left,205.84615384615384,206.045871559633,370.9230769230769,205,207,3,40,109,False,True,
run_20260807_175821_881241,4466,150,2026-08-07T18:00:54.355,2,left,228.25,228.16037735849056,371.125,227,229,3,42,106,False,True,
run_20260807_175821_881241,4466,150,2026-08-07T18:00:54.355,1,left,250.0,250.60773480662982,371.0,249,252,4,68,181,False,True,
run_20260807_175821_881241,4466,150,2026-08-07T18:00:54.355,0,left,272.0,272.31182795698925,370.5769230769231,271,273,3,42,93,True,True,
run_20260807_175821_881241,4466,150,2026-08-07T18:00:54.355,0,right,469.15384615384613,469.0608695652174,370.5769230769231,468,470,3,42,115,True,True,
run_20260807_175821_881241,4466,150,2026-08-07T18:00:54.355,1,right,492.0,491.22222222222223,371.0,490,493,4,70,180,False,True,
run_20260807_175821_881241,4466,150,2026-08-07T18:00:54.355,2,right,514.0,513.8224299065421,371.125,513,515,3,42,107,False,True,
run_20260807_175821_881241,4466,150,2026-08-07T18:00:54.355,3,right,536.0,535.95,370.9230769230769,535,537,3,42,120,False,True,
run_20260807_175821_881241,4466,150,2026-08-07T18:00:54.355,4,right,558.5,558.0642201834862,371.0,557,559,3,42,109,False,True,
run_20260807_175821_881241,4466,150,2026-08-07T18:00:54.355,5,right,581.0,580.4867256637168,371.0,579,582,4,42,113,False,True,
run_20260807_175821_881241,4466,150,2026-08-07T18:00:54.355,6,right,603.5,602.0729166666666,371.0,600,604,5,62,192,False,True,
run_20260807_175821_881241,4466,150,2026-08-07T18:00:54.355,7,right,625.0,624.8648648648649,370.75,624,626,3,42,111,False,True,
run_20260807_175821_881241,4466,150,2026-08-07T18:00:54.355,8,right,647.0,646.8363636363637,370.75,646,648,3,43,110,False,True,
run_20260807_175821_881241,4466,150,2026-08-07T18:00:54.355,9,right,669.0,668.7676767676768,370.75,668,670,3,41,99,False,True,
run_20260807_175821_881241,4466,150,2026-08-07T18:00:54.355,10,right,690.5,690.2298850574713,370.75,689,691,3,39,87,False,True,
run_20260807_175821_881241,4466,150,2026-08-07T18:00:54.355,11,right,712.5,711.1910828025477,370.75,709,713,5,43,157,False,True,
run_20260807_175821_881241,4466,150,2026-08-07T18:00:54.355,12,right,733.5,733.2631578947369,370.5,732,734,3,42,95,False,True,
run_20260807_175821_881241,4496,151,2026-08-07T18:00:55.360,12,left,7.5,7.846938775510204,370.5,7,9,3,41,98,False,True,
run_20260807_175821_881241,4496,151,2026-08-07T18:00:55.360,11,left,29.0,30.308988764044944,370.75,28,33,6,51,178,False,True,
run_20260807_175821_881241,4496,151,2026-08-07T18:00:55.360,10,left,51.0,51.12621359223301,370.75,50,52,3,39,103,False,True,
run_20260807_175821_881241,4496,151,2026-08-07T18:00:55.360,9,left,72.5,73.03333333333333,370.75,72,74,3,37,90,False,True,
run_20260807_175821_881241,4496,151,2026-08-07T18:00:55.360,8,left,94.5,94.91111111111111,370.75,94,96,3,38,90,False,True,
run_20260807_175821_881241,4496,151,2026-08-07T18:00:55.360,7,left,116.5,116.84705882352941,370.75,116,118,3,38,85,False,True,
run_20260807_175821_881241,4496,151,2026-08-07T18:00:55.360,6,left,138.5,139.82122905027933,371.0,138,142,5,54,179,False,True,
run_20260807_175821_881241,4496,151,2026-08-07T18:00:55.360,5,left,161.0,161.1958762886598,371.0,160,162,3,39,97,False,True,
run_20260807_175821_881241,4496,151,2026-08-07T18:00:55.360,4,left,183.5,183.52631578947367,371.0,183,184,2,40,76,False,True,
run_20260807_175821_881241,4496,151,2026-08-07T18:00:55.360,3,left,205.75,206.02654867256638,370.875,205,207,3,40,113,False,True,
run_20260807_175821_881241,4496,151,2026-08-07T18:00:55.360,2,left,228.25,228.16037735849056,371.125,227,229,3,42,106,False,True,
run_20260807_175821_881241,4496,151,2026-08-07T18:00:55.360,1,left,250.0,250.60773480662982,371.0,249,252,4,68,181,False,True,
run_20260807_175821_881241,4496,151,2026-08-07T18:00:55.360,0,left,272.0,272.30434782608694,370.6818181818182,271,273,3,41,92,True,True,
run_20260807_175821_881241,4496,151,2026-08-07T18:00:55.360,0,right,469.3636363636364,469.07964601769913,370.6818181818182,468,470,3,42,113,True,True,
run_20260807_175821_881241,4496,151,2026-08-07T18:00:55.360,1,right,492.0,491.23369565217394,371.0,490,493,4,70,184,False,True,
run_20260807_175821_881241,4496,151,2026-08-07T18:00:55.360,2,right,514.0,513.811320754717,371.125,513,515,3,42,106,False,True,
run_20260807_175821_881241,4496,151,2026-08-07T18:00:55.360,3,right,536.0,535.9411764705883,370.875,535,537,3,42,119,False,True,
run_20260807_175821_881241,4496,151,2026-08-07T18:00:55.360,4,right,558.5,558.0642201834862,371.0,557,559,3,42,109,False,True,
run_20260807_175821_881241,4496,151,2026-08-07T18:00:55.360,5,right,581.0,580.5,371.0,579,582,4,42,118,False,True,
run_20260807_175821_881241,4496,151,2026-08-07T18:00:55.360,6,right,603.5,602.0529100529101,371.0,600,604,5,62,189,False,True,
run_20260807_175821_881241,4496,151,2026-08-07T18:00:55.360,7,right,625.0,624.8648648648649,370.75,624,626,3,42,111,False,True,
run_20260807_175821_881241,4496,151,2026-08-07T18:00:55.360,8,right,647.0,646.8363636363637,370.75,646,648,3,43,110,False,True,
run_20260807_175821_881241,4496,151,2026-08-07T18:00:55.360,9,right,669.0,668.77,370.75,668,670,3,41,100,False,True,
run_20260807_175821_881241,4496,151,2026-08-07T18:00:55.360,10,right,690.5,690.2528735632184,370.75,689,691,3,39,87,False,True,
run_20260807_175821_881241,4496,151,2026-08-07T18:00:55.360,11,right,712.5,711.1794871794872,370.75,709,713,5,43,156,False,True,
run_20260807_175821_881241,4496,151,2026-08-07T18:00:55.360,12,right,733.5,733.2526315789473,370.5,732,734,3,41,95,False,True,
run_20260807_175821_881241,4527,152,2026-08-07T18:00:56.393,12,left,7.5,7.822916666666667,370.5,7,9,3,41,96,False,True,
run_20260807_175821_881241,4527,152,2026-08-07T18:00:56.393,11,left,29.0,30.28491620111732,370.75,28,33,6,51,179,False,True,
run_20260807_175821_881241,4527,152,2026-08-07T18:00:56.393,10,left,51.0,51.12621359223301,370.75,50,52,3,39,103,False,True,
run_20260807_175821_881241,4527,152,2026-08-07T18:00:56.393,9,left,72.5,73.03333333333333,370.75,72,74,3,37,90,False,True,
run_20260807_175821_881241,4527,152,2026-08-07T18:00:56.393,8,left,94.5,94.89887640449439,370.75,94,96,3,38,89,False,True,
run_20260807_175821_881241,4527,152,2026-08-07T18:00:56.393,7,left,116.5,116.84705882352941,370.75,116,118,3,38,85,False,True,
run_20260807_175821_881241,4527,152,2026-08-07T18:00:56.393,6,left,138.5,139.81666666666666,371.0,138,142,5,55,180,False,True,
run_20260807_175821_881241,4527,152,2026-08-07T18:00:56.393,5,left,161.0,161.18367346938774,371.0,160,162,3,39,98,False,True,
run_20260807_175821_881241,4527,152,2026-08-07T18:00:56.393,4,left,183.5,183.52631578947367,371.0,183,184,2,40,76,False,True,
run_20260807_175821_881241,4527,152,2026-08-07T18:00:56.393,3,left,205.75,206.02803738317758,370.875,205,207,3,40,107,False,True,
run_20260807_175821_881241,4527,152,2026-08-07T18:00:56.393,2,left,228.25,228.16037735849056,371.125,227,229,3,42,106,False,True,
run_20260807_175821_881241,4527,152,2026-08-07T18:00:56.393,1,left,250.0,250.6153846153846,371.0,249,252,4,68,182,False,True,
run_20260807_175821_881241,4527,152,2026-08-07T18:00:56.393,0,left,272.0,272.30434782608694,370.5769230769231,271,273,3,41,92,True,True,
run_20260807_175821_881241,4527,152,2026-08-07T18:00:56.393,0,right,469.15384615384613,469.0608695652174,370.5769230769231,468,470,3,42,115,True,True,
run_20260807_175821_881241,4527,152,2026-08-07T18:00:56.393,1,right,492.0,491.23497267759564,371.0,490,493,4,70,183,False,True,
run_20260807_175821_881241,4527,152,2026-08-07T18:00:56.393,2,right,514.0,513.8,371.125,513,515,3,42,105,False,True,
run_20260807_175821_881241,4527,152,2026-08-07T18:00:56.393,3,right,536.0,535.95,370.875,535,537,3,42,120,False,True,
run_20260807_175821_881241,4527,152,2026-08-07T18:00:56.393,4,right,558.5,558.0642201834862,371.0,557,559,3,42,109,False,True,
run_20260807_175821_881241,4527,152,2026-08-07T18:00:56.393,5,right,581.0,580.4608695652174,371.0,579,582,4,42,115,False,True,
run_20260807_175821_881241,4527,152,2026-08-07T18:00:56.393,6,right,603.5,602.0687830687831,371.0,600,604,5,62,189,False,True,
run_20260807_175821_881241,4527,152,2026-08-07T18:00:56.393,7,right,625.0,624.8648648648649,370.75,624,626,3,42,111,False,True,
run_20260807_175821_881241,4527,152,2026-08-07T18:00:56.393,8,right,647.0,646.8363636363637,370.75,646,648,3,43,110,False,True,
run_20260807_175821_881241,4527,152,2026-08-07T18:00:56.393,9,right,669.0,668.7575757575758,370.75,668,670,3,41,99,False,True,
run_20260807_175821_881241,4527,152,2026-08-07T18:00:56.393,10,right,690.5,690.2674418604652,370.75,689,691,3,39,86,False,True,
run_20260807_175821_881241,4527,152,2026-08-07T18:00:56.393,11,right,712.5,711.1818181818181,370.75,709,713,5,43,154,False,True,
run_20260807_175821_881241,4527,152,2026-08-07T18:00:56.393,12,right,733.5,733.25,370.5,732,734,3,42,96,False,True,
run_20260807_175821_881241,4558,153,2026-08-07T18:00:57.422,12,left,7.5,7.810526315789474,370.5,7,9,3,41,95,False,True,
run_20260807_175821_881241,4558,153,2026-08-07T18:00:57.422,11,left,29.0,30.301136363636363,370.75,28,33,6,51,176,False,True,
run_20260807_175821_881241,4558,153,2026-08-07T18:00:57.422,10,left,51.0,51.12621359223301,370.75,50,52,3,39,103,False,True,
run_20260807_175821_881241,4558,153,2026-08-07T18:00:57.422,9,left,72.5,73.0,370.75,72,74,3,37,89,False,True,
run_20260807_175821_881241,4558,153,2026-08-07T18:00:57.422,8,left,94.5,94.92307692307692,370.75,94,96,3,38,91,False,True,
run_20260807_175821_881241,4558,153,2026-08-07T18:00:57.422,7,left,116.5,116.84705882352941,370.75,116,118,3,38,85,False,True,
run_20260807_175821_881241,4558,153,2026-08-07T18:00:57.422,6,left,138.5,139.8232044198895,371.0,138,142,5,55,181,False,True,
run_20260807_175821_881241,4558,153,2026-08-07T18:00:57.422,5,left,161.0,161.1958762886598,371.0,160,162,3,39,97,False,True,
run_20260807_175821_881241,4558,153,2026-08-07T18:00:57.422,4,left,183.5,183.5194805194805,371.0,183,184,2,40,77,False,True,
run_20260807_175821_881241,4558,153,2026-08-07T18:00:57.422,3,left,205.75,206.03773584905662,370.875,205,207,3,40,106,False,True,
run_20260807_175821_881241,4558,153,2026-08-07T18:00:57.422,2,left,228.15384615384616,228.14953271028037,371.0769230769231,227,229,3,42,107,False,True,
run_20260807_175821_881241,4558,153,2026-08-07T18:00:57.422,1,left,250.0,250.60773480662982,371.0,249,252,4,68,181,False,True,
run_20260807_175821_881241,4558,153,2026-08-07T18:00:57.422,0,left,272.0,272.31182795698925,370.5769230769231,271,273,3,42,93,True,True,
run_20260807_175821_881241,4558,153,2026-08-07T18:00:57.422,0,right,469.15384615384613,469.0701754385965,370.5769230769231,468,470,3,42,114,True,True,
run_20260807_175821_881241,4558,153,2026-08-07T18:00:57.422,1,right,492.0,491.2197802197802,371.0,490,493,4,70,182,False,True,
run_20260807_175821_881241,4558,153,2026-08-07T18:00:57.422,2,right,514.0,513.8224299065421,371.0769230769231,513,515,3,42,107,False,True,
run_20260807_175821_881241,4558,153,2026-08-07T18:00:57.422,3,right,536.0,535.95,370.875,535,537,3,42,120,False,True,
run_20260807_175821_881241,4558,153,2026-08-07T18:00:57.422,4,right,558.5,558.0642201834862,371.0,557,559,3,42,109,False,True,
run_20260807_175821_881241,4558,153,2026-08-07T18:00:57.422,5,right,581.0,580.4873949579832,371.0,579,582,4,42,119,False,True,
run_20260807_175821_881241,4558,153,2026-08-07T18:00:57.422,6,right,603.5,602.078947368421,371.0,600,604,5,62,190,False,True,
run_20260807_175821_881241,4558,153,2026-08-07T18:00:57.422,7,right,625.0,624.8648648648649,370.75,624,626,3,42,111,False,True,
run_20260807_175821_881241,4558,153,2026-08-07T18:00:57.422,8,right,647.0,646.8363636363637,370.75,646,648,3,43,110,False,True,
run_20260807_175821_881241,4558,153,2026-08-07T18:00:57.422,9,right,669.0,668.77,370.75,668,670,3,41,100,False,True,
run_20260807_175821_881241,4558,153,2026-08-07T18:00:57.422,10,right,690.5,690.2588235294118,370.75,689,691,3,39,85,False,True,
run_20260807_175821_881241,4558,153,2026-08-07T18:00:57.422,11,right,712.5,711.1730769230769,370.75,709,713,5,43,156,False,True,
run_20260807_175821_881241,4558,153,2026-08-07T18:00:57.422,12,right,733.5,733.2659574468086,370.5,732,734,3,41,94,False,True,
run_20260807_175821_881241,4588,154,2026-08-07T18:00:58.423,12,left,7.5,7.802083333333333,370.5,7,9,3,41,96,False,True,
run_20260807_175821_881241,4588,154,2026-08-07T18:00:58.423,11,left,29.0,30.358381502890172,370.75,28,33,6,51,173,False,True,
run_20260807_175821_881241,4588,154,2026-08-07T18:00:58.423,10,left,51.0,51.148514851485146,370.75,50,52,3,39,101,False,True,
run_20260807_175821_881241,4588,154,2026-08-07T18:00:58.423,9,left,72.5,73.03333333333333,370.75,72,74,3,37,90,False,True,
run_20260807_175821_881241,4588,154,2026-08-07T18:00:58.423,8,left,94.5,94.93333333333334,370.75,94,96,3,38,90,False,True,
run_20260807_175821_881241,4588,154,2026-08-07T18:00:58.423,7,left,116.5,116.84705882352941,370.75,116,118,3,38,85,False,True,
run_20260807_175821_881241,4588,154,2026-08-07T18:00:58.423,6,left,138.5,139.8111111111111,371.0,138,142,5,55,180,False,True,
run_20260807_175821_881241,4588,154,2026-08-07T18:00:58.423,5,left,161.0,161.18367346938774,371.0,160,162,3,39,98,False,True,
run_20260807_175821_881241,4588,154,2026-08-07T18:00:58.423,4,left,183.5,183.5194805194805,371.0,183,184,2,40,77,False,True,
run_20260807_175821_881241,4588,154,2026-08-07T18:00:58.423,3,left,205.75,206.05555555555554,370.875,205,207,3,40,108,False,True,
run_20260807_175821_881241,4588,154,2026-08-07T18:00:58.423,2,left,228.25,228.16037735849056,371.125,227,229,3,42,106,False,True,
run_20260807_175821_881241,4588,154,2026-08-07T18:00:58.423,1,left,250.0,250.6,371.0,249,252,4,68,180,False,True,
run_20260807_175821_881241,4588,154,2026-08-07T18:00:58.423,0,left,272.0,272.29787234042556,370.5,271,273,3,42,94,True,True,
run_20260807_175821_881241,4588,154,2026-08-07T18:00:58.423,0,right,469.0,469.05172413793105,370.5,468,470,3,42,116,True,True,
run_20260807_175821_881241,4588,154,2026-08-07T18:00:58.423,1,right,492.0,491.2197802197802,371.0,490,493,4,70,182,False,True,
run_20260807_175821_881241,4588,154,2026-08-07T18:00:58.423,2,right,514.0,513.8,371.125,513,515,3,42,105,False,True,
run_20260807_175821_881241,4588,154,2026-08-07T18:00:58.423,3,right,536.0,535.95,370.875,535,537,3,42,120,False,True,
run_20260807_175821_881241,4588,154,2026-08-07T18:00:58.423,4,right,558.5,558.074074074074,371.0,557,559,3,42,108,False,True,
run_20260807_175821_881241,4588,154,2026-08-07T18:00:58.423,5,right,581.0,580.4830508474577,371.0,579,582,4,42,118,False,True,
run_20260807_175821_881241,4588,154,2026-08-07T18:00:58.423,6,right,603.5,602.0785340314136,371.0,600,604,5,63,191,False,True,
run_20260807_175821_881241,4588,154,2026-08-07T18:00:58.423,7,right,625.0,624.8648648648649,370.75,624,626,3,42,111,False,True,
run_20260807_175821_881241,4588,154,2026-08-07T18:00:58.423,8,right,647.0,646.8363636363637,370.75,646,648,3,43,110,False,True,
run_20260807_175821_881241,4588,154,2026-08-07T18:00:58.423,9,right,669.0,668.7676767676768,370.75,668,670,3,41,99,False,True,
run_20260807_175821_881241,4588,154,2026-08-07T18:00:58.423,10,right,690.5,690.2588235294118,370.75,689,691,3,39,85,False,True,
run_20260807_175821_881241,4588,154,2026-08-07T18:00:58.423,11,right,712.5,711.1794871794872,370.75,709,713,5,43,156,False,True,
run_20260807_175821_881241,4588,154,2026-08-07T18:00:58.423,12,right,733.5,733.2659574468086,370.5,732,734,3,41,94,False,True,
run_20260807_175821_881241,4618,155,2026-08-07T18:00:59.433,12,left,7.5,7.822916666666667,370.5,7,9,3,41,96,False,True,
run_20260807_175821_881241,4618,155,2026-08-07T18:00:59.433,11,left,29.0,30.36416184971098,370.75,28,33,6,51,173,False,True,
run_20260807_175821_881241,4618,155,2026-08-07T18:00:59.433,10,left,51.0,51.148514851485146,370.75,50,52,3,39,101,False,True,
run_20260807_175821_881241,4618,155,2026-08-07T18:00:59.433,9,left,72.5,73.02197802197803,370.75,72,74,3,37,91,False,True,
run_20260807_175821_881241,4618,155,2026-08-07T18:00:59.433,8,left,94.5,94.94505494505495,370.75,94,96,3,38,91,False,True,
run_20260807_175821_881241,4618,155,2026-08-07T18:00:59.433,7,left,116.5,116.84705882352941,370.75,116,118,3,38,85,False,True,
run_20260807_175821_881241,4618,155,2026-08-07T18:00:59.433,6,left,138.5,139.82122905027933,371.0,138,142,5,54,179,False,True,
run_20260807_175821_881241,4618,155,2026-08-07T18:00:59.433,5,left,161.0,161.1958762886598,371.0,160,162,3,39,97,False,True,
run_20260807_175821_881241,4618,155,2026-08-07T18:00:59.433,4,left,183.5,183.52631578947367,371.0,183,184,2,40,76,False,True,
run_20260807_175821_881241,4618,155,2026-08-07T18:00:59.433,3,left,205.75,206.06422018348624,370.875,205,207,3,40,109,False,True,
run_20260807_175821_881241,4618,155,2026-08-07T18:00:59.433,2,left,228.25,228.16037735849056,371.125,227,229,3,42,106,False,True,
run_20260807_175821_881241,4618,155,2026-08-07T18:00:59.433,1,left,250.0,250.61666666666667,371.0,249,252,4,68,180,False,True,
run_20260807_175821_881241,4618,155,2026-08-07T18:00:59.433,0,left,272.0,272.29787234042556,370.6818181818182,271,273,3,42,94,True,True,
run_20260807_175821_881241,4618,155,2026-08-07T18:00:59.433,0,right,469.3636363636364,469.0892857142857,370.6818181818182,468,470,3,42,112,True,True,
run_20260807_175821_881241,4618,155,2026-08-07T18:00:59.433,1,right,492.0,491.22651933701655,371.0,490,493,4,70,181,False,True,
run_20260807_175821_881241,4618,155,2026-08-07T18:00:59.433,2,right,514.0,513.811320754717,371.125,513,515,3,42,106,False,True,
run_20260807_175821_881241,4618,155,2026-08-07T18:00:59.433,3,right,536.0,535.95,370.875,535,537,3,42,120,False,True,
run_20260807_175821_881241,4618,155,2026-08-07T18:00:59.433,4,right,558.5,558.0545454545454,371.0,557,559,3,42,110,False,True,
run_20260807_175821_881241,4618,155,2026-08-07T18:00:59.433,5,right,581.0,580.4873949579832,371.0,579,582,4,42,119,False,True,
run_20260807_175821_881241,4618,155,2026-08-07T18:00:59.433,6,right,603.5,602.0725388601036,371.0,600,604,5,63,193,False,True,
run_20260807_175821_881241,4618,155,2026-08-07T18:00:59.433,7,right,625.0,624.8648648648649,370.75,624,626,3,42,111,False,True,
run_20260807_175821_881241,4618,155,2026-08-07T18:00:59.433,8,right,647.0,646.8363636363637,370.75,646,648,3,43,110,False,True,
run_20260807_175821_881241,4618,155,2026-08-07T18:00:59.433,9,right,669.0,668.7448979591836,370.75,668,670,3,41,98,False,True,
run_20260807_175821_881241,4618,155,2026-08-07T18:00:59.433,10,right,690.5,690.2441860465116,370.75,689,691,3,39,86,False,True,
run_20260807_175821_881241,4618,155,2026-08-07T18:00:59.433,11,right,712.5,711.1858974358975,370.75,709,713,5,43,156,False,True,
run_20260807_175821_881241,4618,155,2026-08-07T18:00:59.433,12,right,733.5,733.2526315789473,370.5,732,734,3,41,95,False,True,
run_20260807_175821_881241,4649,156,2026-08-07T18:01:00.455,12,left,7.5,7.835051546391752,370.5,7,9,3,41,97,False,True,
run_20260807_175821_881241,4649,156,2026-08-07T18:01:00.455,11,left,29.0,30.29281767955801,370.75,28,33,6,51,181,False,True,
run_20260807_175821_881241,4649,156,2026-08-07T18:01:00.455,10,left,51.0,51.148514851485146,370.75,50,52,3,39,101,False,True,
run_20260807_175821_881241,4649,156,2026-08-07T18:01:00.455,9,left,72.5,73.03260869565217,370.75,72,74,3,37,92,False,True,
run_20260807_175821_881241,4649,156,2026-08-07T18:01:00.455,8,left,94.5,94.93478260869566,370.75,94,96,3,38,92,False,True,
run_20260807_175821_881241,4649,156,2026-08-07T18:01:00.455,7,left,116.5,116.84705882352941,370.75,116,118,3,38,85,False,True,
run_20260807_175821_881241,4649,156,2026-08-07T18:01:00.455,6,left,138.5,139.82222222222222,371.0,138,142,5,54,180,False,True,
run_20260807_175821_881241,4649,156,2026-08-07T18:01:00.455,5,left,161.0,161.18367346938774,371.0,160,162,3,39,98,False,True,
run_20260807_175821_881241,4649,156,2026-08-07T18:01:00.455,4,left,183.5,183.52631578947367,371.0,183,184,2,40,76,False,True,
run_20260807_175821_881241,4649,156,2026-08-07T18:01:00.455,3,left,205.75,206.05555555555554,370.875,205,207,3,40,108,False,True,
run_20260807_175821_881241,4649,156,2026-08-07T18:01:00.455,2,left,228.15384615384616,228.14953271028037,371.0769230769231,227,229,3,42,107,False,True,
run_20260807_175821_881241,4649,156,2026-08-07T18:01:00.455,1,left,250.0,250.60773480662982,371.0,249,252,4,68,181,False,True,
run_20260807_175821_881241,4649,156,2026-08-07T18:01:00.455,0,left,272.0,272.32608695652175,370.5,271,273,3,42,92,True,True,
run_20260807_175821_881241,4649,156,2026-08-07T18:01:00.455,0,right,469.0,469.05172413793105,370.5,468,470,3,42,116,True,True,
run_20260807_175821_881241,4649,156,2026-08-07T18:01:00.455,1,right,492.0,491.2307692307692,371.0,490,493,4,70,182,False,True,
run_20260807_175821_881241,4649,156,2026-08-07T18:01:00.455,2,right,514.0,513.8224299065421,371.0769230769231,513,515,3,42,107,False,True,
run_20260807_175821_881241,4649,156,2026-08-07T18:01:00.455,3,right,536.0,535.95,370.875,535,537,3,42,120,False,True,
run_20260807_175821_881241,4649,156,2026-08-07T18:01:00.455,4,right,558.5,558.074074074074,371.0,557,559,3,42,108,False,True,
run_20260807_175821_881241,4649,156,2026-08-07T18:01:00.455,5,right,581.0,580.5,371.0,579,582,4,42,120,False,True,
run_20260807_175821_881241,4649,156,2026-08-07T18:01:00.455,6,right,603.5,602.0526315789474,371.0,600,604,5,63,190,False,True,
run_20260807_175821_881241,4649,156,2026-08-07T18:01:00.455,7,right,625.0,624.8648648648649,370.75,624,626,3,42,111,False,True,
run_20260807_175821_881241,4649,156,2026-08-07T18:01:00.455,8,right,647.0,646.8348623853211,370.75,646,648,3,43,109,False,True,
run_20260807_175821_881241,4649,156,2026-08-07T18:01:00.455,9,right,669.0,668.77,370.75,668,670,3,41,100,False,True,
run_20260807_175821_881241,4649,156,2026-08-07T18:01:00.455,10,right,690.5,690.2588235294118,370.75,689,691,3,39,85,False,True,
run_20260807_175821_881241,4649,156,2026-08-07T18:01:00.455,11,right,712.5,711.1794871794872,370.75,709,713,5,43,156,False,True,
run_20260807_175821_881241,4649,156,2026-08-07T18:01:00.455,12,right,733.5,733.2659574468086,370.5,732,734,3,41,94,False,True,
run_20260807_175821_881241,4679,157,2026-08-07T18:01:01.456,12,left,7.5,7.822916666666667,370.5,7,9,3,41,96,False,True,
run_20260807_175821_881241,4679,157,2026-08-07T18:01:01.456,11,left,29.0,30.344827586206897,370.75,28,33,6,51,174,False,True,
run_20260807_175821_881241,4679,157,2026-08-07T18:01:01.456,10,left,51.0,51.148514851485146,370.75,50,52,3,39,101,False,True,
run_20260807_175821_881241,4679,157,2026-08-07T18:01:01.456,9,left,72.5,73.04301075268818,370.75,72,74,3,37,93,False,True,
run_20260807_175821_881241,4679,157,2026-08-07T18:01:01.456,8,left,94.5,94.91111111111111,370.75,94,96,3,38,90,False,True,
run_20260807_175821_881241,4679,157,2026-08-07T18:01:01.456,7,left,116.5,116.84705882352941,370.75,116,118,3,38,85,False,True,
run_20260807_175821_881241,4679,157,2026-08-07T18:01:01.456,6,left,138.5,139.82777777777778,371.0,138,142,5,54,180,False,True,
run_20260807_175821_881241,4679,157,2026-08-07T18:01:01.456,5,left,161.0,161.1958762886598,371.0,160,162,3,39,97,False,True,
run_20260807_175821_881241,4679,157,2026-08-07T18:01:01.456,4,left,183.5,183.74725274725276,371.0,183,185,3,40,91,False,True,
run_20260807_175821_881241,4679,157,2026-08-07T18:01:01.456,3,left,205.75,206.05555555555554,370.875,205,207,3,40,108,False,True,
run_20260807_175821_881241,4679,157,2026-08-07T18:01:01.456,2,left,228.15384615384616,228.14953271028037,371.0769230769231,227,229,3,42,107,False,True,
run_20260807_175821_881241,4679,157,2026-08-07T18:01:01.456,1,left,250.0,250.60773480662982,371.0,249,252,4,68,181,False,True,
run_20260807_175821_881241,4679,157,2026-08-07T18:01:01.456,0,left,272.0,272.30434782608694,370.5357142857143,271,273,3,41,92,True,True,
run_20260807_175821_881241,4679,157,2026-08-07T18:01:01.456,0,right,469.07142857142856,469.05172413793105,370.5357142857143,468,470,3,42,116,True,True,
run_20260807_175821_881241,4679,157,2026-08-07T18:01:01.456,1,right,492.0,491.224043715847,371.0,490,493,4,70,183,False,True,
run_20260807_175821_881241,4679,157,2026-08-07T18:01:01.456,2,right,514.0,513.811320754717,371.0769230769231,513,515,3,42,106,False,True,
run_20260807_175821_881241,4679,157,2026-08-07T18:01:01.456,3,right,536.0,535.95,370.875,535,537,3,42,120,False,True,
run_20260807_175821_881241,4679,157,2026-08-07T18:01:01.456,4,right,558.5,558.0642201834862,371.0,557,559,3,42,109,False,True,
run_20260807_175821_881241,4679,157,2026-08-07T18:01:01.456,5,right,581.0,580.5258620689655,371.0,579,582,4,42,116,False,True,
run_20260807_175821_881241,4679,157,2026-08-07T18:01:01.456,6,right,603.5,602.0687830687831,371.0,600,604,5,62,189,False,True,
run_20260807_175821_881241,4679,157,2026-08-07T18:01:01.456,7,right,625.0,624.8648648648649,370.75,624,626,3,42,111,False,True,
run_20260807_175821_881241,4679,157,2026-08-07T18:01:01.456,8,right,647.0,646.8363636363637,370.75,646,648,3,43,110,False,True,
run_20260807_175821_881241,4679,157,2026-08-07T18:01:01.456,9,right,669.0,668.77,370.75,668,670,3,41,100,False,True,
run_20260807_175821_881241,4679,157,2026-08-07T18:01:01.456,10,right,690.5,690.25,370.75,689,691,3,39,84,False,True,
run_20260807_175821_881241,4679,157,2026-08-07T18:01:01.456,11,right,712.5,711.1870967741935,370.75,709,713,5,43,155,False,True,
run_20260807_175821_881241,4679,157,2026-08-07T18:01:01.456,12,right,733.5,733.2795698924731,370.5,732,734,3,41,93,False,True,
run_20260807_175821_881241,4709,158,2026-08-07T18:01:02.459,12,left,7.5,7.835051546391752,370.5,7,9,3,41,97,False,True,
run_20260807_175821_881241,4709,158,2026-08-07T18:01:02.459,11,left,29.0,30.30167597765363,370.75,28,33,6,51,179,False,True,
run_20260807_175821_881241,4709,158,2026-08-07T18:01:02.459,10,left,51.0,51.148514851485146,370.75,50,52,3,39,101,False,True,
run_20260807_175821_881241,4709,158,2026-08-07T18:01:02.459,9,left,72.5,73.02150537634408,370.75,72,74,3,37,93,False,True,
run_20260807_175821_881241,4709,158,2026-08-07T18:01:02.459,8,left,94.5,94.94505494505495,370.75,94,96,3,38,91,False,True,
run_20260807_175821_881241,4709,158,2026-08-07T18:01:02.459,7,left,116.5,116.84705882352941,370.75,116,118,3,38,85,False,True,
run_20260807_175821_881241,4709,158,2026-08-07T18:01:02.459,6,left,138.5,139.82872928176795,371.0,138,142,5,54,181,False,True,
run_20260807_175821_881241,4709,158,2026-08-07T18:01:02.459,5,left,161.0,161.18367346938774,371.0,160,162,3,39,98,False,True,
run_20260807_175821_881241,4709,158,2026-08-07T18:01:02.459,4,left,183.5,183.52631578947367,371.0,183,184,2,40,76,False,True,
run_20260807_175821_881241,4709,158,2026-08-07T18:01:02.459,3,left,205.75,206.03773584905662,370.875,205,207,3,40,106,False,True,
run_20260807_175821_881241,4709,158,2026-08-07T18:01:02.459,2,left,228.25,228.16037735849056,371.125,227,229,3,42,106,False,True,
run_20260807_175821_881241,4709,158,2026-08-07T18:01:02.459,1,left,250.0,250.60773480662982,371.0,249,252,4,68,181,False,True,
run_20260807_175821_881241,4709,158,2026-08-07T18:01:02.459,0,left,272.0,272.30434782608694,370.5769230769231,271,273,3,41,92,True,True,
run_20260807_175821_881241,4709,158,2026-08-07T18:01:02.459,0,right,469.15384615384613,469.0701754385965,370.5769230769231,468,470,3,42,114,True,True,
run_20260807_175821_881241,4709,158,2026-08-07T18:01:02.459,1,right,492.0,491.22651933701655,371.0,490,493,4,70,181,False,True,
run_20260807_175821_881241,4709,158,2026-08-07T18:01:02.459,2,right,514.0,513.8224299065421,371.125,513,515,3,42,107,False,True,
run_20260807_175821_881241,4709,158,2026-08-07T18:01:02.459,3,right,536.0,535.95,370.875,535,537,3,42,120,False,True,
run_20260807_175821_881241,4709,158,2026-08-07T18:01:02.459,4,right,558.5,558.0642201834862,371.0,557,559,3,42,109,False,True,
run_20260807_175821_881241,4709,158,2026-08-07T18:01:02.459,5,right,581.0,580.5258620689655,371.0,579,582,4,42,116,False,True,
run_20260807_175821_881241,4709,158,2026-08-07T18:01:02.459,6,right,603.5,602.0890052356021,371.0,600,604,5,63,191,False,True,
run_20260807_175821_881241,4709,158,2026-08-07T18:01:02.459,7,right,625.0,624.875,370.75,624,626,3,42,112,False,True,
run_20260807_175821_881241,4709,158,2026-08-07T18:01:02.459,8,right,647.0,646.8468468468468,370.75,646,648,3,43,111,False,True,
run_20260807_175821_881241,4709,158,2026-08-07T18:01:02.459,9,right,669.0,668.77,370.75,668,670,3,41,100,False,True,
run_20260807_175821_881241,4709,158,2026-08-07T18:01:02.459,10,right,690.5,690.2441860465116,370.75,689,691,3,39,86,False,True,
run_20260807_175821_881241,4709,158,2026-08-07T18:01:02.459,11,right,712.5,711.1870967741935,370.75,709,713,5,43,155,False,True,
run_20260807_175821_881241,4709,158,2026-08-07T18:01:02.459,12,right,733.5,733.2659574468086,370.5,732,734,3,41,94,False,True,
run_20260807_175821_881241,4740,159,2026-08-07T18:01:03.490,12,left,7.5,7.822916666666667,370.5,7,9,3,41,96,False,True,
run_20260807_175821_881241,4740,159,2026-08-07T18:01:03.490,11,left,29.0,30.329545454545453,370.75,28,33,6,51,176,False,True,
run_20260807_175821_881241,4740,159,2026-08-07T18:01:03.490,10,left,51.0,51.148514851485146,370.75,50,52,3,39,101,False,True,
run_20260807_175821_881241,4740,159,2026-08-07T18:01:03.490,9,left,72.5,73.02247191011236,370.75,72,74,3,37,89,False,True,
run_20260807_175821_881241,4740,159,2026-08-07T18:01:03.490,8,left,94.5,94.94623655913979,370.75,94,96,3,38,93,False,True,
run_20260807_175821_881241,4740,159,2026-08-07T18:01:03.490,7,left,116.5,116.84705882352941,370.75,116,118,3,38,85,False,True,
run_20260807_175821_881241,4740,159,2026-08-07T18:01:03.490,6,left,138.5,139.8232044198895,371.0,138,142,5,55,181,False,True,
run_20260807_175821_881241,4740,159,2026-08-07T18:01:03.490,5,left,161.0,161.17171717171718,371.0,160,162,3,39,99,False,True,
run_20260807_175821_881241,4740,159,2026-08-07T18:01:03.490,4,left,183.5,183.52631578947367,371.0,183,184,2,40,76,False,True,
run_20260807_175821_881241,4740,159,2026-08-07T18:01:03.490,3,left,205.75,206.06422018348624,370.875,205,207,3,40,109,False,True,
run_20260807_175821_881241,4740,159,2026-08-07T18:01:03.490,2,left,228.25,228.16037735849056,371.125,227,229,3,42,106,False,True,
run_20260807_175821_881241,4740,159,2026-08-07T18:01:03.490,1,left,250.0,250.61666666666667,371.0,249,252,4,68,180,False,True,
run_20260807_175821_881241,4740,159,2026-08-07T18:01:03.490,0,left,272.0,272.30434782608694,370.5769230769231,271,273,3,41,92,True,True,
run_20260807_175821_881241,4740,159,2026-08-07T18:01:03.490,0,right,469.15384615384613,469.0701754385965,370.5769230769231,468,470,3,42,114,True,True,
run_20260807_175821_881241,4740,159,2026-08-07T18:01:03.490,1,right,492.0,491.2307692307692,371.0,490,493,4,70,182,False,True,
run_20260807_175821_881241,4740,159,2026-08-07T18:01:03.490,2,right,514.0,513.811320754717,371.125,513,515,3,42,106,False,True,
run_20260807_175821_881241,4740,159,2026-08-07T18:01:03.490,3,right,536.0,535.95,370.875,535,537,3,42,120,False,True,
run_20260807_175821_881241,4740,159,2026-08-07T18:01:03.490,4,right,558.5,558.0642201834862,371.0,557,559,3,42,109,False,True,
run_20260807_175821_881241,4740,159,2026-08-07T18:01:03.490,5,right,581.0,580.5126050420168,371.0,579,582,4,42,119,False,True,
run_20260807_175821_881241,4740,159,2026-08-07T18:01:03.490,6,right,603.5,602.0837696335078,371.0,600,604,5,62,191,False,True,
run_20260807_175821_881241,4740,159,2026-08-07T18:01:03.490,7,right,625.0,624.8648648648649,370.75,624,626,3,42,111,False,True,
run_20260807_175821_881241,4740,159,2026-08-07T18:01:03.490,8,right,647.0,646.8363636363637,370.75,646,648,3,43,110,False,True,
run_20260807_175821_881241,4740,159,2026-08-07T18:01:03.490,9,right,669.0,668.7551020408164,370.75,668,670,3,41,98,False,True,
run_20260807_175821_881241,4740,159,2026-08-07T18:01:03.490,10,right,690.5,690.2441860465116,370.75,689,691,3,39,86,False,True,
run_20260807_175821_881241,4740,159,2026-08-07T18:01:03.490,11,right,712.5,711.1612903225806,370.75,709,713,5,43,155,False,True,
run_20260807_175821_881241,4740,159,2026-08-07T18:01:03.490,12,right,733.5,733.2659574468086,370.5,732,734,3,41,94,False,True,
run_20260807_175821_881241,4771,160,2026-08-07T18:01:04.526,12,left,7.5,7.814432989690721,370.5,7,9,3,41,97,False,True,
run_20260807_175821_881241,4771,160,2026-08-07T18:01:04.526,11,left,29.0,30.314606741573034,370.75,28,33,6,51,178,False,True,
run_20260807_175821_881241,4771,160,2026-08-07T18:01:04.526,10,left,51.0,51.148514851485146,370.75,50,52,3,39,101,False,True,
run_20260807_175821_881241,4771,160,2026-08-07T18:01:04.526,9,left,72.5,73.0,370.75,72,74,3,37,89,False,True,
run_20260807_175821_881241,4771,160,2026-08-07T18:01:04.526,8,left,94.5,94.93478260869566,370.75,94,96,3,38,92,False,True,
run_20260807_175821_881241,4771,160,2026-08-07T18:01:04.526,7,left,116.5,116.84705882352941,370.75,116,118,3,38,85,False,True,
run_20260807_175821_881241,4771,160,2026-08-07T18:01:04.526,6,left,138.5,139.8388888888889,371.0,138,142,5,54,180,False,True,
run_20260807_175821_881241,4771,160,2026-08-07T18:01:04.526,5,left,161.0,161.18367346938774,371.0,160,162,3,39,98,False,True,
run_20260807_175821_881241,4771,160,2026-08-07T18:01:04.526,4,left,183.5,183.52631578947367,371.0,183,184,2,40,76,False,True,
run_20260807_175821_881241,4771,160,2026-08-07T18:01:04.526,3,left,205.84615384615384,206.05555555555554,370.9230769230769,205,207,3,40,108,False,True,
run_20260807_175821_881241,4771,160,2026-08-07T18:01:04.526,2,left,228.25,228.16037735849056,371.125,227,229,3,42,106,False,True,
run_20260807_175821_881241,4771,160,2026-08-07T18:01:04.526,1,left,250.0,250.62011173184356,371.0,249,252,4,68,179,False,True,
run_20260807_175821_881241,4771,160,2026-08-07T18:01:04.526,0,left,272.0,272.32608695652175,370.5357142857143,271,273,3,42,92,True,True,
run_20260807_175821_881241,4771,160,2026-08-07T18:01:04.526,0,right,469.07142857142856,469.05172413793105,370.5357142857143,468,470,3,42,116,True,True,
run_20260807_175821_881241,4771,160,2026-08-07T18:01:04.526,1,right,492.0,491.2307692307692,371.0,490,493,4,70,182,False,True,
run_20260807_175821_881241,4771,160,2026-08-07T18:01:04.526,2,right,514.0,513.8224299065421,371.125,513,515,3,42,107,False,True,
run_20260807_175821_881241,4771,160,2026-08-07T18:01:04.526,3,right,536.0,535.95,370.9230769230769,535,537,3,42,120,False,True,
run_20260807_175821_881241,4771,160,2026-08-07T18:01:04.526,4,right,558.5,558.0642201834862,371.0,557,559,3,42,109,False,True,
run_20260807_175821_881241,4771,160,2026-08-07T18:01:04.526,5,right,581.0,580.4741379310345,371.0,579,582,4,42,116,False,True,
run_20260807_175821_881241,4771,160,2026-08-07T18:01:04.526,6,right,603.5,602.0736842105263,371.0,600,604,5,62,190,False,True,
run_20260807_175821_881241,4771,160,2026-08-07T18:01:04.526,7,right,625.0,624.875,370.75,624,626,3,42,112,False,True,
run_20260807_175821_881241,4771,160,2026-08-07T18:01:04.526,8,right,647.0,646.8363636363637,370.75,646,648,3,43,110,False,True,
run_20260807_175821_881241,4771,160,2026-08-07T18:01:04.526,9,right,669.0,668.7676767676768,370.75,668,670,3,41,99,False,True,
run_20260807_175821_881241,4771,160,2026-08-07T18:01:04.526,10,right,690.5,690.2674418604652,370.75,689,691,3,39,86,False,True,
run_20260807_175821_881241,4771,160,2026-08-07T18:01:04.526,11,right,712.5,711.1847133757962,370.75,709,713,5,43,157,False,True,
run_20260807_175821_881241,4771,160,2026-08-07T18:01:04.526,12,right,733.5,733.2659574468086,370.5,732,734,3,41,94,False,True,
run_20260807_175821_881241,4801,161,2026-08-07T18:01:05.532,12,left,7.5,7.822916666666667,370.5,7,9,3,41,96,False,True,
run_20260807_175821_881241,4801,161,2026-08-07T18:01:05.532,11,left,29.0,30.32183908045977,370.75,28,33,6,51,174,False,True,
run_20260807_175821_881241,4801,161,2026-08-07T18:01:05.532,10,left,51.0,51.148514851485146,370.75,50,52,3,39,101,False,True,
run_20260807_175821_881241,4801,161,2026-08-07T18:01:05.532,9,left,72.5,73.0111111111111,370.75,72,74,3,37,90,False,True,
run_20260807_175821_881241,4801,161,2026-08-07T18:01:05.532,8,left,94.5,94.91111111111111,370.75,94,96,3,38,90,False,True,
run_20260807_175821_881241,4801,161,2026-08-07T18:01:05.532,7,left,116.5,116.84705882352941,370.75,116,118,3,38,85,False,True,
run_20260807_175821_881241,4801,161,2026-08-07T18:01:05.532,6,left,138.5,139.85,371.0,138,142,5,54,180,False,True,
run_20260807_175821_881241,4801,161,2026-08-07T18:01:05.532,5,left,161.0,161.18367346938774,371.0,160,162,3,39,98,False,True,
run_20260807_175821_881241,4801,161,2026-08-07T18:01:05.532,4,left,183.5,183.52631578947367,371.0,183,184,2,40,76,False,True,
run_20260807_175821_881241,4801,161,2026-08-07T18:01:05.532,3,left,205.84615384615384,206.06422018348624,370.9230769230769,205,207,3,40,109,False,True,
run_20260807_175821_881241,4801,161,2026-08-07T18:01:05.532,2,left,228.25,228.16037735849056,371.125,227,229,3,42,106,False,True,
run_20260807_175821_881241,4801,161,2026-08-07T18:01:05.532,1,left,250.0,250.60893854748602,371.0,249,252,4,68,179,False,True,
run_20260807_175821_881241,4801,161,2026-08-07T18:01:05.532,0,left,272.0,272.31182795698925,370.5769230769231,271,273,3,42,93,True,True,
run_20260807_175821_881241,4801,161,2026-08-07T18:01:05.532,0,right,469.15384615384613,469.0701754385965,370.5769230769231,468,470,3,42,114,True,True,
run_20260807_175821_881241,4801,161,2026-08-07T18:01:05.532,1,right,492.0,491.2307692307692,371.0,490,493,4,70,182,False,True,
run_20260807_175821_881241,4801,161,2026-08-07T18:01:05.532,2,right,514.0,513.811320754717,371.125,513,515,3,42,106,False,True,
run_20260807_175821_881241,4801,161,2026-08-07T18:01:05.532,3,right,536.0,535.95,370.9230769230769,535,537,3,42,120,False,True,
run_20260807_175821_881241,4801,161,2026-08-07T18:01:05.532,4,right,558.5,558.0642201834862,371.0,557,559,3,42,109,False,True,
run_20260807_175821_881241,4801,161,2026-08-07T18:01:05.532,5,right,581.0,580.5,371.0,579,582,4,42,114,False,True,
run_20260807_175821_881241,4801,161,2026-08-07T18:01:05.532,6,right,603.5,602.078947368421,371.0,600,604,5,62,190,False,True,
run_20260807_175821_881241,4801,161,2026-08-07T18:01:05.532,7,right,625.0,624.8648648648649,370.75,624,626,3,42,111,False,True,
run_20260807_175821_881241,4801,161,2026-08-07T18:01:05.532,8,right,647.0,646.8468468468468,370.75,646,648,3,43,111,False,True,
run_20260807_175821_881241,4801,161,2026-08-07T18:01:05.532,9,right,669.0,668.7676767676768,370.75,668,670,3,41,99,False,True,
run_20260807_175821_881241,4801,161,2026-08-07T18:01:05.532,10,right,690.5,690.2674418604652,370.75,689,691,3,39,86,False,True,
run_20260807_175821_881241,4801,161,2026-08-07T18:01:05.532,11,right,712.5,711.1602564102565,370.75,709,713,5,43,156,False,True,
run_20260807_175821_881241,4801,161,2026-08-07T18:01:05.532,12,right,733.5,733.2765957446809,370.5,732,734,3,42,94,False,True,
run_20260807_175821_881241,4832,162,2026-08-07T18:01:06.556,12,left,7.5,7.835051546391752,370.5,7,9,3,41,97,False,True,
run_20260807_175821_881241,4832,162,2026-08-07T18:01:06.556,11,left,29.0,30.305084745762713,370.75,28,33,6,51,177,False,True,
run_20260807_175821_881241,4832,162,2026-08-07T18:01:06.556,10,left,51.0,51.148514851485146,370.75,50,52,3,39,101,False,True,
run_20260807_175821_881241,4832,162,2026-08-07T18:01:06.556,9,left,72.5,73.02197802197803,370.75,72,74,3,37,91,False,True,
run_20260807_175821_881241,4832,162,2026-08-07T18:01:06.556,8,left,94.5,94.91111111111111,370.75,94,96,3,38,90,False,True,
run_20260807_175821_881241,4832,162,2026-08-07T18:01:06.556,7,left,116.5,116.84705882352941,370.75,116,118,3,38,85,False,True,
run_20260807_175821_881241,4832,162,2026-08-07T18:01:06.556,6,left,138.5,139.8342541436464,371.0,138,142,5,54,181,False,True,
run_20260807_175821_881241,4832,162,2026-08-07T18:01:06.556,5,left,161.0,161.1958762886598,371.0,160,162,3,39,97,False,True,
run_20260807_175821_881241,4832,162,2026-08-07T18:01:06.556,4,left,183.5,183.75555555555556,371.0,183,185,3,40,90,False,True,
run_20260807_175821_881241,4832,162,2026-08-07T18:01:06.556,3,left,205.84615384615384,206.07272727272726,370.9230769230769,205,207,3,40,110,False,True,
run_20260807_175821_881241,4832,162,2026-08-07T18:01:06.556,2,left,228.25,228.16037735849056,371.125,227,229,3,42,106,False,True,
run_20260807_175821_881241,4832,162,2026-08-07T18:01:06.556,1,left,250.0,250.61666666666667,371.0,249,252,4,68,180,False,True,
run_20260807_175821_881241,4832,162,2026-08-07T18:01:06.556,0,left,272.0,272.31182795698925,370.5,271,273,3,42,93,True,True,
run_20260807_175821_881241,4832,162,2026-08-07T18:01:06.556,0,right,469.0,469.04273504273505,370.5,468,470,3,42,117,True,True,
run_20260807_175821_881241,4832,162,2026-08-07T18:01:06.556,1,right,492.0,491.23497267759564,371.0,490,493,4,70,183,False,True,
run_20260807_175821_881241,4832,162,2026-08-07T18:01:06.556,2,right,514.0,513.8224299065421,371.125,513,515,3,42,107,False,True,
run_20260807_175821_881241,4832,162,2026-08-07T18:01:06.556,3,right,536.0,535.95,370.9230769230769,535,537,3,42,120,False,True,
run_20260807_175821_881241,4832,162,2026-08-07T18:01:06.556,4,right,558.5,558.0642201834862,371.0,557,559,3,42,109,False,True,
run_20260807_175821_881241,4832,162,2026-08-07T18:01:06.556,5,right,581.0,580.4608695652174,371.0,579,582,4,42,115,False,True,
run_20260807_175821_881241,4832,162,2026-08-07T18:01:06.556,6,right,603.5,602.0837696335078,371.0,600,604,5,62,191,False,True,
run_20260807_175821_881241,4832,162,2026-08-07T18:01:06.556,7,right,625.0,624.875,370.75,624,626,3,42,112,False,True,
run_20260807_175821_881241,4832,162,2026-08-07T18:01:06.556,8,right,647.0,646.8363636363637,370.75,646,648,3,43,110,False,True,
run_20260807_175821_881241,4832,162,2026-08-07T18:01:06.556,9,right,669.0,668.7676767676768,370.75,668,670,3,41,99,False,True,
run_20260807_175821_881241,4832,162,2026-08-07T18:01:06.556,10,right,690.5,690.2674418604652,370.75,689,691,3,39,86,False,True,
run_20260807_175821_881241,4832,162,2026-08-07T18:01:06.556,11,right,712.5,711.171974522293,370.75,709,713,5,43,157,False,True,
run_20260807_175821_881241,4832,162,2026-08-07T18:01:06.556,12,right,733.5,733.2659574468086,370.5,732,734,3,41,94,False,True,
run_20260807_175821_881241,4862,163,2026-08-07T18:01:07.557,12,left,7.5,7.814432989690721,370.5,7,9,3,41,97,False,True,
run_20260807_175821_881241,4862,163,2026-08-07T18:01:07.557,11,left,29.0,30.294444444444444,370.75,28,33,6,51,180,False,True,
run_20260807_175821_881241,4862,163,2026-08-07T18:01:07.557,10,left,51.0,51.148514851485146,370.75,50,52,3,39,101,False,True,
run_20260807_175821_881241,4862,163,2026-08-07T18:01:07.557,9,left,72.5,72.9888888888889,370.75,72,74,3,37,90,False,True,
run_20260807_175821_881241,4862,163,2026-08-07T18:01:07.557,8,left,94.5,94.92222222222222,370.75,94,96,3,37,90,False,True,
run_20260807_175821_881241,4862,163,2026-08-07T18:01:07.557,7,left,116.5,116.84705882352941,370.75,116,118,3,38,85,False,True,
run_20260807_175821_881241,4862,163,2026-08-07T18:01:07.557,6,left,138.5,139.8388888888889,371.0,138,142,5,54,180,False,True,
run_20260807_175821_881241,4862,163,2026-08-07T18:01:07.557,5,left,161.0,161.1958762886598,371.0,160,162,3,39,97,False,True,
run_20260807_175821_881241,4862,163,2026-08-07T18:01:07.557,4,left,183.5,183.52631578947367,371.0,183,184,2,40,76,False,True,
run_20260807_175821_881241,4862,163,2026-08-07T18:01:07.557,3,left,205.84615384615384,206.07272727272726,370.9230769230769,205,207,3,40,110,False,True,
run_20260807_175821_881241,4862,163,2026-08-07T18:01:07.557,2,left,228.15384615384616,228.14953271028037,371.0769230769231,227,229,3,42,107,False,True,
run_20260807_175821_881241,4862,163,2026-08-07T18:01:07.557,1,left,250.0,250.6243093922652,371.0,249,252,4,68,181,False,True,
run_20260807_175821_881241,4862,163,2026-08-07T18:01:07.557,0,left,272.0,272.31182795698925,370.5769230769231,271,273,3,42,93,True,True,
run_20260807_175821_881241,4862,163,2026-08-07T18:01:07.557,0,right,469.15384615384613,469.0608695652174,370.5769230769231,468,470,3,42,115,True,True,
run_20260807_175821_881241,4862,163,2026-08-07T18:01:07.557,1,right,492.0,491.2307692307692,371.0,490,493,4,70,182,False,True,
run_20260807_175821_881241,4862,163,2026-08-07T18:01:07.557,2,right,514.0,513.811320754717,371.0769230769231,513,515,3,42,106,False,True,
run_20260807_175821_881241,4862,163,2026-08-07T18:01:07.557,3,right,536.0,535.95,370.9230769230769,535,537,3,42,120,False,True,
run_20260807_175821_881241,4862,163,2026-08-07T18:01:07.557,4,right,558.5,558.0642201834862,371.0,557,559,3,42,109,False,True,
run_20260807_175821_881241,4862,163,2026-08-07T18:01:07.557,5,right,581.0,580.5258620689655,371.0,579,582,4,42,116,False,True,
run_20260807_175821_881241,4862,163,2026-08-07T18:01:07.557,6,right,603.5,602.0736842105263,371.0,600,604,5,62,190,False,True,
run_20260807_175821_881241,4862,163,2026-08-07T18:01:07.557,7,right,625.0,624.8648648648649,370.75,624,626,3,42,111,False,True,
run_20260807_175821_881241,4862,163,2026-08-07T18:01:07.557,8,right,647.0,646.8363636363637,370.75,646,648,3,43,110,False,True,
run_20260807_175821_881241,4862,163,2026-08-07T18:01:07.557,9,right,669.0,668.7551020408164,370.75,668,670,3,41,98,False,True,
run_20260807_175821_881241,4862,163,2026-08-07T18:01:07.557,10,right,690.5,690.2674418604652,370.75,689,691,3,39,86,False,True,
run_20260807_175821_881241,4862,163,2026-08-07T18:01:07.557,11,right,712.5,711.1870967741935,370.75,709,713,5,43,155,False,True,
run_20260807_175821_881241,4862,163,2026-08-07T18:01:07.557,12,right,733.5,733.2765957446809,370.5,732,734,3,42,94,False,True,
run_20260807_175821_881241,4893,164,2026-08-07T18:01:08.588,12,left,7.5,7.822916666666667,370.5,7,9,3,41,96,False,True,
run_20260807_175821_881241,4893,164,2026-08-07T18:01:08.588,11,left,29.0,30.279329608938546,370.75,28,33,6,51,179,False,True,
run_20260807_175821_881241,4893,164,2026-08-07T18:01:08.588,10,left,51.0,51.148514851485146,370.75,50,52,3,39,101,False,True,
run_20260807_175821_881241,4893,164,2026-08-07T18:01:08.588,9,left,72.5,73.02197802197803,370.75,72,74,3,37,91,False,True,
run_20260807_175821_881241,4893,164,2026-08-07T18:01:08.588,8,left,94.5,94.87209302325581,370.75,94,96,3,37,86,False,True,
run_20260807_175821_881241,4893,164,2026-08-07T18:01:08.588,7,left,116.5,116.85714285714286,370.75,116,118,3,38,84,False,True,
run_20260807_175821_881241,4893,164,2026-08-07T18:01:08.588,6,left,138.5,139.83798882681563,371.0,138,142,5,54,179,False,True,
run_20260807_175821_881241,4893,164,2026-08-07T18:01:08.588,5,left,161.0,161.18556701030928,371.0,160,162,3,39,97,False,True,
run_20260807_175821_881241,4893,164,2026-08-07T18:01:08.588,4,left,183.5,183.75555555555556,371.0,183,185,3,40,90,False,True,
run_20260807_175821_881241,4893,164,2026-08-07T18:01:08.588,3,left,205.84615384615384,206.06422018348624,370.9230769230769,205,207,3,40,109,False,True,
run_20260807_175821_881241,4893,164,2026-08-07T18:01:08.588,2,left,228.15384615384616,228.14953271028037,371.0769230769231,227,229,3,42,107,False,True,
run_20260807_175821_881241,4893,164,2026-08-07T18:01:08.588,1,left,250.0,250.61666666666667,371.0,249,252,4,68,180,False,True,
run_20260807_175821_881241,4893,164,2026-08-07T18:01:08.588,0,left,272.0,272.31182795698925,370.625,271,273,3,42,93,True,True,
run_20260807_175821_881241,4893,164,2026-08-07T18:01:08.588,0,right,469.25,469.07964601769913,370.625,468,470,3,42,113,True,True,
run_20260807_175821_881241,4893,164,2026-08-07T18:01:08.588,1,right,492.0,491.2307692307692,371.0,490,493,4,70,182,False,True,
run_20260807_175821_881241,4893,164,2026-08-07T18:01:08.588,2,right,514.0,513.8224299065421,371.0769230769231,513,515,3,42,107,False,True,
run_20260807_175821_881241,4893,164,2026-08-07T18:01:08.588,3,right,536.0,535.95,370.9230769230769,535,537,3,42,120,False,True,
run_20260807_175821_881241,4893,164,2026-08-07T18:01:08.588,4,right,558.5,558.0642201834862,371.0,557,559,3,42,109,False,True,
run_20260807_175821_881241,4893,164,2026-08-07T18:01:08.588,5,right,581.0,580.5,371.0,579,582,4,42,120,False,True,
run_20260807_175821_881241,4893,164,2026-08-07T18:01:08.588,6,right,603.5,602.0736842105263,371.0,600,604,5,62,190,False,True,
run_20260807_175821_881241,4893,164,2026-08-07T18:01:08.588,7,right,625.0,624.8648648648649,370.75,624,626,3,42,111,False,True,
run_20260807_175821_881241,4893,164,2026-08-07T18:01:08.588,8,right,647.0,646.8468468468468,370.75,646,648,3,43,111,False,True,
run_20260807_175821_881241,4893,164,2026-08-07T18:01:08.588,9,right,669.0,668.77,370.75,668,670,3,41,100,False,True,
run_20260807_175821_881241,4893,164,2026-08-07T18:01:08.588,10,right,690.5,690.2298850574713,370.75,689,691,3,39,87,False,True,
run_20260807_175821_881241,4893,164,2026-08-07T18:01:08.588,11,right,712.5,711.174193548387,370.75,709,713,5,43,155,False,True,
run_20260807_175821_881241,4893,164,2026-08-07T18:01:08.588,12,right,733.5,733.2526315789473,370.5,732,734,3,41,95,False,True,
run_20260807_175821_881241,4923,165,2026-08-07T18:01:09.591,12,left,7.5,7.835051546391752,370.5,7,9,3,41,97,False,True,
run_20260807_175821_881241,4923,165,2026-08-07T18:01:09.591,11,left,29.0,30.3,370.75,28,33,6,51,180,False,True,
run_20260807_175821_881241,4923,165,2026-08-07T18:01:09.591,10,left,51.0,51.12621359223301,370.75,50,52,3,39,103,False,True,
run_20260807_175821_881241,4923,165,2026-08-07T18:01:09.591,9,left,72.5,73.02197802197803,370.75,72,74,3,37,91,False,True,
run_20260807_175821_881241,4923,165,2026-08-07T18:01:09.591,8,left,94.5,94.91011235955057,370.75,94,96,3,37,89,False,True,
run_20260807_175821_881241,4923,165,2026-08-07T18:01:09.591,7,left,116.5,116.85714285714286,370.75,116,118,3,38,84,False,True,
run_20260807_175821_881241,4923,165,2026-08-07T18:01:09.591,6,left,138.5,139.82777777777778,371.0,138,142,5,54,180,False,True,
run_20260807_175821_881241,4923,165,2026-08-07T18:01:09.591,5,left,161.0,161.18367346938774,371.0,160,162,3,39,98,False,True,
run_20260807_175821_881241,4923,165,2026-08-07T18:01:09.591,4,left,183.5,183.7608695652174,371.0,183,185,3,40,92,False,True,
run_20260807_175821_881241,4923,165,2026-08-07T18:01:09.591,3,left,205.75,206.05555555555554,370.875,205,207,3,40,108,False,True,
run_20260807_175821_881241,4923,165,2026-08-07T18:01:09.591,2,left,228.15384615384616,228.14953271028037,371.0769230769231,227,229,3,42,107,False,True,
run_20260807_175821_881241,4923,165,2026-08-07T18:01:09.591,1,left,250.0,250.6243093922652,371.0,249,252,4,68,181,False,True,
run_20260807_175821_881241,4923,165,2026-08-07T18:01:09.591,0,left,272.0,272.31182795698925,370.6818181818182,271,273,3,42,93,True,True,
run_20260807_175821_881241,4923,165,2026-08-07T18:01:09.591,0,right,469.3636363636364,469.07964601769913,370.6818181818182,468,470,3,42,113,True,True,
run_20260807_175821_881241,4923,165,2026-08-07T18:01:09.591,1,right,492.0,491.23497267759564,371.0,490,493,4,70,183,False,True,
run_20260807_175821_881241,4923,165,2026-08-07T18:01:09.591,2,right,514.0,513.8224299065421,371.0769230769231,513,515,3,42,107,False,True,
run_20260807_175821_881241,4923,165,2026-08-07T18:01:09.591,3,right,536.0,535.95,370.875,535,537,3,42,120,False,True,
run_20260807_175821_881241,4923,165,2026-08-07T18:01:09.591,4,right,558.5,558.0642201834862,371.0,557,559,3,42,109,False,True,
run_20260807_175821_881241,4923,165,2026-08-07T18:01:09.591,5,right,581.0,580.5,371.0,579,582,4,42,120,False,True,
run_20260807_175821_881241,4923,165,2026-08-07T18:01:09.591,6,right,603.5,602.0687830687831,371.0,600,604,5,62,189,False,True,
run_20260807_175821_881241,4923,165,2026-08-07T18:01:09.591,7,right,625.0,624.8648648648649,370.75,624,626,3,42,111,False,True,
run_20260807_175821_881241,4923,165,2026-08-07T18:01:09.591,8,right,647.0,646.8363636363637,370.75,646,648,3,43,110,False,True,
run_20260807_175821_881241,4923,165,2026-08-07T18:01:09.591,9,right,669.0,668.77,370.75,668,670,3,41,100,False,True,
run_20260807_175821_881241,4923,165,2026-08-07T18:01:09.591,10,right,690.5,690.2441860465116,370.75,689,691,3,39,86,False,True,
run_20260807_175821_881241,4923,165,2026-08-07T18:01:09.591,11,right,712.5,711.1870967741935,370.75,709,713,5,43,155,False,True,
run_20260807_175821_881241,4923,165,2026-08-07T18:01:09.591,12,right,733.5,733.2631578947369,370.5,732,734,3,42,95,False,True,
run_20260807_175821_881241,4953,166,2026-08-07T18:01:10.595,12,left,7.5,7.822916666666667,370.75,7,9,3,41,96,False,True,
run_20260807_175821_881241,4953,166,2026-08-07T18:01:10.595,11,left,29.0,30.335195530726256,370.75,28,33,6,51,179,False,True,
run_20260807_175821_881241,4953,166,2026-08-07T18:01:10.595,10,left,51.0,51.148514851485146,370.75,50,52,3,39,101,False,True,
run_20260807_175821_881241,4953,166,2026-08-07T18:01:10.595,9,left,72.5,73.02197802197803,370.75,72,74,3,37,91,False,True,
run_20260807_175821_881241,4953,166,2026-08-07T18:01:10.595,8,left,94.5,94.91111111111111,370.75,94,96,3,38,90,False,True,
run_20260807_175821_881241,4953,166,2026-08-07T18:01:10.595,7,left,116.5,116.84705882352941,370.75,116,118,3,38,85,False,True,
run_20260807_175821_881241,4953,166,2026-08-07T18:01:10.595,6,left,138.5,139.82777777777778,371.0,138,142,5,54,180,False,True,
run_20260807_175821_881241,4953,166,2026-08-07T18:01:10.595,5,left,161.0,161.18367346938774,371.0,160,162,3,39,98,False,True,
run_20260807_175821_881241,4953,166,2026-08-07T18:01:10.595,4,left,183.5,183.52631578947367,371.0,183,184,2,40,76,False,True,
run_20260807_175821_881241,4953,166,2026-08-07T18:01:10.595,3,left,205.75,206.045871559633,370.875,205,207,3,40,109,False,True,
run_20260807_175821_881241,4953,166,2026-08-07T18:01:10.595,2,left,228.25,228.16037735849056,371.125,227,229,3,42,106,False,True,
run_20260807_175821_881241,4953,166,2026-08-07T18:01:10.595,1,left,250.0,250.6,371.0,249,252,4,68,180,False,True,
run_20260807_175821_881241,4953,166,2026-08-07T18:01:10.595,0,left,272.0,272.31182795698925,370.5769230769231,271,273,3,42,93,True,True,
run_20260807_175821_881241,4953,166,2026-08-07T18:01:10.595,0,right,469.15384615384613,469.0608695652174,370.5769230769231,468,470,3,42,115,True,True,
run_20260807_175821_881241,4953,166,2026-08-07T18:01:10.595,1,right,492.0,491.22651933701655,371.0,490,493,4,70,181,False,True,
run_20260807_175821_881241,4953,166,2026-08-07T18:01:10.595,2,right,514.0,513.8224299065421,371.125,513,515,3,42,107,False,True,
run_20260807_175821_881241,4953,166,2026-08-07T18:01:10.595,3,right,536.0,535.95,370.875,535,537,3,42,120,False,True,
run_20260807_175821_881241,4953,166,2026-08-07T18:01:10.595,4,right,558.5,558.0642201834862,371.0,557,559,3,42,109,False,True,
run_20260807_175821_881241,4953,166,2026-08-07T18:01:10.595,5,right,581.0,580.4741379310345,371.0,579,582,4,42,116,False,True,
run_20260807_175821_881241,4953,166,2026-08-07T18:01:10.595,6,right,603.5,602.0736842105263,371.0,600,604,5,62,190,False,True,
run_20260807_175821_881241,4953,166,2026-08-07T18:01:10.595,7,right,625.0,624.8648648648649,370.75,624,626,3,42,111,False,True,
run_20260807_175821_881241,4953,166,2026-08-07T18:01:10.595,8,right,647.0,646.8363636363637,370.75,646,648,3,43,110,False,True,
run_20260807_175821_881241,4953,166,2026-08-07T18:01:10.595,9,right,669.0,668.7575757575758,370.75,668,670,3,41,99,False,True,
run_20260807_175821_881241,4953,166,2026-08-07T18:01:10.595,10,right,690.5,690.2386363636364,370.75,689,691,3,39,88,False,True,
run_20260807_175821_881241,4953,166,2026-08-07T18:01:10.595,11,right,712.5,711.171974522293,370.75,709,713,5,43,157,False,True,
run_20260807_175821_881241,4953,166,2026-08-07T18:01:10.595,12,right,734.0,733.4444444444445,370.75,732,735,4,42,108,False,True,
run_20260807_175821_881241,4984,167,2026-08-07T18:01:11.623,12,left,7.5,7.822916666666667,370.75,7,9,3,41,96,False,True,
run_20260807_175821_881241,4984,167,2026-08-07T18:01:11.623,11,left,29.0,30.3,370.75,28,33,6,51,180,False,True,
run_20260807_175821_881241,4984,167,2026-08-07T18:01:11.623,10,left,51.0,51.148514851485146,370.75,50,52,3,39,101,False,True,
run_20260807_175821_881241,4984,167,2026-08-07T18:01:11.623,9,left,72.5,73.02197802197803,370.75,72,74,3,37,91,False,True,
run_20260807_175821_881241,4984,167,2026-08-07T18:01:11.623,8,left,94.5,94.92307692307692,370.75,94,96,3,38,91,False,True,
run_20260807_175821_881241,4984,167,2026-08-07T18:01:11.623,7,left,116.5,116.84705882352941,370.75,116,118,3,38,85,False,True,
run_20260807_175821_881241,4984,167,2026-08-07T18:01:11.623,6,left,138.5,139.82122905027933,371.0,138,142,5,54,179,False,True,
run_20260807_175821_881241,4984,167,2026-08-07T18:01:11.623,5,left,161.0,161.18367346938774,371.0,160,162,3,39,98,False,True,
run_20260807_175821_881241,4984,167,2026-08-07T18:01:11.623,4,left,183.5,183.52631578947367,371.0,183,184,2,40,76,False,True,
run_20260807_175821_881241,4984,167,2026-08-07T18:01:11.623,3,left,205.75,206.0467289719626,370.875,205,207,3,40,107,False,True,
run_20260807_175821_881241,4984,167,2026-08-07T18:01:11.623,2,left,228.15384615384616,228.14953271028037,371.0769230769231,227,229,3,42,107,False,True,
run_20260807_175821_881241,4984,167,2026-08-07T18:01:11.623,1,left,250.0,250.61666666666667,371.0,249,252,4,68,180,False,True,
run_20260807_175821_881241,4984,167,2026-08-07T18:01:11.623,0,left,272.0,272.31182795698925,370.625,271,273,3,42,93,True,True,
run_20260807_175821_881241,4984,167,2026-08-07T18:01:11.623,0,right,469.25,469.0892857142857,370.625,468,470,3,42,112,True,True,
run_20260807_175821_881241,4984,167,2026-08-07T18:01:11.623,1,right,492.0,491.23333333333335,371.0,490,493,4,70,180,False,True,
run_20260807_175821_881241,4984,167,2026-08-07T18:01:11.623,2,right,514.0,513.811320754717,371.0769230769231,513,515,3,42,106,False,True,
run_20260807_175821_881241,4984,167,2026-08-07T18:01:11.623,3,right,536.0,535.95,370.875,535,537,3,42,120,False,True,
run_20260807_175821_881241,4984,167,2026-08-07T18:01:11.623,4,right,558.5,558.0642201834862,371.0,557,559,3,42,109,False,True,
run_20260807_175821_881241,4984,167,2026-08-07T18:01:11.623,5,right,581.0,580.5,371.0,579,582,4,42,116,False,True,
run_20260807_175821_881241,4984,167,2026-08-07T18:01:11.623,6,right,603.5,602.0687830687831,371.0,600,604,5,62,189,False,True,
run_20260807_175821_881241,4984,167,2026-08-07T18:01:11.623,7,right,625.0,624.8648648648649,370.75,624,626,3,42,111,False,True,
run_20260807_175821_881241,4984,167,2026-08-07T18:01:11.623,8,right,647.0,646.8468468468468,370.75,646,648,3,43,111,False,True,
run_20260807_175821_881241,4984,167,2026-08-07T18:01:11.623,9,right,669.0,668.7676767676768,370.75,668,670,3,41,99,False,True,
run_20260807_175821_881241,4984,167,2026-08-07T18:01:11.623,10,right,690.5,690.2674418604652,370.75,689,691,3,39,86,False,True,
run_20260807_175821_881241,4984,167,2026-08-07T18:01:11.623,11,right,712.5,711.174193548387,370.75,709,713,5,43,155,False,True,
run_20260807_175821_881241,4984,167,2026-08-07T18:01:11.623,12,right,734.0,733.4579439252336,370.75,732,735,4,42,107,False,True,
run_20260807_175821_881241,5014,168,2026-08-07T18:01:12.624,12,left,7.5,7.846938775510204,370.5,7,9,3,41,98,False,True,
run_20260807_175821_881241,5014,168,2026-08-07T18:01:12.624,11,left,29.0,30.307262569832403,370.75,28,33,6,51,179,False,True,
run_20260807_175821_881241,5014,168,2026-08-07T18:01:12.624,10,left,51.0,51.148514851485146,370.75,50,52,3,39,101,False,True,
run_20260807_175821_881241,5014,168,2026-08-07T18:01:12.624,9,left,72.5,73.04395604395604,370.75,72,74,3,37,91,False,True,
run_20260807_175821_881241,5014,168,2026-08-07T18:01:12.624,8,left,94.5,94.92307692307692,370.75,94,96,3,38,91,False,True,
run_20260807_175821_881241,5014,168,2026-08-07T18:01:12.624,7,left,116.5,116.84705882352941,370.75,116,118,3,38,85,False,True,
run_20260807_175821_881241,5014,168,2026-08-07T18:01:12.624,6,left,138.5,139.82222222222222,371.0,138,142,5,54,180,False,True,
run_20260807_175821_881241,5014,168,2026-08-07T18:01:12.624,5,left,161.0,161.18367346938774,371.0,160,162,3,39,98,False,True,
run_20260807_175821_881241,5014,168,2026-08-07T18:01:12.624,4,left,183.5,183.52631578947367,371.0,183,184,2,40,76,False,True,
run_20260807_175821_881241,5014,168,2026-08-07T18:01:12.624,3,left,205.75,206.05555555555554,370.875,205,207,3,40,108,False,True,
run_20260807_175821_881241,5014,168,2026-08-07T18:01:12.624,2,left,228.25,228.16037735849056,371.125,227,229,3,42,106,False,True,
run_20260807_175821_881241,5014,168,2026-08-07T18:01:12.624,1,left,250.0,250.61666666666667,371.0,249,252,4,68,180,False,True,
run_20260807_175821_881241,5014,168,2026-08-07T18:01:12.624,0,left,272.0,272.31182795698925,370.6818181818182,271,273,3,42,93,True,True,
run_20260807_175821_881241,5014,168,2026-08-07T18:01:12.624,0,right,469.3636363636364,469.0892857142857,370.6818181818182,468,470,3,42,112,True,True,
run_20260807_175821_881241,5014,168,2026-08-07T18:01:12.624,1,right,492.0,491.22651933701655,371.0,490,493,4,70,181,False,True,
run_20260807_175821_881241,5014,168,2026-08-07T18:01:12.624,2,right,514.0,513.8,371.125,513,515,3,42,105,False,True,
run_20260807_175821_881241,5014,168,2026-08-07T18:01:12.624,3,right,536.0,535.95,370.875,535,537,3,42,120,False,True,
run_20260807_175821_881241,5014,168,2026-08-07T18:01:12.624,4,right,558.5,558.0545454545454,371.0,557,559,3,42,110,False,True,
run_20260807_175821_881241,5014,168,2026-08-07T18:01:12.624,5,right,581.0,580.421052631579,371.0,579,582,4,42,114,False,True,
run_20260807_175821_881241,5014,168,2026-08-07T18:01:12.624,6,right,603.5,602.062827225131,371.0,600,604,5,62,191,False,True,
run_20260807_175821_881241,5014,168,2026-08-07T18:01:12.624,7,right,625.0,624.8648648648649,370.75,624,626,3,42,111,False,True,
run_20260807_175821_881241,5014,168,2026-08-07T18:01:12.624,8,right,647.0,646.8363636363637,370.75,646,648,3,43,110,False,True,
run_20260807_175821_881241,5014,168,2026-08-07T18:01:12.624,9,right,669.0,668.7676767676768,370.75,668,670,3,41,99,False,True,
run_20260807_175821_881241,5014,168,2026-08-07T18:01:12.624,10,right,690.5,690.2674418604652,370.75,689,691,3,39,86,False,True,
run_20260807_175821_881241,5014,168,2026-08-07T18:01:12.624,11,right,712.5,711.1602564102565,370.75,709,713,5,43,156,False,True,
run_20260807_175821_881241,5014,168,2026-08-07T18:01:12.624,12,right,733.5,733.2631578947369,370.5,732,734,3,42,95,False,True,
run_20260807_175821_881241,5045,169,2026-08-07T18:01:13.654,12,left,7.5,7.814432989690721,370.5,7,9,3,41,97,False,True,
run_20260807_175821_881241,5045,169,2026-08-07T18:01:13.654,11,left,29.0,30.279329608938546,370.75,28,33,6,51,179,False,True,
run_20260807_175821_881241,5045,169,2026-08-07T18:01:13.654,10,left,51.0,51.148514851485146,370.75,50,52,3,39,101,False,True,
run_20260807_175821_881241,5045,169,2026-08-07T18:01:13.654,9,left,72.5,73.0111111111111,370.75,72,74,3,37,90,False,True,
run_20260807_175821_881241,5045,169,2026-08-07T18:01:13.654,8,left,94.5,94.93478260869566,370.75,94,96,3,38,92,False,True,
run_20260807_175821_881241,5045,169,2026-08-07T18:01:13.654,7,left,116.5,116.84705882352941,370.75,116,118,3,38,85,False,True,
run_20260807_175821_881241,5045,169,2026-08-07T18:01:13.654,6,left,138.5,139.8232044198895,371.0,138,142,5,55,181,False,True,
run_20260807_175821_881241,5045,169,2026-08-07T18:01:13.654,5,left,161.0,161.18367346938774,371.0,160,162,3,39,98,False,True,
run_20260807_175821_881241,5045,169,2026-08-07T18:01:13.654,4,left,183.5,183.5194805194805,371.0,183,184,2,40,77,False,True,
run_20260807_175821_881241,5045,169,2026-08-07T18:01:13.654,3,left,205.84615384615384,206.07272727272726,370.9230769230769,205,207,3,40,110,False,True,
run_20260807_175821_881241,5045,169,2026-08-07T18:01:13.654,2,left,228.15384615384616,228.14953271028037,371.0769230769231,227,229,3,42,107,False,True,
run_20260807_175821_881241,5045,169,2026-08-07T18:01:13.654,1,left,250.0,250.6153846153846,371.0,249,252,4,68,182,False,True,
run_20260807_175821_881241,5045,169,2026-08-07T18:01:13.654,0,left,272.0,272.31182795698925,370.5,271,273,3,42,93,True,True,
run_20260807_175821_881241,5045,169,2026-08-07T18:01:13.654,0,right,469.0,469.04273504273505,370.5,468,470,3,42,117,True,True,
run_20260807_175821_881241,5045,169,2026-08-07T18:01:13.654,1,right,492.0,491.2197802197802,371.0,490,493,4,70,182,False,True,
run_20260807_175821_881241,5045,169,2026-08-07T18:01:13.654,2,right,514.0,513.811320754717,371.0769230769231,513,515,3,42,106,False,True,
run_20260807_175821_881241,5045,169,2026-08-07T18:01:13.654,3,right,536.0,535.9411764705883,370.9230769230769,535,537,3,42,119,False,True,
run_20260807_175821_881241,5045,169,2026-08-07T18:01:13.654,4,right,558.5,558.0642201834862,371.0,557,559,3,42,109,False,True,
run_20260807_175821_881241,5045,169,2026-08-07T18:01:13.654,5,right,581.0,580.4159292035398,371.0,579,582,4,42,113,False,True,
run_20260807_175821_881241,5045,169,2026-08-07T18:01:13.654,6,right,603.5,602.0687830687831,371.0,600,604,5,62,189,False,True,
run_20260807_175821_881241,5045,169,2026-08-07T18:01:13.654,7,right,625.0,624.8648648648649,370.75,624,626,3,42,111,False,True,
run_20260807_175821_881241,5045,169,2026-08-07T18:01:13.654,8,right,647.0,646.8363636363637,370.75,646,648,3,43,110,False,True,
run_20260807_175821_881241,5045,169,2026-08-07T18:01:13.654,9,right,669.0,668.7551020408164,370.75,668,670,3,41,98,False,True,
run_20260807_175821_881241,5045,169,2026-08-07T18:01:13.654,10,right,690.5,690.2588235294118,370.75,689,691,3,39,85,False,True,
run_20260807_175821_881241,5045,169,2026-08-07T18:01:13.654,11,right,712.5,711.1753246753246,370.75,709,713,5,43,154,False,True,
run_20260807_175821_881241,5045,169,2026-08-07T18:01:13.654,12,right,733.5,733.2659574468086,370.5,732,734,3,41,94,False,True,
run_20260807_175821_881241,5075,170,2026-08-07T18:01:14.658,12,left,7.5,7.822916666666667,370.5,7,9,3,41,96,False,True,
run_20260807_175821_881241,5075,170,2026-08-07T18:01:14.658,11,left,29.0,30.314606741573034,370.75,28,33,6,51,178,False,True,
run_20260807_175821_881241,5075,170,2026-08-07T18:01:14.658,10,left,51.0,51.148514851485146,370.75,50,52,3,39,101,False,True,
run_20260807_175821_881241,5075,170,2026-08-07T18:01:14.658,9,left,72.5,73.02197802197803,370.75,72,74,3,37,91,False,True,
run_20260807_175821_881241,5075,170,2026-08-07T18:01:14.658,8,left,94.5,94.93333333333334,370.75,94,96,3,38,90,False,True,
run_20260807_175821_881241,5075,170,2026-08-07T18:01:14.658,7,left,116.5,116.85714285714286,370.75,116,118,3,38,84,False,True,
run_20260807_175821_881241,5075,170,2026-08-07T18:01:14.658,6,left,138.5,139.82777777777778,371.0,138,142,5,54,180,False,True,
run_20260807_175821_881241,5075,170,2026-08-07T18:01:14.658,5,left,161.0,161.18367346938774,371.0,160,162,3,39,98,False,True,
run_20260807_175821_881241,5075,170,2026-08-07T18:01:14.658,4,left,183.5,183.52631578947367,371.0,183,184,2,40,76,False,True,
run_20260807_175821_881241,5075,170,2026-08-07T18:01:14.658,3,left,205.75,206.03571428571428,370.875,205,207,3,40,112,False,True,
run_20260807_175821_881241,5075,170,2026-08-07T18:01:14.658,2,left,228.25,228.16037735849056,371.125,227,229,3,42,106,False,True,
run_20260807_175821_881241,5075,170,2026-08-07T18:01:14.658,1,left,250.0,250.6243093922652,371.0,249,252,4,68,181,False,True,
run_20260807_175821_881241,5075,170,2026-08-07T18:01:14.658,0,left,272.0,272.30434782608694,370.5769230769231,271,273,3,41,92,True,True,
run_20260807_175821_881241,5075,170,2026-08-07T18:01:14.658,0,right,469.15384615384613,469.0608695652174,370.5769230769231,468,470,3,42,115,True,True,
run_20260807_175821_881241,5075,170,2026-08-07T18:01:14.658,1,right,492.0,491.22651933701655,371.0,490,493,4,70,181,False,True,
run_20260807_175821_881241,5075,170,2026-08-07T18:01:14.658,2,right,514.0,513.811320754717,371.125,513,515,3,42,106,False,True,
run_20260807_175821_881241,5075,170,2026-08-07T18:01:14.658,3,right,536.0,535.95,370.875,535,537,3,42,120,False,True,
run_20260807_175821_881241,5075,170,2026-08-07T18:01:14.658,4,right,558.5,558.0642201834862,371.0,557,559,3,42,109,False,True,
run_20260807_175821_881241,5075,170,2026-08-07T18:01:14.658,5,right,581.0,580.4873949579832,371.0,579,582,4,42,119,False,True,
run_20260807_175821_881241,5075,170,2026-08-07T18:01:14.658,6,right,603.5,602.0736842105263,371.0,600,604,5,62,190,False,True,
run_20260807_175821_881241,5075,170,2026-08-07T18:01:14.658,7,right,625.0,624.8648648648649,370.75,624,626,3,42,111,False,True,
run_20260807_175821_881241,5075,170,2026-08-07T18:01:14.658,8,right,647.0,646.8363636363637,370.75,646,648,3,43,110,False,True,
run_20260807_175821_881241,5075,170,2026-08-07T18:01:14.658,9,right,669.0,668.77,370.75,668,670,3,41,100,False,True,
run_20260807_175821_881241,5075,170,2026-08-07T18:01:14.658,10,right,690.5,690.2588235294118,370.75,689,691,3,39,85,False,True,
run_20260807_175821_881241,5075,170,2026-08-07T18:01:14.658,11,right,712.5,711.1870967741935,370.75,709,713,5,43,155,False,True,
run_20260807_175821_881241,5075,170,2026-08-07T18:01:14.658,12,right,733.5,733.2631578947369,370.5,732,734,3,42,95,False,True,
run_20260807_175821_881241,5106,171,2026-08-07T18:01:15.691,12,left,7.5,7.814432989690721,370.5,7,9,3,41,97,False,True,
run_20260807_175821_881241,5106,171,2026-08-07T18:01:15.691,11,left,29.0,30.288888888888888,370.75,28,33,6,51,180,False,True,
run_20260807_175821_881241,5106,171,2026-08-07T18:01:15.691,10,left,51.0,51.148514851485146,370.75,50,52,3,39,101,False,True,
run_20260807_175821_881241,5106,171,2026-08-07T18:01:15.691,9,left,72.5,73.02197802197803,370.75,72,74,3,37,91,False,True,
run_20260807_175821_881241,5106,171,2026-08-07T18:01:15.691,8,left,94.5,94.93333333333334,370.75,94,96,3,38,90,False,True,
run_20260807_175821_881241,5106,171,2026-08-07T18:01:15.691,7,left,116.5,116.84705882352941,370.75,116,118,3,38,85,False,True,
run_20260807_175821_881241,5106,171,2026-08-07T18:01:15.691,6,left,138.5,139.82872928176795,371.0,138,142,5,55,181,False,True,
run_20260807_175821_881241,5106,171,2026-08-07T18:01:15.691,5,left,161.0,161.18367346938774,371.0,160,162,3,39,98,False,True,
run_20260807_175821_881241,5106,171,2026-08-07T18:01:15.691,4,left,183.5,183.52631578947367,371.0,183,184,2,40,76,False,True,
run_20260807_175821_881241,5106,171,2026-08-07T18:01:15.691,3,left,205.75,206.02702702702703,370.875,205,207,3,40,111,False,True,
run_20260807_175821_881241,5106,171,2026-08-07T18:01:15.691,2,left,228.25,228.16037735849056,371.125,227,229,3,42,106,False,True,
run_20260807_175821_881241,5106,171,2026-08-07T18:01:15.691,1,left,250.0,250.60773480662982,371.0,249,252,4,68,181,False,True,
run_20260807_175821_881241,5106,171,2026-08-07T18:01:15.691,0,left,272.0,272.31182795698925,370.75,271,273,3,42,93,True,True,
run_20260807_175821_881241,5106,171,2026-08-07T18:01:15.691,0,right,469.5,469.1090909090909,370.75,468,470,3,42,110,True,True,
run_20260807_175821_881241,5106,171,2026-08-07T18:01:15.691,1,right,492.0,491.22651933701655,371.0,490,493,4,70,181,False,True,
run_20260807_175821_881241,5106,171,2026-08-07T18:01:15.691,2,right,514.0,513.8224299065421,371.125,513,515,3,42,107,False,True,
run_20260807_175821_881241,5106,171,2026-08-07T18:01:15.691,3,right,536.0,535.95,370.875,535,537,3,42,120,False,True,
run_20260807_175821_881241,5106,171,2026-08-07T18:01:15.691,4,right,558.5,558.0642201834862,371.0,557,559,3,42,109,False,True,
run_20260807_175821_881241,5106,171,2026-08-07T18:01:15.691,5,right,581.0,580.5384615384615,371.0,579,582,4,42,117,False,True,
run_20260807_175821_881241,5106,171,2026-08-07T18:01:15.691,6,right,603.5,602.0578947368421,371.0,600,604,5,62,190,False,True,
run_20260807_175821_881241,5106,171,2026-08-07T18:01:15.691,7,right,625.0,624.8648648648649,370.75,624,626,3,42,111,False,True,
run_20260807_175821_881241,5106,171,2026-08-07T18:01:15.691,8,right,647.0,646.8363636363637,370.75,646,648,3,43,110,False,True,
run_20260807_175821_881241,5106,171,2026-08-07T18:01:15.691,9,right,669.0,668.77,370.75,668,670,3,41,100,False,True,
run_20260807_175821_881241,5106,171,2026-08-07T18:01:15.691,10,right,690.5,690.2441860465116,370.75,689,691,3,39,86,False,True,
run_20260807_175821_881241,5106,171,2026-08-07T18:01:15.691,11,right,712.5,711.1612903225806,370.75,709,713,5,43,155,False,True,
run_20260807_175821_881241,5106,171,2026-08-07T18:01:15.691,12,right,733.5,733.2795698924731,370.5,732,734,3,41,93,False,True,
run_20260807_175821_881241,5136,172,2026-08-07T18:01:16.694,12,left,7.5,7.814432989690721,370.5,7,9,3,41,97,False,True,
run_20260807_175821_881241,5136,172,2026-08-07T18:01:16.694,11,left,29.0,30.335227272727273,370.75,28,33,6,51,176,False,True,
run_20260807_175821_881241,5136,172,2026-08-07T18:01:16.694,10,left,51.0,51.148514851485146,370.75,50,52,3,39,101,False,True,
run_20260807_175821_881241,5136,172,2026-08-07T18:01:16.694,9,left,72.5,73.02197802197803,370.75,72,74,3,37,91,False,True,
run_20260807_175821_881241,5136,172,2026-08-07T18:01:16.694,8,left,94.5,94.9090909090909,370.75,94,96,3,38,88,False,True,
run_20260807_175821_881241,5136,172,2026-08-07T18:01:16.694,7,left,116.5,116.85714285714286,370.75,116,118,3,38,84,False,True,
run_20260807_175821_881241,5136,172,2026-08-07T18:01:16.694,6,left,138.5,139.82777777777778,371.0,138,142,5,54,180,False,True,
run_20260807_175821_881241,5136,172,2026-08-07T18:01:16.694,5,left,161.0,161.18367346938774,371.0,160,162,3,39,98,False,True,
run_20260807_175821_881241,5136,172,2026-08-07T18:01:16.694,4,left,183.5,183.52631578947367,371.0,183,184,2,40,76,False,True,
run_20260807_175821_881241,5136,172,2026-08-07T18:01:16.694,3,left,205.75,206.05555555555554,370.875,205,207,3,40,108,False,True,
run_20260807_175821_881241,5136,172,2026-08-07T18:01:16.694,2,left,228.15384615384616,228.14953271028037,371.0769230769231,227,229,3,42,107,False,True,
run_20260807_175821_881241,5136,172,2026-08-07T18:01:16.694,1,left,250.0,250.6043956043956,371.0,249,252,4,68,182,False,True,
run_20260807_175821_881241,5136,172,2026-08-07T18:01:16.694,0,left,272.0,272.3152173913044,370.5357142857143,271,273,3,42,92,True,True,
run_20260807_175821_881241,5136,172,2026-08-07T18:01:16.694,0,right,469.07142857142856,469.05172413793105,370.5357142857143,468,470,3,42,116,True,True,
run_20260807_175821_881241,5136,172,2026-08-07T18:01:16.694,1,right,492.0,491.2197802197802,371.0,490,493,4,70,182,False,True,
run_20260807_175821_881241,5136,172,2026-08-07T18:01:16.694,2,right,514.0,513.811320754717,371.0769230769231,513,515,3,42,106,False,True,
run_20260807_175821_881241,5136,172,2026-08-07T18:01:16.694,3,right,536.0,535.95,370.875,535,537,3,42,120,False,True,
run_20260807_175821_881241,5136,172,2026-08-07T18:01:16.694,4,right,558.5,558.0642201834862,371.0,557,559,3,42,109,False,True,
run_20260807_175821_881241,5136,172,2026-08-07T18:01:16.694,5,right,581.0,580.5,371.0,579,582,4,42,120,False,True,
run_20260807_175821_881241,5136,172,2026-08-07T18:01:16.694,6,right,603.5,602.0625,371.0,600,604,5,63,192,False,True,
run_20260807_175821_881241,5136,172,2026-08-07T18:01:16.694,7,right,625.0,624.875,370.75,624,626,3,42,112,False,True,
run_20260807_175821_881241,5136,172,2026-08-07T18:01:16.694,8,right,647.0,646.8363636363637,370.75,646,648,3,43,110,False,True,
run_20260807_175821_881241,5136,172,2026-08-07T18:01:16.694,9,right,669.0,668.7676767676768,370.75,668,670,3,41,99,False,True,
run_20260807_175821_881241,5136,172,2026-08-07T18:01:16.694,10,right,690.5,690.2674418604652,370.75,689,691,3,39,86,False,True,
run_20260807_175821_881241,5136,172,2026-08-07T18:01:16.694,11,right,712.5,711.1730769230769,370.75,709,713,5,43,156,False,True,
run_20260807_175821_881241,5136,172,2026-08-07T18:01:16.694,12,right,733.5,733.2631578947369,370.5,732,734,3,42,95,False,True,
run_20260807_175821_881241,5167,173,2026-08-07T18:01:17.725,12,left,7.5,7.835051546391752,370.5,7,9,3,41,97,False,True,
run_20260807_175821_881241,5167,173,2026-08-07T18:01:17.725,11,left,29.0,30.297752808988765,370.75,28,33,6,51,178,False,True,
run_20260807_175821_881241,5167,173,2026-08-07T18:01:17.725,10,left,51.0,51.148514851485146,370.75,50,52,3,39,101,False,True,
run_20260807_175821_881241,5167,173,2026-08-07T18:01:17.725,9,left,72.5,73.01086956521739,370.75,72,74,3,37,92,False,True,
run_20260807_175821_881241,5167,173,2026-08-07T18:01:17.725,8,left,94.5,94.93333333333334,370.75,94,96,3,38,90,False,True,
run_20260807_175821_881241,5167,173,2026-08-07T18:01:17.725,7,left,116.5,116.85714285714286,370.75,116,118,3,38,84,False,True,
run_20260807_175821_881241,5167,173,2026-08-07T18:01:17.725,6,left,138.5,139.8232044198895,371.0,138,142,5,55,181,False,True,
run_20260807_175821_881241,5167,173,2026-08-07T18:01:17.725,5,left,161.0,161.18367346938774,371.0,160,162,3,39,98,False,True,
run_20260807_175821_881241,5167,173,2026-08-07T18:01:17.725,4,left,183.5,183.52631578947367,371.0,183,184,2,40,76,False,True,
run_20260807_175821_881241,5167,173,2026-08-07T18:01:17.725,3,left,205.75,206.02702702702703,370.875,205,207,3,40,111,False,True,
run_20260807_175821_881241,5167,173,2026-08-07T18:01:17.725,2,left,228.25,228.16037735849056,371.125,227,229,3,42,106,False,True,
run_20260807_175821_881241,5167,173,2026-08-07T18:01:17.725,1,left,250.0,250.61325966850828,371.0,249,252,4,68,181,False,True,
run_20260807_175821_881241,5167,173,2026-08-07T18:01:17.725,0,left,272.0,272.31182795698925,370.5769230769231,271,273,3,42,93,True,True,
run_20260807_175821_881241,5167,173,2026-08-07T18:01:17.725,0,right,469.15384615384613,469.0701754385965,370.5769230769231,468,470,3,42,114,True,True,
run_20260807_175821_881241,5167,173,2026-08-07T18:01:17.725,1,right,492.0,491.2197802197802,371.0,490,493,4,70,182,False,True,
run_20260807_175821_881241,5167,173,2026-08-07T18:01:17.725,2,right,514.0,513.811320754717,371.125,513,515,3,42,106,False,True,
run_20260807_175821_881241,5167,173,2026-08-07T18:01:17.725,3,right,536.0,535.95,370.875,535,537,3,42,120,False,True,
run_20260807_175821_881241,5167,173,2026-08-07T18:01:17.725,4,right,558.5,558.0642201834862,371.0,557,559,3,42,109,False,True,
run_20260807_175821_881241,5167,173,2026-08-07T18:01:17.725,5,right,581.0,580.5258620689655,371.0,579,582,4,42,116,False,True,
run_20260807_175821_881241,5167,173,2026-08-07T18:01:17.725,6,right,603.5,602.0578947368421,371.0,600,604,5,62,190,False,True,
run_20260807_175821_881241,5167,173,2026-08-07T18:01:17.725,7,right,625.0,624.875,370.75,624,626,3,42,112,False,True,
run_20260807_175821_881241,5167,173,2026-08-07T18:01:17.725,8,right,647.0,646.8363636363637,370.75,646,648,3,43,110,False,True,
run_20260807_175821_881241,5167,173,2026-08-07T18:01:17.725,9,right,669.0,668.77,370.75,668,670,3,41,100,False,True,
run_20260807_175821_881241,5167,173,2026-08-07T18:01:17.725,10,right,690.5,690.2674418604652,370.75,689,691,3,39,86,False,True,
run_20260807_175821_881241,5167,173,2026-08-07T18:01:17.725,11,right,712.5,711.171974522293,370.75,709,713,5,43,157,False,True,
run_20260807_175821_881241,5167,173,2026-08-07T18:01:17.725,12,right,733.5,733.2631578947369,370.5,732,734,3,42,95,False,True,
run_20260807_175821_881241,5198,174,2026-08-07T18:01:18.756,12,left,7.5,7.810526315789474,370.5,7,9,3,41,95,False,True,
run_20260807_175821_881241,5198,174,2026-08-07T18:01:18.756,11,left,29.0,30.337142857142858,370.75,28,33,6,51,175,False,True,
run_20260807_175821_881241,5198,174,2026-08-07T18:01:18.756,10,left,51.0,51.148514851485146,370.75,50,52,3,39,101,False,True,
run_20260807_175821_881241,5198,174,2026-08-07T18:01:18.756,9,left,72.5,73.02197802197803,370.75,72,74,3,37,91,False,True,
run_20260807_175821_881241,5198,174,2026-08-07T18:01:18.756,8,left,94.5,94.89887640449439,370.75,94,96,3,38,89,False,True,
run_20260807_175821_881241,5198,174,2026-08-07T18:01:18.756,7,left,116.5,116.85714285714286,370.75,116,118,3,38,84,False,True,
run_20260807_175821_881241,5198,174,2026-08-07T18:01:18.756,6,left,138.5,139.81767955801104,371.0,138,142,5,55,181,False,True,
run_20260807_175821_881241,5198,174,2026-08-07T18:01:18.756,5,left,161.0,161.18367346938774,371.0,160,162,3,39,98,False,True,
run_20260807_175821_881241,5198,174,2026-08-07T18:01:18.756,4,left,183.5,183.52631578947367,371.0,183,184,2,40,76,False,True,
run_20260807_175821_881241,5198,174,2026-08-07T18:01:18.756,3,left,205.75,206.06422018348624,370.875,205,207,3,40,109,False,True,
run_20260807_175821_881241,5198,174,2026-08-07T18:01:18.756,2,left,228.15384615384616,228.14953271028037,371.0769230769231,227,229,3,42,107,False,True,
run_20260807_175821_881241,5198,174,2026-08-07T18:01:18.756,1,left,250.0,250.61325966850828,371.0,249,252,4,68,181,False,True,
run_20260807_175821_881241,5198,174,2026-08-07T18:01:18.756,0,left,272.0,272.31182795698925,370.5769230769231,271,273,3,42,93,True,True,
run_20260807_175821_881241,5198,174,2026-08-07T18:01:18.756,0,right,469.15384615384613,469.0608695652174,370.5769230769231,468,470,3,42,115,True,True,
run_20260807_175821_881241,5198,174,2026-08-07T18:01:18.756,1,right,492.0,491.22651933701655,371.0,490,493,4,70,181,False,True,
run_20260807_175821_881241,5198,174,2026-08-07T18:01:18.756,2,right,514.0,513.811320754717,371.0769230769231,513,515,3,42,106,False,True,
run_20260807_175821_881241,5198,174,2026-08-07T18:01:18.756,3,right,536.0,535.95,370.875,535,537,3,42,120,False,True,
run_20260807_175821_881241,5198,174,2026-08-07T18:01:18.756,4,right,558.5,558.0642201834862,371.0,557,559,3,42,109,False,True,
run_20260807_175821_881241,5198,174,2026-08-07T18:01:18.756,5,right,581.0,580.5258620689655,371.0,579,582,4,42,116,False,True,
run_20260807_175821_881241,5198,174,2026-08-07T18:01:18.756,6,right,603.5,602.0736842105263,371.0,600,604,5,62,190,False,True,
run_20260807_175821_881241,5198,174,2026-08-07T18:01:18.756,7,right,625.0,624.875,370.75,624,626,3,42,112,False,True,
run_20260807_175821_881241,5198,174,2026-08-07T18:01:18.756,8,right,647.0,646.8468468468468,370.75,646,648,3,43,111,False,True,
run_20260807_175821_881241,5198,174,2026-08-07T18:01:18.756,9,right,669.0,668.7575757575758,370.75,668,670,3,41,99,False,True,
run_20260807_175821_881241,5198,174,2026-08-07T18:01:18.756,10,right,690.5,690.2386363636364,370.75,689,691,3,39,88,False,True,
run_20260807_175821_881241,5198,174,2026-08-07T18:01:18.756,11,right,712.5,711.1612903225806,370.75,709,713,5,43,155,False,True,
run_20260807_175821_881241,5198,174,2026-08-07T18:01:18.756,12,right,733.5,733.2631578947369,370.5,732,734,3,42,95,False,True,
run_20260807_175821_881241,5228,175,2026-08-07T18:01:19.760,12,left,7.5,7.835051546391752,370.5,7,9,3,41,97,False,True,
run_20260807_175821_881241,5228,175,2026-08-07T18:01:19.760,11,left,29.0,30.282485875706215,370.75,28,33,6,51,177,False,True,
run_20260807_175821_881241,5228,175,2026-08-07T18:01:19.760,10,left,51.0,51.12621359223301,370.75,50,52,3,39,103,False,True,
run_20260807_175821_881241,5228,175,2026-08-07T18:01:19.760,9,left,72.5,73.02197802197803,370.75,72,74,3,37,91,False,True,
run_20260807_175821_881241,5228,175,2026-08-07T18:01:19.760,8,left,94.5,94.92307692307692,370.75,94,96,3,38,91,False,True,
run_20260807_175821_881241,5228,175,2026-08-07T18:01:19.760,7,left,116.5,116.84705882352941,370.75,116,118,3,38,85,False,True,
run_20260807_175821_881241,5228,175,2026-08-07T18:01:19.760,6,left,138.5,139.8186813186813,371.0,138,142,5,55,182,False,True,
run_20260807_175821_881241,5228,175,2026-08-07T18:01:19.760,5,left,161.0,161.18367346938774,371.0,160,162,3,39,98,False,True,
run_20260807_175821_881241,5228,175,2026-08-07T18:01:19.760,4,left,183.5,183.52631578947367,371.0,183,184,2,40,76,False,True,
run_20260807_175821_881241,5228,175,2026-08-07T18:01:19.760,3,left,205.75,206.05555555555554,370.875,205,207,3,40,108,False,True,
run_20260807_175821_881241,5228,175,2026-08-07T18:01:19.760,2,left,228.25,228.16037735849056,371.125,227,229,3,42,106,False,True,
run_20260807_175821_881241,5228,175,2026-08-07T18:01:19.760,1,left,250.0,250.6043956043956,371.0,249,252,4,68,182,False,True,
run_20260807_175821_881241,5228,175,2026-08-07T18:01:19.760,0,left,272.0,272.31182795698925,370.625,271,273,3,42,93,True,True,
run_20260807_175821_881241,5228,175,2026-08-07T18:01:19.760,0,right,469.25,469.0701754385965,370.625,468,470,3,42,114,True,True,
run_20260807_175821_881241,5228,175,2026-08-07T18:01:19.760,1,right,492.0,491.22651933701655,371.0,490,493,4,70,181,False,True,
run_20260807_175821_881241,5228,175,2026-08-07T18:01:19.760,2,right,514.0,513.8224299065421,371.125,513,515,3,42,107,False,True,
run_20260807_175821_881241,5228,175,2026-08-07T18:01:19.760,3,right,536.0,535.95,370.875,535,537,3,42,120,False,True,
run_20260807_175821_881241,5228,175,2026-08-07T18:01:19.760,4,right,558.5,558.0642201834862,371.0,557,559,3,42,109,False,True,
run_20260807_175821_881241,5228,175,2026-08-07T18:01:19.760,5,right,581.0,580.4867256637168,371.0,579,582,4,42,113,False,True,
run_20260807_175821_881241,5228,175,2026-08-07T18:01:19.760,6,right,603.5,602.0575916230366,371.0,600,604,5,63,191,False,True,
run_20260807_175821_881241,5228,175,2026-08-07T18:01:19.760,7,right,625.0,624.875,370.75,624,626,3,42,112,False,True,
run_20260807_175821_881241,5228,175,2026-08-07T18:01:19.760,8,right,647.0,646.8468468468468,370.75,646,648,3,43,111,False,True,
run_20260807_175821_881241,5228,175,2026-08-07T18:01:19.760,9,right,669.0,668.7575757575758,370.75,668,670,3,41,99,False,True,
run_20260807_175821_881241,5228,175,2026-08-07T18:01:19.760,10,right,690.5,690.2588235294118,370.75,689,691,3,39,85,False,True,
run_20260807_175821_881241,5228,175,2026-08-07T18:01:19.760,11,right,712.5,711.1612903225806,370.75,709,713,5,43,155,False,True,
run_20260807_175821_881241,5228,175,2026-08-07T18:01:19.760,12,right,733.5,733.2526315789473,370.5,732,734,3,41,95,False,True,
run_20260807_175821_881241,5259,176,2026-08-07T18:01:20.789,12,left,7.5,7.835051546391752,370.5,7,9,3,41,97,False,True,
run_20260807_175821_881241,5259,176,2026-08-07T18:01:20.789,11,left,29.0,30.297752808988765,370.75,28,33,6,51,178,False,True,
run_20260807_175821_881241,5259,176,2026-08-07T18:01:20.789,10,left,51.0,51.148514851485146,370.75,50,52,3,39,101,False,True,
run_20260807_175821_881241,5259,176,2026-08-07T18:01:20.789,9,left,72.5,73.0,370.75,72,74,3,37,89,False,True,
run_20260807_175821_881241,5259,176,2026-08-07T18:01:20.789,8,left,94.5,94.89887640449439,370.75,94,96,3,38,89,False,True,
run_20260807_175821_881241,5259,176,2026-08-07T18:01:20.789,7,left,116.5,116.84705882352941,370.75,116,118,3,38,85,False,True,
run_20260807_175821_881241,5259,176,2026-08-07T18:01:20.789,6,left,138.5,139.8314606741573,371.0,138,142,5,54,178,False,True,
run_20260807_175821_881241,5259,176,2026-08-07T18:01:20.789,5,left,161.0,161.18367346938774,371.0,160,162,3,39,98,False,True,
run_20260807_175821_881241,5259,176,2026-08-07T18:01:20.789,4,left,183.5,183.52631578947367,371.0,183,184,2,40,76,False,True,
run_20260807_175821_881241,5259,176,2026-08-07T18:01:20.789,3,left,205.84615384615384,206.045871559633,370.9230769230769,205,207,3,40,109,False,True,
run_20260807_175821_881241,5259,176,2026-08-07T18:01:20.789,2,left,228.15384615384616,228.14953271028037,371.0769230769231,227,229,3,42,107,False,True,
run_20260807_175821_881241,5259,176,2026-08-07T18:01:20.789,1,left,250.0,250.6153846153846,371.0,249,252,4,68,182,False,True,
run_20260807_175821_881241,5259,176,2026-08-07T18:01:20.789,0,left,272.0,272.3076923076923,370.75,271,273,3,41,91,True,True,
run_20260807_175821_881241,5259,176,2026-08-07T18:01:20.789,0,right,469.5,469.1090909090909,370.75,468,470,3,42,110,True,True,
run_20260807_175821_881241,5259,176,2026-08-07T18:01:20.789,1,right,492.0,491.22651933701655,371.0,490,493,4,70,181,False,True,
run_20260807_175821_881241,5259,176,2026-08-07T18:01:20.789,2,right,514.0,513.8224299065421,371.0769230769231,513,515,3,42,107,False,True,
run_20260807_175821_881241,5259,176,2026-08-07T18:01:20.789,3,right,536.0,535.95,370.9230769230769,535,537,3,42,120,False,True,
run_20260807_175821_881241,5259,176,2026-08-07T18:01:20.789,4,right,558.5,558.074074074074,371.0,557,559,3,42,108,False,True,
run_20260807_175821_881241,5259,176,2026-08-07T18:01:20.789,5,right,581.0,580.448275862069,371.0,579,582,4,42,116,False,True,
run_20260807_175821_881241,5259,176,2026-08-07T18:01:20.789,6,right,603.5,602.0631578947368,371.0,600,604,5,63,190,False,True,
run_20260807_175821_881241,5259,176,2026-08-07T18:01:20.789,7,right,625.0,624.875,370.75,624,626,3,42,112,False,True,
run_20260807_175821_881241,5259,176,2026-08-07T18:01:20.789,8,right,647.0,646.8363636363637,370.75,646,648,3,43,110,False,True,
run_20260807_175821_881241,5259,176,2026-08-07T18:01:20.789,9,right,669.0,668.7676767676768,370.75,668,670,3,41,99,False,True,
run_20260807_175821_881241,5259,176,2026-08-07T18:01:20.789,10,right,690.5,690.25,370.75,689,691,3,39,84,False,True,
run_20260807_175821_881241,5259,176,2026-08-07T18:01:20.789,11,right,712.5,711.1483870967742,370.75,709,713,5,43,155,False,True,
run_20260807_175821_881241,5259,176,2026-08-07T18:01:20.789,12,right,733.5,733.2659574468086,370.5,732,734,3,41,94,False,True,
run_20260807_175821_881241,5289,177,2026-08-07T18:01:21.801,12,left,7.5,7.810526315789474,370.5,7,9,3,41,95,False,True,
run_20260807_175821_881241,5289,177,2026-08-07T18:01:21.801,11,left,29.0,30.350574712643677,370.75,28,33,6,51,174,False,True,
run_20260807_175821_881241,5289,177,2026-08-07T18:01:21.801,10,left,51.0,51.148514851485146,370.75,50,52,3,39,101,False,True,
run_20260807_175821_881241,5289,177,2026-08-07T18:01:21.801,9,left,72.5,72.9888888888889,370.75,72,74,3,37,90,False,True,
run_20260807_175821_881241,5289,177,2026-08-07T18:01:21.801,8,left,94.5,94.94623655913979,370.75,94,96,3,38,93,False,True,
run_20260807_175821_881241,5289,177,2026-08-07T18:01:21.801,7,left,116.5,116.85714285714286,370.75,116,118,3,38,84,False,True,
run_20260807_175821_881241,5289,177,2026-08-07T18:01:21.801,6,left,138.5,139.82122905027933,371.0,138,142,5,54,179,False,True,
run_20260807_175821_881241,5289,177,2026-08-07T18:01:21.801,5,left,161.0,161.18367346938774,371.0,160,162,3,39,98,False,True,
run_20260807_175821_881241,5289,177,2026-08-07T18:01:21.801,4,left,183.5,183.5194805194805,371.0,183,184,2,40,77,False,True,
run_20260807_175821_881241,5289,177,2026-08-07T18:01:21.801,3,left,205.84615384615384,206.05454545454546,370.9230769230769,205,207,3,40,110,False,True,
run_20260807_175821_881241,5289,177,2026-08-07T18:01:21.801,2,left,228.15384615384616,228.14953271028037,371.0769230769231,227,229,3,42,107,False,True,
run_20260807_175821_881241,5289,177,2026-08-07T18:01:21.801,1,left,250.0,250.6,371.0,249,252,4,68,180,False,True,
run_20260807_175821_881241,5289,177,2026-08-07T18:01:21.801,0,left,272.0,272.31182795698925,370.6818181818182,271,273,3,42,93,True,True,
run_20260807_175821_881241,5289,177,2026-08-07T18:01:21.801,0,right,469.3636363636364,469.0892857142857,370.6818181818182,468,470,3,42,112,True,True,
run_20260807_175821_881241,5289,177,2026-08-07T18:01:21.801,1,right,492.0,491.22651933701655,371.0,490,493,4,70,181,False,True,
run_20260807_175821_881241,5289,177,2026-08-07T18:01:21.801,2,right,514.0,513.811320754717,371.0769230769231,513,515,3,42,106,False,True,
run_20260807_175821_881241,5289,177,2026-08-07T18:01:21.801,3,right,536.0,535.95,370.9230769230769,535,537,3,42,120,False,True,
run_20260807_175821_881241,5289,177,2026-08-07T18:01:21.801,4,right,558.5,558.0642201834862,371.0,557,559,3,42,109,False,True,
run_20260807_175821_881241,5289,177,2026-08-07T18:01:21.801,5,right,581.0,580.5384615384615,371.0,579,582,4,42,117,False,True,
run_20260807_175821_881241,5289,177,2026-08-07T18:01:21.801,6,right,603.5,602.062827225131,371.0,600,604,5,62,191,False,True,
run_20260807_175821_881241,5289,177,2026-08-07T18:01:21.801,7,right,625.0,624.875,370.75,624,626,3,42,112,False,True,
run_20260807_175821_881241,5289,177,2026-08-07T18:01:21.801,8,right,647.0,646.8363636363637,370.75,646,648,3,43,110,False,True,
run_20260807_175821_881241,5289,177,2026-08-07T18:01:21.801,9,right,669.0,668.7676767676768,370.75,668,670,3,41,99,False,True,
run_20260807_175821_881241,5289,177,2026-08-07T18:01:21.801,10,right,690.5,690.2209302325581,370.75,689,691,3,39,86,False,True,
run_20260807_175821_881241,5289,177,2026-08-07T18:01:21.801,11,right,712.5,711.19375,370.75,709,713,5,43,160,False,True,
run_20260807_175821_881241,5289,177,2026-08-07T18:01:21.801,12,right,733.5,733.25,370.5,732,734,3,42,96,False,True,
run_20260807_175821_881241,5320,178,2026-08-07T18:01:22.823,12,left,7.5,7.810526315789474,370.5,7,9,3,41,95,False,True,
run_20260807_175821_881241,5320,178,2026-08-07T18:01:22.823,11,left,29.0,30.279329608938546,370.75,28,33,6,51,179,False,True,
run_20260807_175821_881241,5320,178,2026-08-07T18:01:22.823,10,left,51.0,51.12621359223301,370.75,50,52,3,39,103,False,True,
run_20260807_175821_881241,5320,178,2026-08-07T18:01:22.823,9,left,72.5,73.0,370.75,72,74,3,37,89,False,True,
run_20260807_175821_881241,5320,178,2026-08-07T18:01:22.823,8,left,94.5,94.92307692307692,370.75,94,96,3,38,91,False,True,
run_20260807_175821_881241,5320,178,2026-08-07T18:01:22.823,7,left,116.5,116.84705882352941,370.75,116,118,3,38,85,False,True,
run_20260807_175821_881241,5320,178,2026-08-07T18:01:22.823,6,left,138.5,139.8121546961326,371.0,138,142,5,55,181,False,True,
run_20260807_175821_881241,5320,178,2026-08-07T18:01:22.823,5,left,161.0,161.18367346938774,371.0,160,162,3,39,98,False,True,
run_20260807_175821_881241,5320,178,2026-08-07T18:01:22.823,4,left,183.5,183.5194805194805,371.0,183,184,2,40,77,False,True,
run_20260807_175821_881241,5320,178,2026-08-07T18:01:22.823,3,left,205.84615384615384,206.06422018348624,370.9230769230769,205,207,3,40,109,False,True,
run_20260807_175821_881241,5320,178,2026-08-07T18:01:22.823,2,left,228.25,228.16037735849056,371.125,227,229,3,42,106,False,True,
run_20260807_175821_881241,5320,178,2026-08-07T18:01:22.823,1,left,250.0,250.60773480662982,371.0,249,252,4,68,181,False,True,
run_20260807_175821_881241,5320,178,2026-08-07T18:01:22.823,0,left,272.0,272.31182795698925,370.5,271,273,3,42,93,True,True,
run_20260807_175821_881241,5320,178,2026-08-07T18:01:22.823,0,right,469.0,469.05172413793105,370.5,468,470,3,42,116,True,True,
run_20260807_175821_881241,5320,178,2026-08-07T18:01:22.823,1,right,492.0,491.2142857142857,371.0,490,493,4,70,182,False,True,
run_20260807_175821_881241,5320,178,2026-08-07T18:01:22.823,2,right,514.0,513.811320754717,371.125,513,515,3,42,106,False,True,
run_20260807_175821_881241,5320,178,2026-08-07T18:01:22.823,3,right,536.0,535.95,370.9230769230769,535,537,3,42,120,False,True,
run_20260807_175821_881241,5320,178,2026-08-07T18:01:22.823,4,right,558.5,558.0642201834862,371.0,557,559,3,42,109,False,True,
run_20260807_175821_881241,5320,178,2026-08-07T18:01:22.823,5,right,581.0,580.5384615384615,371.0,579,582,4,42,117,False,True,
run_20260807_175821_881241,5320,178,2026-08-07T18:01:22.823,6,right,603.5,602.0578947368421,371.0,600,604,5,62,190,False,True,
run_20260807_175821_881241,5320,178,2026-08-07T18:01:22.823,7,right,625.0,624.8648648648649,370.75,624,626,3,42,111,False,True,
run_20260807_175821_881241,5320,178,2026-08-07T18:01:22.823,8,right,647.0,646.8363636363637,370.75,646,648,3,43,110,False,True,
run_20260807_175821_881241,5320,178,2026-08-07T18:01:22.823,9,right,669.0,668.7676767676768,370.75,668,670,3,41,99,False,True,
run_20260807_175821_881241,5320,178,2026-08-07T18:01:22.823,10,right,690.5,690.2441860465116,370.75,689,691,3,39,86,False,True,
run_20260807_175821_881241,5320,178,2026-08-07T18:01:22.823,11,right,712.5,711.1730769230769,370.75,709,713,5,43,156,False,True,
run_20260807_175821_881241,5320,178,2026-08-07T18:01:22.823,12,right,733.5,733.25,370.5,732,734,3,42,96,False,True,
run_20260807_175821_881241,5350,179,2026-08-07T18:01:23.824,12,left,7.5,7.822916666666667,370.5,7,9,3,41,96,False,True,
run_20260807_175821_881241,5350,179,2026-08-07T18:01:23.824,11,left,29.0,30.275280898876403,370.75,28,33,6,51,178,False,True,
run_20260807_175821_881241,5350,179,2026-08-07T18:01:23.824,10,left,51.0,51.148514851485146,370.75,50,52,3,39,101,False,True,
run_20260807_175821_881241,5350,179,2026-08-07T18:01:23.824,9,left,72.5,73.04395604395604,370.75,72,74,3,37,91,False,True,
run_20260807_175821_881241,5350,179,2026-08-07T18:01:23.824,8,left,94.5,94.93478260869566,370.75,94,96,3,38,92,False,True,
run_20260807_175821_881241,5350,179,2026-08-07T18:01:23.824,7,left,116.5,116.85714285714286,370.75,116,118,3,38,84,False,True,
run_20260807_175821_881241,5350,179,2026-08-07T18:01:23.824,6,left,138.5,139.82872928176795,371.0,138,142,5,54,181,False,True,
run_20260807_175821_881241,5350,179,2026-08-07T18:01:23.824,5,left,161.0,161.18367346938774,371.0,160,162,3,39,98,False,True,
run_20260807_175821_881241,5350,179,2026-08-07T18:01:23.824,4,left,183.5,183.5194805194805,371.0,183,184,2,40,77,False,True,
run_20260807_175821_881241,5350,179,2026-08-07T18:01:23.824,3,left,205.75,206.0467289719626,370.875,205,207,3,40,107,False,True,
run_20260807_175821_881241,5350,179,2026-08-07T18:01:23.824,2,left,228.15384615384616,228.14953271028037,371.0769230769231,227,229,3,42,107,False,True,
run_20260807_175821_881241,5350,179,2026-08-07T18:01:23.824,1,left,250.0,250.60773480662982,371.0,249,252,4,68,181,False,True,
run_20260807_175821_881241,5350,179,2026-08-07T18:01:23.824,0,left,272.0,272.31182795698925,370.6818181818182,271,273,3,42,93,True,True,
run_20260807_175821_881241,5350,179,2026-08-07T18:01:23.824,0,right,469.3636363636364,469.0892857142857,370.6818181818182,468,470,3,42,112,True,True,
run_20260807_175821_881241,5350,179,2026-08-07T18:01:23.824,1,right,492.0,491.22651933701655,371.0,490,493,4,70,181,False,True,
run_20260807_175821_881241,5350,179,2026-08-07T18:01:23.824,2,right,514.0,513.811320754717,371.0769230769231,513,515,3,42,106,False,True,
run_20260807_175821_881241,5350,179,2026-08-07T18:01:23.824,3,right,536.0,535.95,370.875,535,537,3,42,120,False,True,
run_20260807_175821_881241,5350,179,2026-08-07T18:01:23.824,4,right,558.5,558.0642201834862,371.0,557,559,3,42,109,False,True,
run_20260807_175821_881241,5350,179,2026-08-07T18:01:23.824,5,right,581.0,580.421052631579,371.0,579,582,4,42,114,False,True,
run_20260807_175821_881241,5350,179,2026-08-07T18:01:23.824,6,right,603.5,602.0736842105263,371.0,600,604,5,62,190,False,True,
run_20260807_175821_881241,5350,179,2026-08-07T18:01:23.824,7,right,625.0,624.8648648648649,370.75,624,626,3,42,111,False,True,
run_20260807_175821_881241,5350,179,2026-08-07T18:01:23.824,8,right,647.0,646.8363636363637,370.75,646,648,3,43,110,False,True,
run_20260807_175821_881241,5350,179,2026-08-07T18:01:23.824,9,right,669.0,668.7575757575758,370.75,668,670,3,41,99,False,True,
run_20260807_175821_881241,5350,179,2026-08-07T18:01:23.824,10,right,690.5,690.2674418604652,370.75,689,691,3,39,86,False,True,
run_20260807_175821_881241,5350,179,2026-08-07T18:01:23.824,11,right,712.5,711.1538461538462,370.75,709,713,5,43,156,False,True,
run_20260807_175821_881241,5350,179,2026-08-07T18:01:23.824,12,right,733.5,733.2631578947369,370.5,732,734,3,42,95,False,True,
run_20260807_175821_881241,5381,180,2026-08-07T18:01:24.855,12,left,7.5,7.822916666666667,370.5,7,9,3,41,96,False,True,
run_20260807_175821_881241,5381,180,2026-08-07T18:01:24.855,11,left,29.0,30.28491620111732,370.75,28,33,6,51,179,False,True,
run_20260807_175821_881241,5381,180,2026-08-07T18:01:24.855,10,left,51.0,51.13725490196079,370.75,50,52,3,39,102,False,True,
run_20260807_175821_881241,5381,180,2026-08-07T18:01:24.855,9,left,72.5,73.02197802197803,370.75,72,74,3,37,91,False,True,
run_20260807_175821_881241,5381,180,2026-08-07T18:01:24.855,8,left,94.5,94.95652173913044,370.75,94,96,3,38,92,False,True,
run_20260807_175821_881241,5381,180,2026-08-07T18:01:24.855,7,left,116.5,116.84705882352941,370.75,116,118,3,38,85,False,True,
run_20260807_175821_881241,5381,180,2026-08-07T18:01:24.855,6,left,138.5,139.82872928176795,371.0,138,142,5,54,181,False,True,
run_20260807_175821_881241,5381,180,2026-08-07T18:01:24.855,5,left,161.0,161.18367346938774,371.0,160,162,3,39,98,False,True,
run_20260807_175821_881241,5381,180,2026-08-07T18:01:24.855,4,left,183.5,183.52631578947367,371.0,183,184,2,40,76,False,True,
run_20260807_175821_881241,5381,180,2026-08-07T18:01:24.855,3,left,205.84615384615384,206.03571428571428,370.9230769230769,205,207,3,40,112,False,True,
run_20260807_175821_881241,5381,180,2026-08-07T18:01:24.855,2,left,228.15384615384616,228.14953271028037,371.0769230769231,227,229,3,42,107,False,True,
run_20260807_175821_881241,5381,180,2026-08-07T18:01:24.855,1,left,250.0,250.60893854748602,371.0,249,252,4,68,179,False,True,
run_20260807_175821_881241,5381,180,2026-08-07T18:01:24.855,0,left,272.0,272.31182795698925,370.6818181818182,271,273,3,42,93,True,True,
run_20260807_175821_881241,5381,180,2026-08-07T18:01:24.855,0,right,469.3636363636364,469.0892857142857,370.6818181818182,468,470,3,42,112,True,True,
run_20260807_175821_881241,5381,180,2026-08-07T18:01:24.855,1,right,492.0,491.2197802197802,371.0,490,493,4,70,182,False,True,
run_20260807_175821_881241,5381,180,2026-08-07T18:01:24.855,2,right,514.0,513.8,371.0769230769231,513,515,3,42,105,False,True,
run_20260807_175821_881241,5381,180,2026-08-07T18:01:24.855,3,right,536.0,535.95,370.9230769230769,535,537,3,42,120,False,True,
run_20260807_175821_881241,5381,180,2026-08-07T18:01:24.855,4,right,558.5,558.074074074074,371.0,557,559,3,42,108,False,True,
run_20260807_175821_881241,5381,180,2026-08-07T18:01:24.855,5,right,581.0,580.4594594594595,371.0,579,582,4,42,111,False,True,
run_20260807_175821_881241,5381,180,2026-08-07T18:01:24.855,6,right,603.5,602.062827225131,371.0,600,604,5,62,191,False,True,
run_20260807_175821_881241,5381,180,2026-08-07T18:01:24.855,7,right,625.0,624.8648648648649,370.75,624,626,3,42,111,False,True,
run_20260807_175821_881241,5381,180,2026-08-07T18:01:24.855,8,right,647.0,646.8468468468468,370.75,646,648,3,43,111,False,True,
run_20260807_175821_881241,5381,180,2026-08-07T18:01:24.855,9,right,669.0,668.77,370.75,668,670,3,41,100,False,True,
run_20260807_175821_881241,5381,180,2026-08-07T18:01:24.855,10,right,690.5,690.2674418604652,370.75,689,691,3,39,86,False,True,
run_20260807_175821_881241,5381,180,2026-08-07T18:01:24.855,11,right,712.5,711.174193548387,370.75,709,713,5,43,155,False,True,
run_20260807_175821_881241,5381,180,2026-08-07T18:01:24.855,12,right,733.5,733.25,370.5,732,734,3,42,96,False,True,
run_20260807_175821_881241,5411,181,2026-08-07T18:01:25.857,12,left,7.5,7.835051546391752,370.5,7,9,3,41,97,False,True,
run_20260807_175821_881241,5411,181,2026-08-07T18:01:25.857,11,left,29.0,30.314606741573034,370.75,28,33,6,51,178,False,True,
run_20260807_175821_881241,5411,181,2026-08-07T18:01:25.857,10,left,51.0,51.148514851485146,370.75,50,52,3,39,101,False,True,
run_20260807_175821_881241,5411,181,2026-08-07T18:01:25.857,9,left,72.5,73.0,370.75,72,74,3,37,89,False,True,
run_20260807_175821_881241,5411,181,2026-08-07T18:01:25.857,8,left,94.5,94.93333333333334,370.75,94,96,3,38,90,False,True,
run_20260807_175821_881241,5411,181,2026-08-07T18:01:25.857,7,left,116.5,116.84705882352941,370.75,116,118,3,38,85,False,True,
run_20260807_175821_881241,5411,181,2026-08-07T18:01:25.857,6,left,138.5,139.82222222222222,371.0,138,142,5,56,180,False,True,
run_20260807_175821_881241,5411,181,2026-08-07T18:01:25.857,5,left,161.0,161.18367346938774,371.0,160,162,3,39,98,False,True,
run_20260807_175821_881241,5411,181,2026-08-07T18:01:25.857,4,left,183.5,183.5194805194805,371.0,183,184,2,40,77,False,True,
run_20260807_175821_881241,5411,181,2026-08-07T18:01:25.857,3,left,205.75,206.05555555555554,370.875,205,207,3,40,108,False,True,
run_20260807_175821_881241,5411,181,2026-08-07T18:01:25.857,2,left,228.15384615384616,228.14953271028037,371.0769230769231,227,229,3,42,107,False,True,
run_20260807_175821_881241,5411,181,2026-08-07T18:01:25.857,1,left,250.0,250.60893854748602,371.0,249,252,4,68,179,False,True,
run_20260807_175821_881241,5411,181,2026-08-07T18:01:25.857,0,left,272.0,272.31182795698925,370.75,271,273,3,42,93,True,True,
run_20260807_175821_881241,5411,181,2026-08-07T18:01:25.857,0,right,469.5,469.1090909090909,370.75,468,470,3,42,110,True,True,
run_20260807_175821_881241,5411,181,2026-08-07T18:01:25.857,1,right,492.0,491.22651933701655,371.0,490,493,4,70,181,False,True,
run_20260807_175821_881241,5411,181,2026-08-07T18:01:25.857,2,right,514.0,513.8224299065421,371.0769230769231,513,515,3,42,107,False,True,
run_20260807_175821_881241,5411,181,2026-08-07T18:01:25.857,3,right,536.0,535.95,370.875,535,537,3,42,120,False,True,
run_20260807_175821_881241,5411,181,2026-08-07T18:01:25.857,4,right,558.5,558.0642201834862,371.0,557,559,3,42,109,False,True,
run_20260807_175821_881241,5411,181,2026-08-07T18:01:25.857,5,right,581.0,580.4867256637168,371.0,579,582,4,42,113,False,True,
run_20260807_175821_881241,5411,181,2026-08-07T18:01:25.857,6,right,603.5,602.0680628272252,371.0,600,604,5,62,191,False,True,
run_20260807_175821_881241,5411,181,2026-08-07T18:01:25.857,7,right,625.0,624.875,370.75,624,626,3,42,112,False,True,
run_20260807_175821_881241,5411,181,2026-08-07T18:01:25.857,8,right,647.0,646.8363636363637,370.75,646,648,3,43,110,False,True,
run_20260807_175821_881241,5411,181,2026-08-07T18:01:25.857,9,right,669.0,668.7575757575758,370.75,668,670,3,41,99,False,True,
run_20260807_175821_881241,5411,181,2026-08-07T18:01:25.857,10,right,690.5,690.2588235294118,370.75,689,691,3,39,85,False,True,
run_20260807_175821_881241,5411,181,2026-08-07T18:01:25.857,11,right,712.5,711.1612903225806,370.75,709,713,5,43,155,False,True,
run_20260807_175821_881241,5411,181,2026-08-07T18:01:25.857,12,right,733.5,733.2795698924731,370.5,732,734,3,41,93,False,True,
run_20260807_175821_881241,5441,182,2026-08-07T18:01:26.859,12,left,7.5,7.802083333333333,370.5,7,9,3,41,96,False,True,
run_20260807_175821_881241,5441,182,2026-08-07T18:01:26.859,11,left,29.0,30.280898876404493,370.75,28,33,6,51,178,False,True,
run_20260807_175821_881241,5441,182,2026-08-07T18:01:26.859,10,left,51.0,51.148514851485146,370.75,50,52,3,39,101,False,True,
run_20260807_175821_881241,5441,182,2026-08-07T18:01:26.859,9,left,72.5,73.03260869565217,370.75,72,74,3,37,92,False,True,
run_20260807_175821_881241,5441,182,2026-08-07T18:01:26.859,8,left,94.5,94.94505494505495,370.75,94,96,3,38,91,False,True,
run_20260807_175821_881241,5441,182,2026-08-07T18:01:26.859,7,left,116.5,116.84705882352941,370.75,116,118,3,38,85,False,True,
run_20260807_175821_881241,5441,182,2026-08-07T18:01:26.859,6,left,138.5,139.82222222222222,371.0,138,142,5,56,180,False,True,
run_20260807_175821_881241,5441,182,2026-08-07T18:01:26.859,5,left,161.0,161.17171717171718,371.0,160,162,3,39,99,False,True,
run_20260807_175821_881241,5441,182,2026-08-07T18:01:26.859,4,left,183.5,183.52631578947367,371.0,183,184,2,40,76,False,True,
run_20260807_175821_881241,5441,182,2026-08-07T18:01:26.859,3,left,205.84615384615384,206.05555555555554,370.9230769230769,205,207,3,40,108,False,True,
run_20260807_175821_881241,5441,182,2026-08-07T18:01:26.859,2,left,228.15384615384616,228.14953271028037,371.0769230769231,227,229,3,42,107,False,True,
run_20260807_175821_881241,5441,182,2026-08-07T18:01:26.859,1,left,250.0,250.6,371.0,249,252,4,68,180,False,True,
run_20260807_175821_881241,5441,182,2026-08-07T18:01:26.859,0,left,272.0,272.31182795698925,370.75,271,273,3,42,93,True,True,
run_20260807_175821_881241,5441,182,2026-08-07T18:01:26.859,0,right,469.5,469.0990990990991,370.75,468,470,3,42,111,True,True,
run_20260807_175821_881241,5441,182,2026-08-07T18:01:26.859,1,right,492.0,491.22651933701655,371.0,490,493,4,70,181,False,True,
run_20260807_175821_881241,5441,182,2026-08-07T18:01:26.859,2,right,514.0,513.8224299065421,371.0769230769231,513,515,3,42,107,False,True,
run_20260807_175821_881241,5441,182,2026-08-07T18:01:26.859,3,right,536.0,535.9411764705883,370.9230769230769,535,537,3,42,119,False,True,
run_20260807_175821_881241,5441,182,2026-08-07T18:01:26.859,4,right,558.5,558.074074074074,371.0,557,559,3,42,108,False,True,
run_20260807_175821_881241,5441,182,2026-08-07T18:01:26.859,5,right,581.0,580.4615384615385,371.0,579,582,4,42,117,False,True,
run_20260807_175821_881241,5441,182,2026-08-07T18:01:26.859,6,right,603.5,602.0687830687831,371.0,600,604,5,62,189,False,True,
run_20260807_175821_881241,5441,182,2026-08-07T18:01:26.859,7,right,625.0,624.875,370.75,624,626,3,42,112,False,True,
run_20260807_175821_881241,5441,182,2026-08-07T18:01:26.859,8,right,647.0,646.8468468468468,370.75,646,648,3,43,111,False,True,
run_20260807_175821_881241,5441,182,2026-08-07T18:01:26.859,9,right,669.0,668.77,370.75,668,670,3,41,100,False,True,
run_20260807_175821_881241,5441,182,2026-08-07T18:01:26.859,10,right,690.5,690.2441860465116,370.75,689,691,3,39,86,False,True,
run_20260807_175821_881241,5441,182,2026-08-07T18:01:26.859,11,right,712.5,711.1730769230769,370.75,709,713,5,43,156,False,True,
run_20260807_175821_881241,5441,182,2026-08-07T18:01:26.859,12,right,733.5,733.2526315789473,370.5,732,734,3,41,95,False,True,
run_20260807_175821_881241,5472,183,2026-08-07T18:01:27.889,12,left,7.5,7.819148936170213,370.5,7,9,3,41,94,False,True,
run_20260807_175821_881241,5472,183,2026-08-07T18:01:27.889,11,left,29.0,30.292134831460675,370.75,28,33,6,51,178,False,True,
run_20260807_175821_881241,5472,183,2026-08-07T18:01:27.889,10,left,51.0,51.148514851485146,370.75,50,52,3,39,101,False,True,
run_20260807_175821_881241,5472,183,2026-08-07T18:01:27.889,9,left,72.5,73.02197802197803,370.75,72,74,3,37,91,False,True,
run_20260807_175821_881241,5472,183,2026-08-07T18:01:27.889,8,left,94.5,94.91111111111111,370.75,94,96,3,38,90,False,True,
run_20260807_175821_881241,5472,183,2026-08-07T18:01:27.889,7,left,116.5,116.85714285714286,370.75,116,118,3,38,84,False,True,
run_20260807_175821_881241,5472,183,2026-08-07T18:01:27.889,6,left,138.5,139.8342541436464,371.0,138,142,5,55,181,False,True,
run_20260807_175821_881241,5472,183,2026-08-07T18:01:27.889,5,left,161.0,161.18367346938774,371.0,160,162,3,39,98,False,True,
run_20260807_175821_881241,5472,183,2026-08-07T18:01:27.889,4,left,183.5,183.52631578947367,371.0,183,184,2,40,76,False,True,
run_20260807_175821_881241,5472,183,2026-08-07T18:01:27.889,3,left,205.75,206.03773584905662,370.875,205,207,3,40,106,False,True,
run_20260807_175821_881241,5472,183,2026-08-07T18:01:27.889,2,left,228.15384615384616,228.14953271028037,371.0769230769231,227,229,3,42,107,False,True,
run_20260807_175821_881241,5472,183,2026-08-07T18:01:27.889,1,left,250.0,250.6,371.0,249,252,4,68,180,False,True,
run_20260807_175821_881241,5472,183,2026-08-07T18:01:27.889,0,left,272.0,272.31182795698925,370.5,271,273,3,42,93,True,True,
run_20260807_175821_881241,5472,183,2026-08-07T18:01:27.889,0,right,469.0,469.04273504273505,370.5,468,470,3,42,117,True,True,
run_20260807_175821_881241,5472,183,2026-08-07T18:01:27.889,1,right,492.0,491.21666666666664,371.0,490,493,4,70,180,False,True,
run_20260807_175821_881241,5472,183,2026-08-07T18:01:27.889,2,right,514.0,513.8,371.0769230769231,513,515,3,42,105,False,True,
run_20260807_175821_881241,5472,183,2026-08-07T18:01:27.889,3,right,536.0,535.95,370.875,535,537,3,42,120,False,True,
run_20260807_175821_881241,5472,183,2026-08-07T18:01:27.889,4,right,558.5,558.0642201834862,371.0,557,559,3,42,109,False,True,
run_20260807_175821_881241,5472,183,2026-08-07T18:01:27.889,5,right,581.0,580.448275862069,371.0,579,582,4,42,116,False,True,
run_20260807_175821_881241,5472,183,2026-08-07T18:01:27.889,6,right,603.5,602.0687830687831,371.0,600,604,5,62,189,False,True,
run_20260807_175821_881241,5472,183,2026-08-07T18:01:27.889,7,right,625.0,624.8648648648649,370.75,624,626,3,42,111,False,True,
run_20260807_175821_881241,5472,183,2026-08-07T18:01:27.889,8,right,647.0,646.8468468468468,370.75,646,648,3,43,111,False,True,
run_20260807_175821_881241,5472,183,2026-08-07T18:01:27.889,9,right,669.0,668.77,370.75,668,670,3,41,100,False,True,
run_20260807_175821_881241,5472,183,2026-08-07T18:01:27.889,10,right,690.5,690.2298850574713,370.75,689,691,3,39,87,False,True,
run_20260807_175821_881241,5472,183,2026-08-07T18:01:27.889,11,right,712.5,711.1962025316456,370.75,709,713,5,43,158,False,True,
run_20260807_175821_881241,5472,183,2026-08-07T18:01:27.889,12,right,733.5,733.2659574468086,370.5,732,734,3,41,94,False,True,
run_20260807_175821_881241,5502,184,2026-08-07T18:01:28.894,12,left,7.5,7.826530612244898,370.5,7,9,3,41,98,False,True,
run_20260807_175821_881241,5502,184,2026-08-07T18:01:28.894,11,left,29.0,30.292134831460675,370.75,28,33,6,51,178,False,True,
run_20260807_175821_881241,5502,184,2026-08-07T18:01:28.894,10,left,51.0,51.148514851485146,370.75,50,52,3,39,101,False,True,
run_20260807_175821_881241,5502,184,2026-08-07T18:01:28.894,9,left,72.5,73.0,370.75,72,74,3,37,89,False,True,
run_20260807_175821_881241,5502,184,2026-08-07T18:01:28.894,8,left,94.5,94.93478260869566,370.75,94,96,3,38,92,False,True,
run_20260807_175821_881241,5502,184,2026-08-07T18:01:28.894,7,left,116.5,116.84705882352941,370.75,116,118,3,38,85,False,True,
run_20260807_175821_881241,5502,184,2026-08-07T18:01:28.894,6,left,138.5,139.82222222222222,370.9318181818182,138,142,5,54,180,False,True,
run_20260807_175821_881241,5502,184,2026-08-07T18:01:28.894,5,left,161.0,161.18367346938774,371.0,160,162,3,39,98,False,True,
run_20260807_175821_881241,5502,184,2026-08-07T18:01:28.894,4,left,183.5,183.5194805194805,371.0,183,184,2,40,77,False,True,
run_20260807_175821_881241,5502,184,2026-08-07T18:01:28.894,3,left,205.75,206.03773584905662,370.875,205,207,3,40,106,False,True,
run_20260807_175821_881241,5502,184,2026-08-07T18:01:28.894,2,left,228.15384615384616,228.14953271028037,371.0769230769231,227,229,3,42,107,False,True,
run_20260807_175821_881241,5502,184,2026-08-07T18:01:28.894,1,left,250.0,250.59668508287294,371.0,249,252,4,68,181,False,True,
run_20260807_175821_881241,5502,184,2026-08-07T18:01:28.894,0,left,272.0,272.31868131868134,370.5,271,273,3,41,91,True,True,
run_20260807_175821_881241,5502,184,2026-08-07T18:01:28.894,0,right,469.0,469.0508474576271,370.5,468,470,3,42,118,True,True,
run_20260807_175821_881241,5502,184,2026-08-07T18:01:28.894,1,right,492.0,491.21666666666664,371.0,490,493,4,70,180,False,True,
run_20260807_175821_881241,5502,184,2026-08-07T18:01:28.894,2,right,514.0,513.811320754717,371.0769230769231,513,515,3,42,106,False,True,
run_20260807_175821_881241,5502,184,2026-08-07T18:01:28.894,3,right,536.0,535.95,370.875,535,537,3,42,120,False,True,
run_20260807_175821_881241,5502,184,2026-08-07T18:01:28.894,4,right,558.5,558.0642201834862,371.0,557,559,3,42,109,False,True,
run_20260807_175821_881241,5502,184,2026-08-07T18:01:28.894,5,right,581.0,580.4615384615385,371.0,579,582,4,42,117,False,True,
run_20260807_175821_881241,5502,184,2026-08-07T18:01:28.894,6,right,603.3636363636364,602.0732984293194,370.9318181818182,600,604,5,63,191,False,True,
run_20260807_175821_881241,5502,184,2026-08-07T18:01:28.894,7,right,625.0,624.8648648648649,370.75,624,626,3,42,111,False,True,
run_20260807_175821_881241,5502,184,2026-08-07T18:01:28.894,8,right,647.0,646.8130841121496,370.75,646,648,3,43,107,False,True,
run_20260807_175821_881241,5502,184,2026-08-07T18:01:28.894,9,right,669.0,668.77,370.75,668,670,3,41,100,False,True,
run_20260807_175821_881241,5502,184,2026-08-07T18:01:28.894,10,right,690.5,690.2352941176471,370.75,689,691,3,39,85,False,True,
run_20260807_175821_881241,5502,184,2026-08-07T18:01:28.894,11,right,712.5,711.1730769230769,370.75,709,713,5,43,156,False,True,
run_20260807_175821_881241,5502,184,2026-08-07T18:01:28.894,12,right,733.5,733.2659574468086,370.5,732,734,3,41,94,False,True,
run_20260807_175821_881241,5533,185,2026-08-07T18:01:29.921,12,left,7.5,7.822916666666667,370.5,7,9,3,41,96,False,True,
run_20260807_175821_881241,5533,185,2026-08-07T18:01:29.921,11,left,29.0,30.28813559322034,370.75,28,33,6,51,177,False,True,
run_20260807_175821_881241,5533,185,2026-08-07T18:01:29.921,10,left,51.0,51.148514851485146,370.75,50,52,3,39,101,False,True,
run_20260807_175821_881241,5533,185,2026-08-07T18:01:29.921,9,left,72.5,73.0,370.75,72,74,3,37,89,False,True,
run_20260807_175821_881241,5533,185,2026-08-07T18:01:29.921,8,left,94.5,94.93333333333334,370.75,94,96,3,38,90,False,True,
run_20260807_175821_881241,5533,185,2026-08-07T18:01:29.921,7,left,116.5,116.84705882352941,370.75,116,118,3,38,85,False,True,
run_20260807_175821_881241,5533,185,2026-08-07T18:01:29.921,6,left,138.5,139.82222222222222,371.0,138,142,5,54,180,False,True,
run_20260807_175821_881241,5533,185,2026-08-07T18:01:29.921,5,left,161.0,161.1958762886598,371.0,160,162,3,39,97,False,True,
run_20260807_175821_881241,5533,185,2026-08-07T18:01:29.921,4,left,183.5,183.5194805194805,371.0,183,184,2,40,77,False,True,
run_20260807_175821_881241,5533,185,2026-08-07T18:01:29.921,3,left,205.75,206.0467289719626,370.875,205,207,3,40,107,False,True,
run_20260807_175821_881241,5533,185,2026-08-07T18:01:29.921,2,left,228.15384615384616,228.14953271028037,371.0769230769231,227,229,3,42,107,False,True,
run_20260807_175821_881241,5533,185,2026-08-07T18:01:29.921,1,left,250.0,250.60773480662982,371.0,249,252,4,68,181,False,True,
run_20260807_175821_881241,5533,185,2026-08-07T18:01:29.921,0,left,272.0,272.30434782608694,370.5769230769231,271,273,3,41,92,True,True,
run_20260807_175821_881241,5533,185,2026-08-07T18:01:29.921,0,right,469.15384615384613,469.0701754385965,370.5769230769231,468,470,3,42,114,True,True,
run_20260807_175821_881241,5533,185,2026-08-07T18:01:29.921,1,right,492.0,491.2197802197802,371.0,490,493,4,70,182,False,True,
run_20260807_175821_881241,5533,185,2026-08-07T18:01:29.921,2,right,514.0,513.8224299065421,371.0769230769231,513,515,3,42,107,False,True,
run_20260807_175821_881241,5533,185,2026-08-07T18:01:29.921,3,right,536.0,535.95,370.875,535,537,3,42,120,False,True,
run_20260807_175821_881241,5533,185,2026-08-07T18:01:29.921,4,right,558.5,558.0642201834862,371.0,557,559,3,42,109,False,True,
run_20260807_175821_881241,5533,185,2026-08-07T18:01:29.921,5,right,581.0,580.5,371.0,579,582,4,42,114,False,True,
run_20260807_175821_881241,5533,185,2026-08-07T18:01:29.921,6,right,603.5,602.062827225131,371.0,600,604,5,62,191,False,True,
run_20260807_175821_881241,5533,185,2026-08-07T18:01:29.921,7,right,625.0,624.8648648648649,370.75,624,626,3,42,111,False,True,
run_20260807_175821_881241,5533,185,2026-08-07T18:01:29.921,8,right,647.0,646.8348623853211,370.75,646,648,3,43,109,False,True,
run_20260807_175821_881241,5533,185,2026-08-07T18:01:29.921,9,right,669.0,668.77,370.75,668,670,3,41,100,False,True,
run_20260807_175821_881241,5533,185,2026-08-07T18:01:29.921,10,right,690.5,690.2588235294118,370.75,689,691,3,39,85,False,True,
run_20260807_175821_881241,5533,185,2026-08-07T18:01:29.921,11,right,712.5,711.1858974358975,370.75,709,713,5,43,156,False,True,
run_20260807_175821_881241,5533,185,2026-08-07T18:01:29.921,12,right,733.5,733.2526315789473,370.5,732,734,3,41,95,False,True,
run_20260807_175821_881241,5563,186,2026-08-07T18:01:30.924,12,left,7.5,7.822916666666667,370.5,7,9,3,41,96,False,True,
run_20260807_175821_881241,5563,186,2026-08-07T18:01:30.924,11,left,29.0,30.295454545454547,370.75,28,33,6,51,176,False,True,
run_20260807_175821_881241,5563,186,2026-08-07T18:01:30.924,10,left,51.0,51.148514851485146,370.75,50,52,3,39,101,False,True,
run_20260807_175821_881241,5563,186,2026-08-07T18:01:30.924,9,left,72.5,73.02150537634408,370.75,72,74,3,37,93,False,True,
run_20260807_175821_881241,5563,186,2026-08-07T18:01:30.924,8,left,94.5,94.91111111111111,370.75,94,96,3,38,90,False,True,
run_20260807_175821_881241,5563,186,2026-08-07T18:01:30.924,7,left,116.5,116.84705882352941,370.75,116,118,3,38,85,False,True,
run_20260807_175821_881241,5563,186,2026-08-07T18:01:30.924,6,left,138.5,139.8186813186813,371.0,138,142,5,55,182,False,True,
run_20260807_175821_881241,5563,186,2026-08-07T18:01:30.924,5,left,161.0,161.18367346938774,371.0,160,162,3,39,98,False,True,
run_20260807_175821_881241,5563,186,2026-08-07T18:01:30.924,4,left,183.5,183.52631578947367,371.0,183,184,2,40,76,False,True,
run_20260807_175821_881241,5563,186,2026-08-07T18:01:30.924,3,left,205.75,206.0467289719626,370.875,205,207,3,40,107,False,True,
run_20260807_175821_881241,5563,186,2026-08-07T18:01:30.924,2,left,228.15384615384616,228.14953271028037,371.0769230769231,227,229,3,42,107,False,True,
run_20260807_175821_881241,5563,186,2026-08-07T18:01:30.924,1,left,250.0,250.60773480662982,371.0,249,252,4,68,181,False,True,
run_20260807_175821_881241,5563,186,2026-08-07T18:01:30.924,0,left,272.0,272.30434782608694,370.5769230769231,271,273,3,41,92,True,True,
run_20260807_175821_881241,5563,186,2026-08-07T18:01:30.924,0,right,469.15384615384613,469.0701754385965,370.5769230769231,468,470,3,42,114,True,True,
run_20260807_175821_881241,5563,186,2026-08-07T18:01:30.924,1,right,492.0,491.22651933701655,371.0,490,493,4,70,181,False,True,
run_20260807_175821_881241,5563,186,2026-08-07T18:01:30.924,2,right,514.0,513.811320754717,371.0769230769231,513,515,3,42,106,False,True,
run_20260807_175821_881241,5563,186,2026-08-07T18:01:30.924,3,right,536.0,535.95,370.875,535,537,3,42,120,False,True,
run_20260807_175821_881241,5563,186,2026-08-07T18:01:30.924,4,right,558.5,558.074074074074,371.0,557,559,3,42,108,False,True,
run_20260807_175821_881241,5563,186,2026-08-07T18:01:30.924,5,right,581.0,580.4568965517242,371.0,579,582,4,42,116,False,True,
run_20260807_175821_881241,5563,186,2026-08-07T18:01:30.924,6,right,603.5,602.0687830687831,371.0,600,604,5,62,189,False,True,
run_20260807_175821_881241,5563,186,2026-08-07T18:01:30.924,7,right,625.0,624.8648648648649,370.75,624,626,3,42,111,False,True,
run_20260807_175821_881241,5563,186,2026-08-07T18:01:30.924,8,right,647.0,646.8348623853211,370.75,646,648,3,43,109,False,True,
run_20260807_175821_881241,5563,186,2026-08-07T18:01:30.924,9,right,669.0,668.77,370.75,668,670,3,41,100,False,True,
run_20260807_175821_881241,5563,186,2026-08-07T18:01:30.924,10,right,690.5,690.25,370.75,689,691,3,39,84,False,True,
run_20260807_175821_881241,5563,186,2026-08-07T18:01:30.924,11,right,712.5,711.1870967741935,370.75,709,713,5,43,155,False,True,
run_20260807_175821_881241,5563,186,2026-08-07T18:01:30.924,12,right,733.5,733.2631578947369,370.5,732,734,3,42,95,False,True,
run_20260807_175821_881241,5594,187,2026-08-07T18:01:31.956,12,left,7.5,7.835051546391752,370.5,7,9,3,41,97,False,True,
run_20260807_175821_881241,5594,187,2026-08-07T18:01:31.956,11,left,29.0,30.288888888888888,370.75,28,33,6,51,180,False,True,
run_20260807_175821_881241,5594,187,2026-08-07T18:01:31.956,10,left,51.0,51.12621359223301,370.75,50,52,3,39,103,False,True,
run_20260807_175821_881241,5594,187,2026-08-07T18:01:31.956,9,left,72.5,73.03260869565217,370.75,72,74,3,37,92,False,True,
run_20260807_175821_881241,5594,187,2026-08-07T18:01:31.956,8,left,94.5,94.93333333333334,370.75,94,96,3,38,90,False,True,
run_20260807_175821_881241,5594,187,2026-08-07T18:01:31.956,7,left,116.5,116.83333333333333,370.75,116,118,3,38,84,False,True,
run_20260807_175821_881241,5594,187,2026-08-07T18:01:31.956,6,left,138.5,139.82222222222222,371.0,138,142,5,54,180,False,True,
run_20260807_175821_881241,5594,187,2026-08-07T18:01:31.956,5,left,161.0,161.17171717171718,371.0,160,162,3,39,99,False,True,
run_20260807_175821_881241,5594,187,2026-08-07T18:01:31.956,4,left,183.5,183.52631578947367,371.0,183,184,2,40,76,False,True,
run_20260807_175821_881241,5594,187,2026-08-07T18:01:31.956,3,left,205.84615384615384,206.06422018348624,370.9230769230769,205,207,3,40,109,False,True,
run_20260807_175821_881241,5594,187,2026-08-07T18:01:31.956,2,left,228.15384615384616,228.14953271028037,371.0769230769231,227,229,3,42,107,False,True,
run_20260807_175821_881241,5594,187,2026-08-07T18:01:31.956,1,left,250.0,250.6,371.0,249,252,4,68,180,False,True,
run_20260807_175821_881241,5594,187,2026-08-07T18:01:31.956,0,left,272.0,272.30434782608694,370.5769230769231,271,273,3,41,92,True,True,
run_20260807_175821_881241,5594,187,2026-08-07T18:01:31.956,0,right,469.15384615384613,469.0701754385965,370.5769230769231,468,470,3,42,114,True,True,
run_20260807_175821_881241,5594,187,2026-08-07T18:01:31.956,1,right,492.0,491.22651933701655,371.0,490,493,4,70,181,False,True,
run_20260807_175821_881241,5594,187,2026-08-07T18:01:31.956,2,right,514.0,513.8224299065421,371.0769230769231,513,515,3,42,107,False,True,
run_20260807_175821_881241,5594,187,2026-08-07T18:01:31.956,3,right,536.0,535.95,370.9230769230769,535,537,3,42,120,False,True,
run_20260807_175821_881241,5594,187,2026-08-07T18:01:31.956,4,right,558.5,558.0642201834862,371.0,557,559,3,42,109,False,True,
run_20260807_175821_881241,5594,187,2026-08-07T18:01:31.956,5,right,581.0,580.5,371.0,579,582,4,42,118,False,True,
run_20260807_175821_881241,5594,187,2026-08-07T18:01:31.956,6,right,603.5,602.0529100529101,371.0,600,604,5,62,189,False,True,
run_20260807_175821_881241,5594,187,2026-08-07T18:01:31.956,7,right,625.0,624.8648648648649,370.75,624,626,3,42,111,False,True,
run_20260807_175821_881241,5594,187,2026-08-07T18:01:31.956,8,right,647.0,646.8363636363637,370.75,646,648,3,43,110,False,True,
run_20260807_175821_881241,5594,187,2026-08-07T18:01:31.956,9,right,669.0,668.7676767676768,370.75,668,670,3,41,99,False,True,
run_20260807_175821_881241,5594,187,2026-08-07T18:01:31.956,10,right,690.5,690.25,370.75,689,691,3,39,84,False,True,
run_20260807_175821_881241,5594,187,2026-08-07T18:01:31.956,11,right,712.5,711.1858974358975,370.75,709,713,5,43,156,False,True,
run_20260807_175821_881241,5594,187,2026-08-07T18:01:31.956,12,right,733.5,733.2526315789473,370.5,732,734,3,41,95,False,True,
run_20260807_175821_881241,5624,188,2026-08-07T18:01:32.956,12,left,7.5,7.814432989690721,370.5,7,9,3,41,97,False,True,
run_20260807_175821_881241,5624,188,2026-08-07T18:01:32.956,11,left,29.0,30.320224719101123,370.75,28,33,6,51,178,False,True,
run_20260807_175821_881241,5624,188,2026-08-07T18:01:32.956,10,left,51.0,51.148514851485146,370.75,50,52,3,39,101,False,True,
run_20260807_175821_881241,5624,188,2026-08-07T18:01:32.956,9,left,72.5,73.02247191011236,370.75,72,74,3,37,89,False,True,
run_20260807_175821_881241,5624,188,2026-08-07T18:01:32.956,8,left,94.5,94.92307692307692,370.75,94,96,3,38,91,False,True,
run_20260807_175821_881241,5624,188,2026-08-07T18:01:32.956,7,left,116.5,116.85714285714286,370.75,116,118,3,38,84,False,True,
run_20260807_175821_881241,5624,188,2026-08-07T18:01:32.956,6,left,138.5,139.82122905027933,371.0,138,142,5,54,179,False,True,
run_20260807_175821_881241,5624,188,2026-08-07T18:01:32.956,5,left,161.0,161.18367346938774,371.0,160,162,3,39,98,False,True,
run_20260807_175821_881241,5624,188,2026-08-07T18:01:32.956,4,left,183.5,183.5194805194805,371.0,183,184,2,40,77,False,True,
run_20260807_175821_881241,5624,188,2026-08-07T18:01:32.956,3,left,205.84615384615384,206.06422018348624,370.9230769230769,205,207,3,40,109,False,True,
run_20260807_175821_881241,5624,188,2026-08-07T18:01:32.956,2,left,228.15384615384616,228.14953271028037,371.0769230769231,227,229,3,42,107,False,True,
run_20260807_175821_881241,5624,188,2026-08-07T18:01:32.956,1,left,250.0,250.60773480662982,371.0,249,252,4,68,181,False,True,
run_20260807_175821_881241,5624,188,2026-08-07T18:01:32.956,0,left,272.0,272.30434782608694,370.5,271,273,3,41,92,True,True,
run_20260807_175821_881241,5624,188,2026-08-07T18:01:32.956,0,right,469.0,469.04273504273505,370.5,468,470,3,42,117,True,True,
run_20260807_175821_881241,5624,188,2026-08-07T18:01:32.956,1,right,492.0,491.22651933701655,371.0,490,493,4,70,181,False,True,
run_20260807_175821_881241,5624,188,2026-08-07T18:01:32.956,2,right,514.0,513.8224299065421,371.0769230769231,513,515,3,42,107,False,True,
run_20260807_175821_881241,5624,188,2026-08-07T18:01:32.956,3,right,536.0,535.95,370.9230769230769,535,537,3,42,120,False,True,
run_20260807_175821_881241,5624,188,2026-08-07T18:01:32.956,4,right,558.5,558.0642201834862,371.0,557,559,3,42,109,False,True,
run_20260807_175821_881241,5624,188,2026-08-07T18:01:32.956,5,right,581.0,580.5254237288135,371.0,579,582,4,42,118,False,True,
run_20260807_175821_881241,5624,188,2026-08-07T18:01:32.956,6,right,603.5,602.0526315789474,371.0,600,604,5,63,190,False,True,
run_20260807_175821_881241,5624,188,2026-08-07T18:01:32.956,7,right,625.0,624.875,370.75,624,626,3,42,112,False,True,
run_20260807_175821_881241,5624,188,2026-08-07T18:01:32.956,8,right,647.0,646.8363636363637,370.75,646,648,3,43,110,False,True,
run_20260807_175821_881241,5624,188,2026-08-07T18:01:32.956,9,right,669.0,668.77,370.75,668,670,3,41,100,False,True,
run_20260807_175821_881241,5624,188,2026-08-07T18:01:32.956,10,right,690.5,690.2298850574713,370.75,689,691,3,39,87,False,True,
run_20260807_175821_881241,5624,188,2026-08-07T18:01:32.956,11,right,712.5,711.1764705882352,370.75,709,713,5,43,153,False,True,
run_20260807_175821_881241,5624,188,2026-08-07T18:01:32.956,12,right,733.5,733.2526315789473,370.5,732,734,3,41,95,False,True,
run_20260807_175821_881241,5654,189,2026-08-07T18:01:33.959,12,left,7.5,7.814432989690721,370.5,7,9,3,41,97,False,True,
run_20260807_175821_881241,5654,189,2026-08-07T18:01:33.959,11,left,29.0,30.310734463276837,370.75,28,33,6,51,177,False,True,
run_20260807_175821_881241,5654,189,2026-08-07T18:01:33.959,10,left,51.0,51.11538461538461,370.75,50,52,3,39,104,False,True,
run_20260807_175821_881241,5654,189,2026-08-07T18:01:33.959,9,left,72.5,73.0111111111111,370.75,72,74,3,37,90,False,True,
run_20260807_175821_881241,5654,189,2026-08-07T18:01:33.959,8,left,94.5,94.91111111111111,370.75,94,96,3,38,90,False,True,
run_20260807_175821_881241,5654,189,2026-08-07T18:01:33.959,7,left,116.5,116.85714285714286,370.75,116,118,3,38,84,False,True,
run_20260807_175821_881241,5654,189,2026-08-07T18:01:33.959,6,left,138.5,139.82222222222222,371.0,138,142,5,54,180,False,True,
run_20260807_175821_881241,5654,189,2026-08-07T18:01:33.959,5,left,161.0,161.18367346938774,371.0,160,162,3,39,98,False,True,
run_20260807_175821_881241,5654,189,2026-08-07T18:01:33.959,4,left,183.5,183.5194805194805,371.0,183,184,2,40,77,False,True,
run_20260807_175821_881241,5654,189,2026-08-07T18:01:33.959,3,left,205.84615384615384,206.02654867256638,370.9230769230769,205,207,3,40,113,False,True,
run_20260807_175821_881241,5654,189,2026-08-07T18:01:33.959,2,left,228.15384615384616,228.14953271028037,371.0769230769231,227,229,3,42,107,False,True,
run_20260807_175821_881241,5654,189,2026-08-07T18:01:33.959,1,left,250.0,250.61878453038673,371.0,249,252,4,68,181,False,True,
run_20260807_175821_881241,5654,189,2026-08-07T18:01:33.959,0,left,272.0,272.30434782608694,370.5357142857143,271,273,3,41,92,True,True,
run_20260807_175821_881241,5654,189,2026-08-07T18:01:33.959,0,right,469.07142857142856,469.05172413793105,370.5357142857143,468,470,3,42,116,True,True,
run_20260807_175821_881241,5654,189,2026-08-07T18:01:33.959,1,right,492.0,491.22651933701655,371.0,490,493,4,70,181,False,True,
run_20260807_175821_881241,5654,189,2026-08-07T18:01:33.959,2,right,514.0,513.8224299065421,371.0769230769231,513,515,3,42,107,False,True,
run_20260807_175821_881241,5654,189,2026-08-07T18:01:33.959,3,right,536.0,535.95,370.9230769230769,535,537,3,42,120,False,True,
run_20260807_175821_881241,5654,189,2026-08-07T18:01:33.959,4,right,558.5,558.0642201834862,371.0,557,559,3,42,109,False,True,
run_20260807_175821_881241,5654,189,2026-08-07T18:01:33.959,5,right,581.0,580.5384615384615,371.0,579,582,4,42,117,False,True,
run_20260807_175821_881241,5654,189,2026-08-07T18:01:33.959,6,right,603.5,602.0578947368421,371.0,600,604,5,62,190,False,True,
run_20260807_175821_881241,5654,189,2026-08-07T18:01:33.959,7,right,625.0,624.875,370.75,624,626,3,42,112,False,True,
run_20260807_175821_881241,5654,189,2026-08-07T18:01:33.959,8,right,647.0,646.8363636363637,370.75,646,648,3,43,110,False,True,
run_20260807_175821_881241,5654,189,2026-08-07T18:01:33.959,9,right,669.0,668.77,370.75,668,670,3,41,100,False,True,
run_20260807_175821_881241,5654,189,2026-08-07T18:01:33.959,10,right,690.5,690.2674418604652,370.75,689,691,3,39,86,False,True,
run_20260807_175821_881241,5654,189,2026-08-07T18:01:33.959,11,right,712.5,711.1612903225806,370.75,709,713,5,43,155,False,True,
run_20260807_175821_881241,5654,189,2026-08-07T18:01:33.959,12,right,733.5,733.25,370.5,732,734,3,42,96,False,True,
run_20260807_175821_881241,5682,190,2026-08-07T18:01:34.991,12,left,7.5,7.822916666666667,370.5,7,9,3,41,96,False,True,
run_20260807_175821_881241,5682,190,2026-08-07T18:01:34.991,11,left,29.0,30.293785310734464,370.75,28,33,6,51,177,False,True,
run_20260807_175821_881241,5682,190,2026-08-07T18:01:34.991,10,left,51.0,51.11538461538461,370.75,50,52,3,39,104,False,True,
run_20260807_175821_881241,5682,190,2026-08-07T18:01:34.991,9,left,72.5,73.02197802197803,370.75,72,74,3,37,91,False,True,
run_20260807_175821_881241,5682,190,2026-08-07T18:01:34.991,8,left,94.5,94.92134831460675,370.75,94,96,3,38,89,False,True,
run_20260807_175821_881241,5682,190,2026-08-07T18:01:34.991,7,left,116.5,116.85714285714286,370.75,116,118,3,38,84,False,True,
run_20260807_175821_881241,5682,190,2026-08-07T18:01:34.991,6,left,138.5,139.82872928176795,371.0,138,142,5,54,181,False,True,
run_20260807_175821_881241,5682,190,2026-08-07T18:01:34.991,5,left,161.0,161.1958762886598,371.0,160,162,3,39,97,False,True,
run_20260807_175821_881241,5682,190,2026-08-07T18:01:34.991,4,left,183.5,183.5194805194805,371.0,183,184,2,40,77,False,True,
run_20260807_175821_881241,5682,190,2026-08-07T18:01:34.991,3,left,205.75,206.05555555555554,370.875,205,207,3,40,108,False,True,
run_20260807_175821_881241,5682,190,2026-08-07T18:01:34.991,2,left,228.25,228.16037735849056,371.125,227,229,3,42,106,False,True,
run_20260807_175821_881241,5682,190,2026-08-07T18:01:34.991,1,left,250.0,250.61666666666667,371.0,249,252,4,68,180,False,True,
run_20260807_175821_881241,5682,190,2026-08-07T18:01:34.991,0,left,272.0,272.31868131868134,370.5769230769231,271,273,3,41,91,True,True,
run_20260807_175821_881241,5682,190,2026-08-07T18:01:34.991,0,right,469.15384615384613,469.0701754385965,370.5769230769231,468,470,3,42,114,True,True,
run_20260807_175821_881241,5682,190,2026-08-07T18:01:34.991,1,right,492.0,491.22651933701655,371.0,490,493,4,70,181,False,True,
run_20260807_175821_881241,5682,190,2026-08-07T18:01:34.991,2,right,514.0,513.8224299065421,371.125,513,515,3,42,107,False,True,
run_20260807_175821_881241,5682,190,2026-08-07T18:01:34.991,3,right,536.0,535.95,370.875,535,537,3,42,120,False,True,
run_20260807_175821_881241,5682,190,2026-08-07T18:01:34.991,4,right,558.5,558.0642201834862,371.0,557,559,3,42,109,False,True,
run_20260807_175821_881241,5682,190,2026-08-07T18:01:34.991,5,right,581.0,580.5344827586207,371.0,579,582,4,42,116,False,True,
run_20260807_175821_881241,5682,190,2026-08-07T18:01:34.991,6,right,603.5,602.0736842105263,371.0,600,604,5,62,190,False,True,
run_20260807_175821_881241,5682,190,2026-08-07T18:01:34.991,7,right,625.0,624.875,370.75,624,626,3,42,112,False,True,
run_20260807_175821_881241,5682,190,2026-08-07T18:01:34.991,8,right,647.0,646.8363636363637,370.75,646,648,3,43,110,False,True,
run_20260807_175821_881241,5682,190,2026-08-07T18:01:34.991,9,right,669.0,668.7676767676768,370.75,668,670,3,41,99,False,True,
run_20260807_175821_881241,5682,190,2026-08-07T18:01:34.991,10,right,690.5,690.2352941176471,370.75,689,691,3,39,85,False,True,
run_20260807_175821_881241,5682,190,2026-08-07T18:01:34.991,11,right,712.5,711.1730769230769,370.75,709,713,5,43,156,False,True,
run_20260807_175821_881241,5682,190,2026-08-07T18:01:34.991,12,right,733.5,733.2631578947369,370.5,732,734,3,42,95,False,True,
run_20260807_175821_881241,5712,191,2026-08-07T18:01:35.992,12,left,7.5,7.835051546391752,370.5,7,9,3,41,97,False,True,
run_20260807_175821_881241,5712,191,2026-08-07T18:01:35.992,11,left,29.0,30.301136363636363,370.75,28,33,6,51,176,False,True,
run_20260807_175821_881241,5712,191,2026-08-07T18:01:35.992,10,left,51.0,51.13725490196079,370.75,50,52,3,39,102,False,True,
run_20260807_175821_881241,5712,191,2026-08-07T18:01:35.992,9,left,72.5,73.03333333333333,370.75,72,74,3,37,90,False,True,
run_20260807_175821_881241,5712,191,2026-08-07T18:01:35.992,8,left,94.5,94.93333333333334,370.75,94,96,3,38,90,False,True,
run_20260807_175821_881241,5712,191,2026-08-07T18:01:35.992,7,left,116.5,116.85714285714286,370.75,116,118,3,38,84,False,True,
run_20260807_175821_881241,5712,191,2026-08-07T18:01:35.992,6,left,138.5,139.82777777777778,371.0,138,142,5,54,180,False,True,
run_20260807_175821_881241,5712,191,2026-08-07T18:01:35.992,5,left,161.0,161.18367346938774,371.0,160,162,3,39,98,False,True,
run_20260807_175821_881241,5712,191,2026-08-07T18:01:35.992,4,left,183.5,183.5194805194805,371.0,183,184,2,40,77,False,True,
run_20260807_175821_881241,5712,191,2026-08-07T18:01:35.992,3,left,205.75,206.01785714285714,370.875,205,207,3,40,112,False,True,
run_20260807_175821_881241,5712,191,2026-08-07T18:01:35.992,2,left,228.15384615384616,228.14953271028037,371.0769230769231,227,229,3,42,107,False,True,
run_20260807_175821_881241,5712,191,2026-08-07T18:01:35.992,1,left,250.0,250.6153846153846,371.0,249,252,4,68,182,False,True,
run_20260807_175821_881241,5712,191,2026-08-07T18:01:35.992,0,left,272.0,272.30434782608694,370.75,271,273,3,41,92,True,True,
run_20260807_175821_881241,5712,191,2026-08-07T18:01:35.992,0,right,469.5,469.1090909090909,370.75,468,470,3,42,110,True,True,
run_20260807_175821_881241,5712,191,2026-08-07T18:01:35.992,1,right,492.0,491.2197802197802,371.0,490,493,4,70,182,False,True,
run_20260807_175821_881241,5712,191,2026-08-07T18:01:35.992,2,right,514.0,513.8224299065421,371.0769230769231,513,515,3,42,107,False,True,
run_20260807_175821_881241,5712,191,2026-08-07T18:01:35.992,3,right,536.0,535.95,370.875,535,537,3,42,120,False,True,
run_20260807_175821_881241,5712,191,2026-08-07T18:01:35.992,4,right,558.5,558.0642201834862,371.0,557,559,3,42,109,False,True,
run_20260807_175821_881241,5712,191,2026-08-07T18:01:35.992,5,right,581.0,580.5384615384615,371.0,579,582,4,42,117,False,True,
run_20260807_175821_881241,5712,191,2026-08-07T18:01:35.992,6,right,603.5,602.0736842105263,371.0,600,604,5,62,190,False,True,
run_20260807_175821_881241,5712,191,2026-08-07T18:01:35.992,7,right,625.0,624.875,370.75,624,626,3,42,112,False,True,
run_20260807_175821_881241,5712,191,2026-08-07T18:01:35.992,8,right,647.0,646.8454545454546,370.75,646,648,3,43,110,False,True,
run_20260807_175821_881241,5712,191,2026-08-07T18:01:35.992,9,right,669.0,668.77,370.75,668,670,3,41,100,False,True,
run_20260807_175821_881241,5712,191,2026-08-07T18:01:35.992,10,right,690.5,690.2209302325581,370.75,689,691,3,39,86,False,True,
run_20260807_175821_881241,5712,191,2026-08-07T18:01:35.992,11,right,712.5,711.1730769230769,370.75,709,713,5,43,156,False,True,
run_20260807_175821_881241,5712,191,2026-08-07T18:01:35.992,12,right,733.5,733.2659574468086,370.5,732,734,3,41,94,False,True,
run_20260807_175821_881241,5743,192,2026-08-07T18:01:37.025,12,left,7.5,7.8431372549019605,370.75,7,9,3,42,102,False,True,
run_20260807_175821_881241,5743,192,2026-08-07T18:01:37.025,11,left,29.0,30.28108108108108,370.75,28,33,6,51,185,False,True,
run_20260807_175821_881241,5743,192,2026-08-07T18:01:37.025,10,left,51.0,51.12380952380953,371.0,50,52,3,40,105,False,True,
run_20260807_175821_881241,5743,192,2026-08-07T18:01:37.025,9,left,72.5,73.04123711340206,370.75,72,74,3,37,97,False,True,
run_20260807_175821_881241,5743,192,2026-08-07T18:01:37.025,8,left,94.5,95.0,370.75,94,96,3,38,98,False,True,
run_20260807_175821_881241,5743,192,2026-08-07T18:01:37.025,7,left,116.5,116.86046511627907,370.75,116,118,3,38,86,False,True,
run_20260807_175821_881241,5743,192,2026-08-07T18:01:37.025,6,left,138.5,139.84126984126985,370.9318181818182,138,142,5,58,189,False,True,
run_20260807_175821_881241,5743,192,2026-08-07T18:01:37.025,5,left,161.0,161.17171717171718,371.0,160,162,3,39,99,False,True,
run_20260807_175821_881241,5743,192,2026-08-07T18:01:37.025,4,left,183.5,183.7608695652174,370.9318181818182,183,185,3,40,92,False,True,
run_20260807_175821_881241,5743,192,2026-08-07T18:01:37.025,3,left,206.0,206.05982905982907,371.0,205,207,3,42,117,False,True,
run_20260807_175821_881241,5743,192,2026-08-07T18:01:37.025,2,left,228.15384615384616,228.12844036697248,371.0769230769231,227,229,3,42,109,False,True,
run_20260807_175821_881241,5743,192,2026-08-07T18:01:37.025,1,left,250.0,250.59358288770053,371.0,249,252,4,68,187,False,True,
run_20260807_175821_881241,5743,192,2026-08-07T18:01:37.025,0,left,272.0,272.2842105263158,370.5,271,273,3,42,95,True,True,
run_20260807_175821_881241,5743,192,2026-08-07T18:01:37.025,0,right,469.0,468.9918699186992,370.5,468,470,3,42,123,True,True,
run_20260807_175821_881241,5743,192,2026-08-07T18:01:37.025,1,right,492.0,491.2552083333333,371.0,490,493,4,70,192,False,True,
run_20260807_175821_881241,5743,192,2026-08-07T18:01:37.025,2,right,514.0,513.8545454545455,371.0769230769231,513,515,3,42,110,False,True,
run_20260807_175821_881241,5743,192,2026-08-07T18:01:37.025,3,right,536.0,535.9586776859504,371.0,535,537,3,42,121,False,True,
run_20260807_175821_881241,5743,192,2026-08-07T18:01:37.025,4,right,558.3636363636364,558.0172413793103,370.9318181818182,557,559,3,42,116,False,True,
run_20260807_175821_881241,5743,192,2026-08-07T18:01:37.025,5,right,581.0,580.488,371.0,579,582,4,43,125,False,True,
run_20260807_175821_881241,5743,192,2026-08-07T18:01:37.025,6,right,603.3636363636364,602.0804020100503,370.9318181818182,600,604,5,66,199,False,True,
run_20260807_175821_881241,5743,192,2026-08-07T18:01:37.025,7,right,625.0,624.8965517241379,370.75,624,626,3,43,116,False,True,
run_20260807_175821_881241,5743,192,2026-08-07T18:01:37.025,8,right,647.0,646.8571428571429,370.75,646,648,3,43,112,False,True,
run_20260807_175821_881241,5743,192,2026-08-07T18:01:37.025,9,right,669.0,668.7788461538462,370.75,668,670,3,43,104,False,True,
run_20260807_175821_881241,5743,192,2026-08-07T18:01:37.025,10,right,691.0,690.4473684210526,371.0,689,692,4,41,114,False,True,
run_20260807_175821_881241,5743,192,2026-08-07T18:01:37.025,11,right,712.5,710.945652173913,370.75,708,713,6,48,184,False,True,
run_20260807_175821_881241,5743,192,2026-08-07T18:01:37.025,12,right,734.0,733.4727272727273,370.75,732,735,4,42,110,False,True,
run_20260807_175821_881241,5773,193,2026-08-07T18:01:38.026,12,left,7.5,7.867924528301887,370.75,7,9,3,42,106,False,True,
run_20260807_175821_881241,5773,193,2026-08-07T18:01:38.026,11,left,29.0,30.273684210526316,370.5,28,33,6,52,190,False,True,
run_20260807_175821_881241,5773,193,2026-08-07T18:01:38.026,10,left,51.0,51.08181818181818,371.0,50,52,3,40,110,False,True,
run_20260807_175821_881241,5773,193,2026-08-07T18:01:38.026,9,left,73.0,73.08490566037736,371.0,72,74,3,39,106,False,True,
run_20260807_175821_881241,5773,193,2026-08-07T18:01:38.026,8,left,95.0,95.08411214953271,371.0,94,96,3,39,107,False,True,
run_20260807_175821_881241,5773,193,2026-08-07T18:01:38.026,7,left,116.5,116.97916666666667,370.75,116,118,3,38,96,False,True,
run_20260807_175821_881241,5773,193,2026-08-07T18:01:38.026,6,left,139.0,139.9906976744186,371.125,138,143,6,68,215,False,True,
run_20260807_175821_881241,5773,193,2026-08-07T18:01:38.026,5,left,161.0,161.17171717171718,371.0,160,162,3,39,99,False,True,
run_20260807_175821_881241,5773,193,2026-08-07T18:01:38.026,4,left,183.5,183.8,370.8269230769231,183,185,3,40,95,False,True,
run_20260807_175821_881241,5773,193,2026-08-07T18:01:38.026,3,left,206.0,206.05982905982907,371.0,205,207,3,42,117,False,True,
run_20260807_175821_881241,5773,193,2026-08-07T18:01:38.026,2,left,228.07142857142858,228.11818181818182,371.0357142857143,227,229,3,42,110,False,True,
run_20260807_175821_881241,5773,193,2026-08-07T18:01:38.026,1,left,250.0,250.5721649484536,371.0,249,252,4,68,194,False,True,
run_20260807_175821_881241,5773,193,2026-08-07T18:01:38.026,0,left,272.0,272.1923076923077,370.5,271,273,3,42,104,True,True,
run_20260807_175821_881241,5773,193,2026-08-07T18:01:38.026,0,right,469.0,468.9920634920635,370.5,468,470,3,43,126,True,True,
run_20260807_175821_881241,5773,193,2026-08-07T18:01:38.026,1,right,492.0,491.21463414634144,371.0,490,493,4,70,205,False,True,
run_20260807_175821_881241,5773,193,2026-08-07T18:01:38.026,2,right,514.0,513.875,371.0357142857143,513,515,3,42,112,False,True,
run_20260807_175821_881241,5773,193,2026-08-07T18:01:38.026,3,right,536.0,535.9586776859504,371.0,535,537,3,42,121,False,True,
run_20260807_175821_881241,5773,193,2026-08-07T18:01:38.026,4,right,558.1538461538462,557.99173553719,370.8269230769231,557,559,3,42,121,False,True,
run_20260807_175821_881241,5773,193,2026-08-07T18:01:38.026,5,right,581.0,580.4765625,371.0,579,582,4,43,128,False,True,
run_20260807_175821_881241,5773,193,2026-08-07T18:01:38.026,6,right,603.25,601.9014084507043,371.125,599,604,6,67,213,False,True,
run_20260807_175821_881241,5773,193,2026-08-07T18:01:38.026,7,right,625.0,624.9333333333333,370.75,624,626,3,43,120,False,True,
run_20260807_175821_881241,5773,193,2026-08-07T18:01:38.026,8,right,647.0,646.8672566371681,371.0,646,648,3,43,113,False,True,
run_20260807_175821_881241,5773,193,2026-08-07T18:01:38.026,9,right,669.0,668.5948275862069,371.0,667,670,4,43,116,False,True,
run_20260807_175821_881241,5773,193,2026-08-07T18:01:38.026,10,right,691.0,690.4833333333333,371.0,689,692,4,42,120,False,True,
run_20260807_175821_881241,5773,193,2026-08-07T18:01:38.026,11,right,712.0,711.1684782608696,370.5,709,713,5,54,184,False,True,
run_20260807_175821_881241,5773,193,2026-08-07T18:01:38.026,12,right,734.0,733.5172413793103,370.75,732,735,4,42,116,False,True,
run_20260807_175821_881241,5804,194,2026-08-07T18:01:39.057,12,left,7.5,7.857142857142857,370.75,7,9,3,42,105,False,True,
run_20260807_175821_881241,5804,194,2026-08-07T18:01:39.057,11,left,29.0,30.324742268041238,370.5,28,33,6,51,194,False,True,
run_20260807_175821_881241,5804,194,2026-08-07T18:01:39.057,10,left,51.0,51.091743119266056,371.0,50,52,3,40,109,False,True,
run_20260807_175821_881241,5804,194,2026-08-07T18:01:39.057,9,left,73.0,73.08490566037736,371.0,72,74,3,39,106,False,True,
run_20260807_175821_881241,5804,194,2026-08-07T18:01:39.057,8,left,95.0,95.08411214953271,371.0,94,96,3,39,107,False,True,
run_20260807_175821_881241,5804,194,2026-08-07T18:01:39.057,7,left,116.5,116.96842105263158,370.75,116,118,3,38,95,False,True,
run_20260807_175821_881241,5804,194,2026-08-07T18:01:39.057,6,left,139.0,139.99537037037038,371.125,138,143,6,68,216,False,True,
run_20260807_175821_881241,5804,194,2026-08-07T18:01:39.057,5,left,161.0,161.17171717171718,371.0,160,162,3,39,99,False,True,
run_20260807_175821_881241,5804,194,2026-08-07T18:01:39.057,4,left,183.5,183.8,370.9318181818182,183,185,3,40,95,False,True,
run_20260807_175821_881241,5804,194,2026-08-07T18:01:39.057,3,left,206.0,206.05982905982907,371.0,205,207,3,42,117,False,True,
run_20260807_175821_881241,5804,194,2026-08-07T18:01:39.057,2,left,228.07142857142858,228.11818181818182,371.0357142857143,227,229,3,42,110,False,True,
run_20260807_175821_881241,5804,194,2026-08-07T18:01:39.057,1,left,250.0,250.56345177664974,371.0,249,252,4,68,197,False,True,
run_20260807_175821_881241,5804,194,2026-08-07T18:01:39.057,0,left,272.0,272.2156862745098,370.5,271,273,3,42,102,True,True,
run_20260807_175821_881241,5804,194,2026-08-07T18:01:39.057,0,right,469.0,468.992,370.5,468,470,3,42,125,True,True,
run_20260807_175821_881241,5804,194,2026-08-07T18:01:39.057,1,right,492.0,491.23880597014926,371.0,490,493,4,70,201,False,True,
run_20260807_175821_881241,5804,194,2026-08-07T18:01:39.057,2,right,514.0,513.875,371.0357142857143,513,515,3,42,112,False,True,
run_20260807_175821_881241,5804,194,2026-08-07T18:01:39.057,3,right,536.0,535.9586776859504,371.0,535,537,3,42,121,False,True,
run_20260807_175821_881241,5804,194,2026-08-07T18:01:39.057,4,right,558.3636363636364,558.025641025641,370.9318181818182,557,559,3,42,117,False,True,
run_20260807_175821_881241,5804,194,2026-08-07T18:01:39.057,5,right,581.0,580.4765625,371.0,579,582,4,43,128,False,True,
run_20260807_175821_881241,5804,194,2026-08-07T18:01:39.057,6,right,603.25,602.0841584158416,371.125,600,604,5,67,202,False,True,
run_20260807_175821_881241,5804,194,2026-08-07T18:01:39.057,7,right,625.0,624.9333333333333,370.75,624,626,3,43,120,False,True,
run_20260807_175821_881241,5804,194,2026-08-07T18:01:39.057,8,right,647.0,646.8672566371681,371.0,646,648,3,43,113,False,True,
run_20260807_175821_881241,5804,194,2026-08-07T18:01:39.057,9,right,669.0,668.5948275862069,371.0,667,670,4,43,116,False,True,
run_20260807_175821_881241,5804,194,2026-08-07T18:01:39.057,10,right,691.0,690.4833333333333,371.0,689,692,4,42,120,False,True,
run_20260807_175821_881241,5804,194,2026-08-07T18:01:39.057,11,right,712.0,710.9796954314721,370.5,708,713,6,54,197,False,True,
run_20260807_175821_881241,5804,194,2026-08-07T18:01:39.057,12,right,734.0,733.5546218487395,370.75,732,735,4,42,119,False,True,
run_20260807_175821_881241,5835,195,2026-08-07T18:01:40.093,12,left,7.5,7.865384615384615,370.75,7,9,3,42,104,False,True,
run_20260807_175821_881241,5835,195,2026-08-07T18:01:40.093,11,left,29.0,30.286458333333332,370.5,28,33,6,52,192,False,True,
run_20260807_175821_881241,5835,195,2026-08-07T18:01:40.093,10,left,51.0,51.091743119266056,371.0,50,52,3,40,109,False,True,
run_20260807_175821_881241,5835,195,2026-08-07T18:01:40.093,9,left,73.0,73.08490566037736,371.0,72,74,3,39,106,False,True,
run_20260807_175821_881241,5835,195,2026-08-07T18:01:40.093,8,left,95.0,95.08411214953271,371.0,94,96,3,39,107,False,True,
run_20260807_175821_881241,5835,195,2026-08-07T18:01:40.093,7,left,116.5,116.96842105263158,370.75,116,118,3,38,95,False,True,
run_20260807_175821_881241,5835,195,2026-08-07T18:01:40.093,6,left,139.0,140.0045871559633,371.125,138,143,6,69,218,False,True,
run_20260807_175821_881241,5835,195,2026-08-07T18:01:40.093,5,left,161.0,161.17171717171718,371.0,160,162,3,39,99,False,True,
run_20260807_175821_881241,5835,195,2026-08-07T18:01:40.093,4,left,183.5,183.79166666666666,370.8269230769231,183,185,3,40,96,False,True,
run_20260807_175821_881241,5835,195,2026-08-07T18:01:40.093,3,left,206.0,206.05982905982907,371.0,205,207,3,42,117,False,True,
run_20260807_175821_881241,5835,195,2026-08-07T18:01:40.093,2,left,228.07142857142858,228.11818181818182,371.0357142857143,227,229,3,42,110,False,True,
run_20260807_175821_881241,5835,195,2026-08-07T18:01:40.093,1,left,250.0,250.58247422680412,371.0,249,252,4,69,194,False,True,
run_20260807_175821_881241,5835,195,2026-08-07T18:01:40.093,0,left,272.0,272.18095238095236,370.5,271,273,3,42,105,True,True,
run_20260807_175821_881241,5835,195,2026-08-07T18:01:40.093,0,right,469.0,468.9920634920635,370.5,468,470,3,43,126,True,True,
run_20260807_175821_881241,5835,195,2026-08-07T18:01:40.093,1,right,492.0,491.23267326732673,371.0,490,493,4,70,202,False,True,
run_20260807_175821_881241,5835,195,2026-08-07T18:01:40.093,2,right,514.0,513.875,371.0357142857143,513,515,3,42,112,False,True,
run_20260807_175821_881241,5835,195,2026-08-07T18:01:40.093,3,right,536.0,535.9586776859504,371.0,535,537,3,42,121,False,True,
run_20260807_175821_881241,5835,195,2026-08-07T18:01:40.093,4,right,558.1538461538462,558.0,370.8269230769231,557,559,3,42,120,False,True,
run_20260807_175821_881241,5835,195,2026-08-07T18:01:40.093,5,right,581.0,580.4765625,371.0,579,582,4,43,128,False,True,
run_20260807_175821_881241,5835,195,2026-08-07T18:01:40.093,6,right,603.25,602.0886699507389,371.125,600,604,5,67,203,False,True,
run_20260807_175821_881241,5835,195,2026-08-07T18:01:40.093,7,right,625.0,624.9333333333333,370.75,624,626,3,43,120,False,True,
run_20260807_175821_881241,5835,195,2026-08-07T18:01:40.093,8,right,647.0,646.8571428571429,371.0,646,648,3,43,112,False,True,
run_20260807_175821_881241,5835,195,2026-08-07T18:01:40.093,9,right,669.0,668.7788461538462,371.0,668,670,3,43,104,False,True,
run_20260807_175821_881241,5835,195,2026-08-07T18:01:40.093,10,right,691.0,690.4833333333333,371.0,689,692,4,42,120,False,True,
run_20260807_175821_881241,5835,195,2026-08-07T18:01:40.093,11,right,712.0,710.984771573604,370.5,708,713,6,54,197,False,True,
run_20260807_175821_881241,5835,195,2026-08-07T18:01:40.093,12,right,734.0,733.5546218487395,370.75,732,735,4,42,119,False,True,
run_20260807_175821_881241,5866,196,2026-08-07T18:01:41.121,12,left,7.5,7.857142857142857,370.75,7,9,3,42,105,False,True,
run_20260807_175821_881241,5866,196,2026-08-07T18:01:41.121,11,left,29.0,30.282722513089006,370.5,28,33,6,52,191,False,True,
run_20260807_175821_881241,5866,196,2026-08-07T18:01:41.121,10,left,51.0,51.091743119266056,371.0,50,52,3,40,109,False,True,
run_20260807_175821_881241,5866,196,2026-08-07T18:01:41.121,9,left,73.0,73.08490566037736,371.0,72,74,3,39,106,False,True,
run_20260807_175821_881241,5866,196,2026-08-07T18:01:41.121,8,left,95.0,95.08411214953271,371.0,94,96,3,39,107,False,True,
run_20260807_175821_881241,5866,196,2026-08-07T18:01:41.121,7,left,116.5,116.98969072164948,370.75,116,118,3,38,97,False,True,
run_20260807_175821_881241,5866,196,2026-08-07T18:01:41.121,6,left,138.84615384615384,139.9906103286385,371.0480769230769,138,143,6,66,213,False,True,
run_20260807_175821_881241,5866,196,2026-08-07T18:01:41.121,5,left,161.0,161.17171717171718,371.0,160,162,3,39,99,False,True,
run_20260807_175821_881241,5866,196,2026-08-07T18:01:41.121,4,left,183.5,183.79166666666666,370.9318181818182,183,185,3,40,96,False,True,
run_20260807_175821_881241,5866,196,2026-08-07T18:01:41.121,3,left,206.0,206.05982905982907,371.0,205,207,3,42,117,False,True,
run_20260807_175821_881241,5866,196,2026-08-07T18:01:41.121,2,left,228.07142857142858,228.11818181818182,371.0357142857143,227,229,3,42,110,False,True,
run_20260807_175821_881241,5866,196,2026-08-07T18:01:41.121,1,left,250.0,250.55670103092783,371.0,249,252,4,68,194,False,True,
run_20260807_175821_881241,5866,196,2026-08-07T18:01:41.121,0,left,272.0,272.19417475728153,370.5,271,273,3,42,103,True,True,
run_20260807_175821_881241,5866,196,2026-08-07T18:01:41.121,0,right,469.0,468.9920634920635,370.5,468,470,3,43,126,True,True,
run_20260807_175821_881241,5866,196,2026-08-07T18:01:41.121,1,right,492.0,491.22058823529414,371.0,490,493,4,70,204,False,True,
run_20260807_175821_881241,5866,196,2026-08-07T18:01:41.121,2,right,514.0,513.875,371.0357142857143,513,515,3,42,112,False,True,
run_20260807_175821_881241,5866,196,2026-08-07T18:01:41.121,3,right,536.0,535.9586776859504,371.0,535,537,3,42,121,False,True,
run_20260807_175821_881241,5866,196,2026-08-07T18:01:41.121,4,right,558.3636363636364,558.025641025641,370.9318181818182,557,559,3,42,117,False,True,
run_20260807_175821_881241,5866,196,2026-08-07T18:01:41.121,5,right,581.0,580.4645669291339,371.0,579,582,4,43,127,False,True,
run_20260807_175821_881241,5866,196,2026-08-07T18:01:41.121,6,right,603.25,602.0841584158416,371.0480769230769,600,604,5,67,202,False,True,
run_20260807_175821_881241,5866,196,2026-08-07T18:01:41.121,7,right,625.0,624.9333333333333,370.75,624,626,3,43,120,False,True,
run_20260807_175821_881241,5866,196,2026-08-07T18:01:41.121,8,right,647.0,646.8571428571429,371.0,646,648,3,43,112,False,True,
run_20260807_175821_881241,5866,196,2026-08-07T18:01:41.121,9,right,669.0,668.6068376068376,371.0,667,670,4,43,117,False,True,
run_20260807_175821_881241,5866,196,2026-08-07T18:01:41.121,10,right,691.0,690.4873949579832,371.0,689,692,4,41,119,False,True,
run_20260807_175821_881241,5866,196,2026-08-07T18:01:41.121,11,right,712.0,710.984771573604,370.5,708,713,6,54,197,False,True,
run_20260807_175821_881241,5866,196,2026-08-07T18:01:41.121,12,right,734.0,733.5546218487395,370.75,732,735,4,42,119,False,True,
run_20260807_175821_881241,5896,197,2026-08-07T18:01:42.127,12,left,7.5,7.878504672897196,370.75,7,9,3,42,107,False,True,
run_20260807_175821_881241,5896,197,2026-08-07T18:01:42.127,11,left,29.0,30.298429319371728,370.5,28,33,6,52,191,False,True,
run_20260807_175821_881241,5896,197,2026-08-07T18:01:42.127,10,left,51.0,51.091743119266056,371.0,50,52,3,40,109,False,True,
run_20260807_175821_881241,5896,197,2026-08-07T18:01:42.127,9,left,73.0,73.08490566037736,371.0,72,74,3,39,106,False,True,
run_20260807_175821_881241,5896,197,2026-08-07T18:01:42.127,8,left,95.0,95.08411214953271,371.0,94,96,3,39,107,False,True,
run_20260807_175821_881241,5896,197,2026-08-07T18:01:42.127,7,left,116.5,116.97916666666667,370.75,116,118,3,38,96,False,True,
run_20260807_175821_881241,5896,197,2026-08-07T18:01:42.127,6,left,138.92857142857142,140.0139534883721,371.0892857142857,138,143,6,67,215,False,True,
run_20260807_175821_881241,5896,197,2026-08-07T18:01:42.127,5,left,161.0,161.17171717171718,371.0,160,162,3,39,99,False,True,
run_20260807_175821_881241,5896,197,2026-08-07T18:01:42.127,4,left,183.5,183.8,370.9318181818182,183,185,3,40,95,False,True,
run_20260807_175821_881241,5896,197,2026-08-07T18:01:42.127,3,left,206.0,206.05982905982907,371.0,205,207,3,42,117,False,True,
run_20260807_175821_881241,5896,197,2026-08-07T18:01:42.127,2,left,228.07142857142858,228.12844036697248,371.0357142857143,227,229,3,42,109,False,True,
run_20260807_175821_881241,5896,197,2026-08-07T18:01:42.127,1,left,250.0,250.56476683937825,371.0,249,252,4,68,193,False,True,
run_20260807_175821_881241,5896,197,2026-08-07T18:01:42.127,0,left,272.0,272.1923076923077,370.5,271,273,3,42,104,True,True,
run_20260807_175821_881241,5896,197,2026-08-07T18:01:42.127,0,right,469.0,468.9920634920635,370.5,468,470,3,43,126,True,True,
run_20260807_175821_881241,5896,197,2026-08-07T18:01:42.127,1,right,492.0,491.23039215686276,371.0,490,493,4,70,204,False,True,
run_20260807_175821_881241,5896,197,2026-08-07T18:01:42.127,2,right,514.0,513.6829268292682,371.0357142857143,512,515,4,42,123,False,True,
run_20260807_175821_881241,5896,197,2026-08-07T18:01:42.127,3,right,536.0,535.9586776859504,371.0,535,537,3,42,121,False,True,
run_20260807_175821_881241,5896,197,2026-08-07T18:01:42.127,4,right,558.3636363636364,558.0169491525423,370.9318181818182,557,559,3,42,118,False,True,
run_20260807_175821_881241,5896,197,2026-08-07T18:01:42.127,5,right,581.0,580.4645669291339,371.0,579,582,4,43,127,False,True,
run_20260807_175821_881241,5896,197,2026-08-07T18:01:42.127,6,right,603.25,602.0746268656717,371.0892857142857,600,604,5,67,201,False,True,
run_20260807_175821_881241,5896,197,2026-08-07T18:01:42.127,7,right,625.0,624.9411764705883,370.75,624,626,3,42,119,False,True,
run_20260807_175821_881241,5896,197,2026-08-07T18:01:42.127,8,right,647.0,646.8672566371681,371.0,646,648,3,43,113,False,True,
run_20260807_175821_881241,5896,197,2026-08-07T18:01:42.127,9,right,669.0,668.7904761904762,371.0,668,670,3,43,105,False,True,
run_20260807_175821_881241,5896,197,2026-08-07T18:01:42.127,10,right,691.0,690.5,371.0,689,692,4,41,118,False,True,
run_20260807_175821_881241,5896,197,2026-08-07T18:01:42.127,11,right,712.0,710.9644670050761,370.5,708,713,6,54,197,False,True,
run_20260807_175821_881241,5896,197,2026-08-07T18:01:42.127,12,right,734.0,733.5172413793103,370.75,732,735,4,42,116,False,True,
run_20260807_175821_881241,5927,198,2026-08-07T18:01:43.155,12,left,7.5,7.878504672897196,370.75,7,9,3,42,107,False,True,
run_20260807_175821_881241,5927,198,2026-08-07T18:01:43.155,11,left,29.0,30.294736842105262,370.5357142857143,28,33,6,52,190,False,True,
run_20260807_175821_881241,5927,198,2026-08-07T18:01:43.155,10,left,51.0,51.091743119266056,371.0,50,52,3,40,109,False,True,
run_20260807_175821_881241,5927,198,2026-08-07T18:01:43.155,9,left,73.0,73.08490566037736,371.0,72,74,3,39,106,False,True,
run_20260807_175821_881241,5927,198,2026-08-07T18:01:43.155,8,left,95.0,95.08411214953271,371.0,94,96,3,39,107,False,True,
run_20260807_175821_881241,5927,198,2026-08-07T18:01:43.155,7,left,116.5,116.97916666666667,370.75,116,118,3,38,96,False,True,
run_20260807_175821_881241,5927,198,2026-08-07T18:01:43.155,6,left,139.0,140.00460829493088,371.125,138,143,6,68,217,False,True,
run_20260807_175821_881241,5927,198,2026-08-07T18:01:43.155,5,left,161.0,161.17171717171718,371.0,160,162,3,39,99,False,True,
run_20260807_175821_881241,5927,198,2026-08-07T18:01:43.155,4,left,183.5,183.79166666666666,370.9318181818182,183,185,3,40,96,False,True,
run_20260807_175821_881241,5927,198,2026-08-07T18:01:43.155,3,left,206.0,206.05982905982907,371.0,205,207,3,42,117,False,True,
run_20260807_175821_881241,5927,198,2026-08-07T18:01:43.155,2,left,228.07142857142858,228.11818181818182,371.0357142857143,227,229,3,42,110,False,True,
run_20260807_175821_881241,5927,198,2026-08-07T18:01:43.155,1,left,250.0,250.58031088082902,371.0,249,252,4,68,193,False,True,
run_20260807_175821_881241,5927,198,2026-08-07T18:01:43.155,0,left,272.0,272.1923076923077,370.5,271,273,3,42,104,True,True,
run_20260807_175821_881241,5927,198,2026-08-07T18:01:43.155,0,right,469.0,468.9920634920635,370.5,468,470,3,43,126,True,True,
run_20260807_175821_881241,5927,198,2026-08-07T18:01:43.155,1,right,492.0,491.24257425742576,371.0,490,493,4,70,202,False,True,
run_20260807_175821_881241,5927,198,2026-08-07T18:01:43.155,2,right,514.0,513.6829268292682,371.0357142857143,512,515,4,42,123,False,True,
run_20260807_175821_881241,5927,198,2026-08-07T18:01:43.155,3,right,536.0,535.9586776859504,371.0,535,537,3,42,121,False,True,
run_20260807_175821_881241,5927,198,2026-08-07T18:01:43.155,4,right,558.3636363636364,558.0169491525423,370.9318181818182,557,559,3,42,118,False,True,
run_20260807_175821_881241,5927,198,2026-08-07T18:01:43.155,5,right,581.0,580.488188976378,371.0,579,582,4,43,127,False,True,
run_20260807_175821_881241,5927,198,2026-08-07T18:01:43.155,6,right,603.25,602.0886699507389,371.125,600,604,5,67,203,False,True,
run_20260807_175821_881241,5927,198,2026-08-07T18:01:43.155,7,right,625.0,624.9333333333333,370.75,624,626,3,43,120,False,True,
run_20260807_175821_881241,5927,198,2026-08-07T18:01:43.155,8,right,647.0,646.8672566371681,371.0,646,648,3,43,113,False,True,
run_20260807_175821_881241,5927,198,2026-08-07T18:01:43.155,9,right,669.0,668.6302521008404,371.0,667,670,4,43,119,False,True,
run_20260807_175821_881241,5927,198,2026-08-07T18:01:43.155,10,right,691.0,690.4873949579832,371.0,689,692,4,41,119,False,True,
run_20260807_175821_881241,5927,198,2026-08-07T18:01:43.155,11,right,712.0714285714286,710.974358974359,370.5357142857143,708,713,6,53,195,False,True,
run_20260807_175821_881241,5927,198,2026-08-07T18:01:43.155,12,right,734.0,733.5172413793103,370.75,732,735,4,42,116,False,True,
run_20260807_175821_881241,5957,199,2026-08-07T18:01:44.159,12,left,7.5,7.876190476190477,370.75,7,9,3,42,105,False,True,
run_20260807_175821_881241,5957,199,2026-08-07T18:01:44.159,11,left,29.0,30.32460732984293,370.5,28,33,6,52,191,False,True,
run_20260807_175821_881241,5957,199,2026-08-07T18:01:44.159,10,left,51.0,51.091743119266056,371.0,50,52,3,40,109,False,True,
run_20260807_175821_881241,5957,199,2026-08-07T18:01:44.159,9,left,73.0,73.08490566037736,371.0,72,74,3,39,106,False,True,
run_20260807_175821_881241,5957,199,2026-08-07T18:01:44.159,8,left,95.0,95.08411214953271,371.0,94,96,3,39,107,False,True,
run_20260807_175821_881241,5957,199,2026-08-07T18:01:44.159,7,left,116.5,116.97916666666667,370.75,116,118,3,38,96,False,True,
run_20260807_175821_881241,5957,199,2026-08-07T18:01:44.159,6,left,139.0,140.0188679245283,371.125,138,143,6,68,212,False,True,
run_20260807_175821_881241,5957,199,2026-08-07T18:01:44.159,5,left,161.0,161.17171717171718,371.0,160,162,3,39,99,False,True,
run_20260807_175821_881241,5957,199,2026-08-07T18:01:44.159,4,left,183.5,183.8041237113402,370.9318181818182,183,185,3,40,97,False,True,
run_20260807_175821_881241,5957,199,2026-08-07T18:01:44.159,3,left,206.0,206.05982905982907,371.0,205,207,3,42,117,False,True,
run_20260807_175821_881241,5957,199,2026-08-07T18:01:44.159,2,left,228.07142857142858,228.11818181818182,371.0357142857143,227,229,3,42,110,False,True,
run_20260807_175821_881241,5957,199,2026-08-07T18:01:44.159,1,left,250.0,250.56476683937825,371.0,249,252,4,68,193,False,True,
run_20260807_175821_881241,5957,199,2026-08-07T18:01:44.159,0,left,272.0,272.2178217821782,370.5,271,273,3,42,101,True,True,
run_20260807_175821_881241,5957,199,2026-08-07T18:01:44.159,0,right,469.0,468.9920634920635,370.5,468,470,3,43,126,True,True,
run_20260807_175821_881241,5957,199,2026-08-07T18:01:44.159,1,right,492.0,491.23039215686276,371.0,490,493,4,70,204,False,True,
run_20260807_175821_881241,5957,199,2026-08-07T18:01:44.159,2,right,514.0,513.875,371.0357142857143,513,515,3,42,112,False,True,
run_20260807_175821_881241,5957,199,2026-08-07T18:01:44.159,3,right,536.0,535.9586776859504,371.0,535,537,3,42,121,False,True,
run_20260807_175821_881241,5957,199,2026-08-07T18:01:44.159,4,right,558.3636363636364,558.0169491525423,370.9318181818182,557,559,3,42,118,False,True,
run_20260807_175821_881241,5957,199,2026-08-07T18:01:44.159,5,right,581.0,580.488188976378,371.0,579,582,4,43,127,False,True,
run_20260807_175821_881241,5957,199,2026-08-07T18:01:44.159,6,right,603.25,602.0792079207921,371.125,600,604,5,67,202,False,True,
run_20260807_175821_881241,5957,199,2026-08-07T18:01:44.159,7,right,625.0,624.9333333333333,370.75,624,626,3,43,120,False,True,
run_20260807_175821_881241,5957,199,2026-08-07T18:01:44.159,8,right,647.0,646.8672566371681,371.0,646,648,3,43,113,False,True,
run_20260807_175821_881241,5957,199,2026-08-07T18:01:44.159,9,right,669.0,668.8018867924528,371.0,668,670,3,43,106,False,True,
run_20260807_175821_881241,5957,199,2026-08-07T18:01:44.159,10,right,691.0,690.4705882352941,371.0,689,692,4,42,119,False,True,
run_20260807_175821_881241,5957,199,2026-08-07T18:01:44.159,11,right,712.0,710.9796954314721,370.5,708,713,6,54,197,False,True,
run_20260807_175821_881241,5957,199,2026-08-07T18:01:44.159,12,right,734.0,733.5172413793103,370.75,732,735,4,42,116,False,True,
run_20260807_175821_881241,5988,200,2026-08-07T18:01:45.194,12,left,7.5,7.865384615384615,370.75,7,9,3,42,104,False,True,
run_20260807_175821_881241,5988,200,2026-08-07T18:01:45.194,11,left,29.0,30.310526315789474,370.5,28,33,6,52,190,False,True,
run_20260807_175821_881241,5988,200,2026-08-07T18:01:45.194,10,left,51.0,51.091743119266056,371.0,50,52,3,40,109,False,True,
run_20260807_175821_881241,5988,200,2026-08-07T18:01:45.194,9,left,73.0,73.08490566037736,371.0,72,74,3,39,106,False,True,
run_20260807_175821_881241,5988,200,2026-08-07T18:01:45.194,8,left,95.0,95.08411214953271,371.0,94,96,3,39,107,False,True,
run_20260807_175821_881241,5988,200,2026-08-07T18:01:45.194,7,left,116.5,116.98969072164948,370.75,116,118,3,38,97,False,True,
run_20260807_175821_881241,5988,200,2026-08-07T18:01:45.194,6,left,139.0,140.0045871559633,371.125,138,143,6,69,218,False,True,
run_20260807_175821_881241,5988,200,2026-08-07T18:01:45.194,5,left,161.0,161.17171717171718,371.0,160,162,3,39,99,False,True,
run_20260807_175821_881241,5988,200,2026-08-07T18:01:45.194,4,left,183.5,183.79166666666666,370.9318181818182,183,185,3,40,96,False,True,
run_20260807_175821_881241,5988,200,2026-08-07T18:01:45.194,3,left,206.0,206.05982905982907,371.0,205,207,3,42,117,False,True,
run_20260807_175821_881241,5988,200,2026-08-07T18:01:45.194,2,left,228.15384615384616,228.12844036697248,371.0769230769231,227,229,3,42,109,False,True,
run_20260807_175821_881241,5988,200,2026-08-07T18:01:45.194,1,left,250.0,250.56476683937825,371.0,249,252,4,68,193,False,True,
run_20260807_175821_881241,5988,200,2026-08-07T18:01:45.194,0,left,272.0,272.2551020408163,370.5,271,273,3,42,98,True,True,
run_20260807_175821_881241,5988,200,2026-08-07T18:01:45.194,0,right,469.0,468.9920634920635,370.5,468,470,3,43,126,True,True,
run_20260807_175821_881241,5988,200,2026-08-07T18:01:45.194,1,right,492.0,491.2613065326633,371.0,490,493,4,70,199,False,True,
run_20260807_175821_881241,5988,200,2026-08-07T18:01:45.194,2,right,514.0,513.875,371.0769230769231,513,515,3,42,112,False,True,
run_20260807_175821_881241,5988,200,2026-08-07T18:01:45.194,3,right,536.0,535.9586776859504,371.0,535,537,3,42,121,False,True,
run_20260807_175821_881241,5988,200,2026-08-07T18:01:45.194,4,right,558.3636363636364,558.0084033613446,370.9318181818182,557,559,3,42,119,False,True,
run_20260807_175821_881241,5988,200,2026-08-07T18:01:45.194,5,right,581.0,580.4765625,371.0,579,582,4,43,128,False,True,
run_20260807_175821_881241,5988,200,2026-08-07T18:01:45.194,6,right,603.25,602.0792079207921,371.125,600,604,5,67,202,False,True,
run_20260807_175821_881241,5988,200,2026-08-07T18:01:45.194,7,right,625.0,624.9421487603306,370.75,624,626,3,43,121,False,True,
run_20260807_175821_881241,5988,200,2026-08-07T18:01:45.194,8,right,647.0,646.8672566371681,371.0,646,648,3,43,113,False,True,
run_20260807_175821_881241,5988,200,2026-08-07T18:01:45.194,9,right,669.0,668.6302521008404,371.0,667,670,4,43,119,False,True,
run_20260807_175821_881241,5988,200,2026-08-07T18:01:45.194,10,right,691.0,690.4700854700855,371.0,689,692,4,42,117,False,True,
run_20260807_175821_881241,5988,200,2026-08-07T18:01:45.194,11,right,712.0,710.9798994974874,370.5,708,713,6,54,199,False,True,
run_20260807_175821_881241,5988,200,2026-08-07T18:01:45.194,12,right,734.0,733.5172413793103,370.75,732,735,4,42,116,False,True,
run_20260807_175821_881241,6019,201,2026-08-07T18:01:46.222,12,left,7.5,7.865384615384615,370.75,7,9,3,42,104,False,True,
run_20260807_175821_881241,6019,201,2026-08-07T18:01:46.222,11,left,29.0,30.305263157894736,370.5,28,33,6,53,190,False,True,
run_20260807_175821_881241,6019,201,2026-08-07T18:01:46.222,10,left,51.0,51.091743119266056,371.0,50,52,3,40,109,False,True,
run_20260807_175821_881241,6019,201,2026-08-07T18:01:46.222,9,left,73.0,73.08490566037736,371.0,72,74,3,39,106,False,True,
run_20260807_175821_881241,6019,201,2026-08-07T18:01:46.222,8,left,95.0,95.08411214953271,371.0,94,96,3,39,107,False,True,
run_20260807_175821_881241,6019,201,2026-08-07T18:01:46.222,7,left,116.5,116.95744680851064,370.75,116,118,3,38,94,False,True,
run_20260807_175821_881241,6019,201,2026-08-07T18:01:46.222,6,left,138.84615384615384,140.00467289719626,371.0480769230769,138,143,6,67,214,False,True,
run_20260807_175821_881241,6019,201,2026-08-07T18:01:46.222,5,left,161.0,161.36936936936937,371.0,160,163,4,39,111,False,True,
run_20260807_175821_881241,6019,201,2026-08-07T18:01:46.222,4,left,183.5,183.79166666666666,370.9318181818182,183,185,3,40,96,False,True,
run_20260807_175821_881241,6019,201,2026-08-07T18:01:46.222,3,left,206.0,206.05982905982907,371.0,205,207,3,42,117,False,True,
run_20260807_175821_881241,6019,201,2026-08-07T18:01:46.222,2,left,228.07142857142858,228.11818181818182,371.0357142857143,227,229,3,42,110,False,True,
run_20260807_175821_881241,6019,201,2026-08-07T18:01:46.222,1,left,250.0,250.56476683937825,371.0,249,252,4,68,193,False,True,
run_20260807_175821_881241,6019,201,2026-08-07T18:01:46.222,0,left,272.0,272.19417475728153,370.5,271,273,3,42,103,True,True,
run_20260807_175821_881241,6019,201,2026-08-07T18:01:46.222,0,right,469.0,468.9920634920635,370.5,468,470,3,43,126,True,True,
run_20260807_175821_881241,6019,201,2026-08-07T18:01:46.222,1,right,492.0,491.2266009852217,371.0,490,493,4,70,203,False,True,
run_20260807_175821_881241,6019,201,2026-08-07T18:01:46.222,2,right,514.0,513.875,371.0357142857143,513,515,3,42,112,False,True,
run_20260807_175821_881241,6019,201,2026-08-07T18:01:46.222,3,right,536.0,535.9672131147541,371.0,535,537,3,42,122,False,True,
run_20260807_175821_881241,6019,201,2026-08-07T18:01:46.222,4,right,558.3636363636364,558.0169491525423,370.9318181818182,557,559,3,42,118,False,True,
run_20260807_175821_881241,6019,201,2026-08-07T18:01:46.222,5,right,581.0,580.488188976378,371.0,579,582,4,43,127,False,True,
run_20260807_175821_881241,6019,201,2026-08-07T18:01:46.222,6,right,603.25,602.0792079207921,371.0480769230769,600,604,5,67,202,False,True,
run_20260807_175821_881241,6019,201,2026-08-07T18:01:46.222,7,right,625.0,624.9333333333333,370.75,624,626,3,43,120,False,True,
run_20260807_175821_881241,6019,201,2026-08-07T18:01:46.222,8,right,647.0,646.8672566371681,371.0,646,648,3,43,113,False,True,
run_20260807_175821_881241,6019,201,2026-08-07T18:01:46.222,9,right,669.0,668.6302521008404,371.0,667,670,4,43,119,False,True,
run_20260807_175821_881241,6019,201,2026-08-07T18:01:46.222,10,right,691.0,690.4833333333333,371.0,689,692,4,42,120,False,True,
run_20260807_175821_881241,6019,201,2026-08-07T18:01:46.222,11,right,712.0,710.9846153846154,370.5,708,713,6,54,195,False,True,
run_20260807_175821_881241,6019,201,2026-08-07T18:01:46.222,12,right,734.0,733.5546218487395,370.75,732,735,4,42,119,False,True,
run_20260807_175821_881241,6049,202,2026-08-07T18:01:47.226,12,left,7.5,7.865384615384615,370.75,7,9,3,42,104,False,True,
run_20260807_175821_881241,6049,202,2026-08-07T18:01:47.226,11,left,29.0,30.321052631578947,370.5,28,33,6,52,190,False,True,
run_20260807_175821_881241,6049,202,2026-08-07T18:01:47.226,10,left,51.0,51.091743119266056,371.0,50,52,3,40,109,False,True,
run_20260807_175821_881241,6049,202,2026-08-07T18:01:47.226,9,left,73.0,73.08490566037736,371.0,72,74,3,39,106,False,True,
run_20260807_175821_881241,6049,202,2026-08-07T18:01:47.226,8,left,95.0,95.0754716981132,371.0,94,96,3,38,106,False,True,
run_20260807_175821_881241,6049,202,2026-08-07T18:01:47.226,7,left,116.5,116.97916666666667,370.75,116,118,3,38,96,False,True,
run_20260807_175821_881241,6049,202,2026-08-07T18:01:47.226,6,left,138.84615384615384,140.00467289719626,371.0480769230769,138,143,6,67,214,False,True,
run_20260807_175821_881241,6049,202,2026-08-07T18:01:47.226,5,left,161.0,161.36936936936937,371.0,160,163,4,39,111,False,True,
run_20260807_175821_881241,6049,202,2026-08-07T18:01:47.226,4,left,183.5,183.8041237113402,370.8269230769231,183,185,3,40,97,False,True,
run_20260807_175821_881241,6049,202,2026-08-07T18:01:47.226,3,left,206.0,206.05982905982907,371.0,205,207,3,42,117,False,True,
run_20260807_175821_881241,6049,202,2026-08-07T18:01:47.226,2,left,228.07142857142858,228.12844036697248,371.0357142857143,227,229,3,42,109,False,True,
run_20260807_175821_881241,6049,202,2026-08-07T18:01:47.226,1,left,250.0,250.5721649484536,371.0,249,252,4,68,194,False,True,
run_20260807_175821_881241,6049,202,2026-08-07T18:01:47.226,0,left,272.0,272.24242424242425,370.5,271,273,3,42,99,True,True,
run_20260807_175821_881241,6049,202,2026-08-07T18:01:47.226,0,right,469.0,468.9920634920635,370.5,468,470,3,43,126,True,True,
run_20260807_175821_881241,6049,202,2026-08-07T18:01:47.226,1,right,492.0,491.23039215686276,371.0,490,493,4,70,204,False,True,
run_20260807_175821_881241,6049,202,2026-08-07T18:01:47.226,2,right,514.0,513.875,371.0357142857143,513,515,3,42,112,False,True,
run_20260807_175821_881241,6049,202,2026-08-07T18:01:47.226,3,right,536.0,535.9672131147541,371.0,535,537,3,42,122,False,True,
run_20260807_175821_881241,6049,202,2026-08-07T18:01:47.226,4,right,558.1538461538462,557.99173553719,370.8269230769231,557,559,3,42,121,False,True,
run_20260807_175821_881241,6049,202,2026-08-07T18:01:47.226,5,right,581.0,580.4765625,371.0,579,582,4,43,128,False,True,
run_20260807_175821_881241,6049,202,2026-08-07T18:01:47.226,6,right,603.25,602.0643564356436,371.0480769230769,600,604,5,67,202,False,True,
run_20260807_175821_881241,6049,202,2026-08-07T18:01:47.226,7,right,625.0,624.9333333333333,370.75,624,626,3,43,120,False,True,
run_20260807_175821_881241,6049,202,2026-08-07T18:01:47.226,8,right,647.0,646.8672566371681,371.0,646,648,3,43,113,False,True,
run_20260807_175821_881241,6049,202,2026-08-07T18:01:47.226,9,right,669.0,668.5948275862069,371.0,667,670,4,43,116,False,True,
run_20260807_175821_881241,6049,202,2026-08-07T18:01:47.226,10,right,691.0,690.4833333333333,371.0,689,692,4,42,120,False,True,
run_20260807_175821_881241,6049,202,2026-08-07T18:01:47.226,11,right,712.0,710.9746192893401,370.5,708,713,6,55,197,False,True,
run_20260807_175821_881241,6049,202,2026-08-07T18:01:47.226,12,right,734.0,733.5666666666667,370.75,732,735,4,42,120,False,True,
run_20260807_175821_881241,6080,203,2026-08-07T18:01:48.259,12,left,7.5,7.876190476190477,370.75,7,9,3,42,105,False,True,
run_20260807_175821_881241,6080,203,2026-08-07T18:01:48.259,11,left,29.0,30.286458333333332,370.5,28,33,6,52,192,False,True,
run_20260807_175821_881241,6080,203,2026-08-07T18:01:48.259,10,left,51.0,51.092592592592595,371.0,50,52,3,40,108,False,True,
run_20260807_175821_881241,6080,203,2026-08-07T18:01:48.259,9,left,73.0,73.08490566037736,371.0,72,74,3,39,106,False,True,
run_20260807_175821_881241,6080,203,2026-08-07T18:01:48.259,8,left,95.0,95.08411214953271,371.0,94,96,3,39,107,False,True,
run_20260807_175821_881241,6080,203,2026-08-07T18:01:48.259,7,left,116.5,116.97916666666667,370.75,116,118,3,38,96,False,True,
run_20260807_175821_881241,6080,203,2026-08-07T18:01:48.259,6,left,139.0,140.00462962962962,371.125,138,143,6,69,216,False,True,
run_20260807_175821_881241,6080,203,2026-08-07T18:01:48.259,5,left,161.0,161.17171717171718,371.0,160,162,3,39,99,False,True,
run_20260807_175821_881241,6080,203,2026-08-07T18:01:48.259,4,left,183.5,183.8,370.9318181818182,183,185,3,40,95,False,True,
run_20260807_175821_881241,6080,203,2026-08-07T18:01:48.259,3,left,206.0,206.05982905982907,371.0,205,207,3,42,117,False,True,
run_20260807_175821_881241,6080,203,2026-08-07T18:01:48.259,2,left,228.07142857142858,228.11818181818182,371.0357142857143,227,229,3,42,110,False,True,
run_20260807_175821_881241,6080,203,2026-08-07T18:01:48.259,1,left,250.0,250.57435897435897,371.0,249,252,4,69,195,False,True,
run_20260807_175821_881241,6080,203,2026-08-07T18:01:48.259,0,left,272.0,272.1826923076923,370.5,271,273,3,42,104,True,True,
run_20260807_175821_881241,6080,203,2026-08-07T18:01:48.259,0,right,469.0,468.9920634920635,370.5,468,470,3,43,126,True,True,
run_20260807_175821_881241,6080,203,2026-08-07T18:01:48.259,1,right,492.0,491.2266009852217,371.0,490,493,4,70,203,False,True,
run_20260807_175821_881241,6080,203,2026-08-07T18:01:48.259,2,right,514.0,513.875,371.0357142857143,513,515,3,42,112,False,True,
run_20260807_175821_881241,6080,203,2026-08-07T18:01:48.259,3,right,536.0,535.9586776859504,371.0,535,537,3,42,121,False,True,
run_20260807_175821_881241,6080,203,2026-08-07T18:01:48.259,4,right,558.3636363636364,558.0338983050848,370.9318181818182,557,559,3,42,118,False,True,
run_20260807_175821_881241,6080,203,2026-08-07T18:01:48.259,5,right,581.0,580.488188976378,371.0,579,582,4,43,127,False,True,
run_20260807_175821_881241,6080,203,2026-08-07T18:01:48.259,6,right,603.25,602.0841584158416,371.125,600,604,5,67,202,False,True,
run_20260807_175821_881241,6080,203,2026-08-07T18:01:48.259,7,right,625.0,624.9333333333333,370.75,624,626,3,43,120,False,True,
run_20260807_175821_881241,6080,203,2026-08-07T18:01:48.259,8,right,647.0,646.8672566371681,371.0,646,648,3,43,113,False,True,
run_20260807_175821_881241,6080,203,2026-08-07T18:01:48.259,9,right,669.0,668.6068376068376,371.0,667,670,4,43,117,False,True,
run_20260807_175821_881241,6080,203,2026-08-07T18:01:48.259,10,right,691.0,690.4873949579832,371.0,689,692,4,41,119,False,True,
run_20260807_175821_881241,6080,203,2026-08-07T18:01:48.259,11,right,712.0,710.9744897959183,370.5,708,713,6,54,196,False,True,
run_20260807_175821_881241,6080,203,2026-08-07T18:01:48.259,12,right,734.0,733.595041322314,370.75,732,735,4,42,121,False,True,
run_20260807_175821_881241,6111,204,2026-08-07T18:01:49.288,12,left,7.5,7.857142857142857,370.75,7,9,3,42,105,False,True,
run_20260807_175821_881241,6111,204,2026-08-07T18:01:49.288,11,left,29.0,30.296875,370.5,28,33,6,53,192,False,True,
run_20260807_175821_881241,6111,204,2026-08-07T18:01:49.288,10,left,51.0,51.091743119266056,371.0,50,52,3,40,109,False,True,
run_20260807_175821_881241,6111,204,2026-08-07T18:01:49.288,9,left,73.0,73.08490566037736,371.0,72,74,3,39,106,False,True,
run_20260807_175821_881241,6111,204,2026-08-07T18:01:49.288,8,left,95.0,95.08411214953271,371.0,94,96,3,39,107,False,True,
run_20260807_175821_881241,6111,204,2026-08-07T18:01:49.288,7,left,116.5,116.98969072164948,370.75,116,118,3,38,97,False,True,
run_20260807_175821_881241,6111,204,2026-08-07T18:01:49.288,6,left,139.0,140.00462962962962,371.125,138,143,6,69,216,False,True,
run_20260807_175821_881241,6111,204,2026-08-07T18:01:49.288,5,left,161.0,161.36936936936937,371.0,160,163,4,39,111,False,True,
run_20260807_175821_881241,6111,204,2026-08-07T18:01:49.288,4,left,183.5,183.8125,370.9318181818182,183,185,3,40,96,False,True,
run_20260807_175821_881241,6111,204,2026-08-07T18:01:49.288,3,left,206.0,206.05982905982907,371.0,205,207,3,42,117,False,True,
run_20260807_175821_881241,6111,204,2026-08-07T18:01:49.288,2,left,228.07142857142858,228.11818181818182,371.0357142857143,227,229,3,42,110,False,True,
run_20260807_175821_881241,6111,204,2026-08-07T18:01:49.288,1,left,250.0,250.59685863874344,371.0,249,252,4,68,191,False,True,
run_20260807_175821_881241,6111,204,2026-08-07T18:01:49.288,0,left,272.0,272.23,370.5,271,273,3,42,100,True,True,
run_20260807_175821_881241,6111,204,2026-08-07T18:01:49.288,0,right,469.0,468.9920634920635,370.5,468,470,3,43,126,True,True,
run_20260807_175821_881241,6111,204,2026-08-07T18:01:49.288,1,right,492.0,491.22058823529414,371.0,490,493,4,70,204,False,True,
run_20260807_175821_881241,6111,204,2026-08-07T18:01:49.288,2,right,514.0,513.875,371.0357142857143,513,515,3,42,112,False,True,
run_20260807_175821_881241,6111,204,2026-08-07T18:01:49.288,3,right,536.0,535.9586776859504,371.0,535,537,3,42,121,False,True,
run_20260807_175821_881241,6111,204,2026-08-07T18:01:49.288,4,right,558.3636363636364,558.025641025641,370.9318181818182,557,559,3,42,117,False,True,
run_20260807_175821_881241,6111,204,2026-08-07T18:01:49.288,5,right,581.0,580.4765625,371.0,579,582,4,43,128,False,True,
run_20260807_175821_881241,6111,204,2026-08-07T18:01:49.288,6,right,603.25,602.0792079207921,371.125,600,604,5,67,202,False,True,
run_20260807_175821_881241,6111,204,2026-08-07T18:01:49.288,7,right,625.0,624.9421487603306,370.75,624,626,3,43,121,False,True,
run_20260807_175821_881241,6111,204,2026-08-07T18:01:49.288,8,right,647.0,646.8771929824561,371.0,646,648,3,43,114,False,True,
run_20260807_175821_881241,6111,204,2026-08-07T18:01:49.288,9,right,669.0,668.5948275862069,371.0,667,670,4,43,116,False,True,
run_20260807_175821_881241,6111,204,2026-08-07T18:01:49.288,10,right,691.0,690.4957983193277,371.0,689,692,4,42,119,False,True,
run_20260807_175821_881241,6111,204,2026-08-07T18:01:49.288,11,right,712.0,710.979381443299,370.5,708,713,6,54,194,False,True,
run_20260807_175821_881241,6111,204,2026-08-07T18:01:49.288,12,right,734.0,733.5299145299145,370.75,732,735,4,42,117,False,True,
run_20260807_175821_881241,6140,205,2026-08-07T18:01:50.326,12,left,7.5,7.876190476190477,370.75,7,9,3,42,105,False,True,
run_20260807_175821_881241,6140,205,2026-08-07T18:01:50.326,11,left,29.0,30.321052631578947,370.5,28,33,6,52,190,False,True,
run_20260807_175821_881241,6140,205,2026-08-07T18:01:50.326,10,left,51.0,51.092592592592595,371.0,50,52,3,40,108,False,True,
run_20260807_175821_881241,6140,205,2026-08-07T18:01:50.326,9,left,73.0,73.08490566037736,371.0,72,74,3,39,106,False,True,
run_20260807_175821_881241,6140,205,2026-08-07T18:01:50.326,8,left,95.0,95.08411214953271,371.0,94,96,3,39,107,False,True,
run_20260807_175821_881241,6140,205,2026-08-07T18:01:50.326,7,left,116.5,116.97916666666667,370.75,116,118,3,38,96,False,True,
run_20260807_175821_881241,6140,205,2026-08-07T18:01:50.326,6,left,139.0,140.0046511627907,371.125,138,143,6,68,215,False,True,
run_20260807_175821_881241,6140,205,2026-08-07T18:01:50.326,5,left,161.0,161.36936936936937,371.0,160,163,4,39,111,False,True,
run_20260807_175821_881241,6140,205,2026-08-07T18:01:50.326,4,left,183.5,183.8041237113402,370.9318181818182,183,185,3,40,97,False,True,
run_20260807_175821_881241,6140,205,2026-08-07T18:01:50.326,3,left,206.0,206.05982905982907,371.0,205,207,3,42,117,False,True,
run_20260807_175821_881241,6140,205,2026-08-07T18:01:50.326,2,left,228.07142857142858,228.12844036697248,371.0357142857143,227,229,3,42,109,False,True,
run_20260807_175821_881241,6140,205,2026-08-07T18:01:50.326,1,left,250.0,250.57291666666666,371.0,249,252,4,68,192,False,True,
run_20260807_175821_881241,6140,205,2026-08-07T18:01:50.326,0,left,272.0,272.1826923076923,370.5,271,273,3,42,104,True,True,
run_20260807_175821_881241,6140,205,2026-08-07T18:01:50.326,0,right,469.0,468.9920634920635,370.5,468,470,3,43,126,True,True,
run_20260807_175821_881241,6140,205,2026-08-07T18:01:50.326,1,right,492.0,491.2487562189055,371.0,490,493,4,70,201,False,True,
run_20260807_175821_881241,6140,205,2026-08-07T18:01:50.326,2,right,514.0,513.875,371.0357142857143,513,515,3,42,112,False,True,
run_20260807_175821_881241,6140,205,2026-08-07T18:01:50.326,3,right,536.0,535.9672131147541,371.0,535,537,3,42,122,False,True,
run_20260807_175821_881241,6140,205,2026-08-07T18:01:50.326,4,right,558.3636363636364,558.0166666666667,370.9318181818182,557,559,3,42,120,False,True,
run_20260807_175821_881241,6140,205,2026-08-07T18:01:50.326,5,right,581.0,580.4765625,371.0,579,582,4,43,128,False,True,
run_20260807_175821_881241,6140,205,2026-08-07T18:01:50.326,6,right,603.25,602.0940594059406,371.125,600,604,5,67,202,False,True,
run_20260807_175821_881241,6140,205,2026-08-07T18:01:50.326,7,right,625.0,624.9333333333333,370.75,624,626,3,43,120,False,True,
run_20260807_175821_881241,6140,205,2026-08-07T18:01:50.326,8,right,647.0,646.8672566371681,371.0,646,648,3,43,113,False,True,
run_20260807_175821_881241,6140,205,2026-08-07T18:01:50.326,9,right,669.0,668.6186440677966,371.0,667,670,4,43,118,False,True,
run_20260807_175821_881241,6140,205,2026-08-07T18:01:50.326,10,right,691.0,690.5,371.0,689,692,4,41,122,False,True,
run_20260807_175821_881241,6140,205,2026-08-07T18:01:50.326,11,right,712.0,710.989898989899,370.5,708,713,6,54,198,False,True,
run_20260807_175821_881241,6140,205,2026-08-07T18:01:50.326,12,right,734.0,733.5338983050848,370.75,732,735,4,42,118,False,True,
run_20260807_175821_881241,6170,206,2026-08-07T18:01:51.328,12,left,7.5,7.857142857142857,370.75,7,9,3,42,105,False,True,
run_20260807_175821_881241,6170,206,2026-08-07T18:01:51.328,11,left,29.0,30.309278350515463,370.5,28,33,6,52,194,False,True,
run_20260807_175821_881241,6170,206,2026-08-07T18:01:51.328,10,left,51.0,51.091743119266056,371.0,50,52,3,40,109,False,True,
run_20260807_175821_881241,6170,206,2026-08-07T18:01:51.328,9,left,73.0,73.08490566037736,371.0,72,74,3,39,106,False,True,
run_20260807_175821_881241,6170,206,2026-08-07T18:01:51.328,8,left,95.0,95.08411214953271,371.0,94,96,3,39,107,False,True,
run_20260807_175821_881241,6170,206,2026-08-07T18:01:51.328,7,left,116.5,116.98969072164948,370.75,116,118,3,38,97,False,True,
run_20260807_175821_881241,6170,206,2026-08-07T18:01:51.328,6,left,138.84615384615384,139.99532710280374,371.0480769230769,138,143,6,66,214,False,True,
run_20260807_175821_881241,6170,206,2026-08-07T18:01:51.328,5,left,161.0,161.17171717171718,371.0,160,162,3,39,99,False,True,
run_20260807_175821_881241,6170,206,2026-08-07T18:01:51.328,4,left,183.5,183.8041237113402,370.9318181818182,183,185,3,40,97,False,True,
run_20260807_175821_881241,6170,206,2026-08-07T18:01:51.328,3,left,206.0,206.05982905982907,371.0,205,207,3,42,117,False,True,
run_20260807_175821_881241,6170,206,2026-08-07T18:01:51.328,2,left,228.15384615384616,228.12844036697248,371.0769230769231,227,229,3,42,109,False,True,
run_20260807_175821_881241,6170,206,2026-08-07T18:01:51.328,1,left,250.0,250.58762886597938,371.0,249,252,4,68,194,False,True,
run_20260807_175821_881241,6170,206,2026-08-07T18:01:51.328,0,left,272.0,272.23,370.5,271,273,3,42,100,True,True,
run_20260807_175821_881241,6170,206,2026-08-07T18:01:51.328,0,right,469.0,468.9920634920635,370.5,468,470,3,43,126,True,True,
run_20260807_175821_881241,6170,206,2026-08-07T18:01:51.328,1,right,492.0,491.2676767676768,371.0,490,493,4,70,198,False,True,
run_20260807_175821_881241,6170,206,2026-08-07T18:01:51.328,2,right,514.0,513.875,371.0769230769231,513,515,3,42,112,False,True,
run_20260807_175821_881241,6170,206,2026-08-07T18:01:51.328,3,right,536.0,535.9672131147541,371.0,535,537,3,42,122,False,True,
run_20260807_175821_881241,6170,206,2026-08-07T18:01:51.328,4,right,558.3636363636364,558.0252100840336,370.9318181818182,557,559,3,42,119,False,True,
run_20260807_175821_881241,6170,206,2026-08-07T18:01:51.328,5,right,581.0,580.4765625,371.0,579,582,4,43,128,False,True,
run_20260807_175821_881241,6170,206,2026-08-07T18:01:51.328,6,right,603.25,602.0841584158416,371.0480769230769,600,604,5,67,202,False,True,
run_20260807_175821_881241,6170,206,2026-08-07T18:01:51.328,7,right,625.0,624.9333333333333,370.75,624,626,3,43,120,False,True,
run_20260807_175821_881241,6170,206,2026-08-07T18:01:51.328,8,right,647.0,646.8571428571429,371.0,646,648,3,43,112,False,True,
run_20260807_175821_881241,6170,206,2026-08-07T18:01:51.328,9,right,669.0,668.6068376068376,371.0,667,670,4,43,117,False,True,
run_20260807_175821_881241,6170,206,2026-08-07T18:01:51.328,10,right,691.0,690.4957983193277,371.0,689,692,4,42,119,False,True,
run_20260807_175821_881241,6170,206,2026-08-07T18:01:51.328,11,right,712.0,710.9897959183673,370.5,708,713,6,54,196,False,True,
run_20260807_175821_881241,6170,206,2026-08-07T18:01:51.328,12,right,734.0,733.5677966101695,370.75,732,735,4,42,118,False,True,
run_20260807_175821_881241,6199,207,2026-08-07T18:01:52.355,12,left,7.5,7.897196261682243,370.75,7,9,3,42,107,False,True,
run_20260807_175821_881241,6199,207,2026-08-07T18:01:52.355,11,left,29.0,30.294736842105262,370.5,28,33,6,52,190,False,True,
run_20260807_175821_881241,6199,207,2026-08-07T18:01:52.355,10,left,51.0,51.091743119266056,371.0,50,52,3,40,109,False,True,
run_20260807_175821_881241,6199,207,2026-08-07T18:01:52.355,9,left,73.0,73.08490566037736,371.0,72,74,3,39,106,False,True,
run_20260807_175821_881241,6199,207,2026-08-07T18:01:52.355,8,left,95.0,95.08411214953271,371.0,94,96,3,39,107,False,True,
run_20260807_175821_881241,6199,207,2026-08-07T18:01:52.355,7,left,116.5,117.0,370.75,116,118,3,38,98,False,True,
run_20260807_175821_881241,6199,207,2026-08-07T18:01:52.355,6,left,139.0,139.99537037037038,371.125,138,143,6,68,216,False,True,
run_20260807_175821_881241,6199,207,2026-08-07T18:01:52.355,5,left,161.0,161.17171717171718,371.0,160,162,3,39,99,False,True,
run_20260807_175821_881241,6199,207,2026-08-07T18:01:52.355,4,left,183.5,183.8125,370.9318181818182,183,185,3,40,96,False,True,
run_20260807_175821_881241,6199,207,2026-08-07T18:01:52.355,3,left,206.0,206.05982905982907,371.0,205,207,3,42,117,False,True,
run_20260807_175821_881241,6199,207,2026-08-07T18:01:52.355,2,left,228.15384615384616,228.12844036697248,371.0769230769231,227,229,3,42,109,False,True,
run_20260807_175821_881241,6199,207,2026-08-07T18:01:52.355,1,left,250.0,250.56410256410257,371.0,249,252,4,68,195,False,True,
run_20260807_175821_881241,6199,207,2026-08-07T18:01:52.355,0,left,272.0,272.18095238095236,370.5,271,273,3,42,105,True,True,
run_20260807_175821_881241,6199,207,2026-08-07T18:01:52.355,0,right,469.0,468.9920634920635,370.5,468,470,3,43,126,True,True,
run_20260807_175821_881241,6199,207,2026-08-07T18:01:52.355,1,right,492.0,491.26395939086296,371.0,490,493,4,70,197,False,True,
run_20260807_175821_881241,6199,207,2026-08-07T18:01:52.355,2,right,514.0,513.875,371.0769230769231,513,515,3,42,112,False,True,
run_20260807_175821_881241,6199,207,2026-08-07T18:01:52.355,3,right,536.0,535.9672131147541,371.0,535,537,3,42,122,False,True,
run_20260807_175821_881241,6199,207,2026-08-07T18:01:52.355,4,right,558.3636363636364,558.0166666666667,370.9318181818182,557,559,3,42,120,False,True,
run_20260807_175821_881241,6199,207,2026-08-07T18:01:52.355,5,right,581.0,580.4765625,371.0,579,582,4,43,128,False,True,
run_20260807_175821_881241,6199,207,2026-08-07T18:01:52.355,6,right,603.25,602.0886699507389,371.125,600,604,5,67,203,False,True,
run_20260807_175821_881241,6199,207,2026-08-07T18:01:52.355,7,right,625.0,624.9333333333333,370.75,624,626,3,43,120,False,True,
run_20260807_175821_881241,6199,207,2026-08-07T18:01:52.355,8,right,647.0,646.8672566371681,371.0,646,648,3,43,113,False,True,
run_20260807_175821_881241,6199,207,2026-08-07T18:01:52.355,9,right,669.0,668.8130841121496,371.0,668,670,3,43,107,False,True,
run_20260807_175821_881241,6199,207,2026-08-07T18:01:52.355,10,right,691.0,690.4957983193277,371.0,689,692,4,42,119,False,True,
run_20260807_175821_881241,6199,207,2026-08-07T18:01:52.355,11,right,712.0,710.9744897959183,370.5,708,713,6,54,196,False,True,
run_20260807_175821_881241,6199,207,2026-08-07T18:01:52.355,12,right,734.0,733.5702479338843,370.75,732,735,4,42,121,False,True,
run_20260807_175821_881241,6228,208,2026-08-07T18:01:53.360,12,left,7.5,7.865384615384615,370.75,7,9,3,42,104,False,True,
run_20260807_175821_881241,6228,208,2026-08-07T18:01:53.360,11,left,29.0,30.310880829015545,370.5,28,33,6,53,193,False,True,
run_20260807_175821_881241,6228,208,2026-08-07T18:01:53.360,10,left,51.0,51.091743119266056,371.0,50,52,3,40,109,False,True,
run_20260807_175821_881241,6228,208,2026-08-07T18:01:53.360,9,left,73.0,73.08490566037736,371.0,72,74,3,39,106,False,True,
run_20260807_175821_881241,6228,208,2026-08-07T18:01:53.360,8,left,95.0,95.08411214953271,371.0,94,96,3,39,107,False,True,
run_20260807_175821_881241,6228,208,2026-08-07T18:01:53.360,7,left,116.5,116.96842105263158,370.75,116,118,3,38,95,False,True,
run_20260807_175821_881241,6228,208,2026-08-07T18:01:53.360,6,left,139.0,140.00460829493088,371.125,138,143,6,68,217,False,True,
run_20260807_175821_881241,6228,208,2026-08-07T18:01:53.360,5,left,161.0,161.17171717171718,371.0,160,162,3,39,99,False,True,
run_20260807_175821_881241,6228,208,2026-08-07T18:01:53.360,4,left,183.5,183.8125,370.9318181818182,183,185,3,40,96,False,True,
run_20260807_175821_881241,6228,208,2026-08-07T18:01:53.360,3,left,206.0,206.05982905982907,371.0,205,207,3,42,117,False,True,
run_20260807_175821_881241,6228,208,2026-08-07T18:01:53.360,2,left,228.07142857142858,228.12844036697248,371.0357142857143,227,229,3,42,109,False,True,
run_20260807_175821_881241,6228,208,2026-08-07T18:01:53.360,1,left,250.0,250.59067357512953,371.0,249,252,4,68,193,False,True,
run_20260807_175821_881241,6228,208,2026-08-07T18:01:53.360,0,left,272.0,272.2178217821782,370.5,271,273,3,42,101,True,True,
run_20260807_175821_881241,6228,208,2026-08-07T18:01:53.360,0,right,469.0,469.008064516129,370.5,468,470,3,43,124,True,True,
run_20260807_175821_881241,6228,208,2026-08-07T18:01:53.360,1,right,492.0,491.255,371.0,490,493,4,70,200,False,True,
run_20260807_175821_881241,6228,208,2026-08-07T18:01:53.360,2,right,514.0,513.875,371.0357142857143,513,515,3,42,112,False,True,
run_20260807_175821_881241,6228,208,2026-08-07T18:01:53.360,3,right,536.0,535.9672131147541,371.0,535,537,3,42,122,False,True,
run_20260807_175821_881241,6228,208,2026-08-07T18:01:53.360,4,right,558.3636363636364,558.0338983050848,370.9318181818182,557,559,3,42,118,False,True,
run_20260807_175821_881241,6228,208,2026-08-07T18:01:53.360,5,right,581.0,580.488188976378,371.0,579,582,4,43,127,False,True,
run_20260807_175821_881241,6228,208,2026-08-07T18:01:53.360,6,right,603.25,602.0886699507389,371.125,600,604,5,67,203,False,True,
run_20260807_175821_881241,6228,208,2026-08-07T18:01:53.360,7,right,625.0,624.9333333333333,370.75,624,626,3,43,120,False,True,
run_20260807_175821_881241,6228,208,2026-08-07T18:01:53.360,8,right,647.0,646.8571428571429,371.0,646,648,3,43,112,False,True,
run_20260807_175821_881241,6228,208,2026-08-07T18:01:53.360,9,right,669.0,668.7788461538462,371.0,668,670,3,43,104,False,True,
run_20260807_175821_881241,6228,208,2026-08-07T18:01:53.360,10,right,691.0,690.5083333333333,371.0,689,692,4,42,120,False,True,
run_20260807_175821_881241,6228,208,2026-08-07T18:01:53.360,11,right,712.0,710.9796954314721,370.5,708,713,6,54,197,False,True,
run_20260807_175821_881241,6228,208,2026-08-07T18:01:53.360,12,right,734.0,733.5583333333333,370.75,732,735,4,42,120,False,True,
run_20260807_175821_881241,6259,209,2026-08-07T18:01:54.390,12,left,7.5,7.865384615384615,370.75,7,9,3,42,104,False,True,
run_20260807_175821_881241,6259,209,2026-08-07T18:01:54.390,11,left,29.0,30.321052631578947,370.5,28,33,6,52,190,False,True,
run_20260807_175821_881241,6259,209,2026-08-07T18:01:54.390,10,left,51.0,51.092592592592595,371.0,50,52,3,40,108,False,True,
run_20260807_175821_881241,6259,209,2026-08-07T18:01:54.390,9,left,73.0,73.08490566037736,371.0,72,74,3,39,106,False,True,
run_20260807_175821_881241,6259,209,2026-08-07T18:01:54.390,8,left,95.0,95.08411214953271,371.0,94,96,3,39,107,False,True,
run_20260807_175821_881241,6259,209,2026-08-07T18:01:54.390,7,left,116.5,116.97916666666667,370.75,116,118,3,38,96,False,True,
run_20260807_175821_881241,6259,209,2026-08-07T18:01:54.390,6,left,139.0,140.03301886792454,371.125,138,143,6,68,212,False,True,
run_20260807_175821_881241,6259,209,2026-08-07T18:01:54.390,5,left,161.0,161.17171717171718,371.0,160,162,3,39,99,False,True,
run_20260807_175821_881241,6259,209,2026-08-07T18:01:54.390,4,left,183.5,183.8125,370.9318181818182,183,185,3,40,96,False,True,
run_20260807_175821_881241,6259,209,2026-08-07T18:01:54.390,3,left,206.0,206.05982905982907,371.0,205,207,3,42,117,False,True,
run_20260807_175821_881241,6259,209,2026-08-07T18:01:54.390,2,left,228.15384615384616,228.12844036697248,371.0769230769231,227,229,3,42,109,False,True,
run_20260807_175821_881241,6259,209,2026-08-07T18:01:54.390,1,left,250.0,250.58031088082902,371.0,249,252,4,68,193,False,True,
run_20260807_175821_881241,6259,209,2026-08-07T18:01:54.390,0,left,272.0,272.1826923076923,370.5,271,273,3,42,104,True,True,
run_20260807_175821_881241,6259,209,2026-08-07T18:01:54.390,0,right,469.0,468.9920634920635,370.5,468,470,3,43,126,True,True,
run_20260807_175821_881241,6259,209,2026-08-07T18:01:54.390,1,right,492.0,491.2676767676768,371.0,490,493,4,70,198,False,True,
run_20260807_175821_881241,6259,209,2026-08-07T18:01:54.390,2,right,514.0,513.875,371.0769230769231,513,515,3,42,112,False,True,
run_20260807_175821_881241,6259,209,2026-08-07T18:01:54.390,3,right,536.0,535.9672131147541,371.0,535,537,3,42,122,False,True,
run_20260807_175821_881241,6259,209,2026-08-07T18:01:54.390,4,right,558.3636363636364,558.0169491525423,370.9318181818182,557,559,3,42,118,False,True,
run_20260807_175821_881241,6259,209,2026-08-07T18:01:54.390,5,right,581.0,580.488188976378,371.0,579,582,4,43,127,False,True,
run_20260807_175821_881241,6259,209,2026-08-07T18:01:54.390,6,right,603.25,602.0792079207921,371.125,600,604,5,67,202,False,True,
run_20260807_175821_881241,6259,209,2026-08-07T18:01:54.390,7,right,625.0,624.9333333333333,370.75,624,626,3,43,120,False,True,
run_20260807_175821_881241,6259,209,2026-08-07T18:01:54.390,8,right,647.0,646.8771929824561,371.0,646,648,3,43,114,False,True,
run_20260807_175821_881241,6259,209,2026-08-07T18:01:54.390,9,right,669.0,668.6186440677966,371.0,667,670,4,43,118,False,True,
run_20260807_175821_881241,6259,209,2026-08-07T18:01:54.390,10,right,691.0,690.4957983193277,371.0,689,692,4,42,119,False,True,
run_20260807_175821_881241,6259,209,2026-08-07T18:01:54.390,11,right,712.0,710.9897959183673,370.5,708,713,6,54,196,False,True,
run_20260807_175821_881241,6259,209,2026-08-07T18:01:54.390,12,right,734.0,733.5593220338983,370.75,732,735,4,42,118,False,True,
run_20260807_175821_881241,6289,210,2026-08-07T18:01:55.391,12,left,7.5,7.878504672897196,370.75,7,9,3,42,107,False,True,
run_20260807_175821_881241,6289,210,2026-08-07T18:01:55.391,11,left,29.0,30.312169312169313,370.5,28,33,6,52,189,False,True,
run_20260807_175821_881241,6289,210,2026-08-07T18:01:55.391,10,left,51.0,51.091743119266056,371.0,50,52,3,40,109,False,True,
run_20260807_175821_881241,6289,210,2026-08-07T18:01:55.391,9,left,73.0,73.08490566037736,371.0,72,74,3,39,106,False,True,
run_20260807_175821_881241,6289,210,2026-08-07T18:01:55.391,8,left,95.0,95.08411214953271,371.0,94,96,3,39,107,False,True,
run_20260807_175821_881241,6289,210,2026-08-07T18:01:55.391,7,left,116.5,116.97916666666667,370.75,116,118,3,38,96,False,True,
run_20260807_175821_881241,6289,210,2026-08-07T18:01:55.391,6,left,139.0,140.00462962962962,371.125,138,143,6,69,216,False,True,
run_20260807_175821_881241,6289,210,2026-08-07T18:01:55.391,5,left,161.0,161.17171717171718,371.0,160,162,3,39,99,False,True,
run_20260807_175821_881241,6289,210,2026-08-07T18:01:55.391,4,left,183.5,183.82474226804123,371.0,183,185,3,40,97,False,True,
run_20260807_175821_881241,6289,210,2026-08-07T18:01:55.391,3,left,206.0,206.05982905982907,371.0,205,207,3,42,117,False,True,
run_20260807_175821_881241,6289,210,2026-08-07T18:01:55.391,2,left,228.07142857142858,228.12844036697248,371.0357142857143,227,229,3,42,109,False,True,
run_20260807_175821_881241,6289,210,2026-08-07T18:01:55.391,1,left,250.0,250.58762886597938,371.0,249,252,4,68,194,False,True,
run_20260807_175821_881241,6289,210,2026-08-07T18:01:55.391,0,left,272.0,272.19417475728153,370.5,271,273,3,42,103,True,True,
run_20260807_175821_881241,6289,210,2026-08-07T18:01:55.391,0,right,469.0,468.9920634920635,370.5,468,470,3,43,126,True,True,
run_20260807_175821_881241,6289,210,2026-08-07T18:01:55.391,1,right,492.0,491.2487562189055,371.0,490,493,4,70,201,False,True,
run_20260807_175821_881241,6289,210,2026-08-07T18:01:55.391,2,right,514.0,513.875,371.0357142857143,513,515,3,42,112,False,True,
run_20260807_175821_881241,6289,210,2026-08-07T18:01:55.391,3,right,536.0,535.9672131147541,371.0,535,537,3,42,122,False,True,
run_20260807_175821_881241,6289,210,2026-08-07T18:01:55.391,4,right,558.5,558.042735042735,371.0,557,559,3,42,117,False,True,
run_20260807_175821_881241,6289,210,2026-08-07T18:01:55.391,5,right,581.0,580.488188976378,371.0,579,582,4,43,127,False,True,
run_20260807_175821_881241,6289,210,2026-08-07T18:01:55.391,6,right,603.25,602.0886699507389,371.125,600,604,5,67,203,False,True,
run_20260807_175821_881241,6289,210,2026-08-07T18:01:55.391,7,right,625.0,624.9421487603306,370.75,624,626,3,43,121,False,True,
run_20260807_175821_881241,6289,210,2026-08-07T18:01:55.391,8,right,647.0,646.8672566371681,371.0,646,648,3,43,113,False,True,
run_20260807_175821_881241,6289,210,2026-08-07T18:01:55.391,9,right,669.0,668.7904761904762,371.0,668,670,3,43,105,False,True,
run_20260807_175821_881241,6289,210,2026-08-07T18:01:55.391,10,right,691.0,690.4957983193277,371.0,689,692,4,42,119,False,True,
run_20260807_175821_881241,6289,210,2026-08-07T18:01:55.391,11,right,712.0,710.979797979798,370.5,708,713,6,55,198,False,True,
run_20260807_175821_881241,6289,210,2026-08-07T18:01:55.391,12,right,734.0,733.5172413793103,370.75,732,735,4,42,116,False,True,
run_20260807_175821_881241,6319,211,2026-08-07T18:01:56.428,12,left,7.5,7.886792452830188,370.75,7,9,3,42,106,False,True,
run_20260807_175821_881241,6319,211,2026-08-07T18:01:56.428,11,left,29.0,30.306878306878307,370.5,28,33,6,52,189,False,True,
run_20260807_175821_881241,6319,211,2026-08-07T18:01:56.428,10,left,51.0,51.08181818181818,371.0,50,52,3,40,110,False,True,
run_20260807_175821_881241,6319,211,2026-08-07T18:01:56.428,9,left,73.0,73.08490566037736,371.0,72,74,3,39,106,False,True,
run_20260807_175821_881241,6319,211,2026-08-07T18:01:56.428,8,left,95.0,95.08411214953271,371.0,94,96,3,39,107,False,True,
run_20260807_175821_881241,6319,211,2026-08-07T18:01:56.428,7,left,116.5,116.96842105263158,370.75,116,118,3,38,95,False,True,
run_20260807_175821_881241,6319,211,2026-08-07T18:01:56.428,6,left,139.0,140.04205607476635,371.125,138,143,6,69,214,False,True,
run_20260807_175821_881241,6319,211,2026-08-07T18:01:56.428,5,left,161.0,161.38392857142858,371.0,160,163,4,39,112,False,True,
run_20260807_175821_881241,6319,211,2026-08-07T18:01:56.428,4,left,183.5,183.82474226804123,370.9318181818182,183,185,3,40,97,False,True,
run_20260807_175821_881241,6319,211,2026-08-07T18:01:56.428,3,left,206.0,206.05982905982907,371.0,205,207,3,42,117,False,True,
run_20260807_175821_881241,6319,211,2026-08-07T18:01:56.428,2,left,228.07142857142858,228.11818181818182,371.0357142857143,227,229,3,42,110,False,True,
run_20260807_175821_881241,6319,211,2026-08-07T18:01:56.428,1,left,250.0,250.58762886597938,371.0,249,252,4,68,194,False,True,
run_20260807_175821_881241,6319,211,2026-08-07T18:01:56.428,0,left,272.0,272.20588235294116,370.5,271,273,3,42,102,True,True,
run_20260807_175821_881241,6319,211,2026-08-07T18:01:56.428,0,right,469.0,468.9920634920635,370.5,468,470,3,43,126,True,True,
run_20260807_175821_881241,6319,211,2026-08-07T18:01:56.428,1,right,492.0,491.2487562189055,371.0,490,493,4,70,201,False,True,
run_20260807_175821_881241,6319,211,2026-08-07T18:01:56.428,2,right,514.0,513.875,371.0357142857143,513,515,3,42,112,False,True,
run_20260807_175821_881241,6319,211,2026-08-07T18:01:56.428,3,right,536.0,535.9586776859504,371.0,535,537,3,42,121,False,True,
run_20260807_175821_881241,6319,211,2026-08-07T18:01:56.428,4,right,558.3636363636364,558.0338983050848,370.9318181818182,557,559,3,42,118,False,True,
run_20260807_175821_881241,6319,211,2026-08-07T18:01:56.428,5,right,581.0,580.488188976378,371.0,579,582,4,43,127,False,True,
run_20260807_175821_881241,6319,211,2026-08-07T18:01:56.428,6,right,603.25,602.0886699507389,371.125,600,604,5,67,203,False,True,
run_20260807_175821_881241,6319,211,2026-08-07T18:01:56.428,7,right,625.0,624.9333333333333,370.75,624,626,3,43,120,False,True,
run_20260807_175821_881241,6319,211,2026-08-07T18:01:56.428,8,right,647.0,646.8672566371681,371.0,646,648,3,43,113,False,True,
run_20260807_175821_881241,6319,211,2026-08-07T18:01:56.428,9,right,669.0,668.8018867924528,371.0,668,670,3,43,106,False,True,
run_20260807_175821_881241,6319,211,2026-08-07T18:01:56.428,10,right,691.0,690.4957983193277,371.0,689,692,4,42,119,False,True,
run_20260807_175821_881241,6319,211,2026-08-07T18:01:56.428,11,right,712.0,711.0,370.5,708,713,6,54,197,False,True,
run_20260807_175821_881241,6319,211,2026-08-07T18:01:56.428,12,right,734.0,733.546218487395,370.75,732,735,4,42,119,False,True,
run_20260807_175821_881241,6349,212,2026-08-07T18:01:57.459,12,left,7.5,7.857142857142857,370.75,7,9,3,42,105,False,True,
run_20260807_175821_881241,6349,212,2026-08-07T18:01:57.459,11,left,29.0,30.312169312169313,370.5357142857143,28,33,6,52,189,False,True,
run_20260807_175821_881241,6349,212,2026-08-07T18:01:57.459,10,left,51.0,51.091743119266056,371.0,50,52,3,40,109,False,True,
run_20260807_175821_881241,6349,212,2026-08-07T18:01:57.459,9,left,73.0,73.08490566037736,371.0,72,74,3,39,106,False,True,
run_20260807_175821_881241,6349,212,2026-08-07T18:01:57.459,8,left,95.0,95.08411214953271,371.0,94,96,3,39,107,False,True,
run_20260807_175821_881241,6349,212,2026-08-07T18:01:57.459,7,left,116.5,116.97916666666667,370.75,116,118,3,38,96,False,True,
run_20260807_175821_881241,6349,212,2026-08-07T18:01:57.459,6,left,139.0,140.03773584905662,371.125,138,143,6,68,212,False,True,
run_20260807_175821_881241,6349,212,2026-08-07T18:01:57.459,5,left,161.0,161.17171717171718,371.0,160,162,3,39,99,False,True,
run_20260807_175821_881241,6349,212,2026-08-07T18:01:57.459,4,left,183.5,183.8041237113402,370.8269230769231,183,185,3,40,97,False,True,
run_20260807_175821_881241,6349,212,2026-08-07T18:01:57.459,3,left,206.0,206.05982905982907,371.0,205,207,3,42,117,False,True,
run_20260807_175821_881241,6349,212,2026-08-07T18:01:57.459,2,left,228.07142857142858,228.12844036697248,371.0357142857143,227,229,3,42,109,False,True,
run_20260807_175821_881241,6349,212,2026-08-07T18:01:57.459,1,left,250.0,250.58031088082902,371.0,249,252,4,68,193,False,True,
run_20260807_175821_881241,6349,212,2026-08-07T18:01:57.459,0,left,272.0,272.2551020408163,370.5,271,273,3,42,98,True,True,
run_20260807_175821_881241,6349,212,2026-08-07T18:01:57.459,0,right,469.0,469.0,370.5,468,470,3,43,125,True,True,
run_20260807_175821_881241,6349,212,2026-08-07T18:01:57.459,1,right,492.0,491.2487562189055,371.0,490,493,4,70,201,False,True,
run_20260807_175821_881241,6349,212,2026-08-07T18:01:57.459,2,right,514.0,513.9043478260869,371.0357142857143,513,515,3,42,115,False,True,
run_20260807_175821_881241,6349,212,2026-08-07T18:01:57.459,3,right,536.0,535.9672131147541,371.0,535,537,3,42,122,False,True,
run_20260807_175821_881241,6349,212,2026-08-07T18:01:57.459,4,right,558.1538461538462,558.00826446281,370.8269230769231,557,559,3,42,121,False,True,
run_20260807_175821_881241,6349,212,2026-08-07T18:01:57.459,5,right,581.0,580.488188976378,371.0,579,582,4,43,127,False,True,
run_20260807_175821_881241,6349,212,2026-08-07T18:01:57.459,6,right,603.25,602.0886699507389,371.125,600,604,5,67,203,False,True,
run_20260807_175821_881241,6349,212,2026-08-07T18:01:57.459,7,right,625.0,624.9333333333333,370.75,624,626,3,43,120,False,True,
run_20260807_175821_881241,6349,212,2026-08-07T18:01:57.459,8,right,647.0,646.8672566371681,371.0,646,648,3,43,113,False,True,
run_20260807_175821_881241,6349,212,2026-08-07T18:01:57.459,9,right,669.0,668.8018867924528,371.0,668,670,3,43,106,False,True,
run_20260807_175821_881241,6349,212,2026-08-07T18:01:57.459,10,right,691.0,690.4453781512605,371.0,689,692,4,42,119,False,True,
run_20260807_175821_881241,6349,212,2026-08-07T18:01:57.459,11,right,712.0714285714286,711.1857923497267,370.5357142857143,709,713,5,53,183,False,True,
run_20260807_175821_881241,6349,212,2026-08-07T18:01:57.459,12,right,734.0,733.5338983050848,370.75,732,735,4,42,118,False,True,
run_20260807_175821_881241,6379,213,2026-08-07T18:01:58.488,12,left,7.5,7.857142857142857,370.75,7,9,3,42,105,False,True,
run_20260807_175821_881241,6379,213,2026-08-07T18:01:58.488,11,left,29.0,30.312169312169313,370.5,28,33,6,52,189,False,True,
run_20260807_175821_881241,6379,213,2026-08-07T18:01:58.488,10,left,51.0,51.091743119266056,371.0,50,52,3,40,109,False,True,
run_20260807_175821_881241,6379,213,2026-08-07T18:01:58.488,9,left,73.0,73.08490566037736,371.0,72,74,3,39,106,False,True,
run_20260807_175821_881241,6379,213,2026-08-07T18:01:58.488,8,left,95.0,95.08411214953271,371.0,94,96,3,39,107,False,True,
run_20260807_175821_881241,6379,213,2026-08-07T18:01:58.488,7,left,116.5,116.97916666666667,370.75,116,118,3,38,96,False,True,
run_20260807_175821_881241,6379,213,2026-08-07T18:01:58.488,6,left,139.0,139.99537037037038,371.125,138,143,6,68,216,False,True,
run_20260807_175821_881241,6379,213,2026-08-07T18:01:58.488,5,left,161.0,161.17171717171718,371.0,160,162,3,39,99,False,True,
run_20260807_175821_881241,6379,213,2026-08-07T18:01:58.488,4,left,183.5,183.81632653061226,370.9318181818182,183,185,3,40,98,False,True,
run_20260807_175821_881241,6379,213,2026-08-07T18:01:58.488,3,left,206.0,206.05982905982907,371.0,205,207,3,42,117,False,True,
run_20260807_175821_881241,6379,213,2026-08-07T18:01:58.488,2,left,228.07142857142858,228.11818181818182,371.0357142857143,227,229,3,42,110,False,True,
run_20260807_175821_881241,6379,213,2026-08-07T18:01:58.488,1,left,250.0,250.59067357512953,371.0,249,252,4,68,193,False,True,
run_20260807_175821_881241,6379,213,2026-08-07T18:01:58.488,0,left,272.0,272.25252525252523,370.5,271,273,3,42,99,True,True,
run_20260807_175821_881241,6379,213,2026-08-07T18:01:58.488,0,right,469.0,468.9920634920635,370.5,468,470,3,43,126,True,True,
run_20260807_175821_881241,6379,213,2026-08-07T18:01:58.488,1,right,492.0,491.2704081632653,371.0,490,493,4,70,196,False,True,
run_20260807_175821_881241,6379,213,2026-08-07T18:01:58.488,2,right,514.0,513.9043478260869,371.0357142857143,513,515,3,42,115,False,True,
run_20260807_175821_881241,6379,213,2026-08-07T18:01:58.488,3,right,536.0,535.9586776859504,371.0,535,537,3,42,121,False,True,
run_20260807_175821_881241,6379,213,2026-08-07T18:01:58.488,4,right,558.3636363636364,558.0338983050848,370.9318181818182,557,559,3,42,118,False,True,
run_20260807_175821_881241,6379,213,2026-08-07T18:01:58.488,5,right,581.0,580.4920634920635,371.0,579,582,4,42,126,False,True,
run_20260807_175821_881241,6379,213,2026-08-07T18:01:58.488,6,right,603.25,602.0886699507389,371.125,600,604,5,67,203,False,True,
run_20260807_175821_881241,6379,213,2026-08-07T18:01:58.488,7,right,625.0,624.9059829059829,370.75,624,626,3,43,117,False,True,
run_20260807_175821_881241,6379,213,2026-08-07T18:01:58.488,8,right,647.0,646.8771929824561,371.0,646,648,3,43,114,False,True,
run_20260807_175821_881241,6379,213,2026-08-07T18:01:58.488,9,right,669.0,668.8018867924528,371.0,668,670,3,43,106,False,True,
run_20260807_175821_881241,6379,213,2026-08-07T18:01:58.488,10,right,691.0,690.4957983193277,371.0,689,692,4,42,119,False,True,
run_20260807_175821_881241,6379,213,2026-08-07T18:01:58.488,11,right,712.0,710.989898989899,370.5,708,713,6,54,198,False,True,
run_20260807_175821_881241,6379,213,2026-08-07T18:01:58.488,12,right,734.0,733.5702479338843,370.75,732,735,4,42,121,False,True,
run_20260807_175821_881241,6409,214,2026-08-07T18:01:59.492,12,left,7.5,7.857142857142857,370.75,7,9,3,42,105,False,True,
run_20260807_175821_881241,6409,214,2026-08-07T18:01:59.492,11,left,29.0,30.308900523560208,370.5769230769231,28,33,6,52,191,False,True,
run_20260807_175821_881241,6409,214,2026-08-07T18:01:59.492,10,left,51.0,51.091743119266056,371.0,50,52,3,40,109,False,True,
run_20260807_175821_881241,6409,214,2026-08-07T18:01:59.492,9,left,73.0,73.08490566037736,371.0,72,74,3,39,106,False,True,
run_20260807_175821_881241,6409,214,2026-08-07T18:01:59.492,8,left,95.0,95.08411214953271,371.0,94,96,3,39,107,False,True,
run_20260807_175821_881241,6409,214,2026-08-07T18:01:59.492,7,left,116.5,116.96842105263158,370.75,116,118,3,38,95,False,True,
run_20260807_175821_881241,6409,214,2026-08-07T18:01:59.492,6,left,139.0,140.01388888888889,371.125,138,143,6,68,216,False,True,
run_20260807_175821_881241,6409,214,2026-08-07T18:01:59.492,5,left,161.0,161.17171717171718,371.0,160,162,3,39,99,False,True,
run_20260807_175821_881241,6409,214,2026-08-07T18:01:59.492,4,left,183.5,183.8041237113402,370.9318181818182,183,185,3,40,97,False,True,
run_20260807_175821_881241,6409,214,2026-08-07T18:01:59.492,3,left,206.0,206.05982905982907,371.0,205,207,3,42,117,False,True,
run_20260807_175821_881241,6409,214,2026-08-07T18:01:59.492,2,left,228.15384615384616,228.12844036697248,371.0769230769231,227,229,3,42,109,False,True,
run_20260807_175821_881241,6409,214,2026-08-07T18:01:59.492,1,left,250.0,250.56770833333334,371.0,249,252,4,68,192,False,True,
run_20260807_175821_881241,6409,214,2026-08-07T18:01:59.492,0,left,272.0,272.19417475728153,370.5,271,273,3,42,103,True,True,
run_20260807_175821_881241,6409,214,2026-08-07T18:01:59.492,0,right,469.0,468.9920634920635,370.5,468,470,3,43,126,True,True,
run_20260807_175821_881241,6409,214,2026-08-07T18:01:59.492,1,right,492.0,491.2676767676768,371.0,490,493,4,70,198,False,True,
run_20260807_175821_881241,6409,214,2026-08-07T18:01:59.492,2,right,514.0,513.875,371.0769230769231,513,515,3,42,112,False,True,
run_20260807_175821_881241,6409,214,2026-08-07T18:01:59.492,3,right,536.0,535.9586776859504,371.0,535,537,3,42,121,False,True,
run_20260807_175821_881241,6409,214,2026-08-07T18:01:59.492,4,right,558.3636363636364,558.0252100840336,370.9318181818182,557,559,3,42,119,False,True,
run_20260807_175821_881241,6409,214,2026-08-07T18:01:59.492,5,right,581.0,580.488188976378,371.0,579,582,4,43,127,False,True,
run_20260807_175821_881241,6409,214,2026-08-07T18:01:59.492,6,right,603.25,602.0886699507389,371.125,600,604,5,67,203,False,True,
run_20260807_175821_881241,6409,214,2026-08-07T18:01:59.492,7,right,625.0,624.9333333333333,370.75,624,626,3,43,120,False,True,
run_20260807_175821_881241,6409,214,2026-08-07T18:01:59.492,8,right,647.0,646.8672566371681,371.0,646,648,3,43,113,False,True,
run_20260807_175821_881241,6409,214,2026-08-07T18:01:59.492,9,right,669.0,668.8130841121496,371.0,668,670,3,43,107,False,True,
run_20260807_175821_881241,6409,214,2026-08-07T18:01:59.492,10,right,691.0,690.5,371.0,689,692,4,41,118,False,True,
run_20260807_175821_881241,6409,214,2026-08-07T18:01:59.492,11,right,712.1538461538462,710.9794871794871,370.5769230769231,708,713,6,52,195,False,True,
run_20260807_175821_881241,6409,214,2026-08-07T18:01:59.492,12,right,734.0,733.5677966101695,370.75,732,735,4,42,118,False,True,
run_20260807_175821_881241,6440,215,2026-08-07T18:02:00.527,12,left,7.5,7.876190476190477,370.75,7,9,3,42,105,False,True,
run_20260807_175821_881241,6440,215,2026-08-07T18:02:00.527,11,left,29.0,30.321052631578947,370.5,28,33,6,52,190,False,True,
run_20260807_175821_881241,6440,215,2026-08-07T18:02:00.527,10,left,51.0,51.091743119266056,371.0,50,52,3,40,109,False,True,
run_20260807_175821_881241,6440,215,2026-08-07T18:02:00.527,9,left,73.0,73.08490566037736,371.0,72,74,3,39,106,False,True,
run_20260807_175821_881241,6440,215,2026-08-07T18:02:00.527,8,left,95.0,95.08411214953271,371.0,94,96,3,39,107,False,True,
run_20260807_175821_881241,6440,215,2026-08-07T18:02:00.527,7,left,116.5,116.96842105263158,370.75,116,118,3,38,95,False,True,
run_20260807_175821_881241,6440,215,2026-08-07T18:02:00.527,6,left,139.0,140.04225352112675,371.125,138,143,6,68,213,False,True,
run_20260807_175821_881241,6440,215,2026-08-07T18:02:00.527,5,left,161.0,161.36936936936937,371.0,160,163,4,39,111,False,True,
run_20260807_175821_881241,6440,215,2026-08-07T18:02:00.527,4,left,183.5,183.82474226804123,371.0,183,185,3,40,97,False,True,
run_20260807_175821_881241,6440,215,2026-08-07T18:02:00.527,3,left,206.0,206.05982905982907,371.0,205,207,3,42,117,False,True,
run_20260807_175821_881241,6440,215,2026-08-07T18:02:00.527,2,left,228.15384615384616,228.12844036697248,371.0769230769231,227,229,3,42,109,False,True,
run_20260807_175821_881241,6440,215,2026-08-07T18:02:00.527,1,left,250.0,250.57291666666666,371.0,249,252,4,68,192,False,True,
run_20260807_175821_881241,6440,215,2026-08-07T18:02:00.527,0,left,272.0,272.25252525252523,370.5,271,273,3,42,99,True,True,
run_20260807_175821_881241,6440,215,2026-08-07T18:02:00.527,0,right,469.0,469.0,370.5,468,470,3,43,125,True,True,
run_20260807_175821_881241,6440,215,2026-08-07T18:02:00.527,1,right,492.0,491.2487562189055,371.0,490,493,4,70,201,False,True,
run_20260807_175821_881241,6440,215,2026-08-07T18:02:00.527,2,right,514.0,513.9137931034483,371.0769230769231,513,515,3,42,116,False,True,
run_20260807_175821_881241,6440,215,2026-08-07T18:02:00.527,3,right,536.0,535.9586776859504,371.0,535,537,3,42,121,False,True,
run_20260807_175821_881241,6440,215,2026-08-07T18:02:00.527,4,right,558.5,558.0344827586207,371.0,557,559,3,42,116,False,True,
run_20260807_175821_881241,6440,215,2026-08-07T18:02:00.527,5,right,581.0,580.5,371.0,579,582,4,43,126,False,True,
run_20260807_175821_881241,6440,215,2026-08-07T18:02:00.527,6,right,603.25,602.0891089108911,371.125,600,604,5,66,202,False,True,
run_20260807_175821_881241,6440,215,2026-08-07T18:02:00.527,7,right,625.0,624.9333333333333,370.75,624,626,3,43,120,False,True,
run_20260807_175821_881241,6440,215,2026-08-07T18:02:00.527,8,right,647.0,646.8672566371681,371.0,646,648,3,43,113,False,True,
run_20260807_175821_881241,6440,215,2026-08-07T18:02:00.527,9,right,669.0,668.8018867924528,371.0,668,670,3,43,106,False,True,
run_20260807_175821_881241,6440,215,2026-08-07T18:02:00.527,10,right,691.0,690.5126050420168,371.0,689,692,4,41,119,False,True,
run_20260807_175821_881241,6440,215,2026-08-07T18:02:00.527,11,right,712.0,710.9796954314721,370.5,708,713,6,54,197,False,True,
run_20260807_175821_881241,6440,215,2026-08-07T18:02:00.527,12,right,734.0,733.542372881356,370.75,732,735,4,42,118,False,True,
run_20260807_175821_881241,6471,216,2026-08-07T18:02:01.555,12,left,7.5,7.857142857142857,370.75,7,9,3,42,105,False,True,
run_20260807_175821_881241,6471,216,2026-08-07T18:02:01.555,11,left,29.0,30.310526315789474,370.5,28,33,6,52,190,False,True,
run_20260807_175821_881241,6471,216,2026-08-07T18:02:01.555,10,left,51.0,51.091743119266056,371.0,50,52,3,40,109,False,True,
run_20260807_175821_881241,6471,216,2026-08-07T18:02:01.555,9,left,73.0,73.08490566037736,371.0,72,74,3,39,106,False,True,
run_20260807_175821_881241,6471,216,2026-08-07T18:02:01.555,8,left,95.0,95.08411214953271,371.0,94,96,3,39,107,False,True,
run_20260807_175821_881241,6471,216,2026-08-07T18:02:01.555,7,left,116.5,116.98969072164948,370.75,116,118,3,38,97,False,True,
run_20260807_175821_881241,6471,216,2026-08-07T18:02:01.555,6,left,139.0,140.0045871559633,371.125,138,143,6,69,218,False,True,
run_20260807_175821_881241,6471,216,2026-08-07T18:02:01.555,5,left,161.0,161.17171717171718,371.0,160,162,3,39,99,False,True,
run_20260807_175821_881241,6471,216,2026-08-07T18:02:01.555,4,left,183.5,183.81632653061226,370.9318181818182,183,185,3,40,98,False,True,
run_20260807_175821_881241,6471,216,2026-08-07T18:02:01.555,3,left,206.0,206.05982905982907,371.0,205,207,3,42,117,False,True,
run_20260807_175821_881241,6471,216,2026-08-07T18:02:01.555,2,left,228.07142857142858,228.11818181818182,371.0357142857143,227,229,3,42,110,False,True,
run_20260807_175821_881241,6471,216,2026-08-07T18:02:01.555,1,left,250.0,250.58031088082902,371.0,249,252,4,68,193,False,True,
run_20260807_175821_881241,6471,216,2026-08-07T18:02:01.555,0,left,272.0,272.29473684210524,370.5,271,273,3,42,95,True,True,
run_20260807_175821_881241,6471,216,2026-08-07T18:02:01.555,0,right,469.0,468.9920634920635,370.5,468,470,3,43,126,True,True,
run_20260807_175821_881241,6471,216,2026-08-07T18:02:01.555,1,right,492.0,491.23880597014926,371.0,490,493,4,70,201,False,True,
run_20260807_175821_881241,6471,216,2026-08-07T18:02:01.555,2,right,514.0,513.875,371.0357142857143,513,515,3,42,112,False,True,
run_20260807_175821_881241,6471,216,2026-08-07T18:02:01.555,3,right,536.0,535.9586776859504,371.0,535,537,3,42,121,False,True,
run_20260807_175821_881241,6471,216,2026-08-07T18:02:01.555,4,right,558.3636363636364,558.025641025641,370.9318181818182,557,559,3,42,117,False,True,
run_20260807_175821_881241,6471,216,2026-08-07T18:02:01.555,5,right,581.0,580.5,371.0,579,582,4,43,126,False,True,
run_20260807_175821_881241,6471,216,2026-08-07T18:02:01.555,6,right,603.25,602.0841584158416,371.125,600,604,5,67,202,False,True,
run_20260807_175821_881241,6471,216,2026-08-07T18:02:01.555,7,right,625.0,624.9333333333333,370.75,624,626,3,43,120,False,True,
run_20260807_175821_881241,6471,216,2026-08-07T18:02:01.555,8,right,647.0,646.8771929824561,371.0,646,648,3,43,114,False,True,
run_20260807_175821_881241,6471,216,2026-08-07T18:02:01.555,9,right,669.0,668.7904761904762,371.0,668,670,3,43,105,False,True,
run_20260807_175821_881241,6471,216,2026-08-07T18:02:01.555,10,right,691.0,690.5470085470085,371.0,689,692,4,42,117,False,True,
run_20260807_175821_881241,6471,216,2026-08-07T18:02:01.555,11,right,712.0,710.9948979591836,370.5,708,713,6,55,196,False,True,
run_20260807_175821_881241,6471,216,2026-08-07T18:02:01.555,12,right,734.0,733.542372881356,370.75,732,735,4,42,118,False,True,
run_20260807_175821_881241,6500,217,2026-08-07T18:02:02.562,12,left,7.5,7.865384615384615,370.75,7,9,3,42,104,False,True,
run_20260807_175821_881241,6500,217,2026-08-07T18:02:02.562,11,left,29.0,30.308900523560208,370.5,28,33,6,53,191,False,True,
run_20260807_175821_881241,6500,217,2026-08-07T18:02:02.562,10,left,51.0,51.091743119266056,371.0,50,52,3,40,109,False,True,
run_20260807_175821_881241,6500,217,2026-08-07T18:02:02.562,9,left,73.0,73.08411214953271,371.0,72,74,3,39,107,False,True,
run_20260807_175821_881241,6500,217,2026-08-07T18:02:02.562,8,left,95.0,95.08411214953271,371.0,94,96,3,39,107,False,True,
run_20260807_175821_881241,6500,217,2026-08-07T18:02:02.562,7,left,116.5,116.97916666666667,370.75,116,118,3,38,96,False,True,
run_20260807_175821_881241,6500,217,2026-08-07T18:02:02.562,6,left,139.0,140.04205607476635,371.125,138,143,6,69,214,False,True,
run_20260807_175821_881241,6500,217,2026-08-07T18:02:02.562,5,left,161.0,161.17171717171718,371.0,160,162,3,39,99,False,True,
run_20260807_175821_881241,6500,217,2026-08-07T18:02:02.562,4,left,183.5,183.8041237113402,370.9318181818182,183,185,3,40,97,False,True,
run_20260807_175821_881241,6500,217,2026-08-07T18:02:02.562,3,left,206.0,206.05982905982907,371.0,205,207,3,42,117,False,True,
run_20260807_175821_881241,6500,217,2026-08-07T18:02:02.562,2,left,228.07142857142858,228.11818181818182,371.0357142857143,227,229,3,42,110,False,True,
run_20260807_175821_881241,6500,217,2026-08-07T18:02:02.562,1,left,250.0,250.57291666666666,371.0,249,252,4,68,192,False,True,
run_20260807_175821_881241,6500,217,2026-08-07T18:02:02.562,0,left,272.0,272.2156862745098,370.5,271,273,3,42,102,True,True,
run_20260807_175821_881241,6500,217,2026-08-07T18:02:02.562,0,right,469.0,469.008064516129,370.5,468,470,3,43,124,True,True,
run_20260807_175821_881241,6500,217,2026-08-07T18:02:02.562,1,right,492.0,491.23880597014926,371.0,490,493,4,70,201,False,True,
run_20260807_175821_881241,6500,217,2026-08-07T18:02:02.562,2,right,514.0,513.875,371.0357142857143,513,515,3,42,112,False,True,
run_20260807_175821_881241,6500,217,2026-08-07T18:02:02.562,3,right,536.0,535.9672131147541,371.0,535,537,3,42,122,False,True,
run_20260807_175821_881241,6500,217,2026-08-07T18:02:02.562,4,right,558.3636363636364,558.025641025641,370.9318181818182,557,559,3,42,117,False,True,
run_20260807_175821_881241,6500,217,2026-08-07T18:02:02.562,5,right,581.0,580.488188976378,371.0,579,582,4,43,127,False,True,
run_20260807_175821_881241,6500,217,2026-08-07T18:02:02.562,6,right,603.25,602.0746268656717,371.125,600,604,5,67,201,False,True,
run_20260807_175821_881241,6500,217,2026-08-07T18:02:02.562,7,right,625.0,624.9333333333333,370.75,624,626,3,43,120,False,True,
run_20260807_175821_881241,6500,217,2026-08-07T18:02:02.562,8,right,647.0,646.8771929824561,371.0,646,648,3,43,114,False,True,
run_20260807_175821_881241,6500,217,2026-08-07T18:02:02.562,9,right,669.0,668.7904761904762,371.0,668,670,3,43,105,False,True,
run_20260807_175821_881241,6500,217,2026-08-07T18:02:02.562,10,right,691.0,690.4958677685951,371.0,689,692,4,42,121,False,True,
run_20260807_175821_881241,6500,217,2026-08-07T18:02:02.562,11,right,712.0,711.1945945945946,370.5,709,713,5,54,185,False,True,
run_20260807_175821_881241,6500,217,2026-08-07T18:02:02.562,12,right,734.0,733.546218487395,370.75,732,735,4,42,119,False,True,
run_20260807_175821_881241,6530,218,2026-08-07T18:02:03.592,12,left,7.5,7.857142857142857,370.75,7,9,3,42,105,False,True,
run_20260807_175821_881241,6530,218,2026-08-07T18:02:03.592,11,left,29.0,30.308900523560208,370.5,28,33,6,52,191,False,True,
run_20260807_175821_881241,6530,218,2026-08-07T18:02:03.592,10,left,51.0,51.091743119266056,371.0,50,52,3,40,109,False,True,
run_20260807_175821_881241,6530,218,2026-08-07T18:02:03.592,9,left,73.0,73.08411214953271,371.0,72,74,3,39,107,False,True,
run_20260807_175821_881241,6530,218,2026-08-07T18:02:03.592,8,left,95.0,95.08411214953271,371.0,94,96,3,39,107,False,True,
run_20260807_175821_881241,6530,218,2026-08-07T18:02:03.592,7,left,116.5,116.97916666666667,370.75,116,118,3,38,96,False,True,
run_20260807_175821_881241,6530,218,2026-08-07T18:02:03.592,6,left,139.0,140.0045871559633,371.125,138,143,6,69,218,False,True,
run_20260807_175821_881241,6530,218,2026-08-07T18:02:03.592,5,left,161.0,161.17171717171718,371.0,160,162,3,39,99,False,True,
run_20260807_175821_881241,6530,218,2026-08-07T18:02:03.592,4,left,183.5,183.8041237113402,370.9318181818182,183,185,3,40,97,False,True,
run_20260807_175821_881241,6530,218,2026-08-07T18:02:03.592,3,left,206.0,206.05982905982907,371.0,205,207,3,42,117,False,True,
run_20260807_175821_881241,6530,218,2026-08-07T18:02:03.592,2,left,228.07142857142858,228.12844036697248,371.0357142857143,227,229,3,42,109,False,True,
run_20260807_175821_881241,6530,218,2026-08-07T18:02:03.592,1,left,250.0,250.58762886597938,371.0,249,252,4,68,194,False,True,
run_20260807_175821_881241,6530,218,2026-08-07T18:02:03.592,0,left,272.0,272.2551020408163,370.5,271,273,3,42,98,True,True,
run_20260807_175821_881241,6530,218,2026-08-07T18:02:03.592,0,right,469.0,469.0,370.5,468,470,3,43,125,True,True,
run_20260807_175821_881241,6530,218,2026-08-07T18:02:03.592,1,right,492.0,491.26395939086296,371.0,490,493,4,70,197,False,True,
run_20260807_175821_881241,6530,218,2026-08-07T18:02:03.592,2,right,514.0,513.875,371.0357142857143,513,515,3,42,112,False,True,
run_20260807_175821_881241,6530,218,2026-08-07T18:02:03.592,3,right,536.0,535.9586776859504,371.0,535,537,3,42,121,False,True,
run_20260807_175821_881241,6530,218,2026-08-07T18:02:03.592,4,right,558.3636363636364,558.0252100840336,370.9318181818182,557,559,3,42,119,False,True,
run_20260807_175821_881241,6530,218,2026-08-07T18:02:03.592,5,right,581.0,580.4765625,371.0,579,582,4,43,128,False,True,
run_20260807_175821_881241,6530,218,2026-08-07T18:02:03.592,6,right,603.25,602.0940594059406,371.125,600,604,5,67,202,False,True,
run_20260807_175821_881241,6530,218,2026-08-07T18:02:03.592,7,right,625.0,624.9333333333333,370.75,624,626,3,43,120,False,True,
run_20260807_175821_881241,6530,218,2026-08-07T18:02:03.592,8,right,647.0,646.8771929824561,371.0,646,648,3,43,114,False,True,
run_20260807_175821_881241,6530,218,2026-08-07T18:02:03.592,9,right,669.0,668.8018867924528,371.0,668,670,3,43,106,False,True,
run_20260807_175821_881241,6530,218,2026-08-07T18:02:03.592,10,right,691.0,690.4830508474577,371.0,689,692,4,42,118,False,True,
run_20260807_175821_881241,6530,218,2026-08-07T18:02:03.592,11,right,712.0,710.989847715736,370.5,708,713,6,55,197,False,True,
run_20260807_175821_881241,6530,218,2026-08-07T18:02:03.592,12,right,734.0,733.546218487395,370.75,732,735,4,42,119,False,True,
run_20260807_175821_881241,6560,219,2026-08-07T18:02:04.593,12,left,7.5,7.857142857142857,370.75,7,9,3,42,105,False,True,
run_20260807_175821_881241,6560,219,2026-08-07T18:02:04.593,11,left,29.0,30.30366492146597,370.5,28,33,6,52,191,False,True,
run_20260807_175821_881241,6560,219,2026-08-07T18:02:04.593,10,left,51.0,51.091743119266056,371.0,50,52,3,40,109,False,True,
run_20260807_175821_881241,6560,219,2026-08-07T18:02:04.593,9,left,73.0,73.08490566037736,371.0,72,74,3,39,106,False,True,
run_20260807_175821_881241,6560,219,2026-08-07T18:02:04.593,8,left,94.92857142857143,95.0754716981132,370.9642857142857,94,96,3,38,106,False,True,
run_20260807_175821_881241,6560,219,2026-08-07T18:02:04.593,7,left,116.5,116.98969072164948,370.75,116,118,3,38,97,False,True,
run_20260807_175821_881241,6560,219,2026-08-07T18:02:04.593,6,left,139.0,139.99539170506912,371.125,138,143,6,69,217,False,True,
run_20260807_175821_881241,6560,219,2026-08-07T18:02:04.593,5,left,161.0,161.36936936936937,371.0,160,163,4,39,111,False,True,
run_20260807_175821_881241,6560,219,2026-08-07T18:02:04.593,4,left,183.5,183.82474226804123,370.9318181818182,183,185,3,40,97,False,True,
run_20260807_175821_881241,6560,219,2026-08-07T18:02:04.593,3,left,206.0,206.05982905982907,371.0,205,207,3,42,117,False,True,
run_20260807_175821_881241,6560,219,2026-08-07T18:02:04.593,2,left,228.07142857142858,228.11818181818182,371.0357142857143,227,229,3,42,110,False,True,
run_20260807_175821_881241,6560,219,2026-08-07T18:02:04.593,1,left,250.0,250.5794871794872,371.0,249,252,4,68,195,False,True,
run_20260807_175821_881241,6560,219,2026-08-07T18:02:04.593,0,left,272.0,272.25252525252523,370.5,271,273,3,42,99,True,True,
run_20260807_175821_881241,6560,219,2026-08-07T18:02:04.593,0,right,469.0,468.9920634920635,370.5,468,470,3,43,126,True,True,
run_20260807_175821_881241,6560,219,2026-08-07T18:02:04.593,1,right,492.0,491.25125628140705,371.0,490,493,4,70,199,False,True,
run_20260807_175821_881241,6560,219,2026-08-07T18:02:04.593,2,right,514.0,513.875,371.0357142857143,513,515,3,42,112,False,True,
run_20260807_175821_881241,6560,219,2026-08-07T18:02:04.593,3,right,536.0,535.9586776859504,371.0,535,537,3,42,121,False,True,
run_20260807_175821_881241,6560,219,2026-08-07T18:02:04.593,4,right,558.3636363636364,558.0338983050848,370.9318181818182,557,559,3,42,118,False,True,
run_20260807_175821_881241,6560,219,2026-08-07T18:02:04.593,5,right,581.0,580.488188976378,371.0,579,582,4,43,127,False,True,
run_20260807_175821_881241,6560,219,2026-08-07T18:02:04.593,6,right,603.25,602.0886699507389,371.125,600,604,5,67,203,False,True,
run_20260807_175821_881241,6560,219,2026-08-07T18:02:04.593,7,right,625.0,624.9333333333333,370.75,624,626,3,43,120,False,True,
run_20260807_175821_881241,6560,219,2026-08-07T18:02:04.593,8,right,647.0,646.8672566371681,370.9642857142857,646,648,3,43,113,False,True,
run_20260807_175821_881241,6560,219,2026-08-07T18:02:04.593,9,right,669.0,668.8018867924528,371.0,668,670,3,43,106,False,True,
run_20260807_175821_881241,6560,219,2026-08-07T18:02:04.593,10,right,691.0,690.4957983193277,371.0,689,692,4,42,119,False,True,
run_20260807_175821_881241,6560,219,2026-08-07T18:02:04.593,11,right,712.0,710.9795918367347,370.5,708,713,6,54,196,False,True,
run_20260807_175821_881241,6560,219,2026-08-07T18:02:04.593,12,right,734.0,733.5546218487395,370.75,732,735,4,42,119,False,True,
run_20260807_175821_881241,6590,220,2026-08-07T18:02:05.623,12,left,7.5,7.867924528301887,370.75,7,9,3,42,106,False,True,
run_20260807_175821_881241,6590,220,2026-08-07T18:02:05.623,11,left,29.0,30.307291666666668,370.5,28,33,6,53,192,False,True,
run_20260807_175821_881241,6590,220,2026-08-07T18:02:05.623,10,left,51.0,51.08181818181818,371.0,50,52,3,40,110,False,True,
run_20260807_175821_881241,6590,220,2026-08-07T18:02:05.623,9,left,73.0,73.08490566037736,371.0,72,74,3,39,106,False,True,
run_20260807_175821_881241,6590,220,2026-08-07T18:02:05.623,8,left,95.0,95.08411214953271,371.0,94,96,3,39,107,False,True,
run_20260807_175821_881241,6590,220,2026-08-07T18:02:05.623,7,left,116.5,116.96842105263158,370.75,116,118,3,38,95,False,True,
run_20260807_175821_881241,6590,220,2026-08-07T18:02:05.623,6,left,139.0,140.0045871559633,371.125,138,143,6,69,218,False,True,
run_20260807_175821_881241,6590,220,2026-08-07T18:02:05.623,5,left,161.0,161.17171717171718,371.0,160,162,3,39,99,False,True,
run_20260807_175821_881241,6590,220,2026-08-07T18:02:05.623,4,left,183.5,183.79166666666666,370.9318181818182,183,185,3,40,96,False,True,
run_20260807_175821_881241,6590,220,2026-08-07T18:02:05.623,3,left,206.0,206.05982905982907,371.0,205,207,3,42,117,False,True,
run_20260807_175821_881241,6590,220,2026-08-07T18:02:05.623,2,left,228.07142857142858,228.12844036697248,371.0357142857143,227,229,3,42,109,False,True,
run_20260807_175821_881241,6590,220,2026-08-07T18:02:05.623,1,left,250.0,250.60526315789474,371.0,249,252,4,68,190,False,True,
run_20260807_175821_881241,6590,220,2026-08-07T18:02:05.623,0,left,272.0,272.2551020408163,370.5,271,273,3,42,98,True,True,
run_20260807_175821_881241,6590,220,2026-08-07T18:02:05.623,0,right,469.0,468.9920634920635,370.5,468,470,3,43,126,True,True,
run_20260807_175821_881241,6590,220,2026-08-07T18:02:05.623,1,right,492.0,491.255,371.0,490,493,4,70,200,False,True,
run_20260807_175821_881241,6590,220,2026-08-07T18:02:05.623,2,right,514.0,513.875,371.0357142857143,513,515,3,42,112,False,True,
run_20260807_175821_881241,6590,220,2026-08-07T18:02:05.623,3,right,536.0,535.9586776859504,371.0,535,537,3,42,121,False,True,
run_20260807_175821_881241,6590,220,2026-08-07T18:02:05.623,4,right,558.3636363636364,558.0338983050848,370.9318181818182,557,559,3,42,118,False,True,
run_20260807_175821_881241,6590,220,2026-08-07T18:02:05.623,5,right,581.0,580.488188976378,371.0,579,582,4,43,127,False,True,
run_20260807_175821_881241,6590,220,2026-08-07T18:02:05.623,6,right,603.25,602.0886699507389,371.125,600,604,5,67,203,False,True,
run_20260807_175821_881241,6590,220,2026-08-07T18:02:05.623,7,right,625.0,624.9333333333333,370.75,624,626,3,43,120,False,True,
run_20260807_175821_881241,6590,220,2026-08-07T18:02:05.623,8,right,647.0,646.8672566371681,371.0,646,648,3,43,113,False,True,
run_20260807_175821_881241,6590,220,2026-08-07T18:02:05.623,9,right,669.0,668.8130841121496,371.0,668,670,3,43,107,False,True,
run_20260807_175821_881241,6590,220,2026-08-07T18:02:05.623,10,right,691.0,690.4873949579832,371.0,689,692,4,41,119,False,True,
run_20260807_175821_881241,6590,220,2026-08-07T18:02:05.623,11,right,712.0,710.9796954314721,370.5,708,713,6,54,197,False,True,
run_20260807_175821_881241,6590,220,2026-08-07T18:02:05.623,12,right,734.0,733.5299145299145,370.75,732,735,4,42,117,False,True,
run_20260807_175821_881241,6620,221,2026-08-07T18:02:06.625,12,left,7.5,7.857142857142857,370.75,7,9,3,42,105,False,True,
run_20260807_175821_881241,6620,221,2026-08-07T18:02:06.625,11,left,29.0,30.310526315789474,370.5357142857143,28,33,6,52,190,False,True,
run_20260807_175821_881241,6620,221,2026-08-07T18:02:06.625,10,left,51.0,51.091743119266056,371.0,50,52,3,40,109,False,True,
run_20260807_175821_881241,6620,221,2026-08-07T18:02:06.625,9,left,73.0,73.08490566037736,371.0,72,74,3,39,106,False,True,
run_20260807_175821_881241,6620,221,2026-08-07T18:02:06.625,8,left,95.0,95.08411214953271,371.0,94,96,3,39,107,False,True,
run_20260807_175821_881241,6620,221,2026-08-07T18:02:06.625,7,left,116.5,116.96842105263158,370.75,116,118,3,38,95,False,True,
run_20260807_175821_881241,6620,221,2026-08-07T18:02:06.625,6,left,139.0,140.01401869158877,371.125,138,143,6,68,214,False,True,
run_20260807_175821_881241,6620,221,2026-08-07T18:02:06.625,5,left,161.0,161.17171717171718,371.0,160,162,3,39,99,False,True,
run_20260807_175821_881241,6620,221,2026-08-07T18:02:06.625,4,left,183.5,183.81632653061226,370.9318181818182,183,185,3,40,98,False,True,
run_20260807_175821_881241,6620,221,2026-08-07T18:02:06.625,3,left,206.0,206.05982905982907,371.0,205,207,3,42,117,False,True,
run_20260807_175821_881241,6620,221,2026-08-07T18:02:06.625,2,left,228.15384615384616,228.13888888888889,371.0769230769231,227,229,3,42,108,False,True,
run_20260807_175821_881241,6620,221,2026-08-07T18:02:06.625,1,left,250.0,250.57291666666666,371.0,249,252,4,68,192,False,True,
run_20260807_175821_881241,6620,221,2026-08-07T18:02:06.625,0,left,272.0,272.2551020408163,370.5,271,273,3,42,98,True,True,
run_20260807_175821_881241,6620,221,2026-08-07T18:02:06.625,0,right,469.0,468.9920634920635,370.5,468,470,3,43,126,True,True,
run_20260807_175821_881241,6620,221,2026-08-07T18:02:06.625,1,right,492.0,491.2613065326633,371.0,490,493,4,70,199,False,True,
run_20260807_175821_881241,6620,221,2026-08-07T18:02:06.625,2,right,514.0,513.875,371.0769230769231,513,515,3,42,112,False,True,
run_20260807_175821_881241,6620,221,2026-08-07T18:02:06.625,3,right,536.0,535.9586776859504,371.0,535,537,3,42,121,False,True,
run_20260807_175821_881241,6620,221,2026-08-07T18:02:06.625,4,right,558.3636363636364,558.0338983050848,370.9318181818182,557,559,3,42,118,False,True,
run_20260807_175821_881241,6620,221,2026-08-07T18:02:06.625,5,right,581.0,580.5,371.0,579,582,4,43,126,False,True,
run_20260807_175821_881241,6620,221,2026-08-07T18:02:06.625,6,right,603.25,602.0886699507389,371.125,600,604,5,67,203,False,True,
run_20260807_175821_881241,6620,221,2026-08-07T18:02:06.625,7,right,625.0,624.9333333333333,370.75,624,626,3,43,120,False,True,
run_20260807_175821_881241,6620,221,2026-08-07T18:02:06.625,8,right,647.0,646.8672566371681,371.0,646,648,3,43,113,False,True,
run_20260807_175821_881241,6620,221,2026-08-07T18:02:06.625,9,right,669.0,668.8018867924528,371.0,668,670,3,43,106,False,True,
run_20260807_175821_881241,6620,221,2026-08-07T18:02:06.625,10,right,691.0,690.5,371.0,689,692,4,41,118,False,True,
run_20260807_175821_881241,6620,221,2026-08-07T18:02:06.625,11,right,712.0714285714286,710.9897435897436,370.5357142857143,708,713,6,53,195,False,True,
run_20260807_175821_881241,6620,221,2026-08-07T18:02:06.625,12,right,734.0,733.5555555555555,370.75,732,735,4,42,117,False,True,
run_20260807_175821_881241,6651,222,2026-08-07T18:02:07.657,12,left,7.5,7.857142857142857,370.75,7,9,3,42,105,False,True,
run_20260807_175821_881241,6651,222,2026-08-07T18:02:07.657,11,left,29.0,30.310526315789474,370.5,28,33,6,52,190,False,True,
run_20260807_175821_881241,6651,222,2026-08-07T18:02:07.657,10,left,51.0,51.091743119266056,371.0,50,52,3,40,109,False,True,
run_20260807_175821_881241,6651,222,2026-08-07T18:02:07.657,9,left,73.0,73.08490566037736,371.0,72,74,3,39,106,False,True,
run_20260807_175821_881241,6651,222,2026-08-07T18:02:07.657,8,left,95.0,95.08411214953271,371.0,94,96,3,39,107,False,True,
run_20260807_175821_881241,6651,222,2026-08-07T18:02:07.657,7,left,116.5,116.95744680851064,370.75,116,118,3,38,94,False,True,
run_20260807_175821_881241,6651,222,2026-08-07T18:02:07.657,6,left,139.0,140.01382488479263,371.125,138,143,6,69,217,False,True,
run_20260807_175821_881241,6651,222,2026-08-07T18:02:07.657,5,left,161.0,161.38392857142858,371.0,160,163,4,39,112,False,True,
run_20260807_175821_881241,6651,222,2026-08-07T18:02:07.657,4,left,183.5,183.82474226804123,371.0,183,185,3,40,97,False,True,
run_20260807_175821_881241,6651,222,2026-08-07T18:02:07.657,3,left,206.0,206.05982905982907,371.0,205,207,3,42,117,False,True,
run_20260807_175821_881241,6651,222,2026-08-07T18:02:07.657,2,left,228.15384615384616,228.12844036697248,371.0769230769231,227,229,3,42,109,False,True,
run_20260807_175821_881241,6651,222,2026-08-07T18:02:07.657,1,left,250.0,250.5721649484536,371.0,249,252,4,68,194,False,True,
run_20260807_175821_881241,6651,222,2026-08-07T18:02:07.657,0,left,272.0,272.2680412371134,370.5,271,273,3,42,97,True,True,
run_20260807_175821_881241,6651,222,2026-08-07T18:02:07.657,0,right,469.0,468.9920634920635,370.5,468,470,3,43,126,True,True,
run_20260807_175821_881241,6651,222,2026-08-07T18:02:07.657,1,right,492.0,491.2613065326633,371.0,490,493,4,70,199,False,True,
run_20260807_175821_881241,6651,222,2026-08-07T18:02:07.657,2,right,514.0,513.9043478260869,371.0769230769231,513,515,3,42,115,False,True,
run_20260807_175821_881241,6651,222,2026-08-07T18:02:07.657,3,right,536.0,535.9586776859504,371.0,535,537,3,42,121,False,True,
run_20260807_175821_881241,6651,222,2026-08-07T18:02:07.657,4,right,558.5,558.025641025641,371.0,557,559,3,42,117,False,True,
run_20260807_175821_881241,6651,222,2026-08-07T18:02:07.657,5,right,581.0,580.488188976378,371.0,579,582,4,43,127,False,True,
run_20260807_175821_881241,6651,222,2026-08-07T18:02:07.657,6,right,603.25,602.0886699507389,371.125,600,604,5,67,203,False,True,
run_20260807_175821_881241,6651,222,2026-08-07T18:02:07.657,7,right,625.0,624.9333333333333,370.75,624,626,3,43,120,False,True,
run_20260807_175821_881241,6651,222,2026-08-07T18:02:07.657,8,right,647.0,646.8571428571429,371.0,646,648,3,43,112,False,True,
run_20260807_175821_881241,6651,222,2026-08-07T18:02:07.657,9,right,669.0,668.7904761904762,371.0,668,670,3,43,105,False,True,
run_20260807_175821_881241,6651,222,2026-08-07T18:02:07.657,10,right,691.0,690.4957983193277,371.0,689,692,4,42,119,False,True,
run_20260807_175821_881241,6651,222,2026-08-07T18:02:07.657,11,right,712.0,710.9897959183673,370.5,708,713,6,54,196,False,True,
run_20260807_175821_881241,6651,222,2026-08-07T18:02:07.657,12,right,734.0,733.5299145299145,370.75,732,735,4,42,117,False,True,
run_20260807_175821_881241,6681,223,2026-08-07T18:02:08.660,12,left,7.5,7.857142857142857,370.75,7,9,3,42,105,False,True,
run_20260807_175821_881241,6681,223,2026-08-07T18:02:08.660,11,left,29.0,30.32460732984293,370.5,28,33,6,52,191,False,True,
run_20260807_175821_881241,6681,223,2026-08-07T18:02:08.660,10,left,51.0,51.091743119266056,371.0,50,52,3,40,109,False,True,
run_20260807_175821_881241,6681,223,2026-08-07T18:02:08.660,9,left,73.0,73.08490566037736,371.0,72,74,3,39,106,False,True,
run_20260807_175821_881241,6681,223,2026-08-07T18:02:08.660,8,left,95.0,95.08411214953271,371.0,94,96,3,39,107,False,True,
run_20260807_175821_881241,6681,223,2026-08-07T18:02:08.660,7,left,116.5,116.96842105263158,370.75,116,118,3,38,95,False,True,
run_20260807_175821_881241,6681,223,2026-08-07T18:02:08.660,6,left,139.0,140.01382488479263,371.125,138,143,6,69,217,False,True,
run_20260807_175821_881241,6681,223,2026-08-07T18:02:08.660,5,left,161.0,161.36936936936937,371.0,160,163,4,39,111,False,True,
run_20260807_175821_881241,6681,223,2026-08-07T18:02:08.660,4,left,183.5,183.8041237113402,370.9318181818182,183,185,3,40,97,False,True,
run_20260807_175821_881241,6681,223,2026-08-07T18:02:08.660,3,left,206.0,206.05982905982907,371.0,205,207,3,42,117,False,True,
run_20260807_175821_881241,6681,223,2026-08-07T18:02:08.660,2,left,228.07142857142858,228.11818181818182,371.0357142857143,227,229,3,42,110,False,True,
run_20260807_175821_881241,6681,223,2026-08-07T18:02:08.660,1,left,250.0,250.58031088082902,371.0,249,252,4,68,193,False,True,
run_20260807_175821_881241,6681,223,2026-08-07T18:02:08.660,0,left,272.0,272.20588235294116,370.5,271,273,3,42,102,True,True,
run_20260807_175821_881241,6681,223,2026-08-07T18:02:08.660,0,right,469.0,468.9920634920635,370.5,468,470,3,43,126,True,True,
run_20260807_175821_881241,6681,223,2026-08-07T18:02:08.660,1,right,492.0,491.2613065326633,371.0,490,493,4,70,199,False,True,
run_20260807_175821_881241,6681,223,2026-08-07T18:02:08.660,2,right,514.0,513.9043478260869,371.0357142857143,513,515,3,42,115,False,True,
run_20260807_175821_881241,6681,223,2026-08-07T18:02:08.660,3,right,536.0,535.9672131147541,371.0,535,537,3,42,122,False,True,
run_20260807_175821_881241,6681,223,2026-08-07T18:02:08.660,4,right,558.3636363636364,558.0169491525423,370.9318181818182,557,559,3,42,118,False,True,
run_20260807_175821_881241,6681,223,2026-08-07T18:02:08.660,5,right,581.0,580.488188976378,371.0,579,582,4,43,127,False,True,
run_20260807_175821_881241,6681,223,2026-08-07T18:02:08.660,6,right,603.25,602.0886699507389,371.125,600,604,5,67,203,False,True,
run_20260807_175821_881241,6681,223,2026-08-07T18:02:08.660,7,right,625.0,624.9333333333333,370.75,624,626,3,43,120,False,True,
run_20260807_175821_881241,6681,223,2026-08-07T18:02:08.660,8,right,647.0,646.8771929824561,371.0,646,648,3,43,114,False,True,
run_20260807_175821_881241,6681,223,2026-08-07T18:02:08.660,9,right,669.0,668.7904761904762,371.0,668,670,3,43,105,False,True,
run_20260807_175821_881241,6681,223,2026-08-07T18:02:08.660,10,right,691.0,690.5,371.0,689,692,4,41,118,False,True,
run_20260807_175821_881241,6681,223,2026-08-07T18:02:08.660,11,right,712.0,710.9796954314721,370.5,708,713,6,54,197,False,True,
run_20260807_175821_881241,6681,223,2026-08-07T18:02:08.660,12,right,734.0,733.5546218487395,370.75,732,735,4,42,119,False,True,
run_20260807_175821_881241,6712,224,2026-08-07T18:02:09.688,12,left,7.5,7.867924528301887,370.75,7,9,3,42,106,False,True,
run_20260807_175821_881241,6712,224,2026-08-07T18:02:09.688,11,left,29.0,30.308900523560208,370.5,28,33,6,52,191,False,True,
run_20260807_175821_881241,6712,224,2026-08-07T18:02:09.688,10,left,51.0,51.091743119266056,371.0,50,52,3,40,109,False,True,
run_20260807_175821_881241,6712,224,2026-08-07T18:02:09.688,9,left,73.0,73.08490566037736,371.0,72,74,3,39,106,False,True,
run_20260807_175821_881241,6712,224,2026-08-07T18:02:09.688,8,left,95.0,95.08411214953271,371.0,94,96,3,39,107,False,True,
run_20260807_175821_881241,6712,224,2026-08-07T18:02:09.688,7,left,116.5,116.96842105263158,370.75,116,118,3,38,95,False,True,
run_20260807_175821_881241,6712,224,2026-08-07T18:02:09.688,6,left,139.0,140.04205607476635,371.125,138,143,6,69,214,False,True,
run_20260807_175821_881241,6712,224,2026-08-07T18:02:09.688,5,left,161.0,161.38392857142858,371.0,160,163,4,39,112,False,True,
run_20260807_175821_881241,6712,224,2026-08-07T18:02:09.688,4,left,183.5,183.8041237113402,370.9318181818182,183,185,3,40,97,False,True,
run_20260807_175821_881241,6712,224,2026-08-07T18:02:09.688,3,left,206.0,206.05982905982907,371.0,205,207,3,42,117,False,True,
run_20260807_175821_881241,6712,224,2026-08-07T18:02:09.688,2,left,228.07142857142858,228.12844036697248,371.0357142857143,227,229,3,42,109,False,True,
run_20260807_175821_881241,6712,224,2026-08-07T18:02:09.688,1,left,250.0,250.58031088082902,371.0,249,252,4,68,193,False,True,
run_20260807_175821_881241,6712,224,2026-08-07T18:02:09.688,0,left,272.0,272.25252525252523,370.5,271,273,3,42,99,True,True,
run_20260807_175821_881241,6712,224,2026-08-07T18:02:09.688,0,right,469.0,468.9920634920635,370.5,468,470,3,43,126,True,True,
run_20260807_175821_881241,6712,224,2026-08-07T18:02:09.688,1,right,492.0,491.2613065326633,371.0,490,493,4,70,199,False,True,
run_20260807_175821_881241,6712,224,2026-08-07T18:02:09.688,2,right,514.0,513.8648648648649,371.0357142857143,513,515,3,42,111,False,True,
run_20260807_175821_881241,6712,224,2026-08-07T18:02:09.688,3,right,536.0,535.9586776859504,371.0,535,537,3,42,121,False,True,
run_20260807_175821_881241,6712,224,2026-08-07T18:02:09.688,4,right,558.3636363636364,558.0169491525423,370.9318181818182,557,559,3,42,118,False,True,
run_20260807_175821_881241,6712,224,2026-08-07T18:02:09.688,5,right,581.0,580.4765625,371.0,579,582,4,43,128,False,True,
run_20260807_175821_881241,6712,224,2026-08-07T18:02:09.688,6,right,603.25,602.0940594059406,371.125,600,604,5,67,202,False,True,
run_20260807_175821_881241,6712,224,2026-08-07T18:02:09.688,7,right,625.0,624.9333333333333,370.75,624,626,3,43,120,False,True,
run_20260807_175821_881241,6712,224,2026-08-07T18:02:09.688,8,right,647.0,646.8771929824561,371.0,646,648,3,43,114,False,True,
run_20260807_175821_881241,6712,224,2026-08-07T18:02:09.688,9,right,669.0,668.8130841121496,371.0,668,670,3,43,107,False,True,
run_20260807_175821_881241,6712,224,2026-08-07T18:02:09.688,10,right,691.0,690.4833333333333,371.0,689,692,4,42,120,False,True,
run_20260807_175821_881241,6712,224,2026-08-07T18:02:09.688,11,right,712.0,710.9796954314721,370.5,708,713,6,54,197,False,True,
run_20260807_175821_881241,6712,224,2026-08-07T18:02:09.688,12,right,734.0,733.5583333333333,370.75,732,735,4,42,120,False,True,
run_20260807_175821_881241,6742,225,2026-08-07T18:02:10.704,12,left,7.5,7.857142857142857,370.75,7,9,3,42,105,False,True,
run_20260807_175821_881241,6742,225,2026-08-07T18:02:10.704,11,left,29.0,30.319371727748692,370.5769230769231,28,33,6,53,191,False,True,
run_20260807_175821_881241,6742,225,2026-08-07T18:02:10.704,10,left,51.0,51.091743119266056,371.0,50,52,3,40,109,False,True,
run_20260807_175821_881241,6742,225,2026-08-07T18:02:10.704,9,left,73.0,73.08490566037736,371.0,72,74,3,39,106,False,True,
run_20260807_175821_881241,6742,225,2026-08-07T18:02:10.704,8,left,95.0,95.08411214953271,371.0,94,96,3,39,107,False,True,
run_20260807_175821_881241,6742,225,2026-08-07T18:02:10.704,7,left,116.5,116.98969072164948,370.75,116,118,3,38,97,False,True,
run_20260807_175821_881241,6742,225,2026-08-07T18:02:10.704,6,left,139.0,140.0,371.125,138,143,6,69,217,False,True,
run_20260807_175821_881241,6742,225,2026-08-07T18:02:10.704,5,left,161.0,161.17171717171718,371.0,160,162,3,39,99,False,True,
run_20260807_175821_881241,6742,225,2026-08-07T18:02:10.704,4,left,183.5,183.81632653061226,370.9318181818182,183,185,3,40,98,False,True,
run_20260807_175821_881241,6742,225,2026-08-07T18:02:10.704,3,left,206.0,206.05982905982907,371.0,205,207,3,42,117,False,True,
run_20260807_175821_881241,6742,225,2026-08-07T18:02:10.704,2,left,228.07142857142858,228.11818181818182,371.0357142857143,227,229,3,42,110,False,True,
run_20260807_175821_881241,6742,225,2026-08-07T18:02:10.704,1,left,250.0,250.57291666666666,371.0,249,252,4,68,192,False,True,
run_20260807_175821_881241,6742,225,2026-08-07T18:02:10.704,0,left,272.0,272.2551020408163,370.5,271,273,3,42,98,True,True,
run_20260807_175821_881241,6742,225,2026-08-07T18:02:10.704,0,right,469.0,468.9920634920635,370.5,468,470,3,43,126,True,True,
run_20260807_175821_881241,6742,225,2026-08-07T18:02:10.704,1,right,492.0,491.2613065326633,371.0,490,493,4,70,199,False,True,
run_20260807_175821_881241,6742,225,2026-08-07T18:02:10.704,2,right,514.0,513.875,371.0357142857143,513,515,3,42,112,False,True,
run_20260807_175821_881241,6742,225,2026-08-07T18:02:10.704,3,right,536.0,535.9586776859504,371.0,535,537,3,42,121,False,True,
run_20260807_175821_881241,6742,225,2026-08-07T18:02:10.704,4,right,558.3636363636364,558.0169491525423,370.9318181818182,557,559,3,42,118,False,True,
run_20260807_175821_881241,6742,225,2026-08-07T18:02:10.704,5,right,581.0,580.4765625,371.0,579,582,4,43,128,False,True,
run_20260807_175821_881241,6742,225,2026-08-07T18:02:10.704,6,right,603.25,602.0886699507389,371.125,600,604,5,67,203,False,True,
run_20260807_175821_881241,6742,225,2026-08-07T18:02:10.704,7,right,625.0,624.9333333333333,370.75,624,626,3,43,120,False,True,
run_20260807_175821_881241,6742,225,2026-08-07T18:02:10.704,8,right,647.0,646.8771929824561,371.0,646,648,3,43,114,False,True,
run_20260807_175821_881241,6742,225,2026-08-07T18:02:10.704,9,right,669.0,668.8130841121496,371.0,668,670,3,43,107,False,True,
run_20260807_175821_881241,6742,225,2026-08-07T18:02:10.704,10,right,691.0,690.5084745762712,371.0,689,692,4,42,118,False,True,
run_20260807_175821_881241,6742,225,2026-08-07T18:02:10.704,11,right,712.1538461538462,710.9794871794871,370.5769230769231,708,713,6,52,195,False,True,
run_20260807_175821_881241,6742,225,2026-08-07T18:02:10.704,12,right,734.0,733.5546218487395,370.75,732,735,4,42,119,False,True,
run_20260807_175821_881241,6773,226,2026-08-07T18:02:11.723,12,left,7.5,7.857142857142857,370.75,7,9,3,42,105,False,True,
run_20260807_175821_881241,6773,226,2026-08-07T18:02:11.723,11,left,29.0,30.319371727748692,370.5769230769231,28,33,6,53,191,False,True,
run_20260807_175821_881241,6773,226,2026-08-07T18:02:11.723,10,left,51.0,51.08181818181818,371.0,50,52,3,40,110,False,True,
run_20260807_175821_881241,6773,226,2026-08-07T18:02:11.723,9,left,73.0,73.08490566037736,371.0,72,74,3,39,106,False,True,
run_20260807_175821_881241,6773,226,2026-08-07T18:02:11.723,8,left,95.0,95.08411214953271,371.0,94,96,3,39,107,False,True,
run_20260807_175821_881241,6773,226,2026-08-07T18:02:11.723,7,left,116.5,116.98969072164948,370.75,116,118,3,38,97,False,True,
run_20260807_175821_881241,6773,226,2026-08-07T18:02:11.723,6,left,139.0,139.99537037037038,371.1818181818182,138,143,6,68,216,False,True,
run_20260807_175821_881241,6773,226,2026-08-07T18:02:11.723,5,left,161.0,161.17171717171718,371.0,160,162,3,39,99,False,True,
run_20260807_175821_881241,6773,226,2026-08-07T18:02:11.723,4,left,183.5,183.81632653061226,371.0,183,185,3,40,98,False,True,
run_20260807_175821_881241,6773,226,2026-08-07T18:02:11.723,3,left,206.0,206.05982905982907,371.0,205,207,3,42,117,False,True,
run_20260807_175821_881241,6773,226,2026-08-07T18:02:11.723,2,left,228.15384615384616,228.13888888888889,371.0769230769231,227,229,3,42,108,False,True,
run_20260807_175821_881241,6773,226,2026-08-07T18:02:11.723,1,left,250.0,250.58031088082902,371.0,249,252,4,68,193,False,True,
run_20260807_175821_881241,6773,226,2026-08-07T18:02:11.723,0,left,272.0,272.2178217821782,370.5,271,273,3,42,101,True,True,
run_20260807_175821_881241,6773,226,2026-08-07T18:02:11.723,0,right,469.0,468.9920634920635,370.5,468,470,3,43,126,True,True,
run_20260807_175821_881241,6773,226,2026-08-07T18:02:11.723,1,right,492.0,491.255,371.0,490,493,4,70,200,False,True,
run_20260807_175821_881241,6773,226,2026-08-07T18:02:11.723,2,right,514.0,513.875,371.0769230769231,513,515,3,42,112,False,True,
run_20260807_175821_881241,6773,226,2026-08-07T18:02:11.723,3,right,536.0,535.9672131147541,371.0,535,537,3,42,122,False,True,
run_20260807_175821_881241,6773,226,2026-08-07T18:02:11.723,4,right,558.5,558.0344827586207,371.0,557,559,3,42,116,False,True,
run_20260807_175821_881241,6773,226,2026-08-07T18:02:11.723,5,right,581.0,580.5,371.0,579,582,4,43,126,False,True,
run_20260807_175821_881241,6773,226,2026-08-07T18:02:11.723,6,right,603.3636363636364,602.0891089108911,371.1818181818182,600,604,5,66,202,False,True,
run_20260807_175821_881241,6773,226,2026-08-07T18:02:11.723,7,right,625.0,624.9333333333333,370.75,624,626,3,43,120,False,True,
run_20260807_175821_881241,6773,226,2026-08-07T18:02:11.723,8,right,647.0,646.8771929824561,371.0,646,648,3,43,114,False,True,
run_20260807_175821_881241,6773,226,2026-08-07T18:02:11.723,9,right,669.0,668.8130841121496,371.0,668,670,3,43,107,False,True,
run_20260807_175821_881241,6773,226,2026-08-07T18:02:11.723,10,right,691.0,690.4957983193277,371.0,689,692,4,42,119,False,True,
run_20260807_175821_881241,6773,226,2026-08-07T18:02:11.723,11,right,712.1538461538462,710.9897959183673,370.5769230769231,708,713,6,52,196,False,True,
run_20260807_175821_881241,6773,226,2026-08-07T18:02:11.723,12,right,734.0,733.5677966101695,370.75,732,735,4,42,118,False,True,
run_20260807_175821_881241,6803,227,2026-08-07T18:02:12.724,12,left,7.5,7.867924528301887,370.75,7,9,3,42,106,False,True,
run_20260807_175821_881241,6803,227,2026-08-07T18:02:12.724,11,left,29.0,30.305263157894736,370.5357142857143,28,33,6,53,190,False,True,
run_20260807_175821_881241,6803,227,2026-08-07T18:02:12.724,10,left,51.0,51.092592592592595,371.0,50,52,3,40,108,False,True,
run_20260807_175821_881241,6803,227,2026-08-07T18:02:12.724,9,left,73.0,73.08490566037736,371.0,72,74,3,39,106,False,True,
run_20260807_175821_881241,6803,227,2026-08-07T18:02:12.724,8,left,95.0,95.08411214953271,371.0,94,96,3,39,107,False,True,
run_20260807_175821_881241,6803,227,2026-08-07T18:02:12.724,7,left,116.5,116.97916666666667,370.75,116,118,3,38,96,False,True,
run_20260807_175821_881241,6803,227,2026-08-07T18:02:12.724,6,left,139.0,140.03255813953487,371.125,138,143,6,69,215,False,True,
run_20260807_175821_881241,6803,227,2026-08-07T18:02:12.724,5,left,161.0,161.17171717171718,371.0,160,162,3,39,99,False,True,
run_20260807_175821_881241,6803,227,2026-08-07T18:02:12.724,4,left,183.5,183.8041237113402,370.8269230769231,183,185,3,40,97,False,True,
run_20260807_175821_881241,6803,227,2026-08-07T18:02:12.724,3,left,206.0,206.05982905982907,371.0,205,207,3,42,117,False,True,
run_20260807_175821_881241,6803,227,2026-08-07T18:02:12.724,2,left,228.07142857142858,228.12844036697248,371.0357142857143,227,229,3,42,109,False,True,
run_20260807_175821_881241,6803,227,2026-08-07T18:02:12.724,1,left,250.0,250.58031088082902,371.0,249,252,4,68,193,False,True,
run_20260807_175821_881241,6803,227,2026-08-07T18:02:12.724,0,left,272.0,272.2551020408163,370.5,271,273,3,42,98,True,True,
run_20260807_175821_881241,6803,227,2026-08-07T18:02:12.724,0,right,469.0,468.9920634920635,370.5,468,470,3,43,126,True,True,
run_20260807_175821_881241,6803,227,2026-08-07T18:02:12.724,1,right,492.0,491.2613065326633,371.0,490,493,4,70,199,False,True,
run_20260807_175821_881241,6803,227,2026-08-07T18:02:12.724,2,right,514.0,513.875,371.0357142857143,513,515,3,42,112,False,True,
run_20260807_175821_881241,6803,227,2026-08-07T18:02:12.724,3,right,536.0,535.9586776859504,371.0,535,537,3,42,121,False,True,
run_20260807_175821_881241,6803,227,2026-08-07T18:02:12.724,4,right,558.1538461538462,558.0084033613446,370.8269230769231,557,559,3,42,119,False,True,
run_20260807_175821_881241,6803,227,2026-08-07T18:02:12.724,5,right,581.0,580.488188976378,371.0,579,582,4,43,127,False,True,
run_20260807_175821_881241,6803,227,2026-08-07T18:02:12.724,6,right,603.25,602.0886699507389,371.125,600,604,5,67,203,False,True,
run_20260807_175821_881241,6803,227,2026-08-07T18:02:12.724,7,right,625.0,624.9333333333333,370.75,624,626,3,43,120,False,True,
run_20260807_175821_881241,6803,227,2026-08-07T18:02:12.724,8,right,647.0,646.8672566371681,371.0,646,648,3,43,113,False,True,
run_20260807_175821_881241,6803,227,2026-08-07T18:02:12.724,9,right,669.0,668.7904761904762,371.0,668,670,3,43,105,False,True,
run_20260807_175821_881241,6803,227,2026-08-07T18:02:12.724,10,right,691.0,690.5083333333333,371.0,689,692,4,42,120,False,True,
run_20260807_175821_881241,6803,227,2026-08-07T18:02:12.724,11,right,712.0714285714286,711.2021857923497,370.5357142857143,709,713,5,53,183,False,True,
run_20260807_175821_881241,6803,227,2026-08-07T18:02:12.724,12,right,734.0,733.5546218487395,370.75,732,735,4,42,119,False,True,
run_20260807_175821_881241,6833,228,2026-08-07T18:02:13.726,12,left,7.5,7.867924528301887,370.75,7,9,3,42,106,False,True,
run_20260807_175821_881241,6833,228,2026-08-07T18:02:13.726,11,left,29.0,30.3,370.625,28,33,6,53,190,False,True,
run_20260807_175821_881241,6833,228,2026-08-07T18:02:13.726,10,left,51.0,51.091743119266056,371.0,50,52,3,40,109,False,True,
run_20260807_175821_881241,6833,228,2026-08-07T18:02:13.726,9,left,73.0,73.08490566037736,371.0,72,74,3,39,106,False,True,
run_20260807_175821_881241,6833,228,2026-08-07T18:02:13.726,8,left,95.0,95.08411214953271,371.0,94,96,3,39,107,False,True,
run_20260807_175821_881241,6833,228,2026-08-07T18:02:13.726,7,left,116.5,116.97916666666667,370.75,116,118,3,38,96,False,True,
run_20260807_175821_881241,6833,228,2026-08-07T18:02:13.726,6,left,139.0,140.01382488479263,371.125,138,143,6,69,217,False,True,
run_20260807_175821_881241,6833,228,2026-08-07T18:02:13.726,5,left,161.0,161.17171717171718,371.0,160,162,3,39,99,False,True,
run_20260807_175821_881241,6833,228,2026-08-07T18:02:13.726,4,left,183.5,183.8125,370.9318181818182,183,185,3,40,96,False,True,
run_20260807_175821_881241,6833,228,2026-08-07T18:02:13.726,3,left,206.0,206.05982905982907,371.0,205,207,3,42,117,False,True,
run_20260807_175821_881241,6833,228,2026-08-07T18:02:13.726,2,left,228.07142857142858,228.11818181818182,371.0357142857143,227,229,3,42,110,False,True,
run_20260807_175821_881241,6833,228,2026-08-07T18:02:13.726,1,left,250.0,250.58031088082902,371.0,249,252,4,68,193,False,True,
run_20260807_175821_881241,6833,228,2026-08-07T18:02:13.726,0,left,272.0,272.25252525252523,370.5,271,273,3,42,99,True,True,
run_20260807_175821_881241,6833,228,2026-08-07T18:02:13.726,0,right,469.0,469.008064516129,370.5,468,470,3,43,124,True,True,
run_20260807_175821_881241,6833,228,2026-08-07T18:02:13.726,1,right,492.0,491.2676767676768,371.0,490,493,4,70,198,False,True,
run_20260807_175821_881241,6833,228,2026-08-07T18:02:13.726,2,right,514.0,513.875,371.0357142857143,513,515,3,42,112,False,True,
run_20260807_175821_881241,6833,228,2026-08-07T18:02:13.726,3,right,536.0,535.9586776859504,371.0,535,537,3,42,121,False,True,
run_20260807_175821_881241,6833,228,2026-08-07T18:02:13.726,4,right,558.3636363636364,558.0169491525423,370.9318181818182,557,559,3,42,118,False,True,
run_20260807_175821_881241,6833,228,2026-08-07T18:02:13.726,5,right,581.0,580.5,371.0,579,582,4,43,126,False,True,
run_20260807_175821_881241,6833,228,2026-08-07T18:02:13.726,6,right,603.25,602.0886699507389,371.125,600,604,5,67,203,False,True,
run_20260807_175821_881241,6833,228,2026-08-07T18:02:13.726,7,right,625.0,624.9333333333333,370.75,624,626,3,43,120,False,True,
run_20260807_175821_881241,6833,228,2026-08-07T18:02:13.726,8,right,647.0,646.8771929824561,371.0,646,648,3,43,114,False,True,
run_20260807_175821_881241,6833,228,2026-08-07T18:02:13.726,9,right,669.0,668.7904761904762,371.0,668,670,3,43,105,False,True,
run_20260807_175821_881241,6833,228,2026-08-07T18:02:13.726,10,right,691.0,690.4957983193277,371.0,689,692,4,42,119,False,True,
run_20260807_175821_881241,6833,228,2026-08-07T18:02:13.726,11,right,712.25,710.9895833333334,370.625,708,713,6,51,192,False,True,
run_20260807_175821_881241,6833,228,2026-08-07T18:02:13.726,12,right,734.0,733.5299145299145,370.75,732,735,4,42,117,False,True,
run_20260807_175821_881241,6863,229,2026-08-07T18:02:14.726,12,left,7.5,7.857142857142857,370.75,7,9,3,42,105,False,True,
run_20260807_175821_881241,6863,229,2026-08-07T18:02:14.726,11,left,29.0,30.3125,370.5769230769231,28,33,6,52,192,False,True,
run_20260807_175821_881241,6863,229,2026-08-07T18:02:14.726,10,left,51.0,51.091743119266056,371.0,50,52,3,40,109,False,True,
run_20260807_175821_881241,6863,229,2026-08-07T18:02:14.726,9,left,73.0,73.08490566037736,371.0,72,74,3,39,106,False,True,
run_20260807_175821_881241,6863,229,2026-08-07T18:02:14.726,8,left,95.0,95.08411214953271,371.0,94,96,3,39,107,False,True,
run_20260807_175821_881241,6863,229,2026-08-07T18:02:14.726,7,left,116.5,116.97916666666667,370.75,116,118,3,38,96,False,True,
run_20260807_175821_881241,6863,229,2026-08-07T18:02:14.726,6,left,139.0,140.02336448598132,371.125,138,143,6,69,214,False,True,
run_20260807_175821_881241,6863,229,2026-08-07T18:02:14.726,5,left,161.0,161.17171717171718,371.0,160,162,3,39,99,False,True,
run_20260807_175821_881241,6863,229,2026-08-07T18:02:14.726,4,left,183.5,183.81632653061226,370.9318181818182,183,185,3,40,98,False,True,
run_20260807_175821_881241,6863,229,2026-08-07T18:02:14.726,3,left,206.0,206.05982905982907,371.0,205,207,3,42,117,False,True,
run_20260807_175821_881241,6863,229,2026-08-07T18:02:14.726,2,left,228.07142857142858,228.12844036697248,371.0357142857143,227,229,3,42,109,False,True,
run_20260807_175821_881241,6863,229,2026-08-07T18:02:14.726,1,left,250.0,250.5721649484536,371.0,249,252,4,68,194,False,True,
run_20260807_175821_881241,6863,229,2026-08-07T18:02:14.726,0,left,272.0,272.24,370.5,271,273,3,42,100,True,True,
run_20260807_175821_881241,6863,229,2026-08-07T18:02:14.726,0,right,469.0,468.9920634920635,370.5,468,470,3,43,126,True,True,
run_20260807_175821_881241,6863,229,2026-08-07T18:02:14.726,1,right,492.0,491.2487562189055,371.0,490,493,4,70,201,False,True,
run_20260807_175821_881241,6863,229,2026-08-07T18:02:14.726,2,right,514.0,513.9043478260869,371.0357142857143,513,515,3,42,115,False,True,
run_20260807_175821_881241,6863,229,2026-08-07T18:02:14.726,3,right,536.0,535.9672131147541,371.0,535,537,3,42,122,False,True,
run_20260807_175821_881241,6863,229,2026-08-07T18:02:14.726,4,right,558.3636363636364,558.0169491525423,370.9318181818182,557,559,3,42,118,False,True,
run_20260807_175821_881241,6863,229,2026-08-07T18:02:14.726,5,right,581.0,580.5,371.0,579,582,4,43,126,False,True,
run_20260807_175821_881241,6863,229,2026-08-07T18:02:14.726,6,right,603.25,602.0940594059406,371.125,600,604,5,67,202,False,True,
run_20260807_175821_881241,6863,229,2026-08-07T18:02:14.726,7,right,625.0,624.9333333333333,370.75,624,626,3,43,120,False,True,
run_20260807_175821_881241,6863,229,2026-08-07T18:02:14.726,8,right,647.0,646.8672566371681,371.0,646,648,3,43,113,False,True,
run_20260807_175821_881241,6863,229,2026-08-07T18:02:14.726,9,right,669.0,668.7904761904762,371.0,668,670,3,43,105,False,True,
run_20260807_175821_881241,6863,229,2026-08-07T18:02:14.726,10,right,691.0,690.5,371.0,689,692,4,41,118,False,True,
run_20260807_175821_881241,6863,229,2026-08-07T18:02:14.726,11,right,712.1538461538462,711.0,370.5769230769231,708,713,6,52,195,False,True,
run_20260807_175821_881241,6863,229,2026-08-07T18:02:14.726,12,right,734.0,733.5798319327731,370.75,732,735,4,42,119,False,True,
run_20260807_175821_881241,6894,230,2026-08-07T18:02:15.756,12,left,7.5,7.897196261682243,370.75,7,9,3,42,107,False,True,
run_20260807_175821_881241,6894,230,2026-08-07T18:02:15.756,11,left,29.0,30.32460732984293,370.5769230769231,28,33,6,52,191,False,True,
run_20260807_175821_881241,6894,230,2026-08-07T18:02:15.756,10,left,51.0,51.08181818181818,371.0,50,52,3,40,110,False,True,
run_20260807_175821_881241,6894,230,2026-08-07T18:02:15.756,9,left,73.0,73.08490566037736,371.0,72,74,3,39,106,False,True,
run_20260807_175821_881241,6894,230,2026-08-07T18:02:15.756,8,left,95.0,95.08411214953271,371.0,94,96,3,39,107,False,True,
run_20260807_175821_881241,6894,230,2026-08-07T18:02:15.756,7,left,116.5,116.96842105263158,370.75,116,118,3,38,95,False,True,
run_20260807_175821_881241,6894,230,2026-08-07T18:02:15.756,6,left,139.0,140.04225352112675,371.125,138,143,6,68,213,False,True,
run_20260807_175821_881241,6894,230,2026-08-07T18:02:15.756,5,left,161.0,161.17171717171718,371.0,160,162,3,39,99,False,True,
run_20260807_175821_881241,6894,230,2026-08-07T18:02:15.756,4,left,183.5,183.8041237113402,371.0,183,185,3,40,97,False,True,
run_20260807_175821_881241,6894,230,2026-08-07T18:02:15.756,3,left,206.0,206.05982905982907,371.0,205,207,3,42,117,False,True,
run_20260807_175821_881241,6894,230,2026-08-07T18:02:15.756,2,left,228.07142857142858,228.12844036697248,371.0357142857143,227,229,3,42,109,False,True,
run_20260807_175821_881241,6894,230,2026-08-07T18:02:15.756,1,left,250.0,250.58031088082902,371.0,249,252,4,68,193,False,True,
run_20260807_175821_881241,6894,230,2026-08-07T18:02:15.756,0,left,272.0,272.23,370.5,271,273,3,42,100,True,True,
run_20260807_175821_881241,6894,230,2026-08-07T18:02:15.756,0,right,469.0,469.0,370.5,468,470,3,43,125,True,True,
run_20260807_175821_881241,6894,230,2026-08-07T18:02:15.756,1,right,492.0,491.2741116751269,371.0,490,493,4,70,197,False,True,
run_20260807_175821_881241,6894,230,2026-08-07T18:02:15.756,2,right,514.0,513.8849557522124,371.0357142857143,513,515,3,42,113,False,True,
run_20260807_175821_881241,6894,230,2026-08-07T18:02:15.756,3,right,536.0,535.9586776859504,371.0,535,537,3,42,121,False,True,
run_20260807_175821_881241,6894,230,2026-08-07T18:02:15.756,4,right,558.5,558.0344827586207,371.0,557,559,3,42,116,False,True,
run_20260807_175821_881241,6894,230,2026-08-07T18:02:15.756,5,right,581.0,580.5,371.0,579,582,4,43,126,False,True,
run_20260807_175821_881241,6894,230,2026-08-07T18:02:15.756,6,right,603.25,602.0940594059406,371.125,600,604,5,67,202,False,True,
run_20260807_175821_881241,6894,230,2026-08-07T18:02:15.756,7,right,625.0,624.9333333333333,370.75,624,626,3,43,120,False,True,
run_20260807_175821_881241,6894,230,2026-08-07T18:02:15.756,8,right,647.0,646.8771929824561,371.0,646,648,3,43,114,False,True,
run_20260807_175821_881241,6894,230,2026-08-07T18:02:15.756,9,right,669.0,668.7904761904762,371.0,668,670,3,43,105,False,True,
run_20260807_175821_881241,6894,230,2026-08-07T18:02:15.756,10,right,691.0,690.4957983193277,371.0,689,692,4,42,119,False,True,
run_20260807_175821_881241,6894,230,2026-08-07T18:02:15.756,11,right,712.1538461538462,710.9897435897436,370.5769230769231,708,713,6,53,195,False,True,
run_20260807_175821_881241,6894,230,2026-08-07T18:02:15.756,12,right,734.0,733.5546218487395,370.75,732,735,4,42,119,False,True,
run_20260807_175821_881241,6925,231,2026-08-07T18:02:16.789,12,left,7.5,7.878504672897196,370.75,7,9,3,42,107,False,True,
run_20260807_175821_881241,6925,231,2026-08-07T18:02:16.789,11,left,29.0,30.31578947368421,370.625,28,33,6,52,190,False,True,
run_20260807_175821_881241,6925,231,2026-08-07T18:02:16.789,10,left,51.0,51.091743119266056,371.0,50,52,3,40,109,False,True,
run_20260807_175821_881241,6925,231,2026-08-07T18:02:16.789,9,left,73.0,73.08490566037736,371.0,72,74,3,39,106,False,True,
run_20260807_175821_881241,6925,231,2026-08-07T18:02:16.789,8,left,95.0,95.08411214953271,371.0,94,96,3,39,107,False,True,
run_20260807_175821_881241,6925,231,2026-08-07T18:02:16.789,7,left,116.5,116.98969072164948,370.75,116,118,3,38,97,False,True,
run_20260807_175821_881241,6925,231,2026-08-07T18:02:16.789,6,left,139.0,140.00925925925927,371.125,138,143,6,69,216,False,True,
run_20260807_175821_881241,6925,231,2026-08-07T18:02:16.789,5,left,161.0,161.17171717171718,371.0,160,162,3,39,99,False,True,
run_20260807_175821_881241,6925,231,2026-08-07T18:02:16.789,4,left,183.5,183.8041237113402,370.9318181818182,183,185,3,40,97,False,True,
run_20260807_175821_881241,6925,231,2026-08-07T18:02:16.789,3,left,206.0,206.05982905982907,371.0,205,207,3,42,117,False,True,
run_20260807_175821_881241,6925,231,2026-08-07T18:02:16.789,2,left,228.07142857142858,228.11818181818182,371.0357142857143,227,229,3,42,110,False,True,
run_20260807_175821_881241,6925,231,2026-08-07T18:02:16.789,1,left,250.0,250.5794871794872,371.0,249,252,4,68,195,False,True,
run_20260807_175821_881241,6925,231,2026-08-07T18:02:16.789,0,left,272.0,272.2551020408163,370.5,271,273,3,42,98,True,True,
run_20260807_175821_881241,6925,231,2026-08-07T18:02:16.789,0,right,469.0,468.9920634920635,370.5,468,470,3,43,126,True,True,
run_20260807_175821_881241,6925,231,2026-08-07T18:02:16.789,1,right,492.0,491.2741116751269,371.0,490,493,4,70,197,False,True,
run_20260807_175821_881241,6925,231,2026-08-07T18:02:16.789,2,right,514.0,513.875,371.0357142857143,513,515,3,42,112,False,True,
run_20260807_175821_881241,6925,231,2026-08-07T18:02:16.789,3,right,536.0,535.9586776859504,371.0,535,537,3,42,121,False,True,
run_20260807_175821_881241,6925,231,2026-08-07T18:02:16.789,4,right,558.3636363636364,558.0338983050848,370.9318181818182,557,559,3,42,118,False,True,
run_20260807_175821_881241,6925,231,2026-08-07T18:02:16.789,5,right,581.0,580.5,371.0,579,582,4,43,126,False,True,
run_20260807_175821_881241,6925,231,2026-08-07T18:02:16.789,6,right,603.25,602.0940594059406,371.125,600,604,5,67,202,False,True,
run_20260807_175821_881241,6925,231,2026-08-07T18:02:16.789,7,right,625.0,624.9333333333333,370.75,624,626,3,43,120,False,True,
run_20260807_175821_881241,6925,231,2026-08-07T18:02:16.789,8,right,647.0,646.8771929824561,371.0,646,648,3,43,114,False,True,
run_20260807_175821_881241,6925,231,2026-08-07T18:02:16.789,9,right,669.0,668.7904761904762,371.0,668,670,3,43,105,False,True,
run_20260807_175821_881241,6925,231,2026-08-07T18:02:16.789,10,right,691.0,690.5254237288135,371.0,689,692,4,41,118,False,True,
run_20260807_175821_881241,6925,231,2026-08-07T18:02:16.789,11,right,712.25,711.195652173913,370.625,709,713,5,51,184,False,True,
run_20260807_175821_881241,6925,231,2026-08-07T18:02:16.789,12,right,734.0,733.5555555555555,370.75,732,735,4,42,117,False,True,
run_20260807_175821_881241,6955,232,2026-08-07T18:02:17.791,12,left,7.5,7.857142857142857,370.75,7,9,3,42,105,False,True,
run_20260807_175821_881241,6955,232,2026-08-07T18:02:17.791,11,left,29.0,30.321052631578947,370.6818181818182,28,33,6,52,190,False,True,
run_20260807_175821_881241,6955,232,2026-08-07T18:02:17.791,10,left,51.0,51.091743119266056,371.0,50,52,3,40,109,False,True,
run_20260807_175821_881241,6955,232,2026-08-07T18:02:17.791,9,left,73.0,73.08490566037736,371.0,72,74,3,39,106,False,True,
run_20260807_175821_881241,6955,232,2026-08-07T18:02:17.791,8,left,95.0,95.08411214953271,371.0,94,96,3,39,107,False,True,
run_20260807_175821_881241,6955,232,2026-08-07T18:02:17.791,7,left,116.5,116.98969072164948,370.75,116,118,3,38,97,False,True,
run_20260807_175821_881241,6955,232,2026-08-07T18:02:17.791,6,left,139.0,140.01388888888889,371.125,138,143,6,68,216,False,True,
run_20260807_175821_881241,6955,232,2026-08-07T18:02:17.791,5,left,161.0,161.17171717171718,371.0,160,162,3,39,99,False,True,
run_20260807_175821_881241,6955,232,2026-08-07T18:02:17.791,4,left,183.5,183.81632653061226,371.0,183,185,3,40,98,False,True,
run_20260807_175821_881241,6955,232,2026-08-07T18:02:17.791,3,left,206.0,206.05982905982907,371.0,205,207,3,42,117,False,True,
run_20260807_175821_881241,6955,232,2026-08-07T18:02:17.791,2,left,228.07142857142858,228.11818181818182,371.0357142857143,227,229,3,42,110,False,True,
run_20260807_175821_881241,6955,232,2026-08-07T18:02:17.791,1,left,250.0,250.59067357512953,371.0,249,252,4,68,193,False,True,
run_20260807_175821_881241,6955,232,2026-08-07T18:02:17.791,0,left,272.0,272.2551020408163,370.5,271,273,3,42,98,True,True,
run_20260807_175821_881241,6955,232,2026-08-07T18:02:17.791,0,right,469.0,469.0,370.5,468,470,3,42,124,True,True,
run_20260807_175821_881241,6955,232,2026-08-07T18:02:17.791,1,right,492.0,491.27638190954775,371.0,490,493,4,70,199,False,True,
run_20260807_175821_881241,6955,232,2026-08-07T18:02:17.791,2,right,514.0,513.9043478260869,371.0357142857143,513,515,3,42,115,False,True,
run_20260807_175821_881241,6955,232,2026-08-07T18:02:17.791,3,right,536.0,535.9586776859504,371.0,535,537,3,42,121,False,True,
run_20260807_175821_881241,6955,232,2026-08-07T18:02:17.791,4,right,558.5,558.025641025641,371.0,557,559,3,42,117,False,True,
run_20260807_175821_881241,6955,232,2026-08-07T18:02:17.791,5,right,581.0,580.488188976378,371.0,579,582,4,43,127,False,True,
run_20260807_175821_881241,6955,232,2026-08-07T18:02:17.791,6,right,603.25,602.0940594059406,371.125,600,604,5,67,202,False,True,
run_20260807_175821_881241,6955,232,2026-08-07T18:02:17.791,7,right,625.0,624.9333333333333,370.75,624,626,3,43,120,False,True,
run_20260807_175821_881241,6955,232,2026-08-07T18:02:17.791,8,right,647.0,646.8771929824561,371.0,646,648,3,43,114,False,True,
run_20260807_175821_881241,6955,232,2026-08-07T18:02:17.791,9,right,669.0,668.8018867924528,371.0,668,670,3,43,106,False,True,
run_20260807_175821_881241,6955,232,2026-08-07T18:02:17.791,10,right,691.0,690.5083333333333,371.0,689,692,4,42,120,False,True,
run_20260807_175821_881241,6955,232,2026-08-07T18:02:17.791,11,right,712.3636363636364,710.9947916666666,370.6818181818182,708,713,6,50,192,False,True,
run_20260807_175821_881241,6955,232,2026-08-07T18:02:17.791,12,right,734.0,733.5213675213676,370.75,732,735,4,42,117,False,True,
run_20260807_175821_881241,6985,233,2026-08-07T18:02:18.793,12,left,7.5,7.867924528301887,370.75,7,9,3,42,106,False,True,
run_20260807_175821_881241,6985,233,2026-08-07T18:02:18.793,11,left,29.0,30.33160621761658,370.6818181818182,28,33,6,52,193,False,True,
run_20260807_175821_881241,6985,233,2026-08-07T18:02:18.793,10,left,51.0,51.092592592592595,371.0,50,52,3,40,108,False,True,
run_20260807_175821_881241,6985,233,2026-08-07T18:02:18.793,9,left,73.0,73.08490566037736,371.0,72,74,3,39,106,False,True,
run_20260807_175821_881241,6985,233,2026-08-07T18:02:18.793,8,left,95.0,95.08411214953271,371.0,94,96,3,39,107,False,True,
run_20260807_175821_881241,6985,233,2026-08-07T18:02:18.793,7,left,116.5,116.98969072164948,370.75,116,118,3,38,97,False,True,
run_20260807_175821_881241,6985,233,2026-08-07T18:02:18.793,6,left,139.0,139.99537037037038,371.125,138,143,6,68,216,False,True,
run_20260807_175821_881241,6985,233,2026-08-07T18:02:18.793,5,left,161.0,161.17171717171718,371.0,160,162,3,39,99,False,True,
run_20260807_175821_881241,6985,233,2026-08-07T18:02:18.793,4,left,183.5,183.82474226804123,371.0,183,185,3,40,97,False,True,
run_20260807_175821_881241,6985,233,2026-08-07T18:02:18.793,3,left,206.0,206.05982905982907,371.0,205,207,3,42,117,False,True,
run_20260807_175821_881241,6985,233,2026-08-07T18:02:18.793,2,left,228.07142857142858,228.11818181818182,371.0357142857143,227,229,3,42,110,False,True,
run_20260807_175821_881241,6985,233,2026-08-07T18:02:18.793,1,left,250.0,250.60846560846562,371.0,249,252,4,68,189,False,True,
run_20260807_175821_881241,6985,233,2026-08-07T18:02:18.793,0,left,272.0,272.2178217821782,370.5,271,273,3,42,101,True,True,
run_20260807_175821_881241,6985,233,2026-08-07T18:02:18.793,0,right,469.0,468.9920634920635,370.5,468,470,3,43,126,True,True,
run_20260807_175821_881241,6985,233,2026-08-07T18:02:18.793,1,right,492.0,491.2741116751269,371.0,490,493,4,70,197,False,True,
run_20260807_175821_881241,6985,233,2026-08-07T18:02:18.793,2,right,514.0,513.875,371.0357142857143,513,515,3,42,112,False,True,
run_20260807_175821_881241,6985,233,2026-08-07T18:02:18.793,3,right,536.0,535.9586776859504,371.0,535,537,3,42,121,False,True,
run_20260807_175821_881241,6985,233,2026-08-07T18:02:18.793,4,right,558.5,558.0434782608696,371.0,557,559,3,42,115,False,True,
run_20260807_175821_881241,6985,233,2026-08-07T18:02:18.793,5,right,581.0,580.488188976378,371.0,579,582,4,43,127,False,True,
run_20260807_175821_881241,6985,233,2026-08-07T18:02:18.793,6,right,603.25,602.0940594059406,371.125,600,604,5,67,202,False,True,
run_20260807_175821_881241,6985,233,2026-08-07T18:02:18.793,7,right,625.0,624.9333333333333,370.75,624,626,3,43,120,False,True,
run_20260807_175821_881241,6985,233,2026-08-07T18:02:18.793,8,right,647.0,646.8771929824561,371.0,646,648,3,43,114,False,True,
run_20260807_175821_881241,6985,233,2026-08-07T18:02:18.793,9,right,669.0,668.7904761904762,371.0,668,670,3,43,105,False,True,
run_20260807_175821_881241,6985,233,2026-08-07T18:02:18.793,10,right,691.0,690.5126050420168,371.0,689,692,4,41,119,False,True,
run_20260807_175821_881241,6985,233,2026-08-07T18:02:18.793,11,right,712.3636363636364,710.9896907216495,370.6818181818182,708,713,6,50,194,False,True,
run_20260807_175821_881241,6985,233,2026-08-07T18:02:18.793,12,right,734.0,733.5546218487395,370.75,732,735,4,42,119,False,True,
run_20260807_175821_881241,7015,234,2026-08-07T18:02:19.793,12,left,7.5,7.867924528301887,370.75,7,9,3,42,106,False,True,
run_20260807_175821_881241,7015,234,2026-08-07T18:02:19.793,11,left,29.0,30.321052631578947,370.5769230769231,28,33,6,52,190,False,True,
run_20260807_175821_881241,7015,234,2026-08-07T18:02:19.793,10,left,51.0,51.092592592592595,371.0,50,52,3,40,108,False,True,
run_20260807_175821_881241,7015,234,2026-08-07T18:02:19.793,9,left,73.0,73.08490566037736,371.0,72,74,3,39,106,False,True,
run_20260807_175821_881241,7015,234,2026-08-07T18:02:19.793,8,left,95.0,95.08411214953271,371.0,94,96,3,39,107,False,True,
run_20260807_175821_881241,7015,234,2026-08-07T18:02:19.793,7,left,116.5,117.0,370.75,116,118,3,38,98,False,True,
run_20260807_175821_881241,7015,234,2026-08-07T18:02:19.793,6,left,139.0,140.01388888888889,371.125,138,143,6,68,216,False,True,
run_20260807_175821_881241,7015,234,2026-08-07T18:02:19.793,5,left,161.0,161.17171717171718,371.0,160,162,3,39,99,False,True,
run_20260807_175821_881241,7015,234,2026-08-07T18:02:19.793,4,left,183.5,183.8041237113402,370.9318181818182,183,185,3,40,97,False,True,
run_20260807_175821_881241,7015,234,2026-08-07T18:02:19.793,3,left,206.0,206.05982905982907,371.0,205,207,3,42,117,False,True,
run_20260807_175821_881241,7015,234,2026-08-07T18:02:19.793,2,left,228.15384615384616,228.12844036697248,371.0769230769231,227,229,3,42,109,False,True,
run_20260807_175821_881241,7015,234,2026-08-07T18:02:19.793,1,left,250.0,250.61256544502618,371.0,249,252,4,68,191,False,True,
run_20260807_175821_881241,7015,234,2026-08-07T18:02:19.793,0,left,272.0,272.2680412371134,370.5,271,273,3,42,97,True,True,
run_20260807_175821_881241,7015,234,2026-08-07T18:02:19.793,0,right,469.0,468.9920634920635,370.5,468,470,3,43,126,True,True,
run_20260807_175821_881241,7015,234,2026-08-07T18:02:19.793,1,right,492.0,491.2741116751269,371.0,490,493,4,70,197,False,True,
run_20260807_175821_881241,7015,234,2026-08-07T18:02:19.793,2,right,514.0,513.8849557522124,371.0769230769231,513,515,3,42,113,False,True,
run_20260807_175821_881241,7015,234,2026-08-07T18:02:19.793,3,right,536.0,535.9672131147541,371.0,535,537,3,42,122,False,True,
run_20260807_175821_881241,7015,234,2026-08-07T18:02:19.793,4,right,558.3636363636364,558.0169491525423,370.9318181818182,557,559,3,42,118,False,True,
run_20260807_175821_881241,7015,234,2026-08-07T18:02:19.793,5,right,581.0,580.4765625,371.0,579,582,4,43,128,False,True,
run_20260807_175821_881241,7015,234,2026-08-07T18:02:19.793,6,right,603.25,602.1044776119403,371.125,600,604,5,67,201,False,True,
run_20260807_175821_881241,7015,234,2026-08-07T18:02:19.793,7,right,625.0,624.9333333333333,370.75,624,626,3,43,120,False,True,
run_20260807_175821_881241,7015,234,2026-08-07T18:02:19.793,8,right,647.0,646.8771929824561,371.0,646,648,3,43,114,False,True,
run_20260807_175821_881241,7015,234,2026-08-07T18:02:19.793,9,right,669.0,668.8130841121496,371.0,668,670,3,43,107,False,True,
run_20260807_175821_881241,7015,234,2026-08-07T18:02:19.793,10,right,691.0,690.4957983193277,371.0,689,692,4,42,119,False,True,
run_20260807_175821_881241,7015,234,2026-08-07T18:02:19.793,11,right,712.1538461538462,710.9897959183673,370.5769230769231,708,713,6,52,196,False,True,
run_20260807_175821_881241,7015,234,2026-08-07T18:02:19.793,12,right,734.0,733.5546218487395,370.75,732,735,4,42,119,False,True,
run_20260807_175821_881241,7046,235,2026-08-07T18:02:20.827,12,left,7.5,7.857142857142857,370.75,7,9,3,42,105,False,True,
run_20260807_175821_881241,7046,235,2026-08-07T18:02:20.827,11,left,29.0,30.308900523560208,370.5357142857143,28,33,6,53,191,False,True,
run_20260807_175821_881241,7046,235,2026-08-07T18:02:20.827,10,left,51.0,51.091743119266056,371.0,50,52,3,40,109,False,True,
run_20260807_175821_881241,7046,235,2026-08-07T18:02:20.827,9,left,73.0,73.0952380952381,371.0,72,74,3,39,105,False,True,
run_20260807_175821_881241,7046,235,2026-08-07T18:02:20.827,8,left,95.0,95.08411214953271,371.0,94,96,3,39,107,False,True,
run_20260807_175821_881241,7046,235,2026-08-07T18:02:20.827,7,left,116.5,116.97916666666667,370.75,116,118,3,38,96,False,True,
run_20260807_175821_881241,7046,235,2026-08-07T18:02:20.827,6,left,139.0,140.01382488479263,371.125,138,143,6,69,217,False,True,
run_20260807_175821_881241,7046,235,2026-08-07T18:02:20.827,5,left,161.0,161.38392857142858,371.0,160,163,4,39,112,False,True,
run_20260807_175821_881241,7046,235,2026-08-07T18:02:20.827,4,left,183.5,183.8041237113402,371.0,183,185,3,40,97,False,True,
run_20260807_175821_881241,7046,235,2026-08-07T18:02:20.827,3,left,206.0,206.05982905982907,371.0,205,207,3,42,117,False,True,
run_20260807_175821_881241,7046,235,2026-08-07T18:02:20.827,2,left,228.15384615384616,228.12844036697248,371.0769230769231,227,229,3,42,109,False,True,
run_20260807_175821_881241,7046,235,2026-08-07T18:02:20.827,1,left,250.0,250.59067357512953,371.0,249,252,4,68,193,False,True,
run_20260807_175821_881241,7046,235,2026-08-07T18:02:20.827,0,left,272.0,272.23,370.5,271,273,3,42,100,True,True,
run_20260807_175821_881241,7046,235,2026-08-07T18:02:20.827,0,right,469.0,468.992,370.5,468,470,3,42,125,True,True,
run_20260807_175821_881241,7046,235,2026-08-07T18:02:20.827,1,right,492.0,491.2676767676768,371.0,490,493,4,70,198,False,True,
run_20260807_175821_881241,7046,235,2026-08-07T18:02:20.827,2,right,514.0,513.9043478260869,371.0769230769231,513,515,3,42,115,False,True,
run_20260807_175821_881241,7046,235,2026-08-07T18:02:20.827,3,right,536.0,535.9672131147541,371.0,535,537,3,42,122,False,True,
run_20260807_175821_881241,7046,235,2026-08-07T18:02:20.827,4,right,558.5,558.042735042735,371.0,557,559,3,42,117,False,True,
run_20260807_175821_881241,7046,235,2026-08-07T18:02:20.827,5,right,581.0,580.5,371.0,579,582,4,43,126,False,True,
run_20260807_175821_881241,7046,235,2026-08-07T18:02:20.827,6,right,603.25,602.0940594059406,371.125,600,604,5,67,202,False,True,
run_20260807_175821_881241,7046,235,2026-08-07T18:02:20.827,7,right,625.0,624.9333333333333,370.75,624,626,3,43,120,False,True,
run_20260807_175821_881241,7046,235,2026-08-07T18:02:20.827,8,right,647.0,646.8771929824561,371.0,646,648,3,43,114,False,True,
run_20260807_175821_881241,7046,235,2026-08-07T18:02:20.827,9,right,669.0,668.8018867924528,371.0,668,670,3,43,106,False,True,
run_20260807_175821_881241,7046,235,2026-08-07T18:02:20.827,10,right,691.0,690.4957983193277,371.0,689,692,4,42,119,False,True,
run_20260807_175821_881241,7046,235,2026-08-07T18:02:20.827,11,right,712.0714285714286,711.1837837837838,370.5357142857143,709,713,5,53,185,False,True,
run_20260807_175821_881241,7046,235,2026-08-07T18:02:20.827,12,right,734.0,733.5299145299145,370.75,732,735,4,42,117,False,True,
run_20260807_175821_881241,7075,236,2026-08-07T18:02:21.827,12,left,7.5,7.878504672897196,370.75,7,9,3,42,107,False,True,
run_20260807_175821_881241,7075,236,2026-08-07T18:02:21.827,11,left,29.0,30.298429319371728,370.6818181818182,28,33,6,53,191,False,True,
run_20260807_175821_881241,7075,236,2026-08-07T18:02:21.827,10,left,51.0,51.091743119266056,371.0,50,52,3,40,109,False,True,
run_20260807_175821_881241,7075,236,2026-08-07T18:02:21.827,9,left,73.0,73.08490566037736,371.0,72,74,3,39,106,False,True,
run_20260807_175821_881241,7075,236,2026-08-07T18:02:21.827,8,left,95.0,95.08411214953271,371.0,94,96,3,39,107,False,True,
run_20260807_175821_881241,7075,236,2026-08-07T18:02:21.827,7,left,116.5,116.95744680851064,370.75,116,118,3,38,94,False,True,
run_20260807_175821_881241,7075,236,2026-08-07T18:02:21.827,6,left,139.0,140.04205607476635,371.125,138,143,6,69,214,False,True,
run_20260807_175821_881241,7075,236,2026-08-07T18:02:21.827,5,left,161.0,161.17171717171718,371.0,160,162,3,39,99,False,True,
run_20260807_175821_881241,7075,236,2026-08-07T18:02:21.827,4,left,183.5,183.81632653061226,370.9318181818182,183,185,3,40,98,False,True,
run_20260807_175821_881241,7075,236,2026-08-07T18:02:21.827,3,left,206.0,206.05982905982907,371.0,205,207,3,42,117,False,True,
run_20260807_175821_881241,7075,236,2026-08-07T18:02:21.827,2,left,228.15384615384616,228.12844036697248,371.0769230769231,227,229,3,42,109,False,True,
run_20260807_175821_881241,7075,236,2026-08-07T18:02:21.827,1,left,250.0,250.60526315789474,371.0,249,252,4,68,190,False,True,
run_20260807_175821_881241,7075,236,2026-08-07T18:02:21.827,0,left,272.0,272.2551020408163,370.5,271,273,3,42,98,True,True,
run_20260807_175821_881241,7075,236,2026-08-07T18:02:21.827,0,right,469.0,468.9920634920635,370.5,468,470,3,43,126,True,True,
run_20260807_175821_881241,7075,236,2026-08-07T18:02:21.827,1,right,492.0,491.2741116751269,371.0,490,493,4,70,197,False,True,
run_20260807_175821_881241,7075,236,2026-08-07T18:02:21.827,2,right,514.0,513.8849557522124,371.0769230769231,513,515,3,42,113,False,True,
run_20260807_175821_881241,7075,236,2026-08-07T18:02:21.827,3,right,536.0,535.9672131147541,371.0,535,537,3,42,122,False,True,
run_20260807_175821_881241,7075,236,2026-08-07T18:02:21.827,4,right,558.3636363636364,558.025641025641,370.9318181818182,557,559,3,42,117,False,True,
run_20260807_175821_881241,7075,236,2026-08-07T18:02:21.827,5,right,581.0,580.488188976378,371.0,579,582,4,43,127,False,True,
run_20260807_175821_881241,7075,236,2026-08-07T18:02:21.827,6,right,603.25,602.0940594059406,371.125,600,604,5,67,202,False,True,
run_20260807_175821_881241,7075,236,2026-08-07T18:02:21.827,7,right,625.0,624.9333333333333,370.75,624,626,3,43,120,False,True,
run_20260807_175821_881241,7075,236,2026-08-07T18:02:21.827,8,right,647.0,646.8771929824561,371.0,646,648,3,43,114,False,True,
run_20260807_175821_881241,7075,236,2026-08-07T18:02:21.827,9,right,669.0,668.824074074074,371.0,668,670,3,43,108,False,True,
run_20260807_175821_881241,7075,236,2026-08-07T18:02:21.827,10,right,691.0,690.4957983193277,371.0,689,692,4,42,119,False,True,
run_20260807_175821_881241,7075,236,2026-08-07T18:02:21.827,11,right,712.3636363636364,711.0,370.6818181818182,708,713,6,49,192,False,True,
run_20260807_175821_881241,7075,236,2026-08-07T18:02:21.827,12,right,734.0,733.5714285714286,370.75,732,735,4,42,119,False,True,
run_20260807_175821_881241,7106,237,2026-08-07T18:02:22.857,12,left,7.5,7.876190476190477,370.75,7,9,3,42,105,False,True,
run_20260807_175821_881241,7106,237,2026-08-07T18:02:22.857,11,left,29.0,30.3125,370.75,28,33,6,52,192,False,True,
run_20260807_175821_881241,7106,237,2026-08-07T18:02:22.857,10,left,51.0,51.091743119266056,371.0,50,52,3,40,109,False,True,
run_20260807_175821_881241,7106,237,2026-08-07T18:02:22.857,9,left,73.0,73.08490566037736,371.0,72,74,3,39,106,False,True,
run_20260807_175821_881241,7106,237,2026-08-07T18:02:22.857,8,left,95.0,95.08411214953271,371.0,94,96,3,39,107,False,True,
run_20260807_175821_881241,7106,237,2026-08-07T18:02:22.857,7,left,116.5,117.0,370.75,116,118,3,38,98,False,True,
run_20260807_175821_881241,7106,237,2026-08-07T18:02:22.857,6,left,139.0,140.0045871559633,371.125,138,143,6,69,218,False,True,
run_20260807_175821_881241,7106,237,2026-08-07T18:02:22.857,5,left,161.0,161.38392857142858,371.0,160,163,4,39,112,False,True,
run_20260807_175821_881241,7106,237,2026-08-07T18:02:22.857,4,left,183.5,183.8041237113402,370.9318181818182,183,185,3,40,97,False,True,
run_20260807_175821_881241,7106,237,2026-08-07T18:02:22.857,3,left,206.0,206.05982905982907,371.0,205,207,3,42,117,False,True,
run_20260807_175821_881241,7106,237,2026-08-07T18:02:22.857,2,left,228.07142857142858,228.11818181818182,371.0357142857143,227,229,3,42,110,False,True,
run_20260807_175821_881241,7106,237,2026-08-07T18:02:22.857,1,left,250.0,250.58031088082902,371.0,249,252,4,68,193,False,True,
run_20260807_175821_881241,7106,237,2026-08-07T18:02:22.857,0,left,272.0,272.2551020408163,370.5,271,273,3,42,98,True,True,
run_20260807_175821_881241,7106,237,2026-08-07T18:02:22.857,0,right,469.0,468.9920634920635,370.5,468,470,3,43,126,True,True,
run_20260807_175821_881241,7106,237,2026-08-07T18:02:22.857,1,right,492.0,491.2741116751269,371.0,490,493,4,70,197,False,True,
run_20260807_175821_881241,7106,237,2026-08-07T18:02:22.857,2,right,514.0,513.9043478260869,371.0357142857143,513,515,3,42,115,False,True,
run_20260807_175821_881241,7106,237,2026-08-07T18:02:22.857,3,right,536.0,535.9672131147541,371.0,535,537,3,42,122,False,True,
run_20260807_175821_881241,7106,237,2026-08-07T18:02:22.857,4,right,558.3636363636364,558.0338983050848,370.9318181818182,557,559,3,42,118,False,True,
run_20260807_175821_881241,7106,237,2026-08-07T18:02:22.857,5,right,581.0,580.488188976378,371.0,579,582,4,43,127,False,True,
run_20260807_175821_881241,7106,237,2026-08-07T18:02:22.857,6,right,603.25,602.0940594059406,371.125,600,604,5,67,202,False,True,
run_20260807_175821_881241,7106,237,2026-08-07T18:02:22.857,7,right,625.0,624.9421487603306,370.75,624,626,3,43,121,False,True,
run_20260807_175821_881241,7106,237,2026-08-07T18:02:22.857,8,right,647.0,646.8672566371681,371.0,646,648,3,43,113,False,True,
run_20260807_175821_881241,7106,237,2026-08-07T18:02:22.857,9,right,669.0,668.8130841121496,371.0,668,670,3,43,107,False,True,
run_20260807_175821_881241,7106,237,2026-08-07T18:02:22.857,10,right,691.0,690.5210084033613,371.0,689,692,4,42,119,False,True,
run_20260807_175821_881241,7106,237,2026-08-07T18:02:22.857,11,right,712.5,710.9787234042553,370.75,708,713,6,48,188,False,True,
run_20260807_175821_881241,7106,237,2026-08-07T18:02:22.857,12,right,734.0,733.5583333333333,370.75,732,735,4,42,120,False,True,
run_20260807_175821_881241,7137,238,2026-08-07T18:02:23.890,12,left,7.5,7.867924528301887,370.75,7,9,3,42,106,False,True,
run_20260807_175821_881241,7137,238,2026-08-07T18:02:23.890,11,left,29.0,30.310880829015545,370.625,28,33,6,53,193,False,True,
run_20260807_175821_881241,7137,238,2026-08-07T18:02:23.890,10,left,51.0,51.091743119266056,371.0,50,52,3,40,109,False,True,
run_20260807_175821_881241,7137,238,2026-08-07T18:02:23.890,9,left,73.0,73.08490566037736,371.0,72,74,3,39,106,False,True,
run_20260807_175821_881241,7137,238,2026-08-07T18:02:23.890,8,left,95.0,95.08411214953271,371.0,94,96,3,39,107,False,True,
run_20260807_175821_881241,7137,238,2026-08-07T18:02:23.890,7,left,116.5,117.0,370.75,116,118,3,38,98,False,True,
run_20260807_175821_881241,7137,238,2026-08-07T18:02:23.890,6,left,139.0,140.0045871559633,371.125,138,143,6,69,218,False,True,
run_20260807_175821_881241,7137,238,2026-08-07T18:02:23.890,5,left,161.0,161.36936936936937,371.0,160,163,4,39,111,False,True,
run_20260807_175821_881241,7137,238,2026-08-07T18:02:23.890,4,left,183.5,183.79166666666666,371.0,183,185,3,40,96,False,True,
run_20260807_175821_881241,7137,238,2026-08-07T18:02:23.890,3,left,206.0,206.05982905982907,371.0,205,207,3,42,117,False,True,
run_20260807_175821_881241,7137,238,2026-08-07T18:02:23.890,2,left,228.07142857142858,228.11818181818182,371.0357142857143,227,229,3,42,110,False,True,
run_20260807_175821_881241,7137,238,2026-08-07T18:02:23.890,1,left,250.0,250.58762886597938,371.0,249,252,4,68,194,False,True,
run_20260807_175821_881241,7137,238,2026-08-07T18:02:23.890,0,left,272.0,272.2551020408163,370.5,271,273,3,42,98,True,True,
run_20260807_175821_881241,7137,238,2026-08-07T18:02:23.890,0,right,469.0,468.9920634920635,370.5,468,470,3,43,126,True,True,
run_20260807_175821_881241,7137,238,2026-08-07T18:02:23.890,1,right,492.0,491.255,371.0,490,493,4,70,200,False,True,
run_20260807_175821_881241,7137,238,2026-08-07T18:02:23.890,2,right,514.0,513.9043478260869,371.0357142857143,513,515,3,42,115,False,True,
run_20260807_175821_881241,7137,238,2026-08-07T18:02:23.890,3,right,536.0,535.9672131147541,371.0,535,537,3,42,122,False,True,
run_20260807_175821_881241,7137,238,2026-08-07T18:02:23.890,4,right,558.5,558.0434782608696,371.0,557,559,3,42,115,False,True,
run_20260807_175821_881241,7137,238,2026-08-07T18:02:23.890,5,right,581.0,580.488188976378,371.0,579,582,4,43,127,False,True,
run_20260807_175821_881241,7137,238,2026-08-07T18:02:23.890,6,right,603.25,602.0886699507389,371.125,600,604,5,67,203,False,True,
run_20260807_175821_881241,7137,238,2026-08-07T18:02:23.890,7,right,625.0,624.9421487603306,370.75,624,626,3,43,121,False,True,
run_20260807_175821_881241,7137,238,2026-08-07T18:02:23.890,8,right,647.0,646.8771929824561,371.0,646,648,3,43,114,False,True,
run_20260807_175821_881241,7137,238,2026-08-07T18:02:23.890,9,right,669.0,668.8130841121496,371.0,668,670,3,43,107,False,True,
run_20260807_175821_881241,7137,238,2026-08-07T18:02:23.890,10,right,691.0,690.5526315789474,371.0,689,692,4,41,114,False,True,
run_20260807_175821_881241,7137,238,2026-08-07T18:02:23.890,11,right,712.25,711.1847826086956,370.625,709,713,5,52,184,False,True,
run_20260807_175821_881241,7137,238,2026-08-07T18:02:23.890,12,right,734.0,733.5304347826087,370.75,732,735,4,42,115,False,True,
run_20260807_175821_881241,7167,239,2026-08-07T18:02:24.892,12,left,7.5,7.878504672897196,370.75,7,9,3,42,107,False,True,
run_20260807_175821_881241,7167,239,2026-08-07T18:02:24.892,11,left,29.0,30.312169312169313,370.625,28,33,6,52,189,False,True,
run_20260807_175821_881241,7167,239,2026-08-07T18:02:24.892,10,left,51.0,51.092592592592595,371.0,50,52,3,40,108,False,True,
run_20260807_175821_881241,7167,239,2026-08-07T18:02:24.892,9,left,73.0,73.08490566037736,371.0,72,74,3,39,106,False,True,
run_20260807_175821_881241,7167,239,2026-08-07T18:02:24.892,8,left,95.0,95.08411214953271,371.0,94,96,3,39,107,False,True,
run_20260807_175821_881241,7167,239,2026-08-07T18:02:24.892,7,left,116.5,117.0,370.75,116,118,3,38,98,False,True,
run_20260807_175821_881241,7167,239,2026-08-07T18:02:24.892,6,left,139.0,140.04205607476635,371.125,138,143,6,69,214,False,True,
run_20260807_175821_881241,7167,239,2026-08-07T18:02:24.892,5,left,161.0,161.38392857142858,371.0,160,163,4,39,112,False,True,
run_20260807_175821_881241,7167,239,2026-08-07T18:02:24.892,4,left,183.5,183.81632653061226,370.9318181818182,183,185,3,40,98,False,True,
run_20260807_175821_881241,7167,239,2026-08-07T18:02:24.892,3,left,206.0,206.05982905982907,371.0,205,207,3,42,117,False,True,
run_20260807_175821_881241,7167,239,2026-08-07T18:02:24.892,2,left,228.15384615384616,228.12844036697248,371.0769230769231,227,229,3,42,109,False,True,
run_20260807_175821_881241,7167,239,2026-08-07T18:02:24.892,1,left,250.0,250.63829787234042,371.0,249,252,4,68,188,False,True,
run_20260807_175821_881241,7167,239,2026-08-07T18:02:24.892,0,left,272.0,272.29473684210524,370.5,271,273,3,42,95,True,True,
run_20260807_175821_881241,7167,239,2026-08-07T18:02:24.892,0,right,469.0,469.0,370.5,468,470,3,43,125,True,True,
run_20260807_175821_881241,7167,239,2026-08-07T18:02:24.892,1,right,492.0,491.2741116751269,371.0,490,493,4,70,197,False,True,
run_20260807_175821_881241,7167,239,2026-08-07T18:02:24.892,2,right,514.0,513.9043478260869,371.0769230769231,513,515,3,42,115,False,True,
run_20260807_175821_881241,7167,239,2026-08-07T18:02:24.892,3,right,536.0,535.9672131147541,371.0,535,537,3,42,122,False,True,
run_20260807_175821_881241,7167,239,2026-08-07T18:02:24.892,4,right,558.3636363636364,558.025641025641,370.9318181818182,557,559,3,42,117,False,True,
run_20260807_175821_881241,7167,239,2026-08-07T18:02:24.892,5,right,581.0,580.5,371.0,579,582,4,43,126,False,True,
run_20260807_175821_881241,7167,239,2026-08-07T18:02:24.892,6,right,603.25,602.0940594059406,371.125,600,604,5,67,202,False,True,
run_20260807_175821_881241,7167,239,2026-08-07T18:02:24.892,7,right,625.0,624.9421487603306,370.75,624,626,3,43,121,False,True,
run_20260807_175821_881241,7167,239,2026-08-07T18:02:24.892,8,right,647.0,646.8771929824561,371.0,646,648,3,43,114,False,True,
run_20260807_175821_881241,7167,239,2026-08-07T18:02:24.892,9,right,669.0,668.8018867924528,371.0,668,670,3,43,106,False,True,
run_20260807_175821_881241,7167,239,2026-08-07T18:02:24.892,10,right,691.0,690.4957983193277,371.0,689,692,4,42,119,False,True,
run_20260807_175821_881241,7167,239,2026-08-07T18:02:24.892,11,right,712.25,711.0,370.625,708,713,6,50,193,False,True,
run_20260807_175821_881241,7167,239,2026-08-07T18:02:24.892,12,right,734.0,733.5546218487395,370.75,732,735,4,42,119,False,True,
run_20260807_175821_881241,7197,240,2026-08-07T18:02:25.893,12,left,7.5,7.857142857142857,370.75,7,9,3,42,105,False,True,
run_20260807_175821_881241,7197,240,2026-08-07T18:02:25.893,11,left,29.0,30.31413612565445,370.5769230769231,28,33,6,51,191,False,True,
run_20260807_175821_881241,7197,240,2026-08-07T18:02:25.893,10,left,51.0,51.091743119266056,371.0,50,52,3,40,109,False,True,
run_20260807_175821_881241,7197,240,2026-08-07T18:02:25.893,9,left,73.0,73.08490566037736,371.0,72,74,3,39,106,False,True,
run_20260807_175821_881241,7197,240,2026-08-07T18:02:25.893,8,left,95.0,95.08411214953271,371.0,94,96,3,39,107,False,True,
run_20260807_175821_881241,7197,240,2026-08-07T18:02:25.893,7,left,116.5,116.98969072164948,370.75,116,118,3,38,97,False,True,
run_20260807_175821_881241,7197,240,2026-08-07T18:02:25.893,6,left,139.0,140.04205607476635,371.125,138,143,6,69,214,False,True,
run_20260807_175821_881241,7197,240,2026-08-07T18:02:25.893,5,left,161.0,161.38392857142858,371.0,160,163,4,39,112,False,True,
run_20260807_175821_881241,7197,240,2026-08-07T18:02:25.893,4,left,183.5,183.8041237113402,370.9318181818182,183,185,3,40,97,False,True,
run_20260807_175821_881241,7197,240,2026-08-07T18:02:25.893,3,left,206.0,206.05982905982907,371.0,205,207,3,42,117,False,True,
run_20260807_175821_881241,7197,240,2026-08-07T18:02:25.893,2,left,228.07142857142858,228.11818181818182,371.0357142857143,227,229,3,42,110,False,True,
run_20260807_175821_881241,7197,240,2026-08-07T18:02:25.893,1,left,250.0,250.63829787234042,371.0,249,252,4,68,188,False,True,
run_20260807_175821_881241,7197,240,2026-08-07T18:02:25.893,0,left,272.0,272.2680412371134,370.5,271,273,3,42,97,True,True,
run_20260807_175821_881241,7197,240,2026-08-07T18:02:25.893,0,right,469.0,469.0,370.5,468,470,3,43,125,True,True,
run_20260807_175821_881241,7197,240,2026-08-07T18:02:25.893,1,right,492.0,491.255,371.0,490,493,4,70,200,False,True,
run_20260807_175821_881241,7197,240,2026-08-07T18:02:25.893,2,right,514.0,513.9043478260869,371.0357142857143,513,515,3,42,115,False,True,
run_20260807_175821_881241,7197,240,2026-08-07T18:02:25.893,3,right,536.0,535.9586776859504,371.0,535,537,3,42,121,False,True,
run_20260807_175821_881241,7197,240,2026-08-07T18:02:25.893,4,right,558.3636363636364,558.025641025641,370.9318181818182,557,559,3,42,117,False,True,
run_20260807_175821_881241,7197,240,2026-08-07T18:02:25.893,5,right,581.0,580.488188976378,371.0,579,582,4,43,127,False,True,
run_20260807_175821_881241,7197,240,2026-08-07T18:02:25.893,6,right,603.25,602.0886699507389,371.125,600,604,5,67,203,False,True,
run_20260807_175821_881241,7197,240,2026-08-07T18:02:25.893,7,right,625.0,624.9333333333333,370.75,624,626,3,43,120,False,True,
run_20260807_175821_881241,7197,240,2026-08-07T18:02:25.893,8,right,647.0,646.8672566371681,371.0,646,648,3,43,113,False,True,
run_20260807_175821_881241,7197,240,2026-08-07T18:02:25.893,9,right,669.0,668.8130841121496,371.0,668,670,3,43,107,False,True,
run_20260807_175821_881241,7197,240,2026-08-07T18:02:25.893,10,right,691.0,690.5254237288135,371.0,689,692,4,41,118,False,True,
run_20260807_175821_881241,7197,240,2026-08-07T18:02:25.893,11,right,712.1538461538462,711.195652173913,370.5769230769231,709,713,5,53,184,False,True,
run_20260807_175821_881241,7197,240,2026-08-07T18:02:25.893,12,right,734.0,733.5546218487395,370.75,732,735,4,42,119,False,True,
run_20260807_175821_881241,7228,241,2026-08-07T18:02:26.923,12,left,7.5,7.865384615384615,370.75,7,9,3,42,104,False,True,
run_20260807_175821_881241,7228,241,2026-08-07T18:02:26.923,11,left,29.0,30.32460732984293,370.75,28,33,6,52,191,False,True,
run_20260807_175821_881241,7228,241,2026-08-07T18:02:26.923,10,left,51.0,51.091743119266056,371.0,50,52,3,40,109,False,True,
run_20260807_175821_881241,7228,241,2026-08-07T18:02:26.923,9,left,73.0,73.08490566037736,371.0,72,74,3,39,106,False,True,
run_20260807_175821_881241,7228,241,2026-08-07T18:02:26.923,8,left,95.0,95.08411214953271,371.0,94,96,3,39,107,False,True,
run_20260807_175821_881241,7228,241,2026-08-07T18:02:26.923,7,left,116.5,116.98969072164948,370.75,116,118,3,38,97,False,True,
run_20260807_175821_881241,7228,241,2026-08-07T18:02:26.923,6,left,139.0,140.01382488479263,371.125,138,143,6,69,217,False,True,
run_20260807_175821_881241,7228,241,2026-08-07T18:02:26.923,5,left,161.0,161.38392857142858,371.0,160,163,4,39,112,False,True,
run_20260807_175821_881241,7228,241,2026-08-07T18:02:26.923,4,left,183.5,183.8041237113402,370.9318181818182,183,185,3,40,97,False,True,
run_20260807_175821_881241,7228,241,2026-08-07T18:02:26.923,3,left,206.0,206.05982905982907,371.0,205,207,3,42,117,False,True,
run_20260807_175821_881241,7228,241,2026-08-07T18:02:26.923,2,left,228.07142857142858,228.11818181818182,371.0357142857143,227,229,3,42,110,False,True,
run_20260807_175821_881241,7228,241,2026-08-07T18:02:26.923,1,left,250.0,250.6157894736842,371.0,249,252,4,68,190,False,True,
run_20260807_175821_881241,7228,241,2026-08-07T18:02:26.923,0,left,272.0,272.2680412371134,370.5,271,273,3,42,97,True,True,
run_20260807_175821_881241,7228,241,2026-08-07T18:02:26.923,0,right,469.0,469.0,370.5,468,470,3,43,125,True,True,
run_20260807_175821_881241,7228,241,2026-08-07T18:02:26.923,1,right,492.0,491.2676767676768,371.0,490,493,4,70,198,False,True,
run_20260807_175821_881241,7228,241,2026-08-07T18:02:26.923,2,right,514.0,513.8849557522124,371.0357142857143,513,515,3,42,113,False,True,
run_20260807_175821_881241,7228,241,2026-08-07T18:02:26.923,3,right,536.0,535.9672131147541,371.0,535,537,3,42,122,False,True,
run_20260807_175821_881241,7228,241,2026-08-07T18:02:26.923,4,right,558.3636363636364,558.025641025641,370.9318181818182,557,559,3,42,117,False,True,
run_20260807_175821_881241,7228,241,2026-08-07T18:02:26.923,5,right,581.0,580.488188976378,371.0,579,582,4,43,127,False,True,
run_20260807_175821_881241,7228,241,2026-08-07T18:02:26.923,6,right,603.25,602.0940594059406,371.125,600,604,5,67,202,False,True,
run_20260807_175821_881241,7228,241,2026-08-07T18:02:26.923,7,right,625.0,624.9333333333333,370.75,624,626,3,43,120,False,True,
run_20260807_175821_881241,7228,241,2026-08-07T18:02:26.923,8,right,647.0,646.8771929824561,371.0,646,648,3,43,114,False,True,
run_20260807_175821_881241,7228,241,2026-08-07T18:02:26.923,9,right,669.0,668.8018867924528,371.0,668,670,3,43,106,False,True,
run_20260807_175821_881241,7228,241,2026-08-07T18:02:26.923,10,right,691.0,690.4957983193277,371.0,689,692,4,42,119,False,True,
run_20260807_175821_881241,7228,241,2026-08-07T18:02:26.923,11,right,712.5,710.9895833333334,370.75,708,713,6,48,192,False,True,
run_20260807_175821_881241,7228,241,2026-08-07T18:02:26.923,12,right,734.0,733.546218487395,370.75,732,735,4,42,119,False,True,
run_20260807_175821_881241,7259,242,2026-08-07T18:02:27.955,12,left,7.5,7.897196261682243,370.75,7,9,3,42,107,False,True,
run_20260807_175821_881241,7259,242,2026-08-07T18:02:27.955,11,left,29.0,30.32460732984293,370.75,28,33,6,52,191,False,True,
run_20260807_175821_881241,7259,242,2026-08-07T18:02:27.955,10,left,51.0,51.091743119266056,371.0,50,52,3,40,109,False,True,
run_20260807_175821_881241,7259,242,2026-08-07T18:02:27.955,9,left,73.0,73.08490566037736,371.0,72,74,3,39,106,False,True,
run_20260807_175821_881241,7259,242,2026-08-07T18:02:27.955,8,left,95.0,95.08411214953271,371.0,94,96,3,39,107,False,True,
run_20260807_175821_881241,7259,242,2026-08-07T18:02:27.955,7,left,116.5,116.98969072164948,370.75,116,118,3,38,97,False,True,
run_20260807_175821_881241,7259,242,2026-08-07T18:02:27.955,6,left,139.0,140.0,371.125,138,143,6,69,217,False,True,
run_20260807_175821_881241,7259,242,2026-08-07T18:02:27.955,5,left,161.0,161.17171717171718,371.0,160,162,3,39,99,False,True,
run_20260807_175821_881241,7259,242,2026-08-07T18:02:27.955,4,left,183.5,183.8041237113402,370.9318181818182,183,185,3,40,97,False,True,
run_20260807_175821_881241,7259,242,2026-08-07T18:02:27.955,3,left,206.0,206.05982905982907,371.0,205,207,3,42,117,False,True,
run_20260807_175821_881241,7259,242,2026-08-07T18:02:27.955,2,left,228.15384615384616,228.12844036697248,371.0769230769231,227,229,3,42,109,False,True,
run_20260807_175821_881241,7259,242,2026-08-07T18:02:27.955,1,left,250.0,250.60526315789474,371.0,249,252,4,68,190,False,True,
run_20260807_175821_881241,7259,242,2026-08-07T18:02:27.955,0,left,272.0,272.2551020408163,370.5,271,273,3,42,98,True,True,
run_20260807_175821_881241,7259,242,2026-08-07T18:02:27.955,0,right,469.0,469.0,370.5,468,470,3,43,125,True,True,
run_20260807_175821_881241,7259,242,2026-08-07T18:02:27.955,1,right,492.0,491.2613065326633,371.0,490,493,4,70,199,False,True,
run_20260807_175821_881241,7259,242,2026-08-07T18:02:27.955,2,right,514.0,513.875,371.0769230769231,513,515,3,42,112,False,True,
run_20260807_175821_881241,7259,242,2026-08-07T18:02:27.955,3,right,536.0,535.9672131147541,371.0,535,537,3,42,122,False,True,
run_20260807_175821_881241,7259,242,2026-08-07T18:02:27.955,4,right,558.3636363636364,558.0344827586207,370.9318181818182,557,559,3,42,116,False,True,
run_20260807_175821_881241,7259,242,2026-08-07T18:02:27.955,5,right,581.0,580.488188976378,371.0,579,582,4,43,127,False,True,
run_20260807_175821_881241,7259,242,2026-08-07T18:02:27.955,6,right,603.25,602.0940594059406,371.125,600,604,5,67,202,False,True,
run_20260807_175821_881241,7259,242,2026-08-07T18:02:27.955,7,right,625.0,624.9333333333333,370.75,624,626,3,43,120,False,True,
run_20260807_175821_881241,7259,242,2026-08-07T18:02:27.955,8,right,647.0,646.8771929824561,371.0,646,648,3,43,114,False,True,
run_20260807_175821_881241,7259,242,2026-08-07T18:02:27.955,9,right,669.0,668.7788461538462,371.0,668,670,3,43,104,False,True,
run_20260807_175821_881241,7259,242,2026-08-07T18:02:27.955,10,right,691.0,690.5,371.0,689,692,4,41,120,False,True,
run_20260807_175821_881241,7259,242,2026-08-07T18:02:27.955,11,right,712.5,711.2022471910112,370.75,709,713,5,48,178,False,True,
run_20260807_175821_881241,7259,242,2026-08-07T18:02:27.955,12,right,734.0,733.5677966101695,370.75,732,735,4,42,118,False,True,
run_20260807_175821_881241,7289,243,2026-08-07T18:02:28.958,12,left,7.5,7.857142857142857,370.75,7,9,3,42,105,False,True,
run_20260807_175821_881241,7289,243,2026-08-07T18:02:28.958,11,left,29.0,30.321052631578947,370.5769230769231,28,33,6,52,190,False,True,
run_20260807_175821_881241,7289,243,2026-08-07T18:02:28.958,10,left,51.0,51.091743119266056,371.0,50,52,3,40,109,False,True,
run_20260807_175821_881241,7289,243,2026-08-07T18:02:28.958,9,left,73.0,73.08490566037736,371.0,72,74,3,39,106,False,True,
run_20260807_175821_881241,7289,243,2026-08-07T18:02:28.958,8,left,95.0,95.08411214953271,371.0,94,96,3,39,107,False,True,
run_20260807_175821_881241,7289,243,2026-08-07T18:02:28.958,7,left,116.5,116.97916666666667,370.75,116,118,3,38,96,False,True,
run_20260807_175821_881241,7289,243,2026-08-07T18:02:28.958,6,left,139.0,140.03255813953487,371.125,138,143,6,69,215,False,True,
run_20260807_175821_881241,7289,243,2026-08-07T18:02:28.958,5,left,161.0,161.36936936936937,371.0,160,163,4,39,111,False,True,
run_20260807_175821_881241,7289,243,2026-08-07T18:02:28.958,4,left,183.5,183.8125,370.9318181818182,183,185,3,40,96,False,True,
run_20260807_175821_881241,7289,243,2026-08-07T18:02:28.958,3,left,206.0,206.05982905982907,371.0,205,207,3,42,117,False,True,
run_20260807_175821_881241,7289,243,2026-08-07T18:02:28.958,2,left,228.07142857142858,228.12844036697248,371.0357142857143,227,229,3,42,109,False,True,
run_20260807_175821_881241,7289,243,2026-08-07T18:02:28.958,1,left,250.0,250.60732984293193,371.0,249,252,4,69,191,False,True,
run_20260807_175821_881241,7289,243,2026-08-07T18:02:28.958,0,left,272.0,272.28125,370.5,271,273,3,42,96,True,True,
run_20260807_175821_881241,7289,243,2026-08-07T18:02:28.958,0,right,469.0,469.0162601626016,370.5,468,470,3,43,123,True,True,
run_20260807_175821_881241,7289,243,2026-08-07T18:02:28.958,1,right,492.0,491.2741116751269,371.0,490,493,4,70,197,False,True,
run_20260807_175821_881241,7289,243,2026-08-07T18:02:28.958,2,right,514.0,513.9043478260869,371.0357142857143,513,515,3,42,115,False,True,
run_20260807_175821_881241,7289,243,2026-08-07T18:02:28.958,3,right,536.0,535.9586776859504,371.0,535,537,3,42,121,False,True,
run_20260807_175821_881241,7289,243,2026-08-07T18:02:28.958,4,right,558.3636363636364,558.025641025641,370.9318181818182,557,559,3,42,117,False,True,
run_20260807_175821_881241,7289,243,2026-08-07T18:02:28.958,5,right,581.0,580.5,371.0,579,582,4,43,126,False,True,
run_20260807_175821_881241,7289,243,2026-08-07T18:02:28.958,6,right,603.25,602.0940594059406,371.125,600,604,5,67,202,False,True,
run_20260807_175821_881241,7289,243,2026-08-07T18:02:28.958,7,right,625.0,624.9421487603306,370.75,624,626,3,43,121,False,True,
run_20260807_175821_881241,7289,243,2026-08-07T18:02:28.958,8,right,647.0,646.8672566371681,371.0,646,648,3,43,113,False,True,
run_20260807_175821_881241,7289,243,2026-08-07T18:02:28.958,9,right,669.0,668.8018867924528,371.0,668,670,3,43,106,False,True,
run_20260807_175821_881241,7289,243,2026-08-07T18:02:28.958,10,right,691.0,690.4833333333333,371.0,689,692,4,42,120,False,True,
run_20260807_175821_881241,7289,243,2026-08-07T18:02:28.958,11,right,712.1538461538462,711.1748633879781,370.5769230769231,709,713,5,52,183,False,True,
run_20260807_175821_881241,7289,243,2026-08-07T18:02:28.958,12,right,734.0,733.5583333333333,370.75,732,735,4,42,120,False,True,
run_20260807_175821_881241,7320,244,2026-08-07T18:02:29.993,12,left,7.5,7.897196261682243,370.75,7,9,3,42,107,False,True,
run_20260807_175821_881241,7320,244,2026-08-07T18:02:29.993,11,left,29.0,30.335051546391753,370.625,28,33,6,52,194,False,True,
run_20260807_175821_881241,7320,244,2026-08-07T18:02:29.993,10,left,51.0,51.091743119266056,371.0,50,52,3,40,109,False,True,
run_20260807_175821_881241,7320,244,2026-08-07T18:02:29.993,9,left,73.0,73.08490566037736,371.0,72,74,3,39,106,False,True,
run_20260807_175821_881241,7320,244,2026-08-07T18:02:29.993,8,left,95.0,95.08411214953271,371.0,94,96,3,39,107,False,True,
run_20260807_175821_881241,7320,244,2026-08-07T18:02:29.993,7,left,116.5,116.96842105263158,370.75,116,118,3,38,95,False,True,
run_20260807_175821_881241,7320,244,2026-08-07T18:02:29.993,6,left,139.0,140.01382488479263,371.125,138,143,6,69,217,False,True,
run_20260807_175821_881241,7320,244,2026-08-07T18:02:29.993,5,left,161.0,161.17171717171718,371.0,160,162,3,39,99,False,True,
run_20260807_175821_881241,7320,244,2026-08-07T18:02:29.993,4,left,183.5,183.81632653061226,370.9318181818182,183,185,3,40,98,False,True,
run_20260807_175821_881241,7320,244,2026-08-07T18:02:29.993,3,left,206.0,206.05982905982907,371.0,205,207,3,42,117,False,True,
run_20260807_175821_881241,7320,244,2026-08-07T18:02:29.993,2,left,228.15384615384616,228.12844036697248,371.0769230769231,227,229,3,42,109,False,True,
run_20260807_175821_881241,7320,244,2026-08-07T18:02:29.993,1,left,250.0,250.61256544502618,371.0,249,252,4,68,191,False,True,
run_20260807_175821_881241,7320,244,2026-08-07T18:02:29.993,0,left,272.0,272.2551020408163,370.5,271,273,3,42,98,True,True,
run_20260807_175821_881241,7320,244,2026-08-07T18:02:29.993,0,right,469.0,469.0163934426229,370.5,468,470,3,42,122,True,True,
run_20260807_175821_881241,7320,244,2026-08-07T18:02:29.993,1,right,492.0,491.2828282828283,371.0,490,493,4,70,198,False,True,
run_20260807_175821_881241,7320,244,2026-08-07T18:02:29.993,2,right,514.0,513.9043478260869,371.0769230769231,513,515,3,42,115,False,True,
run_20260807_175821_881241,7320,244,2026-08-07T18:02:29.993,3,right,536.0,535.9586776859504,371.0,535,537,3,42,121,False,True,
run_20260807_175821_881241,7320,244,2026-08-07T18:02:29.993,4,right,558.3636363636364,558.0169491525423,370.9318181818182,557,559,3,42,118,False,True,
run_20260807_175821_881241,7320,244,2026-08-07T18:02:29.993,5,right,581.0,580.488188976378,371.0,579,582,4,43,127,False,True,
run_20260807_175821_881241,7320,244,2026-08-07T18:02:29.993,6,right,603.25,602.0886699507389,371.125,600,604,5,67,203,False,True,
run_20260807_175821_881241,7320,244,2026-08-07T18:02:29.993,7,right,625.0,624.95,370.75,624,626,3,42,120,False,True,
run_20260807_175821_881241,7320,244,2026-08-07T18:02:29.993,8,right,647.0,646.8672566371681,371.0,646,648,3,43,113,False,True,
run_20260807_175821_881241,7320,244,2026-08-07T18:02:29.993,9,right,669.0,668.7904761904762,371.0,668,670,3,43,105,False,True,
run_20260807_175821_881241,7320,244,2026-08-07T18:02:29.993,10,right,691.0,690.5083333333333,371.0,689,692,4,42,120,False,True,
run_20260807_175821_881241,7320,244,2026-08-07T18:02:29.993,11,right,712.25,711.0,370.625,708,713,6,51,192,False,True,
run_20260807_175821_881241,7320,244,2026-08-07T18:02:29.993,12,right,734.0,733.5583333333333,370.75,732,735,4,42,120,False,True,
run_20260807_175821_881241,7351,245,2026-08-07T18:02:31.026,12,left,7.5,7.878504672897196,370.75,7,9,3,42,107,False,True,
run_20260807_175821_881241,7351,245,2026-08-07T18:02:31.026,11,left,29.0,30.335051546391753,370.5769230769231,28,33,6,52,194,False,True,
run_20260807_175821_881241,7351,245,2026-08-07T18:02:31.026,10,left,51.0,51.091743119266056,371.0,50,52,3,40,109,False,True,
run_20260807_175821_881241,7351,245,2026-08-07T18:02:31.026,9,left,73.0,73.08490566037736,371.0,72,74,3,39,106,False,True,
run_20260807_175821_881241,7351,245,2026-08-07T18:02:31.026,8,left,95.0,95.08411214953271,371.0,94,96,3,39,107,False,True,
run_20260807_175821_881241,7351,245,2026-08-07T18:02:31.026,7,left,116.5,116.97916666666667,370.75,116,118,3,38,96,False,True,
run_20260807_175821_881241,7351,245,2026-08-07T18:02:31.026,6,left,139.0,140.01388888888889,371.125,138,143,6,68,216,False,True,
run_20260807_175821_881241,7351,245,2026-08-07T18:02:31.026,5,left,161.0,161.36936936936937,371.0,160,163,4,39,111,False,True,
run_20260807_175821_881241,7351,245,2026-08-07T18:02:31.026,4,left,183.5,183.81632653061226,370.9318181818182,183,185,3,40,98,False,True,
run_20260807_175821_881241,7351,245,2026-08-07T18:02:31.026,3,left,206.0,206.05982905982907,371.0,205,207,3,42,117,False,True,
run_20260807_175821_881241,7351,245,2026-08-07T18:02:31.026,2,left,228.15384615384616,228.12844036697248,371.0769230769231,227,229,3,42,109,False,True,
run_20260807_175821_881241,7351,245,2026-08-07T18:02:31.026,1,left,250.0,250.61256544502618,371.0,249,252,4,68,191,False,True,
run_20260807_175821_881241,7351,245,2026-08-07T18:02:31.026,0,left,272.0,272.25252525252523,370.5,271,273,3,42,99,True,True,
run_20260807_175821_881241,7351,245,2026-08-07T18:02:31.026,0,right,469.0,468.9920634920635,370.5,468,470,3,43,126,True,True,
run_20260807_175821_881241,7351,245,2026-08-07T18:02:31.026,1,right,492.0,491.27638190954775,371.0,490,493,4,70,199,False,True,
run_20260807_175821_881241,7351,245,2026-08-07T18:02:31.026,2,right,514.0,513.875,371.0769230769231,513,515,3,42,112,False,True,
run_20260807_175821_881241,7351,245,2026-08-07T18:02:31.026,3,right,536.0,535.9586776859504,371.0,535,537,3,42,121,False,True,
run_20260807_175821_881241,7351,245,2026-08-07T18:02:31.026,4,right,558.3636363636364,558.025641025641,370.9318181818182,557,559,3,42,117,False,True,
run_20260807_175821_881241,7351,245,2026-08-07T18:02:31.026,5,right,581.0,580.5,371.0,579,582,4,43,126,False,True,
run_20260807_175821_881241,7351,245,2026-08-07T18:02:31.026,6,right,603.25,602.0886699507389,371.125,600,604,5,67,203,False,True,
run_20260807_175821_881241,7351,245,2026-08-07T18:02:31.026,7,right,625.0,624.9333333333333,370.75,624,626,3,43,120,False,True,
run_20260807_175821_881241,7351,245,2026-08-07T18:02:31.026,8,right,647.0,646.8771929824561,371.0,646,648,3,43,114,False,True,
run_20260807_175821_881241,7351,245,2026-08-07T18:02:31.026,9,right,669.0,668.8130841121496,371.0,668,670,3,43,107,False,True,
run_20260807_175821_881241,7351,245,2026-08-07T18:02:31.026,10,right,691.0,690.4873949579832,371.0,689,692,4,41,119,False,True,
run_20260807_175821_881241,7351,245,2026-08-07T18:02:31.026,11,right,712.1538461538462,710.9795918367347,370.5769230769231,708,713,6,53,196,False,True,
run_20260807_175821_881241,7351,245,2026-08-07T18:02:31.026,12,right,734.0,733.5714285714286,370.75,732,735,4,42,119,False,True,
run_20260807_175821_881241,7382,246,2026-08-07T18:02:32.057,12,left,7.5,7.876190476190477,370.75,7,9,3,42,105,False,True,
run_20260807_175821_881241,7382,246,2026-08-07T18:02:32.057,11,left,29.0,30.308900523560208,370.625,28,33,6,53,191,False,True,
run_20260807_175821_881241,7382,246,2026-08-07T18:02:32.057,10,left,51.0,51.091743119266056,371.0,50,52,3,40,109,False,True,
run_20260807_175821_881241,7382,246,2026-08-07T18:02:32.057,9,left,73.0,73.08490566037736,371.0,72,74,3,39,106,False,True,
run_20260807_175821_881241,7382,246,2026-08-07T18:02:32.057,8,left,95.0,95.08411214953271,371.0,94,96,3,39,107,False,True,
run_20260807_175821_881241,7382,246,2026-08-07T18:02:32.057,7,left,116.5,116.97916666666667,370.75,116,118,3,38,96,False,True,
run_20260807_175821_881241,7382,246,2026-08-07T18:02:32.057,6,left,139.0,140.01382488479263,371.125,138,143,6,69,217,False,True,
run_20260807_175821_881241,7382,246,2026-08-07T18:02:32.057,5,left,161.0,161.17171717171718,371.0,160,162,3,39,99,False,True,
run_20260807_175821_881241,7382,246,2026-08-07T18:02:32.057,4,left,183.5,183.8041237113402,370.9318181818182,183,185,3,40,97,False,True,
run_20260807_175821_881241,7382,246,2026-08-07T18:02:32.057,3,left,206.0,206.05982905982907,371.0,205,207,3,42,117,False,True,
run_20260807_175821_881241,7382,246,2026-08-07T18:02:32.057,2,left,228.07142857142858,228.11818181818182,371.0357142857143,227,229,3,42,110,False,True,
run_20260807_175821_881241,7382,246,2026-08-07T18:02:32.057,1,left,250.0,250.58947368421053,371.0,249,252,4,68,190,False,True,
run_20260807_175821_881241,7382,246,2026-08-07T18:02:32.057,0,left,272.0,272.25252525252523,370.5,271,273,3,42,99,True,True,
run_20260807_175821_881241,7382,246,2026-08-07T18:02:32.057,0,right,469.0,468.9920634920635,370.5,468,470,3,43,126,True,True,
run_20260807_175821_881241,7382,246,2026-08-07T18:02:32.057,1,right,492.0,491.2741116751269,371.0,490,493,4,70,197,False,True,
run_20260807_175821_881241,7382,246,2026-08-07T18:02:32.057,2,right,514.0,513.875,371.0357142857143,513,515,3,42,112,False,True,
run_20260807_175821_881241,7382,246,2026-08-07T18:02:32.057,3,right,536.0,535.9586776859504,371.0,535,537,3,42,121,False,True,
run_20260807_175821_881241,7382,246,2026-08-07T18:02:32.057,4,right,558.3636363636364,558.0169491525423,370.9318181818182,557,559,3,42,118,False,True,
run_20260807_175821_881241,7382,246,2026-08-07T18:02:32.057,5,right,581.0,580.5,371.0,579,582,4,43,126,False,True,
run_20260807_175821_881241,7382,246,2026-08-07T18:02:32.057,6,right,603.25,602.0886699507389,371.125,600,604,5,67,203,False,True,
run_20260807_175821_881241,7382,246,2026-08-07T18:02:32.057,7,right,625.0,624.9333333333333,370.75,624,626,3,43,120,False,True,
run_20260807_175821_881241,7382,246,2026-08-07T18:02:32.057,8,right,647.0,646.8771929824561,371.0,646,648,3,43,114,False,True,
run_20260807_175821_881241,7382,246,2026-08-07T18:02:32.057,9,right,669.0,668.8130841121496,371.0,668,670,3,43,107,False,True,
run_20260807_175821_881241,7382,246,2026-08-07T18:02:32.057,10,right,691.0,690.4957983193277,371.0,689,692,4,42,119,False,True,
run_20260807_175821_881241,7382,246,2026-08-07T18:02:32.057,11,right,712.25,710.9897959183673,370.625,708,713,6,52,196,False,True,
run_20260807_175821_881241,7382,246,2026-08-07T18:02:32.057,12,right,734.0,733.5431034482758,370.75,732,735,4,42,116,False,True,
run_20260807_175821_881241,7412,247,2026-08-07T18:02:33.058,12,left,7.5,7.897196261682243,370.75,7,9,3,42,107,False,True,
run_20260807_175821_881241,7412,247,2026-08-07T18:02:33.058,11,left,29.0,30.312169312169313,370.625,28,33,6,52,189,False,True,
run_20260807_175821_881241,7412,247,2026-08-07T18:02:33.058,10,left,51.0,51.092592592592595,371.0,50,52,3,40,108,False,True,
run_20260807_175821_881241,7412,247,2026-08-07T18:02:33.058,9,left,73.0,73.08490566037736,371.0,72,74,3,39,106,False,True,
run_20260807_175821_881241,7412,247,2026-08-07T18:02:33.058,8,left,95.0,95.08411214953271,371.0,94,96,3,39,107,False,True,
run_20260807_175821_881241,7412,247,2026-08-07T18:02:33.058,7,left,116.5,116.97916666666667,370.75,116,118,3,38,96,False,True,
run_20260807_175821_881241,7412,247,2026-08-07T18:02:33.058,6,left,139.0,140.03255813953487,371.125,138,143,6,69,215,False,True,
run_20260807_175821_881241,7412,247,2026-08-07T18:02:33.058,5,left,161.0,161.17171717171718,371.0,160,162,3,39,99,False,True,
run_20260807_175821_881241,7412,247,2026-08-07T18:02:33.058,4,left,183.5,183.8041237113402,371.0,183,185,3,40,97,False,True,
run_20260807_175821_881241,7412,247,2026-08-07T18:02:33.058,3,left,206.0,206.05982905982907,371.0,205,207,3,42,117,False,True,
run_20260807_175821_881241,7412,247,2026-08-07T18:02:33.058,2,left,228.15384615384616,228.12844036697248,371.0769230769231,227,229,3,42,109,False,True,
run_20260807_175821_881241,7412,247,2026-08-07T18:02:33.058,1,left,250.0,250.60416666666666,371.0,249,252,4,68,192,False,True,
run_20260807_175821_881241,7412,247,2026-08-07T18:02:33.058,0,left,272.0,272.2551020408163,370.5,271,273,3,42,98,True,True,
run_20260807_175821_881241,7412,247,2026-08-07T18:02:33.058,0,right,469.0,468.9920634920635,370.5,468,470,3,43,126,True,True,
run_20260807_175821_881241,7412,247,2026-08-07T18:02:33.058,1,right,492.0,491.2741116751269,371.0,490,493,4,70,197,False,True,
run_20260807_175821_881241,7412,247,2026-08-07T18:02:33.058,2,right,514.0,513.875,371.0769230769231,513,515,3,42,112,False,True,
run_20260807_175821_881241,7412,247,2026-08-07T18:02:33.058,3,right,536.0,535.9586776859504,371.0,535,537,3,42,121,False,True,
run_20260807_175821_881241,7412,247,2026-08-07T18:02:33.058,4,right,558.5,558.0714285714286,371.0,557,559,3,42,112,False,True,
run_20260807_175821_881241,7412,247,2026-08-07T18:02:33.058,5,right,581.0,580.488188976378,371.0,579,582,4,43,127,False,True,
run_20260807_175821_881241,7412,247,2026-08-07T18:02:33.058,6,right,603.25,602.0940594059406,371.125,600,604,5,67,202,False,True,
run_20260807_175821_881241,7412,247,2026-08-07T18:02:33.058,7,right,625.0,624.9333333333333,370.75,624,626,3,43,120,False,True,
run_20260807_175821_881241,7412,247,2026-08-07T18:02:33.058,8,right,647.0,646.8771929824561,371.0,646,648,3,43,114,False,True,
run_20260807_175821_881241,7412,247,2026-08-07T18:02:33.058,9,right,669.0,668.8130841121496,371.0,668,670,3,43,107,False,True,
run_20260807_175821_881241,7412,247,2026-08-07T18:02:33.058,10,right,691.0,690.5,371.0,689,692,4,41,118,False,True,
run_20260807_175821_881241,7412,247,2026-08-07T18:02:33.058,11,right,712.25,710.979381443299,370.625,708,713,6,51,194,False,True,
run_20260807_175821_881241,7412,247,2026-08-07T18:02:33.058,12,right,734.0,733.5833333333334,370.75,732,735,4,42,120,False,True,
run_20260807_175821_881241,7443,248,2026-08-07T18:02:34.092,12,left,7.5,7.888888888888889,370.75,7,9,3,42,108,False,True,
run_20260807_175821_881241,7443,248,2026-08-07T18:02:34.092,11,left,29.0,30.3125,370.5769230769231,28,33,6,52,192,False,True,
run_20260807_175821_881241,7443,248,2026-08-07T18:02:34.092,10,left,51.0,51.091743119266056,371.0,50,52,3,40,109,False,True,
run_20260807_175821_881241,7443,248,2026-08-07T18:02:34.092,9,left,73.0,73.08490566037736,371.0,72,74,3,39,106,False,True,
run_20260807_175821_881241,7443,248,2026-08-07T18:02:34.092,8,left,95.0,95.08411214953271,371.0,94,96,3,39,107,False,True,
run_20260807_175821_881241,7443,248,2026-08-07T18:02:34.092,7,left,116.5,116.98969072164948,370.75,116,118,3,38,97,False,True,
run_20260807_175821_881241,7443,248,2026-08-07T18:02:34.092,6,left,139.0,140.00462962962962,371.125,138,143,6,69,216,False,True,
run_20260807_175821_881241,7443,248,2026-08-07T18:02:34.092,5,left,161.0,161.36936936936937,371.0,160,163,4,39,111,False,True,
run_20260807_175821_881241,7443,248,2026-08-07T18:02:34.092,4,left,183.5,183.82828282828282,370.9318181818182,183,185,3,40,99,False,True,
run_20260807_175821_881241,7443,248,2026-08-07T18:02:34.092,3,left,206.0,206.05982905982907,371.0,205,207,3,42,117,False,True,
run_20260807_175821_881241,7443,248,2026-08-07T18:02:34.092,2,left,228.07142857142858,228.11818181818182,371.0357142857143,227,229,3,42,110,False,True,
run_20260807_175821_881241,7443,248,2026-08-07T18:02:34.092,1,left,250.0,250.61256544502618,371.0,249,252,4,68,191,False,True,
run_20260807_175821_881241,7443,248,2026-08-07T18:02:34.092,0,left,272.0,272.2551020408163,370.5,271,273,3,42,98,True,True,
run_20260807_175821_881241,7443,248,2026-08-07T18:02:34.092,0,right,469.0,469.0,370.5,468,470,3,43,125,True,True,
run_20260807_175821_881241,7443,248,2026-08-07T18:02:34.092,1,right,492.0,491.2741116751269,371.0,490,493,4,70,197,False,True,
run_20260807_175821_881241,7443,248,2026-08-07T18:02:34.092,2,right,514.0,513.9137931034483,371.0357142857143,513,515,3,42,116,False,True,
run_20260807_175821_881241,7443,248,2026-08-07T18:02:34.092,3,right,536.0,535.9672131147541,371.0,535,537,3,42,122,False,True,
run_20260807_175821_881241,7443,248,2026-08-07T18:02:34.092,4,right,558.3636363636364,558.0252100840336,370.9318181818182,557,559,3,42,119,False,True,
run_20260807_175821_881241,7443,248,2026-08-07T18:02:34.092,5,right,581.0,580.488188976378,371.0,579,582,4,43,127,False,True,
run_20260807_175821_881241,7443,248,2026-08-07T18:02:34.092,6,right,603.25,602.0886699507389,371.125,600,604,5,67,203,False,True,
run_20260807_175821_881241,7443,248,2026-08-07T18:02:34.092,7,right,625.0,624.9333333333333,370.75,624,626,3,43,120,False,True,
run_20260807_175821_881241,7443,248,2026-08-07T18:02:34.092,8,right,647.0,646.8672566371681,371.0,646,648,3,43,113,False,True,
run_20260807_175821_881241,7443,248,2026-08-07T18:02:34.092,9,right,669.0,668.8130841121496,371.0,668,670,3,43,107,False,True,
run_20260807_175821_881241,7443,248,2026-08-07T18:02:34.092,10,right,691.0,690.5083333333333,371.0,689,692,4,42,120,False,True,
run_20260807_175821_881241,7443,248,2026-08-07T18:02:34.092,11,right,712.1538461538462,710.9948453608248,370.5769230769231,708,713,6,52,194,False,True,
run_20260807_175821_881241,7443,248,2026-08-07T18:02:34.092,12,right,734.0,733.5344827586207,370.75,732,735,4,42,116,False,True,
run_20260807_175821_881241,7474,249,2026-08-07T18:02:35.122,12,left,7.5,7.857142857142857,370.75,7,9,3,42,105,False,True,
run_20260807_175821_881241,7474,249,2026-08-07T18:02:35.122,11,left,29.0,30.3125,370.625,28,33,6,52,192,False,True,
run_20260807_175821_881241,7474,249,2026-08-07T18:02:35.122,10,left,51.0,51.091743119266056,371.0,50,52,3,40,109,False,True,
run_20260807_175821_881241,7474,249,2026-08-07T18:02:35.122,9,left,73.0,73.08490566037736,371.0,72,74,3,39,106,False,True,
run_20260807_175821_881241,7474,249,2026-08-07T18:02:35.122,8,left,95.0,95.08411214953271,371.0,94,96,3,39,107,False,True,
run_20260807_175821_881241,7474,249,2026-08-07T18:02:35.122,7,left,116.5,116.97916666666667,370.75,116,118,3,38,96,False,True,
run_20260807_175821_881241,7474,249,2026-08-07T18:02:35.122,6,left,139.0,140.03301886792454,371.125,138,143,6,68,212,False,True,
run_20260807_175821_881241,7474,249,2026-08-07T18:02:35.122,5,left,161.0,161.36936936936937,371.0,160,163,4,39,111,False,True,
run_20260807_175821_881241,7474,249,2026-08-07T18:02:35.122,4,left,183.5,183.8041237113402,370.9318181818182,183,185,3,40,97,False,True,
run_20260807_175821_881241,7474,249,2026-08-07T18:02:35.122,3,left,206.0,206.05982905982907,371.0,205,207,3,42,117,False,True,
run_20260807_175821_881241,7474,249,2026-08-07T18:02:35.122,2,left,228.15384615384616,228.14953271028037,371.0769230769231,227,229,3,42,107,False,True,
run_20260807_175821_881241,7474,249,2026-08-07T18:02:35.122,1,left,250.0,250.61256544502618,371.0,249,252,4,68,191,False,True,
run_20260807_175821_881241,7474,249,2026-08-07T18:02:35.122,0,left,272.0,272.2551020408163,370.5,271,273,3,42,98,True,True,
run_20260807_175821_881241,7474,249,2026-08-07T18:02:35.122,0,right,469.0,468.9920634920635,370.5,468,470,3,43,126,True,True,
run_20260807_175821_881241,7474,249,2026-08-07T18:02:35.122,1,right,492.0,491.2676767676768,371.0,490,493,4,70,198,False,True,
run_20260807_175821_881241,7474,249,2026-08-07T18:02:35.122,2,right,514.0,513.9137931034483,371.0769230769231,513,515,3,42,116,False,True,
run_20260807_175821_881241,7474,249,2026-08-07T18:02:35.122,3,right,536.0,535.9672131147541,371.0,535,537,3,42,122,False,True,
run_20260807_175821_881241,7474,249,2026-08-07T18:02:35.122,4,right,558.3636363636364,558.0252100840336,370.9318181818182,557,559,3,42,119,False,True,
run_20260807_175821_881241,7474,249,2026-08-07T18:02:35.122,5,right,581.0,580.5,371.0,579,582,4,43,126,False,True,
run_20260807_175821_881241,7474,249,2026-08-07T18:02:35.122,6,right,603.25,602.0845771144278,371.125,600,604,5,67,201,False,True,
run_20260807_175821_881241,7474,249,2026-08-07T18:02:35.122,7,right,625.0,624.9333333333333,370.75,624,626,3,43,120,False,True,
run_20260807_175821_881241,7474,249,2026-08-07T18:02:35.122,8,right,647.0,646.8672566371681,371.0,646,648,3,43,113,False,True,
run_20260807_175821_881241,7474,249,2026-08-07T18:02:35.122,9,right,669.0,668.7904761904762,371.0,668,670,3,43,105,False,True,
run_20260807_175821_881241,7474,249,2026-08-07T18:02:35.122,10,right,691.0,690.4957983193277,371.0,689,692,4,42,119,False,True,
run_20260807_175821_881241,7474,249,2026-08-07T18:02:35.122,11,right,712.25,710.979274611399,370.625,708,713,6,51,193,False,True,
run_20260807_175821_881241,7474,249,2026-08-07T18:02:35.122,12,right,734.0,733.5344827586207,370.75,732,735,4,42,116,False,True,
run_20260807_175821_881241,7504,250,2026-08-07T18:02:36.124,12,left,7.5,7.888888888888889,370.75,7,9,3,42,108,False,True,
run_20260807_175821_881241,7504,250,2026-08-07T18:02:36.124,11,left,29.0,30.321243523316063,370.6818181818182,28,33,6,52,193,False,True,
run_20260807_175821_881241,7504,250,2026-08-07T18:02:36.124,10,left,51.0,51.091743119266056,371.0,50,52,3,40,109,False,True,
run_20260807_175821_881241,7504,250,2026-08-07T18:02:36.124,9,left,73.0,73.08490566037736,371.0,72,74,3,39,106,False,True,
run_20260807_175821_881241,7504,250,2026-08-07T18:02:36.124,8,left,95.0,95.08411214953271,371.0,94,96,3,39,107,False,True,
run_20260807_175821_881241,7504,250,2026-08-07T18:02:36.124,7,left,116.5,116.95744680851064,370.75,116,118,3,38,94,False,True,
run_20260807_175821_881241,7504,250,2026-08-07T18:02:36.124,6,left,139.0,139.99537037037038,371.125,138,143,6,68,216,False,True,
run_20260807_175821_881241,7504,250,2026-08-07T18:02:36.124,5,left,161.0,161.17171717171718,371.0,160,162,3,39,99,False,True,
run_20260807_175821_881241,7504,250,2026-08-07T18:02:36.124,4,left,183.5,183.8041237113402,371.0,183,185,3,40,97,False,True,
run_20260807_175821_881241,7504,250,2026-08-07T18:02:36.124,3,left,206.0,206.05982905982907,371.0,205,207,3,42,117,False,True,
run_20260807_175821_881241,7504,250,2026-08-07T18:02:36.124,2,left,228.15384615384616,228.14953271028037,371.0769230769231,227,229,3,42,107,False,True,
run_20260807_175821_881241,7504,250,2026-08-07T18:02:36.124,1,left,250.0,250.58762886597938,371.0,249,252,4,68,194,False,True,
run_20260807_175821_881241,7504,250,2026-08-07T18:02:36.124,0,left,272.0,272.24,370.5,271,273,3,42,100,True,True,
run_20260807_175821_881241,7504,250,2026-08-07T18:02:36.124,0,right,469.0,468.9920634920635,370.5,468,470,3,43,126,True,True,
run_20260807_175821_881241,7504,250,2026-08-07T18:02:36.124,1,right,492.0,491.2741116751269,371.0,490,493,4,70,197,False,True,
run_20260807_175821_881241,7504,250,2026-08-07T18:02:36.124,2,right,514.0,513.875,371.0769230769231,513,515,3,42,112,False,True,
run_20260807_175821_881241,7504,250,2026-08-07T18:02:36.124,3,right,536.0,535.9586776859504,371.0,535,537,3,42,121,False,True,
run_20260807_175821_881241,7504,250,2026-08-07T18:02:36.124,4,right,558.5,558.0338983050848,371.0,557,559,3,42,118,False,True,
run_20260807_175821_881241,7504,250,2026-08-07T18:02:36.124,5,right,581.0,580.488188976378,371.0,579,582,4,43,127,False,True,
run_20260807_175821_881241,7504,250,2026-08-07T18:02:36.124,6,right,603.25,602.0886699507389,371.125,600,604,5,67,203,False,True,
run_20260807_175821_881241,7504,250,2026-08-07T18:02:36.124,7,right,625.0,624.9333333333333,370.75,624,626,3,43,120,False,True,
run_20260807_175821_881241,7504,250,2026-08-07T18:02:36.124,8,right,647.0,646.8672566371681,371.0,646,648,3,43,113,False,True,
run_20260807_175821_881241,7504,250,2026-08-07T18:02:36.124,9,right,669.0,668.8018867924528,371.0,668,670,3,43,106,False,True,
run_20260807_175821_881241,7504,250,2026-08-07T18:02:36.124,10,right,691.0,690.4957983193277,371.0,689,692,4,42,119,False,True,
run_20260807_175821_881241,7504,250,2026-08-07T18:02:36.124,11,right,712.3636363636364,710.979274611399,370.6818181818182,708,713,6,50,193,False,True,
run_20260807_175821_881241,7504,250,2026-08-07T18:02:36.124,12,right,734.0,733.5593220338983,370.75,732,735,4,42,118,False,True,
run_20260807_175821_881241,7534,251,2026-08-07T18:02:37.126,12,left,7.5,7.888888888888889,370.75,7,9,3,42,108,False,True,
run_20260807_175821_881241,7534,251,2026-08-07T18:02:37.126,11,left,29.0,30.322916666666668,370.5769230769231,28,33,6,53,192,False,True,
run_20260807_175821_881241,7534,251,2026-08-07T18:02:37.126,10,left,51.0,51.091743119266056,371.0,50,52,3,40,109,False,True,
run_20260807_175821_881241,7534,251,2026-08-07T18:02:37.126,9,left,73.0,73.08490566037736,371.0,72,74,3,39,106,False,True,
run_20260807_175821_881241,7534,251,2026-08-07T18:02:37.126,8,left,95.0,95.08411214953271,371.0,94,96,3,39,107,False,True,
run_20260807_175821_881241,7534,251,2026-08-07T18:02:37.126,7,left,116.5,117.0,370.75,116,118,3,38,98,False,True,
run_20260807_175821_881241,7534,251,2026-08-07T18:02:37.126,6,left,139.0,140.00462962962962,371.125,138,143,6,69,216,False,True,
run_20260807_175821_881241,7534,251,2026-08-07T18:02:37.126,5,left,161.0,161.17171717171718,371.0,160,162,3,39,99,False,True,
run_20260807_175821_881241,7534,251,2026-08-07T18:02:37.126,4,left,183.5,183.8,370.9318181818182,183,185,3,40,95,False,True,
run_20260807_175821_881241,7534,251,2026-08-07T18:02:37.126,3,left,206.0,206.05982905982907,371.0,205,207,3,42,117,False,True,
run_20260807_175821_881241,7534,251,2026-08-07T18:02:37.126,2,left,228.07142857142858,228.12844036697248,371.0357142857143,227,229,3,42,109,False,True,
run_20260807_175821_881241,7534,251,2026-08-07T18:02:37.126,1,left,250.0,250.60526315789474,371.0,249,252,4,68,190,False,True,
run_20260807_175821_881241,7534,251,2026-08-07T18:02:37.126,0,left,272.0,272.2178217821782,370.5,271,273,3,42,101,True,True,
run_20260807_175821_881241,7534,251,2026-08-07T18:02:37.126,0,right,469.0,468.9920634920635,370.5,468,470,3,43,126,True,True,
run_20260807_175821_881241,7534,251,2026-08-07T18:02:37.126,1,right,492.0,491.2741116751269,371.0,490,493,4,70,197,False,True,
run_20260807_175821_881241,7534,251,2026-08-07T18:02:37.126,2,right,514.0,513.8849557522124,371.0357142857143,513,515,3,42,113,False,True,
run_20260807_175821_881241,7534,251,2026-08-07T18:02:37.126,3,right,536.0,535.9672131147541,371.0,535,537,3,42,122,False,True,
run_20260807_175821_881241,7534,251,2026-08-07T18:02:37.126,4,right,558.3636363636364,558.0169491525423,370.9318181818182,557,559,3,42,118,False,True,
run_20260807_175821_881241,7534,251,2026-08-07T18:02:37.126,5,right,581.0,580.5,371.0,579,582,4,43,126,False,True,
run_20260807_175821_881241,7534,251,2026-08-07T18:02:37.126,6,right,603.25,602.0891089108911,371.125,600,604,5,66,202,False,True,
run_20260807_175821_881241,7534,251,2026-08-07T18:02:37.126,7,right,625.0,624.9333333333333,370.75,624,626,3,43,120,False,True,
run_20260807_175821_881241,7534,251,2026-08-07T18:02:37.126,8,right,647.0,646.8771929824561,371.0,646,648,3,43,114,False,True,
run_20260807_175821_881241,7534,251,2026-08-07T18:02:37.126,9,right,669.0,668.7904761904762,371.0,668,670,3,43,105,False,True,
run_20260807_175821_881241,7534,251,2026-08-07T18:02:37.126,10,right,691.0,690.5,371.0,689,692,4,41,118,False,True,
run_20260807_175821_881241,7534,251,2026-08-07T18:02:37.126,11,right,712.1538461538462,711.0,370.5769230769231,708,713,6,52,197,False,True,
run_20260807_175821_881241,7534,251,2026-08-07T18:02:37.126,12,right,734.0,733.5172413793103,370.75,732,735,4,42,116,False,True,
run_20260807_175821_881241,7564,252,2026-08-07T18:02:38.127,12,left,7.5,7.857142857142857,370.75,7,9,3,42,105,False,True,
run_20260807_175821_881241,7564,252,2026-08-07T18:02:38.127,11,left,29.0,30.322916666666668,370.5,28,33,6,53,192,False,True,
run_20260807_175821_881241,7564,252,2026-08-07T18:02:38.127,10,left,51.0,51.091743119266056,371.0,50,52,3,40,109,False,True,
run_20260807_175821_881241,7564,252,2026-08-07T18:02:38.127,9,left,73.0,73.08490566037736,371.0,72,74,3,39,106,False,True,
run_20260807_175821_881241,7564,252,2026-08-07T18:02:38.127,8,left,95.0,95.08411214953271,371.0,94,96,3,39,107,False,True,
run_20260807_175821_881241,7564,252,2026-08-07T18:02:38.127,7,left,116.5,116.98969072164948,370.75,116,118,3,38,97,False,True,
run_20260807_175821_881241,7564,252,2026-08-07T18:02:38.127,6,left,139.0,140.02347417840375,371.125,138,143,6,68,213,False,True,
run_20260807_175821_881241,7564,252,2026-08-07T18:02:38.127,5,left,161.0,161.36936936936937,371.0,160,163,4,39,111,False,True,
run_20260807_175821_881241,7564,252,2026-08-07T18:02:38.127,4,left,183.5,183.8041237113402,370.9318181818182,183,185,3,40,97,False,True,
run_20260807_175821_881241,7564,252,2026-08-07T18:02:38.127,3,left,206.0,206.05982905982907,371.0,205,207,3,42,117,False,True,
run_20260807_175821_881241,7564,252,2026-08-07T18:02:38.127,2,left,228.07142857142858,228.12844036697248,371.0357142857143,227,229,3,42,109,False,True,
run_20260807_175821_881241,7564,252,2026-08-07T18:02:38.127,1,left,250.0,250.60526315789474,371.0,249,252,4,68,190,False,True,
run_20260807_175821_881241,7564,252,2026-08-07T18:02:38.127,0,left,272.0,272.25252525252523,370.5,271,273,3,42,99,True,True,
run_20260807_175821_881241,7564,252,2026-08-07T18:02:38.127,0,right,469.0,469.008064516129,370.5,468,470,3,43,124,True,True,
run_20260807_175821_881241,7564,252,2026-08-07T18:02:38.127,1,right,492.0,491.2741116751269,371.0,490,493,4,70,197,False,True,
run_20260807_175821_881241,7564,252,2026-08-07T18:02:38.127,2,right,514.0,513.9043478260869,371.0357142857143,513,515,3,42,115,False,True,
run_20260807_175821_881241,7564,252,2026-08-07T18:02:38.127,3,right,536.0,535.9586776859504,371.0,535,537,3,42,121,False,True,
run_20260807_175821_881241,7564,252,2026-08-07T18:02:38.127,4,right,558.3636363636364,558.0338983050848,370.9318181818182,557,559,3,42,118,False,True,
run_20260807_175821_881241,7564,252,2026-08-07T18:02:38.127,5,right,581.0,580.488188976378,371.0,579,582,4,43,127,False,True,
run_20260807_175821_881241,7564,252,2026-08-07T18:02:38.127,6,right,603.25,602.0940594059406,371.125,600,604,5,67,202,False,True,
run_20260807_175821_881241,7564,252,2026-08-07T18:02:38.127,7,right,625.0,624.9333333333333,370.75,624,626,3,43,120,False,True,
run_20260807_175821_881241,7564,252,2026-08-07T18:02:38.127,8,right,647.0,646.8672566371681,371.0,646,648,3,43,113,False,True,
run_20260807_175821_881241,7564,252,2026-08-07T18:02:38.127,9,right,669.0,668.7904761904762,371.0,668,670,3,43,105,False,True,
run_20260807_175821_881241,7564,252,2026-08-07T18:02:38.127,10,right,691.0,690.4957983193277,371.0,689,692,4,42,119,False,True,
run_20260807_175821_881241,7564,252,2026-08-07T18:02:38.127,11,right,712.0,710.9795918367347,370.5,708,713,6,54,196,False,True,
run_20260807_175821_881241,7564,252,2026-08-07T18:02:38.127,12,right,734.0,733.5714285714286,370.75,732,735,4,42,119,False,True,
run_20260807_175821_881241,7595,253,2026-08-07T18:02:39.155,12,left,7.5,7.897196261682243,370.75,7,9,3,42,107,False,True,
run_20260807_175821_881241,7595,253,2026-08-07T18:02:39.155,11,left,29.0,30.310526315789474,370.625,28,33,6,52,190,False,True,
run_20260807_175821_881241,7595,253,2026-08-07T18:02:39.155,10,left,51.0,51.092592592592595,371.0,50,52,3,40,108,False,True,
run_20260807_175821_881241,7595,253,2026-08-07T18:02:39.155,9,left,73.0,73.0952380952381,371.0,72,74,3,39,105,False,True,
run_20260807_175821_881241,7595,253,2026-08-07T18:02:39.155,8,left,95.0,95.08411214953271,371.0,94,96,3,39,107,False,True,
run_20260807_175821_881241,7595,253,2026-08-07T18:02:39.155,7,left,116.5,116.97916666666667,370.75,116,118,3,38,96,False,True,
run_20260807_175821_881241,7595,253,2026-08-07T18:02:39.155,6,left,139.0,140.01382488479263,371.125,138,143,6,69,217,False,True,
run_20260807_175821_881241,7595,253,2026-08-07T18:02:39.155,5,left,161.0,161.36936936936937,371.0,160,163,4,39,111,False,True,
run_20260807_175821_881241,7595,253,2026-08-07T18:02:39.155,4,left,183.5,183.82474226804123,370.9318181818182,183,185,3,40,97,False,True,
run_20260807_175821_881241,7595,253,2026-08-07T18:02:39.155,3,left,206.0,206.05982905982907,371.0,205,207,3,42,117,False,True,
run_20260807_175821_881241,7595,253,2026-08-07T18:02:39.155,2,left,228.07142857142858,228.12844036697248,371.0357142857143,227,229,3,42,109,False,True,
run_20260807_175821_881241,7595,253,2026-08-07T18:02:39.155,1,left,250.0,250.61256544502618,371.0,249,252,4,68,191,False,True,
run_20260807_175821_881241,7595,253,2026-08-07T18:02:39.155,0,left,272.0,272.25252525252523,370.5,271,273,3,42,99,True,True,
run_20260807_175821_881241,7595,253,2026-08-07T18:02:39.155,0,right,469.0,469.0330578512397,370.5,468,470,3,43,121,True,True,
run_20260807_175821_881241,7595,253,2026-08-07T18:02:39.155,1,right,492.0,491.2741116751269,371.0,490,493,4,70,197,False,True,
run_20260807_175821_881241,7595,253,2026-08-07T18:02:39.155,2,right,514.0,513.875,371.0357142857143,513,515,3,42,112,False,True,
run_20260807_175821_881241,7595,253,2026-08-07T18:02:39.155,3,right,536.0,535.9586776859504,371.0,535,537,3,42,121,False,True,
run_20260807_175821_881241,7595,253,2026-08-07T18:02:39.155,4,right,558.3636363636364,558.025641025641,370.9318181818182,557,559,3,42,117,False,True,
run_20260807_175821_881241,7595,253,2026-08-07T18:02:39.155,5,right,581.0,580.5,371.0,579,582,4,43,126,False,True,
run_20260807_175821_881241,7595,253,2026-08-07T18:02:39.155,6,right,603.25,602.0940594059406,371.125,600,604,5,67,202,False,True,
run_20260807_175821_881241,7595,253,2026-08-07T18:02:39.155,7,right,625.0,624.9059829059829,370.75,624,626,3,43,117,False,True,
run_20260807_175821_881241,7595,253,2026-08-07T18:02:39.155,8,right,647.0,646.8771929824561,371.0,646,648,3,43,114,False,True,
run_20260807_175821_881241,7595,253,2026-08-07T18:02:39.155,9,right,669.0,668.7788461538462,371.0,668,670,3,43,104,False,True,
run_20260807_175821_881241,7595,253,2026-08-07T18:02:39.155,10,right,691.0,690.4833333333333,371.0,689,692,4,42,120,False,True,
run_20260807_175821_881241,7595,253,2026-08-07T18:02:39.155,11,right,712.25,710.9897435897436,370.625,708,713,6,51,195,False,True,
run_20260807_175821_881241,7595,253,2026-08-07T18:02:39.155,12,right,734.0,733.5172413793103,370.75,732,735,4,42,116,False,True,
run_20260807_175821_881241,7625,254,2026-08-07T18:02:40.160,12,left,7.5,7.878504672897196,370.75,7,9,3,42,107,False,True,
run_20260807_175821_881241,7625,254,2026-08-07T18:02:40.160,11,left,29.0,30.321052631578947,370.5769230769231,28,33,6,52,190,False,True,
run_20260807_175821_881241,7625,254,2026-08-07T18:02:40.160,10,left,51.0,51.091743119266056,371.0,50,52,3,40,109,False,True,
run_20260807_175821_881241,7625,254,2026-08-07T18:02:40.160,9,left,73.0,73.08490566037736,371.0,72,74,3,39,106,False,True,
run_20260807_175821_881241,7625,254,2026-08-07T18:02:40.160,8,left,95.0,95.08411214953271,371.0,94,96,3,39,107,False,True,
run_20260807_175821_881241,7625,254,2026-08-07T18:02:40.160,7,left,116.5,116.97916666666667,370.75,116,118,3,38,96,False,True,
run_20260807_175821_881241,7625,254,2026-08-07T18:02:40.160,6,left,139.0,140.01382488479263,371.125,138,143,6,69,217,False,True,
run_20260807_175821_881241,7625,254,2026-08-07T18:02:40.160,5,left,161.0,161.17171717171718,371.0,160,162,3,39,99,False,True,
run_20260807_175821_881241,7625,254,2026-08-07T18:02:40.160,4,left,183.5,183.8125,370.9318181818182,183,185,3,40,96,False,True,
run_20260807_175821_881241,7625,254,2026-08-07T18:02:40.160,3,left,206.0,206.05982905982907,371.0,205,207,3,42,117,False,True,
run_20260807_175821_881241,7625,254,2026-08-07T18:02:40.160,2,left,228.15384615384616,228.13888888888889,371.0769230769231,227,229,3,42,108,False,True,
run_20260807_175821_881241,7625,254,2026-08-07T18:02:40.160,1,left,250.0,250.63101604278074,371.0,249,252,4,68,187,False,True,
run_20260807_175821_881241,7625,254,2026-08-07T18:02:40.160,0,left,272.0,272.20588235294116,370.5,271,273,3,42,102,True,True,
run_20260807_175821_881241,7625,254,2026-08-07T18:02:40.160,0,right,469.0,469.0,370.5,468,470,3,43,125,True,True,
run_20260807_175821_881241,7625,254,2026-08-07T18:02:40.160,1,right,492.0,491.2741116751269,371.0,490,493,4,70,197,False,True,
run_20260807_175821_881241,7625,254,2026-08-07T18:02:40.160,2,right,514.0,513.875,371.0769230769231,513,515,3,42,112,False,True,
run_20260807_175821_881241,7625,254,2026-08-07T18:02:40.160,3,right,536.0,535.9586776859504,371.0,535,537,3,42,121,False,True,
run_20260807_175821_881241,7625,254,2026-08-07T18:02:40.160,4,right,558.3636363636364,558.042735042735,370.9318181818182,557,559,3,42,117,False,True,
run_20260807_175821_881241,7625,254,2026-08-07T18:02:40.160,5,right,581.0,580.5,371.0,579,582,4,43,126,False,True,
run_20260807_175821_881241,7625,254,2026-08-07T18:02:40.160,6,right,603.25,602.0935960591133,371.125,600,604,5,68,203,False,True,
run_20260807_175821_881241,7625,254,2026-08-07T18:02:40.160,7,right,625.0,624.9333333333333,370.75,624,626,3,43,120,False,True,
run_20260807_175821_881241,7625,254,2026-08-07T18:02:40.160,8,right,647.0,646.8771929824561,371.0,646,648,3,43,114,False,True,
run_20260807_175821_881241,7625,254,2026-08-07T18:02:40.160,9,right,669.0,668.6186440677966,371.0,667,670,4,43,118,False,True,
run_20260807_175821_881241,7625,254,2026-08-07T18:02:40.160,10,right,691.0,690.4957983193277,371.0,689,692,4,42,119,False,True,
run_20260807_175821_881241,7625,254,2026-08-07T18:02:40.160,11,right,712.1538461538462,710.9740932642487,370.5769230769231,708,713,6,51,193,False,True,
run_20260807_175821_881241,7625,254,2026-08-07T18:02:40.160,12,right,734.0,733.5702479338843,370.75,732,735,4,42,121,False,True,
run_20260807_175821_881241,7656,255,2026-08-07T18:02:41.193,12,left,7.5,7.888888888888889,370.75,7,9,3,42,108,False,True,
run_20260807_175821_881241,7656,255,2026-08-07T18:02:41.193,11,left,29.0,30.308900523560208,370.5,28,33,6,52,191,False,True,
run_20260807_175821_881241,7656,255,2026-08-07T18:02:41.193,10,left,51.0,51.091743119266056,371.0,50,52,3,40,109,False,True,
run_20260807_175821_881241,7656,255,2026-08-07T18:02:41.193,9,left,73.0,73.08490566037736,371.0,72,74,3,39,106,False,True,
run_20260807_175821_881241,7656,255,2026-08-07T18:02:41.193,8,left,95.0,95.08411214953271,371.0,94,96,3,39,107,False,True,
run_20260807_175821_881241,7656,255,2026-08-07T18:02:41.193,7,left,116.5,116.98969072164948,370.75,116,118,3,38,97,False,True,
run_20260807_175821_881241,7656,255,2026-08-07T18:02:41.193,6,left,139.0,140.01382488479263,371.125,138,143,6,69,217,False,True,
run_20260807_175821_881241,7656,255,2026-08-07T18:02:41.193,5,left,161.0,161.38392857142858,371.0,160,163,4,39,112,False,True,
run_20260807_175821_881241,7656,255,2026-08-07T18:02:41.193,4,left,183.5,183.8041237113402,370.9318181818182,183,185,3,40,97,False,True,
run_20260807_175821_881241,7656,255,2026-08-07T18:02:41.193,3,left,206.0,206.05982905982907,371.0,205,207,3,42,117,False,True,
run_20260807_175821_881241,7656,255,2026-08-07T18:02:41.193,2,left,228.15384615384616,228.13888888888889,371.0769230769231,227,229,3,42,108,False,True,
run_20260807_175821_881241,7656,255,2026-08-07T18:02:41.193,1,left,250.0,250.62566844919786,371.0,249,252,4,68,187,False,True,
run_20260807_175821_881241,7656,255,2026-08-07T18:02:41.193,0,left,272.0,272.2551020408163,370.5,271,273,3,42,98,True,True,
run_20260807_175821_881241,7656,255,2026-08-07T18:02:41.193,0,right,469.0,469.0,370.5,468,470,3,43,125,True,True,
run_20260807_175821_881241,7656,255,2026-08-07T18:02:41.193,1,right,492.0,491.2676767676768,371.0,490,493,4,70,198,False,True,
run_20260807_175821_881241,7656,255,2026-08-07T18:02:41.193,2,right,514.0,513.875,371.0769230769231,513,515,3,42,112,False,True,
run_20260807_175821_881241,7656,255,2026-08-07T18:02:41.193,3,right,536.0,535.9586776859504,371.0,535,537,3,42,121,False,True,
run_20260807_175821_881241,7656,255,2026-08-07T18:02:41.193,4,right,558.3636363636364,558.0252100840336,370.9318181818182,557,559,3,42,119,False,True,
run_20260807_175821_881241,7656,255,2026-08-07T18:02:41.193,5,right,581.0,580.5,371.0,579,582,4,43,126,False,True,
run_20260807_175821_881241,7656,255,2026-08-07T18:02:41.193,6,right,603.25,602.0940594059406,371.125,600,604,5,67,202,False,True,
run_20260807_175821_881241,7656,255,2026-08-07T18:02:41.193,7,right,625.0,624.9421487603306,370.75,624,626,3,43,121,False,True,
run_20260807_175821_881241,7656,255,2026-08-07T18:02:41.193,8,right,647.0,646.8672566371681,371.0,646,648,3,43,113,False,True,
run_20260807_175821_881241,7656,255,2026-08-07T18:02:41.193,9,right,669.0,668.8018867924528,371.0,668,670,3,43,106,False,True,
run_20260807_175821_881241,7656,255,2026-08-07T18:02:41.193,10,right,691.0,690.5,371.0,689,692,4,41,118,False,True,
run_20260807_175821_881241,7656,255,2026-08-07T18:02:41.193,11,right,712.0,710.989847715736,370.5,708,713,6,53,197,False,True,
run_20260807_175821_881241,7656,255,2026-08-07T18:02:41.193,12,right,734.0,733.5546218487395,370.75,732,735,4,42,119,False,True,
run_20260807_175821_881241,7686,256,2026-08-07T18:02:42.193,12,left,7.5,7.897196261682243,370.75,7,9,3,42,107,False,True,
run_20260807_175821_881241,7686,256,2026-08-07T18:02:42.193,11,left,29.0,30.310880829015545,370.5,28,33,6,53,193,False,True,
run_20260807_175821_881241,7686,256,2026-08-07T18:02:42.193,10,left,51.0,51.08181818181818,371.0,50,52,3,40,110,False,True,
run_20260807_175821_881241,7686,256,2026-08-07T18:02:42.193,9,left,73.0,73.08490566037736,371.0,72,74,3,39,106,False,True,
run_20260807_175821_881241,7686,256,2026-08-07T18:02:42.193,8,left,95.0,95.08411214953271,371.0,94,96,3,39,107,False,True,
run_20260807_175821_881241,7686,256,2026-08-07T18:02:42.193,7,left,116.5,116.97916666666667,370.75,116,118,3,38,96,False,True,
run_20260807_175821_881241,7686,256,2026-08-07T18:02:42.193,6,left,139.0,140.00460829493088,371.125,138,143,6,68,217,False,True,
run_20260807_175821_881241,7686,256,2026-08-07T18:02:42.193,5,left,161.0,161.38392857142858,371.0,160,163,4,39,112,False,True,
run_20260807_175821_881241,7686,256,2026-08-07T18:02:42.193,4,left,183.5,183.82828282828282,370.9318181818182,183,185,3,40,99,False,True,
run_20260807_175821_881241,7686,256,2026-08-07T18:02:42.193,3,left,206.0,206.05982905982907,371.0,205,207,3,42,117,False,True,
run_20260807_175821_881241,7686,256,2026-08-07T18:02:42.193,2,left,228.15384615384616,228.12844036697248,371.0769230769231,227,229,3,42,109,False,True,
run_20260807_175821_881241,7686,256,2026-08-07T18:02:42.193,1,left,250.0,250.57291666666666,371.0,249,252,4,68,192,False,True,
run_20260807_175821_881241,7686,256,2026-08-07T18:02:42.193,0,left,272.0,272.2551020408163,370.5,271,273,3,42,98,True,True,
run_20260807_175821_881241,7686,256,2026-08-07T18:02:42.193,0,right,469.0,468.9920634920635,370.5,468,470,3,43,126,True,True,
run_20260807_175821_881241,7686,256,2026-08-07T18:02:42.193,1,right,492.0,491.2676767676768,371.0,490,493,4,70,198,False,True,
run_20260807_175821_881241,7686,256,2026-08-07T18:02:42.193,2,right,514.0,513.875,371.0769230769231,513,515,3,42,112,False,True,
run_20260807_175821_881241,7686,256,2026-08-07T18:02:42.193,3,right,536.0,535.9586776859504,371.0,535,537,3,42,121,False,True,
run_20260807_175821_881241,7686,256,2026-08-07T18:02:42.193,4,right,558.3636363636364,558.0338983050848,370.9318181818182,557,559,3,42,118,False,True,
run_20260807_175821_881241,7686,256,2026-08-07T18:02:42.193,5,right,581.0,580.488188976378,371.0,579,582,4,43,127,False,True,
run_20260807_175821_881241,7686,256,2026-08-07T18:02:42.193,6,right,603.25,602.0886699507389,371.125,600,604,5,67,203,False,True,
run_20260807_175821_881241,7686,256,2026-08-07T18:02:42.193,7,right,625.0,624.9333333333333,370.75,624,626,3,43,120,False,True,
run_20260807_175821_881241,7686,256,2026-08-07T18:02:42.193,8,right,647.0,646.8672566371681,371.0,646,648,3,43,113,False,True,
run_20260807_175821_881241,7686,256,2026-08-07T18:02:42.193,9,right,669.0,668.7904761904762,371.0,668,670,3,43,105,False,True,
run_20260807_175821_881241,7686,256,2026-08-07T18:02:42.193,10,right,691.0,690.4957983193277,371.0,689,692,4,42,119,False,True,
run_20260807_175821_881241,7686,256,2026-08-07T18:02:42.193,11,right,712.0,710.9948979591836,370.5,708,713,6,54,196,False,True,
run_20260807_175821_881241,7686,256,2026-08-07T18:02:42.193,12,right,734.0,733.5583333333333,370.75,732,735,4,42,120,False,True,
run_20260807_175821_881241,7716,257,2026-08-07T18:02:43.194,12,left,7.5,7.907407407407407,370.75,7,9,3,42,108,False,True,
run_20260807_175821_881241,7716,257,2026-08-07T18:02:43.194,11,left,29.0,30.335051546391753,370.5357142857143,28,33,6,52,194,False,True,
run_20260807_175821_881241,7716,257,2026-08-07T18:02:43.194,10,left,51.0,51.092592592592595,371.0,50,52,3,40,108,False,True,
run_20260807_175821_881241,7716,257,2026-08-07T18:02:43.194,9,left,73.0,73.08490566037736,371.0,72,74,3,39,106,False,True,
run_20260807_175821_881241,7716,257,2026-08-07T18:02:43.194,8,left,95.0,95.08411214953271,371.0,94,96,3,39,107,False,True,
run_20260807_175821_881241,7716,257,2026-08-07T18:02:43.194,7,left,116.5,116.96842105263158,370.75,116,118,3,38,95,False,True,
run_20260807_175821_881241,7716,257,2026-08-07T18:02:43.194,6,left,139.0,140.00460829493088,371.125,138,143,6,68,217,False,True,
run_20260807_175821_881241,7716,257,2026-08-07T18:02:43.194,5,left,161.0,161.38392857142858,371.0,160,163,4,39,112,False,True,
run_20260807_175821_881241,7716,257,2026-08-07T18:02:43.194,4,left,183.5,183.82828282828282,370.9318181818182,183,185,3,40,99,False,True,
run_20260807_175821_881241,7716,257,2026-08-07T18:02:43.194,3,left,206.0,206.05982905982907,371.0,205,207,3,42,117,False,True,
run_20260807_175821_881241,7716,257,2026-08-07T18:02:43.194,2,left,228.07142857142858,228.11818181818182,371.0357142857143,227,229,3,42,110,False,True,
run_20260807_175821_881241,7716,257,2026-08-07T18:02:43.194,1,left,250.0,250.60106382978722,371.0,249,252,4,68,188,False,True,
run_20260807_175821_881241,7716,257,2026-08-07T18:02:43.194,0,left,272.0,272.29473684210524,370.5769230769231,271,273,3,42,95,True,True,
run_20260807_175821_881241,7716,257,2026-08-07T18:02:43.194,0,right,469.15384615384613,469.0162601626016,370.5769230769231,468,470,3,43,123,True,True,
run_20260807_175821_881241,7716,257,2026-08-07T18:02:43.194,1,right,492.0,491.255,371.0,490,493,4,70,200,False,True,
run_20260807_175821_881241,7716,257,2026-08-07T18:02:43.194,2,right,514.0,513.9043478260869,371.0357142857143,513,515,3,42,115,False,True,
run_20260807_175821_881241,7716,257,2026-08-07T18:02:43.194,3,right,536.0,535.9672131147541,371.0,535,537,3,42,122,False,True,
run_20260807_175821_881241,7716,257,2026-08-07T18:02:43.194,4,right,558.3636363636364,558.0252100840336,370.9318181818182,557,559,3,42,119,False,True,
run_20260807_175821_881241,7716,257,2026-08-07T18:02:43.194,5,right,581.0,580.5,371.0,579,582,4,43,126,False,True,
run_20260807_175821_881241,7716,257,2026-08-07T18:02:43.194,6,right,603.25,602.0886699507389,371.125,600,604,5,67,203,False,True,
run_20260807_175821_881241,7716,257,2026-08-07T18:02:43.194,7,right,625.0,624.9421487603306,370.75,624,626,3,43,121,False,True,
run_20260807_175821_881241,7716,257,2026-08-07T18:02:43.194,8,right,647.0,646.8672566371681,371.0,646,648,3,43,113,False,True,
run_20260807_175821_881241,7716,257,2026-08-07T18:02:43.194,9,right,669.0,668.8018867924528,371.0,668,670,3,43,106,False,True,
run_20260807_175821_881241,7716,257,2026-08-07T18:02:43.194,10,right,691.0,690.5083333333333,371.0,689,692,4,42,120,False,True,
run_20260807_175821_881241,7716,257,2026-08-07T18:02:43.194,11,right,712.0714285714286,710.9897959183673,370.5357142857143,708,713,6,52,196,False,True,
run_20260807_175821_881241,7716,257,2026-08-07T18:02:43.194,12,right,734.0,733.5714285714286,370.75,732,735,4,42,119,False,True,
run_20260807_175821_881241,7747,258,2026-08-07T18:02:44.222,12,left,7.5,7.867924528301887,370.75,7,9,3,42,106,False,True,
run_20260807_175821_881241,7747,258,2026-08-07T18:02:44.222,11,left,29.0,30.3125,370.5357142857143,28,33,6,52,192,False,True,
run_20260807_175821_881241,7747,258,2026-08-07T18:02:44.222,10,left,51.0,51.091743119266056,371.0,50,52,3,40,109,False,True,
run_20260807_175821_881241,7747,258,2026-08-07T18:02:44.222,9,left,73.0,73.08490566037736,371.0,72,74,3,39,106,False,True,
run_20260807_175821_881241,7747,258,2026-08-07T18:02:44.222,8,left,95.0,95.08411214953271,371.0,94,96,3,39,107,False,True,
run_20260807_175821_881241,7747,258,2026-08-07T18:02:44.222,7,left,116.5,116.98969072164948,370.75,116,118,3,38,97,False,True,
run_20260807_175821_881241,7747,258,2026-08-07T18:02:44.222,6,left,139.0,140.01382488479263,371.125,138,143,6,69,217,False,True,
run_20260807_175821_881241,7747,258,2026-08-07T18:02:44.222,5,left,161.0,161.38392857142858,371.0,160,163,4,39,112,False,True,
run_20260807_175821_881241,7747,258,2026-08-07T18:02:44.222,4,left,183.5,183.81632653061226,370.9318181818182,183,185,3,40,98,False,True,
run_20260807_175821_881241,7747,258,2026-08-07T18:02:44.222,3,left,206.0,206.05982905982907,371.0,205,207,3,42,117,False,True,
run_20260807_175821_881241,7747,258,2026-08-07T18:02:44.222,2,left,228.15384615384616,228.12844036697248,371.0769230769231,227,229,3,42,109,False,True,
run_20260807_175821_881241,7747,258,2026-08-07T18:02:44.222,1,left,250.0,250.60106382978722,371.0,249,252,4,68,188,False,True,
run_20260807_175821_881241,7747,258,2026-08-07T18:02:44.222,0,left,272.0,272.2551020408163,370.5,271,273,3,42,98,True,True,
run_20260807_175821_881241,7747,258,2026-08-07T18:02:44.222,0,right,469.0,468.9920634920635,370.5,468,470,3,43,126,True,True,
run_20260807_175821_881241,7747,258,2026-08-07T18:02:44.222,1,right,492.0,491.2741116751269,371.0,490,493,4,70,197,False,True,
run_20260807_175821_881241,7747,258,2026-08-07T18:02:44.222,2,right,514.0,513.9043478260869,371.0769230769231,513,515,3,42,115,False,True,
run_20260807_175821_881241,7747,258,2026-08-07T18:02:44.222,3,right,536.0,535.9672131147541,371.0,535,537,3,42,122,False,True,
run_20260807_175821_881241,7747,258,2026-08-07T18:02:44.222,4,right,558.3636363636364,558.0338983050848,370.9318181818182,557,559,3,42,118,False,True,
run_20260807_175821_881241,7747,258,2026-08-07T18:02:44.222,5,right,581.0,580.5,371.0,579,582,4,43,126,False,True,
run_20260807_175821_881241,7747,258,2026-08-07T18:02:44.222,6,right,603.25,602.0886699507389,371.125,600,604,5,67,203,False,True,
run_20260807_175821_881241,7747,258,2026-08-07T18:02:44.222,7,right,625.0,624.9333333333333,370.75,624,626,3,43,120,False,True,
run_20260807_175821_881241,7747,258,2026-08-07T18:02:44.222,8,right,647.0,646.8771929824561,371.0,646,648,3,43,114,False,True,
run_20260807_175821_881241,7747,258,2026-08-07T18:02:44.222,9,right,669.0,668.8130841121496,371.0,668,670,3,43,107,False,True,
run_20260807_175821_881241,7747,258,2026-08-07T18:02:44.222,10,right,691.0,690.4833333333333,371.0,689,692,4,42,120,False,True,
run_20260807_175821_881241,7747,258,2026-08-07T18:02:44.222,11,right,712.0714285714286,710.9897435897436,370.5357142857143,708,713,6,53,195,False,True,
run_20260807_175821_881241,7747,258,2026-08-07T18:02:44.222,12,right,734.0,733.546218487395,370.75,732,735,4,42,119,False,True,
run_20260807_175821_881241,7777,259,2026-08-07T18:02:45.227,12,left,7.5,7.876190476190477,370.75,7,9,3,42,105,False,True,
run_20260807_175821_881241,7777,259,2026-08-07T18:02:45.227,11,left,29.0,30.323076923076922,370.5,28,33,6,52,195,False,True,
run_20260807_175821_881241,7777,259,2026-08-07T18:02:45.227,10,left,51.0,51.091743119266056,371.0,50,52,3,40,109,False,True,
run_20260807_175821_881241,7777,259,2026-08-07T18:02:45.227,9,left,73.0,73.08490566037736,371.0,72,74,3,39,106,False,True,
run_20260807_175821_881241,7777,259,2026-08-07T18:02:45.227,8,left,95.0,95.08411214953271,371.0,94,96,3,39,107,False,True,
run_20260807_175821_881241,7777,259,2026-08-07T18:02:45.227,7,left,116.5,117.01010101010101,370.75,116,118,3,38,99,False,True,
run_20260807_175821_881241,7777,259,2026-08-07T18:02:45.227,6,left,139.0,140.0045871559633,371.125,138,143,6,69,218,False,True,
run_20260807_175821_881241,7777,259,2026-08-07T18:02:45.227,5,left,161.0,161.17171717171718,371.0,160,162,3,39,99,False,True,
run_20260807_175821_881241,7777,259,2026-08-07T18:02:45.227,4,left,183.5,183.81632653061226,370.9318181818182,183,185,3,40,98,False,True,
run_20260807_175821_881241,7777,259,2026-08-07T18:02:45.227,3,left,206.0,206.05982905982907,371.0,205,207,3,42,117,False,True,
run_20260807_175821_881241,7777,259,2026-08-07T18:02:45.227,2,left,228.07142857142858,228.12844036697248,371.0357142857143,227,229,3,42,109,False,True,
run_20260807_175821_881241,7777,259,2026-08-07T18:02:45.227,1,left,250.0,250.60106382978722,371.0,249,252,4,68,188,False,True,
run_20260807_175821_881241,7777,259,2026-08-07T18:02:45.227,0,left,272.0,272.28125,370.5,271,273,3,42,96,True,True,
run_20260807_175821_881241,7777,259,2026-08-07T18:02:45.227,0,right,469.0,468.9920634920635,370.5,468,470,3,43,126,True,True,
run_20260807_175821_881241,7777,259,2026-08-07T18:02:45.227,1,right,492.0,491.255,371.0,490,493,4,70,200,False,True,
run_20260807_175821_881241,7777,259,2026-08-07T18:02:45.227,2,right,514.0,513.8849557522124,371.0357142857143,513,515,3,42,113,False,True,
run_20260807_175821_881241,7777,259,2026-08-07T18:02:45.227,3,right,536.0,535.9586776859504,371.0,535,537,3,42,121,False,True,
run_20260807_175821_881241,7777,259,2026-08-07T18:02:45.227,4,right,558.3636363636364,558.0252100840336,370.9318181818182,557,559,3,42,119,False,True,
run_20260807_175821_881241,7777,259,2026-08-07T18:02:45.227,5,right,581.0,580.5,371.0,579,582,4,43,126,False,True,
run_20260807_175821_881241,7777,259,2026-08-07T18:02:45.227,6,right,603.25,602.0886699507389,371.125,600,604,5,67,203,False,True,
run_20260807_175821_881241,7777,259,2026-08-07T18:02:45.227,7,right,625.0,624.9333333333333,370.75,624,626,3,43,120,False,True,
run_20260807_175821_881241,7777,259,2026-08-07T18:02:45.227,8,right,647.0,646.8771929824561,371.0,646,648,3,43,114,False,True,
run_20260807_175821_881241,7777,259,2026-08-07T18:02:45.227,9,right,669.0,668.8130841121496,371.0,668,670,3,43,107,False,True,
run_20260807_175821_881241,7777,259,2026-08-07T18:02:45.227,10,right,691.0,690.4957983193277,371.0,689,692,4,42,119,False,True,
run_20260807_175821_881241,7777,259,2026-08-07T18:02:45.227,11,right,712.0,711.1912568306011,370.5,709,713,5,54,183,False,True,
run_20260807_175821_881241,7777,259,2026-08-07T18:02:45.227,12,right,734.0,733.5702479338843,370.75,732,735,4,42,121,False,True,
run_20260807_175821_881241,7808,260,2026-08-07T18:02:46.259,12,left,7.5,7.876190476190477,370.75,7,9,3,42,105,False,True,
run_20260807_175821_881241,7808,260,2026-08-07T18:02:46.259,11,left,29.0,30.326424870466322,370.5,28,33,6,52,193,False,True,
run_20260807_175821_881241,7808,260,2026-08-07T18:02:46.259,10,left,51.0,51.092592592592595,371.0,50,52,3,40,108,False,True,
run_20260807_175821_881241,7808,260,2026-08-07T18:02:46.259,9,left,73.0,73.08490566037736,371.0,72,74,3,39,106,False,True,
run_20260807_175821_881241,7808,260,2026-08-07T18:02:46.259,8,left,95.0,95.08411214953271,371.0,94,96,3,39,107,False,True,
run_20260807_175821_881241,7808,260,2026-08-07T18:02:46.259,7,left,116.5,117.01010101010101,370.75,116,118,3,38,99,False,True,
run_20260807_175821_881241,7808,260,2026-08-07T18:02:46.259,6,left,139.0,140.01382488479263,371.125,138,143,6,69,217,False,True,
run_20260807_175821_881241,7808,260,2026-08-07T18:02:46.259,5,left,161.0,161.36936936936937,371.0,160,163,4,39,111,False,True,
run_20260807_175821_881241,7808,260,2026-08-07T18:02:46.259,4,left,183.5,183.82828282828282,370.9318181818182,183,185,3,40,99,False,True,
run_20260807_175821_881241,7808,260,2026-08-07T18:02:46.259,3,left,206.0,206.05982905982907,371.0,205,207,3,42,117,False,True,
run_20260807_175821_881241,7808,260,2026-08-07T18:02:46.259,2,left,228.07142857142858,228.12844036697248,371.0357142857143,227,229,3,42,109,False,True,
run_20260807_175821_881241,7808,260,2026-08-07T18:02:46.259,1,left,250.0,250.5978835978836,371.0,249,252,4,68,189,False,True,
run_20260807_175821_881241,7808,260,2026-08-07T18:02:46.259,0,left,272.0,272.2551020408163,370.5,271,273,3,42,98,True,True,
run_20260807_175821_881241,7808,260,2026-08-07T18:02:46.259,0,right,469.0,468.9920634920635,370.5,468,470,3,43,126,True,True,
run_20260807_175821_881241,7808,260,2026-08-07T18:02:46.259,1,right,492.0,491.2741116751269,371.0,490,493,4,70,197,False,True,
run_20260807_175821_881241,7808,260,2026-08-07T18:02:46.259,2,right,514.0,513.875,371.0357142857143,513,515,3,42,112,False,True,
run_20260807_175821_881241,7808,260,2026-08-07T18:02:46.259,3,right,536.0,535.9586776859504,371.0,535,537,3,42,121,False,True,
run_20260807_175821_881241,7808,260,2026-08-07T18:02:46.259,4,right,558.3636363636364,558.0338983050848,370.9318181818182,557,559,3,42,118,False,True,
run_20260807_175821_881241,7808,260,2026-08-07T18:02:46.259,5,right,581.0,580.488188976378,371.0,579,582,4,43,127,False,True,
run_20260807_175821_881241,7808,260,2026-08-07T18:02:46.259,6,right,603.25,602.0940594059406,371.125,600,604,5,67,202,False,True,
run_20260807_175821_881241,7808,260,2026-08-07T18:02:46.259,7,right,625.0,624.9333333333333,370.75,624,626,3,43,120,False,True,
run_20260807_175821_881241,7808,260,2026-08-07T18:02:46.259,8,right,647.0,646.8672566371681,371.0,646,648,3,43,113,False,True,
run_20260807_175821_881241,7808,260,2026-08-07T18:02:46.259,9,right,669.0,668.8130841121496,371.0,668,670,3,43,107,False,True,
run_20260807_175821_881241,7808,260,2026-08-07T18:02:46.259,10,right,691.0,690.4957983193277,371.0,689,692,4,42,119,False,True,
run_20260807_175821_881241,7808,260,2026-08-07T18:02:46.259,11,right,712.0,711.1837837837838,370.5,709,713,5,53,185,False,True,
run_20260807_175821_881241,7808,260,2026-08-07T18:02:46.259,12,right,734.0,733.5833333333334,370.75,732,735,4,42,120,False,True,
run_20260807_175821_881241,7839,261,2026-08-07T18:02:47.288,12,left,7.5,7.888888888888889,370.75,7,9,3,42,108,False,True,
run_20260807_175821_881241,7839,261,2026-08-07T18:02:47.288,11,left,29.0,30.321243523316063,370.5,28,33,6,52,193,False,True,
run_20260807_175821_881241,7839,261,2026-08-07T18:02:47.288,10,left,51.0,51.091743119266056,371.0,50,52,3,40,109,False,True,
run_20260807_175821_881241,7839,261,2026-08-07T18:02:47.288,9,left,73.0,73.08411214953271,371.0,72,74,3,39,107,False,True,
run_20260807_175821_881241,7839,261,2026-08-07T18:02:47.288,8,left,95.0,95.08411214953271,371.0,94,96,3,39,107,False,True,
run_20260807_175821_881241,7839,261,2026-08-07T18:02:47.288,7,left,116.5,117.01010101010101,370.75,116,118,3,38,99,False,True,
run_20260807_175821_881241,7839,261,2026-08-07T18:02:47.288,6,left,139.0,140.01382488479263,371.125,138,143,6,69,217,False,True,
run_20260807_175821_881241,7839,261,2026-08-07T18:02:47.288,5,left,161.0,161.36936936936937,371.0,160,163,4,39,111,False,True,
run_20260807_175821_881241,7839,261,2026-08-07T18:02:47.288,4,left,183.5,183.81632653061226,370.9318181818182,183,185,3,40,98,False,True,
run_20260807_175821_881241,7839,261,2026-08-07T18:02:47.288,3,left,206.0,206.05982905982907,371.0,205,207,3,42,117,False,True,
run_20260807_175821_881241,7839,261,2026-08-07T18:02:47.288,2,left,228.07142857142858,228.11818181818182,371.0357142857143,227,229,3,42,110,False,True,
run_20260807_175821_881241,7839,261,2026-08-07T18:02:47.288,1,left,250.0,250.60846560846562,371.0,249,252,4,68,189,False,True,
run_20260807_175821_881241,7839,261,2026-08-07T18:02:47.288,0,left,272.0,272.2551020408163,370.5,271,273,3,42,98,True,True,
run_20260807_175821_881241,7839,261,2026-08-07T18:02:47.288,0,right,469.0,468.9920634920635,370.5,468,470,3,43,126,True,True,
run_20260807_175821_881241,7839,261,2026-08-07T18:02:47.288,1,right,492.0,491.2741116751269,371.0,490,493,4,70,197,False,True,
run_20260807_175821_881241,7839,261,2026-08-07T18:02:47.288,2,right,514.0,513.9043478260869,371.0357142857143,513,515,3,42,115,False,True,
run_20260807_175821_881241,7839,261,2026-08-07T18:02:47.288,3,right,536.0,535.9586776859504,371.0,535,537,3,42,121,False,True,
run_20260807_175821_881241,7839,261,2026-08-07T18:02:47.288,4,right,558.3636363636364,558.0338983050848,370.9318181818182,557,559,3,42,118,False,True,
run_20260807_175821_881241,7839,261,2026-08-07T18:02:47.288,5,right,581.0,580.488188976378,371.0,579,582,4,43,127,False,True,
run_20260807_175821_881241,7839,261,2026-08-07T18:02:47.288,6,right,603.25,602.0940594059406,371.125,600,604,5,67,202,False,True,
run_20260807_175821_881241,7839,261,2026-08-07T18:02:47.288,7,right,625.0,624.9333333333333,370.75,624,626,3,43,120,False,True,
run_20260807_175821_881241,7839,261,2026-08-07T18:02:47.288,8,right,647.0,646.8771929824561,371.0,646,648,3,43,114,False,True,
run_20260807_175821_881241,7839,261,2026-08-07T18:02:47.288,9,right,669.0,668.7904761904762,371.0,668,670,3,43,105,False,True,
run_20260807_175821_881241,7839,261,2026-08-07T18:02:47.288,10,right,691.0,690.4957983193277,371.0,689,692,4,42,119,False,True,
run_20260807_175821_881241,7839,261,2026-08-07T18:02:47.288,11,right,712.0,711.1837837837838,370.5,709,713,5,53,185,False,True,
run_20260807_175821_881241,7839,261,2026-08-07T18:02:47.288,12,right,734.0,733.5583333333333,370.75,732,735,4,42,120,False,True,
run_20260807_175821_881241,7869,262,2026-08-07T18:02:48.291,12,left,7.5,7.907407407407407,370.75,7,9,3,42,108,False,True,
run_20260807_175821_881241,7869,262,2026-08-07T18:02:48.291,11,left,29.0,30.335051546391753,370.5357142857143,28,33,6,52,194,False,True,
run_20260807_175821_881241,7869,262,2026-08-07T18:02:48.291,10,left,51.0,51.091743119266056,371.0,50,52,3,40,109,False,True,
run_20260807_175821_881241,7869,262,2026-08-07T18:02:48.291,9,left,73.0,73.08490566037736,371.0,72,74,3,39,106,False,True,
run_20260807_175821_881241,7869,262,2026-08-07T18:02:48.291,8,left,95.0,95.08411214953271,371.0,94,96,3,39,107,False,True,
run_20260807_175821_881241,7869,262,2026-08-07T18:02:48.291,7,left,116.5,117.0,370.75,116,118,3,38,98,False,True,
run_20260807_175821_881241,7869,262,2026-08-07T18:02:48.291,6,left,139.0,140.04205607476635,371.125,138,143,6,69,214,False,True,
run_20260807_175821_881241,7869,262,2026-08-07T18:02:48.291,5,left,161.0,161.38392857142858,371.0,160,163,4,39,112,False,True,
run_20260807_175821_881241,7869,262,2026-08-07T18:02:48.291,4,left,183.5,183.81632653061226,371.0,183,185,3,40,98,False,True,
run_20260807_175821_881241,7869,262,2026-08-07T18:02:48.291,3,left,206.0,206.05982905982907,371.0,205,207,3,42,117,False,True,
run_20260807_175821_881241,7869,262,2026-08-07T18:02:48.291,2,left,228.07142857142858,228.11818181818182,371.0357142857143,227,229,3,42,110,False,True,
run_20260807_175821_881241,7869,262,2026-08-07T18:02:48.291,1,left,250.0,250.5978835978836,371.0,249,252,4,68,189,False,True,
run_20260807_175821_881241,7869,262,2026-08-07T18:02:48.291,0,left,272.0,272.2551020408163,370.5,271,273,3,42,98,True,True,
run_20260807_175821_881241,7869,262,2026-08-07T18:02:48.291,0,right,469.0,469.0,370.5,468,470,3,43,125,True,True,
run_20260807_175821_881241,7869,262,2026-08-07T18:02:48.291,1,right,492.0,491.255,371.0,490,493,4,70,200,False,True,
run_20260807_175821_881241,7869,262,2026-08-07T18:02:48.291,2,right,514.0,513.9043478260869,371.0357142857143,513,515,3,42,115,False,True,
run_20260807_175821_881241,7869,262,2026-08-07T18:02:48.291,3,right,536.0,535.9586776859504,371.0,535,537,3,42,121,False,True,
run_20260807_175821_881241,7869,262,2026-08-07T18:02:48.291,4,right,558.5,558.051724137931,371.0,557,559,3,42,116,False,True,
run_20260807_175821_881241,7869,262,2026-08-07T18:02:48.291,5,right,581.0,580.488188976378,371.0,579,582,4,43,127,False,True,
run_20260807_175821_881241,7869,262,2026-08-07T18:02:48.291,6,right,603.25,602.0886699507389,371.125,600,604,5,67,203,False,True,
run_20260807_175821_881241,7869,262,2026-08-07T18:02:48.291,7,right,625.0,624.9333333333333,370.75,624,626,3,43,120,False,True,
run_20260807_175821_881241,7869,262,2026-08-07T18:02:48.291,8,right,647.0,646.8672566371681,371.0,646,648,3,43,113,False,True,
run_20260807_175821_881241,7869,262,2026-08-07T18:02:48.291,9,right,669.0,668.8130841121496,371.0,668,670,3,43,107,False,True,
run_20260807_175821_881241,7869,262,2026-08-07T18:02:48.291,10,right,691.0,690.4830508474577,371.0,689,692,4,42,118,False,True,
run_20260807_175821_881241,7869,262,2026-08-07T18:02:48.291,11,right,712.0714285714286,711.1902173913044,370.5357142857143,709,713,5,53,184,False,True,
run_20260807_175821_881241,7869,262,2026-08-07T18:02:48.291,12,right,734.0,733.5702479338843,370.75,732,735,4,42,121,False,True,
run_20260807_175821_881241,7900,263,2026-08-07T18:02:49.323,12,left,7.5,7.878504672897196,370.75,7,9,3,42,107,False,True,
run_20260807_175821_881241,7900,263,2026-08-07T18:02:49.323,11,left,29.0,30.326424870466322,370.5,28,33,6,52,193,False,True,
run_20260807_175821_881241,7900,263,2026-08-07T18:02:49.323,10,left,51.0,51.091743119266056,371.0,50,52,3,40,109,False,True,
run_20260807_175821_881241,7900,263,2026-08-07T18:02:49.323,9,left,73.0,73.08490566037736,371.0,72,74,3,39,106,False,True,
run_20260807_175821_881241,7900,263,2026-08-07T18:02:49.323,8,left,95.0,95.08411214953271,371.0,94,96,3,39,107,False,True,
run_20260807_175821_881241,7900,263,2026-08-07T18:02:49.323,7,left,116.5,116.98969072164948,370.75,116,118,3,38,97,False,True,
run_20260807_175821_881241,7900,263,2026-08-07T18:02:49.323,6,left,139.0,140.0045871559633,371.1818181818182,138,143,6,69,218,False,True,
run_20260807_175821_881241,7900,263,2026-08-07T18:02:49.323,5,left,161.0,161.17171717171718,371.0,160,162,3,39,99,False,True,
run_20260807_175821_881241,7900,263,2026-08-07T18:02:49.323,4,left,183.5,183.8041237113402,370.9318181818182,183,185,3,40,97,False,True,
run_20260807_175821_881241,7900,263,2026-08-07T18:02:49.323,3,left,206.0,206.05982905982907,371.0,205,207,3,42,117,False,True,
run_20260807_175821_881241,7900,263,2026-08-07T18:02:49.323,2,left,228.15384615384616,228.14953271028037,371.0769230769231,227,229,3,42,107,False,True,
run_20260807_175821_881241,7900,263,2026-08-07T18:02:49.323,1,left,250.0,250.60846560846562,371.0,249,252,4,68,189,False,True,
run_20260807_175821_881241,7900,263,2026-08-07T18:02:49.323,0,left,272.0,272.2551020408163,370.5357142857143,271,273,3,42,98,True,True,
run_20260807_175821_881241,7900,263,2026-08-07T18:02:49.323,0,right,469.07142857142856,469.0330578512397,370.5357142857143,468,470,3,43,121,True,True,
run_20260807_175821_881241,7900,263,2026-08-07T18:02:49.323,1,right,492.0,491.2741116751269,371.0,490,493,4,70,197,False,True,
run_20260807_175821_881241,7900,263,2026-08-07T18:02:49.323,2,right,514.0,513.8849557522124,371.0769230769231,513,515,3,42,113,False,True,
run_20260807_175821_881241,7900,263,2026-08-07T18:02:49.323,3,right,536.0,535.9672131147541,371.0,535,537,3,42,122,False,True,
run_20260807_175821_881241,7900,263,2026-08-07T18:02:49.323,4,right,558.3636363636364,558.0338983050848,370.9318181818182,557,559,3,42,118,False,True,
run_20260807_175821_881241,7900,263,2026-08-07T18:02:49.323,5,right,581.0,580.5,371.0,579,582,4,43,126,False,True,
run_20260807_175821_881241,7900,263,2026-08-07T18:02:49.323,6,right,603.3636363636364,602.094527363184,371.1818181818182,600,604,5,66,201,False,True,
run_20260807_175821_881241,7900,263,2026-08-07T18:02:49.323,7,right,625.0,624.9333333333333,370.75,624,626,3,43,120,False,True,
run_20260807_175821_881241,7900,263,2026-08-07T18:02:49.323,8,right,647.0,646.8771929824561,371.0,646,648,3,43,114,False,True,
run_20260807_175821_881241,7900,263,2026-08-07T18:02:49.323,9,right,669.0,668.8130841121496,371.0,668,670,3,43,107,False,True,
run_20260807_175821_881241,7900,263,2026-08-07T18:02:49.323,10,right,691.0,690.4957983193277,371.0,689,692,4,42,119,False,True,
run_20260807_175821_881241,7900,263,2026-08-07T18:02:49.323,11,right,712.0,711.1891891891892,370.5,709,713,5,54,185,False,True,
run_20260807_175821_881241,7900,263,2026-08-07T18:02:49.323,12,right,734.0,733.5702479338843,370.75,732,735,4,42,121,False,True,
run_20260807_175821_881241,7931,264,2026-08-07T18:02:50.354,12,left,7.5,7.867924528301887,370.75,7,9,3,42,106,False,True,
run_20260807_175821_881241,7931,264,2026-08-07T18:02:50.354,11,left,29.0,30.32460732984293,370.6818181818182,28,33,6,52,191,False,True,
run_20260807_175821_881241,7931,264,2026-08-07T18:02:50.354,10,left,51.0,51.091743119266056,371.0,50,52,3,40,109,False,True,
run_20260807_175821_881241,7931,264,2026-08-07T18:02:50.354,9,left,73.0,73.08490566037736,371.0,72,74,3,39,106,False,True,
run_20260807_175821_881241,7931,264,2026-08-07T18:02:50.354,8,left,94.84615384615384,95.06666666666666,370.9230769230769,94,96,3,38,105,False,True,
run_20260807_175821_881241,7931,264,2026-08-07T18:02:50.354,7,left,116.5,116.98969072164948,370.75,116,118,3,38,97,False,True,
run_20260807_175821_881241,7931,264,2026-08-07T18:02:50.354,6,left,139.0,140.04205607476635,371.125,138,143,6,69,214,False,True,
run_20260807_175821_881241,7931,264,2026-08-07T18:02:50.354,5,left,161.0,161.17171717171718,371.0,160,162,3,39,99,False,True,
run_20260807_175821_881241,7931,264,2026-08-07T18:02:50.354,4,left,183.5,183.8041237113402,371.0,183,185,3,40,97,False,True,
run_20260807_175821_881241,7931,264,2026-08-07T18:02:50.354,3,left,206.0,206.05982905982907,371.0,205,207,3,42,117,False,True,
run_20260807_175821_881241,7931,264,2026-08-07T18:02:50.354,2,left,228.07142857142858,228.11818181818182,371.0357142857143,227,229,3,42,110,False,True,
run_20260807_175821_881241,7931,264,2026-08-07T18:02:50.354,1,left,250.0,250.61256544502618,371.0,249,252,4,68,191,False,True,
run_20260807_175821_881241,7931,264,2026-08-07T18:02:50.354,0,left,272.0,272.2680412371134,370.5,271,273,3,42,97,True,True,
run_20260807_175821_881241,7931,264,2026-08-07T18:02:50.354,0,right,469.0,469.0162601626016,370.5,468,470,3,43,123,True,True,
run_20260807_175821_881241,7931,264,2026-08-07T18:02:50.354,1,right,492.0,491.28061224489795,371.0,490,493,4,70,196,False,True,
run_20260807_175821_881241,7931,264,2026-08-07T18:02:50.354,2,right,514.0,513.9137931034483,371.0357142857143,513,515,3,42,116,False,True,
run_20260807_175821_881241,7931,264,2026-08-07T18:02:50.354,3,right,536.0,535.9586776859504,371.0,535,537,3,42,121,False,True,
run_20260807_175821_881241,7931,264,2026-08-07T18:02:50.354,4,right,558.5,558.042735042735,371.0,557,559,3,42,117,False,True,
run_20260807_175821_881241,7931,264,2026-08-07T18:02:50.354,5,right,581.0,580.5,371.0,579,582,4,43,126,False,True,
run_20260807_175821_881241,7931,264,2026-08-07T18:02:50.354,6,right,603.25,602.0886699507389,371.125,600,604,5,67,203,False,True,
run_20260807_175821_881241,7931,264,2026-08-07T18:02:50.354,7,right,625.0,624.9333333333333,370.75,624,626,3,43,120,False,True,
run_20260807_175821_881241,7931,264,2026-08-07T18:02:50.354,8,right,647.0,646.8672566371681,370.9230769230769,646,648,3,43,113,False,True,
run_20260807_175821_881241,7931,264,2026-08-07T18:02:50.354,9,right,669.0,668.8018867924528,371.0,668,670,3,43,106,False,True,
run_20260807_175821_881241,7931,264,2026-08-07T18:02:50.354,10,right,691.0,690.5084745762712,371.0,689,692,4,42,118,False,True,
run_20260807_175821_881241,7931,264,2026-08-07T18:02:50.354,11,right,712.3636363636364,710.9739583333334,370.6818181818182,708,713,6,50,192,False,True,
run_20260807_175821_881241,7931,264,2026-08-07T18:02:50.354,12,right,734.0,733.5714285714286,370.75,732,735,4,42,119,False,True,
run_20260807_175821_881241,7961,265,2026-08-07T18:02:51.362,12,left,7.5,7.888888888888889,370.75,7,9,3,42,108,False,True,
run_20260807_175821_881241,7961,265,2026-08-07T18:02:51.362,11,left,29.0,30.323076923076922,370.6818181818182,28,33,6,52,195,False,True,
run_20260807_175821_881241,7961,265,2026-08-07T18:02:51.362,10,left,51.0,51.092592592592595,371.0,50,52,3,40,108,False,True,
run_20260807_175821_881241,7961,265,2026-08-07T18:02:51.362,9,left,73.0,73.10576923076923,371.0,72,74,3,39,104,False,True,
run_20260807_175821_881241,7961,265,2026-08-07T18:02:51.362,8,left,95.0,95.08411214953271,371.0,94,96,3,39,107,False,True,
run_20260807_175821_881241,7961,265,2026-08-07T18:02:51.362,7,left,116.5,116.98969072164948,370.75,116,118,3,38,97,False,True,
run_20260807_175821_881241,7961,265,2026-08-07T18:02:51.362,6,left,139.0,140.04225352112675,371.125,138,143,6,68,213,False,True,
run_20260807_175821_881241,7961,265,2026-08-07T18:02:51.362,5,left,161.0,161.38392857142858,371.0,160,163,4,39,112,False,True,
run_20260807_175821_881241,7961,265,2026-08-07T18:02:51.362,4,left,183.5,183.8041237113402,370.9318181818182,183,185,3,40,97,False,True,
run_20260807_175821_881241,7961,265,2026-08-07T18:02:51.362,3,left,206.0,206.05982905982907,371.0,205,207,3,42,117,False,True,
run_20260807_175821_881241,7961,265,2026-08-07T18:02:51.362,2,left,228.15384615384616,228.13888888888889,371.0769230769231,227,229,3,42,108,False,True,
run_20260807_175821_881241,7961,265,2026-08-07T18:02:51.362,1,left,250.0,250.60846560846562,371.0,249,252,4,68,189,False,True,
run_20260807_175821_881241,7961,265,2026-08-07T18:02:51.362,0,left,272.0,272.28125,370.5,271,273,3,42,96,True,True,
run_20260807_175821_881241,7961,265,2026-08-07T18:02:51.362,0,right,469.0,469.0,370.5,468,470,3,42,124,True,True,
run_20260807_175821_881241,7961,265,2026-08-07T18:02:51.362,1,right,492.0,491.28061224489795,371.0,490,493,4,70,196,False,True,
run_20260807_175821_881241,7961,265,2026-08-07T18:02:51.362,2,right,514.0,513.875,371.0769230769231,513,515,3,42,112,False,True,
run_20260807_175821_881241,7961,265,2026-08-07T18:02:51.362,3,right,536.0,535.9586776859504,371.0,535,537,3,42,121,False,True,
run_20260807_175821_881241,7961,265,2026-08-07T18:02:51.362,4,right,558.3636363636364,558.0434782608696,370.9318181818182,557,559,3,42,115,False,True,
run_20260807_175821_881241,7961,265,2026-08-07T18:02:51.362,5,right,581.0,580.504,371.0,579,582,4,42,125,False,True,
run_20260807_175821_881241,7961,265,2026-08-07T18:02:51.362,6,right,603.25,602.0940594059406,371.125,600,604,5,67,202,False,True,
run_20260807_175821_881241,7961,265,2026-08-07T18:02:51.362,7,right,625.0,624.9333333333333,370.75,624,626,3,43,120,False,True,
run_20260807_175821_881241,7961,265,2026-08-07T18:02:51.362,8,right,647.0,646.8771929824561,371.0,646,648,3,43,114,False,True,
run_20260807_175821_881241,7961,265,2026-08-07T18:02:51.362,9,right,669.0,668.7904761904762,371.0,668,670,3,43,105,False,True,
run_20260807_175821_881241,7961,265,2026-08-07T18:02:51.362,10,right,691.0,690.4958677685951,371.0,689,692,4,42,121,False,True,
run_20260807_175821_881241,7961,265,2026-08-07T18:02:51.362,11,right,712.3636363636364,711.0,370.6818181818182,708,713,6,50,193,False,True,
run_20260807_175821_881241,7961,265,2026-08-07T18:02:51.362,12,right,734.0,733.5798319327731,370.75,732,735,4,42,119,False,True,
run_20260807_175821_881241,7992,266,2026-08-07T18:02:52.390,12,left,7.5,7.867924528301887,370.75,7,9,3,42,106,False,True,
run_20260807_175821_881241,7992,266,2026-08-07T18:02:52.390,11,left,29.0,30.3125,370.5357142857143,28,33,6,52,192,False,True,
run_20260807_175821_881241,7992,266,2026-08-07T18:02:52.390,10,left,51.0,51.091743119266056,371.0,50,52,3,40,109,False,True,
run_20260807_175821_881241,7992,266,2026-08-07T18:02:52.390,9,left,73.0,73.08490566037736,371.0,72,74,3,39,106,False,True,
run_20260807_175821_881241,7992,266,2026-08-07T18:02:52.390,8,left,95.0,95.08411214953271,371.0,94,96,3,39,107,False,True,
run_20260807_175821_881241,7992,266,2026-08-07T18:02:52.390,7,left,116.5,117.01010101010101,370.75,116,118,3,38,99,False,True,
run_20260807_175821_881241,7992,266,2026-08-07T18:02:52.390,6,left,139.0,140.04225352112675,371.125,138,143,6,68,213,False,True,
run_20260807_175821_881241,7992,266,2026-08-07T18:02:52.390,5,left,161.0,161.17171717171718,371.0,160,162,3,39,99,False,True,
run_20260807_175821_881241,7992,266,2026-08-07T18:02:52.390,4,left,183.5,183.8125,370.9318181818182,183,185,3,40,96,False,True,
run_20260807_175821_881241,7992,266,2026-08-07T18:02:52.390,3,left,206.0,206.05982905982907,371.0,205,207,3,42,117,False,True,
run_20260807_175821_881241,7992,266,2026-08-07T18:02:52.390,2,left,228.07142857142858,228.12844036697248,371.0357142857143,227,229,3,42,109,False,True,
run_20260807_175821_881241,7992,266,2026-08-07T18:02:52.390,1,left,250.0,250.60846560846562,371.0,249,252,4,68,189,False,True,
run_20260807_175821_881241,7992,266,2026-08-07T18:02:52.390,0,left,272.0,272.2680412371134,370.5,271,273,3,42,97,True,True,
run_20260807_175821_881241,7992,266,2026-08-07T18:02:52.390,0,right,469.0,469.008064516129,370.5,468,470,3,43,124,True,True,
run_20260807_175821_881241,7992,266,2026-08-07T18:02:52.390,1,right,492.0,491.2741116751269,371.0,490,493,4,70,197,False,True,
run_20260807_175821_881241,7992,266,2026-08-07T18:02:52.390,2,right,514.0,513.9043478260869,371.0357142857143,513,515,3,42,115,False,True,
run_20260807_175821_881241,7992,266,2026-08-07T18:02:52.390,3,right,536.0,535.9586776859504,371.0,535,537,3,42,121,False,True,
run_20260807_175821_881241,7992,266,2026-08-07T18:02:52.390,4,right,558.3636363636364,558.0344827586207,370.9318181818182,557,559,3,42,116,False,True,
run_20260807_175821_881241,7992,266,2026-08-07T18:02:52.390,5,right,581.0,580.5,371.0,579,582,4,43,126,False,True,
run_20260807_175821_881241,7992,266,2026-08-07T18:02:52.390,6,right,603.25,602.0940594059406,371.125,600,604,5,67,202,False,True,
run_20260807_175821_881241,7992,266,2026-08-07T18:02:52.390,7,right,625.0,624.9333333333333,370.75,624,626,3,43,120,False,True,
run_20260807_175821_881241,7992,266,2026-08-07T18:02:52.390,8,right,647.0,646.8672566371681,371.0,646,648,3,43,113,False,True,
run_20260807_175821_881241,7992,266,2026-08-07T18:02:52.390,9,right,669.0,668.7904761904762,371.0,668,670,3,43,105,False,True,
run_20260807_175821_881241,7992,266,2026-08-07T18:02:52.390,10,right,691.0,690.5,371.0,689,692,4,41,118,False,True,
run_20260807_175821_881241,7992,266,2026-08-07T18:02:52.390,11,right,712.0714285714286,710.9897435897436,370.5357142857143,708,713,6,53,195,False,True,
run_20260807_175821_881241,7992,266,2026-08-07T18:02:52.390,12,right,734.0,733.5677966101695,370.75,732,735,4,42,118,False,True,
run_20260807_175821_881241,8022,267,2026-08-07T18:02:53.391,12,left,7.5,7.865384615384615,370.75,7,9,3,42,104,False,True,
run_20260807_175821_881241,8022,267,2026-08-07T18:02:53.391,11,left,29.0,30.32460732984293,370.5357142857143,28,33,6,52,191,False,True,
run_20260807_175821_881241,8022,267,2026-08-07T18:02:53.391,10,left,51.0,51.091743119266056,371.0,50,52,3,40,109,False,True,
run_20260807_175821_881241,8022,267,2026-08-07T18:02:53.391,9,left,73.0,73.08490566037736,371.0,72,74,3,39,106,False,True,
run_20260807_175821_881241,8022,267,2026-08-07T18:02:53.391,8,left,95.0,95.08411214953271,371.0,94,96,3,39,107,False,True,
run_20260807_175821_881241,8022,267,2026-08-07T18:02:53.391,7,left,116.5,116.96842105263158,370.75,116,118,3,38,95,False,True,
run_20260807_175821_881241,8022,267,2026-08-07T18:02:53.391,6,left,139.0,140.04205607476635,371.125,138,143,6,69,214,False,True,
run_20260807_175821_881241,8022,267,2026-08-07T18:02:53.391,5,left,161.0,161.17171717171718,371.0,160,162,3,39,99,False,True,
run_20260807_175821_881241,8022,267,2026-08-07T18:02:53.391,4,left,183.5,183.81632653061226,370.9318181818182,183,185,3,40,98,False,True,
run_20260807_175821_881241,8022,267,2026-08-07T18:02:53.391,3,left,206.0,206.05982905982907,371.0,205,207,3,42,117,False,True,
run_20260807_175821_881241,8022,267,2026-08-07T18:02:53.391,2,left,228.07142857142858,228.11818181818182,371.0357142857143,227,229,3,42,110,False,True,
run_20260807_175821_881241,8022,267,2026-08-07T18:02:53.391,1,left,250.0,250.58333333333334,371.0,249,252,4,68,192,False,True,
run_20260807_175821_881241,8022,267,2026-08-07T18:02:53.391,0,left,272.0,272.28125,370.5,271,273,3,42,96,True,True,
run_20260807_175821_881241,8022,267,2026-08-07T18:02:53.391,0,right,469.0,469.0,370.5,468,470,3,43,125,True,True,
run_20260807_175821_881241,8022,267,2026-08-07T18:02:53.391,1,right,492.0,491.2741116751269,371.0,490,493,4,70,197,False,True,
run_20260807_175821_881241,8022,267,2026-08-07T18:02:53.391,2,right,514.0,513.9043478260869,371.0357142857143,513,515,3,42,115,False,True,
run_20260807_175821_881241,8022,267,2026-08-07T18:02:53.391,3,right,536.0,535.9586776859504,371.0,535,537,3,42,121,False,True,
run_20260807_175821_881241,8022,267,2026-08-07T18:02:53.391,4,right,558.3636363636364,558.0338983050848,370.9318181818182,557,559,3,42,118,False,True,
run_20260807_175821_881241,8022,267,2026-08-07T18:02:53.391,5,right,581.0,580.5,371.0,579,582,4,43,126,False,True,
run_20260807_175821_881241,8022,267,2026-08-07T18:02:53.391,6,right,603.25,602.094527363184,371.125,600,604,5,66,201,False,True,
run_20260807_175821_881241,8022,267,2026-08-07T18:02:53.391,7,right,625.0,624.9421487603306,370.75,624,626,3,43,121,False,True,
run_20260807_175821_881241,8022,267,2026-08-07T18:02:53.391,8,right,647.0,646.8672566371681,371.0,646,648,3,43,113,False,True,
run_20260807_175821_881241,8022,267,2026-08-07T18:02:53.391,9,right,669.0,668.7904761904762,371.0,668,670,3,43,105,False,True,
run_20260807_175821_881241,8022,267,2026-08-07T18:02:53.391,10,right,691.0,690.4957983193277,371.0,689,692,4,42,119,False,True,
run_20260807_175821_881241,8022,267,2026-08-07T18:02:53.391,11,right,712.0714285714286,710.989898989899,370.5357142857143,708,713,6,54,198,False,True,
run_20260807_175821_881241,8022,267,2026-08-07T18:02:53.391,12,right,734.0,733.5546218487395,370.75,732,735,4,42,119,False,True,
run_20260807_175821_881241,8053,268,2026-08-07T18:02:54.423,12,left,7.5,7.886792452830188,370.75,7,9,3,42,106,False,True,
run_20260807_175821_881241,8053,268,2026-08-07T18:02:54.423,11,left,29.0,30.321052631578947,370.5769230769231,28,33,6,52,190,False,True,
run_20260807_175821_881241,8053,268,2026-08-07T18:02:54.423,10,left,51.0,51.091743119266056,371.0,50,52,3,40,109,False,True,
run_20260807_175821_881241,8053,268,2026-08-07T18:02:54.423,9,left,73.0,73.08490566037736,371.0,72,74,3,39,106,False,True,
run_20260807_175821_881241,8053,268,2026-08-07T18:02:54.423,8,left,95.0,95.08411214953271,371.0,94,96,3,39,107,False,True,
run_20260807_175821_881241,8053,268,2026-08-07T18:02:54.423,7,left,116.5,116.98969072164948,370.75,116,118,3,38,97,False,True,
run_20260807_175821_881241,8053,268,2026-08-07T18:02:54.423,6,left,139.0,140.02336448598132,371.125,138,143,6,69,214,False,True,
run_20260807_175821_881241,8053,268,2026-08-07T18:02:54.423,5,left,161.0,161.38392857142858,371.0,160,163,4,39,112,False,True,
run_20260807_175821_881241,8053,268,2026-08-07T18:02:54.423,4,left,183.5,183.81632653061226,371.0,183,185,3,40,98,False,True,
run_20260807_175821_881241,8053,268,2026-08-07T18:02:54.423,3,left,206.0,206.05982905982907,371.0,205,207,3,42,117,False,True,
run_20260807_175821_881241,8053,268,2026-08-07T18:02:54.423,2,left,228.15384615384616,228.12844036697248,371.0769230769231,227,229,3,42,109,False,True,
run_20260807_175821_881241,8053,268,2026-08-07T18:02:54.423,1,left,250.0,250.5978835978836,371.0,249,252,4,68,189,False,True,
run_20260807_175821_881241,8053,268,2026-08-07T18:02:54.423,0,left,272.0,272.2178217821782,370.5,271,273,3,42,101,True,True,
run_20260807_175821_881241,8053,268,2026-08-07T18:02:54.423,0,right,469.0,469.008064516129,370.5,468,470,3,43,124,True,True,
run_20260807_175821_881241,8053,268,2026-08-07T18:02:54.423,1,right,492.0,491.2741116751269,371.0,490,493,4,70,197,False,True,
run_20260807_175821_881241,8053,268,2026-08-07T18:02:54.423,2,right,514.0,513.9043478260869,371.0769230769231,513,515,3,42,115,False,True,
run_20260807_175821_881241,8053,268,2026-08-07T18:02:54.423,3,right,536.0,535.9586776859504,371.0,535,537,3,42,121,False,True,
run_20260807_175821_881241,8053,268,2026-08-07T18:02:54.423,4,right,558.5,558.042735042735,371.0,557,559,3,42,117,False,True,
run_20260807_175821_881241,8053,268,2026-08-07T18:02:54.423,5,right,581.0,580.488188976378,371.0,579,582,4,43,127,False,True,
run_20260807_175821_881241,8053,268,2026-08-07T18:02:54.423,6,right,603.25,602.0940594059406,371.125,600,604,5,67,202,False,True,
run_20260807_175821_881241,8053,268,2026-08-07T18:02:54.423,7,right,625.0,624.9421487603306,370.75,624,626,3,43,121,False,True,
run_20260807_175821_881241,8053,268,2026-08-07T18:02:54.423,8,right,647.0,646.8672566371681,371.0,646,648,3,43,113,False,True,
run_20260807_175821_881241,8053,268,2026-08-07T18:02:54.423,9,right,669.0,668.8018867924528,371.0,668,670,3,43,106,False,True,
run_20260807_175821_881241,8053,268,2026-08-07T18:02:54.423,10,right,691.0,690.5,371.0,689,692,4,41,118,False,True,
run_20260807_175821_881241,8053,268,2026-08-07T18:02:54.423,11,right,712.1538461538462,711.1748633879781,370.5769230769231,709,713,5,52,183,False,True,
run_20260807_175821_881241,8053,268,2026-08-07T18:02:54.423,12,right,734.0,733.5714285714286,370.75,732,735,4,42,119,False,True,
run_20260807_175821_881241,8083,269,2026-08-07T18:02:55.426,12,left,7.5,7.878504672897196,370.75,7,9,3,42,107,False,True,
run_20260807_175821_881241,8083,269,2026-08-07T18:02:55.426,11,left,29.0,30.3125,370.5,28,33,6,52,192,False,True,
run_20260807_175821_881241,8083,269,2026-08-07T18:02:55.426,10,left,51.0,51.091743119266056,371.0,50,52,3,40,109,False,True,
run_20260807_175821_881241,8083,269,2026-08-07T18:02:55.426,9,left,73.0,73.08490566037736,371.0,72,74,3,39,106,False,True,
run_20260807_175821_881241,8083,269,2026-08-07T18:02:55.426,8,left,95.0,95.08411214953271,371.0,94,96,3,39,107,False,True,
run_20260807_175821_881241,8083,269,2026-08-07T18:02:55.426,7,left,116.5,116.97916666666667,370.75,116,118,3,38,96,False,True,
run_20260807_175821_881241,8083,269,2026-08-07T18:02:55.426,6,left,139.0,140.04205607476635,371.125,138,143,6,69,214,False,True,
run_20260807_175821_881241,8083,269,2026-08-07T18:02:55.426,5,left,161.0,161.36936936936937,371.0,160,163,4,39,111,False,True,
run_20260807_175821_881241,8083,269,2026-08-07T18:02:55.426,4,left,183.5,183.8125,370.9318181818182,183,185,3,40,96,False,True,
run_20260807_175821_881241,8083,269,2026-08-07T18:02:55.426,3,left,206.0,206.05982905982907,371.0,205,207,3,42,117,False,True,
run_20260807_175821_881241,8083,269,2026-08-07T18:02:55.426,2,left,228.07142857142858,228.13888888888889,371.0357142857143,227,229,3,42,108,False,True,
run_20260807_175821_881241,8083,269,2026-08-07T18:02:55.426,1,left,250.0,250.5978835978836,371.0,249,252,4,68,189,False,True,
run_20260807_175821_881241,8083,269,2026-08-07T18:02:55.426,0,left,272.0,272.24242424242425,370.5,271,273,3,42,99,True,True,
run_20260807_175821_881241,8083,269,2026-08-07T18:02:55.426,0,right,469.0,469.0,370.5,468,470,3,43,125,True,True,
run_20260807_175821_881241,8083,269,2026-08-07T18:02:55.426,1,right,492.0,491.2741116751269,371.0,490,493,4,70,197,False,True,
run_20260807_175821_881241,8083,269,2026-08-07T18:02:55.426,2,right,514.0,513.9137931034483,371.0357142857143,513,515,3,42,116,False,True,
run_20260807_175821_881241,8083,269,2026-08-07T18:02:55.426,3,right,536.0,535.9586776859504,371.0,535,537,3,42,121,False,True,
run_20260807_175821_881241,8083,269,2026-08-07T18:02:55.426,4,right,558.3636363636364,558.0338983050848,370.9318181818182,557,559,3,42,118,False,True,
run_20260807_175821_881241,8083,269,2026-08-07T18:02:55.426,5,right,581.0,580.5,371.0,579,582,4,43,126,False,True,
run_20260807_175821_881241,8083,269,2026-08-07T18:02:55.426,6,right,603.25,602.0940594059406,371.125,600,604,5,67,202,False,True,
run_20260807_175821_881241,8083,269,2026-08-07T18:02:55.426,7,right,625.0,624.9421487603306,370.75,624,626,3,43,121,False,True,
run_20260807_175821_881241,8083,269,2026-08-07T18:02:55.426,8,right,647.0,646.8771929824561,371.0,646,648,3,43,114,False,True,
run_20260807_175821_881241,8083,269,2026-08-07T18:02:55.426,9,right,669.0,668.8018867924528,371.0,668,670,3,43,106,False,True,
run_20260807_175821_881241,8083,269,2026-08-07T18:02:55.426,10,right,691.0,690.4957983193277,371.0,689,692,4,42,119,False,True,
run_20260807_175821_881241,8083,269,2026-08-07T18:02:55.426,11,right,712.0,711.1912568306011,370.5,709,713,5,54,183,False,True,
run_20260807_175821_881241,8083,269,2026-08-07T18:02:55.426,12,right,734.0,733.5555555555555,370.75,732,735,4,42,117,False,True,
run_20260807_175821_881241,8114,270,2026-08-07T18:02:56.458,12,left,7.5,7.888888888888889,370.75,7,9,3,42,108,False,True,
run_20260807_175821_881241,8114,270,2026-08-07T18:02:56.458,11,left,29.0,30.32460732984293,370.5,28,33,6,52,191,False,True,
run_20260807_175821_881241,8114,270,2026-08-07T18:02:56.458,10,left,51.0,51.091743119266056,371.0,50,52,3,40,109,False,True,
run_20260807_175821_881241,8114,270,2026-08-07T18:02:56.458,9,left,73.0,73.08490566037736,371.0,72,74,3,39,106,False,True,
run_20260807_175821_881241,8114,270,2026-08-07T18:02:56.458,8,left,95.0,95.08411214953271,371.0,94,96,3,39,107,False,True,
run_20260807_175821_881241,8114,270,2026-08-07T18:02:56.458,7,left,116.5,116.97916666666667,370.75,116,118,3,38,96,False,True,
run_20260807_175821_881241,8114,270,2026-08-07T18:02:56.458,6,left,139.0,140.00462962962962,371.125,138,143,6,69,216,False,True,
run_20260807_175821_881241,8114,270,2026-08-07T18:02:56.458,5,left,161.0,161.38181818181818,371.0,160,163,4,39,110,False,True,
run_20260807_175821_881241,8114,270,2026-08-07T18:02:56.458,4,left,183.5,183.81632653061226,371.0,183,185,3,40,98,False,True,
run_20260807_175821_881241,8114,270,2026-08-07T18:02:56.458,3,left,206.0,206.05982905982907,371.0,205,207,3,42,117,False,True,
run_20260807_175821_881241,8114,270,2026-08-07T18:02:56.458,2,left,228.15384615384616,228.13888888888889,371.0769230769231,227,229,3,42,108,False,True,
run_20260807_175821_881241,8114,270,2026-08-07T18:02:56.458,1,left,250.0,250.58031088082902,371.0,249,252,4,68,193,False,True,
run_20260807_175821_881241,8114,270,2026-08-07T18:02:56.458,0,left,272.0,272.29473684210524,370.5,271,273,3,42,95,True,True,
run_20260807_175821_881241,8114,270,2026-08-07T18:02:56.458,0,right,469.0,469.008064516129,370.5,468,470,3,43,124,True,True,
run_20260807_175821_881241,8114,270,2026-08-07T18:02:56.458,1,right,492.0,491.2741116751269,371.0,490,493,4,70,197,False,True,
run_20260807_175821_881241,8114,270,2026-08-07T18:02:56.458,2,right,514.0,513.9043478260869,371.0769230769231,513,515,3,42,115,False,True,
run_20260807_175821_881241,8114,270,2026-08-07T18:02:56.458,3,right,536.0,535.9586776859504,371.0,535,537,3,42,121,False,True,
run_20260807_175821_881241,8114,270,2026-08-07T18:02:56.458,4,right,558.5,558.051724137931,371.0,557,559,3,42,116,False,True,
run_20260807_175821_881241,8114,270,2026-08-07T18:02:56.458,5,right,581.0,580.5,371.0,579,582,4,43,126,False,True,
run_20260807_175821_881241,8114,270,2026-08-07T18:02:56.458,6,right,603.25,602.0940594059406,371.125,600,604,5,67,202,False,True,
run_20260807_175821_881241,8114,270,2026-08-07T18:02:56.458,7,right,625.0,624.9411764705883,370.75,624,626,3,42,119,False,True,
run_20260807_175821_881241,8114,270,2026-08-07T18:02:56.458,8,right,647.0,646.8771929824561,371.0,646,648,3,43,114,False,True,
run_20260807_175821_881241,8114,270,2026-08-07T18:02:56.458,9,right,669.0,668.7904761904762,371.0,668,670,3,43,105,False,True,
run_20260807_175821_881241,8114,270,2026-08-07T18:02:56.458,10,right,691.0,690.4957983193277,371.0,689,692,4,42,119,False,True,
run_20260807_175821_881241,8114,270,2026-08-07T18:02:56.458,11,right,712.0,711.1847826086956,370.5,709,713,5,54,184,False,True,
run_20260807_175821_881241,8114,270,2026-08-07T18:02:56.458,12,right,734.0,733.546218487395,370.75,732,735,4,42,119,False,True,
run_20260807_175821_881241,8144,271,2026-08-07T18:02:57.460,12,left,7.5,7.857142857142857,370.75,7,9,3,42,105,False,True,
run_20260807_175821_881241,8144,271,2026-08-07T18:02:57.460,11,left,29.0,30.335051546391753,370.5769230769231,28,33,6,52,194,False,True,
run_20260807_175821_881241,8144,271,2026-08-07T18:02:57.460,10,left,51.0,51.091743119266056,371.0,50,52,3,40,109,False,True,
run_20260807_175821_881241,8144,271,2026-08-07T18:02:57.460,9,left,73.0,73.08490566037736,371.0,72,74,3,39,106,False,True,
run_20260807_175821_881241,8144,271,2026-08-07T18:02:57.460,8,left,95.0,95.08411214953271,371.0,94,96,3,39,107,False,True,
run_20260807_175821_881241,8144,271,2026-08-07T18:02:57.460,7,left,116.5,116.97916666666667,370.75,116,118,3,38,96,False,True,
run_20260807_175821_881241,8144,271,2026-08-07T18:02:57.460,6,left,139.0,140.01382488479263,371.125,138,143,6,69,217,False,True,
run_20260807_175821_881241,8144,271,2026-08-07T18:02:57.460,5,left,161.0,161.17171717171718,371.0,160,162,3,39,99,False,True,
run_20260807_175821_881241,8144,271,2026-08-07T18:02:57.460,4,left,183.5,183.8041237113402,371.0,183,185,3,40,97,False,True,
run_20260807_175821_881241,8144,271,2026-08-07T18:02:57.460,3,left,206.0,206.05982905982907,371.0,205,207,3,42,117,False,True,
run_20260807_175821_881241,8144,271,2026-08-07T18:02:57.460,2,left,228.15384615384616,228.13888888888889,371.0769230769231,227,229,3,42,108,False,True,
run_20260807_175821_881241,8144,271,2026-08-07T18:02:57.460,1,left,250.0,250.58031088082902,371.0,249,252,4,68,193,False,True,
run_20260807_175821_881241,8144,271,2026-08-07T18:02:57.460,0,left,272.0,272.2680412371134,370.5,271,273,3,42,97,True,True,
run_20260807_175821_881241,8144,271,2026-08-07T18:02:57.460,0,right,469.0,469.0,370.5,468,470,3,43,125,True,True,
run_20260807_175821_881241,8144,271,2026-08-07T18:02:57.460,1,right,492.0,491.2741116751269,371.0,490,493,4,70,197,False,True,
run_20260807_175821_881241,8144,271,2026-08-07T18:02:57.460,2,right,514.0,513.9043478260869,371.0769230769231,513,515,3,42,115,False,True,
run_20260807_175821_881241,8144,271,2026-08-07T18:02:57.460,3,right,536.0,535.9586776859504,371.0,535,537,3,42,121,False,True,
run_20260807_175821_881241,8144,271,2026-08-07T18:02:57.460,4,right,558.5,558.042735042735,371.0,557,559,3,42,117,False,True,
run_20260807_175821_881241,8144,271,2026-08-07T18:02:57.460,5,right,581.0,580.5,371.0,579,582,4,43,126,False,True,
run_20260807_175821_881241,8144,271,2026-08-07T18:02:57.460,6,right,603.25,602.094527363184,371.125,600,604,5,66,201,False,True,
run_20260807_175821_881241,8144,271,2026-08-07T18:02:57.460,7,right,625.0,624.9333333333333,370.75,624,626,3,43,120,False,True,
run_20260807_175821_881241,8144,271,2026-08-07T18:02:57.460,8,right,647.0,646.8672566371681,371.0,646,648,3,43,113,False,True,
run_20260807_175821_881241,8144,271,2026-08-07T18:02:57.460,9,right,669.0,668.8018867924528,371.0,668,670,3,43,106,False,True,
run_20260807_175821_881241,8144,271,2026-08-07T18:02:57.460,10,right,691.0,690.5083333333333,371.0,689,692,4,42,120,False,True,
run_20260807_175821_881241,8144,271,2026-08-07T18:02:57.460,11,right,712.1538461538462,711.0,370.5769230769231,708,713,6,53,196,False,True,
run_20260807_175821_881241,8144,271,2026-08-07T18:02:57.460,12,right,734.0,733.5714285714286,370.75,732,735,4,42,119,False,True,
run_20260807_175821_881241,8175,272,2026-08-07T18:02:58.488,12,left,7.5,7.897196261682243,370.75,7,9,3,42,107,False,True,
run_20260807_175821_881241,8175,272,2026-08-07T18:02:58.488,11,left,29.0,30.32460732984293,370.6818181818182,28,33,6,52,191,False,True,
run_20260807_175821_881241,8175,272,2026-08-07T18:02:58.488,10,left,51.0,51.091743119266056,371.0,50,52,3,40,109,False,True,
run_20260807_175821_881241,8175,272,2026-08-07T18:02:58.488,9,left,73.0,73.08490566037736,371.0,72,74,3,39,106,False,True,
run_20260807_175821_881241,8175,272,2026-08-07T18:02:58.488,8,left,95.0,95.08411214953271,371.0,94,96,3,39,107,False,True,
run_20260807_175821_881241,8175,272,2026-08-07T18:02:58.488,7,left,116.5,116.96842105263158,370.75,116,118,3,38,95,False,True,
run_20260807_175821_881241,8175,272,2026-08-07T18:02:58.488,6,left,139.0,140.01382488479263,371.125,138,143,6,69,217,False,True,
run_20260807_175821_881241,8175,272,2026-08-07T18:02:58.488,5,left,161.0,161.38392857142858,371.0,160,163,4,39,112,False,True,
run_20260807_175821_881241,8175,272,2026-08-07T18:02:58.488,4,left,183.5,183.8041237113402,371.0,183,185,3,40,97,False,True,
run_20260807_175821_881241,8175,272,2026-08-07T18:02:58.488,3,left,206.0,206.05982905982907,371.0,205,207,3,42,117,False,True,
run_20260807_175821_881241,8175,272,2026-08-07T18:02:58.488,2,left,228.15384615384616,228.12844036697248,371.0769230769231,227,229,3,42,109,False,True,
run_20260807_175821_881241,8175,272,2026-08-07T18:02:58.488,1,left,250.0,250.5794871794872,371.0,249,252,4,68,195,False,True,
run_20260807_175821_881241,8175,272,2026-08-07T18:02:58.488,0,left,272.0,272.2680412371134,370.5,271,273,3,42,97,True,True,
run_20260807_175821_881241,8175,272,2026-08-07T18:02:58.488,0,right,469.0,469.0,370.5,468,470,3,43,125,True,True,
run_20260807_175821_881241,8175,272,2026-08-07T18:02:58.488,1,right,492.0,491.2676767676768,371.0,490,493,4,70,198,False,True,
run_20260807_175821_881241,8175,272,2026-08-07T18:02:58.488,2,right,514.0,513.9043478260869,371.0769230769231,513,515,3,42,115,False,True,
run_20260807_175821_881241,8175,272,2026-08-07T18:02:58.488,3,right,536.0,535.9586776859504,371.0,535,537,3,42,121,False,True,
run_20260807_175821_881241,8175,272,2026-08-07T18:02:58.488,4,right,558.5,558.051724137931,371.0,557,559,3,42,116,False,True,
run_20260807_175821_881241,8175,272,2026-08-07T18:02:58.488,5,right,581.0,580.5,371.0,579,582,4,43,126,False,True,
run_20260807_175821_881241,8175,272,2026-08-07T18:02:58.488,6,right,603.25,602.094527363184,371.125,600,604,5,66,201,False,True,
run_20260807_175821_881241,8175,272,2026-08-07T18:02:58.488,7,right,625.0,624.9333333333333,370.75,624,626,3,43,120,False,True,
run_20260807_175821_881241,8175,272,2026-08-07T18:02:58.488,8,right,647.0,646.8771929824561,371.0,646,648,3,43,114,False,True,
run_20260807_175821_881241,8175,272,2026-08-07T18:02:58.488,9,right,669.0,668.7904761904762,371.0,668,670,3,43,105,False,True,
run_20260807_175821_881241,8175,272,2026-08-07T18:02:58.488,10,right,691.0,690.4958677685951,371.0,689,692,4,42,121,False,True,
run_20260807_175821_881241,8175,272,2026-08-07T18:02:58.488,11,right,712.3636363636364,711.1857923497267,370.6818181818182,709,713,5,51,183,False,True,
run_20260807_175821_881241,8175,272,2026-08-07T18:02:58.488,12,right,734.0,733.5593220338983,370.75,732,735,4,42,118,False,True,
run_20260807_175821_881241,8205,273,2026-08-07T18:02:59.492,12,left,7.5,7.888888888888889,370.75,7,9,3,42,108,False,True,
run_20260807_175821_881241,8205,273,2026-08-07T18:02:59.492,11,left,29.0,30.321052631578947,370.625,28,33,6,52,190,False,True,
run_20260807_175821_881241,8205,273,2026-08-07T18:02:59.492,10,left,51.0,51.092592592592595,371.0,50,52,3,40,108,False,True,
run_20260807_175821_881241,8205,273,2026-08-07T18:02:59.492,9,left,73.0,73.10576923076923,371.0,72,74,3,39,104,False,True,
run_20260807_175821_881241,8205,273,2026-08-07T18:02:59.492,8,left,95.0,95.08411214953271,371.0,94,96,3,39,107,False,True,
run_20260807_175821_881241,8205,273,2026-08-07T18:02:59.492,7,left,116.5,116.98969072164948,370.75,116,118,3,38,97,False,True,
run_20260807_175821_881241,8205,273,2026-08-07T18:02:59.492,6,left,139.0,140.01382488479263,371.125,138,143,6,69,217,False,True,
run_20260807_175821_881241,8205,273,2026-08-07T18:02:59.492,5,left,161.0,161.17171717171718,371.0,160,162,3,39,99,False,True,
run_20260807_175821_881241,8205,273,2026-08-07T18:02:59.492,4,left,183.5,183.81632653061226,371.0,183,185,3,40,98,False,True,
run_20260807_175821_881241,8205,273,2026-08-07T18:02:59.492,3,left,206.0,206.05982905982907,371.0,205,207,3,42,117,False,True,
run_20260807_175821_881241,8205,273,2026-08-07T18:02:59.492,2,left,228.15384615384616,228.12844036697248,371.0769230769231,227,229,3,42,109,False,True,
run_20260807_175821_881241,8205,273,2026-08-07T18:02:59.492,1,left,250.0,250.5794871794872,371.0,249,252,4,68,195,False,True,
run_20260807_175821_881241,8205,273,2026-08-07T18:02:59.492,0,left,272.0,272.2551020408163,370.5,271,273,3,42,98,True,True,
run_20260807_175821_881241,8205,273,2026-08-07T18:02:59.492,0,right,469.0,469.0,370.5,468,470,3,43,125,True,True,
run_20260807_175821_881241,8205,273,2026-08-07T18:02:59.492,1,right,492.0,491.2676767676768,371.0,490,493,4,70,198,False,True,
run_20260807_175821_881241,8205,273,2026-08-07T18:02:59.492,2,right,514.0,513.875,371.0769230769231,513,515,3,42,112,False,True,
run_20260807_175821_881241,8205,273,2026-08-07T18:02:59.492,3,right,536.0,535.9672131147541,371.0,535,537,3,42,122,False,True,
run_20260807_175821_881241,8205,273,2026-08-07T18:02:59.492,4,right,558.5,558.0434782608696,371.0,557,559,3,42,115,False,True,
run_20260807_175821_881241,8205,273,2026-08-07T18:02:59.492,5,right,581.0,580.5,371.0,579,582,4,43,126,False,True,
run_20260807_175821_881241,8205,273,2026-08-07T18:02:59.492,6,right,603.25,602.0940594059406,371.125,600,604,5,67,202,False,True,
run_20260807_175821_881241,8205,273,2026-08-07T18:02:59.492,7,right,625.0,624.9333333333333,370.75,624,626,3,43,120,False,True,
run_20260807_175821_881241,8205,273,2026-08-07T18:02:59.492,8,right,647.0,646.8771929824561,371.0,646,648,3,43,114,False,True,
run_20260807_175821_881241,8205,273,2026-08-07T18:02:59.492,9,right,669.0,668.7904761904762,371.0,668,670,3,43,105,False,True,
run_20260807_175821_881241,8205,273,2026-08-07T18:02:59.492,10,right,691.0,690.5083333333333,371.0,689,692,4,42,120,False,True,
run_20260807_175821_881241,8205,273,2026-08-07T18:02:59.492,11,right,712.25,710.979381443299,370.625,708,713,6,51,194,False,True,
run_20260807_175821_881241,8205,273,2026-08-07T18:02:59.492,12,right,734.0,733.5833333333334,370.75,732,735,4,42,120,False,True,
run_20260807_175821_881241,8235,274,2026-08-07T18:03:00.492,12,left,7.5,7.876190476190477,370.75,7,9,3,42,105,False,True,
run_20260807_175821_881241,8235,274,2026-08-07T18:03:00.492,11,left,29.0,30.32460732984293,370.75,28,33,6,52,191,False,True,
run_20260807_175821_881241,8235,274,2026-08-07T18:03:00.492,10,left,51.0,51.092592592592595,371.0,50,52,3,40,108,False,True,
run_20260807_175821_881241,8235,274,2026-08-07T18:03:00.492,9,left,73.0,73.08490566037736,371.0,72,74,3,39,106,False,True,
run_20260807_175821_881241,8235,274,2026-08-07T18:03:00.492,8,left,95.0,95.08411214953271,371.0,94,96,3,39,107,False,True,
run_20260807_175821_881241,8235,274,2026-08-07T18:03:00.492,7,left,116.5,116.96842105263158,370.75,116,118,3,38,95,False,True,
run_20260807_175821_881241,8235,274,2026-08-07T18:03:00.492,6,left,139.0,140.00460829493088,371.125,138,143,6,68,217,False,True,
run_20260807_175821_881241,8235,274,2026-08-07T18:03:00.492,5,left,161.0,161.17171717171718,371.0,160,162,3,39,99,False,True,
run_20260807_175821_881241,8235,274,2026-08-07T18:03:00.492,4,left,183.5,183.8125,370.9318181818182,183,185,3,40,96,False,True,
run_20260807_175821_881241,8235,274,2026-08-07T18:03:00.492,3,left,206.0,206.05982905982907,371.0,205,207,3,42,117,False,True,
run_20260807_175821_881241,8235,274,2026-08-07T18:03:00.492,2,left,228.15384615384616,228.12844036697248,371.0769230769231,227,229,3,42,109,False,True,
run_20260807_175821_881241,8235,274,2026-08-07T18:03:00.492,1,left,250.0,250.60846560846562,371.0,249,252,4,68,189,False,True,
run_20260807_175821_881241,8235,274,2026-08-07T18:03:00.492,0,left,272.0,272.2680412371134,370.5,271,273,3,42,97,True,True,
run_20260807_175821_881241,8235,274,2026-08-07T18:03:00.492,0,right,469.0,468.9920634920635,370.5,468,470,3,43,126,True,True,
run_20260807_175821_881241,8235,274,2026-08-07T18:03:00.492,1,right,492.0,491.2676767676768,371.0,490,493,4,70,198,False,True,
run_20260807_175821_881241,8235,274,2026-08-07T18:03:00.492,2,right,514.0,513.9043478260869,371.0769230769231,513,515,3,42,115,False,True,
run_20260807_175821_881241,8235,274,2026-08-07T18:03:00.492,3,right,536.0,535.9586776859504,371.0,535,537,3,42,121,False,True,
run_20260807_175821_881241,8235,274,2026-08-07T18:03:00.492,4,right,558.3636363636364,558.0338983050848,370.9318181818182,557,559,3,42,118,False,True,
run_20260807_175821_881241,8235,274,2026-08-07T18:03:00.492,5,right,581.0,580.5,371.0,579,582,4,43,126,False,True,
run_20260807_175821_881241,8235,274,2026-08-07T18:03:00.492,6,right,603.25,602.0940594059406,371.125,600,604,5,67,202,False,True,
run_20260807_175821_881241,8235,274,2026-08-07T18:03:00.492,7,right,625.0,624.9333333333333,370.75,624,626,3,43,120,False,True,
run_20260807_175821_881241,8235,274,2026-08-07T18:03:00.492,8,right,647.0,646.8771929824561,371.0,646,648,3,43,114,False,True,
run_20260807_175821_881241,8235,274,2026-08-07T18:03:00.492,9,right,669.0,668.8018867924528,371.0,668,670,3,43,106,False,True,
run_20260807_175821_881241,8235,274,2026-08-07T18:03:00.492,10,right,691.0,690.5126050420168,371.0,689,692,4,41,119,False,True,
run_20260807_175821_881241,8235,274,2026-08-07T18:03:00.492,11,right,712.5,710.989417989418,370.75,708,713,6,48,189,False,True,
run_20260807_175821_881241,8235,274,2026-08-07T18:03:00.492,12,right,734.0,733.5714285714286,370.75,732,735,4,42,119,False,True,
run_20260807_175821_881241,8265,275,2026-08-07T18:03:01.492,12,left,7.5,7.897196261682243,370.75,7,9,3,42,107,False,True,
run_20260807_175821_881241,8265,275,2026-08-07T18:03:01.492,11,left,29.0,30.333333333333332,370.5769230769231,28,33,6,53,195,False,True,
run_20260807_175821_881241,8265,275,2026-08-07T18:03:01.492,10,left,51.0,51.091743119266056,371.0,50,52,3,40,109,False,True,
run_20260807_175821_881241,8265,275,2026-08-07T18:03:01.492,9,left,73.0,73.08490566037736,371.0,72,74,3,39,106,False,True,
run_20260807_175821_881241,8265,275,2026-08-07T18:03:01.492,8,left,95.0,95.08411214953271,371.0,94,96,3,39,107,False,True,
run_20260807_175821_881241,8265,275,2026-08-07T18:03:01.492,7,left,116.5,116.97916666666667,370.75,116,118,3,38,96,False,True,
run_20260807_175821_881241,8265,275,2026-08-07T18:03:01.492,6,left,139.0,140.0045871559633,371.125,138,143,6,69,218,False,True,
run_20260807_175821_881241,8265,275,2026-08-07T18:03:01.492,5,left,161.0,161.38392857142858,371.0,160,163,4,39,112,False,True,
run_20260807_175821_881241,8265,275,2026-08-07T18:03:01.492,4,left,183.5,183.82828282828282,371.0,183,185,3,40,99,False,True,
run_20260807_175821_881241,8265,275,2026-08-07T18:03:01.492,3,left,206.0,206.05982905982907,371.0,205,207,3,42,117,False,True,
run_20260807_175821_881241,8265,275,2026-08-07T18:03:01.492,2,left,228.07142857142858,228.11818181818182,371.0357142857143,227,229,3,42,110,False,True,
run_20260807_175821_881241,8265,275,2026-08-07T18:03:01.492,1,left,250.0,250.58333333333334,371.0,249,252,4,68,192,False,True,
run_20260807_175821_881241,8265,275,2026-08-07T18:03:01.492,0,left,272.0,272.29473684210524,370.5,271,273,3,42,95,True,True,
run_20260807_175821_881241,8265,275,2026-08-07T18:03:01.492,0,right,469.0,469.0,370.5,468,470,3,43,125,True,True,
run_20260807_175821_881241,8265,275,2026-08-07T18:03:01.492,1,right,492.0,491.2676767676768,371.0,490,493,4,70,198,False,True,
run_20260807_175821_881241,8265,275,2026-08-07T18:03:01.492,2,right,514.0,513.875,371.0357142857143,513,515,3,42,112,False,True,
run_20260807_175821_881241,8265,275,2026-08-07T18:03:01.492,3,right,536.0,535.9672131147541,371.0,535,537,3,42,122,False,True,
run_20260807_175821_881241,8265,275,2026-08-07T18:03:01.492,4,right,558.5,558.0714285714286,371.0,557,559,3,42,112,False,True,
run_20260807_175821_881241,8265,275,2026-08-07T18:03:01.492,5,right,581.0,580.5,371.0,579,582,4,43,126,False,True,
run_20260807_175821_881241,8265,275,2026-08-07T18:03:01.492,6,right,603.25,602.0886699507389,371.125,600,604,5,67,203,False,True,
run_20260807_175821_881241,8265,275,2026-08-07T18:03:01.492,7,right,625.0,624.9333333333333,370.75,624,626,3,43,120,False,True,
run_20260807_175821_881241,8265,275,2026-08-07T18:03:01.492,8,right,647.0,646.8771929824561,371.0,646,648,3,43,114,False,True,
run_20260807_175821_881241,8265,275,2026-08-07T18:03:01.492,9,right,669.0,668.8018867924528,371.0,668,670,3,43,106,False,True,
run_20260807_175821_881241,8265,275,2026-08-07T18:03:01.492,10,right,691.0,690.5126050420168,371.0,689,692,4,41,119,False,True,
run_20260807_175821_881241,8265,275,2026-08-07T18:03:01.492,11,right,712.1538461538462,711.1857923497267,370.5769230769231,709,713,5,51,183,False,True,
run_20260807_175821_881241,8265,275,2026-08-07T18:03:01.492,12,right,734.0,733.5583333333333,370.75,732,735,4,42,120,False,True,
run_20260807_175821_881241,8296,276,2026-08-07T18:03:02.523,12,left,7.5,7.886792452830188,370.75,7,9,3,42,106,False,True,
run_20260807_175821_881241,8296,276,2026-08-07T18:03:02.523,11,left,29.0,30.326315789473686,370.5357142857143,28,33,6,51,190,False,True,
run_20260807_175821_881241,8296,276,2026-08-07T18:03:02.523,10,left,51.0,51.091743119266056,371.0,50,52,3,40,109,False,True,
run_20260807_175821_881241,8296,276,2026-08-07T18:03:02.523,9,left,73.0,73.08490566037736,371.0,72,74,3,39,106,False,True,
run_20260807_175821_881241,8296,276,2026-08-07T18:03:02.523,8,left,95.0,95.08411214953271,371.0,94,96,3,39,107,False,True,
run_20260807_175821_881241,8296,276,2026-08-07T18:03:02.523,7,left,116.5,117.0,370.75,116,118,3,38,98,False,True,
run_20260807_175821_881241,8296,276,2026-08-07T18:03:02.523,6,left,139.0,140.03286384976525,371.125,138,143,6,69,213,False,True,
run_20260807_175821_881241,8296,276,2026-08-07T18:03:02.523,5,left,161.0,161.17171717171718,371.0,160,162,3,39,99,False,True,
run_20260807_175821_881241,8296,276,2026-08-07T18:03:02.523,4,left,183.5,183.8041237113402,371.0,183,185,3,40,97,False,True,
run_20260807_175821_881241,8296,276,2026-08-07T18:03:02.523,3,left,206.0,206.05982905982907,371.0,205,207,3,42,117,False,True,
run_20260807_175821_881241,8296,276,2026-08-07T18:03:02.523,2,left,228.15384615384616,228.13888888888889,371.0769230769231,227,229,3,42,108,False,True,
run_20260807_175821_881241,8296,276,2026-08-07T18:03:02.523,1,left,250.0,250.60526315789474,371.0,249,252,4,68,190,False,True,
run_20260807_175821_881241,8296,276,2026-08-07T18:03:02.523,0,left,272.0,272.2551020408163,370.5,271,273,3,42,98,True,True,
run_20260807_175821_881241,8296,276,2026-08-07T18:03:02.523,0,right,469.0,469.008064516129,370.5,468,470,3,43,124,True,True,
run_20260807_175821_881241,8296,276,2026-08-07T18:03:02.523,1,right,492.0,491.2676767676768,371.0,490,493,4,70,198,False,True,
run_20260807_175821_881241,8296,276,2026-08-07T18:03:02.523,2,right,514.0,513.9043478260869,371.0769230769231,513,515,3,42,115,False,True,
run_20260807_175821_881241,8296,276,2026-08-07T18:03:02.523,3,right,536.0,535.9586776859504,371.0,535,537,3,42,121,False,True,
run_20260807_175821_881241,8296,276,2026-08-07T18:03:02.523,4,right,558.5,558.0344827586207,371.0,557,559,3,42,116,False,True,
run_20260807_175821_881241,8296,276,2026-08-07T18:03:02.523,5,right,581.0,580.5,371.0,579,582,4,43,126,False,True,
run_20260807_175821_881241,8296,276,2026-08-07T18:03:02.523,6,right,603.25,602.0940594059406,371.125,600,604,5,67,202,False,True,
run_20260807_175821_881241,8296,276,2026-08-07T18:03:02.523,7,right,625.0,624.9333333333333,370.75,624,626,3,43,120,False,True,
run_20260807_175821_881241,8296,276,2026-08-07T18:03:02.523,8,right,647.0,646.8771929824561,371.0,646,648,3,43,114,False,True,
run_20260807_175821_881241,8296,276,2026-08-07T18:03:02.523,9,right,669.0,668.8018867924528,371.0,668,670,3,43,106,False,True,
run_20260807_175821_881241,8296,276,2026-08-07T18:03:02.523,10,right,691.0,690.5083333333333,371.0,689,692,4,42,120,False,True,
run_20260807_175821_881241,8296,276,2026-08-07T18:03:02.523,11,right,712.0714285714286,711.0,370.5357142857143,708,713,6,54,197,False,True,
run_20260807_175821_881241,8296,276,2026-08-07T18:03:02.523,12,right,734.0,733.5714285714286,370.75,732,735,4,42,119,False,True,
run_20260807_175821_881241,8327,277,2026-08-07T18:03:03.555,12,left,7.5,7.857142857142857,370.75,7,9,3,42,105,False,True,
run_20260807_175821_881241,8327,277,2026-08-07T18:03:03.555,11,left,29.0,30.335051546391753,370.5769230769231,28,33,6,52,194,False,True,
run_20260807_175821_881241,8327,277,2026-08-07T18:03:03.555,10,left,51.0,51.091743119266056,371.0,50,52,3,40,109,False,True,
run_20260807_175821_881241,8327,277,2026-08-07T18:03:03.555,9,left,73.0,73.08411214953271,371.0,72,74,3,39,107,False,True,
run_20260807_175821_881241,8327,277,2026-08-07T18:03:03.555,8,left,95.0,95.08411214953271,371.0,94,96,3,39,107,False,True,
run_20260807_175821_881241,8327,277,2026-08-07T18:03:03.555,7,left,116.5,116.97916666666667,370.75,116,118,3,38,96,False,True,
run_20260807_175821_881241,8327,277,2026-08-07T18:03:03.555,6,left,139.0,140.01388888888889,371.125,138,143,6,68,216,False,True,
run_20260807_175821_881241,8327,277,2026-08-07T18:03:03.555,5,left,161.0,161.17171717171718,371.0,160,162,3,39,99,False,True,
run_20260807_175821_881241,8327,277,2026-08-07T18:03:03.555,4,left,183.5,183.81632653061226,370.9318181818182,183,185,3,40,98,False,True,
run_20260807_175821_881241,8327,277,2026-08-07T18:03:03.555,3,left,206.0,206.05982905982907,371.0,205,207,3,42,117,False,True,
run_20260807_175821_881241,8327,277,2026-08-07T18:03:03.555,2,left,228.07142857142858,228.12844036697248,371.0357142857143,227,229,3,42,109,False,True,
run_20260807_175821_881241,8327,277,2026-08-07T18:03:03.555,1,left,250.0,250.58031088082902,371.0,249,252,4,68,193,False,True,
run_20260807_175821_881241,8327,277,2026-08-07T18:03:03.555,0,left,272.0,272.2680412371134,370.5,271,273,3,42,97,True,True,
run_20260807_175821_881241,8327,277,2026-08-07T18:03:03.555,0,right,469.0,469.0,370.5,468,470,3,43,125,True,True,
run_20260807_175821_881241,8327,277,2026-08-07T18:03:03.555,1,right,492.0,491.2676767676768,371.0,490,493,4,70,198,False,True,
run_20260807_175821_881241,8327,277,2026-08-07T18:03:03.555,2,right,514.0,513.9043478260869,371.0357142857143,513,515,3,42,115,False,True,
run_20260807_175821_881241,8327,277,2026-08-07T18:03:03.555,3,right,536.0,535.9586776859504,371.0,535,537,3,42,121,False,True,
run_20260807_175821_881241,8327,277,2026-08-07T18:03:03.555,4,right,558.3636363636364,558.0338983050848,370.9318181818182,557,559,3,42,118,False,True,
run_20260807_175821_881241,8327,277,2026-08-07T18:03:03.555,5,right,581.0,580.5,371.0,579,582,4,43,126,False,True,
run_20260807_175821_881241,8327,277,2026-08-07T18:03:03.555,6,right,603.25,602.0995024875622,371.125,600,604,5,67,201,False,True,
run_20260807_175821_881241,8327,277,2026-08-07T18:03:03.555,7,right,625.0,624.9411764705883,370.75,624,626,3,42,119,False,True,
run_20260807_175821_881241,8327,277,2026-08-07T18:03:03.555,8,right,647.0,646.8672566371681,371.0,646,648,3,43,113,False,True,
run_20260807_175821_881241,8327,277,2026-08-07T18:03:03.555,9,right,669.0,668.8130841121496,371.0,668,670,3,43,107,False,True,
run_20260807_175821_881241,8327,277,2026-08-07T18:03:03.555,10,right,691.0,690.5128205128206,371.0,689,692,4,41,117,False,True,
run_20260807_175821_881241,8327,277,2026-08-07T18:03:03.555,11,right,712.1538461538462,711.0,370.5769230769231,708,713,6,51,194,False,True,
run_20260807_175821_881241,8327,277,2026-08-07T18:03:03.555,12,right,734.0,733.5583333333333,370.75,732,735,4,42,120,False,True,
run_20260807_175821_881241,8357,278,2026-08-07T18:03:04.579,12,left,7.5,7.888888888888889,370.75,7,9,3,42,108,False,True,
run_20260807_175821_881241,8357,278,2026-08-07T18:03:04.579,11,left,29.0,30.32460732984293,370.5769230769231,28,33,6,52,191,False,True,
run_20260807_175821_881241,8357,278,2026-08-07T18:03:04.579,10,left,51.0,51.091743119266056,371.0,50,52,3,40,109,False,True,
run_20260807_175821_881241,8357,278,2026-08-07T18:03:04.579,9,left,73.0,73.08490566037736,371.0,72,74,3,39,106,False,True,
run_20260807_175821_881241,8357,278,2026-08-07T18:03:04.579,8,left,95.0,95.08411214953271,371.0,94,96,3,39,107,False,True,
run_20260807_175821_881241,8357,278,2026-08-07T18:03:04.579,7,left,116.5,116.97916666666667,370.75,116,118,3,38,96,False,True,
run_20260807_175821_881241,8357,278,2026-08-07T18:03:04.579,6,left,139.0,140.04205607476635,371.125,138,143,6,69,214,False,True,
run_20260807_175821_881241,8357,278,2026-08-07T18:03:04.579,5,left,161.0,161.38392857142858,371.0,160,163,4,39,112,False,True,
run_20260807_175821_881241,8357,278,2026-08-07T18:03:04.579,4,left,183.5,183.81632653061226,370.9318181818182,183,185,3,40,98,False,True,
run_20260807_175821_881241,8357,278,2026-08-07T18:03:04.579,3,left,206.0,206.05982905982907,371.0,205,207,3,42,117,False,True,
run_20260807_175821_881241,8357,278,2026-08-07T18:03:04.579,2,left,228.07142857142858,228.11818181818182,371.0357142857143,227,229,3,42,110,False,True,
run_20260807_175821_881241,8357,278,2026-08-07T18:03:04.579,1,left,250.0,250.63440860215053,371.0,249,252,4,68,186,False,True,
run_20260807_175821_881241,8357,278,2026-08-07T18:03:04.579,0,left,272.0,272.2551020408163,370.5,271,273,3,42,98,True,True,
run_20260807_175821_881241,8357,278,2026-08-07T18:03:04.579,0,right,469.0,468.9920634920635,370.5,468,470,3,43,126,True,True,
run_20260807_175821_881241,8357,278,2026-08-07T18:03:04.579,1,right,492.0,491.28061224489795,371.0,490,493,4,70,196,False,True,
run_20260807_175821_881241,8357,278,2026-08-07T18:03:04.579,2,right,514.0,513.9043478260869,371.0357142857143,513,515,3,42,115,False,True,
run_20260807_175821_881241,8357,278,2026-08-07T18:03:04.579,3,right,536.0,535.9586776859504,371.0,535,537,3,42,121,False,True,
run_20260807_175821_881241,8357,278,2026-08-07T18:03:04.579,4,right,558.3636363636364,558.025641025641,370.9318181818182,557,559,3,42,117,False,True,
run_20260807_175821_881241,8357,278,2026-08-07T18:03:04.579,5,right,581.0,580.488188976378,371.0,579,582,4,43,127,False,True,
run_20260807_175821_881241,8357,278,2026-08-07T18:03:04.579,6,right,603.25,602.105,371.125,600,604,5,66,200,False,True,
run_20260807_175821_881241,8357,278,2026-08-07T18:03:04.579,7,right,625.0,624.9333333333333,370.75,624,626,3,43,120,False,True,
run_20260807_175821_881241,8357,278,2026-08-07T18:03:04.579,8,right,647.0,646.8571428571429,371.0,646,648,3,43,112,False,True,
run_20260807_175821_881241,8357,278,2026-08-07T18:03:04.579,9,right,669.0,668.8130841121496,371.0,668,670,3,43,107,False,True,
run_20260807_175821_881241,8357,278,2026-08-07T18:03:04.579,10,right,691.0,690.5344827586207,371.0,689,692,4,42,116,False,True,
run_20260807_175821_881241,8357,278,2026-08-07T18:03:04.579,11,right,712.1538461538462,711.1703296703297,370.5769230769231,709,713,5,52,182,False,True,
run_20260807_175821_881241,8357,278,2026-08-07T18:03:04.579,12,right,734.0,733.5593220338983,370.75,732,735,4,42,118,False,True,
run_20260807_175821_881241,8388,279,2026-08-07T18:03:05.600,12,left,7.5,7.888888888888889,370.75,7,9,3,42,108,False,True,
run_20260807_175821_881241,8388,279,2026-08-07T18:03:05.600,11,left,29.0,30.326424870466322,370.5,28,33,6,52,193,False,True,
run_20260807_175821_881241,8388,279,2026-08-07T18:03:05.600,10,left,51.0,51.091743119266056,371.0,50,52,3,40,109,False,True,
run_20260807_175821_881241,8388,279,2026-08-07T18:03:05.600,9,left,73.0,73.08490566037736,371.0,72,74,3,39,106,False,True,
run_20260807_175821_881241,8388,279,2026-08-07T18:03:05.600,8,left,95.0,95.08411214953271,371.0,94,96,3,39,107,False,True,
run_20260807_175821_881241,8388,279,2026-08-07T18:03:05.600,7,left,116.5,116.97916666666667,370.75,116,118,3,38,96,False,True,
run_20260807_175821_881241,8388,279,2026-08-07T18:03:05.600,6,left,139.0,139.99539170506912,371.125,138,143,6,69,217,False,True,
run_20260807_175821_881241,8388,279,2026-08-07T18:03:05.600,5,left,161.0,161.38392857142858,371.0,160,163,4,39,112,False,True,
run_20260807_175821_881241,8388,279,2026-08-07T18:03:05.600,4,left,183.5,183.8041237113402,370.9318181818182,183,185,3,40,97,False,True,
run_20260807_175821_881241,8388,279,2026-08-07T18:03:05.600,3,left,206.0,206.05982905982907,371.0,205,207,3,42,117,False,True,
run_20260807_175821_881241,8388,279,2026-08-07T18:03:05.600,2,left,228.15384615384616,228.12844036697248,371.0769230769231,227,229,3,42,109,False,True,
run_20260807_175821_881241,8388,279,2026-08-07T18:03:05.600,1,left,250.0,250.60846560846562,371.0,249,252,4,68,189,False,True,
run_20260807_175821_881241,8388,279,2026-08-07T18:03:05.600,0,left,272.0,272.2680412371134,370.5,271,273,3,42,97,True,True,
run_20260807_175821_881241,8388,279,2026-08-07T18:03:05.600,0,right,469.0,469.0,370.5,468,470,3,43,125,True,True,
run_20260807_175821_881241,8388,279,2026-08-07T18:03:05.600,1,right,492.0,491.2741116751269,371.0,490,493,4,70,197,False,True,
run_20260807_175821_881241,8388,279,2026-08-07T18:03:05.600,2,right,514.0,513.9043478260869,371.0769230769231,513,515,3,42,115,False,True,
run_20260807_175821_881241,8388,279,2026-08-07T18:03:05.600,3,right,536.0,535.9586776859504,371.0,535,537,3,42,121,False,True,
run_20260807_175821_881241,8388,279,2026-08-07T18:03:05.600,4,right,558.3636363636364,558.0338983050848,370.9318181818182,557,559,3,42,118,False,True,
run_20260807_175821_881241,8388,279,2026-08-07T18:03:05.600,5,right,581.0,580.5,371.0,579,582,4,43,126,False,True,
run_20260807_175821_881241,8388,279,2026-08-07T18:03:05.600,6,right,603.25,602.0886699507389,371.125,600,604,5,67,203,False,True,
run_20260807_175821_881241,8388,279,2026-08-07T18:03:05.600,7,right,625.0,624.9333333333333,370.75,624,626,3,43,120,False,True,
run_20260807_175821_881241,8388,279,2026-08-07T18:03:05.600,8,right,647.0,646.8771929824561,371.0,646,648,3,43,114,False,True,
run_20260807_175821_881241,8388,279,2026-08-07T18:03:05.600,9,right,669.0,668.8130841121496,371.0,668,670,3,43,107,False,True,
run_20260807_175821_881241,8388,279,2026-08-07T18:03:05.600,10,right,691.0,690.551724137931,371.0,689,692,4,41,116,False,True,
run_20260807_175821_881241,8388,279,2026-08-07T18:03:05.600,11,right,712.0,711.1827956989247,370.5,709,713,5,54,186,False,True,
run_20260807_175821_881241,8388,279,2026-08-07T18:03:05.600,12,right,734.0,733.5714285714286,370.75,732,735,4,42,119,False,True,
