run_id,frame_id,measurement_index,datetime,status,failure_reason,warning_text,capture_ms,binary_ms,measurement_ms,total_processing_ms,record_mode,logger_mode,image_width,image_height,axis_y,axis_half_height,tick_band_y1,tick_band_y2,logo_x1,logo_x2,logo_source,candidate_count,left_candidate_count,right_candidate_count,valid_tick_count,invalid_tick_count,left_reference_x,right_reference_x,reference_midpoint_x,reference_span_px,inner_center_x,all_pairs_center_x,pair_center_std_px,left_pitch_px_per_div,right_pitch_px_per_div,global_pitch_px_per_div,left_gap_mean_px,left_gap_std_px,left_gap_cv,right_gap_mean_px,right_gap_std_px,right_gap_cv,all_gap_mean_px,all_gap_std_px,left_right_gap_abs_diff_mean_px,left_right_gap_abs_diff_max_px,axis_centroid_offset_mean_px,axis_centroid_offset_std_px,camera_ae_enable,camera_awb_enable,camera_awb_mode,camera_frame_duration_limits,camera_exposure_time,camera_analogue_gain,camera_brightness,camera_contrast,camera_lens_position,camera_settings_json
run_20260926_005346_067436,1,1,2026-09-26T00:53:46.606,FAIL,Expected 13 valid left-side ticks; found 12.,Reference-tick midpoint differs from logo center by more than half a division.,230.7054220000282,21.35561700015387,25.893015001202002,278.7659909990907,interval,append-only,740,160,80,2,30,125,304,441,provided,25,12,13,25,0,191.5,583.0,387.25,391.5,377.5,377.7159992784993,0.19083398215526873,18.77777777777777,19.0,18.781746031746025,18.681818181818183,0.24878332241608545,0.01331686883979046,18.708333333333332,0.37960139913101243,0.020290497949096434,18.695652173913043,0.3239716934537654,0.40197428833792515,0.8636363636363598,-0.004235428709827715,0.35150049212333806,False,True,Cloudy,"[33333, 33333]",17000,16.0,0.0,1.2,12.0,"{""AeEnable"": false, ""AwbEnable"": true, ""AwbMode"": ""Cloudy"", ""FrameDurationLimits"": [33333, 33333], ""ExposureTime"": 17000, ""AnalogueGain"": 16.0, ""Brightness"": 0.0, ""Contrast"": 1.2, ""LensPosition"": 12.0}"
run_20260926_005346_067436,27,2,2026-09-26T00:53:47.631,FAIL,Expected 13 valid left-side ticks; found 12.; Left long reference tick was not found.; Right long reference tick was not found.,,19.904038999811746,2.4787710008240538,3.553852999175433,25.95990300142148,interval,append-only,740,160,80,2,30,125,304,441,provided,25,12,13,25,0,,,,,377.5,377.6946924603174,0.1558640489278503,18.785714285714278,18.75,18.73313492063491,18.681818181818183,0.2804030661238958,0.01500940986551267,18.708333333333332,0.3200477394945253,0.017107228837123848,18.695652173913043,0.3020283787009144,0.27417027417027384,0.7222222222222285,-0.03619575040692439,0.30736960854607653,False,True,Cloudy,"[33333, 33333]",17000,16.0,0.0,1.2,12.0,"{""AeEnable"": false, ""AwbEnable"": true, ""AwbMode"": ""Cloudy"", ""FrameDurationLimits"": [33333, 33333], ""ExposureTime"": 17000, ""AnalogueGain"": 16.0, ""Brightness"": 0.0, ""Contrast"": 1.2, ""LensPosition"": 12.0}"
run_20260926_005346_067436,52,3,2026-09-26T00:53:48.636,FAIL,Expected 13 valid left-side ticks; found 12.; Left long reference tick was not found.; Right long reference tick was not found.,,1.413264000802883,2.848915999493329,4.152327999690897,8.450710998658906,interval,append-only,740,160,80,2,30,125,304,441,provided,25,12,13,25,0,,,,,377.5,377.7051091269841,0.15503306705492978,18.714285714285722,18.75,18.697420634920633,18.681818181818183,0.22768435432845888,0.012187483686681495,18.708333333333332,0.3200477394945253,0.017107228837123848,18.695652173913043,0.2800188967453654,0.27417027417027384,0.7222222222222285,-0.02557193930823985,0.3010602272020436,False,True,Cloudy,"[33333, 33333]",17000,16.0,0.0,1.2,12.0,"{""AeEnable"": false, ""AwbEnable"": true, ""AwbMode"": ""Cloudy"", ""FrameDurationLimits"": [33333, 33333], ""ExposureTime"": 17000, ""AnalogueGain"": 16.0, ""Brightness"": 0.0, ""Contrast"": 1.2, ""LensPosition"": 12.0}"
run_20260926_005346_067436,81,4,2026-09-26T00:53:49.664,FAIL,Expected 13 valid left-side ticks; found 12.; Left long reference tick was not found.; Right long reference tick was not found.,,19.926557999497163,2.518510998925194,3.530075000526267,26.583397999274894,interval,append-only,740,160,80,2,30,125,304,441,provided,25,12,13,25,0,,,,,377.5,377.6946924603174,0.1558640489278503,18.785714285714278,18.75,18.73313492063491,18.681818181818183,0.2804030661238958,0.01500940986551267,18.708333333333332,0.3200477394945253,0.017107228837123848,18.695652173913043,0.3020283787009144,0.27417027417027384,0.7222222222222285,-0.034302464314324654,0.3082597661004942,False,True,Cloudy,"[33333, 33333]",17000,16.0,0.0,1.2,12.0,"{""AeEnable"": false, ""AwbEnable"": true, ""AwbMode"": ""Cloudy"", ""FrameDurationLimits"": [33333, 33333], ""ExposureTime"": 17000, ""AnalogueGain"": 16.0, ""Brightness"": 0.0, ""Contrast"": 1.2, ""LensPosition"": 12.0}"
run_20260926_005346_067436,111,5,2026-09-26T00:53:50.668,FAIL,Expected 13 valid left-side ticks; found 12.; Left long reference tick was not found.; Right long reference tick was not found.,,3.119115999652422,3.3518919990456197,4.819710999072413,11.317348999000387,interval,append-only,740,160,80,2,30,125,304,441,provided,25,12,13,25,0,,,,,377.5,377.7051091269841,0.15503306705492978,18.714285714285722,18.75,18.697420634920633,18.681818181818183,0.22768435432845888,0.012187483686681495,18.708333333333332,0.3200477394945253,0.017107228837123848,18.695652173913043,0.2800188967453654,0.27417027417027384,0.7222222222222285,-0.028905551082316946,0.30336274518849554,False,True,Cloudy,"[33333, 33333]",17000,16.0,0.0,1.2,12.0,"{""AeEnable"": false, ""AwbEnable"": true, ""AwbMode"": ""Cloudy"", ""FrameDurationLimits"": [33333, 33333], ""ExposureTime"": 17000, ""AnalogueGain"": 16.0, ""Brightness"": 0.0, ""Contrast"": 1.2, ""LensPosition"": 12.0}"
run_20260926_005346_067436,141,6,2026-09-26T00:53:51.691,FAIL,Expected 13 valid left-side ticks; found 12.; Left long reference tick was not found.; Right long reference tick was not found.,,1.5069479995872825,2.8695639994111843,4.4160849993204465,8.821855000860523,interval,append-only,740,160,80,2,30,125,304,441,provided,25,12,13,25,0,,,,,377.5,377.7051091269841,0.15503306705492978,18.714285714285722,18.75,18.697420634920633,18.681818181818183,0.22768435432845888,0.012187483686681495,18.708333333333332,0.3200477394945253,0.017107228837123848,18.695652173913043,0.2800188967453654,0.27417027417027384,0.7222222222222285,-0.0231475603710993,0.3010357793634303,False,True,Cloudy,"[33333, 33333]",17000,16.0,0.0,1.2,12.0,"{""AeEnable"": false, ""AwbEnable"": true, ""AwbMode"": ""Cloudy"", ""FrameDurationLimits"": [33333, 33333], ""ExposureTime"": 17000, ""AnalogueGain"": 16.0, ""Brightness"": 0.0, ""Contrast"": 1.2, ""LensPosition"": 12.0}"
run_20260926_005346_067436,172,7,2026-09-26T00:53:52.697,FAIL,Expected 13 valid left-side ticks; found 12.; Left long reference tick was not found.; Right long reference tick was not found.,,19.007602999408846,2.490030001354171,3.6074639992875746,25.125893000222277,interval,append-only,740,160,80,2,30,125,304,441,provided,25,12,13,25,0,,,,,377.5,377.7051091269841,0.15503306705492978,18.714285714285722,18.75,18.697420634920633,18.681818181818183,0.22768435432845888,0.012187483686681495,18.708333333333332,0.3200477394945253,0.017107228837123848,18.695652173913043,0.2800188967453654,0.27417027417027384,0.7222222222222285,-0.02520876069057181,0.3030404417447043,False,True,Cloudy,"[33333, 33333]",17000,16.0,0.0,1.2,12.0,"{""AeEnable"": false, ""AwbEnable"": true, ""AwbMode"": ""Cloudy"", ""FrameDurationLimits"": [33333, 33333], ""ExposureTime"": 17000, ""AnalogueGain"": 16.0, ""Brightness"": 0.0, ""Contrast"": 1.2, ""LensPosition"": 12.0}"
run_20260926_005346_067436,202,8,2026-09-26T00:53:53.699,FAIL,Expected 13 valid left-side ticks; found 12.; Left long reference tick was not found.; Right long reference tick was not found.,,7.716310999967391,2.5099739996221615,3.5375009993003914,13.785266999548185,interval,append-only,740,160,80,2,30,125,304,441,provided,25,12,13,25,0,,,,,377.5,377.7051091269841,0.15503306705492978,18.714285714285722,18.75,18.697420634920633,18.681818181818183,0.22768435432845888,0.012187483686681495,18.708333333333332,0.3200477394945253,0.017107228837123848,18.695652173913043,0.2800188967453654,0.27417027417027384,0.7222222222222285,-0.026374493872828565,0.3039511511894547,False,True,Cloudy,"[33333, 33333]",17000,16.0,0.0,1.2,12.0,"{""AeEnable"": false, ""AwbEnable"": true, ""AwbMode"": ""Cloudy"", ""FrameDurationLimits"": [33333, 33333], ""ExposureTime"": 17000, ""AnalogueGain"": 16.0, ""Brightness"": 0.0, ""Contrast"": 1.2, ""LensPosition"": 12.0}"
run_20260926_005346_067436,230,9,2026-09-26T00:53:54.716,FAIL,Expected 13 valid left-side ticks; found 12.; Left long reference tick was not found.; Right long reference tick was not found.,,1.424949001375353,2.900748999309144,4.209884000374586,9.388608999870485,interval,append-only,740,160,80,2,30,125,304,441,provided,25,12,13,25,0,,,,,377.5,377.7051091269841,0.15503306705492978,18.714285714285722,18.75,18.697420634920633,18.681818181818183,0.22768435432845888,0.012187483686681495,18.708333333333332,0.3200477394945253,0.017107228837123848,18.695652173913043,0.2800188967453654,0.27417027417027384,0.7222222222222285,-0.027569629552680795,0.3036612338133347,False,True,Cloudy,"[33333, 33333]",17000,16.0,0.0,1.2,12.0,"{""AeEnable"": false, ""AwbEnable"": true, ""AwbMode"": ""Cloudy"", ""FrameDurationLimits"": [33333, 33333], ""ExposureTime"": 17000, ""AnalogueGain"": 16.0, ""Brightness"": 0.0, ""Contrast"": 1.2, ""LensPosition"": 12.0}"
run_20260926_005346_067436,260,10,2026-09-26T00:53:55.730,FAIL,Expected 13 valid left-side ticks; found 12.; Left long reference tick was not found.; Right long reference tick was not found.,,17.933355999048217,2.487400000973139,3.5446129986667074,23.985868001545896,interval,append-only,740,160,80,2,30,125,304,441,provided,25,12,13,25,0,,,,,377.5,377.7051091269841,0.15503306705492978,18.714285714285722,18.75,18.697420634920633,18.681818181818183,0.22768435432845888,0.012187483686681495,18.708333333333332,0.3200477394945253,0.017107228837123848,18.695652173913043,0.2800188967453654,0.27417027417027384,0.7222222222222285,-0.021123476736098042,0.3038205529778598,False,True,Cloudy,"[33333, 33333]",17000,16.0,0.0,1.2,12.0,"{""AeEnable"": false, ""AwbEnable"": true, ""AwbMode"": ""Cloudy"", ""FrameDurationLimits"": [33333, 33333], ""ExposureTime"": 17000, ""AnalogueGain"": 16.0, ""Brightness"": 0.0, ""Contrast"": 1.2, ""LensPosition"": 12.0}"
run_20260926_005346_067436,290,11,2026-09-26T00:53:56.753,FAIL,Expected 13 valid left-side ticks; found 12.; Left long reference tick was not found.; Right long reference tick was not found.,,1.5864470005908515,3.4893160009232815,5.464796000524075,10.582466999039752,interval,append-only,740,160,80,2,30,125,304,441,provided,25,12,13,25,0,,,,,377.5,377.7051091269841,0.15503306705492978,18.714285714285722,18.75,18.697420634920633,18.681818181818183,0.22768435432845888,0.012187483686681495,18.708333333333332,0.3200477394945253,0.017107228837123848,18.695652173913043,0.2800188967453654,0.27417027417027384,0.7222222222222285,-0.0227581181274752,0.30565489796200906,False,True,Cloudy,"[33333, 33333]",17000,16.0,0.0,1.2,12.0,"{""AeEnable"": false, ""AwbEnable"": true, ""AwbMode"": ""Cloudy"", ""FrameDurationLimits"": [33333, 33333], ""ExposureTime"": 17000, ""AnalogueGain"": 16.0, ""Brightness"": 0.0, ""Contrast"": 1.2, ""LensPosition"": 12.0}"
run_20260926_005346_067436,321,12,2026-09-26T00:53:57.767,FAIL,Expected 13 valid left-side ticks; found 12.; Left long reference tick was not found.; Right long reference tick was not found.,,15.794302998983767,3.2645960000081686,4.893321000054129,23.97749700139684,interval,append-only,740,160,80,2,30,125,304,441,provided,25,12,13,25,0,,,,,377.5,377.7051091269841,0.15503306705492978,18.714285714285722,18.75,18.697420634920633,18.681818181818183,0.22768435432845888,0.012187483686681495,18.708333333333332,0.3200477394945253,0.017107228837123848,18.695652173913043,0.2800188967453654,0.27417027417027384,0.7222222222222285,-0.025157238522114652,0.3010175981052195,False,True,Cloudy,"[33333, 33333]",17000,16.0,0.0,1.2,12.0,"{""AeEnable"": false, ""AwbEnable"": true, ""AwbMode"": ""Cloudy"", ""FrameDurationLimits"": [33333, 33333], ""ExposureTime"": 17000, ""AnalogueGain"": 16.0, ""Brightness"": 0.0, ""Contrast"": 1.2, ""LensPosition"": 12.0}"
run_20260926_005346_067436,351,13,2026-09-26T00:53:58.786,FAIL,Expected 13 valid left-side ticks; found 12.; Left long reference tick was not found.; Right long reference tick was not found.,,1.6033720003179042,3.795164999246481,5.34457600042515,10.782908999317442,interval,append-only,740,160,80,2,30,125,304,441,provided,25,12,13,25,0,,,,,377.5,377.7051091269841,0.15503306705492978,18.714285714285722,18.75,18.697420634920633,18.681818181818183,0.22768435432845888,0.012187483686681495,18.708333333333332,0.3200477394945253,0.017107228837123848,18.695652173913043,0.2800188967453654,0.27417027417027384,0.7222222222222285,-0.025158971598284553,0.3020701328522596,False,True,Cloudy,"[33333, 33333]",17000,16.0,0.0,1.2,12.0,"{""AeEnable"": false, ""AwbEnable"": true, ""AwbMode"": ""Cloudy"", ""FrameDurationLimits"": [33333, 33333], ""ExposureTime"": 17000, ""AnalogueGain"": 16.0, ""Brightness"": 0.0, ""Contrast"": 1.2, ""LensPosition"": 12.0}"
run_20260926_005346_067436,382,14,2026-09-26T00:53:59.801,FAIL,Expected 13 valid left-side ticks; found 12.; Left long reference tick was not found.; Right long reference tick was not found.,,16.268150000541937,4.088532999958261,4.5528979990194784,25.645481000537984,interval,append-only,740,160,80,2,30,125,304,441,provided,25,12,13,25,0,,,,,377.5,377.7051091269841,0.15503306705492978,18.714285714285722,18.75,18.697420634920633,18.681818181818183,0.22768435432845888,0.012187483686681495,18.708333333333332,0.3200477394945253,0.017107228837123848,18.695652173913043,0.2800188967453654,0.27417027417027384,0.7222222222222285,-0.025124387183775524,0.30317595732037034,False,True,Cloudy,"[33333, 33333]",17000,16.0,0.0,1.2,12.0,"{""AeEnable"": false, ""AwbEnable"": true, ""AwbMode"": ""Cloudy"", ""FrameDurationLimits"": [33333, 33333], ""ExposureTime"": 17000, ""AnalogueGain"": 16.0, ""Brightness"": 0.0, ""Contrast"": 1.2, ""LensPosition"": 12.0}"
run_20260926_005346_067436,413,15,2026-09-26T00:54:00.831,FAIL,Expected 13 valid left-side ticks; found 12.; Left long reference tick was not found.; Right long reference tick was not found.,,19.704745000126422,2.646973000082653,3.5961119992862223,25.96944100150722,interval,append-only,740,160,80,2,30,125,304,441,provided,25,12,13,25,0,,,,,377.5,377.70916005291,0.15388065288153466,18.714285714285722,18.75,18.697420634920633,18.681818181818183,0.2085492812069545,0.011163221865092455,18.708333333333332,0.3200477394945253,0.017107228837123848,18.695652173913043,0.2727972977871218,0.256493506493505,0.625,-0.020884519701551765,0.2963642277644735,False,True,Cloudy,"[33333, 33333]",17000,16.0,0.0,1.2,12.0,"{""AeEnable"": false, ""AwbEnable"": true, ""AwbMode"": ""Cloudy"", ""FrameDurationLimits"": [33333, 33333], ""ExposureTime"": 17000, ""AnalogueGain"": 16.0, ""Brightness"": 0.0, ""Contrast"": 1.2, ""LensPosition"": 12.0}"
run_20260926_005346_067436,443,16,2026-09-26T00:54:01.841,FAIL,Expected 13 valid left-side ticks; found 12.; Left long reference tick was not found.; Right long reference tick was not found.,,1.4043749997654231,2.8920820004714187,4.272920001312741,8.607265001046471,interval,append-only,740,160,80,2,30,125,304,441,provided,25,12,13,25,0,,,,,377.4642857142857,377.70213293650795,0.15922805766677586,18.714285714285722,18.785714285714278,18.697420634920633,18.681818181818183,0.22768435432845888,0.012187483686681495,18.71428571428571,0.31676511180119277,0.016926380019911067,18.698757763975156,0.27822209619756566,0.28066378066377884,0.7222222222222285,-0.02197576135599604,0.3048889680756504,False,True,Cloudy,"[33333, 33333]",17000,16.0,0.0,1.2,12.0,"{""AeEnable"": false, ""AwbEnable"": true, ""AwbMode"": ""Cloudy"", ""FrameDurationLimits"": [33333, 33333], ""ExposureTime"": 17000, ""AnalogueGain"": 16.0, ""Brightness"": 0.0, ""Contrast"": 1.2, ""LensPosition"": 12.0}"
run_20260926_005346_067436,474,17,2026-09-26T00:54:02.864,FAIL,Expected 13 valid left-side ticks; found 12.; Left long reference tick was not found.; Right long reference tick was not found.,,19.142973000271013,2.4931410007411614,3.488705000563641,25.145708001218736,interval,append-only,740,160,80,2,30,125,304,441,provided,25,12,13,25,0,,,,,377.4642857142857,377.70213293650795,0.15922805766677586,18.714285714285722,18.785714285714278,18.697420634920633,18.681818181818183,0.22768435432845888,0.012187483686681495,18.71428571428571,0.31676511180119277,0.016926380019911067,18.698757763975156,0.27822209619756566,0.28066378066377884,0.7222222222222285,-0.02571274691193196,0.30329162135272225,False,True,Cloudy,"[33333, 33333]",17000,16.0,0.0,1.2,12.0,"{""AeEnable"": false, ""AwbEnable"": true, ""AwbMode"": ""Cloudy"", ""FrameDurationLimits"": [33333, 33333], ""ExposureTime"": 17000, ""AnalogueGain"": 16.0, ""Brightness"": 0.0, ""Contrast"": 1.2, ""LensPosition"": 12.0}"
run_20260926_005346_067436,504,18,2026-09-26T00:54:03.868,FAIL,Expected 13 valid left-side ticks; found 12.; Left long reference tick was not found.; Right long reference tick was not found.,,13.484492999850772,2.8107310008635977,4.183421000561793,20.516013999440474,interval,append-only,740,160,80,2,30,125,304,441,provided,25,12,13,25,0,,,,,377.5,377.70916005291,0.15388065288153466,18.714285714285722,18.75,18.697420634920633,18.681818181818183,0.2085492812069545,0.011163221865092455,18.708333333333332,0.3200477394945253,0.017107228837123848,18.695652173913043,0.2727972977871218,0.256493506493505,0.625,-0.0201580150623613,0.29737334274781246,False,True,Cloudy,"[33333, 33333]",17000,16.0,0.0,1.2,12.0,"{""AeEnable"": false, ""AwbEnable"": true, ""AwbMode"": ""Cloudy"", ""FrameDurationLimits"": [33333, 33333], ""ExposureTime"": 17000, ""AnalogueGain"": 16.0, ""Brightness"": 0.0, ""Contrast"": 1.2, ""LensPosition"": 12.0}"
run_20260926_005346_067436,534,19,2026-09-26T00:54:04.899,FAIL,Left long reference tick was not found.; Right long reference tick was not found.,,20.129889000600087,2.5201970001944574,3.589167001337046,26.866430998779833,interval,append-only,740,160,80,2,30,125,304,441,provided,26,13,13,26,0,,,,,374.75,374.98450854700855,0.16841699771089014,18.718253968253975,18.75,18.72222222222223,18.666666666666668,0.23107343097609948,0.012378933802291043,18.708333333333332,0.2856522750167102,0.015268718486416581,18.6875,0.26063404255856903,0.2777777777777833,0.625,-0.012142932441619245,0.2532573090883241,False,True,Cloudy,"[33333, 33333]",17000,16.0,0.0,1.2,12.0,"{""AeEnable"": false, ""AwbEnable"": true, ""AwbMode"": ""Cloudy"", ""FrameDurationLimits"": [33333, 33333], ""ExposureTime"": 17000, ""AnalogueGain"": 16.0, ""Brightness"": 0.0, ""Contrast"": 1.2, ""LensPosition"": 12.0}"
run_20260926_005346_067436,563,20,2026-09-26T00:54:05.900,FAIL,Left long reference tick was not found.; Right long reference tick was not found.,,16.101725999760674,3.1816900009289384,4.677933999118977,23.985276000530575,interval,append-only,740,160,80,2,30,125,304,441,provided,26,13,13,26,0,,,,,374.6730769230769,374.89164638780017,0.13595660959667658,18.612499999999997,18.758741258741253,18.625,18.666666666666668,0.21159787936423521,0.011335600680226886,18.721153846153843,0.2723353746074639,0.01454693320964368,18.693910256410255,0.24538199320474097,0.3064292189292246,0.4444444444444571,-0.024560696291598124,0.2761477452219735,False,True,Cloudy,"[33333, 33333]",17000,16.0,0.0,1.2,12.0,"{""AeEnable"": false, ""AwbEnable"": true, ""AwbMode"": ""Cloudy"", ""FrameDurationLimits"": [33333, 33333], ""ExposureTime"": 17000, ""AnalogueGain"": 16.0, ""Brightness"": 0.0, ""Contrast"": 1.2, ""LensPosition"": 12.0}"
run_20260926_005346_067436,592,21,2026-09-26T00:54:06.914,FAIL,Left long reference tick was not found.; Right long reference tick was not found.,1 tick candidates were marked invalid.,1.516614000138361,3.527131000737427,5.292317000566982,10.374135999882128,interval,append-only,740,160,80,2,30,125,304,441,provided,27,13,13,26,1,,,,,372.4375,372.4962809626271,0.11574611579734892,18.717532467532465,18.701923076923094,18.65384615384619,18.69196428571429,0.23227517077543053,0.012426471997539152,18.708333333333332,0.2036454825849341,0.01088528191990739,18.70014880952381,0.2185831768412009,0.1990613553113493,0.375,-0.03265305092393771,0.2309160595448532,False,True,Cloudy,"[33333, 33333]",17000,16.0,0.0,1.2,12.0,"{""AeEnable"": false, ""AwbEnable"": true, ""AwbMode"": ""Cloudy"", ""FrameDurationLimits"": [33333, 33333], ""ExposureTime"": 17000, ""AnalogueGain"": 16.0, ""Brightness"": 0.0, ""Contrast"": 1.2, ""LensPosition"": 12.0}"
run_20260926_005346_067436,623,22,2026-09-26T00:54:07.930,FAIL,Left long reference tick was not found.; Right long reference tick was not found.,1 tick candidates were marked invalid.,18.928899999082205,2.5084009994316148,3.607129998272285,25.06554200044775,interval,append-only,740,160,80,2,30,125,304,441,provided,27,13,13,26,1,,,,,372.77777777777777,373.1880591630591,0.18453259587399345,18.735714285714288,18.75,18.685714285714297,18.650462962962962,0.27092209978807785,0.014526293547033591,18.75,0.2328852446809008,0.012420546382981375,18.70023148148148,0.2574763408691375,0.2031505531505573,0.5666666666666629,-0.04986708249158275,0.29602212905399156,False,True,Cloudy,"[33333, 33333]",17000,16.0,0.0,1.2,12.0,"{""AeEnable"": false, ""AwbEnable"": true, ""AwbMode"": ""Cloudy"", ""FrameDurationLimits"": [33333, 33333], ""ExposureTime"": 17000, ""AnalogueGain"": 16.0, ""Brightness"": 0.0, ""Contrast"": 1.2, ""LensPosition"": 12.0}"
run_20260926_005346_067436,653,23,2026-09-26T00:54:08.935,FAIL,Left long reference tick was not found.; Right long reference tick was not found.,1 tick candidates were marked invalid.,14.289392000137013,2.885971000068821,4.28821599962248,21.49948599981144,interval,append-only,740,160,80,2,30,125,304,441,provided,27,13,13,26,1,,,,,373.4375,373.41544566544565,0.1729704968962583,18.70535714285714,18.785714285714278,18.625,18.703869047619047,0.17361229213505697,0.009282159305812577,18.75,0.25169493466507037,0.013423729848803754,18.726934523809522,0.2174345884400976,0.28124999999999883,0.5714285714285552,-0.03671388351169359,0.2816502691747925,False,True,Cloudy,"[33333, 33333]",17000,16.0,0.0,1.2,12.0,"{""AeEnable"": false, ""AwbEnable"": true, ""AwbMode"": ""Cloudy"", ""FrameDurationLimits"": [33333, 33333], ""ExposureTime"": 17000, ""AnalogueGain"": 16.0, ""Brightness"": 0.0, ""Contrast"": 1.2, ""LensPosition"": 12.0}"
run_20260926_005346_067436,684,24,2026-09-26T00:54:09.966,FAIL,Left long reference tick was not found.; Right long reference tick was not found.,1 tick candidates were marked invalid.,20.132260000536917,2.504937998310197,3.6929069992766017,26.983171001120354,interval,append-only,740,160,80,2,30,125,304,441,provided,27,13,13,26,1,,,,,373.4375,373.4318833943834,0.18341688457063626,18.772222222222226,18.785714285714278,18.724999999999994,18.697916666666668,0.2122432994330706,0.011351173674414917,18.75,0.25169493466507037,0.013423729848803754,18.723958333333332,0.23425829237814152,0.3298611111111119,0.6607142857142776,-0.030841777649187045,0.28391359093269625,False,True,Cloudy,"[33333, 33333]",17000,16.0,0.0,1.2,12.0,"{""AeEnable"": false, ""AwbEnable"": true, ""AwbMode"": ""Cloudy"", ""FrameDurationLimits"": [33333, 33333], ""ExposureTime"": 17000, ""AnalogueGain"": 16.0, ""Brightness"": 0.0, ""Contrast"": 1.2, ""LensPosition"": 12.0}"
run_20260926_005346_067436,715,25,2026-09-26T00:54:10.997,FAIL,Left long reference tick was not found.; Right long reference tick was not found.,1 tick candidates were marked invalid.,19.512246999511262,2.511325999876135,3.6567029983416433,25.701944001411903,interval,append-only,740,160,80,2,30,125,304,441,provided,27,13,13,26,1,,,,,373.4375,373.4447449985911,0.17856064889493048,18.770833333333336,18.75,18.66666666666667,18.697916666666668,0.22419184090577876,0.011990204304710173,18.75,0.23339794448769788,0.01244789037267722,18.723958333333332,0.23031816995773488,0.31498015873015817,0.6607142857142776,-0.020583582186684605,0.2923266196056951,False,True,Cloudy,"[33333, 33333]",17000,16.0,0.0,1.2,12.0,"{""AeEnable"": false, ""AwbEnable"": true, ""AwbMode"": ""Cloudy"", ""FrameDurationLimits"": [33333, 33333], ""ExposureTime"": 17000, ""AnalogueGain"": 16.0, ""Brightness"": 0.0, ""Contrast"": 1.2, ""LensPosition"": 12.0}"
run_20260926_005346_067436,745,26,2026-09-26T00:54:12.001,FAIL,Left long reference tick was not found.; Right long reference tick was not found.,1 tick candidates were marked invalid.,13.85739699981059,2.867452001737547,4.292603998692357,21.054341999843018,interval,append-only,740,160,80,2,30,125,304,441,provided,27,13,13,26,1,,,,,373.4375,373.4447449985911,0.17856064889493048,18.770833333333336,18.75,18.66666666666667,18.697916666666668,0.22419184090577876,0.011990204304710173,18.75,0.23339794448769788,0.01244789037267722,18.723958333333332,0.23031816995773488,0.31498015873015817,0.6607142857142776,-0.023685944481672896,0.2914571619872982,False,True,Cloudy,"[33333, 33333]",17000,16.0,0.0,1.2,12.0,"{""AeEnable"": false, ""AwbEnable"": true, ""AwbMode"": ""Cloudy"", ""FrameDurationLimits"": [33333, 33333], ""ExposureTime"": 17000, ""AnalogueGain"": 16.0, ""Brightness"": 0.0, ""Contrast"": 1.2, ""LensPosition"": 12.0}"
run_20260926_005346_067436,776,27,2026-09-26T00:54:13.042,FAIL,Left long reference tick was not found.; Right long reference tick was not found.,1 tick candidates were marked invalid.,1.51276299948222,3.397372998733772,5.156522000106634,10.1050449993636,interval,append-only,740,160,80,2,30,125,304,441,provided,27,13,13,26,1,,,,,373.4375,373.4447449985911,0.17856064889493048,18.770833333333336,18.75,18.66666666666667,18.697916666666668,0.22419184090577876,0.011990204304710173,18.75,0.23339794448769788,0.01244789037267722,18.723958333333332,0.23031816995773488,0.31498015873015817,0.6607142857142776,-0.024845142330984407,0.2940190850296592,False,True,Cloudy,"[33333, 33333]",17000,16.0,0.0,1.2,12.0,"{""AeEnable"": false, ""AwbEnable"": true, ""AwbMode"": ""Cloudy"", ""FrameDurationLimits"": [33333, 33333], ""ExposureTime"": 17000, ""AnalogueGain"": 16.0, ""Brightness"": 0.0, ""Contrast"": 1.2, ""LensPosition"": 12.0}"
run_20260926_005346_067436,807,28,2026-09-26T00:54:14.064,FAIL,Left long reference tick was not found.; Right long reference tick was not found.,1 tick candidates were marked invalid.,19.053603999054758,2.5045490001502912,3.600445001211483,25.83853500073019,interval,append-only,740,160,80,2,30,125,304,441,provided,27,13,13,26,1,,,,,373.4375,373.4553219216681,0.1736791510900047,18.875,18.75,18.84615384615381,18.697916666666668,0.2574949479026506,0.013771317547996912,18.75,0.23339794448769788,0.01244789037267722,18.723958333333332,0.2471179733366503,0.31498015873015817,0.75,-0.02273402406648564,0.2913544360762368,False,True,Cloudy,"[33333, 33333]",17000,16.0,0.0,1.2,12.0,"{""AeEnable"": false, ""AwbEnable"": true, ""AwbMode"": ""Cloudy"", ""FrameDurationLimits"": [33333, 33333], ""ExposureTime"": 17000, ""AnalogueGain"": 16.0, ""Brightness"": 0.0, ""Contrast"": 1.2, ""LensPosition"": 12.0}"
run_20260926_005346_067436,838,29,2026-09-26T00:54:15.097,FAIL,Left long reference tick was not found.; Right long reference tick was not found.,1 tick candidates were marked invalid.,19.124954000290018,2.520160000131,3.608352000810555,25.275706999309477,interval,append-only,740,160,80,2,30,125,304,441,provided,27,13,13,26,1,,,,,373.4375,373.4553219216681,0.1736791510900047,18.875,18.75,18.84615384615381,18.697916666666668,0.2574949479026506,0.013771317547996912,18.75,0.23339794448769788,0.01244789037267722,18.723958333333332,0.2471179733366503,0.31498015873015817,0.75,-0.024170307417578512,0.29131746605767106,False,True,Cloudy,"[33333, 33333]",17000,16.0,0.0,1.2,12.0,"{""AeEnable"": false, ""AwbEnable"": true, ""AwbMode"": ""Cloudy"", ""FrameDurationLimits"": [33333, 33333], ""ExposureTime"": 17000, ""AnalogueGain"": 16.0, ""Brightness"": 0.0, ""Contrast"": 1.2, ""LensPosition"": 12.0}"
run_20260926_005346_067436,868,30,2026-09-26T00:54:16.099,FAIL,Left long reference tick was not found.; Right long reference tick was not found.,1 tick candidates were marked invalid.,16.45670399921073,2.4750679986027535,3.6104820010223193,22.565123999811476,interval,append-only,740,160,80,2,30,125,304,441,provided,27,13,13,26,1,,,,,373.4375,373.4436355311355,0.17725820306853093,18.799999999999997,18.75,18.75,18.697916666666668,0.21102799544623274,0.011286176915230274,18.75,0.23007319154866213,0.012270570215928646,18.723958333333332,0.22228678001289032,0.31498015873015817,0.6607142857142776,-0.028474283450364624,0.2980213399832805,False,True,Cloudy,"[33333, 33333]",17000,16.0,0.0,1.2,12.0,"{""AeEnable"": false, ""AwbEnable"": true, ""AwbMode"": ""Cloudy"", ""FrameDurationLimits"": [33333, 33333], ""ExposureTime"": 17000, ""AnalogueGain"": 16.0, ""Brightness"": 0.0, ""Contrast"": 1.2, ""LensPosition"": 12.0}"
run_20260926_005346_067436,898,31,2026-09-26T00:54:17.101,FAIL,Left long reference tick was not found.; Right long reference tick was not found.,1 tick candidates were marked invalid.,3.5334820004209178,2.8323789993009996,4.388141000163159,10.789428000862245,interval,append-only,740,160,80,2,30,125,304,441,provided,27,13,13,26,1,,,,,373.4375,373.4484432234432,0.1778731062507822,18.770833333333336,18.75,18.75,18.697916666666668,0.22419184090577876,0.011990204304710173,18.75,0.23007319154866213,0.012270570215928646,18.723958333333332,0.22863944520102494,0.31498015873015817,0.6607142857142776,-0.026896633626146436,0.29815520036368337,False,True,Cloudy,"[33333, 33333]",17000,16.0,0.0,1.2,12.0,"{""AeEnable"": false, ""AwbEnable"": true, ""AwbMode"": ""Cloudy"", ""FrameDurationLimits"": [33333, 33333], ""ExposureTime"": 17000, ""AnalogueGain"": 16.0, ""Brightness"": 0.0, ""Contrast"": 1.2, ""LensPosition"": 12.0}"
run_20260926_005346_067436,929,32,2026-09-26T00:54:18.130,FAIL,Left long reference tick was not found.; Right long reference tick was not found.,1 tick candidates were marked invalid.,18.487702000129502,2.5286419986514375,3.6260739998397185,24.664065000251867,interval,append-only,740,160,80,2,30,125,304,441,provided,27,13,13,26,1,,,,,373.4375,373.4484432234432,0.1778731062507822,18.770833333333336,18.75,18.75,18.697916666666668,0.22419184090577876,0.011990204304710173,18.75,0.23007319154866213,0.012270570215928646,18.723958333333332,0.22863944520102494,0.31498015873015817,0.6607142857142776,-0.027978582672075775,0.29846936029971227,False,True,Cloudy,"[33333, 33333]",17000,16.0,0.0,1.2,12.0,"{""AeEnable"": false, ""AwbEnable"": true, ""AwbMode"": ""Cloudy"", ""FrameDurationLimits"": [33333, 33333], ""ExposureTime"": 17000, ""AnalogueGain"": 16.0, ""Brightness"": 0.0, ""Contrast"": 1.2, ""LensPosition"": 12.0}"
run_20260926_005346_067436,959,33,2026-09-26T00:54:19.134,FAIL,Left long reference tick was not found.; Right long reference tick was not found.,1 tick candidates were marked invalid.,13.697805999981938,3.230003998396569,4.800099999556551,21.754317000159062,interval,append-only,740,160,80,2,30,125,304,441,provided,27,13,13,26,1,,,,,373.47222222222223,373.4545482295482,0.17808425373674305,18.726190476190474,18.75,18.75,18.703703703703706,0.23353814242640134,0.012486197713886803,18.75,0.23007319154866213,0.012270570215928646,18.72685185185185,0.23296503059766144,0.32076719576719626,0.6607142857142776,-0.023279673132102212,0.2925466233450059,False,True,Cloudy,"[33333, 33333]",17000,16.0,0.0,1.2,12.0,"{""AeEnable"": false, ""AwbEnable"": true, ""AwbMode"": ""Cloudy"", ""FrameDurationLimits"": [33333, 33333], ""ExposureTime"": 17000, ""AnalogueGain"": 16.0, ""Brightness"": 0.0, ""Contrast"": 1.2, ""LensPosition"": 12.0}"
run_20260926_005346_067436,990,34,2026-09-26T00:54:20.164,FAIL,Left long reference tick was not found.; Right long reference tick was not found.,1 tick candidates were marked invalid.,19.621375999122392,2.5213819990312913,3.628075000960962,26.456010000401875,interval,append-only,740,160,80,2,30,125,304,441,provided,27,13,13,26,1,,,,,373.4375,373.4484432234432,0.1778731062507822,18.770833333333336,18.75,18.75,18.697916666666668,0.22419184090577876,0.011990204304710173,18.75,0.23007319154866213,0.012270570215928646,18.723958333333332,0.22863944520102494,0.31498015873015817,0.6607142857142776,-0.027762749352502916,0.29836511265212495,False,True,Cloudy,"[33333, 33333]",17000,16.0,0.0,1.2,12.0,"{""AeEnable"": false, ""AwbEnable"": true, ""AwbMode"": ""Cloudy"", ""FrameDurationLimits"": [33333, 33333], ""ExposureTime"": 17000, ""AnalogueGain"": 16.0, ""Brightness"": 0.0, ""Contrast"": 1.2, ""LensPosition"": 12.0}"
run_20260926_005346_067436,1020,35,2026-09-26T00:54:21.165,FAIL,Left long reference tick was not found.; Right long reference tick was not found.,1 tick candidates were marked invalid.,20.4364599994733,2.5016409999807365,3.6516290001600282,26.610990000335732,interval,append-only,740,160,80,2,30,125,304,441,provided,27,13,13,26,1,,,,,373.4375,373.45645604395605,0.1763214241744251,18.726190476190474,18.75,18.75,18.697916666666668,0.20340783190178985,0.010878636135137506,18.75,0.23007319154866213,0.012270570215928646,18.723958333333332,0.21870614572289654,0.2951388888888881,0.5416666666666572,-0.025388747113382786,0.28887725327383834,False,True,Cloudy,"[33333, 33333]",17000,16.0,0.0,1.2,12.0,"{""AeEnable"": false, ""AwbEnable"": true, ""AwbMode"": ""Cloudy"", ""FrameDurationLimits"": [33333, 33333], ""ExposureTime"": 17000, ""AnalogueGain"": 16.0, ""Brightness"": 0.0, ""Contrast"": 1.2, ""LensPosition"": 12.0}"
run_20260926_005346_067436,1051,36,2026-09-26T00:54:22.202,FAIL,Left long reference tick was not found.; Right long reference tick was not found.,1 tick candidates were marked invalid.,5.053449000115506,2.8442860002542147,4.350769999291515,12.28543199977139,interval,append-only,740,160,80,2,30,125,304,441,provided,27,13,13,26,1,,,,,373.4375,373.4663109326571,0.17162682259957945,18.770833333333336,18.75,18.66666666666667,18.697916666666668,0.22956089827868942,0.0122773516628157,18.75,0.23339794448769788,0.01244789037267722,18.723958333333332,0.23294757276601621,0.30422008547008045,0.75,-0.021863205928080623,0.28733484551149574,False,True,Cloudy,"[33333, 33333]",17000,16.0,0.0,1.2,12.0,"{""AeEnable"": false, ""AwbEnable"": true, ""AwbMode"": ""Cloudy"", ""FrameDurationLimits"": [33333, 33333], ""ExposureTime"": 17000, ""AnalogueGain"": 16.0, ""Brightness"": 0.0, ""Contrast"": 1.2, ""LensPosition"": 12.0}"
run_20260926_005346_067436,1082,37,2026-09-26T00:54:23.230,FAIL,Left long reference tick was not found.; Right long reference tick was not found.,1 tick candidates were marked invalid.,19.69015299982857,2.4993639999593142,3.6213329985912424,25.832683000771794,interval,append-only,740,160,80,2,30,125,304,441,provided,27,13,13,26,1,,,,,373.47222222222223,373.46970390720395,0.17044030814699923,18.83035714285714,18.75,18.75,18.703703703703706,0.2446106623540487,0.013078193828830326,18.75,0.23007319154866213,0.012270570215928646,18.72685185185185,0.238578837213248,0.3009259259259262,0.75,-0.021483920472738633,0.2875893651542596,False,True,Cloudy,"[33333, 33333]",17000,16.0,0.0,1.2,12.0,"{""AeEnable"": false, ""AwbEnable"": true, ""AwbMode"": ""Cloudy"", ""FrameDurationLimits"": [33333, 33333], ""ExposureTime"": 17000, ""AnalogueGain"": 16.0, ""Brightness"": 0.0, ""Contrast"": 1.2, ""LensPosition"": 12.0}"
run_20260926_005346_067436,1112,38,2026-09-26T00:54:24.235,FAIL,Left long reference tick was not found.; Right long reference tick was not found.,1 tick candidates were marked invalid.,18.0642440009251,2.868989000489819,4.315068001233158,25.287577998824418,interval,append-only,740,160,80,2,30,125,304,441,provided,27,13,13,26,1,,,,,373.4375,373.46703296703294,0.17065184780867146,18.83035714285714,18.75,18.75,18.697916666666668,0.23961722130442448,0.012815182866420473,18.75,0.23007319154866213,0.012270570215928646,18.723958333333332,0.23633284052432965,0.2951388888888881,0.75,-0.024449864920266205,0.28943297191586465,False,True,Cloudy,"[33333, 33333]",17000,16.0,0.0,1.2,12.0,"{""AeEnable"": false, ""AwbEnable"": true, ""AwbMode"": ""Cloudy"", ""FrameDurationLimits"": [33333, 33333], ""ExposureTime"": 17000, ""AnalogueGain"": 16.0, ""Brightness"": 0.0, ""Contrast"": 1.2, ""LensPosition"": 12.0}"
run_20260926_005346_067436,1143,39,2026-09-26T00:54:25.267,FAIL,Left long reference tick was not found.; Right long reference tick was not found.,1 tick candidates were marked invalid.,16.030003998821485,3.273262998845894,4.669119000027422,24.786748999758856,interval,append-only,740,160,80,2,30,125,304,441,provided,27,13,13,26,1,,,,,373.47222222222223,373.45912698412695,0.1762770284554678,18.726190476190474,18.75,18.75,18.703703703703706,0.2092670768912771,0.011188536784286102,18.75,0.23007319154866213,0.012270570215928646,18.72685185185185,0.2211312466222088,0.3009259259259262,0.5416666666666572,-0.024298277285404006,0.28936809659581214,False,True,Cloudy,"[33333, 33333]",17000,16.0,0.0,1.2,12.0,"{""AeEnable"": false, ""AwbEnable"": true, ""AwbMode"": ""Cloudy"", ""FrameDurationLimits"": [33333, 33333], ""ExposureTime"": 17000, ""AnalogueGain"": 16.0, ""Brightness"": 0.0, ""Contrast"": 1.2, ""LensPosition"": 12.0}"
run_20260926_005346_067436,1174,40,2026-09-26T00:54:26.299,FAIL,Left long reference tick was not found.; Right long reference tick was not found.,1 tick candidates were marked invalid.,16.38096399983624,3.0253209988586605,4.377029999886872,23.806147999493987,interval,append-only,740,160,80,2,30,125,304,441,provided,27,13,13,26,1,,,,,373.47222222222223,373.46970390720395,0.17044030814699923,18.83035714285714,18.75,18.75,18.703703703703706,0.2446106623540487,0.013078193828830326,18.75,0.23007319154866213,0.012270570215928646,18.72685185185185,0.238578837213248,0.3009259259259262,0.75,-0.02091190242936956,0.2870354221526497,False,True,Cloudy,"[33333, 33333]",17000,16.0,0.0,1.2,12.0,"{""AeEnable"": false, ""AwbEnable"": true, ""AwbMode"": ""Cloudy"", ""FrameDurationLimits"": [33333, 33333], ""ExposureTime"": 17000, ""AnalogueGain"": 16.0, ""Brightness"": 0.0, ""Contrast"": 1.2, ""LensPosition"": 12.0}"
run_20260926_005346_067436,1204,41,2026-09-26T00:54:27.307,FAIL,Left long reference tick was not found.; Right long reference tick was not found.,1 tick candidates were marked invalid.,1.4959849995648256,3.7115369996172376,5.406927000876749,10.653910001565237,interval,append-only,740,160,80,2,30,125,304,441,provided,27,13,13,26,1,,,,,373.47222222222223,373.46970390720395,0.17044030814699923,18.83035714285714,18.75,18.75,18.703703703703706,0.2446106623540487,0.013078193828830326,18.75,0.23007319154866213,0.012270570215928646,18.72685185185185,0.238578837213248,0.3009259259259262,0.75,-0.023369978095067048,0.28712987635460663,False,True,Cloudy,"[33333, 33333]",17000,16.0,0.0,1.2,12.0,"{""AeEnable"": false, ""AwbEnable"": true, ""AwbMode"": ""Cloudy"", ""FrameDurationLimits"": [33333, 33333], ""ExposureTime"": 17000, ""AnalogueGain"": 16.0, ""Brightness"": 0.0, ""Contrast"": 1.2, ""LensPosition"": 12.0}"
run_20260926_005346_067436,1235,42,2026-09-26T00:54:28.330,FAIL,Left long reference tick was not found.; Right long reference tick was not found.,1 tick candidates were marked invalid.,19.764893000683514,2.5851770005829167,3.647536999778822,26.01934800077288,interval,append-only,740,160,80,2,30,125,304,441,provided,27,13,13,26,1,,,,,373.47222222222223,373.4618742368742,0.17268143452772508,18.726190476190474,18.75,18.75,18.703703703703706,0.2092670768912771,0.011188536784286102,18.75,0.22821773229381923,0.012171612389003692,18.72685185185185,0.22016779547578047,0.3009259259259262,0.5416666666666572,-0.025141559267574658,0.2889137714918506,False,True,Cloudy,"[33333, 33333]",17000,16.0,0.0,1.2,12.0,"{""AeEnable"": false, ""AwbEnable"": true, ""AwbMode"": ""Cloudy"", ""FrameDurationLimits"": [33333, 33333], ""ExposureTime"": 17000, ""AnalogueGain"": 16.0, ""Brightness"": 0.0, ""Contrast"": 1.2, ""LensPosition"": 12.0}"
run_20260926_005346_067436,1265,43,2026-09-26T00:54:29.335,FAIL,Left long reference tick was not found.; Right long reference tick was not found.,1 tick candidates were marked invalid.,17.005624000375974,2.8669900002569193,4.2603269994287984,24.171126000510412,interval,append-only,740,160,80,2,30,125,304,441,provided,27,13,13,26,1,,,,,373.47222222222223,373.47245115995116,0.16654450080607924,18.83035714285714,18.75,18.75,18.703703703703706,0.2446106623540487,0.013078193828830326,18.75,0.22821773229381923,0.012171612389003692,18.72685185185185,0.23768611969990688,0.3009259259259262,0.75,-0.025240061305275674,0.2898033474745802,False,True,Cloudy,"[33333, 33333]",17000,16.0,0.0,1.2,12.0,"{""AeEnable"": false, ""AwbEnable"": true, ""AwbMode"": ""Cloudy"", ""FrameDurationLimits"": [33333, 33333], ""ExposureTime"": 17000, ""AnalogueGain"": 16.0, ""Brightness"": 0.0, ""Contrast"": 1.2, ""LensPosition"": 12.0}"
run_20260926_005346_067436,1296,44,2026-09-26T00:54:30.365,FAIL,Left long reference tick was not found.; Right long reference tick was not found.,1 tick candidates were marked invalid.,20.78419700046652,2.4904380006773863,3.6395930001162924,27.56496199981484,interval,append-only,740,160,80,2,30,125,304,441,provided,27,13,13,26,1,,,,,373.47222222222223,373.47245115995116,0.16654450080607924,18.83035714285714,18.75,18.75,18.703703703703706,0.2446106623540487,0.013078193828830326,18.75,0.22821773229381923,0.012171612389003692,18.72685185185185,0.23768611969990688,0.3009259259259262,0.75,-0.029027557693017715,0.2855450964686024,False,True,Cloudy,"[33333, 33333]",17000,16.0,0.0,1.2,12.0,"{""AeEnable"": false, ""AwbEnable"": true, ""AwbMode"": ""Cloudy"", ""FrameDurationLimits"": [33333, 33333], ""ExposureTime"": 17000, ""AnalogueGain"": 16.0, ""Brightness"": 0.0, ""Contrast"": 1.2, ""LensPosition"": 12.0}"
run_20260926_005346_067436,1327,45,2026-09-26T00:54:31.397,FAIL,Left long reference tick was not found.; Right long reference tick was not found.,1 tick candidates were marked invalid.,19.417377001445857,2.5284189996455098,3.6125560000073165,25.579536999430275,interval,append-only,740,160,80,2,30,125,304,441,provided,27,13,13,26,1,,,,,373.47222222222223,373.46970390720395,0.17044030814699923,18.83035714285714,18.75,18.75,18.703703703703706,0.2446106623540487,0.013078193828830326,18.75,0.23007319154866213,0.012270570215928646,18.72685185185185,0.238578837213248,0.3009259259259262,0.75,-0.03247380726728831,0.2856641817596827,False,True,Cloudy,"[33333, 33333]",17000,16.0,0.0,1.2,12.0,"{""AeEnable"": false, ""AwbEnable"": true, ""AwbMode"": ""Cloudy"", ""FrameDurationLimits"": [33333, 33333], ""ExposureTime"": 17000, ""AnalogueGain"": 16.0, ""Brightness"": 0.0, ""Contrast"": 1.2, ""LensPosition"": 12.0}"
run_20260926_005346_067436,1357,46,2026-09-26T00:54:32.401,FAIL,Left long reference tick was not found.; Right long reference tick was not found.,1 tick candidates were marked invalid.,5.812719000459765,2.919156000643852,4.302900999391568,13.070052998955362,interval,append-only,740,160,80,2,30,125,304,441,provided,27,13,13,26,1,,,,,373.47222222222223,373.47245115995116,0.16654450080607924,18.83035714285714,18.75,18.75,18.703703703703706,0.2446106623540487,0.013078193828830326,18.75,0.22821773229381923,0.012171612389003692,18.72685185185185,0.23768611969990688,0.3009259259259262,0.75,-0.03060035813605566,0.28446024986133484,False,True,Cloudy,"[33333, 33333]",17000,16.0,0.0,1.2,12.0,"{""AeEnable"": false, ""AwbEnable"": true, ""AwbMode"": ""Cloudy"", ""FrameDurationLimits"": [33333, 33333], ""ExposureTime"": 17000, ""AnalogueGain"": 16.0, ""Brightness"": 0.0, ""Contrast"": 1.2, ""LensPosition"": 12.0}"
run_20260926_005346_067436,1388,47,2026-09-26T00:54:33.433,FAIL,Left long reference tick was not found.; Right long reference tick was not found.,1 tick candidates were marked invalid.,18.177353000282892,3.0683579989272403,4.409676999785006,25.67842499956896,interval,append-only,740,160,80,2,30,125,304,441,provided,27,13,13,26,1,,,,,373.47222222222223,373.47245115995116,0.16654450080607924,18.83035714285714,18.75,18.75,18.703703703703706,0.2446106623540487,0.013078193828830326,18.75,0.22821773229381923,0.012171612389003692,18.72685185185185,0.23768611969990688,0.3009259259259262,0.75,-0.031085620349030087,0.28442791787068633,False,True,Cloudy,"[33333, 33333]",17000,16.0,0.0,1.2,12.0,"{""AeEnable"": false, ""AwbEnable"": true, ""AwbMode"": ""Cloudy"", ""FrameDurationLimits"": [33333, 33333], ""ExposureTime"": 17000, ""AnalogueGain"": 16.0, ""Brightness"": 0.0, ""Contrast"": 1.2, ""LensPosition"": 12.0}"
run_20260926_005346_067436,1419,48,2026-09-26T00:54:34.466,FAIL,Left long reference tick was not found.; Right long reference tick was not found.,1 tick candidates were marked invalid.,17.48715600115247,3.0778949985688087,4.47228800112498,25.061931999516673,interval,append-only,740,160,80,2,30,125,304,441,provided,27,13,13,26,1,,,,,373.47222222222223,373.49284743034747,0.17552033083831925,18.75,18.806818181818187,18.75,18.703703703703706,0.22961835244051923,0.012276624783948552,18.75,0.2542679764672494,0.01356095874491997,18.72685185185185,0.24336029376176527,0.3278018278018327,0.75,-0.010509878462316307,0.30009382596570106,False,True,Cloudy,"[33333, 33333]",17000,16.0,0.0,1.2,12.0,"{""AeEnable"": false, ""AwbEnable"": true, ""AwbMode"": ""Cloudy"", ""FrameDurationLimits"": [33333, 33333], ""ExposureTime"": 17000, ""AnalogueGain"": 16.0, ""Brightness"": 0.0, ""Contrast"": 1.2, ""LensPosition"": 12.0}"
run_20260926_005346_067436,1449,49,2026-09-26T00:54:35.471,FAIL,Left long reference tick was not found.; Right long reference tick was not found.,1 tick candidates were marked invalid.,1.6836680006235838,3.584594000130892,5.412427000919706,10.719891999542597,interval,append-only,740,160,80,2,30,125,304,441,provided,27,13,13,26,1,,,,,373.47222222222223,373.4827389490851,0.1724287162736172,18.83035714285714,18.75874125874128,18.785714285714278,18.703703703703706,0.2446106623540487,0.013078193828830326,18.75,0.24120595010411172,0.01286431733888596,18.72685185185185,0.24401471270016775,0.33955396455397374,0.75,-0.0241301757074372,0.2968863111282482,False,True,Cloudy,"[33333, 33333]",17000,16.0,0.0,1.2,12.0,"{""AeEnable"": false, ""AwbEnable"": true, ""AwbMode"": ""Cloudy"", ""FrameDurationLimits"": [33333, 33333], ""ExposureTime"": 17000, ""AnalogueGain"": 16.0, ""Brightness"": 0.0, ""Contrast"": 1.2, ""LensPosition"": 12.0}"
run_20260926_005346_067436,1480,50,2026-09-26T00:54:36.501,FAIL,Left long reference tick was not found.; Right long reference tick was not found.,1 tick candidates were marked invalid.,17.430657000659266,3.0810799999017036,4.417251999257132,25.70025900058681,interval,append-only,740,160,80,2,30,125,304,441,provided,27,13,13,26,1,,,,,373.47222222222223,373.48643717393713,0.1766600791735508,18.83035714285714,18.806818181818187,18.785714285714278,18.703703703703706,0.2446106623540487,0.013078193828830326,18.75,0.2542679764672494,0.01356095874491997,18.72685185185185,0.2505576316133808,0.35557960557960894,0.75,-0.025244853905555524,0.29974978644760153,False,True,Cloudy,"[33333, 33333]",17000,16.0,0.0,1.2,12.0,"{""AeEnable"": false, ""AwbEnable"": true, ""AwbMode"": ""Cloudy"", ""FrameDurationLimits"": [33333, 33333], ""ExposureTime"": 17000, ""AnalogueGain"": 16.0, ""Brightness"": 0.0, ""Contrast"": 1.2, ""LensPosition"": 12.0}"
run_20260926_005346_067436,1511,51,2026-09-26T00:54:37.530,FAIL,Left long reference tick was not found.; Right long reference tick was not found.,1 tick candidates were marked invalid.,18.793514000208233,2.4715309991734102,3.6341859995445702,24.919878000218887,interval,append-only,740,160,80,2,30,125,304,441,provided,27,13,13,26,1,,,,,373.47222222222223,373.4891492054954,0.17139917823281556,18.75,18.75874125874128,18.714285714285722,18.703703703703706,0.22961835244051923,0.012276624783948552,18.75,0.24120595010411172,0.01286431733888596,18.72685185185185,0.23661843933694485,0.3117761867761975,0.75,-0.024638961272449713,0.2962598675140904,False,True,Cloudy,"[33333, 33333]",17000,16.0,0.0,1.2,12.0,"{""AeEnable"": false, ""AwbEnable"": true, ""AwbMode"": ""Cloudy"", ""FrameDurationLimits"": [33333, 33333], ""ExposureTime"": 17000, ""AnalogueGain"": 16.0, ""Brightness"": 0.0, ""Contrast"": 1.2, ""LensPosition"": 12.0}"
run_20260926_005346_067436,1541,52,2026-09-26T00:54:38.535,FAIL,Left long reference tick was not found.; Right long reference tick was not found.,1 tick candidates were marked invalid.,5.354037999495631,2.8926560007676017,4.375992999484879,12.657408999075415,interval,append-only,740,160,80,2,30,125,304,441,provided,27,13,13,26,1,,,,,373.47222222222223,373.49305555555554,0.1575117141357215,18.785714285714285,18.75,18.785714285714278,18.703703703703706,0.24839565278953646,0.013280559654094026,18.75,0.21440866209219736,0.011435128644917192,18.72685185185185,0.2331771303433113,0.28324915824916513,0.613636363636374,-0.03422050131994544,0.29956058071253594,False,True,Cloudy,"[33333, 33333]",17000,16.0,0.0,1.2,12.0,"{""AeEnable"": false, ""AwbEnable"": true, ""AwbMode"": ""Cloudy"", ""FrameDurationLimits"": [33333, 33333], ""ExposureTime"": 17000, ""AnalogueGain"": 16.0, ""Brightness"": 0.0, ""Contrast"": 1.2, ""LensPosition"": 12.0}"
run_20260926_005346_067436,1572,53,2026-09-26T00:54:39.565,FAIL,Left long reference tick was not found.; Right long reference tick was not found.,1 tick candidates were marked invalid.,20.770476001416682,2.516955999453785,3.6338890004117275,26.94254200105206,interval,append-only,740,160,80,2,30,125,304,441,provided,27,13,13,26,1,,,,,373.47222222222223,373.5151001776002,0.13940589563957814,18.690476190476197,18.785714285714278,18.75,18.703703703703706,0.2158211167707298,0.011538950797642977,18.75,0.2409607183802515,0.012851238313613412,18.72685185185185,0.2299048670340289,0.2772065897065919,0.5158730158730123,-0.019053263655112465,0.283506881237036,False,True,Cloudy,"[33333, 33333]",17000,16.0,0.0,1.2,12.0,"{""AeEnable"": false, ""AwbEnable"": true, ""AwbMode"": ""Cloudy"", ""FrameDurationLimits"": [33333, 33333], ""ExposureTime"": 17000, ""AnalogueGain"": 16.0, ""Brightness"": 0.0, ""Contrast"": 1.2, ""LensPosition"": 12.0}"
run_20260926_005346_067436,1602,54,2026-09-26T00:54:40.568,FAIL,Left long reference tick was not found.; Right long reference tick was not found.,1 tick candidates were marked invalid.,15.939838000122108,2.8390830011630896,4.547657999864896,23.365541999737616,interval,append-only,740,160,80,2,30,125,304,441,provided,27,13,13,26,1,,,,,373.47222222222223,373.51311605061613,0.1324824075679142,18.690476190476197,18.785714285714278,18.714285714285722,18.697751322751326,0.21614495285701066,0.01155994371333876,18.75,0.22021748629869117,0.011744932602596863,18.72387566137566,0.21974911155041307,0.24413780663780807,0.5714285714285694,-0.02352972428096387,0.28074065377061214,False,True,Cloudy,"[33333, 33333]",17000,16.0,0.0,1.2,12.0,"{""AeEnable"": false, ""AwbEnable"": true, ""AwbMode"": ""Cloudy"", ""FrameDurationLimits"": [33333, 33333], ""ExposureTime"": 17000, ""AnalogueGain"": 16.0, ""Brightness"": 0.0, ""Contrast"": 1.2, ""LensPosition"": 12.0}"
run_20260926_005346_067436,1633,55,2026-09-26T00:54:41.598,FAIL,Left long reference tick was not found.; Right long reference tick was not found.,1 tick candidates were marked invalid.,18.569959998785635,2.5506040001346264,3.6559809996106196,25.42500199888309,interval,append-only,740,160,80,2,30,125,304,441,provided,27,13,13,26,1,,,,,373.47222222222223,373.50660866910863,0.1329517130162872,18.690476190476197,18.75,18.66666666666667,18.703703703703706,0.2158211167707298,0.011538950797642977,18.75,0.21638256518541438,0.011540403476555433,18.72685185185185,0.21733826456213626,0.23553992303992524,0.5,-0.023149714782521123,0.2867164450394238,False,True,Cloudy,"[33333, 33333]",17000,16.0,0.0,1.2,12.0,"{""AeEnable"": false, ""AwbEnable"": true, ""AwbMode"": ""Cloudy"", ""FrameDurationLimits"": [33333, 33333], ""ExposureTime"": 17000, ""AnalogueGain"": 16.0, ""Brightness"": 0.0, ""Contrast"": 1.2, ""LensPosition"": 12.0}"
run_20260926_005346_067436,1663,56,2026-09-26T00:54:42.601,FAIL,Left long reference tick was not found.; Right long reference tick was not found.,1 tick candidates were marked invalid.,12.993312999242335,3.4397239996906137,4.777451000336441,21.235397000054945,interval,append-only,740,160,80,2,30,125,304,441,provided,27,13,13,26,1,,,,,373.47222222222223,373.5275391275391,0.14141414037950417,18.690476190476197,18.75,18.75,18.697751322751326,0.23351903700889004,0.01248915085980127,18.75,0.2328852446809008,0.012420546382981375,18.72387566137566,0.2346610747149605,0.2828282828282897,0.5714285714285694,-0.010981028600369314,0.2845235082551738,False,True,Cloudy,"[33333, 33333]",17000,16.0,0.0,1.2,12.0,"{""AeEnable"": false, ""AwbEnable"": true, ""AwbMode"": ""Cloudy"", ""FrameDurationLimits"": [33333, 33333], ""ExposureTime"": 17000, ""AnalogueGain"": 16.0, ""Brightness"": 0.0, ""Contrast"": 1.2, ""LensPosition"": 12.0}"
run_20260926_005346_067436,1694,57,2026-09-26T00:54:43.631,FAIL,Left long reference tick was not found.; Right long reference tick was not found.,1 tick candidates were marked invalid.,19.662283000798197,2.5478640000073938,3.658277999420534,26.518750999457552,interval,append-only,740,160,80,2,30,125,304,441,provided,27,13,13,26,1,,,,,373.47222222222223,373.51303973803977,0.1353540637016299,18.690476190476197,18.75,18.75,18.703703703703706,0.19152785988161558,0.01024010339961113,18.75,0.2328852446809008,0.012420546382981375,18.72685185185185,0.21446460293751504,0.2653018278018327,0.5,-0.018863197534753448,0.2881478258557612,False,True,Cloudy,"[33333, 33333]",17000,16.0,0.0,1.2,12.0,"{""AeEnable"": false, ""AwbEnable"": true, ""AwbMode"": ""Cloudy"", ""FrameDurationLimits"": [33333, 33333], ""ExposureTime"": 17000, ""AnalogueGain"": 16.0, ""Brightness"": 0.0, ""Contrast"": 1.2, ""LensPosition"": 12.0}"
run_20260926_005346_067436,1724,58,2026-09-26T00:54:44.631,FAIL,Left long reference tick was not found.; Right long reference tick was not found.,1 tick candidates were marked invalid.,20.00626100016234,2.5248820002161665,3.6300379997555865,26.182643001448014,interval,append-only,740,160,80,2,30,125,304,441,provided,27,13,13,26,1,,,,,373.47222222222223,373.52924852924855,0.14526601707333703,18.690476190476197,18.75,18.75,18.697751322751326,0.21854425940860706,0.011688264307092562,18.75,0.2328852446809008,0.012420546382981375,18.72387566137566,0.2273346571111164,0.2754208754208811,0.5714285714285694,-0.004874186704406305,0.2838706503884446,False,True,Cloudy,"[33333, 33333]",17000,16.0,0.0,1.2,12.0,"{""AeEnable"": false, ""AwbEnable"": true, ""AwbMode"": ""Cloudy"", ""FrameDurationLimits"": [33333, 33333], ""ExposureTime"": 17000, ""AnalogueGain"": 16.0, ""Brightness"": 0.0, ""Contrast"": 1.2, ""LensPosition"": 12.0}"
run_20260926_005346_067436,1754,59,2026-09-26T00:54:45.634,FAIL,Left long reference tick was not found.; Right long reference tick was not found.,1 tick candidates were marked invalid.,6.6477109994593775,2.7958419996139128,4.351233999841497,13.831897000272875,interval,append-only,740,160,80,2,30,125,304,441,provided,27,13,13,26,1,,,,,373.47222222222223,373.5114371739371,0.1363585554557457,18.726190476190474,18.75,18.75,18.703703703703706,0.23170788248126759,0.01238834223167173,18.75,0.2328852446809008,0.012420546382981375,18.72685185185185,0.2334478030732064,0.29307960557960894,0.5416666666666572,-0.024901062853575587,0.2899960854050593,False,True,Cloudy,"[33333, 33333]",17000,16.0,0.0,1.2,12.0,"{""AeEnable"": false, ""AwbEnable"": true, ""AwbMode"": ""Cloudy"", ""FrameDurationLimits"": [33333, 33333], ""ExposureTime"": 17000, ""AnalogueGain"": 16.0, ""Brightness"": 0.0, ""Contrast"": 1.2, ""LensPosition"": 12.0}"
run_20260926_005346_067436,1785,60,2026-09-26T00:54:46.663,FAIL,Left long reference tick was not found.; Right long reference tick was not found.,1 tick candidates were marked invalid.,17.657653999776812,2.5263819989049807,3.5736680001718923,23.77911099938501,interval,append-only,740,160,80,2,30,125,304,441,provided,27,13,13,26,1,,,,,373.47222222222223,373.5205946830947,0.14711126498234478,18.690476190476197,18.75,18.75,18.697751322751326,0.2175090904573126,0.011632901021239312,18.75,0.2328852446809008,0.012420546382981375,18.72387566137566,0.2268377214648928,0.29208754208754684,0.5714285714285694,-0.015679123566193616,0.28782990951895016,False,True,Cloudy,"[33333, 33333]",17000,16.0,0.0,1.2,12.0,"{""AeEnable"": false, ""AwbEnable"": true, ""AwbMode"": ""Cloudy"", ""FrameDurationLimits"": [33333, 33333], ""ExposureTime"": 17000, ""AnalogueGain"": 16.0, ""Brightness"": 0.0, ""Contrast"": 1.2, ""LensPosition"": 12.0}"
run_20260926_005346_067436,1815,61,2026-09-26T00:54:47.668,FAIL,Left long reference tick was not found.; Right long reference tick was not found.,1 tick candidates were marked invalid.,17.737968999426812,2.8267500001675216,4.306920000090031,24.907378001444158,interval,append-only,740,160,80,2,30,125,304,441,provided,27,13,13,26,1,,,,,373.47222222222223,373.5093767343767,0.14285924806772768,18.726190476190474,18.75,18.75,18.697751322751326,0.21588768559451302,0.011546184451165634,18.75,0.2328852446809008,0.012420546382981375,18.72387566137566,0.2260619296990943,0.2990319865319897,0.5714285714285694,-0.02681591808980681,0.28954697022237835,False,True,Cloudy,"[33333, 33333]",17000,16.0,0.0,1.2,12.0,"{""AeEnable"": false, ""AwbEnable"": true, ""AwbMode"": ""Cloudy"", ""FrameDurationLimits"": [33333, 33333], ""ExposureTime"": 17000, ""AnalogueGain"": 16.0, ""Brightness"": 0.0, ""Contrast"": 1.2, ""LensPosition"": 12.0}"
run_20260926_005346_067436,1846,62,2026-09-26T00:54:48.697,FAIL,Left long reference tick was not found.; Right long reference tick was not found.,1 tick candidates were marked invalid.,18.85045800008811,2.5015480005095014,3.6166119989502477,24.989470000946312,interval,append-only,740,160,80,2,30,125,304,441,provided,27,13,13,26,1,,,,,373.47222222222223,373.50662948162943,0.1377715331126208,18.726190476190474,18.75,18.75,18.703703703703706,0.2092670768912771,0.011188536784286102,18.75,0.2328852446809008,0.012420546382981375,18.72685185185185,0.22259820325654012,0.29307960557960894,0.5416666666666572,-0.02863994676710418,0.29214785836546014,False,True,Cloudy,"[33333, 33333]",17000,16.0,0.0,1.2,12.0,"{""AeEnable"": false, ""AwbEnable"": true, ""AwbMode"": ""Cloudy"", ""FrameDurationLimits"": [33333, 33333], ""ExposureTime"": 17000, ""AnalogueGain"": 16.0, ""Brightness"": 0.0, ""Contrast"": 1.2, ""LensPosition"": 12.0}"
run_20260926_005346_067436,1876,63,2026-09-26T00:54:49.698,FAIL,Left long reference tick was not found.; Right long reference tick was not found.,1 tick candidates were marked invalid.,15.510713999901782,2.4804380009300075,3.609538000091561,21.62342900010117,interval,append-only,740,160,80,2,30,125,304,441,provided,27,13,13,26,1,,,,,373.47222222222223,373.5114163614164,0.14049885855666297,18.690476190476197,18.75,18.75,18.697751322751326,0.1987402939304644,0.010629101355553823,18.75,0.22821773229381923,0.012171612389003692,18.72387566137566,0.21557597257349773,0.264219576719577,0.5714285714285694,-0.024258773140876252,0.27738695471116903,False,True,Cloudy,"[33333, 33333]",17000,16.0,0.0,1.2,12.0,"{""AeEnable"": false, ""AwbEnable"": true, ""AwbMode"": ""Cloudy"", ""FrameDurationLimits"": [33333, 33333], ""ExposureTime"": 17000, ""AnalogueGain"": 16.0, ""Brightness"": 0.0, ""Contrast"": 1.2, ""LensPosition"": 12.0}"
run_20260926_005346_067436,1907,64,2026-09-26T00:54:50.731,FAIL,Left long reference tick was not found.; Right long reference tick was not found.,1 tick candidates were marked invalid.,18.937790000563837,2.5624549998610746,3.63883299905865,25.792332000492024,interval,append-only,740,160,80,2,30,125,304,441,provided,27,13,13,26,1,,,,,373.47222222222223,373.5205946830947,0.14711126498234478,18.690476190476197,18.75,18.75,18.697751322751326,0.2175090904573126,0.011632901021239312,18.75,0.2328852446809008,0.012420546382981375,18.72387566137566,0.2268377214648928,0.29208754208754684,0.5714285714285694,-0.01733958545139667,0.2853081240619427,False,True,Cloudy,"[33333, 33333]",17000,16.0,0.0,1.2,12.0,"{""AeEnable"": false, ""AwbEnable"": true, ""AwbMode"": ""Cloudy"", ""FrameDurationLimits"": [33333, 33333], ""ExposureTime"": 17000, ""AnalogueGain"": 16.0, ""Brightness"": 0.0, ""Contrast"": 1.2, ""LensPosition"": 12.0}"
run_20260926_005346_067436,1938,65,2026-09-26T00:54:51.763,FAIL,Left long reference tick was not found.; Right long reference tick was not found.,1 tick candidates were marked invalid.,19.57459799996286,2.552714999183081,3.626870999141829,25.77570200082846,interval,append-only,740,160,80,2,30,125,304,441,provided,27,13,13,26,1,,,,,373.47222222222223,373.5205946830947,0.14711126498234478,18.690476190476197,18.75,18.75,18.697751322751326,0.2175090904573126,0.011632901021239312,18.75,0.2328852446809008,0.012420546382981375,18.72387566137566,0.2268377214648928,0.29208754208754684,0.5714285714285694,-0.018300582555282902,0.2875271905406435,False,True,Cloudy,"[33333, 33333]",17000,16.0,0.0,1.2,12.0,"{""AeEnable"": false, ""AwbEnable"": true, ""AwbMode"": ""Cloudy"", ""FrameDurationLimits"": [33333, 33333], ""ExposureTime"": 17000, ""AnalogueGain"": 16.0, ""Brightness"": 0.0, ""Contrast"": 1.2, ""LensPosition"": 12.0}"
run_20260926_005346_067436,1968,66,2026-09-26T00:54:52.765,FAIL,Left long reference tick was not found.; Right long reference tick was not found.,1 tick candidates were marked invalid.,14.968089000831242,2.523789999031578,3.9222930008691037,21.436876000734628,interval,append-only,740,160,80,2,30,125,304,441,provided,27,13,13,26,1,,,,,373.47222222222223,373.5162240537241,0.1535600756420625,18.690476190476197,18.806818181818187,18.714285714285722,18.697751322751326,0.2175090904573126,0.011632901021239312,18.75,0.23746103058572102,0.012664588297905122,18.72387566137566,0.2291974123059838,0.29208754208754684,0.5714285714285694,-0.023393617347975983,0.28840317946876765,False,True,Cloudy,"[33333, 33333]",17000,16.0,0.0,1.2,12.0,"{""AeEnable"": false, ""AwbEnable"": true, ""AwbMode"": ""Cloudy"", ""FrameDurationLimits"": [33333, 33333], ""ExposureTime"": 17000, ""AnalogueGain"": 16.0, ""Brightness"": 0.0, ""Contrast"": 1.2, ""LensPosition"": 12.0}"
run_20260926_005346_067436,1998,67,2026-09-26T00:54:53.766,FAIL,Left long reference tick was not found.; Right long reference tick was not found.,1 tick candidates were marked invalid.,17.55374899948947,3.089857000304619,4.471270000067307,25.890108998282813,interval,append-only,740,160,80,2,30,125,304,441,provided,27,13,13,26,1,,,,,373.47222222222223,373.5205946830947,0.15965338256361014,18.690476190476197,18.863636363636374,18.714285714285722,18.697751322751326,0.2175090904573126,0.011632901021239312,18.75,0.26078658300089036,0.013908617760047487,18.72387566137566,0.24154172356134027,0.3110269360269425,0.5714285714285694,-0.018853236608529427,0.2893704241357484,False,True,Cloudy,"[33333, 33333]",17000,16.0,0.0,1.2,12.0,"{""AeEnable"": false, ""AwbEnable"": true, ""AwbMode"": ""Cloudy"", ""FrameDurationLimits"": [33333, 33333], ""ExposureTime"": 17000, ""AnalogueGain"": 16.0, ""Brightness"": 0.0, ""Contrast"": 1.2, ""LensPosition"": 12.0}"
run_20260926_005346_067436,2029,68,2026-09-26T00:54:54.797,FAIL,Left long reference tick was not found.; Right long reference tick was not found.,1 tick candidates were marked invalid.,17.836079001426697,2.6393629996164236,3.9955890006240224,24.49214200169081,interval,append-only,740,160,80,2,30,125,304,441,provided,27,13,13,26,1,,,,,373.47222222222223,373.52473637473645,0.15530843752233697,18.75,18.806818181818187,18.75,18.697751322751326,0.22016702064298554,0.011775053419128934,18.75,0.2566270406962808,0.013686775503801641,18.72387566137566,0.24051602559128735,0.3100348725348792,0.6493506493506658,-0.017031440170182047,0.28949889198948026,False,True,Cloudy,"[33333, 33333]",17000,16.0,0.0,1.2,12.0,"{""AeEnable"": false, ""AwbEnable"": true, ""AwbMode"": ""Cloudy"", ""FrameDurationLimits"": [33333, 33333], ""ExposureTime"": 17000, ""AnalogueGain"": 16.0, ""Brightness"": 0.0, ""Contrast"": 1.2, ""LensPosition"": 12.0}"
run_20260926_005346_067436,2059,69,2026-09-26T00:54:55.801,FAIL,Left long reference tick was not found.; Right long reference tick was not found.,1 tick candidates were marked invalid.,7.001854999543866,2.904453000155627,4.391899999973248,14.332077000290155,interval,append-only,740,160,80,2,30,125,304,441,provided,27,13,13,26,1,,,,,373.47222222222223,373.5205946830947,0.14711126498234478,18.690476190476197,18.75,18.75,18.697751322751326,0.2175090904573126,0.011632901021239312,18.75,0.2328852446809008,0.012420546382981375,18.72387566137566,0.2268377214648928,0.29208754208754684,0.5714285714285694,-0.016687661668039658,0.2832095161592774,False,True,Cloudy,"[33333, 33333]",17000,16.0,0.0,1.2,12.0,"{""AeEnable"": false, ""AwbEnable"": true, ""AwbMode"": ""Cloudy"", ""FrameDurationLimits"": [33333, 33333], ""ExposureTime"": 17000, ""AnalogueGain"": 16.0, ""Brightness"": 0.0, ""Contrast"": 1.2, ""LensPosition"": 12.0}"
run_20260926_005346_067436,2090,70,2026-09-26T00:54:56.830,FAIL,Left long reference tick was not found.; Right long reference tick was not found.,1 tick candidates were marked invalid.,19.72617100000207,2.4559020002925536,3.612167000028421,25.81455399922561,interval,append-only,740,160,80,2,30,125,304,441,provided,27,13,13,26,1,,,,,373.47222222222223,373.51578699078703,0.1404039557624789,18.690476190476197,18.75,18.75,18.697751322751326,0.1987402939304644,0.010629101355553823,18.75,0.2328852446809008,0.012420546382981375,18.72387566137566,0.21805756551742086,0.2712542087542135,0.5714285714285694,-0.02100860001931,0.28414786401639514,False,True,Cloudy,"[33333, 33333]",17000,16.0,0.0,1.2,12.0,"{""AeEnable"": false, ""AwbEnable"": true, ""AwbMode"": ""Cloudy"", ""FrameDurationLimits"": [33333, 33333], ""ExposureTime"": 17000, ""AnalogueGain"": 16.0, ""Brightness"": 0.0, ""Contrast"": 1.2, ""LensPosition"": 12.0}"
run_20260926_005346_067436,2120,71,2026-09-26T00:54:57.832,FAIL,Left long reference tick was not found.; Right long reference tick was not found.,1 tick candidates were marked invalid.,20.56801499929861,2.492382000127691,3.638889000285417,26.720693000243045,interval,append-only,740,160,80,2,30,125,304,441,provided,27,13,13,26,1,,,,,373.47222222222223,373.5205946830947,0.14711126498234478,18.690476190476197,18.75,18.75,18.697751322751326,0.2175090904573126,0.011632901021239312,18.75,0.2328852446809008,0.012420546382981375,18.72387566137566,0.2268377214648928,0.29208754208754684,0.5714285714285694,-0.019598286665183852,0.28254345923245977,False,True,Cloudy,"[33333, 33333]",17000,16.0,0.0,1.2,12.0,"{""AeEnable"": false, ""AwbEnable"": true, ""AwbMode"": ""Cloudy"", ""FrameDurationLimits"": [33333, 33333], ""ExposureTime"": 17000, ""AnalogueGain"": 16.0, ""Brightness"": 0.0, ""Contrast"": 1.2, ""LensPosition"": 12.0}"
run_20260926_005346_067436,2150,72,2026-09-26T00:54:58.834,FAIL,Left long reference tick was not found.; Right long reference tick was not found.,1 tick candidates were marked invalid.,6.893189998663729,2.8262310006539337,4.333364000558504,14.088617001107195,interval,append-only,740,160,80,2,30,125,304,441,provided,27,13,13,26,1,,,,,373.47222222222223,373.52627233877234,0.15739776504691932,18.75,18.75,18.75,18.703703703703706,0.20504307408323313,0.01096269901039068,18.75,0.2523989583175431,0.013461277776935633,18.72685185185185,0.2311055710218387,0.3012145262145296,0.6493506493506658,-0.014671304506951909,0.2793797545890068,False,True,Cloudy,"[33333, 33333]",17000,16.0,0.0,1.2,12.0,"{""AeEnable"": false, ""AwbEnable"": true, ""AwbMode"": ""Cloudy"", ""FrameDurationLimits"": [33333, 33333], ""ExposureTime"": 17000, ""AnalogueGain"": 16.0, ""Brightness"": 0.0, ""Contrast"": 1.2, ""LensPosition"": 12.0}"
run_20260926_005346_067436,2180,73,2026-09-26T00:54:59.834,FAIL,Left long reference tick was not found.; Right long reference tick was not found.,1 tick candidates were marked invalid.,15.992967999409302,3.3753180014173267,4.916745998343686,24.311253999258042,interval,append-only,740,160,80,2,30,125,304,441,provided,27,13,13,26,1,,,,,373.47222222222223,373.51599511599517,0.15383454408338298,18.75,18.806818181818187,18.75,18.697751322751326,0.22016702064298554,0.011775053419128934,18.75,0.23746103058572102,0.012664588297905122,18.72387566137566,0.23046281713408753,0.29109547859548357,0.5714285714285694,-0.02132252128089745,0.2868720023171417,False,True,Cloudy,"[33333, 33333]",17000,16.0,0.0,1.2,12.0,"{""AeEnable"": false, ""AwbEnable"": true, ""AwbMode"": ""Cloudy"", ""FrameDurationLimits"": [33333, 33333], ""ExposureTime"": 17000, ""AnalogueGain"": 16.0, ""Brightness"": 0.0, ""Contrast"": 1.2, ""LensPosition"": 12.0}"
run_20260926_005346_067436,2210,74,2026-09-26T00:55:00.837,FAIL,Left long reference tick was not found.; Right long reference tick was not found.,1 tick candidates were marked invalid.,11.004444999343832,3.73407299957762,5.575572999077849,20.35227600026701,interval,append-only,740,160,80,2,30,125,304,441,provided,27,13,13,26,1,,,,,373.47222222222223,373.51599511599517,0.15383454408338298,18.75,18.806818181818187,18.75,18.697751322751326,0.22016702064298554,0.011775053419128934,18.75,0.23746103058572102,0.012664588297905122,18.72387566137566,0.23046281713408753,0.29109547859548357,0.5714285714285694,-0.02230029227750171,0.2891114130773788,False,True,Cloudy,"[33333, 33333]",17000,16.0,0.0,1.2,12.0,"{""AeEnable"": false, ""AwbEnable"": true, ""AwbMode"": ""Cloudy"", ""FrameDurationLimits"": [33333, 33333], ""ExposureTime"": 17000, ""AnalogueGain"": 16.0, ""Brightness"": 0.0, ""Contrast"": 1.2, ""LensPosition"": 12.0}"
run_20260926_005346_067436,2241,75,2026-09-26T00:55:01.863,FAIL,Left long reference tick was not found.; Right long reference tick was not found.,1 tick candidates were marked invalid.,18.570738000562415,2.5116790002357448,3.598834000513307,24.70345399888174,interval,append-only,740,160,80,2,30,125,304,441,provided,27,13,13,26,1,,,,,373.47222222222223,373.52998112998114,0.15181197467761842,18.75,18.75,18.75,18.697751322751326,0.2572583338050335,0.013758784645509906,18.75,0.2328852446809008,0.012420546382981375,18.72387566137566,0.24676137221954253,0.3119288119288169,0.5714285714285694,-0.00965043790835606,0.2833719447745183,False,True,Cloudy,"[33333, 33333]",17000,16.0,0.0,1.2,12.0,"{""AeEnable"": false, ""AwbEnable"": true, ""AwbMode"": ""Cloudy"", ""FrameDurationLimits"": [33333, 33333], ""ExposureTime"": 17000, ""AnalogueGain"": 16.0, ""Brightness"": 0.0, ""Contrast"": 1.2, ""LensPosition"": 12.0}"
run_20260926_005346_067436,2271,76,2026-09-26T00:55:02.864,FAIL,Left long reference tick was not found.; Right long reference tick was not found.,1 tick candidates were marked invalid.,14.976570000726497,2.4895309998100856,3.5860190000676084,21.074046000649105,interval,append-only,740,160,80,2,30,125,304,441,provided,27,13,13,26,1,,,,,373.47222222222223,373.52517343767346,0.14563198982898445,18.75,18.75,18.75,18.697751322751326,0.24159749649394557,0.012921205995502304,18.75,0.2328852446809008,0.012420546382981375,18.72387566137566,0.2387151541475145,0.29109547859548357,0.5714285714285694,-0.01328569159966592,0.28416443614927483,False,True,Cloudy,"[33333, 33333]",17000,16.0,0.0,1.2,12.0,"{""AeEnable"": false, ""AwbEnable"": true, ""AwbMode"": ""Cloudy"", ""FrameDurationLimits"": [33333, 33333], ""ExposureTime"": 17000, ""AnalogueGain"": 16.0, ""Brightness"": 0.0, ""Contrast"": 1.2, ""LensPosition"": 12.0}"
run_20260926_005346_067436,2302,77,2026-09-26T00:55:03.897,FAIL,Left long reference tick was not found.; Right long reference tick was not found.,1 tick candidates were marked invalid.,18.932048998976825,2.49738200000138,3.652888999567949,25.73379499881412,interval,append-only,740,160,80,2,30,125,304,441,provided,27,13,13,26,1,,,,,373.47222222222223,373.5162240537241,0.14552268097224502,18.690476190476197,18.806818181818187,18.714285714285722,18.697751322751326,0.22224656974833293,0.011886272627762701,18.75,0.23746103058572102,0.012664588297905122,18.72387566137566,0.23145867984248453,0.2712542087542135,0.5714285714285694,-0.024131509374102987,0.2863274656507113,False,True,Cloudy,"[33333, 33333]",17000,16.0,0.0,1.2,12.0,"{""AeEnable"": false, ""AwbEnable"": true, ""AwbMode"": ""Cloudy"", ""FrameDurationLimits"": [33333, 33333], ""ExposureTime"": 17000, ""AnalogueGain"": 16.0, ""Brightness"": 0.0, ""Contrast"": 1.2, ""LensPosition"": 12.0}"
run_20260926_005346_067436,2332,78,2026-09-26T00:55:04.898,FAIL,Left long reference tick was not found.; Right long reference tick was not found.,1 tick candidates were marked invalid.,19.926465000025928,2.526603999285726,3.6314259996288456,26.105754001036985,interval,append-only,740,160,80,2,30,125,304,441,provided,27,13,13,26,1,,,,,373.47222222222223,373.5205946830947,0.13870067819177925,18.690476190476197,18.75,18.75,18.697751322751326,0.22224656974833293,0.011886272627762701,18.75,0.2328852446809008,0.012420546382981375,18.72387566137566,0.22912227858951406,0.2712542087542135,0.5714285714285694,-0.019832462208810853,0.2822507295625866,False,True,Cloudy,"[33333, 33333]",17000,16.0,0.0,1.2,12.0,"{""AeEnable"": false, ""AwbEnable"": true, ""AwbMode"": ""Cloudy"", ""FrameDurationLimits"": [33333, 33333], ""ExposureTime"": 17000, ""AnalogueGain"": 16.0, ""Brightness"": 0.0, ""Contrast"": 1.2, ""LensPosition"": 12.0}"
run_20260926_005346_067436,2363,79,2026-09-26T00:55:05.934,FAIL,Left long reference tick was not found.; Right long reference tick was not found.,1 tick candidates were marked invalid.,7.251999999425607,2.894748999096919,4.278827000234742,14.456446000622236,interval,append-only,740,160,80,2,30,125,304,441,provided,27,13,13,26,1,,,,,373.47222222222223,373.5216935841936,0.15544547947671467,18.690476190476197,18.863636363636374,18.714285714285722,18.703703703703706,0.1872190606385677,0.01000973195493332,18.75,0.26078658300089036,0.013908617760047487,18.72685185185185,0.22818007369733795,0.288407888407896,0.5303030303030454,-0.018954911366925842,0.28454994961333946,False,True,Cloudy,"[33333, 33333]",17000,16.0,0.0,1.2,12.0,"{""AeEnable"": false, ""AwbEnable"": true, ""AwbMode"": ""Cloudy"", ""FrameDurationLimits"": [33333, 33333], ""ExposureTime"": 17000, ""AnalogueGain"": 16.0, ""Brightness"": 0.0, ""Contrast"": 1.2, ""LensPosition"": 12.0}"
run_20260926_005346_067436,2394,80,2026-09-26T00:55:06.967,FAIL,Left long reference tick was not found.; Right long reference tick was not found.,1 tick candidates were marked invalid.,17.05716099968413,3.255521998653421,4.64704600017285,25.769054000193137,interval,append-only,740,160,80,2,30,125,304,441,provided,27,13,13,26,1,,,,,373.47222222222223,373.53598484848493,0.1481946151373011,18.75,18.806818181818187,18.75,18.703703703703706,0.19841311728351274,0.010608226072583849,18.75,0.25207662168816053,0.013444086490035229,18.72685185185185,0.22801541815988474,0.2851010101010232,0.6493506493506658,-0.006521257716295499,0.2843689043208606,False,True,Cloudy,"[33333, 33333]",17000,16.0,0.0,1.2,12.0,"{""AeEnable"": false, ""AwbEnable"": true, ""AwbMode"": ""Cloudy"", ""FrameDurationLimits"": [33333, 33333], ""ExposureTime"": 17000, ""AnalogueGain"": 16.0, ""Brightness"": 0.0, ""Contrast"": 1.2, ""LensPosition"": 12.0}"
run_20260926_005346_067436,2425,81,2026-09-26T00:55:07.997,FAIL,Left long reference tick was not found.; Right long reference tick was not found.,1 tick candidates were marked invalid.,17.861726999399252,2.5493079992884304,3.675387999464874,24.107756000375957,interval,append-only,740,160,80,2,30,125,304,441,provided,27,13,13,26,1,,,,,373.47222222222223,373.517322954823,0.14921259040635876,18.690476190476197,18.806818181818187,18.714285714285722,18.703703703703706,0.1872190606385677,0.01000973195493332,18.75,0.23746103058572102,0.012664588297905122,18.72685185185185,0.21507021090634287,0.26946849446850035,0.5,-0.02210417138417798,0.28200592548361236,False,True,Cloudy,"[33333, 33333]",17000,16.0,0.0,1.2,12.0,"{""AeEnable"": false, ""AwbEnable"": true, ""AwbMode"": ""Cloudy"", ""FrameDurationLimits"": [33333, 33333], ""ExposureTime"": 17000, ""AnalogueGain"": 16.0, ""Brightness"": 0.0, ""Contrast"": 1.2, ""LensPosition"": 12.0}"
run_20260926_005346_067436,2455,82,2026-09-26T00:55:09.001,FAIL,Left long reference tick was not found.; Right long reference tick was not found.,1 tick candidates were marked invalid.,7.725699999355129,2.859193000404048,4.306455999540049,14.928200998838292,interval,append-only,740,160,80,2,30,125,304,441,provided,27,13,13,26,1,,,,,373.47222222222223,373.53115634365633,0.16378822906187396,18.75,18.863636363636374,18.785714285714278,18.697751322751326,0.20538390499476003,0.01098441740129734,18.75,0.26078658300089036,0.013908617760047487,18.72387566137566,0.23617488482192073,0.30814093314094154,0.6493506493506658,-0.011790736607344216,0.2828761184243091,False,True,Cloudy,"[33333, 33333]",17000,16.0,0.0,1.2,12.0,"{""AeEnable"": false, ""AwbEnable"": true, ""AwbMode"": ""Cloudy"", ""FrameDurationLimits"": [33333, 33333], ""ExposureTime"": 17000, ""AnalogueGain"": 16.0, ""Brightness"": 0.0, ""Contrast"": 1.2, ""LensPosition"": 12.0}"
run_20260926_005346_067436,2486,83,2026-09-26T00:55:10.030,FAIL,Left long reference tick was not found.; Right long reference tick was not found.,1 tick candidates were marked invalid.,19.621710000137682,2.5147150008706376,3.613000000768807,25.770480000574025,interval,append-only,740,160,80,2,30,125,304,441,provided,27,13,13,26,1,,,,,373.47222222222223,373.5343614718616,0.1591403046522636,18.75,18.863636363636374,18.785714285714278,18.697751322751326,0.20538390499476003,0.01098441740129734,18.75,0.25937060335887785,0.013833098845806819,18.72387566137566,0.23539394687922957,0.30814093314094154,0.6493506493506658,-0.008354785791334725,0.2864080640624481,False,True,Cloudy,"[33333, 33333]",17000,16.0,0.0,1.2,12.0,"{""AeEnable"": false, ""AwbEnable"": true, ""AwbMode"": ""Cloudy"", ""FrameDurationLimits"": [33333, 33333], ""ExposureTime"": 17000, ""AnalogueGain"": 16.0, ""Brightness"": 0.0, ""Contrast"": 1.2, ""LensPosition"": 12.0}"
run_20260926_005346_067436,2516,84,2026-09-26T00:55:11.035,FAIL,Left long reference tick was not found.; Right long reference tick was not found.,1 tick candidates were marked invalid.,18.023503000222263,2.797435001411941,4.27979000050982,25.138246001006337,interval,append-only,740,160,80,2,30,125,304,441,provided,27,13,13,26,1,,,,,373.47222222222223,373.51792374292376,0.14993230388547393,18.690476190476197,18.863636363636374,18.714285714285722,18.697751322751326,0.19189269739160517,0.010262875683778675,18.75,0.26078658300089036,0.013908617760047487,18.72387566137566,0.230431563943207,0.2841329966330039,0.5714285714285694,-0.02430408249475682,0.2872166444427534,False,True,Cloudy,"[33333, 33333]",17000,16.0,0.0,1.2,12.0,"{""AeEnable"": false, ""AwbEnable"": true, ""AwbMode"": ""Cloudy"", ""FrameDurationLimits"": [33333, 33333], ""ExposureTime"": 17000, ""AnalogueGain"": 16.0, ""Brightness"": 0.0, ""Contrast"": 1.2, ""LensPosition"": 12.0}"
run_20260926_005346_067436,2547,85,2026-09-26T00:55:12.064,FAIL,Left long reference tick was not found.; Right long reference tick was not found.,1 tick candidates were marked invalid.,19.736374999411055,2.4865670002327533,3.6754809989361092,26.585138999507762,interval,append-only,740,160,80,2,30,125,304,441,provided,27,13,13,26,1,,,,,373.47222222222223,373.5316808191809,0.15755401689268572,18.75,18.806818181818187,18.75,18.697751322751326,0.23154075204911032,0.012383347497373801,18.75,0.2566270406962808,0.013686775503801641,18.72387566137566,0.24579820993359197,0.3216089466089554,0.6493506493506658,-0.013431711008733553,0.2832773910815589,False,True,Cloudy,"[33333, 33333]",17000,16.0,0.0,1.2,12.0,"{""AeEnable"": false, ""AwbEnable"": true, ""AwbMode"": ""Cloudy"", ""FrameDurationLimits"": [33333, 33333], ""ExposureTime"": 17000, ""AnalogueGain"": 16.0, ""Brightness"": 0.0, ""Contrast"": 1.2, ""LensPosition"": 12.0}"
run_20260926_005346_067436,2577,86,2026-09-26T00:55:13.066,FAIL,Left long reference tick was not found.; Right long reference tick was not found.,1 tick candidates were marked invalid.,15.974097999787773,3.0918020001990953,4.469565999897895,23.558651000712416,interval,append-only,740,160,80,2,30,125,304,441,provided,27,13,13,26,1,,,,,373.47222222222223,373.52421189921193,0.16160675147885828,18.744642857142864,18.863636363636374,18.775000000000006,18.697751322751326,0.19780869263905232,0.01057927711330505,18.75,0.26078658300089036,0.013908617760047487,18.72387566137566,0.23291938830201483,0.2933682058682135,0.6493506493506658,-0.019901680434183132,0.2882386849917917,False,True,Cloudy,"[33333, 33333]",17000,16.0,0.0,1.2,12.0,"{""AeEnable"": false, ""AwbEnable"": true, ""AwbMode"": ""Cloudy"", ""FrameDurationLimits"": [33333, 33333], ""ExposureTime"": 17000, ""AnalogueGain"": 16.0, ""Brightness"": 0.0, ""Contrast"": 1.2, ""LensPosition"": 12.0}"
run_20260926_005346_067436,2607,87,2026-09-26T00:55:14.068,FAIL,Left long reference tick was not found.; Right long reference tick was not found.,1 tick candidates were marked invalid.,6.411565000234987,2.7915650007344084,4.370086000562878,13.609289000669378,interval,append-only,740,160,80,2,30,125,304,441,provided,27,13,13,26,1,,,,,373.47222222222223,373.527645965146,0.15450674660095923,18.690476190476197,18.863636363636374,18.714285714285722,18.697751322751326,0.19459126390237386,0.010407201408524256,18.75,0.25937060335887785,0.013833098845806819,18.72387566137566,0.2307637666651654,0.2882996632996715,0.5714285714285694,-0.015551962911090938,0.28757078155471977,False,True,Cloudy,"[33333, 33333]",17000,16.0,0.0,1.2,12.0,"{""AeEnable"": false, ""AwbEnable"": true, ""AwbMode"": ""Cloudy"", ""FrameDurationLimits"": [33333, 33333], ""ExposureTime"": 17000, ""AnalogueGain"": 16.0, ""Brightness"": 0.0, ""Contrast"": 1.2, ""LensPosition"": 12.0}"
run_20260926_005346_067436,2638,88,2026-09-26T00:55:15.097,FAIL,Left long reference tick was not found.; Right long reference tick was not found.,1 tick candidates were marked invalid.,19.50280299934093,2.534863000619225,3.630723000242142,26.319918999433867,interval,append-only,740,160,80,2,30,125,304,441,provided,27,13,13,26,1,,,,,373.47222222222223,373.52593656343663,0.15146175079723612,18.690476190476197,18.863636363636374,18.714285714285722,18.697751322751326,0.21127069676655622,0.011299256959818645,18.75,0.25937060335887785,0.013833098845806819,18.72387566137566,0.23798464166421815,0.3049663299663372,0.5714285714285694,-0.020537976113100872,0.2823564452912029,False,True,Cloudy,"[33333, 33333]",17000,16.0,0.0,1.2,12.0,"{""AeEnable"": false, ""AwbEnable"": true, ""AwbMode"": ""Cloudy"", ""FrameDurationLimits"": [33333, 33333], ""ExposureTime"": 17000, ""AnalogueGain"": 16.0, ""Brightness"": 0.0, ""Contrast"": 1.2, ""LensPosition"": 12.0}"
run_20260926_005346_067436,2668,89,2026-09-26T00:55:16.098,FAIL,Left long reference tick was not found.; Right long reference tick was not found.,1 tick candidates were marked invalid.,21.60674500009918,2.5053640001715394,3.643149000708945,27.776218999861157,interval,append-only,740,160,80,2,30,125,304,441,provided,27,13,13,26,1,,,,,373.47222222222223,373.52924852924855,0.15654923964778428,18.690476190476197,18.806818181818187,18.75,18.697751322751326,0.17926682158295917,0.009587613958948542,18.75,0.2923790984151963,0.015593551915477137,18.72387566137566,0.2439129892478645,0.29625420875421443,0.6666666666666714,-0.026039086561904304,0.2795225446707525,False,True,Cloudy,"[33333, 33333]",17000,16.0,0.0,1.2,12.0,"{""AeEnable"": false, ""AwbEnable"": true, ""AwbMode"": ""Cloudy"", ""FrameDurationLimits"": [33333, 33333], ""ExposureTime"": 17000, ""AnalogueGain"": 16.0, ""Brightness"": 0.0, ""Contrast"": 1.2, ""LensPosition"": 12.0}"
run_20260926_005346_067436,2699,90,2026-09-26T00:55:17.134,FAIL,Left long reference tick was not found.; Right long reference tick was not found.,1 tick candidates were marked invalid.,7.693032999668503,2.876673999708146,4.30847499956144,14.91434900162858,interval,append-only,740,160,80,2,30,125,304,441,provided,27,13,13,26,1,,,,,373.47222222222223,373.527645965146,0.15450674660095923,18.690476190476197,18.863636363636374,18.714285714285722,18.697751322751326,0.19459126390237386,0.010407201408524256,18.75,0.25937060335887785,0.013833098845806819,18.72387566137566,0.2307637666651654,0.2882996632996715,0.5714285714285694,-0.02320188910395215,0.2827361958440693,False,True,Cloudy,"[33333, 33333]",17000,16.0,0.0,1.2,12.0,"{""AeEnable"": false, ""AwbEnable"": true, ""AwbMode"": ""Cloudy"", ""FrameDurationLimits"": [33333, 33333], ""ExposureTime"": 17000, ""AnalogueGain"": 16.0, ""Brightness"": 0.0, ""Contrast"": 1.2, ""LensPosition"": 12.0}"
run_20260926_005346_067436,2730,91,2026-09-26T00:55:18.163,FAIL,Left long reference tick was not found.; Right long reference tick was not found.,1 tick candidates were marked invalid.,19.780578000791138,2.4995299991132924,3.654647998700966,25.955367000278784,interval,append-only,740,160,80,2,30,125,304,441,provided,27,13,13,26,1,,,,,373.47222222222223,373.53115634365633,0.16378822906187396,18.75,18.863636363636374,18.785714285714278,18.697751322751326,0.20538390499476003,0.01098441740129734,18.75,0.26078658300089036,0.013908617760047487,18.72387566137566,0.23617488482192073,0.30814093314094154,0.6493506493506658,-0.016647361350236495,0.28238044726053163,False,True,Cloudy,"[33333, 33333]",17000,16.0,0.0,1.2,12.0,"{""AeEnable"": false, ""AwbEnable"": true, ""AwbMode"": ""Cloudy"", ""FrameDurationLimits"": [33333, 33333], ""ExposureTime"": 17000, ""AnalogueGain"": 16.0, ""Brightness"": 0.0, ""Contrast"": 1.2, ""LensPosition"": 12.0}"
run_20260926_005346_067436,2760,92,2026-09-26T00:55:19.170,FAIL,Left long reference tick was not found.; Right long reference tick was not found.,1 tick candidates were marked invalid.,15.02284799971676,3.395613999600755,5.121669999425649,23.578817999805324,interval,append-only,740,160,80,2,30,125,304,441,provided,27,13,13,26,1,,,,,373.47222222222223,373.5316808191809,0.15755401689268572,18.75,18.806818181818187,18.75,18.697751322751326,0.23154075204911032,0.012383347497373801,18.75,0.2566270406962808,0.013686775503801641,18.72387566137566,0.24579820993359197,0.3216089466089554,0.6493506493506658,-0.014419614694774032,0.2816514137597631,False,True,Cloudy,"[33333, 33333]",17000,16.0,0.0,1.2,12.0,"{""AeEnable"": false, ""AwbEnable"": true, ""AwbMode"": ""Cloudy"", ""FrameDurationLimits"": [33333, 33333], ""ExposureTime"": 17000, ""AnalogueGain"": 16.0, ""Brightness"": 0.0, ""Contrast"": 1.2, ""LensPosition"": 12.0}"
run_20260926_005346_067436,2791,93,2026-09-26T00:55:20.197,FAIL,Left long reference tick was not found.; Right long reference tick was not found.,1 tick candidates were marked invalid.,19.670096999107045,2.531641001041862,3.6197040008119075,26.469251000889926,interval,append-only,740,160,80,2,30,125,304,441,provided,27,13,13,26,1,,,,,373.47222222222223,373.534885947386,0.15270546421794567,18.75,18.806818181818187,18.75,18.697751322751326,0.23154075204911032,0.012383347497373801,18.75,0.25207662168816053,0.013444086490035229,18.72387566137566,0.24343243949636392,0.30772005772006966,0.6493506493506658,-0.013810320928869784,0.28048157395119083,False,True,Cloudy,"[33333, 33333]",17000,16.0,0.0,1.2,12.0,"{""AeEnable"": false, ""AwbEnable"": true, ""AwbMode"": ""Cloudy"", ""FrameDurationLimits"": [33333, 33333], ""ExposureTime"": 17000, ""AnalogueGain"": 16.0, ""Brightness"": 0.0, ""Contrast"": 1.2, ""LensPosition"": 12.0}"
run_20260926_005346_067436,2822,94,2026-09-26T00:55:21.230,FAIL,Left long reference tick was not found.; Right long reference tick was not found.,1 tick candidates were marked invalid.,18.754552000245894,2.4901790002331836,3.6528519995044917,24.91860000009183,interval,append-only,740,160,80,2,30,125,304,441,provided,27,13,13,26,1,,,,,373.47222222222223,373.52794150294153,0.1499428368415186,18.75,18.806818181818187,18.75,18.697751322751326,0.22016702064298554,0.011775053419128934,18.75,0.25207662168816053,0.013444086490035229,18.72387566137566,0.23809777646761318,0.2961459836459935,0.6493506493506658,-0.02061223049749117,0.2792829060647874,False,True,Cloudy,"[33333, 33333]",17000,16.0,0.0,1.2,12.0,"{""AeEnable"": false, ""AwbEnable"": true, ""AwbMode"": ""Cloudy"", ""FrameDurationLimits"": [33333, 33333], ""ExposureTime"": 17000, ""AnalogueGain"": 16.0, ""Brightness"": 0.0, ""Contrast"": 1.2, ""LensPosition"": 12.0}"
run_20260926_005346_067436,2852,95,2026-09-26T00:55:22.235,FAIL,Left long reference tick was not found.; Right long reference tick was not found.,1 tick candidates were marked invalid.,8.22915800017654,2.8286379983910592,4.274271999747725,15.366530000392231,interval,append-only,740,160,80,2,30,125,304,441,provided,27,13,13,26,1,,,,,373.47222222222223,373.5339244089245,0.14654031839004308,18.744642857142864,18.806818181818187,18.75,18.697751322751326,0.19092768726465478,0.010211264657923595,18.75,0.25207662168816053,0.013444086490035229,18.72387566137566,0.22512326301724575,0.2702200577200706,0.6493506493506658,-0.015001987538719473,0.27807392798630903,False,True,Cloudy,"[33333, 33333]",17000,16.0,0.0,1.2,12.0,"{""AeEnable"": false, ""AwbEnable"": true, ""AwbMode"": ""Cloudy"", ""FrameDurationLimits"": [33333, 33333], ""ExposureTime"": 17000, ""AnalogueGain"": 16.0, ""Brightness"": 0.0, ""Contrast"": 1.2, ""LensPosition"": 12.0}"
run_20260926_005346_067436,2883,96,2026-09-26T00:55:23.263,FAIL,Left long reference tick was not found.; Right long reference tick was not found.,1 tick candidates were marked invalid.,18.786921000355505,2.5050120002561016,3.686277999804588,24.99915500084171,interval,append-only,740,160,80,2,30,125,304,441,provided,27,13,13,26,1,,,,,373.47222222222223,373.5387321012322,0.1524077430890155,18.75,18.806818181818187,18.75,18.697751322751326,0.20538390499476003,0.01098441740129734,18.75,0.25207662168816053,0.013444086490035229,18.72387566137566,0.23139807018396977,0.29105339105340394,0.6493506493506658,-0.010023259300166497,0.27569518582514696,False,True,Cloudy,"[33333, 33333]",17000,16.0,0.0,1.2,12.0,"{""AeEnable"": false, ""AwbEnable"": true, ""AwbMode"": ""Cloudy"", ""FrameDurationLimits"": [33333, 33333], ""ExposureTime"": 17000, ""AnalogueGain"": 16.0, ""Brightness"": 0.0, ""Contrast"": 1.2, ""LensPosition"": 12.0}"
run_20260926_005346_067436,2913,97,2026-09-26T00:55:24.267,FAIL,Left long reference tick was not found.; Right long reference tick was not found.,1 tick candidates were marked invalid.,16.729887000110466,2.786620001643314,4.353382000772399,23.90462899893464,interval,append-only,740,160,80,2,30,125,304,441,provided,27,13,13,26,1,,,,,373.47222222222223,373.5305153180153,0.1593199767368119,18.75,18.863636363636374,18.785714285714278,18.697751322751326,0.23154075204911032,0.012383347497373801,18.75,0.25937060335887785,0.013833098845806819,18.72387566137566,0.24723388914480765,0.32480759980760726,0.6493506493506658,-0.019759754644490195,0.28104362917462855,False,True,Cloudy,"[33333, 33333]",17000,16.0,0.0,1.2,12.0,"{""AeEnable"": false, ""AwbEnable"": true, ""AwbMode"": ""Cloudy"", ""FrameDurationLimits"": [33333, 33333], ""ExposureTime"": 17000, ""AnalogueGain"": 16.0, ""Brightness"": 0.0, ""Contrast"": 1.2, ""LensPosition"": 12.0}"
run_20260926_005346_067436,2944,98,2026-09-26T00:55:25.305,FAIL,Left long reference tick was not found.; Right long reference tick was not found.,1 tick candidates were marked invalid.,2.9950809985166416,3.5512230006133905,5.31387299997732,11.900842999239103,interval,append-only,740,160,80,2,30,125,304,441,provided,27,13,13,26,1,,,,,373.47222222222223,373.534885947386,0.15270546421794567,18.75,18.806818181818187,18.75,18.697751322751326,0.23154075204911032,0.012383347497373801,18.75,0.25207662168816053,0.013444086490035229,18.72387566137566,0.24343243949636392,0.30772005772006966,0.6493506493506658,-0.01260998585228689,0.27709796522737506,False,True,Cloudy,"[33333, 33333]",17000,16.0,0.0,1.2,12.0,"{""AeEnable"": false, ""AwbEnable"": true, ""AwbMode"": ""Cloudy"", ""FrameDurationLimits"": [33333, 33333], ""ExposureTime"": 17000, ""AnalogueGain"": 16.0, ""Brightness"": 0.0, ""Contrast"": 1.2, ""LensPosition"": 12.0}"
run_20260926_005346_067436,2975,99,2026-09-26T00:55:26.330,FAIL,Left long reference tick was not found.; Right long reference tick was not found.,1 tick candidates were marked invalid.,18.903049998698407,2.523807001125533,3.7014620011177612,25.149226999928942,interval,append-only,740,160,80,2,30,125,304,441,provided,27,13,13,26,1,,,,,373.47222222222223,373.5365953490954,0.15562787477898993,18.75,18.806818181818187,18.75,18.697751322751326,0.21179576376839518,0.011327338785957817,18.75,0.25207662168816053,0.013444086490035229,18.72387566137566,0.23427017617386986,0.30031265031266113,0.6493506493506658,-0.014010823196320334,0.28182934361684653,False,True,Cloudy,"[33333, 33333]",17000,16.0,0.0,1.2,12.0,"{""AeEnable"": false, ""AwbEnable"": true, ""AwbMode"": ""Cloudy"", ""FrameDurationLimits"": [33333, 33333], ""ExposureTime"": 17000, ""AnalogueGain"": 16.0, ""Brightness"": 0.0, ""Contrast"": 1.2, ""LensPosition"": 12.0}"
run_20260926_005346_067436,3005,100,2026-09-26T00:55:27.334,FAIL,Left long reference tick was not found.; Right long reference tick was not found.,1 tick candidates were marked invalid.,17.139067998868995,2.969709999888437,4.407159000038519,24.551438000344206,interval,append-only,740,160,80,2,30,125,304,441,provided,27,13,13,26,1,,,,,373.47222222222223,373.5432387057387,0.1674124337231643,18.75,18.875,18.75,18.697751322751326,0.237246742820231,0.01268851739040675,18.75,0.3023825146816288,0.01612706744968687,18.72387566137566,0.273025790266334,0.3624338624338688,0.7857142857142918,-0.020009305020236158,0.290391405238265,False,True,Cloudy,"[33333, 33333]",17000,16.0,0.0,1.2,12.0,"{""AeEnable"": false, ""AwbEnable"": true, ""AwbMode"": ""Cloudy"", ""FrameDurationLimits"": [33333, 33333], ""ExposureTime"": 17000, ""AnalogueGain"": 16.0, ""Brightness"": 0.0, ""Contrast"": 1.2, ""LensPosition"": 12.0}"
run_20260926_005346_067436,3036,101,2026-09-26T00:55:28.365,FAIL,Left long reference tick was not found.; Right long reference tick was not found.,1 tick candidates were marked invalid.,20.04492699961702,2.5142899994534673,3.6232229995221132,26.832746998479706,interval,append-only,740,160,80,2,30,125,304,441,provided,27,13,13,26,1,,,,,373.47222222222223,373.5571275946276,0.15281893071043431,18.75,18.97222222222223,18.785714285714278,18.697751322751326,0.237246742820231,0.01268851739040675,18.75,0.328866678429225,0.017539556182892,18.72387566137566,0.2879273096607877,0.35132275132275365,0.7857142857142918,-0.00777694237294377,0.2985025423304353,False,True,Cloudy,"[33333, 33333]",17000,16.0,0.0,1.2,12.0,"{""AeEnable"": false, ""AwbEnable"": true, ""AwbMode"": ""Cloudy"", ""FrameDurationLimits"": [33333, 33333], ""ExposureTime"": 17000, ""AnalogueGain"": 16.0, ""Brightness"": 0.0, ""Contrast"": 1.2, ""LensPosition"": 12.0}"
run_20260926_005346_067436,3067,102,2026-09-26T00:55:29.396,FAIL,Left long reference tick was not found.; Right long reference tick was not found.,1 tick candidates were marked invalid.,18.841031998817925,2.541159999964293,3.638112000771798,25.041209999471903,interval,append-only,740,160,80,2,30,125,304,441,provided,27,13,13,26,1,,,,,373.47222222222223,373.5518828393829,0.15218107455797356,18.75,18.904040404040416,18.785714285714278,18.697751322751326,0.237246742820231,0.01268851739040675,18.75,0.3160519409387551,0.016856103516733605,18.72387566137566,0.2806597659863997,0.3285954785954826,0.7857142857142918,-0.010890185270117588,0.2821232021935103,False,True,Cloudy,"[33333, 33333]",17000,16.0,0.0,1.2,12.0,"{""AeEnable"": false, ""AwbEnable"": true, ""AwbMode"": ""Cloudy"", ""FrameDurationLimits"": [33333, 33333], ""ExposureTime"": 17000, ""AnalogueGain"": 16.0, ""Brightness"": 0.0, ""Contrast"": 1.2, ""LensPosition"": 12.0}"
run_20260926_005346_067436,3097,103,2026-09-26T00:55:30.401,FAIL,Left long reference tick was not found.; Right long reference tick was not found.,1 tick candidates were marked invalid.,15.37451200056239,2.9020999991189456,4.366567000033683,22.681456001009792,interval,append-only,740,160,80,2,30,125,304,441,provided,27,13,13,26,1,,,,,373.47222222222223,373.55401959151965,0.1409838110744559,18.75,18.904040404040416,18.785714285714278,18.697751322751326,0.23154075204911032,0.012383347497373801,18.75,0.29753183528408994,0.015868364548484795,18.72387566137566,0.2678630946996101,0.3378547378547398,0.6493506493506658,-0.0042195343827847644,0.29558120468495896,False,True,Cloudy,"[33333, 33333]",17000,16.0,0.0,1.2,12.0,"{""AeEnable"": false, ""AwbEnable"": true, ""AwbMode"": ""Cloudy"", ""FrameDurationLimits"": [33333, 33333], ""ExposureTime"": 17000, ""AnalogueGain"": 16.0, ""Brightness"": 0.0, ""Contrast"": 1.2, ""LensPosition"": 12.0}"
run_20260926_005346_067436,3128,104,2026-09-26T00:55:31.438,FAIL,Left long reference tick was not found.; Right long reference tick was not found.,1 tick candidates were marked invalid.,3.6089819986955263,3.5726300011447165,5.136726000273484,12.357153000266408,interval,append-only,740,160,80,2,30,125,304,441,provided,27,13,13,26,1,,,,,373.47222222222223,373.5592643467644,0.15180767644618548,18.75,18.97222222222223,18.785714285714278,18.697751322751326,0.23154075204911032,0.012383347497373801,18.75,0.328866678429225,0.017539556182892,18.72387566137566,0.285595320495327,0.3605820105820108,0.7857142857142918,-0.021533021523884834,0.28384751695884275,False,True,Cloudy,"[33333, 33333]",17000,16.0,0.0,1.2,12.0,"{""AeEnable"": false, ""AwbEnable"": true, ""AwbMode"": ""Cloudy"", ""FrameDurationLimits"": [33333, 33333], ""ExposureTime"": 17000, ""AnalogueGain"": 16.0, ""Brightness"": 0.0, ""Contrast"": 1.2, ""LensPosition"": 12.0}"
run_20260926_005346_067436,3159,105,2026-09-26T00:55:32.463,FAIL,Left long reference tick was not found.; Right long reference tick was not found.,1 tick candidates were marked invalid.,17.88498600035382,2.5132899991149316,3.6657040000136476,24.084774999209912,interval,append-only,740,160,80,2,30,125,304,441,provided,27,13,13,26,1,,,,,373.47222222222223,373.5592643467644,0.15180767644618548,18.75,18.97222222222223,18.785714285714278,18.697751322751326,0.23154075204911032,0.012383347497373801,18.75,0.328866678429225,0.017539556182892,18.72387566137566,0.285595320495327,0.3605820105820108,0.7857142857142918,-0.021154082792538,0.2822301922404978,False,True,Cloudy,"[33333, 33333]",17000,16.0,0.0,1.2,12.0,"{""AeEnable"": false, ""AwbEnable"": true, ""AwbMode"": ""Cloudy"", ""FrameDurationLimits"": [33333, 33333], ""ExposureTime"": 17000, ""AnalogueGain"": 16.0, ""Brightness"": 0.0, ""Contrast"": 1.2, ""LensPosition"": 12.0}"
run_20260926_005346_067436,3189,106,2026-09-26T00:55:33.467,FAIL,Left long reference tick was not found.; Right long reference tick was not found.,1 tick candidates were marked invalid.,15.143309999984922,2.8760819986928254,4.361086001154035,22.416107000026386,interval,append-only,740,160,80,2,30,125,304,441,provided,27,13,13,26,1,,,,,373.47222222222223,373.5592643467644,0.15180767644618548,18.75,18.97222222222223,18.785714285714278,18.697751322751326,0.23154075204911032,0.012383347497373801,18.75,0.328866678429225,0.017539556182892,18.72387566137566,0.285595320495327,0.3605820105820108,0.7857142857142918,-0.022127717088377626,0.2859987071558635,False,True,Cloudy,"[33333, 33333]",17000,16.0,0.0,1.2,12.0,"{""AeEnable"": false, ""AwbEnable"": true, ""AwbMode"": ""Cloudy"", ""FrameDurationLimits"": [33333, 33333], ""ExposureTime"": 17000, ""AnalogueGain"": 16.0, ""Brightness"": 0.0, ""Contrast"": 1.2, ""LensPosition"": 12.0}"
run_20260926_005346_067436,3220,107,2026-09-26T00:55:34.498,FAIL,Left long reference tick was not found.; Right long reference tick was not found.,1 tick candidates were marked invalid.,19.19136200012872,2.502900000763475,3.6167599992040778,25.955885999792372,interval,append-only,740,160,80,2,30,125,304,441,provided,27,13,13,26,1,,,,,373.47222222222223,373.5592643467644,0.15180767644618548,18.75,18.97222222222223,18.785714285714278,18.697751322751326,0.23154075204911032,0.012383347497373801,18.75,0.328866678429225,0.017539556182892,18.72387566137566,0.285595320495327,0.3605820105820108,0.7857142857142918,-0.014183287761166131,0.29622741625659316,False,True,Cloudy,"[33333, 33333]",17000,16.0,0.0,1.2,12.0,"{""AeEnable"": false, ""AwbEnable"": true, ""AwbMode"": ""Cloudy"", ""FrameDurationLimits"": [33333, 33333], ""ExposureTime"": 17000, ""AnalogueGain"": 16.0, ""Brightness"": 0.0, ""Contrast"": 1.2, ""LensPosition"": 12.0}"
run_20260926_005346_067436,3251,108,2026-09-26T00:55:35.530,FAIL,Left long reference tick was not found.; Right long reference tick was not found.,1 tick candidates were marked invalid.,18.911309000031906,2.53230800080928,3.6702409997815266,25.135171999863815,interval,append-only,740,160,80,2,30,125,304,441,provided,27,13,13,26,1,,,,,373.47222222222223,373.5592643467644,0.15180767644618548,18.75,18.97222222222223,18.785714285714278,18.697751322751326,0.23154075204911032,0.012383347497373801,18.75,0.328866678429225,0.017539556182892,18.72387566137566,0.285595320495327,0.3605820105820108,0.7857142857142918,-0.014504160505327835,0.2904009745514146,False,True,Cloudy,"[33333, 33333]",17000,16.0,0.0,1.2,12.0,"{""AeEnable"": false, ""AwbEnable"": true, ""AwbMode"": ""Cloudy"", ""FrameDurationLimits"": [33333, 33333], ""ExposureTime"": 17000, ""AnalogueGain"": 16.0, ""Brightness"": 0.0, ""Contrast"": 1.2, ""LensPosition"": 12.0}"
run_20260926_005346_067436,3281,109,2026-09-26T00:55:36.542,FAIL,Left long reference tick was not found.; Right long reference tick was not found.,1 tick candidates were marked invalid.,1.6805199993541464,3.699685001265607,5.633258000671049,11.050017999878037,interval,append-only,740,160,80,2,30,125,304,441,provided,27,13,13,26,1,,,,,373.47222222222223,373.56311050061055,0.15088805728219226,18.75,18.97222222222223,18.785714285714278,18.697751322751326,0.20538390499476003,0.01098441740129734,18.75,0.328866678429225,0.017539556182892,18.72387566137566,0.27540951576614603,0.34391534391534506,0.7857142857142918,-0.004136695527917639,0.28991692743787123,False,True,Cloudy,"[33333, 33333]",17000,16.0,0.0,1.2,12.0,"{""AeEnable"": false, ""AwbEnable"": true, ""AwbMode"": ""Cloudy"", ""FrameDurationLimits"": [33333, 33333], ""ExposureTime"": 17000, ""AnalogueGain"": 16.0, ""Brightness"": 0.0, ""Contrast"": 1.2, ""LensPosition"": 12.0}"
run_20260926_005346_067436,3312,110,2026-09-26T00:55:37.564,FAIL,Left long reference tick was not found.; Right long reference tick was not found.,1 tick candidates were marked invalid.,19.79455899891036,2.5590299992472865,3.6237220010661986,25.99833000022045,interval,append-only,740,160,80,2,30,125,304,441,provided,27,13,13,26,1,,,,,373.47222222222223,373.5668087254626,0.14549967660883958,18.75,18.97222222222223,18.785714285714278,18.697751322751326,0.20538390499476003,0.01098441740129734,18.75,0.3202681877431153,0.017080970012966146,18.72387566137566,0.27029541491512027,0.3278897028897004,0.7857142857142918,-0.0038821623972133614,0.2886858251602529,False,True,Cloudy,"[33333, 33333]",17000,16.0,0.0,1.2,12.0,"{""AeEnable"": false, ""AwbEnable"": true, ""AwbMode"": ""Cloudy"", ""FrameDurationLimits"": [33333, 33333], ""ExposureTime"": 17000, ""AnalogueGain"": 16.0, ""Brightness"": 0.0, ""Contrast"": 1.2, ""LensPosition"": 12.0}"
run_20260926_005346_067436,3343,111,2026-09-26T00:55:38.601,FAIL,Left long reference tick was not found.; Right long reference tick was not found.,1 tick candidates were marked invalid.,7.766699000057997,2.8926739996677497,4.38284499978181,15.07994099847565,interval,append-only,740,160,80,2,30,125,304,441,provided,27,13,13,26,1,,,,,373.47222222222223,373.5668087254626,0.14549967660883958,18.75,18.97222222222223,18.785714285714278,18.697751322751326,0.20538390499476003,0.01098441740129734,18.75,0.3202681877431153,0.017080970012966146,18.72387566137566,0.27029541491512027,0.3278897028897004,0.7857142857142918,-0.005545719996795548,0.2908493900225486,False,True,Cloudy,"[33333, 33333]",17000,16.0,0.0,1.2,12.0,"{""AeEnable"": false, ""AwbEnable"": true, ""AwbMode"": ""Cloudy"", ""FrameDurationLimits"": [33333, 33333], ""ExposureTime"": 17000, ""AnalogueGain"": 16.0, ""Brightness"": 0.0, ""Contrast"": 1.2, ""LensPosition"": 12.0}"
run_20260926_005346_067436,3371,112,2026-09-26T00:55:39.630,FAIL,Left long reference tick was not found.; Right long reference tick was not found.,1 tick candidates were marked invalid.,19.63920899834193,2.4939009999798145,3.6458710001170402,25.799979999646894,interval,append-only,740,160,80,2,30,125,304,441,provided,27,13,13,26,1,,,,,373.47222222222223,373.57161641777026,0.15234492876378278,18.75,18.97222222222223,18.785714285714278,18.697751322751326,0.23047786972049342,0.01232650203450129,18.75,0.3202681877431153,0.017080970012966146,18.72387566137566,0.2802291229050562,0.34872303622303374,0.7857142857142918,-0.0013834416335214428,0.288675576010059,False,True,Cloudy,"[33333, 33333]",17000,16.0,0.0,1.2,12.0,"{""AeEnable"": false, ""AwbEnable"": true, ""AwbMode"": ""Cloudy"", ""FrameDurationLimits"": [33333, 33333], ""ExposureTime"": 17000, ""AnalogueGain"": 16.0, ""Brightness"": 0.0, ""Contrast"": 1.2, ""LensPosition"": 12.0}"
run_20260926_005346_067436,3401,113,2026-09-26T00:55:40.635,FAIL,Left long reference tick was not found.; Right long reference tick was not found.,1 tick candidates were marked invalid.,18.22944500054291,2.8744530009134905,4.312289000154124,25.453484000536264,interval,append-only,740,160,80,2,30,125,304,441,provided,27,13,13,26,1,,,,,373.47222222222223,373.57642411007794,0.14898578201911958,18.75,18.97222222222223,18.785714285714278,18.697751322751326,0.25102964319822857,0.013425659527987037,18.75,0.3202681877431153,0.017080970012966146,18.72387566137566,0.28892261592129426,0.34872303622303374,0.7857142857142918,0.002771977801351966,0.2893710793841481,False,True,Cloudy,"[33333, 33333]",17000,16.0,0.0,1.2,12.0,"{""AeEnable"": false, ""AwbEnable"": true, ""AwbMode"": ""Cloudy"", ""FrameDurationLimits"": [33333, 33333], ""ExposureTime"": 17000, ""AnalogueGain"": 16.0, ""Brightness"": 0.0, ""Contrast"": 1.2, ""LensPosition"": 12.0}"
run_20260926_005346_067436,3432,114,2026-09-26T00:55:41.664,FAIL,Left long reference tick was not found.; Right long reference tick was not found.,1 tick candidates were marked invalid.,18.922883000414004,2.490511998985312,3.616760001023067,25.704407000375795,interval,append-only,740,160,80,2,30,125,304,441,provided,27,13,13,26,1,,,,,373.47222222222223,373.5725779562318,0.15025824577028432,18.75,18.97222222222223,18.785714285714278,18.697751322751326,0.2766365603569675,0.014795178071512672,18.75,0.3202681877431153,0.017080970012966146,18.72387566137566,0.3003868012609006,0.36538970288969946,0.7857142857142918,-0.005483181123827089,0.28943978323395747,False,True,Cloudy,"[33333, 33333]",17000,16.0,0.0,1.2,12.0,"{""AeEnable"": false, ""AwbEnable"": true, ""AwbMode"": ""Cloudy"", ""FrameDurationLimits"": [33333, 33333], ""ExposureTime"": 17000, ""AnalogueGain"": 16.0, ""Brightness"": 0.0, ""Contrast"": 1.2, ""LensPosition"": 12.0}"
run_20260926_005346_067436,3462,115,2026-09-26T00:55:42.667,FAIL,Left long reference tick was not found.; Right long reference tick was not found.,1 tick candidates were marked invalid.,12.453317998733837,3.137153000352555,4.448826000952977,20.064723001269158,interval,append-only,740,160,80,2,30,125,304,441,provided,27,13,13,26,1,,,,,373.47222222222223,373.57044120409506,0.15146778913158032,18.75,18.97222222222223,18.785714285714278,18.697751322751326,0.2814297135084982,0.015051527247881193,18.75,0.3202681877431153,0.017080970012966146,18.72387566137566,0.30260482304719866,0.3561304436304423,0.7857142857142918,-0.011903295878724953,0.2924951644335238,False,True,Cloudy,"[33333, 33333]",17000,16.0,0.0,1.2,12.0,"{""AeEnable"": false, ""AwbEnable"": true, ""AwbMode"": ""Cloudy"", ""FrameDurationLimits"": [33333, 33333], ""ExposureTime"": 17000, ""AnalogueGain"": 16.0, ""Brightness"": 0.0, ""Contrast"": 1.2, ""LensPosition"": 12.0}"
run_20260926_005346_067436,3493,116,2026-09-26T00:55:43.701,FAIL,Left long reference tick was not found.; Right long reference tick was not found.,1 tick candidates were marked invalid.,16.725646000850247,3.2187819997488987,4.728117999547976,25.486687000011443,interval,append-only,740,160,80,2,30,125,304,441,provided,27,13,13,26,1,,,,,373.47222222222223,373.5742873579412,0.1502602759254502,18.75,18.97222222222223,18.785714285714278,18.697751322751326,0.2563021242275826,0.01370764429387375,18.75,0.3202681877431153,0.017080970012966146,18.72387566137566,0.2912279632014658,0.33946377696377655,0.7857142857142918,-0.0065004231370944755,0.2900523679755384,False,True,Cloudy,"[33333, 33333]",17000,16.0,0.0,1.2,12.0,"{""AeEnable"": false, ""AwbEnable"": true, ""AwbMode"": ""Cloudy"", ""FrameDurationLimits"": [33333, 33333], ""ExposureTime"": 17000, ""AnalogueGain"": 16.0, ""Brightness"": 0.0, ""Contrast"": 1.2, ""LensPosition"": 12.0}"
run_20260926_005346_067436,3524,117,2026-09-26T00:55:44.732,FAIL,Left long reference tick was not found.; Right long reference tick was not found.,1 tick candidates were marked invalid.,15.17686599981971,3.0591550003009615,4.529028999968432,22.788935999415116,interval,append-only,740,160,80,2,30,125,304,441,provided,27,13,13,26,1,,,,,373.47222222222223,373.57642411007794,0.14567234426240006,18.75,18.97222222222223,18.785714285714278,18.697751322751326,0.27191026816496283,0.014542404777525511,18.75,0.3202681877431153,0.017080970012966146,18.72387566137566,0.29822128373987616,0.34872303622303374,0.7857142857142918,-0.004780594887013588,0.28885489705405654,False,True,Cloudy,"[33333, 33333]",17000,16.0,0.0,1.2,12.0,"{""AeEnable"": false, ""AwbEnable"": true, ""AwbMode"": ""Cloudy"", ""FrameDurationLimits"": [33333, 33333], ""ExposureTime"": 17000, ""AnalogueGain"": 16.0, ""Brightness"": 0.0, ""Contrast"": 1.2, ""LensPosition"": 12.0}"
run_20260926_005346_067436,3554,118,2026-09-26T00:55:45.735,FAIL,Left long reference tick was not found.; Right long reference tick was not found.,1 tick candidates were marked invalid.,5.8093299994652625,3.2496149997314205,4.38578899957065,13.483568000083324,interval,append-only,740,160,80,2,30,125,304,441,provided,27,13,13,26,1,,,,,373.47222222222223,373.58027026392415,0.14425695444578088,18.75,18.97222222222223,18.785714285714278,18.697751322751326,0.2458114911301703,0.013146580403551959,18.75,0.3202681877431153,0.017080970012966146,18.72387566137566,0.2866705106817017,0.332056369556368,0.7857142857142918,-0.003395255686814271,0.28936357379331307,False,True,Cloudy,"[33333, 33333]",17000,16.0,0.0,1.2,12.0,"{""AeEnable"": false, ""AwbEnable"": true, ""AwbMode"": ""Cloudy"", ""FrameDurationLimits"": [33333, 33333], ""ExposureTime"": 17000, ""AnalogueGain"": 16.0, ""Brightness"": 0.0, ""Contrast"": 1.2, ""LensPosition"": 12.0}"
run_20260926_005346_067436,3585,119,2026-09-26T00:55:46.764,FAIL,Left long reference tick was not found.; Right long reference tick was not found.,1 tick candidates were marked invalid.,20.479589000387932,2.5510850009595742,3.8067579989728983,26.859450999836554,interval,append-only,740,160,80,2,30,125,304,441,provided,27,13,13,26,1,,,,,373.47222222222223,373.58344017094015,0.149107764801232,18.75,18.97222222222223,18.785714285714278,18.69088319088319,0.2542433849277723,0.013602534579627784,18.75,0.3202681877431153,0.017080970012966146,18.720441595441596,0.29065340994031647,0.3389245014245006,0.7857142857142918,-0.0014971798567000422,0.28956434226956435,False,True,Cloudy,"[33333, 33333]",17000,16.0,0.0,1.2,12.0,"{""AeEnable"": false, ""AwbEnable"": true, ""AwbMode"": ""Cloudy"", ""FrameDurationLimits"": [33333, 33333], ""ExposureTime"": 17000, ""AnalogueGain"": 16.0, ""Brightness"": 0.0, ""Contrast"": 1.2, ""LensPosition"": 12.0}"
run_20260926_005346_067436,3614,120,2026-09-26T00:55:47.767,FAIL,Left long reference tick was not found.; Right long reference tick was not found.,1 tick candidates were marked invalid.,16.64001700009976,2.926230001321528,4.384030000437633,23.988442999325343,interval,append-only,740,160,80,2,30,125,304,441,provided,27,13,13,26,1,,,,,373.47222222222223,373.58344017094015,0.149107764801232,18.75,18.97222222222223,18.785714285714278,18.69088319088319,0.2542433849277723,0.013602534579627784,18.75,0.3202681877431153,0.017080970012966146,18.720441595441596,0.29065340994031647,0.3389245014245006,0.7857142857142918,-0.013222385143717584,0.2929924022390508,False,True,Cloudy,"[33333, 33333]",17000,16.0,0.0,1.2,12.0,"{""AeEnable"": false, ""AwbEnable"": true, ""AwbMode"": ""Cloudy"", ""FrameDurationLimits"": [33333, 33333], ""ExposureTime"": 17000, ""AnalogueGain"": 16.0, ""Brightness"": 0.0, ""Contrast"": 1.2, ""LensPosition"": 12.0}"
run_20260926_005346_067436,3645,121,2026-09-26T00:55:48.801,FAIL,Left long reference tick was not found.; Right long reference tick was not found.,1 tick candidates were marked invalid.,6.194789999426575,2.900434001276153,4.302753000956727,13.434771999527584,interval,append-only,740,160,80,2,30,125,304,441,provided,27,13,13,26,1,,,,,373.47222222222223,373.5834401709402,0.1411880734474342,18.75,18.97222222222223,18.785714285714278,18.697751322751326,0.2458114911301703,0.013146580403551959,18.75,0.31660765120871226,0.016885741397797988,18.72387566137566,0.284630160131225,0.3183201058201052,0.7857142857142918,-0.00576410846966706,0.28943187821474625,False,True,Cloudy,"[33333, 33333]",17000,16.0,0.0,1.2,12.0,"{""AeEnable"": false, ""AwbEnable"": true, ""AwbMode"": ""Cloudy"", ""FrameDurationLimits"": [33333, 33333], ""ExposureTime"": 17000, ""AnalogueGain"": 16.0, ""Brightness"": 0.0, ""Contrast"": 1.2, ""LensPosition"": 12.0}"
run_20260926_005346_067436,3676,122,2026-09-26T00:55:49.831,FAIL,Left long reference tick was not found.; Right long reference tick was not found.,1 tick candidates were marked invalid.,20.902696000121068,2.4732339988986496,3.6366669992276,27.664942999763298,interval,append-only,740,160,80,2,30,125,304,441,provided,27,13,13,26,1,,,,,373.47222222222223,373.5834401709402,0.1411880734474342,18.75,18.97222222222223,18.785714285714278,18.697751322751326,0.2458114911301703,0.013146580403551959,18.75,0.31660765120871226,0.016885741397797988,18.72387566137566,0.284630160131225,0.3183201058201052,0.7857142857142918,-0.013505737957349705,0.29315445110400384,False,True,Cloudy,"[33333, 33333]",17000,16.0,0.0,1.2,12.0,"{""AeEnable"": false, ""AwbEnable"": true, ""AwbMode"": ""Cloudy"", ""FrameDurationLimits"": [33333, 33333], ""ExposureTime"": 17000, ""AnalogueGain"": 16.0, ""Brightness"": 0.0, ""Contrast"": 1.2, ""LensPosition"": 12.0}"
run_20260926_005346_067436,3706,123,2026-09-26T00:55:50.832,FAIL,Left long reference tick was not found.; Right long reference tick was not found.,1 tick candidates were marked invalid.,15.485140000237152,3.0248219991335645,4.508009998971829,23.040600999593153,interval,append-only,740,160,80,2,30,125,304,441,provided,27,13,13,26,1,,,,,373.47222222222223,373.5850779562318,0.1425328253739069,18.6875,18.97222222222223,18.785714285714278,18.697751322751326,0.23655655445865775,0.012651604483091878,18.75,0.3202681877431153,0.017080970012966146,18.72387566137566,0.28275048865981595,0.31122303622303465,0.7857142857142918,-0.0131837041565106,0.2920155178169152,False,True,Cloudy,"[33333, 33333]",17000,16.0,0.0,1.2,12.0,"{""AeEnable"": false, ""AwbEnable"": true, ""AwbMode"": ""Cloudy"", ""FrameDurationLimits"": [33333, 33333], ""ExposureTime"": 17000, ""AnalogueGain"": 16.0, ""Brightness"": 0.0, ""Contrast"": 1.2, ""LensPosition"": 12.0}"
run_20260926_005346_067436,3736,124,2026-09-26T00:55:51.838,FAIL,Left long reference tick was not found.; Right long reference tick was not found.,1 tick candidates were marked invalid.,2.4363640004594345,3.6039260012330487,5.4444079996756045,11.525865000294289,interval,append-only,740,160,80,2,30,125,304,441,provided,27,13,13,26,1,,,,,373.47222222222223,373.5834401709402,0.13240175954250727,18.70535714285714,18.97222222222223,18.785714285714278,18.697751322751326,0.21823306377361446,0.011671620827905098,18.75,0.31660765120871226,0.016885741397797988,18.72387566137566,0.2731584128898781,0.27665343915343854,0.7857142857142918,-0.019020818938943654,0.2937043278865731,False,True,Cloudy,"[33333, 33333]",17000,16.0,0.0,1.2,12.0,"{""AeEnable"": false, ""AwbEnable"": true, ""AwbMode"": ""Cloudy"", ""FrameDurationLimits"": [33333, 33333], ""ExposureTime"": 17000, ""AnalogueGain"": 16.0, ""Brightness"": 0.0, ""Contrast"": 1.2, ""LensPosition"": 12.0}"
run_20260926_005346_067436,3767,125,2026-09-26T00:55:52.863,FAIL,Left long reference tick was not found.; Right long reference tick was not found.,1 tick candidates were marked invalid.,19.02299299945298,2.521197000532993,3.6145000012766104,25.18028300073638,interval,append-only,740,160,80,2,30,125,304,441,provided,27,13,13,26,1,,,,,373.47222222222223,373.5834401709402,0.13240175954250727,18.70535714285714,18.97222222222223,18.785714285714278,18.697751322751326,0.21823306377361446,0.011671620827905098,18.75,0.31660765120871226,0.016885741397797988,18.72387566137566,0.2731584128898781,0.27665343915343854,0.7857142857142918,-0.00823335723303186,0.28778255082734977,False,True,Cloudy,"[33333, 33333]",17000,16.0,0.0,1.2,12.0,"{""AeEnable"": false, ""AwbEnable"": true, ""AwbMode"": ""Cloudy"", ""FrameDurationLimits"": [33333, 33333], ""ExposureTime"": 17000, ""AnalogueGain"": 16.0, ""Brightness"": 0.0, ""Contrast"": 1.2, ""LensPosition"": 12.0}"
run_20260926_005346_067436,3797,126,2026-09-26T00:55:53.867,FAIL,Left long reference tick was not found.; Right long reference tick was not found.,1 tick candidates were marked invalid.,16.74584900138143,2.8568409998115385,4.39139999980398,24.033886998950038,interval,append-only,740,160,80,2,30,125,304,441,provided,27,13,13,26,1,,,,,373.47222222222223,373.591854833201,0.13547980697036643,18.70535714285714,18.904040404040416,18.785714285714278,18.69088319088319,0.22768855863198764,0.012181797740999567,18.75,0.30594005722911927,0.016316803052219695,18.720441595441596,0.2712828753435659,0.30624884374884215,0.7857142857142918,-0.02320903001712957,0.29437603942011525,False,True,Cloudy,"[33333, 33333]",17000,16.0,0.0,1.2,12.0,"{""AeEnable"": false, ""AwbEnable"": true, ""AwbMode"": ""Cloudy"", ""FrameDurationLimits"": [33333, 33333], ""ExposureTime"": 17000, ""AnalogueGain"": 16.0, ""Brightness"": 0.0, ""Contrast"": 1.2, ""LensPosition"": 12.0}"
run_20260926_005346_067436,3828,127,2026-09-26T00:55:54.898,FAIL,Left long reference tick was not found.; Right long reference tick was not found.,1 tick candidates were marked invalid.,20.136037999691325,2.565733999290387,3.620112000135123,26.97326399902522,interval,append-only,740,160,80,2,30,125,304,441,provided,27,13,13,26,1,,,,,373.47222222222223,373.57959401709405,0.13403347644154642,18.70535714285714,18.97222222222223,18.785714285714278,18.697751322751326,0.24301078484830554,0.012996792002074136,18.75,0.31660765120871226,0.016885741397797988,18.72387566137566,0.2834251298787787,0.29332010582010426,0.7857142857142918,-0.01501349852949556,0.2871429372832415,False,True,Cloudy,"[33333, 33333]",17000,16.0,0.0,1.2,12.0,"{""AeEnable"": false, ""AwbEnable"": true, ""AwbMode"": ""Cloudy"", ""FrameDurationLimits"": [33333, 33333], ""ExposureTime"": 17000, ""AnalogueGain"": 16.0, ""Brightness"": 0.0, ""Contrast"": 1.2, ""LensPosition"": 12.0}"
run_20260926_005346_067436,3858,128,2026-09-26T00:55:55.930,FAIL,Left long reference tick was not found.; Right long reference tick was not found.,1 tick candidates were marked invalid.,18.686125999010983,2.507029999833321,3.6193899995851098,24.833546000081697,interval,append-only,740,160,80,2,30,125,304,441,provided,27,13,13,26,1,,,,,373.47222222222223,373.5978632478633,0.13719155503941635,18.6875,18.882936507936506,18.785714285714278,18.697751322751326,0.23655655445865775,0.012651604483091878,18.75,0.30463080706557033,0.016246976376830417,18.72387566137566,0.273974354828961,0.33915343915343854,0.7857142857142918,-0.01371140188499326,0.29288540895869264,False,True,Cloudy,"[33333, 33333]",17000,16.0,0.0,1.2,12.0,"{""AeEnable"": false, ""AwbEnable"": true, ""AwbMode"": ""Cloudy"", ""FrameDurationLimits"": [33333, 33333], ""ExposureTime"": 17000, ""AnalogueGain"": 16.0, ""Brightness"": 0.0, ""Contrast"": 1.2, ""LensPosition"": 12.0}"
run_20260926_005346_067436,3886,129,2026-09-26T00:55:56.935,FAIL,Left long reference tick was not found.; Right long reference tick was not found.,1 tick candidates were marked invalid.,5.155225999260438,2.8298050001467345,4.3709000001399545,12.393651999445865,interval,append-only,740,160,80,2,30,125,304,441,provided,27,13,13,26,1,,,,,373.47222222222223,373.5866100779562,0.13759791396317886,18.70535714285714,18.97222222222223,18.785714285714278,18.69088319088319,0.22768855863198764,0.012181797740999567,18.75,0.31660765120871226,0.016885741397797988,18.720441595441596,0.2773354314687237,0.2835215710215711,0.7857142857142918,-0.01931929412557528,0.29213389817067587,False,True,Cloudy,"[33333, 33333]",17000,16.0,0.0,1.2,12.0,"{""AeEnable"": false, ""AwbEnable"": true, ""AwbMode"": ""Cloudy"", ""FrameDurationLimits"": [33333, 33333], ""ExposureTime"": 17000, ""AnalogueGain"": 16.0, ""Brightness"": 0.0, ""Contrast"": 1.2, ""LensPosition"": 12.0}"
run_20260926_005346_067436,3917,130,2026-09-26T00:55:57.964,FAIL,Left long reference tick was not found.; Right long reference tick was not found.,1 tick candidates were marked invalid.,20.64006999898993,2.5174940001306823,3.8603129996772623,27.038746000471292,interval,append-only,740,160,80,2,30,125,304,441,provided,27,13,13,26,1,,,,,373.47222222222223,373.5881859593398,0.14210577995104248,18.6875,18.904040404040416,18.785714285714292,18.697751322751326,0.2440488199164643,0.013052308574641645,18.75,0.3127359153772478,0.016679248820119882,18.72387566137566,0.28171664967355237,0.3246910496910485,0.7857142857142918,-0.02652327750167525,0.2828252640161375,False,True,Cloudy,"[33333, 33333]",17000,16.0,0.0,1.2,12.0,"{""AeEnable"": false, ""AwbEnable"": true, ""AwbMode"": ""Cloudy"", ""FrameDurationLimits"": [33333, 33333], ""ExposureTime"": 17000, ""AnalogueGain"": 16.0, ""Brightness"": 0.0, ""Contrast"": 1.2, ""LensPosition"": 12.0}"
run_20260926_005346_067436,3947,131,2026-09-26T00:55:58.967,FAIL,Left long reference tick was not found.; Right long reference tick was not found.,1 tick candidates were marked invalid.,17.435398000088753,2.849490001608501,4.397103999508545,24.72019499873568,interval,append-only,740,160,80,2,30,125,304,441,provided,27,13,13,26,1,,,,,373.47222222222223,373.58936117301505,0.1297008382564817,18.70535714285714,18.904040404040416,18.785714285714292,18.697751322751326,0.21992364780704982,0.011762037263777697,18.75,0.3127359153772478,0.016679248820119882,18.72387566137566,0.27160184624623096,0.2964503089503066,0.7857142857142918,-0.036389337034588194,0.2863918645257355,False,True,Cloudy,"[33333, 33333]",17000,16.0,0.0,1.2,12.0,"{""AeEnable"": false, ""AwbEnable"": true, ""AwbMode"": ""Cloudy"", ""FrameDurationLimits"": [33333, 33333], ""ExposureTime"": 17000, ""AnalogueGain"": 16.0, ""Brightness"": 0.0, ""Contrast"": 1.2, ""LensPosition"": 12.0}"
run_20260926_005346_067436,3978,132,2026-09-26T00:55:59.997,FAIL,Left long reference tick was not found.; Right long reference tick was not found.,1 tick candidates were marked invalid.,17.76635799978976,2.593400000478141,3.644667000116897,24.653714999658405,interval,append-only,740,160,80,2,30,125,304,441,provided,27,13,13,26,1,,,,,373.47222222222223,373.5925310800311,0.12730147937414954,18.70535714285714,18.904040404040416,18.785714285714278,18.697751322751326,0.21992364780704982,0.011762037263777697,18.75,0.30594005722911927,0.016316803052219695,18.72387566137566,0.26770383973640927,0.28747594997595033,0.7857142857142918,-0.022462644733855414,0.2783901791564881,False,True,Cloudy,"[33333, 33333]",17000,16.0,0.0,1.2,12.0,"{""AeEnable"": false, ""AwbEnable"": true, ""AwbMode"": ""Cloudy"", ""FrameDurationLimits"": [33333, 33333], ""ExposureTime"": 17000, ""AnalogueGain"": 16.0, ""Brightness"": 0.0, ""Contrast"": 1.2, ""LensPosition"": 12.0}"
run_20260926_005346_067436,4009,133,2026-09-26T00:56:01.031,FAIL,Left long reference tick was not found.; Right long reference tick was not found.,1 tick candidates were marked invalid.,20.13905599960708,2.4654199987708125,3.6291480009822408,26.254828000674024,interval,append-only,740,160,80,2,30,125,304,441,provided,27,13,13,26,1,,,,,373.47222222222223,373.59520202020207,0.13589673992085669,18.692857142857136,18.904040404040416,18.785714285714278,18.697751322751326,0.24743987788811508,0.013233670381904776,18.75,0.30594005722911927,0.016316803052219695,18.72387566137566,0.27945551875366514,0.3083092833092837,0.7857142857142918,-0.023246235692254275,0.27911616063577616,False,True,Cloudy,"[33333, 33333]",17000,16.0,0.0,1.2,12.0,"{""AeEnable"": false, ""AwbEnable"": true, ""AwbMode"": ""Cloudy"", ""FrameDurationLimits"": [33333, 33333], ""ExposureTime"": 17000, ""AnalogueGain"": 16.0, ""Brightness"": 0.0, ""Contrast"": 1.2, ""LensPosition"": 12.0}"
run_20260926_005346_067436,4039,134,2026-09-26T00:56:02.034,FAIL,Left long reference tick was not found.; Right long reference tick was not found.,1 tick candidates were marked invalid.,17.225882000275305,2.89393400089466,4.357641000751755,24.514844999430352,interval,append-only,740,160,80,2,30,125,304,441,provided,27,13,13,26,1,,,,,373.47222222222223,373.58936117301505,0.1297008382564817,18.70535714285714,18.904040404040416,18.785714285714292,18.697751322751326,0.21992364780704982,0.011762037263777697,18.75,0.3127359153772478,0.016679248820119882,18.72387566137566,0.27160184624623096,0.2964503089503066,0.7857142857142918,-0.03744186118061011,0.28483478101220583,False,True,Cloudy,"[33333, 33333]",17000,16.0,0.0,1.2,12.0,"{""AeEnable"": false, ""AwbEnable"": true, ""AwbMode"": ""Cloudy"", ""FrameDurationLimits"": [33333, 33333], ""ExposureTime"": 17000, ""AnalogueGain"": 16.0, ""Brightness"": 0.0, ""Contrast"": 1.2, ""LensPosition"": 12.0}"
run_20260926_005346_067436,4070,135,2026-09-26T00:56:03.063,FAIL,Left long reference tick was not found.; Right long reference tick was not found.,1 tick candidates were marked invalid.,18.556868000814575,2.4887889994715806,3.622666999945068,24.689250998562784,interval,append-only,740,160,80,2,30,125,304,441,provided,27,13,13,26,1,,,,,373.47222222222223,373.58936117301505,0.1297008382564817,18.70535714285714,18.904040404040416,18.785714285714292,18.697751322751326,0.21992364780704982,0.011762037263777697,18.75,0.3127359153772478,0.016679248820119882,18.72387566137566,0.27160184624623096,0.2964503089503066,0.7857142857142918,-0.028369177946741566,0.2770604198432041,False,True,Cloudy,"[33333, 33333]",17000,16.0,0.0,1.2,12.0,"{""AeEnable"": false, ""AwbEnable"": true, ""AwbMode"": ""Cloudy"", ""FrameDurationLimits"": [33333, 33333], ""ExposureTime"": 17000, ""AnalogueGain"": 16.0, ""Brightness"": 0.0, ""Contrast"": 1.2, ""LensPosition"": 12.0}"
run_20260926_005346_067436,4099,136,2026-09-26T00:56:04.075,FAIL,Left long reference tick was not found.; Right long reference tick was not found.,1 tick candidates were marked invalid.,1.5505210012634052,2.8483599999162834,4.339216000516899,8.773633000600967,interval,append-only,740,160,80,2,30,125,304,441,provided,27,13,13,26,1,,,,,373.47222222222223,373.588924110078,0.1387334109307077,18.692857142857136,18.97222222222223,18.785714285714278,18.697751322751326,0.23811708086169026,0.012735065129032422,18.75,0.3202681877431153,0.017080970012966146,18.72387566137566,0.28340467393417335,0.29455636955636894,0.7857142857142918,-0.015178857484878213,0.2792637482320118,False,True,Cloudy,"[33333, 33333]",17000,16.0,0.0,1.2,12.0,"{""AeEnable"": false, ""AwbEnable"": true, ""AwbMode"": ""Cloudy"", ""FrameDurationLimits"": [33333, 33333], ""ExposureTime"": 17000, ""AnalogueGain"": 16.0, ""Brightness"": 0.0, ""Contrast"": 1.2, ""LensPosition"": 12.0}"
run_20260926_005346_067436,4130,137,2026-09-26T00:56:05.097,FAIL,Left long reference tick was not found.; Right long reference tick was not found.,1 tick candidates were marked invalid.,19.676338000863325,2.521605001675198,3.6113149999437155,26.458955000634887,interval,append-only,740,160,80,2,30,125,304,441,provided,27,13,13,26,1,,,,,373.47222222222223,373.5946933408472,0.1279378803701406,18.785714285714285,18.97222222222223,18.785714285714292,18.697751322751326,0.2599825915360431,0.013904484397527398,18.75,0.3202681877431153,0.017080970012966146,18.72387566137566,0.2928545902996695,0.30160765160765735,0.7857142857142918,-0.01933576833148283,0.27268794977937294,False,True,Cloudy,"[33333, 33333]",17000,16.0,0.0,1.2,12.0,"{""AeEnable"": false, ""AwbEnable"": true, ""AwbMode"": ""Cloudy"", ""FrameDurationLimits"": [33333, 33333], ""ExposureTime"": 17000, ""AnalogueGain"": 16.0, ""Brightness"": 0.0, ""Contrast"": 1.2, ""LensPosition"": 12.0}"
run_20260926_005346_067436,4159,138,2026-09-26T00:56:06.097,FAIL,Left long reference tick was not found.; Right long reference tick was not found.,1 tick candidates were marked invalid.,21.157657000003383,2.532677999624866,3.6629070000344655,27.374853001674637,interval,append-only,740,160,80,2,30,125,304,441,provided,27,13,13,26,1,,,,,373.47222222222223,373.5941688653228,0.136544053015736,18.692857142857136,18.904040404040416,18.785714285714292,18.697751322751326,0.23811708086169026,0.012735065129032422,18.75,0.3127359153772478,0.016679248820119882,18.72387566137566,0.2791670280513585,0.31728364228364,0.7857142857142918,-0.02352287577253848,0.27395060574707436,False,True,Cloudy,"[33333, 33333]",17000,16.0,0.0,1.2,12.0,"{""AeEnable"": false, ""AwbEnable"": true, ""AwbMode"": ""Cloudy"", ""FrameDurationLimits"": [33333, 33333], ""ExposureTime"": 17000, ""AnalogueGain"": 16.0, ""Brightness"": 0.0, ""Contrast"": 1.2, ""LensPosition"": 12.0}"
run_20260926_005346_067436,4189,139,2026-09-26T00:56:07.100,FAIL,Left long reference tick was not found.; Right long reference tick was not found.,1 tick candidates were marked invalid.,7.052003000353579,2.8576559998327866,4.329048999352381,14.275836998422164,interval,append-only,740,160,80,2,30,125,304,441,provided,27,13,13,26,1,,,,,373.47222222222223,373.5971764346765,0.1283757426840657,18.785714285714278,18.895299145299134,18.785714285714278,18.697751322751326,0.24204464393038422,0.012945120498841245,18.75,0.30609797848938464,0.01632522551943385,18.72387566137566,0.27717011403449726,0.27184574684574986,0.7857142857142918,-0.016949997053087664,0.27777289761851987,False,True,Cloudy,"[33333, 33333]",17000,16.0,0.0,1.2,12.0,"{""AeEnable"": false, ""AwbEnable"": true, ""AwbMode"": ""Cloudy"", ""FrameDurationLimits"": [33333, 33333], ""ExposureTime"": 17000, ""AnalogueGain"": 16.0, ""Brightness"": 0.0, ""Contrast"": 1.2, ""LensPosition"": 12.0}"
run_20260926_005346_067436,4220,140,2026-09-26T00:56:08.130,FAIL,Left long reference tick was not found.; Right long reference tick was not found.,1 tick candidates were marked invalid.,17.832857000030344,2.5411040005565155,3.6998329997004475,24.09557099963422,interval,append-only,740,160,80,2,30,125,304,441,provided,27,13,13,26,1,,,,,373.47222222222223,373.5946933408472,0.1279378803701406,18.785714285714285,18.97222222222223,18.785714285714292,18.697751322751326,0.2599825915360431,0.013904484397527398,18.75,0.3202681877431153,0.017080970012966146,18.72387566137566,0.2928545902996695,0.30160765160765735,0.7857142857142918,-0.02004279105223853,0.27048290247708145,False,True,Cloudy,"[33333, 33333]",17000,16.0,0.0,1.2,12.0,"{""AeEnable"": false, ""AwbEnable"": true, ""AwbMode"": ""Cloudy"", ""FrameDurationLimits"": [33333, 33333], ""ExposureTime"": 17000, ""AnalogueGain"": 16.0, ""Brightness"": 0.0, ""Contrast"": 1.2, ""LensPosition"": 12.0}"
run_20260926_005346_067436,4250,141,2026-09-26T00:56:09.134,FAIL,Left long reference tick was not found.; Right long reference tick was not found.,1 tick candidates were marked invalid.,17.914874999405583,3.0396540005313,4.4292510010564,25.424022000152036,interval,append-only,740,160,80,2,30,125,304,441,provided,27,13,13,26,1,,,,,373.47222222222223,373.5841164177703,0.13181258665259032,18.70535714285714,18.97222222222223,18.785714285714278,18.697751322751326,0.21992364780704982,0.011762037263777697,18.75,0.3202681877431153,0.017080970012966146,18.72387566137566,0.2759556894522532,0.2737230362230356,0.7857142857142918,-0.021111256728294538,0.2716897970835399,False,True,Cloudy,"[33333, 33333]",17000,16.0,0.0,1.2,12.0,"{""AeEnable"": false, ""AwbEnable"": true, ""AwbMode"": ""Cloudy"", ""FrameDurationLimits"": [33333, 33333], ""ExposureTime"": 17000, ""AnalogueGain"": 16.0, ""Brightness"": 0.0, ""Contrast"": 1.2, ""LensPosition"": 12.0}"
run_20260926_005346_067436,4281,142,2026-09-26T00:56:10.163,FAIL,Left long reference tick was not found.; Right long reference tick was not found.,1 tick candidates were marked invalid.,18.980160000865,2.492622999852756,3.6672969999926863,25.161097999443882,interval,append-only,740,160,80,2,30,125,304,441,provided,27,13,13,26,1,,,,,373.47222222222223,373.5912592749131,0.128064532179626,18.785714285714278,18.97222222222223,18.785714285714278,18.697751322751326,0.24204464393038422,0.012945120498841245,18.75,0.3202681877431153,0.017080970012966146,18.72387566137566,0.28506339985410606,0.28672669922670363,0.7857142857142918,-0.02653818127896338,0.2755110385953267,False,True,Cloudy,"[33333, 33333]",17000,16.0,0.0,1.2,12.0,"{""AeEnable"": false, ""AwbEnable"": true, ""AwbMode"": ""Cloudy"", ""FrameDurationLimits"": [33333, 33333], ""ExposureTime"": 17000, ""AnalogueGain"": 16.0, ""Brightness"": 0.0, ""Contrast"": 1.2, ""LensPosition"": 12.0}"
run_20260926_005346_067436,4311,143,2026-09-26T00:56:11.168,FAIL,Left long reference tick was not found.; Right long reference tick was not found.,1 tick candidates were marked invalid.,18.14479799941182,2.8357489991321927,4.325326000980567,25.367595999341574,interval,append-only,740,160,80,2,30,125,304,441,provided,27,13,13,26,1,,,,,373.47222222222223,373.5971764346765,0.1283757426840657,18.785714285714278,18.895299145299134,18.785714285714278,18.697751322751326,0.24204464393038422,0.012945120498841245,18.75,0.30609797848938464,0.01632522551943385,18.72387566137566,0.27717011403449726,0.27184574684574986,0.7857142857142918,-0.029686957148919318,0.2824915971819838,False,True,Cloudy,"[33333, 33333]",17000,16.0,0.0,1.2,12.0,"{""AeEnable"": false, ""AwbEnable"": true, ""AwbMode"": ""Cloudy"", ""FrameDurationLimits"": [33333, 33333], ""ExposureTime"": 17000, ""AnalogueGain"": 16.0, ""Brightness"": 0.0, ""Contrast"": 1.2, ""LensPosition"": 12.0}"
run_20260926_005346_067436,4342,144,2026-09-26T00:56:12.197,FAIL,Left long reference tick was not found.; Right long reference tick was not found.,1 tick candidates were marked invalid.,19.590764999520616,2.498103998732404,3.633407000961597,26.370438001322327,interval,append-only,740,160,80,2,30,125,304,441,provided,27,13,13,26,1,,,,,373.47222222222223,373.5946933408472,0.1279378803701406,18.785714285714285,18.97222222222223,18.785714285714292,18.697751322751326,0.2599825915360431,0.013904484397527398,18.75,0.3202681877431153,0.017080970012966146,18.72387566137566,0.2928545902996695,0.30160765160765735,0.7857142857142918,-0.030387059454846748,0.28063369527152093,False,True,Cloudy,"[33333, 33333]",17000,16.0,0.0,1.2,12.0,"{""AeEnable"": false, ""AwbEnable"": true, ""AwbMode"": ""Cloudy"", ""FrameDurationLimits"": [33333, 33333], ""ExposureTime"": 17000, ""AnalogueGain"": 16.0, ""Brightness"": 0.0, ""Contrast"": 1.2, ""LensPosition"": 12.0}"
run_20260926_005346_067436,4372,145,2026-09-26T00:56:13.199,FAIL,Left long reference tick was not found.; Right long reference tick was not found.,1 tick candidates were marked invalid.,15.370086000984884,3.1891159997030627,4.638415999579593,23.22037699923385,interval,append-only,740,160,80,2,30,125,304,441,provided,27,13,13,26,1,,,,,373.47222222222223,373.5912592749131,0.128064532179626,18.785714285714278,18.97222222222223,18.785714285714278,18.697751322751326,0.24204464393038422,0.012945120498841245,18.75,0.3202681877431153,0.017080970012966146,18.72387566137566,0.28506339985410606,0.28672669922670363,0.7857142857142918,-0.03689963135054779,0.2833095742640662,False,True,Cloudy,"[33333, 33333]",17000,16.0,0.0,1.2,12.0,"{""AeEnable"": false, ""AwbEnable"": true, ""AwbMode"": ""Cloudy"", ""FrameDurationLimits"": [33333, 33333], ""ExposureTime"": 17000, ""AnalogueGain"": 16.0, ""Brightness"": 0.0, ""Contrast"": 1.2, ""LensPosition"": 12.0}"
run_20260926_005346_067436,4402,146,2026-09-26T00:56:14.200,FAIL,Left long reference tick was not found.; Right long reference tick was not found.,1 tick candidates were marked invalid.,13.040830999671016,3.1778379998286255,4.650860999390716,20.894769999358687,interval,append-only,740,160,80,2,30,125,304,441,provided,27,13,13,26,1,,,,,373.47222222222223,373.60087465952853,0.13021877314315772,18.785714285714278,18.84722222222223,18.785714285714278,18.697751322751326,0.24204464393038422,0.012945120498841245,18.75,0.3035704949654901,0.01619042639815947,18.72387566137566,0.2757767368779474,0.27184574684574986,0.7857142857142918,-0.03005130926868396,0.28739035009139313,False,True,Cloudy,"[33333, 33333]",17000,16.0,0.0,1.2,12.0,"{""AeEnable"": false, ""AwbEnable"": true, ""AwbMode"": ""Cloudy"", ""FrameDurationLimits"": [33333, 33333], ""ExposureTime"": 17000, ""AnalogueGain"": 16.0, ""Brightness"": 0.0, ""Contrast"": 1.2, ""LensPosition"": 12.0}"
run_20260926_005346_067436,4433,147,2026-09-26T00:56:15.230,FAIL,Left long reference tick was not found.; Right long reference tick was not found.,1 tick candidates were marked invalid.,19.648468000013963,2.5606959989090683,3.6437969993130537,26.50225100114767,interval,append-only,740,160,80,2,30,125,304,441,provided,27,13,13,26,1,,,,,373.47222222222223,373.61529773645157,0.1461200773809389,18.785714285714278,18.97222222222223,18.785714285714278,18.697751322751326,0.2586869594485194,0.013835190926608936,18.75,0.3202681877431153,0.017080970012966146,18.72387566137566,0.29228035959169185,0.29267908017908323,0.7857142857142918,-0.023415335494214255,0.2871447261644661,False,True,Cloudy,"[33333, 33333]",17000,16.0,0.0,1.2,12.0,"{""AeEnable"": false, ""AwbEnable"": true, ""AwbMode"": ""Cloudy"", ""FrameDurationLimits"": [33333, 33333], ""ExposureTime"": 17000, ""AnalogueGain"": 16.0, ""Brightness"": 0.0, ""Contrast"": 1.2, ""LensPosition"": 12.0}"
run_20260926_005346_067436,4463,148,2026-09-26T00:56:16.231,FAIL,Left long reference tick was not found.; Right long reference tick was not found.,1 tick candidates were marked invalid.,19.860391999827698,2.4811969997244887,3.6442780001380015,26.006330001109745,interval,append-only,740,160,80,2,30,125,304,441,provided,27,13,13,26,1,,,,,373.47222222222223,373.5946933408472,0.1279378803701406,18.785714285714285,18.97222222222223,18.785714285714292,18.697751322751326,0.2599825915360431,0.013904484397527398,18.75,0.3202681877431153,0.017080970012966146,18.72387566137566,0.2928545902996695,0.30160765160765735,0.7857142857142918,-0.03412545942704908,0.2792711069513398,False,True,Cloudy,"[33333, 33333]",17000,16.0,0.0,1.2,12.0,"{""AeEnable"": false, ""AwbEnable"": true, ""AwbMode"": ""Cloudy"", ""FrameDurationLimits"": [33333, 33333], ""ExposureTime"": 17000, ""AnalogueGain"": 16.0, ""Brightness"": 0.0, ""Contrast"": 1.2, ""LensPosition"": 12.0}"
run_20260926_005346_067436,4493,149,2026-09-26T00:56:17.234,FAIL,Left long reference tick was not found.; Right long reference tick was not found.,1 tick candidates were marked invalid.,17.56263700008276,2.8362120010569924,4.329196999606211,24.763862000327208,interval,append-only,740,160,80,2,30,125,304,441,provided,27,13,13,26,1,,,,,373.47222222222223,373.6019841269842,0.13500798321755325,18.785714285714278,18.895299145299134,18.785714285714278,18.697751322751326,0.2586869594485194,0.013835190926608936,18.75,0.30609797848938464,0.01632522551943385,18.72387566137566,0.284587313105421,0.29267908017908323,0.7857142857142918,-0.017906176165109963,0.27996246982930045,False,True,Cloudy,"[33333, 33333]",17000,16.0,0.0,1.2,12.0,"{""AeEnable"": false, ""AwbEnable"": true, ""AwbMode"": ""Cloudy"", ""FrameDurationLimits"": [33333, 33333], ""ExposureTime"": 17000, ""AnalogueGain"": 16.0, ""Brightness"": 0.0, ""Contrast"": 1.2, ""LensPosition"": 12.0}"
run_20260926_005346_067436,4524,150,2026-09-26T00:56:18.263,FAIL,Left long reference tick was not found.; Right long reference tick was not found.,1 tick candidates were marked invalid.,18.525793999288,2.4778449987934437,3.6257219999242807,24.65049199963687,interval,append-only,740,160,80,2,30,125,304,441,provided,27,13,13,26,1,,,,,373.47222222222223,373.60087465952853,0.13021877314315772,18.785714285714278,18.84722222222223,18.785714285714278,18.697751322751326,0.24204464393038422,0.012945120498841245,18.75,0.3035704949654901,0.01619042639815947,18.72387566137566,0.2757767368779474,0.27184574684574986,0.7857142857142918,-0.03139769651375756,0.2837428496620846,False,True,Cloudy,"[33333, 33333]",17000,16.0,0.0,1.2,12.0,"{""AeEnable"": false, ""AwbEnable"": true, ""AwbMode"": ""Cloudy"", ""FrameDurationLimits"": [33333, 33333], ""ExposureTime"": 17000, ""AnalogueGain"": 16.0, ""Brightness"": 0.0, ""Contrast"": 1.2, ""LensPosition"": 12.0}"
run_20260926_005346_067436,4555,151,2026-09-26T00:56:19.297,FAIL,Left long reference tick was not found.; Right long reference tick was not found.,1 tick candidates were marked invalid.,20.61466299892345,2.503493000403978,3.6026119996677153,26.741915999082266,interval,append-only,740,160,80,2,30,125,304,441,provided,27,13,13,26,1,,,,,373.47222222222223,373.6056823518362,0.1366315968118211,18.785714285714278,18.84722222222223,18.785714285714278,18.697751322751326,0.2586869594485194,0.013835190926608936,18.75,0.3035704949654901,0.01619042639815947,18.72387566137566,0.28323042786698494,0.29267908017908323,0.7857142857142918,-0.025089407152635183,0.28466445452479433,False,True,Cloudy,"[33333, 33333]",17000,16.0,0.0,1.2,12.0,"{""AeEnable"": false, ""AwbEnable"": true, ""AwbMode"": ""Cloudy"", ""FrameDurationLimits"": [33333, 33333], ""ExposureTime"": 17000, ""AnalogueGain"": 16.0, ""Brightness"": 0.0, ""Contrast"": 1.2, ""LensPosition"": 12.0}"
run_20260926_005346_067436,4586,152,2026-09-26T00:56:20.334,FAIL,Left long reference tick was not found.; Right long reference tick was not found.,1 tick candidates were marked invalid.,7.030188999124221,2.7961199994024355,4.340327001045807,14.203653001459315,interval,append-only,740,160,80,2,30,125,304,441,provided,27,13,13,26,1,,,,,373.47222222222223,373.6219017094017,0.14944153418005407,18.785714285714285,18.97222222222223,18.785714285714292,18.69088319088319,0.2830913118465915,0.01514595693287914,18.75,0.3202681877431153,0.017080970012966146,18.720441595441596,0.3036937614467574,0.3144281644281695,0.7857142857142918,-0.02141447340816263,0.2849857537876181,False,True,Cloudy,"[33333, 33333]",17000,16.0,0.0,1.2,12.0,"{""AeEnable"": false, ""AwbEnable"": true, ""AwbMode"": ""Cloudy"", ""FrameDurationLimits"": [33333, 33333], ""ExposureTime"": 17000, ""AnalogueGain"": 16.0, ""Brightness"": 0.0, ""Contrast"": 1.2, ""LensPosition"": 12.0}"
run_20260926_005346_067436,4617,153,2026-09-26T00:56:21.363,FAIL,Left long reference tick was not found.; Right long reference tick was not found.,1 tick candidates were marked invalid.,18.97810400078015,2.492772000550758,3.6632219998864457,25.155097999231657,interval,append-only,740,160,80,2,30,125,304,441,provided,27,13,13,26,1,,,,,373.47222222222223,373.59349261849263,0.14530174002975627,18.6875,18.904040404040416,18.785714285714292,18.69088319088319,0.24530677337824475,0.013124407812783158,18.75,0.3127359153772478,0.016679248820119882,18.720441595441596,0.28260092391229646,0.34081844081843826,0.7857142857142918,-0.03839964404362862,0.28666196235976765,False,True,Cloudy,"[33333, 33333]",17000,16.0,0.0,1.2,12.0,"{""AeEnable"": false, ""AwbEnable"": true, ""AwbMode"": ""Cloudy"", ""FrameDurationLimits"": [33333, 33333], ""ExposureTime"": 17000, ""AnalogueGain"": 16.0, ""Brightness"": 0.0, ""Contrast"": 1.2, ""LensPosition"": 12.0}"
run_20260926_005346_067436,4647,154,2026-09-26T00:56:22.368,FAIL,Left long reference tick was not found.; Right long reference tick was not found.,1 tick candidates were marked invalid.,17.236622999917017,2.7923610014113365,4.290364000553382,24.355753999770968,interval,append-only,740,160,80,2,30,125,304,441,provided,27,13,13,26,1,,,,,373.47222222222223,373.6091164177703,0.13166163984772125,18.785714285714285,18.924145299145295,18.785714285714292,18.697751322751326,0.2755436104051961,0.014736724520981091,18.75,0.31395111374837986,0.016744059399913594,18.72387566137566,0.29652533213546595,0.32724867724867934,0.7857142857142918,-0.030445243049420867,0.2828825294355248,False,True,Cloudy,"[33333, 33333]",17000,16.0,0.0,1.2,12.0,"{""AeEnable"": false, ""AwbEnable"": true, ""AwbMode"": ""Cloudy"", ""FrameDurationLimits"": [33333, 33333], ""ExposureTime"": 17000, ""AnalogueGain"": 16.0, ""Brightness"": 0.0, ""Contrast"": 1.2, ""LensPosition"": 12.0}"
run_20260926_005346_067436,4678,155,2026-09-26T00:56:23.397,FAIL,Left long reference tick was not found.; Right long reference tick was not found.,1 tick candidates were marked invalid.,19.640690999949584,2.5455670001974795,3.622445001383312,26.461215000381344,interval,append-only,740,160,80,2,30,125,304,441,provided,27,13,13,26,1,,,,,373.47222222222223,373.603108003108,0.13039658796194784,18.785714285714285,18.904040404040416,18.790209790209758,18.69088319088319,0.2679689487789409,0.014336879966680626,18.75,0.3127359153772478,0.016679248820119882,18.720441595441596,0.29271018844294805,0.3084757834757899,0.7857142857142918,-0.03871889709178825,0.2829131600090436,False,True,Cloudy,"[33333, 33333]",17000,16.0,0.0,1.2,12.0,"{""AeEnable"": false, ""AwbEnable"": true, ""AwbMode"": ""Cloudy"", ""FrameDurationLimits"": [33333, 33333], ""ExposureTime"": 17000, ""AnalogueGain"": 16.0, ""Brightness"": 0.0, ""Contrast"": 1.2, ""LensPosition"": 12.0}"
run_20260926_005346_067436,4709,156,2026-09-26T00:56:24.429,FAIL,Left long reference tick was not found.; Right long reference tick was not found.,1 tick candidates were marked invalid.,19.001733999175485,2.485012000761344,3.67062899931625,25.180505001117126,interval,append-only,740,160,80,2,30,125,304,441,provided,27,13,13,26,1,,,,,373.47222222222223,373.6006105006105,0.12809085957773947,18.785714285714285,18.895299145299134,18.785714285714292,18.697751322751326,0.2599825915360431,0.013904484397527398,18.75,0.30609797848938464,0.01632522551943385,18.72387566137566,0.285177034904814,0.28672669922670363,0.7857142857142918,-0.03281552301912646,0.28216853586914914,False,True,Cloudy,"[33333, 33333]",17000,16.0,0.0,1.2,12.0,"{""AeEnable"": false, ""AwbEnable"": true, ""AwbMode"": ""Cloudy"", ""FrameDurationLimits"": [33333, 33333], ""ExposureTime"": 17000, ""AnalogueGain"": 16.0, ""Brightness"": 0.0, ""Contrast"": 1.2, ""LensPosition"": 12.0}"
run_20260926_005346_067436,4739,157,2026-09-26T00:56:25.433,FAIL,Left long reference tick was not found.; Right long reference tick was not found.,1 tick candidates were marked invalid.,16.6110549998848,3.154468000502675,4.420955001478433,24.20984799937287,interval,append-only,740,160,80,2,30,125,304,441,provided,27,13,13,26,1,,,,,373.47222222222223,373.599938096092,0.12531920815433556,18.785714285714285,18.904040404040416,18.790209790209758,18.697751322751326,0.2599825915360431,0.013904484397527398,18.75,0.3127359153772478,0.016679248820119882,18.72387566137566,0.2887556603824073,0.30160765160765735,0.7857142857142918,-0.041954970123711084,0.28499177144908056,False,True,Cloudy,"[33333, 33333]",17000,16.0,0.0,1.2,12.0,"{""AeEnable"": false, ""AwbEnable"": true, ""AwbMode"": ""Cloudy"", ""FrameDurationLimits"": [33333, 33333], ""ExposureTime"": 17000, ""AnalogueGain"": 16.0, ""Brightness"": 0.0, ""Contrast"": 1.2, ""LensPosition"": 12.0}"
run_20260926_005346_067436,4769,158,2026-09-26T00:56:26.438,FAIL,Left long reference tick was not found.; Right long reference tick was not found.,1 tick candidates were marked invalid.,1.5287059995898744,3.6355740012368187,5.345019999367651,10.548504998951103,interval,append-only,740,160,80,2,30,125,304,441,provided,27,13,13,26,1,,,,,373.47222222222223,373.61598454963837,0.1425715158123416,18.785714285714285,18.924145299145295,18.785714285714292,18.68287037037037,0.2938902138400293,0.015730463682182214,18.75,0.31395111374837986,0.016744059399913594,18.716435185185187,0.3059329609586811,0.3421296296296319,0.7857142857142918,-0.027507600273959446,0.2858177412694549,False,True,Cloudy,"[33333, 33333]",17000,16.0,0.0,1.2,12.0,"{""AeEnable"": false, ""AwbEnable"": true, ""AwbMode"": ""Cloudy"", ""FrameDurationLimits"": [33333, 33333], ""ExposureTime"": 17000, ""AnalogueGain"": 16.0, ""Brightness"": 0.0, ""Contrast"": 1.2, ""LensPosition"": 12.0}"
run_20260926_005346_067436,4800,159,2026-09-26T00:56:27.463,FAIL,Left long reference tick was not found.; Right long reference tick was not found.,1 tick candidates were marked invalid.,17.720469999403576,2.527270999053144,3.6485740001808153,23.926499001390766,interval,append-only,740,160,80,2,30,125,304,441,provided,27,13,13,26,1,,,,,373.47222222222223,373.5957009870471,0.13248015690998463,18.70535714285714,18.904040404040416,18.785714285714278,18.69088319088319,0.2293094426155471,0.012268518307759626,18.75,0.30594005722911927,0.016316803052219695,18.720441595441596,0.27196464627786293,0.29434408184408295,0.7857142857142918,-0.03787261635152707,0.2848904277754908,False,True,Cloudy,"[33333, 33333]",17000,16.0,0.0,1.2,12.0,"{""AeEnable"": false, ""AwbEnable"": true, ""AwbMode"": ""Cloudy"", ""FrameDurationLimits"": [33333, 33333], ""ExposureTime"": 17000, ""AnalogueGain"": 16.0, ""Brightness"": 0.0, ""Contrast"": 1.2, ""LensPosition"": 12.0}"
run_20260926_005346_067436,4830,160,2026-09-26T00:56:28.463,FAIL,Left long reference tick was not found.; Right long reference tick was not found.,1 tick candidates were marked invalid.,14.50148399999307,2.5299740009359084,3.722278001077939,20.77879100033897,interval,append-only,740,160,80,2,30,125,304,441,provided,27,13,13,26,1,,,,,373.47222222222223,373.5886849261849,0.1388672830899291,18.70535714285714,18.904040404040416,18.785714285714292,18.69088319088319,0.22768855863198764,0.012181797740999567,18.75,0.3127359153772478,0.016679248820119882,18.720441595441596,0.2751301792414218,0.31998510748510495,0.7857142857142918,-0.044118614579219825,0.2865579612522589,False,True,Cloudy,"[33333, 33333]",17000,16.0,0.0,1.2,12.0,"{""AeEnable"": false, ""AwbEnable"": true, ""AwbMode"": ""Cloudy"", ""FrameDurationLimits"": [33333, 33333], ""ExposureTime"": 17000, ""AnalogueGain"": 16.0, ""Brightness"": 0.0, ""Contrast"": 1.2, ""LensPosition"": 12.0}"
run_20260926_005346_067436,4860,161,2026-09-26T00:56:29.463,FAIL,Left long reference tick was not found.; Right long reference tick was not found.,1 tick candidates were marked invalid.,17.828746000304818,2.5246420009352732,3.646369999842136,24.733064999963972,interval,append-only,740,160,80,2,30,125,304,441,provided,27,13,13,26,1,,,,,373.47222222222223,373.6154562318024,0.13669201590236954,18.785714285714285,18.882936507936506,18.785714285714292,18.69088319088319,0.2830913118465915,0.01514595693287914,18.75,0.30463080706557033,0.016246976376830417,18.720441595441596,0.2955401986333851,0.3430453805453861,0.7857142857142918,-0.02720531887365824,0.2834077622440557,False,True,Cloudy,"[33333, 33333]",17000,16.0,0.0,1.2,12.0,"{""AeEnable"": false, ""AwbEnable"": true, ""AwbMode"": ""Cloudy"", ""FrameDurationLimits"": [33333, 33333], ""ExposureTime"": 17000, ""AnalogueGain"": 16.0, ""Brightness"": 0.0, ""Contrast"": 1.2, ""LensPosition"": 12.0}"
run_20260926_005346_067436,4891,162,2026-09-26T00:56:30.497,FAIL,Left long reference tick was not found.; Right long reference tick was not found.,1 tick candidates were marked invalid.,20.379923998916638,2.5141969999822322,3.6602400014089653,26.574972998787416,interval,append-only,740,160,80,2,30,125,304,441,provided,27,13,13,26,1,,,,,373.47222222222223,373.60857753357755,0.1451382531165473,18.692857142857136,18.882936507936506,18.785714285714278,18.68287037037037,0.2591272288932608,0.013869776097371906,18.75,0.30463080706557033,0.016246976376830417,18.716435185185187,0.2847806550263085,0.3421296296296319,0.7857142857142918,-0.028753443033127615,0.28564285657381566,False,True,Cloudy,"[33333, 33333]",17000,16.0,0.0,1.2,12.0,"{""AeEnable"": false, ""AwbEnable"": true, ""AwbMode"": ""Cloudy"", ""FrameDurationLimits"": [33333, 33333], ""ExposureTime"": 17000, ""AnalogueGain"": 16.0, ""Brightness"": 0.0, ""Contrast"": 1.2, ""LensPosition"": 12.0}"
run_20260926_005346_067436,4921,163,2026-09-26T00:56:31.500,FAIL,Left long reference tick was not found.; Right long reference tick was not found.,1 tick candidates were marked invalid.,17.28412199918239,2.8060089989594417,4.48665899966727,24.612974000774557,interval,append-only,740,160,80,2,30,125,304,441,provided,27,13,13,26,1,,,,,373.47222222222223,373.60857753357755,0.1451382531165473,18.692857142857136,18.882936507936506,18.785714285714278,18.68287037037037,0.2591272288932608,0.013869776097371906,18.75,0.30463080706557033,0.016246976376830417,18.716435185185187,0.2847806550263085,0.3421296296296319,0.7857142857142918,-0.03012388674404047,0.28610198668152553,False,True,Cloudy,"[33333, 33333]",17000,16.0,0.0,1.2,12.0,"{""AeEnable"": false, ""AwbEnable"": true, ""AwbMode"": ""Cloudy"", ""FrameDurationLimits"": [33333, 33333], ""ExposureTime"": 17000, ""AnalogueGain"": 16.0, ""Brightness"": 0.0, ""Contrast"": 1.2, ""LensPosition"": 12.0}"
run_20260926_005346_067436,4952,164,2026-09-26T00:56:32.537,FAIL,Left long reference tick was not found.; Right long reference tick was not found.,1 tick candidates were marked invalid.,2.1035519985161955,3.3822249988588737,5.12122700092732,10.646411999914562,interval,append-only,740,160,80,2,30,125,304,441,provided,27,13,13,26,1,,,,,373.47222222222223,373.60695031464263,0.14176453306275333,18.6875,18.833791208791183,18.785714285714278,18.69088319088319,0.24530677337824475,0.013124407812783158,18.75,0.2896967189466412,0.015450491677154196,18.720441595441596,0.27004351556163253,0.3311406186406174,0.7857142857142918,-0.03313625580118513,0.28803570880861123,False,True,Cloudy,"[33333, 33333]",17000,16.0,0.0,1.2,12.0,"{""AeEnable"": false, ""AwbEnable"": true, ""AwbMode"": ""Cloudy"", ""FrameDurationLimits"": [33333, 33333], ""ExposureTime"": 17000, ""AnalogueGain"": 16.0, ""Brightness"": 0.0, ""Contrast"": 1.2, ""LensPosition"": 12.0}"
run_20260926_005346_067436,4983,165,2026-09-26T00:56:33.567,FAIL,Left long reference tick was not found.; Right long reference tick was not found.,1 tick candidates were marked invalid.,17.411435999747482,3.3410220003133873,4.7154709991446,26.278048999301973,interval,append-only,740,160,80,2,30,125,304,441,provided,27,13,13,26,1,,,,,373.47222222222223,373.6305805305805,0.15280910330328243,18.83035714285714,18.904040404040416,18.863636363636374,18.69088319088319,0.29746370102595326,0.01591490878135959,18.75,0.3127359153772478,0.016679248820119882,18.720441595441596,0.30662338850369797,0.3293091168091209,0.875,-0.03579714862970736,0.28935918261865157,False,True,Cloudy,"[33333, 33333]",17000,16.0,0.0,1.2,12.0,"{""AeEnable"": false, ""AwbEnable"": true, ""AwbMode"": ""Cloudy"", ""FrameDurationLimits"": [33333, 33333], ""ExposureTime"": 17000, ""AnalogueGain"": 16.0, ""Brightness"": 0.0, ""Contrast"": 1.2, ""LensPosition"": 12.0}"
run_20260926_005346_067436,5014,166,2026-09-26T00:56:34.596,FAIL,Left long reference tick was not found.; Right long reference tick was not found.,1 tick candidates were marked invalid.,18.872550999731175,2.564473999882466,3.648944999440573,25.10754299873952,interval,append-only,740,160,80,2,30,125,304,441,provided,27,13,13,26,1,,,,,373.47222222222223,373.62834718700105,0.14134963064991,18.785714285714285,18.924145299145295,18.785714285714292,18.697751322751326,0.2755436104051961,0.014736724520981091,18.75,0.31395111374837986,0.016744059399913594,18.72387566137566,0.29652533213546595,0.3123677248677256,0.7857142857142918,-0.030579245891051262,0.2889159488342651,False,True,Cloudy,"[33333, 33333]",17000,16.0,0.0,1.2,12.0,"{""AeEnable"": false, ""AwbEnable"": true, ""AwbMode"": ""Cloudy"", ""FrameDurationLimits"": [33333, 33333], ""ExposureTime"": 17000, ""AnalogueGain"": 16.0, ""Brightness"": 0.0, ""Contrast"": 1.2, ""LensPosition"": 12.0}"
run_20260926_005346_067436,5044,167,2026-09-26T00:56:35.601,FAIL,Left long reference tick was not found.; Right long reference tick was not found.,1 tick candidates were marked invalid.,5.660535000060918,2.863379000700661,4.400973999509006,12.964870000359952,interval,append-only,740,160,80,2,30,125,304,441,provided,27,13,13,26,1,,,,,373.47222222222223,373.63031637166256,0.14628637764089866,18.785714285714285,18.904040404040416,18.785714285714292,18.69088319088319,0.2830913118465915,0.01514595693287914,18.75,0.30594005722911927,0.016316803052219695,18.720441595441596,0.2962156376868526,0.3281644281644323,0.7857142857142918,-0.03149499512582948,0.28452213784238345,False,True,Cloudy,"[33333, 33333]",17000,16.0,0.0,1.2,12.0,"{""AeEnable"": false, ""AwbEnable"": true, ""AwbMode"": ""Cloudy"", ""FrameDurationLimits"": [33333, 33333], ""ExposureTime"": 17000, ""AnalogueGain"": 16.0, ""Brightness"": 0.0, ""Contrast"": 1.2, ""LensPosition"": 12.0}"
run_20260926_005346_067436,5075,168,2026-09-26T00:56:36.630,FAIL,Left long reference tick was not found.; Right long reference tick was not found.,1 tick candidates were marked invalid.,20.8261420011695,2.5195489997713594,3.631612000390305,26.998338998964755,interval,append-only,740,160,80,2,30,125,304,441,provided,27,13,13,26,1,,,,,373.47222222222223,373.62371239871237,0.14710366369375918,18.785714285714278,18.904040404040416,18.785714285714292,18.69088319088319,0.2667121155789769,0.014269636852102871,18.75,0.3127359153772478,0.016679248820119882,18.720441595441596,0.29213567389445544,0.30029646279646255,0.7857142857142918,-0.03743994062485001,0.287952388973291,False,True,Cloudy,"[33333, 33333]",17000,16.0,0.0,1.2,12.0,"{""AeEnable"": false, ""AwbEnable"": true, ""AwbMode"": ""Cloudy"", ""FrameDurationLimits"": [33333, 33333], ""ExposureTime"": 17000, ""AnalogueGain"": 16.0, ""Brightness"": 0.0, ""Contrast"": 1.2, ""LensPosition"": 12.0}"
run_20260926_005346_067436,5105,169,2026-09-26T00:56:37.633,FAIL,Left long reference tick was not found.; Right long reference tick was not found.,1 tick candidates were marked invalid.,16.159263001100044,2.8629160005948506,4.3710490008379566,23.42830100133142,interval,append-only,740,160,80,2,30,125,304,441,provided,27,13,13,26,1,,,,,373.47222222222223,373.62714646464644,0.15371897466676138,18.785714285714278,18.904040404040416,18.790209790209758,18.69088319088319,0.28192076046585707,0.015083330069890379,18.75,0.3127359153772478,0.016679248820119882,18.720441595441596,0.2991909645264783,0.3151774151774139,0.875,-0.04103061482737867,0.2868022031001618,False,True,Cloudy,"[33333, 33333]",17000,16.0,0.0,1.2,12.0,"{""AeEnable"": false, ""AwbEnable"": true, ""AwbMode"": ""Cloudy"", ""FrameDurationLimits"": [33333, 33333], ""ExposureTime"": 17000, ""AnalogueGain"": 16.0, ""Brightness"": 0.0, ""Contrast"": 1.2, ""LensPosition"": 12.0}"
run_20260926_005346_067436,5136,170,2026-09-26T00:56:38.665,FAIL,Left long reference tick was not found.; Right long reference tick was not found.,1 tick candidates were marked invalid.,17.912523000632063,2.8961009993508924,4.915673000141396,26.57471299971803,interval,append-only,740,160,80,2,30,125,304,441,provided,27,13,13,26,1,,,,,373.47222222222223,373.62714646464644,0.15371897466676138,18.785714285714278,18.904040404040416,18.790209790209758,18.69088319088319,0.28192076046585707,0.015083330069890379,18.75,0.3127359153772478,0.016679248820119882,18.720441595441596,0.2991909645264783,0.3151774151774139,0.875,-0.030380044619714833,0.28535691646687106,False,True,Cloudy,"[33333, 33333]",17000,16.0,0.0,1.2,12.0,"{""AeEnable"": false, ""AwbEnable"": true, ""AwbMode"": ""Cloudy"", ""FrameDurationLimits"": [33333, 33333], ""ExposureTime"": 17000, ""AnalogueGain"": 16.0, ""Brightness"": 0.0, ""Contrast"": 1.2, ""LensPosition"": 12.0}"
run_20260926_005346_067436,5166,171,2026-09-26T00:56:39.665,FAIL,Left long reference tick was not found.; Right long reference tick was not found.,1 tick candidates were marked invalid.,13.362736000999575,3.2563929999014363,4.602343000442488,21.245694000754156,interval,append-only,740,160,80,2,30,125,304,441,provided,27,13,13,26,1,,,,,373.47222222222223,373.62714646464644,0.14623328064964697,18.785714285714285,18.904040404040416,18.790209790209758,18.69088319088319,0.2830913118465915,0.01514595693287914,18.75,0.3127359153772478,0.016679248820119882,18.720441595441596,0.2997430918052539,0.3144281644281695,0.7857142857142918,-0.03317823804183735,0.2875275898839373,False,True,Cloudy,"[33333, 33333]",17000,16.0,0.0,1.2,12.0,"{""AeEnable"": false, ""AwbEnable"": true, ""AwbMode"": ""Cloudy"", ""FrameDurationLimits"": [33333, 33333], ""ExposureTime"": 17000, ""AnalogueGain"": 16.0, ""Brightness"": 0.0, ""Contrast"": 1.2, ""LensPosition"": 12.0}"
run_20260926_005346_067436,5196,172,2026-09-26T00:56:40.670,FAIL,Left long reference tick was not found.; Right long reference tick was not found.,1 tick candidates were marked invalid.,1.453910999771324,3.4558909992483677,5.438926998976967,10.385228999439278,interval,append-only,740,160,80,2,30,125,304,441,provided,27,13,13,26,1,,,,,373.47222222222223,373.63031637166256,0.15284641858476536,18.785714285714278,18.904040404040416,18.785714285714278,18.69088319088319,0.28192076046585707,0.015083330069890379,18.75,0.30594005722911927,0.016316803052219695,18.720441595441596,0.29565692310436475,0.32816442816443,0.875,-0.04110500209171711,0.28671765794228776,False,True,Cloudy,"[33333, 33333]",17000,16.0,0.0,1.2,12.0,"{""AeEnable"": false, ""AwbEnable"": true, ""AwbMode"": ""Cloudy"", ""FrameDurationLimits"": [33333, 33333], ""ExposureTime"": 17000, ""AnalogueGain"": 16.0, ""Brightness"": 0.0, ""Contrast"": 1.2, ""LensPosition"": 12.0}"
run_20260926_005346_067436,5227,173,2026-09-26T00:56:41.699,FAIL,Left long reference tick was not found.; Right long reference tick was not found.,1 tick candidates were marked invalid.,18.092521999278688,3.1127090005611535,4.495046998272301,25.724852001076215,interval,append-only,740,160,80,2,30,125,304,441,provided,27,13,13,26,1,,,,,373.47222222222223,373.64181929181933,0.15671964186911647,18.83035714285714,18.882936507936506,18.821428571428555,18.68287037037037,0.3077587047931735,0.016472774187913635,18.75,0.30463080706557033,0.016246976376830417,18.716435185185187,0.30803290617765017,0.3510582010582037,0.875,-0.031342970054363005,0.285101142375925,False,True,Cloudy,"[33333, 33333]",17000,16.0,0.0,1.2,12.0,"{""AeEnable"": false, ""AwbEnable"": true, ""AwbMode"": ""Cloudy"", ""FrameDurationLimits"": [33333, 33333], ""ExposureTime"": 17000, ""AnalogueGain"": 16.0, ""Brightness"": 0.0, ""Contrast"": 1.2, ""LensPosition"": 12.0}"
run_20260926_005346_067436,5258,174,2026-09-26T00:56:42.730,FAIL,Left long reference tick was not found.; Right long reference tick was not found.,1 tick candidates were marked invalid.,19.204529000489856,2.605233001304441,3.853053000057116,25.683871001092484,interval,append-only,740,160,80,2,30,125,304,441,provided,27,13,13,26,1,,,,,373.47222222222223,373.64181929181933,0.15671964186911647,18.83035714285714,18.882936507936506,18.821428571428555,18.68287037037037,0.3077587047931735,0.016472774187913635,18.75,0.30463080706557033,0.016246976376830417,18.716435185185187,0.30803290617765017,0.3510582010582037,0.875,-0.03370007448020446,0.28581117973799675,False,True,Cloudy,"[33333, 33333]",17000,16.0,0.0,1.2,12.0,"{""AeEnable"": false, ""AwbEnable"": true, ""AwbMode"": ""Cloudy"", ""FrameDurationLimits"": [33333, 33333], ""ExposureTime"": 17000, ""AnalogueGain"": 16.0, ""Brightness"": 0.0, ""Contrast"": 1.2, ""LensPosition"": 12.0}"
run_20260926_005346_067436,5288,175,2026-09-26T00:56:43.734,FAIL,Left long reference tick was not found.; Right long reference tick was not found.,1 tick candidates were marked invalid.,6.583323000086239,2.792045999740367,4.398770999614499,13.810490001560538,interval,append-only,740,160,80,2,30,125,304,441,provided,27,13,13,26,1,,,,,373.47222222222223,373.63468700103317,0.14520949999119534,18.785714285714285,18.882936507936506,18.785714285714292,18.69088319088319,0.2830913118465915,0.01514595693287914,18.75,0.30463080706557033,0.016246976376830417,18.720441595441596,0.2955401986333851,0.3281644281644323,0.7857142857142918,-0.03795647621458515,0.2855607388695954,False,True,Cloudy,"[33333, 33333]",17000,16.0,0.0,1.2,12.0,"{""AeEnable"": false, ""AwbEnable"": true, ""AwbMode"": ""Cloudy"", ""FrameDurationLimits"": [33333, 33333], ""ExposureTime"": 17000, ""AnalogueGain"": 16.0, ""Brightness"": 0.0, ""Contrast"": 1.2, ""LensPosition"": 12.0}"
run_20260926_005346_067436,5319,176,2026-09-26T00:56:44.764,FAIL,Left long reference tick was not found.; Right long reference tick was not found.,1 tick candidates were marked invalid.,20.821678999709547,2.5364930006617215,3.6856849983450957,27.065857000707183,interval,append-only,740,160,80,2,30,125,304,441,provided,27,13,13,26,1,,,,,373.47222222222223,373.63838522588526,0.1505715303734791,18.785714285714285,18.882936507936506,18.785714285714292,18.68287037037037,0.2938902138400293,0.015730463682182214,18.75,0.30463080706557033,0.016246976376830417,18.716435185185187,0.3011848103668779,0.3361772486772523,0.7857142857142918,-0.03474548827174955,0.28846963795296476,False,True,Cloudy,"[33333, 33333]",17000,16.0,0.0,1.2,12.0,"{""AeEnable"": false, ""AwbEnable"": true, ""AwbMode"": ""Cloudy"", ""FrameDurationLimits"": [33333, 33333], ""ExposureTime"": 17000, ""AnalogueGain"": 16.0, ""Brightness"": 0.0, ""Contrast"": 1.2, ""LensPosition"": 12.0}"
run_20260926_005346_067436,5350,177,2026-09-26T00:56:45.796,FAIL,Left long reference tick was not found.; Right long reference tick was not found.,1 tick candidates were marked invalid.,19.658893999803695,2.5183630004903534,3.597462999096024,25.796220999836805,interval,append-only,740,160,80,2,30,125,304,441,provided,27,13,13,26,1,,,,,373.47222222222223,373.63468700103317,0.14520949999119534,18.785714285714285,18.882936507936506,18.785714285714292,18.69088319088319,0.2830913118465915,0.01514595693287914,18.75,0.30463080706557033,0.016246976376830417,18.720441595441596,0.2955401986333851,0.3281644281644323,0.7857142857142918,-0.037302077148972046,0.2847621856674602,False,True,Cloudy,"[33333, 33333]",17000,16.0,0.0,1.2,12.0,"{""AeEnable"": false, ""AwbEnable"": true, ""AwbMode"": ""Cloudy"", ""FrameDurationLimits"": [33333, 33333], ""ExposureTime"": 17000, ""AnalogueGain"": 16.0, ""Brightness"": 0.0, ""Contrast"": 1.2, ""LensPosition"": 12.0}"
run_20260926_005346_067436,5380,178,2026-09-26T00:56:46.801,FAIL,Left long reference tick was not found.; Right long reference tick was not found.,1 tick candidates were marked invalid.,5.57385100000829,2.90469299943652,4.402715001560864,12.919109998620115,interval,append-only,740,160,80,2,30,125,304,441,provided,27,13,13,26,1,,,,,373.47222222222223,373.63031637166256,0.14628637764089866,18.785714285714285,18.904040404040416,18.785714285714292,18.69088319088319,0.2830913118465915,0.01514595693287914,18.75,0.30594005722911927,0.016316803052219695,18.720441595441596,0.2962156376868526,0.3281644281644323,0.7857142857142918,-0.033401428091084887,0.2851741104096796,False,True,Cloudy,"[33333, 33333]",17000,16.0,0.0,1.2,12.0,"{""AeEnable"": false, ""AwbEnable"": true, ""AwbMode"": ""Cloudy"", ""FrameDurationLimits"": [33333, 33333], ""ExposureTime"": 17000, ""AnalogueGain"": 16.0, ""Brightness"": 0.0, ""Contrast"": 1.2, ""LensPosition"": 12.0}"
run_20260926_005346_067436,5411,179,2026-09-26T00:56:47.834,FAIL,Left long reference tick was not found.; Right long reference tick was not found.,1 tick candidates were marked invalid.,17.18336299927614,3.2428929989691824,4.6222310011216905,25.863017999654403,interval,append-only,740,160,80,2,30,125,304,441,provided,27,13,13,26,1,,,,,373.47222222222223,373.63031637166256,0.14628637764089866,18.785714285714285,18.904040404040416,18.785714285714292,18.69088319088319,0.2830913118465915,0.01514595693287914,18.75,0.30594005722911927,0.016316803052219695,18.720441595441596,0.2962156376868526,0.3281644281644323,0.7857142857142918,-0.04284105524636317,0.28485044751106026,False,True,Cloudy,"[33333, 33333]",17000,16.0,0.0,1.2,12.0,"{""AeEnable"": false, ""AwbEnable"": true, ""AwbMode"": ""Cloudy"", ""FrameDurationLimits"": [33333, 33333], ""ExposureTime"": 17000, ""AnalogueGain"": 16.0, ""Brightness"": 0.0, ""Contrast"": 1.2, ""LensPosition"": 12.0}"
run_20260926_005346_067436,5441,180,2026-09-26T00:56:48.834,FAIL,Left long reference tick was not found.; Right long reference tick was not found.,1 tick candidates were marked invalid.,13.315162001163117,3.2094119997054804,4.648378999263514,21.19867500005057,interval,append-only,740,160,80,2,30,125,304,441,provided,27,13,13,26,1,,,,,373.47222222222223,373.63468700103317,0.14520949999119534,18.785714285714285,18.882936507936506,18.785714285714292,18.69088319088319,0.2830913118465915,0.01514595693287914,18.75,0.30463080706557033,0.016246976376830417,18.720441595441596,0.2955401986333851,0.3281644281644323,0.7857142857142918,-0.03778850468584457,0.28619506411944834,False,True,Cloudy,"[33333, 33333]",17000,16.0,0.0,1.2,12.0,"{""AeEnable"": false, ""AwbEnable"": true, ""AwbMode"": ""Cloudy"", ""FrameDurationLimits"": [33333, 33333], ""ExposureTime"": 17000, ""AnalogueGain"": 16.0, ""Brightness"": 0.0, ""Contrast"": 1.2, ""LensPosition"": 12.0}"
run_20260926_005346_067436,5472,181,2026-09-26T00:56:49.870,FAIL,Left long reference tick was not found.; Right long reference tick was not found.,1 tick candidates were marked invalid.,2.0644240012188675,3.378633000465925,5.149004000486457,10.631189001287566,interval,append-only,740,160,80,2,30,125,304,441,provided,27,13,13,26,1,,,,,373.47222222222223,373.63468700103317,0.14520949999119534,18.785714285714285,18.882936507936506,18.785714285714292,18.69088319088319,0.2830913118465915,0.01514595693287914,18.75,0.30463080706557033,0.016246976376830417,18.720441595441596,0.2955401986333851,0.3281644281644323,0.7857142857142918,-0.02814624620009126,0.28662440498484854,False,True,Cloudy,"[33333, 33333]",17000,16.0,0.0,1.2,12.0,"{""AeEnable"": false, ""AwbEnable"": true, ""AwbMode"": ""Cloudy"", ""FrameDurationLimits"": [33333, 33333], ""ExposureTime"": 17000, ""AnalogueGain"": 16.0, ""Brightness"": 0.0, ""Contrast"": 1.2, ""LensPosition"": 12.0}"
run_20260926_005346_067436,5503,182,2026-09-26T00:56:50.899,FAIL,Left long reference tick was not found.; Right long reference tick was not found.,1 tick candidates were marked invalid.,17.44513899939193,3.037468999536941,4.475194999031373,25.769609999770182,interval,append-only,740,160,80,2,30,125,304,441,provided,27,13,13,26,1,,,,,373.47222222222223,373.62137339156567,0.13593439446789382,18.785714285714285,18.833791208791183,18.785714285714292,18.69088319088319,0.2830913118465915,0.01514595693287914,18.75,0.2896967189466412,0.015450491677154196,18.720441595441596,0.28793426191715177,0.3281644281644323,0.7857142857142918,-0.03212625464645997,0.2836293879866129,False,True,Cloudy,"[33333, 33333]",17000,16.0,0.0,1.2,12.0,"{""AeEnable"": false, ""AwbEnable"": true, ""AwbMode"": ""Cloudy"", ""FrameDurationLimits"": [33333, 33333], ""ExposureTime"": 17000, ""AnalogueGain"": 16.0, ""Brightness"": 0.0, ""Contrast"": 1.2, ""LensPosition"": 12.0}"
run_20260926_005346_067436,5534,183,2026-09-26T00:56:51.932,FAIL,Left long reference tick was not found.; Right long reference tick was not found.,1 tick candidates were marked invalid.,16.410001000622287,3.064153999730479,4.602843000611756,24.10072000020591,interval,append-only,740,160,80,2,30,125,304,441,provided,27,13,13,26,1,,,,,373.47222222222223,373.63838522588526,0.1505715303734791,18.785714285714285,18.882936507936506,18.785714285714292,18.68287037037037,0.2938902138400293,0.015730463682182214,18.75,0.30463080706557033,0.016246976376830417,18.716435185185187,0.3011848103668779,0.3361772486772523,0.7857142857142918,-0.026400928874211835,0.28733837518153826,False,True,Cloudy,"[33333, 33333]",17000,16.0,0.0,1.2,12.0,"{""AeEnable"": false, ""AwbEnable"": true, ""AwbMode"": ""Cloudy"", ""FrameDurationLimits"": [33333, 33333], ""ExposureTime"": 17000, ""AnalogueGain"": 16.0, ""Brightness"": 0.0, ""Contrast"": 1.2, ""LensPosition"": 12.0}"
run_20260926_005346_067436,5564,184,2026-09-26T00:56:52.937,FAIL,Left long reference tick was not found.; Right long reference tick was not found.,1 tick candidates were marked invalid.,1.6692789995431667,3.5285199992358685,5.362242000046535,10.600096999041853,interval,append-only,740,160,80,2,30,125,304,441,provided,27,13,13,26,1,,,,,373.47222222222223,373.63838522588526,0.1505715303734791,18.785714285714285,18.882936507936506,18.785714285714292,18.68287037037037,0.2938902138400293,0.015730463682182214,18.75,0.30463080706557033,0.016246976376830417,18.716435185185187,0.3011848103668779,0.3361772486772523,0.7857142857142918,-0.024608165663657644,0.2852232630852884,False,True,Cloudy,"[33333, 33333]",17000,16.0,0.0,1.2,12.0,"{""AeEnable"": false, ""AwbEnable"": true, ""AwbMode"": ""Cloudy"", ""FrameDurationLimits"": [33333, 33333], ""ExposureTime"": 17000, ""AnalogueGain"": 16.0, ""Brightness"": 0.0, ""Contrast"": 1.2, ""LensPosition"": 12.0}"
run_20260926_005346_067436,5595,185,2026-09-26T00:56:53.967,FAIL,Left long reference tick was not found.; Right long reference tick was not found.,1 tick candidates were marked invalid.,16.414871999586467,3.245838001021184,4.719174999991083,25.18622800016601,interval,append-only,740,160,80,2,30,125,304,441,provided,27,13,13,26,1,,,,,373.47222222222223,373.63150652766035,0.15451252520266656,18.692857142857136,18.93101343101341,18.785714285714278,18.68287037037037,0.2591272288932608,0.013869776097371906,18.75,0.30900735311607685,0.016480392166190766,18.716435185185187,0.287128593683048,0.3432743182743134,0.7857142857142918,-0.02087845573830057,0.2890437453753133,False,True,Cloudy,"[33333, 33333]",17000,16.0,0.0,1.2,12.0,"{""AeEnable"": false, ""AwbEnable"": true, ""AwbMode"": ""Cloudy"", ""FrameDurationLimits"": [33333, 33333], ""ExposureTime"": 17000, ""AnalogueGain"": 16.0, ""Brightness"": 0.0, ""Contrast"": 1.2, ""LensPosition"": 12.0}"
run_20260926_005346_067436,5625,186,2026-09-26T00:56:55.101,FAIL,Left long reference tick was not found.; Right long reference tick was not found.,1 tick candidates were marked invalid.,1.5362439989985432,3.600092999477056,5.661016999511048,11.864733000038541,interval,append-only,740,160,80,2,30,125,304,441,provided,27,13,13,26,1,,,,,373.47222222222223,373.6230006105006,0.1440095163101213,18.70535714285714,18.93101343101341,18.785714285714278,18.69088319088319,0.2293094426155471,0.012268518307759626,18.75,0.30900735311607685,0.016480392166190766,18.720441595441596,0.27369304276189893,0.3352614977614934,0.7857142857142918,-0.03132277900227255,0.2893115086369925,False,True,Cloudy,"[33333, 33333]",17000,16.0,0.0,1.2,12.0,"{""AeEnable"": false, ""AwbEnable"": true, ""AwbMode"": ""Cloudy"", ""FrameDurationLimits"": [33333, 33333], ""ExposureTime"": 17000, ""AnalogueGain"": 16.0, ""Brightness"": 0.0, ""Contrast"": 1.2, ""LensPosition"": 12.0}"
run_20260926_005346_067436,5654,187,2026-09-26T00:56:56.101,FAIL,Left long reference tick was not found.; Right long reference tick was not found.,1 tick candidates were marked invalid.,17.119902000558795,2.8164349987491732,4.2734199996630196,24.247330000434886,interval,append-only,740,160,80,2,30,125,304,441,provided,27,13,13,26,1,,,,,373.47222222222223,373.6186554898094,0.1424395128222779,18.6875,18.785714285714278,18.65384615384619,18.697751322751326,0.2440488199164643,0.013052308574641645,18.75,0.23198896011046985,0.012372744539225058,18.72387566137566,0.2395241806716747,0.26258648758648323,0.6857142857142975,-0.021740809106992522,0.3144931682704678,False,True,Cloudy,"[33333, 33333]",17000,16.0,0.0,1.2,12.0,"{""AeEnable"": false, ""AwbEnable"": true, ""AwbMode"": ""Cloudy"", ""FrameDurationLimits"": [33333, 33333], ""ExposureTime"": 17000, ""AnalogueGain"": 16.0, ""Brightness"": 0.0, ""Contrast"": 1.2, ""LensPosition"": 12.0}"
run_20260926_005346_067436,5685,188,2026-09-26T00:56:57.130,FAIL,Left long reference tick was not found.; Right long reference tick was not found.,1 tick candidates were marked invalid.,19.770763001361047,2.5262899998779176,3.6346850010886556,26.58099099971878,interval,append-only,740,160,80,2,30,125,304,441,provided,27,13,13,26,1,,,,,373.47222222222223,373.64044566544567,0.14733071007951232,18.6875,18.785714285714278,18.65384615384619,18.69088319088319,0.24530677337824475,0.013124407812783158,18.75,0.22071890901509006,0.01177167514747147,18.720441595441596,0.23520166710945492,0.20728530728529884,0.5,-0.009348098566340796,0.31525242908155054,False,True,Cloudy,"[33333, 33333]",17000,16.0,0.0,1.2,12.0,"{""AeEnable"": false, ""AwbEnable"": true, ""AwbMode"": ""Cloudy"", ""FrameDurationLimits"": [33333, 33333], ""ExposureTime"": 17000, ""AnalogueGain"": 16.0, ""Brightness"": 0.0, ""Contrast"": 1.2, ""LensPosition"": 12.0}"
run_20260926_005346_067436,5715,189,2026-09-26T00:56:58.134,FAIL,Left long reference tick was not found.; Right long reference tick was not found.,1 tick candidates were marked invalid.,16.133873999933712,2.942674000223633,4.497288000493427,23.61068800018984,interval,append-only,740,160,80,2,30,125,304,441,provided,27,13,13,26,1,,,,,373.47222222222223,373.646891143045,0.15492068943840567,18.6875,18.785714285714278,18.65384615384619,18.68287037037037,0.25769396580665127,0.01379306073949614,18.75,0.23198896011046985,0.012372744539225058,18.716435185185187,0.24746540284795598,0.20339336589335963,0.5,-0.014289647943421357,0.31181984353377346,False,True,Cloudy,"[33333, 33333]",17000,16.0,0.0,1.2,12.0,"{""AeEnable"": false, ""AwbEnable"": true, ""AwbMode"": ""Cloudy"", ""FrameDurationLimits"": [33333, 33333], ""ExposureTime"": 17000, ""AnalogueGain"": 16.0, ""Brightness"": 0.0, ""Contrast"": 1.2, ""LensPosition"": 12.0}"
run_20260926_005346_067436,5746,190,2026-09-26T00:56:59.164,FAIL,Left long reference tick was not found.; Right long reference tick was not found.,1 tick candidates were marked invalid.,20.15213000049698,2.5743070000316948,3.678369999761344,26.42604900029255,interval,append-only,740,160,80,2,30,125,304,441,provided,27,13,13,26,1,,,,,373.47222222222223,373.64208345073735,0.15061671230192109,18.70535714285714,18.785714285714278,18.65384615384619,18.68287037037037,0.24098308380429131,0.012898611349703116,18.75,0.23198896011046985,0.012372744539225058,18.716435185185187,0.23889842808196626,0.199226699226692,0.41758241758236636,-0.018153908992143915,0.3124064937389567,False,True,Cloudy,"[33333, 33333]",17000,16.0,0.0,1.2,12.0,"{""AeEnable"": false, ""AwbEnable"": true, ""AwbMode"": ""Cloudy"", ""FrameDurationLimits"": [33333, 33333], ""ExposureTime"": 17000, ""AnalogueGain"": 16.0, ""Brightness"": 0.0, ""Contrast"": 1.2, ""LensPosition"": 12.0}"
run_20260926_005346_067436,5776,191,2026-09-26T00:57:00.167,FAIL,Left long reference tick was not found.; Right long reference tick was not found.,1 tick candidates were marked invalid.,16.24331700077164,3.021487998921657,4.541935999441193,23.84620399971027,interval,append-only,740,160,80,2,30,125,304,441,provided,27,13,13,26,1,,,,,373.47222222222223,373.64475439090825,0.15710807891365886,18.6875,18.785714285714278,18.65384615384619,18.68287037037037,0.26458836531190566,0.014162083238104726,18.75,0.23198896011046985,0.012372744539225058,18.716435185185187,0.2510767554540535,0.19413410663410247,0.5,-0.02254755182831758,0.3348074707317998,False,True,Cloudy,"[33333, 33333]",17000,16.0,0.0,1.2,12.0,"{""AeEnable"": false, ""AwbEnable"": true, ""AwbMode"": ""Cloudy"", ""FrameDurationLimits"": [33333, 33333], ""ExposureTime"": 17000, ""AnalogueGain"": 16.0, ""Brightness"": 0.0, ""Contrast"": 1.2, ""LensPosition"": 12.0}"
run_20260926_005346_067436,5807,192,2026-09-26T00:57:01.205,FAIL,Left long reference tick was not found.; Right long reference tick was not found.,1 tick candidates were marked invalid.,1.6126690006785793,3.5823159996652976,5.3972610003256705,10.631412000293494,interval,append-only,740,160,80,2,30,125,304,441,provided,27,13,13,26,1,,,,,373.47222222222223,373.646891143045,0.15492068943840567,18.6875,18.785714285714278,18.65384615384619,18.68287037037037,0.25769396580665127,0.01379306073949614,18.75,0.23198896011046985,0.012372744539225058,18.716435185185187,0.24746540284795598,0.20339336589335963,0.5,-0.020609358882996257,0.3322720308625694,False,True,Cloudy,"[33333, 33333]",17000,16.0,0.0,1.2,12.0,"{""AeEnable"": false, ""AwbEnable"": true, ""AwbMode"": ""Cloudy"", ""FrameDurationLimits"": [33333, 33333], ""ExposureTime"": 17000, ""AnalogueGain"": 16.0, ""Brightness"": 0.0, ""Contrast"": 1.2, ""LensPosition"": 12.0}"
run_20260926_005346_067436,5838,193,2026-09-26T00:57:02.230,FAIL,Left long reference tick was not found.; Right long reference tick was not found.,1 tick candidates were marked invalid.,20.819827001105295,2.5537519995850744,3.6192229999869596,27.015190999009064,interval,append-only,740,160,80,2,30,125,304,441,provided,27,13,13,26,1,,,,,373.47222222222223,373.6479242979243,0.1580603928019113,18.6875,18.757936507936506,18.589285714285722,18.68287037037037,0.26458836531190566,0.014162083238104726,18.75,0.24202011928191206,0.01290773969503531,18.716435185185187,0.2557674087748114,0.20787037037037473,0.5,-0.017859066523229217,0.33537876382960097,False,True,Cloudy,"[33333, 33333]",17000,16.0,0.0,1.2,12.0,"{""AeEnable"": false, ""AwbEnable"": true, ""AwbMode"": ""Cloudy"", ""FrameDurationLimits"": [33333, 33333], ""ExposureTime"": 17000, ""AnalogueGain"": 16.0, ""Brightness"": 0.0, ""Contrast"": 1.2, ""LensPosition"": 12.0}"
run_20260926_005346_067436,5869,194,2026-09-26T00:57:03.263,FAIL,Left long reference tick was not found.; Right long reference tick was not found.,1 tick candidates were marked invalid.,19.268177000412834,2.5392150000698166,3.600908999942476,25.42909600015264,interval,append-only,740,160,80,2,30,125,304,441,provided,27,13,13,26,1,,,,,373.47222222222223,373.63838522588526,0.1453504760481851,18.70535714285714,18.785714285714278,18.65384615384619,18.69088319088319,0.22768855863198764,0.012181797740999567,18.75,0.23198896011046985,0.012372744539225058,18.720441595441596,0.2317416189478336,0.19121387871387205,0.41758241758236636,-0.021027419389964254,0.31194027655391116,False,True,Cloudy,"[33333, 33333]",17000,16.0,0.0,1.2,12.0,"{""AeEnable"": false, ""AwbEnable"": true, ""AwbMode"": ""Cloudy"", ""FrameDurationLimits"": [33333, 33333], ""ExposureTime"": 17000, ""AnalogueGain"": 16.0, ""Brightness"": 0.0, ""Contrast"": 1.2, ""LensPosition"": 12.0}"
run_20260926_005346_067436,5899,195,2026-09-26T00:57:04.267,FAIL,Left long reference tick was not found.; Right long reference tick was not found.,1 tick candidates were marked invalid.,5.7448490006208885,2.8800820000469685,4.390011001305538,13.052256999799283,interval,append-only,740,160,80,2,30,125,304,441,provided,27,13,13,26,1,,,,,373.47222222222223,373.64731379731376,0.15347228122776063,18.6875,18.75,18.589285714285722,18.68287037037037,0.25769396580665127,0.01379306073949614,18.75,0.23123948045458279,0.012332772290911082,18.716435185185187,0.24711441775134296,0.2290343915343911,0.5,-0.010723435688611551,0.3368942362717674,False,True,Cloudy,"[33333, 33333]",17000,16.0,0.0,1.2,12.0,"{""AeEnable"": false, ""AwbEnable"": true, ""AwbMode"": ""Cloudy"", ""FrameDurationLimits"": [33333, 33333], ""ExposureTime"": 17000, ""AnalogueGain"": 16.0, ""Brightness"": 0.0, ""Contrast"": 1.2, ""LensPosition"": 12.0}"
run_20260926_005346_067436,5930,196,2026-09-26T00:57:05.297,FAIL,Left long reference tick was not found.; Right long reference tick was not found.,1 tick candidates were marked invalid.,20.369553998534684,2.48866000038106,3.6445929999899818,26.52380699873902,interval,append-only,740,160,80,2,30,125,304,441,provided,27,13,13,26,1,,,,,373.47222222222223,373.6479242979243,0.1580603928019113,18.6875,18.757936507936506,18.589285714285722,18.68287037037037,0.26458836531190566,0.014162083238104726,18.75,0.24202011928191206,0.01290773969503531,18.716435185185187,0.2557674087748114,0.20787037037037473,0.5,-0.01189487331005851,0.3183631217791879,False,True,Cloudy,"[33333, 33333]",17000,16.0,0.0,1.2,12.0,"{""AeEnable"": false, ""AwbEnable"": true, ""AwbMode"": ""Cloudy"", ""FrameDurationLimits"": [33333, 33333], ""ExposureTime"": 17000, ""AnalogueGain"": 16.0, ""Brightness"": 0.0, ""Contrast"": 1.2, ""LensPosition"": 12.0}"
run_20260926_005346_067436,5960,197,2026-09-26T00:57:06.300,FAIL,Left long reference tick was not found.; Right long reference tick was not found.,1 tick candidates were marked invalid.,16.55742599905352,2.7714909992937464,4.247753000527155,23.60987300016859,interval,append-only,740,160,80,2,30,125,304,441,provided,27,13,13,26,1,,,,,373.47222222222223,373.6511599511599,0.1494099982168756,18.692857142857136,18.75,18.599999999999994,18.68287037037037,0.2591272288932608,0.013869776097371906,18.75,0.23123948045458279,0.012332772290911082,18.716435185185187,0.24786267534858014,0.2171296296296319,0.5,-0.00798347940135631,0.3116379718332958,False,True,Cloudy,"[33333, 33333]",17000,16.0,0.0,1.2,12.0,"{""AeEnable"": false, ""AwbEnable"": true, ""AwbMode"": ""Cloudy"", ""FrameDurationLimits"": [33333, 33333], ""ExposureTime"": 17000, ""AnalogueGain"": 16.0, ""Brightness"": 0.0, ""Contrast"": 1.2, ""LensPosition"": 12.0}"
run_20260926_005346_067436,5991,198,2026-09-26T00:57:07.329,FAIL,Left long reference tick was not found.; Right long reference tick was not found.,1 tick candidates were marked invalid.,17.832079000072554,2.518178000173066,3.627666999818757,23.999758001082228,interval,append-only,740,160,80,2,30,125,304,441,provided,27,13,13,26,1,,,,,373.47222222222223,373.64799004414385,0.1484712823888823,18.692857142857136,18.785714285714278,18.65384615384619,18.68287037037037,0.2591272288932608,0.013869776097371906,18.75,0.22071890901509006,0.01177167514747147,18.716435185185187,0.24301949627325942,0.20339336589335963,0.5,-0.0038885982424950237,0.31541833269790004,False,True,Cloudy,"[33333, 33333]",17000,16.0,0.0,1.2,12.0,"{""AeEnable"": false, ""AwbEnable"": true, ""AwbMode"": ""Cloudy"", ""FrameDurationLimits"": [33333, 33333], ""ExposureTime"": 17000, ""AnalogueGain"": 16.0, ""Brightness"": 0.0, ""Contrast"": 1.2, ""LensPosition"": 12.0}"
run_20260926_005346_067436,6021,199,2026-09-26T00:57:08.329,FAIL,Left long reference tick was not found.; Right long reference tick was not found.,1 tick candidates were marked invalid.,14.014785001563723,2.5181040000461508,3.620982000938966,20.176686000922928,interval,append-only,740,160,80,2,30,125,304,441,provided,27,13,13,26,1,,,,,373.47222222222223,373.646891143045,0.15492068943840567,18.6875,18.785714285714278,18.65384615384619,18.68287037037037,0.25769396580665127,0.01379306073949614,18.75,0.23198896011046985,0.012372744539225058,18.716435185185187,0.24746540284795598,0.20339336589335963,0.5,-0.004336810422800524,0.3174087644802979,False,True,Cloudy,"[33333, 33333]",17000,16.0,0.0,1.2,12.0,"{""AeEnable"": false, ""AwbEnable"": true, ""AwbMode"": ""Cloudy"", ""FrameDurationLimits"": [33333, 33333], ""ExposureTime"": 17000, ""AnalogueGain"": 16.0, ""Brightness"": 0.0, ""Contrast"": 1.2, ""LensPosition"": 12.0}"
run_20260926_005346_067436,6052,200,2026-09-26T00:57:09.363,FAIL,Left long reference tick was not found.; Right long reference tick was not found.,1 tick candidates were marked invalid.,19.62406100028602,2.4764379995758645,3.757387999939965,26.508677001402248,interval,append-only,740,160,80,2,30,125,304,441,provided,27,13,13,26,1,,,,,373.47222222222223,373.63150652766035,0.14652738409819002,18.692857142857136,18.785714285714278,18.65384615384619,18.68287037037037,0.2591272288932608,0.013869776097371906,18.75,0.23198896011046985,0.012372744539225058,18.716435185185187,0.24821260237359333,0.2748219373219338,0.6857142857142975,-0.019898163473440124,0.308813102746685,False,True,Cloudy,"[33333, 33333]",17000,16.0,0.0,1.2,12.0,"{""AeEnable"": false, ""AwbEnable"": true, ""AwbMode"": ""Cloudy"", ""FrameDurationLimits"": [33333, 33333], ""ExposureTime"": 17000, ""AnalogueGain"": 16.0, ""Brightness"": 0.0, ""Contrast"": 1.2, ""LensPosition"": 12.0}"
run_20260926_005346_067436,6082,201,2026-09-26T00:57:10.364,FAIL,Left long reference tick was not found.; Right long reference tick was not found.,1 tick candidates were marked invalid.,20.386572999996133,2.614085000459454,3.736388000106672,26.757952999105328,interval,append-only,740,160,80,2,30,125,304,441,provided,27,13,13,26,1,,,,,373.47222222222223,373.63150652766035,0.14652738409819002,18.692857142857136,18.785714285714278,18.65384615384619,18.68287037037037,0.2591272288932608,0.013869776097371906,18.75,0.23198896011046985,0.012372744539225058,18.716435185185187,0.24821260237359333,0.2748219373219338,0.6857142857142975,-0.016622818396838896,0.3063657947354023,False,True,Cloudy,"[33333, 33333]",17000,16.0,0.0,1.2,12.0,"{""AeEnable"": false, ""AwbEnable"": true, ""AwbMode"": ""Cloudy"", ""FrameDurationLimits"": [33333, 33333], ""ExposureTime"": 17000, ""AnalogueGain"": 16.0, ""Brightness"": 0.0, ""Contrast"": 1.2, ""LensPosition"": 12.0}"
run_20260926_005346_067436,6112,202,2026-09-26T00:57:11.367,FAIL,Left long reference tick was not found.; Right long reference tick was not found.,1 tick candidates were marked invalid.,15.946488001645776,2.976802999910433,4.495547000260558,23.458319001292693,interval,append-only,740,160,80,2,30,125,304,441,provided,27,13,13,26,1,,,,,373.47222222222223,373.64319291819294,0.14992447009481846,18.6875,18.785714285714278,18.65384615384619,18.69088319088319,0.24530677337824475,0.013124407812783158,18.75,0.23198896011046985,0.012372744539225058,18.720441595441596,0.24056359786806822,0.19538054538053964,0.5,-0.018715123103927585,0.3160518685585418,False,True,Cloudy,"[33333, 33333]",17000,16.0,0.0,1.2,12.0,"{""AeEnable"": false, ""AwbEnable"": true, ""AwbMode"": ""Cloudy"", ""FrameDurationLimits"": [33333, 33333], ""ExposureTime"": 17000, ""AnalogueGain"": 16.0, ""Brightness"": 0.0, ""Contrast"": 1.2, ""LensPosition"": 12.0}"
run_20260926_005346_067436,6143,203,2026-09-26T00:57:12.404,FAIL,Left long reference tick was not found.; Right long reference tick was not found.,1 tick candidates were marked invalid.,1.512225000624312,3.405743000257644,5.102430000988534,10.057954001240432,interval,append-only,740,160,80,2,30,125,304,441,provided,27,13,13,26,1,,,,,373.47222222222223,373.64414389029776,0.15247862582067606,18.6875,18.785714285714278,18.65384615384619,18.68287037037037,0.25769396580665127,0.01379306073949614,18.75,0.22071890901509006,0.01177167514747147,18.716435185185187,0.24225627999814237,0.21529812779811883,0.5,-0.01782907167666919,0.3139740949024569,False,True,Cloudy,"[33333, 33333]",17000,16.0,0.0,1.2,12.0,"{""AeEnable"": false, ""AwbEnable"": true, ""AwbMode"": ""Cloudy"", ""FrameDurationLimits"": [33333, 33333], ""ExposureTime"": 17000, ""AnalogueGain"": 16.0, ""Brightness"": 0.0, ""Contrast"": 1.2, ""LensPosition"": 12.0}"
run_20260926_005346_067436,6174,204,2026-09-26T00:57:13.432,FAIL,Left long reference tick was not found.; Right long reference tick was not found.,1 tick candidates were marked invalid.,16.447297000922845,3.2276349993480835,4.671711998526007,24.371272998905624,interval,append-only,740,160,80,2,30,125,304,441,provided,27,13,13,26,1,,,,,373.47222222222223,373.646891143045,0.15492068943840567,18.6875,18.785714285714278,18.65384615384619,18.68287037037037,0.25769396580665127,0.01379306073949614,18.75,0.23198896011046985,0.012372744539225058,18.716435185185187,0.24746540284795598,0.20339336589335963,0.5,-0.013313448492661122,0.31460306338065347,False,True,Cloudy,"[33333, 33333]",17000,16.0,0.0,1.2,12.0,"{""AeEnable"": false, ""AwbEnable"": true, ""AwbMode"": ""Cloudy"", ""FrameDurationLimits"": [33333, 33333], ""ExposureTime"": 17000, ""AnalogueGain"": 16.0, ""Brightness"": 0.0, ""Contrast"": 1.2, ""LensPosition"": 12.0}"
run_20260926_005346_067436,6204,205,2026-09-26T00:57:14.433,FAIL,Left long reference tick was not found.; Right long reference tick was not found.,1 tick candidates were marked invalid.,16.247318000750965,2.88721099968825,4.301364000639296,23.47348500006774,interval,append-only,740,160,80,2,30,125,304,441,provided,27,13,13,26,1,,,,,373.47222222222223,373.63083028083025,0.15151897521489063,18.6875,18.757936507936506,18.589285714285722,18.68287037037037,0.25769396580665127,0.01379306073949614,18.75,0.24202011928191206,0.01290773969503531,18.716435185185187,0.2522232262674237,0.3004629629629652,0.6857142857142975,-0.02042831389863955,0.3122522227236465,False,True,Cloudy,"[33333, 33333]",17000,16.0,0.0,1.2,12.0,"{""AeEnable"": false, ""AwbEnable"": true, ""AwbMode"": ""Cloudy"", ""FrameDurationLimits"": [33333, 33333], ""ExposureTime"": 17000, ""AnalogueGain"": 16.0, ""Brightness"": 0.0, ""Contrast"": 1.2, ""LensPosition"": 12.0}"
run_20260926_005346_067436,6235,206,2026-09-26T00:57:15.467,FAIL,Left long reference tick was not found.; Right long reference tick was not found.,1 tick candidates were marked invalid.,6.991800000832882,2.8556010001921095,4.415807999976096,14.300263001132407,interval,append-only,740,160,80,2,30,125,304,441,provided,27,13,13,26,1,,,,,373.47222222222223,373.62766037381425,0.1501648682214937,18.6875,18.785714285714278,18.65384615384619,18.68287037037037,0.25769396580665127,0.01379306073949614,18.75,0.23198896011046985,0.012372744539225058,18.716435185185187,0.24746540284795598,0.28672669922669297,0.6857142857142975,-0.02244839368427657,0.31116262810926015,False,True,Cloudy,"[33333, 33333]",17000,16.0,0.0,1.2,12.0,"{""AeEnable"": false, ""AwbEnable"": true, ""AwbMode"": ""Cloudy"", ""FrameDurationLimits"": [33333, 33333], ""ExposureTime"": 17000, ""AnalogueGain"": 16.0, ""Brightness"": 0.0, ""Contrast"": 1.2, ""LensPosition"": 12.0}"
run_20260926_005346_067436,6266,207,2026-09-26T00:57:16.497,FAIL,Left long reference tick was not found.; Right long reference tick was not found.,1 tick candidates were marked invalid.,20.092724000278395,2.525493000575807,3.6260560009395704,26.896581000983133,interval,append-only,740,160,80,2,30,125,304,441,provided,27,13,13,26,1,,,,,373.47222222222223,373.64044566544567,0.14733071007951232,18.6875,18.785714285714278,18.65384615384619,18.69088319088319,0.24530677337824475,0.013124407812783158,18.75,0.22071890901509006,0.01177167514747147,18.720441595441596,0.23520166710945492,0.20728530728529884,0.5,-0.023062435453408733,0.31288633624070283,False,True,Cloudy,"[33333, 33333]",17000,16.0,0.0,1.2,12.0,"{""AeEnable"": false, ""AwbEnable"": true, ""AwbMode"": ""Cloudy"", ""FrameDurationLimits"": [33333, 33333], ""ExposureTime"": 17000, ""AnalogueGain"": 16.0, ""Brightness"": 0.0, ""Contrast"": 1.2, ""LensPosition"": 12.0}"
run_20260926_005346_067436,6297,208,2026-09-26T00:57:17.529,FAIL,Left long reference tick was not found.; Right long reference tick was not found.,1 tick candidates were marked invalid.,19.27597199937736,2.5457339997956296,3.648777999842423,25.49141000054078,interval,append-only,740,160,80,2,30,125,304,441,provided,27,13,13,26,1,,,,,373.47222222222223,373.62780830280826,0.14083113815449289,18.692857142857136,18.785714285714278,18.65384615384619,18.69088319088319,0.24681198067757232,0.013204939443308876,18.75,0.23198896011046985,0.012372744539225058,18.720441595441596,0.24133216733291077,0.2668091168091138,0.6857142857142975,-0.01498783243648861,0.31339779947144747,False,True,Cloudy,"[33333, 33333]",17000,16.0,0.0,1.2,12.0,"{""AeEnable"": false, ""AwbEnable"": true, ""AwbMode"": ""Cloudy"", ""FrameDurationLimits"": [33333, 33333], ""ExposureTime"": 17000, ""AnalogueGain"": 16.0, ""Brightness"": 0.0, ""Contrast"": 1.2, ""LensPosition"": 12.0}"
run_20260926_005346_067436,6327,209,2026-09-26T00:57:18.534,FAIL,Left long reference tick was not found.; Right long reference tick was not found.,1 tick candidates were marked invalid.,4.898765000689309,2.8954890003660694,4.466159000003245,12.297875999138341,interval,append-only,740,160,80,2,30,125,304,441,provided,27,13,13,26,1,,,,,373.47222222222223,373.6346764346764,0.14783234623291017,18.692857142857136,18.757936507936506,18.599999999999994,18.68287037037037,0.2591272288932608,0.013869776097371906,18.75,0.24202011928191206,0.01290773969503531,18.716435185185187,0.2529563722050078,0.288558201058206,0.6857142857142975,-0.020396879274170596,0.3086677368209862,False,True,Cloudy,"[33333, 33333]",17000,16.0,0.0,1.2,12.0,"{""AeEnable"": false, ""AwbEnable"": true, ""AwbMode"": ""Cloudy"", ""FrameDurationLimits"": [33333, 33333], ""ExposureTime"": 17000, ""AnalogueGain"": 16.0, ""Brightness"": 0.0, ""Contrast"": 1.2, ""LensPosition"": 12.0}"
run_20260926_005346_067436,6358,210,2026-09-26T00:57:19.564,FAIL,Left long reference tick was not found.; Right long reference tick was not found.,1 tick candidates were marked invalid.,19.674930999826756,2.618491998873651,3.8479429986182367,26.163328999246005,interval,append-only,740,160,80,2,30,125,304,441,provided,27,13,13,26,1,,,,,373.47222222222223,373.63811050061054,0.15417242116666957,18.692857142857136,18.757936507936506,18.599999999999994,18.68287037037037,0.27475604331649195,0.014706307856860924,18.75,0.24202011928191206,0.01290773969503531,18.716435185185187,0.26107260969246704,0.3034391534391574,0.7750000000000057,-0.015078968533993785,0.3094605824301179,False,True,Cloudy,"[33333, 33333]",17000,16.0,0.0,1.2,12.0,"{""AeEnable"": false, ""AwbEnable"": true, ""AwbMode"": ""Cloudy"", ""FrameDurationLimits"": [33333, 33333], ""ExposureTime"": 17000, ""AnalogueGain"": 16.0, ""Brightness"": 0.0, ""Contrast"": 1.2, ""LensPosition"": 12.0}"
run_20260926_005346_067436,6388,211,2026-09-26T00:57:20.567,FAIL,Left long reference tick was not found.; Right long reference tick was not found.,1 tick candidates were marked invalid.,17.231493999133818,3.0561359999410342,4.4406399993022205,24.76445399952354,interval,append-only,740,160,80,2,30,125,304,441,provided,27,13,13,26,1,,,,,373.47222222222223,373.650061050061,0.155842910386213,18.6875,18.757936507936506,18.589285714285722,18.68287037037037,0.25769396580665127,0.01379306073949614,18.75,0.24202011928191206,0.01290773969503531,18.716435185185187,0.2522232262674237,0.2171296296296319,0.5,-0.022161414922715804,0.32992521223690063,False,True,Cloudy,"[33333, 33333]",17000,16.0,0.0,1.2,12.0,"{""AeEnable"": false, ""AwbEnable"": true, ""AwbMode"": ""Cloudy"", ""FrameDurationLimits"": [33333, 33333], ""ExposureTime"": 17000, ""AnalogueGain"": 16.0, ""Brightness"": 0.0, ""Contrast"": 1.2, ""LensPosition"": 12.0}"
run_20260926_005346_067436,6419,212,2026-09-26T00:57:21.596,FAIL,Left long reference tick was not found.; Right long reference tick was not found.,1 tick candidates were marked invalid.,17.454120999900624,2.537954998842906,3.6117230010859203,23.624446999747306,interval,append-only,740,160,80,2,30,125,304,441,provided,27,13,13,26,1,,,,,373.47222222222223,373.6555305805305,0.1565542083876338,18.692857142857136,18.75,18.599999999999994,18.673400673400675,0.2762818307285382,0.014795474887554243,18.75,0.23123948045458279,0.012332772290911082,18.711700336700336,0.2576209189190127,0.22659932659932855,0.5,-0.010955686494049006,0.3154461667628782,False,True,Cloudy,"[33333, 33333]",17000,16.0,0.0,1.2,12.0,"{""AeEnable"": false, ""AwbEnable"": true, ""AwbMode"": ""Cloudy"", ""FrameDurationLimits"": [33333, 33333], ""ExposureTime"": 17000, ""AnalogueGain"": 16.0, ""Brightness"": 0.0, ""Contrast"": 1.2, ""LensPosition"": 12.0}"
run_20260926_005346_067436,6449,213,2026-09-26T00:57:22.596,FAIL,Left long reference tick was not found.; Right long reference tick was not found.,1 tick candidates were marked invalid.,14.444336000451585,2.6318430009268923,3.987329999290523,21.08676900024875,interval,append-only,740,160,80,2,30,125,304,441,provided,27,13,13,26,1,,,,,373.47222222222223,373.63150652766035,0.14652738409819002,18.692857142857136,18.785714285714278,18.65384615384619,18.68287037037037,0.2591272288932608,0.013869776097371906,18.75,0.23198896011046985,0.012372744539225058,18.716435185185187,0.24821260237359333,0.2748219373219338,0.6857142857142975,-0.01570360644253336,0.3123409334758796,False,True,Cloudy,"[33333, 33333]",17000,16.0,0.0,1.2,12.0,"{""AeEnable"": false, ""AwbEnable"": true, ""AwbMode"": ""Cloudy"", ""FrameDurationLimits"": [33333, 33333], ""ExposureTime"": 17000, ""AnalogueGain"": 16.0, ""Brightness"": 0.0, ""Contrast"": 1.2, ""LensPosition"": 12.0}"
run_20260926_005346_067436,6479,214,2026-09-26T00:57:23.596,FAIL,Left long reference tick was not found.; Right long reference tick was not found.,1 tick candidates were marked invalid.,17.769729000065126,2.539252000133274,3.622204001658247,24.618047998956172,interval,append-only,740,160,80,2,30,125,304,441,provided,27,13,13,26,1,,,,,373.47222222222223,373.6486005447544,0.1532065359683967,18.692857142857136,18.785714285714278,18.65384615384619,18.68287037037037,0.2677193861585166,0.014329671022237539,18.75,0.23198896011046985,0.012372744539225058,18.716435185185187,0.2527308261029268,0.19148860398860043,0.5,-0.015518591038680977,0.3129770177409952,False,True,Cloudy,"[33333, 33333]",17000,16.0,0.0,1.2,12.0,"{""AeEnable"": false, ""AwbEnable"": true, ""AwbMode"": ""Cloudy"", ""FrameDurationLimits"": [33333, 33333], ""ExposureTime"": 17000, ""AnalogueGain"": 16.0, ""Brightness"": 0.0, ""Contrast"": 1.2, ""LensPosition"": 12.0}"
run_20260926_005346_067436,6506,215,2026-09-26T00:57:24.605,FAIL,Left long reference tick was not found.; Right long reference tick was not found.,1 tick candidates were marked invalid.,1.5503909999097232,3.4054290008498356,5.140299999766285,10.132343000805122,interval,append-only,740,160,80,2,30,125,304,441,provided,27,13,13,26,1,,,,,373.47222222222223,373.6539072039072,0.1517744592021949,18.692857142857136,18.757936507936506,18.599999999999994,18.68287037037037,0.2591272288932608,0.013869776097371906,18.75,0.24202011928191206,0.01290773969503531,18.716435185185187,0.2529563722050078,0.2052248677248727,0.5,-0.012388601878373496,0.3126442606526584,False,True,Cloudy,"[33333, 33333]",17000,16.0,0.0,1.2,12.0,"{""AeEnable"": false, ""AwbEnable"": true, ""AwbMode"": ""Cloudy"", ""FrameDurationLimits"": [33333, 33333], ""ExposureTime"": 17000, ""AnalogueGain"": 16.0, ""Brightness"": 0.0, ""Contrast"": 1.2, ""LensPosition"": 12.0}"
run_20260926_005346_067436,6537,216,2026-09-26T00:57:25.634,FAIL,Left long reference tick was not found.; Right long reference tick was not found.,1 tick candidates were marked invalid.,14.308726000308525,3.2602079991193023,4.688119999627816,22.28294199994707,interval,append-only,740,160,80,2,30,125,304,441,provided,27,13,13,26,1,,,,,373.47222222222223,373.6555305805305,0.1565542083876338,18.692857142857136,18.75,18.599999999999994,18.673400673400675,0.2762818307285382,0.014795474887554243,18.75,0.23123948045458279,0.012332772290911082,18.711700336700336,0.2576209189190127,0.22659932659932855,0.5,-0.01149278063328023,0.3114076578645723,False,True,Cloudy,"[33333, 33333]",17000,16.0,0.0,1.2,12.0,"{""AeEnable"": false, ""AwbEnable"": true, ""AwbMode"": ""Cloudy"", ""FrameDurationLimits"": [33333, 33333], ""ExposureTime"": 17000, ""AnalogueGain"": 16.0, ""Brightness"": 0.0, ""Contrast"": 1.2, ""LensPosition"": 12.0}"
run_20260926_005346_067436,6567,217,2026-09-26T00:57:26.637,FAIL,Left long reference tick was not found.; Right long reference tick was not found.,1 tick candidates were marked invalid.,2.3659210000914754,3.5245569997641724,5.307484001605189,11.238553999646683,interval,append-only,740,160,80,2,30,125,304,441,provided,27,13,13,26,1,,,,,373.47222222222223,373.6511599511599,0.1494099982168756,18.692857142857136,18.75,18.599999999999994,18.68287037037037,0.2591272288932608,0.013869776097371906,18.75,0.23123948045458279,0.012332772290911082,18.716435185185187,0.24786267534858014,0.2171296296296319,0.5,-0.01389277085906188,0.31263955270946275,False,True,Cloudy,"[33333, 33333]",17000,16.0,0.0,1.2,12.0,"{""AeEnable"": false, ""AwbEnable"": true, ""AwbMode"": ""Cloudy"", ""FrameDurationLimits"": [33333, 33333], ""ExposureTime"": 17000, ""AnalogueGain"": 16.0, ""Brightness"": 0.0, ""Contrast"": 1.2, ""LensPosition"": 12.0}"
