run_id,frame_id,measurement_index,datetime,gap_id,region,inner_tick_id,outer_tick_id,gap_px,valid,invalid_reason
run_20260926_005346_067436,1,1,2026-09-26T00:53:46.606,1,left,0,1,18.5,True,
run_20260926_005346_067436,1,1,2026-09-26T00:53:46.606,2,left,1,2,18.944444444444457,True,
run_20260926_005346_067436,1,1,2026-09-26T00:53:46.606,3,left,2,3,18.77777777777777,True,
run_20260926_005346_067436,1,1,2026-09-26T00:53:46.606,4,left,3,4,18.40277777777777,True,
run_20260926_005346_067436,1,1,2026-09-26T00:53:46.606,5,left,4,5,18.875,True,
run_20260926_005346_067436,1,1,2026-09-26T00:53:46.606,6,left,5,6,19.0,True,
run_20260926_005346_067436,1,1,2026-09-26T00:53:46.606,7,left,6,7,18.785714285714278,True,
run_20260926_005346_067436,1,1,2026-09-26T00:53:46.606,8,left,7,8,18.589285714285722,True,
run_20260926_005346_067436,1,1,2026-09-26T00:53:46.606,9,left,8,9,18.625,True,
run_20260926_005346_067436,1,1,2026-09-26T00:53:46.606,10,left,9,10,18.86363636363636,True,
run_20260926_005346_067436,1,1,2026-09-26T00:53:46.606,11,left,10,11,18.13636363636364,True,
run_20260926_005346_067436,1,1,2026-09-26T00:53:46.606,12,left,11,12,,False,missing_tick_for_gap
run_20260926_005346_067436,1,1,2026-09-26T00:53:46.606,1,right,0,1,19.0,True,
run_20260926_005346_067436,1,1,2026-09-26T00:53:46.606,2,right,1,2,18.5,True,
run_20260926_005346_067436,1,1,2026-09-26T00:53:46.606,3,right,2,3,18.5,True,
run_20260926_005346_067436,1,1,2026-09-26T00:53:46.606,4,right,3,4,19.0,True,
run_20260926_005346_067436,1,1,2026-09-26T00:53:46.606,5,right,4,5,19.0,True,
run_20260926_005346_067436,1,1,2026-09-26T00:53:46.606,6,right,5,6,19.0,True,
run_20260926_005346_067436,1,1,2026-09-26T00:53:46.606,7,right,6,7,19.0,True,
run_20260926_005346_067436,1,1,2026-09-26T00:53:46.606,8,right,7,8,19.0,True,
run_20260926_005346_067436,1,1,2026-09-26T00:53:46.606,9,right,8,9,18.0,True,
run_20260926_005346_067436,1,1,2026-09-26T00:53:46.606,10,right,9,10,18.5,True,
run_20260926_005346_067436,1,1,2026-09-26T00:53:46.606,11,right,10,11,19.0,True,
run_20260926_005346_067436,1,1,2026-09-26T00:53:46.606,12,right,11,12,18.0,True,
run_20260926_005346_067436,27,2,2026-09-26T00:53:47.631,1,left,0,1,18.5,True,
run_20260926_005346_067436,27,2,2026-09-26T00:53:47.631,2,left,1,2,18.944444444444457,True,
run_20260926_005346_067436,27,2,2026-09-26T00:53:47.631,3,left,2,3,18.680555555555543,True,
run_20260926_005346_067436,27,2,2026-09-26T00:53:47.631,4,left,3,4,18.5,True,
run_20260926_005346_067436,27,2,2026-09-26T00:53:47.631,5,left,4,5,18.875,True,
run_20260926_005346_067436,27,2,2026-09-26T00:53:47.631,6,left,5,6,19.0,True,
run_20260926_005346_067436,27,2,2026-09-26T00:53:47.631,7,left,6,7,18.785714285714278,True,
run_20260926_005346_067436,27,2,2026-09-26T00:53:47.631,8,left,7,8,18.964285714285722,True,
run_20260926_005346_067436,27,2,2026-09-26T00:53:47.631,9,left,8,9,18.125,True,
run_20260926_005346_067436,27,2,2026-09-26T00:53:47.631,10,left,9,10,18.84722222222223,True,
run_20260926_005346_067436,27,2,2026-09-26T00:53:47.631,11,left,10,11,18.27777777777777,True,
run_20260926_005346_067436,27,2,2026-09-26T00:53:47.631,12,left,11,12,,False,missing_tick_for_gap
run_20260926_005346_067436,27,2,2026-09-26T00:53:47.631,1,right,0,1,18.5,True,
run_20260926_005346_067436,27,2,2026-09-26T00:53:47.631,2,right,1,2,19.0,True,
run_20260926_005346_067436,27,2,2026-09-26T00:53:47.631,3,right,2,3,19.0,True,
run_20260926_005346_067436,27,2,2026-09-26T00:53:47.631,4,right,3,4,19.0,True,
run_20260926_005346_067436,27,2,2026-09-26T00:53:47.631,5,right,4,5,18.5,True,
run_20260926_005346_067436,27,2,2026-09-26T00:53:47.631,6,right,5,6,19.0,True,
run_20260926_005346_067436,27,2,2026-09-26T00:53:47.631,7,right,6,7,18.5,True,
run_20260926_005346_067436,27,2,2026-09-26T00:53:47.631,8,right,7,8,19.0,True,
run_20260926_005346_067436,27,2,2026-09-26T00:53:47.631,9,right,8,9,18.5,True,
run_20260926_005346_067436,27,2,2026-09-26T00:53:47.631,10,right,9,10,18.5,True,
run_20260926_005346_067436,27,2,2026-09-26T00:53:47.631,11,right,10,11,19.0,True,
run_20260926_005346_067436,27,2,2026-09-26T00:53:47.631,12,right,11,12,18.0,True,
run_20260926_005346_067436,52,3,2026-09-26T00:53:48.636,1,left,0,1,18.5,True,
run_20260926_005346_067436,52,3,2026-09-26T00:53:48.636,2,left,1,2,18.944444444444457,True,
run_20260926_005346_067436,52,3,2026-09-26T00:53:48.636,3,left,2,3,18.680555555555543,True,
run_20260926_005346_067436,52,3,2026-09-26T00:53:48.636,4,left,3,4,18.5,True,
run_20260926_005346_067436,52,3,2026-09-26T00:53:48.636,5,left,4,5,18.875,True,
run_20260926_005346_067436,52,3,2026-09-26T00:53:48.636,6,left,5,6,19.0,True,
run_20260926_005346_067436,52,3,2026-09-26T00:53:48.636,7,left,6,7,18.785714285714278,True,
run_20260926_005346_067436,52,3,2026-09-26T00:53:48.636,8,left,7,8,18.714285714285722,True,
run_20260926_005346_067436,52,3,2026-09-26T00:53:48.636,9,left,8,9,18.375,True,
run_20260926_005346_067436,52,3,2026-09-26T00:53:48.636,10,left,9,10,18.84722222222223,True,
run_20260926_005346_067436,52,3,2026-09-26T00:53:48.636,11,left,10,11,18.27777777777777,True,
run_20260926_005346_067436,52,3,2026-09-26T00:53:48.636,12,left,11,12,,False,missing_tick_for_gap
run_20260926_005346_067436,52,3,2026-09-26T00:53:48.636,1,right,0,1,18.5,True,
run_20260926_005346_067436,52,3,2026-09-26T00:53:48.636,2,right,1,2,19.0,True,
run_20260926_005346_067436,52,3,2026-09-26T00:53:48.636,3,right,2,3,19.0,True,
run_20260926_005346_067436,52,3,2026-09-26T00:53:48.636,4,right,3,4,19.0,True,
run_20260926_005346_067436,52,3,2026-09-26T00:53:48.636,5,right,4,5,18.5,True,
run_20260926_005346_067436,52,3,2026-09-26T00:53:48.636,6,right,5,6,19.0,True,
run_20260926_005346_067436,52,3,2026-09-26T00:53:48.636,7,right,6,7,18.5,True,
run_20260926_005346_067436,52,3,2026-09-26T00:53:48.636,8,right,7,8,19.0,True,
run_20260926_005346_067436,52,3,2026-09-26T00:53:48.636,9,right,8,9,18.5,True,
run_20260926_005346_067436,52,3,2026-09-26T00:53:48.636,10,right,9,10,18.5,True,
run_20260926_005346_067436,52,3,2026-09-26T00:53:48.636,11,right,10,11,19.0,True,
run_20260926_005346_067436,52,3,2026-09-26T00:53:48.636,12,right,11,12,18.0,True,
run_20260926_005346_067436,81,4,2026-09-26T00:53:49.664,1,left,0,1,18.5,True,
run_20260926_005346_067436,81,4,2026-09-26T00:53:49.664,2,left,1,2,18.944444444444457,True,
run_20260926_005346_067436,81,4,2026-09-26T00:53:49.664,3,left,2,3,18.680555555555543,True,
run_20260926_005346_067436,81,4,2026-09-26T00:53:49.664,4,left,3,4,18.5,True,
run_20260926_005346_067436,81,4,2026-09-26T00:53:49.664,5,left,4,5,18.875,True,
run_20260926_005346_067436,81,4,2026-09-26T00:53:49.664,6,left,5,6,19.0,True,
run_20260926_005346_067436,81,4,2026-09-26T00:53:49.664,7,left,6,7,18.785714285714278,True,
run_20260926_005346_067436,81,4,2026-09-26T00:53:49.664,8,left,7,8,18.964285714285722,True,
run_20260926_005346_067436,81,4,2026-09-26T00:53:49.664,9,left,8,9,18.125,True,
run_20260926_005346_067436,81,4,2026-09-26T00:53:49.664,10,left,9,10,18.84722222222223,True,
run_20260926_005346_067436,81,4,2026-09-26T00:53:49.664,11,left,10,11,18.27777777777777,True,
run_20260926_005346_067436,81,4,2026-09-26T00:53:49.664,12,left,11,12,,False,missing_tick_for_gap
run_20260926_005346_067436,81,4,2026-09-26T00:53:49.664,1,right,0,1,18.5,True,
run_20260926_005346_067436,81,4,2026-09-26T00:53:49.664,2,right,1,2,19.0,True,
run_20260926_005346_067436,81,4,2026-09-26T00:53:49.664,3,right,2,3,19.0,True,
run_20260926_005346_067436,81,4,2026-09-26T00:53:49.664,4,right,3,4,19.0,True,
run_20260926_005346_067436,81,4,2026-09-26T00:53:49.664,5,right,4,5,18.5,True,
run_20260926_005346_067436,81,4,2026-09-26T00:53:49.664,6,right,5,6,19.0,True,
run_20260926_005346_067436,81,4,2026-09-26T00:53:49.664,7,right,6,7,18.5,True,
run_20260926_005346_067436,81,4,2026-09-26T00:53:49.664,8,right,7,8,19.0,True,
run_20260926_005346_067436,81,4,2026-09-26T00:53:49.664,9,right,8,9,18.5,True,
run_20260926_005346_067436,81,4,2026-09-26T00:53:49.664,10,right,9,10,18.5,True,
run_20260926_005346_067436,81,4,2026-09-26T00:53:49.664,11,right,10,11,19.0,True,
run_20260926_005346_067436,81,4,2026-09-26T00:53:49.664,12,right,11,12,18.0,True,
run_20260926_005346_067436,111,5,2026-09-26T00:53:50.668,1,left,0,1,18.5,True,
run_20260926_005346_067436,111,5,2026-09-26T00:53:50.668,2,left,1,2,18.944444444444457,True,
run_20260926_005346_067436,111,5,2026-09-26T00:53:50.668,3,left,2,3,18.680555555555543,True,
run_20260926_005346_067436,111,5,2026-09-26T00:53:50.668,4,left,3,4,18.5,True,
run_20260926_005346_067436,111,5,2026-09-26T00:53:50.668,5,left,4,5,18.875,True,
run_20260926_005346_067436,111,5,2026-09-26T00:53:50.668,6,left,5,6,19.0,True,
run_20260926_005346_067436,111,5,2026-09-26T00:53:50.668,7,left,6,7,18.785714285714278,True,
run_20260926_005346_067436,111,5,2026-09-26T00:53:50.668,8,left,7,8,18.714285714285722,True,
run_20260926_005346_067436,111,5,2026-09-26T00:53:50.668,9,left,8,9,18.375,True,
run_20260926_005346_067436,111,5,2026-09-26T00:53:50.668,10,left,9,10,18.84722222222223,True,
run_20260926_005346_067436,111,5,2026-09-26T00:53:50.668,11,left,10,11,18.27777777777777,True,
run_20260926_005346_067436,111,5,2026-09-26T00:53:50.668,12,left,11,12,,False,missing_tick_for_gap
run_20260926_005346_067436,111,5,2026-09-26T00:53:50.668,1,right,0,1,18.5,True,
run_20260926_005346_067436,111,5,2026-09-26T00:53:50.668,2,right,1,2,19.0,True,
run_20260926_005346_067436,111,5,2026-09-26T00:53:50.668,3,right,2,3,19.0,True,
run_20260926_005346_067436,111,5,2026-09-26T00:53:50.668,4,right,3,4,19.0,True,
run_20260926_005346_067436,111,5,2026-09-26T00:53:50.668,5,right,4,5,18.5,True,
run_20260926_005346_067436,111,5,2026-09-26T00:53:50.668,6,right,5,6,19.0,True,
run_20260926_005346_067436,111,5,2026-09-26T00:53:50.668,7,right,6,7,18.5,True,
run_20260926_005346_067436,111,5,2026-09-26T00:53:50.668,8,right,7,8,19.0,True,
run_20260926_005346_067436,111,5,2026-09-26T00:53:50.668,9,right,8,9,18.5,True,
run_20260926_005346_067436,111,5,2026-09-26T00:53:50.668,10,right,9,10,18.5,True,
run_20260926_005346_067436,111,5,2026-09-26T00:53:50.668,11,right,10,11,19.0,True,
run_20260926_005346_067436,111,5,2026-09-26T00:53:50.668,12,right,11,12,18.0,True,
run_20260926_005346_067436,141,6,2026-09-26T00:53:51.691,1,left,0,1,18.5,True,
run_20260926_005346_067436,141,6,2026-09-26T00:53:51.691,2,left,1,2,18.944444444444457,True,
run_20260926_005346_067436,141,6,2026-09-26T00:53:51.691,3,left,2,3,18.680555555555543,True,
run_20260926_005346_067436,141,6,2026-09-26T00:53:51.691,4,left,3,4,18.5,True,
run_20260926_005346_067436,141,6,2026-09-26T00:53:51.691,5,left,4,5,18.875,True,
run_20260926_005346_067436,141,6,2026-09-26T00:53:51.691,6,left,5,6,19.0,True,
run_20260926_005346_067436,141,6,2026-09-26T00:53:51.691,7,left,6,7,18.785714285714278,True,
run_20260926_005346_067436,141,6,2026-09-26T00:53:51.691,8,left,7,8,18.714285714285722,True,
run_20260926_005346_067436,141,6,2026-09-26T00:53:51.691,9,left,8,9,18.375,True,
run_20260926_005346_067436,141,6,2026-09-26T00:53:51.691,10,left,9,10,18.84722222222223,True,
run_20260926_005346_067436,141,6,2026-09-26T00:53:51.691,11,left,10,11,18.27777777777777,True,
run_20260926_005346_067436,141,6,2026-09-26T00:53:51.691,12,left,11,12,,False,missing_tick_for_gap
run_20260926_005346_067436,141,6,2026-09-26T00:53:51.691,1,right,0,1,18.5,True,
run_20260926_005346_067436,141,6,2026-09-26T00:53:51.691,2,right,1,2,19.0,True,
run_20260926_005346_067436,141,6,2026-09-26T00:53:51.691,3,right,2,3,19.0,True,
run_20260926_005346_067436,141,6,2026-09-26T00:53:51.691,4,right,3,4,19.0,True,
run_20260926_005346_067436,141,6,2026-09-26T00:53:51.691,5,right,4,5,18.5,True,
run_20260926_005346_067436,141,6,2026-09-26T00:53:51.691,6,right,5,6,19.0,True,
run_20260926_005346_067436,141,6,2026-09-26T00:53:51.691,7,right,6,7,18.5,True,
run_20260926_005346_067436,141,6,2026-09-26T00:53:51.691,8,right,7,8,19.0,True,
run_20260926_005346_067436,141,6,2026-09-26T00:53:51.691,9,right,8,9,18.5,True,
run_20260926_005346_067436,141,6,2026-09-26T00:53:51.691,10,right,9,10,18.5,True,
run_20260926_005346_067436,141,6,2026-09-26T00:53:51.691,11,right,10,11,19.0,True,
run_20260926_005346_067436,141,6,2026-09-26T00:53:51.691,12,right,11,12,18.0,True,
run_20260926_005346_067436,172,7,2026-09-26T00:53:52.697,1,left,0,1,18.5,True,
run_20260926_005346_067436,172,7,2026-09-26T00:53:52.697,2,left,1,2,18.944444444444457,True,
run_20260926_005346_067436,172,7,2026-09-26T00:53:52.697,3,left,2,3,18.680555555555543,True,
run_20260926_005346_067436,172,7,2026-09-26T00:53:52.697,4,left,3,4,18.5,True,
run_20260926_005346_067436,172,7,2026-09-26T00:53:52.697,5,left,4,5,18.875,True,
run_20260926_005346_067436,172,7,2026-09-26T00:53:52.697,6,left,5,6,19.0,True,
run_20260926_005346_067436,172,7,2026-09-26T00:53:52.697,7,left,6,7,18.785714285714278,True,
run_20260926_005346_067436,172,7,2026-09-26T00:53:52.697,8,left,7,8,18.714285714285722,True,
run_20260926_005346_067436,172,7,2026-09-26T00:53:52.697,9,left,8,9,18.375,True,
run_20260926_005346_067436,172,7,2026-09-26T00:53:52.697,10,left,9,10,18.84722222222223,True,
run_20260926_005346_067436,172,7,2026-09-26T00:53:52.697,11,left,10,11,18.27777777777777,True,
run_20260926_005346_067436,172,7,2026-09-26T00:53:52.697,12,left,11,12,,False,missing_tick_for_gap
run_20260926_005346_067436,172,7,2026-09-26T00:53:52.697,1,right,0,1,18.5,True,
run_20260926_005346_067436,172,7,2026-09-26T00:53:52.697,2,right,1,2,19.0,True,
run_20260926_005346_067436,172,7,2026-09-26T00:53:52.697,3,right,2,3,19.0,True,
run_20260926_005346_067436,172,7,2026-09-26T00:53:52.697,4,right,3,4,19.0,True,
run_20260926_005346_067436,172,7,2026-09-26T00:53:52.697,5,right,4,5,18.5,True,
run_20260926_005346_067436,172,7,2026-09-26T00:53:52.697,6,right,5,6,19.0,True,
run_20260926_005346_067436,172,7,2026-09-26T00:53:52.697,7,right,6,7,18.5,True,
run_20260926_005346_067436,172,7,2026-09-26T00:53:52.697,8,right,7,8,19.0,True,
run_20260926_005346_067436,172,7,2026-09-26T00:53:52.697,9,right,8,9,18.5,True,
run_20260926_005346_067436,172,7,2026-09-26T00:53:52.697,10,right,9,10,18.5,True,
run_20260926_005346_067436,172,7,2026-09-26T00:53:52.697,11,right,10,11,19.0,True,
run_20260926_005346_067436,172,7,2026-09-26T00:53:52.697,12,right,11,12,18.0,True,
run_20260926_005346_067436,202,8,2026-09-26T00:53:53.699,1,left,0,1,18.5,True,
run_20260926_005346_067436,202,8,2026-09-26T00:53:53.699,2,left,1,2,18.944444444444457,True,
run_20260926_005346_067436,202,8,2026-09-26T00:53:53.699,3,left,2,3,18.680555555555543,True,
run_20260926_005346_067436,202,8,2026-09-26T00:53:53.699,4,left,3,4,18.5,True,
run_20260926_005346_067436,202,8,2026-09-26T00:53:53.699,5,left,4,5,18.875,True,
run_20260926_005346_067436,202,8,2026-09-26T00:53:53.699,6,left,5,6,19.0,True,
run_20260926_005346_067436,202,8,2026-09-26T00:53:53.699,7,left,6,7,18.785714285714278,True,
run_20260926_005346_067436,202,8,2026-09-26T00:53:53.699,8,left,7,8,18.714285714285722,True,
run_20260926_005346_067436,202,8,2026-09-26T00:53:53.699,9,left,8,9,18.375,True,
run_20260926_005346_067436,202,8,2026-09-26T00:53:53.699,10,left,9,10,18.84722222222223,True,
run_20260926_005346_067436,202,8,2026-09-26T00:53:53.699,11,left,10,11,18.27777777777777,True,
run_20260926_005346_067436,202,8,2026-09-26T00:53:53.699,12,left,11,12,,False,missing_tick_for_gap
run_20260926_005346_067436,202,8,2026-09-26T00:53:53.699,1,right,0,1,18.5,True,
run_20260926_005346_067436,202,8,2026-09-26T00:53:53.699,2,right,1,2,19.0,True,
run_20260926_005346_067436,202,8,2026-09-26T00:53:53.699,3,right,2,3,19.0,True,
run_20260926_005346_067436,202,8,2026-09-26T00:53:53.699,4,right,3,4,19.0,True,
run_20260926_005346_067436,202,8,2026-09-26T00:53:53.699,5,right,4,5,18.5,True,
run_20260926_005346_067436,202,8,2026-09-26T00:53:53.699,6,right,5,6,19.0,True,
run_20260926_005346_067436,202,8,2026-09-26T00:53:53.699,7,right,6,7,18.5,True,
run_20260926_005346_067436,202,8,2026-09-26T00:53:53.699,8,right,7,8,19.0,True,
run_20260926_005346_067436,202,8,2026-09-26T00:53:53.699,9,right,8,9,18.5,True,
run_20260926_005346_067436,202,8,2026-09-26T00:53:53.699,10,right,9,10,18.5,True,
run_20260926_005346_067436,202,8,2026-09-26T00:53:53.699,11,right,10,11,19.0,True,
run_20260926_005346_067436,202,8,2026-09-26T00:53:53.699,12,right,11,12,18.0,True,
run_20260926_005346_067436,230,9,2026-09-26T00:53:54.716,1,left,0,1,18.5,True,
run_20260926_005346_067436,230,9,2026-09-26T00:53:54.716,2,left,1,2,18.944444444444457,True,
run_20260926_005346_067436,230,9,2026-09-26T00:53:54.716,3,left,2,3,18.680555555555543,True,
run_20260926_005346_067436,230,9,2026-09-26T00:53:54.716,4,left,3,4,18.5,True,
run_20260926_005346_067436,230,9,2026-09-26T00:53:54.716,5,left,4,5,18.875,True,
run_20260926_005346_067436,230,9,2026-09-26T00:53:54.716,6,left,5,6,19.0,True,
run_20260926_005346_067436,230,9,2026-09-26T00:53:54.716,7,left,6,7,18.785714285714278,True,
run_20260926_005346_067436,230,9,2026-09-26T00:53:54.716,8,left,7,8,18.714285714285722,True,
run_20260926_005346_067436,230,9,2026-09-26T00:53:54.716,9,left,8,9,18.375,True,
run_20260926_005346_067436,230,9,2026-09-26T00:53:54.716,10,left,9,10,18.84722222222223,True,
run_20260926_005346_067436,230,9,2026-09-26T00:53:54.716,11,left,10,11,18.27777777777777,True,
run_20260926_005346_067436,230,9,2026-09-26T00:53:54.716,12,left,11,12,,False,missing_tick_for_gap
run_20260926_005346_067436,230,9,2026-09-26T00:53:54.716,1,right,0,1,18.5,True,
run_20260926_005346_067436,230,9,2026-09-26T00:53:54.716,2,right,1,2,19.0,True,
run_20260926_005346_067436,230,9,2026-09-26T00:53:54.716,3,right,2,3,19.0,True,
run_20260926_005346_067436,230,9,2026-09-26T00:53:54.716,4,right,3,4,19.0,True,
run_20260926_005346_067436,230,9,2026-09-26T00:53:54.716,5,right,4,5,18.5,True,
run_20260926_005346_067436,230,9,2026-09-26T00:53:54.716,6,right,5,6,19.0,True,
run_20260926_005346_067436,230,9,2026-09-26T00:53:54.716,7,right,6,7,18.5,True,
run_20260926_005346_067436,230,9,2026-09-26T00:53:54.716,8,right,7,8,19.0,True,
run_20260926_005346_067436,230,9,2026-09-26T00:53:54.716,9,right,8,9,18.5,True,
run_20260926_005346_067436,230,9,2026-09-26T00:53:54.716,10,right,9,10,18.5,True,
run_20260926_005346_067436,230,9,2026-09-26T00:53:54.716,11,right,10,11,19.0,True,
run_20260926_005346_067436,230,9,2026-09-26T00:53:54.716,12,right,11,12,18.0,True,
run_20260926_005346_067436,260,10,2026-09-26T00:53:55.730,1,left,0,1,18.5,True,
run_20260926_005346_067436,260,10,2026-09-26T00:53:55.730,2,left,1,2,18.944444444444457,True,
run_20260926_005346_067436,260,10,2026-09-26T00:53:55.730,3,left,2,3,18.680555555555543,True,
run_20260926_005346_067436,260,10,2026-09-26T00:53:55.730,4,left,3,4,18.5,True,
run_20260926_005346_067436,260,10,2026-09-26T00:53:55.730,5,left,4,5,18.875,True,
run_20260926_005346_067436,260,10,2026-09-26T00:53:55.730,6,left,5,6,19.0,True,
run_20260926_005346_067436,260,10,2026-09-26T00:53:55.730,7,left,6,7,18.785714285714278,True,
run_20260926_005346_067436,260,10,2026-09-26T00:53:55.730,8,left,7,8,18.714285714285722,True,
run_20260926_005346_067436,260,10,2026-09-26T00:53:55.730,9,left,8,9,18.375,True,
run_20260926_005346_067436,260,10,2026-09-26T00:53:55.730,10,left,9,10,18.84722222222223,True,
run_20260926_005346_067436,260,10,2026-09-26T00:53:55.730,11,left,10,11,18.27777777777777,True,
run_20260926_005346_067436,260,10,2026-09-26T00:53:55.730,12,left,11,12,,False,missing_tick_for_gap
run_20260926_005346_067436,260,10,2026-09-26T00:53:55.730,1,right,0,1,18.5,True,
run_20260926_005346_067436,260,10,2026-09-26T00:53:55.730,2,right,1,2,19.0,True,
run_20260926_005346_067436,260,10,2026-09-26T00:53:55.730,3,right,2,3,19.0,True,
run_20260926_005346_067436,260,10,2026-09-26T00:53:55.730,4,right,3,4,19.0,True,
run_20260926_005346_067436,260,10,2026-09-26T00:53:55.730,5,right,4,5,18.5,True,
run_20260926_005346_067436,260,10,2026-09-26T00:53:55.730,6,right,5,6,19.0,True,
run_20260926_005346_067436,260,10,2026-09-26T00:53:55.730,7,right,6,7,18.5,True,
run_20260926_005346_067436,260,10,2026-09-26T00:53:55.730,8,right,7,8,19.0,True,
run_20260926_005346_067436,260,10,2026-09-26T00:53:55.730,9,right,8,9,18.5,True,
run_20260926_005346_067436,260,10,2026-09-26T00:53:55.730,10,right,9,10,18.5,True,
run_20260926_005346_067436,260,10,2026-09-26T00:53:55.730,11,right,10,11,19.0,True,
run_20260926_005346_067436,260,10,2026-09-26T00:53:55.730,12,right,11,12,18.0,True,
run_20260926_005346_067436,290,11,2026-09-26T00:53:56.753,1,left,0,1,18.5,True,
run_20260926_005346_067436,290,11,2026-09-26T00:53:56.753,2,left,1,2,18.944444444444457,True,
run_20260926_005346_067436,290,11,2026-09-26T00:53:56.753,3,left,2,3,18.680555555555543,True,
run_20260926_005346_067436,290,11,2026-09-26T00:53:56.753,4,left,3,4,18.5,True,
run_20260926_005346_067436,290,11,2026-09-26T00:53:56.753,5,left,4,5,18.875,True,
run_20260926_005346_067436,290,11,2026-09-26T00:53:56.753,6,left,5,6,19.0,True,
run_20260926_005346_067436,290,11,2026-09-26T00:53:56.753,7,left,6,7,18.785714285714278,True,
run_20260926_005346_067436,290,11,2026-09-26T00:53:56.753,8,left,7,8,18.714285714285722,True,
run_20260926_005346_067436,290,11,2026-09-26T00:53:56.753,9,left,8,9,18.375,True,
run_20260926_005346_067436,290,11,2026-09-26T00:53:56.753,10,left,9,10,18.84722222222223,True,
run_20260926_005346_067436,290,11,2026-09-26T00:53:56.753,11,left,10,11,18.27777777777777,True,
run_20260926_005346_067436,290,11,2026-09-26T00:53:56.753,12,left,11,12,,False,missing_tick_for_gap
run_20260926_005346_067436,290,11,2026-09-26T00:53:56.753,1,right,0,1,18.5,True,
run_20260926_005346_067436,290,11,2026-09-26T00:53:56.753,2,right,1,2,19.0,True,
run_20260926_005346_067436,290,11,2026-09-26T00:53:56.753,3,right,2,3,19.0,True,
run_20260926_005346_067436,290,11,2026-09-26T00:53:56.753,4,right,3,4,19.0,True,
run_20260926_005346_067436,290,11,2026-09-26T00:53:56.753,5,right,4,5,18.5,True,
run_20260926_005346_067436,290,11,2026-09-26T00:53:56.753,6,right,5,6,19.0,True,
run_20260926_005346_067436,290,11,2026-09-26T00:53:56.753,7,right,6,7,18.5,True,
run_20260926_005346_067436,290,11,2026-09-26T00:53:56.753,8,right,7,8,19.0,True,
run_20260926_005346_067436,290,11,2026-09-26T00:53:56.753,9,right,8,9,18.5,True,
run_20260926_005346_067436,290,11,2026-09-26T00:53:56.753,10,right,9,10,18.5,True,
run_20260926_005346_067436,290,11,2026-09-26T00:53:56.753,11,right,10,11,19.0,True,
run_20260926_005346_067436,290,11,2026-09-26T00:53:56.753,12,right,11,12,18.0,True,
run_20260926_005346_067436,321,12,2026-09-26T00:53:57.767,1,left,0,1,18.5,True,
run_20260926_005346_067436,321,12,2026-09-26T00:53:57.767,2,left,1,2,18.944444444444457,True,
run_20260926_005346_067436,321,12,2026-09-26T00:53:57.767,3,left,2,3,18.680555555555543,True,
run_20260926_005346_067436,321,12,2026-09-26T00:53:57.767,4,left,3,4,18.5,True,
run_20260926_005346_067436,321,12,2026-09-26T00:53:57.767,5,left,4,5,18.875,True,
run_20260926_005346_067436,321,12,2026-09-26T00:53:57.767,6,left,5,6,19.0,True,
run_20260926_005346_067436,321,12,2026-09-26T00:53:57.767,7,left,6,7,18.785714285714278,True,
run_20260926_005346_067436,321,12,2026-09-26T00:53:57.767,8,left,7,8,18.714285714285722,True,
run_20260926_005346_067436,321,12,2026-09-26T00:53:57.767,9,left,8,9,18.375,True,
run_20260926_005346_067436,321,12,2026-09-26T00:53:57.767,10,left,9,10,18.84722222222223,True,
run_20260926_005346_067436,321,12,2026-09-26T00:53:57.767,11,left,10,11,18.27777777777777,True,
run_20260926_005346_067436,321,12,2026-09-26T00:53:57.767,12,left,11,12,,False,missing_tick_for_gap
run_20260926_005346_067436,321,12,2026-09-26T00:53:57.767,1,right,0,1,18.5,True,
run_20260926_005346_067436,321,12,2026-09-26T00:53:57.767,2,right,1,2,19.0,True,
run_20260926_005346_067436,321,12,2026-09-26T00:53:57.767,3,right,2,3,19.0,True,
run_20260926_005346_067436,321,12,2026-09-26T00:53:57.767,4,right,3,4,19.0,True,
run_20260926_005346_067436,321,12,2026-09-26T00:53:57.767,5,right,4,5,18.5,True,
run_20260926_005346_067436,321,12,2026-09-26T00:53:57.767,6,right,5,6,19.0,True,
run_20260926_005346_067436,321,12,2026-09-26T00:53:57.767,7,right,6,7,18.5,True,
run_20260926_005346_067436,321,12,2026-09-26T00:53:57.767,8,right,7,8,19.0,True,
run_20260926_005346_067436,321,12,2026-09-26T00:53:57.767,9,right,8,9,18.5,True,
run_20260926_005346_067436,321,12,2026-09-26T00:53:57.767,10,right,9,10,18.5,True,
run_20260926_005346_067436,321,12,2026-09-26T00:53:57.767,11,right,10,11,19.0,True,
run_20260926_005346_067436,321,12,2026-09-26T00:53:57.767,12,right,11,12,18.0,True,
run_20260926_005346_067436,351,13,2026-09-26T00:53:58.786,1,left,0,1,18.5,True,
run_20260926_005346_067436,351,13,2026-09-26T00:53:58.786,2,left,1,2,18.944444444444457,True,
run_20260926_005346_067436,351,13,2026-09-26T00:53:58.786,3,left,2,3,18.680555555555543,True,
run_20260926_005346_067436,351,13,2026-09-26T00:53:58.786,4,left,3,4,18.5,True,
run_20260926_005346_067436,351,13,2026-09-26T00:53:58.786,5,left,4,5,18.875,True,
run_20260926_005346_067436,351,13,2026-09-26T00:53:58.786,6,left,5,6,19.0,True,
run_20260926_005346_067436,351,13,2026-09-26T00:53:58.786,7,left,6,7,18.785714285714278,True,
run_20260926_005346_067436,351,13,2026-09-26T00:53:58.786,8,left,7,8,18.714285714285722,True,
run_20260926_005346_067436,351,13,2026-09-26T00:53:58.786,9,left,8,9,18.375,True,
run_20260926_005346_067436,351,13,2026-09-26T00:53:58.786,10,left,9,10,18.84722222222223,True,
run_20260926_005346_067436,351,13,2026-09-26T00:53:58.786,11,left,10,11,18.27777777777777,True,
run_20260926_005346_067436,351,13,2026-09-26T00:53:58.786,12,left,11,12,,False,missing_tick_for_gap
run_20260926_005346_067436,351,13,2026-09-26T00:53:58.786,1,right,0,1,18.5,True,
run_20260926_005346_067436,351,13,2026-09-26T00:53:58.786,2,right,1,2,19.0,True,
run_20260926_005346_067436,351,13,2026-09-26T00:53:58.786,3,right,2,3,19.0,True,
run_20260926_005346_067436,351,13,2026-09-26T00:53:58.786,4,right,3,4,19.0,True,
run_20260926_005346_067436,351,13,2026-09-26T00:53:58.786,5,right,4,5,18.5,True,
run_20260926_005346_067436,351,13,2026-09-26T00:53:58.786,6,right,5,6,19.0,True,
run_20260926_005346_067436,351,13,2026-09-26T00:53:58.786,7,right,6,7,18.5,True,
run_20260926_005346_067436,351,13,2026-09-26T00:53:58.786,8,right,7,8,19.0,True,
run_20260926_005346_067436,351,13,2026-09-26T00:53:58.786,9,right,8,9,18.5,True,
run_20260926_005346_067436,351,13,2026-09-26T00:53:58.786,10,right,9,10,18.5,True,
run_20260926_005346_067436,351,13,2026-09-26T00:53:58.786,11,right,10,11,19.0,True,
run_20260926_005346_067436,351,13,2026-09-26T00:53:58.786,12,right,11,12,18.0,True,
run_20260926_005346_067436,382,14,2026-09-26T00:53:59.801,1,left,0,1,18.5,True,
run_20260926_005346_067436,382,14,2026-09-26T00:53:59.801,2,left,1,2,18.944444444444457,True,
run_20260926_005346_067436,382,14,2026-09-26T00:53:59.801,3,left,2,3,18.680555555555543,True,
run_20260926_005346_067436,382,14,2026-09-26T00:53:59.801,4,left,3,4,18.5,True,
run_20260926_005346_067436,382,14,2026-09-26T00:53:59.801,5,left,4,5,18.875,True,
run_20260926_005346_067436,382,14,2026-09-26T00:53:59.801,6,left,5,6,19.0,True,
run_20260926_005346_067436,382,14,2026-09-26T00:53:59.801,7,left,6,7,18.785714285714278,True,
run_20260926_005346_067436,382,14,2026-09-26T00:53:59.801,8,left,7,8,18.714285714285722,True,
run_20260926_005346_067436,382,14,2026-09-26T00:53:59.801,9,left,8,9,18.375,True,
run_20260926_005346_067436,382,14,2026-09-26T00:53:59.801,10,left,9,10,18.84722222222223,True,
run_20260926_005346_067436,382,14,2026-09-26T00:53:59.801,11,left,10,11,18.27777777777777,True,
run_20260926_005346_067436,382,14,2026-09-26T00:53:59.801,12,left,11,12,,False,missing_tick_for_gap
run_20260926_005346_067436,382,14,2026-09-26T00:53:59.801,1,right,0,1,18.5,True,
run_20260926_005346_067436,382,14,2026-09-26T00:53:59.801,2,right,1,2,19.0,True,
run_20260926_005346_067436,382,14,2026-09-26T00:53:59.801,3,right,2,3,19.0,True,
run_20260926_005346_067436,382,14,2026-09-26T00:53:59.801,4,right,3,4,19.0,True,
run_20260926_005346_067436,382,14,2026-09-26T00:53:59.801,5,right,4,5,18.5,True,
run_20260926_005346_067436,382,14,2026-09-26T00:53:59.801,6,right,5,6,19.0,True,
run_20260926_005346_067436,382,14,2026-09-26T00:53:59.801,7,right,6,7,18.5,True,
run_20260926_005346_067436,382,14,2026-09-26T00:53:59.801,8,right,7,8,19.0,True,
run_20260926_005346_067436,382,14,2026-09-26T00:53:59.801,9,right,8,9,18.5,True,
run_20260926_005346_067436,382,14,2026-09-26T00:53:59.801,10,right,9,10,18.5,True,
run_20260926_005346_067436,382,14,2026-09-26T00:53:59.801,11,right,10,11,19.0,True,
run_20260926_005346_067436,382,14,2026-09-26T00:53:59.801,12,right,11,12,18.0,True,
run_20260926_005346_067436,413,15,2026-09-26T00:54:00.831,1,left,0,1,18.5,True,
run_20260926_005346_067436,413,15,2026-09-26T00:54:00.831,2,left,1,2,18.944444444444457,True,
run_20260926_005346_067436,413,15,2026-09-26T00:54:00.831,3,left,2,3,18.680555555555543,True,
run_20260926_005346_067436,413,15,2026-09-26T00:54:00.831,4,left,3,4,18.5,True,
run_20260926_005346_067436,413,15,2026-09-26T00:54:00.831,5,left,4,5,18.875,True,
run_20260926_005346_067436,413,15,2026-09-26T00:54:00.831,6,left,5,6,19.0,True,
run_20260926_005346_067436,413,15,2026-09-26T00:54:00.831,7,left,6,7,18.785714285714278,True,
run_20260926_005346_067436,413,15,2026-09-26T00:54:00.831,8,left,7,8,18.714285714285722,True,
run_20260926_005346_067436,413,15,2026-09-26T00:54:00.831,9,left,8,9,18.375,True,
run_20260926_005346_067436,413,15,2026-09-26T00:54:00.831,10,left,9,10,18.75,True,
run_20260926_005346_067436,413,15,2026-09-26T00:54:00.831,11,left,10,11,18.375,True,
run_20260926_005346_067436,413,15,2026-09-26T00:54:00.831,12,left,11,12,,False,missing_tick_for_gap
run_20260926_005346_067436,413,15,2026-09-26T00:54:00.831,1,right,0,1,18.5,True,
run_20260926_005346_067436,413,15,2026-09-26T00:54:00.831,2,right,1,2,19.0,True,
run_20260926_005346_067436,413,15,2026-09-26T00:54:00.831,3,right,2,3,19.0,True,
run_20260926_005346_067436,413,15,2026-09-26T00:54:00.831,4,right,3,4,19.0,True,
run_20260926_005346_067436,413,15,2026-09-26T00:54:00.831,5,right,4,5,18.5,True,
run_20260926_005346_067436,413,15,2026-09-26T00:54:00.831,6,right,5,6,19.0,True,
run_20260926_005346_067436,413,15,2026-09-26T00:54:00.831,7,right,6,7,18.5,True,
run_20260926_005346_067436,413,15,2026-09-26T00:54:00.831,8,right,7,8,19.0,True,
run_20260926_005346_067436,413,15,2026-09-26T00:54:00.831,9,right,8,9,18.5,True,
run_20260926_005346_067436,413,15,2026-09-26T00:54:00.831,10,right,9,10,18.5,True,
run_20260926_005346_067436,413,15,2026-09-26T00:54:00.831,11,right,10,11,19.0,True,
run_20260926_005346_067436,413,15,2026-09-26T00:54:00.831,12,right,11,12,18.0,True,
run_20260926_005346_067436,443,16,2026-09-26T00:54:01.841,1,left,0,1,18.5,True,
run_20260926_005346_067436,443,16,2026-09-26T00:54:01.841,2,left,1,2,18.944444444444457,True,
run_20260926_005346_067436,443,16,2026-09-26T00:54:01.841,3,left,2,3,18.680555555555543,True,
run_20260926_005346_067436,443,16,2026-09-26T00:54:01.841,4,left,3,4,18.5,True,
run_20260926_005346_067436,443,16,2026-09-26T00:54:01.841,5,left,4,5,18.875,True,
run_20260926_005346_067436,443,16,2026-09-26T00:54:01.841,6,left,5,6,19.0,True,
run_20260926_005346_067436,443,16,2026-09-26T00:54:01.841,7,left,6,7,18.785714285714278,True,
run_20260926_005346_067436,443,16,2026-09-26T00:54:01.841,8,left,7,8,18.714285714285722,True,
run_20260926_005346_067436,443,16,2026-09-26T00:54:01.841,9,left,8,9,18.375,True,
run_20260926_005346_067436,443,16,2026-09-26T00:54:01.841,10,left,9,10,18.84722222222223,True,
run_20260926_005346_067436,443,16,2026-09-26T00:54:01.841,11,left,10,11,18.27777777777777,True,
run_20260926_005346_067436,443,16,2026-09-26T00:54:01.841,12,left,11,12,,False,missing_tick_for_gap
run_20260926_005346_067436,443,16,2026-09-26T00:54:01.841,1,right,0,1,18.571428571428555,True,
run_20260926_005346_067436,443,16,2026-09-26T00:54:01.841,2,right,1,2,19.0,True,
run_20260926_005346_067436,443,16,2026-09-26T00:54:01.841,3,right,2,3,19.0,True,
run_20260926_005346_067436,443,16,2026-09-26T00:54:01.841,4,right,3,4,19.0,True,
run_20260926_005346_067436,443,16,2026-09-26T00:54:01.841,5,right,4,5,18.5,True,
run_20260926_005346_067436,443,16,2026-09-26T00:54:01.841,6,right,5,6,19.0,True,
run_20260926_005346_067436,443,16,2026-09-26T00:54:01.841,7,right,6,7,18.5,True,
run_20260926_005346_067436,443,16,2026-09-26T00:54:01.841,8,right,7,8,19.0,True,
run_20260926_005346_067436,443,16,2026-09-26T00:54:01.841,9,right,8,9,18.5,True,
run_20260926_005346_067436,443,16,2026-09-26T00:54:01.841,10,right,9,10,18.5,True,
run_20260926_005346_067436,443,16,2026-09-26T00:54:01.841,11,right,10,11,19.0,True,
run_20260926_005346_067436,443,16,2026-09-26T00:54:01.841,12,right,11,12,18.0,True,
run_20260926_005346_067436,474,17,2026-09-26T00:54:02.864,1,left,0,1,18.5,True,
run_20260926_005346_067436,474,17,2026-09-26T00:54:02.864,2,left,1,2,18.944444444444457,True,
run_20260926_005346_067436,474,17,2026-09-26T00:54:02.864,3,left,2,3,18.680555555555543,True,
run_20260926_005346_067436,474,17,2026-09-26T00:54:02.864,4,left,3,4,18.5,True,
run_20260926_005346_067436,474,17,2026-09-26T00:54:02.864,5,left,4,5,18.875,True,
run_20260926_005346_067436,474,17,2026-09-26T00:54:02.864,6,left,5,6,19.0,True,
run_20260926_005346_067436,474,17,2026-09-26T00:54:02.864,7,left,6,7,18.785714285714278,True,
run_20260926_005346_067436,474,17,2026-09-26T00:54:02.864,8,left,7,8,18.714285714285722,True,
run_20260926_005346_067436,474,17,2026-09-26T00:54:02.864,9,left,8,9,18.375,True,
run_20260926_005346_067436,474,17,2026-09-26T00:54:02.864,10,left,9,10,18.84722222222223,True,
run_20260926_005346_067436,474,17,2026-09-26T00:54:02.864,11,left,10,11,18.27777777777777,True,
run_20260926_005346_067436,474,17,2026-09-26T00:54:02.864,12,left,11,12,,False,missing_tick_for_gap
run_20260926_005346_067436,474,17,2026-09-26T00:54:02.864,1,right,0,1,18.571428571428555,True,
run_20260926_005346_067436,474,17,2026-09-26T00:54:02.864,2,right,1,2,19.0,True,
run_20260926_005346_067436,474,17,2026-09-26T00:54:02.864,3,right,2,3,19.0,True,
run_20260926_005346_067436,474,17,2026-09-26T00:54:02.864,4,right,3,4,19.0,True,
run_20260926_005346_067436,474,17,2026-09-26T00:54:02.864,5,right,4,5,18.5,True,
run_20260926_005346_067436,474,17,2026-09-26T00:54:02.864,6,right,5,6,19.0,True,
run_20260926_005346_067436,474,17,2026-09-26T00:54:02.864,7,right,6,7,18.5,True,
run_20260926_005346_067436,474,17,2026-09-26T00:54:02.864,8,right,7,8,19.0,True,
run_20260926_005346_067436,474,17,2026-09-26T00:54:02.864,9,right,8,9,18.5,True,
run_20260926_005346_067436,474,17,2026-09-26T00:54:02.864,10,right,9,10,18.5,True,
run_20260926_005346_067436,474,17,2026-09-26T00:54:02.864,11,right,10,11,19.0,True,
run_20260926_005346_067436,474,17,2026-09-26T00:54:02.864,12,right,11,12,18.0,True,
run_20260926_005346_067436,504,18,2026-09-26T00:54:03.868,1,left,0,1,18.5,True,
run_20260926_005346_067436,504,18,2026-09-26T00:54:03.868,2,left,1,2,18.944444444444457,True,
run_20260926_005346_067436,504,18,2026-09-26T00:54:03.868,3,left,2,3,18.680555555555543,True,
run_20260926_005346_067436,504,18,2026-09-26T00:54:03.868,4,left,3,4,18.5,True,
run_20260926_005346_067436,504,18,2026-09-26T00:54:03.868,5,left,4,5,18.875,True,
run_20260926_005346_067436,504,18,2026-09-26T00:54:03.868,6,left,5,6,19.0,True,
run_20260926_005346_067436,504,18,2026-09-26T00:54:03.868,7,left,6,7,18.785714285714278,True,
run_20260926_005346_067436,504,18,2026-09-26T00:54:03.868,8,left,7,8,18.714285714285722,True,
run_20260926_005346_067436,504,18,2026-09-26T00:54:03.868,9,left,8,9,18.375,True,
run_20260926_005346_067436,504,18,2026-09-26T00:54:03.868,10,left,9,10,18.75,True,
run_20260926_005346_067436,504,18,2026-09-26T00:54:03.868,11,left,10,11,18.375,True,
run_20260926_005346_067436,504,18,2026-09-26T00:54:03.868,12,left,11,12,,False,missing_tick_for_gap
run_20260926_005346_067436,504,18,2026-09-26T00:54:03.868,1,right,0,1,18.5,True,
run_20260926_005346_067436,504,18,2026-09-26T00:54:03.868,2,right,1,2,19.0,True,
run_20260926_005346_067436,504,18,2026-09-26T00:54:03.868,3,right,2,3,19.0,True,
run_20260926_005346_067436,504,18,2026-09-26T00:54:03.868,4,right,3,4,19.0,True,
run_20260926_005346_067436,504,18,2026-09-26T00:54:03.868,5,right,4,5,18.5,True,
run_20260926_005346_067436,504,18,2026-09-26T00:54:03.868,6,right,5,6,19.0,True,
run_20260926_005346_067436,504,18,2026-09-26T00:54:03.868,7,right,6,7,18.5,True,
run_20260926_005346_067436,504,18,2026-09-26T00:54:03.868,8,right,7,8,19.0,True,
run_20260926_005346_067436,504,18,2026-09-26T00:54:03.868,9,right,8,9,18.5,True,
run_20260926_005346_067436,504,18,2026-09-26T00:54:03.868,10,right,9,10,18.5,True,
run_20260926_005346_067436,504,18,2026-09-26T00:54:03.868,11,right,10,11,19.0,True,
run_20260926_005346_067436,504,18,2026-09-26T00:54:03.868,12,right,11,12,18.0,True,
run_20260926_005346_067436,534,19,2026-09-26T00:54:04.899,1,left,0,1,18.5,True,
run_20260926_005346_067436,534,19,2026-09-26T00:54:04.899,2,left,1,2,18.555555555555543,True,
run_20260926_005346_067436,534,19,2026-09-26T00:54:04.899,3,left,2,3,18.888888888888914,True,
run_20260926_005346_067436,534,19,2026-09-26T00:54:04.899,4,left,3,4,18.930555555555543,True,
run_20260926_005346_067436,534,19,2026-09-26T00:54:04.899,5,left,4,5,18.375,True,
run_20260926_005346_067436,534,19,2026-09-26T00:54:04.899,6,left,5,6,19.02777777777777,True,
run_20260926_005346_067436,534,19,2026-09-26T00:54:04.899,7,left,6,7,18.72222222222223,True,
run_20260926_005346_067436,534,19,2026-09-26T00:54:04.899,8,left,7,8,18.785714285714278,True,
run_20260926_005346_067436,534,19,2026-09-26T00:54:04.899,9,left,8,9,18.714285714285722,True,
run_20260926_005346_067436,534,19,2026-09-26T00:54:04.899,10,left,9,10,18.5,True,
run_20260926_005346_067436,534,19,2026-09-26T00:54:04.899,11,left,10,11,18.214285714285708,True,
run_20260926_005346_067436,534,19,2026-09-26T00:54:04.899,12,left,11,12,18.785714285714292,True,
run_20260926_005346_067436,534,19,2026-09-26T00:54:04.899,1,right,0,1,18.5,True,
run_20260926_005346_067436,534,19,2026-09-26T00:54:04.899,2,right,1,2,19.0,True,
run_20260926_005346_067436,534,19,2026-09-26T00:54:04.899,3,right,2,3,18.5,True,
run_20260926_005346_067436,534,19,2026-09-26T00:54:04.899,4,right,3,4,19.0,True,
run_20260926_005346_067436,534,19,2026-09-26T00:54:04.899,5,right,4,5,19.0,True,
run_20260926_005346_067436,534,19,2026-09-26T00:54:04.899,6,right,5,6,18.75,True,
run_20260926_005346_067436,534,19,2026-09-26T00:54:04.899,7,right,6,7,18.75,True,
run_20260926_005346_067436,534,19,2026-09-26T00:54:04.899,8,right,7,8,19.0,True,
run_20260926_005346_067436,534,19,2026-09-26T00:54:04.899,9,right,8,9,18.5,True,
run_20260926_005346_067436,534,19,2026-09-26T00:54:04.899,10,right,9,10,19.0,True,
run_20260926_005346_067436,534,19,2026-09-26T00:54:04.899,11,right,10,11,18.25,True,
run_20260926_005346_067436,534,19,2026-09-26T00:54:04.899,12,right,11,12,18.25,True,
run_20260926_005346_067436,563,20,2026-09-26T00:54:05.900,1,left,0,1,18.5,True,
run_20260926_005346_067436,563,20,2026-09-26T00:54:05.900,2,left,1,2,18.555555555555543,True,
run_20260926_005346_067436,563,20,2026-09-26T00:54:05.900,3,left,2,3,18.944444444444457,True,
run_20260926_005346_067436,563,20,2026-09-26T00:54:05.900,4,left,3,4,18.875,True,
run_20260926_005346_067436,563,20,2026-09-26T00:54:05.900,5,left,4,5,18.625,True,
run_20260926_005346_067436,563,20,2026-09-26T00:54:05.900,6,left,5,6,18.900000000000006,True,
run_20260926_005346_067436,563,20,2026-09-26T00:54:05.900,7,left,6,7,18.599999999999994,True,
run_20260926_005346_067436,563,20,2026-09-26T00:54:05.900,8,left,7,8,18.875,True,
run_20260926_005346_067436,563,20,2026-09-26T00:54:05.900,9,left,8,9,18.875,True,
run_20260926_005346_067436,563,20,2026-09-26T00:54:05.900,10,left,9,10,18.25,True,
run_20260926_005346_067436,563,20,2026-09-26T00:54:05.900,11,left,10,11,18.5,True,
run_20260926_005346_067436,563,20,2026-09-26T00:54:05.900,12,left,11,12,18.5,True,
run_20260926_005346_067436,563,20,2026-09-26T00:54:05.900,1,right,0,1,18.653846153846132,True,
run_20260926_005346_067436,563,20,2026-09-26T00:54:05.900,2,right,1,2,19.0,True,
run_20260926_005346_067436,563,20,2026-09-26T00:54:05.900,3,right,2,3,18.5,True,
run_20260926_005346_067436,563,20,2026-09-26T00:54:05.900,4,right,3,4,19.0,True,
run_20260926_005346_067436,563,20,2026-09-26T00:54:05.900,5,right,4,5,18.928571428571445,True,
run_20260926_005346_067436,563,20,2026-09-26T00:54:05.900,6,right,5,6,18.571428571428555,True,
run_20260926_005346_067436,563,20,2026-09-26T00:54:05.900,7,right,6,7,19.0,True,
run_20260926_005346_067436,563,20,2026-09-26T00:54:05.900,8,right,7,8,18.5,True,
run_20260926_005346_067436,563,20,2026-09-26T00:54:05.900,9,right,8,9,19.0,True,
run_20260926_005346_067436,563,20,2026-09-26T00:54:05.900,10,right,9,10,18.5,True,
run_20260926_005346_067436,563,20,2026-09-26T00:54:05.900,11,right,10,11,18.863636363636374,True,
run_20260926_005346_067436,563,20,2026-09-26T00:54:05.900,12,right,11,12,18.136363636363626,True,
run_20260926_005346_067436,592,21,2026-09-26T00:54:06.914,1,left,0,1,18.875,True,
run_20260926_005346_067436,592,21,2026-09-26T00:54:06.914,2,left,1,2,18.625,True,
run_20260926_005346_067436,592,21,2026-09-26T00:54:06.914,3,left,2,3,18.375,True,
run_20260926_005346_067436,592,21,2026-09-26T00:54:06.914,4,left,3,4,19.0,True,
run_20260926_005346_067436,592,21,2026-09-26T00:54:06.914,5,left,4,5,19.0,True,
run_20260926_005346_067436,592,21,2026-09-26T00:54:06.914,6,left,5,6,18.785714285714278,True,
run_20260926_005346_067436,592,21,2026-09-26T00:54:06.914,7,left,6,7,18.547619047619065,True,
run_20260926_005346_067436,592,21,2026-09-26T00:54:06.914,8,left,7,8,18.791666666666657,True,
run_20260926_005346_067436,592,21,2026-09-26T00:54:06.914,9,left,8,9,18.875,True,
run_20260926_005346_067436,592,21,2026-09-26T00:54:06.914,10,left,9,10,18.214285714285708,True,
run_20260926_005346_067436,592,21,2026-09-26T00:54:06.914,11,left,10,11,18.64935064935065,True,
run_20260926_005346_067436,592,21,2026-09-26T00:54:06.914,12,left,11,12,18.56493506493507,True,
run_20260926_005346_067436,592,21,2026-09-26T00:54:06.914,1,right,0,1,18.5,True,
run_20260926_005346_067436,592,21,2026-09-26T00:54:06.914,2,right,1,2,18.75,True,
run_20260926_005346_067436,592,21,2026-09-26T00:54:06.914,3,right,2,3,18.75,True,
run_20260926_005346_067436,592,21,2026-09-26T00:54:06.914,4,right,3,4,19.0,True,
run_20260926_005346_067436,592,21,2026-09-26T00:54:06.914,5,right,4,5,19.0,True,
run_20260926_005346_067436,592,21,2026-09-26T00:54:06.914,6,right,5,6,18.65384615384619,True,
run_20260926_005346_067436,592,21,2026-09-26T00:54:06.914,7,right,6,7,18.84615384615381,True,
run_20260926_005346_067436,592,21,2026-09-26T00:54:06.914,8,right,7,8,19.0,True,
run_20260926_005346_067436,592,21,2026-09-26T00:54:06.914,9,right,8,9,18.5,True,
run_20260926_005346_067436,592,21,2026-09-26T00:54:06.914,10,right,9,10,18.5,True,
run_20260926_005346_067436,592,21,2026-09-26T00:54:06.914,11,right,10,11,18.5,True,
run_20260926_005346_067436,592,21,2026-09-26T00:54:06.914,12,right,11,12,18.5,True,
run_20260926_005346_067436,623,22,2026-09-26T00:54:07.930,1,left,0,1,18.111111111111086,True,
run_20260926_005346_067436,623,22,2026-09-26T00:54:07.930,2,left,1,2,18.888888888888914,True,
run_20260926_005346_067436,623,22,2026-09-26T00:54:07.930,3,left,2,3,18.930555555555543,True,
run_20260926_005346_067436,623,22,2026-09-26T00:54:07.930,4,left,3,4,18.339285714285722,True,
run_20260926_005346_067436,623,22,2026-09-26T00:54:07.930,5,left,4,5,18.785714285714278,True,
run_20260926_005346_067436,623,22,2026-09-26T00:54:07.930,6,left,5,6,19.0,True,
run_20260926_005346_067436,623,22,2026-09-26T00:54:07.930,7,left,6,7,18.785714285714278,True,
run_20260926_005346_067436,623,22,2026-09-26T00:54:07.930,8,left,7,8,18.88095238095238,True,
run_20260926_005346_067436,623,22,2026-09-26T00:54:07.930,9,left,8,9,18.433333333333337,True,
run_20260926_005346_067436,623,22,2026-09-26T00:54:07.930,10,left,9,10,18.685714285714297,True,
run_20260926_005346_067436,623,22,2026-09-26T00:54:07.930,11,left,10,11,18.339285714285708,True,
run_20260926_005346_067436,623,22,2026-09-26T00:54:07.930,12,left,11,12,18.625,True,
run_20260926_005346_067436,623,22,2026-09-26T00:54:07.930,1,right,0,1,18.636363636363626,True,
run_20260926_005346_067436,623,22,2026-09-26T00:54:07.930,2,right,1,2,18.863636363636374,True,
run_20260926_005346_067436,623,22,2026-09-26T00:54:07.930,3,right,2,3,19.0,True,
run_20260926_005346_067436,623,22,2026-09-26T00:54:07.930,4,right,3,4,18.5,True,
run_20260926_005346_067436,623,22,2026-09-26T00:54:07.930,5,right,4,5,19.0,True,
run_20260926_005346_067436,623,22,2026-09-26T00:54:07.930,6,right,5,6,19.0,True,
run_20260926_005346_067436,623,22,2026-09-26T00:54:07.930,7,right,6,7,18.5,True,
run_20260926_005346_067436,623,22,2026-09-26T00:54:07.930,8,right,7,8,19.0,True,
run_20260926_005346_067436,623,22,2026-09-26T00:54:07.930,9,right,8,9,19.0,True,
run_20260926_005346_067436,623,22,2026-09-26T00:54:07.930,10,right,9,10,18.5,True,
run_20260926_005346_067436,623,22,2026-09-26T00:54:07.930,11,right,10,11,18.5,True,
run_20260926_005346_067436,623,22,2026-09-26T00:54:07.930,12,right,11,12,18.5,True,
run_20260926_005346_067436,653,23,2026-09-26T00:54:08.935,1,left,0,1,18.930555555555543,True,
run_20260926_005346_067436,653,23,2026-09-26T00:54:08.935,2,left,1,2,18.819444444444457,True,
run_20260926_005346_067436,653,23,2026-09-26T00:54:08.935,3,left,2,3,18.625,True,
run_20260926_005346_067436,653,23,2026-09-26T00:54:08.935,4,left,3,4,18.625,True,
run_20260926_005346_067436,653,23,2026-09-26T00:54:08.935,5,left,4,5,18.875,True,
run_20260926_005346_067436,653,23,2026-09-26T00:54:08.935,6,left,5,6,18.875,True,
run_20260926_005346_067436,653,23,2026-09-26T00:54:08.935,7,left,6,7,18.910714285714278,True,
run_20260926_005346_067436,653,23,2026-09-26T00:54:08.935,8,left,7,8,18.428571428571445,True,
run_20260926_005346_067436,653,23,2026-09-26T00:54:08.935,9,left,8,9,18.785714285714278,True,
run_20260926_005346_067436,653,23,2026-09-26T00:54:08.935,10,left,9,10,18.5,True,
run_20260926_005346_067436,653,23,2026-09-26T00:54:08.935,11,left,10,11,18.5,True,
run_20260926_005346_067436,653,23,2026-09-26T00:54:08.935,12,left,11,12,18.57142857142857,True,
run_20260926_005346_067436,653,23,2026-09-26T00:54:08.935,1,right,0,1,18.428571428571445,True,
run_20260926_005346_067436,653,23,2026-09-26T00:54:08.935,2,right,1,2,18.571428571428555,True,
run_20260926_005346_067436,653,23,2026-09-26T00:54:08.935,3,right,2,3,19.0,True,
run_20260926_005346_067436,653,23,2026-09-26T00:54:08.935,4,right,3,4,19.0,True,
run_20260926_005346_067436,653,23,2026-09-26T00:54:08.935,5,right,4,5,19.0,True,
run_20260926_005346_067436,653,23,2026-09-26T00:54:08.935,6,right,5,6,18.5,True,
run_20260926_005346_067436,653,23,2026-09-26T00:54:08.935,7,right,6,7,19.0,True,
run_20260926_005346_067436,653,23,2026-09-26T00:54:08.935,8,right,7,8,19.0,True,
run_20260926_005346_067436,653,23,2026-09-26T00:54:08.935,9,right,8,9,18.5,True,
run_20260926_005346_067436,653,23,2026-09-26T00:54:08.935,10,right,9,10,18.5,True,
run_20260926_005346_067436,653,23,2026-09-26T00:54:08.935,11,right,10,11,18.5,True,
run_20260926_005346_067436,653,23,2026-09-26T00:54:08.935,12,right,11,12,19.0,True,
run_20260926_005346_067436,684,24,2026-09-26T00:54:09.966,1,left,0,1,18.930555555555543,True,
run_20260926_005346_067436,684,24,2026-09-26T00:54:09.966,2,left,1,2,18.819444444444457,True,
run_20260926_005346_067436,684,24,2026-09-26T00:54:09.966,3,left,2,3,18.525000000000006,True,
run_20260926_005346_067436,684,24,2026-09-26T00:54:09.966,4,left,3,4,18.724999999999994,True,
run_20260926_005346_067436,684,24,2026-09-26T00:54:09.966,5,left,4,5,18.875,True,
run_20260926_005346_067436,684,24,2026-09-26T00:54:09.966,6,left,5,6,18.875,True,
run_20260926_005346_067436,684,24,2026-09-26T00:54:09.966,7,left,6,7,18.910714285714278,True,
run_20260926_005346_067436,684,24,2026-09-26T00:54:09.966,8,left,7,8,18.339285714285722,True,
run_20260926_005346_067436,684,24,2026-09-26T00:54:09.966,9,left,8,9,18.875,True,
run_20260926_005346_067436,684,24,2026-09-26T00:54:09.966,10,left,9,10,18.33333333333333,True,
run_20260926_005346_067436,684,24,2026-09-26T00:54:09.966,11,left,10,11,18.66666666666667,True,
run_20260926_005346_067436,684,24,2026-09-26T00:54:09.966,12,left,11,12,18.5,True,
run_20260926_005346_067436,684,24,2026-09-26T00:54:09.966,1,right,0,1,18.428571428571445,True,
run_20260926_005346_067436,684,24,2026-09-26T00:54:09.966,2,right,1,2,18.571428571428555,True,
run_20260926_005346_067436,684,24,2026-09-26T00:54:09.966,3,right,2,3,19.0,True,
run_20260926_005346_067436,684,24,2026-09-26T00:54:09.966,4,right,3,4,19.0,True,
run_20260926_005346_067436,684,24,2026-09-26T00:54:09.966,5,right,4,5,19.0,True,
run_20260926_005346_067436,684,24,2026-09-26T00:54:09.966,6,right,5,6,18.5,True,
run_20260926_005346_067436,684,24,2026-09-26T00:54:09.966,7,right,6,7,19.0,True,
run_20260926_005346_067436,684,24,2026-09-26T00:54:09.966,8,right,7,8,19.0,True,
run_20260926_005346_067436,684,24,2026-09-26T00:54:09.966,9,right,8,9,18.5,True,
run_20260926_005346_067436,684,24,2026-09-26T00:54:09.966,10,right,9,10,18.5,True,
run_20260926_005346_067436,684,24,2026-09-26T00:54:09.966,11,right,10,11,18.5,True,
run_20260926_005346_067436,684,24,2026-09-26T00:54:09.966,12,right,11,12,19.0,True,
run_20260926_005346_067436,715,25,2026-09-26T00:54:10.997,1,left,0,1,18.875,True,
run_20260926_005346_067436,715,25,2026-09-26T00:54:10.997,2,left,1,2,18.875,True,
run_20260926_005346_067436,715,25,2026-09-26T00:54:10.997,3,left,2,3,18.525000000000006,True,
run_20260926_005346_067436,715,25,2026-09-26T00:54:10.997,4,left,3,4,18.599999999999994,True,
run_20260926_005346_067436,715,25,2026-09-26T00:54:10.997,5,left,4,5,19.0,True,
run_20260926_005346_067436,715,25,2026-09-26T00:54:10.997,6,left,5,6,18.875,True,
run_20260926_005346_067436,715,25,2026-09-26T00:54:10.997,7,left,6,7,18.910714285714278,True,
run_20260926_005346_067436,715,25,2026-09-26T00:54:10.997,8,left,7,8,18.339285714285722,True,
run_20260926_005346_067436,715,25,2026-09-26T00:54:10.997,9,left,8,9,18.875,True,
run_20260926_005346_067436,715,25,2026-09-26T00:54:10.997,10,left,9,10,18.33333333333333,True,
run_20260926_005346_067436,715,25,2026-09-26T00:54:10.997,11,left,10,11,18.66666666666667,True,
run_20260926_005346_067436,715,25,2026-09-26T00:54:10.997,12,left,11,12,18.5,True,
run_20260926_005346_067436,715,25,2026-09-26T00:54:10.997,1,right,0,1,18.428571428571445,True,
run_20260926_005346_067436,715,25,2026-09-26T00:54:10.997,2,right,1,2,18.571428571428555,True,
run_20260926_005346_067436,715,25,2026-09-26T00:54:10.997,3,right,2,3,19.0,True,
run_20260926_005346_067436,715,25,2026-09-26T00:54:10.997,4,right,3,4,19.0,True,
run_20260926_005346_067436,715,25,2026-09-26T00:54:10.997,5,right,4,5,19.0,True,
run_20260926_005346_067436,715,25,2026-09-26T00:54:10.997,6,right,5,6,18.65384615384619,True,
run_20260926_005346_067436,715,25,2026-09-26T00:54:10.997,7,right,6,7,18.84615384615381,True,
run_20260926_005346_067436,715,25,2026-09-26T00:54:10.997,8,right,7,8,19.0,True,
run_20260926_005346_067436,715,25,2026-09-26T00:54:10.997,9,right,8,9,18.5,True,
run_20260926_005346_067436,715,25,2026-09-26T00:54:10.997,10,right,9,10,18.5,True,
run_20260926_005346_067436,715,25,2026-09-26T00:54:10.997,11,right,10,11,18.5,True,
run_20260926_005346_067436,715,25,2026-09-26T00:54:10.997,12,right,11,12,19.0,True,
run_20260926_005346_067436,745,26,2026-09-26T00:54:12.001,1,left,0,1,18.875,True,
run_20260926_005346_067436,745,26,2026-09-26T00:54:12.001,2,left,1,2,18.875,True,
run_20260926_005346_067436,745,26,2026-09-26T00:54:12.001,3,left,2,3,18.525000000000006,True,
run_20260926_005346_067436,745,26,2026-09-26T00:54:12.001,4,left,3,4,18.599999999999994,True,
run_20260926_005346_067436,745,26,2026-09-26T00:54:12.001,5,left,4,5,19.0,True,
run_20260926_005346_067436,745,26,2026-09-26T00:54:12.001,6,left,5,6,18.875,True,
run_20260926_005346_067436,745,26,2026-09-26T00:54:12.001,7,left,6,7,18.910714285714278,True,
run_20260926_005346_067436,745,26,2026-09-26T00:54:12.001,8,left,7,8,18.339285714285722,True,
run_20260926_005346_067436,745,26,2026-09-26T00:54:12.001,9,left,8,9,18.875,True,
run_20260926_005346_067436,745,26,2026-09-26T00:54:12.001,10,left,9,10,18.33333333333333,True,
run_20260926_005346_067436,745,26,2026-09-26T00:54:12.001,11,left,10,11,18.66666666666667,True,
run_20260926_005346_067436,745,26,2026-09-26T00:54:12.001,12,left,11,12,18.5,True,
run_20260926_005346_067436,745,26,2026-09-26T00:54:12.001,1,right,0,1,18.428571428571445,True,
run_20260926_005346_067436,745,26,2026-09-26T00:54:12.001,2,right,1,2,18.571428571428555,True,
run_20260926_005346_067436,745,26,2026-09-26T00:54:12.001,3,right,2,3,19.0,True,
run_20260926_005346_067436,745,26,2026-09-26T00:54:12.001,4,right,3,4,19.0,True,
run_20260926_005346_067436,745,26,2026-09-26T00:54:12.001,5,right,4,5,19.0,True,
run_20260926_005346_067436,745,26,2026-09-26T00:54:12.001,6,right,5,6,18.65384615384619,True,
run_20260926_005346_067436,745,26,2026-09-26T00:54:12.001,7,right,6,7,18.84615384615381,True,
run_20260926_005346_067436,745,26,2026-09-26T00:54:12.001,8,right,7,8,19.0,True,
run_20260926_005346_067436,745,26,2026-09-26T00:54:12.001,9,right,8,9,18.5,True,
run_20260926_005346_067436,745,26,2026-09-26T00:54:12.001,10,right,9,10,18.5,True,
run_20260926_005346_067436,745,26,2026-09-26T00:54:12.001,11,right,10,11,18.5,True,
run_20260926_005346_067436,745,26,2026-09-26T00:54:12.001,12,right,11,12,19.0,True,
run_20260926_005346_067436,776,27,2026-09-26T00:54:13.042,1,left,0,1,18.875,True,
run_20260926_005346_067436,776,27,2026-09-26T00:54:13.042,2,left,1,2,18.875,True,
run_20260926_005346_067436,776,27,2026-09-26T00:54:13.042,3,left,2,3,18.525000000000006,True,
run_20260926_005346_067436,776,27,2026-09-26T00:54:13.042,4,left,3,4,18.599999999999994,True,
run_20260926_005346_067436,776,27,2026-09-26T00:54:13.042,5,left,4,5,19.0,True,
run_20260926_005346_067436,776,27,2026-09-26T00:54:13.042,6,left,5,6,18.875,True,
run_20260926_005346_067436,776,27,2026-09-26T00:54:13.042,7,left,6,7,18.910714285714278,True,
run_20260926_005346_067436,776,27,2026-09-26T00:54:13.042,8,left,7,8,18.339285714285722,True,
run_20260926_005346_067436,776,27,2026-09-26T00:54:13.042,9,left,8,9,18.875,True,
run_20260926_005346_067436,776,27,2026-09-26T00:54:13.042,10,left,9,10,18.33333333333333,True,
run_20260926_005346_067436,776,27,2026-09-26T00:54:13.042,11,left,10,11,18.66666666666667,True,
run_20260926_005346_067436,776,27,2026-09-26T00:54:13.042,12,left,11,12,18.5,True,
run_20260926_005346_067436,776,27,2026-09-26T00:54:13.042,1,right,0,1,18.428571428571445,True,
run_20260926_005346_067436,776,27,2026-09-26T00:54:13.042,2,right,1,2,18.571428571428555,True,
run_20260926_005346_067436,776,27,2026-09-26T00:54:13.042,3,right,2,3,19.0,True,
run_20260926_005346_067436,776,27,2026-09-26T00:54:13.042,4,right,3,4,19.0,True,
run_20260926_005346_067436,776,27,2026-09-26T00:54:13.042,5,right,4,5,19.0,True,
run_20260926_005346_067436,776,27,2026-09-26T00:54:13.042,6,right,5,6,18.65384615384619,True,
run_20260926_005346_067436,776,27,2026-09-26T00:54:13.042,7,right,6,7,18.84615384615381,True,
run_20260926_005346_067436,776,27,2026-09-26T00:54:13.042,8,right,7,8,19.0,True,
run_20260926_005346_067436,776,27,2026-09-26T00:54:13.042,9,right,8,9,18.5,True,
run_20260926_005346_067436,776,27,2026-09-26T00:54:13.042,10,right,9,10,18.5,True,
run_20260926_005346_067436,776,27,2026-09-26T00:54:13.042,11,right,10,11,18.5,True,
run_20260926_005346_067436,776,27,2026-09-26T00:54:13.042,12,right,11,12,19.0,True,
run_20260926_005346_067436,807,28,2026-09-26T00:54:14.064,1,left,0,1,18.875,True,
run_20260926_005346_067436,807,28,2026-09-26T00:54:14.064,2,left,1,2,18.875,True,
run_20260926_005346_067436,807,28,2026-09-26T00:54:14.064,3,left,2,3,18.25,True,
run_20260926_005346_067436,807,28,2026-09-26T00:54:14.064,4,left,3,4,18.875,True,
run_20260926_005346_067436,807,28,2026-09-26T00:54:14.064,5,left,4,5,19.0,True,
run_20260926_005346_067436,807,28,2026-09-26T00:54:14.064,6,left,5,6,18.875,True,
run_20260926_005346_067436,807,28,2026-09-26T00:54:14.064,7,left,6,7,18.910714285714278,True,
run_20260926_005346_067436,807,28,2026-09-26T00:54:14.064,8,left,7,8,18.339285714285722,True,
run_20260926_005346_067436,807,28,2026-09-26T00:54:14.064,9,left,8,9,18.875,True,
run_20260926_005346_067436,807,28,2026-09-26T00:54:14.064,10,left,9,10,18.33333333333333,True,
run_20260926_005346_067436,807,28,2026-09-26T00:54:14.064,11,left,10,11,18.66666666666667,True,
run_20260926_005346_067436,807,28,2026-09-26T00:54:14.064,12,left,11,12,18.5,True,
run_20260926_005346_067436,807,28,2026-09-26T00:54:14.064,1,right,0,1,18.428571428571445,True,
run_20260926_005346_067436,807,28,2026-09-26T00:54:14.064,2,right,1,2,18.571428571428555,True,
run_20260926_005346_067436,807,28,2026-09-26T00:54:14.064,3,right,2,3,19.0,True,
run_20260926_005346_067436,807,28,2026-09-26T00:54:14.064,4,right,3,4,19.0,True,
run_20260926_005346_067436,807,28,2026-09-26T00:54:14.064,5,right,4,5,19.0,True,
run_20260926_005346_067436,807,28,2026-09-26T00:54:14.064,6,right,5,6,18.65384615384619,True,
run_20260926_005346_067436,807,28,2026-09-26T00:54:14.064,7,right,6,7,18.84615384615381,True,
run_20260926_005346_067436,807,28,2026-09-26T00:54:14.064,8,right,7,8,19.0,True,
run_20260926_005346_067436,807,28,2026-09-26T00:54:14.064,9,right,8,9,18.5,True,
run_20260926_005346_067436,807,28,2026-09-26T00:54:14.064,10,right,9,10,18.5,True,
run_20260926_005346_067436,807,28,2026-09-26T00:54:14.064,11,right,10,11,18.5,True,
run_20260926_005346_067436,807,28,2026-09-26T00:54:14.064,12,right,11,12,19.0,True,
run_20260926_005346_067436,838,29,2026-09-26T00:54:15.097,1,left,0,1,18.875,True,
run_20260926_005346_067436,838,29,2026-09-26T00:54:15.097,2,left,1,2,18.875,True,
run_20260926_005346_067436,838,29,2026-09-26T00:54:15.097,3,left,2,3,18.25,True,
run_20260926_005346_067436,838,29,2026-09-26T00:54:15.097,4,left,3,4,18.875,True,
run_20260926_005346_067436,838,29,2026-09-26T00:54:15.097,5,left,4,5,19.0,True,
run_20260926_005346_067436,838,29,2026-09-26T00:54:15.097,6,left,5,6,18.875,True,
run_20260926_005346_067436,838,29,2026-09-26T00:54:15.097,7,left,6,7,18.910714285714278,True,
run_20260926_005346_067436,838,29,2026-09-26T00:54:15.097,8,left,7,8,18.339285714285722,True,
run_20260926_005346_067436,838,29,2026-09-26T00:54:15.097,9,left,8,9,18.875,True,
run_20260926_005346_067436,838,29,2026-09-26T00:54:15.097,10,left,9,10,18.33333333333333,True,
run_20260926_005346_067436,838,29,2026-09-26T00:54:15.097,11,left,10,11,18.66666666666667,True,
run_20260926_005346_067436,838,29,2026-09-26T00:54:15.097,12,left,11,12,18.5,True,
run_20260926_005346_067436,838,29,2026-09-26T00:54:15.097,1,right,0,1,18.428571428571445,True,
run_20260926_005346_067436,838,29,2026-09-26T00:54:15.097,2,right,1,2,18.571428571428555,True,
run_20260926_005346_067436,838,29,2026-09-26T00:54:15.097,3,right,2,3,19.0,True,
run_20260926_005346_067436,838,29,2026-09-26T00:54:15.097,4,right,3,4,19.0,True,
run_20260926_005346_067436,838,29,2026-09-26T00:54:15.097,5,right,4,5,19.0,True,
run_20260926_005346_067436,838,29,2026-09-26T00:54:15.097,6,right,5,6,18.65384615384619,True,
run_20260926_005346_067436,838,29,2026-09-26T00:54:15.097,7,right,6,7,18.84615384615381,True,
run_20260926_005346_067436,838,29,2026-09-26T00:54:15.097,8,right,7,8,19.0,True,
run_20260926_005346_067436,838,29,2026-09-26T00:54:15.097,9,right,8,9,18.5,True,
run_20260926_005346_067436,838,29,2026-09-26T00:54:15.097,10,right,9,10,18.5,True,
run_20260926_005346_067436,838,29,2026-09-26T00:54:15.097,11,right,10,11,18.5,True,
run_20260926_005346_067436,838,29,2026-09-26T00:54:15.097,12,right,11,12,19.0,True,
run_20260926_005346_067436,868,30,2026-09-26T00:54:16.099,1,left,0,1,18.875,True,
run_20260926_005346_067436,868,30,2026-09-26T00:54:16.099,2,left,1,2,18.875,True,
run_20260926_005346_067436,868,30,2026-09-26T00:54:16.099,3,left,2,3,18.525000000000006,True,
run_20260926_005346_067436,868,30,2026-09-26T00:54:16.099,4,left,3,4,18.724999999999994,True,
run_20260926_005346_067436,868,30,2026-09-26T00:54:16.099,5,left,4,5,18.875,True,
run_20260926_005346_067436,868,30,2026-09-26T00:54:16.099,6,left,5,6,18.875,True,
run_20260926_005346_067436,868,30,2026-09-26T00:54:16.099,7,left,6,7,18.910714285714278,True,
run_20260926_005346_067436,868,30,2026-09-26T00:54:16.099,8,left,7,8,18.339285714285722,True,
run_20260926_005346_067436,868,30,2026-09-26T00:54:16.099,9,left,8,9,18.875,True,
run_20260926_005346_067436,868,30,2026-09-26T00:54:16.099,10,left,9,10,18.33333333333333,True,
run_20260926_005346_067436,868,30,2026-09-26T00:54:16.099,11,left,10,11,18.66666666666667,True,
run_20260926_005346_067436,868,30,2026-09-26T00:54:16.099,12,left,11,12,18.5,True,
run_20260926_005346_067436,868,30,2026-09-26T00:54:16.099,1,right,0,1,18.428571428571445,True,
run_20260926_005346_067436,868,30,2026-09-26T00:54:16.099,2,right,1,2,18.571428571428555,True,
run_20260926_005346_067436,868,30,2026-09-26T00:54:16.099,3,right,2,3,19.0,True,
run_20260926_005346_067436,868,30,2026-09-26T00:54:16.099,4,right,3,4,19.0,True,
run_20260926_005346_067436,868,30,2026-09-26T00:54:16.099,5,right,4,5,19.0,True,
run_20260926_005346_067436,868,30,2026-09-26T00:54:16.099,6,right,5,6,18.75,True,
run_20260926_005346_067436,868,30,2026-09-26T00:54:16.099,7,right,6,7,18.75,True,
run_20260926_005346_067436,868,30,2026-09-26T00:54:16.099,8,right,7,8,19.0,True,
run_20260926_005346_067436,868,30,2026-09-26T00:54:16.099,9,right,8,9,18.5,True,
run_20260926_005346_067436,868,30,2026-09-26T00:54:16.099,10,right,9,10,18.5,True,
run_20260926_005346_067436,868,30,2026-09-26T00:54:16.099,11,right,10,11,18.5,True,
run_20260926_005346_067436,868,30,2026-09-26T00:54:16.099,12,right,11,12,19.0,True,
run_20260926_005346_067436,898,31,2026-09-26T00:54:17.101,1,left,0,1,18.875,True,
run_20260926_005346_067436,898,31,2026-09-26T00:54:17.101,2,left,1,2,18.875,True,
run_20260926_005346_067436,898,31,2026-09-26T00:54:17.101,3,left,2,3,18.525000000000006,True,
run_20260926_005346_067436,898,31,2026-09-26T00:54:17.101,4,left,3,4,18.599999999999994,True,
run_20260926_005346_067436,898,31,2026-09-26T00:54:17.101,5,left,4,5,19.0,True,
run_20260926_005346_067436,898,31,2026-09-26T00:54:17.101,6,left,5,6,18.875,True,
run_20260926_005346_067436,898,31,2026-09-26T00:54:17.101,7,left,6,7,18.910714285714278,True,
run_20260926_005346_067436,898,31,2026-09-26T00:54:17.101,8,left,7,8,18.339285714285722,True,
run_20260926_005346_067436,898,31,2026-09-26T00:54:17.101,9,left,8,9,18.875,True,
run_20260926_005346_067436,898,31,2026-09-26T00:54:17.101,10,left,9,10,18.33333333333333,True,
run_20260926_005346_067436,898,31,2026-09-26T00:54:17.101,11,left,10,11,18.66666666666667,True,
run_20260926_005346_067436,898,31,2026-09-26T00:54:17.101,12,left,11,12,18.5,True,
run_20260926_005346_067436,898,31,2026-09-26T00:54:17.101,1,right,0,1,18.428571428571445,True,
run_20260926_005346_067436,898,31,2026-09-26T00:54:17.101,2,right,1,2,18.571428571428555,True,
run_20260926_005346_067436,898,31,2026-09-26T00:54:17.101,3,right,2,3,19.0,True,
run_20260926_005346_067436,898,31,2026-09-26T00:54:17.101,4,right,3,4,19.0,True,
run_20260926_005346_067436,898,31,2026-09-26T00:54:17.101,5,right,4,5,19.0,True,
run_20260926_005346_067436,898,31,2026-09-26T00:54:17.101,6,right,5,6,18.75,True,
run_20260926_005346_067436,898,31,2026-09-26T00:54:17.101,7,right,6,7,18.75,True,
run_20260926_005346_067436,898,31,2026-09-26T00:54:17.101,8,right,7,8,19.0,True,
run_20260926_005346_067436,898,31,2026-09-26T00:54:17.101,9,right,8,9,18.5,True,
run_20260926_005346_067436,898,31,2026-09-26T00:54:17.101,10,right,9,10,18.5,True,
run_20260926_005346_067436,898,31,2026-09-26T00:54:17.101,11,right,10,11,18.5,True,
run_20260926_005346_067436,898,31,2026-09-26T00:54:17.101,12,right,11,12,19.0,True,
run_20260926_005346_067436,929,32,2026-09-26T00:54:18.130,1,left,0,1,18.875,True,
run_20260926_005346_067436,929,32,2026-09-26T00:54:18.130,2,left,1,2,18.875,True,
run_20260926_005346_067436,929,32,2026-09-26T00:54:18.130,3,left,2,3,18.525000000000006,True,
run_20260926_005346_067436,929,32,2026-09-26T00:54:18.130,4,left,3,4,18.599999999999994,True,
run_20260926_005346_067436,929,32,2026-09-26T00:54:18.130,5,left,4,5,19.0,True,
run_20260926_005346_067436,929,32,2026-09-26T00:54:18.130,6,left,5,6,18.875,True,
run_20260926_005346_067436,929,32,2026-09-26T00:54:18.130,7,left,6,7,18.910714285714278,True,
run_20260926_005346_067436,929,32,2026-09-26T00:54:18.130,8,left,7,8,18.339285714285722,True,
run_20260926_005346_067436,929,32,2026-09-26T00:54:18.130,9,left,8,9,18.875,True,
run_20260926_005346_067436,929,32,2026-09-26T00:54:18.130,10,left,9,10,18.33333333333333,True,
run_20260926_005346_067436,929,32,2026-09-26T00:54:18.130,11,left,10,11,18.66666666666667,True,
run_20260926_005346_067436,929,32,2026-09-26T00:54:18.130,12,left,11,12,18.5,True,
run_20260926_005346_067436,929,32,2026-09-26T00:54:18.130,1,right,0,1,18.428571428571445,True,
run_20260926_005346_067436,929,32,2026-09-26T00:54:18.130,2,right,1,2,18.571428571428555,True,
run_20260926_005346_067436,929,32,2026-09-26T00:54:18.130,3,right,2,3,19.0,True,
run_20260926_005346_067436,929,32,2026-09-26T00:54:18.130,4,right,3,4,19.0,True,
run_20260926_005346_067436,929,32,2026-09-26T00:54:18.130,5,right,4,5,19.0,True,
run_20260926_005346_067436,929,32,2026-09-26T00:54:18.130,6,right,5,6,18.75,True,
run_20260926_005346_067436,929,32,2026-09-26T00:54:18.130,7,right,6,7,18.75,True,
run_20260926_005346_067436,929,32,2026-09-26T00:54:18.130,8,right,7,8,19.0,True,
run_20260926_005346_067436,929,32,2026-09-26T00:54:18.130,9,right,8,9,18.5,True,
run_20260926_005346_067436,929,32,2026-09-26T00:54:18.130,10,right,9,10,18.5,True,
run_20260926_005346_067436,929,32,2026-09-26T00:54:18.130,11,right,10,11,18.5,True,
run_20260926_005346_067436,929,32,2026-09-26T00:54:18.130,12,right,11,12,19.0,True,
run_20260926_005346_067436,959,33,2026-09-26T00:54:19.134,1,left,0,1,18.944444444444457,True,
run_20260926_005346_067436,959,33,2026-09-26T00:54:19.134,2,left,1,2,18.875,True,
run_20260926_005346_067436,959,33,2026-09-26T00:54:19.134,3,left,2,3,18.525000000000006,True,
run_20260926_005346_067436,959,33,2026-09-26T00:54:19.134,4,left,3,4,18.599999999999994,True,
run_20260926_005346_067436,959,33,2026-09-26T00:54:19.134,5,left,4,5,19.0,True,
run_20260926_005346_067436,959,33,2026-09-26T00:54:19.134,6,left,5,6,18.785714285714278,True,
run_20260926_005346_067436,959,33,2026-09-26T00:54:19.134,7,left,6,7,19.0,True,
run_20260926_005346_067436,959,33,2026-09-26T00:54:19.134,8,left,7,8,18.339285714285722,True,
run_20260926_005346_067436,959,33,2026-09-26T00:54:19.134,9,left,8,9,18.875,True,
run_20260926_005346_067436,959,33,2026-09-26T00:54:19.134,10,left,9,10,18.33333333333333,True,
run_20260926_005346_067436,959,33,2026-09-26T00:54:19.134,11,left,10,11,18.66666666666667,True,
run_20260926_005346_067436,959,33,2026-09-26T00:54:19.134,12,left,11,12,18.5,True,
run_20260926_005346_067436,959,33,2026-09-26T00:54:19.134,1,right,0,1,18.428571428571445,True,
run_20260926_005346_067436,959,33,2026-09-26T00:54:19.134,2,right,1,2,18.571428571428555,True,
run_20260926_005346_067436,959,33,2026-09-26T00:54:19.134,3,right,2,3,19.0,True,
run_20260926_005346_067436,959,33,2026-09-26T00:54:19.134,4,right,3,4,19.0,True,
run_20260926_005346_067436,959,33,2026-09-26T00:54:19.134,5,right,4,5,19.0,True,
run_20260926_005346_067436,959,33,2026-09-26T00:54:19.134,6,right,5,6,18.75,True,
run_20260926_005346_067436,959,33,2026-09-26T00:54:19.134,7,right,6,7,18.75,True,
run_20260926_005346_067436,959,33,2026-09-26T00:54:19.134,8,right,7,8,19.0,True,
run_20260926_005346_067436,959,33,2026-09-26T00:54:19.134,9,right,8,9,18.5,True,
run_20260926_005346_067436,959,33,2026-09-26T00:54:19.134,10,right,9,10,18.5,True,
run_20260926_005346_067436,959,33,2026-09-26T00:54:19.134,11,right,10,11,18.5,True,
run_20260926_005346_067436,959,33,2026-09-26T00:54:19.134,12,right,11,12,19.0,True,
run_20260926_005346_067436,990,34,2026-09-26T00:54:20.164,1,left,0,1,18.875,True,
run_20260926_005346_067436,990,34,2026-09-26T00:54:20.164,2,left,1,2,18.875,True,
run_20260926_005346_067436,990,34,2026-09-26T00:54:20.164,3,left,2,3,18.525000000000006,True,
run_20260926_005346_067436,990,34,2026-09-26T00:54:20.164,4,left,3,4,18.599999999999994,True,
run_20260926_005346_067436,990,34,2026-09-26T00:54:20.164,5,left,4,5,19.0,True,
run_20260926_005346_067436,990,34,2026-09-26T00:54:20.164,6,left,5,6,18.875,True,
run_20260926_005346_067436,990,34,2026-09-26T00:54:20.164,7,left,6,7,18.910714285714278,True,
run_20260926_005346_067436,990,34,2026-09-26T00:54:20.164,8,left,7,8,18.339285714285722,True,
run_20260926_005346_067436,990,34,2026-09-26T00:54:20.164,9,left,8,9,18.875,True,
run_20260926_005346_067436,990,34,2026-09-26T00:54:20.164,10,left,9,10,18.33333333333333,True,
run_20260926_005346_067436,990,34,2026-09-26T00:54:20.164,11,left,10,11,18.66666666666667,True,
run_20260926_005346_067436,990,34,2026-09-26T00:54:20.164,12,left,11,12,18.5,True,
run_20260926_005346_067436,990,34,2026-09-26T00:54:20.164,1,right,0,1,18.428571428571445,True,
run_20260926_005346_067436,990,34,2026-09-26T00:54:20.164,2,right,1,2,18.571428571428555,True,
run_20260926_005346_067436,990,34,2026-09-26T00:54:20.164,3,right,2,3,19.0,True,
run_20260926_005346_067436,990,34,2026-09-26T00:54:20.164,4,right,3,4,19.0,True,
run_20260926_005346_067436,990,34,2026-09-26T00:54:20.164,5,right,4,5,19.0,True,
run_20260926_005346_067436,990,34,2026-09-26T00:54:20.164,6,right,5,6,18.75,True,
run_20260926_005346_067436,990,34,2026-09-26T00:54:20.164,7,right,6,7,18.75,True,
run_20260926_005346_067436,990,34,2026-09-26T00:54:20.164,8,right,7,8,19.0,True,
run_20260926_005346_067436,990,34,2026-09-26T00:54:20.164,9,right,8,9,18.5,True,
run_20260926_005346_067436,990,34,2026-09-26T00:54:20.164,10,right,9,10,18.5,True,
run_20260926_005346_067436,990,34,2026-09-26T00:54:20.164,11,right,10,11,18.5,True,
run_20260926_005346_067436,990,34,2026-09-26T00:54:20.164,12,right,11,12,19.0,True,
run_20260926_005346_067436,1020,35,2026-09-26T00:54:21.165,1,left,0,1,18.875,True,
run_20260926_005346_067436,1020,35,2026-09-26T00:54:21.165,2,left,1,2,18.875,True,
run_20260926_005346_067436,1020,35,2026-09-26T00:54:21.165,3,left,2,3,18.525000000000006,True,
run_20260926_005346_067436,1020,35,2026-09-26T00:54:21.165,4,left,3,4,18.599999999999994,True,
run_20260926_005346_067436,1020,35,2026-09-26T00:54:21.165,5,left,4,5,19.0,True,
run_20260926_005346_067436,1020,35,2026-09-26T00:54:21.165,6,left,5,6,18.785714285714278,True,
run_20260926_005346_067436,1020,35,2026-09-26T00:54:21.165,7,left,6,7,18.88095238095238,True,
run_20260926_005346_067436,1020,35,2026-09-26T00:54:21.165,8,left,7,8,18.458333333333343,True,
run_20260926_005346_067436,1020,35,2026-09-26T00:54:21.165,9,left,8,9,18.875,True,
run_20260926_005346_067436,1020,35,2026-09-26T00:54:21.165,10,left,9,10,18.33333333333333,True,
run_20260926_005346_067436,1020,35,2026-09-26T00:54:21.165,11,left,10,11,18.66666666666667,True,
run_20260926_005346_067436,1020,35,2026-09-26T00:54:21.165,12,left,11,12,18.5,True,
run_20260926_005346_067436,1020,35,2026-09-26T00:54:21.165,1,right,0,1,18.428571428571445,True,
run_20260926_005346_067436,1020,35,2026-09-26T00:54:21.165,2,right,1,2,18.571428571428555,True,
run_20260926_005346_067436,1020,35,2026-09-26T00:54:21.165,3,right,2,3,19.0,True,
run_20260926_005346_067436,1020,35,2026-09-26T00:54:21.165,4,right,3,4,19.0,True,
run_20260926_005346_067436,1020,35,2026-09-26T00:54:21.165,5,right,4,5,19.0,True,
run_20260926_005346_067436,1020,35,2026-09-26T00:54:21.165,6,right,5,6,18.75,True,
run_20260926_005346_067436,1020,35,2026-09-26T00:54:21.165,7,right,6,7,18.75,True,
run_20260926_005346_067436,1020,35,2026-09-26T00:54:21.165,8,right,7,8,19.0,True,
run_20260926_005346_067436,1020,35,2026-09-26T00:54:21.165,9,right,8,9,18.5,True,
run_20260926_005346_067436,1020,35,2026-09-26T00:54:21.165,10,right,9,10,18.5,True,
run_20260926_005346_067436,1020,35,2026-09-26T00:54:21.165,11,right,10,11,18.5,True,
run_20260926_005346_067436,1020,35,2026-09-26T00:54:21.165,12,right,11,12,19.0,True,
run_20260926_005346_067436,1051,36,2026-09-26T00:54:22.202,1,left,0,1,18.875,True,
run_20260926_005346_067436,1051,36,2026-09-26T00:54:22.202,2,left,1,2,18.875,True,
run_20260926_005346_067436,1051,36,2026-09-26T00:54:22.202,3,left,2,3,18.25,True,
run_20260926_005346_067436,1051,36,2026-09-26T00:54:22.202,4,left,3,4,18.875,True,
run_20260926_005346_067436,1051,36,2026-09-26T00:54:22.202,5,left,4,5,19.0,True,
run_20260926_005346_067436,1051,36,2026-09-26T00:54:22.202,6,left,5,6,18.875,True,
run_20260926_005346_067436,1051,36,2026-09-26T00:54:22.202,7,left,6,7,18.625,True,
run_20260926_005346_067436,1051,36,2026-09-26T00:54:22.202,8,left,7,8,18.625,True,
run_20260926_005346_067436,1051,36,2026-09-26T00:54:22.202,9,left,8,9,18.875,True,
run_20260926_005346_067436,1051,36,2026-09-26T00:54:22.202,10,left,9,10,18.33333333333333,True,
run_20260926_005346_067436,1051,36,2026-09-26T00:54:22.202,11,left,10,11,18.66666666666667,True,
run_20260926_005346_067436,1051,36,2026-09-26T00:54:22.202,12,left,11,12,18.5,True,
run_20260926_005346_067436,1051,36,2026-09-26T00:54:22.202,1,right,0,1,18.428571428571445,True,
run_20260926_005346_067436,1051,36,2026-09-26T00:54:22.202,2,right,1,2,18.571428571428555,True,
run_20260926_005346_067436,1051,36,2026-09-26T00:54:22.202,3,right,2,3,19.0,True,
run_20260926_005346_067436,1051,36,2026-09-26T00:54:22.202,4,right,3,4,19.0,True,
run_20260926_005346_067436,1051,36,2026-09-26T00:54:22.202,5,right,4,5,19.0,True,
run_20260926_005346_067436,1051,36,2026-09-26T00:54:22.202,6,right,5,6,18.65384615384619,True,
run_20260926_005346_067436,1051,36,2026-09-26T00:54:22.202,7,right,6,7,18.84615384615381,True,
run_20260926_005346_067436,1051,36,2026-09-26T00:54:22.202,8,right,7,8,19.0,True,
run_20260926_005346_067436,1051,36,2026-09-26T00:54:22.202,9,right,8,9,18.5,True,
run_20260926_005346_067436,1051,36,2026-09-26T00:54:22.202,10,right,9,10,18.5,True,
run_20260926_005346_067436,1051,36,2026-09-26T00:54:22.202,11,right,10,11,18.5,True,
run_20260926_005346_067436,1051,36,2026-09-26T00:54:22.202,12,right,11,12,19.0,True,
run_20260926_005346_067436,1082,37,2026-09-26T00:54:23.230,1,left,0,1,18.944444444444457,True,
run_20260926_005346_067436,1082,37,2026-09-26T00:54:23.230,2,left,1,2,18.875,True,
run_20260926_005346_067436,1082,37,2026-09-26T00:54:23.230,3,left,2,3,18.25,True,
run_20260926_005346_067436,1082,37,2026-09-26T00:54:23.230,4,left,3,4,18.875,True,
run_20260926_005346_067436,1082,37,2026-09-26T00:54:23.230,5,left,4,5,19.0,True,
run_20260926_005346_067436,1082,37,2026-09-26T00:54:23.230,6,left,5,6,18.785714285714278,True,
run_20260926_005346_067436,1082,37,2026-09-26T00:54:23.230,7,left,6,7,18.88095238095238,True,
run_20260926_005346_067436,1082,37,2026-09-26T00:54:23.230,8,left,7,8,18.458333333333343,True,
run_20260926_005346_067436,1082,37,2026-09-26T00:54:23.230,9,left,8,9,18.875,True,
run_20260926_005346_067436,1082,37,2026-09-26T00:54:23.230,10,left,9,10,18.33333333333333,True,
run_20260926_005346_067436,1082,37,2026-09-26T00:54:23.230,11,left,10,11,18.66666666666667,True,
run_20260926_005346_067436,1082,37,2026-09-26T00:54:23.230,12,left,11,12,18.5,True,
run_20260926_005346_067436,1082,37,2026-09-26T00:54:23.230,1,right,0,1,18.428571428571445,True,
run_20260926_005346_067436,1082,37,2026-09-26T00:54:23.230,2,right,1,2,18.571428571428555,True,
run_20260926_005346_067436,1082,37,2026-09-26T00:54:23.230,3,right,2,3,19.0,True,
run_20260926_005346_067436,1082,37,2026-09-26T00:54:23.230,4,right,3,4,19.0,True,
run_20260926_005346_067436,1082,37,2026-09-26T00:54:23.230,5,right,4,5,19.0,True,
run_20260926_005346_067436,1082,37,2026-09-26T00:54:23.230,6,right,5,6,18.75,True,
run_20260926_005346_067436,1082,37,2026-09-26T00:54:23.230,7,right,6,7,18.75,True,
run_20260926_005346_067436,1082,37,2026-09-26T00:54:23.230,8,right,7,8,19.0,True,
run_20260926_005346_067436,1082,37,2026-09-26T00:54:23.230,9,right,8,9,18.5,True,
run_20260926_005346_067436,1082,37,2026-09-26T00:54:23.230,10,right,9,10,18.5,True,
run_20260926_005346_067436,1082,37,2026-09-26T00:54:23.230,11,right,10,11,18.5,True,
run_20260926_005346_067436,1082,37,2026-09-26T00:54:23.230,12,right,11,12,19.0,True,
run_20260926_005346_067436,1112,38,2026-09-26T00:54:24.235,1,left,0,1,18.875,True,
run_20260926_005346_067436,1112,38,2026-09-26T00:54:24.235,2,left,1,2,18.875,True,
run_20260926_005346_067436,1112,38,2026-09-26T00:54:24.235,3,left,2,3,18.25,True,
run_20260926_005346_067436,1112,38,2026-09-26T00:54:24.235,4,left,3,4,18.875,True,
run_20260926_005346_067436,1112,38,2026-09-26T00:54:24.235,5,left,4,5,19.0,True,
run_20260926_005346_067436,1112,38,2026-09-26T00:54:24.235,6,left,5,6,18.785714285714278,True,
run_20260926_005346_067436,1112,38,2026-09-26T00:54:24.235,7,left,6,7,18.88095238095238,True,
run_20260926_005346_067436,1112,38,2026-09-26T00:54:24.235,8,left,7,8,18.458333333333343,True,
run_20260926_005346_067436,1112,38,2026-09-26T00:54:24.235,9,left,8,9,18.875,True,
run_20260926_005346_067436,1112,38,2026-09-26T00:54:24.235,10,left,9,10,18.33333333333333,True,
run_20260926_005346_067436,1112,38,2026-09-26T00:54:24.235,11,left,10,11,18.66666666666667,True,
run_20260926_005346_067436,1112,38,2026-09-26T00:54:24.235,12,left,11,12,18.5,True,
run_20260926_005346_067436,1112,38,2026-09-26T00:54:24.235,1,right,0,1,18.428571428571445,True,
run_20260926_005346_067436,1112,38,2026-09-26T00:54:24.235,2,right,1,2,18.571428571428555,True,
run_20260926_005346_067436,1112,38,2026-09-26T00:54:24.235,3,right,2,3,19.0,True,
run_20260926_005346_067436,1112,38,2026-09-26T00:54:24.235,4,right,3,4,19.0,True,
run_20260926_005346_067436,1112,38,2026-09-26T00:54:24.235,5,right,4,5,19.0,True,
run_20260926_005346_067436,1112,38,2026-09-26T00:54:24.235,6,right,5,6,18.75,True,
run_20260926_005346_067436,1112,38,2026-09-26T00:54:24.235,7,right,6,7,18.75,True,
run_20260926_005346_067436,1112,38,2026-09-26T00:54:24.235,8,right,7,8,19.0,True,
run_20260926_005346_067436,1112,38,2026-09-26T00:54:24.235,9,right,8,9,18.5,True,
run_20260926_005346_067436,1112,38,2026-09-26T00:54:24.235,10,right,9,10,18.5,True,
run_20260926_005346_067436,1112,38,2026-09-26T00:54:24.235,11,right,10,11,18.5,True,
run_20260926_005346_067436,1112,38,2026-09-26T00:54:24.235,12,right,11,12,19.0,True,
run_20260926_005346_067436,1143,39,2026-09-26T00:54:25.267,1,left,0,1,18.944444444444457,True,
run_20260926_005346_067436,1143,39,2026-09-26T00:54:25.267,2,left,1,2,18.875,True,
run_20260926_005346_067436,1143,39,2026-09-26T00:54:25.267,3,left,2,3,18.525000000000006,True,
run_20260926_005346_067436,1143,39,2026-09-26T00:54:25.267,4,left,3,4,18.599999999999994,True,
run_20260926_005346_067436,1143,39,2026-09-26T00:54:25.267,5,left,4,5,19.0,True,
run_20260926_005346_067436,1143,39,2026-09-26T00:54:25.267,6,left,5,6,18.785714285714278,True,
run_20260926_005346_067436,1143,39,2026-09-26T00:54:25.267,7,left,6,7,18.88095238095238,True,
run_20260926_005346_067436,1143,39,2026-09-26T00:54:25.267,8,left,7,8,18.458333333333343,True,
run_20260926_005346_067436,1143,39,2026-09-26T00:54:25.267,9,left,8,9,18.875,True,
run_20260926_005346_067436,1143,39,2026-09-26T00:54:25.267,10,left,9,10,18.33333333333333,True,
run_20260926_005346_067436,1143,39,2026-09-26T00:54:25.267,11,left,10,11,18.66666666666667,True,
run_20260926_005346_067436,1143,39,2026-09-26T00:54:25.267,12,left,11,12,18.5,True,
run_20260926_005346_067436,1143,39,2026-09-26T00:54:25.267,1,right,0,1,18.428571428571445,True,
run_20260926_005346_067436,1143,39,2026-09-26T00:54:25.267,2,right,1,2,18.571428571428555,True,
run_20260926_005346_067436,1143,39,2026-09-26T00:54:25.267,3,right,2,3,19.0,True,
run_20260926_005346_067436,1143,39,2026-09-26T00:54:25.267,4,right,3,4,19.0,True,
run_20260926_005346_067436,1143,39,2026-09-26T00:54:25.267,5,right,4,5,19.0,True,
run_20260926_005346_067436,1143,39,2026-09-26T00:54:25.267,6,right,5,6,18.75,True,
run_20260926_005346_067436,1143,39,2026-09-26T00:54:25.267,7,right,6,7,18.75,True,
run_20260926_005346_067436,1143,39,2026-09-26T00:54:25.267,8,right,7,8,19.0,True,
run_20260926_005346_067436,1143,39,2026-09-26T00:54:25.267,9,right,8,9,18.5,True,
run_20260926_005346_067436,1143,39,2026-09-26T00:54:25.267,10,right,9,10,18.5,True,
run_20260926_005346_067436,1143,39,2026-09-26T00:54:25.267,11,right,10,11,18.5,True,
run_20260926_005346_067436,1143,39,2026-09-26T00:54:25.267,12,right,11,12,19.0,True,
run_20260926_005346_067436,1174,40,2026-09-26T00:54:26.299,1,left,0,1,18.944444444444457,True,
run_20260926_005346_067436,1174,40,2026-09-26T00:54:26.299,2,left,1,2,18.875,True,
run_20260926_005346_067436,1174,40,2026-09-26T00:54:26.299,3,left,2,3,18.25,True,
run_20260926_005346_067436,1174,40,2026-09-26T00:54:26.299,4,left,3,4,18.875,True,
run_20260926_005346_067436,1174,40,2026-09-26T00:54:26.299,5,left,4,5,19.0,True,
run_20260926_005346_067436,1174,40,2026-09-26T00:54:26.299,6,left,5,6,18.785714285714278,True,
run_20260926_005346_067436,1174,40,2026-09-26T00:54:26.299,7,left,6,7,18.88095238095238,True,
run_20260926_005346_067436,1174,40,2026-09-26T00:54:26.299,8,left,7,8,18.458333333333343,True,
run_20260926_005346_067436,1174,40,2026-09-26T00:54:26.299,9,left,8,9,18.875,True,
run_20260926_005346_067436,1174,40,2026-09-26T00:54:26.299,10,left,9,10,18.33333333333333,True,
run_20260926_005346_067436,1174,40,2026-09-26T00:54:26.299,11,left,10,11,18.66666666666667,True,
run_20260926_005346_067436,1174,40,2026-09-26T00:54:26.299,12,left,11,12,18.5,True,
run_20260926_005346_067436,1174,40,2026-09-26T00:54:26.299,1,right,0,1,18.428571428571445,True,
run_20260926_005346_067436,1174,40,2026-09-26T00:54:26.299,2,right,1,2,18.571428571428555,True,
run_20260926_005346_067436,1174,40,2026-09-26T00:54:26.299,3,right,2,3,19.0,True,
run_20260926_005346_067436,1174,40,2026-09-26T00:54:26.299,4,right,3,4,19.0,True,
run_20260926_005346_067436,1174,40,2026-09-26T00:54:26.299,5,right,4,5,19.0,True,
run_20260926_005346_067436,1174,40,2026-09-26T00:54:26.299,6,right,5,6,18.75,True,
run_20260926_005346_067436,1174,40,2026-09-26T00:54:26.299,7,right,6,7,18.75,True,
run_20260926_005346_067436,1174,40,2026-09-26T00:54:26.299,8,right,7,8,19.0,True,
run_20260926_005346_067436,1174,40,2026-09-26T00:54:26.299,9,right,8,9,18.5,True,
run_20260926_005346_067436,1174,40,2026-09-26T00:54:26.299,10,right,9,10,18.5,True,
run_20260926_005346_067436,1174,40,2026-09-26T00:54:26.299,11,right,10,11,18.5,True,
run_20260926_005346_067436,1174,40,2026-09-26T00:54:26.299,12,right,11,12,19.0,True,
run_20260926_005346_067436,1204,41,2026-09-26T00:54:27.307,1,left,0,1,18.944444444444457,True,
run_20260926_005346_067436,1204,41,2026-09-26T00:54:27.307,2,left,1,2,18.875,True,
run_20260926_005346_067436,1204,41,2026-09-26T00:54:27.307,3,left,2,3,18.25,True,
run_20260926_005346_067436,1204,41,2026-09-26T00:54:27.307,4,left,3,4,18.875,True,
run_20260926_005346_067436,1204,41,2026-09-26T00:54:27.307,5,left,4,5,19.0,True,
run_20260926_005346_067436,1204,41,2026-09-26T00:54:27.307,6,left,5,6,18.785714285714278,True,
run_20260926_005346_067436,1204,41,2026-09-26T00:54:27.307,7,left,6,7,18.88095238095238,True,
run_20260926_005346_067436,1204,41,2026-09-26T00:54:27.307,8,left,7,8,18.458333333333343,True,
run_20260926_005346_067436,1204,41,2026-09-26T00:54:27.307,9,left,8,9,18.875,True,
run_20260926_005346_067436,1204,41,2026-09-26T00:54:27.307,10,left,9,10,18.33333333333333,True,
run_20260926_005346_067436,1204,41,2026-09-26T00:54:27.307,11,left,10,11,18.66666666666667,True,
run_20260926_005346_067436,1204,41,2026-09-26T00:54:27.307,12,left,11,12,18.5,True,
run_20260926_005346_067436,1204,41,2026-09-26T00:54:27.307,1,right,0,1,18.428571428571445,True,
run_20260926_005346_067436,1204,41,2026-09-26T00:54:27.307,2,right,1,2,18.571428571428555,True,
run_20260926_005346_067436,1204,41,2026-09-26T00:54:27.307,3,right,2,3,19.0,True,
run_20260926_005346_067436,1204,41,2026-09-26T00:54:27.307,4,right,3,4,19.0,True,
run_20260926_005346_067436,1204,41,2026-09-26T00:54:27.307,5,right,4,5,19.0,True,
run_20260926_005346_067436,1204,41,2026-09-26T00:54:27.307,6,right,5,6,18.75,True,
run_20260926_005346_067436,1204,41,2026-09-26T00:54:27.307,7,right,6,7,18.75,True,
run_20260926_005346_067436,1204,41,2026-09-26T00:54:27.307,8,right,7,8,19.0,True,
run_20260926_005346_067436,1204,41,2026-09-26T00:54:27.307,9,right,8,9,18.5,True,
run_20260926_005346_067436,1204,41,2026-09-26T00:54:27.307,10,right,9,10,18.5,True,
run_20260926_005346_067436,1204,41,2026-09-26T00:54:27.307,11,right,10,11,18.5,True,
run_20260926_005346_067436,1204,41,2026-09-26T00:54:27.307,12,right,11,12,19.0,True,
run_20260926_005346_067436,1235,42,2026-09-26T00:54:28.330,1,left,0,1,18.944444444444457,True,
run_20260926_005346_067436,1235,42,2026-09-26T00:54:28.330,2,left,1,2,18.875,True,
run_20260926_005346_067436,1235,42,2026-09-26T00:54:28.330,3,left,2,3,18.525000000000006,True,
run_20260926_005346_067436,1235,42,2026-09-26T00:54:28.330,4,left,3,4,18.599999999999994,True,
run_20260926_005346_067436,1235,42,2026-09-26T00:54:28.330,5,left,4,5,19.0,True,
run_20260926_005346_067436,1235,42,2026-09-26T00:54:28.330,6,left,5,6,18.785714285714278,True,
run_20260926_005346_067436,1235,42,2026-09-26T00:54:28.330,7,left,6,7,18.88095238095238,True,
run_20260926_005346_067436,1235,42,2026-09-26T00:54:28.330,8,left,7,8,18.458333333333343,True,
run_20260926_005346_067436,1235,42,2026-09-26T00:54:28.330,9,left,8,9,18.875,True,
run_20260926_005346_067436,1235,42,2026-09-26T00:54:28.330,10,left,9,10,18.33333333333333,True,
run_20260926_005346_067436,1235,42,2026-09-26T00:54:28.330,11,left,10,11,18.66666666666667,True,
run_20260926_005346_067436,1235,42,2026-09-26T00:54:28.330,12,left,11,12,18.5,True,
run_20260926_005346_067436,1235,42,2026-09-26T00:54:28.330,1,right,0,1,18.5,True,
run_20260926_005346_067436,1235,42,2026-09-26T00:54:28.330,2,right,1,2,18.5,True,
run_20260926_005346_067436,1235,42,2026-09-26T00:54:28.330,3,right,2,3,19.0,True,
run_20260926_005346_067436,1235,42,2026-09-26T00:54:28.330,4,right,3,4,19.0,True,
run_20260926_005346_067436,1235,42,2026-09-26T00:54:28.330,5,right,4,5,19.0,True,
run_20260926_005346_067436,1235,42,2026-09-26T00:54:28.330,6,right,5,6,18.75,True,
run_20260926_005346_067436,1235,42,2026-09-26T00:54:28.330,7,right,6,7,18.75,True,
run_20260926_005346_067436,1235,42,2026-09-26T00:54:28.330,8,right,7,8,19.0,True,
run_20260926_005346_067436,1235,42,2026-09-26T00:54:28.330,9,right,8,9,18.5,True,
run_20260926_005346_067436,1235,42,2026-09-26T00:54:28.330,10,right,9,10,18.5,True,
run_20260926_005346_067436,1235,42,2026-09-26T00:54:28.330,11,right,10,11,18.5,True,
run_20260926_005346_067436,1235,42,2026-09-26T00:54:28.330,12,right,11,12,19.0,True,
run_20260926_005346_067436,1265,43,2026-09-26T00:54:29.335,1,left,0,1,18.944444444444457,True,
run_20260926_005346_067436,1265,43,2026-09-26T00:54:29.335,2,left,1,2,18.875,True,
run_20260926_005346_067436,1265,43,2026-09-26T00:54:29.335,3,left,2,3,18.25,True,
run_20260926_005346_067436,1265,43,2026-09-26T00:54:29.335,4,left,3,4,18.875,True,
run_20260926_005346_067436,1265,43,2026-09-26T00:54:29.335,5,left,4,5,19.0,True,
run_20260926_005346_067436,1265,43,2026-09-26T00:54:29.335,6,left,5,6,18.785714285714278,True,
run_20260926_005346_067436,1265,43,2026-09-26T00:54:29.335,7,left,6,7,18.88095238095238,True,
run_20260926_005346_067436,1265,43,2026-09-26T00:54:29.335,8,left,7,8,18.458333333333343,True,
run_20260926_005346_067436,1265,43,2026-09-26T00:54:29.335,9,left,8,9,18.875,True,
run_20260926_005346_067436,1265,43,2026-09-26T00:54:29.335,10,left,9,10,18.33333333333333,True,
run_20260926_005346_067436,1265,43,2026-09-26T00:54:29.335,11,left,10,11,18.66666666666667,True,
run_20260926_005346_067436,1265,43,2026-09-26T00:54:29.335,12,left,11,12,18.5,True,
run_20260926_005346_067436,1265,43,2026-09-26T00:54:29.335,1,right,0,1,18.5,True,
run_20260926_005346_067436,1265,43,2026-09-26T00:54:29.335,2,right,1,2,18.5,True,
run_20260926_005346_067436,1265,43,2026-09-26T00:54:29.335,3,right,2,3,19.0,True,
run_20260926_005346_067436,1265,43,2026-09-26T00:54:29.335,4,right,3,4,19.0,True,
run_20260926_005346_067436,1265,43,2026-09-26T00:54:29.335,5,right,4,5,19.0,True,
run_20260926_005346_067436,1265,43,2026-09-26T00:54:29.335,6,right,5,6,18.75,True,
run_20260926_005346_067436,1265,43,2026-09-26T00:54:29.335,7,right,6,7,18.75,True,
run_20260926_005346_067436,1265,43,2026-09-26T00:54:29.335,8,right,7,8,19.0,True,
run_20260926_005346_067436,1265,43,2026-09-26T00:54:29.335,9,right,8,9,18.5,True,
run_20260926_005346_067436,1265,43,2026-09-26T00:54:29.335,10,right,9,10,18.5,True,
run_20260926_005346_067436,1265,43,2026-09-26T00:54:29.335,11,right,10,11,18.5,True,
run_20260926_005346_067436,1265,43,2026-09-26T00:54:29.335,12,right,11,12,19.0,True,
run_20260926_005346_067436,1296,44,2026-09-26T00:54:30.365,1,left,0,1,18.944444444444457,True,
run_20260926_005346_067436,1296,44,2026-09-26T00:54:30.365,2,left,1,2,18.875,True,
run_20260926_005346_067436,1296,44,2026-09-26T00:54:30.365,3,left,2,3,18.25,True,
run_20260926_005346_067436,1296,44,2026-09-26T00:54:30.365,4,left,3,4,18.875,True,
run_20260926_005346_067436,1296,44,2026-09-26T00:54:30.365,5,left,4,5,19.0,True,
run_20260926_005346_067436,1296,44,2026-09-26T00:54:30.365,6,left,5,6,18.785714285714278,True,
run_20260926_005346_067436,1296,44,2026-09-26T00:54:30.365,7,left,6,7,18.88095238095238,True,
run_20260926_005346_067436,1296,44,2026-09-26T00:54:30.365,8,left,7,8,18.458333333333343,True,
run_20260926_005346_067436,1296,44,2026-09-26T00:54:30.365,9,left,8,9,18.875,True,
run_20260926_005346_067436,1296,44,2026-09-26T00:54:30.365,10,left,9,10,18.33333333333333,True,
run_20260926_005346_067436,1296,44,2026-09-26T00:54:30.365,11,left,10,11,18.66666666666667,True,
run_20260926_005346_067436,1296,44,2026-09-26T00:54:30.365,12,left,11,12,18.5,True,
run_20260926_005346_067436,1296,44,2026-09-26T00:54:30.365,1,right,0,1,18.5,True,
run_20260926_005346_067436,1296,44,2026-09-26T00:54:30.365,2,right,1,2,18.5,True,
run_20260926_005346_067436,1296,44,2026-09-26T00:54:30.365,3,right,2,3,19.0,True,
run_20260926_005346_067436,1296,44,2026-09-26T00:54:30.365,4,right,3,4,19.0,True,
run_20260926_005346_067436,1296,44,2026-09-26T00:54:30.365,5,right,4,5,19.0,True,
run_20260926_005346_067436,1296,44,2026-09-26T00:54:30.365,6,right,5,6,18.75,True,
run_20260926_005346_067436,1296,44,2026-09-26T00:54:30.365,7,right,6,7,18.75,True,
run_20260926_005346_067436,1296,44,2026-09-26T00:54:30.365,8,right,7,8,19.0,True,
run_20260926_005346_067436,1296,44,2026-09-26T00:54:30.365,9,right,8,9,18.5,True,
run_20260926_005346_067436,1296,44,2026-09-26T00:54:30.365,10,right,9,10,18.5,True,
run_20260926_005346_067436,1296,44,2026-09-26T00:54:30.365,11,right,10,11,18.5,True,
run_20260926_005346_067436,1296,44,2026-09-26T00:54:30.365,12,right,11,12,19.0,True,
run_20260926_005346_067436,1327,45,2026-09-26T00:54:31.397,1,left,0,1,18.944444444444457,True,
run_20260926_005346_067436,1327,45,2026-09-26T00:54:31.397,2,left,1,2,18.875,True,
run_20260926_005346_067436,1327,45,2026-09-26T00:54:31.397,3,left,2,3,18.25,True,
run_20260926_005346_067436,1327,45,2026-09-26T00:54:31.397,4,left,3,4,18.875,True,
run_20260926_005346_067436,1327,45,2026-09-26T00:54:31.397,5,left,4,5,19.0,True,
run_20260926_005346_067436,1327,45,2026-09-26T00:54:31.397,6,left,5,6,18.785714285714278,True,
run_20260926_005346_067436,1327,45,2026-09-26T00:54:31.397,7,left,6,7,18.88095238095238,True,
run_20260926_005346_067436,1327,45,2026-09-26T00:54:31.397,8,left,7,8,18.458333333333343,True,
run_20260926_005346_067436,1327,45,2026-09-26T00:54:31.397,9,left,8,9,18.875,True,
run_20260926_005346_067436,1327,45,2026-09-26T00:54:31.397,10,left,9,10,18.33333333333333,True,
run_20260926_005346_067436,1327,45,2026-09-26T00:54:31.397,11,left,10,11,18.66666666666667,True,
run_20260926_005346_067436,1327,45,2026-09-26T00:54:31.397,12,left,11,12,18.5,True,
run_20260926_005346_067436,1327,45,2026-09-26T00:54:31.397,1,right,0,1,18.428571428571445,True,
run_20260926_005346_067436,1327,45,2026-09-26T00:54:31.397,2,right,1,2,18.571428571428555,True,
run_20260926_005346_067436,1327,45,2026-09-26T00:54:31.397,3,right,2,3,19.0,True,
run_20260926_005346_067436,1327,45,2026-09-26T00:54:31.397,4,right,3,4,19.0,True,
run_20260926_005346_067436,1327,45,2026-09-26T00:54:31.397,5,right,4,5,19.0,True,
run_20260926_005346_067436,1327,45,2026-09-26T00:54:31.397,6,right,5,6,18.75,True,
run_20260926_005346_067436,1327,45,2026-09-26T00:54:31.397,7,right,6,7,18.75,True,
run_20260926_005346_067436,1327,45,2026-09-26T00:54:31.397,8,right,7,8,19.0,True,
run_20260926_005346_067436,1327,45,2026-09-26T00:54:31.397,9,right,8,9,18.5,True,
run_20260926_005346_067436,1327,45,2026-09-26T00:54:31.397,10,right,9,10,18.5,True,
run_20260926_005346_067436,1327,45,2026-09-26T00:54:31.397,11,right,10,11,18.5,True,
run_20260926_005346_067436,1327,45,2026-09-26T00:54:31.397,12,right,11,12,19.0,True,
run_20260926_005346_067436,1357,46,2026-09-26T00:54:32.401,1,left,0,1,18.944444444444457,True,
run_20260926_005346_067436,1357,46,2026-09-26T00:54:32.401,2,left,1,2,18.875,True,
run_20260926_005346_067436,1357,46,2026-09-26T00:54:32.401,3,left,2,3,18.25,True,
run_20260926_005346_067436,1357,46,2026-09-26T00:54:32.401,4,left,3,4,18.875,True,
run_20260926_005346_067436,1357,46,2026-09-26T00:54:32.401,5,left,4,5,19.0,True,
run_20260926_005346_067436,1357,46,2026-09-26T00:54:32.401,6,left,5,6,18.785714285714278,True,
run_20260926_005346_067436,1357,46,2026-09-26T00:54:32.401,7,left,6,7,18.88095238095238,True,
run_20260926_005346_067436,1357,46,2026-09-26T00:54:32.401,8,left,7,8,18.458333333333343,True,
run_20260926_005346_067436,1357,46,2026-09-26T00:54:32.401,9,left,8,9,18.875,True,
run_20260926_005346_067436,1357,46,2026-09-26T00:54:32.401,10,left,9,10,18.33333333333333,True,
run_20260926_005346_067436,1357,46,2026-09-26T00:54:32.401,11,left,10,11,18.66666666666667,True,
run_20260926_005346_067436,1357,46,2026-09-26T00:54:32.401,12,left,11,12,18.5,True,
run_20260926_005346_067436,1357,46,2026-09-26T00:54:32.401,1,right,0,1,18.5,True,
run_20260926_005346_067436,1357,46,2026-09-26T00:54:32.401,2,right,1,2,18.5,True,
run_20260926_005346_067436,1357,46,2026-09-26T00:54:32.401,3,right,2,3,19.0,True,
run_20260926_005346_067436,1357,46,2026-09-26T00:54:32.401,4,right,3,4,19.0,True,
run_20260926_005346_067436,1357,46,2026-09-26T00:54:32.401,5,right,4,5,19.0,True,
run_20260926_005346_067436,1357,46,2026-09-26T00:54:32.401,6,right,5,6,18.75,True,
run_20260926_005346_067436,1357,46,2026-09-26T00:54:32.401,7,right,6,7,18.75,True,
run_20260926_005346_067436,1357,46,2026-09-26T00:54:32.401,8,right,7,8,19.0,True,
run_20260926_005346_067436,1357,46,2026-09-26T00:54:32.401,9,right,8,9,18.5,True,
run_20260926_005346_067436,1357,46,2026-09-26T00:54:32.401,10,right,9,10,18.5,True,
run_20260926_005346_067436,1357,46,2026-09-26T00:54:32.401,11,right,10,11,18.5,True,
run_20260926_005346_067436,1357,46,2026-09-26T00:54:32.401,12,right,11,12,19.0,True,
run_20260926_005346_067436,1388,47,2026-09-26T00:54:33.433,1,left,0,1,18.944444444444457,True,
run_20260926_005346_067436,1388,47,2026-09-26T00:54:33.433,2,left,1,2,18.875,True,
run_20260926_005346_067436,1388,47,2026-09-26T00:54:33.433,3,left,2,3,18.25,True,
run_20260926_005346_067436,1388,47,2026-09-26T00:54:33.433,4,left,3,4,18.875,True,
run_20260926_005346_067436,1388,47,2026-09-26T00:54:33.433,5,left,4,5,19.0,True,
run_20260926_005346_067436,1388,47,2026-09-26T00:54:33.433,6,left,5,6,18.785714285714278,True,
run_20260926_005346_067436,1388,47,2026-09-26T00:54:33.433,7,left,6,7,18.88095238095238,True,
run_20260926_005346_067436,1388,47,2026-09-26T00:54:33.433,8,left,7,8,18.458333333333343,True,
run_20260926_005346_067436,1388,47,2026-09-26T00:54:33.433,9,left,8,9,18.875,True,
run_20260926_005346_067436,1388,47,2026-09-26T00:54:33.433,10,left,9,10,18.33333333333333,True,
run_20260926_005346_067436,1388,47,2026-09-26T00:54:33.433,11,left,10,11,18.66666666666667,True,
run_20260926_005346_067436,1388,47,2026-09-26T00:54:33.433,12,left,11,12,18.5,True,
run_20260926_005346_067436,1388,47,2026-09-26T00:54:33.433,1,right,0,1,18.5,True,
run_20260926_005346_067436,1388,47,2026-09-26T00:54:33.433,2,right,1,2,18.5,True,
run_20260926_005346_067436,1388,47,2026-09-26T00:54:33.433,3,right,2,3,19.0,True,
run_20260926_005346_067436,1388,47,2026-09-26T00:54:33.433,4,right,3,4,19.0,True,
run_20260926_005346_067436,1388,47,2026-09-26T00:54:33.433,5,right,4,5,19.0,True,
run_20260926_005346_067436,1388,47,2026-09-26T00:54:33.433,6,right,5,6,18.75,True,
run_20260926_005346_067436,1388,47,2026-09-26T00:54:33.433,7,right,6,7,18.75,True,
run_20260926_005346_067436,1388,47,2026-09-26T00:54:33.433,8,right,7,8,19.0,True,
run_20260926_005346_067436,1388,47,2026-09-26T00:54:33.433,9,right,8,9,18.5,True,
run_20260926_005346_067436,1388,47,2026-09-26T00:54:33.433,10,right,9,10,18.5,True,
run_20260926_005346_067436,1388,47,2026-09-26T00:54:33.433,11,right,10,11,18.5,True,
run_20260926_005346_067436,1388,47,2026-09-26T00:54:33.433,12,right,11,12,19.0,True,
run_20260926_005346_067436,1419,48,2026-09-26T00:54:34.466,1,left,0,1,18.944444444444457,True,
run_20260926_005346_067436,1419,48,2026-09-26T00:54:34.466,2,left,1,2,18.875,True,
run_20260926_005346_067436,1419,48,2026-09-26T00:54:34.466,3,left,2,3,18.25,True,
run_20260926_005346_067436,1419,48,2026-09-26T00:54:34.466,4,left,3,4,18.875,True,
run_20260926_005346_067436,1419,48,2026-09-26T00:54:34.466,5,left,4,5,19.0,True,
run_20260926_005346_067436,1419,48,2026-09-26T00:54:34.466,6,left,5,6,18.785714285714278,True,
run_20260926_005346_067436,1419,48,2026-09-26T00:54:34.466,7,left,6,7,18.714285714285722,True,
run_20260926_005346_067436,1419,48,2026-09-26T00:54:34.466,8,left,7,8,18.625,True,
run_20260926_005346_067436,1419,48,2026-09-26T00:54:34.466,9,left,8,9,18.875,True,
run_20260926_005346_067436,1419,48,2026-09-26T00:54:34.466,10,left,9,10,18.33333333333333,True,
run_20260926_005346_067436,1419,48,2026-09-26T00:54:34.466,11,left,10,11,18.66666666666667,True,
run_20260926_005346_067436,1419,48,2026-09-26T00:54:34.466,12,left,11,12,18.5,True,
run_20260926_005346_067436,1419,48,2026-09-26T00:54:34.466,1,right,0,1,18.5,True,
run_20260926_005346_067436,1419,48,2026-09-26T00:54:34.466,2,right,1,2,18.5,True,
run_20260926_005346_067436,1419,48,2026-09-26T00:54:34.466,3,right,2,3,19.0,True,
run_20260926_005346_067436,1419,48,2026-09-26T00:54:34.466,4,right,3,4,19.0,True,
run_20260926_005346_067436,1419,48,2026-09-26T00:54:34.466,5,right,4,5,19.0,True,
run_20260926_005346_067436,1419,48,2026-09-26T00:54:34.466,6,right,5,6,18.863636363636374,True,
run_20260926_005346_067436,1419,48,2026-09-26T00:54:34.466,7,right,6,7,18.636363636363626,True,
run_20260926_005346_067436,1419,48,2026-09-26T00:54:34.466,8,right,7,8,19.0,True,
run_20260926_005346_067436,1419,48,2026-09-26T00:54:34.466,9,right,8,9,18.5,True,
run_20260926_005346_067436,1419,48,2026-09-26T00:54:34.466,10,right,9,10,18.75,True,
run_20260926_005346_067436,1419,48,2026-09-26T00:54:34.466,11,right,10,11,18.25,True,
run_20260926_005346_067436,1419,48,2026-09-26T00:54:34.466,12,right,11,12,19.0,True,
run_20260926_005346_067436,1449,49,2026-09-26T00:54:35.471,1,left,0,1,18.944444444444457,True,
run_20260926_005346_067436,1449,49,2026-09-26T00:54:35.471,2,left,1,2,18.875,True,
run_20260926_005346_067436,1449,49,2026-09-26T00:54:35.471,3,left,2,3,18.25,True,
run_20260926_005346_067436,1449,49,2026-09-26T00:54:35.471,4,left,3,4,18.875,True,
run_20260926_005346_067436,1449,49,2026-09-26T00:54:35.471,5,left,4,5,19.0,True,
run_20260926_005346_067436,1449,49,2026-09-26T00:54:35.471,6,left,5,6,18.785714285714278,True,
run_20260926_005346_067436,1449,49,2026-09-26T00:54:35.471,7,left,6,7,18.88095238095238,True,
run_20260926_005346_067436,1449,49,2026-09-26T00:54:35.471,8,left,7,8,18.458333333333343,True,
run_20260926_005346_067436,1449,49,2026-09-26T00:54:35.471,9,left,8,9,18.875,True,
run_20260926_005346_067436,1449,49,2026-09-26T00:54:35.471,10,left,9,10,18.33333333333333,True,
run_20260926_005346_067436,1449,49,2026-09-26T00:54:35.471,11,left,10,11,18.66666666666667,True,
run_20260926_005346_067436,1449,49,2026-09-26T00:54:35.471,12,left,11,12,18.5,True,
run_20260926_005346_067436,1449,49,2026-09-26T00:54:35.471,1,right,0,1,18.5,True,
run_20260926_005346_067436,1449,49,2026-09-26T00:54:35.471,2,right,1,2,18.5,True,
run_20260926_005346_067436,1449,49,2026-09-26T00:54:35.471,3,right,2,3,19.0,True,
run_20260926_005346_067436,1449,49,2026-09-26T00:54:35.471,4,right,3,4,19.0,True,
run_20260926_005346_067436,1449,49,2026-09-26T00:54:35.471,5,right,4,5,19.0,True,
run_20260926_005346_067436,1449,49,2026-09-26T00:54:35.471,6,right,5,6,18.863636363636374,True,
run_20260926_005346_067436,1449,49,2026-09-26T00:54:35.471,7,right,6,7,18.636363636363626,True,
run_20260926_005346_067436,1449,49,2026-09-26T00:54:35.471,8,right,7,8,19.0,True,
run_20260926_005346_067436,1449,49,2026-09-26T00:54:35.471,9,right,8,9,18.5,True,
run_20260926_005346_067436,1449,49,2026-09-26T00:54:35.471,10,right,9,10,18.65384615384619,True,
run_20260926_005346_067436,1449,49,2026-09-26T00:54:35.471,11,right,10,11,18.34615384615381,True,
run_20260926_005346_067436,1449,49,2026-09-26T00:54:35.471,12,right,11,12,19.0,True,
run_20260926_005346_067436,1480,50,2026-09-26T00:54:36.501,1,left,0,1,18.944444444444457,True,
run_20260926_005346_067436,1480,50,2026-09-26T00:54:36.501,2,left,1,2,18.875,True,
run_20260926_005346_067436,1480,50,2026-09-26T00:54:36.501,3,left,2,3,18.25,True,
run_20260926_005346_067436,1480,50,2026-09-26T00:54:36.501,4,left,3,4,18.875,True,
run_20260926_005346_067436,1480,50,2026-09-26T00:54:36.501,5,left,4,5,19.0,True,
run_20260926_005346_067436,1480,50,2026-09-26T00:54:36.501,6,left,5,6,18.785714285714278,True,
run_20260926_005346_067436,1480,50,2026-09-26T00:54:36.501,7,left,6,7,18.88095238095238,True,
run_20260926_005346_067436,1480,50,2026-09-26T00:54:36.501,8,left,7,8,18.458333333333343,True,
run_20260926_005346_067436,1480,50,2026-09-26T00:54:36.501,9,left,8,9,18.875,True,
run_20260926_005346_067436,1480,50,2026-09-26T00:54:36.501,10,left,9,10,18.33333333333333,True,
run_20260926_005346_067436,1480,50,2026-09-26T00:54:36.501,11,left,10,11,18.66666666666667,True,
run_20260926_005346_067436,1480,50,2026-09-26T00:54:36.501,12,left,11,12,18.5,True,
run_20260926_005346_067436,1480,50,2026-09-26T00:54:36.501,1,right,0,1,18.5,True,
run_20260926_005346_067436,1480,50,2026-09-26T00:54:36.501,2,right,1,2,18.5,True,
run_20260926_005346_067436,1480,50,2026-09-26T00:54:36.501,3,right,2,3,19.0,True,
run_20260926_005346_067436,1480,50,2026-09-26T00:54:36.501,4,right,3,4,19.0,True,
run_20260926_005346_067436,1480,50,2026-09-26T00:54:36.501,5,right,4,5,19.0,True,
run_20260926_005346_067436,1480,50,2026-09-26T00:54:36.501,6,right,5,6,18.863636363636374,True,
run_20260926_005346_067436,1480,50,2026-09-26T00:54:36.501,7,right,6,7,18.636363636363626,True,
run_20260926_005346_067436,1480,50,2026-09-26T00:54:36.501,8,right,7,8,19.0,True,
run_20260926_005346_067436,1480,50,2026-09-26T00:54:36.501,9,right,8,9,18.5,True,
run_20260926_005346_067436,1480,50,2026-09-26T00:54:36.501,10,right,9,10,18.75,True,
run_20260926_005346_067436,1480,50,2026-09-26T00:54:36.501,11,right,10,11,18.25,True,
run_20260926_005346_067436,1480,50,2026-09-26T00:54:36.501,12,right,11,12,19.0,True,
run_20260926_005346_067436,1511,51,2026-09-26T00:54:37.530,1,left,0,1,18.944444444444457,True,
run_20260926_005346_067436,1511,51,2026-09-26T00:54:37.530,2,left,1,2,18.875,True,
run_20260926_005346_067436,1511,51,2026-09-26T00:54:37.530,3,left,2,3,18.25,True,
run_20260926_005346_067436,1511,51,2026-09-26T00:54:37.530,4,left,3,4,18.875,True,
run_20260926_005346_067436,1511,51,2026-09-26T00:54:37.530,5,left,4,5,19.0,True,
run_20260926_005346_067436,1511,51,2026-09-26T00:54:37.530,6,left,5,6,18.785714285714278,True,
run_20260926_005346_067436,1511,51,2026-09-26T00:54:37.530,7,left,6,7,18.714285714285722,True,
run_20260926_005346_067436,1511,51,2026-09-26T00:54:37.530,8,left,7,8,18.625,True,
run_20260926_005346_067436,1511,51,2026-09-26T00:54:37.530,9,left,8,9,18.875,True,
run_20260926_005346_067436,1511,51,2026-09-26T00:54:37.530,10,left,9,10,18.33333333333333,True,
run_20260926_005346_067436,1511,51,2026-09-26T00:54:37.530,11,left,10,11,18.66666666666667,True,
run_20260926_005346_067436,1511,51,2026-09-26T00:54:37.530,12,left,11,12,18.5,True,
run_20260926_005346_067436,1511,51,2026-09-26T00:54:37.530,1,right,0,1,18.5,True,
run_20260926_005346_067436,1511,51,2026-09-26T00:54:37.530,2,right,1,2,18.5,True,
run_20260926_005346_067436,1511,51,2026-09-26T00:54:37.530,3,right,2,3,19.0,True,
run_20260926_005346_067436,1511,51,2026-09-26T00:54:37.530,4,right,3,4,19.0,True,
run_20260926_005346_067436,1511,51,2026-09-26T00:54:37.530,5,right,4,5,19.0,True,
run_20260926_005346_067436,1511,51,2026-09-26T00:54:37.530,6,right,5,6,18.863636363636374,True,
run_20260926_005346_067436,1511,51,2026-09-26T00:54:37.530,7,right,6,7,18.636363636363626,True,
run_20260926_005346_067436,1511,51,2026-09-26T00:54:37.530,8,right,7,8,19.0,True,
run_20260926_005346_067436,1511,51,2026-09-26T00:54:37.530,9,right,8,9,18.5,True,
run_20260926_005346_067436,1511,51,2026-09-26T00:54:37.530,10,right,9,10,18.65384615384619,True,
run_20260926_005346_067436,1511,51,2026-09-26T00:54:37.530,11,right,10,11,18.34615384615381,True,
run_20260926_005346_067436,1511,51,2026-09-26T00:54:37.530,12,right,11,12,19.0,True,
run_20260926_005346_067436,1541,52,2026-09-26T00:54:38.535,1,left,0,1,18.944444444444457,True,
run_20260926_005346_067436,1541,52,2026-09-26T00:54:38.535,2,left,1,2,18.875,True,
run_20260926_005346_067436,1541,52,2026-09-26T00:54:38.535,3,left,2,3,18.25,True,
run_20260926_005346_067436,1541,52,2026-09-26T00:54:38.535,4,left,3,4,18.875,True,
run_20260926_005346_067436,1541,52,2026-09-26T00:54:38.535,5,left,4,5,19.0,True,
run_20260926_005346_067436,1541,52,2026-09-26T00:54:38.535,6,left,5,6,18.785714285714278,True,
run_20260926_005346_067436,1541,52,2026-09-26T00:54:38.535,7,left,6,7,18.714285714285722,True,
run_20260926_005346_067436,1541,52,2026-09-26T00:54:38.535,8,left,7,8,18.625,True,
run_20260926_005346_067436,1541,52,2026-09-26T00:54:38.535,9,left,8,9,18.875,True,
run_20260926_005346_067436,1541,52,2026-09-26T00:54:38.535,10,left,9,10,18.214285714285708,True,
run_20260926_005346_067436,1541,52,2026-09-26T00:54:38.535,11,left,10,11,18.785714285714292,True,
run_20260926_005346_067436,1541,52,2026-09-26T00:54:38.535,12,left,11,12,18.5,True,
run_20260926_005346_067436,1541,52,2026-09-26T00:54:38.535,1,right,0,1,18.5,True,
run_20260926_005346_067436,1541,52,2026-09-26T00:54:38.535,2,right,1,2,18.636363636363626,True,
run_20260926_005346_067436,1541,52,2026-09-26T00:54:38.535,3,right,2,3,18.863636363636374,True,
run_20260926_005346_067436,1541,52,2026-09-26T00:54:38.535,4,right,3,4,19.0,True,
run_20260926_005346_067436,1541,52,2026-09-26T00:54:38.535,5,right,4,5,19.0,True,
run_20260926_005346_067436,1541,52,2026-09-26T00:54:38.535,6,right,5,6,18.863636363636374,True,
run_20260926_005346_067436,1541,52,2026-09-26T00:54:38.535,7,right,6,7,18.636363636363626,True,
run_20260926_005346_067436,1541,52,2026-09-26T00:54:38.535,8,right,7,8,19.0,True,
run_20260926_005346_067436,1541,52,2026-09-26T00:54:38.535,9,right,8,9,18.5,True,
run_20260926_005346_067436,1541,52,2026-09-26T00:54:38.535,10,right,9,10,18.5,True,
run_20260926_005346_067436,1541,52,2026-09-26T00:54:38.535,11,right,10,11,18.5,True,
run_20260926_005346_067436,1541,52,2026-09-26T00:54:38.535,12,right,11,12,19.0,True,
run_20260926_005346_067436,1572,53,2026-09-26T00:54:39.565,1,left,0,1,18.944444444444457,True,
run_20260926_005346_067436,1572,53,2026-09-26T00:54:39.565,2,left,1,2,18.599999999999994,True,
run_20260926_005346_067436,1572,53,2026-09-26T00:54:39.565,3,left,2,3,18.400000000000006,True,
run_20260926_005346_067436,1572,53,2026-09-26T00:54:39.565,4,left,3,4,19.0,True,
run_20260926_005346_067436,1572,53,2026-09-26T00:54:39.565,5,left,4,5,19.0,True,
run_20260926_005346_067436,1572,53,2026-09-26T00:54:39.565,6,left,5,6,18.785714285714278,True,
run_20260926_005346_067436,1572,53,2026-09-26T00:54:39.565,7,left,6,7,18.714285714285722,True,
run_20260926_005346_067436,1572,53,2026-09-26T00:54:39.565,8,left,7,8,18.625,True,
run_20260926_005346_067436,1572,53,2026-09-26T00:54:39.565,9,left,8,9,18.875,True,
run_20260926_005346_067436,1572,53,2026-09-26T00:54:39.565,10,left,9,10,18.33333333333333,True,
run_20260926_005346_067436,1572,53,2026-09-26T00:54:39.565,11,left,10,11,18.66666666666667,True,
run_20260926_005346_067436,1572,53,2026-09-26T00:54:39.565,12,left,11,12,18.5,True,
run_20260926_005346_067436,1572,53,2026-09-26T00:54:39.565,1,right,0,1,18.428571428571445,True,
run_20260926_005346_067436,1572,53,2026-09-26T00:54:39.565,2,right,1,2,18.821428571428555,True,
run_20260926_005346_067436,1572,53,2026-09-26T00:54:39.565,3,right,2,3,18.75,True,
run_20260926_005346_067436,1572,53,2026-09-26T00:54:39.565,4,right,3,4,19.0,True,
run_20260926_005346_067436,1572,53,2026-09-26T00:54:39.565,5,right,4,5,19.0,True,
run_20260926_005346_067436,1572,53,2026-09-26T00:54:39.565,6,right,5,6,18.863636363636374,True,
run_20260926_005346_067436,1572,53,2026-09-26T00:54:39.565,7,right,6,7,18.636363636363626,True,
run_20260926_005346_067436,1572,53,2026-09-26T00:54:39.565,8,right,7,8,19.0,True,
run_20260926_005346_067436,1572,53,2026-09-26T00:54:39.565,9,right,8,9,18.5,True,
run_20260926_005346_067436,1572,53,2026-09-26T00:54:39.565,10,right,9,10,18.75,True,
run_20260926_005346_067436,1572,53,2026-09-26T00:54:39.565,11,right,10,11,18.25,True,
run_20260926_005346_067436,1572,53,2026-09-26T00:54:39.565,12,right,11,12,19.0,True,
run_20260926_005346_067436,1602,54,2026-09-26T00:54:40.568,1,left,0,1,18.888888888888914,True,
run_20260926_005346_067436,1602,54,2026-09-26T00:54:40.568,2,left,1,2,18.655555555555537,True,
run_20260926_005346_067436,1602,54,2026-09-26T00:54:40.568,3,left,2,3,18.400000000000006,True,
run_20260926_005346_067436,1602,54,2026-09-26T00:54:40.568,4,left,3,4,19.0,True,
run_20260926_005346_067436,1602,54,2026-09-26T00:54:40.568,5,left,4,5,19.0,True,
run_20260926_005346_067436,1602,54,2026-09-26T00:54:40.568,6,left,5,6,18.785714285714278,True,
run_20260926_005346_067436,1602,54,2026-09-26T00:54:40.568,7,left,6,7,18.714285714285722,True,
run_20260926_005346_067436,1602,54,2026-09-26T00:54:40.568,8,left,7,8,18.625,True,
run_20260926_005346_067436,1602,54,2026-09-26T00:54:40.568,9,left,8,9,18.875,True,
run_20260926_005346_067436,1602,54,2026-09-26T00:54:40.568,10,left,9,10,18.33333333333333,True,
run_20260926_005346_067436,1602,54,2026-09-26T00:54:40.568,11,left,10,11,18.66666666666667,True,
run_20260926_005346_067436,1602,54,2026-09-26T00:54:40.568,12,left,11,12,18.42857142857143,True,
run_20260926_005346_067436,1602,54,2026-09-26T00:54:40.568,1,right,0,1,18.428571428571445,True,
run_20260926_005346_067436,1602,54,2026-09-26T00:54:40.568,2,right,1,2,18.821428571428555,True,
run_20260926_005346_067436,1602,54,2026-09-26T00:54:40.568,3,right,2,3,18.75,True,
run_20260926_005346_067436,1602,54,2026-09-26T00:54:40.568,4,right,3,4,19.0,True,
run_20260926_005346_067436,1602,54,2026-09-26T00:54:40.568,5,right,4,5,19.0,True,
run_20260926_005346_067436,1602,54,2026-09-26T00:54:40.568,6,right,5,6,18.863636363636374,True,
run_20260926_005346_067436,1602,54,2026-09-26T00:54:40.568,7,right,6,7,18.636363636363626,True,
run_20260926_005346_067436,1602,54,2026-09-26T00:54:40.568,8,right,7,8,19.0,True,
run_20260926_005346_067436,1602,54,2026-09-26T00:54:40.568,9,right,8,9,18.5,True,
run_20260926_005346_067436,1602,54,2026-09-26T00:54:40.568,10,right,9,10,18.571428571428555,True,
run_20260926_005346_067436,1602,54,2026-09-26T00:54:40.568,11,right,10,11,18.428571428571445,True,
run_20260926_005346_067436,1602,54,2026-09-26T00:54:40.568,12,right,11,12,19.0,True,
run_20260926_005346_067436,1633,55,2026-09-26T00:54:41.598,1,left,0,1,18.944444444444457,True,
run_20260926_005346_067436,1633,55,2026-09-26T00:54:41.598,2,left,1,2,18.599999999999994,True,
run_20260926_005346_067436,1633,55,2026-09-26T00:54:41.598,3,left,2,3,18.400000000000006,True,
run_20260926_005346_067436,1633,55,2026-09-26T00:54:41.598,4,left,3,4,19.0,True,
run_20260926_005346_067436,1633,55,2026-09-26T00:54:41.598,5,left,4,5,19.0,True,
run_20260926_005346_067436,1633,55,2026-09-26T00:54:41.598,6,left,5,6,18.785714285714278,True,
run_20260926_005346_067436,1633,55,2026-09-26T00:54:41.598,7,left,6,7,18.714285714285722,True,
run_20260926_005346_067436,1633,55,2026-09-26T00:54:41.598,8,left,7,8,18.625,True,
run_20260926_005346_067436,1633,55,2026-09-26T00:54:41.598,9,left,8,9,18.875,True,
run_20260926_005346_067436,1633,55,2026-09-26T00:54:41.598,10,left,9,10,18.33333333333333,True,
run_20260926_005346_067436,1633,55,2026-09-26T00:54:41.598,11,left,10,11,18.66666666666667,True,
run_20260926_005346_067436,1633,55,2026-09-26T00:54:41.598,12,left,11,12,18.5,True,
run_20260926_005346_067436,1633,55,2026-09-26T00:54:41.598,1,right,0,1,18.5,True,
run_20260926_005346_067436,1633,55,2026-09-26T00:54:41.598,2,right,1,2,18.636363636363626,True,
run_20260926_005346_067436,1633,55,2026-09-26T00:54:41.598,3,right,2,3,18.863636363636374,True,
run_20260926_005346_067436,1633,55,2026-09-26T00:54:41.598,4,right,3,4,19.0,True,
run_20260926_005346_067436,1633,55,2026-09-26T00:54:41.598,5,right,4,5,19.0,True,
run_20260926_005346_067436,1633,55,2026-09-26T00:54:41.598,6,right,5,6,18.863636363636374,True,
run_20260926_005346_067436,1633,55,2026-09-26T00:54:41.598,7,right,6,7,18.636363636363626,True,
run_20260926_005346_067436,1633,55,2026-09-26T00:54:41.598,8,right,7,8,19.0,True,
run_20260926_005346_067436,1633,55,2026-09-26T00:54:41.598,9,right,8,9,18.5,True,
run_20260926_005346_067436,1633,55,2026-09-26T00:54:41.598,10,right,9,10,18.571428571428555,True,
run_20260926_005346_067436,1633,55,2026-09-26T00:54:41.598,11,right,10,11,18.428571428571445,True,
run_20260926_005346_067436,1633,55,2026-09-26T00:54:41.598,12,right,11,12,19.0,True,
run_20260926_005346_067436,1663,56,2026-09-26T00:54:42.601,1,left,0,1,18.888888888888914,True,
run_20260926_005346_067436,1663,56,2026-09-26T00:54:42.601,2,left,1,2,18.655555555555537,True,
run_20260926_005346_067436,1663,56,2026-09-26T00:54:42.601,3,left,2,3,18.400000000000006,True,
run_20260926_005346_067436,1663,56,2026-09-26T00:54:42.601,4,left,3,4,19.0,True,
run_20260926_005346_067436,1663,56,2026-09-26T00:54:42.601,5,left,4,5,19.0,True,
run_20260926_005346_067436,1663,56,2026-09-26T00:54:42.601,6,left,5,6,18.785714285714278,True,
run_20260926_005346_067436,1663,56,2026-09-26T00:54:42.601,7,left,6,7,18.714285714285722,True,
run_20260926_005346_067436,1663,56,2026-09-26T00:54:42.601,8,left,7,8,18.5,True,
run_20260926_005346_067436,1663,56,2026-09-26T00:54:42.601,9,left,8,9,19.0,True,
run_20260926_005346_067436,1663,56,2026-09-26T00:54:42.601,10,left,9,10,18.33333333333333,True,
run_20260926_005346_067436,1663,56,2026-09-26T00:54:42.601,11,left,10,11,18.66666666666667,True,
run_20260926_005346_067436,1663,56,2026-09-26T00:54:42.601,12,left,11,12,18.42857142857143,True,
run_20260926_005346_067436,1663,56,2026-09-26T00:54:42.601,1,right,0,1,18.5,True,
run_20260926_005346_067436,1663,56,2026-09-26T00:54:42.601,2,right,1,2,18.75,True,
run_20260926_005346_067436,1663,56,2026-09-26T00:54:42.601,3,right,2,3,18.75,True,
run_20260926_005346_067436,1663,56,2026-09-26T00:54:42.601,4,right,3,4,19.0,True,
run_20260926_005346_067436,1663,56,2026-09-26T00:54:42.601,5,right,4,5,19.0,True,
run_20260926_005346_067436,1663,56,2026-09-26T00:54:42.601,6,right,5,6,18.863636363636374,True,
run_20260926_005346_067436,1663,56,2026-09-26T00:54:42.601,7,right,6,7,18.636363636363626,True,
run_20260926_005346_067436,1663,56,2026-09-26T00:54:42.601,8,right,7,8,19.0,True,
run_20260926_005346_067436,1663,56,2026-09-26T00:54:42.601,9,right,8,9,18.5,True,
run_20260926_005346_067436,1663,56,2026-09-26T00:54:42.601,10,right,9,10,18.75,True,
run_20260926_005346_067436,1663,56,2026-09-26T00:54:42.601,11,right,10,11,18.25,True,
run_20260926_005346_067436,1663,56,2026-09-26T00:54:42.601,12,right,11,12,19.0,True,
run_20260926_005346_067436,1694,57,2026-09-26T00:54:43.631,1,left,0,1,18.944444444444457,True,
run_20260926_005346_067436,1694,57,2026-09-26T00:54:43.631,2,left,1,2,18.599999999999994,True,
run_20260926_005346_067436,1694,57,2026-09-26T00:54:43.631,3,left,2,3,18.525000000000006,True,
run_20260926_005346_067436,1694,57,2026-09-26T00:54:43.631,4,left,3,4,18.875,True,
run_20260926_005346_067436,1694,57,2026-09-26T00:54:43.631,5,left,4,5,19.0,True,
run_20260926_005346_067436,1694,57,2026-09-26T00:54:43.631,6,left,5,6,18.785714285714278,True,
run_20260926_005346_067436,1694,57,2026-09-26T00:54:43.631,7,left,6,7,18.714285714285722,True,
run_20260926_005346_067436,1694,57,2026-09-26T00:54:43.631,8,left,7,8,18.625,True,
run_20260926_005346_067436,1694,57,2026-09-26T00:54:43.631,9,left,8,9,18.875,True,
run_20260926_005346_067436,1694,57,2026-09-26T00:54:43.631,10,left,9,10,18.33333333333333,True,
run_20260926_005346_067436,1694,57,2026-09-26T00:54:43.631,11,left,10,11,18.66666666666667,True,
run_20260926_005346_067436,1694,57,2026-09-26T00:54:43.631,12,left,11,12,18.5,True,
run_20260926_005346_067436,1694,57,2026-09-26T00:54:43.631,1,right,0,1,18.5,True,
run_20260926_005346_067436,1694,57,2026-09-26T00:54:43.631,2,right,1,2,18.75,True,
run_20260926_005346_067436,1694,57,2026-09-26T00:54:43.631,3,right,2,3,18.75,True,
run_20260926_005346_067436,1694,57,2026-09-26T00:54:43.631,4,right,3,4,19.0,True,
run_20260926_005346_067436,1694,57,2026-09-26T00:54:43.631,5,right,4,5,19.0,True,
run_20260926_005346_067436,1694,57,2026-09-26T00:54:43.631,6,right,5,6,18.863636363636374,True,
run_20260926_005346_067436,1694,57,2026-09-26T00:54:43.631,7,right,6,7,18.636363636363626,True,
run_20260926_005346_067436,1694,57,2026-09-26T00:54:43.631,8,right,7,8,19.0,True,
run_20260926_005346_067436,1694,57,2026-09-26T00:54:43.631,9,right,8,9,18.5,True,
run_20260926_005346_067436,1694,57,2026-09-26T00:54:43.631,10,right,9,10,18.75,True,
run_20260926_005346_067436,1694,57,2026-09-26T00:54:43.631,11,right,10,11,18.25,True,
run_20260926_005346_067436,1694,57,2026-09-26T00:54:43.631,12,right,11,12,19.0,True,
run_20260926_005346_067436,1724,58,2026-09-26T00:54:44.631,1,left,0,1,18.944444444444457,True,
run_20260926_005346_067436,1724,58,2026-09-26T00:54:44.631,2,left,1,2,18.599999999999994,True,
run_20260926_005346_067436,1724,58,2026-09-26T00:54:44.631,3,left,2,3,18.400000000000006,True,
run_20260926_005346_067436,1724,58,2026-09-26T00:54:44.631,4,left,3,4,19.0,True,
run_20260926_005346_067436,1724,58,2026-09-26T00:54:44.631,5,left,4,5,19.0,True,
run_20260926_005346_067436,1724,58,2026-09-26T00:54:44.631,6,left,5,6,18.785714285714278,True,
run_20260926_005346_067436,1724,58,2026-09-26T00:54:44.631,7,left,6,7,18.714285714285722,True,
run_20260926_005346_067436,1724,58,2026-09-26T00:54:44.631,8,left,7,8,18.5,True,
run_20260926_005346_067436,1724,58,2026-09-26T00:54:44.631,9,left,8,9,18.900000000000006,True,
run_20260926_005346_067436,1724,58,2026-09-26T00:54:44.631,10,left,9,10,18.433333333333323,True,
run_20260926_005346_067436,1724,58,2026-09-26T00:54:44.631,11,left,10,11,18.66666666666667,True,
run_20260926_005346_067436,1724,58,2026-09-26T00:54:44.631,12,left,11,12,18.42857142857143,True,
run_20260926_005346_067436,1724,58,2026-09-26T00:54:44.631,1,right,0,1,18.5,True,
run_20260926_005346_067436,1724,58,2026-09-26T00:54:44.631,2,right,1,2,18.75,True,
run_20260926_005346_067436,1724,58,2026-09-26T00:54:44.631,3,right,2,3,18.75,True,
run_20260926_005346_067436,1724,58,2026-09-26T00:54:44.631,4,right,3,4,19.0,True,
run_20260926_005346_067436,1724,58,2026-09-26T00:54:44.631,5,right,4,5,19.0,True,
run_20260926_005346_067436,1724,58,2026-09-26T00:54:44.631,6,right,5,6,18.863636363636374,True,
run_20260926_005346_067436,1724,58,2026-09-26T00:54:44.631,7,right,6,7,18.636363636363626,True,
run_20260926_005346_067436,1724,58,2026-09-26T00:54:44.631,8,right,7,8,19.0,True,
run_20260926_005346_067436,1724,58,2026-09-26T00:54:44.631,9,right,8,9,18.5,True,
run_20260926_005346_067436,1724,58,2026-09-26T00:54:44.631,10,right,9,10,18.75,True,
run_20260926_005346_067436,1724,58,2026-09-26T00:54:44.631,11,right,10,11,18.25,True,
run_20260926_005346_067436,1724,58,2026-09-26T00:54:44.631,12,right,11,12,19.0,True,
run_20260926_005346_067436,1754,59,2026-09-26T00:54:45.634,1,left,0,1,18.944444444444457,True,
run_20260926_005346_067436,1754,59,2026-09-26T00:54:45.634,2,left,1,2,18.599999999999994,True,
run_20260926_005346_067436,1754,59,2026-09-26T00:54:45.634,3,left,2,3,18.400000000000006,True,
run_20260926_005346_067436,1754,59,2026-09-26T00:54:45.634,4,left,3,4,19.0,True,
run_20260926_005346_067436,1754,59,2026-09-26T00:54:45.634,5,left,4,5,19.0,True,
run_20260926_005346_067436,1754,59,2026-09-26T00:54:45.634,6,left,5,6,18.785714285714278,True,
run_20260926_005346_067436,1754,59,2026-09-26T00:54:45.634,7,left,6,7,18.88095238095238,True,
run_20260926_005346_067436,1754,59,2026-09-26T00:54:45.634,8,left,7,8,18.458333333333343,True,
run_20260926_005346_067436,1754,59,2026-09-26T00:54:45.634,9,left,8,9,18.875,True,
run_20260926_005346_067436,1754,59,2026-09-26T00:54:45.634,10,left,9,10,18.33333333333333,True,
run_20260926_005346_067436,1754,59,2026-09-26T00:54:45.634,11,left,10,11,18.66666666666667,True,
run_20260926_005346_067436,1754,59,2026-09-26T00:54:45.634,12,left,11,12,18.5,True,
run_20260926_005346_067436,1754,59,2026-09-26T00:54:45.634,1,right,0,1,18.5,True,
run_20260926_005346_067436,1754,59,2026-09-26T00:54:45.634,2,right,1,2,18.75,True,
run_20260926_005346_067436,1754,59,2026-09-26T00:54:45.634,3,right,2,3,18.75,True,
run_20260926_005346_067436,1754,59,2026-09-26T00:54:45.634,4,right,3,4,19.0,True,
run_20260926_005346_067436,1754,59,2026-09-26T00:54:45.634,5,right,4,5,19.0,True,
run_20260926_005346_067436,1754,59,2026-09-26T00:54:45.634,6,right,5,6,18.863636363636374,True,
run_20260926_005346_067436,1754,59,2026-09-26T00:54:45.634,7,right,6,7,18.636363636363626,True,
run_20260926_005346_067436,1754,59,2026-09-26T00:54:45.634,8,right,7,8,19.0,True,
run_20260926_005346_067436,1754,59,2026-09-26T00:54:45.634,9,right,8,9,18.5,True,
run_20260926_005346_067436,1754,59,2026-09-26T00:54:45.634,10,right,9,10,18.75,True,
run_20260926_005346_067436,1754,59,2026-09-26T00:54:45.634,11,right,10,11,18.25,True,
run_20260926_005346_067436,1754,59,2026-09-26T00:54:45.634,12,right,11,12,19.0,True,
run_20260926_005346_067436,1785,60,2026-09-26T00:54:46.663,1,left,0,1,18.944444444444457,True,
run_20260926_005346_067436,1785,60,2026-09-26T00:54:46.663,2,left,1,2,18.599999999999994,True,
run_20260926_005346_067436,1785,60,2026-09-26T00:54:46.663,3,left,2,3,18.525000000000006,True,
run_20260926_005346_067436,1785,60,2026-09-26T00:54:46.663,4,left,3,4,18.875,True,
run_20260926_005346_067436,1785,60,2026-09-26T00:54:46.663,5,left,4,5,19.0,True,
run_20260926_005346_067436,1785,60,2026-09-26T00:54:46.663,6,left,5,6,18.785714285714278,True,
run_20260926_005346_067436,1785,60,2026-09-26T00:54:46.663,7,left,6,7,18.714285714285722,True,
run_20260926_005346_067436,1785,60,2026-09-26T00:54:46.663,8,left,7,8,18.5,True,
run_20260926_005346_067436,1785,60,2026-09-26T00:54:46.663,9,left,8,9,19.0,True,
run_20260926_005346_067436,1785,60,2026-09-26T00:54:46.663,10,left,9,10,18.33333333333333,True,
run_20260926_005346_067436,1785,60,2026-09-26T00:54:46.663,11,left,10,11,18.66666666666667,True,
run_20260926_005346_067436,1785,60,2026-09-26T00:54:46.663,12,left,11,12,18.42857142857143,True,
run_20260926_005346_067436,1785,60,2026-09-26T00:54:46.663,1,right,0,1,18.5,True,
run_20260926_005346_067436,1785,60,2026-09-26T00:54:46.663,2,right,1,2,18.75,True,
run_20260926_005346_067436,1785,60,2026-09-26T00:54:46.663,3,right,2,3,18.75,True,
run_20260926_005346_067436,1785,60,2026-09-26T00:54:46.663,4,right,3,4,19.0,True,
run_20260926_005346_067436,1785,60,2026-09-26T00:54:46.663,5,right,4,5,19.0,True,
run_20260926_005346_067436,1785,60,2026-09-26T00:54:46.663,6,right,5,6,18.863636363636374,True,
run_20260926_005346_067436,1785,60,2026-09-26T00:54:46.663,7,right,6,7,18.636363636363626,True,
run_20260926_005346_067436,1785,60,2026-09-26T00:54:46.663,8,right,7,8,19.0,True,
run_20260926_005346_067436,1785,60,2026-09-26T00:54:46.663,9,right,8,9,18.5,True,
run_20260926_005346_067436,1785,60,2026-09-26T00:54:46.663,10,right,9,10,18.75,True,
run_20260926_005346_067436,1785,60,2026-09-26T00:54:46.663,11,right,10,11,18.25,True,
run_20260926_005346_067436,1785,60,2026-09-26T00:54:46.663,12,right,11,12,19.0,True,
run_20260926_005346_067436,1815,61,2026-09-26T00:54:47.668,1,left,0,1,18.944444444444457,True,
run_20260926_005346_067436,1815,61,2026-09-26T00:54:47.668,2,left,1,2,18.599999999999994,True,
run_20260926_005346_067436,1815,61,2026-09-26T00:54:47.668,3,left,2,3,18.525000000000006,True,
run_20260926_005346_067436,1815,61,2026-09-26T00:54:47.668,4,left,3,4,18.875,True,
run_20260926_005346_067436,1815,61,2026-09-26T00:54:47.668,5,left,4,5,19.0,True,
run_20260926_005346_067436,1815,61,2026-09-26T00:54:47.668,6,left,5,6,18.785714285714278,True,
run_20260926_005346_067436,1815,61,2026-09-26T00:54:47.668,7,left,6,7,18.88095238095238,True,
run_20260926_005346_067436,1815,61,2026-09-26T00:54:47.668,8,left,7,8,18.458333333333343,True,
run_20260926_005346_067436,1815,61,2026-09-26T00:54:47.668,9,left,8,9,18.875,True,
run_20260926_005346_067436,1815,61,2026-09-26T00:54:47.668,10,left,9,10,18.33333333333333,True,
run_20260926_005346_067436,1815,61,2026-09-26T00:54:47.668,11,left,10,11,18.66666666666667,True,
run_20260926_005346_067436,1815,61,2026-09-26T00:54:47.668,12,left,11,12,18.42857142857143,True,
run_20260926_005346_067436,1815,61,2026-09-26T00:54:47.668,1,right,0,1,18.5,True,
run_20260926_005346_067436,1815,61,2026-09-26T00:54:47.668,2,right,1,2,18.75,True,
run_20260926_005346_067436,1815,61,2026-09-26T00:54:47.668,3,right,2,3,18.75,True,
run_20260926_005346_067436,1815,61,2026-09-26T00:54:47.668,4,right,3,4,19.0,True,
run_20260926_005346_067436,1815,61,2026-09-26T00:54:47.668,5,right,4,5,19.0,True,
run_20260926_005346_067436,1815,61,2026-09-26T00:54:47.668,6,right,5,6,18.863636363636374,True,
run_20260926_005346_067436,1815,61,2026-09-26T00:54:47.668,7,right,6,7,18.636363636363626,True,
run_20260926_005346_067436,1815,61,2026-09-26T00:54:47.668,8,right,7,8,19.0,True,
run_20260926_005346_067436,1815,61,2026-09-26T00:54:47.668,9,right,8,9,18.5,True,
run_20260926_005346_067436,1815,61,2026-09-26T00:54:47.668,10,right,9,10,18.75,True,
run_20260926_005346_067436,1815,61,2026-09-26T00:54:47.668,11,right,10,11,18.25,True,
run_20260926_005346_067436,1815,61,2026-09-26T00:54:47.668,12,right,11,12,19.0,True,
run_20260926_005346_067436,1846,62,2026-09-26T00:54:48.697,1,left,0,1,18.944444444444457,True,
run_20260926_005346_067436,1846,62,2026-09-26T00:54:48.697,2,left,1,2,18.599999999999994,True,
run_20260926_005346_067436,1846,62,2026-09-26T00:54:48.697,3,left,2,3,18.525000000000006,True,
run_20260926_005346_067436,1846,62,2026-09-26T00:54:48.697,4,left,3,4,18.875,True,
run_20260926_005346_067436,1846,62,2026-09-26T00:54:48.697,5,left,4,5,19.0,True,
run_20260926_005346_067436,1846,62,2026-09-26T00:54:48.697,6,left,5,6,18.785714285714278,True,
run_20260926_005346_067436,1846,62,2026-09-26T00:54:48.697,7,left,6,7,18.88095238095238,True,
run_20260926_005346_067436,1846,62,2026-09-26T00:54:48.697,8,left,7,8,18.458333333333343,True,
run_20260926_005346_067436,1846,62,2026-09-26T00:54:48.697,9,left,8,9,18.875,True,
run_20260926_005346_067436,1846,62,2026-09-26T00:54:48.697,10,left,9,10,18.33333333333333,True,
run_20260926_005346_067436,1846,62,2026-09-26T00:54:48.697,11,left,10,11,18.66666666666667,True,
run_20260926_005346_067436,1846,62,2026-09-26T00:54:48.697,12,left,11,12,18.5,True,
run_20260926_005346_067436,1846,62,2026-09-26T00:54:48.697,1,right,0,1,18.5,True,
run_20260926_005346_067436,1846,62,2026-09-26T00:54:48.697,2,right,1,2,18.75,True,
run_20260926_005346_067436,1846,62,2026-09-26T00:54:48.697,3,right,2,3,18.75,True,
run_20260926_005346_067436,1846,62,2026-09-26T00:54:48.697,4,right,3,4,19.0,True,
run_20260926_005346_067436,1846,62,2026-09-26T00:54:48.697,5,right,4,5,19.0,True,
run_20260926_005346_067436,1846,62,2026-09-26T00:54:48.697,6,right,5,6,18.863636363636374,True,
run_20260926_005346_067436,1846,62,2026-09-26T00:54:48.697,7,right,6,7,18.636363636363626,True,
run_20260926_005346_067436,1846,62,2026-09-26T00:54:48.697,8,right,7,8,19.0,True,
run_20260926_005346_067436,1846,62,2026-09-26T00:54:48.697,9,right,8,9,18.5,True,
run_20260926_005346_067436,1846,62,2026-09-26T00:54:48.697,10,right,9,10,18.75,True,
run_20260926_005346_067436,1846,62,2026-09-26T00:54:48.697,11,right,10,11,18.25,True,
run_20260926_005346_067436,1846,62,2026-09-26T00:54:48.697,12,right,11,12,19.0,True,
run_20260926_005346_067436,1876,63,2026-09-26T00:54:49.698,1,left,0,1,18.944444444444457,True,
run_20260926_005346_067436,1876,63,2026-09-26T00:54:49.698,2,left,1,2,18.599999999999994,True,
run_20260926_005346_067436,1876,63,2026-09-26T00:54:49.698,3,left,2,3,18.525000000000006,True,
run_20260926_005346_067436,1876,63,2026-09-26T00:54:49.698,4,left,3,4,18.875,True,
run_20260926_005346_067436,1876,63,2026-09-26T00:54:49.698,5,left,4,5,19.0,True,
run_20260926_005346_067436,1876,63,2026-09-26T00:54:49.698,6,left,5,6,18.785714285714278,True,
run_20260926_005346_067436,1876,63,2026-09-26T00:54:49.698,7,left,6,7,18.714285714285722,True,
run_20260926_005346_067436,1876,63,2026-09-26T00:54:49.698,8,left,7,8,18.625,True,
run_20260926_005346_067436,1876,63,2026-09-26T00:54:49.698,9,left,8,9,18.875,True,
run_20260926_005346_067436,1876,63,2026-09-26T00:54:49.698,10,left,9,10,18.33333333333333,True,
run_20260926_005346_067436,1876,63,2026-09-26T00:54:49.698,11,left,10,11,18.66666666666667,True,
run_20260926_005346_067436,1876,63,2026-09-26T00:54:49.698,12,left,11,12,18.42857142857143,True,
run_20260926_005346_067436,1876,63,2026-09-26T00:54:49.698,1,right,0,1,18.5,True,
run_20260926_005346_067436,1876,63,2026-09-26T00:54:49.698,2,right,1,2,18.75,True,
run_20260926_005346_067436,1876,63,2026-09-26T00:54:49.698,3,right,2,3,18.75,True,
run_20260926_005346_067436,1876,63,2026-09-26T00:54:49.698,4,right,3,4,19.0,True,
run_20260926_005346_067436,1876,63,2026-09-26T00:54:49.698,5,right,4,5,19.0,True,
run_20260926_005346_067436,1876,63,2026-09-26T00:54:49.698,6,right,5,6,18.75,True,
run_20260926_005346_067436,1876,63,2026-09-26T00:54:49.698,7,right,6,7,18.75,True,
run_20260926_005346_067436,1876,63,2026-09-26T00:54:49.698,8,right,7,8,19.0,True,
run_20260926_005346_067436,1876,63,2026-09-26T00:54:49.698,9,right,8,9,18.5,True,
run_20260926_005346_067436,1876,63,2026-09-26T00:54:49.698,10,right,9,10,18.75,True,
run_20260926_005346_067436,1876,63,2026-09-26T00:54:49.698,11,right,10,11,18.25,True,
run_20260926_005346_067436,1876,63,2026-09-26T00:54:49.698,12,right,11,12,19.0,True,
run_20260926_005346_067436,1907,64,2026-09-26T00:54:50.731,1,left,0,1,18.944444444444457,True,
run_20260926_005346_067436,1907,64,2026-09-26T00:54:50.731,2,left,1,2,18.599999999999994,True,
run_20260926_005346_067436,1907,64,2026-09-26T00:54:50.731,3,left,2,3,18.525000000000006,True,
run_20260926_005346_067436,1907,64,2026-09-26T00:54:50.731,4,left,3,4,18.875,True,
run_20260926_005346_067436,1907,64,2026-09-26T00:54:50.731,5,left,4,5,19.0,True,
run_20260926_005346_067436,1907,64,2026-09-26T00:54:50.731,6,left,5,6,18.785714285714278,True,
run_20260926_005346_067436,1907,64,2026-09-26T00:54:50.731,7,left,6,7,18.714285714285722,True,
run_20260926_005346_067436,1907,64,2026-09-26T00:54:50.731,8,left,7,8,18.5,True,
run_20260926_005346_067436,1907,64,2026-09-26T00:54:50.731,9,left,8,9,19.0,True,
run_20260926_005346_067436,1907,64,2026-09-26T00:54:50.731,10,left,9,10,18.33333333333333,True,
run_20260926_005346_067436,1907,64,2026-09-26T00:54:50.731,11,left,10,11,18.66666666666667,True,
run_20260926_005346_067436,1907,64,2026-09-26T00:54:50.731,12,left,11,12,18.42857142857143,True,
run_20260926_005346_067436,1907,64,2026-09-26T00:54:50.731,1,right,0,1,18.5,True,
run_20260926_005346_067436,1907,64,2026-09-26T00:54:50.731,2,right,1,2,18.75,True,
run_20260926_005346_067436,1907,64,2026-09-26T00:54:50.731,3,right,2,3,18.75,True,
run_20260926_005346_067436,1907,64,2026-09-26T00:54:50.731,4,right,3,4,19.0,True,
run_20260926_005346_067436,1907,64,2026-09-26T00:54:50.731,5,right,4,5,19.0,True,
run_20260926_005346_067436,1907,64,2026-09-26T00:54:50.731,6,right,5,6,18.863636363636374,True,
run_20260926_005346_067436,1907,64,2026-09-26T00:54:50.731,7,right,6,7,18.636363636363626,True,
run_20260926_005346_067436,1907,64,2026-09-26T00:54:50.731,8,right,7,8,19.0,True,
run_20260926_005346_067436,1907,64,2026-09-26T00:54:50.731,9,right,8,9,18.5,True,
run_20260926_005346_067436,1907,64,2026-09-26T00:54:50.731,10,right,9,10,18.75,True,
run_20260926_005346_067436,1907,64,2026-09-26T00:54:50.731,11,right,10,11,18.25,True,
run_20260926_005346_067436,1907,64,2026-09-26T00:54:50.731,12,right,11,12,19.0,True,
run_20260926_005346_067436,1938,65,2026-09-26T00:54:51.763,1,left,0,1,18.944444444444457,True,
run_20260926_005346_067436,1938,65,2026-09-26T00:54:51.763,2,left,1,2,18.599999999999994,True,
run_20260926_005346_067436,1938,65,2026-09-26T00:54:51.763,3,left,2,3,18.525000000000006,True,
run_20260926_005346_067436,1938,65,2026-09-26T00:54:51.763,4,left,3,4,18.875,True,
run_20260926_005346_067436,1938,65,2026-09-26T00:54:51.763,5,left,4,5,19.0,True,
run_20260926_005346_067436,1938,65,2026-09-26T00:54:51.763,6,left,5,6,18.785714285714278,True,
run_20260926_005346_067436,1938,65,2026-09-26T00:54:51.763,7,left,6,7,18.714285714285722,True,
run_20260926_005346_067436,1938,65,2026-09-26T00:54:51.763,8,left,7,8,18.5,True,
run_20260926_005346_067436,1938,65,2026-09-26T00:54:51.763,9,left,8,9,19.0,True,
run_20260926_005346_067436,1938,65,2026-09-26T00:54:51.763,10,left,9,10,18.33333333333333,True,
run_20260926_005346_067436,1938,65,2026-09-26T00:54:51.763,11,left,10,11,18.66666666666667,True,
run_20260926_005346_067436,1938,65,2026-09-26T00:54:51.763,12,left,11,12,18.42857142857143,True,
run_20260926_005346_067436,1938,65,2026-09-26T00:54:51.763,1,right,0,1,18.5,True,
run_20260926_005346_067436,1938,65,2026-09-26T00:54:51.763,2,right,1,2,18.75,True,
run_20260926_005346_067436,1938,65,2026-09-26T00:54:51.763,3,right,2,3,18.75,True,
run_20260926_005346_067436,1938,65,2026-09-26T00:54:51.763,4,right,3,4,19.0,True,
run_20260926_005346_067436,1938,65,2026-09-26T00:54:51.763,5,right,4,5,19.0,True,
run_20260926_005346_067436,1938,65,2026-09-26T00:54:51.763,6,right,5,6,18.863636363636374,True,
run_20260926_005346_067436,1938,65,2026-09-26T00:54:51.763,7,right,6,7,18.636363636363626,True,
run_20260926_005346_067436,1938,65,2026-09-26T00:54:51.763,8,right,7,8,19.0,True,
run_20260926_005346_067436,1938,65,2026-09-26T00:54:51.763,9,right,8,9,18.5,True,
run_20260926_005346_067436,1938,65,2026-09-26T00:54:51.763,10,right,9,10,18.75,True,
run_20260926_005346_067436,1938,65,2026-09-26T00:54:51.763,11,right,10,11,18.25,True,
run_20260926_005346_067436,1938,65,2026-09-26T00:54:51.763,12,right,11,12,19.0,True,
run_20260926_005346_067436,1968,66,2026-09-26T00:54:52.765,1,left,0,1,18.944444444444457,True,
run_20260926_005346_067436,1968,66,2026-09-26T00:54:52.765,2,left,1,2,18.599999999999994,True,
run_20260926_005346_067436,1968,66,2026-09-26T00:54:52.765,3,left,2,3,18.525000000000006,True,
run_20260926_005346_067436,1968,66,2026-09-26T00:54:52.765,4,left,3,4,18.875,True,
run_20260926_005346_067436,1968,66,2026-09-26T00:54:52.765,5,left,4,5,19.0,True,
run_20260926_005346_067436,1968,66,2026-09-26T00:54:52.765,6,left,5,6,18.785714285714278,True,
run_20260926_005346_067436,1968,66,2026-09-26T00:54:52.765,7,left,6,7,18.714285714285722,True,
run_20260926_005346_067436,1968,66,2026-09-26T00:54:52.765,8,left,7,8,18.5,True,
run_20260926_005346_067436,1968,66,2026-09-26T00:54:52.765,9,left,8,9,19.0,True,
run_20260926_005346_067436,1968,66,2026-09-26T00:54:52.765,10,left,9,10,18.33333333333333,True,
run_20260926_005346_067436,1968,66,2026-09-26T00:54:52.765,11,left,10,11,18.66666666666667,True,
run_20260926_005346_067436,1968,66,2026-09-26T00:54:52.765,12,left,11,12,18.42857142857143,True,
run_20260926_005346_067436,1968,66,2026-09-26T00:54:52.765,1,right,0,1,18.5,True,
run_20260926_005346_067436,1968,66,2026-09-26T00:54:52.765,2,right,1,2,18.636363636363626,True,
run_20260926_005346_067436,1968,66,2026-09-26T00:54:52.765,3,right,2,3,18.863636363636374,True,
run_20260926_005346_067436,1968,66,2026-09-26T00:54:52.765,4,right,3,4,19.0,True,
run_20260926_005346_067436,1968,66,2026-09-26T00:54:52.765,5,right,4,5,19.0,True,
run_20260926_005346_067436,1968,66,2026-09-26T00:54:52.765,6,right,5,6,18.863636363636374,True,
run_20260926_005346_067436,1968,66,2026-09-26T00:54:52.765,7,right,6,7,18.636363636363626,True,
run_20260926_005346_067436,1968,66,2026-09-26T00:54:52.765,8,right,7,8,19.0,True,
run_20260926_005346_067436,1968,66,2026-09-26T00:54:52.765,9,right,8,9,18.5,True,
run_20260926_005346_067436,1968,66,2026-09-26T00:54:52.765,10,right,9,10,18.75,True,
run_20260926_005346_067436,1968,66,2026-09-26T00:54:52.765,11,right,10,11,18.25,True,
run_20260926_005346_067436,1968,66,2026-09-26T00:54:52.765,12,right,11,12,19.0,True,
run_20260926_005346_067436,1998,67,2026-09-26T00:54:53.766,1,left,0,1,18.944444444444457,True,
run_20260926_005346_067436,1998,67,2026-09-26T00:54:53.766,2,left,1,2,18.599999999999994,True,
run_20260926_005346_067436,1998,67,2026-09-26T00:54:53.766,3,left,2,3,18.525000000000006,True,
run_20260926_005346_067436,1998,67,2026-09-26T00:54:53.766,4,left,3,4,18.875,True,
run_20260926_005346_067436,1998,67,2026-09-26T00:54:53.766,5,left,4,5,19.0,True,
run_20260926_005346_067436,1998,67,2026-09-26T00:54:53.766,6,left,5,6,18.785714285714278,True,
run_20260926_005346_067436,1998,67,2026-09-26T00:54:53.766,7,left,6,7,18.714285714285722,True,
run_20260926_005346_067436,1998,67,2026-09-26T00:54:53.766,8,left,7,8,18.5,True,
run_20260926_005346_067436,1998,67,2026-09-26T00:54:53.766,9,left,8,9,19.0,True,
run_20260926_005346_067436,1998,67,2026-09-26T00:54:53.766,10,left,9,10,18.33333333333333,True,
run_20260926_005346_067436,1998,67,2026-09-26T00:54:53.766,11,left,10,11,18.66666666666667,True,
run_20260926_005346_067436,1998,67,2026-09-26T00:54:53.766,12,left,11,12,18.42857142857143,True,
run_20260926_005346_067436,1998,67,2026-09-26T00:54:53.766,1,right,0,1,18.5,True,
run_20260926_005346_067436,1998,67,2026-09-26T00:54:53.766,2,right,1,2,18.636363636363626,True,
run_20260926_005346_067436,1998,67,2026-09-26T00:54:53.766,3,right,2,3,18.863636363636374,True,
run_20260926_005346_067436,1998,67,2026-09-26T00:54:53.766,4,right,3,4,19.0,True,
run_20260926_005346_067436,1998,67,2026-09-26T00:54:53.766,5,right,4,5,19.0,True,
run_20260926_005346_067436,1998,67,2026-09-26T00:54:53.766,6,right,5,6,18.863636363636374,True,
run_20260926_005346_067436,1998,67,2026-09-26T00:54:53.766,7,right,6,7,18.636363636363626,True,
run_20260926_005346_067436,1998,67,2026-09-26T00:54:53.766,8,right,7,8,19.0,True,
run_20260926_005346_067436,1998,67,2026-09-26T00:54:53.766,9,right,8,9,18.5,True,
run_20260926_005346_067436,1998,67,2026-09-26T00:54:53.766,10,right,9,10,18.863636363636374,True,
run_20260926_005346_067436,1998,67,2026-09-26T00:54:53.766,11,right,10,11,18.136363636363626,True,
run_20260926_005346_067436,1998,67,2026-09-26T00:54:53.766,12,right,11,12,19.0,True,
run_20260926_005346_067436,2029,68,2026-09-26T00:54:54.797,1,left,0,1,18.944444444444457,True,
run_20260926_005346_067436,2029,68,2026-09-26T00:54:54.797,2,left,1,2,18.599999999999994,True,
run_20260926_005346_067436,2029,68,2026-09-26T00:54:54.797,3,left,2,3,18.525000000000006,True,
run_20260926_005346_067436,2029,68,2026-09-26T00:54:54.797,4,left,3,4,18.875,True,
run_20260926_005346_067436,2029,68,2026-09-26T00:54:54.797,5,left,4,5,19.0,True,
run_20260926_005346_067436,2029,68,2026-09-26T00:54:54.797,6,left,5,6,18.785714285714278,True,
run_20260926_005346_067436,2029,68,2026-09-26T00:54:54.797,7,left,6,7,18.714285714285722,True,
run_20260926_005346_067436,2029,68,2026-09-26T00:54:54.797,8,left,7,8,18.625,True,
run_20260926_005346_067436,2029,68,2026-09-26T00:54:54.797,9,left,8,9,18.875,True,
run_20260926_005346_067436,2029,68,2026-09-26T00:54:54.797,10,left,9,10,18.214285714285708,True,
run_20260926_005346_067436,2029,68,2026-09-26T00:54:54.797,11,left,10,11,18.785714285714292,True,
run_20260926_005346_067436,2029,68,2026-09-26T00:54:54.797,12,left,11,12,18.42857142857143,True,
run_20260926_005346_067436,2029,68,2026-09-26T00:54:54.797,1,right,0,1,18.5,True,
run_20260926_005346_067436,2029,68,2026-09-26T00:54:54.797,2,right,1,2,18.75,True,
run_20260926_005346_067436,2029,68,2026-09-26T00:54:54.797,3,right,2,3,18.75,True,
run_20260926_005346_067436,2029,68,2026-09-26T00:54:54.797,4,right,3,4,19.0,True,
run_20260926_005346_067436,2029,68,2026-09-26T00:54:54.797,5,right,4,5,19.0,True,
run_20260926_005346_067436,2029,68,2026-09-26T00:54:54.797,6,right,5,6,18.863636363636374,True,
run_20260926_005346_067436,2029,68,2026-09-26T00:54:54.797,7,right,6,7,18.636363636363626,True,
run_20260926_005346_067436,2029,68,2026-09-26T00:54:54.797,8,right,7,8,19.0,True,
run_20260926_005346_067436,2029,68,2026-09-26T00:54:54.797,9,right,8,9,18.5,True,
run_20260926_005346_067436,2029,68,2026-09-26T00:54:54.797,10,right,9,10,18.863636363636374,True,
run_20260926_005346_067436,2029,68,2026-09-26T00:54:54.797,11,right,10,11,18.136363636363626,True,
run_20260926_005346_067436,2029,68,2026-09-26T00:54:54.797,12,right,11,12,19.0,True,
run_20260926_005346_067436,2059,69,2026-09-26T00:54:55.801,1,left,0,1,18.944444444444457,True,
run_20260926_005346_067436,2059,69,2026-09-26T00:54:55.801,2,left,1,2,18.599999999999994,True,
run_20260926_005346_067436,2059,69,2026-09-26T00:54:55.801,3,left,2,3,18.525000000000006,True,
run_20260926_005346_067436,2059,69,2026-09-26T00:54:55.801,4,left,3,4,18.875,True,
run_20260926_005346_067436,2059,69,2026-09-26T00:54:55.801,5,left,4,5,19.0,True,
run_20260926_005346_067436,2059,69,2026-09-26T00:54:55.801,6,left,5,6,18.785714285714278,True,
run_20260926_005346_067436,2059,69,2026-09-26T00:54:55.801,7,left,6,7,18.714285714285722,True,
run_20260926_005346_067436,2059,69,2026-09-26T00:54:55.801,8,left,7,8,18.5,True,
run_20260926_005346_067436,2059,69,2026-09-26T00:54:55.801,9,left,8,9,19.0,True,
run_20260926_005346_067436,2059,69,2026-09-26T00:54:55.801,10,left,9,10,18.33333333333333,True,
run_20260926_005346_067436,2059,69,2026-09-26T00:54:55.801,11,left,10,11,18.66666666666667,True,
run_20260926_005346_067436,2059,69,2026-09-26T00:54:55.801,12,left,11,12,18.42857142857143,True,
run_20260926_005346_067436,2059,69,2026-09-26T00:54:55.801,1,right,0,1,18.5,True,
run_20260926_005346_067436,2059,69,2026-09-26T00:54:55.801,2,right,1,2,18.75,True,
run_20260926_005346_067436,2059,69,2026-09-26T00:54:55.801,3,right,2,3,18.75,True,
run_20260926_005346_067436,2059,69,2026-09-26T00:54:55.801,4,right,3,4,19.0,True,
run_20260926_005346_067436,2059,69,2026-09-26T00:54:55.801,5,right,4,5,19.0,True,
run_20260926_005346_067436,2059,69,2026-09-26T00:54:55.801,6,right,5,6,18.863636363636374,True,
run_20260926_005346_067436,2059,69,2026-09-26T00:54:55.801,7,right,6,7,18.636363636363626,True,
run_20260926_005346_067436,2059,69,2026-09-26T00:54:55.801,8,right,7,8,19.0,True,
run_20260926_005346_067436,2059,69,2026-09-26T00:54:55.801,9,right,8,9,18.5,True,
run_20260926_005346_067436,2059,69,2026-09-26T00:54:55.801,10,right,9,10,18.75,True,
run_20260926_005346_067436,2059,69,2026-09-26T00:54:55.801,11,right,10,11,18.25,True,
run_20260926_005346_067436,2059,69,2026-09-26T00:54:55.801,12,right,11,12,19.0,True,
run_20260926_005346_067436,2090,70,2026-09-26T00:54:56.830,1,left,0,1,18.944444444444457,True,
run_20260926_005346_067436,2090,70,2026-09-26T00:54:56.830,2,left,1,2,18.599999999999994,True,
run_20260926_005346_067436,2090,70,2026-09-26T00:54:56.830,3,left,2,3,18.525000000000006,True,
run_20260926_005346_067436,2090,70,2026-09-26T00:54:56.830,4,left,3,4,18.875,True,
run_20260926_005346_067436,2090,70,2026-09-26T00:54:56.830,5,left,4,5,19.0,True,
run_20260926_005346_067436,2090,70,2026-09-26T00:54:56.830,6,left,5,6,18.785714285714278,True,
run_20260926_005346_067436,2090,70,2026-09-26T00:54:56.830,7,left,6,7,18.714285714285722,True,
run_20260926_005346_067436,2090,70,2026-09-26T00:54:56.830,8,left,7,8,18.625,True,
run_20260926_005346_067436,2090,70,2026-09-26T00:54:56.830,9,left,8,9,18.875,True,
run_20260926_005346_067436,2090,70,2026-09-26T00:54:56.830,10,left,9,10,18.33333333333333,True,
run_20260926_005346_067436,2090,70,2026-09-26T00:54:56.830,11,left,10,11,18.66666666666667,True,
run_20260926_005346_067436,2090,70,2026-09-26T00:54:56.830,12,left,11,12,18.42857142857143,True,
run_20260926_005346_067436,2090,70,2026-09-26T00:54:56.830,1,right,0,1,18.5,True,
run_20260926_005346_067436,2090,70,2026-09-26T00:54:56.830,2,right,1,2,18.75,True,
run_20260926_005346_067436,2090,70,2026-09-26T00:54:56.830,3,right,2,3,18.75,True,
run_20260926_005346_067436,2090,70,2026-09-26T00:54:56.830,4,right,3,4,19.0,True,
run_20260926_005346_067436,2090,70,2026-09-26T00:54:56.830,5,right,4,5,19.0,True,
run_20260926_005346_067436,2090,70,2026-09-26T00:54:56.830,6,right,5,6,18.863636363636374,True,
run_20260926_005346_067436,2090,70,2026-09-26T00:54:56.830,7,right,6,7,18.636363636363626,True,
run_20260926_005346_067436,2090,70,2026-09-26T00:54:56.830,8,right,7,8,19.0,True,
run_20260926_005346_067436,2090,70,2026-09-26T00:54:56.830,9,right,8,9,18.5,True,
run_20260926_005346_067436,2090,70,2026-09-26T00:54:56.830,10,right,9,10,18.75,True,
run_20260926_005346_067436,2090,70,2026-09-26T00:54:56.830,11,right,10,11,18.25,True,
run_20260926_005346_067436,2090,70,2026-09-26T00:54:56.830,12,right,11,12,19.0,True,
run_20260926_005346_067436,2120,71,2026-09-26T00:54:57.832,1,left,0,1,18.944444444444457,True,
run_20260926_005346_067436,2120,71,2026-09-26T00:54:57.832,2,left,1,2,18.599999999999994,True,
run_20260926_005346_067436,2120,71,2026-09-26T00:54:57.832,3,left,2,3,18.525000000000006,True,
run_20260926_005346_067436,2120,71,2026-09-26T00:54:57.832,4,left,3,4,18.875,True,
run_20260926_005346_067436,2120,71,2026-09-26T00:54:57.832,5,left,4,5,19.0,True,
run_20260926_005346_067436,2120,71,2026-09-26T00:54:57.832,6,left,5,6,18.785714285714278,True,
run_20260926_005346_067436,2120,71,2026-09-26T00:54:57.832,7,left,6,7,18.714285714285722,True,
run_20260926_005346_067436,2120,71,2026-09-26T00:54:57.832,8,left,7,8,18.5,True,
run_20260926_005346_067436,2120,71,2026-09-26T00:54:57.832,9,left,8,9,19.0,True,
run_20260926_005346_067436,2120,71,2026-09-26T00:54:57.832,10,left,9,10,18.33333333333333,True,
run_20260926_005346_067436,2120,71,2026-09-26T00:54:57.832,11,left,10,11,18.66666666666667,True,
run_20260926_005346_067436,2120,71,2026-09-26T00:54:57.832,12,left,11,12,18.42857142857143,True,
run_20260926_005346_067436,2120,71,2026-09-26T00:54:57.832,1,right,0,1,18.5,True,
run_20260926_005346_067436,2120,71,2026-09-26T00:54:57.832,2,right,1,2,18.75,True,
run_20260926_005346_067436,2120,71,2026-09-26T00:54:57.832,3,right,2,3,18.75,True,
run_20260926_005346_067436,2120,71,2026-09-26T00:54:57.832,4,right,3,4,19.0,True,
run_20260926_005346_067436,2120,71,2026-09-26T00:54:57.832,5,right,4,5,19.0,True,
run_20260926_005346_067436,2120,71,2026-09-26T00:54:57.832,6,right,5,6,18.863636363636374,True,
run_20260926_005346_067436,2120,71,2026-09-26T00:54:57.832,7,right,6,7,18.636363636363626,True,
run_20260926_005346_067436,2120,71,2026-09-26T00:54:57.832,8,right,7,8,19.0,True,
run_20260926_005346_067436,2120,71,2026-09-26T00:54:57.832,9,right,8,9,18.5,True,
run_20260926_005346_067436,2120,71,2026-09-26T00:54:57.832,10,right,9,10,18.75,True,
run_20260926_005346_067436,2120,71,2026-09-26T00:54:57.832,11,right,10,11,18.25,True,
run_20260926_005346_067436,2120,71,2026-09-26T00:54:57.832,12,right,11,12,19.0,True,
run_20260926_005346_067436,2150,72,2026-09-26T00:54:58.834,1,left,0,1,18.944444444444457,True,
run_20260926_005346_067436,2150,72,2026-09-26T00:54:58.834,2,left,1,2,18.599999999999994,True,
run_20260926_005346_067436,2150,72,2026-09-26T00:54:58.834,3,left,2,3,18.525000000000006,True,
run_20260926_005346_067436,2150,72,2026-09-26T00:54:58.834,4,left,3,4,18.875,True,
run_20260926_005346_067436,2150,72,2026-09-26T00:54:58.834,5,left,4,5,19.0,True,
run_20260926_005346_067436,2150,72,2026-09-26T00:54:58.834,6,left,5,6,18.785714285714278,True,
run_20260926_005346_067436,2150,72,2026-09-26T00:54:58.834,7,left,6,7,18.714285714285722,True,
run_20260926_005346_067436,2150,72,2026-09-26T00:54:58.834,8,left,7,8,18.5,True,
run_20260926_005346_067436,2150,72,2026-09-26T00:54:58.834,9,left,8,9,18.900000000000006,True,
run_20260926_005346_067436,2150,72,2026-09-26T00:54:58.834,10,left,9,10,18.314285714285703,True,
run_20260926_005346_067436,2150,72,2026-09-26T00:54:58.834,11,left,10,11,18.785714285714292,True,
run_20260926_005346_067436,2150,72,2026-09-26T00:54:58.834,12,left,11,12,18.5,True,
run_20260926_005346_067436,2150,72,2026-09-26T00:54:58.834,1,right,0,1,18.5,True,
run_20260926_005346_067436,2150,72,2026-09-26T00:54:58.834,2,right,1,2,18.75,True,
run_20260926_005346_067436,2150,72,2026-09-26T00:54:58.834,3,right,2,3,18.75,True,
run_20260926_005346_067436,2150,72,2026-09-26T00:54:58.834,4,right,3,4,19.0,True,
run_20260926_005346_067436,2150,72,2026-09-26T00:54:58.834,5,right,4,5,19.0,True,
run_20260926_005346_067436,2150,72,2026-09-26T00:54:58.834,6,right,5,6,18.75,True,
run_20260926_005346_067436,2150,72,2026-09-26T00:54:58.834,7,right,6,7,18.75,True,
run_20260926_005346_067436,2150,72,2026-09-26T00:54:58.834,8,right,7,8,19.0,True,
run_20260926_005346_067436,2150,72,2026-09-26T00:54:58.834,9,right,8,9,18.5,True,
run_20260926_005346_067436,2150,72,2026-09-26T00:54:58.834,10,right,9,10,18.863636363636374,True,
run_20260926_005346_067436,2150,72,2026-09-26T00:54:58.834,11,right,10,11,18.136363636363626,True,
run_20260926_005346_067436,2150,72,2026-09-26T00:54:58.834,12,right,11,12,19.0,True,
run_20260926_005346_067436,2180,73,2026-09-26T00:54:59.834,1,left,0,1,18.944444444444457,True,
run_20260926_005346_067436,2180,73,2026-09-26T00:54:59.834,2,left,1,2,18.599999999999994,True,
run_20260926_005346_067436,2180,73,2026-09-26T00:54:59.834,3,left,2,3,18.525000000000006,True,
run_20260926_005346_067436,2180,73,2026-09-26T00:54:59.834,4,left,3,4,18.875,True,
run_20260926_005346_067436,2180,73,2026-09-26T00:54:59.834,5,left,4,5,19.0,True,
run_20260926_005346_067436,2180,73,2026-09-26T00:54:59.834,6,left,5,6,18.785714285714278,True,
run_20260926_005346_067436,2180,73,2026-09-26T00:54:59.834,7,left,6,7,18.714285714285722,True,
run_20260926_005346_067436,2180,73,2026-09-26T00:54:59.834,8,left,7,8,18.625,True,
run_20260926_005346_067436,2180,73,2026-09-26T00:54:59.834,9,left,8,9,18.875,True,
run_20260926_005346_067436,2180,73,2026-09-26T00:54:59.834,10,left,9,10,18.214285714285708,True,
run_20260926_005346_067436,2180,73,2026-09-26T00:54:59.834,11,left,10,11,18.785714285714292,True,
run_20260926_005346_067436,2180,73,2026-09-26T00:54:59.834,12,left,11,12,18.42857142857143,True,
run_20260926_005346_067436,2180,73,2026-09-26T00:54:59.834,1,right,0,1,18.5,True,
run_20260926_005346_067436,2180,73,2026-09-26T00:54:59.834,2,right,1,2,18.636363636363626,True,
run_20260926_005346_067436,2180,73,2026-09-26T00:54:59.834,3,right,2,3,18.863636363636374,True,
run_20260926_005346_067436,2180,73,2026-09-26T00:54:59.834,4,right,3,4,19.0,True,
run_20260926_005346_067436,2180,73,2026-09-26T00:54:59.834,5,right,4,5,19.0,True,
run_20260926_005346_067436,2180,73,2026-09-26T00:54:59.834,6,right,5,6,18.863636363636374,True,
run_20260926_005346_067436,2180,73,2026-09-26T00:54:59.834,7,right,6,7,18.636363636363626,True,
run_20260926_005346_067436,2180,73,2026-09-26T00:54:59.834,8,right,7,8,19.0,True,
run_20260926_005346_067436,2180,73,2026-09-26T00:54:59.834,9,right,8,9,18.5,True,
run_20260926_005346_067436,2180,73,2026-09-26T00:54:59.834,10,right,9,10,18.75,True,
run_20260926_005346_067436,2180,73,2026-09-26T00:54:59.834,11,right,10,11,18.25,True,
run_20260926_005346_067436,2180,73,2026-09-26T00:54:59.834,12,right,11,12,19.0,True,
run_20260926_005346_067436,2210,74,2026-09-26T00:55:00.837,1,left,0,1,18.944444444444457,True,
run_20260926_005346_067436,2210,74,2026-09-26T00:55:00.837,2,left,1,2,18.599999999999994,True,
run_20260926_005346_067436,2210,74,2026-09-26T00:55:00.837,3,left,2,3,18.525000000000006,True,
run_20260926_005346_067436,2210,74,2026-09-26T00:55:00.837,4,left,3,4,18.875,True,
run_20260926_005346_067436,2210,74,2026-09-26T00:55:00.837,5,left,4,5,19.0,True,
run_20260926_005346_067436,2210,74,2026-09-26T00:55:00.837,6,left,5,6,18.785714285714278,True,
run_20260926_005346_067436,2210,74,2026-09-26T00:55:00.837,7,left,6,7,18.714285714285722,True,
run_20260926_005346_067436,2210,74,2026-09-26T00:55:00.837,8,left,7,8,18.625,True,
run_20260926_005346_067436,2210,74,2026-09-26T00:55:00.837,9,left,8,9,18.875,True,
run_20260926_005346_067436,2210,74,2026-09-26T00:55:00.837,10,left,9,10,18.214285714285708,True,
run_20260926_005346_067436,2210,74,2026-09-26T00:55:00.837,11,left,10,11,18.785714285714292,True,
run_20260926_005346_067436,2210,74,2026-09-26T00:55:00.837,12,left,11,12,18.42857142857143,True,
run_20260926_005346_067436,2210,74,2026-09-26T00:55:00.837,1,right,0,1,18.5,True,
run_20260926_005346_067436,2210,74,2026-09-26T00:55:00.837,2,right,1,2,18.636363636363626,True,
run_20260926_005346_067436,2210,74,2026-09-26T00:55:00.837,3,right,2,3,18.863636363636374,True,
run_20260926_005346_067436,2210,74,2026-09-26T00:55:00.837,4,right,3,4,19.0,True,
run_20260926_005346_067436,2210,74,2026-09-26T00:55:00.837,5,right,4,5,19.0,True,
run_20260926_005346_067436,2210,74,2026-09-26T00:55:00.837,6,right,5,6,18.863636363636374,True,
run_20260926_005346_067436,2210,74,2026-09-26T00:55:00.837,7,right,6,7,18.636363636363626,True,
run_20260926_005346_067436,2210,74,2026-09-26T00:55:00.837,8,right,7,8,19.0,True,
run_20260926_005346_067436,2210,74,2026-09-26T00:55:00.837,9,right,8,9,18.5,True,
run_20260926_005346_067436,2210,74,2026-09-26T00:55:00.837,10,right,9,10,18.75,True,
run_20260926_005346_067436,2210,74,2026-09-26T00:55:00.837,11,right,10,11,18.25,True,
run_20260926_005346_067436,2210,74,2026-09-26T00:55:00.837,12,right,11,12,19.0,True,
run_20260926_005346_067436,2241,75,2026-09-26T00:55:01.863,1,left,0,1,18.944444444444457,True,
run_20260926_005346_067436,2241,75,2026-09-26T00:55:01.863,2,left,1,2,18.599999999999994,True,
run_20260926_005346_067436,2241,75,2026-09-26T00:55:01.863,3,left,2,3,18.400000000000006,True,
run_20260926_005346_067436,2241,75,2026-09-26T00:55:01.863,4,left,3,4,19.0,True,
run_20260926_005346_067436,2241,75,2026-09-26T00:55:01.863,5,left,4,5,19.0,True,
run_20260926_005346_067436,2241,75,2026-09-26T00:55:01.863,6,left,5,6,18.785714285714278,True,
run_20260926_005346_067436,2241,75,2026-09-26T00:55:01.863,7,left,6,7,18.714285714285722,True,
run_20260926_005346_067436,2241,75,2026-09-26T00:55:01.863,8,left,7,8,18.5,True,
run_20260926_005346_067436,2241,75,2026-09-26T00:55:01.863,9,left,8,9,19.0,True,
run_20260926_005346_067436,2241,75,2026-09-26T00:55:01.863,10,left,9,10,18.214285714285708,True,
run_20260926_005346_067436,2241,75,2026-09-26T00:55:01.863,11,left,10,11,18.785714285714292,True,
run_20260926_005346_067436,2241,75,2026-09-26T00:55:01.863,12,left,11,12,18.42857142857143,True,
run_20260926_005346_067436,2241,75,2026-09-26T00:55:01.863,1,right,0,1,18.5,True,
run_20260926_005346_067436,2241,75,2026-09-26T00:55:01.863,2,right,1,2,18.75,True,
run_20260926_005346_067436,2241,75,2026-09-26T00:55:01.863,3,right,2,3,18.75,True,
run_20260926_005346_067436,2241,75,2026-09-26T00:55:01.863,4,right,3,4,19.0,True,
run_20260926_005346_067436,2241,75,2026-09-26T00:55:01.863,5,right,4,5,19.0,True,
run_20260926_005346_067436,2241,75,2026-09-26T00:55:01.863,6,right,5,6,18.863636363636374,True,
run_20260926_005346_067436,2241,75,2026-09-26T00:55:01.863,7,right,6,7,18.636363636363626,True,
run_20260926_005346_067436,2241,75,2026-09-26T00:55:01.863,8,right,7,8,19.0,True,
run_20260926_005346_067436,2241,75,2026-09-26T00:55:01.863,9,right,8,9,18.5,True,
run_20260926_005346_067436,2241,75,2026-09-26T00:55:01.863,10,right,9,10,18.75,True,
run_20260926_005346_067436,2241,75,2026-09-26T00:55:01.863,11,right,10,11,18.25,True,
run_20260926_005346_067436,2241,75,2026-09-26T00:55:01.863,12,right,11,12,19.0,True,
run_20260926_005346_067436,2271,76,2026-09-26T00:55:02.864,1,left,0,1,18.944444444444457,True,
run_20260926_005346_067436,2271,76,2026-09-26T00:55:02.864,2,left,1,2,18.599999999999994,True,
run_20260926_005346_067436,2271,76,2026-09-26T00:55:02.864,3,left,2,3,18.400000000000006,True,
run_20260926_005346_067436,2271,76,2026-09-26T00:55:02.864,4,left,3,4,19.0,True,
run_20260926_005346_067436,2271,76,2026-09-26T00:55:02.864,5,left,4,5,19.0,True,
run_20260926_005346_067436,2271,76,2026-09-26T00:55:02.864,6,left,5,6,18.785714285714278,True,
run_20260926_005346_067436,2271,76,2026-09-26T00:55:02.864,7,left,6,7,18.714285714285722,True,
run_20260926_005346_067436,2271,76,2026-09-26T00:55:02.864,8,left,7,8,18.625,True,
run_20260926_005346_067436,2271,76,2026-09-26T00:55:02.864,9,left,8,9,18.875,True,
run_20260926_005346_067436,2271,76,2026-09-26T00:55:02.864,10,left,9,10,18.214285714285708,True,
run_20260926_005346_067436,2271,76,2026-09-26T00:55:02.864,11,left,10,11,18.785714285714292,True,
run_20260926_005346_067436,2271,76,2026-09-26T00:55:02.864,12,left,11,12,18.42857142857143,True,
run_20260926_005346_067436,2271,76,2026-09-26T00:55:02.864,1,right,0,1,18.5,True,
run_20260926_005346_067436,2271,76,2026-09-26T00:55:02.864,2,right,1,2,18.75,True,
run_20260926_005346_067436,2271,76,2026-09-26T00:55:02.864,3,right,2,3,18.75,True,
run_20260926_005346_067436,2271,76,2026-09-26T00:55:02.864,4,right,3,4,19.0,True,
run_20260926_005346_067436,2271,76,2026-09-26T00:55:02.864,5,right,4,5,19.0,True,
run_20260926_005346_067436,2271,76,2026-09-26T00:55:02.864,6,right,5,6,18.863636363636374,True,
run_20260926_005346_067436,2271,76,2026-09-26T00:55:02.864,7,right,6,7,18.636363636363626,True,
run_20260926_005346_067436,2271,76,2026-09-26T00:55:02.864,8,right,7,8,19.0,True,
run_20260926_005346_067436,2271,76,2026-09-26T00:55:02.864,9,right,8,9,18.5,True,
run_20260926_005346_067436,2271,76,2026-09-26T00:55:02.864,10,right,9,10,18.75,True,
run_20260926_005346_067436,2271,76,2026-09-26T00:55:02.864,11,right,10,11,18.25,True,
run_20260926_005346_067436,2271,76,2026-09-26T00:55:02.864,12,right,11,12,19.0,True,
run_20260926_005346_067436,2302,77,2026-09-26T00:55:03.897,1,left,0,1,18.944444444444457,True,
run_20260926_005346_067436,2302,77,2026-09-26T00:55:03.897,2,left,1,2,18.599999999999994,True,
run_20260926_005346_067436,2302,77,2026-09-26T00:55:03.897,3,left,2,3,18.400000000000006,True,
run_20260926_005346_067436,2302,77,2026-09-26T00:55:03.897,4,left,3,4,19.0,True,
run_20260926_005346_067436,2302,77,2026-09-26T00:55:03.897,5,left,4,5,19.0,True,
run_20260926_005346_067436,2302,77,2026-09-26T00:55:03.897,6,left,5,6,18.785714285714278,True,
run_20260926_005346_067436,2302,77,2026-09-26T00:55:03.897,7,left,6,7,18.714285714285722,True,
run_20260926_005346_067436,2302,77,2026-09-26T00:55:03.897,8,left,7,8,18.625,True,
run_20260926_005346_067436,2302,77,2026-09-26T00:55:03.897,9,left,8,9,18.875,True,
run_20260926_005346_067436,2302,77,2026-09-26T00:55:03.897,10,left,9,10,18.33333333333333,True,
run_20260926_005346_067436,2302,77,2026-09-26T00:55:03.897,11,left,10,11,18.66666666666667,True,
run_20260926_005346_067436,2302,77,2026-09-26T00:55:03.897,12,left,11,12,18.42857142857143,True,
run_20260926_005346_067436,2302,77,2026-09-26T00:55:03.897,1,right,0,1,18.5,True,
run_20260926_005346_067436,2302,77,2026-09-26T00:55:03.897,2,right,1,2,18.636363636363626,True,
run_20260926_005346_067436,2302,77,2026-09-26T00:55:03.897,3,right,2,3,18.863636363636374,True,
run_20260926_005346_067436,2302,77,2026-09-26T00:55:03.897,4,right,3,4,19.0,True,
run_20260926_005346_067436,2302,77,2026-09-26T00:55:03.897,5,right,4,5,19.0,True,
run_20260926_005346_067436,2302,77,2026-09-26T00:55:03.897,6,right,5,6,18.863636363636374,True,
run_20260926_005346_067436,2302,77,2026-09-26T00:55:03.897,7,right,6,7,18.636363636363626,True,
run_20260926_005346_067436,2302,77,2026-09-26T00:55:03.897,8,right,7,8,19.0,True,
run_20260926_005346_067436,2302,77,2026-09-26T00:55:03.897,9,right,8,9,18.5,True,
run_20260926_005346_067436,2302,77,2026-09-26T00:55:03.897,10,right,9,10,18.75,True,
run_20260926_005346_067436,2302,77,2026-09-26T00:55:03.897,11,right,10,11,18.25,True,
run_20260926_005346_067436,2302,77,2026-09-26T00:55:03.897,12,right,11,12,19.0,True,
run_20260926_005346_067436,2332,78,2026-09-26T00:55:04.898,1,left,0,1,18.944444444444457,True,
run_20260926_005346_067436,2332,78,2026-09-26T00:55:04.898,2,left,1,2,18.599999999999994,True,
run_20260926_005346_067436,2332,78,2026-09-26T00:55:04.898,3,left,2,3,18.400000000000006,True,
run_20260926_005346_067436,2332,78,2026-09-26T00:55:04.898,4,left,3,4,19.0,True,
run_20260926_005346_067436,2332,78,2026-09-26T00:55:04.898,5,left,4,5,19.0,True,
run_20260926_005346_067436,2332,78,2026-09-26T00:55:04.898,6,left,5,6,18.785714285714278,True,
run_20260926_005346_067436,2332,78,2026-09-26T00:55:04.898,7,left,6,7,18.714285714285722,True,
run_20260926_005346_067436,2332,78,2026-09-26T00:55:04.898,8,left,7,8,18.625,True,
run_20260926_005346_067436,2332,78,2026-09-26T00:55:04.898,9,left,8,9,18.875,True,
run_20260926_005346_067436,2332,78,2026-09-26T00:55:04.898,10,left,9,10,18.33333333333333,True,
run_20260926_005346_067436,2332,78,2026-09-26T00:55:04.898,11,left,10,11,18.66666666666667,True,
run_20260926_005346_067436,2332,78,2026-09-26T00:55:04.898,12,left,11,12,18.42857142857143,True,
run_20260926_005346_067436,2332,78,2026-09-26T00:55:04.898,1,right,0,1,18.5,True,
run_20260926_005346_067436,2332,78,2026-09-26T00:55:04.898,2,right,1,2,18.75,True,
run_20260926_005346_067436,2332,78,2026-09-26T00:55:04.898,3,right,2,3,18.75,True,
run_20260926_005346_067436,2332,78,2026-09-26T00:55:04.898,4,right,3,4,19.0,True,
run_20260926_005346_067436,2332,78,2026-09-26T00:55:04.898,5,right,4,5,19.0,True,
run_20260926_005346_067436,2332,78,2026-09-26T00:55:04.898,6,right,5,6,18.863636363636374,True,
run_20260926_005346_067436,2332,78,2026-09-26T00:55:04.898,7,right,6,7,18.636363636363626,True,
run_20260926_005346_067436,2332,78,2026-09-26T00:55:04.898,8,right,7,8,19.0,True,
run_20260926_005346_067436,2332,78,2026-09-26T00:55:04.898,9,right,8,9,18.5,True,
run_20260926_005346_067436,2332,78,2026-09-26T00:55:04.898,10,right,9,10,18.75,True,
run_20260926_005346_067436,2332,78,2026-09-26T00:55:04.898,11,right,10,11,18.25,True,
run_20260926_005346_067436,2332,78,2026-09-26T00:55:04.898,12,right,11,12,19.0,True,
run_20260926_005346_067436,2363,79,2026-09-26T00:55:05.934,1,left,0,1,18.944444444444457,True,
run_20260926_005346_067436,2363,79,2026-09-26T00:55:05.934,2,left,1,2,18.599999999999994,True,
run_20260926_005346_067436,2363,79,2026-09-26T00:55:05.934,3,left,2,3,18.525000000000006,True,
run_20260926_005346_067436,2363,79,2026-09-26T00:55:05.934,4,left,3,4,18.875,True,
run_20260926_005346_067436,2363,79,2026-09-26T00:55:05.934,5,left,4,5,19.0,True,
run_20260926_005346_067436,2363,79,2026-09-26T00:55:05.934,6,left,5,6,18.785714285714278,True,
run_20260926_005346_067436,2363,79,2026-09-26T00:55:05.934,7,left,6,7,18.714285714285722,True,
run_20260926_005346_067436,2363,79,2026-09-26T00:55:05.934,8,left,7,8,18.5,True,
run_20260926_005346_067436,2363,79,2026-09-26T00:55:05.934,9,left,8,9,18.900000000000006,True,
run_20260926_005346_067436,2363,79,2026-09-26T00:55:05.934,10,left,9,10,18.433333333333323,True,
run_20260926_005346_067436,2363,79,2026-09-26T00:55:05.934,11,left,10,11,18.66666666666667,True,
run_20260926_005346_067436,2363,79,2026-09-26T00:55:05.934,12,left,11,12,18.5,True,
run_20260926_005346_067436,2363,79,2026-09-26T00:55:05.934,1,right,0,1,18.5,True,
run_20260926_005346_067436,2363,79,2026-09-26T00:55:05.934,2,right,1,2,18.636363636363626,True,
run_20260926_005346_067436,2363,79,2026-09-26T00:55:05.934,3,right,2,3,18.863636363636374,True,
run_20260926_005346_067436,2363,79,2026-09-26T00:55:05.934,4,right,3,4,19.0,True,
run_20260926_005346_067436,2363,79,2026-09-26T00:55:05.934,5,right,4,5,19.0,True,
run_20260926_005346_067436,2363,79,2026-09-26T00:55:05.934,6,right,5,6,18.863636363636374,True,
run_20260926_005346_067436,2363,79,2026-09-26T00:55:05.934,7,right,6,7,18.636363636363626,True,
run_20260926_005346_067436,2363,79,2026-09-26T00:55:05.934,8,right,7,8,19.0,True,
run_20260926_005346_067436,2363,79,2026-09-26T00:55:05.934,9,right,8,9,18.5,True,
run_20260926_005346_067436,2363,79,2026-09-26T00:55:05.934,10,right,9,10,18.863636363636374,True,
run_20260926_005346_067436,2363,79,2026-09-26T00:55:05.934,11,right,10,11,18.136363636363626,True,
run_20260926_005346_067436,2363,79,2026-09-26T00:55:05.934,12,right,11,12,19.0,True,
run_20260926_005346_067436,2394,80,2026-09-26T00:55:06.967,1,left,0,1,18.888888888888914,True,
run_20260926_005346_067436,2394,80,2026-09-26T00:55:06.967,2,left,1,2,18.655555555555537,True,
run_20260926_005346_067436,2394,80,2026-09-26T00:55:06.967,3,left,2,3,18.525000000000006,True,
run_20260926_005346_067436,2394,80,2026-09-26T00:55:06.967,4,left,3,4,18.875,True,
run_20260926_005346_067436,2394,80,2026-09-26T00:55:06.967,5,left,4,5,19.0,True,
run_20260926_005346_067436,2394,80,2026-09-26T00:55:06.967,6,left,5,6,18.785714285714278,True,
run_20260926_005346_067436,2394,80,2026-09-26T00:55:06.967,7,left,6,7,18.714285714285722,True,
run_20260926_005346_067436,2394,80,2026-09-26T00:55:06.967,8,left,7,8,18.5,True,
run_20260926_005346_067436,2394,80,2026-09-26T00:55:06.967,9,left,8,9,18.900000000000006,True,
run_20260926_005346_067436,2394,80,2026-09-26T00:55:06.967,10,left,9,10,18.314285714285703,True,
run_20260926_005346_067436,2394,80,2026-09-26T00:55:06.967,11,left,10,11,18.785714285714292,True,
run_20260926_005346_067436,2394,80,2026-09-26T00:55:06.967,12,left,11,12,18.5,True,
run_20260926_005346_067436,2394,80,2026-09-26T00:55:06.967,1,right,0,1,18.583333333333314,True,
run_20260926_005346_067436,2394,80,2026-09-26T00:55:06.967,2,right,1,2,18.666666666666686,True,
run_20260926_005346_067436,2394,80,2026-09-26T00:55:06.967,3,right,2,3,18.75,True,
run_20260926_005346_067436,2394,80,2026-09-26T00:55:06.967,4,right,3,4,19.0,True,
run_20260926_005346_067436,2394,80,2026-09-26T00:55:06.967,5,right,4,5,19.0,True,
run_20260926_005346_067436,2394,80,2026-09-26T00:55:06.967,6,right,5,6,18.863636363636374,True,
run_20260926_005346_067436,2394,80,2026-09-26T00:55:06.967,7,right,6,7,18.636363636363626,True,
run_20260926_005346_067436,2394,80,2026-09-26T00:55:06.967,8,right,7,8,19.0,True,
run_20260926_005346_067436,2394,80,2026-09-26T00:55:06.967,9,right,8,9,18.5,True,
run_20260926_005346_067436,2394,80,2026-09-26T00:55:06.967,10,right,9,10,18.863636363636374,True,
run_20260926_005346_067436,2394,80,2026-09-26T00:55:06.967,11,right,10,11,18.136363636363626,True,
run_20260926_005346_067436,2394,80,2026-09-26T00:55:06.967,12,right,11,12,19.0,True,
run_20260926_005346_067436,2425,81,2026-09-26T00:55:07.997,1,left,0,1,18.944444444444457,True,
run_20260926_005346_067436,2425,81,2026-09-26T00:55:07.997,2,left,1,2,18.599999999999994,True,
run_20260926_005346_067436,2425,81,2026-09-26T00:55:07.997,3,left,2,3,18.525000000000006,True,
run_20260926_005346_067436,2425,81,2026-09-26T00:55:07.997,4,left,3,4,18.875,True,
run_20260926_005346_067436,2425,81,2026-09-26T00:55:07.997,5,left,4,5,19.0,True,
run_20260926_005346_067436,2425,81,2026-09-26T00:55:07.997,6,left,5,6,18.785714285714278,True,
run_20260926_005346_067436,2425,81,2026-09-26T00:55:07.997,7,left,6,7,18.714285714285722,True,
run_20260926_005346_067436,2425,81,2026-09-26T00:55:07.997,8,left,7,8,18.5,True,
run_20260926_005346_067436,2425,81,2026-09-26T00:55:07.997,9,left,8,9,18.900000000000006,True,
run_20260926_005346_067436,2425,81,2026-09-26T00:55:07.997,10,left,9,10,18.433333333333323,True,
run_20260926_005346_067436,2425,81,2026-09-26T00:55:07.997,11,left,10,11,18.66666666666667,True,
run_20260926_005346_067436,2425,81,2026-09-26T00:55:07.997,12,left,11,12,18.5,True,
run_20260926_005346_067436,2425,81,2026-09-26T00:55:07.997,1,right,0,1,18.5,True,
run_20260926_005346_067436,2425,81,2026-09-26T00:55:07.997,2,right,1,2,18.636363636363626,True,
run_20260926_005346_067436,2425,81,2026-09-26T00:55:07.997,3,right,2,3,18.863636363636374,True,
run_20260926_005346_067436,2425,81,2026-09-26T00:55:07.997,4,right,3,4,19.0,True,
run_20260926_005346_067436,2425,81,2026-09-26T00:55:07.997,5,right,4,5,19.0,True,
run_20260926_005346_067436,2425,81,2026-09-26T00:55:07.997,6,right,5,6,18.863636363636374,True,
run_20260926_005346_067436,2425,81,2026-09-26T00:55:07.997,7,right,6,7,18.636363636363626,True,
run_20260926_005346_067436,2425,81,2026-09-26T00:55:07.997,8,right,7,8,19.0,True,
run_20260926_005346_067436,2425,81,2026-09-26T00:55:07.997,9,right,8,9,18.5,True,
run_20260926_005346_067436,2425,81,2026-09-26T00:55:07.997,10,right,9,10,18.75,True,
run_20260926_005346_067436,2425,81,2026-09-26T00:55:07.997,11,right,10,11,18.25,True,
run_20260926_005346_067436,2425,81,2026-09-26T00:55:07.997,12,right,11,12,19.0,True,
run_20260926_005346_067436,2455,82,2026-09-26T00:55:09.001,1,left,0,1,18.888888888888914,True,
run_20260926_005346_067436,2455,82,2026-09-26T00:55:09.001,2,left,1,2,18.655555555555537,True,
run_20260926_005346_067436,2455,82,2026-09-26T00:55:09.001,3,left,2,3,18.525000000000006,True,
run_20260926_005346_067436,2455,82,2026-09-26T00:55:09.001,4,left,3,4,18.875,True,
run_20260926_005346_067436,2455,82,2026-09-26T00:55:09.001,5,left,4,5,19.0,True,
run_20260926_005346_067436,2455,82,2026-09-26T00:55:09.001,6,left,5,6,18.785714285714278,True,
run_20260926_005346_067436,2455,82,2026-09-26T00:55:09.001,7,left,6,7,18.714285714285722,True,
run_20260926_005346_067436,2455,82,2026-09-26T00:55:09.001,8,left,7,8,18.5,True,
run_20260926_005346_067436,2455,82,2026-09-26T00:55:09.001,9,left,8,9,18.900000000000006,True,
run_20260926_005346_067436,2455,82,2026-09-26T00:55:09.001,10,left,9,10,18.314285714285703,True,
run_20260926_005346_067436,2455,82,2026-09-26T00:55:09.001,11,left,10,11,18.785714285714292,True,
run_20260926_005346_067436,2455,82,2026-09-26T00:55:09.001,12,left,11,12,18.42857142857143,True,
run_20260926_005346_067436,2455,82,2026-09-26T00:55:09.001,1,right,0,1,18.5,True,
run_20260926_005346_067436,2455,82,2026-09-26T00:55:09.001,2,right,1,2,18.636363636363626,True,
run_20260926_005346_067436,2455,82,2026-09-26T00:55:09.001,3,right,2,3,18.863636363636374,True,
run_20260926_005346_067436,2455,82,2026-09-26T00:55:09.001,4,right,3,4,19.0,True,
run_20260926_005346_067436,2455,82,2026-09-26T00:55:09.001,5,right,4,5,19.0,True,
run_20260926_005346_067436,2455,82,2026-09-26T00:55:09.001,6,right,5,6,18.863636363636374,True,
run_20260926_005346_067436,2455,82,2026-09-26T00:55:09.001,7,right,6,7,18.636363636363626,True,
run_20260926_005346_067436,2455,82,2026-09-26T00:55:09.001,8,right,7,8,19.0,True,
run_20260926_005346_067436,2455,82,2026-09-26T00:55:09.001,9,right,8,9,18.5,True,
run_20260926_005346_067436,2455,82,2026-09-26T00:55:09.001,10,right,9,10,18.863636363636374,True,
run_20260926_005346_067436,2455,82,2026-09-26T00:55:09.001,11,right,10,11,18.136363636363626,True,
run_20260926_005346_067436,2455,82,2026-09-26T00:55:09.001,12,right,11,12,19.0,True,
run_20260926_005346_067436,2486,83,2026-09-26T00:55:10.030,1,left,0,1,18.888888888888914,True,
run_20260926_005346_067436,2486,83,2026-09-26T00:55:10.030,2,left,1,2,18.655555555555537,True,
run_20260926_005346_067436,2486,83,2026-09-26T00:55:10.030,3,left,2,3,18.525000000000006,True,
run_20260926_005346_067436,2486,83,2026-09-26T00:55:10.030,4,left,3,4,18.875,True,
run_20260926_005346_067436,2486,83,2026-09-26T00:55:10.030,5,left,4,5,19.0,True,
run_20260926_005346_067436,2486,83,2026-09-26T00:55:10.030,6,left,5,6,18.785714285714278,True,
run_20260926_005346_067436,2486,83,2026-09-26T00:55:10.030,7,left,6,7,18.714285714285722,True,
run_20260926_005346_067436,2486,83,2026-09-26T00:55:10.030,8,left,7,8,18.5,True,
run_20260926_005346_067436,2486,83,2026-09-26T00:55:10.030,9,left,8,9,18.900000000000006,True,
run_20260926_005346_067436,2486,83,2026-09-26T00:55:10.030,10,left,9,10,18.314285714285703,True,
run_20260926_005346_067436,2486,83,2026-09-26T00:55:10.030,11,left,10,11,18.785714285714292,True,
run_20260926_005346_067436,2486,83,2026-09-26T00:55:10.030,12,left,11,12,18.42857142857143,True,
run_20260926_005346_067436,2486,83,2026-09-26T00:55:10.030,1,right,0,1,18.583333333333314,True,
run_20260926_005346_067436,2486,83,2026-09-26T00:55:10.030,2,right,1,2,18.55303030303031,True,
run_20260926_005346_067436,2486,83,2026-09-26T00:55:10.030,3,right,2,3,18.863636363636374,True,
run_20260926_005346_067436,2486,83,2026-09-26T00:55:10.030,4,right,3,4,19.0,True,
run_20260926_005346_067436,2486,83,2026-09-26T00:55:10.030,5,right,4,5,19.0,True,
run_20260926_005346_067436,2486,83,2026-09-26T00:55:10.030,6,right,5,6,18.863636363636374,True,
run_20260926_005346_067436,2486,83,2026-09-26T00:55:10.030,7,right,6,7,18.636363636363626,True,
run_20260926_005346_067436,2486,83,2026-09-26T00:55:10.030,8,right,7,8,19.0,True,
run_20260926_005346_067436,2486,83,2026-09-26T00:55:10.030,9,right,8,9,18.5,True,
run_20260926_005346_067436,2486,83,2026-09-26T00:55:10.030,10,right,9,10,18.863636363636374,True,
run_20260926_005346_067436,2486,83,2026-09-26T00:55:10.030,11,right,10,11,18.136363636363626,True,
run_20260926_005346_067436,2486,83,2026-09-26T00:55:10.030,12,right,11,12,19.0,True,
run_20260926_005346_067436,2516,84,2026-09-26T00:55:11.035,1,left,0,1,18.888888888888914,True,
run_20260926_005346_067436,2516,84,2026-09-26T00:55:11.035,2,left,1,2,18.655555555555537,True,
run_20260926_005346_067436,2516,84,2026-09-26T00:55:11.035,3,left,2,3,18.525000000000006,True,
run_20260926_005346_067436,2516,84,2026-09-26T00:55:11.035,4,left,3,4,18.875,True,
run_20260926_005346_067436,2516,84,2026-09-26T00:55:11.035,5,left,4,5,19.0,True,
run_20260926_005346_067436,2516,84,2026-09-26T00:55:11.035,6,left,5,6,18.785714285714278,True,
run_20260926_005346_067436,2516,84,2026-09-26T00:55:11.035,7,left,6,7,18.714285714285722,True,
run_20260926_005346_067436,2516,84,2026-09-26T00:55:11.035,8,left,7,8,18.625,True,
run_20260926_005346_067436,2516,84,2026-09-26T00:55:11.035,9,left,8,9,18.875,True,
run_20260926_005346_067436,2516,84,2026-09-26T00:55:11.035,10,left,9,10,18.33333333333333,True,
run_20260926_005346_067436,2516,84,2026-09-26T00:55:11.035,11,left,10,11,18.66666666666667,True,
run_20260926_005346_067436,2516,84,2026-09-26T00:55:11.035,12,left,11,12,18.42857142857143,True,
run_20260926_005346_067436,2516,84,2026-09-26T00:55:11.035,1,right,0,1,18.5,True,
run_20260926_005346_067436,2516,84,2026-09-26T00:55:11.035,2,right,1,2,18.636363636363626,True,
run_20260926_005346_067436,2516,84,2026-09-26T00:55:11.035,3,right,2,3,18.863636363636374,True,
run_20260926_005346_067436,2516,84,2026-09-26T00:55:11.035,4,right,3,4,19.0,True,
run_20260926_005346_067436,2516,84,2026-09-26T00:55:11.035,5,right,4,5,19.0,True,
run_20260926_005346_067436,2516,84,2026-09-26T00:55:11.035,6,right,5,6,18.863636363636374,True,
run_20260926_005346_067436,2516,84,2026-09-26T00:55:11.035,7,right,6,7,18.636363636363626,True,
run_20260926_005346_067436,2516,84,2026-09-26T00:55:11.035,8,right,7,8,19.0,True,
run_20260926_005346_067436,2516,84,2026-09-26T00:55:11.035,9,right,8,9,18.5,True,
run_20260926_005346_067436,2516,84,2026-09-26T00:55:11.035,10,right,9,10,18.863636363636374,True,
run_20260926_005346_067436,2516,84,2026-09-26T00:55:11.035,11,right,10,11,18.136363636363626,True,
run_20260926_005346_067436,2516,84,2026-09-26T00:55:11.035,12,right,11,12,19.0,True,
run_20260926_005346_067436,2547,85,2026-09-26T00:55:12.064,1,left,0,1,18.888888888888914,True,
run_20260926_005346_067436,2547,85,2026-09-26T00:55:12.064,2,left,1,2,18.655555555555537,True,
run_20260926_005346_067436,2547,85,2026-09-26T00:55:12.064,3,left,2,3,18.525000000000006,True,
run_20260926_005346_067436,2547,85,2026-09-26T00:55:12.064,4,left,3,4,18.875,True,
run_20260926_005346_067436,2547,85,2026-09-26T00:55:12.064,5,left,4,5,19.0,True,
run_20260926_005346_067436,2547,85,2026-09-26T00:55:12.064,6,left,5,6,18.785714285714278,True,
run_20260926_005346_067436,2547,85,2026-09-26T00:55:12.064,7,left,6,7,18.714285714285722,True,
run_20260926_005346_067436,2547,85,2026-09-26T00:55:12.064,8,left,7,8,18.5,True,
run_20260926_005346_067436,2547,85,2026-09-26T00:55:12.064,9,left,8,9,19.0,True,
run_20260926_005346_067436,2547,85,2026-09-26T00:55:12.064,10,left,9,10,18.214285714285708,True,
run_20260926_005346_067436,2547,85,2026-09-26T00:55:12.064,11,left,10,11,18.785714285714292,True,
run_20260926_005346_067436,2547,85,2026-09-26T00:55:12.064,12,left,11,12,18.42857142857143,True,
run_20260926_005346_067436,2547,85,2026-09-26T00:55:12.064,1,right,0,1,18.5,True,
run_20260926_005346_067436,2547,85,2026-09-26T00:55:12.064,2,right,1,2,18.75,True,
run_20260926_005346_067436,2547,85,2026-09-26T00:55:12.064,3,right,2,3,18.75,True,
run_20260926_005346_067436,2547,85,2026-09-26T00:55:12.064,4,right,3,4,19.0,True,
run_20260926_005346_067436,2547,85,2026-09-26T00:55:12.064,5,right,4,5,19.0,True,
run_20260926_005346_067436,2547,85,2026-09-26T00:55:12.064,6,right,5,6,18.863636363636374,True,
run_20260926_005346_067436,2547,85,2026-09-26T00:55:12.064,7,right,6,7,18.636363636363626,True,
run_20260926_005346_067436,2547,85,2026-09-26T00:55:12.064,8,right,7,8,19.0,True,
run_20260926_005346_067436,2547,85,2026-09-26T00:55:12.064,9,right,8,9,18.5,True,
run_20260926_005346_067436,2547,85,2026-09-26T00:55:12.064,10,right,9,10,18.863636363636374,True,
run_20260926_005346_067436,2547,85,2026-09-26T00:55:12.064,11,right,10,11,18.136363636363626,True,
run_20260926_005346_067436,2547,85,2026-09-26T00:55:12.064,12,right,11,12,19.0,True,
run_20260926_005346_067436,2577,86,2026-09-26T00:55:13.066,1,left,0,1,18.944444444444457,True,
run_20260926_005346_067436,2577,86,2026-09-26T00:55:13.066,2,left,1,2,18.599999999999994,True,
run_20260926_005346_067436,2577,86,2026-09-26T00:55:13.066,3,left,2,3,18.525000000000006,True,
run_20260926_005346_067436,2577,86,2026-09-26T00:55:13.066,4,left,3,4,18.875,True,
run_20260926_005346_067436,2577,86,2026-09-26T00:55:13.066,5,left,4,5,19.0,True,
run_20260926_005346_067436,2577,86,2026-09-26T00:55:13.066,6,left,5,6,18.785714285714278,True,
run_20260926_005346_067436,2577,86,2026-09-26T00:55:13.066,7,left,6,7,18.714285714285722,True,
run_20260926_005346_067436,2577,86,2026-09-26T00:55:13.066,8,left,7,8,18.625,True,
run_20260926_005346_067436,2577,86,2026-09-26T00:55:13.066,9,left,8,9,18.775000000000006,True,
run_20260926_005346_067436,2577,86,2026-09-26T00:55:13.066,10,left,9,10,18.314285714285703,True,
run_20260926_005346_067436,2577,86,2026-09-26T00:55:13.066,11,left,10,11,18.785714285714292,True,
run_20260926_005346_067436,2577,86,2026-09-26T00:55:13.066,12,left,11,12,18.42857142857143,True,
run_20260926_005346_067436,2577,86,2026-09-26T00:55:13.066,1,right,0,1,18.5,True,
run_20260926_005346_067436,2577,86,2026-09-26T00:55:13.066,2,right,1,2,18.636363636363626,True,
run_20260926_005346_067436,2577,86,2026-09-26T00:55:13.066,3,right,2,3,18.863636363636374,True,
run_20260926_005346_067436,2577,86,2026-09-26T00:55:13.066,4,right,3,4,19.0,True,
run_20260926_005346_067436,2577,86,2026-09-26T00:55:13.066,5,right,4,5,19.0,True,
run_20260926_005346_067436,2577,86,2026-09-26T00:55:13.066,6,right,5,6,18.863636363636374,True,
run_20260926_005346_067436,2577,86,2026-09-26T00:55:13.066,7,right,6,7,18.636363636363626,True,
run_20260926_005346_067436,2577,86,2026-09-26T00:55:13.066,8,right,7,8,19.0,True,
run_20260926_005346_067436,2577,86,2026-09-26T00:55:13.066,9,right,8,9,18.5,True,
run_20260926_005346_067436,2577,86,2026-09-26T00:55:13.066,10,right,9,10,18.863636363636374,True,
run_20260926_005346_067436,2577,86,2026-09-26T00:55:13.066,11,right,10,11,18.136363636363626,True,
run_20260926_005346_067436,2577,86,2026-09-26T00:55:13.066,12,right,11,12,19.0,True,
run_20260926_005346_067436,2607,87,2026-09-26T00:55:14.068,1,left,0,1,18.944444444444457,True,
run_20260926_005346_067436,2607,87,2026-09-26T00:55:14.068,2,left,1,2,18.599999999999994,True,
run_20260926_005346_067436,2607,87,2026-09-26T00:55:14.068,3,left,2,3,18.525000000000006,True,
run_20260926_005346_067436,2607,87,2026-09-26T00:55:14.068,4,left,3,4,18.875,True,
run_20260926_005346_067436,2607,87,2026-09-26T00:55:14.068,5,left,4,5,19.0,True,
run_20260926_005346_067436,2607,87,2026-09-26T00:55:14.068,6,left,5,6,18.785714285714278,True,
run_20260926_005346_067436,2607,87,2026-09-26T00:55:14.068,7,left,6,7,18.714285714285722,True,
run_20260926_005346_067436,2607,87,2026-09-26T00:55:14.068,8,left,7,8,18.5,True,
run_20260926_005346_067436,2607,87,2026-09-26T00:55:14.068,9,left,8,9,18.900000000000006,True,
run_20260926_005346_067436,2607,87,2026-09-26T00:55:14.068,10,left,9,10,18.433333333333323,True,
run_20260926_005346_067436,2607,87,2026-09-26T00:55:14.068,11,left,10,11,18.66666666666667,True,
run_20260926_005346_067436,2607,87,2026-09-26T00:55:14.068,12,left,11,12,18.42857142857143,True,
run_20260926_005346_067436,2607,87,2026-09-26T00:55:14.068,1,right,0,1,18.583333333333314,True,
run_20260926_005346_067436,2607,87,2026-09-26T00:55:14.068,2,right,1,2,18.55303030303031,True,
run_20260926_005346_067436,2607,87,2026-09-26T00:55:14.068,3,right,2,3,18.863636363636374,True,
run_20260926_005346_067436,2607,87,2026-09-26T00:55:14.068,4,right,3,4,19.0,True,
run_20260926_005346_067436,2607,87,2026-09-26T00:55:14.068,5,right,4,5,19.0,True,
run_20260926_005346_067436,2607,87,2026-09-26T00:55:14.068,6,right,5,6,18.863636363636374,True,
run_20260926_005346_067436,2607,87,2026-09-26T00:55:14.068,7,right,6,7,18.636363636363626,True,
run_20260926_005346_067436,2607,87,2026-09-26T00:55:14.068,8,right,7,8,19.0,True,
run_20260926_005346_067436,2607,87,2026-09-26T00:55:14.068,9,right,8,9,18.5,True,
run_20260926_005346_067436,2607,87,2026-09-26T00:55:14.068,10,right,9,10,18.863636363636374,True,
run_20260926_005346_067436,2607,87,2026-09-26T00:55:14.068,11,right,10,11,18.136363636363626,True,
run_20260926_005346_067436,2607,87,2026-09-26T00:55:14.068,12,right,11,12,19.0,True,
run_20260926_005346_067436,2638,88,2026-09-26T00:55:15.097,1,left,0,1,18.888888888888914,True,
run_20260926_005346_067436,2638,88,2026-09-26T00:55:15.097,2,left,1,2,18.655555555555537,True,
run_20260926_005346_067436,2638,88,2026-09-26T00:55:15.097,3,left,2,3,18.525000000000006,True,
run_20260926_005346_067436,2638,88,2026-09-26T00:55:15.097,4,left,3,4,18.875,True,
run_20260926_005346_067436,2638,88,2026-09-26T00:55:15.097,5,left,4,5,19.0,True,
run_20260926_005346_067436,2638,88,2026-09-26T00:55:15.097,6,left,5,6,18.785714285714278,True,
run_20260926_005346_067436,2638,88,2026-09-26T00:55:15.097,7,left,6,7,18.714285714285722,True,
run_20260926_005346_067436,2638,88,2026-09-26T00:55:15.097,8,left,7,8,18.5,True,
run_20260926_005346_067436,2638,88,2026-09-26T00:55:15.097,9,left,8,9,19.0,True,
run_20260926_005346_067436,2638,88,2026-09-26T00:55:15.097,10,left,9,10,18.33333333333333,True,
run_20260926_005346_067436,2638,88,2026-09-26T00:55:15.097,11,left,10,11,18.66666666666667,True,
run_20260926_005346_067436,2638,88,2026-09-26T00:55:15.097,12,left,11,12,18.42857142857143,True,
run_20260926_005346_067436,2638,88,2026-09-26T00:55:15.097,1,right,0,1,18.583333333333314,True,
run_20260926_005346_067436,2638,88,2026-09-26T00:55:15.097,2,right,1,2,18.55303030303031,True,
run_20260926_005346_067436,2638,88,2026-09-26T00:55:15.097,3,right,2,3,18.863636363636374,True,
run_20260926_005346_067436,2638,88,2026-09-26T00:55:15.097,4,right,3,4,19.0,True,
run_20260926_005346_067436,2638,88,2026-09-26T00:55:15.097,5,right,4,5,19.0,True,
run_20260926_005346_067436,2638,88,2026-09-26T00:55:15.097,6,right,5,6,18.863636363636374,True,
run_20260926_005346_067436,2638,88,2026-09-26T00:55:15.097,7,right,6,7,18.636363636363626,True,
run_20260926_005346_067436,2638,88,2026-09-26T00:55:15.097,8,right,7,8,19.0,True,
run_20260926_005346_067436,2638,88,2026-09-26T00:55:15.097,9,right,8,9,18.5,True,
run_20260926_005346_067436,2638,88,2026-09-26T00:55:15.097,10,right,9,10,18.863636363636374,True,
run_20260926_005346_067436,2638,88,2026-09-26T00:55:15.097,11,right,10,11,18.136363636363626,True,
run_20260926_005346_067436,2638,88,2026-09-26T00:55:15.097,12,right,11,12,19.0,True,
run_20260926_005346_067436,2668,89,2026-09-26T00:55:16.098,1,left,0,1,18.944444444444457,True,
run_20260926_005346_067436,2668,89,2026-09-26T00:55:16.098,2,left,1,2,18.599999999999994,True,
run_20260926_005346_067436,2668,89,2026-09-26T00:55:16.098,3,left,2,3,18.525000000000006,True,
run_20260926_005346_067436,2668,89,2026-09-26T00:55:16.098,4,left,3,4,18.875,True,
run_20260926_005346_067436,2668,89,2026-09-26T00:55:16.098,5,left,4,5,19.0,True,
run_20260926_005346_067436,2668,89,2026-09-26T00:55:16.098,6,left,5,6,18.785714285714278,True,
run_20260926_005346_067436,2668,89,2026-09-26T00:55:16.098,7,left,6,7,18.714285714285722,True,
run_20260926_005346_067436,2668,89,2026-09-26T00:55:16.098,8,left,7,8,18.625,True,
run_20260926_005346_067436,2668,89,2026-09-26T00:55:16.098,9,left,8,9,18.775000000000006,True,
run_20260926_005346_067436,2668,89,2026-09-26T00:55:16.098,10,left,9,10,18.433333333333323,True,
run_20260926_005346_067436,2668,89,2026-09-26T00:55:16.098,11,left,10,11,18.66666666666667,True,
run_20260926_005346_067436,2668,89,2026-09-26T00:55:16.098,12,left,11,12,18.42857142857143,True,
run_20260926_005346_067436,2668,89,2026-09-26T00:55:16.098,1,right,0,1,18.5,True,
run_20260926_005346_067436,2668,89,2026-09-26T00:55:16.098,2,right,1,2,18.75,True,
run_20260926_005346_067436,2668,89,2026-09-26T00:55:16.098,3,right,2,3,18.75,True,
run_20260926_005346_067436,2668,89,2026-09-26T00:55:16.098,4,right,3,4,19.0,True,
run_20260926_005346_067436,2668,89,2026-09-26T00:55:16.098,5,right,4,5,19.0,True,
run_20260926_005346_067436,2668,89,2026-09-26T00:55:16.098,6,right,5,6,18.863636363636374,True,
run_20260926_005346_067436,2668,89,2026-09-26T00:55:16.098,7,right,6,7,18.636363636363626,True,
run_20260926_005346_067436,2668,89,2026-09-26T00:55:16.098,8,right,7,8,19.0,True,
run_20260926_005346_067436,2668,89,2026-09-26T00:55:16.098,9,right,8,9,18.5,True,
run_20260926_005346_067436,2668,89,2026-09-26T00:55:16.098,10,right,9,10,19.0,True,
run_20260926_005346_067436,2668,89,2026-09-26T00:55:16.098,11,right,10,11,18.0,True,
run_20260926_005346_067436,2668,89,2026-09-26T00:55:16.098,12,right,11,12,19.0,True,
run_20260926_005346_067436,2699,90,2026-09-26T00:55:17.134,1,left,0,1,18.944444444444457,True,
run_20260926_005346_067436,2699,90,2026-09-26T00:55:17.134,2,left,1,2,18.599999999999994,True,
run_20260926_005346_067436,2699,90,2026-09-26T00:55:17.134,3,left,2,3,18.525000000000006,True,
run_20260926_005346_067436,2699,90,2026-09-26T00:55:17.134,4,left,3,4,18.875,True,
run_20260926_005346_067436,2699,90,2026-09-26T00:55:17.134,5,left,4,5,19.0,True,
run_20260926_005346_067436,2699,90,2026-09-26T00:55:17.134,6,left,5,6,18.785714285714278,True,
run_20260926_005346_067436,2699,90,2026-09-26T00:55:17.134,7,left,6,7,18.714285714285722,True,
run_20260926_005346_067436,2699,90,2026-09-26T00:55:17.134,8,left,7,8,18.5,True,
run_20260926_005346_067436,2699,90,2026-09-26T00:55:17.134,9,left,8,9,18.900000000000006,True,
run_20260926_005346_067436,2699,90,2026-09-26T00:55:17.134,10,left,9,10,18.433333333333323,True,
run_20260926_005346_067436,2699,90,2026-09-26T00:55:17.134,11,left,10,11,18.66666666666667,True,
run_20260926_005346_067436,2699,90,2026-09-26T00:55:17.134,12,left,11,12,18.42857142857143,True,
run_20260926_005346_067436,2699,90,2026-09-26T00:55:17.134,1,right,0,1,18.583333333333314,True,
run_20260926_005346_067436,2699,90,2026-09-26T00:55:17.134,2,right,1,2,18.55303030303031,True,
run_20260926_005346_067436,2699,90,2026-09-26T00:55:17.134,3,right,2,3,18.863636363636374,True,
run_20260926_005346_067436,2699,90,2026-09-26T00:55:17.134,4,right,3,4,19.0,True,
run_20260926_005346_067436,2699,90,2026-09-26T00:55:17.134,5,right,4,5,19.0,True,
run_20260926_005346_067436,2699,90,2026-09-26T00:55:17.134,6,right,5,6,18.863636363636374,True,
run_20260926_005346_067436,2699,90,2026-09-26T00:55:17.134,7,right,6,7,18.636363636363626,True,
run_20260926_005346_067436,2699,90,2026-09-26T00:55:17.134,8,right,7,8,19.0,True,
run_20260926_005346_067436,2699,90,2026-09-26T00:55:17.134,9,right,8,9,18.5,True,
run_20260926_005346_067436,2699,90,2026-09-26T00:55:17.134,10,right,9,10,18.863636363636374,True,
run_20260926_005346_067436,2699,90,2026-09-26T00:55:17.134,11,right,10,11,18.136363636363626,True,
run_20260926_005346_067436,2699,90,2026-09-26T00:55:17.134,12,right,11,12,19.0,True,
run_20260926_005346_067436,2730,91,2026-09-26T00:55:18.163,1,left,0,1,18.888888888888914,True,
run_20260926_005346_067436,2730,91,2026-09-26T00:55:18.163,2,left,1,2,18.655555555555537,True,
run_20260926_005346_067436,2730,91,2026-09-26T00:55:18.163,3,left,2,3,18.525000000000006,True,
run_20260926_005346_067436,2730,91,2026-09-26T00:55:18.163,4,left,3,4,18.875,True,
run_20260926_005346_067436,2730,91,2026-09-26T00:55:18.163,5,left,4,5,19.0,True,
run_20260926_005346_067436,2730,91,2026-09-26T00:55:18.163,6,left,5,6,18.785714285714278,True,
run_20260926_005346_067436,2730,91,2026-09-26T00:55:18.163,7,left,6,7,18.714285714285722,True,
run_20260926_005346_067436,2730,91,2026-09-26T00:55:18.163,8,left,7,8,18.5,True,
run_20260926_005346_067436,2730,91,2026-09-26T00:55:18.163,9,left,8,9,18.900000000000006,True,
run_20260926_005346_067436,2730,91,2026-09-26T00:55:18.163,10,left,9,10,18.314285714285703,True,
run_20260926_005346_067436,2730,91,2026-09-26T00:55:18.163,11,left,10,11,18.785714285714292,True,
run_20260926_005346_067436,2730,91,2026-09-26T00:55:18.163,12,left,11,12,18.42857142857143,True,
run_20260926_005346_067436,2730,91,2026-09-26T00:55:18.163,1,right,0,1,18.5,True,
run_20260926_005346_067436,2730,91,2026-09-26T00:55:18.163,2,right,1,2,18.636363636363626,True,
run_20260926_005346_067436,2730,91,2026-09-26T00:55:18.163,3,right,2,3,18.863636363636374,True,
run_20260926_005346_067436,2730,91,2026-09-26T00:55:18.163,4,right,3,4,19.0,True,
run_20260926_005346_067436,2730,91,2026-09-26T00:55:18.163,5,right,4,5,19.0,True,
run_20260926_005346_067436,2730,91,2026-09-26T00:55:18.163,6,right,5,6,18.863636363636374,True,
run_20260926_005346_067436,2730,91,2026-09-26T00:55:18.163,7,right,6,7,18.636363636363626,True,
run_20260926_005346_067436,2730,91,2026-09-26T00:55:18.163,8,right,7,8,19.0,True,
run_20260926_005346_067436,2730,91,2026-09-26T00:55:18.163,9,right,8,9,18.5,True,
run_20260926_005346_067436,2730,91,2026-09-26T00:55:18.163,10,right,9,10,18.863636363636374,True,
run_20260926_005346_067436,2730,91,2026-09-26T00:55:18.163,11,right,10,11,18.136363636363626,True,
run_20260926_005346_067436,2730,91,2026-09-26T00:55:18.163,12,right,11,12,19.0,True,
run_20260926_005346_067436,2760,92,2026-09-26T00:55:19.170,1,left,0,1,18.888888888888914,True,
run_20260926_005346_067436,2760,92,2026-09-26T00:55:19.170,2,left,1,2,18.655555555555537,True,
run_20260926_005346_067436,2760,92,2026-09-26T00:55:19.170,3,left,2,3,18.525000000000006,True,
run_20260926_005346_067436,2760,92,2026-09-26T00:55:19.170,4,left,3,4,18.875,True,
run_20260926_005346_067436,2760,92,2026-09-26T00:55:19.170,5,left,4,5,19.0,True,
run_20260926_005346_067436,2760,92,2026-09-26T00:55:19.170,6,left,5,6,18.785714285714278,True,
run_20260926_005346_067436,2760,92,2026-09-26T00:55:19.170,7,left,6,7,18.714285714285722,True,
run_20260926_005346_067436,2760,92,2026-09-26T00:55:19.170,8,left,7,8,18.5,True,
run_20260926_005346_067436,2760,92,2026-09-26T00:55:19.170,9,left,8,9,19.0,True,
run_20260926_005346_067436,2760,92,2026-09-26T00:55:19.170,10,left,9,10,18.214285714285708,True,
run_20260926_005346_067436,2760,92,2026-09-26T00:55:19.170,11,left,10,11,18.785714285714292,True,
run_20260926_005346_067436,2760,92,2026-09-26T00:55:19.170,12,left,11,12,18.42857142857143,True,
run_20260926_005346_067436,2760,92,2026-09-26T00:55:19.170,1,right,0,1,18.5,True,
run_20260926_005346_067436,2760,92,2026-09-26T00:55:19.170,2,right,1,2,18.75,True,
run_20260926_005346_067436,2760,92,2026-09-26T00:55:19.170,3,right,2,3,18.75,True,
run_20260926_005346_067436,2760,92,2026-09-26T00:55:19.170,4,right,3,4,19.0,True,
run_20260926_005346_067436,2760,92,2026-09-26T00:55:19.170,5,right,4,5,19.0,True,
run_20260926_005346_067436,2760,92,2026-09-26T00:55:19.170,6,right,5,6,18.863636363636374,True,
run_20260926_005346_067436,2760,92,2026-09-26T00:55:19.170,7,right,6,7,18.636363636363626,True,
run_20260926_005346_067436,2760,92,2026-09-26T00:55:19.170,8,right,7,8,19.0,True,
run_20260926_005346_067436,2760,92,2026-09-26T00:55:19.170,9,right,8,9,18.5,True,
run_20260926_005346_067436,2760,92,2026-09-26T00:55:19.170,10,right,9,10,18.863636363636374,True,
run_20260926_005346_067436,2760,92,2026-09-26T00:55:19.170,11,right,10,11,18.136363636363626,True,
run_20260926_005346_067436,2760,92,2026-09-26T00:55:19.170,12,right,11,12,19.0,True,
run_20260926_005346_067436,2791,93,2026-09-26T00:55:20.197,1,left,0,1,18.888888888888914,True,
run_20260926_005346_067436,2791,93,2026-09-26T00:55:20.197,2,left,1,2,18.655555555555537,True,
run_20260926_005346_067436,2791,93,2026-09-26T00:55:20.197,3,left,2,3,18.525000000000006,True,
run_20260926_005346_067436,2791,93,2026-09-26T00:55:20.197,4,left,3,4,18.875,True,
run_20260926_005346_067436,2791,93,2026-09-26T00:55:20.197,5,left,4,5,19.0,True,
run_20260926_005346_067436,2791,93,2026-09-26T00:55:20.197,6,left,5,6,18.785714285714278,True,
run_20260926_005346_067436,2791,93,2026-09-26T00:55:20.197,7,left,6,7,18.714285714285722,True,
run_20260926_005346_067436,2791,93,2026-09-26T00:55:20.197,8,left,7,8,18.5,True,
run_20260926_005346_067436,2791,93,2026-09-26T00:55:20.197,9,left,8,9,19.0,True,
run_20260926_005346_067436,2791,93,2026-09-26T00:55:20.197,10,left,9,10,18.214285714285708,True,
run_20260926_005346_067436,2791,93,2026-09-26T00:55:20.197,11,left,10,11,18.785714285714292,True,
run_20260926_005346_067436,2791,93,2026-09-26T00:55:20.197,12,left,11,12,18.42857142857143,True,
run_20260926_005346_067436,2791,93,2026-09-26T00:55:20.197,1,right,0,1,18.583333333333314,True,
run_20260926_005346_067436,2791,93,2026-09-26T00:55:20.197,2,right,1,2,18.666666666666686,True,
run_20260926_005346_067436,2791,93,2026-09-26T00:55:20.197,3,right,2,3,18.75,True,
run_20260926_005346_067436,2791,93,2026-09-26T00:55:20.197,4,right,3,4,19.0,True,
run_20260926_005346_067436,2791,93,2026-09-26T00:55:20.197,5,right,4,5,19.0,True,
run_20260926_005346_067436,2791,93,2026-09-26T00:55:20.197,6,right,5,6,18.863636363636374,True,
run_20260926_005346_067436,2791,93,2026-09-26T00:55:20.197,7,right,6,7,18.636363636363626,True,
run_20260926_005346_067436,2791,93,2026-09-26T00:55:20.197,8,right,7,8,19.0,True,
run_20260926_005346_067436,2791,93,2026-09-26T00:55:20.197,9,right,8,9,18.5,True,
run_20260926_005346_067436,2791,93,2026-09-26T00:55:20.197,10,right,9,10,18.863636363636374,True,
run_20260926_005346_067436,2791,93,2026-09-26T00:55:20.197,11,right,10,11,18.136363636363626,True,
run_20260926_005346_067436,2791,93,2026-09-26T00:55:20.197,12,right,11,12,19.0,True,
run_20260926_005346_067436,2822,94,2026-09-26T00:55:21.230,1,left,0,1,18.944444444444457,True,
run_20260926_005346_067436,2822,94,2026-09-26T00:55:21.230,2,left,1,2,18.599999999999994,True,
run_20260926_005346_067436,2822,94,2026-09-26T00:55:21.230,3,left,2,3,18.525000000000006,True,
run_20260926_005346_067436,2822,94,2026-09-26T00:55:21.230,4,left,3,4,18.875,True,
run_20260926_005346_067436,2822,94,2026-09-26T00:55:21.230,5,left,4,5,19.0,True,
run_20260926_005346_067436,2822,94,2026-09-26T00:55:21.230,6,left,5,6,18.785714285714278,True,
run_20260926_005346_067436,2822,94,2026-09-26T00:55:21.230,7,left,6,7,18.714285714285722,True,
run_20260926_005346_067436,2822,94,2026-09-26T00:55:21.230,8,left,7,8,18.625,True,
run_20260926_005346_067436,2822,94,2026-09-26T00:55:21.230,9,left,8,9,18.875,True,
run_20260926_005346_067436,2822,94,2026-09-26T00:55:21.230,10,left,9,10,18.214285714285708,True,
run_20260926_005346_067436,2822,94,2026-09-26T00:55:21.230,11,left,10,11,18.785714285714292,True,
run_20260926_005346_067436,2822,94,2026-09-26T00:55:21.230,12,left,11,12,18.42857142857143,True,
run_20260926_005346_067436,2822,94,2026-09-26T00:55:21.230,1,right,0,1,18.583333333333314,True,
run_20260926_005346_067436,2822,94,2026-09-26T00:55:21.230,2,right,1,2,18.666666666666686,True,
run_20260926_005346_067436,2822,94,2026-09-26T00:55:21.230,3,right,2,3,18.75,True,
run_20260926_005346_067436,2822,94,2026-09-26T00:55:21.230,4,right,3,4,19.0,True,
run_20260926_005346_067436,2822,94,2026-09-26T00:55:21.230,5,right,4,5,19.0,True,
run_20260926_005346_067436,2822,94,2026-09-26T00:55:21.230,6,right,5,6,18.863636363636374,True,
run_20260926_005346_067436,2822,94,2026-09-26T00:55:21.230,7,right,6,7,18.636363636363626,True,
run_20260926_005346_067436,2822,94,2026-09-26T00:55:21.230,8,right,7,8,19.0,True,
run_20260926_005346_067436,2822,94,2026-09-26T00:55:21.230,9,right,8,9,18.5,True,
run_20260926_005346_067436,2822,94,2026-09-26T00:55:21.230,10,right,9,10,18.863636363636374,True,
run_20260926_005346_067436,2822,94,2026-09-26T00:55:21.230,11,right,10,11,18.136363636363626,True,
run_20260926_005346_067436,2822,94,2026-09-26T00:55:21.230,12,right,11,12,19.0,True,
run_20260926_005346_067436,2852,95,2026-09-26T00:55:22.235,1,left,0,1,18.888888888888914,True,
run_20260926_005346_067436,2852,95,2026-09-26T00:55:22.235,2,left,1,2,18.655555555555537,True,
run_20260926_005346_067436,2852,95,2026-09-26T00:55:22.235,3,left,2,3,18.525000000000006,True,
run_20260926_005346_067436,2852,95,2026-09-26T00:55:22.235,4,left,3,4,18.875,True,
run_20260926_005346_067436,2852,95,2026-09-26T00:55:22.235,5,left,4,5,19.0,True,
run_20260926_005346_067436,2852,95,2026-09-26T00:55:22.235,6,left,5,6,18.785714285714278,True,
run_20260926_005346_067436,2852,95,2026-09-26T00:55:22.235,7,left,6,7,18.714285714285722,True,
run_20260926_005346_067436,2852,95,2026-09-26T00:55:22.235,8,left,7,8,18.625,True,
run_20260926_005346_067436,2852,95,2026-09-26T00:55:22.235,9,left,8,9,18.775000000000006,True,
run_20260926_005346_067436,2852,95,2026-09-26T00:55:22.235,10,left,9,10,18.314285714285703,True,
run_20260926_005346_067436,2852,95,2026-09-26T00:55:22.235,11,left,10,11,18.785714285714292,True,
run_20260926_005346_067436,2852,95,2026-09-26T00:55:22.235,12,left,11,12,18.42857142857143,True,
run_20260926_005346_067436,2852,95,2026-09-26T00:55:22.235,1,right,0,1,18.583333333333314,True,
run_20260926_005346_067436,2852,95,2026-09-26T00:55:22.235,2,right,1,2,18.666666666666686,True,
run_20260926_005346_067436,2852,95,2026-09-26T00:55:22.235,3,right,2,3,18.75,True,
run_20260926_005346_067436,2852,95,2026-09-26T00:55:22.235,4,right,3,4,19.0,True,
run_20260926_005346_067436,2852,95,2026-09-26T00:55:22.235,5,right,4,5,19.0,True,
run_20260926_005346_067436,2852,95,2026-09-26T00:55:22.235,6,right,5,6,18.863636363636374,True,
run_20260926_005346_067436,2852,95,2026-09-26T00:55:22.235,7,right,6,7,18.636363636363626,True,
run_20260926_005346_067436,2852,95,2026-09-26T00:55:22.235,8,right,7,8,19.0,True,
run_20260926_005346_067436,2852,95,2026-09-26T00:55:22.235,9,right,8,9,18.5,True,
run_20260926_005346_067436,2852,95,2026-09-26T00:55:22.235,10,right,9,10,18.863636363636374,True,
run_20260926_005346_067436,2852,95,2026-09-26T00:55:22.235,11,right,10,11,18.136363636363626,True,
run_20260926_005346_067436,2852,95,2026-09-26T00:55:22.235,12,right,11,12,19.0,True,
run_20260926_005346_067436,2883,96,2026-09-26T00:55:23.263,1,left,0,1,18.888888888888914,True,
run_20260926_005346_067436,2883,96,2026-09-26T00:55:23.263,2,left,1,2,18.655555555555537,True,
run_20260926_005346_067436,2883,96,2026-09-26T00:55:23.263,3,left,2,3,18.525000000000006,True,
run_20260926_005346_067436,2883,96,2026-09-26T00:55:23.263,4,left,3,4,18.875,True,
run_20260926_005346_067436,2883,96,2026-09-26T00:55:23.263,5,left,4,5,19.0,True,
run_20260926_005346_067436,2883,96,2026-09-26T00:55:23.263,6,left,5,6,18.785714285714278,True,
run_20260926_005346_067436,2883,96,2026-09-26T00:55:23.263,7,left,6,7,18.714285714285722,True,
run_20260926_005346_067436,2883,96,2026-09-26T00:55:23.263,8,left,7,8,18.5,True,
run_20260926_005346_067436,2883,96,2026-09-26T00:55:23.263,9,left,8,9,18.900000000000006,True,
run_20260926_005346_067436,2883,96,2026-09-26T00:55:23.263,10,left,9,10,18.314285714285703,True,
run_20260926_005346_067436,2883,96,2026-09-26T00:55:23.263,11,left,10,11,18.785714285714292,True,
run_20260926_005346_067436,2883,96,2026-09-26T00:55:23.263,12,left,11,12,18.42857142857143,True,
run_20260926_005346_067436,2883,96,2026-09-26T00:55:23.263,1,right,0,1,18.583333333333314,True,
run_20260926_005346_067436,2883,96,2026-09-26T00:55:23.263,2,right,1,2,18.666666666666686,True,
run_20260926_005346_067436,2883,96,2026-09-26T00:55:23.263,3,right,2,3,18.75,True,
run_20260926_005346_067436,2883,96,2026-09-26T00:55:23.263,4,right,3,4,19.0,True,
run_20260926_005346_067436,2883,96,2026-09-26T00:55:23.263,5,right,4,5,19.0,True,
run_20260926_005346_067436,2883,96,2026-09-26T00:55:23.263,6,right,5,6,18.863636363636374,True,
run_20260926_005346_067436,2883,96,2026-09-26T00:55:23.263,7,right,6,7,18.636363636363626,True,
run_20260926_005346_067436,2883,96,2026-09-26T00:55:23.263,8,right,7,8,19.0,True,
run_20260926_005346_067436,2883,96,2026-09-26T00:55:23.263,9,right,8,9,18.5,True,
run_20260926_005346_067436,2883,96,2026-09-26T00:55:23.263,10,right,9,10,18.863636363636374,True,
run_20260926_005346_067436,2883,96,2026-09-26T00:55:23.263,11,right,10,11,18.136363636363626,True,
run_20260926_005346_067436,2883,96,2026-09-26T00:55:23.263,12,right,11,12,19.0,True,
run_20260926_005346_067436,2913,97,2026-09-26T00:55:24.267,1,left,0,1,18.888888888888914,True,
run_20260926_005346_067436,2913,97,2026-09-26T00:55:24.267,2,left,1,2,18.655555555555537,True,
run_20260926_005346_067436,2913,97,2026-09-26T00:55:24.267,3,left,2,3,18.525000000000006,True,
run_20260926_005346_067436,2913,97,2026-09-26T00:55:24.267,4,left,3,4,18.875,True,
run_20260926_005346_067436,2913,97,2026-09-26T00:55:24.267,5,left,4,5,19.0,True,
run_20260926_005346_067436,2913,97,2026-09-26T00:55:24.267,6,left,5,6,18.785714285714278,True,
run_20260926_005346_067436,2913,97,2026-09-26T00:55:24.267,7,left,6,7,18.714285714285722,True,
run_20260926_005346_067436,2913,97,2026-09-26T00:55:24.267,8,left,7,8,18.5,True,
run_20260926_005346_067436,2913,97,2026-09-26T00:55:24.267,9,left,8,9,19.0,True,
run_20260926_005346_067436,2913,97,2026-09-26T00:55:24.267,10,left,9,10,18.214285714285708,True,
run_20260926_005346_067436,2913,97,2026-09-26T00:55:24.267,11,left,10,11,18.785714285714292,True,
run_20260926_005346_067436,2913,97,2026-09-26T00:55:24.267,12,left,11,12,18.42857142857143,True,
run_20260926_005346_067436,2913,97,2026-09-26T00:55:24.267,1,right,0,1,18.583333333333314,True,
run_20260926_005346_067436,2913,97,2026-09-26T00:55:24.267,2,right,1,2,18.55303030303031,True,
run_20260926_005346_067436,2913,97,2026-09-26T00:55:24.267,3,right,2,3,18.863636363636374,True,
run_20260926_005346_067436,2913,97,2026-09-26T00:55:24.267,4,right,3,4,19.0,True,
run_20260926_005346_067436,2913,97,2026-09-26T00:55:24.267,5,right,4,5,19.0,True,
run_20260926_005346_067436,2913,97,2026-09-26T00:55:24.267,6,right,5,6,18.863636363636374,True,
run_20260926_005346_067436,2913,97,2026-09-26T00:55:24.267,7,right,6,7,18.636363636363626,True,
run_20260926_005346_067436,2913,97,2026-09-26T00:55:24.267,8,right,7,8,19.0,True,
run_20260926_005346_067436,2913,97,2026-09-26T00:55:24.267,9,right,8,9,18.5,True,
run_20260926_005346_067436,2913,97,2026-09-26T00:55:24.267,10,right,9,10,18.863636363636374,True,
run_20260926_005346_067436,2913,97,2026-09-26T00:55:24.267,11,right,10,11,18.136363636363626,True,
run_20260926_005346_067436,2913,97,2026-09-26T00:55:24.267,12,right,11,12,19.0,True,
run_20260926_005346_067436,2944,98,2026-09-26T00:55:25.305,1,left,0,1,18.888888888888914,True,
run_20260926_005346_067436,2944,98,2026-09-26T00:55:25.305,2,left,1,2,18.655555555555537,True,
run_20260926_005346_067436,2944,98,2026-09-26T00:55:25.305,3,left,2,3,18.525000000000006,True,
run_20260926_005346_067436,2944,98,2026-09-26T00:55:25.305,4,left,3,4,18.875,True,
run_20260926_005346_067436,2944,98,2026-09-26T00:55:25.305,5,left,4,5,19.0,True,
run_20260926_005346_067436,2944,98,2026-09-26T00:55:25.305,6,left,5,6,18.785714285714278,True,
run_20260926_005346_067436,2944,98,2026-09-26T00:55:25.305,7,left,6,7,18.714285714285722,True,
run_20260926_005346_067436,2944,98,2026-09-26T00:55:25.305,8,left,7,8,18.5,True,
run_20260926_005346_067436,2944,98,2026-09-26T00:55:25.305,9,left,8,9,19.0,True,
run_20260926_005346_067436,2944,98,2026-09-26T00:55:25.305,10,left,9,10,18.214285714285708,True,
run_20260926_005346_067436,2944,98,2026-09-26T00:55:25.305,11,left,10,11,18.785714285714292,True,
run_20260926_005346_067436,2944,98,2026-09-26T00:55:25.305,12,left,11,12,18.42857142857143,True,
run_20260926_005346_067436,2944,98,2026-09-26T00:55:25.305,1,right,0,1,18.583333333333314,True,
run_20260926_005346_067436,2944,98,2026-09-26T00:55:25.305,2,right,1,2,18.666666666666686,True,
run_20260926_005346_067436,2944,98,2026-09-26T00:55:25.305,3,right,2,3,18.75,True,
run_20260926_005346_067436,2944,98,2026-09-26T00:55:25.305,4,right,3,4,19.0,True,
run_20260926_005346_067436,2944,98,2026-09-26T00:55:25.305,5,right,4,5,19.0,True,
run_20260926_005346_067436,2944,98,2026-09-26T00:55:25.305,6,right,5,6,18.863636363636374,True,
run_20260926_005346_067436,2944,98,2026-09-26T00:55:25.305,7,right,6,7,18.636363636363626,True,
run_20260926_005346_067436,2944,98,2026-09-26T00:55:25.305,8,right,7,8,19.0,True,
run_20260926_005346_067436,2944,98,2026-09-26T00:55:25.305,9,right,8,9,18.5,True,
run_20260926_005346_067436,2944,98,2026-09-26T00:55:25.305,10,right,9,10,18.863636363636374,True,
run_20260926_005346_067436,2944,98,2026-09-26T00:55:25.305,11,right,10,11,18.136363636363626,True,
run_20260926_005346_067436,2944,98,2026-09-26T00:55:25.305,12,right,11,12,19.0,True,
run_20260926_005346_067436,2975,99,2026-09-26T00:55:26.330,1,left,0,1,18.944444444444457,True,
run_20260926_005346_067436,2975,99,2026-09-26T00:55:26.330,2,left,1,2,18.599999999999994,True,
run_20260926_005346_067436,2975,99,2026-09-26T00:55:26.330,3,left,2,3,18.525000000000006,True,
run_20260926_005346_067436,2975,99,2026-09-26T00:55:26.330,4,left,3,4,18.875,True,
run_20260926_005346_067436,2975,99,2026-09-26T00:55:26.330,5,left,4,5,19.0,True,
run_20260926_005346_067436,2975,99,2026-09-26T00:55:26.330,6,left,5,6,18.785714285714278,True,
run_20260926_005346_067436,2975,99,2026-09-26T00:55:26.330,7,left,6,7,18.714285714285722,True,
run_20260926_005346_067436,2975,99,2026-09-26T00:55:26.330,8,left,7,8,18.5,True,
run_20260926_005346_067436,2975,99,2026-09-26T00:55:26.330,9,left,8,9,18.900000000000006,True,
run_20260926_005346_067436,2975,99,2026-09-26T00:55:26.330,10,left,9,10,18.314285714285703,True,
run_20260926_005346_067436,2975,99,2026-09-26T00:55:26.330,11,left,10,11,18.785714285714292,True,
run_20260926_005346_067436,2975,99,2026-09-26T00:55:26.330,12,left,11,12,18.42857142857143,True,
run_20260926_005346_067436,2975,99,2026-09-26T00:55:26.330,1,right,0,1,18.583333333333314,True,
run_20260926_005346_067436,2975,99,2026-09-26T00:55:26.330,2,right,1,2,18.666666666666686,True,
run_20260926_005346_067436,2975,99,2026-09-26T00:55:26.330,3,right,2,3,18.75,True,
run_20260926_005346_067436,2975,99,2026-09-26T00:55:26.330,4,right,3,4,19.0,True,
run_20260926_005346_067436,2975,99,2026-09-26T00:55:26.330,5,right,4,5,19.0,True,
run_20260926_005346_067436,2975,99,2026-09-26T00:55:26.330,6,right,5,6,18.863636363636374,True,
run_20260926_005346_067436,2975,99,2026-09-26T00:55:26.330,7,right,6,7,18.636363636363626,True,
run_20260926_005346_067436,2975,99,2026-09-26T00:55:26.330,8,right,7,8,19.0,True,
run_20260926_005346_067436,2975,99,2026-09-26T00:55:26.330,9,right,8,9,18.5,True,
run_20260926_005346_067436,2975,99,2026-09-26T00:55:26.330,10,right,9,10,18.863636363636374,True,
run_20260926_005346_067436,2975,99,2026-09-26T00:55:26.330,11,right,10,11,18.136363636363626,True,
run_20260926_005346_067436,2975,99,2026-09-26T00:55:26.330,12,right,11,12,19.0,True,
run_20260926_005346_067436,3005,100,2026-09-26T00:55:27.334,1,left,0,1,18.944444444444457,True,
run_20260926_005346_067436,3005,100,2026-09-26T00:55:27.334,2,left,1,2,18.599999999999994,True,
run_20260926_005346_067436,3005,100,2026-09-26T00:55:27.334,3,left,2,3,18.525000000000006,True,
run_20260926_005346_067436,3005,100,2026-09-26T00:55:27.334,4,left,3,4,18.875,True,
run_20260926_005346_067436,3005,100,2026-09-26T00:55:27.334,5,left,4,5,19.0,True,
run_20260926_005346_067436,3005,100,2026-09-26T00:55:27.334,6,left,5,6,18.785714285714278,True,
run_20260926_005346_067436,3005,100,2026-09-26T00:55:27.334,7,left,6,7,18.714285714285722,True,
run_20260926_005346_067436,3005,100,2026-09-26T00:55:27.334,8,left,7,8,18.5,True,
run_20260926_005346_067436,3005,100,2026-09-26T00:55:27.334,9,left,8,9,19.0,True,
run_20260926_005346_067436,3005,100,2026-09-26T00:55:27.334,10,left,9,10,18.214285714285708,True,
run_20260926_005346_067436,3005,100,2026-09-26T00:55:27.334,11,left,10,11,18.785714285714292,True,
run_20260926_005346_067436,3005,100,2026-09-26T00:55:27.334,12,left,11,12,18.42857142857143,True,
run_20260926_005346_067436,3005,100,2026-09-26T00:55:27.334,1,right,0,1,18.583333333333314,True,
run_20260926_005346_067436,3005,100,2026-09-26T00:55:27.334,2,right,1,2,18.666666666666686,True,
run_20260926_005346_067436,3005,100,2026-09-26T00:55:27.334,3,right,2,3,18.75,True,
run_20260926_005346_067436,3005,100,2026-09-26T00:55:27.334,4,right,3,4,19.0,True,
run_20260926_005346_067436,3005,100,2026-09-26T00:55:27.334,5,right,4,5,19.0,True,
run_20260926_005346_067436,3005,100,2026-09-26T00:55:27.334,6,right,5,6,19.0,True,
run_20260926_005346_067436,3005,100,2026-09-26T00:55:27.334,7,right,6,7,18.5,True,
run_20260926_005346_067436,3005,100,2026-09-26T00:55:27.334,8,right,7,8,19.0,True,
run_20260926_005346_067436,3005,100,2026-09-26T00:55:27.334,9,right,8,9,18.5,True,
run_20260926_005346_067436,3005,100,2026-09-26T00:55:27.334,10,right,9,10,19.0,True,
run_20260926_005346_067436,3005,100,2026-09-26T00:55:27.334,11,right,10,11,18.0,True,
run_20260926_005346_067436,3005,100,2026-09-26T00:55:27.334,12,right,11,12,19.0,True,
run_20260926_005346_067436,3036,101,2026-09-26T00:55:28.365,1,left,0,1,18.944444444444457,True,
run_20260926_005346_067436,3036,101,2026-09-26T00:55:28.365,2,left,1,2,18.599999999999994,True,
run_20260926_005346_067436,3036,101,2026-09-26T00:55:28.365,3,left,2,3,18.525000000000006,True,
run_20260926_005346_067436,3036,101,2026-09-26T00:55:28.365,4,left,3,4,18.875,True,
run_20260926_005346_067436,3036,101,2026-09-26T00:55:28.365,5,left,4,5,19.0,True,
run_20260926_005346_067436,3036,101,2026-09-26T00:55:28.365,6,left,5,6,18.785714285714278,True,
run_20260926_005346_067436,3036,101,2026-09-26T00:55:28.365,7,left,6,7,18.714285714285722,True,
run_20260926_005346_067436,3036,101,2026-09-26T00:55:28.365,8,left,7,8,18.5,True,
run_20260926_005346_067436,3036,101,2026-09-26T00:55:28.365,9,left,8,9,19.0,True,
run_20260926_005346_067436,3036,101,2026-09-26T00:55:28.365,10,left,9,10,18.214285714285708,True,
run_20260926_005346_067436,3036,101,2026-09-26T00:55:28.365,11,left,10,11,18.785714285714292,True,
run_20260926_005346_067436,3036,101,2026-09-26T00:55:28.365,12,left,11,12,18.42857142857143,True,
run_20260926_005346_067436,3036,101,2026-09-26T00:55:28.365,1,right,0,1,18.944444444444457,True,
run_20260926_005346_067436,3036,101,2026-09-26T00:55:28.365,2,right,1,2,18.305555555555543,True,
run_20260926_005346_067436,3036,101,2026-09-26T00:55:28.365,3,right,2,3,18.75,True,
run_20260926_005346_067436,3036,101,2026-09-26T00:55:28.365,4,right,3,4,19.0,True,
run_20260926_005346_067436,3036,101,2026-09-26T00:55:28.365,5,right,4,5,19.0,True,
run_20260926_005346_067436,3036,101,2026-09-26T00:55:28.365,6,right,5,6,19.0,True,
run_20260926_005346_067436,3036,101,2026-09-26T00:55:28.365,7,right,6,7,18.5,True,
run_20260926_005346_067436,3036,101,2026-09-26T00:55:28.365,8,right,7,8,19.0,True,
run_20260926_005346_067436,3036,101,2026-09-26T00:55:28.365,9,right,8,9,18.5,True,
run_20260926_005346_067436,3036,101,2026-09-26T00:55:28.365,10,right,9,10,19.0,True,
run_20260926_005346_067436,3036,101,2026-09-26T00:55:28.365,11,right,10,11,18.0,True,
run_20260926_005346_067436,3036,101,2026-09-26T00:55:28.365,12,right,11,12,19.0,True,
run_20260926_005346_067436,3067,102,2026-09-26T00:55:29.396,1,left,0,1,18.944444444444457,True,
run_20260926_005346_067436,3067,102,2026-09-26T00:55:29.396,2,left,1,2,18.599999999999994,True,
run_20260926_005346_067436,3067,102,2026-09-26T00:55:29.396,3,left,2,3,18.525000000000006,True,
run_20260926_005346_067436,3067,102,2026-09-26T00:55:29.396,4,left,3,4,18.875,True,
run_20260926_005346_067436,3067,102,2026-09-26T00:55:29.396,5,left,4,5,19.0,True,
run_20260926_005346_067436,3067,102,2026-09-26T00:55:29.396,6,left,5,6,18.785714285714278,True,
run_20260926_005346_067436,3067,102,2026-09-26T00:55:29.396,7,left,6,7,18.714285714285722,True,
run_20260926_005346_067436,3067,102,2026-09-26T00:55:29.396,8,left,7,8,18.5,True,
run_20260926_005346_067436,3067,102,2026-09-26T00:55:29.396,9,left,8,9,19.0,True,
run_20260926_005346_067436,3067,102,2026-09-26T00:55:29.396,10,left,9,10,18.214285714285708,True,
run_20260926_005346_067436,3067,102,2026-09-26T00:55:29.396,11,left,10,11,18.785714285714292,True,
run_20260926_005346_067436,3067,102,2026-09-26T00:55:29.396,12,left,11,12,18.42857142857143,True,
run_20260926_005346_067436,3067,102,2026-09-26T00:55:29.396,1,right,0,1,18.944444444444457,True,
run_20260926_005346_067436,3067,102,2026-09-26T00:55:29.396,2,right,1,2,18.305555555555543,True,
run_20260926_005346_067436,3067,102,2026-09-26T00:55:29.396,3,right,2,3,18.75,True,
run_20260926_005346_067436,3067,102,2026-09-26T00:55:29.396,4,right,3,4,19.0,True,
run_20260926_005346_067436,3067,102,2026-09-26T00:55:29.396,5,right,4,5,19.0,True,
run_20260926_005346_067436,3067,102,2026-09-26T00:55:29.396,6,right,5,6,18.863636363636374,True,
run_20260926_005346_067436,3067,102,2026-09-26T00:55:29.396,7,right,6,7,18.636363636363626,True,
run_20260926_005346_067436,3067,102,2026-09-26T00:55:29.396,8,right,7,8,19.0,True,
run_20260926_005346_067436,3067,102,2026-09-26T00:55:29.396,9,right,8,9,18.5,True,
run_20260926_005346_067436,3067,102,2026-09-26T00:55:29.396,10,right,9,10,19.0,True,
run_20260926_005346_067436,3067,102,2026-09-26T00:55:29.396,11,right,10,11,18.0,True,
run_20260926_005346_067436,3067,102,2026-09-26T00:55:29.396,12,right,11,12,19.0,True,
run_20260926_005346_067436,3097,103,2026-09-26T00:55:30.401,1,left,0,1,18.888888888888914,True,
run_20260926_005346_067436,3097,103,2026-09-26T00:55:30.401,2,left,1,2,18.655555555555537,True,
run_20260926_005346_067436,3097,103,2026-09-26T00:55:30.401,3,left,2,3,18.525000000000006,True,
run_20260926_005346_067436,3097,103,2026-09-26T00:55:30.401,4,left,3,4,18.875,True,
run_20260926_005346_067436,3097,103,2026-09-26T00:55:30.401,5,left,4,5,19.0,True,
run_20260926_005346_067436,3097,103,2026-09-26T00:55:30.401,6,left,5,6,18.785714285714278,True,
run_20260926_005346_067436,3097,103,2026-09-26T00:55:30.401,7,left,6,7,18.714285714285722,True,
run_20260926_005346_067436,3097,103,2026-09-26T00:55:30.401,8,left,7,8,18.5,True,
run_20260926_005346_067436,3097,103,2026-09-26T00:55:30.401,9,left,8,9,19.0,True,
run_20260926_005346_067436,3097,103,2026-09-26T00:55:30.401,10,left,9,10,18.214285714285708,True,
run_20260926_005346_067436,3097,103,2026-09-26T00:55:30.401,11,left,10,11,18.785714285714292,True,
run_20260926_005346_067436,3097,103,2026-09-26T00:55:30.401,12,left,11,12,18.42857142857143,True,
run_20260926_005346_067436,3097,103,2026-09-26T00:55:30.401,1,right,0,1,18.944444444444457,True,
run_20260926_005346_067436,3097,103,2026-09-26T00:55:30.401,2,right,1,2,18.305555555555543,True,
run_20260926_005346_067436,3097,103,2026-09-26T00:55:30.401,3,right,2,3,18.75,True,
run_20260926_005346_067436,3097,103,2026-09-26T00:55:30.401,4,right,3,4,19.0,True,
run_20260926_005346_067436,3097,103,2026-09-26T00:55:30.401,5,right,4,5,19.0,True,
run_20260926_005346_067436,3097,103,2026-09-26T00:55:30.401,6,right,5,6,19.0,True,
run_20260926_005346_067436,3097,103,2026-09-26T00:55:30.401,7,right,6,7,18.5,True,
run_20260926_005346_067436,3097,103,2026-09-26T00:55:30.401,8,right,7,8,19.0,True,
run_20260926_005346_067436,3097,103,2026-09-26T00:55:30.401,9,right,8,9,18.5,True,
run_20260926_005346_067436,3097,103,2026-09-26T00:55:30.401,10,right,9,10,18.863636363636374,True,
run_20260926_005346_067436,3097,103,2026-09-26T00:55:30.401,11,right,10,11,18.136363636363626,True,
run_20260926_005346_067436,3097,103,2026-09-26T00:55:30.401,12,right,11,12,19.0,True,
run_20260926_005346_067436,3128,104,2026-09-26T00:55:31.438,1,left,0,1,18.888888888888914,True,
run_20260926_005346_067436,3128,104,2026-09-26T00:55:31.438,2,left,1,2,18.655555555555537,True,
run_20260926_005346_067436,3128,104,2026-09-26T00:55:31.438,3,left,2,3,18.525000000000006,True,
run_20260926_005346_067436,3128,104,2026-09-26T00:55:31.438,4,left,3,4,18.875,True,
run_20260926_005346_067436,3128,104,2026-09-26T00:55:31.438,5,left,4,5,19.0,True,
run_20260926_005346_067436,3128,104,2026-09-26T00:55:31.438,6,left,5,6,18.785714285714278,True,
run_20260926_005346_067436,3128,104,2026-09-26T00:55:31.438,7,left,6,7,18.714285714285722,True,
run_20260926_005346_067436,3128,104,2026-09-26T00:55:31.438,8,left,7,8,18.5,True,
run_20260926_005346_067436,3128,104,2026-09-26T00:55:31.438,9,left,8,9,19.0,True,
run_20260926_005346_067436,3128,104,2026-09-26T00:55:31.438,10,left,9,10,18.214285714285708,True,
run_20260926_005346_067436,3128,104,2026-09-26T00:55:31.438,11,left,10,11,18.785714285714292,True,
run_20260926_005346_067436,3128,104,2026-09-26T00:55:31.438,12,left,11,12,18.42857142857143,True,
run_20260926_005346_067436,3128,104,2026-09-26T00:55:31.438,1,right,0,1,18.944444444444457,True,
run_20260926_005346_067436,3128,104,2026-09-26T00:55:31.438,2,right,1,2,18.305555555555543,True,
run_20260926_005346_067436,3128,104,2026-09-26T00:55:31.438,3,right,2,3,18.75,True,
run_20260926_005346_067436,3128,104,2026-09-26T00:55:31.438,4,right,3,4,19.0,True,
run_20260926_005346_067436,3128,104,2026-09-26T00:55:31.438,5,right,4,5,19.0,True,
run_20260926_005346_067436,3128,104,2026-09-26T00:55:31.438,6,right,5,6,19.0,True,
run_20260926_005346_067436,3128,104,2026-09-26T00:55:31.438,7,right,6,7,18.5,True,
run_20260926_005346_067436,3128,104,2026-09-26T00:55:31.438,8,right,7,8,19.0,True,
run_20260926_005346_067436,3128,104,2026-09-26T00:55:31.438,9,right,8,9,18.5,True,
run_20260926_005346_067436,3128,104,2026-09-26T00:55:31.438,10,right,9,10,19.0,True,
run_20260926_005346_067436,3128,104,2026-09-26T00:55:31.438,11,right,10,11,18.0,True,
run_20260926_005346_067436,3128,104,2026-09-26T00:55:31.438,12,right,11,12,19.0,True,
run_20260926_005346_067436,3159,105,2026-09-26T00:55:32.463,1,left,0,1,18.888888888888914,True,
run_20260926_005346_067436,3159,105,2026-09-26T00:55:32.463,2,left,1,2,18.655555555555537,True,
run_20260926_005346_067436,3159,105,2026-09-26T00:55:32.463,3,left,2,3,18.525000000000006,True,
run_20260926_005346_067436,3159,105,2026-09-26T00:55:32.463,4,left,3,4,18.875,True,
run_20260926_005346_067436,3159,105,2026-09-26T00:55:32.463,5,left,4,5,19.0,True,
run_20260926_005346_067436,3159,105,2026-09-26T00:55:32.463,6,left,5,6,18.785714285714278,True,
run_20260926_005346_067436,3159,105,2026-09-26T00:55:32.463,7,left,6,7,18.714285714285722,True,
run_20260926_005346_067436,3159,105,2026-09-26T00:55:32.463,8,left,7,8,18.5,True,
run_20260926_005346_067436,3159,105,2026-09-26T00:55:32.463,9,left,8,9,19.0,True,
run_20260926_005346_067436,3159,105,2026-09-26T00:55:32.463,10,left,9,10,18.214285714285708,True,
run_20260926_005346_067436,3159,105,2026-09-26T00:55:32.463,11,left,10,11,18.785714285714292,True,
run_20260926_005346_067436,3159,105,2026-09-26T00:55:32.463,12,left,11,12,18.42857142857143,True,
run_20260926_005346_067436,3159,105,2026-09-26T00:55:32.463,1,right,0,1,18.944444444444457,True,
run_20260926_005346_067436,3159,105,2026-09-26T00:55:32.463,2,right,1,2,18.305555555555543,True,
run_20260926_005346_067436,3159,105,2026-09-26T00:55:32.463,3,right,2,3,18.75,True,
run_20260926_005346_067436,3159,105,2026-09-26T00:55:32.463,4,right,3,4,19.0,True,
run_20260926_005346_067436,3159,105,2026-09-26T00:55:32.463,5,right,4,5,19.0,True,
run_20260926_005346_067436,3159,105,2026-09-26T00:55:32.463,6,right,5,6,19.0,True,
run_20260926_005346_067436,3159,105,2026-09-26T00:55:32.463,7,right,6,7,18.5,True,
run_20260926_005346_067436,3159,105,2026-09-26T00:55:32.463,8,right,7,8,19.0,True,
run_20260926_005346_067436,3159,105,2026-09-26T00:55:32.463,9,right,8,9,18.5,True,
run_20260926_005346_067436,3159,105,2026-09-26T00:55:32.463,10,right,9,10,19.0,True,
run_20260926_005346_067436,3159,105,2026-09-26T00:55:32.463,11,right,10,11,18.0,True,
run_20260926_005346_067436,3159,105,2026-09-26T00:55:32.463,12,right,11,12,19.0,True,
run_20260926_005346_067436,3189,106,2026-09-26T00:55:33.467,1,left,0,1,18.888888888888914,True,
run_20260926_005346_067436,3189,106,2026-09-26T00:55:33.467,2,left,1,2,18.655555555555537,True,
run_20260926_005346_067436,3189,106,2026-09-26T00:55:33.467,3,left,2,3,18.525000000000006,True,
run_20260926_005346_067436,3189,106,2026-09-26T00:55:33.467,4,left,3,4,18.875,True,
run_20260926_005346_067436,3189,106,2026-09-26T00:55:33.467,5,left,4,5,19.0,True,
run_20260926_005346_067436,3189,106,2026-09-26T00:55:33.467,6,left,5,6,18.785714285714278,True,
run_20260926_005346_067436,3189,106,2026-09-26T00:55:33.467,7,left,6,7,18.714285714285722,True,
run_20260926_005346_067436,3189,106,2026-09-26T00:55:33.467,8,left,7,8,18.5,True,
run_20260926_005346_067436,3189,106,2026-09-26T00:55:33.467,9,left,8,9,19.0,True,
run_20260926_005346_067436,3189,106,2026-09-26T00:55:33.467,10,left,9,10,18.214285714285708,True,
run_20260926_005346_067436,3189,106,2026-09-26T00:55:33.467,11,left,10,11,18.785714285714292,True,
run_20260926_005346_067436,3189,106,2026-09-26T00:55:33.467,12,left,11,12,18.42857142857143,True,
run_20260926_005346_067436,3189,106,2026-09-26T00:55:33.467,1,right,0,1,18.944444444444457,True,
run_20260926_005346_067436,3189,106,2026-09-26T00:55:33.467,2,right,1,2,18.305555555555543,True,
run_20260926_005346_067436,3189,106,2026-09-26T00:55:33.467,3,right,2,3,18.75,True,
run_20260926_005346_067436,3189,106,2026-09-26T00:55:33.467,4,right,3,4,19.0,True,
run_20260926_005346_067436,3189,106,2026-09-26T00:55:33.467,5,right,4,5,19.0,True,
run_20260926_005346_067436,3189,106,2026-09-26T00:55:33.467,6,right,5,6,19.0,True,
run_20260926_005346_067436,3189,106,2026-09-26T00:55:33.467,7,right,6,7,18.5,True,
run_20260926_005346_067436,3189,106,2026-09-26T00:55:33.467,8,right,7,8,19.0,True,
run_20260926_005346_067436,3189,106,2026-09-26T00:55:33.467,9,right,8,9,18.5,True,
run_20260926_005346_067436,3189,106,2026-09-26T00:55:33.467,10,right,9,10,19.0,True,
run_20260926_005346_067436,3189,106,2026-09-26T00:55:33.467,11,right,10,11,18.0,True,
run_20260926_005346_067436,3189,106,2026-09-26T00:55:33.467,12,right,11,12,19.0,True,
run_20260926_005346_067436,3220,107,2026-09-26T00:55:34.498,1,left,0,1,18.888888888888914,True,
run_20260926_005346_067436,3220,107,2026-09-26T00:55:34.498,2,left,1,2,18.655555555555537,True,
run_20260926_005346_067436,3220,107,2026-09-26T00:55:34.498,3,left,2,3,18.525000000000006,True,
run_20260926_005346_067436,3220,107,2026-09-26T00:55:34.498,4,left,3,4,18.875,True,
run_20260926_005346_067436,3220,107,2026-09-26T00:55:34.498,5,left,4,5,19.0,True,
run_20260926_005346_067436,3220,107,2026-09-26T00:55:34.498,6,left,5,6,18.785714285714278,True,
run_20260926_005346_067436,3220,107,2026-09-26T00:55:34.498,7,left,6,7,18.714285714285722,True,
run_20260926_005346_067436,3220,107,2026-09-26T00:55:34.498,8,left,7,8,18.5,True,
run_20260926_005346_067436,3220,107,2026-09-26T00:55:34.498,9,left,8,9,19.0,True,
run_20260926_005346_067436,3220,107,2026-09-26T00:55:34.498,10,left,9,10,18.214285714285708,True,
run_20260926_005346_067436,3220,107,2026-09-26T00:55:34.498,11,left,10,11,18.785714285714292,True,
run_20260926_005346_067436,3220,107,2026-09-26T00:55:34.498,12,left,11,12,18.42857142857143,True,
run_20260926_005346_067436,3220,107,2026-09-26T00:55:34.498,1,right,0,1,18.944444444444457,True,
run_20260926_005346_067436,3220,107,2026-09-26T00:55:34.498,2,right,1,2,18.305555555555543,True,
run_20260926_005346_067436,3220,107,2026-09-26T00:55:34.498,3,right,2,3,18.75,True,
run_20260926_005346_067436,3220,107,2026-09-26T00:55:34.498,4,right,3,4,19.0,True,
run_20260926_005346_067436,3220,107,2026-09-26T00:55:34.498,5,right,4,5,19.0,True,
run_20260926_005346_067436,3220,107,2026-09-26T00:55:34.498,6,right,5,6,19.0,True,
run_20260926_005346_067436,3220,107,2026-09-26T00:55:34.498,7,right,6,7,18.5,True,
run_20260926_005346_067436,3220,107,2026-09-26T00:55:34.498,8,right,7,8,19.0,True,
run_20260926_005346_067436,3220,107,2026-09-26T00:55:34.498,9,right,8,9,18.5,True,
run_20260926_005346_067436,3220,107,2026-09-26T00:55:34.498,10,right,9,10,19.0,True,
run_20260926_005346_067436,3220,107,2026-09-26T00:55:34.498,11,right,10,11,18.0,True,
run_20260926_005346_067436,3220,107,2026-09-26T00:55:34.498,12,right,11,12,19.0,True,
run_20260926_005346_067436,3251,108,2026-09-26T00:55:35.530,1,left,0,1,18.888888888888914,True,
run_20260926_005346_067436,3251,108,2026-09-26T00:55:35.530,2,left,1,2,18.655555555555537,True,
run_20260926_005346_067436,3251,108,2026-09-26T00:55:35.530,3,left,2,3,18.525000000000006,True,
run_20260926_005346_067436,3251,108,2026-09-26T00:55:35.530,4,left,3,4,18.875,True,
run_20260926_005346_067436,3251,108,2026-09-26T00:55:35.530,5,left,4,5,19.0,True,
run_20260926_005346_067436,3251,108,2026-09-26T00:55:35.530,6,left,5,6,18.785714285714278,True,
run_20260926_005346_067436,3251,108,2026-09-26T00:55:35.530,7,left,6,7,18.714285714285722,True,
run_20260926_005346_067436,3251,108,2026-09-26T00:55:35.530,8,left,7,8,18.5,True,
run_20260926_005346_067436,3251,108,2026-09-26T00:55:35.530,9,left,8,9,19.0,True,
run_20260926_005346_067436,3251,108,2026-09-26T00:55:35.530,10,left,9,10,18.214285714285708,True,
run_20260926_005346_067436,3251,108,2026-09-26T00:55:35.530,11,left,10,11,18.785714285714292,True,
run_20260926_005346_067436,3251,108,2026-09-26T00:55:35.530,12,left,11,12,18.42857142857143,True,
run_20260926_005346_067436,3251,108,2026-09-26T00:55:35.530,1,right,0,1,18.944444444444457,True,
run_20260926_005346_067436,3251,108,2026-09-26T00:55:35.530,2,right,1,2,18.305555555555543,True,
run_20260926_005346_067436,3251,108,2026-09-26T00:55:35.530,3,right,2,3,18.75,True,
run_20260926_005346_067436,3251,108,2026-09-26T00:55:35.530,4,right,3,4,19.0,True,
run_20260926_005346_067436,3251,108,2026-09-26T00:55:35.530,5,right,4,5,19.0,True,
run_20260926_005346_067436,3251,108,2026-09-26T00:55:35.530,6,right,5,6,19.0,True,
run_20260926_005346_067436,3251,108,2026-09-26T00:55:35.530,7,right,6,7,18.5,True,
run_20260926_005346_067436,3251,108,2026-09-26T00:55:35.530,8,right,7,8,19.0,True,
run_20260926_005346_067436,3251,108,2026-09-26T00:55:35.530,9,right,8,9,18.5,True,
run_20260926_005346_067436,3251,108,2026-09-26T00:55:35.530,10,right,9,10,19.0,True,
run_20260926_005346_067436,3251,108,2026-09-26T00:55:35.530,11,right,10,11,18.0,True,
run_20260926_005346_067436,3251,108,2026-09-26T00:55:35.530,12,right,11,12,19.0,True,
run_20260926_005346_067436,3281,109,2026-09-26T00:55:36.542,1,left,0,1,18.888888888888914,True,
run_20260926_005346_067436,3281,109,2026-09-26T00:55:36.542,2,left,1,2,18.655555555555537,True,
run_20260926_005346_067436,3281,109,2026-09-26T00:55:36.542,3,left,2,3,18.525000000000006,True,
run_20260926_005346_067436,3281,109,2026-09-26T00:55:36.542,4,left,3,4,18.875,True,
run_20260926_005346_067436,3281,109,2026-09-26T00:55:36.542,5,left,4,5,19.0,True,
run_20260926_005346_067436,3281,109,2026-09-26T00:55:36.542,6,left,5,6,18.785714285714278,True,
run_20260926_005346_067436,3281,109,2026-09-26T00:55:36.542,7,left,6,7,18.714285714285722,True,
run_20260926_005346_067436,3281,109,2026-09-26T00:55:36.542,8,left,7,8,18.5,True,
run_20260926_005346_067436,3281,109,2026-09-26T00:55:36.542,9,left,8,9,18.900000000000006,True,
run_20260926_005346_067436,3281,109,2026-09-26T00:55:36.542,10,left,9,10,18.314285714285703,True,
run_20260926_005346_067436,3281,109,2026-09-26T00:55:36.542,11,left,10,11,18.785714285714292,True,
run_20260926_005346_067436,3281,109,2026-09-26T00:55:36.542,12,left,11,12,18.42857142857143,True,
run_20260926_005346_067436,3281,109,2026-09-26T00:55:36.542,1,right,0,1,18.944444444444457,True,
run_20260926_005346_067436,3281,109,2026-09-26T00:55:36.542,2,right,1,2,18.305555555555543,True,
run_20260926_005346_067436,3281,109,2026-09-26T00:55:36.542,3,right,2,3,18.75,True,
run_20260926_005346_067436,3281,109,2026-09-26T00:55:36.542,4,right,3,4,19.0,True,
run_20260926_005346_067436,3281,109,2026-09-26T00:55:36.542,5,right,4,5,19.0,True,
run_20260926_005346_067436,3281,109,2026-09-26T00:55:36.542,6,right,5,6,19.0,True,
run_20260926_005346_067436,3281,109,2026-09-26T00:55:36.542,7,right,6,7,18.5,True,
run_20260926_005346_067436,3281,109,2026-09-26T00:55:36.542,8,right,7,8,19.0,True,
run_20260926_005346_067436,3281,109,2026-09-26T00:55:36.542,9,right,8,9,18.5,True,
run_20260926_005346_067436,3281,109,2026-09-26T00:55:36.542,10,right,9,10,19.0,True,
run_20260926_005346_067436,3281,109,2026-09-26T00:55:36.542,11,right,10,11,18.0,True,
run_20260926_005346_067436,3281,109,2026-09-26T00:55:36.542,12,right,11,12,19.0,True,
run_20260926_005346_067436,3312,110,2026-09-26T00:55:37.564,1,left,0,1,18.888888888888914,True,
run_20260926_005346_067436,3312,110,2026-09-26T00:55:37.564,2,left,1,2,18.655555555555537,True,
run_20260926_005346_067436,3312,110,2026-09-26T00:55:37.564,3,left,2,3,18.525000000000006,True,
run_20260926_005346_067436,3312,110,2026-09-26T00:55:37.564,4,left,3,4,18.875,True,
run_20260926_005346_067436,3312,110,2026-09-26T00:55:37.564,5,left,4,5,19.0,True,
run_20260926_005346_067436,3312,110,2026-09-26T00:55:37.564,6,left,5,6,18.785714285714278,True,
run_20260926_005346_067436,3312,110,2026-09-26T00:55:37.564,7,left,6,7,18.714285714285722,True,
run_20260926_005346_067436,3312,110,2026-09-26T00:55:37.564,8,left,7,8,18.5,True,
run_20260926_005346_067436,3312,110,2026-09-26T00:55:37.564,9,left,8,9,18.900000000000006,True,
run_20260926_005346_067436,3312,110,2026-09-26T00:55:37.564,10,left,9,10,18.314285714285703,True,
run_20260926_005346_067436,3312,110,2026-09-26T00:55:37.564,11,left,10,11,18.785714285714292,True,
run_20260926_005346_067436,3312,110,2026-09-26T00:55:37.564,12,left,11,12,18.42857142857143,True,
run_20260926_005346_067436,3312,110,2026-09-26T00:55:37.564,1,right,0,1,18.944444444444457,True,
run_20260926_005346_067436,3312,110,2026-09-26T00:55:37.564,2,right,1,2,18.40170940170941,True,
run_20260926_005346_067436,3312,110,2026-09-26T00:55:37.564,3,right,2,3,18.653846153846132,True,
run_20260926_005346_067436,3312,110,2026-09-26T00:55:37.564,4,right,3,4,19.0,True,
run_20260926_005346_067436,3312,110,2026-09-26T00:55:37.564,5,right,4,5,19.0,True,
run_20260926_005346_067436,3312,110,2026-09-26T00:55:37.564,6,right,5,6,19.0,True,
run_20260926_005346_067436,3312,110,2026-09-26T00:55:37.564,7,right,6,7,18.5,True,
run_20260926_005346_067436,3312,110,2026-09-26T00:55:37.564,8,right,7,8,19.0,True,
run_20260926_005346_067436,3312,110,2026-09-26T00:55:37.564,9,right,8,9,18.5,True,
run_20260926_005346_067436,3312,110,2026-09-26T00:55:37.564,10,right,9,10,19.0,True,
run_20260926_005346_067436,3312,110,2026-09-26T00:55:37.564,11,right,10,11,18.0,True,
run_20260926_005346_067436,3312,110,2026-09-26T00:55:37.564,12,right,11,12,19.0,True,
run_20260926_005346_067436,3343,111,2026-09-26T00:55:38.601,1,left,0,1,18.888888888888914,True,
run_20260926_005346_067436,3343,111,2026-09-26T00:55:38.601,2,left,1,2,18.655555555555537,True,
run_20260926_005346_067436,3343,111,2026-09-26T00:55:38.601,3,left,2,3,18.525000000000006,True,
run_20260926_005346_067436,3343,111,2026-09-26T00:55:38.601,4,left,3,4,18.875,True,
run_20260926_005346_067436,3343,111,2026-09-26T00:55:38.601,5,left,4,5,19.0,True,
run_20260926_005346_067436,3343,111,2026-09-26T00:55:38.601,6,left,5,6,18.785714285714278,True,
run_20260926_005346_067436,3343,111,2026-09-26T00:55:38.601,7,left,6,7,18.714285714285722,True,
run_20260926_005346_067436,3343,111,2026-09-26T00:55:38.601,8,left,7,8,18.5,True,
run_20260926_005346_067436,3343,111,2026-09-26T00:55:38.601,9,left,8,9,18.900000000000006,True,
run_20260926_005346_067436,3343,111,2026-09-26T00:55:38.601,10,left,9,10,18.314285714285703,True,
run_20260926_005346_067436,3343,111,2026-09-26T00:55:38.601,11,left,10,11,18.785714285714292,True,
run_20260926_005346_067436,3343,111,2026-09-26T00:55:38.601,12,left,11,12,18.42857142857143,True,
run_20260926_005346_067436,3343,111,2026-09-26T00:55:38.601,1,right,0,1,18.944444444444457,True,
run_20260926_005346_067436,3343,111,2026-09-26T00:55:38.601,2,right,1,2,18.40170940170941,True,
run_20260926_005346_067436,3343,111,2026-09-26T00:55:38.601,3,right,2,3,18.653846153846132,True,
run_20260926_005346_067436,3343,111,2026-09-26T00:55:38.601,4,right,3,4,19.0,True,
run_20260926_005346_067436,3343,111,2026-09-26T00:55:38.601,5,right,4,5,19.0,True,
run_20260926_005346_067436,3343,111,2026-09-26T00:55:38.601,6,right,5,6,19.0,True,
run_20260926_005346_067436,3343,111,2026-09-26T00:55:38.601,7,right,6,7,18.5,True,
run_20260926_005346_067436,3343,111,2026-09-26T00:55:38.601,8,right,7,8,19.0,True,
run_20260926_005346_067436,3343,111,2026-09-26T00:55:38.601,9,right,8,9,18.5,True,
run_20260926_005346_067436,3343,111,2026-09-26T00:55:38.601,10,right,9,10,19.0,True,
run_20260926_005346_067436,3343,111,2026-09-26T00:55:38.601,11,right,10,11,18.0,True,
run_20260926_005346_067436,3343,111,2026-09-26T00:55:38.601,12,right,11,12,19.0,True,
run_20260926_005346_067436,3371,112,2026-09-26T00:55:39.630,1,left,0,1,18.888888888888914,True,
run_20260926_005346_067436,3371,112,2026-09-26T00:55:39.630,2,left,1,2,18.655555555555537,True,
run_20260926_005346_067436,3371,112,2026-09-26T00:55:39.630,3,left,2,3,18.525000000000006,True,
run_20260926_005346_067436,3371,112,2026-09-26T00:55:39.630,4,left,3,4,18.875,True,
run_20260926_005346_067436,3371,112,2026-09-26T00:55:39.630,5,left,4,5,19.0,True,
run_20260926_005346_067436,3371,112,2026-09-26T00:55:39.630,6,left,5,6,18.785714285714278,True,
run_20260926_005346_067436,3371,112,2026-09-26T00:55:39.630,7,left,6,7,18.714285714285722,True,
run_20260926_005346_067436,3371,112,2026-09-26T00:55:39.630,8,left,7,8,18.375,True,
run_20260926_005346_067436,3371,112,2026-09-26T00:55:39.630,9,left,8,9,19.025000000000006,True,
run_20260926_005346_067436,3371,112,2026-09-26T00:55:39.630,10,left,9,10,18.314285714285703,True,
run_20260926_005346_067436,3371,112,2026-09-26T00:55:39.630,11,left,10,11,18.785714285714292,True,
run_20260926_005346_067436,3371,112,2026-09-26T00:55:39.630,12,left,11,12,18.42857142857143,True,
run_20260926_005346_067436,3371,112,2026-09-26T00:55:39.630,1,right,0,1,18.944444444444457,True,
run_20260926_005346_067436,3371,112,2026-09-26T00:55:39.630,2,right,1,2,18.40170940170941,True,
run_20260926_005346_067436,3371,112,2026-09-26T00:55:39.630,3,right,2,3,18.653846153846132,True,
run_20260926_005346_067436,3371,112,2026-09-26T00:55:39.630,4,right,3,4,19.0,True,
run_20260926_005346_067436,3371,112,2026-09-26T00:55:39.630,5,right,4,5,19.0,True,
run_20260926_005346_067436,3371,112,2026-09-26T00:55:39.630,6,right,5,6,19.0,True,
run_20260926_005346_067436,3371,112,2026-09-26T00:55:39.630,7,right,6,7,18.5,True,
run_20260926_005346_067436,3371,112,2026-09-26T00:55:39.630,8,right,7,8,19.0,True,
run_20260926_005346_067436,3371,112,2026-09-26T00:55:39.630,9,right,8,9,18.5,True,
run_20260926_005346_067436,3371,112,2026-09-26T00:55:39.630,10,right,9,10,19.0,True,
run_20260926_005346_067436,3371,112,2026-09-26T00:55:39.630,11,right,10,11,18.0,True,
run_20260926_005346_067436,3371,112,2026-09-26T00:55:39.630,12,right,11,12,19.0,True,
run_20260926_005346_067436,3401,113,2026-09-26T00:55:40.635,1,left,0,1,18.888888888888914,True,
run_20260926_005346_067436,3401,113,2026-09-26T00:55:40.635,2,left,1,2,18.655555555555537,True,
run_20260926_005346_067436,3401,113,2026-09-26T00:55:40.635,3,left,2,3,18.400000000000006,True,
run_20260926_005346_067436,3401,113,2026-09-26T00:55:40.635,4,left,3,4,19.0,True,
run_20260926_005346_067436,3401,113,2026-09-26T00:55:40.635,5,left,4,5,19.0,True,
run_20260926_005346_067436,3401,113,2026-09-26T00:55:40.635,6,left,5,6,18.785714285714278,True,
run_20260926_005346_067436,3401,113,2026-09-26T00:55:40.635,7,left,6,7,18.714285714285722,True,
run_20260926_005346_067436,3401,113,2026-09-26T00:55:40.635,8,left,7,8,18.375,True,
run_20260926_005346_067436,3401,113,2026-09-26T00:55:40.635,9,left,8,9,19.025000000000006,True,
run_20260926_005346_067436,3401,113,2026-09-26T00:55:40.635,10,left,9,10,18.314285714285703,True,
run_20260926_005346_067436,3401,113,2026-09-26T00:55:40.635,11,left,10,11,18.785714285714292,True,
run_20260926_005346_067436,3401,113,2026-09-26T00:55:40.635,12,left,11,12,18.42857142857143,True,
run_20260926_005346_067436,3401,113,2026-09-26T00:55:40.635,1,right,0,1,18.944444444444457,True,
run_20260926_005346_067436,3401,113,2026-09-26T00:55:40.635,2,right,1,2,18.40170940170941,True,
run_20260926_005346_067436,3401,113,2026-09-26T00:55:40.635,3,right,2,3,18.653846153846132,True,
run_20260926_005346_067436,3401,113,2026-09-26T00:55:40.635,4,right,3,4,19.0,True,
run_20260926_005346_067436,3401,113,2026-09-26T00:55:40.635,5,right,4,5,19.0,True,
run_20260926_005346_067436,3401,113,2026-09-26T00:55:40.635,6,right,5,6,19.0,True,
run_20260926_005346_067436,3401,113,2026-09-26T00:55:40.635,7,right,6,7,18.5,True,
run_20260926_005346_067436,3401,113,2026-09-26T00:55:40.635,8,right,7,8,19.0,True,
run_20260926_005346_067436,3401,113,2026-09-26T00:55:40.635,9,right,8,9,18.5,True,
run_20260926_005346_067436,3401,113,2026-09-26T00:55:40.635,10,right,9,10,19.0,True,
run_20260926_005346_067436,3401,113,2026-09-26T00:55:40.635,11,right,10,11,18.0,True,
run_20260926_005346_067436,3401,113,2026-09-26T00:55:40.635,12,right,11,12,19.0,True,
run_20260926_005346_067436,3432,114,2026-09-26T00:55:41.664,1,left,0,1,18.888888888888914,True,
run_20260926_005346_067436,3432,114,2026-09-26T00:55:41.664,2,left,1,2,18.655555555555537,True,
run_20260926_005346_067436,3432,114,2026-09-26T00:55:41.664,3,left,2,3,18.400000000000006,True,
run_20260926_005346_067436,3432,114,2026-09-26T00:55:41.664,4,left,3,4,19.0,True,
run_20260926_005346_067436,3432,114,2026-09-26T00:55:41.664,5,left,4,5,19.0,True,
run_20260926_005346_067436,3432,114,2026-09-26T00:55:41.664,6,left,5,6,18.785714285714278,True,
run_20260926_005346_067436,3432,114,2026-09-26T00:55:41.664,7,left,6,7,18.714285714285722,True,
run_20260926_005346_067436,3432,114,2026-09-26T00:55:41.664,8,left,7,8,18.375,True,
run_20260926_005346_067436,3432,114,2026-09-26T00:55:41.664,9,left,8,9,19.125,True,
run_20260926_005346_067436,3432,114,2026-09-26T00:55:41.664,10,left,9,10,18.214285714285708,True,
run_20260926_005346_067436,3432,114,2026-09-26T00:55:41.664,11,left,10,11,18.785714285714292,True,
run_20260926_005346_067436,3432,114,2026-09-26T00:55:41.664,12,left,11,12,18.42857142857143,True,
run_20260926_005346_067436,3432,114,2026-09-26T00:55:41.664,1,right,0,1,18.944444444444457,True,
run_20260926_005346_067436,3432,114,2026-09-26T00:55:41.664,2,right,1,2,18.40170940170941,True,
run_20260926_005346_067436,3432,114,2026-09-26T00:55:41.664,3,right,2,3,18.653846153846132,True,
run_20260926_005346_067436,3432,114,2026-09-26T00:55:41.664,4,right,3,4,19.0,True,
run_20260926_005346_067436,3432,114,2026-09-26T00:55:41.664,5,right,4,5,19.0,True,
run_20260926_005346_067436,3432,114,2026-09-26T00:55:41.664,6,right,5,6,19.0,True,
run_20260926_005346_067436,3432,114,2026-09-26T00:55:41.664,7,right,6,7,18.5,True,
run_20260926_005346_067436,3432,114,2026-09-26T00:55:41.664,8,right,7,8,19.0,True,
run_20260926_005346_067436,3432,114,2026-09-26T00:55:41.664,9,right,8,9,18.5,True,
run_20260926_005346_067436,3432,114,2026-09-26T00:55:41.664,10,right,9,10,19.0,True,
run_20260926_005346_067436,3432,114,2026-09-26T00:55:41.664,11,right,10,11,18.0,True,
run_20260926_005346_067436,3432,114,2026-09-26T00:55:41.664,12,right,11,12,19.0,True,
run_20260926_005346_067436,3462,115,2026-09-26T00:55:42.667,1,left,0,1,18.944444444444457,True,
run_20260926_005346_067436,3462,115,2026-09-26T00:55:42.667,2,left,1,2,18.599999999999994,True,
run_20260926_005346_067436,3462,115,2026-09-26T00:55:42.667,3,left,2,3,18.400000000000006,True,
run_20260926_005346_067436,3462,115,2026-09-26T00:55:42.667,4,left,3,4,19.0,True,
run_20260926_005346_067436,3462,115,2026-09-26T00:55:42.667,5,left,4,5,19.0,True,
run_20260926_005346_067436,3462,115,2026-09-26T00:55:42.667,6,left,5,6,18.785714285714278,True,
run_20260926_005346_067436,3462,115,2026-09-26T00:55:42.667,7,left,6,7,18.714285714285722,True,
run_20260926_005346_067436,3462,115,2026-09-26T00:55:42.667,8,left,7,8,18.375,True,
run_20260926_005346_067436,3462,115,2026-09-26T00:55:42.667,9,left,8,9,19.125,True,
run_20260926_005346_067436,3462,115,2026-09-26T00:55:42.667,10,left,9,10,18.214285714285708,True,
run_20260926_005346_067436,3462,115,2026-09-26T00:55:42.667,11,left,10,11,18.785714285714292,True,
run_20260926_005346_067436,3462,115,2026-09-26T00:55:42.667,12,left,11,12,18.42857142857143,True,
run_20260926_005346_067436,3462,115,2026-09-26T00:55:42.667,1,right,0,1,18.944444444444457,True,
run_20260926_005346_067436,3462,115,2026-09-26T00:55:42.667,2,right,1,2,18.40170940170941,True,
run_20260926_005346_067436,3462,115,2026-09-26T00:55:42.667,3,right,2,3,18.653846153846132,True,
run_20260926_005346_067436,3462,115,2026-09-26T00:55:42.667,4,right,3,4,19.0,True,
run_20260926_005346_067436,3462,115,2026-09-26T00:55:42.667,5,right,4,5,19.0,True,
run_20260926_005346_067436,3462,115,2026-09-26T00:55:42.667,6,right,5,6,19.0,True,
run_20260926_005346_067436,3462,115,2026-09-26T00:55:42.667,7,right,6,7,18.5,True,
run_20260926_005346_067436,3462,115,2026-09-26T00:55:42.667,8,right,7,8,19.0,True,
run_20260926_005346_067436,3462,115,2026-09-26T00:55:42.667,9,right,8,9,18.5,True,
run_20260926_005346_067436,3462,115,2026-09-26T00:55:42.667,10,right,9,10,19.0,True,
run_20260926_005346_067436,3462,115,2026-09-26T00:55:42.667,11,right,10,11,18.0,True,
run_20260926_005346_067436,3462,115,2026-09-26T00:55:42.667,12,right,11,12,19.0,True,
run_20260926_005346_067436,3493,116,2026-09-26T00:55:43.701,1,left,0,1,18.944444444444457,True,
run_20260926_005346_067436,3493,116,2026-09-26T00:55:43.701,2,left,1,2,18.599999999999994,True,
run_20260926_005346_067436,3493,116,2026-09-26T00:55:43.701,3,left,2,3,18.400000000000006,True,
run_20260926_005346_067436,3493,116,2026-09-26T00:55:43.701,4,left,3,4,19.0,True,
run_20260926_005346_067436,3493,116,2026-09-26T00:55:43.701,5,left,4,5,19.0,True,
run_20260926_005346_067436,3493,116,2026-09-26T00:55:43.701,6,left,5,6,18.785714285714278,True,
run_20260926_005346_067436,3493,116,2026-09-26T00:55:43.701,7,left,6,7,18.714285714285722,True,
run_20260926_005346_067436,3493,116,2026-09-26T00:55:43.701,8,left,7,8,18.375,True,
run_20260926_005346_067436,3493,116,2026-09-26T00:55:43.701,9,left,8,9,19.025000000000006,True,
run_20260926_005346_067436,3493,116,2026-09-26T00:55:43.701,10,left,9,10,18.314285714285703,True,
run_20260926_005346_067436,3493,116,2026-09-26T00:55:43.701,11,left,10,11,18.785714285714292,True,
run_20260926_005346_067436,3493,116,2026-09-26T00:55:43.701,12,left,11,12,18.42857142857143,True,
run_20260926_005346_067436,3493,116,2026-09-26T00:55:43.701,1,right,0,1,18.944444444444457,True,
run_20260926_005346_067436,3493,116,2026-09-26T00:55:43.701,2,right,1,2,18.40170940170941,True,
run_20260926_005346_067436,3493,116,2026-09-26T00:55:43.701,3,right,2,3,18.653846153846132,True,
run_20260926_005346_067436,3493,116,2026-09-26T00:55:43.701,4,right,3,4,19.0,True,
run_20260926_005346_067436,3493,116,2026-09-26T00:55:43.701,5,right,4,5,19.0,True,
run_20260926_005346_067436,3493,116,2026-09-26T00:55:43.701,6,right,5,6,19.0,True,
run_20260926_005346_067436,3493,116,2026-09-26T00:55:43.701,7,right,6,7,18.5,True,
run_20260926_005346_067436,3493,116,2026-09-26T00:55:43.701,8,right,7,8,19.0,True,
run_20260926_005346_067436,3493,116,2026-09-26T00:55:43.701,9,right,8,9,18.5,True,
run_20260926_005346_067436,3493,116,2026-09-26T00:55:43.701,10,right,9,10,19.0,True,
run_20260926_005346_067436,3493,116,2026-09-26T00:55:43.701,11,right,10,11,18.0,True,
run_20260926_005346_067436,3493,116,2026-09-26T00:55:43.701,12,right,11,12,19.0,True,
run_20260926_005346_067436,3524,117,2026-09-26T00:55:44.732,1,left,0,1,18.888888888888914,True,
run_20260926_005346_067436,3524,117,2026-09-26T00:55:44.732,2,left,1,2,18.555555555555543,True,
run_20260926_005346_067436,3524,117,2026-09-26T00:55:44.732,3,left,2,3,18.5,True,
run_20260926_005346_067436,3524,117,2026-09-26T00:55:44.732,4,left,3,4,19.0,True,
run_20260926_005346_067436,3524,117,2026-09-26T00:55:44.732,5,left,4,5,19.0,True,
run_20260926_005346_067436,3524,117,2026-09-26T00:55:44.732,6,left,5,6,18.785714285714278,True,
run_20260926_005346_067436,3524,117,2026-09-26T00:55:44.732,7,left,6,7,18.714285714285722,True,
run_20260926_005346_067436,3524,117,2026-09-26T00:55:44.732,8,left,7,8,18.375,True,
run_20260926_005346_067436,3524,117,2026-09-26T00:55:44.732,9,left,8,9,19.125,True,
run_20260926_005346_067436,3524,117,2026-09-26T00:55:44.732,10,left,9,10,18.214285714285708,True,
run_20260926_005346_067436,3524,117,2026-09-26T00:55:44.732,11,left,10,11,18.785714285714292,True,
run_20260926_005346_067436,3524,117,2026-09-26T00:55:44.732,12,left,11,12,18.42857142857143,True,
run_20260926_005346_067436,3524,117,2026-09-26T00:55:44.732,1,right,0,1,18.944444444444457,True,
run_20260926_005346_067436,3524,117,2026-09-26T00:55:44.732,2,right,1,2,18.40170940170941,True,
run_20260926_005346_067436,3524,117,2026-09-26T00:55:44.732,3,right,2,3,18.653846153846132,True,
run_20260926_005346_067436,3524,117,2026-09-26T00:55:44.732,4,right,3,4,19.0,True,
run_20260926_005346_067436,3524,117,2026-09-26T00:55:44.732,5,right,4,5,19.0,True,
run_20260926_005346_067436,3524,117,2026-09-26T00:55:44.732,6,right,5,6,19.0,True,
run_20260926_005346_067436,3524,117,2026-09-26T00:55:44.732,7,right,6,7,18.5,True,
run_20260926_005346_067436,3524,117,2026-09-26T00:55:44.732,8,right,7,8,19.0,True,
run_20260926_005346_067436,3524,117,2026-09-26T00:55:44.732,9,right,8,9,18.5,True,
run_20260926_005346_067436,3524,117,2026-09-26T00:55:44.732,10,right,9,10,19.0,True,
run_20260926_005346_067436,3524,117,2026-09-26T00:55:44.732,11,right,10,11,18.0,True,
run_20260926_005346_067436,3524,117,2026-09-26T00:55:44.732,12,right,11,12,19.0,True,
run_20260926_005346_067436,3554,118,2026-09-26T00:55:45.735,1,left,0,1,18.888888888888914,True,
run_20260926_005346_067436,3554,118,2026-09-26T00:55:45.735,2,left,1,2,18.555555555555543,True,
run_20260926_005346_067436,3554,118,2026-09-26T00:55:45.735,3,left,2,3,18.5,True,
run_20260926_005346_067436,3554,118,2026-09-26T00:55:45.735,4,left,3,4,19.0,True,
run_20260926_005346_067436,3554,118,2026-09-26T00:55:45.735,5,left,4,5,19.0,True,
run_20260926_005346_067436,3554,118,2026-09-26T00:55:45.735,6,left,5,6,18.785714285714278,True,
run_20260926_005346_067436,3554,118,2026-09-26T00:55:45.735,7,left,6,7,18.714285714285722,True,
run_20260926_005346_067436,3554,118,2026-09-26T00:55:45.735,8,left,7,8,18.375,True,
run_20260926_005346_067436,3554,118,2026-09-26T00:55:45.735,9,left,8,9,19.025000000000006,True,
run_20260926_005346_067436,3554,118,2026-09-26T00:55:45.735,10,left,9,10,18.314285714285703,True,
run_20260926_005346_067436,3554,118,2026-09-26T00:55:45.735,11,left,10,11,18.785714285714292,True,
run_20260926_005346_067436,3554,118,2026-09-26T00:55:45.735,12,left,11,12,18.42857142857143,True,
run_20260926_005346_067436,3554,118,2026-09-26T00:55:45.735,1,right,0,1,18.944444444444457,True,
run_20260926_005346_067436,3554,118,2026-09-26T00:55:45.735,2,right,1,2,18.40170940170941,True,
run_20260926_005346_067436,3554,118,2026-09-26T00:55:45.735,3,right,2,3,18.653846153846132,True,
run_20260926_005346_067436,3554,118,2026-09-26T00:55:45.735,4,right,3,4,19.0,True,
run_20260926_005346_067436,3554,118,2026-09-26T00:55:45.735,5,right,4,5,19.0,True,
run_20260926_005346_067436,3554,118,2026-09-26T00:55:45.735,6,right,5,6,19.0,True,
run_20260926_005346_067436,3554,118,2026-09-26T00:55:45.735,7,right,6,7,18.5,True,
run_20260926_005346_067436,3554,118,2026-09-26T00:55:45.735,8,right,7,8,19.0,True,
run_20260926_005346_067436,3554,118,2026-09-26T00:55:45.735,9,right,8,9,18.5,True,
run_20260926_005346_067436,3554,118,2026-09-26T00:55:45.735,10,right,9,10,19.0,True,
run_20260926_005346_067436,3554,118,2026-09-26T00:55:45.735,11,right,10,11,18.0,True,
run_20260926_005346_067436,3554,118,2026-09-26T00:55:45.735,12,right,11,12,19.0,True,
run_20260926_005346_067436,3585,119,2026-09-26T00:55:46.764,1,left,0,1,18.888888888888914,True,
run_20260926_005346_067436,3585,119,2026-09-26T00:55:46.764,2,left,1,2,18.555555555555543,True,
run_20260926_005346_067436,3585,119,2026-09-26T00:55:46.764,3,left,2,3,18.5,True,
run_20260926_005346_067436,3585,119,2026-09-26T00:55:46.764,4,left,3,4,19.0,True,
run_20260926_005346_067436,3585,119,2026-09-26T00:55:46.764,5,left,4,5,19.0,True,
run_20260926_005346_067436,3585,119,2026-09-26T00:55:46.764,6,left,5,6,18.785714285714278,True,
run_20260926_005346_067436,3585,119,2026-09-26T00:55:46.764,7,left,6,7,18.714285714285722,True,
run_20260926_005346_067436,3585,119,2026-09-26T00:55:46.764,8,left,7,8,18.375,True,
run_20260926_005346_067436,3585,119,2026-09-26T00:55:46.764,9,left,8,9,19.025000000000006,True,
run_20260926_005346_067436,3585,119,2026-09-26T00:55:46.764,10,left,9,10,18.314285714285703,True,
run_20260926_005346_067436,3585,119,2026-09-26T00:55:46.764,11,left,10,11,18.785714285714292,True,
run_20260926_005346_067436,3585,119,2026-09-26T00:55:46.764,12,left,11,12,18.34615384615384,True,
run_20260926_005346_067436,3585,119,2026-09-26T00:55:46.764,1,right,0,1,18.944444444444457,True,
run_20260926_005346_067436,3585,119,2026-09-26T00:55:46.764,2,right,1,2,18.40170940170941,True,
run_20260926_005346_067436,3585,119,2026-09-26T00:55:46.764,3,right,2,3,18.653846153846132,True,
run_20260926_005346_067436,3585,119,2026-09-26T00:55:46.764,4,right,3,4,19.0,True,
run_20260926_005346_067436,3585,119,2026-09-26T00:55:46.764,5,right,4,5,19.0,True,
run_20260926_005346_067436,3585,119,2026-09-26T00:55:46.764,6,right,5,6,19.0,True,
run_20260926_005346_067436,3585,119,2026-09-26T00:55:46.764,7,right,6,7,18.5,True,
run_20260926_005346_067436,3585,119,2026-09-26T00:55:46.764,8,right,7,8,19.0,True,
run_20260926_005346_067436,3585,119,2026-09-26T00:55:46.764,9,right,8,9,18.5,True,
run_20260926_005346_067436,3585,119,2026-09-26T00:55:46.764,10,right,9,10,19.0,True,
run_20260926_005346_067436,3585,119,2026-09-26T00:55:46.764,11,right,10,11,18.0,True,
run_20260926_005346_067436,3585,119,2026-09-26T00:55:46.764,12,right,11,12,19.0,True,
run_20260926_005346_067436,3614,120,2026-09-26T00:55:47.767,1,left,0,1,18.888888888888914,True,
run_20260926_005346_067436,3614,120,2026-09-26T00:55:47.767,2,left,1,2,18.555555555555543,True,
run_20260926_005346_067436,3614,120,2026-09-26T00:55:47.767,3,left,2,3,18.5,True,
run_20260926_005346_067436,3614,120,2026-09-26T00:55:47.767,4,left,3,4,19.0,True,
run_20260926_005346_067436,3614,120,2026-09-26T00:55:47.767,5,left,4,5,19.0,True,
run_20260926_005346_067436,3614,120,2026-09-26T00:55:47.767,6,left,5,6,18.785714285714278,True,
run_20260926_005346_067436,3614,120,2026-09-26T00:55:47.767,7,left,6,7,18.714285714285722,True,
run_20260926_005346_067436,3614,120,2026-09-26T00:55:47.767,8,left,7,8,18.375,True,
run_20260926_005346_067436,3614,120,2026-09-26T00:55:47.767,9,left,8,9,19.025000000000006,True,
run_20260926_005346_067436,3614,120,2026-09-26T00:55:47.767,10,left,9,10,18.314285714285703,True,
run_20260926_005346_067436,3614,120,2026-09-26T00:55:47.767,11,left,10,11,18.785714285714292,True,
run_20260926_005346_067436,3614,120,2026-09-26T00:55:47.767,12,left,11,12,18.34615384615384,True,
run_20260926_005346_067436,3614,120,2026-09-26T00:55:47.767,1,right,0,1,18.944444444444457,True,
run_20260926_005346_067436,3614,120,2026-09-26T00:55:47.767,2,right,1,2,18.40170940170941,True,
run_20260926_005346_067436,3614,120,2026-09-26T00:55:47.767,3,right,2,3,18.653846153846132,True,
run_20260926_005346_067436,3614,120,2026-09-26T00:55:47.767,4,right,3,4,19.0,True,
run_20260926_005346_067436,3614,120,2026-09-26T00:55:47.767,5,right,4,5,19.0,True,
run_20260926_005346_067436,3614,120,2026-09-26T00:55:47.767,6,right,5,6,19.0,True,
run_20260926_005346_067436,3614,120,2026-09-26T00:55:47.767,7,right,6,7,18.5,True,
run_20260926_005346_067436,3614,120,2026-09-26T00:55:47.767,8,right,7,8,19.0,True,
run_20260926_005346_067436,3614,120,2026-09-26T00:55:47.767,9,right,8,9,18.5,True,
run_20260926_005346_067436,3614,120,2026-09-26T00:55:47.767,10,right,9,10,19.0,True,
run_20260926_005346_067436,3614,120,2026-09-26T00:55:47.767,11,right,10,11,18.0,True,
run_20260926_005346_067436,3614,120,2026-09-26T00:55:47.767,12,right,11,12,19.0,True,
run_20260926_005346_067436,3645,121,2026-09-26T00:55:48.801,1,left,0,1,18.888888888888914,True,
run_20260926_005346_067436,3645,121,2026-09-26T00:55:48.801,2,left,1,2,18.555555555555543,True,
run_20260926_005346_067436,3645,121,2026-09-26T00:55:48.801,3,left,2,3,18.5,True,
run_20260926_005346_067436,3645,121,2026-09-26T00:55:48.801,4,left,3,4,19.0,True,
run_20260926_005346_067436,3645,121,2026-09-26T00:55:48.801,5,left,4,5,19.0,True,
run_20260926_005346_067436,3645,121,2026-09-26T00:55:48.801,6,left,5,6,18.785714285714278,True,
run_20260926_005346_067436,3645,121,2026-09-26T00:55:48.801,7,left,6,7,18.714285714285722,True,
run_20260926_005346_067436,3645,121,2026-09-26T00:55:48.801,8,left,7,8,18.375,True,
run_20260926_005346_067436,3645,121,2026-09-26T00:55:48.801,9,left,8,9,19.025000000000006,True,
run_20260926_005346_067436,3645,121,2026-09-26T00:55:48.801,10,left,9,10,18.314285714285703,True,
run_20260926_005346_067436,3645,121,2026-09-26T00:55:48.801,11,left,10,11,18.785714285714292,True,
run_20260926_005346_067436,3645,121,2026-09-26T00:55:48.801,12,left,11,12,18.42857142857143,True,
run_20260926_005346_067436,3645,121,2026-09-26T00:55:48.801,1,right,0,1,18.944444444444457,True,
run_20260926_005346_067436,3645,121,2026-09-26T00:55:48.801,2,right,1,2,18.484126984126988,True,
run_20260926_005346_067436,3645,121,2026-09-26T00:55:48.801,3,right,2,3,18.571428571428555,True,
run_20260926_005346_067436,3645,121,2026-09-26T00:55:48.801,4,right,3,4,19.0,True,
run_20260926_005346_067436,3645,121,2026-09-26T00:55:48.801,5,right,4,5,19.0,True,
run_20260926_005346_067436,3645,121,2026-09-26T00:55:48.801,6,right,5,6,19.0,True,
run_20260926_005346_067436,3645,121,2026-09-26T00:55:48.801,7,right,6,7,18.5,True,
run_20260926_005346_067436,3645,121,2026-09-26T00:55:48.801,8,right,7,8,19.0,True,
run_20260926_005346_067436,3645,121,2026-09-26T00:55:48.801,9,right,8,9,18.5,True,
run_20260926_005346_067436,3645,121,2026-09-26T00:55:48.801,10,right,9,10,19.0,True,
run_20260926_005346_067436,3645,121,2026-09-26T00:55:48.801,11,right,10,11,18.0,True,
run_20260926_005346_067436,3645,121,2026-09-26T00:55:48.801,12,right,11,12,19.0,True,
run_20260926_005346_067436,3676,122,2026-09-26T00:55:49.831,1,left,0,1,18.888888888888914,True,
run_20260926_005346_067436,3676,122,2026-09-26T00:55:49.831,2,left,1,2,18.555555555555543,True,
run_20260926_005346_067436,3676,122,2026-09-26T00:55:49.831,3,left,2,3,18.5,True,
run_20260926_005346_067436,3676,122,2026-09-26T00:55:49.831,4,left,3,4,19.0,True,
run_20260926_005346_067436,3676,122,2026-09-26T00:55:49.831,5,left,4,5,19.0,True,
run_20260926_005346_067436,3676,122,2026-09-26T00:55:49.831,6,left,5,6,18.785714285714278,True,
run_20260926_005346_067436,3676,122,2026-09-26T00:55:49.831,7,left,6,7,18.714285714285722,True,
run_20260926_005346_067436,3676,122,2026-09-26T00:55:49.831,8,left,7,8,18.375,True,
run_20260926_005346_067436,3676,122,2026-09-26T00:55:49.831,9,left,8,9,19.025000000000006,True,
run_20260926_005346_067436,3676,122,2026-09-26T00:55:49.831,10,left,9,10,18.314285714285703,True,
run_20260926_005346_067436,3676,122,2026-09-26T00:55:49.831,11,left,10,11,18.785714285714292,True,
run_20260926_005346_067436,3676,122,2026-09-26T00:55:49.831,12,left,11,12,18.42857142857143,True,
run_20260926_005346_067436,3676,122,2026-09-26T00:55:49.831,1,right,0,1,18.944444444444457,True,
run_20260926_005346_067436,3676,122,2026-09-26T00:55:49.831,2,right,1,2,18.484126984126988,True,
run_20260926_005346_067436,3676,122,2026-09-26T00:55:49.831,3,right,2,3,18.571428571428555,True,
run_20260926_005346_067436,3676,122,2026-09-26T00:55:49.831,4,right,3,4,19.0,True,
run_20260926_005346_067436,3676,122,2026-09-26T00:55:49.831,5,right,4,5,19.0,True,
run_20260926_005346_067436,3676,122,2026-09-26T00:55:49.831,6,right,5,6,19.0,True,
run_20260926_005346_067436,3676,122,2026-09-26T00:55:49.831,7,right,6,7,18.5,True,
run_20260926_005346_067436,3676,122,2026-09-26T00:55:49.831,8,right,7,8,19.0,True,
run_20260926_005346_067436,3676,122,2026-09-26T00:55:49.831,9,right,8,9,18.5,True,
run_20260926_005346_067436,3676,122,2026-09-26T00:55:49.831,10,right,9,10,19.0,True,
run_20260926_005346_067436,3676,122,2026-09-26T00:55:49.831,11,right,10,11,18.0,True,
run_20260926_005346_067436,3676,122,2026-09-26T00:55:49.831,12,right,11,12,19.0,True,
run_20260926_005346_067436,3706,123,2026-09-26T00:55:50.832,1,left,0,1,18.888888888888914,True,
run_20260926_005346_067436,3706,123,2026-09-26T00:55:50.832,2,left,1,2,18.555555555555543,True,
run_20260926_005346_067436,3706,123,2026-09-26T00:55:50.832,3,left,2,3,18.5,True,
run_20260926_005346_067436,3706,123,2026-09-26T00:55:50.832,4,left,3,4,19.0,True,
run_20260926_005346_067436,3706,123,2026-09-26T00:55:50.832,5,left,4,5,19.0,True,
run_20260926_005346_067436,3706,123,2026-09-26T00:55:50.832,6,left,5,6,18.785714285714278,True,
run_20260926_005346_067436,3706,123,2026-09-26T00:55:50.832,7,left,6,7,18.589285714285722,True,
run_20260926_005346_067436,3706,123,2026-09-26T00:55:50.832,8,left,7,8,18.5,True,
run_20260926_005346_067436,3706,123,2026-09-26T00:55:50.832,9,left,8,9,19.025000000000006,True,
run_20260926_005346_067436,3706,123,2026-09-26T00:55:50.832,10,left,9,10,18.314285714285703,True,
run_20260926_005346_067436,3706,123,2026-09-26T00:55:50.832,11,left,10,11,18.785714285714292,True,
run_20260926_005346_067436,3706,123,2026-09-26T00:55:50.832,12,left,11,12,18.42857142857143,True,
run_20260926_005346_067436,3706,123,2026-09-26T00:55:50.832,1,right,0,1,18.944444444444457,True,
run_20260926_005346_067436,3706,123,2026-09-26T00:55:50.832,2,right,1,2,18.40170940170941,True,
run_20260926_005346_067436,3706,123,2026-09-26T00:55:50.832,3,right,2,3,18.653846153846132,True,
run_20260926_005346_067436,3706,123,2026-09-26T00:55:50.832,4,right,3,4,19.0,True,
run_20260926_005346_067436,3706,123,2026-09-26T00:55:50.832,5,right,4,5,19.0,True,
run_20260926_005346_067436,3706,123,2026-09-26T00:55:50.832,6,right,5,6,19.0,True,
run_20260926_005346_067436,3706,123,2026-09-26T00:55:50.832,7,right,6,7,18.5,True,
run_20260926_005346_067436,3706,123,2026-09-26T00:55:50.832,8,right,7,8,19.0,True,
run_20260926_005346_067436,3706,123,2026-09-26T00:55:50.832,9,right,8,9,18.5,True,
run_20260926_005346_067436,3706,123,2026-09-26T00:55:50.832,10,right,9,10,19.0,True,
run_20260926_005346_067436,3706,123,2026-09-26T00:55:50.832,11,right,10,11,18.0,True,
run_20260926_005346_067436,3706,123,2026-09-26T00:55:50.832,12,right,11,12,19.0,True,
run_20260926_005346_067436,3736,124,2026-09-26T00:55:51.838,1,left,0,1,18.888888888888914,True,
run_20260926_005346_067436,3736,124,2026-09-26T00:55:51.838,2,left,1,2,18.555555555555543,True,
run_20260926_005346_067436,3736,124,2026-09-26T00:55:51.838,3,left,2,3,18.5,True,
run_20260926_005346_067436,3736,124,2026-09-26T00:55:51.838,4,left,3,4,19.0,True,
run_20260926_005346_067436,3736,124,2026-09-26T00:55:51.838,5,left,4,5,19.0,True,
run_20260926_005346_067436,3736,124,2026-09-26T00:55:51.838,6,left,5,6,18.785714285714278,True,
run_20260926_005346_067436,3736,124,2026-09-26T00:55:51.838,7,left,6,7,18.589285714285722,True,
run_20260926_005346_067436,3736,124,2026-09-26T00:55:51.838,8,left,7,8,18.625,True,
run_20260926_005346_067436,3736,124,2026-09-26T00:55:51.838,9,left,8,9,18.900000000000006,True,
run_20260926_005346_067436,3736,124,2026-09-26T00:55:51.838,10,left,9,10,18.314285714285703,True,
run_20260926_005346_067436,3736,124,2026-09-26T00:55:51.838,11,left,10,11,18.785714285714292,True,
run_20260926_005346_067436,3736,124,2026-09-26T00:55:51.838,12,left,11,12,18.42857142857143,True,
run_20260926_005346_067436,3736,124,2026-09-26T00:55:51.838,1,right,0,1,18.944444444444457,True,
run_20260926_005346_067436,3736,124,2026-09-26T00:55:51.838,2,right,1,2,18.484126984126988,True,
run_20260926_005346_067436,3736,124,2026-09-26T00:55:51.838,3,right,2,3,18.571428571428555,True,
run_20260926_005346_067436,3736,124,2026-09-26T00:55:51.838,4,right,3,4,19.0,True,
run_20260926_005346_067436,3736,124,2026-09-26T00:55:51.838,5,right,4,5,19.0,True,
run_20260926_005346_067436,3736,124,2026-09-26T00:55:51.838,6,right,5,6,19.0,True,
run_20260926_005346_067436,3736,124,2026-09-26T00:55:51.838,7,right,6,7,18.5,True,
run_20260926_005346_067436,3736,124,2026-09-26T00:55:51.838,8,right,7,8,19.0,True,
run_20260926_005346_067436,3736,124,2026-09-26T00:55:51.838,9,right,8,9,18.5,True,
run_20260926_005346_067436,3736,124,2026-09-26T00:55:51.838,10,right,9,10,19.0,True,
run_20260926_005346_067436,3736,124,2026-09-26T00:55:51.838,11,right,10,11,18.0,True,
run_20260926_005346_067436,3736,124,2026-09-26T00:55:51.838,12,right,11,12,19.0,True,
run_20260926_005346_067436,3767,125,2026-09-26T00:55:52.863,1,left,0,1,18.888888888888914,True,
run_20260926_005346_067436,3767,125,2026-09-26T00:55:52.863,2,left,1,2,18.555555555555543,True,
run_20260926_005346_067436,3767,125,2026-09-26T00:55:52.863,3,left,2,3,18.5,True,
run_20260926_005346_067436,3767,125,2026-09-26T00:55:52.863,4,left,3,4,19.0,True,
run_20260926_005346_067436,3767,125,2026-09-26T00:55:52.863,5,left,4,5,19.0,True,
run_20260926_005346_067436,3767,125,2026-09-26T00:55:52.863,6,left,5,6,18.785714285714278,True,
run_20260926_005346_067436,3767,125,2026-09-26T00:55:52.863,7,left,6,7,18.589285714285722,True,
run_20260926_005346_067436,3767,125,2026-09-26T00:55:52.863,8,left,7,8,18.625,True,
run_20260926_005346_067436,3767,125,2026-09-26T00:55:52.863,9,left,8,9,18.900000000000006,True,
run_20260926_005346_067436,3767,125,2026-09-26T00:55:52.863,10,left,9,10,18.314285714285703,True,
run_20260926_005346_067436,3767,125,2026-09-26T00:55:52.863,11,left,10,11,18.785714285714292,True,
run_20260926_005346_067436,3767,125,2026-09-26T00:55:52.863,12,left,11,12,18.42857142857143,True,
run_20260926_005346_067436,3767,125,2026-09-26T00:55:52.863,1,right,0,1,18.944444444444457,True,
run_20260926_005346_067436,3767,125,2026-09-26T00:55:52.863,2,right,1,2,18.484126984126988,True,
run_20260926_005346_067436,3767,125,2026-09-26T00:55:52.863,3,right,2,3,18.571428571428555,True,
run_20260926_005346_067436,3767,125,2026-09-26T00:55:52.863,4,right,3,4,19.0,True,
run_20260926_005346_067436,3767,125,2026-09-26T00:55:52.863,5,right,4,5,19.0,True,
run_20260926_005346_067436,3767,125,2026-09-26T00:55:52.863,6,right,5,6,19.0,True,
run_20260926_005346_067436,3767,125,2026-09-26T00:55:52.863,7,right,6,7,18.5,True,
run_20260926_005346_067436,3767,125,2026-09-26T00:55:52.863,8,right,7,8,19.0,True,
run_20260926_005346_067436,3767,125,2026-09-26T00:55:52.863,9,right,8,9,18.5,True,
run_20260926_005346_067436,3767,125,2026-09-26T00:55:52.863,10,right,9,10,19.0,True,
run_20260926_005346_067436,3767,125,2026-09-26T00:55:52.863,11,right,10,11,18.0,True,
run_20260926_005346_067436,3767,125,2026-09-26T00:55:52.863,12,right,11,12,19.0,True,
run_20260926_005346_067436,3797,126,2026-09-26T00:55:53.867,1,left,0,1,18.888888888888914,True,
run_20260926_005346_067436,3797,126,2026-09-26T00:55:53.867,2,left,1,2,18.555555555555543,True,
run_20260926_005346_067436,3797,126,2026-09-26T00:55:53.867,3,left,2,3,18.5,True,
run_20260926_005346_067436,3797,126,2026-09-26T00:55:53.867,4,left,3,4,19.0,True,
run_20260926_005346_067436,3797,126,2026-09-26T00:55:53.867,5,left,4,5,19.0,True,
run_20260926_005346_067436,3797,126,2026-09-26T00:55:53.867,6,left,5,6,18.785714285714278,True,
run_20260926_005346_067436,3797,126,2026-09-26T00:55:53.867,7,left,6,7,18.589285714285722,True,
run_20260926_005346_067436,3797,126,2026-09-26T00:55:53.867,8,left,7,8,18.625,True,
run_20260926_005346_067436,3797,126,2026-09-26T00:55:53.867,9,left,8,9,18.900000000000006,True,
run_20260926_005346_067436,3797,126,2026-09-26T00:55:53.867,10,left,9,10,18.314285714285703,True,
run_20260926_005346_067436,3797,126,2026-09-26T00:55:53.867,11,left,10,11,18.785714285714292,True,
run_20260926_005346_067436,3797,126,2026-09-26T00:55:53.867,12,left,11,12,18.34615384615384,True,
run_20260926_005346_067436,3797,126,2026-09-26T00:55:53.867,1,right,0,1,18.944444444444457,True,
run_20260926_005346_067436,3797,126,2026-09-26T00:55:53.867,2,right,1,2,18.484126984126988,True,
run_20260926_005346_067436,3797,126,2026-09-26T00:55:53.867,3,right,2,3,18.70779220779218,True,
run_20260926_005346_067436,3797,126,2026-09-26T00:55:53.867,4,right,3,4,18.863636363636374,True,
run_20260926_005346_067436,3797,126,2026-09-26T00:55:53.867,5,right,4,5,19.0,True,
run_20260926_005346_067436,3797,126,2026-09-26T00:55:53.867,6,right,5,6,19.0,True,
run_20260926_005346_067436,3797,126,2026-09-26T00:55:53.867,7,right,6,7,18.5,True,
run_20260926_005346_067436,3797,126,2026-09-26T00:55:53.867,8,right,7,8,19.0,True,
run_20260926_005346_067436,3797,126,2026-09-26T00:55:53.867,9,right,8,9,18.5,True,
run_20260926_005346_067436,3797,126,2026-09-26T00:55:53.867,10,right,9,10,19.0,True,
run_20260926_005346_067436,3797,126,2026-09-26T00:55:53.867,11,right,10,11,18.0,True,
run_20260926_005346_067436,3797,126,2026-09-26T00:55:53.867,12,right,11,12,19.0,True,
run_20260926_005346_067436,3828,127,2026-09-26T00:55:54.898,1,left,0,1,18.888888888888914,True,
run_20260926_005346_067436,3828,127,2026-09-26T00:55:54.898,2,left,1,2,18.555555555555543,True,
run_20260926_005346_067436,3828,127,2026-09-26T00:55:54.898,3,left,2,3,18.5,True,
run_20260926_005346_067436,3828,127,2026-09-26T00:55:54.898,4,left,3,4,19.0,True,
run_20260926_005346_067436,3828,127,2026-09-26T00:55:54.898,5,left,4,5,19.0,True,
run_20260926_005346_067436,3828,127,2026-09-26T00:55:54.898,6,left,5,6,18.785714285714278,True,
run_20260926_005346_067436,3828,127,2026-09-26T00:55:54.898,7,left,6,7,18.589285714285722,True,
run_20260926_005346_067436,3828,127,2026-09-26T00:55:54.898,8,left,7,8,18.625,True,
run_20260926_005346_067436,3828,127,2026-09-26T00:55:54.898,9,left,8,9,19.0,True,
run_20260926_005346_067436,3828,127,2026-09-26T00:55:54.898,10,left,9,10,18.214285714285708,True,
run_20260926_005346_067436,3828,127,2026-09-26T00:55:54.898,11,left,10,11,18.785714285714292,True,
run_20260926_005346_067436,3828,127,2026-09-26T00:55:54.898,12,left,11,12,18.42857142857143,True,
run_20260926_005346_067436,3828,127,2026-09-26T00:55:54.898,1,right,0,1,18.944444444444457,True,
run_20260926_005346_067436,3828,127,2026-09-26T00:55:54.898,2,right,1,2,18.484126984126988,True,
run_20260926_005346_067436,3828,127,2026-09-26T00:55:54.898,3,right,2,3,18.571428571428555,True,
run_20260926_005346_067436,3828,127,2026-09-26T00:55:54.898,4,right,3,4,19.0,True,
run_20260926_005346_067436,3828,127,2026-09-26T00:55:54.898,5,right,4,5,19.0,True,
run_20260926_005346_067436,3828,127,2026-09-26T00:55:54.898,6,right,5,6,19.0,True,
run_20260926_005346_067436,3828,127,2026-09-26T00:55:54.898,7,right,6,7,18.5,True,
run_20260926_005346_067436,3828,127,2026-09-26T00:55:54.898,8,right,7,8,19.0,True,
run_20260926_005346_067436,3828,127,2026-09-26T00:55:54.898,9,right,8,9,18.5,True,
run_20260926_005346_067436,3828,127,2026-09-26T00:55:54.898,10,right,9,10,19.0,True,
run_20260926_005346_067436,3828,127,2026-09-26T00:55:54.898,11,right,10,11,18.0,True,
run_20260926_005346_067436,3828,127,2026-09-26T00:55:54.898,12,right,11,12,19.0,True,
run_20260926_005346_067436,3858,128,2026-09-26T00:55:55.930,1,left,0,1,18.888888888888914,True,
run_20260926_005346_067436,3858,128,2026-09-26T00:55:55.930,2,left,1,2,18.555555555555543,True,
run_20260926_005346_067436,3858,128,2026-09-26T00:55:55.930,3,left,2,3,18.5,True,
run_20260926_005346_067436,3858,128,2026-09-26T00:55:55.930,4,left,3,4,19.0,True,
run_20260926_005346_067436,3858,128,2026-09-26T00:55:55.930,5,left,4,5,19.0,True,
run_20260926_005346_067436,3858,128,2026-09-26T00:55:55.930,6,left,5,6,18.785714285714278,True,
run_20260926_005346_067436,3858,128,2026-09-26T00:55:55.930,7,left,6,7,18.589285714285722,True,
run_20260926_005346_067436,3858,128,2026-09-26T00:55:55.930,8,left,7,8,18.5,True,
run_20260926_005346_067436,3858,128,2026-09-26T00:55:55.930,9,left,8,9,19.025000000000006,True,
run_20260926_005346_067436,3858,128,2026-09-26T00:55:55.930,10,left,9,10,18.314285714285703,True,
run_20260926_005346_067436,3858,128,2026-09-26T00:55:55.930,11,left,10,11,18.785714285714292,True,
run_20260926_005346_067436,3858,128,2026-09-26T00:55:55.930,12,left,11,12,18.42857142857143,True,
run_20260926_005346_067436,3858,128,2026-09-26T00:55:55.930,1,right,0,1,18.944444444444457,True,
run_20260926_005346_067436,3858,128,2026-09-26T00:55:55.930,2,right,1,2,18.484126984126988,True,
run_20260926_005346_067436,3858,128,2026-09-26T00:55:55.930,3,right,2,3,18.821428571428555,True,
run_20260926_005346_067436,3858,128,2026-09-26T00:55:55.930,4,right,3,4,18.75,True,
run_20260926_005346_067436,3858,128,2026-09-26T00:55:55.930,5,right,4,5,19.0,True,
run_20260926_005346_067436,3858,128,2026-09-26T00:55:55.930,6,right,5,6,19.0,True,
run_20260926_005346_067436,3858,128,2026-09-26T00:55:55.930,7,right,6,7,18.5,True,
run_20260926_005346_067436,3858,128,2026-09-26T00:55:55.930,8,right,7,8,19.0,True,
run_20260926_005346_067436,3858,128,2026-09-26T00:55:55.930,9,right,8,9,18.5,True,
run_20260926_005346_067436,3858,128,2026-09-26T00:55:55.930,10,right,9,10,19.0,True,
run_20260926_005346_067436,3858,128,2026-09-26T00:55:55.930,11,right,10,11,18.0,True,
run_20260926_005346_067436,3858,128,2026-09-26T00:55:55.930,12,right,11,12,19.0,True,
run_20260926_005346_067436,3886,129,2026-09-26T00:55:56.935,1,left,0,1,18.888888888888914,True,
run_20260926_005346_067436,3886,129,2026-09-26T00:55:56.935,2,left,1,2,18.555555555555543,True,
run_20260926_005346_067436,3886,129,2026-09-26T00:55:56.935,3,left,2,3,18.5,True,
run_20260926_005346_067436,3886,129,2026-09-26T00:55:56.935,4,left,3,4,19.0,True,
run_20260926_005346_067436,3886,129,2026-09-26T00:55:56.935,5,left,4,5,19.0,True,
run_20260926_005346_067436,3886,129,2026-09-26T00:55:56.935,6,left,5,6,18.785714285714278,True,
run_20260926_005346_067436,3886,129,2026-09-26T00:55:56.935,7,left,6,7,18.589285714285722,True,
run_20260926_005346_067436,3886,129,2026-09-26T00:55:56.935,8,left,7,8,18.625,True,
run_20260926_005346_067436,3886,129,2026-09-26T00:55:56.935,9,left,8,9,18.900000000000006,True,
run_20260926_005346_067436,3886,129,2026-09-26T00:55:56.935,10,left,9,10,18.314285714285703,True,
run_20260926_005346_067436,3886,129,2026-09-26T00:55:56.935,11,left,10,11,18.785714285714292,True,
run_20260926_005346_067436,3886,129,2026-09-26T00:55:56.935,12,left,11,12,18.34615384615384,True,
run_20260926_005346_067436,3886,129,2026-09-26T00:55:56.935,1,right,0,1,18.944444444444457,True,
run_20260926_005346_067436,3886,129,2026-09-26T00:55:56.935,2,right,1,2,18.484126984126988,True,
run_20260926_005346_067436,3886,129,2026-09-26T00:55:56.935,3,right,2,3,18.571428571428555,True,
run_20260926_005346_067436,3886,129,2026-09-26T00:55:56.935,4,right,3,4,19.0,True,
run_20260926_005346_067436,3886,129,2026-09-26T00:55:56.935,5,right,4,5,19.0,True,
run_20260926_005346_067436,3886,129,2026-09-26T00:55:56.935,6,right,5,6,19.0,True,
run_20260926_005346_067436,3886,129,2026-09-26T00:55:56.935,7,right,6,7,18.5,True,
run_20260926_005346_067436,3886,129,2026-09-26T00:55:56.935,8,right,7,8,19.0,True,
run_20260926_005346_067436,3886,129,2026-09-26T00:55:56.935,9,right,8,9,18.5,True,
run_20260926_005346_067436,3886,129,2026-09-26T00:55:56.935,10,right,9,10,19.0,True,
run_20260926_005346_067436,3886,129,2026-09-26T00:55:56.935,11,right,10,11,18.0,True,
run_20260926_005346_067436,3886,129,2026-09-26T00:55:56.935,12,right,11,12,19.0,True,
run_20260926_005346_067436,3917,130,2026-09-26T00:55:57.964,1,left,0,1,18.944444444444457,True,
run_20260926_005346_067436,3917,130,2026-09-26T00:55:57.964,2,left,1,2,18.5,True,
run_20260926_005346_067436,3917,130,2026-09-26T00:55:57.964,3,left,2,3,18.5,True,
run_20260926_005346_067436,3917,130,2026-09-26T00:55:57.964,4,left,3,4,19.0,True,
run_20260926_005346_067436,3917,130,2026-09-26T00:55:57.964,5,left,4,5,19.0,True,
run_20260926_005346_067436,3917,130,2026-09-26T00:55:57.964,6,left,5,6,18.785714285714278,True,
run_20260926_005346_067436,3917,130,2026-09-26T00:55:57.964,7,left,6,7,18.589285714285722,True,
run_20260926_005346_067436,3917,130,2026-09-26T00:55:57.964,8,left,7,8,18.5,True,
run_20260926_005346_067436,3917,130,2026-09-26T00:55:57.964,9,left,8,9,19.025000000000006,True,
run_20260926_005346_067436,3917,130,2026-09-26T00:55:57.964,10,left,9,10,18.314285714285703,True,
run_20260926_005346_067436,3917,130,2026-09-26T00:55:57.964,11,left,10,11,18.785714285714292,True,
run_20260926_005346_067436,3917,130,2026-09-26T00:55:57.964,12,left,11,12,18.42857142857143,True,
run_20260926_005346_067436,3917,130,2026-09-26T00:55:57.964,1,right,0,1,18.944444444444457,True,
run_20260926_005346_067436,3917,130,2026-09-26T00:55:57.964,2,right,1,2,18.40170940170941,True,
run_20260926_005346_067436,3917,130,2026-09-26T00:55:57.964,3,right,2,3,18.790209790209758,True,
run_20260926_005346_067436,3917,130,2026-09-26T00:55:57.964,4,right,3,4,18.863636363636374,True,
run_20260926_005346_067436,3917,130,2026-09-26T00:55:57.964,5,right,4,5,19.0,True,
run_20260926_005346_067436,3917,130,2026-09-26T00:55:57.964,6,right,5,6,19.0,True,
run_20260926_005346_067436,3917,130,2026-09-26T00:55:57.964,7,right,6,7,18.5,True,
run_20260926_005346_067436,3917,130,2026-09-26T00:55:57.964,8,right,7,8,19.0,True,
run_20260926_005346_067436,3917,130,2026-09-26T00:55:57.964,9,right,8,9,18.5,True,
run_20260926_005346_067436,3917,130,2026-09-26T00:55:57.964,10,right,9,10,19.0,True,
run_20260926_005346_067436,3917,130,2026-09-26T00:55:57.964,11,right,10,11,18.0,True,
run_20260926_005346_067436,3917,130,2026-09-26T00:55:57.964,12,right,11,12,19.0,True,
run_20260926_005346_067436,3947,131,2026-09-26T00:55:58.967,1,left,0,1,18.888888888888914,True,
run_20260926_005346_067436,3947,131,2026-09-26T00:55:58.967,2,left,1,2,18.45555555555555,True,
run_20260926_005346_067436,3947,131,2026-09-26T00:55:58.967,3,left,2,3,18.599999999999994,True,
run_20260926_005346_067436,3947,131,2026-09-26T00:55:58.967,4,left,3,4,19.0,True,
run_20260926_005346_067436,3947,131,2026-09-26T00:55:58.967,5,left,4,5,19.0,True,
run_20260926_005346_067436,3947,131,2026-09-26T00:55:58.967,6,left,5,6,18.785714285714278,True,
run_20260926_005346_067436,3947,131,2026-09-26T00:55:58.967,7,left,6,7,18.589285714285722,True,
run_20260926_005346_067436,3947,131,2026-09-26T00:55:58.967,8,left,7,8,18.625,True,
run_20260926_005346_067436,3947,131,2026-09-26T00:55:58.967,9,left,8,9,18.900000000000006,True,
run_20260926_005346_067436,3947,131,2026-09-26T00:55:58.967,10,left,9,10,18.314285714285703,True,
run_20260926_005346_067436,3947,131,2026-09-26T00:55:58.967,11,left,10,11,18.785714285714292,True,
run_20260926_005346_067436,3947,131,2026-09-26T00:55:58.967,12,left,11,12,18.42857142857143,True,
run_20260926_005346_067436,3947,131,2026-09-26T00:55:58.967,1,right,0,1,18.944444444444457,True,
run_20260926_005346_067436,3947,131,2026-09-26T00:55:58.967,2,right,1,2,18.40170940170941,True,
run_20260926_005346_067436,3947,131,2026-09-26T00:55:58.967,3,right,2,3,18.790209790209758,True,
run_20260926_005346_067436,3947,131,2026-09-26T00:55:58.967,4,right,3,4,18.863636363636374,True,
run_20260926_005346_067436,3947,131,2026-09-26T00:55:58.967,5,right,4,5,19.0,True,
run_20260926_005346_067436,3947,131,2026-09-26T00:55:58.967,6,right,5,6,19.0,True,
run_20260926_005346_067436,3947,131,2026-09-26T00:55:58.967,7,right,6,7,18.5,True,
run_20260926_005346_067436,3947,131,2026-09-26T00:55:58.967,8,right,7,8,19.0,True,
run_20260926_005346_067436,3947,131,2026-09-26T00:55:58.967,9,right,8,9,18.5,True,
run_20260926_005346_067436,3947,131,2026-09-26T00:55:58.967,10,right,9,10,19.0,True,
run_20260926_005346_067436,3947,131,2026-09-26T00:55:58.967,11,right,10,11,18.0,True,
run_20260926_005346_067436,3947,131,2026-09-26T00:55:58.967,12,right,11,12,19.0,True,
run_20260926_005346_067436,3978,132,2026-09-26T00:55:59.997,1,left,0,1,18.888888888888914,True,
run_20260926_005346_067436,3978,132,2026-09-26T00:55:59.997,2,left,1,2,18.45555555555555,True,
run_20260926_005346_067436,3978,132,2026-09-26T00:55:59.997,3,left,2,3,18.599999999999994,True,
run_20260926_005346_067436,3978,132,2026-09-26T00:55:59.997,4,left,3,4,19.0,True,
run_20260926_005346_067436,3978,132,2026-09-26T00:55:59.997,5,left,4,5,19.0,True,
run_20260926_005346_067436,3978,132,2026-09-26T00:55:59.997,6,left,5,6,18.785714285714278,True,
run_20260926_005346_067436,3978,132,2026-09-26T00:55:59.997,7,left,6,7,18.589285714285722,True,
run_20260926_005346_067436,3978,132,2026-09-26T00:55:59.997,8,left,7,8,18.625,True,
run_20260926_005346_067436,3978,132,2026-09-26T00:55:59.997,9,left,8,9,18.900000000000006,True,
run_20260926_005346_067436,3978,132,2026-09-26T00:55:59.997,10,left,9,10,18.314285714285703,True,
run_20260926_005346_067436,3978,132,2026-09-26T00:55:59.997,11,left,10,11,18.785714285714292,True,
run_20260926_005346_067436,3978,132,2026-09-26T00:55:59.997,12,left,11,12,18.42857142857143,True,
run_20260926_005346_067436,3978,132,2026-09-26T00:55:59.997,1,right,0,1,18.944444444444457,True,
run_20260926_005346_067436,3978,132,2026-09-26T00:55:59.997,2,right,1,2,18.484126984126988,True,
run_20260926_005346_067436,3978,132,2026-09-26T00:55:59.997,3,right,2,3,18.70779220779218,True,
run_20260926_005346_067436,3978,132,2026-09-26T00:55:59.997,4,right,3,4,18.863636363636374,True,
run_20260926_005346_067436,3978,132,2026-09-26T00:55:59.997,5,right,4,5,19.0,True,
run_20260926_005346_067436,3978,132,2026-09-26T00:55:59.997,6,right,5,6,19.0,True,
run_20260926_005346_067436,3978,132,2026-09-26T00:55:59.997,7,right,6,7,18.5,True,
run_20260926_005346_067436,3978,132,2026-09-26T00:55:59.997,8,right,7,8,19.0,True,
run_20260926_005346_067436,3978,132,2026-09-26T00:55:59.997,9,right,8,9,18.5,True,
run_20260926_005346_067436,3978,132,2026-09-26T00:55:59.997,10,right,9,10,19.0,True,
run_20260926_005346_067436,3978,132,2026-09-26T00:55:59.997,11,right,10,11,18.0,True,
run_20260926_005346_067436,3978,132,2026-09-26T00:55:59.997,12,right,11,12,19.0,True,
run_20260926_005346_067436,4009,133,2026-09-26T00:56:01.031,1,left,0,1,18.944444444444457,True,
run_20260926_005346_067436,4009,133,2026-09-26T00:56:01.031,2,left,1,2,18.400000000000006,True,
run_20260926_005346_067436,4009,133,2026-09-26T00:56:01.031,3,left,2,3,18.599999999999994,True,
run_20260926_005346_067436,4009,133,2026-09-26T00:56:01.031,4,left,3,4,19.0,True,
run_20260926_005346_067436,4009,133,2026-09-26T00:56:01.031,5,left,4,5,19.0,True,
run_20260926_005346_067436,4009,133,2026-09-26T00:56:01.031,6,left,5,6,18.785714285714278,True,
run_20260926_005346_067436,4009,133,2026-09-26T00:56:01.031,7,left,6,7,18.589285714285722,True,
run_20260926_005346_067436,4009,133,2026-09-26T00:56:01.031,8,left,7,8,18.5,True,
run_20260926_005346_067436,4009,133,2026-09-26T00:56:01.031,9,left,8,9,19.025000000000006,True,
run_20260926_005346_067436,4009,133,2026-09-26T00:56:01.031,10,left,9,10,18.314285714285703,True,
run_20260926_005346_067436,4009,133,2026-09-26T00:56:01.031,11,left,10,11,18.785714285714292,True,
run_20260926_005346_067436,4009,133,2026-09-26T00:56:01.031,12,left,11,12,18.42857142857143,True,
run_20260926_005346_067436,4009,133,2026-09-26T00:56:01.031,1,right,0,1,18.944444444444457,True,
run_20260926_005346_067436,4009,133,2026-09-26T00:56:01.031,2,right,1,2,18.484126984126988,True,
run_20260926_005346_067436,4009,133,2026-09-26T00:56:01.031,3,right,2,3,18.70779220779218,True,
run_20260926_005346_067436,4009,133,2026-09-26T00:56:01.031,4,right,3,4,18.863636363636374,True,
run_20260926_005346_067436,4009,133,2026-09-26T00:56:01.031,5,right,4,5,19.0,True,
run_20260926_005346_067436,4009,133,2026-09-26T00:56:01.031,6,right,5,6,19.0,True,
run_20260926_005346_067436,4009,133,2026-09-26T00:56:01.031,7,right,6,7,18.5,True,
run_20260926_005346_067436,4009,133,2026-09-26T00:56:01.031,8,right,7,8,19.0,True,
run_20260926_005346_067436,4009,133,2026-09-26T00:56:01.031,9,right,8,9,18.5,True,
run_20260926_005346_067436,4009,133,2026-09-26T00:56:01.031,10,right,9,10,19.0,True,
run_20260926_005346_067436,4009,133,2026-09-26T00:56:01.031,11,right,10,11,18.0,True,
run_20260926_005346_067436,4009,133,2026-09-26T00:56:01.031,12,right,11,12,19.0,True,
run_20260926_005346_067436,4039,134,2026-09-26T00:56:02.034,1,left,0,1,18.888888888888914,True,
run_20260926_005346_067436,4039,134,2026-09-26T00:56:02.034,2,left,1,2,18.45555555555555,True,
run_20260926_005346_067436,4039,134,2026-09-26T00:56:02.034,3,left,2,3,18.599999999999994,True,
run_20260926_005346_067436,4039,134,2026-09-26T00:56:02.034,4,left,3,4,19.0,True,
run_20260926_005346_067436,4039,134,2026-09-26T00:56:02.034,5,left,4,5,19.0,True,
run_20260926_005346_067436,4039,134,2026-09-26T00:56:02.034,6,left,5,6,18.785714285714278,True,
run_20260926_005346_067436,4039,134,2026-09-26T00:56:02.034,7,left,6,7,18.589285714285722,True,
run_20260926_005346_067436,4039,134,2026-09-26T00:56:02.034,8,left,7,8,18.625,True,
run_20260926_005346_067436,4039,134,2026-09-26T00:56:02.034,9,left,8,9,18.900000000000006,True,
run_20260926_005346_067436,4039,134,2026-09-26T00:56:02.034,10,left,9,10,18.314285714285703,True,
run_20260926_005346_067436,4039,134,2026-09-26T00:56:02.034,11,left,10,11,18.785714285714292,True,
run_20260926_005346_067436,4039,134,2026-09-26T00:56:02.034,12,left,11,12,18.42857142857143,True,
run_20260926_005346_067436,4039,134,2026-09-26T00:56:02.034,1,right,0,1,18.944444444444457,True,
run_20260926_005346_067436,4039,134,2026-09-26T00:56:02.034,2,right,1,2,18.40170940170941,True,
run_20260926_005346_067436,4039,134,2026-09-26T00:56:02.034,3,right,2,3,18.790209790209758,True,
run_20260926_005346_067436,4039,134,2026-09-26T00:56:02.034,4,right,3,4,18.863636363636374,True,
run_20260926_005346_067436,4039,134,2026-09-26T00:56:02.034,5,right,4,5,19.0,True,
run_20260926_005346_067436,4039,134,2026-09-26T00:56:02.034,6,right,5,6,19.0,True,
run_20260926_005346_067436,4039,134,2026-09-26T00:56:02.034,7,right,6,7,18.5,True,
run_20260926_005346_067436,4039,134,2026-09-26T00:56:02.034,8,right,7,8,19.0,True,
run_20260926_005346_067436,4039,134,2026-09-26T00:56:02.034,9,right,8,9,18.5,True,
run_20260926_005346_067436,4039,134,2026-09-26T00:56:02.034,10,right,9,10,19.0,True,
run_20260926_005346_067436,4039,134,2026-09-26T00:56:02.034,11,right,10,11,18.0,True,
run_20260926_005346_067436,4039,134,2026-09-26T00:56:02.034,12,right,11,12,19.0,True,
run_20260926_005346_067436,4070,135,2026-09-26T00:56:03.063,1,left,0,1,18.888888888888914,True,
run_20260926_005346_067436,4070,135,2026-09-26T00:56:03.063,2,left,1,2,18.45555555555555,True,
run_20260926_005346_067436,4070,135,2026-09-26T00:56:03.063,3,left,2,3,18.599999999999994,True,
run_20260926_005346_067436,4070,135,2026-09-26T00:56:03.063,4,left,3,4,19.0,True,
run_20260926_005346_067436,4070,135,2026-09-26T00:56:03.063,5,left,4,5,19.0,True,
run_20260926_005346_067436,4070,135,2026-09-26T00:56:03.063,6,left,5,6,18.785714285714278,True,
run_20260926_005346_067436,4070,135,2026-09-26T00:56:03.063,7,left,6,7,18.589285714285722,True,
run_20260926_005346_067436,4070,135,2026-09-26T00:56:03.063,8,left,7,8,18.625,True,
run_20260926_005346_067436,4070,135,2026-09-26T00:56:03.063,9,left,8,9,18.900000000000006,True,
run_20260926_005346_067436,4070,135,2026-09-26T00:56:03.063,10,left,9,10,18.314285714285703,True,
run_20260926_005346_067436,4070,135,2026-09-26T00:56:03.063,11,left,10,11,18.785714285714292,True,
run_20260926_005346_067436,4070,135,2026-09-26T00:56:03.063,12,left,11,12,18.42857142857143,True,
run_20260926_005346_067436,4070,135,2026-09-26T00:56:03.063,1,right,0,1,18.944444444444457,True,
run_20260926_005346_067436,4070,135,2026-09-26T00:56:03.063,2,right,1,2,18.40170940170941,True,
run_20260926_005346_067436,4070,135,2026-09-26T00:56:03.063,3,right,2,3,18.790209790209758,True,
run_20260926_005346_067436,4070,135,2026-09-26T00:56:03.063,4,right,3,4,18.863636363636374,True,
run_20260926_005346_067436,4070,135,2026-09-26T00:56:03.063,5,right,4,5,19.0,True,
run_20260926_005346_067436,4070,135,2026-09-26T00:56:03.063,6,right,5,6,19.0,True,
run_20260926_005346_067436,4070,135,2026-09-26T00:56:03.063,7,right,6,7,18.5,True,
run_20260926_005346_067436,4070,135,2026-09-26T00:56:03.063,8,right,7,8,19.0,True,
run_20260926_005346_067436,4070,135,2026-09-26T00:56:03.063,9,right,8,9,18.5,True,
run_20260926_005346_067436,4070,135,2026-09-26T00:56:03.063,10,right,9,10,19.0,True,
run_20260926_005346_067436,4070,135,2026-09-26T00:56:03.063,11,right,10,11,18.0,True,
run_20260926_005346_067436,4070,135,2026-09-26T00:56:03.063,12,right,11,12,19.0,True,
run_20260926_005346_067436,4099,136,2026-09-26T00:56:04.075,1,left,0,1,18.888888888888914,True,
run_20260926_005346_067436,4099,136,2026-09-26T00:56:04.075,2,left,1,2,18.45555555555555,True,
run_20260926_005346_067436,4099,136,2026-09-26T00:56:04.075,3,left,2,3,18.599999999999994,True,
run_20260926_005346_067436,4099,136,2026-09-26T00:56:04.075,4,left,3,4,19.0,True,
run_20260926_005346_067436,4099,136,2026-09-26T00:56:04.075,5,left,4,5,19.0,True,
run_20260926_005346_067436,4099,136,2026-09-26T00:56:04.075,6,left,5,6,18.785714285714278,True,
run_20260926_005346_067436,4099,136,2026-09-26T00:56:04.075,7,left,6,7,18.589285714285722,True,
run_20260926_005346_067436,4099,136,2026-09-26T00:56:04.075,8,left,7,8,18.5,True,
run_20260926_005346_067436,4099,136,2026-09-26T00:56:04.075,9,left,8,9,19.025000000000006,True,
run_20260926_005346_067436,4099,136,2026-09-26T00:56:04.075,10,left,9,10,18.314285714285703,True,
run_20260926_005346_067436,4099,136,2026-09-26T00:56:04.075,11,left,10,11,18.785714285714292,True,
run_20260926_005346_067436,4099,136,2026-09-26T00:56:04.075,12,left,11,12,18.42857142857143,True,
run_20260926_005346_067436,4099,136,2026-09-26T00:56:04.075,1,right,0,1,18.944444444444457,True,
run_20260926_005346_067436,4099,136,2026-09-26T00:56:04.075,2,right,1,2,18.40170940170941,True,
run_20260926_005346_067436,4099,136,2026-09-26T00:56:04.075,3,right,2,3,18.653846153846132,True,
run_20260926_005346_067436,4099,136,2026-09-26T00:56:04.075,4,right,3,4,19.0,True,
run_20260926_005346_067436,4099,136,2026-09-26T00:56:04.075,5,right,4,5,19.0,True,
run_20260926_005346_067436,4099,136,2026-09-26T00:56:04.075,6,right,5,6,19.0,True,
run_20260926_005346_067436,4099,136,2026-09-26T00:56:04.075,7,right,6,7,18.5,True,
run_20260926_005346_067436,4099,136,2026-09-26T00:56:04.075,8,right,7,8,19.0,True,
run_20260926_005346_067436,4099,136,2026-09-26T00:56:04.075,9,right,8,9,18.5,True,
run_20260926_005346_067436,4099,136,2026-09-26T00:56:04.075,10,right,9,10,19.0,True,
run_20260926_005346_067436,4099,136,2026-09-26T00:56:04.075,11,right,10,11,18.0,True,
run_20260926_005346_067436,4099,136,2026-09-26T00:56:04.075,12,right,11,12,19.0,True,
run_20260926_005346_067436,4130,137,2026-09-26T00:56:05.097,1,left,0,1,18.888888888888914,True,
run_20260926_005346_067436,4130,137,2026-09-26T00:56:05.097,2,left,1,2,18.180555555555543,True,
run_20260926_005346_067436,4130,137,2026-09-26T00:56:05.097,3,left,2,3,18.875,True,
run_20260926_005346_067436,4130,137,2026-09-26T00:56:05.097,4,left,3,4,19.0,True,
run_20260926_005346_067436,4130,137,2026-09-26T00:56:05.097,5,left,4,5,19.0,True,
run_20260926_005346_067436,4130,137,2026-09-26T00:56:05.097,6,left,5,6,18.785714285714278,True,
run_20260926_005346_067436,4130,137,2026-09-26T00:56:05.097,7,left,6,7,18.589285714285722,True,
run_20260926_005346_067436,4130,137,2026-09-26T00:56:05.097,8,left,7,8,18.625,True,
run_20260926_005346_067436,4130,137,2026-09-26T00:56:05.097,9,left,8,9,18.900000000000006,True,
run_20260926_005346_067436,4130,137,2026-09-26T00:56:05.097,10,left,9,10,18.314285714285703,True,
run_20260926_005346_067436,4130,137,2026-09-26T00:56:05.097,11,left,10,11,18.785714285714292,True,
run_20260926_005346_067436,4130,137,2026-09-26T00:56:05.097,12,left,11,12,18.42857142857143,True,
run_20260926_005346_067436,4130,137,2026-09-26T00:56:05.097,1,right,0,1,18.944444444444457,True,
run_20260926_005346_067436,4130,137,2026-09-26T00:56:05.097,2,right,1,2,18.40170940170941,True,
run_20260926_005346_067436,4130,137,2026-09-26T00:56:05.097,3,right,2,3,18.653846153846132,True,
run_20260926_005346_067436,4130,137,2026-09-26T00:56:05.097,4,right,3,4,19.0,True,
run_20260926_005346_067436,4130,137,2026-09-26T00:56:05.097,5,right,4,5,19.0,True,
run_20260926_005346_067436,4130,137,2026-09-26T00:56:05.097,6,right,5,6,19.0,True,
run_20260926_005346_067436,4130,137,2026-09-26T00:56:05.097,7,right,6,7,18.5,True,
run_20260926_005346_067436,4130,137,2026-09-26T00:56:05.097,8,right,7,8,19.0,True,
run_20260926_005346_067436,4130,137,2026-09-26T00:56:05.097,9,right,8,9,18.5,True,
run_20260926_005346_067436,4130,137,2026-09-26T00:56:05.097,10,right,9,10,19.0,True,
run_20260926_005346_067436,4130,137,2026-09-26T00:56:05.097,11,right,10,11,18.0,True,
run_20260926_005346_067436,4130,137,2026-09-26T00:56:05.097,12,right,11,12,19.0,True,
run_20260926_005346_067436,4159,138,2026-09-26T00:56:06.097,1,left,0,1,18.888888888888914,True,
run_20260926_005346_067436,4159,138,2026-09-26T00:56:06.097,2,left,1,2,18.45555555555555,True,
run_20260926_005346_067436,4159,138,2026-09-26T00:56:06.097,3,left,2,3,18.599999999999994,True,
run_20260926_005346_067436,4159,138,2026-09-26T00:56:06.097,4,left,3,4,19.0,True,
run_20260926_005346_067436,4159,138,2026-09-26T00:56:06.097,5,left,4,5,19.0,True,
run_20260926_005346_067436,4159,138,2026-09-26T00:56:06.097,6,left,5,6,18.785714285714278,True,
run_20260926_005346_067436,4159,138,2026-09-26T00:56:06.097,7,left,6,7,18.589285714285722,True,
run_20260926_005346_067436,4159,138,2026-09-26T00:56:06.097,8,left,7,8,18.5,True,
run_20260926_005346_067436,4159,138,2026-09-26T00:56:06.097,9,left,8,9,19.025000000000006,True,
run_20260926_005346_067436,4159,138,2026-09-26T00:56:06.097,10,left,9,10,18.314285714285703,True,
run_20260926_005346_067436,4159,138,2026-09-26T00:56:06.097,11,left,10,11,18.785714285714292,True,
run_20260926_005346_067436,4159,138,2026-09-26T00:56:06.097,12,left,11,12,18.42857142857143,True,
run_20260926_005346_067436,4159,138,2026-09-26T00:56:06.097,1,right,0,1,18.944444444444457,True,
run_20260926_005346_067436,4159,138,2026-09-26T00:56:06.097,2,right,1,2,18.40170940170941,True,
run_20260926_005346_067436,4159,138,2026-09-26T00:56:06.097,3,right,2,3,18.790209790209758,True,
run_20260926_005346_067436,4159,138,2026-09-26T00:56:06.097,4,right,3,4,18.863636363636374,True,
run_20260926_005346_067436,4159,138,2026-09-26T00:56:06.097,5,right,4,5,19.0,True,
run_20260926_005346_067436,4159,138,2026-09-26T00:56:06.097,6,right,5,6,19.0,True,
run_20260926_005346_067436,4159,138,2026-09-26T00:56:06.097,7,right,6,7,18.5,True,
run_20260926_005346_067436,4159,138,2026-09-26T00:56:06.097,8,right,7,8,19.0,True,
run_20260926_005346_067436,4159,138,2026-09-26T00:56:06.097,9,right,8,9,18.5,True,
run_20260926_005346_067436,4159,138,2026-09-26T00:56:06.097,10,right,9,10,19.0,True,
run_20260926_005346_067436,4159,138,2026-09-26T00:56:06.097,11,right,10,11,18.0,True,
run_20260926_005346_067436,4159,138,2026-09-26T00:56:06.097,12,right,11,12,19.0,True,
run_20260926_005346_067436,4189,139,2026-09-26T00:56:07.100,1,left,0,1,18.888888888888914,True,
run_20260926_005346_067436,4189,139,2026-09-26T00:56:07.100,2,left,1,2,18.269841269841265,True,
run_20260926_005346_067436,4189,139,2026-09-26T00:56:07.100,3,left,2,3,18.785714285714278,True,
run_20260926_005346_067436,4189,139,2026-09-26T00:56:07.100,4,left,3,4,19.0,True,
run_20260926_005346_067436,4189,139,2026-09-26T00:56:07.100,5,left,4,5,19.0,True,
run_20260926_005346_067436,4189,139,2026-09-26T00:56:07.100,6,left,5,6,18.785714285714278,True,
run_20260926_005346_067436,4189,139,2026-09-26T00:56:07.100,7,left,6,7,18.589285714285722,True,
run_20260926_005346_067436,4189,139,2026-09-26T00:56:07.100,8,left,7,8,18.625,True,
run_20260926_005346_067436,4189,139,2026-09-26T00:56:07.100,9,left,8,9,18.900000000000006,True,
run_20260926_005346_067436,4189,139,2026-09-26T00:56:07.100,10,left,9,10,18.314285714285703,True,
run_20260926_005346_067436,4189,139,2026-09-26T00:56:07.100,11,left,10,11,18.785714285714292,True,
run_20260926_005346_067436,4189,139,2026-09-26T00:56:07.100,12,left,11,12,18.42857142857143,True,
run_20260926_005346_067436,4189,139,2026-09-26T00:56:07.100,1,right,0,1,18.944444444444457,True,
run_20260926_005346_067436,4189,139,2026-09-26T00:56:07.100,2,right,1,2,18.40170940170941,True,
run_20260926_005346_067436,4189,139,2026-09-26T00:56:07.100,3,right,2,3,18.653846153846132,True,
run_20260926_005346_067436,4189,139,2026-09-26T00:56:07.100,4,right,3,4,19.0,True,
run_20260926_005346_067436,4189,139,2026-09-26T00:56:07.100,5,right,4,5,19.0,True,
run_20260926_005346_067436,4189,139,2026-09-26T00:56:07.100,6,right,5,6,19.0,True,
run_20260926_005346_067436,4189,139,2026-09-26T00:56:07.100,7,right,6,7,18.65384615384619,True,
run_20260926_005346_067436,4189,139,2026-09-26T00:56:07.100,8,right,7,8,18.84615384615381,True,
run_20260926_005346_067436,4189,139,2026-09-26T00:56:07.100,9,right,8,9,18.5,True,
run_20260926_005346_067436,4189,139,2026-09-26T00:56:07.100,10,right,9,10,19.0,True,
run_20260926_005346_067436,4189,139,2026-09-26T00:56:07.100,11,right,10,11,18.0,True,
run_20260926_005346_067436,4189,139,2026-09-26T00:56:07.100,12,right,11,12,19.0,True,
run_20260926_005346_067436,4220,140,2026-09-26T00:56:08.130,1,left,0,1,18.888888888888914,True,
run_20260926_005346_067436,4220,140,2026-09-26T00:56:08.130,2,left,1,2,18.180555555555543,True,
run_20260926_005346_067436,4220,140,2026-09-26T00:56:08.130,3,left,2,3,18.875,True,
run_20260926_005346_067436,4220,140,2026-09-26T00:56:08.130,4,left,3,4,19.0,True,
run_20260926_005346_067436,4220,140,2026-09-26T00:56:08.130,5,left,4,5,19.0,True,
run_20260926_005346_067436,4220,140,2026-09-26T00:56:08.130,6,left,5,6,18.785714285714278,True,
run_20260926_005346_067436,4220,140,2026-09-26T00:56:08.130,7,left,6,7,18.589285714285722,True,
run_20260926_005346_067436,4220,140,2026-09-26T00:56:08.130,8,left,7,8,18.625,True,
run_20260926_005346_067436,4220,140,2026-09-26T00:56:08.130,9,left,8,9,18.900000000000006,True,
run_20260926_005346_067436,4220,140,2026-09-26T00:56:08.130,10,left,9,10,18.314285714285703,True,
run_20260926_005346_067436,4220,140,2026-09-26T00:56:08.130,11,left,10,11,18.785714285714292,True,
run_20260926_005346_067436,4220,140,2026-09-26T00:56:08.130,12,left,11,12,18.42857142857143,True,
run_20260926_005346_067436,4220,140,2026-09-26T00:56:08.130,1,right,0,1,18.944444444444457,True,
run_20260926_005346_067436,4220,140,2026-09-26T00:56:08.130,2,right,1,2,18.40170940170941,True,
run_20260926_005346_067436,4220,140,2026-09-26T00:56:08.130,3,right,2,3,18.653846153846132,True,
run_20260926_005346_067436,4220,140,2026-09-26T00:56:08.130,4,right,3,4,19.0,True,
run_20260926_005346_067436,4220,140,2026-09-26T00:56:08.130,5,right,4,5,19.0,True,
run_20260926_005346_067436,4220,140,2026-09-26T00:56:08.130,6,right,5,6,19.0,True,
run_20260926_005346_067436,4220,140,2026-09-26T00:56:08.130,7,right,6,7,18.5,True,
run_20260926_005346_067436,4220,140,2026-09-26T00:56:08.130,8,right,7,8,19.0,True,
run_20260926_005346_067436,4220,140,2026-09-26T00:56:08.130,9,right,8,9,18.5,True,
run_20260926_005346_067436,4220,140,2026-09-26T00:56:08.130,10,right,9,10,19.0,True,
run_20260926_005346_067436,4220,140,2026-09-26T00:56:08.130,11,right,10,11,18.0,True,
run_20260926_005346_067436,4220,140,2026-09-26T00:56:08.130,12,right,11,12,19.0,True,
run_20260926_005346_067436,4250,141,2026-09-26T00:56:09.134,1,left,0,1,18.888888888888914,True,
run_20260926_005346_067436,4250,141,2026-09-26T00:56:09.134,2,left,1,2,18.45555555555555,True,
run_20260926_005346_067436,4250,141,2026-09-26T00:56:09.134,3,left,2,3,18.599999999999994,True,
run_20260926_005346_067436,4250,141,2026-09-26T00:56:09.134,4,left,3,4,19.0,True,
run_20260926_005346_067436,4250,141,2026-09-26T00:56:09.134,5,left,4,5,19.0,True,
run_20260926_005346_067436,4250,141,2026-09-26T00:56:09.134,6,left,5,6,18.785714285714278,True,
run_20260926_005346_067436,4250,141,2026-09-26T00:56:09.134,7,left,6,7,18.589285714285722,True,
run_20260926_005346_067436,4250,141,2026-09-26T00:56:09.134,8,left,7,8,18.625,True,
run_20260926_005346_067436,4250,141,2026-09-26T00:56:09.134,9,left,8,9,18.900000000000006,True,
run_20260926_005346_067436,4250,141,2026-09-26T00:56:09.134,10,left,9,10,18.314285714285703,True,
run_20260926_005346_067436,4250,141,2026-09-26T00:56:09.134,11,left,10,11,18.785714285714292,True,
run_20260926_005346_067436,4250,141,2026-09-26T00:56:09.134,12,left,11,12,18.42857142857143,True,
run_20260926_005346_067436,4250,141,2026-09-26T00:56:09.134,1,right,0,1,18.944444444444457,True,
run_20260926_005346_067436,4250,141,2026-09-26T00:56:09.134,2,right,1,2,18.40170940170941,True,
run_20260926_005346_067436,4250,141,2026-09-26T00:56:09.134,3,right,2,3,18.653846153846132,True,
run_20260926_005346_067436,4250,141,2026-09-26T00:56:09.134,4,right,3,4,19.0,True,
run_20260926_005346_067436,4250,141,2026-09-26T00:56:09.134,5,right,4,5,19.0,True,
run_20260926_005346_067436,4250,141,2026-09-26T00:56:09.134,6,right,5,6,19.0,True,
run_20260926_005346_067436,4250,141,2026-09-26T00:56:09.134,7,right,6,7,18.5,True,
run_20260926_005346_067436,4250,141,2026-09-26T00:56:09.134,8,right,7,8,19.0,True,
run_20260926_005346_067436,4250,141,2026-09-26T00:56:09.134,9,right,8,9,18.5,True,
run_20260926_005346_067436,4250,141,2026-09-26T00:56:09.134,10,right,9,10,19.0,True,
run_20260926_005346_067436,4250,141,2026-09-26T00:56:09.134,11,right,10,11,18.0,True,
run_20260926_005346_067436,4250,141,2026-09-26T00:56:09.134,12,right,11,12,19.0,True,
run_20260926_005346_067436,4281,142,2026-09-26T00:56:10.163,1,left,0,1,18.888888888888914,True,
run_20260926_005346_067436,4281,142,2026-09-26T00:56:10.163,2,left,1,2,18.269841269841265,True,
run_20260926_005346_067436,4281,142,2026-09-26T00:56:10.163,3,left,2,3,18.785714285714278,True,
run_20260926_005346_067436,4281,142,2026-09-26T00:56:10.163,4,left,3,4,19.0,True,
run_20260926_005346_067436,4281,142,2026-09-26T00:56:10.163,5,left,4,5,19.0,True,
run_20260926_005346_067436,4281,142,2026-09-26T00:56:10.163,6,left,5,6,18.785714285714278,True,
run_20260926_005346_067436,4281,142,2026-09-26T00:56:10.163,7,left,6,7,18.589285714285722,True,
run_20260926_005346_067436,4281,142,2026-09-26T00:56:10.163,8,left,7,8,18.625,True,
run_20260926_005346_067436,4281,142,2026-09-26T00:56:10.163,9,left,8,9,18.900000000000006,True,
run_20260926_005346_067436,4281,142,2026-09-26T00:56:10.163,10,left,9,10,18.314285714285703,True,
run_20260926_005346_067436,4281,142,2026-09-26T00:56:10.163,11,left,10,11,18.785714285714292,True,
run_20260926_005346_067436,4281,142,2026-09-26T00:56:10.163,12,left,11,12,18.42857142857143,True,
run_20260926_005346_067436,4281,142,2026-09-26T00:56:10.163,1,right,0,1,18.944444444444457,True,
run_20260926_005346_067436,4281,142,2026-09-26T00:56:10.163,2,right,1,2,18.40170940170941,True,
run_20260926_005346_067436,4281,142,2026-09-26T00:56:10.163,3,right,2,3,18.653846153846132,True,
run_20260926_005346_067436,4281,142,2026-09-26T00:56:10.163,4,right,3,4,19.0,True,
run_20260926_005346_067436,4281,142,2026-09-26T00:56:10.163,5,right,4,5,19.0,True,
run_20260926_005346_067436,4281,142,2026-09-26T00:56:10.163,6,right,5,6,19.0,True,
run_20260926_005346_067436,4281,142,2026-09-26T00:56:10.163,7,right,6,7,18.5,True,
run_20260926_005346_067436,4281,142,2026-09-26T00:56:10.163,8,right,7,8,19.0,True,
run_20260926_005346_067436,4281,142,2026-09-26T00:56:10.163,9,right,8,9,18.5,True,
run_20260926_005346_067436,4281,142,2026-09-26T00:56:10.163,10,right,9,10,19.0,True,
run_20260926_005346_067436,4281,142,2026-09-26T00:56:10.163,11,right,10,11,18.0,True,
run_20260926_005346_067436,4281,142,2026-09-26T00:56:10.163,12,right,11,12,19.0,True,
run_20260926_005346_067436,4311,143,2026-09-26T00:56:11.168,1,left,0,1,18.888888888888914,True,
run_20260926_005346_067436,4311,143,2026-09-26T00:56:11.168,2,left,1,2,18.269841269841265,True,
run_20260926_005346_067436,4311,143,2026-09-26T00:56:11.168,3,left,2,3,18.785714285714278,True,
run_20260926_005346_067436,4311,143,2026-09-26T00:56:11.168,4,left,3,4,19.0,True,
run_20260926_005346_067436,4311,143,2026-09-26T00:56:11.168,5,left,4,5,19.0,True,
run_20260926_005346_067436,4311,143,2026-09-26T00:56:11.168,6,left,5,6,18.785714285714278,True,
run_20260926_005346_067436,4311,143,2026-09-26T00:56:11.168,7,left,6,7,18.589285714285722,True,
run_20260926_005346_067436,4311,143,2026-09-26T00:56:11.168,8,left,7,8,18.625,True,
run_20260926_005346_067436,4311,143,2026-09-26T00:56:11.168,9,left,8,9,18.900000000000006,True,
run_20260926_005346_067436,4311,143,2026-09-26T00:56:11.168,10,left,9,10,18.314285714285703,True,
run_20260926_005346_067436,4311,143,2026-09-26T00:56:11.168,11,left,10,11,18.785714285714292,True,
run_20260926_005346_067436,4311,143,2026-09-26T00:56:11.168,12,left,11,12,18.42857142857143,True,
run_20260926_005346_067436,4311,143,2026-09-26T00:56:11.168,1,right,0,1,18.944444444444457,True,
run_20260926_005346_067436,4311,143,2026-09-26T00:56:11.168,2,right,1,2,18.40170940170941,True,
run_20260926_005346_067436,4311,143,2026-09-26T00:56:11.168,3,right,2,3,18.653846153846132,True,
run_20260926_005346_067436,4311,143,2026-09-26T00:56:11.168,4,right,3,4,19.0,True,
run_20260926_005346_067436,4311,143,2026-09-26T00:56:11.168,5,right,4,5,19.0,True,
run_20260926_005346_067436,4311,143,2026-09-26T00:56:11.168,6,right,5,6,19.0,True,
run_20260926_005346_067436,4311,143,2026-09-26T00:56:11.168,7,right,6,7,18.65384615384619,True,
run_20260926_005346_067436,4311,143,2026-09-26T00:56:11.168,8,right,7,8,18.84615384615381,True,
run_20260926_005346_067436,4311,143,2026-09-26T00:56:11.168,9,right,8,9,18.5,True,
run_20260926_005346_067436,4311,143,2026-09-26T00:56:11.168,10,right,9,10,19.0,True,
run_20260926_005346_067436,4311,143,2026-09-26T00:56:11.168,11,right,10,11,18.0,True,
run_20260926_005346_067436,4311,143,2026-09-26T00:56:11.168,12,right,11,12,19.0,True,
run_20260926_005346_067436,4342,144,2026-09-26T00:56:12.197,1,left,0,1,18.888888888888914,True,
run_20260926_005346_067436,4342,144,2026-09-26T00:56:12.197,2,left,1,2,18.180555555555543,True,
run_20260926_005346_067436,4342,144,2026-09-26T00:56:12.197,3,left,2,3,18.875,True,
run_20260926_005346_067436,4342,144,2026-09-26T00:56:12.197,4,left,3,4,19.0,True,
run_20260926_005346_067436,4342,144,2026-09-26T00:56:12.197,5,left,4,5,19.0,True,
run_20260926_005346_067436,4342,144,2026-09-26T00:56:12.197,6,left,5,6,18.785714285714278,True,
run_20260926_005346_067436,4342,144,2026-09-26T00:56:12.197,7,left,6,7,18.589285714285722,True,
run_20260926_005346_067436,4342,144,2026-09-26T00:56:12.197,8,left,7,8,18.625,True,
run_20260926_005346_067436,4342,144,2026-09-26T00:56:12.197,9,left,8,9,18.900000000000006,True,
run_20260926_005346_067436,4342,144,2026-09-26T00:56:12.197,10,left,9,10,18.314285714285703,True,
run_20260926_005346_067436,4342,144,2026-09-26T00:56:12.197,11,left,10,11,18.785714285714292,True,
run_20260926_005346_067436,4342,144,2026-09-26T00:56:12.197,12,left,11,12,18.42857142857143,True,
run_20260926_005346_067436,4342,144,2026-09-26T00:56:12.197,1,right,0,1,18.944444444444457,True,
run_20260926_005346_067436,4342,144,2026-09-26T00:56:12.197,2,right,1,2,18.40170940170941,True,
run_20260926_005346_067436,4342,144,2026-09-26T00:56:12.197,3,right,2,3,18.653846153846132,True,
run_20260926_005346_067436,4342,144,2026-09-26T00:56:12.197,4,right,3,4,19.0,True,
run_20260926_005346_067436,4342,144,2026-09-26T00:56:12.197,5,right,4,5,19.0,True,
run_20260926_005346_067436,4342,144,2026-09-26T00:56:12.197,6,right,5,6,19.0,True,
run_20260926_005346_067436,4342,144,2026-09-26T00:56:12.197,7,right,6,7,18.5,True,
run_20260926_005346_067436,4342,144,2026-09-26T00:56:12.197,8,right,7,8,19.0,True,
run_20260926_005346_067436,4342,144,2026-09-26T00:56:12.197,9,right,8,9,18.5,True,
run_20260926_005346_067436,4342,144,2026-09-26T00:56:12.197,10,right,9,10,19.0,True,
run_20260926_005346_067436,4342,144,2026-09-26T00:56:12.197,11,right,10,11,18.0,True,
run_20260926_005346_067436,4342,144,2026-09-26T00:56:12.197,12,right,11,12,19.0,True,
run_20260926_005346_067436,4372,145,2026-09-26T00:56:13.199,1,left,0,1,18.888888888888914,True,
run_20260926_005346_067436,4372,145,2026-09-26T00:56:13.199,2,left,1,2,18.269841269841265,True,
run_20260926_005346_067436,4372,145,2026-09-26T00:56:13.199,3,left,2,3,18.785714285714278,True,
run_20260926_005346_067436,4372,145,2026-09-26T00:56:13.199,4,left,3,4,19.0,True,
run_20260926_005346_067436,4372,145,2026-09-26T00:56:13.199,5,left,4,5,19.0,True,
run_20260926_005346_067436,4372,145,2026-09-26T00:56:13.199,6,left,5,6,18.785714285714278,True,
run_20260926_005346_067436,4372,145,2026-09-26T00:56:13.199,7,left,6,7,18.589285714285722,True,
run_20260926_005346_067436,4372,145,2026-09-26T00:56:13.199,8,left,7,8,18.625,True,
run_20260926_005346_067436,4372,145,2026-09-26T00:56:13.199,9,left,8,9,18.900000000000006,True,
run_20260926_005346_067436,4372,145,2026-09-26T00:56:13.199,10,left,9,10,18.314285714285703,True,
run_20260926_005346_067436,4372,145,2026-09-26T00:56:13.199,11,left,10,11,18.785714285714292,True,
run_20260926_005346_067436,4372,145,2026-09-26T00:56:13.199,12,left,11,12,18.42857142857143,True,
run_20260926_005346_067436,4372,145,2026-09-26T00:56:13.199,1,right,0,1,18.944444444444457,True,
run_20260926_005346_067436,4372,145,2026-09-26T00:56:13.199,2,right,1,2,18.40170940170941,True,
run_20260926_005346_067436,4372,145,2026-09-26T00:56:13.199,3,right,2,3,18.653846153846132,True,
run_20260926_005346_067436,4372,145,2026-09-26T00:56:13.199,4,right,3,4,19.0,True,
run_20260926_005346_067436,4372,145,2026-09-26T00:56:13.199,5,right,4,5,19.0,True,
run_20260926_005346_067436,4372,145,2026-09-26T00:56:13.199,6,right,5,6,19.0,True,
run_20260926_005346_067436,4372,145,2026-09-26T00:56:13.199,7,right,6,7,18.5,True,
run_20260926_005346_067436,4372,145,2026-09-26T00:56:13.199,8,right,7,8,19.0,True,
run_20260926_005346_067436,4372,145,2026-09-26T00:56:13.199,9,right,8,9,18.5,True,
run_20260926_005346_067436,4372,145,2026-09-26T00:56:13.199,10,right,9,10,19.0,True,
run_20260926_005346_067436,4372,145,2026-09-26T00:56:13.199,11,right,10,11,18.0,True,
run_20260926_005346_067436,4372,145,2026-09-26T00:56:13.199,12,right,11,12,19.0,True,
run_20260926_005346_067436,4402,146,2026-09-26T00:56:14.200,1,left,0,1,18.888888888888914,True,
run_20260926_005346_067436,4402,146,2026-09-26T00:56:14.200,2,left,1,2,18.269841269841265,True,
run_20260926_005346_067436,4402,146,2026-09-26T00:56:14.200,3,left,2,3,18.785714285714278,True,
run_20260926_005346_067436,4402,146,2026-09-26T00:56:14.200,4,left,3,4,19.0,True,
run_20260926_005346_067436,4402,146,2026-09-26T00:56:14.200,5,left,4,5,19.0,True,
run_20260926_005346_067436,4402,146,2026-09-26T00:56:14.200,6,left,5,6,18.785714285714278,True,
run_20260926_005346_067436,4402,146,2026-09-26T00:56:14.200,7,left,6,7,18.589285714285722,True,
run_20260926_005346_067436,4402,146,2026-09-26T00:56:14.200,8,left,7,8,18.625,True,
run_20260926_005346_067436,4402,146,2026-09-26T00:56:14.200,9,left,8,9,18.900000000000006,True,
run_20260926_005346_067436,4402,146,2026-09-26T00:56:14.200,10,left,9,10,18.314285714285703,True,
run_20260926_005346_067436,4402,146,2026-09-26T00:56:14.200,11,left,10,11,18.785714285714292,True,
run_20260926_005346_067436,4402,146,2026-09-26T00:56:14.200,12,left,11,12,18.42857142857143,True,
run_20260926_005346_067436,4402,146,2026-09-26T00:56:14.200,1,right,0,1,18.944444444444457,True,
run_20260926_005346_067436,4402,146,2026-09-26T00:56:14.200,2,right,1,2,18.40170940170941,True,
run_20260926_005346_067436,4402,146,2026-09-26T00:56:14.200,3,right,2,3,18.653846153846132,True,
run_20260926_005346_067436,4402,146,2026-09-26T00:56:14.200,4,right,3,4,19.0,True,
run_20260926_005346_067436,4402,146,2026-09-26T00:56:14.200,5,right,4,5,19.0,True,
run_20260926_005346_067436,4402,146,2026-09-26T00:56:14.200,6,right,5,6,19.0,True,
run_20260926_005346_067436,4402,146,2026-09-26T00:56:14.200,7,right,6,7,18.75,True,
run_20260926_005346_067436,4402,146,2026-09-26T00:56:14.200,8,right,7,8,18.75,True,
run_20260926_005346_067436,4402,146,2026-09-26T00:56:14.200,9,right,8,9,18.5,True,
run_20260926_005346_067436,4402,146,2026-09-26T00:56:14.200,10,right,9,10,19.0,True,
run_20260926_005346_067436,4402,146,2026-09-26T00:56:14.200,11,right,10,11,18.0,True,
run_20260926_005346_067436,4402,146,2026-09-26T00:56:14.200,12,right,11,12,19.0,True,
run_20260926_005346_067436,4433,147,2026-09-26T00:56:15.230,1,left,0,1,18.888888888888914,True,
run_20260926_005346_067436,4433,147,2026-09-26T00:56:15.230,2,left,1,2,18.269841269841265,True,
run_20260926_005346_067436,4433,147,2026-09-26T00:56:15.230,3,left,2,3,18.785714285714278,True,
run_20260926_005346_067436,4433,147,2026-09-26T00:56:15.230,4,left,3,4,19.0,True,
run_20260926_005346_067436,4433,147,2026-09-26T00:56:15.230,5,left,4,5,19.0,True,
run_20260926_005346_067436,4433,147,2026-09-26T00:56:15.230,6,left,5,6,18.785714285714278,True,
run_20260926_005346_067436,4433,147,2026-09-26T00:56:15.230,7,left,6,7,18.589285714285722,True,
run_20260926_005346_067436,4433,147,2026-09-26T00:56:15.230,8,left,7,8,18.5,True,
run_20260926_005346_067436,4433,147,2026-09-26T00:56:15.230,9,left,8,9,19.025000000000006,True,
run_20260926_005346_067436,4433,147,2026-09-26T00:56:15.230,10,left,9,10,18.314285714285703,True,
run_20260926_005346_067436,4433,147,2026-09-26T00:56:15.230,11,left,10,11,18.785714285714292,True,
run_20260926_005346_067436,4433,147,2026-09-26T00:56:15.230,12,left,11,12,18.42857142857143,True,
run_20260926_005346_067436,4433,147,2026-09-26T00:56:15.230,1,right,0,1,18.944444444444457,True,
run_20260926_005346_067436,4433,147,2026-09-26T00:56:15.230,2,right,1,2,18.40170940170941,True,
run_20260926_005346_067436,4433,147,2026-09-26T00:56:15.230,3,right,2,3,18.653846153846132,True,
run_20260926_005346_067436,4433,147,2026-09-26T00:56:15.230,4,right,3,4,19.0,True,
run_20260926_005346_067436,4433,147,2026-09-26T00:56:15.230,5,right,4,5,19.0,True,
run_20260926_005346_067436,4433,147,2026-09-26T00:56:15.230,6,right,5,6,19.0,True,
run_20260926_005346_067436,4433,147,2026-09-26T00:56:15.230,7,right,6,7,19.0,True,
run_20260926_005346_067436,4433,147,2026-09-26T00:56:15.230,8,right,7,8,18.5,True,
run_20260926_005346_067436,4433,147,2026-09-26T00:56:15.230,9,right,8,9,18.5,True,
run_20260926_005346_067436,4433,147,2026-09-26T00:56:15.230,10,right,9,10,19.0,True,
run_20260926_005346_067436,4433,147,2026-09-26T00:56:15.230,11,right,10,11,18.0,True,
run_20260926_005346_067436,4433,147,2026-09-26T00:56:15.230,12,right,11,12,19.0,True,
run_20260926_005346_067436,4463,148,2026-09-26T00:56:16.231,1,left,0,1,18.888888888888914,True,
run_20260926_005346_067436,4463,148,2026-09-26T00:56:16.231,2,left,1,2,18.180555555555543,True,
run_20260926_005346_067436,4463,148,2026-09-26T00:56:16.231,3,left,2,3,18.875,True,
run_20260926_005346_067436,4463,148,2026-09-26T00:56:16.231,4,left,3,4,19.0,True,
run_20260926_005346_067436,4463,148,2026-09-26T00:56:16.231,5,left,4,5,19.0,True,
run_20260926_005346_067436,4463,148,2026-09-26T00:56:16.231,6,left,5,6,18.785714285714278,True,
run_20260926_005346_067436,4463,148,2026-09-26T00:56:16.231,7,left,6,7,18.589285714285722,True,
run_20260926_005346_067436,4463,148,2026-09-26T00:56:16.231,8,left,7,8,18.625,True,
run_20260926_005346_067436,4463,148,2026-09-26T00:56:16.231,9,left,8,9,18.900000000000006,True,
run_20260926_005346_067436,4463,148,2026-09-26T00:56:16.231,10,left,9,10,18.314285714285703,True,
run_20260926_005346_067436,4463,148,2026-09-26T00:56:16.231,11,left,10,11,18.785714285714292,True,
run_20260926_005346_067436,4463,148,2026-09-26T00:56:16.231,12,left,11,12,18.42857142857143,True,
run_20260926_005346_067436,4463,148,2026-09-26T00:56:16.231,1,right,0,1,18.944444444444457,True,
run_20260926_005346_067436,4463,148,2026-09-26T00:56:16.231,2,right,1,2,18.40170940170941,True,
run_20260926_005346_067436,4463,148,2026-09-26T00:56:16.231,3,right,2,3,18.653846153846132,True,
run_20260926_005346_067436,4463,148,2026-09-26T00:56:16.231,4,right,3,4,19.0,True,
run_20260926_005346_067436,4463,148,2026-09-26T00:56:16.231,5,right,4,5,19.0,True,
run_20260926_005346_067436,4463,148,2026-09-26T00:56:16.231,6,right,5,6,19.0,True,
run_20260926_005346_067436,4463,148,2026-09-26T00:56:16.231,7,right,6,7,18.5,True,
run_20260926_005346_067436,4463,148,2026-09-26T00:56:16.231,8,right,7,8,19.0,True,
run_20260926_005346_067436,4463,148,2026-09-26T00:56:16.231,9,right,8,9,18.5,True,
run_20260926_005346_067436,4463,148,2026-09-26T00:56:16.231,10,right,9,10,19.0,True,
run_20260926_005346_067436,4463,148,2026-09-26T00:56:16.231,11,right,10,11,18.0,True,
run_20260926_005346_067436,4463,148,2026-09-26T00:56:16.231,12,right,11,12,19.0,True,
run_20260926_005346_067436,4493,149,2026-09-26T00:56:17.234,1,left,0,1,18.888888888888914,True,
run_20260926_005346_067436,4493,149,2026-09-26T00:56:17.234,2,left,1,2,18.269841269841265,True,
run_20260926_005346_067436,4493,149,2026-09-26T00:56:17.234,3,left,2,3,18.785714285714278,True,
run_20260926_005346_067436,4493,149,2026-09-26T00:56:17.234,4,left,3,4,19.0,True,
run_20260926_005346_067436,4493,149,2026-09-26T00:56:17.234,5,left,4,5,19.0,True,
run_20260926_005346_067436,4493,149,2026-09-26T00:56:17.234,6,left,5,6,18.785714285714278,True,
run_20260926_005346_067436,4493,149,2026-09-26T00:56:17.234,7,left,6,7,18.589285714285722,True,
run_20260926_005346_067436,4493,149,2026-09-26T00:56:17.234,8,left,7,8,18.5,True,
run_20260926_005346_067436,4493,149,2026-09-26T00:56:17.234,9,left,8,9,19.025000000000006,True,
run_20260926_005346_067436,4493,149,2026-09-26T00:56:17.234,10,left,9,10,18.314285714285703,True,
run_20260926_005346_067436,4493,149,2026-09-26T00:56:17.234,11,left,10,11,18.785714285714292,True,
run_20260926_005346_067436,4493,149,2026-09-26T00:56:17.234,12,left,11,12,18.42857142857143,True,
run_20260926_005346_067436,4493,149,2026-09-26T00:56:17.234,1,right,0,1,18.944444444444457,True,
run_20260926_005346_067436,4493,149,2026-09-26T00:56:17.234,2,right,1,2,18.40170940170941,True,
run_20260926_005346_067436,4493,149,2026-09-26T00:56:17.234,3,right,2,3,18.653846153846132,True,
run_20260926_005346_067436,4493,149,2026-09-26T00:56:17.234,4,right,3,4,19.0,True,
run_20260926_005346_067436,4493,149,2026-09-26T00:56:17.234,5,right,4,5,19.0,True,
run_20260926_005346_067436,4493,149,2026-09-26T00:56:17.234,6,right,5,6,19.0,True,
run_20260926_005346_067436,4493,149,2026-09-26T00:56:17.234,7,right,6,7,18.65384615384619,True,
run_20260926_005346_067436,4493,149,2026-09-26T00:56:17.234,8,right,7,8,18.84615384615381,True,
run_20260926_005346_067436,4493,149,2026-09-26T00:56:17.234,9,right,8,9,18.5,True,
run_20260926_005346_067436,4493,149,2026-09-26T00:56:17.234,10,right,9,10,19.0,True,
run_20260926_005346_067436,4493,149,2026-09-26T00:56:17.234,11,right,10,11,18.0,True,
run_20260926_005346_067436,4493,149,2026-09-26T00:56:17.234,12,right,11,12,19.0,True,
run_20260926_005346_067436,4524,150,2026-09-26T00:56:18.263,1,left,0,1,18.888888888888914,True,
run_20260926_005346_067436,4524,150,2026-09-26T00:56:18.263,2,left,1,2,18.269841269841265,True,
run_20260926_005346_067436,4524,150,2026-09-26T00:56:18.263,3,left,2,3,18.785714285714278,True,
run_20260926_005346_067436,4524,150,2026-09-26T00:56:18.263,4,left,3,4,19.0,True,
run_20260926_005346_067436,4524,150,2026-09-26T00:56:18.263,5,left,4,5,19.0,True,
run_20260926_005346_067436,4524,150,2026-09-26T00:56:18.263,6,left,5,6,18.785714285714278,True,
run_20260926_005346_067436,4524,150,2026-09-26T00:56:18.263,7,left,6,7,18.589285714285722,True,
run_20260926_005346_067436,4524,150,2026-09-26T00:56:18.263,8,left,7,8,18.625,True,
run_20260926_005346_067436,4524,150,2026-09-26T00:56:18.263,9,left,8,9,18.900000000000006,True,
run_20260926_005346_067436,4524,150,2026-09-26T00:56:18.263,10,left,9,10,18.314285714285703,True,
run_20260926_005346_067436,4524,150,2026-09-26T00:56:18.263,11,left,10,11,18.785714285714292,True,
run_20260926_005346_067436,4524,150,2026-09-26T00:56:18.263,12,left,11,12,18.42857142857143,True,
run_20260926_005346_067436,4524,150,2026-09-26T00:56:18.263,1,right,0,1,18.944444444444457,True,
run_20260926_005346_067436,4524,150,2026-09-26T00:56:18.263,2,right,1,2,18.40170940170941,True,
run_20260926_005346_067436,4524,150,2026-09-26T00:56:18.263,3,right,2,3,18.653846153846132,True,
run_20260926_005346_067436,4524,150,2026-09-26T00:56:18.263,4,right,3,4,19.0,True,
run_20260926_005346_067436,4524,150,2026-09-26T00:56:18.263,5,right,4,5,19.0,True,
run_20260926_005346_067436,4524,150,2026-09-26T00:56:18.263,6,right,5,6,19.0,True,
run_20260926_005346_067436,4524,150,2026-09-26T00:56:18.263,7,right,6,7,18.75,True,
run_20260926_005346_067436,4524,150,2026-09-26T00:56:18.263,8,right,7,8,18.75,True,
run_20260926_005346_067436,4524,150,2026-09-26T00:56:18.263,9,right,8,9,18.5,True,
run_20260926_005346_067436,4524,150,2026-09-26T00:56:18.263,10,right,9,10,19.0,True,
run_20260926_005346_067436,4524,150,2026-09-26T00:56:18.263,11,right,10,11,18.0,True,
run_20260926_005346_067436,4524,150,2026-09-26T00:56:18.263,12,right,11,12,19.0,True,
run_20260926_005346_067436,4555,151,2026-09-26T00:56:19.297,1,left,0,1,18.888888888888914,True,
run_20260926_005346_067436,4555,151,2026-09-26T00:56:19.297,2,left,1,2,18.269841269841265,True,
run_20260926_005346_067436,4555,151,2026-09-26T00:56:19.297,3,left,2,3,18.785714285714278,True,
run_20260926_005346_067436,4555,151,2026-09-26T00:56:19.297,4,left,3,4,19.0,True,
run_20260926_005346_067436,4555,151,2026-09-26T00:56:19.297,5,left,4,5,19.0,True,
run_20260926_005346_067436,4555,151,2026-09-26T00:56:19.297,6,left,5,6,18.785714285714278,True,
run_20260926_005346_067436,4555,151,2026-09-26T00:56:19.297,7,left,6,7,18.589285714285722,True,
run_20260926_005346_067436,4555,151,2026-09-26T00:56:19.297,8,left,7,8,18.5,True,
run_20260926_005346_067436,4555,151,2026-09-26T00:56:19.297,9,left,8,9,19.025000000000006,True,
run_20260926_005346_067436,4555,151,2026-09-26T00:56:19.297,10,left,9,10,18.314285714285703,True,
run_20260926_005346_067436,4555,151,2026-09-26T00:56:19.297,11,left,10,11,18.785714285714292,True,
run_20260926_005346_067436,4555,151,2026-09-26T00:56:19.297,12,left,11,12,18.42857142857143,True,
run_20260926_005346_067436,4555,151,2026-09-26T00:56:19.297,1,right,0,1,18.944444444444457,True,
run_20260926_005346_067436,4555,151,2026-09-26T00:56:19.297,2,right,1,2,18.40170940170941,True,
run_20260926_005346_067436,4555,151,2026-09-26T00:56:19.297,3,right,2,3,18.653846153846132,True,
run_20260926_005346_067436,4555,151,2026-09-26T00:56:19.297,4,right,3,4,19.0,True,
run_20260926_005346_067436,4555,151,2026-09-26T00:56:19.297,5,right,4,5,19.0,True,
run_20260926_005346_067436,4555,151,2026-09-26T00:56:19.297,6,right,5,6,19.0,True,
run_20260926_005346_067436,4555,151,2026-09-26T00:56:19.297,7,right,6,7,18.75,True,
run_20260926_005346_067436,4555,151,2026-09-26T00:56:19.297,8,right,7,8,18.75,True,
run_20260926_005346_067436,4555,151,2026-09-26T00:56:19.297,9,right,8,9,18.5,True,
run_20260926_005346_067436,4555,151,2026-09-26T00:56:19.297,10,right,9,10,19.0,True,
run_20260926_005346_067436,4555,151,2026-09-26T00:56:19.297,11,right,10,11,18.0,True,
run_20260926_005346_067436,4555,151,2026-09-26T00:56:19.297,12,right,11,12,19.0,True,
run_20260926_005346_067436,4586,152,2026-09-26T00:56:20.334,1,left,0,1,18.888888888888914,True,
run_20260926_005346_067436,4586,152,2026-09-26T00:56:20.334,2,left,1,2,18.180555555555543,True,
run_20260926_005346_067436,4586,152,2026-09-26T00:56:20.334,3,left,2,3,18.875,True,
run_20260926_005346_067436,4586,152,2026-09-26T00:56:20.334,4,left,3,4,19.0,True,
run_20260926_005346_067436,4586,152,2026-09-26T00:56:20.334,5,left,4,5,19.0,True,
run_20260926_005346_067436,4586,152,2026-09-26T00:56:20.334,6,left,5,6,18.785714285714278,True,
run_20260926_005346_067436,4586,152,2026-09-26T00:56:20.334,7,left,6,7,18.589285714285722,True,
run_20260926_005346_067436,4586,152,2026-09-26T00:56:20.334,8,left,7,8,18.5,True,
run_20260926_005346_067436,4586,152,2026-09-26T00:56:20.334,9,left,8,9,19.025000000000006,True,
run_20260926_005346_067436,4586,152,2026-09-26T00:56:20.334,10,left,9,10,18.314285714285703,True,
run_20260926_005346_067436,4586,152,2026-09-26T00:56:20.334,11,left,10,11,18.785714285714292,True,
run_20260926_005346_067436,4586,152,2026-09-26T00:56:20.334,12,left,11,12,18.34615384615384,True,
run_20260926_005346_067436,4586,152,2026-09-26T00:56:20.334,1,right,0,1,18.944444444444457,True,
run_20260926_005346_067436,4586,152,2026-09-26T00:56:20.334,2,right,1,2,18.40170940170941,True,
run_20260926_005346_067436,4586,152,2026-09-26T00:56:20.334,3,right,2,3,18.653846153846132,True,
run_20260926_005346_067436,4586,152,2026-09-26T00:56:20.334,4,right,3,4,19.0,True,
run_20260926_005346_067436,4586,152,2026-09-26T00:56:20.334,5,right,4,5,19.0,True,
run_20260926_005346_067436,4586,152,2026-09-26T00:56:20.334,6,right,5,6,19.0,True,
run_20260926_005346_067436,4586,152,2026-09-26T00:56:20.334,7,right,6,7,19.0,True,
run_20260926_005346_067436,4586,152,2026-09-26T00:56:20.334,8,right,7,8,18.5,True,
run_20260926_005346_067436,4586,152,2026-09-26T00:56:20.334,9,right,8,9,18.5,True,
run_20260926_005346_067436,4586,152,2026-09-26T00:56:20.334,10,right,9,10,19.0,True,
run_20260926_005346_067436,4586,152,2026-09-26T00:56:20.334,11,right,10,11,18.0,True,
run_20260926_005346_067436,4586,152,2026-09-26T00:56:20.334,12,right,11,12,19.0,True,
run_20260926_005346_067436,4617,153,2026-09-26T00:56:21.363,1,left,0,1,18.888888888888914,True,
run_20260926_005346_067436,4617,153,2026-09-26T00:56:21.363,2,left,1,2,18.555555555555543,True,
run_20260926_005346_067436,4617,153,2026-09-26T00:56:21.363,3,left,2,3,18.5,True,
run_20260926_005346_067436,4617,153,2026-09-26T00:56:21.363,4,left,3,4,19.0,True,
run_20260926_005346_067436,4617,153,2026-09-26T00:56:21.363,5,left,4,5,19.0,True,
run_20260926_005346_067436,4617,153,2026-09-26T00:56:21.363,6,left,5,6,18.785714285714278,True,
run_20260926_005346_067436,4617,153,2026-09-26T00:56:21.363,7,left,6,7,18.589285714285722,True,
run_20260926_005346_067436,4617,153,2026-09-26T00:56:21.363,8,left,7,8,18.5,True,
run_20260926_005346_067436,4617,153,2026-09-26T00:56:21.363,9,left,8,9,19.025000000000006,True,
run_20260926_005346_067436,4617,153,2026-09-26T00:56:21.363,10,left,9,10,18.314285714285703,True,
run_20260926_005346_067436,4617,153,2026-09-26T00:56:21.363,11,left,10,11,18.785714285714292,True,
run_20260926_005346_067436,4617,153,2026-09-26T00:56:21.363,12,left,11,12,18.34615384615384,True,
run_20260926_005346_067436,4617,153,2026-09-26T00:56:21.363,1,right,0,1,18.944444444444457,True,
run_20260926_005346_067436,4617,153,2026-09-26T00:56:21.363,2,right,1,2,18.40170940170941,True,
run_20260926_005346_067436,4617,153,2026-09-26T00:56:21.363,3,right,2,3,18.790209790209758,True,
run_20260926_005346_067436,4617,153,2026-09-26T00:56:21.363,4,right,3,4,18.863636363636374,True,
run_20260926_005346_067436,4617,153,2026-09-26T00:56:21.363,5,right,4,5,19.0,True,
run_20260926_005346_067436,4617,153,2026-09-26T00:56:21.363,6,right,5,6,19.0,True,
run_20260926_005346_067436,4617,153,2026-09-26T00:56:21.363,7,right,6,7,18.5,True,
run_20260926_005346_067436,4617,153,2026-09-26T00:56:21.363,8,right,7,8,19.0,True,
run_20260926_005346_067436,4617,153,2026-09-26T00:56:21.363,9,right,8,9,18.5,True,
run_20260926_005346_067436,4617,153,2026-09-26T00:56:21.363,10,right,9,10,19.0,True,
run_20260926_005346_067436,4617,153,2026-09-26T00:56:21.363,11,right,10,11,18.0,True,
run_20260926_005346_067436,4617,153,2026-09-26T00:56:21.363,12,right,11,12,19.0,True,
run_20260926_005346_067436,4647,154,2026-09-26T00:56:22.368,1,left,0,1,18.888888888888914,True,
run_20260926_005346_067436,4647,154,2026-09-26T00:56:22.368,2,left,1,2,18.180555555555543,True,
run_20260926_005346_067436,4647,154,2026-09-26T00:56:22.368,3,left,2,3,18.875,True,
run_20260926_005346_067436,4647,154,2026-09-26T00:56:22.368,4,left,3,4,19.0,True,
run_20260926_005346_067436,4647,154,2026-09-26T00:56:22.368,5,left,4,5,19.0,True,
run_20260926_005346_067436,4647,154,2026-09-26T00:56:22.368,6,left,5,6,18.785714285714278,True,
run_20260926_005346_067436,4647,154,2026-09-26T00:56:22.368,7,left,6,7,18.589285714285722,True,
run_20260926_005346_067436,4647,154,2026-09-26T00:56:22.368,8,left,7,8,18.5,True,
run_20260926_005346_067436,4647,154,2026-09-26T00:56:22.368,9,left,8,9,19.025000000000006,True,
run_20260926_005346_067436,4647,154,2026-09-26T00:56:22.368,10,left,9,10,18.314285714285703,True,
run_20260926_005346_067436,4647,154,2026-09-26T00:56:22.368,11,left,10,11,18.785714285714292,True,
run_20260926_005346_067436,4647,154,2026-09-26T00:56:22.368,12,left,11,12,18.42857142857143,True,
run_20260926_005346_067436,4647,154,2026-09-26T00:56:22.368,1,right,0,1,18.944444444444457,True,
run_20260926_005346_067436,4647,154,2026-09-26T00:56:22.368,2,right,1,2,18.40170940170941,True,
run_20260926_005346_067436,4647,154,2026-09-26T00:56:22.368,3,right,2,3,18.903846153846132,True,
run_20260926_005346_067436,4647,154,2026-09-26T00:56:22.368,4,right,3,4,18.75,True,
run_20260926_005346_067436,4647,154,2026-09-26T00:56:22.368,5,right,4,5,19.0,True,
run_20260926_005346_067436,4647,154,2026-09-26T00:56:22.368,6,right,5,6,19.0,True,
run_20260926_005346_067436,4647,154,2026-09-26T00:56:22.368,7,right,6,7,18.5,True,
run_20260926_005346_067436,4647,154,2026-09-26T00:56:22.368,8,right,7,8,19.0,True,
run_20260926_005346_067436,4647,154,2026-09-26T00:56:22.368,9,right,8,9,18.5,True,
run_20260926_005346_067436,4647,154,2026-09-26T00:56:22.368,10,right,9,10,19.0,True,
run_20260926_005346_067436,4647,154,2026-09-26T00:56:22.368,11,right,10,11,18.0,True,
run_20260926_005346_067436,4647,154,2026-09-26T00:56:22.368,12,right,11,12,19.0,True,
run_20260926_005346_067436,4678,155,2026-09-26T00:56:23.397,1,left,0,1,18.888888888888914,True,
run_20260926_005346_067436,4678,155,2026-09-26T00:56:23.397,2,left,1,2,18.180555555555543,True,
run_20260926_005346_067436,4678,155,2026-09-26T00:56:23.397,3,left,2,3,18.875,True,
run_20260926_005346_067436,4678,155,2026-09-26T00:56:23.397,4,left,3,4,19.0,True,
run_20260926_005346_067436,4678,155,2026-09-26T00:56:23.397,5,left,4,5,19.0,True,
run_20260926_005346_067436,4678,155,2026-09-26T00:56:23.397,6,left,5,6,18.785714285714278,True,
run_20260926_005346_067436,4678,155,2026-09-26T00:56:23.397,7,left,6,7,18.589285714285722,True,
run_20260926_005346_067436,4678,155,2026-09-26T00:56:23.397,8,left,7,8,18.625,True,
run_20260926_005346_067436,4678,155,2026-09-26T00:56:23.397,9,left,8,9,18.900000000000006,True,
run_20260926_005346_067436,4678,155,2026-09-26T00:56:23.397,10,left,9,10,18.314285714285703,True,
run_20260926_005346_067436,4678,155,2026-09-26T00:56:23.397,11,left,10,11,18.785714285714292,True,
run_20260926_005346_067436,4678,155,2026-09-26T00:56:23.397,12,left,11,12,18.34615384615384,True,
run_20260926_005346_067436,4678,155,2026-09-26T00:56:23.397,1,right,0,1,18.944444444444457,True,
run_20260926_005346_067436,4678,155,2026-09-26T00:56:23.397,2,right,1,2,18.40170940170941,True,
run_20260926_005346_067436,4678,155,2026-09-26T00:56:23.397,3,right,2,3,18.790209790209758,True,
run_20260926_005346_067436,4678,155,2026-09-26T00:56:23.397,4,right,3,4,18.863636363636374,True,
run_20260926_005346_067436,4678,155,2026-09-26T00:56:23.397,5,right,4,5,19.0,True,
run_20260926_005346_067436,4678,155,2026-09-26T00:56:23.397,6,right,5,6,19.0,True,
run_20260926_005346_067436,4678,155,2026-09-26T00:56:23.397,7,right,6,7,18.5,True,
run_20260926_005346_067436,4678,155,2026-09-26T00:56:23.397,8,right,7,8,19.0,True,
run_20260926_005346_067436,4678,155,2026-09-26T00:56:23.397,9,right,8,9,18.5,True,
run_20260926_005346_067436,4678,155,2026-09-26T00:56:23.397,10,right,9,10,19.0,True,
run_20260926_005346_067436,4678,155,2026-09-26T00:56:23.397,11,right,10,11,18.0,True,
run_20260926_005346_067436,4678,155,2026-09-26T00:56:23.397,12,right,11,12,19.0,True,
run_20260926_005346_067436,4709,156,2026-09-26T00:56:24.429,1,left,0,1,18.888888888888914,True,
run_20260926_005346_067436,4709,156,2026-09-26T00:56:24.429,2,left,1,2,18.180555555555543,True,
run_20260926_005346_067436,4709,156,2026-09-26T00:56:24.429,3,left,2,3,18.875,True,
run_20260926_005346_067436,4709,156,2026-09-26T00:56:24.429,4,left,3,4,19.0,True,
run_20260926_005346_067436,4709,156,2026-09-26T00:56:24.429,5,left,4,5,19.0,True,
run_20260926_005346_067436,4709,156,2026-09-26T00:56:24.429,6,left,5,6,18.785714285714278,True,
run_20260926_005346_067436,4709,156,2026-09-26T00:56:24.429,7,left,6,7,18.589285714285722,True,
run_20260926_005346_067436,4709,156,2026-09-26T00:56:24.429,8,left,7,8,18.625,True,
run_20260926_005346_067436,4709,156,2026-09-26T00:56:24.429,9,left,8,9,18.900000000000006,True,
run_20260926_005346_067436,4709,156,2026-09-26T00:56:24.429,10,left,9,10,18.314285714285703,True,
run_20260926_005346_067436,4709,156,2026-09-26T00:56:24.429,11,left,10,11,18.785714285714292,True,
run_20260926_005346_067436,4709,156,2026-09-26T00:56:24.429,12,left,11,12,18.42857142857143,True,
run_20260926_005346_067436,4709,156,2026-09-26T00:56:24.429,1,right,0,1,18.944444444444457,True,
run_20260926_005346_067436,4709,156,2026-09-26T00:56:24.429,2,right,1,2,18.40170940170941,True,
run_20260926_005346_067436,4709,156,2026-09-26T00:56:24.429,3,right,2,3,18.653846153846132,True,
run_20260926_005346_067436,4709,156,2026-09-26T00:56:24.429,4,right,3,4,19.0,True,
run_20260926_005346_067436,4709,156,2026-09-26T00:56:24.429,5,right,4,5,19.0,True,
run_20260926_005346_067436,4709,156,2026-09-26T00:56:24.429,6,right,5,6,19.0,True,
run_20260926_005346_067436,4709,156,2026-09-26T00:56:24.429,7,right,6,7,18.65384615384619,True,
run_20260926_005346_067436,4709,156,2026-09-26T00:56:24.429,8,right,7,8,18.84615384615381,True,
run_20260926_005346_067436,4709,156,2026-09-26T00:56:24.429,9,right,8,9,18.5,True,
run_20260926_005346_067436,4709,156,2026-09-26T00:56:24.429,10,right,9,10,19.0,True,
run_20260926_005346_067436,4709,156,2026-09-26T00:56:24.429,11,right,10,11,18.0,True,
run_20260926_005346_067436,4709,156,2026-09-26T00:56:24.429,12,right,11,12,19.0,True,
run_20260926_005346_067436,4739,157,2026-09-26T00:56:25.433,1,left,0,1,18.888888888888914,True,
run_20260926_005346_067436,4739,157,2026-09-26T00:56:25.433,2,left,1,2,18.180555555555543,True,
run_20260926_005346_067436,4739,157,2026-09-26T00:56:25.433,3,left,2,3,18.875,True,
run_20260926_005346_067436,4739,157,2026-09-26T00:56:25.433,4,left,3,4,19.0,True,
run_20260926_005346_067436,4739,157,2026-09-26T00:56:25.433,5,left,4,5,19.0,True,
run_20260926_005346_067436,4739,157,2026-09-26T00:56:25.433,6,left,5,6,18.785714285714278,True,
run_20260926_005346_067436,4739,157,2026-09-26T00:56:25.433,7,left,6,7,18.589285714285722,True,
run_20260926_005346_067436,4739,157,2026-09-26T00:56:25.433,8,left,7,8,18.625,True,
run_20260926_005346_067436,4739,157,2026-09-26T00:56:25.433,9,left,8,9,18.900000000000006,True,
run_20260926_005346_067436,4739,157,2026-09-26T00:56:25.433,10,left,9,10,18.314285714285703,True,
run_20260926_005346_067436,4739,157,2026-09-26T00:56:25.433,11,left,10,11,18.785714285714292,True,
run_20260926_005346_067436,4739,157,2026-09-26T00:56:25.433,12,left,11,12,18.42857142857143,True,
run_20260926_005346_067436,4739,157,2026-09-26T00:56:25.433,1,right,0,1,18.944444444444457,True,
run_20260926_005346_067436,4739,157,2026-09-26T00:56:25.433,2,right,1,2,18.40170940170941,True,
run_20260926_005346_067436,4739,157,2026-09-26T00:56:25.433,3,right,2,3,18.790209790209758,True,
run_20260926_005346_067436,4739,157,2026-09-26T00:56:25.433,4,right,3,4,18.863636363636374,True,
run_20260926_005346_067436,4739,157,2026-09-26T00:56:25.433,5,right,4,5,19.0,True,
run_20260926_005346_067436,4739,157,2026-09-26T00:56:25.433,6,right,5,6,19.0,True,
run_20260926_005346_067436,4739,157,2026-09-26T00:56:25.433,7,right,6,7,18.5,True,
run_20260926_005346_067436,4739,157,2026-09-26T00:56:25.433,8,right,7,8,19.0,True,
run_20260926_005346_067436,4739,157,2026-09-26T00:56:25.433,9,right,8,9,18.5,True,
run_20260926_005346_067436,4739,157,2026-09-26T00:56:25.433,10,right,9,10,19.0,True,
run_20260926_005346_067436,4739,157,2026-09-26T00:56:25.433,11,right,10,11,18.0,True,
run_20260926_005346_067436,4739,157,2026-09-26T00:56:25.433,12,right,11,12,19.0,True,
run_20260926_005346_067436,4769,158,2026-09-26T00:56:26.438,1,left,0,1,18.888888888888914,True,
run_20260926_005346_067436,4769,158,2026-09-26T00:56:26.438,2,left,1,2,18.180555555555543,True,
run_20260926_005346_067436,4769,158,2026-09-26T00:56:26.438,3,left,2,3,18.875,True,
run_20260926_005346_067436,4769,158,2026-09-26T00:56:26.438,4,left,3,4,19.0,True,
run_20260926_005346_067436,4769,158,2026-09-26T00:56:26.438,5,left,4,5,19.0,True,
run_20260926_005346_067436,4769,158,2026-09-26T00:56:26.438,6,left,5,6,18.785714285714278,True,
run_20260926_005346_067436,4769,158,2026-09-26T00:56:26.438,7,left,6,7,18.589285714285722,True,
run_20260926_005346_067436,4769,158,2026-09-26T00:56:26.438,8,left,7,8,18.5,True,
run_20260926_005346_067436,4769,158,2026-09-26T00:56:26.438,9,left,8,9,19.025000000000006,True,
run_20260926_005346_067436,4769,158,2026-09-26T00:56:26.438,10,left,9,10,18.314285714285703,True,
run_20260926_005346_067436,4769,158,2026-09-26T00:56:26.438,11,left,10,11,18.785714285714292,True,
run_20260926_005346_067436,4769,158,2026-09-26T00:56:26.438,12,left,11,12,18.25,True,
run_20260926_005346_067436,4769,158,2026-09-26T00:56:26.438,1,right,0,1,18.944444444444457,True,
run_20260926_005346_067436,4769,158,2026-09-26T00:56:26.438,2,right,1,2,18.40170940170941,True,
run_20260926_005346_067436,4769,158,2026-09-26T00:56:26.438,3,right,2,3,18.903846153846132,True,
run_20260926_005346_067436,4769,158,2026-09-26T00:56:26.438,4,right,3,4,18.75,True,
run_20260926_005346_067436,4769,158,2026-09-26T00:56:26.438,5,right,4,5,19.0,True,
run_20260926_005346_067436,4769,158,2026-09-26T00:56:26.438,6,right,5,6,19.0,True,
run_20260926_005346_067436,4769,158,2026-09-26T00:56:26.438,7,right,6,7,18.5,True,
run_20260926_005346_067436,4769,158,2026-09-26T00:56:26.438,8,right,7,8,19.0,True,
run_20260926_005346_067436,4769,158,2026-09-26T00:56:26.438,9,right,8,9,18.5,True,
run_20260926_005346_067436,4769,158,2026-09-26T00:56:26.438,10,right,9,10,19.0,True,
run_20260926_005346_067436,4769,158,2026-09-26T00:56:26.438,11,right,10,11,18.0,True,
run_20260926_005346_067436,4769,158,2026-09-26T00:56:26.438,12,right,11,12,19.0,True,
run_20260926_005346_067436,4800,159,2026-09-26T00:56:27.463,1,left,0,1,18.888888888888914,True,
run_20260926_005346_067436,4800,159,2026-09-26T00:56:27.463,2,left,1,2,18.45555555555555,True,
run_20260926_005346_067436,4800,159,2026-09-26T00:56:27.463,3,left,2,3,18.599999999999994,True,
run_20260926_005346_067436,4800,159,2026-09-26T00:56:27.463,4,left,3,4,19.0,True,
run_20260926_005346_067436,4800,159,2026-09-26T00:56:27.463,5,left,4,5,19.0,True,
run_20260926_005346_067436,4800,159,2026-09-26T00:56:27.463,6,left,5,6,18.785714285714278,True,
run_20260926_005346_067436,4800,159,2026-09-26T00:56:27.463,7,left,6,7,18.589285714285722,True,
run_20260926_005346_067436,4800,159,2026-09-26T00:56:27.463,8,left,7,8,18.625,True,
run_20260926_005346_067436,4800,159,2026-09-26T00:56:27.463,9,left,8,9,18.900000000000006,True,
run_20260926_005346_067436,4800,159,2026-09-26T00:56:27.463,10,left,9,10,18.314285714285703,True,
run_20260926_005346_067436,4800,159,2026-09-26T00:56:27.463,11,left,10,11,18.785714285714292,True,
run_20260926_005346_067436,4800,159,2026-09-26T00:56:27.463,12,left,11,12,18.34615384615384,True,
run_20260926_005346_067436,4800,159,2026-09-26T00:56:27.463,1,right,0,1,18.944444444444457,True,
run_20260926_005346_067436,4800,159,2026-09-26T00:56:27.463,2,right,1,2,18.484126984126988,True,
run_20260926_005346_067436,4800,159,2026-09-26T00:56:27.463,3,right,2,3,18.70779220779218,True,
run_20260926_005346_067436,4800,159,2026-09-26T00:56:27.463,4,right,3,4,18.863636363636374,True,
run_20260926_005346_067436,4800,159,2026-09-26T00:56:27.463,5,right,4,5,19.0,True,
run_20260926_005346_067436,4800,159,2026-09-26T00:56:27.463,6,right,5,6,19.0,True,
run_20260926_005346_067436,4800,159,2026-09-26T00:56:27.463,7,right,6,7,18.5,True,
run_20260926_005346_067436,4800,159,2026-09-26T00:56:27.463,8,right,7,8,19.0,True,
run_20260926_005346_067436,4800,159,2026-09-26T00:56:27.463,9,right,8,9,18.5,True,
run_20260926_005346_067436,4800,159,2026-09-26T00:56:27.463,10,right,9,10,19.0,True,
run_20260926_005346_067436,4800,159,2026-09-26T00:56:27.463,11,right,10,11,18.0,True,
run_20260926_005346_067436,4800,159,2026-09-26T00:56:27.463,12,right,11,12,19.0,True,
run_20260926_005346_067436,4830,160,2026-09-26T00:56:28.463,1,left,0,1,18.888888888888914,True,
run_20260926_005346_067436,4830,160,2026-09-26T00:56:28.463,2,left,1,2,18.555555555555543,True,
run_20260926_005346_067436,4830,160,2026-09-26T00:56:28.463,3,left,2,3,18.5,True,
run_20260926_005346_067436,4830,160,2026-09-26T00:56:28.463,4,left,3,4,19.0,True,
run_20260926_005346_067436,4830,160,2026-09-26T00:56:28.463,5,left,4,5,19.0,True,
run_20260926_005346_067436,4830,160,2026-09-26T00:56:28.463,6,left,5,6,18.785714285714278,True,
run_20260926_005346_067436,4830,160,2026-09-26T00:56:28.463,7,left,6,7,18.589285714285722,True,
run_20260926_005346_067436,4830,160,2026-09-26T00:56:28.463,8,left,7,8,18.625,True,
run_20260926_005346_067436,4830,160,2026-09-26T00:56:28.463,9,left,8,9,18.900000000000006,True,
run_20260926_005346_067436,4830,160,2026-09-26T00:56:28.463,10,left,9,10,18.314285714285703,True,
run_20260926_005346_067436,4830,160,2026-09-26T00:56:28.463,11,left,10,11,18.785714285714292,True,
run_20260926_005346_067436,4830,160,2026-09-26T00:56:28.463,12,left,11,12,18.34615384615384,True,
run_20260926_005346_067436,4830,160,2026-09-26T00:56:28.463,1,right,0,1,18.944444444444457,True,
run_20260926_005346_067436,4830,160,2026-09-26T00:56:28.463,2,right,1,2,18.40170940170941,True,
run_20260926_005346_067436,4830,160,2026-09-26T00:56:28.463,3,right,2,3,18.790209790209758,True,
run_20260926_005346_067436,4830,160,2026-09-26T00:56:28.463,4,right,3,4,18.863636363636374,True,
run_20260926_005346_067436,4830,160,2026-09-26T00:56:28.463,5,right,4,5,19.0,True,
run_20260926_005346_067436,4830,160,2026-09-26T00:56:28.463,6,right,5,6,19.0,True,
run_20260926_005346_067436,4830,160,2026-09-26T00:56:28.463,7,right,6,7,18.5,True,
run_20260926_005346_067436,4830,160,2026-09-26T00:56:28.463,8,right,7,8,19.0,True,
run_20260926_005346_067436,4830,160,2026-09-26T00:56:28.463,9,right,8,9,18.5,True,
run_20260926_005346_067436,4830,160,2026-09-26T00:56:28.463,10,right,9,10,19.0,True,
run_20260926_005346_067436,4830,160,2026-09-26T00:56:28.463,11,right,10,11,18.0,True,
run_20260926_005346_067436,4830,160,2026-09-26T00:56:28.463,12,right,11,12,19.0,True,
run_20260926_005346_067436,4860,161,2026-09-26T00:56:29.463,1,left,0,1,18.888888888888914,True,
run_20260926_005346_067436,4860,161,2026-09-26T00:56:29.463,2,left,1,2,18.180555555555543,True,
run_20260926_005346_067436,4860,161,2026-09-26T00:56:29.463,3,left,2,3,18.875,True,
run_20260926_005346_067436,4860,161,2026-09-26T00:56:29.463,4,left,3,4,19.0,True,
run_20260926_005346_067436,4860,161,2026-09-26T00:56:29.463,5,left,4,5,19.0,True,
run_20260926_005346_067436,4860,161,2026-09-26T00:56:29.463,6,left,5,6,18.785714285714278,True,
run_20260926_005346_067436,4860,161,2026-09-26T00:56:29.463,7,left,6,7,18.589285714285722,True,
run_20260926_005346_067436,4860,161,2026-09-26T00:56:29.463,8,left,7,8,18.5,True,
run_20260926_005346_067436,4860,161,2026-09-26T00:56:29.463,9,left,8,9,19.025000000000006,True,
run_20260926_005346_067436,4860,161,2026-09-26T00:56:29.463,10,left,9,10,18.314285714285703,True,
run_20260926_005346_067436,4860,161,2026-09-26T00:56:29.463,11,left,10,11,18.785714285714292,True,
run_20260926_005346_067436,4860,161,2026-09-26T00:56:29.463,12,left,11,12,18.34615384615384,True,
run_20260926_005346_067436,4860,161,2026-09-26T00:56:29.463,1,right,0,1,18.944444444444457,True,
run_20260926_005346_067436,4860,161,2026-09-26T00:56:29.463,2,right,1,2,18.484126984126988,True,
run_20260926_005346_067436,4860,161,2026-09-26T00:56:29.463,3,right,2,3,18.821428571428555,True,
run_20260926_005346_067436,4860,161,2026-09-26T00:56:29.463,4,right,3,4,18.75,True,
run_20260926_005346_067436,4860,161,2026-09-26T00:56:29.463,5,right,4,5,19.0,True,
run_20260926_005346_067436,4860,161,2026-09-26T00:56:29.463,6,right,5,6,19.0,True,
run_20260926_005346_067436,4860,161,2026-09-26T00:56:29.463,7,right,6,7,18.5,True,
run_20260926_005346_067436,4860,161,2026-09-26T00:56:29.463,8,right,7,8,19.0,True,
run_20260926_005346_067436,4860,161,2026-09-26T00:56:29.463,9,right,8,9,18.5,True,
run_20260926_005346_067436,4860,161,2026-09-26T00:56:29.463,10,right,9,10,19.0,True,
run_20260926_005346_067436,4860,161,2026-09-26T00:56:29.463,11,right,10,11,18.0,True,
run_20260926_005346_067436,4860,161,2026-09-26T00:56:29.463,12,right,11,12,19.0,True,
run_20260926_005346_067436,4891,162,2026-09-26T00:56:30.497,1,left,0,1,18.888888888888914,True,
run_20260926_005346_067436,4891,162,2026-09-26T00:56:30.497,2,left,1,2,18.45555555555555,True,
run_20260926_005346_067436,4891,162,2026-09-26T00:56:30.497,3,left,2,3,18.599999999999994,True,
run_20260926_005346_067436,4891,162,2026-09-26T00:56:30.497,4,left,3,4,19.0,True,
run_20260926_005346_067436,4891,162,2026-09-26T00:56:30.497,5,left,4,5,19.0,True,
run_20260926_005346_067436,4891,162,2026-09-26T00:56:30.497,6,left,5,6,18.785714285714278,True,
run_20260926_005346_067436,4891,162,2026-09-26T00:56:30.497,7,left,6,7,18.589285714285722,True,
run_20260926_005346_067436,4891,162,2026-09-26T00:56:30.497,8,left,7,8,18.5,True,
run_20260926_005346_067436,4891,162,2026-09-26T00:56:30.497,9,left,8,9,19.025000000000006,True,
run_20260926_005346_067436,4891,162,2026-09-26T00:56:30.497,10,left,9,10,18.314285714285703,True,
run_20260926_005346_067436,4891,162,2026-09-26T00:56:30.497,11,left,10,11,18.785714285714292,True,
run_20260926_005346_067436,4891,162,2026-09-26T00:56:30.497,12,left,11,12,18.25,True,
run_20260926_005346_067436,4891,162,2026-09-26T00:56:30.497,1,right,0,1,18.944444444444457,True,
run_20260926_005346_067436,4891,162,2026-09-26T00:56:30.497,2,right,1,2,18.484126984126988,True,
run_20260926_005346_067436,4891,162,2026-09-26T00:56:30.497,3,right,2,3,18.821428571428555,True,
run_20260926_005346_067436,4891,162,2026-09-26T00:56:30.497,4,right,3,4,18.75,True,
run_20260926_005346_067436,4891,162,2026-09-26T00:56:30.497,5,right,4,5,19.0,True,
run_20260926_005346_067436,4891,162,2026-09-26T00:56:30.497,6,right,5,6,19.0,True,
run_20260926_005346_067436,4891,162,2026-09-26T00:56:30.497,7,right,6,7,18.5,True,
run_20260926_005346_067436,4891,162,2026-09-26T00:56:30.497,8,right,7,8,19.0,True,
run_20260926_005346_067436,4891,162,2026-09-26T00:56:30.497,9,right,8,9,18.5,True,
run_20260926_005346_067436,4891,162,2026-09-26T00:56:30.497,10,right,9,10,19.0,True,
run_20260926_005346_067436,4891,162,2026-09-26T00:56:30.497,11,right,10,11,18.0,True,
run_20260926_005346_067436,4891,162,2026-09-26T00:56:30.497,12,right,11,12,19.0,True,
run_20260926_005346_067436,4921,163,2026-09-26T00:56:31.500,1,left,0,1,18.888888888888914,True,
run_20260926_005346_067436,4921,163,2026-09-26T00:56:31.500,2,left,1,2,18.45555555555555,True,
run_20260926_005346_067436,4921,163,2026-09-26T00:56:31.500,3,left,2,3,18.599999999999994,True,
run_20260926_005346_067436,4921,163,2026-09-26T00:56:31.500,4,left,3,4,19.0,True,
run_20260926_005346_067436,4921,163,2026-09-26T00:56:31.500,5,left,4,5,19.0,True,
run_20260926_005346_067436,4921,163,2026-09-26T00:56:31.500,6,left,5,6,18.785714285714278,True,
run_20260926_005346_067436,4921,163,2026-09-26T00:56:31.500,7,left,6,7,18.589285714285722,True,
run_20260926_005346_067436,4921,163,2026-09-26T00:56:31.500,8,left,7,8,18.5,True,
run_20260926_005346_067436,4921,163,2026-09-26T00:56:31.500,9,left,8,9,19.025000000000006,True,
run_20260926_005346_067436,4921,163,2026-09-26T00:56:31.500,10,left,9,10,18.314285714285703,True,
run_20260926_005346_067436,4921,163,2026-09-26T00:56:31.500,11,left,10,11,18.785714285714292,True,
run_20260926_005346_067436,4921,163,2026-09-26T00:56:31.500,12,left,11,12,18.25,True,
run_20260926_005346_067436,4921,163,2026-09-26T00:56:31.500,1,right,0,1,18.944444444444457,True,
run_20260926_005346_067436,4921,163,2026-09-26T00:56:31.500,2,right,1,2,18.484126984126988,True,
run_20260926_005346_067436,4921,163,2026-09-26T00:56:31.500,3,right,2,3,18.821428571428555,True,
run_20260926_005346_067436,4921,163,2026-09-26T00:56:31.500,4,right,3,4,18.75,True,
run_20260926_005346_067436,4921,163,2026-09-26T00:56:31.500,5,right,4,5,19.0,True,
run_20260926_005346_067436,4921,163,2026-09-26T00:56:31.500,6,right,5,6,19.0,True,
run_20260926_005346_067436,4921,163,2026-09-26T00:56:31.500,7,right,6,7,18.5,True,
run_20260926_005346_067436,4921,163,2026-09-26T00:56:31.500,8,right,7,8,19.0,True,
run_20260926_005346_067436,4921,163,2026-09-26T00:56:31.500,9,right,8,9,18.5,True,
run_20260926_005346_067436,4921,163,2026-09-26T00:56:31.500,10,right,9,10,19.0,True,
run_20260926_005346_067436,4921,163,2026-09-26T00:56:31.500,11,right,10,11,18.0,True,
run_20260926_005346_067436,4921,163,2026-09-26T00:56:31.500,12,right,11,12,19.0,True,
run_20260926_005346_067436,4952,164,2026-09-26T00:56:32.537,1,left,0,1,18.888888888888914,True,
run_20260926_005346_067436,4952,164,2026-09-26T00:56:32.537,2,left,1,2,18.555555555555543,True,
run_20260926_005346_067436,4952,164,2026-09-26T00:56:32.537,3,left,2,3,18.5,True,
run_20260926_005346_067436,4952,164,2026-09-26T00:56:32.537,4,left,3,4,19.0,True,
run_20260926_005346_067436,4952,164,2026-09-26T00:56:32.537,5,left,4,5,19.0,True,
run_20260926_005346_067436,4952,164,2026-09-26T00:56:32.537,6,left,5,6,18.785714285714278,True,
run_20260926_005346_067436,4952,164,2026-09-26T00:56:32.537,7,left,6,7,18.589285714285722,True,
run_20260926_005346_067436,4952,164,2026-09-26T00:56:32.537,8,left,7,8,18.5,True,
run_20260926_005346_067436,4952,164,2026-09-26T00:56:32.537,9,left,8,9,19.025000000000006,True,
run_20260926_005346_067436,4952,164,2026-09-26T00:56:32.537,10,left,9,10,18.314285714285703,True,
run_20260926_005346_067436,4952,164,2026-09-26T00:56:32.537,11,left,10,11,18.785714285714292,True,
run_20260926_005346_067436,4952,164,2026-09-26T00:56:32.537,12,left,11,12,18.34615384615384,True,
run_20260926_005346_067436,4952,164,2026-09-26T00:56:32.537,1,right,0,1,18.944444444444457,True,
run_20260926_005346_067436,4952,164,2026-09-26T00:56:32.537,2,right,1,2,18.484126984126988,True,
run_20260926_005346_067436,4952,164,2026-09-26T00:56:32.537,3,right,2,3,18.821428571428555,True,
run_20260926_005346_067436,4952,164,2026-09-26T00:56:32.537,4,right,3,4,18.75,True,
run_20260926_005346_067436,4952,164,2026-09-26T00:56:32.537,5,right,4,5,19.0,True,
run_20260926_005346_067436,4952,164,2026-09-26T00:56:32.537,6,right,5,6,19.0,True,
run_20260926_005346_067436,4952,164,2026-09-26T00:56:32.537,7,right,6,7,18.65384615384619,True,
run_20260926_005346_067436,4952,164,2026-09-26T00:56:32.537,8,right,7,8,18.84615384615381,True,
run_20260926_005346_067436,4952,164,2026-09-26T00:56:32.537,9,right,8,9,18.5,True,
run_20260926_005346_067436,4952,164,2026-09-26T00:56:32.537,10,right,9,10,19.0,True,
run_20260926_005346_067436,4952,164,2026-09-26T00:56:32.537,11,right,10,11,18.0,True,
run_20260926_005346_067436,4952,164,2026-09-26T00:56:32.537,12,right,11,12,19.0,True,
run_20260926_005346_067436,4983,165,2026-09-26T00:56:33.567,1,left,0,1,18.888888888888914,True,
run_20260926_005346_067436,4983,165,2026-09-26T00:56:33.567,2,left,1,2,18.180555555555543,True,
run_20260926_005346_067436,4983,165,2026-09-26T00:56:33.567,3,left,2,3,18.875,True,
run_20260926_005346_067436,4983,165,2026-09-26T00:56:33.567,4,left,3,4,19.0,True,
run_20260926_005346_067436,4983,165,2026-09-26T00:56:33.567,5,left,4,5,19.0,True,
run_20260926_005346_067436,4983,165,2026-09-26T00:56:33.567,6,left,5,6,18.785714285714278,True,
run_20260926_005346_067436,4983,165,2026-09-26T00:56:33.567,7,left,6,7,18.589285714285722,True,
run_20260926_005346_067436,4983,165,2026-09-26T00:56:33.567,8,left,7,8,18.5,True,
run_20260926_005346_067436,4983,165,2026-09-26T00:56:33.567,9,left,8,9,19.025000000000006,True,
run_20260926_005346_067436,4983,165,2026-09-26T00:56:33.567,10,left,9,10,18.224999999999994,True,
run_20260926_005346_067436,4983,165,2026-09-26T00:56:33.567,11,left,10,11,18.875,True,
run_20260926_005346_067436,4983,165,2026-09-26T00:56:33.567,12,left,11,12,18.34615384615384,True,
run_20260926_005346_067436,4983,165,2026-09-26T00:56:33.567,1,right,0,1,18.944444444444457,True,
run_20260926_005346_067436,4983,165,2026-09-26T00:56:33.567,2,right,1,2,18.40170940170941,True,
run_20260926_005346_067436,4983,165,2026-09-26T00:56:33.567,3,right,2,3,18.790209790209758,True,
run_20260926_005346_067436,4983,165,2026-09-26T00:56:33.567,4,right,3,4,18.863636363636374,True,
run_20260926_005346_067436,4983,165,2026-09-26T00:56:33.567,5,right,4,5,19.0,True,
run_20260926_005346_067436,4983,165,2026-09-26T00:56:33.567,6,right,5,6,19.0,True,
run_20260926_005346_067436,4983,165,2026-09-26T00:56:33.567,7,right,6,7,19.0,True,
run_20260926_005346_067436,4983,165,2026-09-26T00:56:33.567,8,right,7,8,18.5,True,
run_20260926_005346_067436,4983,165,2026-09-26T00:56:33.567,9,right,8,9,18.5,True,
run_20260926_005346_067436,4983,165,2026-09-26T00:56:33.567,10,right,9,10,19.0,True,
run_20260926_005346_067436,4983,165,2026-09-26T00:56:33.567,11,right,10,11,18.0,True,
run_20260926_005346_067436,4983,165,2026-09-26T00:56:33.567,12,right,11,12,19.0,True,
run_20260926_005346_067436,5014,166,2026-09-26T00:56:34.596,1,left,0,1,18.888888888888914,True,
run_20260926_005346_067436,5014,166,2026-09-26T00:56:34.596,2,left,1,2,18.180555555555543,True,
run_20260926_005346_067436,5014,166,2026-09-26T00:56:34.596,3,left,2,3,18.875,True,
run_20260926_005346_067436,5014,166,2026-09-26T00:56:34.596,4,left,3,4,19.0,True,
run_20260926_005346_067436,5014,166,2026-09-26T00:56:34.596,5,left,4,5,19.0,True,
run_20260926_005346_067436,5014,166,2026-09-26T00:56:34.596,6,left,5,6,18.785714285714278,True,
run_20260926_005346_067436,5014,166,2026-09-26T00:56:34.596,7,left,6,7,18.589285714285722,True,
run_20260926_005346_067436,5014,166,2026-09-26T00:56:34.596,8,left,7,8,18.5,True,
run_20260926_005346_067436,5014,166,2026-09-26T00:56:34.596,9,left,8,9,19.025000000000006,True,
run_20260926_005346_067436,5014,166,2026-09-26T00:56:34.596,10,left,9,10,18.314285714285703,True,
run_20260926_005346_067436,5014,166,2026-09-26T00:56:34.596,11,left,10,11,18.785714285714292,True,
run_20260926_005346_067436,5014,166,2026-09-26T00:56:34.596,12,left,11,12,18.42857142857143,True,
run_20260926_005346_067436,5014,166,2026-09-26T00:56:34.596,1,right,0,1,18.944444444444457,True,
run_20260926_005346_067436,5014,166,2026-09-26T00:56:34.596,2,right,1,2,18.40170940170941,True,
run_20260926_005346_067436,5014,166,2026-09-26T00:56:34.596,3,right,2,3,18.903846153846132,True,
run_20260926_005346_067436,5014,166,2026-09-26T00:56:34.596,4,right,3,4,18.75,True,
run_20260926_005346_067436,5014,166,2026-09-26T00:56:34.596,5,right,4,5,19.0,True,
run_20260926_005346_067436,5014,166,2026-09-26T00:56:34.596,6,right,5,6,19.0,True,
run_20260926_005346_067436,5014,166,2026-09-26T00:56:34.596,7,right,6,7,19.0,True,
run_20260926_005346_067436,5014,166,2026-09-26T00:56:34.596,8,right,7,8,18.5,True,
run_20260926_005346_067436,5014,166,2026-09-26T00:56:34.596,9,right,8,9,18.5,True,
run_20260926_005346_067436,5014,166,2026-09-26T00:56:34.596,10,right,9,10,19.0,True,
run_20260926_005346_067436,5014,166,2026-09-26T00:56:34.596,11,right,10,11,18.0,True,
run_20260926_005346_067436,5014,166,2026-09-26T00:56:34.596,12,right,11,12,19.0,True,
run_20260926_005346_067436,5044,167,2026-09-26T00:56:35.601,1,left,0,1,18.888888888888914,True,
run_20260926_005346_067436,5044,167,2026-09-26T00:56:35.601,2,left,1,2,18.180555555555543,True,
run_20260926_005346_067436,5044,167,2026-09-26T00:56:35.601,3,left,2,3,18.875,True,
run_20260926_005346_067436,5044,167,2026-09-26T00:56:35.601,4,left,3,4,19.0,True,
run_20260926_005346_067436,5044,167,2026-09-26T00:56:35.601,5,left,4,5,19.0,True,
run_20260926_005346_067436,5044,167,2026-09-26T00:56:35.601,6,left,5,6,18.785714285714278,True,
run_20260926_005346_067436,5044,167,2026-09-26T00:56:35.601,7,left,6,7,18.589285714285722,True,
run_20260926_005346_067436,5044,167,2026-09-26T00:56:35.601,8,left,7,8,18.5,True,
run_20260926_005346_067436,5044,167,2026-09-26T00:56:35.601,9,left,8,9,19.025000000000006,True,
run_20260926_005346_067436,5044,167,2026-09-26T00:56:35.601,10,left,9,10,18.314285714285703,True,
run_20260926_005346_067436,5044,167,2026-09-26T00:56:35.601,11,left,10,11,18.785714285714292,True,
run_20260926_005346_067436,5044,167,2026-09-26T00:56:35.601,12,left,11,12,18.34615384615384,True,
run_20260926_005346_067436,5044,167,2026-09-26T00:56:35.601,1,right,0,1,18.944444444444457,True,
run_20260926_005346_067436,5044,167,2026-09-26T00:56:35.601,2,right,1,2,18.484126984126988,True,
run_20260926_005346_067436,5044,167,2026-09-26T00:56:35.601,3,right,2,3,18.70779220779218,True,
run_20260926_005346_067436,5044,167,2026-09-26T00:56:35.601,4,right,3,4,18.863636363636374,True,
run_20260926_005346_067436,5044,167,2026-09-26T00:56:35.601,5,right,4,5,19.0,True,
run_20260926_005346_067436,5044,167,2026-09-26T00:56:35.601,6,right,5,6,19.0,True,
run_20260926_005346_067436,5044,167,2026-09-26T00:56:35.601,7,right,6,7,19.0,True,
run_20260926_005346_067436,5044,167,2026-09-26T00:56:35.601,8,right,7,8,18.5,True,
run_20260926_005346_067436,5044,167,2026-09-26T00:56:35.601,9,right,8,9,18.5,True,
run_20260926_005346_067436,5044,167,2026-09-26T00:56:35.601,10,right,9,10,19.0,True,
run_20260926_005346_067436,5044,167,2026-09-26T00:56:35.601,11,right,10,11,18.0,True,
run_20260926_005346_067436,5044,167,2026-09-26T00:56:35.601,12,right,11,12,19.0,True,
run_20260926_005346_067436,5075,168,2026-09-26T00:56:36.630,1,left,0,1,18.888888888888914,True,
run_20260926_005346_067436,5075,168,2026-09-26T00:56:36.630,2,left,1,2,18.269841269841265,True,
run_20260926_005346_067436,5075,168,2026-09-26T00:56:36.630,3,left,2,3,18.785714285714278,True,
run_20260926_005346_067436,5075,168,2026-09-26T00:56:36.630,4,left,3,4,19.0,True,
run_20260926_005346_067436,5075,168,2026-09-26T00:56:36.630,5,left,4,5,19.0,True,
run_20260926_005346_067436,5075,168,2026-09-26T00:56:36.630,6,left,5,6,18.785714285714278,True,
run_20260926_005346_067436,5075,168,2026-09-26T00:56:36.630,7,left,6,7,18.589285714285722,True,
run_20260926_005346_067436,5075,168,2026-09-26T00:56:36.630,8,left,7,8,18.5,True,
run_20260926_005346_067436,5075,168,2026-09-26T00:56:36.630,9,left,8,9,19.025000000000006,True,
run_20260926_005346_067436,5075,168,2026-09-26T00:56:36.630,10,left,9,10,18.314285714285703,True,
run_20260926_005346_067436,5075,168,2026-09-26T00:56:36.630,11,left,10,11,18.785714285714292,True,
run_20260926_005346_067436,5075,168,2026-09-26T00:56:36.630,12,left,11,12,18.34615384615384,True,
run_20260926_005346_067436,5075,168,2026-09-26T00:56:36.630,1,right,0,1,18.944444444444457,True,
run_20260926_005346_067436,5075,168,2026-09-26T00:56:36.630,2,right,1,2,18.40170940170941,True,
run_20260926_005346_067436,5075,168,2026-09-26T00:56:36.630,3,right,2,3,18.790209790209758,True,
run_20260926_005346_067436,5075,168,2026-09-26T00:56:36.630,4,right,3,4,18.863636363636374,True,
run_20260926_005346_067436,5075,168,2026-09-26T00:56:36.630,5,right,4,5,19.0,True,
run_20260926_005346_067436,5075,168,2026-09-26T00:56:36.630,6,right,5,6,19.0,True,
run_20260926_005346_067436,5075,168,2026-09-26T00:56:36.630,7,right,6,7,19.0,True,
run_20260926_005346_067436,5075,168,2026-09-26T00:56:36.630,8,right,7,8,18.5,True,
run_20260926_005346_067436,5075,168,2026-09-26T00:56:36.630,9,right,8,9,18.5,True,
run_20260926_005346_067436,5075,168,2026-09-26T00:56:36.630,10,right,9,10,19.0,True,
run_20260926_005346_067436,5075,168,2026-09-26T00:56:36.630,11,right,10,11,18.0,True,
run_20260926_005346_067436,5075,168,2026-09-26T00:56:36.630,12,right,11,12,19.0,True,
run_20260926_005346_067436,5105,169,2026-09-26T00:56:37.633,1,left,0,1,18.888888888888914,True,
run_20260926_005346_067436,5105,169,2026-09-26T00:56:37.633,2,left,1,2,18.269841269841265,True,
run_20260926_005346_067436,5105,169,2026-09-26T00:56:37.633,3,left,2,3,18.785714285714278,True,
run_20260926_005346_067436,5105,169,2026-09-26T00:56:37.633,4,left,3,4,19.0,True,
run_20260926_005346_067436,5105,169,2026-09-26T00:56:37.633,5,left,4,5,19.0,True,
run_20260926_005346_067436,5105,169,2026-09-26T00:56:37.633,6,left,5,6,18.785714285714278,True,
run_20260926_005346_067436,5105,169,2026-09-26T00:56:37.633,7,left,6,7,18.589285714285722,True,
run_20260926_005346_067436,5105,169,2026-09-26T00:56:37.633,8,left,7,8,18.5,True,
run_20260926_005346_067436,5105,169,2026-09-26T00:56:37.633,9,left,8,9,19.025000000000006,True,
run_20260926_005346_067436,5105,169,2026-09-26T00:56:37.633,10,left,9,10,18.224999999999994,True,
run_20260926_005346_067436,5105,169,2026-09-26T00:56:37.633,11,left,10,11,18.875,True,
run_20260926_005346_067436,5105,169,2026-09-26T00:56:37.633,12,left,11,12,18.34615384615384,True,
run_20260926_005346_067436,5105,169,2026-09-26T00:56:37.633,1,right,0,1,18.944444444444457,True,
run_20260926_005346_067436,5105,169,2026-09-26T00:56:37.633,2,right,1,2,18.40170940170941,True,
run_20260926_005346_067436,5105,169,2026-09-26T00:56:37.633,3,right,2,3,18.790209790209758,True,
run_20260926_005346_067436,5105,169,2026-09-26T00:56:37.633,4,right,3,4,18.863636363636374,True,
run_20260926_005346_067436,5105,169,2026-09-26T00:56:37.633,5,right,4,5,19.0,True,
run_20260926_005346_067436,5105,169,2026-09-26T00:56:37.633,6,right,5,6,19.0,True,
run_20260926_005346_067436,5105,169,2026-09-26T00:56:37.633,7,right,6,7,19.0,True,
run_20260926_005346_067436,5105,169,2026-09-26T00:56:37.633,8,right,7,8,18.5,True,
run_20260926_005346_067436,5105,169,2026-09-26T00:56:37.633,9,right,8,9,18.5,True,
run_20260926_005346_067436,5105,169,2026-09-26T00:56:37.633,10,right,9,10,19.0,True,
run_20260926_005346_067436,5105,169,2026-09-26T00:56:37.633,11,right,10,11,18.0,True,
run_20260926_005346_067436,5105,169,2026-09-26T00:56:37.633,12,right,11,12,19.0,True,
run_20260926_005346_067436,5136,170,2026-09-26T00:56:38.665,1,left,0,1,18.888888888888914,True,
run_20260926_005346_067436,5136,170,2026-09-26T00:56:38.665,2,left,1,2,18.269841269841265,True,
run_20260926_005346_067436,5136,170,2026-09-26T00:56:38.665,3,left,2,3,18.785714285714278,True,
run_20260926_005346_067436,5136,170,2026-09-26T00:56:38.665,4,left,3,4,19.0,True,
run_20260926_005346_067436,5136,170,2026-09-26T00:56:38.665,5,left,4,5,19.0,True,
run_20260926_005346_067436,5136,170,2026-09-26T00:56:38.665,6,left,5,6,18.785714285714278,True,
run_20260926_005346_067436,5136,170,2026-09-26T00:56:38.665,7,left,6,7,18.589285714285722,True,
run_20260926_005346_067436,5136,170,2026-09-26T00:56:38.665,8,left,7,8,18.5,True,
run_20260926_005346_067436,5136,170,2026-09-26T00:56:38.665,9,left,8,9,19.025000000000006,True,
run_20260926_005346_067436,5136,170,2026-09-26T00:56:38.665,10,left,9,10,18.224999999999994,True,
run_20260926_005346_067436,5136,170,2026-09-26T00:56:38.665,11,left,10,11,18.875,True,
run_20260926_005346_067436,5136,170,2026-09-26T00:56:38.665,12,left,11,12,18.34615384615384,True,
run_20260926_005346_067436,5136,170,2026-09-26T00:56:38.665,1,right,0,1,18.944444444444457,True,
run_20260926_005346_067436,5136,170,2026-09-26T00:56:38.665,2,right,1,2,18.40170940170941,True,
run_20260926_005346_067436,5136,170,2026-09-26T00:56:38.665,3,right,2,3,18.790209790209758,True,
run_20260926_005346_067436,5136,170,2026-09-26T00:56:38.665,4,right,3,4,18.863636363636374,True,
run_20260926_005346_067436,5136,170,2026-09-26T00:56:38.665,5,right,4,5,19.0,True,
run_20260926_005346_067436,5136,170,2026-09-26T00:56:38.665,6,right,5,6,19.0,True,
run_20260926_005346_067436,5136,170,2026-09-26T00:56:38.665,7,right,6,7,19.0,True,
run_20260926_005346_067436,5136,170,2026-09-26T00:56:38.665,8,right,7,8,18.5,True,
run_20260926_005346_067436,5136,170,2026-09-26T00:56:38.665,9,right,8,9,18.5,True,
run_20260926_005346_067436,5136,170,2026-09-26T00:56:38.665,10,right,9,10,19.0,True,
run_20260926_005346_067436,5136,170,2026-09-26T00:56:38.665,11,right,10,11,18.0,True,
run_20260926_005346_067436,5136,170,2026-09-26T00:56:38.665,12,right,11,12,19.0,True,
run_20260926_005346_067436,5166,171,2026-09-26T00:56:39.665,1,left,0,1,18.888888888888914,True,
run_20260926_005346_067436,5166,171,2026-09-26T00:56:39.665,2,left,1,2,18.180555555555543,True,
run_20260926_005346_067436,5166,171,2026-09-26T00:56:39.665,3,left,2,3,18.875,True,
run_20260926_005346_067436,5166,171,2026-09-26T00:56:39.665,4,left,3,4,19.0,True,
run_20260926_005346_067436,5166,171,2026-09-26T00:56:39.665,5,left,4,5,19.0,True,
run_20260926_005346_067436,5166,171,2026-09-26T00:56:39.665,6,left,5,6,18.785714285714278,True,
run_20260926_005346_067436,5166,171,2026-09-26T00:56:39.665,7,left,6,7,18.589285714285722,True,
run_20260926_005346_067436,5166,171,2026-09-26T00:56:39.665,8,left,7,8,18.5,True,
run_20260926_005346_067436,5166,171,2026-09-26T00:56:39.665,9,left,8,9,19.025000000000006,True,
run_20260926_005346_067436,5166,171,2026-09-26T00:56:39.665,10,left,9,10,18.314285714285703,True,
run_20260926_005346_067436,5166,171,2026-09-26T00:56:39.665,11,left,10,11,18.785714285714292,True,
run_20260926_005346_067436,5166,171,2026-09-26T00:56:39.665,12,left,11,12,18.34615384615384,True,
run_20260926_005346_067436,5166,171,2026-09-26T00:56:39.665,1,right,0,1,18.944444444444457,True,
run_20260926_005346_067436,5166,171,2026-09-26T00:56:39.665,2,right,1,2,18.40170940170941,True,
run_20260926_005346_067436,5166,171,2026-09-26T00:56:39.665,3,right,2,3,18.790209790209758,True,
run_20260926_005346_067436,5166,171,2026-09-26T00:56:39.665,4,right,3,4,18.863636363636374,True,
run_20260926_005346_067436,5166,171,2026-09-26T00:56:39.665,5,right,4,5,19.0,True,
run_20260926_005346_067436,5166,171,2026-09-26T00:56:39.665,6,right,5,6,19.0,True,
run_20260926_005346_067436,5166,171,2026-09-26T00:56:39.665,7,right,6,7,19.0,True,
run_20260926_005346_067436,5166,171,2026-09-26T00:56:39.665,8,right,7,8,18.5,True,
run_20260926_005346_067436,5166,171,2026-09-26T00:56:39.665,9,right,8,9,18.5,True,
run_20260926_005346_067436,5166,171,2026-09-26T00:56:39.665,10,right,9,10,19.0,True,
run_20260926_005346_067436,5166,171,2026-09-26T00:56:39.665,11,right,10,11,18.0,True,
run_20260926_005346_067436,5166,171,2026-09-26T00:56:39.665,12,right,11,12,19.0,True,
run_20260926_005346_067436,5196,172,2026-09-26T00:56:40.670,1,left,0,1,18.888888888888914,True,
run_20260926_005346_067436,5196,172,2026-09-26T00:56:40.670,2,left,1,2,18.269841269841265,True,
run_20260926_005346_067436,5196,172,2026-09-26T00:56:40.670,3,left,2,3,18.785714285714278,True,
run_20260926_005346_067436,5196,172,2026-09-26T00:56:40.670,4,left,3,4,19.0,True,
run_20260926_005346_067436,5196,172,2026-09-26T00:56:40.670,5,left,4,5,19.0,True,
run_20260926_005346_067436,5196,172,2026-09-26T00:56:40.670,6,left,5,6,18.785714285714278,True,
run_20260926_005346_067436,5196,172,2026-09-26T00:56:40.670,7,left,6,7,18.589285714285722,True,
run_20260926_005346_067436,5196,172,2026-09-26T00:56:40.670,8,left,7,8,18.5,True,
run_20260926_005346_067436,5196,172,2026-09-26T00:56:40.670,9,left,8,9,19.025000000000006,True,
run_20260926_005346_067436,5196,172,2026-09-26T00:56:40.670,10,left,9,10,18.224999999999994,True,
run_20260926_005346_067436,5196,172,2026-09-26T00:56:40.670,11,left,10,11,18.875,True,
run_20260926_005346_067436,5196,172,2026-09-26T00:56:40.670,12,left,11,12,18.34615384615384,True,
run_20260926_005346_067436,5196,172,2026-09-26T00:56:40.670,1,right,0,1,18.944444444444457,True,
run_20260926_005346_067436,5196,172,2026-09-26T00:56:40.670,2,right,1,2,18.484126984126988,True,
run_20260926_005346_067436,5196,172,2026-09-26T00:56:40.670,3,right,2,3,18.70779220779218,True,
run_20260926_005346_067436,5196,172,2026-09-26T00:56:40.670,4,right,3,4,18.863636363636374,True,
run_20260926_005346_067436,5196,172,2026-09-26T00:56:40.670,5,right,4,5,19.0,True,
run_20260926_005346_067436,5196,172,2026-09-26T00:56:40.670,6,right,5,6,19.0,True,
run_20260926_005346_067436,5196,172,2026-09-26T00:56:40.670,7,right,6,7,19.0,True,
run_20260926_005346_067436,5196,172,2026-09-26T00:56:40.670,8,right,7,8,18.5,True,
run_20260926_005346_067436,5196,172,2026-09-26T00:56:40.670,9,right,8,9,18.5,True,
run_20260926_005346_067436,5196,172,2026-09-26T00:56:40.670,10,right,9,10,19.0,True,
run_20260926_005346_067436,5196,172,2026-09-26T00:56:40.670,11,right,10,11,18.0,True,
run_20260926_005346_067436,5196,172,2026-09-26T00:56:40.670,12,right,11,12,19.0,True,
run_20260926_005346_067436,5227,173,2026-09-26T00:56:41.699,1,left,0,1,18.888888888888914,True,
run_20260926_005346_067436,5227,173,2026-09-26T00:56:41.699,2,left,1,2,18.180555555555543,True,
run_20260926_005346_067436,5227,173,2026-09-26T00:56:41.699,3,left,2,3,18.875,True,
run_20260926_005346_067436,5227,173,2026-09-26T00:56:41.699,4,left,3,4,19.0,True,
run_20260926_005346_067436,5227,173,2026-09-26T00:56:41.699,5,left,4,5,19.0,True,
run_20260926_005346_067436,5227,173,2026-09-26T00:56:41.699,6,left,5,6,18.785714285714278,True,
run_20260926_005346_067436,5227,173,2026-09-26T00:56:41.699,7,left,6,7,18.589285714285722,True,
run_20260926_005346_067436,5227,173,2026-09-26T00:56:41.699,8,left,7,8,18.5,True,
run_20260926_005346_067436,5227,173,2026-09-26T00:56:41.699,9,left,8,9,19.025000000000006,True,
run_20260926_005346_067436,5227,173,2026-09-26T00:56:41.699,10,left,9,10,18.224999999999994,True,
run_20260926_005346_067436,5227,173,2026-09-26T00:56:41.699,11,left,10,11,18.875,True,
run_20260926_005346_067436,5227,173,2026-09-26T00:56:41.699,12,left,11,12,18.25,True,
run_20260926_005346_067436,5227,173,2026-09-26T00:56:41.699,1,right,0,1,18.944444444444457,True,
run_20260926_005346_067436,5227,173,2026-09-26T00:56:41.699,2,right,1,2,18.484126984126988,True,
run_20260926_005346_067436,5227,173,2026-09-26T00:56:41.699,3,right,2,3,18.821428571428555,True,
run_20260926_005346_067436,5227,173,2026-09-26T00:56:41.699,4,right,3,4,18.75,True,
run_20260926_005346_067436,5227,173,2026-09-26T00:56:41.699,5,right,4,5,19.0,True,
run_20260926_005346_067436,5227,173,2026-09-26T00:56:41.699,6,right,5,6,19.0,True,
run_20260926_005346_067436,5227,173,2026-09-26T00:56:41.699,7,right,6,7,19.0,True,
run_20260926_005346_067436,5227,173,2026-09-26T00:56:41.699,8,right,7,8,18.5,True,
run_20260926_005346_067436,5227,173,2026-09-26T00:56:41.699,9,right,8,9,18.5,True,
run_20260926_005346_067436,5227,173,2026-09-26T00:56:41.699,10,right,9,10,19.0,True,
run_20260926_005346_067436,5227,173,2026-09-26T00:56:41.699,11,right,10,11,18.0,True,
run_20260926_005346_067436,5227,173,2026-09-26T00:56:41.699,12,right,11,12,19.0,True,
run_20260926_005346_067436,5258,174,2026-09-26T00:56:42.730,1,left,0,1,18.888888888888914,True,
run_20260926_005346_067436,5258,174,2026-09-26T00:56:42.730,2,left,1,2,18.180555555555543,True,
run_20260926_005346_067436,5258,174,2026-09-26T00:56:42.730,3,left,2,3,18.875,True,
run_20260926_005346_067436,5258,174,2026-09-26T00:56:42.730,4,left,3,4,19.0,True,
run_20260926_005346_067436,5258,174,2026-09-26T00:56:42.730,5,left,4,5,19.0,True,
run_20260926_005346_067436,5258,174,2026-09-26T00:56:42.730,6,left,5,6,18.785714285714278,True,
run_20260926_005346_067436,5258,174,2026-09-26T00:56:42.730,7,left,6,7,18.589285714285722,True,
run_20260926_005346_067436,5258,174,2026-09-26T00:56:42.730,8,left,7,8,18.5,True,
run_20260926_005346_067436,5258,174,2026-09-26T00:56:42.730,9,left,8,9,19.025000000000006,True,
run_20260926_005346_067436,5258,174,2026-09-26T00:56:42.730,10,left,9,10,18.224999999999994,True,
run_20260926_005346_067436,5258,174,2026-09-26T00:56:42.730,11,left,10,11,18.875,True,
run_20260926_005346_067436,5258,174,2026-09-26T00:56:42.730,12,left,11,12,18.25,True,
run_20260926_005346_067436,5258,174,2026-09-26T00:56:42.730,1,right,0,1,18.944444444444457,True,
run_20260926_005346_067436,5258,174,2026-09-26T00:56:42.730,2,right,1,2,18.484126984126988,True,
run_20260926_005346_067436,5258,174,2026-09-26T00:56:42.730,3,right,2,3,18.821428571428555,True,
run_20260926_005346_067436,5258,174,2026-09-26T00:56:42.730,4,right,3,4,18.75,True,
run_20260926_005346_067436,5258,174,2026-09-26T00:56:42.730,5,right,4,5,19.0,True,
run_20260926_005346_067436,5258,174,2026-09-26T00:56:42.730,6,right,5,6,19.0,True,
run_20260926_005346_067436,5258,174,2026-09-26T00:56:42.730,7,right,6,7,19.0,True,
run_20260926_005346_067436,5258,174,2026-09-26T00:56:42.730,8,right,7,8,18.5,True,
run_20260926_005346_067436,5258,174,2026-09-26T00:56:42.730,9,right,8,9,18.5,True,
run_20260926_005346_067436,5258,174,2026-09-26T00:56:42.730,10,right,9,10,19.0,True,
run_20260926_005346_067436,5258,174,2026-09-26T00:56:42.730,11,right,10,11,18.0,True,
run_20260926_005346_067436,5258,174,2026-09-26T00:56:42.730,12,right,11,12,19.0,True,
run_20260926_005346_067436,5288,175,2026-09-26T00:56:43.734,1,left,0,1,18.888888888888914,True,
run_20260926_005346_067436,5288,175,2026-09-26T00:56:43.734,2,left,1,2,18.180555555555543,True,
run_20260926_005346_067436,5288,175,2026-09-26T00:56:43.734,3,left,2,3,18.875,True,
run_20260926_005346_067436,5288,175,2026-09-26T00:56:43.734,4,left,3,4,19.0,True,
run_20260926_005346_067436,5288,175,2026-09-26T00:56:43.734,5,left,4,5,19.0,True,
run_20260926_005346_067436,5288,175,2026-09-26T00:56:43.734,6,left,5,6,18.785714285714278,True,
run_20260926_005346_067436,5288,175,2026-09-26T00:56:43.734,7,left,6,7,18.589285714285722,True,
run_20260926_005346_067436,5288,175,2026-09-26T00:56:43.734,8,left,7,8,18.5,True,
run_20260926_005346_067436,5288,175,2026-09-26T00:56:43.734,9,left,8,9,19.025000000000006,True,
run_20260926_005346_067436,5288,175,2026-09-26T00:56:43.734,10,left,9,10,18.314285714285703,True,
run_20260926_005346_067436,5288,175,2026-09-26T00:56:43.734,11,left,10,11,18.785714285714292,True,
run_20260926_005346_067436,5288,175,2026-09-26T00:56:43.734,12,left,11,12,18.34615384615384,True,
run_20260926_005346_067436,5288,175,2026-09-26T00:56:43.734,1,right,0,1,18.944444444444457,True,
run_20260926_005346_067436,5288,175,2026-09-26T00:56:43.734,2,right,1,2,18.484126984126988,True,
run_20260926_005346_067436,5288,175,2026-09-26T00:56:43.734,3,right,2,3,18.821428571428555,True,
run_20260926_005346_067436,5288,175,2026-09-26T00:56:43.734,4,right,3,4,18.75,True,
run_20260926_005346_067436,5288,175,2026-09-26T00:56:43.734,5,right,4,5,19.0,True,
run_20260926_005346_067436,5288,175,2026-09-26T00:56:43.734,6,right,5,6,19.0,True,
run_20260926_005346_067436,5288,175,2026-09-26T00:56:43.734,7,right,6,7,19.0,True,
run_20260926_005346_067436,5288,175,2026-09-26T00:56:43.734,8,right,7,8,18.5,True,
run_20260926_005346_067436,5288,175,2026-09-26T00:56:43.734,9,right,8,9,18.5,True,
run_20260926_005346_067436,5288,175,2026-09-26T00:56:43.734,10,right,9,10,19.0,True,
run_20260926_005346_067436,5288,175,2026-09-26T00:56:43.734,11,right,10,11,18.0,True,
run_20260926_005346_067436,5288,175,2026-09-26T00:56:43.734,12,right,11,12,19.0,True,
run_20260926_005346_067436,5319,176,2026-09-26T00:56:44.764,1,left,0,1,18.888888888888914,True,
run_20260926_005346_067436,5319,176,2026-09-26T00:56:44.764,2,left,1,2,18.180555555555543,True,
run_20260926_005346_067436,5319,176,2026-09-26T00:56:44.764,3,left,2,3,18.875,True,
run_20260926_005346_067436,5319,176,2026-09-26T00:56:44.764,4,left,3,4,19.0,True,
run_20260926_005346_067436,5319,176,2026-09-26T00:56:44.764,5,left,4,5,19.0,True,
run_20260926_005346_067436,5319,176,2026-09-26T00:56:44.764,6,left,5,6,18.785714285714278,True,
run_20260926_005346_067436,5319,176,2026-09-26T00:56:44.764,7,left,6,7,18.589285714285722,True,
run_20260926_005346_067436,5319,176,2026-09-26T00:56:44.764,8,left,7,8,18.5,True,
run_20260926_005346_067436,5319,176,2026-09-26T00:56:44.764,9,left,8,9,19.025000000000006,True,
run_20260926_005346_067436,5319,176,2026-09-26T00:56:44.764,10,left,9,10,18.314285714285703,True,
run_20260926_005346_067436,5319,176,2026-09-26T00:56:44.764,11,left,10,11,18.785714285714292,True,
run_20260926_005346_067436,5319,176,2026-09-26T00:56:44.764,12,left,11,12,18.25,True,
run_20260926_005346_067436,5319,176,2026-09-26T00:56:44.764,1,right,0,1,18.944444444444457,True,
run_20260926_005346_067436,5319,176,2026-09-26T00:56:44.764,2,right,1,2,18.484126984126988,True,
run_20260926_005346_067436,5319,176,2026-09-26T00:56:44.764,3,right,2,3,18.821428571428555,True,
run_20260926_005346_067436,5319,176,2026-09-26T00:56:44.764,4,right,3,4,18.75,True,
run_20260926_005346_067436,5319,176,2026-09-26T00:56:44.764,5,right,4,5,19.0,True,
run_20260926_005346_067436,5319,176,2026-09-26T00:56:44.764,6,right,5,6,19.0,True,
run_20260926_005346_067436,5319,176,2026-09-26T00:56:44.764,7,right,6,7,19.0,True,
run_20260926_005346_067436,5319,176,2026-09-26T00:56:44.764,8,right,7,8,18.5,True,
run_20260926_005346_067436,5319,176,2026-09-26T00:56:44.764,9,right,8,9,18.5,True,
run_20260926_005346_067436,5319,176,2026-09-26T00:56:44.764,10,right,9,10,19.0,True,
run_20260926_005346_067436,5319,176,2026-09-26T00:56:44.764,11,right,10,11,18.0,True,
run_20260926_005346_067436,5319,176,2026-09-26T00:56:44.764,12,right,11,12,19.0,True,
run_20260926_005346_067436,5350,177,2026-09-26T00:56:45.796,1,left,0,1,18.888888888888914,True,
run_20260926_005346_067436,5350,177,2026-09-26T00:56:45.796,2,left,1,2,18.180555555555543,True,
run_20260926_005346_067436,5350,177,2026-09-26T00:56:45.796,3,left,2,3,18.875,True,
run_20260926_005346_067436,5350,177,2026-09-26T00:56:45.796,4,left,3,4,19.0,True,
run_20260926_005346_067436,5350,177,2026-09-26T00:56:45.796,5,left,4,5,19.0,True,
run_20260926_005346_067436,5350,177,2026-09-26T00:56:45.796,6,left,5,6,18.785714285714278,True,
run_20260926_005346_067436,5350,177,2026-09-26T00:56:45.796,7,left,6,7,18.589285714285722,True,
run_20260926_005346_067436,5350,177,2026-09-26T00:56:45.796,8,left,7,8,18.5,True,
run_20260926_005346_067436,5350,177,2026-09-26T00:56:45.796,9,left,8,9,19.025000000000006,True,
run_20260926_005346_067436,5350,177,2026-09-26T00:56:45.796,10,left,9,10,18.314285714285703,True,
run_20260926_005346_067436,5350,177,2026-09-26T00:56:45.796,11,left,10,11,18.785714285714292,True,
run_20260926_005346_067436,5350,177,2026-09-26T00:56:45.796,12,left,11,12,18.34615384615384,True,
run_20260926_005346_067436,5350,177,2026-09-26T00:56:45.796,1,right,0,1,18.944444444444457,True,
run_20260926_005346_067436,5350,177,2026-09-26T00:56:45.796,2,right,1,2,18.484126984126988,True,
run_20260926_005346_067436,5350,177,2026-09-26T00:56:45.796,3,right,2,3,18.821428571428555,True,
run_20260926_005346_067436,5350,177,2026-09-26T00:56:45.796,4,right,3,4,18.75,True,
run_20260926_005346_067436,5350,177,2026-09-26T00:56:45.796,5,right,4,5,19.0,True,
run_20260926_005346_067436,5350,177,2026-09-26T00:56:45.796,6,right,5,6,19.0,True,
run_20260926_005346_067436,5350,177,2026-09-26T00:56:45.796,7,right,6,7,19.0,True,
run_20260926_005346_067436,5350,177,2026-09-26T00:56:45.796,8,right,7,8,18.5,True,
run_20260926_005346_067436,5350,177,2026-09-26T00:56:45.796,9,right,8,9,18.5,True,
run_20260926_005346_067436,5350,177,2026-09-26T00:56:45.796,10,right,9,10,19.0,True,
run_20260926_005346_067436,5350,177,2026-09-26T00:56:45.796,11,right,10,11,18.0,True,
run_20260926_005346_067436,5350,177,2026-09-26T00:56:45.796,12,right,11,12,19.0,True,
run_20260926_005346_067436,5380,178,2026-09-26T00:56:46.801,1,left,0,1,18.888888888888914,True,
run_20260926_005346_067436,5380,178,2026-09-26T00:56:46.801,2,left,1,2,18.180555555555543,True,
run_20260926_005346_067436,5380,178,2026-09-26T00:56:46.801,3,left,2,3,18.875,True,
run_20260926_005346_067436,5380,178,2026-09-26T00:56:46.801,4,left,3,4,19.0,True,
run_20260926_005346_067436,5380,178,2026-09-26T00:56:46.801,5,left,4,5,19.0,True,
run_20260926_005346_067436,5380,178,2026-09-26T00:56:46.801,6,left,5,6,18.785714285714278,True,
run_20260926_005346_067436,5380,178,2026-09-26T00:56:46.801,7,left,6,7,18.589285714285722,True,
run_20260926_005346_067436,5380,178,2026-09-26T00:56:46.801,8,left,7,8,18.5,True,
run_20260926_005346_067436,5380,178,2026-09-26T00:56:46.801,9,left,8,9,19.025000000000006,True,
run_20260926_005346_067436,5380,178,2026-09-26T00:56:46.801,10,left,9,10,18.314285714285703,True,
run_20260926_005346_067436,5380,178,2026-09-26T00:56:46.801,11,left,10,11,18.785714285714292,True,
run_20260926_005346_067436,5380,178,2026-09-26T00:56:46.801,12,left,11,12,18.34615384615384,True,
run_20260926_005346_067436,5380,178,2026-09-26T00:56:46.801,1,right,0,1,18.944444444444457,True,
run_20260926_005346_067436,5380,178,2026-09-26T00:56:46.801,2,right,1,2,18.484126984126988,True,
run_20260926_005346_067436,5380,178,2026-09-26T00:56:46.801,3,right,2,3,18.70779220779218,True,
run_20260926_005346_067436,5380,178,2026-09-26T00:56:46.801,4,right,3,4,18.863636363636374,True,
run_20260926_005346_067436,5380,178,2026-09-26T00:56:46.801,5,right,4,5,19.0,True,
run_20260926_005346_067436,5380,178,2026-09-26T00:56:46.801,6,right,5,6,19.0,True,
run_20260926_005346_067436,5380,178,2026-09-26T00:56:46.801,7,right,6,7,19.0,True,
run_20260926_005346_067436,5380,178,2026-09-26T00:56:46.801,8,right,7,8,18.5,True,
run_20260926_005346_067436,5380,178,2026-09-26T00:56:46.801,9,right,8,9,18.5,True,
run_20260926_005346_067436,5380,178,2026-09-26T00:56:46.801,10,right,9,10,19.0,True,
run_20260926_005346_067436,5380,178,2026-09-26T00:56:46.801,11,right,10,11,18.0,True,
run_20260926_005346_067436,5380,178,2026-09-26T00:56:46.801,12,right,11,12,19.0,True,
run_20260926_005346_067436,5411,179,2026-09-26T00:56:47.834,1,left,0,1,18.888888888888914,True,
run_20260926_005346_067436,5411,179,2026-09-26T00:56:47.834,2,left,1,2,18.180555555555543,True,
run_20260926_005346_067436,5411,179,2026-09-26T00:56:47.834,3,left,2,3,18.875,True,
run_20260926_005346_067436,5411,179,2026-09-26T00:56:47.834,4,left,3,4,19.0,True,
run_20260926_005346_067436,5411,179,2026-09-26T00:56:47.834,5,left,4,5,19.0,True,
run_20260926_005346_067436,5411,179,2026-09-26T00:56:47.834,6,left,5,6,18.785714285714278,True,
run_20260926_005346_067436,5411,179,2026-09-26T00:56:47.834,7,left,6,7,18.589285714285722,True,
run_20260926_005346_067436,5411,179,2026-09-26T00:56:47.834,8,left,7,8,18.5,True,
run_20260926_005346_067436,5411,179,2026-09-26T00:56:47.834,9,left,8,9,19.025000000000006,True,
run_20260926_005346_067436,5411,179,2026-09-26T00:56:47.834,10,left,9,10,18.314285714285703,True,
run_20260926_005346_067436,5411,179,2026-09-26T00:56:47.834,11,left,10,11,18.785714285714292,True,
run_20260926_005346_067436,5411,179,2026-09-26T00:56:47.834,12,left,11,12,18.34615384615384,True,
run_20260926_005346_067436,5411,179,2026-09-26T00:56:47.834,1,right,0,1,18.944444444444457,True,
run_20260926_005346_067436,5411,179,2026-09-26T00:56:47.834,2,right,1,2,18.484126984126988,True,
run_20260926_005346_067436,5411,179,2026-09-26T00:56:47.834,3,right,2,3,18.70779220779218,True,
run_20260926_005346_067436,5411,179,2026-09-26T00:56:47.834,4,right,3,4,18.863636363636374,True,
run_20260926_005346_067436,5411,179,2026-09-26T00:56:47.834,5,right,4,5,19.0,True,
run_20260926_005346_067436,5411,179,2026-09-26T00:56:47.834,6,right,5,6,19.0,True,
run_20260926_005346_067436,5411,179,2026-09-26T00:56:47.834,7,right,6,7,19.0,True,
run_20260926_005346_067436,5411,179,2026-09-26T00:56:47.834,8,right,7,8,18.5,True,
run_20260926_005346_067436,5411,179,2026-09-26T00:56:47.834,9,right,8,9,18.5,True,
run_20260926_005346_067436,5411,179,2026-09-26T00:56:47.834,10,right,9,10,19.0,True,
run_20260926_005346_067436,5411,179,2026-09-26T00:56:47.834,11,right,10,11,18.0,True,
run_20260926_005346_067436,5411,179,2026-09-26T00:56:47.834,12,right,11,12,19.0,True,
run_20260926_005346_067436,5441,180,2026-09-26T00:56:48.834,1,left,0,1,18.888888888888914,True,
run_20260926_005346_067436,5441,180,2026-09-26T00:56:48.834,2,left,1,2,18.180555555555543,True,
run_20260926_005346_067436,5441,180,2026-09-26T00:56:48.834,3,left,2,3,18.875,True,
run_20260926_005346_067436,5441,180,2026-09-26T00:56:48.834,4,left,3,4,19.0,True,
run_20260926_005346_067436,5441,180,2026-09-26T00:56:48.834,5,left,4,5,19.0,True,
run_20260926_005346_067436,5441,180,2026-09-26T00:56:48.834,6,left,5,6,18.785714285714278,True,
run_20260926_005346_067436,5441,180,2026-09-26T00:56:48.834,7,left,6,7,18.589285714285722,True,
run_20260926_005346_067436,5441,180,2026-09-26T00:56:48.834,8,left,7,8,18.5,True,
run_20260926_005346_067436,5441,180,2026-09-26T00:56:48.834,9,left,8,9,19.025000000000006,True,
run_20260926_005346_067436,5441,180,2026-09-26T00:56:48.834,10,left,9,10,18.314285714285703,True,
run_20260926_005346_067436,5441,180,2026-09-26T00:56:48.834,11,left,10,11,18.785714285714292,True,
run_20260926_005346_067436,5441,180,2026-09-26T00:56:48.834,12,left,11,12,18.34615384615384,True,
run_20260926_005346_067436,5441,180,2026-09-26T00:56:48.834,1,right,0,1,18.944444444444457,True,
run_20260926_005346_067436,5441,180,2026-09-26T00:56:48.834,2,right,1,2,18.484126984126988,True,
run_20260926_005346_067436,5441,180,2026-09-26T00:56:48.834,3,right,2,3,18.821428571428555,True,
run_20260926_005346_067436,5441,180,2026-09-26T00:56:48.834,4,right,3,4,18.75,True,
run_20260926_005346_067436,5441,180,2026-09-26T00:56:48.834,5,right,4,5,19.0,True,
run_20260926_005346_067436,5441,180,2026-09-26T00:56:48.834,6,right,5,6,19.0,True,
run_20260926_005346_067436,5441,180,2026-09-26T00:56:48.834,7,right,6,7,19.0,True,
run_20260926_005346_067436,5441,180,2026-09-26T00:56:48.834,8,right,7,8,18.5,True,
run_20260926_005346_067436,5441,180,2026-09-26T00:56:48.834,9,right,8,9,18.5,True,
run_20260926_005346_067436,5441,180,2026-09-26T00:56:48.834,10,right,9,10,19.0,True,
run_20260926_005346_067436,5441,180,2026-09-26T00:56:48.834,11,right,10,11,18.0,True,
run_20260926_005346_067436,5441,180,2026-09-26T00:56:48.834,12,right,11,12,19.0,True,
run_20260926_005346_067436,5472,181,2026-09-26T00:56:49.870,1,left,0,1,18.888888888888914,True,
run_20260926_005346_067436,5472,181,2026-09-26T00:56:49.870,2,left,1,2,18.180555555555543,True,
run_20260926_005346_067436,5472,181,2026-09-26T00:56:49.870,3,left,2,3,18.875,True,
run_20260926_005346_067436,5472,181,2026-09-26T00:56:49.870,4,left,3,4,19.0,True,
run_20260926_005346_067436,5472,181,2026-09-26T00:56:49.870,5,left,4,5,19.0,True,
run_20260926_005346_067436,5472,181,2026-09-26T00:56:49.870,6,left,5,6,18.785714285714278,True,
run_20260926_005346_067436,5472,181,2026-09-26T00:56:49.870,7,left,6,7,18.589285714285722,True,
run_20260926_005346_067436,5472,181,2026-09-26T00:56:49.870,8,left,7,8,18.5,True,
run_20260926_005346_067436,5472,181,2026-09-26T00:56:49.870,9,left,8,9,19.025000000000006,True,
run_20260926_005346_067436,5472,181,2026-09-26T00:56:49.870,10,left,9,10,18.314285714285703,True,
run_20260926_005346_067436,5472,181,2026-09-26T00:56:49.870,11,left,10,11,18.785714285714292,True,
run_20260926_005346_067436,5472,181,2026-09-26T00:56:49.870,12,left,11,12,18.34615384615384,True,
run_20260926_005346_067436,5472,181,2026-09-26T00:56:49.870,1,right,0,1,18.944444444444457,True,
run_20260926_005346_067436,5472,181,2026-09-26T00:56:49.870,2,right,1,2,18.484126984126988,True,
run_20260926_005346_067436,5472,181,2026-09-26T00:56:49.870,3,right,2,3,18.821428571428555,True,
run_20260926_005346_067436,5472,181,2026-09-26T00:56:49.870,4,right,3,4,18.75,True,
run_20260926_005346_067436,5472,181,2026-09-26T00:56:49.870,5,right,4,5,19.0,True,
run_20260926_005346_067436,5472,181,2026-09-26T00:56:49.870,6,right,5,6,19.0,True,
run_20260926_005346_067436,5472,181,2026-09-26T00:56:49.870,7,right,6,7,19.0,True,
run_20260926_005346_067436,5472,181,2026-09-26T00:56:49.870,8,right,7,8,18.5,True,
run_20260926_005346_067436,5472,181,2026-09-26T00:56:49.870,9,right,8,9,18.5,True,
run_20260926_005346_067436,5472,181,2026-09-26T00:56:49.870,10,right,9,10,19.0,True,
run_20260926_005346_067436,5472,181,2026-09-26T00:56:49.870,11,right,10,11,18.0,True,
run_20260926_005346_067436,5472,181,2026-09-26T00:56:49.870,12,right,11,12,19.0,True,
run_20260926_005346_067436,5503,182,2026-09-26T00:56:50.899,1,left,0,1,18.888888888888914,True,
run_20260926_005346_067436,5503,182,2026-09-26T00:56:50.899,2,left,1,2,18.180555555555543,True,
run_20260926_005346_067436,5503,182,2026-09-26T00:56:50.899,3,left,2,3,18.875,True,
run_20260926_005346_067436,5503,182,2026-09-26T00:56:50.899,4,left,3,4,19.0,True,
run_20260926_005346_067436,5503,182,2026-09-26T00:56:50.899,5,left,4,5,19.0,True,
run_20260926_005346_067436,5503,182,2026-09-26T00:56:50.899,6,left,5,6,18.785714285714278,True,
run_20260926_005346_067436,5503,182,2026-09-26T00:56:50.899,7,left,6,7,18.589285714285722,True,
run_20260926_005346_067436,5503,182,2026-09-26T00:56:50.899,8,left,7,8,18.5,True,
run_20260926_005346_067436,5503,182,2026-09-26T00:56:50.899,9,left,8,9,19.025000000000006,True,
run_20260926_005346_067436,5503,182,2026-09-26T00:56:50.899,10,left,9,10,18.314285714285703,True,
run_20260926_005346_067436,5503,182,2026-09-26T00:56:50.899,11,left,10,11,18.785714285714292,True,
run_20260926_005346_067436,5503,182,2026-09-26T00:56:50.899,12,left,11,12,18.34615384615384,True,
run_20260926_005346_067436,5503,182,2026-09-26T00:56:50.899,1,right,0,1,18.944444444444457,True,
run_20260926_005346_067436,5503,182,2026-09-26T00:56:50.899,2,right,1,2,18.484126984126988,True,
run_20260926_005346_067436,5503,182,2026-09-26T00:56:50.899,3,right,2,3,18.821428571428555,True,
run_20260926_005346_067436,5503,182,2026-09-26T00:56:50.899,4,right,3,4,18.75,True,
run_20260926_005346_067436,5503,182,2026-09-26T00:56:50.899,5,right,4,5,19.0,True,
run_20260926_005346_067436,5503,182,2026-09-26T00:56:50.899,6,right,5,6,19.0,True,
run_20260926_005346_067436,5503,182,2026-09-26T00:56:50.899,7,right,6,7,18.65384615384619,True,
run_20260926_005346_067436,5503,182,2026-09-26T00:56:50.899,8,right,7,8,18.84615384615381,True,
run_20260926_005346_067436,5503,182,2026-09-26T00:56:50.899,9,right,8,9,18.5,True,
run_20260926_005346_067436,5503,182,2026-09-26T00:56:50.899,10,right,9,10,19.0,True,
run_20260926_005346_067436,5503,182,2026-09-26T00:56:50.899,11,right,10,11,18.0,True,
run_20260926_005346_067436,5503,182,2026-09-26T00:56:50.899,12,right,11,12,19.0,True,
run_20260926_005346_067436,5534,183,2026-09-26T00:56:51.932,1,left,0,1,18.888888888888914,True,
run_20260926_005346_067436,5534,183,2026-09-26T00:56:51.932,2,left,1,2,18.180555555555543,True,
run_20260926_005346_067436,5534,183,2026-09-26T00:56:51.932,3,left,2,3,18.875,True,
run_20260926_005346_067436,5534,183,2026-09-26T00:56:51.932,4,left,3,4,19.0,True,
run_20260926_005346_067436,5534,183,2026-09-26T00:56:51.932,5,left,4,5,19.0,True,
run_20260926_005346_067436,5534,183,2026-09-26T00:56:51.932,6,left,5,6,18.785714285714278,True,
run_20260926_005346_067436,5534,183,2026-09-26T00:56:51.932,7,left,6,7,18.589285714285722,True,
run_20260926_005346_067436,5534,183,2026-09-26T00:56:51.932,8,left,7,8,18.5,True,
run_20260926_005346_067436,5534,183,2026-09-26T00:56:51.932,9,left,8,9,19.025000000000006,True,
run_20260926_005346_067436,5534,183,2026-09-26T00:56:51.932,10,left,9,10,18.314285714285703,True,
run_20260926_005346_067436,5534,183,2026-09-26T00:56:51.932,11,left,10,11,18.785714285714292,True,
run_20260926_005346_067436,5534,183,2026-09-26T00:56:51.932,12,left,11,12,18.25,True,
run_20260926_005346_067436,5534,183,2026-09-26T00:56:51.932,1,right,0,1,18.944444444444457,True,
run_20260926_005346_067436,5534,183,2026-09-26T00:56:51.932,2,right,1,2,18.484126984126988,True,
run_20260926_005346_067436,5534,183,2026-09-26T00:56:51.932,3,right,2,3,18.821428571428555,True,
run_20260926_005346_067436,5534,183,2026-09-26T00:56:51.932,4,right,3,4,18.75,True,
run_20260926_005346_067436,5534,183,2026-09-26T00:56:51.932,5,right,4,5,19.0,True,
run_20260926_005346_067436,5534,183,2026-09-26T00:56:51.932,6,right,5,6,19.0,True,
run_20260926_005346_067436,5534,183,2026-09-26T00:56:51.932,7,right,6,7,19.0,True,
run_20260926_005346_067436,5534,183,2026-09-26T00:56:51.932,8,right,7,8,18.5,True,
run_20260926_005346_067436,5534,183,2026-09-26T00:56:51.932,9,right,8,9,18.5,True,
run_20260926_005346_067436,5534,183,2026-09-26T00:56:51.932,10,right,9,10,19.0,True,
run_20260926_005346_067436,5534,183,2026-09-26T00:56:51.932,11,right,10,11,18.0,True,
run_20260926_005346_067436,5534,183,2026-09-26T00:56:51.932,12,right,11,12,19.0,True,
run_20260926_005346_067436,5564,184,2026-09-26T00:56:52.937,1,left,0,1,18.888888888888914,True,
run_20260926_005346_067436,5564,184,2026-09-26T00:56:52.937,2,left,1,2,18.180555555555543,True,
run_20260926_005346_067436,5564,184,2026-09-26T00:56:52.937,3,left,2,3,18.875,True,
run_20260926_005346_067436,5564,184,2026-09-26T00:56:52.937,4,left,3,4,19.0,True,
run_20260926_005346_067436,5564,184,2026-09-26T00:56:52.937,5,left,4,5,19.0,True,
run_20260926_005346_067436,5564,184,2026-09-26T00:56:52.937,6,left,5,6,18.785714285714278,True,
run_20260926_005346_067436,5564,184,2026-09-26T00:56:52.937,7,left,6,7,18.589285714285722,True,
run_20260926_005346_067436,5564,184,2026-09-26T00:56:52.937,8,left,7,8,18.5,True,
run_20260926_005346_067436,5564,184,2026-09-26T00:56:52.937,9,left,8,9,19.025000000000006,True,
run_20260926_005346_067436,5564,184,2026-09-26T00:56:52.937,10,left,9,10,18.314285714285703,True,
run_20260926_005346_067436,5564,184,2026-09-26T00:56:52.937,11,left,10,11,18.785714285714292,True,
run_20260926_005346_067436,5564,184,2026-09-26T00:56:52.937,12,left,11,12,18.25,True,
run_20260926_005346_067436,5564,184,2026-09-26T00:56:52.937,1,right,0,1,18.944444444444457,True,
run_20260926_005346_067436,5564,184,2026-09-26T00:56:52.937,2,right,1,2,18.484126984126988,True,
run_20260926_005346_067436,5564,184,2026-09-26T00:56:52.937,3,right,2,3,18.821428571428555,True,
run_20260926_005346_067436,5564,184,2026-09-26T00:56:52.937,4,right,3,4,18.75,True,
run_20260926_005346_067436,5564,184,2026-09-26T00:56:52.937,5,right,4,5,19.0,True,
run_20260926_005346_067436,5564,184,2026-09-26T00:56:52.937,6,right,5,6,19.0,True,
run_20260926_005346_067436,5564,184,2026-09-26T00:56:52.937,7,right,6,7,19.0,True,
run_20260926_005346_067436,5564,184,2026-09-26T00:56:52.937,8,right,7,8,18.5,True,
run_20260926_005346_067436,5564,184,2026-09-26T00:56:52.937,9,right,8,9,18.5,True,
run_20260926_005346_067436,5564,184,2026-09-26T00:56:52.937,10,right,9,10,19.0,True,
run_20260926_005346_067436,5564,184,2026-09-26T00:56:52.937,11,right,10,11,18.0,True,
run_20260926_005346_067436,5564,184,2026-09-26T00:56:52.937,12,right,11,12,19.0,True,
run_20260926_005346_067436,5595,185,2026-09-26T00:56:53.967,1,left,0,1,18.888888888888914,True,
run_20260926_005346_067436,5595,185,2026-09-26T00:56:53.967,2,left,1,2,18.45555555555555,True,
run_20260926_005346_067436,5595,185,2026-09-26T00:56:53.967,3,left,2,3,18.599999999999994,True,
run_20260926_005346_067436,5595,185,2026-09-26T00:56:53.967,4,left,3,4,19.0,True,
run_20260926_005346_067436,5595,185,2026-09-26T00:56:53.967,5,left,4,5,19.0,True,
run_20260926_005346_067436,5595,185,2026-09-26T00:56:53.967,6,left,5,6,18.785714285714278,True,
run_20260926_005346_067436,5595,185,2026-09-26T00:56:53.967,7,left,6,7,18.589285714285722,True,
run_20260926_005346_067436,5595,185,2026-09-26T00:56:53.967,8,left,7,8,18.5,True,
run_20260926_005346_067436,5595,185,2026-09-26T00:56:53.967,9,left,8,9,19.025000000000006,True,
run_20260926_005346_067436,5595,185,2026-09-26T00:56:53.967,10,left,9,10,18.314285714285703,True,
run_20260926_005346_067436,5595,185,2026-09-26T00:56:53.967,11,left,10,11,18.785714285714292,True,
run_20260926_005346_067436,5595,185,2026-09-26T00:56:53.967,12,left,11,12,18.25,True,
run_20260926_005346_067436,5595,185,2026-09-26T00:56:53.967,1,right,0,1,18.944444444444457,True,
run_20260926_005346_067436,5595,185,2026-09-26T00:56:53.967,2,right,1,2,18.484126984126988,True,
run_20260926_005346_067436,5595,185,2026-09-26T00:56:53.967,3,right,2,3,18.917582417582366,True,
run_20260926_005346_067436,5595,185,2026-09-26T00:56:53.967,4,right,3,4,18.65384615384619,True,
run_20260926_005346_067436,5595,185,2026-09-26T00:56:53.967,5,right,4,5,19.0,True,
run_20260926_005346_067436,5595,185,2026-09-26T00:56:53.967,6,right,5,6,19.0,True,
run_20260926_005346_067436,5595,185,2026-09-26T00:56:53.967,7,right,6,7,19.0,True,
run_20260926_005346_067436,5595,185,2026-09-26T00:56:53.967,8,right,7,8,18.5,True,
run_20260926_005346_067436,5595,185,2026-09-26T00:56:53.967,9,right,8,9,18.5,True,
run_20260926_005346_067436,5595,185,2026-09-26T00:56:53.967,10,right,9,10,19.0,True,
run_20260926_005346_067436,5595,185,2026-09-26T00:56:53.967,11,right,10,11,18.0,True,
run_20260926_005346_067436,5595,185,2026-09-26T00:56:53.967,12,right,11,12,19.0,True,
run_20260926_005346_067436,5625,186,2026-09-26T00:56:55.101,1,left,0,1,18.888888888888914,True,
run_20260926_005346_067436,5625,186,2026-09-26T00:56:55.101,2,left,1,2,18.45555555555555,True,
run_20260926_005346_067436,5625,186,2026-09-26T00:56:55.101,3,left,2,3,18.599999999999994,True,
run_20260926_005346_067436,5625,186,2026-09-26T00:56:55.101,4,left,3,4,19.0,True,
run_20260926_005346_067436,5625,186,2026-09-26T00:56:55.101,5,left,4,5,19.0,True,
run_20260926_005346_067436,5625,186,2026-09-26T00:56:55.101,6,left,5,6,18.785714285714278,True,
run_20260926_005346_067436,5625,186,2026-09-26T00:56:55.101,7,left,6,7,18.589285714285722,True,
run_20260926_005346_067436,5625,186,2026-09-26T00:56:55.101,8,left,7,8,18.625,True,
run_20260926_005346_067436,5625,186,2026-09-26T00:56:55.101,9,left,8,9,18.900000000000006,True,
run_20260926_005346_067436,5625,186,2026-09-26T00:56:55.101,10,left,9,10,18.314285714285703,True,
run_20260926_005346_067436,5625,186,2026-09-26T00:56:55.101,11,left,10,11,18.785714285714292,True,
run_20260926_005346_067436,5625,186,2026-09-26T00:56:55.101,12,left,11,12,18.34615384615384,True,
run_20260926_005346_067436,5625,186,2026-09-26T00:56:55.101,1,right,0,1,18.944444444444457,True,
run_20260926_005346_067436,5625,186,2026-09-26T00:56:55.101,2,right,1,2,18.484126984126988,True,
run_20260926_005346_067436,5625,186,2026-09-26T00:56:55.101,3,right,2,3,18.917582417582366,True,
run_20260926_005346_067436,5625,186,2026-09-26T00:56:55.101,4,right,3,4,18.65384615384619,True,
run_20260926_005346_067436,5625,186,2026-09-26T00:56:55.101,5,right,4,5,19.0,True,
run_20260926_005346_067436,5625,186,2026-09-26T00:56:55.101,6,right,5,6,19.0,True,
run_20260926_005346_067436,5625,186,2026-09-26T00:56:55.101,7,right,6,7,19.0,True,
run_20260926_005346_067436,5625,186,2026-09-26T00:56:55.101,8,right,7,8,18.5,True,
run_20260926_005346_067436,5625,186,2026-09-26T00:56:55.101,9,right,8,9,18.5,True,
run_20260926_005346_067436,5625,186,2026-09-26T00:56:55.101,10,right,9,10,19.0,True,
run_20260926_005346_067436,5625,186,2026-09-26T00:56:55.101,11,right,10,11,18.0,True,
run_20260926_005346_067436,5625,186,2026-09-26T00:56:55.101,12,right,11,12,19.0,True,
run_20260926_005346_067436,5654,187,2026-09-26T00:56:56.101,1,left,0,1,18.944444444444457,True,
run_20260926_005346_067436,5654,187,2026-09-26T00:56:56.101,2,left,1,2,18.5,True,
run_20260926_005346_067436,5654,187,2026-09-26T00:56:56.101,3,left,2,3,18.5,True,
run_20260926_005346_067436,5654,187,2026-09-26T00:56:56.101,4,left,3,4,19.0,True,
run_20260926_005346_067436,5654,187,2026-09-26T00:56:56.101,5,left,4,5,19.0,True,
run_20260926_005346_067436,5654,187,2026-09-26T00:56:56.101,6,left,5,6,18.785714285714278,True,
run_20260926_005346_067436,5654,187,2026-09-26T00:56:56.101,7,left,6,7,18.589285714285722,True,
run_20260926_005346_067436,5654,187,2026-09-26T00:56:56.101,8,left,7,8,18.5,True,
run_20260926_005346_067436,5654,187,2026-09-26T00:56:56.101,9,left,8,9,19.025000000000006,True,
run_20260926_005346_067436,5654,187,2026-09-26T00:56:56.101,10,left,9,10,18.314285714285703,True,
run_20260926_005346_067436,5654,187,2026-09-26T00:56:56.101,11,left,10,11,18.785714285714292,True,
run_20260926_005346_067436,5654,187,2026-09-26T00:56:56.101,12,left,11,12,18.42857142857143,True,
run_20260926_005346_067436,5654,187,2026-09-26T00:56:56.101,1,right,0,1,18.944444444444457,True,
run_20260926_005346_067436,5654,187,2026-09-26T00:56:56.101,2,right,1,2,18.484126984126988,True,
run_20260926_005346_067436,5654,187,2026-09-26T00:56:56.101,3,right,2,3,18.917582417582366,True,
run_20260926_005346_067436,5654,187,2026-09-26T00:56:56.101,4,right,3,4,18.65384615384619,True,
run_20260926_005346_067436,5654,187,2026-09-26T00:56:56.101,5,right,4,5,19.0,True,
run_20260926_005346_067436,5654,187,2026-09-26T00:56:56.101,6,right,5,6,19.0,True,
run_20260926_005346_067436,5654,187,2026-09-26T00:56:56.101,7,right,6,7,18.5,True,
run_20260926_005346_067436,5654,187,2026-09-26T00:56:56.101,8,right,7,8,19.0,True,
run_20260926_005346_067436,5654,187,2026-09-26T00:56:56.101,9,right,8,9,18.5,True,
run_20260926_005346_067436,5654,187,2026-09-26T00:56:56.101,10,right,9,10,19.0,True,
run_20260926_005346_067436,5654,187,2026-09-26T00:56:56.101,11,right,10,11,18.5,True,
run_20260926_005346_067436,5654,187,2026-09-26T00:56:56.101,12,right,11,12,18.5,True,
run_20260926_005346_067436,5685,188,2026-09-26T00:56:57.130,1,left,0,1,18.888888888888914,True,
run_20260926_005346_067436,5685,188,2026-09-26T00:56:57.130,2,left,1,2,18.555555555555543,True,
run_20260926_005346_067436,5685,188,2026-09-26T00:56:57.130,3,left,2,3,18.5,True,
run_20260926_005346_067436,5685,188,2026-09-26T00:56:57.130,4,left,3,4,19.0,True,
run_20260926_005346_067436,5685,188,2026-09-26T00:56:57.130,5,left,4,5,19.0,True,
run_20260926_005346_067436,5685,188,2026-09-26T00:56:57.130,6,left,5,6,18.785714285714278,True,
run_20260926_005346_067436,5685,188,2026-09-26T00:56:57.130,7,left,6,7,18.589285714285722,True,
run_20260926_005346_067436,5685,188,2026-09-26T00:56:57.130,8,left,7,8,18.5,True,
run_20260926_005346_067436,5685,188,2026-09-26T00:56:57.130,9,left,8,9,19.025000000000006,True,
run_20260926_005346_067436,5685,188,2026-09-26T00:56:57.130,10,left,9,10,18.314285714285703,True,
run_20260926_005346_067436,5685,188,2026-09-26T00:56:57.130,11,left,10,11,18.785714285714292,True,
run_20260926_005346_067436,5685,188,2026-09-26T00:56:57.130,12,left,11,12,18.34615384615384,True,
run_20260926_005346_067436,5685,188,2026-09-26T00:56:57.130,1,right,0,1,18.944444444444457,True,
run_20260926_005346_067436,5685,188,2026-09-26T00:56:57.130,2,right,1,2,18.484126984126988,True,
run_20260926_005346_067436,5685,188,2026-09-26T00:56:57.130,3,right,2,3,18.917582417582366,True,
run_20260926_005346_067436,5685,188,2026-09-26T00:56:57.130,4,right,3,4,18.65384615384619,True,
run_20260926_005346_067436,5685,188,2026-09-26T00:56:57.130,5,right,4,5,19.0,True,
run_20260926_005346_067436,5685,188,2026-09-26T00:56:57.130,6,right,5,6,19.0,True,
run_20260926_005346_067436,5685,188,2026-09-26T00:56:57.130,7,right,6,7,18.5,True,
run_20260926_005346_067436,5685,188,2026-09-26T00:56:57.130,8,right,7,8,19.0,True,
run_20260926_005346_067436,5685,188,2026-09-26T00:56:57.130,9,right,8,9,18.928571428571445,True,
run_20260926_005346_067436,5685,188,2026-09-26T00:56:57.130,10,right,9,10,18.571428571428555,True,
run_20260926_005346_067436,5685,188,2026-09-26T00:56:57.130,11,right,10,11,18.5,True,
run_20260926_005346_067436,5685,188,2026-09-26T00:56:57.130,12,right,11,12,18.5,True,
run_20260926_005346_067436,5715,189,2026-09-26T00:56:58.134,1,left,0,1,18.888888888888914,True,
run_20260926_005346_067436,5715,189,2026-09-26T00:56:58.134,2,left,1,2,18.555555555555543,True,
run_20260926_005346_067436,5715,189,2026-09-26T00:56:58.134,3,left,2,3,18.5,True,
run_20260926_005346_067436,5715,189,2026-09-26T00:56:58.134,4,left,3,4,19.0,True,
run_20260926_005346_067436,5715,189,2026-09-26T00:56:58.134,5,left,4,5,19.0,True,
run_20260926_005346_067436,5715,189,2026-09-26T00:56:58.134,6,left,5,6,18.785714285714278,True,
run_20260926_005346_067436,5715,189,2026-09-26T00:56:58.134,7,left,6,7,18.589285714285722,True,
run_20260926_005346_067436,5715,189,2026-09-26T00:56:58.134,8,left,7,8,18.5,True,
run_20260926_005346_067436,5715,189,2026-09-26T00:56:58.134,9,left,8,9,19.025000000000006,True,
run_20260926_005346_067436,5715,189,2026-09-26T00:56:58.134,10,left,9,10,18.314285714285703,True,
run_20260926_005346_067436,5715,189,2026-09-26T00:56:58.134,11,left,10,11,18.785714285714292,True,
run_20260926_005346_067436,5715,189,2026-09-26T00:56:58.134,12,left,11,12,18.25,True,
run_20260926_005346_067436,5715,189,2026-09-26T00:56:58.134,1,right,0,1,18.944444444444457,True,
run_20260926_005346_067436,5715,189,2026-09-26T00:56:58.134,2,right,1,2,18.484126984126988,True,
run_20260926_005346_067436,5715,189,2026-09-26T00:56:58.134,3,right,2,3,18.917582417582366,True,
run_20260926_005346_067436,5715,189,2026-09-26T00:56:58.134,4,right,3,4,18.65384615384619,True,
run_20260926_005346_067436,5715,189,2026-09-26T00:56:58.134,5,right,4,5,19.0,True,
run_20260926_005346_067436,5715,189,2026-09-26T00:56:58.134,6,right,5,6,19.0,True,
run_20260926_005346_067436,5715,189,2026-09-26T00:56:58.134,7,right,6,7,18.5,True,
run_20260926_005346_067436,5715,189,2026-09-26T00:56:58.134,8,right,7,8,19.0,True,
run_20260926_005346_067436,5715,189,2026-09-26T00:56:58.134,9,right,8,9,19.0,True,
run_20260926_005346_067436,5715,189,2026-09-26T00:56:58.134,10,right,9,10,18.5,True,
run_20260926_005346_067436,5715,189,2026-09-26T00:56:58.134,11,right,10,11,18.5,True,
run_20260926_005346_067436,5715,189,2026-09-26T00:56:58.134,12,right,11,12,18.5,True,
run_20260926_005346_067436,5746,190,2026-09-26T00:56:59.164,1,left,0,1,18.888888888888914,True,
run_20260926_005346_067436,5746,190,2026-09-26T00:56:59.164,2,left,1,2,18.555555555555543,True,
run_20260926_005346_067436,5746,190,2026-09-26T00:56:59.164,3,left,2,3,18.5,True,
run_20260926_005346_067436,5746,190,2026-09-26T00:56:59.164,4,left,3,4,19.0,True,
run_20260926_005346_067436,5746,190,2026-09-26T00:56:59.164,5,left,4,5,19.0,True,
run_20260926_005346_067436,5746,190,2026-09-26T00:56:59.164,6,left,5,6,18.785714285714278,True,
run_20260926_005346_067436,5746,190,2026-09-26T00:56:59.164,7,left,6,7,18.589285714285722,True,
run_20260926_005346_067436,5746,190,2026-09-26T00:56:59.164,8,left,7,8,18.625,True,
run_20260926_005346_067436,5746,190,2026-09-26T00:56:59.164,9,left,8,9,18.900000000000006,True,
run_20260926_005346_067436,5746,190,2026-09-26T00:56:59.164,10,left,9,10,18.314285714285703,True,
run_20260926_005346_067436,5746,190,2026-09-26T00:56:59.164,11,left,10,11,18.785714285714292,True,
run_20260926_005346_067436,5746,190,2026-09-26T00:56:59.164,12,left,11,12,18.25,True,
run_20260926_005346_067436,5746,190,2026-09-26T00:56:59.164,1,right,0,1,18.944444444444457,True,
run_20260926_005346_067436,5746,190,2026-09-26T00:56:59.164,2,right,1,2,18.484126984126988,True,
run_20260926_005346_067436,5746,190,2026-09-26T00:56:59.164,3,right,2,3,18.917582417582366,True,
run_20260926_005346_067436,5746,190,2026-09-26T00:56:59.164,4,right,3,4,18.65384615384619,True,
run_20260926_005346_067436,5746,190,2026-09-26T00:56:59.164,5,right,4,5,19.0,True,
run_20260926_005346_067436,5746,190,2026-09-26T00:56:59.164,6,right,5,6,19.0,True,
run_20260926_005346_067436,5746,190,2026-09-26T00:56:59.164,7,right,6,7,18.5,True,
run_20260926_005346_067436,5746,190,2026-09-26T00:56:59.164,8,right,7,8,19.0,True,
run_20260926_005346_067436,5746,190,2026-09-26T00:56:59.164,9,right,8,9,19.0,True,
run_20260926_005346_067436,5746,190,2026-09-26T00:56:59.164,10,right,9,10,18.5,True,
run_20260926_005346_067436,5746,190,2026-09-26T00:56:59.164,11,right,10,11,18.5,True,
run_20260926_005346_067436,5746,190,2026-09-26T00:56:59.164,12,right,11,12,18.5,True,
run_20260926_005346_067436,5776,191,2026-09-26T00:57:00.167,1,left,0,1,18.944444444444457,True,
run_20260926_005346_067436,5776,191,2026-09-26T00:57:00.167,2,left,1,2,18.5,True,
run_20260926_005346_067436,5776,191,2026-09-26T00:57:00.167,3,left,2,3,18.5,True,
run_20260926_005346_067436,5776,191,2026-09-26T00:57:00.167,4,left,3,4,19.0,True,
run_20260926_005346_067436,5776,191,2026-09-26T00:57:00.167,5,left,4,5,19.0,True,
run_20260926_005346_067436,5776,191,2026-09-26T00:57:00.167,6,left,5,6,18.785714285714278,True,
run_20260926_005346_067436,5776,191,2026-09-26T00:57:00.167,7,left,6,7,18.589285714285722,True,
run_20260926_005346_067436,5776,191,2026-09-26T00:57:00.167,8,left,7,8,18.5,True,
run_20260926_005346_067436,5776,191,2026-09-26T00:57:00.167,9,left,8,9,19.025000000000006,True,
run_20260926_005346_067436,5776,191,2026-09-26T00:57:00.167,10,left,9,10,18.314285714285703,True,
run_20260926_005346_067436,5776,191,2026-09-26T00:57:00.167,11,left,10,11,18.785714285714292,True,
run_20260926_005346_067436,5776,191,2026-09-26T00:57:00.167,12,left,11,12,18.25,True,
run_20260926_005346_067436,5776,191,2026-09-26T00:57:00.167,1,right,0,1,18.944444444444457,True,
run_20260926_005346_067436,5776,191,2026-09-26T00:57:00.167,2,right,1,2,18.484126984126988,True,
run_20260926_005346_067436,5776,191,2026-09-26T00:57:00.167,3,right,2,3,18.917582417582366,True,
run_20260926_005346_067436,5776,191,2026-09-26T00:57:00.167,4,right,3,4,18.65384615384619,True,
run_20260926_005346_067436,5776,191,2026-09-26T00:57:00.167,5,right,4,5,19.0,True,
run_20260926_005346_067436,5776,191,2026-09-26T00:57:00.167,6,right,5,6,19.0,True,
run_20260926_005346_067436,5776,191,2026-09-26T00:57:00.167,7,right,6,7,18.5,True,
run_20260926_005346_067436,5776,191,2026-09-26T00:57:00.167,8,right,7,8,19.0,True,
run_20260926_005346_067436,5776,191,2026-09-26T00:57:00.167,9,right,8,9,19.0,True,
run_20260926_005346_067436,5776,191,2026-09-26T00:57:00.167,10,right,9,10,18.5,True,
run_20260926_005346_067436,5776,191,2026-09-26T00:57:00.167,11,right,10,11,18.5,True,
run_20260926_005346_067436,5776,191,2026-09-26T00:57:00.167,12,right,11,12,18.5,True,
run_20260926_005346_067436,5807,192,2026-09-26T00:57:01.205,1,left,0,1,18.888888888888914,True,
run_20260926_005346_067436,5807,192,2026-09-26T00:57:01.205,2,left,1,2,18.555555555555543,True,
run_20260926_005346_067436,5807,192,2026-09-26T00:57:01.205,3,left,2,3,18.5,True,
run_20260926_005346_067436,5807,192,2026-09-26T00:57:01.205,4,left,3,4,19.0,True,
run_20260926_005346_067436,5807,192,2026-09-26T00:57:01.205,5,left,4,5,19.0,True,
run_20260926_005346_067436,5807,192,2026-09-26T00:57:01.205,6,left,5,6,18.785714285714278,True,
run_20260926_005346_067436,5807,192,2026-09-26T00:57:01.205,7,left,6,7,18.589285714285722,True,
run_20260926_005346_067436,5807,192,2026-09-26T00:57:01.205,8,left,7,8,18.5,True,
run_20260926_005346_067436,5807,192,2026-09-26T00:57:01.205,9,left,8,9,19.025000000000006,True,
run_20260926_005346_067436,5807,192,2026-09-26T00:57:01.205,10,left,9,10,18.314285714285703,True,
run_20260926_005346_067436,5807,192,2026-09-26T00:57:01.205,11,left,10,11,18.785714285714292,True,
run_20260926_005346_067436,5807,192,2026-09-26T00:57:01.205,12,left,11,12,18.25,True,
run_20260926_005346_067436,5807,192,2026-09-26T00:57:01.205,1,right,0,1,18.944444444444457,True,
run_20260926_005346_067436,5807,192,2026-09-26T00:57:01.205,2,right,1,2,18.484126984126988,True,
run_20260926_005346_067436,5807,192,2026-09-26T00:57:01.205,3,right,2,3,18.917582417582366,True,
run_20260926_005346_067436,5807,192,2026-09-26T00:57:01.205,4,right,3,4,18.65384615384619,True,
run_20260926_005346_067436,5807,192,2026-09-26T00:57:01.205,5,right,4,5,19.0,True,
run_20260926_005346_067436,5807,192,2026-09-26T00:57:01.205,6,right,5,6,19.0,True,
run_20260926_005346_067436,5807,192,2026-09-26T00:57:01.205,7,right,6,7,18.5,True,
run_20260926_005346_067436,5807,192,2026-09-26T00:57:01.205,8,right,7,8,19.0,True,
run_20260926_005346_067436,5807,192,2026-09-26T00:57:01.205,9,right,8,9,19.0,True,
run_20260926_005346_067436,5807,192,2026-09-26T00:57:01.205,10,right,9,10,18.5,True,
run_20260926_005346_067436,5807,192,2026-09-26T00:57:01.205,11,right,10,11,18.5,True,
run_20260926_005346_067436,5807,192,2026-09-26T00:57:01.205,12,right,11,12,18.5,True,
run_20260926_005346_067436,5838,193,2026-09-26T00:57:02.230,1,left,0,1,18.944444444444457,True,
run_20260926_005346_067436,5838,193,2026-09-26T00:57:02.230,2,left,1,2,18.5,True,
run_20260926_005346_067436,5838,193,2026-09-26T00:57:02.230,3,left,2,3,18.5,True,
run_20260926_005346_067436,5838,193,2026-09-26T00:57:02.230,4,left,3,4,19.0,True,
run_20260926_005346_067436,5838,193,2026-09-26T00:57:02.230,5,left,4,5,19.0,True,
run_20260926_005346_067436,5838,193,2026-09-26T00:57:02.230,6,left,5,6,18.785714285714278,True,
run_20260926_005346_067436,5838,193,2026-09-26T00:57:02.230,7,left,6,7,18.589285714285722,True,
run_20260926_005346_067436,5838,193,2026-09-26T00:57:02.230,8,left,7,8,18.5,True,
run_20260926_005346_067436,5838,193,2026-09-26T00:57:02.230,9,left,8,9,19.025000000000006,True,
run_20260926_005346_067436,5838,193,2026-09-26T00:57:02.230,10,left,9,10,18.314285714285703,True,
run_20260926_005346_067436,5838,193,2026-09-26T00:57:02.230,11,left,10,11,18.785714285714292,True,
run_20260926_005346_067436,5838,193,2026-09-26T00:57:02.230,12,left,11,12,18.25,True,
run_20260926_005346_067436,5838,193,2026-09-26T00:57:02.230,1,right,0,1,18.944444444444457,True,
run_20260926_005346_067436,5838,193,2026-09-26T00:57:02.230,2,right,1,2,18.484126984126988,True,
run_20260926_005346_067436,5838,193,2026-09-26T00:57:02.230,3,right,2,3,19.0,True,
run_20260926_005346_067436,5838,193,2026-09-26T00:57:02.230,4,right,3,4,18.571428571428555,True,
run_20260926_005346_067436,5838,193,2026-09-26T00:57:02.230,5,right,4,5,19.0,True,
run_20260926_005346_067436,5838,193,2026-09-26T00:57:02.230,6,right,5,6,19.0,True,
run_20260926_005346_067436,5838,193,2026-09-26T00:57:02.230,7,right,6,7,18.5,True,
run_20260926_005346_067436,5838,193,2026-09-26T00:57:02.230,8,right,7,8,19.0,True,
run_20260926_005346_067436,5838,193,2026-09-26T00:57:02.230,9,right,8,9,19.0,True,
run_20260926_005346_067436,5838,193,2026-09-26T00:57:02.230,10,right,9,10,18.5,True,
run_20260926_005346_067436,5838,193,2026-09-26T00:57:02.230,11,right,10,11,18.5,True,
run_20260926_005346_067436,5838,193,2026-09-26T00:57:02.230,12,right,11,12,18.5,True,
run_20260926_005346_067436,5869,194,2026-09-26T00:57:03.263,1,left,0,1,18.888888888888914,True,
run_20260926_005346_067436,5869,194,2026-09-26T00:57:03.263,2,left,1,2,18.555555555555543,True,
run_20260926_005346_067436,5869,194,2026-09-26T00:57:03.263,3,left,2,3,18.5,True,
run_20260926_005346_067436,5869,194,2026-09-26T00:57:03.263,4,left,3,4,19.0,True,
run_20260926_005346_067436,5869,194,2026-09-26T00:57:03.263,5,left,4,5,19.0,True,
run_20260926_005346_067436,5869,194,2026-09-26T00:57:03.263,6,left,5,6,18.785714285714278,True,
run_20260926_005346_067436,5869,194,2026-09-26T00:57:03.263,7,left,6,7,18.589285714285722,True,
run_20260926_005346_067436,5869,194,2026-09-26T00:57:03.263,8,left,7,8,18.625,True,
run_20260926_005346_067436,5869,194,2026-09-26T00:57:03.263,9,left,8,9,18.900000000000006,True,
run_20260926_005346_067436,5869,194,2026-09-26T00:57:03.263,10,left,9,10,18.314285714285703,True,
run_20260926_005346_067436,5869,194,2026-09-26T00:57:03.263,11,left,10,11,18.785714285714292,True,
run_20260926_005346_067436,5869,194,2026-09-26T00:57:03.263,12,left,11,12,18.34615384615384,True,
run_20260926_005346_067436,5869,194,2026-09-26T00:57:03.263,1,right,0,1,18.944444444444457,True,
run_20260926_005346_067436,5869,194,2026-09-26T00:57:03.263,2,right,1,2,18.484126984126988,True,
run_20260926_005346_067436,5869,194,2026-09-26T00:57:03.263,3,right,2,3,18.917582417582366,True,
run_20260926_005346_067436,5869,194,2026-09-26T00:57:03.263,4,right,3,4,18.65384615384619,True,
run_20260926_005346_067436,5869,194,2026-09-26T00:57:03.263,5,right,4,5,19.0,True,
run_20260926_005346_067436,5869,194,2026-09-26T00:57:03.263,6,right,5,6,19.0,True,
run_20260926_005346_067436,5869,194,2026-09-26T00:57:03.263,7,right,6,7,18.5,True,
run_20260926_005346_067436,5869,194,2026-09-26T00:57:03.263,8,right,7,8,19.0,True,
run_20260926_005346_067436,5869,194,2026-09-26T00:57:03.263,9,right,8,9,19.0,True,
run_20260926_005346_067436,5869,194,2026-09-26T00:57:03.263,10,right,9,10,18.5,True,
run_20260926_005346_067436,5869,194,2026-09-26T00:57:03.263,11,right,10,11,18.5,True,
run_20260926_005346_067436,5869,194,2026-09-26T00:57:03.263,12,right,11,12,18.5,True,
run_20260926_005346_067436,5899,195,2026-09-26T00:57:04.267,1,left,0,1,18.888888888888914,True,
run_20260926_005346_067436,5899,195,2026-09-26T00:57:04.267,2,left,1,2,18.555555555555543,True,
run_20260926_005346_067436,5899,195,2026-09-26T00:57:04.267,3,left,2,3,18.5,True,
run_20260926_005346_067436,5899,195,2026-09-26T00:57:04.267,4,left,3,4,19.0,True,
run_20260926_005346_067436,5899,195,2026-09-26T00:57:04.267,5,left,4,5,19.0,True,
run_20260926_005346_067436,5899,195,2026-09-26T00:57:04.267,6,left,5,6,18.785714285714278,True,
run_20260926_005346_067436,5899,195,2026-09-26T00:57:04.267,7,left,6,7,18.589285714285722,True,
run_20260926_005346_067436,5899,195,2026-09-26T00:57:04.267,8,left,7,8,18.5,True,
run_20260926_005346_067436,5899,195,2026-09-26T00:57:04.267,9,left,8,9,19.025000000000006,True,
run_20260926_005346_067436,5899,195,2026-09-26T00:57:04.267,10,left,9,10,18.314285714285703,True,
run_20260926_005346_067436,5899,195,2026-09-26T00:57:04.267,11,left,10,11,18.785714285714292,True,
run_20260926_005346_067436,5899,195,2026-09-26T00:57:04.267,12,left,11,12,18.25,True,
run_20260926_005346_067436,5899,195,2026-09-26T00:57:04.267,1,right,0,1,18.944444444444457,True,
run_20260926_005346_067436,5899,195,2026-09-26T00:57:04.267,2,right,1,2,18.484126984126988,True,
run_20260926_005346_067436,5899,195,2026-09-26T00:57:04.267,3,right,2,3,19.0,True,
run_20260926_005346_067436,5899,195,2026-09-26T00:57:04.267,4,right,3,4,18.571428571428555,True,
run_20260926_005346_067436,5899,195,2026-09-26T00:57:04.267,5,right,4,5,19.0,True,
run_20260926_005346_067436,5899,195,2026-09-26T00:57:04.267,6,right,5,6,19.0,True,
run_20260926_005346_067436,5899,195,2026-09-26T00:57:04.267,7,right,6,7,18.5,True,
run_20260926_005346_067436,5899,195,2026-09-26T00:57:04.267,8,right,7,8,19.0,True,
run_20260926_005346_067436,5899,195,2026-09-26T00:57:04.267,9,right,8,9,18.928571428571445,True,
run_20260926_005346_067436,5899,195,2026-09-26T00:57:04.267,10,right,9,10,18.571428571428555,True,
run_20260926_005346_067436,5899,195,2026-09-26T00:57:04.267,11,right,10,11,18.5,True,
run_20260926_005346_067436,5899,195,2026-09-26T00:57:04.267,12,right,11,12,18.5,True,
run_20260926_005346_067436,5930,196,2026-09-26T00:57:05.297,1,left,0,1,18.944444444444457,True,
run_20260926_005346_067436,5930,196,2026-09-26T00:57:05.297,2,left,1,2,18.5,True,
run_20260926_005346_067436,5930,196,2026-09-26T00:57:05.297,3,left,2,3,18.5,True,
run_20260926_005346_067436,5930,196,2026-09-26T00:57:05.297,4,left,3,4,19.0,True,
run_20260926_005346_067436,5930,196,2026-09-26T00:57:05.297,5,left,4,5,19.0,True,
run_20260926_005346_067436,5930,196,2026-09-26T00:57:05.297,6,left,5,6,18.785714285714278,True,
run_20260926_005346_067436,5930,196,2026-09-26T00:57:05.297,7,left,6,7,18.589285714285722,True,
run_20260926_005346_067436,5930,196,2026-09-26T00:57:05.297,8,left,7,8,18.5,True,
run_20260926_005346_067436,5930,196,2026-09-26T00:57:05.297,9,left,8,9,19.025000000000006,True,
run_20260926_005346_067436,5930,196,2026-09-26T00:57:05.297,10,left,9,10,18.314285714285703,True,
run_20260926_005346_067436,5930,196,2026-09-26T00:57:05.297,11,left,10,11,18.785714285714292,True,
run_20260926_005346_067436,5930,196,2026-09-26T00:57:05.297,12,left,11,12,18.25,True,
run_20260926_005346_067436,5930,196,2026-09-26T00:57:05.297,1,right,0,1,18.944444444444457,True,
run_20260926_005346_067436,5930,196,2026-09-26T00:57:05.297,2,right,1,2,18.484126984126988,True,
run_20260926_005346_067436,5930,196,2026-09-26T00:57:05.297,3,right,2,3,19.0,True,
run_20260926_005346_067436,5930,196,2026-09-26T00:57:05.297,4,right,3,4,18.571428571428555,True,
run_20260926_005346_067436,5930,196,2026-09-26T00:57:05.297,5,right,4,5,19.0,True,
run_20260926_005346_067436,5930,196,2026-09-26T00:57:05.297,6,right,5,6,19.0,True,
run_20260926_005346_067436,5930,196,2026-09-26T00:57:05.297,7,right,6,7,18.5,True,
run_20260926_005346_067436,5930,196,2026-09-26T00:57:05.297,8,right,7,8,19.0,True,
run_20260926_005346_067436,5930,196,2026-09-26T00:57:05.297,9,right,8,9,19.0,True,
run_20260926_005346_067436,5930,196,2026-09-26T00:57:05.297,10,right,9,10,18.5,True,
run_20260926_005346_067436,5930,196,2026-09-26T00:57:05.297,11,right,10,11,18.5,True,
run_20260926_005346_067436,5930,196,2026-09-26T00:57:05.297,12,right,11,12,18.5,True,
run_20260926_005346_067436,5960,197,2026-09-26T00:57:06.300,1,left,0,1,18.888888888888914,True,
run_20260926_005346_067436,5960,197,2026-09-26T00:57:06.300,2,left,1,2,18.45555555555555,True,
run_20260926_005346_067436,5960,197,2026-09-26T00:57:06.300,3,left,2,3,18.599999999999994,True,
run_20260926_005346_067436,5960,197,2026-09-26T00:57:06.300,4,left,3,4,19.0,True,
run_20260926_005346_067436,5960,197,2026-09-26T00:57:06.300,5,left,4,5,19.0,True,
run_20260926_005346_067436,5960,197,2026-09-26T00:57:06.300,6,left,5,6,18.785714285714278,True,
run_20260926_005346_067436,5960,197,2026-09-26T00:57:06.300,7,left,6,7,18.589285714285722,True,
run_20260926_005346_067436,5960,197,2026-09-26T00:57:06.300,8,left,7,8,18.5,True,
run_20260926_005346_067436,5960,197,2026-09-26T00:57:06.300,9,left,8,9,19.025000000000006,True,
run_20260926_005346_067436,5960,197,2026-09-26T00:57:06.300,10,left,9,10,18.314285714285703,True,
run_20260926_005346_067436,5960,197,2026-09-26T00:57:06.300,11,left,10,11,18.785714285714292,True,
run_20260926_005346_067436,5960,197,2026-09-26T00:57:06.300,12,left,11,12,18.25,True,
run_20260926_005346_067436,5960,197,2026-09-26T00:57:06.300,1,right,0,1,18.944444444444457,True,
run_20260926_005346_067436,5960,197,2026-09-26T00:57:06.300,2,right,1,2,18.484126984126988,True,
run_20260926_005346_067436,5960,197,2026-09-26T00:57:06.300,3,right,2,3,19.0,True,
run_20260926_005346_067436,5960,197,2026-09-26T00:57:06.300,4,right,3,4,18.571428571428555,True,
run_20260926_005346_067436,5960,197,2026-09-26T00:57:06.300,5,right,4,5,19.0,True,
run_20260926_005346_067436,5960,197,2026-09-26T00:57:06.300,6,right,5,6,19.0,True,
run_20260926_005346_067436,5960,197,2026-09-26T00:57:06.300,7,right,6,7,18.5,True,
run_20260926_005346_067436,5960,197,2026-09-26T00:57:06.300,8,right,7,8,19.0,True,
run_20260926_005346_067436,5960,197,2026-09-26T00:57:06.300,9,right,8,9,18.928571428571445,True,
run_20260926_005346_067436,5960,197,2026-09-26T00:57:06.300,10,right,9,10,18.571428571428555,True,
run_20260926_005346_067436,5960,197,2026-09-26T00:57:06.300,11,right,10,11,18.5,True,
run_20260926_005346_067436,5960,197,2026-09-26T00:57:06.300,12,right,11,12,18.5,True,
run_20260926_005346_067436,5991,198,2026-09-26T00:57:07.329,1,left,0,1,18.888888888888914,True,
run_20260926_005346_067436,5991,198,2026-09-26T00:57:07.329,2,left,1,2,18.45555555555555,True,
run_20260926_005346_067436,5991,198,2026-09-26T00:57:07.329,3,left,2,3,18.599999999999994,True,
run_20260926_005346_067436,5991,198,2026-09-26T00:57:07.329,4,left,3,4,19.0,True,
run_20260926_005346_067436,5991,198,2026-09-26T00:57:07.329,5,left,4,5,19.0,True,
run_20260926_005346_067436,5991,198,2026-09-26T00:57:07.329,6,left,5,6,18.785714285714278,True,
run_20260926_005346_067436,5991,198,2026-09-26T00:57:07.329,7,left,6,7,18.589285714285722,True,
run_20260926_005346_067436,5991,198,2026-09-26T00:57:07.329,8,left,7,8,18.5,True,
run_20260926_005346_067436,5991,198,2026-09-26T00:57:07.329,9,left,8,9,19.025000000000006,True,
run_20260926_005346_067436,5991,198,2026-09-26T00:57:07.329,10,left,9,10,18.314285714285703,True,
run_20260926_005346_067436,5991,198,2026-09-26T00:57:07.329,11,left,10,11,18.785714285714292,True,
run_20260926_005346_067436,5991,198,2026-09-26T00:57:07.329,12,left,11,12,18.25,True,
run_20260926_005346_067436,5991,198,2026-09-26T00:57:07.329,1,right,0,1,18.944444444444457,True,
run_20260926_005346_067436,5991,198,2026-09-26T00:57:07.329,2,right,1,2,18.484126984126988,True,
run_20260926_005346_067436,5991,198,2026-09-26T00:57:07.329,3,right,2,3,18.917582417582366,True,
run_20260926_005346_067436,5991,198,2026-09-26T00:57:07.329,4,right,3,4,18.65384615384619,True,
run_20260926_005346_067436,5991,198,2026-09-26T00:57:07.329,5,right,4,5,19.0,True,
run_20260926_005346_067436,5991,198,2026-09-26T00:57:07.329,6,right,5,6,19.0,True,
run_20260926_005346_067436,5991,198,2026-09-26T00:57:07.329,7,right,6,7,18.5,True,
run_20260926_005346_067436,5991,198,2026-09-26T00:57:07.329,8,right,7,8,19.0,True,
run_20260926_005346_067436,5991,198,2026-09-26T00:57:07.329,9,right,8,9,18.928571428571445,True,
run_20260926_005346_067436,5991,198,2026-09-26T00:57:07.329,10,right,9,10,18.571428571428555,True,
run_20260926_005346_067436,5991,198,2026-09-26T00:57:07.329,11,right,10,11,18.5,True,
run_20260926_005346_067436,5991,198,2026-09-26T00:57:07.329,12,right,11,12,18.5,True,
run_20260926_005346_067436,6021,199,2026-09-26T00:57:08.329,1,left,0,1,18.888888888888914,True,
run_20260926_005346_067436,6021,199,2026-09-26T00:57:08.329,2,left,1,2,18.555555555555543,True,
run_20260926_005346_067436,6021,199,2026-09-26T00:57:08.329,3,left,2,3,18.5,True,
run_20260926_005346_067436,6021,199,2026-09-26T00:57:08.329,4,left,3,4,19.0,True,
run_20260926_005346_067436,6021,199,2026-09-26T00:57:08.329,5,left,4,5,19.0,True,
run_20260926_005346_067436,6021,199,2026-09-26T00:57:08.329,6,left,5,6,18.785714285714278,True,
run_20260926_005346_067436,6021,199,2026-09-26T00:57:08.329,7,left,6,7,18.589285714285722,True,
run_20260926_005346_067436,6021,199,2026-09-26T00:57:08.329,8,left,7,8,18.5,True,
run_20260926_005346_067436,6021,199,2026-09-26T00:57:08.329,9,left,8,9,19.025000000000006,True,
run_20260926_005346_067436,6021,199,2026-09-26T00:57:08.329,10,left,9,10,18.314285714285703,True,
run_20260926_005346_067436,6021,199,2026-09-26T00:57:08.329,11,left,10,11,18.785714285714292,True,
run_20260926_005346_067436,6021,199,2026-09-26T00:57:08.329,12,left,11,12,18.25,True,
run_20260926_005346_067436,6021,199,2026-09-26T00:57:08.329,1,right,0,1,18.944444444444457,True,
run_20260926_005346_067436,6021,199,2026-09-26T00:57:08.329,2,right,1,2,18.484126984126988,True,
run_20260926_005346_067436,6021,199,2026-09-26T00:57:08.329,3,right,2,3,18.917582417582366,True,
run_20260926_005346_067436,6021,199,2026-09-26T00:57:08.329,4,right,3,4,18.65384615384619,True,
run_20260926_005346_067436,6021,199,2026-09-26T00:57:08.329,5,right,4,5,19.0,True,
run_20260926_005346_067436,6021,199,2026-09-26T00:57:08.329,6,right,5,6,19.0,True,
run_20260926_005346_067436,6021,199,2026-09-26T00:57:08.329,7,right,6,7,18.5,True,
run_20260926_005346_067436,6021,199,2026-09-26T00:57:08.329,8,right,7,8,19.0,True,
run_20260926_005346_067436,6021,199,2026-09-26T00:57:08.329,9,right,8,9,19.0,True,
run_20260926_005346_067436,6021,199,2026-09-26T00:57:08.329,10,right,9,10,18.5,True,
run_20260926_005346_067436,6021,199,2026-09-26T00:57:08.329,11,right,10,11,18.5,True,
run_20260926_005346_067436,6021,199,2026-09-26T00:57:08.329,12,right,11,12,18.5,True,
run_20260926_005346_067436,6052,200,2026-09-26T00:57:09.363,1,left,0,1,18.888888888888914,True,
run_20260926_005346_067436,6052,200,2026-09-26T00:57:09.363,2,left,1,2,18.45555555555555,True,
run_20260926_005346_067436,6052,200,2026-09-26T00:57:09.363,3,left,2,3,18.599999999999994,True,
run_20260926_005346_067436,6052,200,2026-09-26T00:57:09.363,4,left,3,4,19.0,True,
run_20260926_005346_067436,6052,200,2026-09-26T00:57:09.363,5,left,4,5,19.0,True,
run_20260926_005346_067436,6052,200,2026-09-26T00:57:09.363,6,left,5,6,18.785714285714278,True,
run_20260926_005346_067436,6052,200,2026-09-26T00:57:09.363,7,left,6,7,18.589285714285722,True,
run_20260926_005346_067436,6052,200,2026-09-26T00:57:09.363,8,left,7,8,18.5,True,
run_20260926_005346_067436,6052,200,2026-09-26T00:57:09.363,9,left,8,9,19.025000000000006,True,
run_20260926_005346_067436,6052,200,2026-09-26T00:57:09.363,10,left,9,10,18.314285714285703,True,
run_20260926_005346_067436,6052,200,2026-09-26T00:57:09.363,11,left,10,11,18.785714285714292,True,
run_20260926_005346_067436,6052,200,2026-09-26T00:57:09.363,12,left,11,12,18.25,True,
run_20260926_005346_067436,6052,200,2026-09-26T00:57:09.363,1,right,0,1,18.944444444444457,True,
run_20260926_005346_067436,6052,200,2026-09-26T00:57:09.363,2,right,1,2,18.484126984126988,True,
run_20260926_005346_067436,6052,200,2026-09-26T00:57:09.363,3,right,2,3,18.917582417582366,True,
run_20260926_005346_067436,6052,200,2026-09-26T00:57:09.363,4,right,3,4,18.65384615384619,True,
run_20260926_005346_067436,6052,200,2026-09-26T00:57:09.363,5,right,4,5,19.0,True,
run_20260926_005346_067436,6052,200,2026-09-26T00:57:09.363,6,right,5,6,19.0,True,
run_20260926_005346_067436,6052,200,2026-09-26T00:57:09.363,7,right,6,7,18.5,True,
run_20260926_005346_067436,6052,200,2026-09-26T00:57:09.363,8,right,7,8,19.0,True,
run_20260926_005346_067436,6052,200,2026-09-26T00:57:09.363,9,right,8,9,18.5,True,
run_20260926_005346_067436,6052,200,2026-09-26T00:57:09.363,10,right,9,10,19.0,True,
run_20260926_005346_067436,6052,200,2026-09-26T00:57:09.363,11,right,10,11,18.5,True,
run_20260926_005346_067436,6052,200,2026-09-26T00:57:09.363,12,right,11,12,18.5,True,
run_20260926_005346_067436,6082,201,2026-09-26T00:57:10.364,1,left,0,1,18.888888888888914,True,
run_20260926_005346_067436,6082,201,2026-09-26T00:57:10.364,2,left,1,2,18.45555555555555,True,
run_20260926_005346_067436,6082,201,2026-09-26T00:57:10.364,3,left,2,3,18.599999999999994,True,
run_20260926_005346_067436,6082,201,2026-09-26T00:57:10.364,4,left,3,4,19.0,True,
run_20260926_005346_067436,6082,201,2026-09-26T00:57:10.364,5,left,4,5,19.0,True,
run_20260926_005346_067436,6082,201,2026-09-26T00:57:10.364,6,left,5,6,18.785714285714278,True,
run_20260926_005346_067436,6082,201,2026-09-26T00:57:10.364,7,left,6,7,18.589285714285722,True,
run_20260926_005346_067436,6082,201,2026-09-26T00:57:10.364,8,left,7,8,18.5,True,
run_20260926_005346_067436,6082,201,2026-09-26T00:57:10.364,9,left,8,9,19.025000000000006,True,
run_20260926_005346_067436,6082,201,2026-09-26T00:57:10.364,10,left,9,10,18.314285714285703,True,
run_20260926_005346_067436,6082,201,2026-09-26T00:57:10.364,11,left,10,11,18.785714285714292,True,
run_20260926_005346_067436,6082,201,2026-09-26T00:57:10.364,12,left,11,12,18.25,True,
run_20260926_005346_067436,6082,201,2026-09-26T00:57:10.364,1,right,0,1,18.944444444444457,True,
run_20260926_005346_067436,6082,201,2026-09-26T00:57:10.364,2,right,1,2,18.484126984126988,True,
run_20260926_005346_067436,6082,201,2026-09-26T00:57:10.364,3,right,2,3,18.917582417582366,True,
run_20260926_005346_067436,6082,201,2026-09-26T00:57:10.364,4,right,3,4,18.65384615384619,True,
run_20260926_005346_067436,6082,201,2026-09-26T00:57:10.364,5,right,4,5,19.0,True,
run_20260926_005346_067436,6082,201,2026-09-26T00:57:10.364,6,right,5,6,19.0,True,
run_20260926_005346_067436,6082,201,2026-09-26T00:57:10.364,7,right,6,7,18.5,True,
run_20260926_005346_067436,6082,201,2026-09-26T00:57:10.364,8,right,7,8,19.0,True,
run_20260926_005346_067436,6082,201,2026-09-26T00:57:10.364,9,right,8,9,18.5,True,
run_20260926_005346_067436,6082,201,2026-09-26T00:57:10.364,10,right,9,10,19.0,True,
run_20260926_005346_067436,6082,201,2026-09-26T00:57:10.364,11,right,10,11,18.5,True,
run_20260926_005346_067436,6082,201,2026-09-26T00:57:10.364,12,right,11,12,18.5,True,
run_20260926_005346_067436,6112,202,2026-09-26T00:57:11.367,1,left,0,1,18.888888888888914,True,
run_20260926_005346_067436,6112,202,2026-09-26T00:57:11.367,2,left,1,2,18.555555555555543,True,
run_20260926_005346_067436,6112,202,2026-09-26T00:57:11.367,3,left,2,3,18.5,True,
run_20260926_005346_067436,6112,202,2026-09-26T00:57:11.367,4,left,3,4,19.0,True,
run_20260926_005346_067436,6112,202,2026-09-26T00:57:11.367,5,left,4,5,19.0,True,
run_20260926_005346_067436,6112,202,2026-09-26T00:57:11.367,6,left,5,6,18.785714285714278,True,
run_20260926_005346_067436,6112,202,2026-09-26T00:57:11.367,7,left,6,7,18.589285714285722,True,
run_20260926_005346_067436,6112,202,2026-09-26T00:57:11.367,8,left,7,8,18.5,True,
run_20260926_005346_067436,6112,202,2026-09-26T00:57:11.367,9,left,8,9,19.025000000000006,True,
run_20260926_005346_067436,6112,202,2026-09-26T00:57:11.367,10,left,9,10,18.314285714285703,True,
run_20260926_005346_067436,6112,202,2026-09-26T00:57:11.367,11,left,10,11,18.785714285714292,True,
run_20260926_005346_067436,6112,202,2026-09-26T00:57:11.367,12,left,11,12,18.34615384615384,True,
run_20260926_005346_067436,6112,202,2026-09-26T00:57:11.367,1,right,0,1,18.944444444444457,True,
run_20260926_005346_067436,6112,202,2026-09-26T00:57:11.367,2,right,1,2,18.484126984126988,True,
run_20260926_005346_067436,6112,202,2026-09-26T00:57:11.367,3,right,2,3,18.917582417582366,True,
run_20260926_005346_067436,6112,202,2026-09-26T00:57:11.367,4,right,3,4,18.65384615384619,True,
run_20260926_005346_067436,6112,202,2026-09-26T00:57:11.367,5,right,4,5,19.0,True,
run_20260926_005346_067436,6112,202,2026-09-26T00:57:11.367,6,right,5,6,19.0,True,
run_20260926_005346_067436,6112,202,2026-09-26T00:57:11.367,7,right,6,7,18.5,True,
run_20260926_005346_067436,6112,202,2026-09-26T00:57:11.367,8,right,7,8,19.0,True,
run_20260926_005346_067436,6112,202,2026-09-26T00:57:11.367,9,right,8,9,19.0,True,
run_20260926_005346_067436,6112,202,2026-09-26T00:57:11.367,10,right,9,10,18.5,True,
run_20260926_005346_067436,6112,202,2026-09-26T00:57:11.367,11,right,10,11,18.5,True,
run_20260926_005346_067436,6112,202,2026-09-26T00:57:11.367,12,right,11,12,18.5,True,
run_20260926_005346_067436,6143,203,2026-09-26T00:57:12.404,1,left,0,1,18.888888888888914,True,
run_20260926_005346_067436,6143,203,2026-09-26T00:57:12.404,2,left,1,2,18.555555555555543,True,
run_20260926_005346_067436,6143,203,2026-09-26T00:57:12.404,3,left,2,3,18.5,True,
run_20260926_005346_067436,6143,203,2026-09-26T00:57:12.404,4,left,3,4,19.0,True,
run_20260926_005346_067436,6143,203,2026-09-26T00:57:12.404,5,left,4,5,19.0,True,
run_20260926_005346_067436,6143,203,2026-09-26T00:57:12.404,6,left,5,6,18.785714285714278,True,
run_20260926_005346_067436,6143,203,2026-09-26T00:57:12.404,7,left,6,7,18.589285714285722,True,
run_20260926_005346_067436,6143,203,2026-09-26T00:57:12.404,8,left,7,8,18.5,True,
run_20260926_005346_067436,6143,203,2026-09-26T00:57:12.404,9,left,8,9,19.025000000000006,True,
run_20260926_005346_067436,6143,203,2026-09-26T00:57:12.404,10,left,9,10,18.314285714285703,True,
run_20260926_005346_067436,6143,203,2026-09-26T00:57:12.404,11,left,10,11,18.785714285714292,True,
run_20260926_005346_067436,6143,203,2026-09-26T00:57:12.404,12,left,11,12,18.25,True,
run_20260926_005346_067436,6143,203,2026-09-26T00:57:12.404,1,right,0,1,18.944444444444457,True,
run_20260926_005346_067436,6143,203,2026-09-26T00:57:12.404,2,right,1,2,18.484126984126988,True,
run_20260926_005346_067436,6143,203,2026-09-26T00:57:12.404,3,right,2,3,18.917582417582366,True,
run_20260926_005346_067436,6143,203,2026-09-26T00:57:12.404,4,right,3,4,18.65384615384619,True,
run_20260926_005346_067436,6143,203,2026-09-26T00:57:12.404,5,right,4,5,19.0,True,
run_20260926_005346_067436,6143,203,2026-09-26T00:57:12.404,6,right,5,6,19.0,True,
run_20260926_005346_067436,6143,203,2026-09-26T00:57:12.404,7,right,6,7,18.5,True,
run_20260926_005346_067436,6143,203,2026-09-26T00:57:12.404,8,right,7,8,19.0,True,
run_20260926_005346_067436,6143,203,2026-09-26T00:57:12.404,9,right,8,9,18.928571428571445,True,
run_20260926_005346_067436,6143,203,2026-09-26T00:57:12.404,10,right,9,10,18.571428571428555,True,
run_20260926_005346_067436,6143,203,2026-09-26T00:57:12.404,11,right,10,11,18.5,True,
run_20260926_005346_067436,6143,203,2026-09-26T00:57:12.404,12,right,11,12,18.5,True,
run_20260926_005346_067436,6174,204,2026-09-26T00:57:13.432,1,left,0,1,18.888888888888914,True,
run_20260926_005346_067436,6174,204,2026-09-26T00:57:13.432,2,left,1,2,18.555555555555543,True,
run_20260926_005346_067436,6174,204,2026-09-26T00:57:13.432,3,left,2,3,18.5,True,
run_20260926_005346_067436,6174,204,2026-09-26T00:57:13.432,4,left,3,4,19.0,True,
run_20260926_005346_067436,6174,204,2026-09-26T00:57:13.432,5,left,4,5,19.0,True,
run_20260926_005346_067436,6174,204,2026-09-26T00:57:13.432,6,left,5,6,18.785714285714278,True,
run_20260926_005346_067436,6174,204,2026-09-26T00:57:13.432,7,left,6,7,18.589285714285722,True,
run_20260926_005346_067436,6174,204,2026-09-26T00:57:13.432,8,left,7,8,18.5,True,
run_20260926_005346_067436,6174,204,2026-09-26T00:57:13.432,9,left,8,9,19.025000000000006,True,
run_20260926_005346_067436,6174,204,2026-09-26T00:57:13.432,10,left,9,10,18.314285714285703,True,
run_20260926_005346_067436,6174,204,2026-09-26T00:57:13.432,11,left,10,11,18.785714285714292,True,
run_20260926_005346_067436,6174,204,2026-09-26T00:57:13.432,12,left,11,12,18.25,True,
run_20260926_005346_067436,6174,204,2026-09-26T00:57:13.432,1,right,0,1,18.944444444444457,True,
run_20260926_005346_067436,6174,204,2026-09-26T00:57:13.432,2,right,1,2,18.484126984126988,True,
run_20260926_005346_067436,6174,204,2026-09-26T00:57:13.432,3,right,2,3,18.917582417582366,True,
run_20260926_005346_067436,6174,204,2026-09-26T00:57:13.432,4,right,3,4,18.65384615384619,True,
run_20260926_005346_067436,6174,204,2026-09-26T00:57:13.432,5,right,4,5,19.0,True,
run_20260926_005346_067436,6174,204,2026-09-26T00:57:13.432,6,right,5,6,19.0,True,
run_20260926_005346_067436,6174,204,2026-09-26T00:57:13.432,7,right,6,7,18.5,True,
run_20260926_005346_067436,6174,204,2026-09-26T00:57:13.432,8,right,7,8,19.0,True,
run_20260926_005346_067436,6174,204,2026-09-26T00:57:13.432,9,right,8,9,19.0,True,
run_20260926_005346_067436,6174,204,2026-09-26T00:57:13.432,10,right,9,10,18.5,True,
run_20260926_005346_067436,6174,204,2026-09-26T00:57:13.432,11,right,10,11,18.5,True,
run_20260926_005346_067436,6174,204,2026-09-26T00:57:13.432,12,right,11,12,18.5,True,
run_20260926_005346_067436,6204,205,2026-09-26T00:57:14.433,1,left,0,1,18.888888888888914,True,
run_20260926_005346_067436,6204,205,2026-09-26T00:57:14.433,2,left,1,2,18.555555555555543,True,
run_20260926_005346_067436,6204,205,2026-09-26T00:57:14.433,3,left,2,3,18.5,True,
run_20260926_005346_067436,6204,205,2026-09-26T00:57:14.433,4,left,3,4,19.0,True,
run_20260926_005346_067436,6204,205,2026-09-26T00:57:14.433,5,left,4,5,19.0,True,
run_20260926_005346_067436,6204,205,2026-09-26T00:57:14.433,6,left,5,6,18.785714285714278,True,
run_20260926_005346_067436,6204,205,2026-09-26T00:57:14.433,7,left,6,7,18.589285714285722,True,
run_20260926_005346_067436,6204,205,2026-09-26T00:57:14.433,8,left,7,8,18.5,True,
run_20260926_005346_067436,6204,205,2026-09-26T00:57:14.433,9,left,8,9,19.025000000000006,True,
run_20260926_005346_067436,6204,205,2026-09-26T00:57:14.433,10,left,9,10,18.314285714285703,True,
run_20260926_005346_067436,6204,205,2026-09-26T00:57:14.433,11,left,10,11,18.785714285714292,True,
run_20260926_005346_067436,6204,205,2026-09-26T00:57:14.433,12,left,11,12,18.25,True,
run_20260926_005346_067436,6204,205,2026-09-26T00:57:14.433,1,right,0,1,18.944444444444457,True,
run_20260926_005346_067436,6204,205,2026-09-26T00:57:14.433,2,right,1,2,18.484126984126988,True,
run_20260926_005346_067436,6204,205,2026-09-26T00:57:14.433,3,right,2,3,19.0,True,
run_20260926_005346_067436,6204,205,2026-09-26T00:57:14.433,4,right,3,4,18.571428571428555,True,
run_20260926_005346_067436,6204,205,2026-09-26T00:57:14.433,5,right,4,5,19.0,True,
run_20260926_005346_067436,6204,205,2026-09-26T00:57:14.433,6,right,5,6,19.0,True,
run_20260926_005346_067436,6204,205,2026-09-26T00:57:14.433,7,right,6,7,18.5,True,
run_20260926_005346_067436,6204,205,2026-09-26T00:57:14.433,8,right,7,8,19.0,True,
run_20260926_005346_067436,6204,205,2026-09-26T00:57:14.433,9,right,8,9,18.5,True,
run_20260926_005346_067436,6204,205,2026-09-26T00:57:14.433,10,right,9,10,19.0,True,
run_20260926_005346_067436,6204,205,2026-09-26T00:57:14.433,11,right,10,11,18.5,True,
run_20260926_005346_067436,6204,205,2026-09-26T00:57:14.433,12,right,11,12,18.5,True,
run_20260926_005346_067436,6235,206,2026-09-26T00:57:15.467,1,left,0,1,18.888888888888914,True,
run_20260926_005346_067436,6235,206,2026-09-26T00:57:15.467,2,left,1,2,18.555555555555543,True,
run_20260926_005346_067436,6235,206,2026-09-26T00:57:15.467,3,left,2,3,18.5,True,
run_20260926_005346_067436,6235,206,2026-09-26T00:57:15.467,4,left,3,4,19.0,True,
run_20260926_005346_067436,6235,206,2026-09-26T00:57:15.467,5,left,4,5,19.0,True,
run_20260926_005346_067436,6235,206,2026-09-26T00:57:15.467,6,left,5,6,18.785714285714278,True,
run_20260926_005346_067436,6235,206,2026-09-26T00:57:15.467,7,left,6,7,18.589285714285722,True,
run_20260926_005346_067436,6235,206,2026-09-26T00:57:15.467,8,left,7,8,18.5,True,
run_20260926_005346_067436,6235,206,2026-09-26T00:57:15.467,9,left,8,9,19.025000000000006,True,
run_20260926_005346_067436,6235,206,2026-09-26T00:57:15.467,10,left,9,10,18.314285714285703,True,
run_20260926_005346_067436,6235,206,2026-09-26T00:57:15.467,11,left,10,11,18.785714285714292,True,
run_20260926_005346_067436,6235,206,2026-09-26T00:57:15.467,12,left,11,12,18.25,True,
run_20260926_005346_067436,6235,206,2026-09-26T00:57:15.467,1,right,0,1,18.944444444444457,True,
run_20260926_005346_067436,6235,206,2026-09-26T00:57:15.467,2,right,1,2,18.484126984126988,True,
run_20260926_005346_067436,6235,206,2026-09-26T00:57:15.467,3,right,2,3,18.917582417582366,True,
run_20260926_005346_067436,6235,206,2026-09-26T00:57:15.467,4,right,3,4,18.65384615384619,True,
run_20260926_005346_067436,6235,206,2026-09-26T00:57:15.467,5,right,4,5,19.0,True,
run_20260926_005346_067436,6235,206,2026-09-26T00:57:15.467,6,right,5,6,19.0,True,
run_20260926_005346_067436,6235,206,2026-09-26T00:57:15.467,7,right,6,7,18.5,True,
run_20260926_005346_067436,6235,206,2026-09-26T00:57:15.467,8,right,7,8,19.0,True,
run_20260926_005346_067436,6235,206,2026-09-26T00:57:15.467,9,right,8,9,18.5,True,
run_20260926_005346_067436,6235,206,2026-09-26T00:57:15.467,10,right,9,10,19.0,True,
run_20260926_005346_067436,6235,206,2026-09-26T00:57:15.467,11,right,10,11,18.5,True,
run_20260926_005346_067436,6235,206,2026-09-26T00:57:15.467,12,right,11,12,18.5,True,
run_20260926_005346_067436,6266,207,2026-09-26T00:57:16.497,1,left,0,1,18.888888888888914,True,
run_20260926_005346_067436,6266,207,2026-09-26T00:57:16.497,2,left,1,2,18.555555555555543,True,
run_20260926_005346_067436,6266,207,2026-09-26T00:57:16.497,3,left,2,3,18.5,True,
run_20260926_005346_067436,6266,207,2026-09-26T00:57:16.497,4,left,3,4,19.0,True,
run_20260926_005346_067436,6266,207,2026-09-26T00:57:16.497,5,left,4,5,19.0,True,
run_20260926_005346_067436,6266,207,2026-09-26T00:57:16.497,6,left,5,6,18.785714285714278,True,
run_20260926_005346_067436,6266,207,2026-09-26T00:57:16.497,7,left,6,7,18.589285714285722,True,
run_20260926_005346_067436,6266,207,2026-09-26T00:57:16.497,8,left,7,8,18.5,True,
run_20260926_005346_067436,6266,207,2026-09-26T00:57:16.497,9,left,8,9,19.025000000000006,True,
run_20260926_005346_067436,6266,207,2026-09-26T00:57:16.497,10,left,9,10,18.314285714285703,True,
run_20260926_005346_067436,6266,207,2026-09-26T00:57:16.497,11,left,10,11,18.785714285714292,True,
run_20260926_005346_067436,6266,207,2026-09-26T00:57:16.497,12,left,11,12,18.34615384615384,True,
run_20260926_005346_067436,6266,207,2026-09-26T00:57:16.497,1,right,0,1,18.944444444444457,True,
run_20260926_005346_067436,6266,207,2026-09-26T00:57:16.497,2,right,1,2,18.484126984126988,True,
run_20260926_005346_067436,6266,207,2026-09-26T00:57:16.497,3,right,2,3,18.917582417582366,True,
run_20260926_005346_067436,6266,207,2026-09-26T00:57:16.497,4,right,3,4,18.65384615384619,True,
run_20260926_005346_067436,6266,207,2026-09-26T00:57:16.497,5,right,4,5,19.0,True,
run_20260926_005346_067436,6266,207,2026-09-26T00:57:16.497,6,right,5,6,19.0,True,
run_20260926_005346_067436,6266,207,2026-09-26T00:57:16.497,7,right,6,7,18.5,True,
run_20260926_005346_067436,6266,207,2026-09-26T00:57:16.497,8,right,7,8,19.0,True,
run_20260926_005346_067436,6266,207,2026-09-26T00:57:16.497,9,right,8,9,18.928571428571445,True,
run_20260926_005346_067436,6266,207,2026-09-26T00:57:16.497,10,right,9,10,18.571428571428555,True,
run_20260926_005346_067436,6266,207,2026-09-26T00:57:16.497,11,right,10,11,18.5,True,
run_20260926_005346_067436,6266,207,2026-09-26T00:57:16.497,12,right,11,12,18.5,True,
run_20260926_005346_067436,6297,208,2026-09-26T00:57:17.529,1,left,0,1,18.888888888888914,True,
run_20260926_005346_067436,6297,208,2026-09-26T00:57:17.529,2,left,1,2,18.45555555555555,True,
run_20260926_005346_067436,6297,208,2026-09-26T00:57:17.529,3,left,2,3,18.599999999999994,True,
run_20260926_005346_067436,6297,208,2026-09-26T00:57:17.529,4,left,3,4,19.0,True,
run_20260926_005346_067436,6297,208,2026-09-26T00:57:17.529,5,left,4,5,19.0,True,
run_20260926_005346_067436,6297,208,2026-09-26T00:57:17.529,6,left,5,6,18.785714285714278,True,
run_20260926_005346_067436,6297,208,2026-09-26T00:57:17.529,7,left,6,7,18.589285714285722,True,
run_20260926_005346_067436,6297,208,2026-09-26T00:57:17.529,8,left,7,8,18.5,True,
run_20260926_005346_067436,6297,208,2026-09-26T00:57:17.529,9,left,8,9,19.025000000000006,True,
run_20260926_005346_067436,6297,208,2026-09-26T00:57:17.529,10,left,9,10,18.314285714285703,True,
run_20260926_005346_067436,6297,208,2026-09-26T00:57:17.529,11,left,10,11,18.785714285714292,True,
run_20260926_005346_067436,6297,208,2026-09-26T00:57:17.529,12,left,11,12,18.34615384615384,True,
run_20260926_005346_067436,6297,208,2026-09-26T00:57:17.529,1,right,0,1,18.944444444444457,True,
run_20260926_005346_067436,6297,208,2026-09-26T00:57:17.529,2,right,1,2,18.484126984126988,True,
run_20260926_005346_067436,6297,208,2026-09-26T00:57:17.529,3,right,2,3,18.917582417582366,True,
run_20260926_005346_067436,6297,208,2026-09-26T00:57:17.529,4,right,3,4,18.65384615384619,True,
run_20260926_005346_067436,6297,208,2026-09-26T00:57:17.529,5,right,4,5,19.0,True,
run_20260926_005346_067436,6297,208,2026-09-26T00:57:17.529,6,right,5,6,19.0,True,
run_20260926_005346_067436,6297,208,2026-09-26T00:57:17.529,7,right,6,7,18.5,True,
run_20260926_005346_067436,6297,208,2026-09-26T00:57:17.529,8,right,7,8,19.0,True,
run_20260926_005346_067436,6297,208,2026-09-26T00:57:17.529,9,right,8,9,18.5,True,
run_20260926_005346_067436,6297,208,2026-09-26T00:57:17.529,10,right,9,10,19.0,True,
run_20260926_005346_067436,6297,208,2026-09-26T00:57:17.529,11,right,10,11,18.5,True,
run_20260926_005346_067436,6297,208,2026-09-26T00:57:17.529,12,right,11,12,18.5,True,
run_20260926_005346_067436,6327,209,2026-09-26T00:57:18.534,1,left,0,1,18.888888888888914,True,
run_20260926_005346_067436,6327,209,2026-09-26T00:57:18.534,2,left,1,2,18.45555555555555,True,
run_20260926_005346_067436,6327,209,2026-09-26T00:57:18.534,3,left,2,3,18.599999999999994,True,
run_20260926_005346_067436,6327,209,2026-09-26T00:57:18.534,4,left,3,4,19.0,True,
run_20260926_005346_067436,6327,209,2026-09-26T00:57:18.534,5,left,4,5,19.0,True,
run_20260926_005346_067436,6327,209,2026-09-26T00:57:18.534,6,left,5,6,18.785714285714278,True,
run_20260926_005346_067436,6327,209,2026-09-26T00:57:18.534,7,left,6,7,18.589285714285722,True,
run_20260926_005346_067436,6327,209,2026-09-26T00:57:18.534,8,left,7,8,18.5,True,
run_20260926_005346_067436,6327,209,2026-09-26T00:57:18.534,9,left,8,9,19.025000000000006,True,
run_20260926_005346_067436,6327,209,2026-09-26T00:57:18.534,10,left,9,10,18.314285714285703,True,
run_20260926_005346_067436,6327,209,2026-09-26T00:57:18.534,11,left,10,11,18.785714285714292,True,
run_20260926_005346_067436,6327,209,2026-09-26T00:57:18.534,12,left,11,12,18.25,True,
run_20260926_005346_067436,6327,209,2026-09-26T00:57:18.534,1,right,0,1,18.944444444444457,True,
run_20260926_005346_067436,6327,209,2026-09-26T00:57:18.534,2,right,1,2,18.484126984126988,True,
run_20260926_005346_067436,6327,209,2026-09-26T00:57:18.534,3,right,2,3,19.0,True,
run_20260926_005346_067436,6327,209,2026-09-26T00:57:18.534,4,right,3,4,18.571428571428555,True,
run_20260926_005346_067436,6327,209,2026-09-26T00:57:18.534,5,right,4,5,19.0,True,
run_20260926_005346_067436,6327,209,2026-09-26T00:57:18.534,6,right,5,6,19.0,True,
run_20260926_005346_067436,6327,209,2026-09-26T00:57:18.534,7,right,6,7,18.5,True,
run_20260926_005346_067436,6327,209,2026-09-26T00:57:18.534,8,right,7,8,19.0,True,
run_20260926_005346_067436,6327,209,2026-09-26T00:57:18.534,9,right,8,9,18.5,True,
run_20260926_005346_067436,6327,209,2026-09-26T00:57:18.534,10,right,9,10,19.0,True,
run_20260926_005346_067436,6327,209,2026-09-26T00:57:18.534,11,right,10,11,18.5,True,
run_20260926_005346_067436,6327,209,2026-09-26T00:57:18.534,12,right,11,12,18.5,True,
run_20260926_005346_067436,6358,210,2026-09-26T00:57:19.564,1,left,0,1,18.888888888888914,True,
run_20260926_005346_067436,6358,210,2026-09-26T00:57:19.564,2,left,1,2,18.45555555555555,True,
run_20260926_005346_067436,6358,210,2026-09-26T00:57:19.564,3,left,2,3,18.599999999999994,True,
run_20260926_005346_067436,6358,210,2026-09-26T00:57:19.564,4,left,3,4,19.0,True,
run_20260926_005346_067436,6358,210,2026-09-26T00:57:19.564,5,left,4,5,19.0,True,
run_20260926_005346_067436,6358,210,2026-09-26T00:57:19.564,6,left,5,6,18.785714285714278,True,
run_20260926_005346_067436,6358,210,2026-09-26T00:57:19.564,7,left,6,7,18.589285714285722,True,
run_20260926_005346_067436,6358,210,2026-09-26T00:57:19.564,8,left,7,8,18.5,True,
run_20260926_005346_067436,6358,210,2026-09-26T00:57:19.564,9,left,8,9,19.025000000000006,True,
run_20260926_005346_067436,6358,210,2026-09-26T00:57:19.564,10,left,9,10,18.224999999999994,True,
run_20260926_005346_067436,6358,210,2026-09-26T00:57:19.564,11,left,10,11,18.875,True,
run_20260926_005346_067436,6358,210,2026-09-26T00:57:19.564,12,left,11,12,18.25,True,
run_20260926_005346_067436,6358,210,2026-09-26T00:57:19.564,1,right,0,1,18.944444444444457,True,
run_20260926_005346_067436,6358,210,2026-09-26T00:57:19.564,2,right,1,2,18.484126984126988,True,
run_20260926_005346_067436,6358,210,2026-09-26T00:57:19.564,3,right,2,3,19.0,True,
run_20260926_005346_067436,6358,210,2026-09-26T00:57:19.564,4,right,3,4,18.571428571428555,True,
run_20260926_005346_067436,6358,210,2026-09-26T00:57:19.564,5,right,4,5,19.0,True,
run_20260926_005346_067436,6358,210,2026-09-26T00:57:19.564,6,right,5,6,19.0,True,
run_20260926_005346_067436,6358,210,2026-09-26T00:57:19.564,7,right,6,7,18.5,True,
run_20260926_005346_067436,6358,210,2026-09-26T00:57:19.564,8,right,7,8,19.0,True,
run_20260926_005346_067436,6358,210,2026-09-26T00:57:19.564,9,right,8,9,18.5,True,
run_20260926_005346_067436,6358,210,2026-09-26T00:57:19.564,10,right,9,10,19.0,True,
run_20260926_005346_067436,6358,210,2026-09-26T00:57:19.564,11,right,10,11,18.5,True,
run_20260926_005346_067436,6358,210,2026-09-26T00:57:19.564,12,right,11,12,18.5,True,
run_20260926_005346_067436,6388,211,2026-09-26T00:57:20.567,1,left,0,1,18.888888888888914,True,
run_20260926_005346_067436,6388,211,2026-09-26T00:57:20.567,2,left,1,2,18.555555555555543,True,
run_20260926_005346_067436,6388,211,2026-09-26T00:57:20.567,3,left,2,3,18.5,True,
run_20260926_005346_067436,6388,211,2026-09-26T00:57:20.567,4,left,3,4,19.0,True,
run_20260926_005346_067436,6388,211,2026-09-26T00:57:20.567,5,left,4,5,19.0,True,
run_20260926_005346_067436,6388,211,2026-09-26T00:57:20.567,6,left,5,6,18.785714285714278,True,
run_20260926_005346_067436,6388,211,2026-09-26T00:57:20.567,7,left,6,7,18.589285714285722,True,
run_20260926_005346_067436,6388,211,2026-09-26T00:57:20.567,8,left,7,8,18.5,True,
run_20260926_005346_067436,6388,211,2026-09-26T00:57:20.567,9,left,8,9,19.025000000000006,True,
run_20260926_005346_067436,6388,211,2026-09-26T00:57:20.567,10,left,9,10,18.314285714285703,True,
run_20260926_005346_067436,6388,211,2026-09-26T00:57:20.567,11,left,10,11,18.785714285714292,True,
run_20260926_005346_067436,6388,211,2026-09-26T00:57:20.567,12,left,11,12,18.25,True,
run_20260926_005346_067436,6388,211,2026-09-26T00:57:20.567,1,right,0,1,18.944444444444457,True,
run_20260926_005346_067436,6388,211,2026-09-26T00:57:20.567,2,right,1,2,18.484126984126988,True,
run_20260926_005346_067436,6388,211,2026-09-26T00:57:20.567,3,right,2,3,19.0,True,
run_20260926_005346_067436,6388,211,2026-09-26T00:57:20.567,4,right,3,4,18.571428571428555,True,
run_20260926_005346_067436,6388,211,2026-09-26T00:57:20.567,5,right,4,5,19.0,True,
run_20260926_005346_067436,6388,211,2026-09-26T00:57:20.567,6,right,5,6,19.0,True,
run_20260926_005346_067436,6388,211,2026-09-26T00:57:20.567,7,right,6,7,18.5,True,
run_20260926_005346_067436,6388,211,2026-09-26T00:57:20.567,8,right,7,8,19.0,True,
run_20260926_005346_067436,6388,211,2026-09-26T00:57:20.567,9,right,8,9,19.0,True,
run_20260926_005346_067436,6388,211,2026-09-26T00:57:20.567,10,right,9,10,18.5,True,
run_20260926_005346_067436,6388,211,2026-09-26T00:57:20.567,11,right,10,11,18.5,True,
run_20260926_005346_067436,6388,211,2026-09-26T00:57:20.567,12,right,11,12,18.5,True,
run_20260926_005346_067436,6419,212,2026-09-26T00:57:21.596,1,left,0,1,18.888888888888914,True,
run_20260926_005346_067436,6419,212,2026-09-26T00:57:21.596,2,left,1,2,18.45555555555555,True,
run_20260926_005346_067436,6419,212,2026-09-26T00:57:21.596,3,left,2,3,18.599999999999994,True,
run_20260926_005346_067436,6419,212,2026-09-26T00:57:21.596,4,left,3,4,19.0,True,
run_20260926_005346_067436,6419,212,2026-09-26T00:57:21.596,5,left,4,5,19.0,True,
run_20260926_005346_067436,6419,212,2026-09-26T00:57:21.596,6,left,5,6,18.785714285714278,True,
run_20260926_005346_067436,6419,212,2026-09-26T00:57:21.596,7,left,6,7,18.589285714285722,True,
run_20260926_005346_067436,6419,212,2026-09-26T00:57:21.596,8,left,7,8,18.5,True,
run_20260926_005346_067436,6419,212,2026-09-26T00:57:21.596,9,left,8,9,19.025000000000006,True,
run_20260926_005346_067436,6419,212,2026-09-26T00:57:21.596,10,left,9,10,18.314285714285703,True,
run_20260926_005346_067436,6419,212,2026-09-26T00:57:21.596,11,left,10,11,18.785714285714292,True,
run_20260926_005346_067436,6419,212,2026-09-26T00:57:21.596,12,left,11,12,18.13636363636364,True,
run_20260926_005346_067436,6419,212,2026-09-26T00:57:21.596,1,right,0,1,18.944444444444457,True,
run_20260926_005346_067436,6419,212,2026-09-26T00:57:21.596,2,right,1,2,18.484126984126988,True,
run_20260926_005346_067436,6419,212,2026-09-26T00:57:21.596,3,right,2,3,19.0,True,
run_20260926_005346_067436,6419,212,2026-09-26T00:57:21.596,4,right,3,4,18.571428571428555,True,
run_20260926_005346_067436,6419,212,2026-09-26T00:57:21.596,5,right,4,5,19.0,True,
run_20260926_005346_067436,6419,212,2026-09-26T00:57:21.596,6,right,5,6,19.0,True,
run_20260926_005346_067436,6419,212,2026-09-26T00:57:21.596,7,right,6,7,18.5,True,
run_20260926_005346_067436,6419,212,2026-09-26T00:57:21.596,8,right,7,8,19.0,True,
run_20260926_005346_067436,6419,212,2026-09-26T00:57:21.596,9,right,8,9,18.928571428571445,True,
run_20260926_005346_067436,6419,212,2026-09-26T00:57:21.596,10,right,9,10,18.571428571428555,True,
run_20260926_005346_067436,6419,212,2026-09-26T00:57:21.596,11,right,10,11,18.5,True,
run_20260926_005346_067436,6419,212,2026-09-26T00:57:21.596,12,right,11,12,18.5,True,
run_20260926_005346_067436,6449,213,2026-09-26T00:57:22.596,1,left,0,1,18.888888888888914,True,
run_20260926_005346_067436,6449,213,2026-09-26T00:57:22.596,2,left,1,2,18.45555555555555,True,
run_20260926_005346_067436,6449,213,2026-09-26T00:57:22.596,3,left,2,3,18.599999999999994,True,
run_20260926_005346_067436,6449,213,2026-09-26T00:57:22.596,4,left,3,4,19.0,True,
run_20260926_005346_067436,6449,213,2026-09-26T00:57:22.596,5,left,4,5,19.0,True,
run_20260926_005346_067436,6449,213,2026-09-26T00:57:22.596,6,left,5,6,18.785714285714278,True,
run_20260926_005346_067436,6449,213,2026-09-26T00:57:22.596,7,left,6,7,18.589285714285722,True,
run_20260926_005346_067436,6449,213,2026-09-26T00:57:22.596,8,left,7,8,18.5,True,
run_20260926_005346_067436,6449,213,2026-09-26T00:57:22.596,9,left,8,9,19.025000000000006,True,
run_20260926_005346_067436,6449,213,2026-09-26T00:57:22.596,10,left,9,10,18.314285714285703,True,
run_20260926_005346_067436,6449,213,2026-09-26T00:57:22.596,11,left,10,11,18.785714285714292,True,
run_20260926_005346_067436,6449,213,2026-09-26T00:57:22.596,12,left,11,12,18.25,True,
run_20260926_005346_067436,6449,213,2026-09-26T00:57:22.596,1,right,0,1,18.944444444444457,True,
run_20260926_005346_067436,6449,213,2026-09-26T00:57:22.596,2,right,1,2,18.484126984126988,True,
run_20260926_005346_067436,6449,213,2026-09-26T00:57:22.596,3,right,2,3,18.917582417582366,True,
run_20260926_005346_067436,6449,213,2026-09-26T00:57:22.596,4,right,3,4,18.65384615384619,True,
run_20260926_005346_067436,6449,213,2026-09-26T00:57:22.596,5,right,4,5,19.0,True,
run_20260926_005346_067436,6449,213,2026-09-26T00:57:22.596,6,right,5,6,19.0,True,
run_20260926_005346_067436,6449,213,2026-09-26T00:57:22.596,7,right,6,7,18.5,True,
run_20260926_005346_067436,6449,213,2026-09-26T00:57:22.596,8,right,7,8,19.0,True,
run_20260926_005346_067436,6449,213,2026-09-26T00:57:22.596,9,right,8,9,18.5,True,
run_20260926_005346_067436,6449,213,2026-09-26T00:57:22.596,10,right,9,10,19.0,True,
run_20260926_005346_067436,6449,213,2026-09-26T00:57:22.596,11,right,10,11,18.5,True,
run_20260926_005346_067436,6449,213,2026-09-26T00:57:22.596,12,right,11,12,18.5,True,
run_20260926_005346_067436,6479,214,2026-09-26T00:57:23.596,1,left,0,1,18.944444444444457,True,
run_20260926_005346_067436,6479,214,2026-09-26T00:57:23.596,2,left,1,2,18.400000000000006,True,
run_20260926_005346_067436,6479,214,2026-09-26T00:57:23.596,3,left,2,3,18.599999999999994,True,
run_20260926_005346_067436,6479,214,2026-09-26T00:57:23.596,4,left,3,4,19.0,True,
run_20260926_005346_067436,6479,214,2026-09-26T00:57:23.596,5,left,4,5,19.0,True,
run_20260926_005346_067436,6479,214,2026-09-26T00:57:23.596,6,left,5,6,18.785714285714278,True,
run_20260926_005346_067436,6479,214,2026-09-26T00:57:23.596,7,left,6,7,18.589285714285722,True,
run_20260926_005346_067436,6479,214,2026-09-26T00:57:23.596,8,left,7,8,18.5,True,
run_20260926_005346_067436,6479,214,2026-09-26T00:57:23.596,9,left,8,9,19.025000000000006,True,
run_20260926_005346_067436,6479,214,2026-09-26T00:57:23.596,10,left,9,10,18.314285714285703,True,
run_20260926_005346_067436,6479,214,2026-09-26T00:57:23.596,11,left,10,11,18.785714285714292,True,
run_20260926_005346_067436,6479,214,2026-09-26T00:57:23.596,12,left,11,12,18.25,True,
run_20260926_005346_067436,6479,214,2026-09-26T00:57:23.596,1,right,0,1,18.944444444444457,True,
run_20260926_005346_067436,6479,214,2026-09-26T00:57:23.596,2,right,1,2,18.484126984126988,True,
run_20260926_005346_067436,6479,214,2026-09-26T00:57:23.596,3,right,2,3,18.917582417582366,True,
run_20260926_005346_067436,6479,214,2026-09-26T00:57:23.596,4,right,3,4,18.65384615384619,True,
run_20260926_005346_067436,6479,214,2026-09-26T00:57:23.596,5,right,4,5,19.0,True,
run_20260926_005346_067436,6479,214,2026-09-26T00:57:23.596,6,right,5,6,19.0,True,
run_20260926_005346_067436,6479,214,2026-09-26T00:57:23.596,7,right,6,7,18.5,True,
run_20260926_005346_067436,6479,214,2026-09-26T00:57:23.596,8,right,7,8,19.0,True,
run_20260926_005346_067436,6479,214,2026-09-26T00:57:23.596,9,right,8,9,19.0,True,
run_20260926_005346_067436,6479,214,2026-09-26T00:57:23.596,10,right,9,10,18.5,True,
run_20260926_005346_067436,6479,214,2026-09-26T00:57:23.596,11,right,10,11,18.5,True,
run_20260926_005346_067436,6479,214,2026-09-26T00:57:23.596,12,right,11,12,18.5,True,
run_20260926_005346_067436,6506,215,2026-09-26T00:57:24.605,1,left,0,1,18.888888888888914,True,
run_20260926_005346_067436,6506,215,2026-09-26T00:57:24.605,2,left,1,2,18.45555555555555,True,
run_20260926_005346_067436,6506,215,2026-09-26T00:57:24.605,3,left,2,3,18.599999999999994,True,
run_20260926_005346_067436,6506,215,2026-09-26T00:57:24.605,4,left,3,4,19.0,True,
run_20260926_005346_067436,6506,215,2026-09-26T00:57:24.605,5,left,4,5,19.0,True,
run_20260926_005346_067436,6506,215,2026-09-26T00:57:24.605,6,left,5,6,18.785714285714278,True,
run_20260926_005346_067436,6506,215,2026-09-26T00:57:24.605,7,left,6,7,18.589285714285722,True,
run_20260926_005346_067436,6506,215,2026-09-26T00:57:24.605,8,left,7,8,18.5,True,
run_20260926_005346_067436,6506,215,2026-09-26T00:57:24.605,9,left,8,9,19.025000000000006,True,
run_20260926_005346_067436,6506,215,2026-09-26T00:57:24.605,10,left,9,10,18.314285714285703,True,
run_20260926_005346_067436,6506,215,2026-09-26T00:57:24.605,11,left,10,11,18.785714285714292,True,
run_20260926_005346_067436,6506,215,2026-09-26T00:57:24.605,12,left,11,12,18.25,True,
run_20260926_005346_067436,6506,215,2026-09-26T00:57:24.605,1,right,0,1,18.944444444444457,True,
run_20260926_005346_067436,6506,215,2026-09-26T00:57:24.605,2,right,1,2,18.484126984126988,True,
run_20260926_005346_067436,6506,215,2026-09-26T00:57:24.605,3,right,2,3,19.0,True,
run_20260926_005346_067436,6506,215,2026-09-26T00:57:24.605,4,right,3,4,18.571428571428555,True,
run_20260926_005346_067436,6506,215,2026-09-26T00:57:24.605,5,right,4,5,19.0,True,
run_20260926_005346_067436,6506,215,2026-09-26T00:57:24.605,6,right,5,6,19.0,True,
run_20260926_005346_067436,6506,215,2026-09-26T00:57:24.605,7,right,6,7,18.5,True,
run_20260926_005346_067436,6506,215,2026-09-26T00:57:24.605,8,right,7,8,19.0,True,
run_20260926_005346_067436,6506,215,2026-09-26T00:57:24.605,9,right,8,9,19.0,True,
run_20260926_005346_067436,6506,215,2026-09-26T00:57:24.605,10,right,9,10,18.5,True,
run_20260926_005346_067436,6506,215,2026-09-26T00:57:24.605,11,right,10,11,18.5,True,
run_20260926_005346_067436,6506,215,2026-09-26T00:57:24.605,12,right,11,12,18.5,True,
run_20260926_005346_067436,6537,216,2026-09-26T00:57:25.634,1,left,0,1,18.888888888888914,True,
run_20260926_005346_067436,6537,216,2026-09-26T00:57:25.634,2,left,1,2,18.45555555555555,True,
run_20260926_005346_067436,6537,216,2026-09-26T00:57:25.634,3,left,2,3,18.599999999999994,True,
run_20260926_005346_067436,6537,216,2026-09-26T00:57:25.634,4,left,3,4,19.0,True,
run_20260926_005346_067436,6537,216,2026-09-26T00:57:25.634,5,left,4,5,19.0,True,
run_20260926_005346_067436,6537,216,2026-09-26T00:57:25.634,6,left,5,6,18.785714285714278,True,
run_20260926_005346_067436,6537,216,2026-09-26T00:57:25.634,7,left,6,7,18.589285714285722,True,
run_20260926_005346_067436,6537,216,2026-09-26T00:57:25.634,8,left,7,8,18.5,True,
run_20260926_005346_067436,6537,216,2026-09-26T00:57:25.634,9,left,8,9,19.025000000000006,True,
run_20260926_005346_067436,6537,216,2026-09-26T00:57:25.634,10,left,9,10,18.314285714285703,True,
run_20260926_005346_067436,6537,216,2026-09-26T00:57:25.634,11,left,10,11,18.785714285714292,True,
run_20260926_005346_067436,6537,216,2026-09-26T00:57:25.634,12,left,11,12,18.13636363636364,True,
run_20260926_005346_067436,6537,216,2026-09-26T00:57:25.634,1,right,0,1,18.944444444444457,True,
run_20260926_005346_067436,6537,216,2026-09-26T00:57:25.634,2,right,1,2,18.484126984126988,True,
run_20260926_005346_067436,6537,216,2026-09-26T00:57:25.634,3,right,2,3,19.0,True,
run_20260926_005346_067436,6537,216,2026-09-26T00:57:25.634,4,right,3,4,18.571428571428555,True,
run_20260926_005346_067436,6537,216,2026-09-26T00:57:25.634,5,right,4,5,19.0,True,
run_20260926_005346_067436,6537,216,2026-09-26T00:57:25.634,6,right,5,6,19.0,True,
run_20260926_005346_067436,6537,216,2026-09-26T00:57:25.634,7,right,6,7,18.5,True,
run_20260926_005346_067436,6537,216,2026-09-26T00:57:25.634,8,right,7,8,19.0,True,
run_20260926_005346_067436,6537,216,2026-09-26T00:57:25.634,9,right,8,9,18.928571428571445,True,
run_20260926_005346_067436,6537,216,2026-09-26T00:57:25.634,10,right,9,10,18.571428571428555,True,
run_20260926_005346_067436,6537,216,2026-09-26T00:57:25.634,11,right,10,11,18.5,True,
run_20260926_005346_067436,6537,216,2026-09-26T00:57:25.634,12,right,11,12,18.5,True,
run_20260926_005346_067436,6567,217,2026-09-26T00:57:26.637,1,left,0,1,18.888888888888914,True,
run_20260926_005346_067436,6567,217,2026-09-26T00:57:26.637,2,left,1,2,18.45555555555555,True,
run_20260926_005346_067436,6567,217,2026-09-26T00:57:26.637,3,left,2,3,18.599999999999994,True,
run_20260926_005346_067436,6567,217,2026-09-26T00:57:26.637,4,left,3,4,19.0,True,
run_20260926_005346_067436,6567,217,2026-09-26T00:57:26.637,5,left,4,5,19.0,True,
run_20260926_005346_067436,6567,217,2026-09-26T00:57:26.637,6,left,5,6,18.785714285714278,True,
run_20260926_005346_067436,6567,217,2026-09-26T00:57:26.637,7,left,6,7,18.589285714285722,True,
run_20260926_005346_067436,6567,217,2026-09-26T00:57:26.637,8,left,7,8,18.5,True,
run_20260926_005346_067436,6567,217,2026-09-26T00:57:26.637,9,left,8,9,19.025000000000006,True,
run_20260926_005346_067436,6567,217,2026-09-26T00:57:26.637,10,left,9,10,18.314285714285703,True,
run_20260926_005346_067436,6567,217,2026-09-26T00:57:26.637,11,left,10,11,18.785714285714292,True,
run_20260926_005346_067436,6567,217,2026-09-26T00:57:26.637,12,left,11,12,18.25,True,
run_20260926_005346_067436,6567,217,2026-09-26T00:57:26.637,1,right,0,1,18.944444444444457,True,
run_20260926_005346_067436,6567,217,2026-09-26T00:57:26.637,2,right,1,2,18.484126984126988,True,
run_20260926_005346_067436,6567,217,2026-09-26T00:57:26.637,3,right,2,3,19.0,True,
run_20260926_005346_067436,6567,217,2026-09-26T00:57:26.637,4,right,3,4,18.571428571428555,True,
run_20260926_005346_067436,6567,217,2026-09-26T00:57:26.637,5,right,4,5,19.0,True,
run_20260926_005346_067436,6567,217,2026-09-26T00:57:26.637,6,right,5,6,19.0,True,
run_20260926_005346_067436,6567,217,2026-09-26T00:57:26.637,7,right,6,7,18.5,True,
run_20260926_005346_067436,6567,217,2026-09-26T00:57:26.637,8,right,7,8,19.0,True,
run_20260926_005346_067436,6567,217,2026-09-26T00:57:26.637,9,right,8,9,18.928571428571445,True,
run_20260926_005346_067436,6567,217,2026-09-26T00:57:26.637,10,right,9,10,18.571428571428555,True,
run_20260926_005346_067436,6567,217,2026-09-26T00:57:26.637,11,right,10,11,18.5,True,
run_20260926_005346_067436,6567,217,2026-09-26T00:57:26.637,12,right,11,12,18.5,True,
