run_id,frame_id,measurement_index,datetime,tick_id,left_x_at_axis,right_x_at_axis,pair_center_x,valid,invalid_reason
run_20260926_014038_575179,1,1,2026-09-26T01:40:39.081,0,,,,False,missing_left_or_right_tick
run_20260926_014038_575179,1,1,2026-09-26T01:40:39.081,1,,,,False,missing_left_or_right_tick
run_20260926_014038_575179,1,1,2026-09-26T01:40:39.081,2,,,,False,missing_left_or_right_tick
run_20260926_014038_575179,1,1,2026-09-26T01:40:39.081,3,,,,False,missing_left_or_right_tick
run_20260926_014038_575179,1,1,2026-09-26T01:40:39.081,4,,,,False,missing_left_or_right_tick
run_20260926_014038_575179,1,1,2026-09-26T01:40:39.081,5,,,,False,missing_left_or_right_tick
run_20260926_014038_575179,1,1,2026-09-26T01:40:39.081,6,,,,False,missing_left_or_right_tick
run_20260926_014038_575179,1,1,2026-09-26T01:40:39.081,7,,,,False,missing_left_or_right_tick
run_20260926_014038_575179,1,1,2026-09-26T01:40:39.081,8,,,,False,missing_left_or_right_tick
run_20260926_014038_575179,1,1,2026-09-26T01:40:39.081,9,,,,False,missing_left_or_right_tick
run_20260926_014038_575179,1,1,2026-09-26T01:40:39.081,10,,,,False,missing_left_or_right_tick
run_20260926_014038_575179,1,1,2026-09-26T01:40:39.081,11,,,,False,missing_left_or_right_tick
run_20260926_014038_575179,1,1,2026-09-26T01:40:39.081,12,,,,False,missing_left_or_right_tick
run_20260926_014038_575179,32,2,2026-09-26T01:40:40.113,0,,,,False,missing_left_or_right_tick
run_20260926_014038_575179,32,2,2026-09-26T01:40:40.113,1,,,,False,missing_left_or_right_tick
run_20260926_014038_575179,32,2,2026-09-26T01:40:40.113,2,,,,False,missing_left_or_right_tick
run_20260926_014038_575179,32,2,2026-09-26T01:40:40.113,3,,,,False,missing_left_or_right_tick
run_20260926_014038_575179,32,2,2026-09-26T01:40:40.113,4,,,,False,missing_left_or_right_tick
run_20260926_014038_575179,32,2,2026-09-26T01:40:40.113,5,,,,False,missing_left_or_right_tick
run_20260926_014038_575179,32,2,2026-09-26T01:40:40.113,6,,,,False,missing_left_or_right_tick
run_20260926_014038_575179,32,2,2026-09-26T01:40:40.113,7,,,,False,missing_left_or_right_tick
run_20260926_014038_575179,32,2,2026-09-26T01:40:40.113,8,,,,False,missing_left_or_right_tick
run_20260926_014038_575179,32,2,2026-09-26T01:40:40.113,9,,,,False,missing_left_or_right_tick
run_20260926_014038_575179,32,2,2026-09-26T01:40:40.113,10,,,,False,missing_left_or_right_tick
run_20260926_014038_575179,32,2,2026-09-26T01:40:40.113,11,,,,False,missing_left_or_right_tick
run_20260926_014038_575179,32,2,2026-09-26T01:40:40.113,12,,,,False,missing_left_or_right_tick
run_20260926_014038_575179,62,3,2026-09-26T01:40:41.113,0,,,,False,missing_left_or_right_tick
run_20260926_014038_575179,62,3,2026-09-26T01:40:41.113,1,,,,False,missing_left_or_right_tick
run_20260926_014038_575179,62,3,2026-09-26T01:40:41.113,2,,,,False,missing_left_or_right_tick
run_20260926_014038_575179,62,3,2026-09-26T01:40:41.113,3,,,,False,missing_left_or_right_tick
run_20260926_014038_575179,62,3,2026-09-26T01:40:41.113,4,,,,False,missing_left_or_right_tick
run_20260926_014038_575179,62,3,2026-09-26T01:40:41.113,5,,,,False,missing_left_or_right_tick
run_20260926_014038_575179,62,3,2026-09-26T01:40:41.113,6,,,,False,missing_left_or_right_tick
run_20260926_014038_575179,62,3,2026-09-26T01:40:41.113,7,,,,False,missing_left_or_right_tick
run_20260926_014038_575179,62,3,2026-09-26T01:40:41.113,8,,,,False,missing_left_or_right_tick
run_20260926_014038_575179,62,3,2026-09-26T01:40:41.113,9,,,,False,missing_left_or_right_tick
run_20260926_014038_575179,62,3,2026-09-26T01:40:41.113,10,,,,False,missing_left_or_right_tick
run_20260926_014038_575179,62,3,2026-09-26T01:40:41.113,11,,,,False,missing_left_or_right_tick
run_20260926_014038_575179,62,3,2026-09-26T01:40:41.113,12,,,,False,missing_left_or_right_tick
run_20260926_014038_575179,92,4,2026-09-26T01:40:42.113,0,,,,False,missing_left_or_right_tick
run_20260926_014038_575179,92,4,2026-09-26T01:40:42.113,1,,,,False,missing_left_or_right_tick
run_20260926_014038_575179,92,4,2026-09-26T01:40:42.113,2,,,,False,missing_left_or_right_tick
run_20260926_014038_575179,92,4,2026-09-26T01:40:42.113,3,,,,False,missing_left_or_right_tick
run_20260926_014038_575179,92,4,2026-09-26T01:40:42.113,4,,,,False,missing_left_or_right_tick
run_20260926_014038_575179,92,4,2026-09-26T01:40:42.113,5,,,,False,missing_left_or_right_tick
run_20260926_014038_575179,92,4,2026-09-26T01:40:42.113,6,,,,False,missing_left_or_right_tick
run_20260926_014038_575179,92,4,2026-09-26T01:40:42.113,7,,,,False,missing_left_or_right_tick
run_20260926_014038_575179,92,4,2026-09-26T01:40:42.113,8,,,,False,missing_left_or_right_tick
run_20260926_014038_575179,92,4,2026-09-26T01:40:42.113,9,,,,False,missing_left_or_right_tick
run_20260926_014038_575179,92,4,2026-09-26T01:40:42.113,10,,,,False,missing_left_or_right_tick
run_20260926_014038_575179,92,4,2026-09-26T01:40:42.113,11,,,,False,missing_left_or_right_tick
run_20260926_014038_575179,92,4,2026-09-26T01:40:42.113,12,,,,False,missing_left_or_right_tick
run_20260926_014038_575179,123,5,2026-09-26T01:40:43.149,0,,,,False,missing_left_or_right_tick
run_20260926_014038_575179,123,5,2026-09-26T01:40:43.149,1,,,,False,missing_left_or_right_tick
run_20260926_014038_575179,123,5,2026-09-26T01:40:43.149,2,,,,False,missing_left_or_right_tick
run_20260926_014038_575179,123,5,2026-09-26T01:40:43.149,3,,,,False,missing_left_or_right_tick
run_20260926_014038_575179,123,5,2026-09-26T01:40:43.149,4,,,,False,missing_left_or_right_tick
run_20260926_014038_575179,123,5,2026-09-26T01:40:43.149,5,,,,False,missing_left_or_right_tick
run_20260926_014038_575179,123,5,2026-09-26T01:40:43.149,6,,,,False,missing_left_or_right_tick
run_20260926_014038_575179,123,5,2026-09-26T01:40:43.149,7,,,,False,missing_left_or_right_tick
run_20260926_014038_575179,123,5,2026-09-26T01:40:43.149,8,,,,False,missing_left_or_right_tick
run_20260926_014038_575179,123,5,2026-09-26T01:40:43.149,9,,,,False,missing_left_or_right_tick
run_20260926_014038_575179,123,5,2026-09-26T01:40:43.149,10,,,,False,missing_left_or_right_tick
run_20260926_014038_575179,123,5,2026-09-26T01:40:43.149,11,,,,False,missing_left_or_right_tick
run_20260926_014038_575179,123,5,2026-09-26T01:40:43.149,12,,,,False,missing_left_or_right_tick
run_20260926_014038_575179,153,6,2026-09-26T01:40:44.150,0,,,,False,missing_left_or_right_tick
run_20260926_014038_575179,153,6,2026-09-26T01:40:44.150,1,,,,False,missing_left_or_right_tick
run_20260926_014038_575179,153,6,2026-09-26T01:40:44.150,2,,,,False,missing_left_or_right_tick
run_20260926_014038_575179,153,6,2026-09-26T01:40:44.150,3,,,,False,missing_left_or_right_tick
run_20260926_014038_575179,153,6,2026-09-26T01:40:44.150,4,,,,False,missing_left_or_right_tick
run_20260926_014038_575179,153,6,2026-09-26T01:40:44.150,5,,,,False,missing_left_or_right_tick
run_20260926_014038_575179,153,6,2026-09-26T01:40:44.150,6,,,,False,missing_left_or_right_tick
run_20260926_014038_575179,153,6,2026-09-26T01:40:44.150,7,,,,False,missing_left_or_right_tick
run_20260926_014038_575179,153,6,2026-09-26T01:40:44.150,8,,,,False,missing_left_or_right_tick
run_20260926_014038_575179,153,6,2026-09-26T01:40:44.150,9,,,,False,missing_left_or_right_tick
run_20260926_014038_575179,153,6,2026-09-26T01:40:44.150,10,,,,False,missing_left_or_right_tick
run_20260926_014038_575179,153,6,2026-09-26T01:40:44.150,11,,,,False,missing_left_or_right_tick
run_20260926_014038_575179,153,6,2026-09-26T01:40:44.150,12,,,,False,missing_left_or_right_tick
run_20260926_014038_575179,183,7,2026-09-26T01:40:45.151,0,,,,False,missing_left_or_right_tick
run_20260926_014038_575179,183,7,2026-09-26T01:40:45.151,1,,,,False,missing_left_or_right_tick
run_20260926_014038_575179,183,7,2026-09-26T01:40:45.151,2,,,,False,missing_left_or_right_tick
run_20260926_014038_575179,183,7,2026-09-26T01:40:45.151,3,,,,False,missing_left_or_right_tick
run_20260926_014038_575179,183,7,2026-09-26T01:40:45.151,4,,,,False,missing_left_or_right_tick
run_20260926_014038_575179,183,7,2026-09-26T01:40:45.151,5,,,,False,missing_left_or_right_tick
run_20260926_014038_575179,183,7,2026-09-26T01:40:45.151,6,,,,False,missing_left_or_right_tick
run_20260926_014038_575179,183,7,2026-09-26T01:40:45.151,7,,,,False,missing_left_or_right_tick
run_20260926_014038_575179,183,7,2026-09-26T01:40:45.151,8,,,,False,missing_left_or_right_tick
run_20260926_014038_575179,183,7,2026-09-26T01:40:45.151,9,,,,False,missing_left_or_right_tick
run_20260926_014038_575179,183,7,2026-09-26T01:40:45.151,10,,,,False,missing_left_or_right_tick
run_20260926_014038_575179,183,7,2026-09-26T01:40:45.151,11,,,,False,missing_left_or_right_tick
run_20260926_014038_575179,183,7,2026-09-26T01:40:45.151,12,,,,False,missing_left_or_right_tick
run_20260926_014038_575179,214,8,2026-09-26T01:40:46.182,0,,,,False,missing_left_or_right_tick
run_20260926_014038_575179,214,8,2026-09-26T01:40:46.182,1,,,,False,missing_left_or_right_tick
run_20260926_014038_575179,214,8,2026-09-26T01:40:46.182,2,,,,False,missing_left_or_right_tick
run_20260926_014038_575179,214,8,2026-09-26T01:40:46.182,3,,,,False,missing_left_or_right_tick
run_20260926_014038_575179,214,8,2026-09-26T01:40:46.182,4,,,,False,missing_left_or_right_tick
run_20260926_014038_575179,214,8,2026-09-26T01:40:46.182,5,,,,False,missing_left_or_right_tick
run_20260926_014038_575179,214,8,2026-09-26T01:40:46.182,6,,,,False,missing_left_or_right_tick
run_20260926_014038_575179,214,8,2026-09-26T01:40:46.182,7,,,,False,missing_left_or_right_tick
run_20260926_014038_575179,214,8,2026-09-26T01:40:46.182,8,,,,False,missing_left_or_right_tick
run_20260926_014038_575179,214,8,2026-09-26T01:40:46.182,9,,,,False,missing_left_or_right_tick
run_20260926_014038_575179,214,8,2026-09-26T01:40:46.182,10,,,,False,missing_left_or_right_tick
run_20260926_014038_575179,214,8,2026-09-26T01:40:46.182,11,,,,False,missing_left_or_right_tick
run_20260926_014038_575179,214,8,2026-09-26T01:40:46.182,12,,,,False,missing_left_or_right_tick
run_20260926_014038_575179,244,9,2026-09-26T01:40:47.183,0,,,,False,missing_left_or_right_tick
run_20260926_014038_575179,244,9,2026-09-26T01:40:47.183,1,,,,False,missing_left_or_right_tick
run_20260926_014038_575179,244,9,2026-09-26T01:40:47.183,2,,,,False,missing_left_or_right_tick
run_20260926_014038_575179,244,9,2026-09-26T01:40:47.183,3,,,,False,missing_left_or_right_tick
run_20260926_014038_575179,244,9,2026-09-26T01:40:47.183,4,,,,False,missing_left_or_right_tick
run_20260926_014038_575179,244,9,2026-09-26T01:40:47.183,5,,,,False,missing_left_or_right_tick
run_20260926_014038_575179,244,9,2026-09-26T01:40:47.183,6,,,,False,missing_left_or_right_tick
run_20260926_014038_575179,244,9,2026-09-26T01:40:47.183,7,,,,False,missing_left_or_right_tick
run_20260926_014038_575179,244,9,2026-09-26T01:40:47.183,8,,,,False,missing_left_or_right_tick
run_20260926_014038_575179,244,9,2026-09-26T01:40:47.183,9,,,,False,missing_left_or_right_tick
run_20260926_014038_575179,244,9,2026-09-26T01:40:47.183,10,,,,False,missing_left_or_right_tick
run_20260926_014038_575179,244,9,2026-09-26T01:40:47.183,11,,,,False,missing_left_or_right_tick
run_20260926_014038_575179,244,9,2026-09-26T01:40:47.183,12,,,,False,missing_left_or_right_tick
run_20260926_014038_575179,275,10,2026-09-26T01:40:48.217,0,,,,False,missing_left_or_right_tick
run_20260926_014038_575179,275,10,2026-09-26T01:40:48.217,1,,,,False,missing_left_or_right_tick
run_20260926_014038_575179,275,10,2026-09-26T01:40:48.217,2,,,,False,missing_left_or_right_tick
run_20260926_014038_575179,275,10,2026-09-26T01:40:48.217,3,,,,False,missing_left_or_right_tick
run_20260926_014038_575179,275,10,2026-09-26T01:40:48.217,4,,,,False,missing_left_or_right_tick
run_20260926_014038_575179,275,10,2026-09-26T01:40:48.217,5,,,,False,missing_left_or_right_tick
run_20260926_014038_575179,275,10,2026-09-26T01:40:48.217,6,,,,False,missing_left_or_right_tick
run_20260926_014038_575179,275,10,2026-09-26T01:40:48.217,7,,,,False,missing_left_or_right_tick
run_20260926_014038_575179,275,10,2026-09-26T01:40:48.217,8,,,,False,missing_left_or_right_tick
run_20260926_014038_575179,275,10,2026-09-26T01:40:48.217,9,,,,False,missing_left_or_right_tick
run_20260926_014038_575179,275,10,2026-09-26T01:40:48.217,10,,,,False,missing_left_or_right_tick
run_20260926_014038_575179,275,10,2026-09-26T01:40:48.217,11,,,,False,missing_left_or_right_tick
run_20260926_014038_575179,275,10,2026-09-26T01:40:48.217,12,,,,False,missing_left_or_right_tick
run_20260926_014038_575179,306,11,2026-09-26T01:40:49.250,0,,,,False,missing_left_or_right_tick
run_20260926_014038_575179,306,11,2026-09-26T01:40:49.250,1,,,,False,missing_left_or_right_tick
run_20260926_014038_575179,306,11,2026-09-26T01:40:49.250,2,,,,False,missing_left_or_right_tick
run_20260926_014038_575179,306,11,2026-09-26T01:40:49.250,3,,,,False,missing_left_or_right_tick
run_20260926_014038_575179,306,11,2026-09-26T01:40:49.250,4,,,,False,missing_left_or_right_tick
run_20260926_014038_575179,306,11,2026-09-26T01:40:49.250,5,,,,False,missing_left_or_right_tick
run_20260926_014038_575179,306,11,2026-09-26T01:40:49.250,6,,,,False,missing_left_or_right_tick
run_20260926_014038_575179,306,11,2026-09-26T01:40:49.250,7,,,,False,missing_left_or_right_tick
run_20260926_014038_575179,306,11,2026-09-26T01:40:49.250,8,,,,False,missing_left_or_right_tick
run_20260926_014038_575179,306,11,2026-09-26T01:40:49.250,9,,,,False,missing_left_or_right_tick
run_20260926_014038_575179,306,11,2026-09-26T01:40:49.250,10,,,,False,missing_left_or_right_tick
run_20260926_014038_575179,306,11,2026-09-26T01:40:49.250,11,,,,False,missing_left_or_right_tick
run_20260926_014038_575179,306,11,2026-09-26T01:40:49.250,12,,,,False,missing_left_or_right_tick
run_20260926_014038_575179,337,12,2026-09-26T01:40:50.282,0,,,,False,missing_left_or_right_tick
run_20260926_014038_575179,337,12,2026-09-26T01:40:50.282,1,,,,False,missing_left_or_right_tick
run_20260926_014038_575179,337,12,2026-09-26T01:40:50.282,2,,,,False,missing_left_or_right_tick
run_20260926_014038_575179,337,12,2026-09-26T01:40:50.282,3,,,,False,missing_left_or_right_tick
run_20260926_014038_575179,337,12,2026-09-26T01:40:50.282,4,,,,False,missing_left_or_right_tick
run_20260926_014038_575179,337,12,2026-09-26T01:40:50.282,5,,,,False,missing_left_or_right_tick
run_20260926_014038_575179,337,12,2026-09-26T01:40:50.282,6,,,,False,missing_left_or_right_tick
run_20260926_014038_575179,337,12,2026-09-26T01:40:50.282,7,,,,False,missing_left_or_right_tick
run_20260926_014038_575179,337,12,2026-09-26T01:40:50.282,8,,,,False,missing_left_or_right_tick
run_20260926_014038_575179,337,12,2026-09-26T01:40:50.282,9,,,,False,missing_left_or_right_tick
run_20260926_014038_575179,337,12,2026-09-26T01:40:50.282,10,,,,False,missing_left_or_right_tick
run_20260926_014038_575179,337,12,2026-09-26T01:40:50.282,11,,,,False,missing_left_or_right_tick
run_20260926_014038_575179,337,12,2026-09-26T01:40:50.282,12,,,,False,missing_left_or_right_tick
run_20260926_014038_575179,367,13,2026-09-26T01:40:51.283,0,,,,False,missing_left_or_right_tick
run_20260926_014038_575179,367,13,2026-09-26T01:40:51.283,1,,,,False,missing_left_or_right_tick
run_20260926_014038_575179,367,13,2026-09-26T01:40:51.283,2,,,,False,missing_left_or_right_tick
run_20260926_014038_575179,367,13,2026-09-26T01:40:51.283,3,,,,False,missing_left_or_right_tick
run_20260926_014038_575179,367,13,2026-09-26T01:40:51.283,4,,,,False,missing_left_or_right_tick
run_20260926_014038_575179,367,13,2026-09-26T01:40:51.283,5,,,,False,missing_left_or_right_tick
run_20260926_014038_575179,367,13,2026-09-26T01:40:51.283,6,,,,False,missing_left_or_right_tick
run_20260926_014038_575179,367,13,2026-09-26T01:40:51.283,7,,,,False,missing_left_or_right_tick
run_20260926_014038_575179,367,13,2026-09-26T01:40:51.283,8,,,,False,missing_left_or_right_tick
run_20260926_014038_575179,367,13,2026-09-26T01:40:51.283,9,,,,False,missing_left_or_right_tick
run_20260926_014038_575179,367,13,2026-09-26T01:40:51.283,10,,,,False,missing_left_or_right_tick
run_20260926_014038_575179,367,13,2026-09-26T01:40:51.283,11,,,,False,missing_left_or_right_tick
run_20260926_014038_575179,367,13,2026-09-26T01:40:51.283,12,,,,False,missing_left_or_right_tick
run_20260926_014038_575179,398,14,2026-09-26T01:40:52.315,0,,,,False,missing_left_or_right_tick
run_20260926_014038_575179,398,14,2026-09-26T01:40:52.315,1,,,,False,missing_left_or_right_tick
run_20260926_014038_575179,398,14,2026-09-26T01:40:52.315,2,,,,False,missing_left_or_right_tick
run_20260926_014038_575179,398,14,2026-09-26T01:40:52.315,3,,,,False,missing_left_or_right_tick
run_20260926_014038_575179,398,14,2026-09-26T01:40:52.315,4,,,,False,missing_left_or_right_tick
run_20260926_014038_575179,398,14,2026-09-26T01:40:52.315,5,,,,False,missing_left_or_right_tick
run_20260926_014038_575179,398,14,2026-09-26T01:40:52.315,6,,,,False,missing_left_or_right_tick
run_20260926_014038_575179,398,14,2026-09-26T01:40:52.315,7,,,,False,missing_left_or_right_tick
run_20260926_014038_575179,398,14,2026-09-26T01:40:52.315,8,,,,False,missing_left_or_right_tick
run_20260926_014038_575179,398,14,2026-09-26T01:40:52.315,9,,,,False,missing_left_or_right_tick
run_20260926_014038_575179,398,14,2026-09-26T01:40:52.315,10,,,,False,missing_left_or_right_tick
run_20260926_014038_575179,398,14,2026-09-26T01:40:52.315,11,,,,False,missing_left_or_right_tick
run_20260926_014038_575179,398,14,2026-09-26T01:40:52.315,12,,,,False,missing_left_or_right_tick
run_20260926_014038_575179,428,15,2026-09-26T01:40:53.315,0,,,,False,missing_left_or_right_tick
run_20260926_014038_575179,428,15,2026-09-26T01:40:53.315,1,,,,False,missing_left_or_right_tick
run_20260926_014038_575179,428,15,2026-09-26T01:40:53.315,2,,,,False,missing_left_or_right_tick
run_20260926_014038_575179,428,15,2026-09-26T01:40:53.315,3,,,,False,missing_left_or_right_tick
run_20260926_014038_575179,428,15,2026-09-26T01:40:53.315,4,,,,False,missing_left_or_right_tick
run_20260926_014038_575179,428,15,2026-09-26T01:40:53.315,5,,,,False,missing_left_or_right_tick
run_20260926_014038_575179,428,15,2026-09-26T01:40:53.315,6,,,,False,missing_left_or_right_tick
run_20260926_014038_575179,428,15,2026-09-26T01:40:53.315,7,,,,False,missing_left_or_right_tick
run_20260926_014038_575179,428,15,2026-09-26T01:40:53.315,8,,,,False,missing_left_or_right_tick
run_20260926_014038_575179,428,15,2026-09-26T01:40:53.315,9,,,,False,missing_left_or_right_tick
run_20260926_014038_575179,428,15,2026-09-26T01:40:53.315,10,,,,False,missing_left_or_right_tick
run_20260926_014038_575179,428,15,2026-09-26T01:40:53.315,11,,,,False,missing_left_or_right_tick
run_20260926_014038_575179,428,15,2026-09-26T01:40:53.315,12,,,,False,missing_left_or_right_tick
run_20260926_014038_575179,458,16,2026-09-26T01:40:54.315,0,,,,False,missing_left_or_right_tick
run_20260926_014038_575179,458,16,2026-09-26T01:40:54.315,1,,,,False,missing_left_or_right_tick
run_20260926_014038_575179,458,16,2026-09-26T01:40:54.315,2,,,,False,missing_left_or_right_tick
run_20260926_014038_575179,458,16,2026-09-26T01:40:54.315,3,,,,False,missing_left_or_right_tick
run_20260926_014038_575179,458,16,2026-09-26T01:40:54.315,4,,,,False,missing_left_or_right_tick
run_20260926_014038_575179,458,16,2026-09-26T01:40:54.315,5,,,,False,missing_left_or_right_tick
run_20260926_014038_575179,458,16,2026-09-26T01:40:54.315,6,,,,False,missing_left_or_right_tick
run_20260926_014038_575179,458,16,2026-09-26T01:40:54.315,7,,,,False,missing_left_or_right_tick
run_20260926_014038_575179,458,16,2026-09-26T01:40:54.315,8,,,,False,missing_left_or_right_tick
run_20260926_014038_575179,458,16,2026-09-26T01:40:54.315,9,,,,False,missing_left_or_right_tick
run_20260926_014038_575179,458,16,2026-09-26T01:40:54.315,10,,,,False,missing_left_or_right_tick
run_20260926_014038_575179,458,16,2026-09-26T01:40:54.315,11,,,,False,missing_left_or_right_tick
run_20260926_014038_575179,458,16,2026-09-26T01:40:54.315,12,,,,False,missing_left_or_right_tick
run_20260926_014038_575179,488,17,2026-09-26T01:40:55.316,0,,,,False,missing_left_or_right_tick
run_20260926_014038_575179,488,17,2026-09-26T01:40:55.316,1,,,,False,missing_left_or_right_tick
run_20260926_014038_575179,488,17,2026-09-26T01:40:55.316,2,,,,False,missing_left_or_right_tick
run_20260926_014038_575179,488,17,2026-09-26T01:40:55.316,3,,,,False,missing_left_or_right_tick
run_20260926_014038_575179,488,17,2026-09-26T01:40:55.316,4,,,,False,missing_left_or_right_tick
run_20260926_014038_575179,488,17,2026-09-26T01:40:55.316,5,,,,False,missing_left_or_right_tick
run_20260926_014038_575179,488,17,2026-09-26T01:40:55.316,6,,,,False,missing_left_or_right_tick
run_20260926_014038_575179,488,17,2026-09-26T01:40:55.316,7,,,,False,missing_left_or_right_tick
run_20260926_014038_575179,488,17,2026-09-26T01:40:55.316,8,,,,False,missing_left_or_right_tick
run_20260926_014038_575179,488,17,2026-09-26T01:40:55.316,9,,,,False,missing_left_or_right_tick
run_20260926_014038_575179,488,17,2026-09-26T01:40:55.316,10,,,,False,missing_left_or_right_tick
run_20260926_014038_575179,488,17,2026-09-26T01:40:55.316,11,,,,False,missing_left_or_right_tick
run_20260926_014038_575179,488,17,2026-09-26T01:40:55.316,12,,,,False,missing_left_or_right_tick
run_20260926_014038_575179,519,18,2026-09-26T01:40:56.351,0,,,,False,missing_left_or_right_tick
run_20260926_014038_575179,519,18,2026-09-26T01:40:56.351,1,,,,False,missing_left_or_right_tick
run_20260926_014038_575179,519,18,2026-09-26T01:40:56.351,2,,,,False,missing_left_or_right_tick
run_20260926_014038_575179,519,18,2026-09-26T01:40:56.351,3,,,,False,missing_left_or_right_tick
run_20260926_014038_575179,519,18,2026-09-26T01:40:56.351,4,,,,False,missing_left_or_right_tick
run_20260926_014038_575179,519,18,2026-09-26T01:40:56.351,5,,,,False,missing_left_or_right_tick
run_20260926_014038_575179,519,18,2026-09-26T01:40:56.351,6,,,,False,missing_left_or_right_tick
run_20260926_014038_575179,519,18,2026-09-26T01:40:56.351,7,,,,False,missing_left_or_right_tick
run_20260926_014038_575179,519,18,2026-09-26T01:40:56.351,8,,,,False,missing_left_or_right_tick
run_20260926_014038_575179,519,18,2026-09-26T01:40:56.351,9,,,,False,missing_left_or_right_tick
run_20260926_014038_575179,519,18,2026-09-26T01:40:56.351,10,,,,False,missing_left_or_right_tick
run_20260926_014038_575179,519,18,2026-09-26T01:40:56.351,11,,,,False,missing_left_or_right_tick
run_20260926_014038_575179,519,18,2026-09-26T01:40:56.351,12,,,,False,missing_left_or_right_tick
run_20260926_014038_575179,550,19,2026-09-26T01:40:57.382,0,,,,False,missing_left_or_right_tick
run_20260926_014038_575179,550,19,2026-09-26T01:40:57.382,1,,,,False,missing_left_or_right_tick
run_20260926_014038_575179,550,19,2026-09-26T01:40:57.382,2,,,,False,missing_left_or_right_tick
run_20260926_014038_575179,550,19,2026-09-26T01:40:57.382,3,,,,False,missing_left_or_right_tick
run_20260926_014038_575179,550,19,2026-09-26T01:40:57.382,4,,,,False,missing_left_or_right_tick
run_20260926_014038_575179,550,19,2026-09-26T01:40:57.382,5,,,,False,missing_left_or_right_tick
run_20260926_014038_575179,550,19,2026-09-26T01:40:57.382,6,,,,False,missing_left_or_right_tick
run_20260926_014038_575179,550,19,2026-09-26T01:40:57.382,7,,,,False,missing_left_or_right_tick
run_20260926_014038_575179,550,19,2026-09-26T01:40:57.382,8,,,,False,missing_left_or_right_tick
run_20260926_014038_575179,550,19,2026-09-26T01:40:57.382,9,,,,False,missing_left_or_right_tick
run_20260926_014038_575179,550,19,2026-09-26T01:40:57.382,10,,,,False,missing_left_or_right_tick
run_20260926_014038_575179,550,19,2026-09-26T01:40:57.382,11,,,,False,missing_left_or_right_tick
run_20260926_014038_575179,550,19,2026-09-26T01:40:57.382,12,,,,False,missing_left_or_right_tick
run_20260926_014038_575179,580,20,2026-09-26T01:40:58.382,0,,,,False,missing_left_or_right_tick
run_20260926_014038_575179,580,20,2026-09-26T01:40:58.382,1,,,,False,missing_left_or_right_tick
run_20260926_014038_575179,580,20,2026-09-26T01:40:58.382,2,,,,False,missing_left_or_right_tick
run_20260926_014038_575179,580,20,2026-09-26T01:40:58.382,3,,,,False,missing_left_or_right_tick
run_20260926_014038_575179,580,20,2026-09-26T01:40:58.382,4,,,,False,missing_left_or_right_tick
run_20260926_014038_575179,580,20,2026-09-26T01:40:58.382,5,,,,False,missing_left_or_right_tick
run_20260926_014038_575179,580,20,2026-09-26T01:40:58.382,6,,,,False,missing_left_or_right_tick
run_20260926_014038_575179,580,20,2026-09-26T01:40:58.382,7,,,,False,missing_left_or_right_tick
run_20260926_014038_575179,580,20,2026-09-26T01:40:58.382,8,,,,False,missing_left_or_right_tick
run_20260926_014038_575179,580,20,2026-09-26T01:40:58.382,9,,,,False,missing_left_or_right_tick
run_20260926_014038_575179,580,20,2026-09-26T01:40:58.382,10,,,,False,missing_left_or_right_tick
run_20260926_014038_575179,580,20,2026-09-26T01:40:58.382,11,,,,False,missing_left_or_right_tick
run_20260926_014038_575179,580,20,2026-09-26T01:40:58.382,12,,,,False,missing_left_or_right_tick
run_20260926_014038_575179,610,21,2026-09-26T01:40:59.383,0,,494.0,,False,missing_left_or_right_tick
run_20260926_014038_575179,610,21,2026-09-26T01:40:59.383,1,,513.0,,False,missing_left_or_right_tick
run_20260926_014038_575179,610,21,2026-09-26T01:40:59.383,2,,,,False,missing_left_or_right_tick
run_20260926_014038_575179,610,21,2026-09-26T01:40:59.383,3,,,,False,missing_left_or_right_tick
run_20260926_014038_575179,610,21,2026-09-26T01:40:59.383,4,,,,False,missing_left_or_right_tick
run_20260926_014038_575179,610,21,2026-09-26T01:40:59.383,5,,,,False,missing_left_or_right_tick
run_20260926_014038_575179,610,21,2026-09-26T01:40:59.383,6,,,,False,missing_left_or_right_tick
run_20260926_014038_575179,610,21,2026-09-26T01:40:59.383,7,,,,False,missing_left_or_right_tick
run_20260926_014038_575179,610,21,2026-09-26T01:40:59.383,8,,,,False,missing_left_or_right_tick
run_20260926_014038_575179,610,21,2026-09-26T01:40:59.383,9,,,,False,missing_left_or_right_tick
run_20260926_014038_575179,610,21,2026-09-26T01:40:59.383,10,,,,False,missing_left_or_right_tick
run_20260926_014038_575179,610,21,2026-09-26T01:40:59.383,11,,,,False,missing_left_or_right_tick
run_20260926_014038_575179,610,21,2026-09-26T01:40:59.383,12,,,,False,missing_left_or_right_tick
run_20260926_014038_575179,640,22,2026-09-26T01:41:00.384,0,290.0,456.5,373.25,True,
run_20260926_014038_575179,640,22,2026-09-26T01:41:00.384,1,271.0,475.375,373.1875,True,
run_20260926_014038_575179,640,22,2026-09-26T01:41:00.384,2,252.0,494.0,373.0,True,
run_20260926_014038_575179,640,22,2026-09-26T01:41:00.384,3,233.0,513.0,373.0,True,
run_20260926_014038_575179,640,22,2026-09-26T01:41:00.384,4,214.0,531.8333333333334,372.9166666666667,True,
run_20260926_014038_575179,640,22,2026-09-26T01:41:00.384,5,176.0,550.5,363.25,True,
run_20260926_014038_575179,640,22,2026-09-26T01:41:00.384,6,,569.0,,False,missing_left_or_right_tick
run_20260926_014038_575179,640,22,2026-09-26T01:41:00.384,7,,588.0,,False,missing_left_or_right_tick
run_20260926_014038_575179,640,22,2026-09-26T01:41:00.384,8,,607.0,,False,missing_left_or_right_tick
run_20260926_014038_575179,640,22,2026-09-26T01:41:00.384,9,,,,False,missing_left_or_right_tick
run_20260926_014038_575179,640,22,2026-09-26T01:41:00.384,10,,,,False,missing_left_or_right_tick
run_20260926_014038_575179,640,22,2026-09-26T01:41:00.384,11,,,,False,missing_left_or_right_tick
run_20260926_014038_575179,640,22,2026-09-26T01:41:00.384,12,,,,False,missing_left_or_right_tick
run_20260926_014038_575179,671,23,2026-09-26T01:41:01.418,0,290.0,456.5,373.25,True,
run_20260926_014038_575179,671,23,2026-09-26T01:41:01.418,1,271.0,475.5,373.25,True,
run_20260926_014038_575179,671,23,2026-09-26T01:41:01.418,2,252.0,494.0,373.0,True,
run_20260926_014038_575179,671,23,2026-09-26T01:41:01.418,3,233.0,513.0,373.0,True,
run_20260926_014038_575179,671,23,2026-09-26T01:41:01.418,4,214.0,531.7142857142857,372.85714285714283,True,
run_20260926_014038_575179,671,23,2026-09-26T01:41:01.418,5,195.0,550.5,372.75,True,
run_20260926_014038_575179,671,23,2026-09-26T01:41:01.418,6,176.0,569.0,372.5,True,
run_20260926_014038_575179,671,23,2026-09-26T01:41:01.418,7,,588.0,,False,missing_left_or_right_tick
run_20260926_014038_575179,671,23,2026-09-26T01:41:01.418,8,,607.0,,False,missing_left_or_right_tick
run_20260926_014038_575179,671,23,2026-09-26T01:41:01.418,9,,,,False,missing_left_or_right_tick
run_20260926_014038_575179,671,23,2026-09-26T01:41:01.418,10,,,,False,missing_left_or_right_tick
run_20260926_014038_575179,671,23,2026-09-26T01:41:01.418,11,,,,False,missing_left_or_right_tick
run_20260926_014038_575179,671,23,2026-09-26T01:41:01.418,12,,,,False,missing_left_or_right_tick
run_20260926_014038_575179,698,24,2026-09-26T01:41:02.419,0,289.5,456.5,373.0,True,
run_20260926_014038_575179,698,24,2026-09-26T01:41:02.419,1,271.0,475.5,373.25,True,
run_20260926_014038_575179,698,24,2026-09-26T01:41:02.419,2,252.0,494.0,373.0,True,
run_20260926_014038_575179,698,24,2026-09-26T01:41:02.419,3,233.5,512.5,373.0,True,
run_20260926_014038_575179,698,24,2026-09-26T01:41:02.419,4,214.44444444444446,531.5,372.97222222222223,True,
run_20260926_014038_575179,698,24,2026-09-26T01:41:02.419,5,195.5,550.5,373.0,True,
run_20260926_014038_575179,698,24,2026-09-26T01:41:02.419,6,176.0,569.5,372.75,True,
run_20260926_014038_575179,698,24,2026-09-26T01:41:02.419,7,157.0,588.0,372.5,True,
run_20260926_014038_575179,698,24,2026-09-26T01:41:02.419,8,138.0,607.0,372.5,True,
run_20260926_014038_575179,698,24,2026-09-26T01:41:02.419,9,101.0,625.7142857142857,363.35714285714283,True,
run_20260926_014038_575179,698,24,2026-09-26T01:41:02.419,10,82.0,644.0,363.0,True,
run_20260926_014038_575179,698,24,2026-09-26T01:41:02.419,11,63.0,681.0,372.0,True,
run_20260926_014038_575179,698,24,2026-09-26T01:41:02.419,12,,,,False,missing_left_or_right_tick
run_20260926_014038_575179,724,25,2026-09-26T01:41:03.449,0,289.5,456.5,373.0,True,
run_20260926_014038_575179,724,25,2026-09-26T01:41:03.449,1,271.0,475.5,373.25,True,
run_20260926_014038_575179,724,25,2026-09-26T01:41:03.449,2,252.0,494.0,373.0,True,
run_20260926_014038_575179,724,25,2026-09-26T01:41:03.449,3,233.5,512.5,373.0,True,
run_20260926_014038_575179,724,25,2026-09-26T01:41:03.449,4,214.5,531.5,373.0,True,
run_20260926_014038_575179,724,25,2026-09-26T01:41:03.449,5,195.5,550.5,373.0,True,
run_20260926_014038_575179,724,25,2026-09-26T01:41:03.449,6,176.0,569.5,372.75,True,
run_20260926_014038_575179,724,25,2026-09-26T01:41:03.449,7,157.0,588.0,372.5,True,
run_20260926_014038_575179,724,25,2026-09-26T01:41:03.449,8,138.0,607.0,372.5,True,
run_20260926_014038_575179,724,25,2026-09-26T01:41:03.449,9,120.0,625.7142857142857,372.85714285714283,True,
run_20260926_014038_575179,724,25,2026-09-26T01:41:03.449,10,101.0,644.0,372.5,True,
run_20260926_014038_575179,724,25,2026-09-26T01:41:03.449,11,82.0,681.0,381.5,True,
run_20260926_014038_575179,724,25,2026-09-26T01:41:03.449,12,63.0,,,False,missing_left_or_right_tick
run_20260926_014038_575179,751,26,2026-09-26T01:41:04.483,0,289.5,456.5,373.0,True,
run_20260926_014038_575179,751,26,2026-09-26T01:41:04.483,1,271.0,475.5,373.25,True,
run_20260926_014038_575179,751,26,2026-09-26T01:41:04.483,2,252.0,494.0,373.0,True,
run_20260926_014038_575179,751,26,2026-09-26T01:41:04.483,3,233.5,512.5,373.0,True,
run_20260926_014038_575179,751,26,2026-09-26T01:41:04.483,4,214.5,531.5,373.0,True,
run_20260926_014038_575179,751,26,2026-09-26T01:41:04.483,5,195.5,550.5,373.0,True,
run_20260926_014038_575179,751,26,2026-09-26T01:41:04.483,6,176.0,569.5,372.75,True,
run_20260926_014038_575179,751,26,2026-09-26T01:41:04.483,7,157.0,588.0,372.5,True,
run_20260926_014038_575179,751,26,2026-09-26T01:41:04.483,8,138.0,607.0,372.5,True,
run_20260926_014038_575179,751,26,2026-09-26T01:41:04.483,9,120.0,625.7142857142857,372.85714285714283,True,
run_20260926_014038_575179,751,26,2026-09-26T01:41:04.483,10,101.0,644.0,372.5,True,
run_20260926_014038_575179,751,26,2026-09-26T01:41:04.483,11,82.0,681.0,381.5,True,
run_20260926_014038_575179,751,26,2026-09-26T01:41:04.483,12,63.0,,,False,missing_left_or_right_tick
run_20260926_014038_575179,780,27,2026-09-26T01:41:05.520,0,289.5,457.0,373.25,True,
run_20260926_014038_575179,780,27,2026-09-26T01:41:05.520,1,271.0,475.0,373.0,True,
run_20260926_014038_575179,780,27,2026-09-26T01:41:05.520,2,252.0,494.0,373.0,True,
run_20260926_014038_575179,780,27,2026-09-26T01:41:05.520,3,233.5,513.0,373.25,True,
run_20260926_014038_575179,780,27,2026-09-26T01:41:05.520,4,214.5,532.0,373.25,True,
run_20260926_014038_575179,780,27,2026-09-26T01:41:05.520,5,195.5,551.0,373.25,True,
run_20260926_014038_575179,780,27,2026-09-26T01:41:05.520,6,176.5,569.5,373.0,True,
run_20260926_014038_575179,780,27,2026-09-26T01:41:05.520,7,157.5,588.0,372.75,True,
run_20260926_014038_575179,780,27,2026-09-26T01:41:05.520,8,138.5,607.0,372.75,True,
run_20260926_014038_575179,780,27,2026-09-26T01:41:05.520,9,119.5,626.0,372.75,True,
run_20260926_014038_575179,780,27,2026-09-26T01:41:05.520,10,100.5,644.0,372.25,True,
run_20260926_014038_575179,780,27,2026-09-26T01:41:05.520,11,81.7,662.5,372.1,True,
run_20260926_014038_575179,780,27,2026-09-26T01:41:05.520,12,63.5,681.25,372.375,True,
run_20260926_014038_575179,811,28,2026-09-26T01:41:06.554,0,289.5,457.0,373.25,True,
run_20260926_014038_575179,811,28,2026-09-26T01:41:06.554,1,271.0,475.0,373.0,True,
run_20260926_014038_575179,811,28,2026-09-26T01:41:06.554,2,252.0,494.0,373.0,True,
run_20260926_014038_575179,811,28,2026-09-26T01:41:06.554,3,233.5,513.0,373.25,True,
run_20260926_014038_575179,811,28,2026-09-26T01:41:06.554,4,214.5,532.0,373.25,True,
run_20260926_014038_575179,811,28,2026-09-26T01:41:06.554,5,195.5,550.5,373.0,True,
run_20260926_014038_575179,811,28,2026-09-26T01:41:06.554,6,176.15384615384616,569.5,372.8269230769231,True,
run_20260926_014038_575179,811,28,2026-09-26T01:41:06.554,7,157.5,588.0,372.75,True,
run_20260926_014038_575179,811,28,2026-09-26T01:41:06.554,8,138.5,607.0,372.75,True,
run_20260926_014038_575179,811,28,2026-09-26T01:41:06.554,9,119.5,626.0,372.75,True,
run_20260926_014038_575179,811,28,2026-09-26T01:41:06.554,10,100.5,644.0,372.25,True,
run_20260926_014038_575179,811,28,2026-09-26T01:41:06.554,11,81.92857142857143,662.5,372.2142857142857,True,
run_20260926_014038_575179,811,28,2026-09-26T01:41:06.554,12,63.5,681.0,372.25,True,
run_20260926_014038_575179,842,29,2026-09-26T01:41:07.586,0,289.5,457.0,373.25,True,
run_20260926_014038_575179,842,29,2026-09-26T01:41:07.586,1,271.0,475.0,373.0,True,
run_20260926_014038_575179,842,29,2026-09-26T01:41:07.586,2,252.0,494.0,373.0,True,
run_20260926_014038_575179,842,29,2026-09-26T01:41:07.586,3,233.5,513.0,373.25,True,
run_20260926_014038_575179,842,29,2026-09-26T01:41:07.586,4,214.5,532.0,373.25,True,
run_20260926_014038_575179,842,29,2026-09-26T01:41:07.586,5,195.5,550.5,373.0,True,
run_20260926_014038_575179,842,29,2026-09-26T01:41:07.586,6,176.5,569.5,373.0,True,
run_20260926_014038_575179,842,29,2026-09-26T01:41:07.586,7,157.5,588.0,372.75,True,
run_20260926_014038_575179,842,29,2026-09-26T01:41:07.586,8,138.5,607.0,372.75,True,
run_20260926_014038_575179,842,29,2026-09-26T01:41:07.586,9,119.5,626.0,372.75,True,
run_20260926_014038_575179,842,29,2026-09-26T01:41:07.586,10,100.5,644.0,372.25,True,
run_20260926_014038_575179,842,29,2026-09-26T01:41:07.586,11,81.84615384615384,662.5,372.1730769230769,True,
run_20260926_014038_575179,842,29,2026-09-26T01:41:07.586,12,63.5,681.0714285714286,372.2857142857143,True,
run_20260926_014038_575179,872,30,2026-09-26T01:41:08.600,0,289.5,457.0,373.25,True,
run_20260926_014038_575179,872,30,2026-09-26T01:41:08.600,1,271.0,475.0,373.0,True,
run_20260926_014038_575179,872,30,2026-09-26T01:41:08.600,2,252.0,494.0,373.0,True,
run_20260926_014038_575179,872,30,2026-09-26T01:41:08.600,3,233.5,513.0,373.25,True,
run_20260926_014038_575179,872,30,2026-09-26T01:41:08.600,4,214.5,532.0,373.25,True,
run_20260926_014038_575179,872,30,2026-09-26T01:41:08.600,5,195.5,550.5,373.0,True,
run_20260926_014038_575179,872,30,2026-09-26T01:41:08.600,6,176.5,569.5,373.0,True,
run_20260926_014038_575179,872,30,2026-09-26T01:41:08.600,7,157.5,588.0,372.75,True,
run_20260926_014038_575179,872,30,2026-09-26T01:41:08.600,8,138.5,607.0,372.75,True,
run_20260926_014038_575179,872,30,2026-09-26T01:41:08.600,9,119.5,626.0,372.75,True,
run_20260926_014038_575179,872,30,2026-09-26T01:41:08.600,10,100.5,644.0,372.25,True,
run_20260926_014038_575179,872,30,2026-09-26T01:41:08.600,11,81.84615384615384,662.5,372.1730769230769,True,
run_20260926_014038_575179,872,30,2026-09-26T01:41:08.600,12,63.5,681.0714285714286,372.2857142857143,True,
run_20260926_014038_575179,903,31,2026-09-26T01:41:09.620,0,289.5,457.0,373.25,True,
run_20260926_014038_575179,903,31,2026-09-26T01:41:09.620,1,271.0,475.0,373.0,True,
run_20260926_014038_575179,903,31,2026-09-26T01:41:09.620,2,252.0,494.0,373.0,True,
run_20260926_014038_575179,903,31,2026-09-26T01:41:09.620,3,233.5,513.0,373.25,True,
run_20260926_014038_575179,903,31,2026-09-26T01:41:09.620,4,214.5,532.0,373.25,True,
run_20260926_014038_575179,903,31,2026-09-26T01:41:09.620,5,195.5,550.5,373.0,True,
run_20260926_014038_575179,903,31,2026-09-26T01:41:09.620,6,176.25,569.5,372.875,True,
run_20260926_014038_575179,903,31,2026-09-26T01:41:09.620,7,157.5,588.0,372.75,True,
run_20260926_014038_575179,903,31,2026-09-26T01:41:09.620,8,138.5,607.0,372.75,True,
run_20260926_014038_575179,903,31,2026-09-26T01:41:09.620,9,119.5,626.0,372.75,True,
run_20260926_014038_575179,903,31,2026-09-26T01:41:09.620,10,100.5,644.0,372.25,True,
run_20260926_014038_575179,903,31,2026-09-26T01:41:09.620,11,81.92857142857143,662.5,372.2142857142857,True,
run_20260926_014038_575179,903,31,2026-09-26T01:41:09.620,12,63.5,681.0,372.25,True,
run_20260926_014038_575179,933,32,2026-09-26T01:41:10.621,0,289.5,457.0,373.25,True,
run_20260926_014038_575179,933,32,2026-09-26T01:41:10.621,1,271.0,475.0,373.0,True,
run_20260926_014038_575179,933,32,2026-09-26T01:41:10.621,2,252.0,494.0,373.0,True,
run_20260926_014038_575179,933,32,2026-09-26T01:41:10.621,3,233.5,513.0,373.25,True,
run_20260926_014038_575179,933,32,2026-09-26T01:41:10.621,4,214.5,532.0,373.25,True,
run_20260926_014038_575179,933,32,2026-09-26T01:41:10.621,5,195.5,550.5,373.0,True,
run_20260926_014038_575179,933,32,2026-09-26T01:41:10.621,6,176.25,569.5,372.875,True,
run_20260926_014038_575179,933,32,2026-09-26T01:41:10.621,7,157.5,588.0,372.75,True,
run_20260926_014038_575179,933,32,2026-09-26T01:41:10.621,8,138.5,607.0,372.75,True,
run_20260926_014038_575179,933,32,2026-09-26T01:41:10.621,9,119.5,626.0,372.75,True,
run_20260926_014038_575179,933,32,2026-09-26T01:41:10.621,10,100.5,644.0,372.25,True,
run_20260926_014038_575179,933,32,2026-09-26T01:41:10.621,11,81.92857142857143,662.5,372.2142857142857,True,
run_20260926_014038_575179,933,32,2026-09-26T01:41:10.621,12,63.5,681.0,372.25,True,
run_20260926_014038_575179,963,33,2026-09-26T01:41:11.641,0,289.5,457.0,373.25,True,
run_20260926_014038_575179,963,33,2026-09-26T01:41:11.641,1,271.0,475.0,373.0,True,
run_20260926_014038_575179,963,33,2026-09-26T01:41:11.641,2,252.0,494.0,373.0,True,
run_20260926_014038_575179,963,33,2026-09-26T01:41:11.641,3,233.5,513.0,373.25,True,
run_20260926_014038_575179,963,33,2026-09-26T01:41:11.641,4,214.5,532.0,373.25,True,
run_20260926_014038_575179,963,33,2026-09-26T01:41:11.641,5,195.5,550.5,373.0,True,
run_20260926_014038_575179,963,33,2026-09-26T01:41:11.641,6,176.25,569.5,372.875,True,
run_20260926_014038_575179,963,33,2026-09-26T01:41:11.641,7,157.5,588.0,372.75,True,
run_20260926_014038_575179,963,33,2026-09-26T01:41:11.641,8,138.5,607.0,372.75,True,
run_20260926_014038_575179,963,33,2026-09-26T01:41:11.641,9,119.5,626.0,372.75,True,
run_20260926_014038_575179,963,33,2026-09-26T01:41:11.641,10,100.5,644.0,372.25,True,
run_20260926_014038_575179,963,33,2026-09-26T01:41:11.641,11,81.92857142857143,662.5,372.2142857142857,True,
run_20260926_014038_575179,963,33,2026-09-26T01:41:11.641,12,63.5,681.0,372.25,True,
run_20260926_014038_575179,994,34,2026-09-26T01:41:12.653,0,289.5,457.0,373.25,True,
run_20260926_014038_575179,994,34,2026-09-26T01:41:12.653,1,271.0,475.0,373.0,True,
run_20260926_014038_575179,994,34,2026-09-26T01:41:12.653,2,252.0,494.0,373.0,True,
run_20260926_014038_575179,994,34,2026-09-26T01:41:12.653,3,233.5,513.0,373.25,True,
run_20260926_014038_575179,994,34,2026-09-26T01:41:12.653,4,214.5,532.0,373.25,True,
run_20260926_014038_575179,994,34,2026-09-26T01:41:12.653,5,195.5,550.5,373.0,True,
run_20260926_014038_575179,994,34,2026-09-26T01:41:12.653,6,176.25,569.5,372.875,True,
run_20260926_014038_575179,994,34,2026-09-26T01:41:12.653,7,157.5,588.0,372.75,True,
run_20260926_014038_575179,994,34,2026-09-26T01:41:12.653,8,138.5,607.0,372.75,True,
run_20260926_014038_575179,994,34,2026-09-26T01:41:12.653,9,119.5,626.0,372.75,True,
run_20260926_014038_575179,994,34,2026-09-26T01:41:12.653,10,100.5,644.0,372.25,True,
run_20260926_014038_575179,994,34,2026-09-26T01:41:12.653,11,81.92857142857143,662.5,372.2142857142857,True,
run_20260926_014038_575179,994,34,2026-09-26T01:41:12.653,12,63.5,681.0,372.25,True,
run_20260926_014038_575179,1024,35,2026-09-26T01:41:13.664,0,289.5,457.0,373.25,True,
run_20260926_014038_575179,1024,35,2026-09-26T01:41:13.664,1,271.0,475.0,373.0,True,
run_20260926_014038_575179,1024,35,2026-09-26T01:41:13.664,2,252.0,494.0,373.0,True,
run_20260926_014038_575179,1024,35,2026-09-26T01:41:13.664,3,233.5,513.0,373.25,True,
run_20260926_014038_575179,1024,35,2026-09-26T01:41:13.664,4,214.5,532.0,373.25,True,
run_20260926_014038_575179,1024,35,2026-09-26T01:41:13.664,5,195.5,550.5,373.0,True,
run_20260926_014038_575179,1024,35,2026-09-26T01:41:13.664,6,176.25,569.5,372.875,True,
run_20260926_014038_575179,1024,35,2026-09-26T01:41:13.664,7,157.5,588.0,372.75,True,
run_20260926_014038_575179,1024,35,2026-09-26T01:41:13.664,8,138.5,607.0,372.75,True,
run_20260926_014038_575179,1024,35,2026-09-26T01:41:13.664,9,119.5,626.0,372.75,True,
run_20260926_014038_575179,1024,35,2026-09-26T01:41:13.664,10,100.5,644.0,372.25,True,
run_20260926_014038_575179,1024,35,2026-09-26T01:41:13.664,11,81.75,662.5,372.125,True,
run_20260926_014038_575179,1024,35,2026-09-26T01:41:13.664,12,63.5,681.0,372.25,True,
run_20260926_014038_575179,1055,36,2026-09-26T01:41:14.687,0,289.5,457.0,373.25,True,
run_20260926_014038_575179,1055,36,2026-09-26T01:41:14.687,1,271.0,475.0,373.0,True,
run_20260926_014038_575179,1055,36,2026-09-26T01:41:14.687,2,252.0,494.0,373.0,True,
run_20260926_014038_575179,1055,36,2026-09-26T01:41:14.687,3,233.5,513.0,373.25,True,
run_20260926_014038_575179,1055,36,2026-09-26T01:41:14.687,4,214.5,532.0,373.25,True,
run_20260926_014038_575179,1055,36,2026-09-26T01:41:14.687,5,195.5,550.5,373.0,True,
run_20260926_014038_575179,1055,36,2026-09-26T01:41:14.687,6,176.25,569.5,372.875,True,
run_20260926_014038_575179,1055,36,2026-09-26T01:41:14.687,7,157.5,588.0,372.75,True,
run_20260926_014038_575179,1055,36,2026-09-26T01:41:14.687,8,138.5,607.0,372.75,True,
run_20260926_014038_575179,1055,36,2026-09-26T01:41:14.687,9,119.5,626.0,372.75,True,
run_20260926_014038_575179,1055,36,2026-09-26T01:41:14.687,10,100.5,644.0,372.25,True,
run_20260926_014038_575179,1055,36,2026-09-26T01:41:14.687,11,81.75,662.5,372.125,True,
run_20260926_014038_575179,1055,36,2026-09-26T01:41:14.687,12,63.5,681.0,372.25,True,
run_20260926_014038_575179,1085,37,2026-09-26T01:41:15.687,0,289.5,457.0,373.25,True,
run_20260926_014038_575179,1085,37,2026-09-26T01:41:15.687,1,271.0,475.0,373.0,True,
run_20260926_014038_575179,1085,37,2026-09-26T01:41:15.687,2,252.0,494.0,373.0,True,
run_20260926_014038_575179,1085,37,2026-09-26T01:41:15.687,3,233.5,513.0,373.25,True,
run_20260926_014038_575179,1085,37,2026-09-26T01:41:15.687,4,214.5,532.0,373.25,True,
run_20260926_014038_575179,1085,37,2026-09-26T01:41:15.687,5,195.5,550.5,373.0,True,
run_20260926_014038_575179,1085,37,2026-09-26T01:41:15.687,6,176.25,569.5,372.875,True,
run_20260926_014038_575179,1085,37,2026-09-26T01:41:15.687,7,157.5,588.0,372.75,True,
run_20260926_014038_575179,1085,37,2026-09-26T01:41:15.687,8,138.5,607.0,372.75,True,
run_20260926_014038_575179,1085,37,2026-09-26T01:41:15.687,9,119.5,626.0,372.75,True,
run_20260926_014038_575179,1085,37,2026-09-26T01:41:15.687,10,100.5,644.0,372.25,True,
run_20260926_014038_575179,1085,37,2026-09-26T01:41:15.687,11,81.75,662.5,372.125,True,
run_20260926_014038_575179,1085,37,2026-09-26T01:41:15.687,12,63.5,681.0,372.25,True,
run_20260926_014038_575179,1115,38,2026-09-26T01:41:16.692,0,289.5,457.0,373.25,True,
run_20260926_014038_575179,1115,38,2026-09-26T01:41:16.692,1,271.0,475.0,373.0,True,
run_20260926_014038_575179,1115,38,2026-09-26T01:41:16.692,2,252.0,494.0,373.0,True,
run_20260926_014038_575179,1115,38,2026-09-26T01:41:16.692,3,233.5,513.0,373.25,True,
run_20260926_014038_575179,1115,38,2026-09-26T01:41:16.692,4,214.5,532.0,373.25,True,
run_20260926_014038_575179,1115,38,2026-09-26T01:41:16.692,5,195.5,550.5,373.0,True,
run_20260926_014038_575179,1115,38,2026-09-26T01:41:16.692,6,176.25,569.5,372.875,True,
run_20260926_014038_575179,1115,38,2026-09-26T01:41:16.692,7,157.5,588.0,372.75,True,
run_20260926_014038_575179,1115,38,2026-09-26T01:41:16.692,8,138.5,607.0,372.75,True,
run_20260926_014038_575179,1115,38,2026-09-26T01:41:16.692,9,119.5,626.0,372.75,True,
run_20260926_014038_575179,1115,38,2026-09-26T01:41:16.692,10,100.5,644.0,372.25,True,
run_20260926_014038_575179,1115,38,2026-09-26T01:41:16.692,11,81.75,662.5,372.125,True,
run_20260926_014038_575179,1115,38,2026-09-26T01:41:16.692,12,63.5,681.0,372.25,True,
run_20260926_014038_575179,1146,39,2026-09-26T01:41:17.719,0,289.5,457.0,373.25,True,
run_20260926_014038_575179,1146,39,2026-09-26T01:41:17.719,1,271.0,475.0,373.0,True,
run_20260926_014038_575179,1146,39,2026-09-26T01:41:17.719,2,252.0,494.0,373.0,True,
run_20260926_014038_575179,1146,39,2026-09-26T01:41:17.719,3,233.5,513.0,373.25,True,
run_20260926_014038_575179,1146,39,2026-09-26T01:41:17.719,4,214.5,532.0,373.25,True,
run_20260926_014038_575179,1146,39,2026-09-26T01:41:17.719,5,195.5,550.5,373.0,True,
run_20260926_014038_575179,1146,39,2026-09-26T01:41:17.719,6,176.25,569.5,372.875,True,
run_20260926_014038_575179,1146,39,2026-09-26T01:41:17.719,7,157.5,588.0,372.75,True,
run_20260926_014038_575179,1146,39,2026-09-26T01:41:17.719,8,138.5,607.0,372.75,True,
run_20260926_014038_575179,1146,39,2026-09-26T01:41:17.719,9,119.5,626.0,372.75,True,
run_20260926_014038_575179,1146,39,2026-09-26T01:41:17.719,10,100.5,644.0,372.25,True,
run_20260926_014038_575179,1146,39,2026-09-26T01:41:17.719,11,81.75,662.5,372.125,True,
run_20260926_014038_575179,1146,39,2026-09-26T01:41:17.719,12,63.5,681.0,372.25,True,
run_20260926_014038_575179,1176,40,2026-09-26T01:41:18.725,0,289.5,457.0,373.25,True,
run_20260926_014038_575179,1176,40,2026-09-26T01:41:18.725,1,271.0,475.0,373.0,True,
run_20260926_014038_575179,1176,40,2026-09-26T01:41:18.725,2,252.0,494.0,373.0,True,
run_20260926_014038_575179,1176,40,2026-09-26T01:41:18.725,3,233.5,513.0,373.25,True,
run_20260926_014038_575179,1176,40,2026-09-26T01:41:18.725,4,214.5,532.0,373.25,True,
run_20260926_014038_575179,1176,40,2026-09-26T01:41:18.725,5,195.5,550.5,373.0,True,
run_20260926_014038_575179,1176,40,2026-09-26T01:41:18.725,6,176.25,569.5,372.875,True,
run_20260926_014038_575179,1176,40,2026-09-26T01:41:18.725,7,157.5,588.0,372.75,True,
run_20260926_014038_575179,1176,40,2026-09-26T01:41:18.725,8,138.5,607.0,372.75,True,
run_20260926_014038_575179,1176,40,2026-09-26T01:41:18.725,9,119.5,626.0,372.75,True,
run_20260926_014038_575179,1176,40,2026-09-26T01:41:18.725,10,100.5,644.0,372.25,True,
run_20260926_014038_575179,1176,40,2026-09-26T01:41:18.725,11,81.75,662.5,372.125,True,
run_20260926_014038_575179,1176,40,2026-09-26T01:41:18.725,12,63.5,681.0,372.25,True,
run_20260926_014038_575179,1207,41,2026-09-26T01:41:19.753,0,289.5,457.0,373.25,True,
run_20260926_014038_575179,1207,41,2026-09-26T01:41:19.753,1,271.0,475.0,373.0,True,
run_20260926_014038_575179,1207,41,2026-09-26T01:41:19.753,2,252.0,494.0,373.0,True,
run_20260926_014038_575179,1207,41,2026-09-26T01:41:19.753,3,233.5,513.0,373.25,True,
run_20260926_014038_575179,1207,41,2026-09-26T01:41:19.753,4,214.5,532.0,373.25,True,
run_20260926_014038_575179,1207,41,2026-09-26T01:41:19.753,5,195.5,550.5,373.0,True,
run_20260926_014038_575179,1207,41,2026-09-26T01:41:19.753,6,176.25,569.5,372.875,True,
run_20260926_014038_575179,1207,41,2026-09-26T01:41:19.753,7,157.5,588.0,372.75,True,
run_20260926_014038_575179,1207,41,2026-09-26T01:41:19.753,8,138.5,607.0,372.75,True,
run_20260926_014038_575179,1207,41,2026-09-26T01:41:19.753,9,119.5,626.0,372.75,True,
run_20260926_014038_575179,1207,41,2026-09-26T01:41:19.753,10,100.5,644.0,372.25,True,
run_20260926_014038_575179,1207,41,2026-09-26T01:41:19.753,11,81.92857142857143,662.5,372.2142857142857,True,
run_20260926_014038_575179,1207,41,2026-09-26T01:41:19.753,12,63.5,681.0,372.25,True,
run_20260926_014038_575179,1237,42,2026-09-26T01:41:20.754,0,289.5,457.0,373.25,True,
run_20260926_014038_575179,1237,42,2026-09-26T01:41:20.754,1,271.0,475.0,373.0,True,
run_20260926_014038_575179,1237,42,2026-09-26T01:41:20.754,2,252.0,494.0,373.0,True,
run_20260926_014038_575179,1237,42,2026-09-26T01:41:20.754,3,233.5,513.0,373.25,True,
run_20260926_014038_575179,1237,42,2026-09-26T01:41:20.754,4,214.5,532.0,373.25,True,
run_20260926_014038_575179,1237,42,2026-09-26T01:41:20.754,5,195.5,550.5,373.0,True,
run_20260926_014038_575179,1237,42,2026-09-26T01:41:20.754,6,176.25,569.5,372.875,True,
run_20260926_014038_575179,1237,42,2026-09-26T01:41:20.754,7,157.5,588.0,372.75,True,
run_20260926_014038_575179,1237,42,2026-09-26T01:41:20.754,8,138.5,607.0,372.75,True,
run_20260926_014038_575179,1237,42,2026-09-26T01:41:20.754,9,119.5,626.0,372.75,True,
run_20260926_014038_575179,1237,42,2026-09-26T01:41:20.754,10,100.5,644.0,372.25,True,
run_20260926_014038_575179,1237,42,2026-09-26T01:41:20.754,11,81.92857142857143,662.5,372.2142857142857,True,
run_20260926_014038_575179,1237,42,2026-09-26T01:41:20.754,12,63.5,681.0,372.25,True,
run_20260926_014038_575179,1267,43,2026-09-26T01:41:21.755,0,289.5,457.0,373.25,True,
run_20260926_014038_575179,1267,43,2026-09-26T01:41:21.755,1,271.0,475.0,373.0,True,
run_20260926_014038_575179,1267,43,2026-09-26T01:41:21.755,2,252.0,494.0,373.0,True,
run_20260926_014038_575179,1267,43,2026-09-26T01:41:21.755,3,233.5,513.0,373.25,True,
run_20260926_014038_575179,1267,43,2026-09-26T01:41:21.755,4,214.5,532.0,373.25,True,
run_20260926_014038_575179,1267,43,2026-09-26T01:41:21.755,5,195.5,550.5,373.0,True,
run_20260926_014038_575179,1267,43,2026-09-26T01:41:21.755,6,176.25,569.5,372.875,True,
run_20260926_014038_575179,1267,43,2026-09-26T01:41:21.755,7,157.5,588.0,372.75,True,
run_20260926_014038_575179,1267,43,2026-09-26T01:41:21.755,8,138.5,607.0,372.75,True,
run_20260926_014038_575179,1267,43,2026-09-26T01:41:21.755,9,119.5,626.0,372.75,True,
run_20260926_014038_575179,1267,43,2026-09-26T01:41:21.755,10,100.5,644.0,372.25,True,
run_20260926_014038_575179,1267,43,2026-09-26T01:41:21.755,11,81.92857142857143,662.5,372.2142857142857,True,
run_20260926_014038_575179,1267,43,2026-09-26T01:41:21.755,12,63.5,681.0,372.25,True,
run_20260926_014038_575179,1297,44,2026-09-26T01:41:22.755,0,289.5,457.0,373.25,True,
run_20260926_014038_575179,1297,44,2026-09-26T01:41:22.755,1,271.0,475.0,373.0,True,
run_20260926_014038_575179,1297,44,2026-09-26T01:41:22.755,2,252.0,494.0,373.0,True,
run_20260926_014038_575179,1297,44,2026-09-26T01:41:22.755,3,233.5,513.0,373.25,True,
run_20260926_014038_575179,1297,44,2026-09-26T01:41:22.755,4,214.5,532.0,373.25,True,
run_20260926_014038_575179,1297,44,2026-09-26T01:41:22.755,5,195.5,550.5,373.0,True,
run_20260926_014038_575179,1297,44,2026-09-26T01:41:22.755,6,176.25,569.5,372.875,True,
run_20260926_014038_575179,1297,44,2026-09-26T01:41:22.755,7,157.5,588.0,372.75,True,
run_20260926_014038_575179,1297,44,2026-09-26T01:41:22.755,8,138.5,607.0,372.75,True,
run_20260926_014038_575179,1297,44,2026-09-26T01:41:22.755,9,119.5,626.0,372.75,True,
run_20260926_014038_575179,1297,44,2026-09-26T01:41:22.755,10,100.5,644.0,372.25,True,
run_20260926_014038_575179,1297,44,2026-09-26T01:41:22.755,11,81.92857142857143,662.5,372.2142857142857,True,
run_20260926_014038_575179,1297,44,2026-09-26T01:41:22.755,12,63.5,681.0,372.25,True,
run_20260926_014038_575179,1327,45,2026-09-26T01:41:23.756,0,289.5,457.0,373.25,True,
run_20260926_014038_575179,1327,45,2026-09-26T01:41:23.756,1,271.0,475.0,373.0,True,
run_20260926_014038_575179,1327,45,2026-09-26T01:41:23.756,2,252.0,494.0,373.0,True,
run_20260926_014038_575179,1327,45,2026-09-26T01:41:23.756,3,233.5,513.0,373.25,True,
run_20260926_014038_575179,1327,45,2026-09-26T01:41:23.756,4,214.5,532.0,373.25,True,
run_20260926_014038_575179,1327,45,2026-09-26T01:41:23.756,5,195.5,550.5,373.0,True,
run_20260926_014038_575179,1327,45,2026-09-26T01:41:23.756,6,176.25,569.5,372.875,True,
run_20260926_014038_575179,1327,45,2026-09-26T01:41:23.756,7,157.5,588.0,372.75,True,
run_20260926_014038_575179,1327,45,2026-09-26T01:41:23.756,8,138.5,607.0,372.75,True,
run_20260926_014038_575179,1327,45,2026-09-26T01:41:23.756,9,119.5,626.0,372.75,True,
run_20260926_014038_575179,1327,45,2026-09-26T01:41:23.756,10,100.5,644.0,372.25,True,
run_20260926_014038_575179,1327,45,2026-09-26T01:41:23.756,11,81.84615384615384,662.5,372.1730769230769,True,
run_20260926_014038_575179,1327,45,2026-09-26T01:41:23.756,12,63.5,681.0,372.25,True,
run_20260926_014038_575179,1356,46,2026-09-26T01:41:24.795,0,289.5,457.0,373.25,True,
run_20260926_014038_575179,1356,46,2026-09-26T01:41:24.795,1,271.0,475.0,373.0,True,
run_20260926_014038_575179,1356,46,2026-09-26T01:41:24.795,2,252.0,494.0,373.0,True,
run_20260926_014038_575179,1356,46,2026-09-26T01:41:24.795,3,233.5,513.0,373.25,True,
run_20260926_014038_575179,1356,46,2026-09-26T01:41:24.795,4,214.5,532.0,373.25,True,
run_20260926_014038_575179,1356,46,2026-09-26T01:41:24.795,5,195.5,550.5,373.0,True,
run_20260926_014038_575179,1356,46,2026-09-26T01:41:24.795,6,176.25,569.5,372.875,True,
run_20260926_014038_575179,1356,46,2026-09-26T01:41:24.795,7,157.5,588.0,372.75,True,
run_20260926_014038_575179,1356,46,2026-09-26T01:41:24.795,8,138.5,607.0,372.75,True,
run_20260926_014038_575179,1356,46,2026-09-26T01:41:24.795,9,119.5,626.0,372.75,True,
run_20260926_014038_575179,1356,46,2026-09-26T01:41:24.795,10,100.5,644.0,372.25,True,
run_20260926_014038_575179,1356,46,2026-09-26T01:41:24.795,11,81.75,662.5,372.125,True,
run_20260926_014038_575179,1356,46,2026-09-26T01:41:24.795,12,63.5,681.0,372.25,True,
run_20260926_014038_575179,1387,47,2026-09-26T01:41:25.820,0,289.5,457.0,373.25,True,
run_20260926_014038_575179,1387,47,2026-09-26T01:41:25.820,1,271.0,475.0,373.0,True,
run_20260926_014038_575179,1387,47,2026-09-26T01:41:25.820,2,252.0,494.0,373.0,True,
run_20260926_014038_575179,1387,47,2026-09-26T01:41:25.820,3,233.5,513.0,373.25,True,
run_20260926_014038_575179,1387,47,2026-09-26T01:41:25.820,4,214.5,532.0,373.25,True,
run_20260926_014038_575179,1387,47,2026-09-26T01:41:25.820,5,195.5,550.5,373.0,True,
run_20260926_014038_575179,1387,47,2026-09-26T01:41:25.820,6,176.25,569.5,372.875,True,
run_20260926_014038_575179,1387,47,2026-09-26T01:41:25.820,7,157.5,588.0,372.75,True,
run_20260926_014038_575179,1387,47,2026-09-26T01:41:25.820,8,138.5,607.0,372.75,True,
run_20260926_014038_575179,1387,47,2026-09-26T01:41:25.820,9,119.5,626.0,372.75,True,
run_20260926_014038_575179,1387,47,2026-09-26T01:41:25.820,10,100.5,644.0,372.25,True,
run_20260926_014038_575179,1387,47,2026-09-26T01:41:25.820,11,81.92857142857143,662.5,372.2142857142857,True,
run_20260926_014038_575179,1387,47,2026-09-26T01:41:25.820,12,63.5,681.0,372.25,True,
run_20260926_014038_575179,1417,48,2026-09-26T01:41:26.823,0,289.5,457.0,373.25,True,
run_20260926_014038_575179,1417,48,2026-09-26T01:41:26.823,1,271.0,475.0,373.0,True,
run_20260926_014038_575179,1417,48,2026-09-26T01:41:26.823,2,252.0,494.0,373.0,True,
run_20260926_014038_575179,1417,48,2026-09-26T01:41:26.823,3,233.5,513.0,373.25,True,
run_20260926_014038_575179,1417,48,2026-09-26T01:41:26.823,4,214.5,532.0,373.25,True,
run_20260926_014038_575179,1417,48,2026-09-26T01:41:26.823,5,195.5,550.5,373.0,True,
run_20260926_014038_575179,1417,48,2026-09-26T01:41:26.823,6,176.25,569.5,372.875,True,
run_20260926_014038_575179,1417,48,2026-09-26T01:41:26.823,7,157.5,588.0,372.75,True,
run_20260926_014038_575179,1417,48,2026-09-26T01:41:26.823,8,138.5,607.0,372.75,True,
run_20260926_014038_575179,1417,48,2026-09-26T01:41:26.823,9,119.5,626.0,372.75,True,
run_20260926_014038_575179,1417,48,2026-09-26T01:41:26.823,10,100.5,644.0,372.25,True,
run_20260926_014038_575179,1417,48,2026-09-26T01:41:26.823,11,81.75,662.5,372.125,True,
run_20260926_014038_575179,1417,48,2026-09-26T01:41:26.823,12,63.5,681.0,372.25,True,
run_20260926_014038_575179,1448,49,2026-09-26T01:41:27.853,0,289.5,457.0,373.25,True,
run_20260926_014038_575179,1448,49,2026-09-26T01:41:27.853,1,271.0,475.0,373.0,True,
run_20260926_014038_575179,1448,49,2026-09-26T01:41:27.853,2,252.0,494.0,373.0,True,
run_20260926_014038_575179,1448,49,2026-09-26T01:41:27.853,3,233.5,513.0,373.25,True,
run_20260926_014038_575179,1448,49,2026-09-26T01:41:27.853,4,214.5,532.0,373.25,True,
run_20260926_014038_575179,1448,49,2026-09-26T01:41:27.853,5,195.5,550.5,373.0,True,
run_20260926_014038_575179,1448,49,2026-09-26T01:41:27.853,6,176.25,569.5,372.875,True,
run_20260926_014038_575179,1448,49,2026-09-26T01:41:27.853,7,157.5,588.0,372.75,True,
run_20260926_014038_575179,1448,49,2026-09-26T01:41:27.853,8,138.5,607.0,372.75,True,
run_20260926_014038_575179,1448,49,2026-09-26T01:41:27.853,9,119.5,626.0,372.75,True,
run_20260926_014038_575179,1448,49,2026-09-26T01:41:27.853,10,100.5,644.0,372.25,True,
run_20260926_014038_575179,1448,49,2026-09-26T01:41:27.853,11,81.92857142857143,662.5,372.2142857142857,True,
run_20260926_014038_575179,1448,49,2026-09-26T01:41:27.853,12,63.5,681.0,372.25,True,
run_20260926_014038_575179,1478,50,2026-09-26T01:41:28.854,0,289.5,457.0,373.25,True,
run_20260926_014038_575179,1478,50,2026-09-26T01:41:28.854,1,271.0,475.0,373.0,True,
run_20260926_014038_575179,1478,50,2026-09-26T01:41:28.854,2,252.0,494.0,373.0,True,
run_20260926_014038_575179,1478,50,2026-09-26T01:41:28.854,3,233.5,513.0,373.25,True,
run_20260926_014038_575179,1478,50,2026-09-26T01:41:28.854,4,214.5,532.0,373.25,True,
run_20260926_014038_575179,1478,50,2026-09-26T01:41:28.854,5,195.5,550.5,373.0,True,
run_20260926_014038_575179,1478,50,2026-09-26T01:41:28.854,6,176.25,569.5,372.875,True,
run_20260926_014038_575179,1478,50,2026-09-26T01:41:28.854,7,157.5,588.0,372.75,True,
run_20260926_014038_575179,1478,50,2026-09-26T01:41:28.854,8,138.5,607.0,372.75,True,
run_20260926_014038_575179,1478,50,2026-09-26T01:41:28.854,9,119.5,626.0,372.75,True,
run_20260926_014038_575179,1478,50,2026-09-26T01:41:28.854,10,100.5,644.0,372.25,True,
run_20260926_014038_575179,1478,50,2026-09-26T01:41:28.854,11,81.92857142857143,662.5,372.2142857142857,True,
run_20260926_014038_575179,1478,50,2026-09-26T01:41:28.854,12,63.5,681.0,372.25,True,
run_20260926_014038_575179,1509,51,2026-09-26T01:41:29.891,0,289.5,457.0,373.25,True,
run_20260926_014038_575179,1509,51,2026-09-26T01:41:29.891,1,271.0,475.0,373.0,True,
run_20260926_014038_575179,1509,51,2026-09-26T01:41:29.891,2,252.0,494.0,373.0,True,
run_20260926_014038_575179,1509,51,2026-09-26T01:41:29.891,3,233.5,513.0,373.25,True,
run_20260926_014038_575179,1509,51,2026-09-26T01:41:29.891,4,214.5,532.0,373.25,True,
run_20260926_014038_575179,1509,51,2026-09-26T01:41:29.891,5,195.5,550.5,373.0,True,
run_20260926_014038_575179,1509,51,2026-09-26T01:41:29.891,6,176.25,569.5,372.875,True,
run_20260926_014038_575179,1509,51,2026-09-26T01:41:29.891,7,157.5,588.0,372.75,True,
run_20260926_014038_575179,1509,51,2026-09-26T01:41:29.891,8,138.5,607.0,372.75,True,
run_20260926_014038_575179,1509,51,2026-09-26T01:41:29.891,9,119.5,626.0,372.75,True,
run_20260926_014038_575179,1509,51,2026-09-26T01:41:29.891,10,100.5,644.0,372.25,True,
run_20260926_014038_575179,1509,51,2026-09-26T01:41:29.891,11,81.92857142857143,662.5,372.2142857142857,True,
run_20260926_014038_575179,1509,51,2026-09-26T01:41:29.891,12,63.5,681.0,372.25,True,
run_20260926_014038_575179,1540,52,2026-09-26T01:41:30.920,0,289.5,457.0,373.25,True,
run_20260926_014038_575179,1540,52,2026-09-26T01:41:30.920,1,271.0,475.0,373.0,True,
run_20260926_014038_575179,1540,52,2026-09-26T01:41:30.920,2,252.0,494.0,373.0,True,
run_20260926_014038_575179,1540,52,2026-09-26T01:41:30.920,3,233.5,513.0,373.25,True,
run_20260926_014038_575179,1540,52,2026-09-26T01:41:30.920,4,214.5,532.0,373.25,True,
run_20260926_014038_575179,1540,52,2026-09-26T01:41:30.920,5,195.5,550.5,373.0,True,
run_20260926_014038_575179,1540,52,2026-09-26T01:41:30.920,6,176.25,569.5,372.875,True,
run_20260926_014038_575179,1540,52,2026-09-26T01:41:30.920,7,157.5,588.0,372.75,True,
run_20260926_014038_575179,1540,52,2026-09-26T01:41:30.920,8,138.5,607.0,372.75,True,
run_20260926_014038_575179,1540,52,2026-09-26T01:41:30.920,9,119.5,626.0,372.75,True,
run_20260926_014038_575179,1540,52,2026-09-26T01:41:30.920,10,100.5,644.0,372.25,True,
run_20260926_014038_575179,1540,52,2026-09-26T01:41:30.920,11,81.92857142857143,662.5,372.2142857142857,True,
run_20260926_014038_575179,1540,52,2026-09-26T01:41:30.920,12,63.5,681.0,372.25,True,
run_20260926_014038_575179,1570,53,2026-09-26T01:41:31.924,0,289.5,457.0,373.25,True,
run_20260926_014038_575179,1570,53,2026-09-26T01:41:31.924,1,271.0,475.0,373.0,True,
run_20260926_014038_575179,1570,53,2026-09-26T01:41:31.924,2,252.0,494.0,373.0,True,
run_20260926_014038_575179,1570,53,2026-09-26T01:41:31.924,3,233.5,513.0,373.25,True,
run_20260926_014038_575179,1570,53,2026-09-26T01:41:31.924,4,214.5,532.0,373.25,True,
run_20260926_014038_575179,1570,53,2026-09-26T01:41:31.924,5,195.5,550.5,373.0,True,
run_20260926_014038_575179,1570,53,2026-09-26T01:41:31.924,6,176.25,569.5,372.875,True,
run_20260926_014038_575179,1570,53,2026-09-26T01:41:31.924,7,157.5,588.0,372.75,True,
run_20260926_014038_575179,1570,53,2026-09-26T01:41:31.924,8,138.5,607.0,372.75,True,
run_20260926_014038_575179,1570,53,2026-09-26T01:41:31.924,9,119.5,626.0,372.75,True,
run_20260926_014038_575179,1570,53,2026-09-26T01:41:31.924,10,100.5,644.0,372.25,True,
run_20260926_014038_575179,1570,53,2026-09-26T01:41:31.924,11,81.92857142857143,662.5,372.2142857142857,True,
run_20260926_014038_575179,1570,53,2026-09-26T01:41:31.924,12,63.5,681.0,372.25,True,
run_20260926_014038_575179,1601,54,2026-09-26T01:41:32.952,0,289.5,457.0,373.25,True,
run_20260926_014038_575179,1601,54,2026-09-26T01:41:32.952,1,271.0,475.0,373.0,True,
run_20260926_014038_575179,1601,54,2026-09-26T01:41:32.952,2,252.0,494.0,373.0,True,
run_20260926_014038_575179,1601,54,2026-09-26T01:41:32.952,3,233.5,513.0,373.25,True,
run_20260926_014038_575179,1601,54,2026-09-26T01:41:32.952,4,214.5,532.0,373.25,True,
run_20260926_014038_575179,1601,54,2026-09-26T01:41:32.952,5,195.5,550.5,373.0,True,
run_20260926_014038_575179,1601,54,2026-09-26T01:41:32.952,6,176.25,569.5,372.875,True,
run_20260926_014038_575179,1601,54,2026-09-26T01:41:32.952,7,157.5,588.0,372.75,True,
run_20260926_014038_575179,1601,54,2026-09-26T01:41:32.952,8,138.5,607.0,372.75,True,
run_20260926_014038_575179,1601,54,2026-09-26T01:41:32.952,9,119.5,626.0,372.75,True,
run_20260926_014038_575179,1601,54,2026-09-26T01:41:32.952,10,100.5,644.0,372.25,True,
run_20260926_014038_575179,1601,54,2026-09-26T01:41:32.952,11,81.92857142857143,662.5,372.2142857142857,True,
run_20260926_014038_575179,1601,54,2026-09-26T01:41:32.952,12,63.5,681.0,372.25,True,
run_20260926_014038_575179,1631,55,2026-09-26T01:41:33.954,0,289.5,457.0,373.25,True,
run_20260926_014038_575179,1631,55,2026-09-26T01:41:33.954,1,271.0,475.0,373.0,True,
run_20260926_014038_575179,1631,55,2026-09-26T01:41:33.954,2,252.0,494.0,373.0,True,
run_20260926_014038_575179,1631,55,2026-09-26T01:41:33.954,3,233.5,513.0,373.25,True,
run_20260926_014038_575179,1631,55,2026-09-26T01:41:33.954,4,214.5,532.0,373.25,True,
run_20260926_014038_575179,1631,55,2026-09-26T01:41:33.954,5,195.5,550.5,373.0,True,
run_20260926_014038_575179,1631,55,2026-09-26T01:41:33.954,6,176.15384615384616,569.5,372.8269230769231,True,
run_20260926_014038_575179,1631,55,2026-09-26T01:41:33.954,7,157.5,588.0,372.75,True,
run_20260926_014038_575179,1631,55,2026-09-26T01:41:33.954,8,138.5,607.0,372.75,True,
run_20260926_014038_575179,1631,55,2026-09-26T01:41:33.954,9,119.5,626.0,372.75,True,
run_20260926_014038_575179,1631,55,2026-09-26T01:41:33.954,10,100.5,644.0,372.25,True,
run_20260926_014038_575179,1631,55,2026-09-26T01:41:33.954,11,81.92857142857143,662.5,372.2142857142857,True,
run_20260926_014038_575179,1631,55,2026-09-26T01:41:33.954,12,63.5,681.0,372.25,True,
run_20260926_014038_575179,1662,56,2026-09-26T01:41:34.986,0,289.5,457.0,373.25,True,
run_20260926_014038_575179,1662,56,2026-09-26T01:41:34.986,1,271.0,475.0,373.0,True,
run_20260926_014038_575179,1662,56,2026-09-26T01:41:34.986,2,252.0,494.0,373.0,True,
run_20260926_014038_575179,1662,56,2026-09-26T01:41:34.986,3,233.5,513.0,373.25,True,
run_20260926_014038_575179,1662,56,2026-09-26T01:41:34.986,4,214.5,532.0,373.25,True,
run_20260926_014038_575179,1662,56,2026-09-26T01:41:34.986,5,195.5,550.5,373.0,True,
run_20260926_014038_575179,1662,56,2026-09-26T01:41:34.986,6,176.25,569.5,372.875,True,
run_20260926_014038_575179,1662,56,2026-09-26T01:41:34.986,7,157.5,588.0,372.75,True,
run_20260926_014038_575179,1662,56,2026-09-26T01:41:34.986,8,138.5,607.0,372.75,True,
run_20260926_014038_575179,1662,56,2026-09-26T01:41:34.986,9,119.5,626.0,372.75,True,
run_20260926_014038_575179,1662,56,2026-09-26T01:41:34.986,10,100.5,644.0,372.25,True,
run_20260926_014038_575179,1662,56,2026-09-26T01:41:34.986,11,81.92857142857143,662.5,372.2142857142857,True,
run_20260926_014038_575179,1662,56,2026-09-26T01:41:34.986,12,63.5,681.0,372.25,True,
run_20260926_014038_575179,1693,57,2026-09-26T01:41:36.019,0,289.5,457.0,373.25,True,
run_20260926_014038_575179,1693,57,2026-09-26T01:41:36.019,1,271.0,475.0,373.0,True,
run_20260926_014038_575179,1693,57,2026-09-26T01:41:36.019,2,252.0,494.0,373.0,True,
run_20260926_014038_575179,1693,57,2026-09-26T01:41:36.019,3,233.5,513.0,373.25,True,
run_20260926_014038_575179,1693,57,2026-09-26T01:41:36.019,4,214.5,532.0,373.25,True,
run_20260926_014038_575179,1693,57,2026-09-26T01:41:36.019,5,195.5,550.5,373.0,True,
run_20260926_014038_575179,1693,57,2026-09-26T01:41:36.019,6,176.25,569.5,372.875,True,
run_20260926_014038_575179,1693,57,2026-09-26T01:41:36.019,7,157.5,588.0,372.75,True,
run_20260926_014038_575179,1693,57,2026-09-26T01:41:36.019,8,138.5,607.0,372.75,True,
run_20260926_014038_575179,1693,57,2026-09-26T01:41:36.019,9,119.5,626.0,372.75,True,
run_20260926_014038_575179,1693,57,2026-09-26T01:41:36.019,10,100.5,644.0,372.25,True,
run_20260926_014038_575179,1693,57,2026-09-26T01:41:36.019,11,81.92857142857143,662.5,372.2142857142857,True,
run_20260926_014038_575179,1693,57,2026-09-26T01:41:36.019,12,63.5,681.0,372.25,True,
run_20260926_014038_575179,1723,58,2026-09-26T01:41:37.024,0,289.5,457.0,373.25,True,
run_20260926_014038_575179,1723,58,2026-09-26T01:41:37.024,1,271.0,475.0,373.0,True,
run_20260926_014038_575179,1723,58,2026-09-26T01:41:37.024,2,252.0,494.0,373.0,True,
run_20260926_014038_575179,1723,58,2026-09-26T01:41:37.024,3,233.5,513.0,373.25,True,
run_20260926_014038_575179,1723,58,2026-09-26T01:41:37.024,4,214.5,532.0,373.25,True,
run_20260926_014038_575179,1723,58,2026-09-26T01:41:37.024,5,195.5,550.5,373.0,True,
run_20260926_014038_575179,1723,58,2026-09-26T01:41:37.024,6,176.25,569.5,372.875,True,
run_20260926_014038_575179,1723,58,2026-09-26T01:41:37.024,7,157.5,588.0,372.75,True,
run_20260926_014038_575179,1723,58,2026-09-26T01:41:37.024,8,138.5,607.0,372.75,True,
run_20260926_014038_575179,1723,58,2026-09-26T01:41:37.024,9,119.5,626.0,372.75,True,
run_20260926_014038_575179,1723,58,2026-09-26T01:41:37.024,10,100.5,644.0,372.25,True,
run_20260926_014038_575179,1723,58,2026-09-26T01:41:37.024,11,81.92857142857143,662.5,372.2142857142857,True,
run_20260926_014038_575179,1723,58,2026-09-26T01:41:37.024,12,63.5,681.0,372.25,True,
run_20260926_014038_575179,1754,59,2026-09-26T01:41:38.053,0,289.5,457.0,373.25,True,
run_20260926_014038_575179,1754,59,2026-09-26T01:41:38.053,1,271.0,475.0,373.0,True,
run_20260926_014038_575179,1754,59,2026-09-26T01:41:38.053,2,252.0,494.0,373.0,True,
run_20260926_014038_575179,1754,59,2026-09-26T01:41:38.053,3,233.5,513.0,373.25,True,
run_20260926_014038_575179,1754,59,2026-09-26T01:41:38.053,4,214.5,532.0,373.25,True,
run_20260926_014038_575179,1754,59,2026-09-26T01:41:38.053,5,195.5,550.5,373.0,True,
run_20260926_014038_575179,1754,59,2026-09-26T01:41:38.053,6,176.25,569.5,372.875,True,
run_20260926_014038_575179,1754,59,2026-09-26T01:41:38.053,7,157.5,588.0,372.75,True,
run_20260926_014038_575179,1754,59,2026-09-26T01:41:38.053,8,138.5,607.0,372.75,True,
run_20260926_014038_575179,1754,59,2026-09-26T01:41:38.053,9,119.5,626.0,372.75,True,
run_20260926_014038_575179,1754,59,2026-09-26T01:41:38.053,10,100.5,644.0,372.25,True,
run_20260926_014038_575179,1754,59,2026-09-26T01:41:38.053,11,81.63636363636364,662.5,372.0681818181818,True,
run_20260926_014038_575179,1754,59,2026-09-26T01:41:38.053,12,63.5,681.0,372.25,True,
run_20260926_014038_575179,1784,60,2026-09-26T01:41:39.057,0,289.5,457.0,373.25,True,
run_20260926_014038_575179,1784,60,2026-09-26T01:41:39.057,1,271.0,475.0,373.0,True,
run_20260926_014038_575179,1784,60,2026-09-26T01:41:39.057,2,252.0,494.0,373.0,True,
run_20260926_014038_575179,1784,60,2026-09-26T01:41:39.057,3,233.5,513.0,373.25,True,
run_20260926_014038_575179,1784,60,2026-09-26T01:41:39.057,4,214.5,532.0,373.25,True,
run_20260926_014038_575179,1784,60,2026-09-26T01:41:39.057,5,195.5,550.5,373.0,True,
run_20260926_014038_575179,1784,60,2026-09-26T01:41:39.057,6,176.25,569.5,372.875,True,
run_20260926_014038_575179,1784,60,2026-09-26T01:41:39.057,7,157.5,588.0,372.75,True,
run_20260926_014038_575179,1784,60,2026-09-26T01:41:39.057,8,138.5,607.0,372.75,True,
run_20260926_014038_575179,1784,60,2026-09-26T01:41:39.057,9,119.5,626.0,372.75,True,
run_20260926_014038_575179,1784,60,2026-09-26T01:41:39.057,10,100.5,644.0,372.25,True,
run_20260926_014038_575179,1784,60,2026-09-26T01:41:39.057,11,81.63636363636364,662.5,372.0681818181818,True,
run_20260926_014038_575179,1784,60,2026-09-26T01:41:39.057,12,63.5,681.0,372.25,True,
run_20260926_014038_575179,1815,61,2026-09-26T01:41:40.090,0,289.5,457.0,373.25,True,
run_20260926_014038_575179,1815,61,2026-09-26T01:41:40.090,1,271.0,475.0,373.0,True,
run_20260926_014038_575179,1815,61,2026-09-26T01:41:40.090,2,252.0,494.0,373.0,True,
run_20260926_014038_575179,1815,61,2026-09-26T01:41:40.090,3,233.5,513.0,373.25,True,
run_20260926_014038_575179,1815,61,2026-09-26T01:41:40.090,4,214.5,532.0,373.25,True,
run_20260926_014038_575179,1815,61,2026-09-26T01:41:40.090,5,195.5,550.5,373.0,True,
run_20260926_014038_575179,1815,61,2026-09-26T01:41:40.090,6,176.25,569.5,372.875,True,
run_20260926_014038_575179,1815,61,2026-09-26T01:41:40.090,7,157.5,588.0,372.75,True,
run_20260926_014038_575179,1815,61,2026-09-26T01:41:40.090,8,138.5,607.0,372.75,True,
run_20260926_014038_575179,1815,61,2026-09-26T01:41:40.090,9,119.5,626.0,372.75,True,
run_20260926_014038_575179,1815,61,2026-09-26T01:41:40.090,10,100.5,644.0,372.25,True,
run_20260926_014038_575179,1815,61,2026-09-26T01:41:40.090,11,81.75,662.5,372.125,True,
run_20260926_014038_575179,1815,61,2026-09-26T01:41:40.090,12,63.5,681.0,372.25,True,
run_20260926_014038_575179,1846,62,2026-09-26T01:41:41.119,0,289.5,457.0,373.25,True,
run_20260926_014038_575179,1846,62,2026-09-26T01:41:41.119,1,271.0,475.0,373.0,True,
run_20260926_014038_575179,1846,62,2026-09-26T01:41:41.119,2,252.0,494.0,373.0,True,
run_20260926_014038_575179,1846,62,2026-09-26T01:41:41.119,3,233.5,513.0,373.25,True,
run_20260926_014038_575179,1846,62,2026-09-26T01:41:41.119,4,214.5,532.0,373.25,True,
run_20260926_014038_575179,1846,62,2026-09-26T01:41:41.119,5,195.5,550.5,373.0,True,
run_20260926_014038_575179,1846,62,2026-09-26T01:41:41.119,6,176.25,569.5,372.875,True,
run_20260926_014038_575179,1846,62,2026-09-26T01:41:41.119,7,157.5,588.0,372.75,True,
run_20260926_014038_575179,1846,62,2026-09-26T01:41:41.119,8,138.5,607.0,372.75,True,
run_20260926_014038_575179,1846,62,2026-09-26T01:41:41.119,9,119.5,626.0,372.75,True,
run_20260926_014038_575179,1846,62,2026-09-26T01:41:41.119,10,100.5,644.0,372.25,True,
run_20260926_014038_575179,1846,62,2026-09-26T01:41:41.119,11,81.75,662.5,372.125,True,
run_20260926_014038_575179,1846,62,2026-09-26T01:41:41.119,12,63.5,681.0,372.25,True,
run_20260926_014038_575179,1876,63,2026-09-26T01:41:42.126,0,289.5,457.0,373.25,True,
run_20260926_014038_575179,1876,63,2026-09-26T01:41:42.126,1,271.0,475.0,373.0,True,
run_20260926_014038_575179,1876,63,2026-09-26T01:41:42.126,2,252.0,494.0,373.0,True,
run_20260926_014038_575179,1876,63,2026-09-26T01:41:42.126,3,233.5,513.0,373.25,True,
run_20260926_014038_575179,1876,63,2026-09-26T01:41:42.126,4,214.5,532.0,373.25,True,
run_20260926_014038_575179,1876,63,2026-09-26T01:41:42.126,5,195.5,550.5,373.0,True,
run_20260926_014038_575179,1876,63,2026-09-26T01:41:42.126,6,176.25,569.5,372.875,True,
run_20260926_014038_575179,1876,63,2026-09-26T01:41:42.126,7,157.5,588.0,372.75,True,
run_20260926_014038_575179,1876,63,2026-09-26T01:41:42.126,8,138.5,607.0,372.75,True,
run_20260926_014038_575179,1876,63,2026-09-26T01:41:42.126,9,119.5,626.0,372.75,True,
run_20260926_014038_575179,1876,63,2026-09-26T01:41:42.126,10,100.5,644.0,372.25,True,
run_20260926_014038_575179,1876,63,2026-09-26T01:41:42.126,11,81.92857142857143,662.5,372.2142857142857,True,
run_20260926_014038_575179,1876,63,2026-09-26T01:41:42.126,12,63.5,681.0,372.25,True,
run_20260926_014038_575179,1907,64,2026-09-26T01:41:43.154,0,289.5,457.0,373.25,True,
run_20260926_014038_575179,1907,64,2026-09-26T01:41:43.154,1,271.0,475.0,373.0,True,
run_20260926_014038_575179,1907,64,2026-09-26T01:41:43.154,2,252.0,494.0,373.0,True,
run_20260926_014038_575179,1907,64,2026-09-26T01:41:43.154,3,233.5,513.0,373.25,True,
run_20260926_014038_575179,1907,64,2026-09-26T01:41:43.154,4,214.5,532.0,373.25,True,
run_20260926_014038_575179,1907,64,2026-09-26T01:41:43.154,5,195.5,550.5,373.0,True,
run_20260926_014038_575179,1907,64,2026-09-26T01:41:43.154,6,176.5,569.5,373.0,True,
run_20260926_014038_575179,1907,64,2026-09-26T01:41:43.154,7,157.5,588.0,372.75,True,
run_20260926_014038_575179,1907,64,2026-09-26T01:41:43.154,8,138.5,607.0,372.75,True,
run_20260926_014038_575179,1907,64,2026-09-26T01:41:43.154,9,119.5,626.0,372.75,True,
run_20260926_014038_575179,1907,64,2026-09-26T01:41:43.154,10,100.5,644.0,372.25,True,
run_20260926_014038_575179,1907,64,2026-09-26T01:41:43.154,11,81.92857142857143,662.5,372.2142857142857,True,
run_20260926_014038_575179,1907,64,2026-09-26T01:41:43.154,12,63.5,681.0,372.25,True,
run_20260926_014038_575179,1937,65,2026-09-26T01:41:44.157,0,289.5,457.0,373.25,True,
run_20260926_014038_575179,1937,65,2026-09-26T01:41:44.157,1,271.0,475.0,373.0,True,
run_20260926_014038_575179,1937,65,2026-09-26T01:41:44.157,2,252.0,494.0,373.0,True,
run_20260926_014038_575179,1937,65,2026-09-26T01:41:44.157,3,233.5,513.0,373.25,True,
run_20260926_014038_575179,1937,65,2026-09-26T01:41:44.157,4,214.5,532.0,373.25,True,
run_20260926_014038_575179,1937,65,2026-09-26T01:41:44.157,5,195.5,550.5,373.0,True,
run_20260926_014038_575179,1937,65,2026-09-26T01:41:44.157,6,176.25,569.5,372.875,True,
run_20260926_014038_575179,1937,65,2026-09-26T01:41:44.157,7,157.5,588.0,372.75,True,
run_20260926_014038_575179,1937,65,2026-09-26T01:41:44.157,8,138.5,607.0,372.75,True,
run_20260926_014038_575179,1937,65,2026-09-26T01:41:44.157,9,119.5,626.0,372.75,True,
run_20260926_014038_575179,1937,65,2026-09-26T01:41:44.157,10,100.5,644.0,372.25,True,
run_20260926_014038_575179,1937,65,2026-09-26T01:41:44.157,11,81.63636363636364,662.5,372.0681818181818,True,
run_20260926_014038_575179,1937,65,2026-09-26T01:41:44.157,12,63.5,681.0,372.25,True,
run_20260926_014038_575179,1968,66,2026-09-26T01:41:45.191,0,289.5,457.0,373.25,True,
run_20260926_014038_575179,1968,66,2026-09-26T01:41:45.191,1,271.0,475.0,373.0,True,
run_20260926_014038_575179,1968,66,2026-09-26T01:41:45.191,2,252.0,494.0,373.0,True,
run_20260926_014038_575179,1968,66,2026-09-26T01:41:45.191,3,233.5,513.0,373.25,True,
run_20260926_014038_575179,1968,66,2026-09-26T01:41:45.191,4,214.5,532.0,373.25,True,
run_20260926_014038_575179,1968,66,2026-09-26T01:41:45.191,5,195.5,550.5,373.0,True,
run_20260926_014038_575179,1968,66,2026-09-26T01:41:45.191,6,176.25,569.5,372.875,True,
run_20260926_014038_575179,1968,66,2026-09-26T01:41:45.191,7,157.5,588.0,372.75,True,
run_20260926_014038_575179,1968,66,2026-09-26T01:41:45.191,8,138.5,607.0,372.75,True,
run_20260926_014038_575179,1968,66,2026-09-26T01:41:45.191,9,119.5,626.0,372.75,True,
run_20260926_014038_575179,1968,66,2026-09-26T01:41:45.191,10,100.5,644.0,372.25,True,
run_20260926_014038_575179,1968,66,2026-09-26T01:41:45.191,11,81.75,662.5,372.125,True,
run_20260926_014038_575179,1968,66,2026-09-26T01:41:45.191,12,63.5,681.0,372.25,True,
run_20260926_014038_575179,1999,67,2026-09-26T01:41:46.220,0,289.5,457.0,373.25,True,
run_20260926_014038_575179,1999,67,2026-09-26T01:41:46.220,1,271.0,475.0,373.0,True,
run_20260926_014038_575179,1999,67,2026-09-26T01:41:46.220,2,252.0,494.0,373.0,True,
run_20260926_014038_575179,1999,67,2026-09-26T01:41:46.220,3,233.5,513.0,373.25,True,
run_20260926_014038_575179,1999,67,2026-09-26T01:41:46.220,4,214.5,532.0,373.25,True,
run_20260926_014038_575179,1999,67,2026-09-26T01:41:46.220,5,195.5,550.5,373.0,True,
run_20260926_014038_575179,1999,67,2026-09-26T01:41:46.220,6,176.25,569.5,372.875,True,
run_20260926_014038_575179,1999,67,2026-09-26T01:41:46.220,7,157.5,588.0,372.75,True,
run_20260926_014038_575179,1999,67,2026-09-26T01:41:46.220,8,138.5,607.0,372.75,True,
run_20260926_014038_575179,1999,67,2026-09-26T01:41:46.220,9,119.5,626.0,372.75,True,
run_20260926_014038_575179,1999,67,2026-09-26T01:41:46.220,10,100.5,644.0,372.25,True,
run_20260926_014038_575179,1999,67,2026-09-26T01:41:46.220,11,81.92857142857143,662.5,372.2142857142857,True,
run_20260926_014038_575179,1999,67,2026-09-26T01:41:46.220,12,63.5,681.0,372.25,True,
run_20260926_014038_575179,2030,68,2026-09-26T01:41:47.258,0,289.5,457.0,373.25,True,
run_20260926_014038_575179,2030,68,2026-09-26T01:41:47.258,1,271.0,475.0,373.0,True,
run_20260926_014038_575179,2030,68,2026-09-26T01:41:47.258,2,252.0,494.0,373.0,True,
run_20260926_014038_575179,2030,68,2026-09-26T01:41:47.258,3,233.5,513.0,373.25,True,
run_20260926_014038_575179,2030,68,2026-09-26T01:41:47.258,4,214.5,532.0,373.25,True,
run_20260926_014038_575179,2030,68,2026-09-26T01:41:47.258,5,195.5,550.5,373.0,True,
run_20260926_014038_575179,2030,68,2026-09-26T01:41:47.258,6,176.25,569.5,372.875,True,
run_20260926_014038_575179,2030,68,2026-09-26T01:41:47.258,7,157.5,588.0,372.75,True,
run_20260926_014038_575179,2030,68,2026-09-26T01:41:47.258,8,138.5,607.0,372.75,True,
run_20260926_014038_575179,2030,68,2026-09-26T01:41:47.258,9,119.5,626.0,372.75,True,
run_20260926_014038_575179,2030,68,2026-09-26T01:41:47.258,10,100.5,644.0,372.25,True,
run_20260926_014038_575179,2030,68,2026-09-26T01:41:47.258,11,81.92857142857143,662.5,372.2142857142857,True,
run_20260926_014038_575179,2030,68,2026-09-26T01:41:47.258,12,63.5,681.0,372.25,True,
run_20260926_014038_575179,2061,69,2026-09-26T01:41:48.286,0,289.5,457.0,373.25,True,
run_20260926_014038_575179,2061,69,2026-09-26T01:41:48.286,1,271.0,475.0,373.0,True,
run_20260926_014038_575179,2061,69,2026-09-26T01:41:48.286,2,252.0,494.0,373.0,True,
run_20260926_014038_575179,2061,69,2026-09-26T01:41:48.286,3,233.5,513.0,373.25,True,
run_20260926_014038_575179,2061,69,2026-09-26T01:41:48.286,4,214.5,532.0,373.25,True,
run_20260926_014038_575179,2061,69,2026-09-26T01:41:48.286,5,195.5,550.5,373.0,True,
run_20260926_014038_575179,2061,69,2026-09-26T01:41:48.286,6,176.25,569.5,372.875,True,
run_20260926_014038_575179,2061,69,2026-09-26T01:41:48.286,7,157.5,588.0,372.75,True,
run_20260926_014038_575179,2061,69,2026-09-26T01:41:48.286,8,138.5,607.0,372.75,True,
run_20260926_014038_575179,2061,69,2026-09-26T01:41:48.286,9,119.5,626.0,372.75,True,
run_20260926_014038_575179,2061,69,2026-09-26T01:41:48.286,10,100.5,644.0,372.25,True,
run_20260926_014038_575179,2061,69,2026-09-26T01:41:48.286,11,81.92857142857143,662.5,372.2142857142857,True,
run_20260926_014038_575179,2061,69,2026-09-26T01:41:48.286,12,63.5,681.0,372.25,True,
run_20260926_014038_575179,2091,70,2026-09-26T01:41:49.291,0,289.5,457.0,373.25,True,
run_20260926_014038_575179,2091,70,2026-09-26T01:41:49.291,1,271.0,475.0,373.0,True,
run_20260926_014038_575179,2091,70,2026-09-26T01:41:49.291,2,252.0,494.0,373.0,True,
run_20260926_014038_575179,2091,70,2026-09-26T01:41:49.291,3,233.5,513.0,373.25,True,
run_20260926_014038_575179,2091,70,2026-09-26T01:41:49.291,4,214.5,532.0,373.25,True,
run_20260926_014038_575179,2091,70,2026-09-26T01:41:49.291,5,195.5,550.5,373.0,True,
run_20260926_014038_575179,2091,70,2026-09-26T01:41:49.291,6,176.25,569.5,372.875,True,
run_20260926_014038_575179,2091,70,2026-09-26T01:41:49.291,7,157.5,588.0,372.75,True,
run_20260926_014038_575179,2091,70,2026-09-26T01:41:49.291,8,138.5,607.0,372.75,True,
run_20260926_014038_575179,2091,70,2026-09-26T01:41:49.291,9,119.5,626.0,372.75,True,
run_20260926_014038_575179,2091,70,2026-09-26T01:41:49.291,10,100.5,644.0,372.25,True,
run_20260926_014038_575179,2091,70,2026-09-26T01:41:49.291,11,81.92857142857143,662.5,372.2142857142857,True,
run_20260926_014038_575179,2091,70,2026-09-26T01:41:49.291,12,63.5,681.0,372.25,True,
run_20260926_014038_575179,2122,71,2026-09-26T01:41:50.325,0,289.5,457.0,373.25,True,
run_20260926_014038_575179,2122,71,2026-09-26T01:41:50.325,1,271.0,475.0,373.0,True,
run_20260926_014038_575179,2122,71,2026-09-26T01:41:50.325,2,252.0,494.0,373.0,True,
run_20260926_014038_575179,2122,71,2026-09-26T01:41:50.325,3,233.5,513.0,373.25,True,
run_20260926_014038_575179,2122,71,2026-09-26T01:41:50.325,4,214.5,532.0,373.25,True,
run_20260926_014038_575179,2122,71,2026-09-26T01:41:50.325,5,195.5,550.5,373.0,True,
run_20260926_014038_575179,2122,71,2026-09-26T01:41:50.325,6,176.25,569.5,372.875,True,
run_20260926_014038_575179,2122,71,2026-09-26T01:41:50.325,7,157.5,588.0,372.75,True,
run_20260926_014038_575179,2122,71,2026-09-26T01:41:50.325,8,138.5,607.0,372.75,True,
run_20260926_014038_575179,2122,71,2026-09-26T01:41:50.325,9,119.5,626.0,372.75,True,
run_20260926_014038_575179,2122,71,2026-09-26T01:41:50.325,10,100.5,644.0,372.25,True,
run_20260926_014038_575179,2122,71,2026-09-26T01:41:50.325,11,81.92857142857143,662.5,372.2142857142857,True,
run_20260926_014038_575179,2122,71,2026-09-26T01:41:50.325,12,63.5,681.0,372.25,True,
run_20260926_014038_575179,2153,72,2026-09-26T01:41:51.352,0,289.5,457.0,373.25,True,
run_20260926_014038_575179,2153,72,2026-09-26T01:41:51.352,1,271.0,475.0,373.0,True,
run_20260926_014038_575179,2153,72,2026-09-26T01:41:51.352,2,252.0,494.0,373.0,True,
run_20260926_014038_575179,2153,72,2026-09-26T01:41:51.352,3,233.5,513.0,373.25,True,
run_20260926_014038_575179,2153,72,2026-09-26T01:41:51.352,4,214.5,532.0,373.25,True,
run_20260926_014038_575179,2153,72,2026-09-26T01:41:51.352,5,195.5,550.5,373.0,True,
run_20260926_014038_575179,2153,72,2026-09-26T01:41:51.352,6,176.25,569.5,372.875,True,
run_20260926_014038_575179,2153,72,2026-09-26T01:41:51.352,7,157.5,588.0,372.75,True,
run_20260926_014038_575179,2153,72,2026-09-26T01:41:51.352,8,138.5,607.0,372.75,True,
run_20260926_014038_575179,2153,72,2026-09-26T01:41:51.352,9,119.5,626.0,372.75,True,
run_20260926_014038_575179,2153,72,2026-09-26T01:41:51.352,10,100.5,644.0,372.25,True,
run_20260926_014038_575179,2153,72,2026-09-26T01:41:51.352,11,81.92857142857143,662.5,372.2142857142857,True,
run_20260926_014038_575179,2153,72,2026-09-26T01:41:51.352,12,63.5,681.0,372.25,True,
run_20260926_014038_575179,2183,73,2026-09-26T01:41:52.357,0,289.5,457.0,373.25,True,
run_20260926_014038_575179,2183,73,2026-09-26T01:41:52.357,1,271.0,475.0,373.0,True,
run_20260926_014038_575179,2183,73,2026-09-26T01:41:52.357,2,252.0,494.0,373.0,True,
run_20260926_014038_575179,2183,73,2026-09-26T01:41:52.357,3,233.5,513.0,373.25,True,
run_20260926_014038_575179,2183,73,2026-09-26T01:41:52.357,4,214.5,532.0,373.25,True,
run_20260926_014038_575179,2183,73,2026-09-26T01:41:52.357,5,195.5,550.5,373.0,True,
run_20260926_014038_575179,2183,73,2026-09-26T01:41:52.357,6,176.25,569.5,372.875,True,
run_20260926_014038_575179,2183,73,2026-09-26T01:41:52.357,7,157.5,588.0,372.75,True,
run_20260926_014038_575179,2183,73,2026-09-26T01:41:52.357,8,138.5,607.0,372.75,True,
run_20260926_014038_575179,2183,73,2026-09-26T01:41:52.357,9,119.5,626.0,372.75,True,
run_20260926_014038_575179,2183,73,2026-09-26T01:41:52.357,10,100.5,644.0,372.25,True,
run_20260926_014038_575179,2183,73,2026-09-26T01:41:52.357,11,81.92857142857143,662.5,372.2142857142857,True,
run_20260926_014038_575179,2183,73,2026-09-26T01:41:52.357,12,63.5,681.0,372.25,True,
run_20260926_014038_575179,2214,74,2026-09-26T01:41:53.386,0,289.5,457.0,373.25,True,
run_20260926_014038_575179,2214,74,2026-09-26T01:41:53.386,1,271.0,475.0,373.0,True,
run_20260926_014038_575179,2214,74,2026-09-26T01:41:53.386,2,252.0,494.0,373.0,True,
run_20260926_014038_575179,2214,74,2026-09-26T01:41:53.386,3,233.5,513.0,373.25,True,
run_20260926_014038_575179,2214,74,2026-09-26T01:41:53.386,4,214.5,532.0,373.25,True,
run_20260926_014038_575179,2214,74,2026-09-26T01:41:53.386,5,195.5,550.5,373.0,True,
run_20260926_014038_575179,2214,74,2026-09-26T01:41:53.386,6,176.25,569.5,372.875,True,
run_20260926_014038_575179,2214,74,2026-09-26T01:41:53.386,7,157.5,588.0,372.75,True,
run_20260926_014038_575179,2214,74,2026-09-26T01:41:53.386,8,138.5,607.0,372.75,True,
run_20260926_014038_575179,2214,74,2026-09-26T01:41:53.386,9,119.5,626.0,372.75,True,
run_20260926_014038_575179,2214,74,2026-09-26T01:41:53.386,10,100.5,644.0,372.25,True,
run_20260926_014038_575179,2214,74,2026-09-26T01:41:53.386,11,81.92857142857143,662.5,372.2142857142857,True,
run_20260926_014038_575179,2214,74,2026-09-26T01:41:53.386,12,63.5,681.0,372.25,True,
run_20260926_014038_575179,2245,75,2026-09-26T01:41:54.422,0,289.5,457.0,373.25,True,
run_20260926_014038_575179,2245,75,2026-09-26T01:41:54.422,1,271.0,475.0,373.0,True,
run_20260926_014038_575179,2245,75,2026-09-26T01:41:54.422,2,252.0,494.0,373.0,True,
run_20260926_014038_575179,2245,75,2026-09-26T01:41:54.422,3,233.5,513.0,373.25,True,
run_20260926_014038_575179,2245,75,2026-09-26T01:41:54.422,4,214.5,532.0,373.25,True,
run_20260926_014038_575179,2245,75,2026-09-26T01:41:54.422,5,195.5,550.5,373.0,True,
run_20260926_014038_575179,2245,75,2026-09-26T01:41:54.422,6,176.25,569.5,372.875,True,
run_20260926_014038_575179,2245,75,2026-09-26T01:41:54.422,7,157.5,588.0,372.75,True,
run_20260926_014038_575179,2245,75,2026-09-26T01:41:54.422,8,138.5,607.0,372.75,True,
run_20260926_014038_575179,2245,75,2026-09-26T01:41:54.422,9,119.5,626.0,372.75,True,
run_20260926_014038_575179,2245,75,2026-09-26T01:41:54.422,10,100.5,644.0,372.25,True,
run_20260926_014038_575179,2245,75,2026-09-26T01:41:54.422,11,81.92857142857143,662.5,372.2142857142857,True,
run_20260926_014038_575179,2245,75,2026-09-26T01:41:54.422,12,63.5,681.0,372.25,True,
run_20260926_014038_575179,2275,76,2026-09-26T01:41:55.424,0,289.5,457.0,373.25,True,
run_20260926_014038_575179,2275,76,2026-09-26T01:41:55.424,1,271.0,475.0,373.0,True,
run_20260926_014038_575179,2275,76,2026-09-26T01:41:55.424,2,252.0,494.0,373.0,True,
run_20260926_014038_575179,2275,76,2026-09-26T01:41:55.424,3,233.5,513.0,373.25,True,
run_20260926_014038_575179,2275,76,2026-09-26T01:41:55.424,4,214.5,532.0,373.25,True,
run_20260926_014038_575179,2275,76,2026-09-26T01:41:55.424,5,195.5,550.5,373.0,True,
run_20260926_014038_575179,2275,76,2026-09-26T01:41:55.424,6,176.25,569.5,372.875,True,
run_20260926_014038_575179,2275,76,2026-09-26T01:41:55.424,7,157.5,588.0,372.75,True,
run_20260926_014038_575179,2275,76,2026-09-26T01:41:55.424,8,138.5,607.0,372.75,True,
run_20260926_014038_575179,2275,76,2026-09-26T01:41:55.424,9,119.5,626.0,372.75,True,
run_20260926_014038_575179,2275,76,2026-09-26T01:41:55.424,10,100.5,644.0,372.25,True,
run_20260926_014038_575179,2275,76,2026-09-26T01:41:55.424,11,81.92857142857143,662.5,372.2142857142857,True,
run_20260926_014038_575179,2275,76,2026-09-26T01:41:55.424,12,63.5,681.0,372.25,True,
run_20260926_014038_575179,2306,77,2026-09-26T01:41:56.457,0,289.5,457.0,373.25,True,
run_20260926_014038_575179,2306,77,2026-09-26T01:41:56.457,1,271.0,475.0,373.0,True,
run_20260926_014038_575179,2306,77,2026-09-26T01:41:56.457,2,252.0,494.0,373.0,True,
run_20260926_014038_575179,2306,77,2026-09-26T01:41:56.457,3,233.5,513.0,373.25,True,
run_20260926_014038_575179,2306,77,2026-09-26T01:41:56.457,4,214.5,532.0,373.25,True,
run_20260926_014038_575179,2306,77,2026-09-26T01:41:56.457,5,195.5,550.5,373.0,True,
run_20260926_014038_575179,2306,77,2026-09-26T01:41:56.457,6,176.25,569.5,372.875,True,
run_20260926_014038_575179,2306,77,2026-09-26T01:41:56.457,7,157.5,588.0,372.75,True,
run_20260926_014038_575179,2306,77,2026-09-26T01:41:56.457,8,138.5,607.0,372.75,True,
run_20260926_014038_575179,2306,77,2026-09-26T01:41:56.457,9,119.5,626.0,372.75,True,
run_20260926_014038_575179,2306,77,2026-09-26T01:41:56.457,10,100.5,644.0,372.25,True,
run_20260926_014038_575179,2306,77,2026-09-26T01:41:56.457,11,81.84615384615384,662.5,372.1730769230769,True,
run_20260926_014038_575179,2306,77,2026-09-26T01:41:56.457,12,63.5,681.0,372.25,True,
run_20260926_014038_575179,2337,78,2026-09-26T01:41:57.490,0,289.5,457.0,373.25,True,
run_20260926_014038_575179,2337,78,2026-09-26T01:41:57.490,1,271.0,475.0,373.0,True,
run_20260926_014038_575179,2337,78,2026-09-26T01:41:57.490,2,252.0,494.0,373.0,True,
run_20260926_014038_575179,2337,78,2026-09-26T01:41:57.490,3,233.5,513.0,373.25,True,
run_20260926_014038_575179,2337,78,2026-09-26T01:41:57.490,4,214.5,532.0,373.25,True,
run_20260926_014038_575179,2337,78,2026-09-26T01:41:57.490,5,195.5,550.5,373.0,True,
run_20260926_014038_575179,2337,78,2026-09-26T01:41:57.490,6,176.25,569.5,372.875,True,
run_20260926_014038_575179,2337,78,2026-09-26T01:41:57.490,7,157.5,588.0,372.75,True,
run_20260926_014038_575179,2337,78,2026-09-26T01:41:57.490,8,138.5,607.0,372.75,True,
run_20260926_014038_575179,2337,78,2026-09-26T01:41:57.490,9,119.5,626.0,372.75,True,
run_20260926_014038_575179,2337,78,2026-09-26T01:41:57.490,10,100.5,644.0,372.25,True,
run_20260926_014038_575179,2337,78,2026-09-26T01:41:57.490,11,81.92857142857143,662.5,372.2142857142857,True,
run_20260926_014038_575179,2337,78,2026-09-26T01:41:57.490,12,63.5,681.0,372.25,True,
run_20260926_014038_575179,2368,79,2026-09-26T01:41:58.519,0,289.5,457.0,373.25,True,
run_20260926_014038_575179,2368,79,2026-09-26T01:41:58.519,1,271.0,475.0,373.0,True,
run_20260926_014038_575179,2368,79,2026-09-26T01:41:58.519,2,252.0,494.0,373.0,True,
run_20260926_014038_575179,2368,79,2026-09-26T01:41:58.519,3,233.5,513.0,373.25,True,
run_20260926_014038_575179,2368,79,2026-09-26T01:41:58.519,4,214.5,532.0,373.25,True,
run_20260926_014038_575179,2368,79,2026-09-26T01:41:58.519,5,195.5,550.5,373.0,True,
run_20260926_014038_575179,2368,79,2026-09-26T01:41:58.519,6,176.25,569.5,372.875,True,
run_20260926_014038_575179,2368,79,2026-09-26T01:41:58.519,7,157.5,588.0,372.75,True,
run_20260926_014038_575179,2368,79,2026-09-26T01:41:58.519,8,138.5,607.0,372.75,True,
run_20260926_014038_575179,2368,79,2026-09-26T01:41:58.519,9,119.5,626.0,372.75,True,
run_20260926_014038_575179,2368,79,2026-09-26T01:41:58.519,10,100.5,644.0,372.25,True,
run_20260926_014038_575179,2368,79,2026-09-26T01:41:58.519,11,81.92857142857143,662.5,372.2142857142857,True,
run_20260926_014038_575179,2368,79,2026-09-26T01:41:58.519,12,63.5,681.0,372.25,True,
run_20260926_014038_575179,2398,80,2026-09-26T01:41:59.524,0,289.5,457.0,373.25,True,
run_20260926_014038_575179,2398,80,2026-09-26T01:41:59.524,1,271.0,475.0,373.0,True,
run_20260926_014038_575179,2398,80,2026-09-26T01:41:59.524,2,252.0,494.0,373.0,True,
run_20260926_014038_575179,2398,80,2026-09-26T01:41:59.524,3,233.5,513.0,373.25,True,
run_20260926_014038_575179,2398,80,2026-09-26T01:41:59.524,4,214.5,532.0,373.25,True,
run_20260926_014038_575179,2398,80,2026-09-26T01:41:59.524,5,195.5,550.5,373.0,True,
run_20260926_014038_575179,2398,80,2026-09-26T01:41:59.524,6,176.25,569.5,372.875,True,
run_20260926_014038_575179,2398,80,2026-09-26T01:41:59.524,7,157.5,588.0,372.75,True,
run_20260926_014038_575179,2398,80,2026-09-26T01:41:59.524,8,138.5,607.0,372.75,True,
run_20260926_014038_575179,2398,80,2026-09-26T01:41:59.524,9,119.5,626.0,372.75,True,
run_20260926_014038_575179,2398,80,2026-09-26T01:41:59.524,10,100.5,644.0,372.25,True,
run_20260926_014038_575179,2398,80,2026-09-26T01:41:59.524,11,81.92857142857143,662.5,372.2142857142857,True,
run_20260926_014038_575179,2398,80,2026-09-26T01:41:59.524,12,63.5,681.0,372.25,True,
run_20260926_014038_575179,2429,81,2026-09-26T01:42:00.552,0,289.5,457.0,373.25,True,
run_20260926_014038_575179,2429,81,2026-09-26T01:42:00.552,1,271.0,475.0,373.0,True,
run_20260926_014038_575179,2429,81,2026-09-26T01:42:00.552,2,252.0,494.0,373.0,True,
run_20260926_014038_575179,2429,81,2026-09-26T01:42:00.552,3,233.5,513.0,373.25,True,
run_20260926_014038_575179,2429,81,2026-09-26T01:42:00.552,4,214.5,532.0,373.25,True,
run_20260926_014038_575179,2429,81,2026-09-26T01:42:00.552,5,195.5,550.5,373.0,True,
run_20260926_014038_575179,2429,81,2026-09-26T01:42:00.552,6,176.25,569.5,372.875,True,
run_20260926_014038_575179,2429,81,2026-09-26T01:42:00.552,7,157.5,588.0,372.75,True,
run_20260926_014038_575179,2429,81,2026-09-26T01:42:00.552,8,138.5,607.0,372.75,True,
run_20260926_014038_575179,2429,81,2026-09-26T01:42:00.552,9,119.5,626.0,372.75,True,
run_20260926_014038_575179,2429,81,2026-09-26T01:42:00.552,10,100.5,644.0,372.25,True,
run_20260926_014038_575179,2429,81,2026-09-26T01:42:00.552,11,81.92857142857143,662.5,372.2142857142857,True,
run_20260926_014038_575179,2429,81,2026-09-26T01:42:00.552,12,63.5,681.0,372.25,True,
run_20260926_014038_575179,2459,82,2026-09-26T01:42:01.553,0,289.5,457.0,373.25,True,
run_20260926_014038_575179,2459,82,2026-09-26T01:42:01.553,1,271.0,475.0,373.0,True,
run_20260926_014038_575179,2459,82,2026-09-26T01:42:01.553,2,252.0,494.0,373.0,True,
run_20260926_014038_575179,2459,82,2026-09-26T01:42:01.553,3,233.5,513.0,373.25,True,
run_20260926_014038_575179,2459,82,2026-09-26T01:42:01.553,4,214.5,532.0,373.25,True,
run_20260926_014038_575179,2459,82,2026-09-26T01:42:01.553,5,195.5,550.6666666666666,373.0833333333333,True,
run_20260926_014038_575179,2459,82,2026-09-26T01:42:01.553,6,176.25,569.5,372.875,True,
run_20260926_014038_575179,2459,82,2026-09-26T01:42:01.553,7,157.5,588.0,372.75,True,
run_20260926_014038_575179,2459,82,2026-09-26T01:42:01.553,8,138.5,607.0,372.75,True,
run_20260926_014038_575179,2459,82,2026-09-26T01:42:01.553,9,119.5,626.0,372.75,True,
run_20260926_014038_575179,2459,82,2026-09-26T01:42:01.553,10,100.5,644.0,372.25,True,
run_20260926_014038_575179,2459,82,2026-09-26T01:42:01.553,11,81.92857142857143,662.5,372.2142857142857,True,
run_20260926_014038_575179,2459,82,2026-09-26T01:42:01.553,12,63.5,681.0,372.25,True,
run_20260926_014038_575179,2489,83,2026-09-26T01:42:02.557,0,289.5,457.0,373.25,True,
run_20260926_014038_575179,2489,83,2026-09-26T01:42:02.557,1,271.0,475.0,373.0,True,
run_20260926_014038_575179,2489,83,2026-09-26T01:42:02.557,2,252.0,494.0,373.0,True,
run_20260926_014038_575179,2489,83,2026-09-26T01:42:02.557,3,233.5,513.0,373.25,True,
run_20260926_014038_575179,2489,83,2026-09-26T01:42:02.557,4,214.5,532.0,373.25,True,
run_20260926_014038_575179,2489,83,2026-09-26T01:42:02.557,5,195.5,550.5,373.0,True,
run_20260926_014038_575179,2489,83,2026-09-26T01:42:02.557,6,176.25,569.5,372.875,True,
run_20260926_014038_575179,2489,83,2026-09-26T01:42:02.557,7,157.5,588.0,372.75,True,
run_20260926_014038_575179,2489,83,2026-09-26T01:42:02.557,8,138.5,607.0,372.75,True,
run_20260926_014038_575179,2489,83,2026-09-26T01:42:02.557,9,119.5,626.0,372.75,True,
run_20260926_014038_575179,2489,83,2026-09-26T01:42:02.557,10,100.5,644.0,372.25,True,
run_20260926_014038_575179,2489,83,2026-09-26T01:42:02.557,11,81.92857142857143,662.5,372.2142857142857,True,
run_20260926_014038_575179,2489,83,2026-09-26T01:42:02.557,12,63.5,681.0,372.25,True,
run_20260926_014038_575179,2520,84,2026-09-26T01:42:03.586,0,289.5,457.0,373.25,True,
run_20260926_014038_575179,2520,84,2026-09-26T01:42:03.586,1,271.0,475.0,373.0,True,
run_20260926_014038_575179,2520,84,2026-09-26T01:42:03.586,2,252.0,494.0,373.0,True,
run_20260926_014038_575179,2520,84,2026-09-26T01:42:03.586,3,233.5,513.0,373.25,True,
run_20260926_014038_575179,2520,84,2026-09-26T01:42:03.586,4,214.5,532.0,373.25,True,
run_20260926_014038_575179,2520,84,2026-09-26T01:42:03.586,5,195.5,550.5,373.0,True,
run_20260926_014038_575179,2520,84,2026-09-26T01:42:03.586,6,176.5,569.5,373.0,True,
run_20260926_014038_575179,2520,84,2026-09-26T01:42:03.586,7,157.5,588.0,372.75,True,
run_20260926_014038_575179,2520,84,2026-09-26T01:42:03.586,8,138.5,607.0,372.75,True,
run_20260926_014038_575179,2520,84,2026-09-26T01:42:03.586,9,119.5,626.0,372.75,True,
run_20260926_014038_575179,2520,84,2026-09-26T01:42:03.586,10,100.5,644.0,372.25,True,
run_20260926_014038_575179,2520,84,2026-09-26T01:42:03.586,11,81.92857142857143,662.5,372.2142857142857,True,
run_20260926_014038_575179,2520,84,2026-09-26T01:42:03.586,12,63.5,681.0,372.25,True,
run_20260926_014038_575179,2550,85,2026-09-26T01:42:04.590,0,289.5,457.0,373.25,True,
run_20260926_014038_575179,2550,85,2026-09-26T01:42:04.590,1,271.0,475.0,373.0,True,
run_20260926_014038_575179,2550,85,2026-09-26T01:42:04.590,2,252.0,494.0,373.0,True,
run_20260926_014038_575179,2550,85,2026-09-26T01:42:04.590,3,233.5,513.0,373.25,True,
run_20260926_014038_575179,2550,85,2026-09-26T01:42:04.590,4,214.5,532.0,373.25,True,
run_20260926_014038_575179,2550,85,2026-09-26T01:42:04.590,5,195.5,550.5,373.0,True,
run_20260926_014038_575179,2550,85,2026-09-26T01:42:04.590,6,176.25,569.5,372.875,True,
run_20260926_014038_575179,2550,85,2026-09-26T01:42:04.590,7,157.5,588.0,372.75,True,
run_20260926_014038_575179,2550,85,2026-09-26T01:42:04.590,8,138.5,607.0,372.75,True,
run_20260926_014038_575179,2550,85,2026-09-26T01:42:04.590,9,119.5,626.0,372.75,True,
run_20260926_014038_575179,2550,85,2026-09-26T01:42:04.590,10,100.5,644.0,372.25,True,
run_20260926_014038_575179,2550,85,2026-09-26T01:42:04.590,11,81.92857142857143,662.5,372.2142857142857,True,
run_20260926_014038_575179,2550,85,2026-09-26T01:42:04.590,12,63.5,681.0,372.25,True,
run_20260926_014038_575179,2581,86,2026-09-26T01:42:05.623,0,289.5,457.0,373.25,True,
run_20260926_014038_575179,2581,86,2026-09-26T01:42:05.623,1,271.0,475.0,373.0,True,
run_20260926_014038_575179,2581,86,2026-09-26T01:42:05.623,2,252.0,494.0,373.0,True,
run_20260926_014038_575179,2581,86,2026-09-26T01:42:05.623,3,233.5,513.0,373.25,True,
run_20260926_014038_575179,2581,86,2026-09-26T01:42:05.623,4,214.5,532.0,373.25,True,
run_20260926_014038_575179,2581,86,2026-09-26T01:42:05.623,5,195.5,550.5,373.0,True,
run_20260926_014038_575179,2581,86,2026-09-26T01:42:05.623,6,176.25,569.5,372.875,True,
run_20260926_014038_575179,2581,86,2026-09-26T01:42:05.623,7,157.5,588.0,372.75,True,
run_20260926_014038_575179,2581,86,2026-09-26T01:42:05.623,8,138.5,607.0,372.75,True,
run_20260926_014038_575179,2581,86,2026-09-26T01:42:05.623,9,119.5,626.0,372.75,True,
run_20260926_014038_575179,2581,86,2026-09-26T01:42:05.623,10,100.5,644.0,372.25,True,
run_20260926_014038_575179,2581,86,2026-09-26T01:42:05.623,11,81.92857142857143,662.5,372.2142857142857,True,
run_20260926_014038_575179,2581,86,2026-09-26T01:42:05.623,12,63.5,681.0,372.25,True,
run_20260926_014038_575179,2612,87,2026-09-26T01:42:06.652,0,289.5,457.0,373.25,True,
run_20260926_014038_575179,2612,87,2026-09-26T01:42:06.652,1,271.0,475.0,373.0,True,
run_20260926_014038_575179,2612,87,2026-09-26T01:42:06.652,2,252.0,494.0,373.0,True,
run_20260926_014038_575179,2612,87,2026-09-26T01:42:06.652,3,233.5,513.0,373.25,True,
run_20260926_014038_575179,2612,87,2026-09-26T01:42:06.652,4,214.5,532.0,373.25,True,
run_20260926_014038_575179,2612,87,2026-09-26T01:42:06.652,5,195.5,550.5,373.0,True,
run_20260926_014038_575179,2612,87,2026-09-26T01:42:06.652,6,176.5,569.5,373.0,True,
run_20260926_014038_575179,2612,87,2026-09-26T01:42:06.652,7,157.5,588.0,372.75,True,
run_20260926_014038_575179,2612,87,2026-09-26T01:42:06.652,8,138.5,607.0,372.75,True,
run_20260926_014038_575179,2612,87,2026-09-26T01:42:06.652,9,119.5,626.0,372.75,True,
run_20260926_014038_575179,2612,87,2026-09-26T01:42:06.652,10,100.5,644.0,372.25,True,
run_20260926_014038_575179,2612,87,2026-09-26T01:42:06.652,11,81.92857142857143,662.5,372.2142857142857,True,
run_20260926_014038_575179,2612,87,2026-09-26T01:42:06.652,12,63.5,681.0,372.25,True,
run_20260926_014038_575179,2642,88,2026-09-26T01:42:07.658,0,289.5,457.0,373.25,True,
run_20260926_014038_575179,2642,88,2026-09-26T01:42:07.658,1,271.0,475.0,373.0,True,
run_20260926_014038_575179,2642,88,2026-09-26T01:42:07.658,2,252.0,494.0,373.0,True,
run_20260926_014038_575179,2642,88,2026-09-26T01:42:07.658,3,233.5,513.0,373.25,True,
run_20260926_014038_575179,2642,88,2026-09-26T01:42:07.658,4,214.5,532.0,373.25,True,
run_20260926_014038_575179,2642,88,2026-09-26T01:42:07.658,5,195.5,550.6666666666666,373.0833333333333,True,
run_20260926_014038_575179,2642,88,2026-09-26T01:42:07.658,6,176.5,569.5,373.0,True,
run_20260926_014038_575179,2642,88,2026-09-26T01:42:07.658,7,157.5,588.0,372.75,True,
run_20260926_014038_575179,2642,88,2026-09-26T01:42:07.658,8,138.5,607.0,372.75,True,
run_20260926_014038_575179,2642,88,2026-09-26T01:42:07.658,9,119.5,626.0,372.75,True,
run_20260926_014038_575179,2642,88,2026-09-26T01:42:07.658,10,100.5,644.0,372.25,True,
run_20260926_014038_575179,2642,88,2026-09-26T01:42:07.658,11,81.92857142857143,662.5,372.2142857142857,True,
run_20260926_014038_575179,2642,88,2026-09-26T01:42:07.658,12,63.5,681.0,372.25,True,
run_20260926_014038_575179,2673,89,2026-09-26T01:42:08.686,0,289.5,457.0,373.25,True,
run_20260926_014038_575179,2673,89,2026-09-26T01:42:08.686,1,271.0,475.0,373.0,True,
run_20260926_014038_575179,2673,89,2026-09-26T01:42:08.686,2,252.0,494.0,373.0,True,
run_20260926_014038_575179,2673,89,2026-09-26T01:42:08.686,3,233.5,513.0,373.25,True,
run_20260926_014038_575179,2673,89,2026-09-26T01:42:08.686,4,214.5,532.0,373.25,True,
run_20260926_014038_575179,2673,89,2026-09-26T01:42:08.686,5,195.5,550.6666666666666,373.0833333333333,True,
run_20260926_014038_575179,2673,89,2026-09-26T01:42:08.686,6,176.25,569.5,372.875,True,
run_20260926_014038_575179,2673,89,2026-09-26T01:42:08.686,7,157.5,588.0,372.75,True,
run_20260926_014038_575179,2673,89,2026-09-26T01:42:08.686,8,138.5,607.0,372.75,True,
run_20260926_014038_575179,2673,89,2026-09-26T01:42:08.686,9,119.5,626.0,372.75,True,
run_20260926_014038_575179,2673,89,2026-09-26T01:42:08.686,10,100.5,644.0,372.25,True,
run_20260926_014038_575179,2673,89,2026-09-26T01:42:08.686,11,82.0,662.5,372.25,True,
run_20260926_014038_575179,2673,89,2026-09-26T01:42:08.686,12,63.5,681.0,372.25,True,
run_20260926_014038_575179,2703,90,2026-09-26T01:42:09.687,0,289.5,457.0,373.25,True,
run_20260926_014038_575179,2703,90,2026-09-26T01:42:09.687,1,271.0,475.0,373.0,True,
run_20260926_014038_575179,2703,90,2026-09-26T01:42:09.687,2,252.0,494.0,373.0,True,
run_20260926_014038_575179,2703,90,2026-09-26T01:42:09.687,3,233.5,513.0,373.25,True,
run_20260926_014038_575179,2703,90,2026-09-26T01:42:09.687,4,214.5,532.0,373.25,True,
run_20260926_014038_575179,2703,90,2026-09-26T01:42:09.687,5,195.5,550.7647058823529,373.13235294117646,True,
run_20260926_014038_575179,2703,90,2026-09-26T01:42:09.687,6,176.5,569.5,373.0,True,
run_20260926_014038_575179,2703,90,2026-09-26T01:42:09.687,7,157.5,588.0,372.75,True,
run_20260926_014038_575179,2703,90,2026-09-26T01:42:09.687,8,138.5,607.0,372.75,True,
run_20260926_014038_575179,2703,90,2026-09-26T01:42:09.687,9,119.5,626.0,372.75,True,
run_20260926_014038_575179,2703,90,2026-09-26T01:42:09.687,10,100.5,644.0,372.25,True,
run_20260926_014038_575179,2703,90,2026-09-26T01:42:09.687,11,82.0,662.5,372.25,True,
run_20260926_014038_575179,2703,90,2026-09-26T01:42:09.687,12,63.5,681.0,372.25,True,
run_20260926_014038_575179,2734,91,2026-09-26T01:42:10.723,0,289.5,457.0,373.25,True,
run_20260926_014038_575179,2734,91,2026-09-26T01:42:10.723,1,271.0,475.0,373.0,True,
run_20260926_014038_575179,2734,91,2026-09-26T01:42:10.723,2,252.0,494.0,373.0,True,
run_20260926_014038_575179,2734,91,2026-09-26T01:42:10.723,3,233.5,513.0,373.25,True,
run_20260926_014038_575179,2734,91,2026-09-26T01:42:10.723,4,214.5,532.0,373.25,True,
run_20260926_014038_575179,2734,91,2026-09-26T01:42:10.723,5,195.5,550.7647058823529,373.13235294117646,True,
run_20260926_014038_575179,2734,91,2026-09-26T01:42:10.723,6,176.5,569.5,373.0,True,
run_20260926_014038_575179,2734,91,2026-09-26T01:42:10.723,7,157.5,588.0,372.75,True,
run_20260926_014038_575179,2734,91,2026-09-26T01:42:10.723,8,138.5,607.0,372.75,True,
run_20260926_014038_575179,2734,91,2026-09-26T01:42:10.723,9,119.5,626.0,372.75,True,
run_20260926_014038_575179,2734,91,2026-09-26T01:42:10.723,10,100.5,644.0,372.25,True,
run_20260926_014038_575179,2734,91,2026-09-26T01:42:10.723,11,81.84615384615384,662.5,372.1730769230769,True,
run_20260926_014038_575179,2734,91,2026-09-26T01:42:10.723,12,63.5,681.0,372.25,True,
run_20260926_014038_575179,2765,92,2026-09-26T01:42:11.752,0,289.6363636363636,457.0,373.3181818181818,True,
run_20260926_014038_575179,2765,92,2026-09-26T01:42:11.752,1,271.0,475.0,373.0,True,
run_20260926_014038_575179,2765,92,2026-09-26T01:42:11.752,2,252.0,494.0,373.0,True,
run_20260926_014038_575179,2765,92,2026-09-26T01:42:11.752,3,233.5,513.0,373.25,True,
run_20260926_014038_575179,2765,92,2026-09-26T01:42:11.752,4,214.5,532.0,373.25,True,
run_20260926_014038_575179,2765,92,2026-09-26T01:42:11.752,5,195.5,550.5,373.0,True,
run_20260926_014038_575179,2765,92,2026-09-26T01:42:11.752,6,176.5,569.5,373.0,True,
run_20260926_014038_575179,2765,92,2026-09-26T01:42:11.752,7,157.5,588.0,372.75,True,
run_20260926_014038_575179,2765,92,2026-09-26T01:42:11.752,8,138.5,607.0,372.75,True,
run_20260926_014038_575179,2765,92,2026-09-26T01:42:11.752,9,119.5,626.0,372.75,True,
run_20260926_014038_575179,2765,92,2026-09-26T01:42:11.752,10,100.5,644.0,372.25,True,
run_20260926_014038_575179,2765,92,2026-09-26T01:42:11.752,11,82.0,662.5,372.25,True,
run_20260926_014038_575179,2765,92,2026-09-26T01:42:11.752,12,63.5,681.0,372.25,True,
run_20260926_014038_575179,2795,93,2026-09-26T01:42:12.757,0,289.5,457.0,373.25,True,
run_20260926_014038_575179,2795,93,2026-09-26T01:42:12.757,1,271.0,475.0,373.0,True,
run_20260926_014038_575179,2795,93,2026-09-26T01:42:12.757,2,252.0,494.0,373.0,True,
run_20260926_014038_575179,2795,93,2026-09-26T01:42:12.757,3,233.5,513.0,373.25,True,
run_20260926_014038_575179,2795,93,2026-09-26T01:42:12.757,4,214.5,532.0,373.25,True,
run_20260926_014038_575179,2795,93,2026-09-26T01:42:12.757,5,195.5,551.0,373.25,True,
run_20260926_014038_575179,2795,93,2026-09-26T01:42:12.757,6,176.5,569.5,373.0,True,
run_20260926_014038_575179,2795,93,2026-09-26T01:42:12.757,7,157.5,588.0,372.75,True,
run_20260926_014038_575179,2795,93,2026-09-26T01:42:12.757,8,138.5,607.0,372.75,True,
run_20260926_014038_575179,2795,93,2026-09-26T01:42:12.757,9,119.5,626.0,372.75,True,
run_20260926_014038_575179,2795,93,2026-09-26T01:42:12.757,10,100.5,644.0,372.25,True,
run_20260926_014038_575179,2795,93,2026-09-26T01:42:12.757,11,82.0,662.5,372.25,True,
run_20260926_014038_575179,2795,93,2026-09-26T01:42:12.757,12,63.5,681.0,372.25,True,
run_20260926_014038_575179,2826,94,2026-09-26T01:42:13.806,0,289.5,457.0,373.25,True,
run_20260926_014038_575179,2826,94,2026-09-26T01:42:13.806,1,271.0,475.0,373.0,True,
run_20260926_014038_575179,2826,94,2026-09-26T01:42:13.806,2,252.0,494.0,373.0,True,
run_20260926_014038_575179,2826,94,2026-09-26T01:42:13.806,3,233.5,513.0,373.25,True,
run_20260926_014038_575179,2826,94,2026-09-26T01:42:13.806,4,214.5,532.0,373.25,True,
run_20260926_014038_575179,2826,94,2026-09-26T01:42:13.806,5,195.5,551.0,373.25,True,
run_20260926_014038_575179,2826,94,2026-09-26T01:42:13.806,6,176.5,569.5,373.0,True,
run_20260926_014038_575179,2826,94,2026-09-26T01:42:13.806,7,157.5,588.0,372.75,True,
run_20260926_014038_575179,2826,94,2026-09-26T01:42:13.806,8,138.5,607.0,372.75,True,
run_20260926_014038_575179,2826,94,2026-09-26T01:42:13.806,9,119.5,626.0,372.75,True,
run_20260926_014038_575179,2826,94,2026-09-26T01:42:13.806,10,100.5,644.0,372.25,True,
run_20260926_014038_575179,2826,94,2026-09-26T01:42:13.806,11,82.0,662.5,372.25,True,
run_20260926_014038_575179,2826,94,2026-09-26T01:42:13.806,12,63.5,681.0,372.25,True,
run_20260926_014038_575179,2857,95,2026-09-26T01:42:14.819,0,289.5,457.0,373.25,True,
run_20260926_014038_575179,2857,95,2026-09-26T01:42:14.819,1,271.0,475.0,373.0,True,
run_20260926_014038_575179,2857,95,2026-09-26T01:42:14.819,2,252.0,494.0,373.0,True,
run_20260926_014038_575179,2857,95,2026-09-26T01:42:14.819,3,233.5,513.0,373.25,True,
run_20260926_014038_575179,2857,95,2026-09-26T01:42:14.819,4,214.5,532.0,373.25,True,
run_20260926_014038_575179,2857,95,2026-09-26T01:42:14.819,5,195.5,550.5,373.0,True,
run_20260926_014038_575179,2857,95,2026-09-26T01:42:14.819,6,176.5,569.5,373.0,True,
run_20260926_014038_575179,2857,95,2026-09-26T01:42:14.819,7,157.5,588.0,372.75,True,
run_20260926_014038_575179,2857,95,2026-09-26T01:42:14.819,8,138.5,607.0,372.75,True,
run_20260926_014038_575179,2857,95,2026-09-26T01:42:14.819,9,119.5,626.0,372.75,True,
run_20260926_014038_575179,2857,95,2026-09-26T01:42:14.819,10,100.5,644.0,372.25,True,
run_20260926_014038_575179,2857,95,2026-09-26T01:42:14.819,11,82.0,662.5,372.25,True,
run_20260926_014038_575179,2857,95,2026-09-26T01:42:14.819,12,63.5,681.0,372.25,True,
run_20260926_014038_575179,2887,96,2026-09-26T01:42:15.824,0,289.5,457.0,373.25,True,
run_20260926_014038_575179,2887,96,2026-09-26T01:42:15.824,1,271.0,475.0,373.0,True,
run_20260926_014038_575179,2887,96,2026-09-26T01:42:15.824,2,252.0,494.0,373.0,True,
run_20260926_014038_575179,2887,96,2026-09-26T01:42:15.824,3,233.5,513.0,373.25,True,
run_20260926_014038_575179,2887,96,2026-09-26T01:42:15.824,4,214.5,532.0,373.25,True,
run_20260926_014038_575179,2887,96,2026-09-26T01:42:15.824,5,195.5,550.5,373.0,True,
run_20260926_014038_575179,2887,96,2026-09-26T01:42:15.824,6,176.5,569.5,373.0,True,
run_20260926_014038_575179,2887,96,2026-09-26T01:42:15.824,7,157.5,588.0,372.75,True,
run_20260926_014038_575179,2887,96,2026-09-26T01:42:15.824,8,138.5,607.0,372.75,True,
run_20260926_014038_575179,2887,96,2026-09-26T01:42:15.824,9,119.5,626.0,372.75,True,
run_20260926_014038_575179,2887,96,2026-09-26T01:42:15.824,10,100.5,644.0,372.25,True,
run_20260926_014038_575179,2887,96,2026-09-26T01:42:15.824,11,82.0,662.5,372.25,True,
run_20260926_014038_575179,2887,96,2026-09-26T01:42:15.824,12,63.5,681.0,372.25,True,
run_20260926_014038_575179,2918,97,2026-09-26T01:42:16.853,0,289.5,457.0,373.25,True,
run_20260926_014038_575179,2918,97,2026-09-26T01:42:16.853,1,271.0,475.0,373.0,True,
run_20260926_014038_575179,2918,97,2026-09-26T01:42:16.853,2,252.0,494.0,373.0,True,
run_20260926_014038_575179,2918,97,2026-09-26T01:42:16.853,3,233.5,513.0,373.25,True,
run_20260926_014038_575179,2918,97,2026-09-26T01:42:16.853,4,214.5,532.0,373.25,True,
run_20260926_014038_575179,2918,97,2026-09-26T01:42:16.853,5,195.5,550.7647058823529,373.13235294117646,True,
run_20260926_014038_575179,2918,97,2026-09-26T01:42:16.853,6,176.5,569.5,373.0,True,
run_20260926_014038_575179,2918,97,2026-09-26T01:42:16.853,7,157.5,588.0,372.75,True,
run_20260926_014038_575179,2918,97,2026-09-26T01:42:16.853,8,138.5,607.0,372.75,True,
run_20260926_014038_575179,2918,97,2026-09-26T01:42:16.853,9,119.5,626.0,372.75,True,
run_20260926_014038_575179,2918,97,2026-09-26T01:42:16.853,10,100.5,644.0,372.25,True,
run_20260926_014038_575179,2918,97,2026-09-26T01:42:16.853,11,82.07142857142857,662.5,372.2857142857143,True,
run_20260926_014038_575179,2918,97,2026-09-26T01:42:16.853,12,63.5,681.0,372.25,True,
run_20260926_014038_575179,2948,98,2026-09-26T01:42:17.854,0,289.5,457.0,373.25,True,
run_20260926_014038_575179,2948,98,2026-09-26T01:42:17.854,1,271.0,475.0,373.0,True,
run_20260926_014038_575179,2948,98,2026-09-26T01:42:17.854,2,252.0,494.0,373.0,True,
run_20260926_014038_575179,2948,98,2026-09-26T01:42:17.854,3,233.5,513.0,373.25,True,
run_20260926_014038_575179,2948,98,2026-09-26T01:42:17.854,4,214.5,532.0,373.25,True,
run_20260926_014038_575179,2948,98,2026-09-26T01:42:17.854,5,195.5,550.7647058823529,373.13235294117646,True,
run_20260926_014038_575179,2948,98,2026-09-26T01:42:17.854,6,176.5,569.5,373.0,True,
run_20260926_014038_575179,2948,98,2026-09-26T01:42:17.854,7,157.5,588.0,372.75,True,
run_20260926_014038_575179,2948,98,2026-09-26T01:42:17.854,8,138.5,607.0,372.75,True,
run_20260926_014038_575179,2948,98,2026-09-26T01:42:17.854,9,119.5,626.0,372.75,True,
run_20260926_014038_575179,2948,98,2026-09-26T01:42:17.854,10,100.5,644.0,372.25,True,
run_20260926_014038_575179,2948,98,2026-09-26T01:42:17.854,11,82.0,662.5,372.25,True,
run_20260926_014038_575179,2948,98,2026-09-26T01:42:17.854,12,63.5,681.0,372.25,True,
run_20260926_014038_575179,2979,99,2026-09-26T01:42:18.891,0,289.5,457.0,373.25,True,
run_20260926_014038_575179,2979,99,2026-09-26T01:42:18.891,1,271.0,475.0,373.0,True,
run_20260926_014038_575179,2979,99,2026-09-26T01:42:18.891,2,252.0,494.0,373.0,True,
run_20260926_014038_575179,2979,99,2026-09-26T01:42:18.891,3,233.5,513.0,373.25,True,
run_20260926_014038_575179,2979,99,2026-09-26T01:42:18.891,4,214.5,532.0,373.25,True,
run_20260926_014038_575179,2979,99,2026-09-26T01:42:18.891,5,195.5,550.7647058823529,373.13235294117646,True,
run_20260926_014038_575179,2979,99,2026-09-26T01:42:18.891,6,176.5,569.5,373.0,True,
run_20260926_014038_575179,2979,99,2026-09-26T01:42:18.891,7,157.5,588.0,372.75,True,
run_20260926_014038_575179,2979,99,2026-09-26T01:42:18.891,8,138.5,607.0,372.75,True,
run_20260926_014038_575179,2979,99,2026-09-26T01:42:18.891,9,119.5,626.0,372.75,True,
run_20260926_014038_575179,2979,99,2026-09-26T01:42:18.891,10,100.5,644.0,372.25,True,
run_20260926_014038_575179,2979,99,2026-09-26T01:42:18.891,11,82.0,662.5,372.25,True,
run_20260926_014038_575179,2979,99,2026-09-26T01:42:18.891,12,63.5,681.25,372.375,True,
run_20260926_014038_575179,3010,100,2026-09-26T01:42:19.920,0,289.5,457.0,373.25,True,
run_20260926_014038_575179,3010,100,2026-09-26T01:42:19.920,1,271.0,475.0,373.0,True,
run_20260926_014038_575179,3010,100,2026-09-26T01:42:19.920,2,252.0,494.0,373.0,True,
run_20260926_014038_575179,3010,100,2026-09-26T01:42:19.920,3,233.5,513.0,373.25,True,
run_20260926_014038_575179,3010,100,2026-09-26T01:42:19.920,4,214.5,532.0,373.25,True,
run_20260926_014038_575179,3010,100,2026-09-26T01:42:19.920,5,195.5,550.7647058823529,373.13235294117646,True,
run_20260926_014038_575179,3010,100,2026-09-26T01:42:19.920,6,176.5,569.5,373.0,True,
run_20260926_014038_575179,3010,100,2026-09-26T01:42:19.920,7,157.5,588.0,372.75,True,
run_20260926_014038_575179,3010,100,2026-09-26T01:42:19.920,8,138.5,607.0,372.75,True,
run_20260926_014038_575179,3010,100,2026-09-26T01:42:19.920,9,119.5,626.0,372.75,True,
run_20260926_014038_575179,3010,100,2026-09-26T01:42:19.920,10,100.5,644.0,372.25,True,
run_20260926_014038_575179,3010,100,2026-09-26T01:42:19.920,11,82.0,662.6363636363636,372.3181818181818,True,
run_20260926_014038_575179,3010,100,2026-09-26T01:42:19.920,12,63.5,681.0,372.25,True,
run_20260926_014038_575179,3040,101,2026-09-26T01:42:20.923,0,289.5,457.0,373.25,True,
run_20260926_014038_575179,3040,101,2026-09-26T01:42:20.923,1,271.0,475.0,373.0,True,
run_20260926_014038_575179,3040,101,2026-09-26T01:42:20.923,2,252.0,494.0,373.0,True,
run_20260926_014038_575179,3040,101,2026-09-26T01:42:20.923,3,233.5,513.0,373.25,True,
run_20260926_014038_575179,3040,101,2026-09-26T01:42:20.923,4,214.5,532.0,373.25,True,
run_20260926_014038_575179,3040,101,2026-09-26T01:42:20.923,5,195.5,550.7647058823529,373.13235294117646,True,
run_20260926_014038_575179,3040,101,2026-09-26T01:42:20.923,6,176.5,569.5,373.0,True,
run_20260926_014038_575179,3040,101,2026-09-26T01:42:20.923,7,157.5,588.0,372.75,True,
run_20260926_014038_575179,3040,101,2026-09-26T01:42:20.923,8,138.5,607.0,372.75,True,
run_20260926_014038_575179,3040,101,2026-09-26T01:42:20.923,9,119.5,626.0,372.75,True,
run_20260926_014038_575179,3040,101,2026-09-26T01:42:20.923,10,100.5,644.0,372.25,True,
run_20260926_014038_575179,3040,101,2026-09-26T01:42:20.923,11,82.0,662.6363636363636,372.3181818181818,True,
run_20260926_014038_575179,3040,101,2026-09-26T01:42:20.923,12,63.5,681.0,372.25,True,
run_20260926_014038_575179,3071,102,2026-09-26T01:42:21.959,0,289.6363636363636,457.0,373.3181818181818,True,
run_20260926_014038_575179,3071,102,2026-09-26T01:42:21.959,1,271.0,475.0,373.0,True,
run_20260926_014038_575179,3071,102,2026-09-26T01:42:21.959,2,252.0,494.0,373.0,True,
run_20260926_014038_575179,3071,102,2026-09-26T01:42:21.959,3,233.5,513.0,373.25,True,
run_20260926_014038_575179,3071,102,2026-09-26T01:42:21.959,4,214.5,532.0,373.25,True,
run_20260926_014038_575179,3071,102,2026-09-26T01:42:21.959,5,195.5,550.7647058823529,373.13235294117646,True,
run_20260926_014038_575179,3071,102,2026-09-26T01:42:21.959,6,176.5,569.5,373.0,True,
run_20260926_014038_575179,3071,102,2026-09-26T01:42:21.959,7,157.5,588.0,372.75,True,
run_20260926_014038_575179,3071,102,2026-09-26T01:42:21.959,8,138.5,607.0,372.75,True,
run_20260926_014038_575179,3071,102,2026-09-26T01:42:21.959,9,119.5,626.0,372.75,True,
run_20260926_014038_575179,3071,102,2026-09-26T01:42:21.959,10,100.5,644.0,372.25,True,
run_20260926_014038_575179,3071,102,2026-09-26T01:42:21.959,11,82.0,662.6363636363636,372.3181818181818,True,
run_20260926_014038_575179,3071,102,2026-09-26T01:42:21.959,12,63.5,681.0,372.25,True,
run_20260926_014038_575179,3102,103,2026-09-26T01:42:22.986,0,289.5,457.0,373.25,True,
run_20260926_014038_575179,3102,103,2026-09-26T01:42:22.986,1,271.0,475.0,373.0,True,
run_20260926_014038_575179,3102,103,2026-09-26T01:42:22.986,2,252.0,494.0,373.0,True,
run_20260926_014038_575179,3102,103,2026-09-26T01:42:22.986,3,233.5,513.0,373.25,True,
run_20260926_014038_575179,3102,103,2026-09-26T01:42:22.986,4,214.5,532.0,373.25,True,
run_20260926_014038_575179,3102,103,2026-09-26T01:42:22.986,5,195.5,550.7647058823529,373.13235294117646,True,
run_20260926_014038_575179,3102,103,2026-09-26T01:42:22.986,6,176.5,569.5,373.0,True,
run_20260926_014038_575179,3102,103,2026-09-26T01:42:22.986,7,157.5,588.0,372.75,True,
run_20260926_014038_575179,3102,103,2026-09-26T01:42:22.986,8,138.5,607.0,372.75,True,
run_20260926_014038_575179,3102,103,2026-09-26T01:42:22.986,9,119.5,626.0,372.75,True,
run_20260926_014038_575179,3102,103,2026-09-26T01:42:22.986,10,100.5,644.0,372.25,True,
run_20260926_014038_575179,3102,103,2026-09-26T01:42:22.986,11,82.0,662.5,372.25,True,
run_20260926_014038_575179,3102,103,2026-09-26T01:42:22.986,12,63.5,681.0,372.25,True,
run_20260926_014038_575179,3132,104,2026-09-26T01:42:23.990,0,289.5,457.0,373.25,True,
run_20260926_014038_575179,3132,104,2026-09-26T01:42:23.990,1,271.0,475.0,373.0,True,
run_20260926_014038_575179,3132,104,2026-09-26T01:42:23.990,2,252.0,494.0,373.0,True,
run_20260926_014038_575179,3132,104,2026-09-26T01:42:23.990,3,233.5,513.0,373.25,True,
run_20260926_014038_575179,3132,104,2026-09-26T01:42:23.990,4,214.5,532.0,373.25,True,
run_20260926_014038_575179,3132,104,2026-09-26T01:42:23.990,5,195.5,551.0,373.25,True,
run_20260926_014038_575179,3132,104,2026-09-26T01:42:23.990,6,176.5,569.5,373.0,True,
run_20260926_014038_575179,3132,104,2026-09-26T01:42:23.990,7,157.5,588.0,372.75,True,
run_20260926_014038_575179,3132,104,2026-09-26T01:42:23.990,8,138.5,607.0,372.75,True,
run_20260926_014038_575179,3132,104,2026-09-26T01:42:23.990,9,119.5,626.0,372.75,True,
run_20260926_014038_575179,3132,104,2026-09-26T01:42:23.990,10,100.5,644.0,372.25,True,
run_20260926_014038_575179,3132,104,2026-09-26T01:42:23.990,11,82.0,662.6363636363636,372.3181818181818,True,
run_20260926_014038_575179,3132,104,2026-09-26T01:42:23.990,12,63.5,681.0714285714286,372.2857142857143,True,
run_20260926_014038_575179,3163,105,2026-09-26T01:42:25.021,0,289.6363636363636,457.0,373.3181818181818,True,
run_20260926_014038_575179,3163,105,2026-09-26T01:42:25.021,1,271.0,475.0,373.0,True,
run_20260926_014038_575179,3163,105,2026-09-26T01:42:25.021,2,252.0,494.0,373.0,True,
run_20260926_014038_575179,3163,105,2026-09-26T01:42:25.021,3,233.5,513.0,373.25,True,
run_20260926_014038_575179,3163,105,2026-09-26T01:42:25.021,4,214.5,532.0,373.25,True,
run_20260926_014038_575179,3163,105,2026-09-26T01:42:25.021,5,195.5,550.5,373.0,True,
run_20260926_014038_575179,3163,105,2026-09-26T01:42:25.021,6,176.5,569.5,373.0,True,
run_20260926_014038_575179,3163,105,2026-09-26T01:42:25.021,7,157.5,588.0,372.75,True,
run_20260926_014038_575179,3163,105,2026-09-26T01:42:25.021,8,138.5,607.0,372.75,True,
run_20260926_014038_575179,3163,105,2026-09-26T01:42:25.021,9,119.5,626.0,372.75,True,
run_20260926_014038_575179,3163,105,2026-09-26T01:42:25.021,10,100.5,644.0,372.25,True,
run_20260926_014038_575179,3163,105,2026-09-26T01:42:25.021,11,82.0,662.5,372.25,True,
run_20260926_014038_575179,3163,105,2026-09-26T01:42:25.021,12,63.5,681.25,372.375,True,
run_20260926_014038_575179,3194,106,2026-09-26T01:42:26.052,0,289.75,457.0,373.375,True,
run_20260926_014038_575179,3194,106,2026-09-26T01:42:26.052,1,271.0,475.0,373.0,True,
run_20260926_014038_575179,3194,106,2026-09-26T01:42:26.052,2,252.0,494.0,373.0,True,
run_20260926_014038_575179,3194,106,2026-09-26T01:42:26.052,3,233.5,513.0,373.25,True,
run_20260926_014038_575179,3194,106,2026-09-26T01:42:26.052,4,214.5,532.0,373.25,True,
run_20260926_014038_575179,3194,106,2026-09-26T01:42:26.052,5,195.5,551.0,373.25,True,
run_20260926_014038_575179,3194,106,2026-09-26T01:42:26.052,6,176.5,569.5,373.0,True,
run_20260926_014038_575179,3194,106,2026-09-26T01:42:26.052,7,157.5,588.0,372.75,True,
run_20260926_014038_575179,3194,106,2026-09-26T01:42:26.052,8,138.5,607.0,372.75,True,
run_20260926_014038_575179,3194,106,2026-09-26T01:42:26.052,9,119.5,626.0,372.75,True,
run_20260926_014038_575179,3194,106,2026-09-26T01:42:26.052,10,100.5,644.0,372.25,True,
run_20260926_014038_575179,3194,106,2026-09-26T01:42:26.052,11,82.0,662.6363636363636,372.3181818181818,True,
run_20260926_014038_575179,3194,106,2026-09-26T01:42:26.052,12,63.5,681.0,372.25,True,
run_20260926_014038_575179,3224,107,2026-09-26T01:42:27.057,0,289.5,457.0,373.25,True,
run_20260926_014038_575179,3224,107,2026-09-26T01:42:27.057,1,271.0,475.0,373.0,True,
run_20260926_014038_575179,3224,107,2026-09-26T01:42:27.057,2,252.0,494.0,373.0,True,
run_20260926_014038_575179,3224,107,2026-09-26T01:42:27.057,3,233.5,513.0,373.25,True,
run_20260926_014038_575179,3224,107,2026-09-26T01:42:27.057,4,214.5,532.0,373.25,True,
run_20260926_014038_575179,3224,107,2026-09-26T01:42:27.057,5,195.5,550.7647058823529,373.13235294117646,True,
run_20260926_014038_575179,3224,107,2026-09-26T01:42:27.057,6,176.5,569.5,373.0,True,
run_20260926_014038_575179,3224,107,2026-09-26T01:42:27.057,7,157.5,588.0,372.75,True,
run_20260926_014038_575179,3224,107,2026-09-26T01:42:27.057,8,138.5,607.0,372.75,True,
run_20260926_014038_575179,3224,107,2026-09-26T01:42:27.057,9,119.5,626.0,372.75,True,
run_20260926_014038_575179,3224,107,2026-09-26T01:42:27.057,10,100.5,644.0,372.25,True,
run_20260926_014038_575179,3224,107,2026-09-26T01:42:27.057,11,82.0,662.5,372.25,True,
run_20260926_014038_575179,3224,107,2026-09-26T01:42:27.057,12,63.5,681.0,372.25,True,
run_20260926_014038_575179,3255,108,2026-09-26T01:42:28.088,0,289.5,457.0,373.25,True,
run_20260926_014038_575179,3255,108,2026-09-26T01:42:28.088,1,271.0,475.0,373.0,True,
run_20260926_014038_575179,3255,108,2026-09-26T01:42:28.088,2,252.0,494.0,373.0,True,
run_20260926_014038_575179,3255,108,2026-09-26T01:42:28.088,3,233.5,513.0,373.25,True,
run_20260926_014038_575179,3255,108,2026-09-26T01:42:28.088,4,214.5,532.0,373.25,True,
run_20260926_014038_575179,3255,108,2026-09-26T01:42:28.088,5,195.5,551.0,373.25,True,
run_20260926_014038_575179,3255,108,2026-09-26T01:42:28.088,6,176.5,569.5,373.0,True,
run_20260926_014038_575179,3255,108,2026-09-26T01:42:28.088,7,157.5,588.0,372.75,True,
run_20260926_014038_575179,3255,108,2026-09-26T01:42:28.088,8,138.5,607.0,372.75,True,
run_20260926_014038_575179,3255,108,2026-09-26T01:42:28.088,9,119.5,626.0,372.75,True,
run_20260926_014038_575179,3255,108,2026-09-26T01:42:28.088,10,100.5,644.0,372.25,True,
run_20260926_014038_575179,3255,108,2026-09-26T01:42:28.088,11,82.0,662.5,372.25,True,
run_20260926_014038_575179,3255,108,2026-09-26T01:42:28.088,12,63.5,681.0714285714286,372.2857142857143,True,
run_20260926_014038_575179,3285,109,2026-09-26T01:42:29.088,0,289.5,457.0,373.25,True,
run_20260926_014038_575179,3285,109,2026-09-26T01:42:29.088,1,271.0,475.0,373.0,True,
run_20260926_014038_575179,3285,109,2026-09-26T01:42:29.088,2,252.0,494.0,373.0,True,
run_20260926_014038_575179,3285,109,2026-09-26T01:42:29.088,3,233.5,513.0,373.25,True,
run_20260926_014038_575179,3285,109,2026-09-26T01:42:29.088,4,214.5,532.0,373.25,True,
run_20260926_014038_575179,3285,109,2026-09-26T01:42:29.088,5,195.5,550.5,373.0,True,
run_20260926_014038_575179,3285,109,2026-09-26T01:42:29.088,6,176.5,569.5,373.0,True,
run_20260926_014038_575179,3285,109,2026-09-26T01:42:29.088,7,157.5,588.0,372.75,True,
run_20260926_014038_575179,3285,109,2026-09-26T01:42:29.088,8,138.5,607.0,372.75,True,
run_20260926_014038_575179,3285,109,2026-09-26T01:42:29.088,9,119.5,626.0,372.75,True,
run_20260926_014038_575179,3285,109,2026-09-26T01:42:29.088,10,100.5,644.0,372.25,True,
run_20260926_014038_575179,3285,109,2026-09-26T01:42:29.088,11,82.0,662.5,372.25,True,
run_20260926_014038_575179,3285,109,2026-09-26T01:42:29.088,12,63.5,681.0,372.25,True,
run_20260926_014038_575179,3316,110,2026-09-26T01:42:30.126,0,289.5,457.0,373.25,True,
run_20260926_014038_575179,3316,110,2026-09-26T01:42:30.126,1,271.0,475.0,373.0,True,
run_20260926_014038_575179,3316,110,2026-09-26T01:42:30.126,2,252.0,494.0,373.0,True,
run_20260926_014038_575179,3316,110,2026-09-26T01:42:30.126,3,233.5,513.0,373.25,True,
run_20260926_014038_575179,3316,110,2026-09-26T01:42:30.126,4,214.5,532.0,373.25,True,
run_20260926_014038_575179,3316,110,2026-09-26T01:42:30.126,5,195.5,551.0,373.25,True,
run_20260926_014038_575179,3316,110,2026-09-26T01:42:30.126,6,176.5,569.5,373.0,True,
run_20260926_014038_575179,3316,110,2026-09-26T01:42:30.126,7,157.5,588.0,372.75,True,
run_20260926_014038_575179,3316,110,2026-09-26T01:42:30.126,8,138.5,607.0,372.75,True,
run_20260926_014038_575179,3316,110,2026-09-26T01:42:30.126,9,119.5,626.0,372.75,True,
run_20260926_014038_575179,3316,110,2026-09-26T01:42:30.126,10,100.5,644.0,372.25,True,
run_20260926_014038_575179,3316,110,2026-09-26T01:42:30.126,11,81.92857142857143,662.5,372.2142857142857,True,
run_20260926_014038_575179,3316,110,2026-09-26T01:42:30.126,12,63.5,681.0,372.25,True,
run_20260926_014038_575179,3347,111,2026-09-26T01:42:31.156,0,289.5,457.0,373.25,True,
run_20260926_014038_575179,3347,111,2026-09-26T01:42:31.156,1,271.0,475.0,373.0,True,
run_20260926_014038_575179,3347,111,2026-09-26T01:42:31.156,2,252.0,494.0,373.0,True,
run_20260926_014038_575179,3347,111,2026-09-26T01:42:31.156,3,233.5,513.0,373.25,True,
run_20260926_014038_575179,3347,111,2026-09-26T01:42:31.156,4,214.5,532.0,373.25,True,
run_20260926_014038_575179,3347,111,2026-09-26T01:42:31.156,5,195.5,551.0,373.25,True,
run_20260926_014038_575179,3347,111,2026-09-26T01:42:31.156,6,176.5,569.5,373.0,True,
run_20260926_014038_575179,3347,111,2026-09-26T01:42:31.156,7,157.5,588.0,372.75,True,
run_20260926_014038_575179,3347,111,2026-09-26T01:42:31.156,8,138.5,607.0,372.75,True,
run_20260926_014038_575179,3347,111,2026-09-26T01:42:31.156,9,119.5,626.0,372.75,True,
run_20260926_014038_575179,3347,111,2026-09-26T01:42:31.156,10,100.5,644.0,372.25,True,
run_20260926_014038_575179,3347,111,2026-09-26T01:42:31.156,11,82.0,662.5,372.25,True,
run_20260926_014038_575179,3347,111,2026-09-26T01:42:31.156,12,63.5,681.25,372.375,True,
run_20260926_014038_575179,3377,112,2026-09-26T01:42:32.156,0,289.5,457.0,373.25,True,
run_20260926_014038_575179,3377,112,2026-09-26T01:42:32.156,1,271.0,475.0,373.0,True,
run_20260926_014038_575179,3377,112,2026-09-26T01:42:32.156,2,252.0,494.0,373.0,True,
run_20260926_014038_575179,3377,112,2026-09-26T01:42:32.156,3,233.5,513.0,373.25,True,
run_20260926_014038_575179,3377,112,2026-09-26T01:42:32.156,4,214.5,532.0,373.25,True,
run_20260926_014038_575179,3377,112,2026-09-26T01:42:32.156,5,195.5,551.0,373.25,True,
run_20260926_014038_575179,3377,112,2026-09-26T01:42:32.156,6,176.5,569.5,373.0,True,
run_20260926_014038_575179,3377,112,2026-09-26T01:42:32.156,7,157.5,588.0,372.75,True,
run_20260926_014038_575179,3377,112,2026-09-26T01:42:32.156,8,138.5,607.0,372.75,True,
run_20260926_014038_575179,3377,112,2026-09-26T01:42:32.156,9,119.5,626.0,372.75,True,
run_20260926_014038_575179,3377,112,2026-09-26T01:42:32.156,10,100.5,644.0,372.25,True,
run_20260926_014038_575179,3377,112,2026-09-26T01:42:32.156,11,82.0,662.5,372.25,True,
run_20260926_014038_575179,3377,112,2026-09-26T01:42:32.156,12,63.5,681.0,372.25,True,
run_20260926_014038_575179,3408,113,2026-09-26T01:42:33.187,0,289.5,457.0,373.25,True,
run_20260926_014038_575179,3408,113,2026-09-26T01:42:33.187,1,271.0,475.0,373.0,True,
run_20260926_014038_575179,3408,113,2026-09-26T01:42:33.187,2,252.0,494.0,373.0,True,
run_20260926_014038_575179,3408,113,2026-09-26T01:42:33.187,3,233.5,513.0,373.25,True,
run_20260926_014038_575179,3408,113,2026-09-26T01:42:33.187,4,214.5,532.0,373.25,True,
run_20260926_014038_575179,3408,113,2026-09-26T01:42:33.187,5,195.5,551.0,373.25,True,
run_20260926_014038_575179,3408,113,2026-09-26T01:42:33.187,6,176.5,569.5,373.0,True,
run_20260926_014038_575179,3408,113,2026-09-26T01:42:33.187,7,157.5,588.0,372.75,True,
run_20260926_014038_575179,3408,113,2026-09-26T01:42:33.187,8,138.5,607.0,372.75,True,
run_20260926_014038_575179,3408,113,2026-09-26T01:42:33.187,9,119.5,626.0,372.75,True,
run_20260926_014038_575179,3408,113,2026-09-26T01:42:33.187,10,100.5,644.0,372.25,True,
run_20260926_014038_575179,3408,113,2026-09-26T01:42:33.187,11,81.92857142857143,662.5,372.2142857142857,True,
run_20260926_014038_575179,3408,113,2026-09-26T01:42:33.187,12,63.5,681.0,372.25,True,
run_20260926_014038_575179,3439,114,2026-09-26T01:42:34.221,0,289.5,457.0,373.25,True,
run_20260926_014038_575179,3439,114,2026-09-26T01:42:34.221,1,271.0,475.0,373.0,True,
run_20260926_014038_575179,3439,114,2026-09-26T01:42:34.221,2,252.0,494.0,373.0,True,
run_20260926_014038_575179,3439,114,2026-09-26T01:42:34.221,3,233.5,513.0,373.25,True,
run_20260926_014038_575179,3439,114,2026-09-26T01:42:34.221,4,214.5,532.0,373.25,True,
run_20260926_014038_575179,3439,114,2026-09-26T01:42:34.221,5,195.5,551.0,373.25,True,
run_20260926_014038_575179,3439,114,2026-09-26T01:42:34.221,6,176.5,569.5,373.0,True,
run_20260926_014038_575179,3439,114,2026-09-26T01:42:34.221,7,157.5,588.0,372.75,True,
run_20260926_014038_575179,3439,114,2026-09-26T01:42:34.221,8,138.5,607.0,372.75,True,
run_20260926_014038_575179,3439,114,2026-09-26T01:42:34.221,9,119.5,626.0,372.75,True,
run_20260926_014038_575179,3439,114,2026-09-26T01:42:34.221,10,100.5,644.0,372.25,True,
run_20260926_014038_575179,3439,114,2026-09-26T01:42:34.221,11,82.0,662.5,372.25,True,
run_20260926_014038_575179,3439,114,2026-09-26T01:42:34.221,12,63.5,681.0,372.25,True,
run_20260926_014038_575179,3469,115,2026-09-26T01:42:35.221,0,289.5,457.0,373.25,True,
run_20260926_014038_575179,3469,115,2026-09-26T01:42:35.221,1,271.0,475.0,373.0,True,
run_20260926_014038_575179,3469,115,2026-09-26T01:42:35.221,2,252.0,494.0,373.0,True,
run_20260926_014038_575179,3469,115,2026-09-26T01:42:35.221,3,233.5,513.0,373.25,True,
run_20260926_014038_575179,3469,115,2026-09-26T01:42:35.221,4,214.5,532.0,373.25,True,
run_20260926_014038_575179,3469,115,2026-09-26T01:42:35.221,5,195.5,551.0,373.25,True,
run_20260926_014038_575179,3469,115,2026-09-26T01:42:35.221,6,176.5,569.5,373.0,True,
run_20260926_014038_575179,3469,115,2026-09-26T01:42:35.221,7,157.5,588.0,372.75,True,
run_20260926_014038_575179,3469,115,2026-09-26T01:42:35.221,8,138.5,607.0,372.75,True,
run_20260926_014038_575179,3469,115,2026-09-26T01:42:35.221,9,119.5,626.0,372.75,True,
run_20260926_014038_575179,3469,115,2026-09-26T01:42:35.221,10,100.5,644.0,372.25,True,
run_20260926_014038_575179,3469,115,2026-09-26T01:42:35.221,11,82.0,662.5,372.25,True,
run_20260926_014038_575179,3469,115,2026-09-26T01:42:35.221,12,63.5,681.0,372.25,True,
run_20260926_014038_575179,3499,116,2026-09-26T01:42:36.227,0,289.5,457.0,373.25,True,
run_20260926_014038_575179,3499,116,2026-09-26T01:42:36.227,1,271.0,475.0,373.0,True,
run_20260926_014038_575179,3499,116,2026-09-26T01:42:36.227,2,252.0,494.0,373.0,True,
run_20260926_014038_575179,3499,116,2026-09-26T01:42:36.227,3,233.5,513.0,373.25,True,
run_20260926_014038_575179,3499,116,2026-09-26T01:42:36.227,4,214.5,532.0,373.25,True,
run_20260926_014038_575179,3499,116,2026-09-26T01:42:36.227,5,195.5,551.0,373.25,True,
run_20260926_014038_575179,3499,116,2026-09-26T01:42:36.227,6,176.5,569.5,373.0,True,
run_20260926_014038_575179,3499,116,2026-09-26T01:42:36.227,7,157.5,588.0,372.75,True,
run_20260926_014038_575179,3499,116,2026-09-26T01:42:36.227,8,138.5,607.0,372.75,True,
run_20260926_014038_575179,3499,116,2026-09-26T01:42:36.227,9,119.5,626.0,372.75,True,
run_20260926_014038_575179,3499,116,2026-09-26T01:42:36.227,10,100.5,644.0,372.25,True,
run_20260926_014038_575179,3499,116,2026-09-26T01:42:36.227,11,82.0,662.5,372.25,True,
run_20260926_014038_575179,3499,116,2026-09-26T01:42:36.227,12,63.5,681.0,372.25,True,
run_20260926_014038_575179,3530,117,2026-09-26T01:42:37.256,0,289.5,457.0,373.25,True,
run_20260926_014038_575179,3530,117,2026-09-26T01:42:37.256,1,271.0,475.0,373.0,True,
run_20260926_014038_575179,3530,117,2026-09-26T01:42:37.256,2,252.0,494.0,373.0,True,
run_20260926_014038_575179,3530,117,2026-09-26T01:42:37.256,3,233.5,513.0,373.25,True,
run_20260926_014038_575179,3530,117,2026-09-26T01:42:37.256,4,214.5,532.0,373.25,True,
run_20260926_014038_575179,3530,117,2026-09-26T01:42:37.256,5,195.5,550.6666666666666,373.0833333333333,True,
run_20260926_014038_575179,3530,117,2026-09-26T01:42:37.256,6,176.5,569.5,373.0,True,
run_20260926_014038_575179,3530,117,2026-09-26T01:42:37.256,7,157.5,588.0,372.75,True,
run_20260926_014038_575179,3530,117,2026-09-26T01:42:37.256,8,138.5,607.0,372.75,True,
run_20260926_014038_575179,3530,117,2026-09-26T01:42:37.256,9,119.5,626.0,372.75,True,
run_20260926_014038_575179,3530,117,2026-09-26T01:42:37.256,10,100.5,644.0,372.25,True,
run_20260926_014038_575179,3530,117,2026-09-26T01:42:37.256,11,82.0,662.5,372.25,True,
run_20260926_014038_575179,3530,117,2026-09-26T01:42:37.256,12,63.5,681.0714285714286,372.2857142857143,True,
run_20260926_014038_575179,3561,118,2026-09-26T01:42:38.285,0,289.5,457.0,373.25,True,
run_20260926_014038_575179,3561,118,2026-09-26T01:42:38.285,1,271.0,475.0,373.0,True,
run_20260926_014038_575179,3561,118,2026-09-26T01:42:38.285,2,252.0,494.0,373.0,True,
run_20260926_014038_575179,3561,118,2026-09-26T01:42:38.285,3,233.5,513.0,373.25,True,
run_20260926_014038_575179,3561,118,2026-09-26T01:42:38.285,4,214.5,532.0,373.25,True,
run_20260926_014038_575179,3561,118,2026-09-26T01:42:38.285,5,195.5,550.6666666666666,373.0833333333333,True,
run_20260926_014038_575179,3561,118,2026-09-26T01:42:38.285,6,176.5,569.5,373.0,True,
run_20260926_014038_575179,3561,118,2026-09-26T01:42:38.285,7,157.5,588.0,372.75,True,
run_20260926_014038_575179,3561,118,2026-09-26T01:42:38.285,8,138.5,607.0,372.75,True,
run_20260926_014038_575179,3561,118,2026-09-26T01:42:38.285,9,119.5,626.0,372.75,True,
run_20260926_014038_575179,3561,118,2026-09-26T01:42:38.285,10,100.5,644.0,372.25,True,
run_20260926_014038_575179,3561,118,2026-09-26T01:42:38.285,11,82.0,662.5,372.25,True,
run_20260926_014038_575179,3561,118,2026-09-26T01:42:38.285,12,63.5,681.0,372.25,True,
run_20260926_014038_575179,3591,119,2026-09-26T01:42:39.292,0,289.5,457.0,373.25,True,
run_20260926_014038_575179,3591,119,2026-09-26T01:42:39.292,1,271.0,475.0,373.0,True,
run_20260926_014038_575179,3591,119,2026-09-26T01:42:39.292,2,252.0,494.0,373.0,True,
run_20260926_014038_575179,3591,119,2026-09-26T01:42:39.292,3,233.5,513.0,373.25,True,
run_20260926_014038_575179,3591,119,2026-09-26T01:42:39.292,4,214.5,532.0,373.25,True,
run_20260926_014038_575179,3591,119,2026-09-26T01:42:39.292,5,195.5,550.5,373.0,True,
run_20260926_014038_575179,3591,119,2026-09-26T01:42:39.292,6,176.5,569.5,373.0,True,
run_20260926_014038_575179,3591,119,2026-09-26T01:42:39.292,7,157.5,588.0,372.75,True,
run_20260926_014038_575179,3591,119,2026-09-26T01:42:39.292,8,138.5,607.0,372.75,True,
run_20260926_014038_575179,3591,119,2026-09-26T01:42:39.292,9,119.5,626.0,372.75,True,
run_20260926_014038_575179,3591,119,2026-09-26T01:42:39.292,10,100.5,644.0,372.25,True,
run_20260926_014038_575179,3591,119,2026-09-26T01:42:39.292,11,82.0,662.5,372.25,True,
run_20260926_014038_575179,3591,119,2026-09-26T01:42:39.292,12,63.5,681.1538461538462,372.3269230769231,True,
run_20260926_014038_575179,3622,120,2026-09-26T01:42:40.319,0,289.5,457.0,373.25,True,
run_20260926_014038_575179,3622,120,2026-09-26T01:42:40.319,1,271.0,475.0,373.0,True,
run_20260926_014038_575179,3622,120,2026-09-26T01:42:40.319,2,252.0,494.0,373.0,True,
run_20260926_014038_575179,3622,120,2026-09-26T01:42:40.319,3,233.5,513.0,373.25,True,
run_20260926_014038_575179,3622,120,2026-09-26T01:42:40.319,4,214.5,532.0,373.25,True,
run_20260926_014038_575179,3622,120,2026-09-26T01:42:40.319,5,195.5,550.5,373.0,True,
run_20260926_014038_575179,3622,120,2026-09-26T01:42:40.319,6,176.5,569.5,373.0,True,
run_20260926_014038_575179,3622,120,2026-09-26T01:42:40.319,7,157.5,588.0,372.75,True,
run_20260926_014038_575179,3622,120,2026-09-26T01:42:40.319,8,138.5,607.0,372.75,True,
run_20260926_014038_575179,3622,120,2026-09-26T01:42:40.319,9,119.5,626.0,372.75,True,
run_20260926_014038_575179,3622,120,2026-09-26T01:42:40.319,10,100.5,644.0,372.25,True,
run_20260926_014038_575179,3622,120,2026-09-26T01:42:40.319,11,82.0,662.5,372.25,True,
run_20260926_014038_575179,3622,120,2026-09-26T01:42:40.319,12,63.5,681.0,372.25,True,
run_20260926_014038_575179,3652,121,2026-09-26T01:42:41.323,0,289.5,457.0,373.25,True,
run_20260926_014038_575179,3652,121,2026-09-26T01:42:41.323,1,271.0,475.0,373.0,True,
run_20260926_014038_575179,3652,121,2026-09-26T01:42:41.323,2,252.0,494.0,373.0,True,
run_20260926_014038_575179,3652,121,2026-09-26T01:42:41.323,3,233.5,513.0,373.25,True,
run_20260926_014038_575179,3652,121,2026-09-26T01:42:41.323,4,214.5,532.0,373.25,True,
run_20260926_014038_575179,3652,121,2026-09-26T01:42:41.323,5,195.5,550.5,373.0,True,
run_20260926_014038_575179,3652,121,2026-09-26T01:42:41.323,6,176.5,569.5,373.0,True,
run_20260926_014038_575179,3652,121,2026-09-26T01:42:41.323,7,157.5,588.0,372.75,True,
run_20260926_014038_575179,3652,121,2026-09-26T01:42:41.323,8,138.5,607.0,372.75,True,
run_20260926_014038_575179,3652,121,2026-09-26T01:42:41.323,9,119.5,626.0,372.75,True,
run_20260926_014038_575179,3652,121,2026-09-26T01:42:41.323,10,100.5,644.0,372.25,True,
run_20260926_014038_575179,3652,121,2026-09-26T01:42:41.323,11,82.0,662.5,372.25,True,
run_20260926_014038_575179,3652,121,2026-09-26T01:42:41.323,12,63.5,681.0,372.25,True,
run_20260926_014038_575179,3683,122,2026-09-26T01:42:42.359,0,289.5,457.0,373.25,True,
run_20260926_014038_575179,3683,122,2026-09-26T01:42:42.359,1,271.0,475.0,373.0,True,
run_20260926_014038_575179,3683,122,2026-09-26T01:42:42.359,2,252.0,494.0,373.0,True,
run_20260926_014038_575179,3683,122,2026-09-26T01:42:42.359,3,233.5,513.0,373.25,True,
run_20260926_014038_575179,3683,122,2026-09-26T01:42:42.359,4,214.5,532.0,373.25,True,
run_20260926_014038_575179,3683,122,2026-09-26T01:42:42.359,5,195.5,550.5,373.0,True,
run_20260926_014038_575179,3683,122,2026-09-26T01:42:42.359,6,176.5,569.5,373.0,True,
run_20260926_014038_575179,3683,122,2026-09-26T01:42:42.359,7,157.5,588.3333333333334,372.9166666666667,True,
run_20260926_014038_575179,3683,122,2026-09-26T01:42:42.359,8,138.5,607.0,372.75,True,
run_20260926_014038_575179,3683,122,2026-09-26T01:42:42.359,9,119.5,626.0,372.75,True,
run_20260926_014038_575179,3683,122,2026-09-26T01:42:42.359,10,100.5,644.0,372.25,True,
run_20260926_014038_575179,3683,122,2026-09-26T01:42:42.359,11,82.08333333333333,662.5,372.2916666666667,True,
run_20260926_014038_575179,3683,122,2026-09-26T01:42:42.359,12,63.5,681.25,372.375,True,
run_20260926_014038_575179,3714,123,2026-09-26T01:42:43.385,0,289.5,457.0,373.25,True,
run_20260926_014038_575179,3714,123,2026-09-26T01:42:43.385,1,271.0,475.0,373.0,True,
run_20260926_014038_575179,3714,123,2026-09-26T01:42:43.385,2,252.0,494.0,373.0,True,
run_20260926_014038_575179,3714,123,2026-09-26T01:42:43.385,3,233.5,513.0,373.25,True,
run_20260926_014038_575179,3714,123,2026-09-26T01:42:43.385,4,214.5,532.0,373.25,True,
run_20260926_014038_575179,3714,123,2026-09-26T01:42:43.385,5,195.5,550.7647058823529,373.13235294117646,True,
run_20260926_014038_575179,3714,123,2026-09-26T01:42:43.385,6,176.5,569.5,373.0,True,
run_20260926_014038_575179,3714,123,2026-09-26T01:42:43.385,7,157.5,588.0,372.75,True,
run_20260926_014038_575179,3714,123,2026-09-26T01:42:43.385,8,138.5,607.0,372.75,True,
run_20260926_014038_575179,3714,123,2026-09-26T01:42:43.385,9,119.5,626.0,372.75,True,
run_20260926_014038_575179,3714,123,2026-09-26T01:42:43.385,10,100.5,644.0,372.25,True,
run_20260926_014038_575179,3714,123,2026-09-26T01:42:43.385,11,82.0,662.5,372.25,True,
run_20260926_014038_575179,3714,123,2026-09-26T01:42:43.385,12,63.5,681.0,372.25,True,
run_20260926_014038_575179,3744,124,2026-09-26T01:42:44.390,0,289.5,457.0,373.25,True,
run_20260926_014038_575179,3744,124,2026-09-26T01:42:44.390,1,271.0,475.0,373.0,True,
run_20260926_014038_575179,3744,124,2026-09-26T01:42:44.390,2,252.0,494.0,373.0,True,
run_20260926_014038_575179,3744,124,2026-09-26T01:42:44.390,3,233.5,513.0,373.25,True,
run_20260926_014038_575179,3744,124,2026-09-26T01:42:44.390,4,214.5,532.0,373.25,True,
run_20260926_014038_575179,3744,124,2026-09-26T01:42:44.390,5,195.5,550.5,373.0,True,
run_20260926_014038_575179,3744,124,2026-09-26T01:42:44.390,6,176.5,569.5,373.0,True,
run_20260926_014038_575179,3744,124,2026-09-26T01:42:44.390,7,157.5,588.0,372.75,True,
run_20260926_014038_575179,3744,124,2026-09-26T01:42:44.390,8,138.5,607.0,372.75,True,
run_20260926_014038_575179,3744,124,2026-09-26T01:42:44.390,9,119.5,626.0,372.75,True,
run_20260926_014038_575179,3744,124,2026-09-26T01:42:44.390,10,100.5,644.0,372.25,True,
run_20260926_014038_575179,3744,124,2026-09-26T01:42:44.390,11,82.0,662.5,372.25,True,
run_20260926_014038_575179,3744,124,2026-09-26T01:42:44.390,12,63.5,681.0,372.25,True,
run_20260926_014038_575179,3775,125,2026-09-26T01:42:45.422,0,289.5,457.0,373.25,True,
run_20260926_014038_575179,3775,125,2026-09-26T01:42:45.422,1,271.0,475.0,373.0,True,
run_20260926_014038_575179,3775,125,2026-09-26T01:42:45.422,2,252.0,494.0,373.0,True,
run_20260926_014038_575179,3775,125,2026-09-26T01:42:45.422,3,233.5,513.0,373.25,True,
run_20260926_014038_575179,3775,125,2026-09-26T01:42:45.422,4,214.5,532.0,373.25,True,
run_20260926_014038_575179,3775,125,2026-09-26T01:42:45.422,5,195.5,550.5,373.0,True,
run_20260926_014038_575179,3775,125,2026-09-26T01:42:45.422,6,176.5,569.5,373.0,True,
run_20260926_014038_575179,3775,125,2026-09-26T01:42:45.422,7,157.5,588.0,372.75,True,
run_20260926_014038_575179,3775,125,2026-09-26T01:42:45.422,8,138.5,607.0,372.75,True,
run_20260926_014038_575179,3775,125,2026-09-26T01:42:45.422,9,119.5,626.0,372.75,True,
run_20260926_014038_575179,3775,125,2026-09-26T01:42:45.422,10,100.5,644.0,372.25,True,
run_20260926_014038_575179,3775,125,2026-09-26T01:42:45.422,11,81.92857142857143,662.5,372.2142857142857,True,
run_20260926_014038_575179,3775,125,2026-09-26T01:42:45.422,12,63.5,681.0,372.25,True,
run_20260926_014038_575179,3806,126,2026-09-26T01:42:46.452,0,289.5,457.0,373.25,True,
run_20260926_014038_575179,3806,126,2026-09-26T01:42:46.452,1,271.0,475.0,373.0,True,
run_20260926_014038_575179,3806,126,2026-09-26T01:42:46.452,2,252.0,494.0,373.0,True,
run_20260926_014038_575179,3806,126,2026-09-26T01:42:46.452,3,233.5,513.0,373.25,True,
run_20260926_014038_575179,3806,126,2026-09-26T01:42:46.452,4,214.5,532.0,373.25,True,
run_20260926_014038_575179,3806,126,2026-09-26T01:42:46.452,5,195.5,550.5,373.0,True,
run_20260926_014038_575179,3806,126,2026-09-26T01:42:46.452,6,176.25,569.5,372.875,True,
run_20260926_014038_575179,3806,126,2026-09-26T01:42:46.452,7,157.5,588.0,372.75,True,
run_20260926_014038_575179,3806,126,2026-09-26T01:42:46.452,8,138.5,607.0,372.75,True,
run_20260926_014038_575179,3806,126,2026-09-26T01:42:46.452,9,119.5,626.0,372.75,True,
run_20260926_014038_575179,3806,126,2026-09-26T01:42:46.452,10,100.5,644.0,372.25,True,
run_20260926_014038_575179,3806,126,2026-09-26T01:42:46.452,11,81.92857142857143,662.5,372.2142857142857,True,
run_20260926_014038_575179,3806,126,2026-09-26T01:42:46.452,12,63.5,681.0,372.25,True,
run_20260926_014038_575179,3836,127,2026-09-26T01:42:47.457,0,289.5,457.0,373.25,True,
run_20260926_014038_575179,3836,127,2026-09-26T01:42:47.457,1,271.0,475.0,373.0,True,
run_20260926_014038_575179,3836,127,2026-09-26T01:42:47.457,2,252.0,494.0,373.0,True,
run_20260926_014038_575179,3836,127,2026-09-26T01:42:47.457,3,233.5,513.0,373.25,True,
run_20260926_014038_575179,3836,127,2026-09-26T01:42:47.457,4,214.5,532.0,373.25,True,
run_20260926_014038_575179,3836,127,2026-09-26T01:42:47.457,5,195.5,550.6666666666666,373.0833333333333,True,
run_20260926_014038_575179,3836,127,2026-09-26T01:42:47.457,6,176.25,569.5,372.875,True,
run_20260926_014038_575179,3836,127,2026-09-26T01:42:47.457,7,157.5,588.0,372.75,True,
run_20260926_014038_575179,3836,127,2026-09-26T01:42:47.457,8,138.5,607.0,372.75,True,
run_20260926_014038_575179,3836,127,2026-09-26T01:42:47.457,9,119.5,626.0,372.75,True,
run_20260926_014038_575179,3836,127,2026-09-26T01:42:47.457,10,100.5,644.0,372.25,True,
run_20260926_014038_575179,3836,127,2026-09-26T01:42:47.457,11,81.92857142857143,662.5,372.2142857142857,True,
run_20260926_014038_575179,3836,127,2026-09-26T01:42:47.457,12,63.5,681.0,372.25,True,
run_20260926_014038_575179,3867,128,2026-09-26T01:42:48.494,0,289.5,457.0,373.25,True,
run_20260926_014038_575179,3867,128,2026-09-26T01:42:48.494,1,271.0,475.0,373.0,True,
run_20260926_014038_575179,3867,128,2026-09-26T01:42:48.494,2,252.0,494.0,373.0,True,
run_20260926_014038_575179,3867,128,2026-09-26T01:42:48.494,3,233.5,513.0,373.25,True,
run_20260926_014038_575179,3867,128,2026-09-26T01:42:48.494,4,214.5,532.0,373.25,True,
run_20260926_014038_575179,3867,128,2026-09-26T01:42:48.494,5,195.5,551.0,373.25,True,
run_20260926_014038_575179,3867,128,2026-09-26T01:42:48.494,6,176.25,569.5,372.875,True,
run_20260926_014038_575179,3867,128,2026-09-26T01:42:48.494,7,157.5,588.0,372.75,True,
run_20260926_014038_575179,3867,128,2026-09-26T01:42:48.494,8,138.5,607.0,372.75,True,
run_20260926_014038_575179,3867,128,2026-09-26T01:42:48.494,9,119.5,626.0,372.75,True,
run_20260926_014038_575179,3867,128,2026-09-26T01:42:48.494,10,100.5,644.0,372.25,True,
run_20260926_014038_575179,3867,128,2026-09-26T01:42:48.494,11,81.92857142857143,662.5,372.2142857142857,True,
run_20260926_014038_575179,3867,128,2026-09-26T01:42:48.494,12,63.5,681.0,372.25,True,
run_20260926_014038_575179,3898,129,2026-09-26T01:42:49.520,0,289.5,457.0,373.25,True,
run_20260926_014038_575179,3898,129,2026-09-26T01:42:49.520,1,271.0,475.0,373.0,True,
run_20260926_014038_575179,3898,129,2026-09-26T01:42:49.520,2,252.0,494.0,373.0,True,
run_20260926_014038_575179,3898,129,2026-09-26T01:42:49.520,3,233.5,513.0,373.25,True,
run_20260926_014038_575179,3898,129,2026-09-26T01:42:49.520,4,214.5,532.0,373.25,True,
run_20260926_014038_575179,3898,129,2026-09-26T01:42:49.520,5,195.5,550.5,373.0,True,
run_20260926_014038_575179,3898,129,2026-09-26T01:42:49.520,6,176.25,569.5,372.875,True,
run_20260926_014038_575179,3898,129,2026-09-26T01:42:49.520,7,157.5,588.0,372.75,True,
run_20260926_014038_575179,3898,129,2026-09-26T01:42:49.520,8,138.5,607.0,372.75,True,
run_20260926_014038_575179,3898,129,2026-09-26T01:42:49.520,9,119.5,626.0,372.75,True,
run_20260926_014038_575179,3898,129,2026-09-26T01:42:49.520,10,100.5,644.0,372.25,True,
run_20260926_014038_575179,3898,129,2026-09-26T01:42:49.520,11,82.0,662.5,372.25,True,
run_20260926_014038_575179,3898,129,2026-09-26T01:42:49.520,12,63.5,681.0,372.25,True,
run_20260926_014038_575179,3928,130,2026-09-26T01:42:50.523,0,289.5,457.0,373.25,True,
run_20260926_014038_575179,3928,130,2026-09-26T01:42:50.523,1,271.0,475.0,373.0,True,
run_20260926_014038_575179,3928,130,2026-09-26T01:42:50.523,2,252.0,494.0,373.0,True,
run_20260926_014038_575179,3928,130,2026-09-26T01:42:50.523,3,233.5,513.0,373.25,True,
run_20260926_014038_575179,3928,130,2026-09-26T01:42:50.523,4,214.5,532.0,373.25,True,
run_20260926_014038_575179,3928,130,2026-09-26T01:42:50.523,5,195.5,550.875,373.1875,True,
run_20260926_014038_575179,3928,130,2026-09-26T01:42:50.523,6,176.25,569.5,372.875,True,
run_20260926_014038_575179,3928,130,2026-09-26T01:42:50.523,7,157.5,588.0,372.75,True,
run_20260926_014038_575179,3928,130,2026-09-26T01:42:50.523,8,138.5,607.0,372.75,True,
run_20260926_014038_575179,3928,130,2026-09-26T01:42:50.523,9,119.5,626.0,372.75,True,
run_20260926_014038_575179,3928,130,2026-09-26T01:42:50.523,10,100.5,644.0,372.25,True,
run_20260926_014038_575179,3928,130,2026-09-26T01:42:50.523,11,81.92857142857143,662.75,372.3392857142857,True,
run_20260926_014038_575179,3928,130,2026-09-26T01:42:50.523,12,63.5,681.0,372.25,True,
run_20260926_014038_575179,3959,131,2026-09-26T01:42:51.554,0,289.5,457.0,373.25,True,
run_20260926_014038_575179,3959,131,2026-09-26T01:42:51.554,1,271.0,475.0,373.0,True,
run_20260926_014038_575179,3959,131,2026-09-26T01:42:51.554,2,252.0,494.0,373.0,True,
run_20260926_014038_575179,3959,131,2026-09-26T01:42:51.554,3,233.5,513.0,373.25,True,
run_20260926_014038_575179,3959,131,2026-09-26T01:42:51.554,4,214.5,532.0,373.25,True,
run_20260926_014038_575179,3959,131,2026-09-26T01:42:51.554,5,195.5,550.875,373.1875,True,
run_20260926_014038_575179,3959,131,2026-09-26T01:42:51.554,6,176.25,569.5,372.875,True,
run_20260926_014038_575179,3959,131,2026-09-26T01:42:51.554,7,157.5,588.0,372.75,True,
run_20260926_014038_575179,3959,131,2026-09-26T01:42:51.554,8,138.5,607.0,372.75,True,
run_20260926_014038_575179,3959,131,2026-09-26T01:42:51.554,9,119.5,626.0,372.75,True,
run_20260926_014038_575179,3959,131,2026-09-26T01:42:51.554,10,100.5,644.0,372.25,True,
run_20260926_014038_575179,3959,131,2026-09-26T01:42:51.554,11,81.92857142857143,662.75,372.3392857142857,True,
run_20260926_014038_575179,3959,131,2026-09-26T01:42:51.554,12,63.5,681.0,372.25,True,
run_20260926_014038_575179,3990,132,2026-09-26T01:42:52.587,0,289.5,457.0,373.25,True,
run_20260926_014038_575179,3990,132,2026-09-26T01:42:52.587,1,271.0,475.0,373.0,True,
run_20260926_014038_575179,3990,132,2026-09-26T01:42:52.587,2,252.0,494.0,373.0,True,
run_20260926_014038_575179,3990,132,2026-09-26T01:42:52.587,3,233.5,513.0,373.25,True,
run_20260926_014038_575179,3990,132,2026-09-26T01:42:52.587,4,214.5,532.0,373.25,True,
run_20260926_014038_575179,3990,132,2026-09-26T01:42:52.587,5,195.5,551.0,373.25,True,
run_20260926_014038_575179,3990,132,2026-09-26T01:42:52.587,6,176.5,569.5,373.0,True,
run_20260926_014038_575179,3990,132,2026-09-26T01:42:52.587,7,157.5,588.0,372.75,True,
run_20260926_014038_575179,3990,132,2026-09-26T01:42:52.587,8,138.5,607.0,372.75,True,
run_20260926_014038_575179,3990,132,2026-09-26T01:42:52.587,9,119.5,626.0,372.75,True,
run_20260926_014038_575179,3990,132,2026-09-26T01:42:52.587,10,100.5,644.0,372.25,True,
run_20260926_014038_575179,3990,132,2026-09-26T01:42:52.587,11,81.92857142857143,662.5,372.2142857142857,True,
run_20260926_014038_575179,3990,132,2026-09-26T01:42:52.587,12,63.5,681.0,372.25,True,
run_20260926_014038_575179,4020,133,2026-09-26T01:42:53.591,0,289.5,457.0,373.25,True,
run_20260926_014038_575179,4020,133,2026-09-26T01:42:53.591,1,271.0,475.0,373.0,True,
run_20260926_014038_575179,4020,133,2026-09-26T01:42:53.591,2,252.0,494.0,373.0,True,
run_20260926_014038_575179,4020,133,2026-09-26T01:42:53.591,3,233.5,513.0,373.25,True,
run_20260926_014038_575179,4020,133,2026-09-26T01:42:53.591,4,214.5,532.0,373.25,True,
run_20260926_014038_575179,4020,133,2026-09-26T01:42:53.591,5,195.5,550.5,373.0,True,
run_20260926_014038_575179,4020,133,2026-09-26T01:42:53.591,6,176.25,569.5,372.875,True,
run_20260926_014038_575179,4020,133,2026-09-26T01:42:53.591,7,157.5,588.0,372.75,True,
run_20260926_014038_575179,4020,133,2026-09-26T01:42:53.591,8,138.5,607.0,372.75,True,
run_20260926_014038_575179,4020,133,2026-09-26T01:42:53.591,9,119.5,626.0,372.75,True,
run_20260926_014038_575179,4020,133,2026-09-26T01:42:53.591,10,100.5,644.0,372.25,True,
run_20260926_014038_575179,4020,133,2026-09-26T01:42:53.591,11,82.0,662.5,372.25,True,
run_20260926_014038_575179,4020,133,2026-09-26T01:42:53.591,12,63.5,681.0,372.25,True,
run_20260926_014038_575179,4051,134,2026-09-26T01:42:54.628,0,289.5,457.0,373.25,True,
run_20260926_014038_575179,4051,134,2026-09-26T01:42:54.628,1,271.0,475.0,373.0,True,
run_20260926_014038_575179,4051,134,2026-09-26T01:42:54.628,2,252.0,494.0,373.0,True,
run_20260926_014038_575179,4051,134,2026-09-26T01:42:54.628,3,233.5,513.0,373.25,True,
run_20260926_014038_575179,4051,134,2026-09-26T01:42:54.628,4,214.5,532.0,373.25,True,
run_20260926_014038_575179,4051,134,2026-09-26T01:42:54.628,5,195.5,550.5,373.0,True,
run_20260926_014038_575179,4051,134,2026-09-26T01:42:54.628,6,176.25,569.5,372.875,True,
run_20260926_014038_575179,4051,134,2026-09-26T01:42:54.628,7,157.5,588.0,372.75,True,
run_20260926_014038_575179,4051,134,2026-09-26T01:42:54.628,8,138.5,607.0,372.75,True,
run_20260926_014038_575179,4051,134,2026-09-26T01:42:54.628,9,119.5,626.0,372.75,True,
run_20260926_014038_575179,4051,134,2026-09-26T01:42:54.628,10,100.5,644.0,372.25,True,
run_20260926_014038_575179,4051,134,2026-09-26T01:42:54.628,11,81.92857142857143,662.5,372.2142857142857,True,
run_20260926_014038_575179,4051,134,2026-09-26T01:42:54.628,12,63.5,681.0,372.25,True,
run_20260926_014038_575179,4082,135,2026-09-26T01:42:55.653,0,289.5,457.0,373.25,True,
run_20260926_014038_575179,4082,135,2026-09-26T01:42:55.653,1,271.0,475.0,373.0,True,
run_20260926_014038_575179,4082,135,2026-09-26T01:42:55.653,2,252.0,494.0,373.0,True,
run_20260926_014038_575179,4082,135,2026-09-26T01:42:55.653,3,233.5,513.0,373.25,True,
run_20260926_014038_575179,4082,135,2026-09-26T01:42:55.653,4,214.5,532.0,373.25,True,
run_20260926_014038_575179,4082,135,2026-09-26T01:42:55.653,5,195.5,550.5,373.0,True,
run_20260926_014038_575179,4082,135,2026-09-26T01:42:55.653,6,176.5,569.5,373.0,True,
run_20260926_014038_575179,4082,135,2026-09-26T01:42:55.653,7,157.5,588.0,372.75,True,
run_20260926_014038_575179,4082,135,2026-09-26T01:42:55.653,8,138.5,607.0,372.75,True,
run_20260926_014038_575179,4082,135,2026-09-26T01:42:55.653,9,119.5,626.0,372.75,True,
run_20260926_014038_575179,4082,135,2026-09-26T01:42:55.653,10,100.5,644.0,372.25,True,
run_20260926_014038_575179,4082,135,2026-09-26T01:42:55.653,11,81.92857142857143,662.5,372.2142857142857,True,
run_20260926_014038_575179,4082,135,2026-09-26T01:42:55.653,12,63.5,681.0,372.25,True,
run_20260926_014038_575179,4112,136,2026-09-26T01:42:56.656,0,289.5,457.0,373.25,True,
run_20260926_014038_575179,4112,136,2026-09-26T01:42:56.656,1,271.0,475.0,373.0,True,
run_20260926_014038_575179,4112,136,2026-09-26T01:42:56.656,2,252.0,494.0,373.0,True,
run_20260926_014038_575179,4112,136,2026-09-26T01:42:56.656,3,233.5,513.0,373.25,True,
run_20260926_014038_575179,4112,136,2026-09-26T01:42:56.656,4,214.5,532.0,373.25,True,
run_20260926_014038_575179,4112,136,2026-09-26T01:42:56.656,5,195.5,550.5,373.0,True,
run_20260926_014038_575179,4112,136,2026-09-26T01:42:56.656,6,176.5,569.5,373.0,True,
run_20260926_014038_575179,4112,136,2026-09-26T01:42:56.656,7,157.5,588.0,372.75,True,
run_20260926_014038_575179,4112,136,2026-09-26T01:42:56.656,8,138.5,607.0,372.75,True,
run_20260926_014038_575179,4112,136,2026-09-26T01:42:56.656,9,119.5,626.0,372.75,True,
run_20260926_014038_575179,4112,136,2026-09-26T01:42:56.656,10,100.5,644.0,372.25,True,
run_20260926_014038_575179,4112,136,2026-09-26T01:42:56.656,11,81.92857142857143,662.5,372.2142857142857,True,
run_20260926_014038_575179,4112,136,2026-09-26T01:42:56.656,12,63.5,681.0,372.25,True,
run_20260926_014038_575179,4143,137,2026-09-26T01:42:57.692,0,289.5,457.0,373.25,True,
run_20260926_014038_575179,4143,137,2026-09-26T01:42:57.692,1,271.0,475.0,373.0,True,
run_20260926_014038_575179,4143,137,2026-09-26T01:42:57.692,2,252.0,494.0,373.0,True,
run_20260926_014038_575179,4143,137,2026-09-26T01:42:57.692,3,233.5,513.0,373.25,True,
run_20260926_014038_575179,4143,137,2026-09-26T01:42:57.692,4,214.5,532.0,373.25,True,
run_20260926_014038_575179,4143,137,2026-09-26T01:42:57.692,5,195.5,551.0,373.25,True,
run_20260926_014038_575179,4143,137,2026-09-26T01:42:57.692,6,176.25,569.5,372.875,True,
run_20260926_014038_575179,4143,137,2026-09-26T01:42:57.692,7,157.5,588.0,372.75,True,
run_20260926_014038_575179,4143,137,2026-09-26T01:42:57.692,8,138.5,607.0,372.75,True,
run_20260926_014038_575179,4143,137,2026-09-26T01:42:57.692,9,119.5,626.0,372.75,True,
run_20260926_014038_575179,4143,137,2026-09-26T01:42:57.692,10,100.5,644.0,372.25,True,
run_20260926_014038_575179,4143,137,2026-09-26T01:42:57.692,11,81.92857142857143,662.5,372.2142857142857,True,
run_20260926_014038_575179,4143,137,2026-09-26T01:42:57.692,12,63.5,681.0,372.25,True,
run_20260926_014038_575179,4174,138,2026-09-26T01:42:58.733,0,289.5,457.0,373.25,True,
run_20260926_014038_575179,4174,138,2026-09-26T01:42:58.733,1,271.0,475.0,373.0,True,
run_20260926_014038_575179,4174,138,2026-09-26T01:42:58.733,2,252.0,494.0,373.0,True,
run_20260926_014038_575179,4174,138,2026-09-26T01:42:58.733,3,233.5,513.0,373.25,True,
run_20260926_014038_575179,4174,138,2026-09-26T01:42:58.733,4,214.5,532.0,373.25,True,
run_20260926_014038_575179,4174,138,2026-09-26T01:42:58.733,5,195.5,550.5,373.0,True,
run_20260926_014038_575179,4174,138,2026-09-26T01:42:58.733,6,176.5,569.5,373.0,True,
run_20260926_014038_575179,4174,138,2026-09-26T01:42:58.733,7,157.5,588.0,372.75,True,
run_20260926_014038_575179,4174,138,2026-09-26T01:42:58.733,8,138.5,607.0,372.75,True,
run_20260926_014038_575179,4174,138,2026-09-26T01:42:58.733,9,119.5,626.0,372.75,True,
run_20260926_014038_575179,4174,138,2026-09-26T01:42:58.733,10,100.5,644.0,372.25,True,
run_20260926_014038_575179,4174,138,2026-09-26T01:42:58.733,11,81.92857142857143,662.5,372.2142857142857,True,
run_20260926_014038_575179,4174,138,2026-09-26T01:42:58.733,12,63.5,681.1538461538462,372.3269230769231,True,
run_20260926_014038_575179,4205,139,2026-09-26T01:42:59.752,0,289.5,457.0,373.25,True,
run_20260926_014038_575179,4205,139,2026-09-26T01:42:59.752,1,271.0,475.0,373.0,True,
run_20260926_014038_575179,4205,139,2026-09-26T01:42:59.752,2,252.0,494.0,373.0,True,
run_20260926_014038_575179,4205,139,2026-09-26T01:42:59.752,3,233.5,513.0,373.25,True,
run_20260926_014038_575179,4205,139,2026-09-26T01:42:59.752,4,214.5,532.0,373.25,True,
run_20260926_014038_575179,4205,139,2026-09-26T01:42:59.752,5,195.5,550.5,373.0,True,
run_20260926_014038_575179,4205,139,2026-09-26T01:42:59.752,6,176.5,569.5,373.0,True,
run_20260926_014038_575179,4205,139,2026-09-26T01:42:59.752,7,157.5,588.0,372.75,True,
run_20260926_014038_575179,4205,139,2026-09-26T01:42:59.752,8,138.5,607.0,372.75,True,
run_20260926_014038_575179,4205,139,2026-09-26T01:42:59.752,9,119.5,626.0,372.75,True,
run_20260926_014038_575179,4205,139,2026-09-26T01:42:59.752,10,100.5,644.0,372.25,True,
run_20260926_014038_575179,4205,139,2026-09-26T01:42:59.752,11,82.0,662.6363636363636,372.3181818181818,True,
run_20260926_014038_575179,4205,139,2026-09-26T01:42:59.752,12,63.5,681.0,372.25,True,
run_20260926_014038_575179,4235,140,2026-09-26T01:43:00.754,0,289.5,457.0,373.25,True,
run_20260926_014038_575179,4235,140,2026-09-26T01:43:00.754,1,271.0,475.0,373.0,True,
run_20260926_014038_575179,4235,140,2026-09-26T01:43:00.754,2,252.0,494.0,373.0,True,
run_20260926_014038_575179,4235,140,2026-09-26T01:43:00.754,3,233.5,513.0,373.25,True,
run_20260926_014038_575179,4235,140,2026-09-26T01:43:00.754,4,214.5,532.0,373.25,True,
run_20260926_014038_575179,4235,140,2026-09-26T01:43:00.754,5,195.5,550.5,373.0,True,
run_20260926_014038_575179,4235,140,2026-09-26T01:43:00.754,6,176.5,569.5,373.0,True,
run_20260926_014038_575179,4235,140,2026-09-26T01:43:00.754,7,157.5,588.0,372.75,True,
run_20260926_014038_575179,4235,140,2026-09-26T01:43:00.754,8,138.5,607.0,372.75,True,
run_20260926_014038_575179,4235,140,2026-09-26T01:43:00.754,9,119.5,626.0,372.75,True,
run_20260926_014038_575179,4235,140,2026-09-26T01:43:00.754,10,100.5,644.0,372.25,True,
run_20260926_014038_575179,4235,140,2026-09-26T01:43:00.754,11,82.0,662.5,372.25,True,
run_20260926_014038_575179,4235,140,2026-09-26T01:43:00.754,12,63.5,681.0,372.25,True,
run_20260926_014038_575179,4265,141,2026-09-26T01:43:01.756,0,289.5,457.0,373.25,True,
run_20260926_014038_575179,4265,141,2026-09-26T01:43:01.756,1,271.0,475.0,373.0,True,
run_20260926_014038_575179,4265,141,2026-09-26T01:43:01.756,2,252.0,494.0,373.0,True,
run_20260926_014038_575179,4265,141,2026-09-26T01:43:01.756,3,233.5,513.0,373.25,True,
run_20260926_014038_575179,4265,141,2026-09-26T01:43:01.756,4,214.5,532.0,373.25,True,
run_20260926_014038_575179,4265,141,2026-09-26T01:43:01.756,5,195.5,550.5,373.0,True,
run_20260926_014038_575179,4265,141,2026-09-26T01:43:01.756,6,176.5,569.5,373.0,True,
run_20260926_014038_575179,4265,141,2026-09-26T01:43:01.756,7,157.5,588.0,372.75,True,
run_20260926_014038_575179,4265,141,2026-09-26T01:43:01.756,8,138.5,607.0,372.75,True,
run_20260926_014038_575179,4265,141,2026-09-26T01:43:01.756,9,119.5,626.0,372.75,True,
run_20260926_014038_575179,4265,141,2026-09-26T01:43:01.756,10,100.5,644.0,372.25,True,
run_20260926_014038_575179,4265,141,2026-09-26T01:43:01.756,11,81.92857142857143,662.6363636363636,372.28246753246754,True,
run_20260926_014038_575179,4265,141,2026-09-26T01:43:01.756,12,63.5,681.1538461538462,372.3269230769231,True,
run_20260926_014038_575179,4296,142,2026-09-26T01:43:02.787,0,289.5,457.0,373.25,True,
run_20260926_014038_575179,4296,142,2026-09-26T01:43:02.787,1,271.0,475.0,373.0,True,
run_20260926_014038_575179,4296,142,2026-09-26T01:43:02.787,2,252.0,494.0,373.0,True,
run_20260926_014038_575179,4296,142,2026-09-26T01:43:02.787,3,233.5,513.0,373.25,True,
run_20260926_014038_575179,4296,142,2026-09-26T01:43:02.787,4,214.5,532.0,373.25,True,
run_20260926_014038_575179,4296,142,2026-09-26T01:43:02.787,5,195.5,550.5,373.0,True,
run_20260926_014038_575179,4296,142,2026-09-26T01:43:02.787,6,176.5,569.5,373.0,True,
run_20260926_014038_575179,4296,142,2026-09-26T01:43:02.787,7,157.5,588.0,372.75,True,
run_20260926_014038_575179,4296,142,2026-09-26T01:43:02.787,8,138.5,607.0,372.75,True,
run_20260926_014038_575179,4296,142,2026-09-26T01:43:02.787,9,119.5,626.0,372.75,True,
run_20260926_014038_575179,4296,142,2026-09-26T01:43:02.787,10,100.5,644.0,372.25,True,
run_20260926_014038_575179,4296,142,2026-09-26T01:43:02.787,11,81.92857142857143,662.5,372.2142857142857,True,
run_20260926_014038_575179,4296,142,2026-09-26T01:43:02.787,12,63.5,681.0,372.25,True,
run_20260926_014038_575179,4326,143,2026-09-26T01:43:03.788,0,289.5,457.0,373.25,True,
run_20260926_014038_575179,4326,143,2026-09-26T01:43:03.788,1,271.0,475.0,373.0,True,
run_20260926_014038_575179,4326,143,2026-09-26T01:43:03.788,2,252.0,494.0,373.0,True,
run_20260926_014038_575179,4326,143,2026-09-26T01:43:03.788,3,233.5,513.0,373.25,True,
run_20260926_014038_575179,4326,143,2026-09-26T01:43:03.788,4,214.5,532.0,373.25,True,
run_20260926_014038_575179,4326,143,2026-09-26T01:43:03.788,5,195.5,550.7647058823529,373.13235294117646,True,
run_20260926_014038_575179,4326,143,2026-09-26T01:43:03.788,6,176.25,569.5,372.875,True,
run_20260926_014038_575179,4326,143,2026-09-26T01:43:03.788,7,157.5,588.0,372.75,True,
run_20260926_014038_575179,4326,143,2026-09-26T01:43:03.788,8,138.5,607.0,372.75,True,
run_20260926_014038_575179,4326,143,2026-09-26T01:43:03.788,9,119.5,626.0,372.75,True,
run_20260926_014038_575179,4326,143,2026-09-26T01:43:03.788,10,100.5,644.0,372.25,True,
run_20260926_014038_575179,4326,143,2026-09-26T01:43:03.788,11,82.0,662.5,372.25,True,
run_20260926_014038_575179,4326,143,2026-09-26T01:43:03.788,12,63.5,681.0714285714286,372.2857142857143,True,
run_20260926_014038_575179,4356,144,2026-09-26T01:43:04.792,0,289.5,457.0,373.25,True,
run_20260926_014038_575179,4356,144,2026-09-26T01:43:04.792,1,271.0,475.0,373.0,True,
run_20260926_014038_575179,4356,144,2026-09-26T01:43:04.792,2,252.0,494.0,373.0,True,
run_20260926_014038_575179,4356,144,2026-09-26T01:43:04.792,3,233.5,513.0,373.25,True,
run_20260926_014038_575179,4356,144,2026-09-26T01:43:04.792,4,214.5,532.0,373.25,True,
run_20260926_014038_575179,4356,144,2026-09-26T01:43:04.792,5,195.5,550.7647058823529,373.13235294117646,True,
run_20260926_014038_575179,4356,144,2026-09-26T01:43:04.792,6,176.5,569.5,373.0,True,
run_20260926_014038_575179,4356,144,2026-09-26T01:43:04.792,7,157.5,588.0,372.75,True,
run_20260926_014038_575179,4356,144,2026-09-26T01:43:04.792,8,138.5,607.0,372.75,True,
run_20260926_014038_575179,4356,144,2026-09-26T01:43:04.792,9,119.5,626.0,372.75,True,
run_20260926_014038_575179,4356,144,2026-09-26T01:43:04.792,10,100.5,644.0,372.25,True,
run_20260926_014038_575179,4356,144,2026-09-26T01:43:04.792,11,82.0,662.6363636363636,372.3181818181818,True,
run_20260926_014038_575179,4356,144,2026-09-26T01:43:04.792,12,63.5,681.0714285714286,372.2857142857143,True,
run_20260926_014038_575179,4387,145,2026-09-26T01:43:05.821,0,289.5,457.0,373.25,True,
run_20260926_014038_575179,4387,145,2026-09-26T01:43:05.821,1,271.0,475.0,373.0,True,
run_20260926_014038_575179,4387,145,2026-09-26T01:43:05.821,2,252.0,494.0,373.0,True,
run_20260926_014038_575179,4387,145,2026-09-26T01:43:05.821,3,233.5,513.0,373.25,True,
run_20260926_014038_575179,4387,145,2026-09-26T01:43:05.821,4,214.5,532.0,373.25,True,
run_20260926_014038_575179,4387,145,2026-09-26T01:43:05.821,5,195.5,551.0,373.25,True,
run_20260926_014038_575179,4387,145,2026-09-26T01:43:05.821,6,176.25,569.5,372.875,True,
run_20260926_014038_575179,4387,145,2026-09-26T01:43:05.821,7,157.5,588.0,372.75,True,
run_20260926_014038_575179,4387,145,2026-09-26T01:43:05.821,8,138.5,607.0,372.75,True,
run_20260926_014038_575179,4387,145,2026-09-26T01:43:05.821,9,119.5,626.0,372.75,True,
run_20260926_014038_575179,4387,145,2026-09-26T01:43:05.821,10,100.5,644.0,372.25,True,
run_20260926_014038_575179,4387,145,2026-09-26T01:43:05.821,11,82.0,662.6363636363636,372.3181818181818,True,
run_20260926_014038_575179,4387,145,2026-09-26T01:43:05.821,12,63.5,681.1538461538462,372.3269230769231,True,
run_20260926_014038_575179,4417,146,2026-09-26T01:43:06.823,0,289.5,457.0,373.25,True,
run_20260926_014038_575179,4417,146,2026-09-26T01:43:06.823,1,271.0,475.0,373.0,True,
run_20260926_014038_575179,4417,146,2026-09-26T01:43:06.823,2,252.0,494.0,373.0,True,
run_20260926_014038_575179,4417,146,2026-09-26T01:43:06.823,3,233.5,513.0,373.25,True,
run_20260926_014038_575179,4417,146,2026-09-26T01:43:06.823,4,214.5,532.0,373.25,True,
run_20260926_014038_575179,4417,146,2026-09-26T01:43:06.823,5,195.5,550.6666666666666,373.0833333333333,True,
run_20260926_014038_575179,4417,146,2026-09-26T01:43:06.823,6,176.5,569.5,373.0,True,
run_20260926_014038_575179,4417,146,2026-09-26T01:43:06.823,7,157.5,588.0,372.75,True,
run_20260926_014038_575179,4417,146,2026-09-26T01:43:06.823,8,138.5,607.0,372.75,True,
run_20260926_014038_575179,4417,146,2026-09-26T01:43:06.823,9,119.5,626.0,372.75,True,
run_20260926_014038_575179,4417,146,2026-09-26T01:43:06.823,10,100.5,644.0,372.25,True,
run_20260926_014038_575179,4417,146,2026-09-26T01:43:06.823,11,82.0,662.6363636363636,372.3181818181818,True,
run_20260926_014038_575179,4417,146,2026-09-26T01:43:06.823,12,63.5,681.0,372.25,True,
run_20260926_014038_575179,4448,147,2026-09-26T01:43:07.853,0,289.5,457.0,373.25,True,
run_20260926_014038_575179,4448,147,2026-09-26T01:43:07.853,1,271.0,475.0,373.0,True,
run_20260926_014038_575179,4448,147,2026-09-26T01:43:07.853,2,252.0,494.0,373.0,True,
run_20260926_014038_575179,4448,147,2026-09-26T01:43:07.853,3,233.5,513.0,373.25,True,
run_20260926_014038_575179,4448,147,2026-09-26T01:43:07.853,4,214.5,532.0,373.25,True,
run_20260926_014038_575179,4448,147,2026-09-26T01:43:07.853,5,195.5,551.0,373.25,True,
run_20260926_014038_575179,4448,147,2026-09-26T01:43:07.853,6,176.5,569.5,373.0,True,
run_20260926_014038_575179,4448,147,2026-09-26T01:43:07.853,7,157.5,588.0,372.75,True,
run_20260926_014038_575179,4448,147,2026-09-26T01:43:07.853,8,138.5,607.0,372.75,True,
run_20260926_014038_575179,4448,147,2026-09-26T01:43:07.853,9,119.5,626.0,372.75,True,
run_20260926_014038_575179,4448,147,2026-09-26T01:43:07.853,10,100.5,644.0,372.25,True,
run_20260926_014038_575179,4448,147,2026-09-26T01:43:07.853,11,82.0,662.6363636363636,372.3181818181818,True,
run_20260926_014038_575179,4448,147,2026-09-26T01:43:07.853,12,63.5,681.0,372.25,True,
run_20260926_014038_575179,4478,148,2026-09-26T01:43:08.854,0,289.5,457.0,373.25,True,
run_20260926_014038_575179,4478,148,2026-09-26T01:43:08.854,1,271.0,475.0,373.0,True,
run_20260926_014038_575179,4478,148,2026-09-26T01:43:08.854,2,252.0,494.0,373.0,True,
run_20260926_014038_575179,4478,148,2026-09-26T01:43:08.854,3,233.5,513.0,373.25,True,
run_20260926_014038_575179,4478,148,2026-09-26T01:43:08.854,4,214.5,532.0,373.25,True,
run_20260926_014038_575179,4478,148,2026-09-26T01:43:08.854,5,195.5,550.7647058823529,373.13235294117646,True,
run_20260926_014038_575179,4478,148,2026-09-26T01:43:08.854,6,176.5,569.5,373.0,True,
run_20260926_014038_575179,4478,148,2026-09-26T01:43:08.854,7,157.5,588.0,372.75,True,
run_20260926_014038_575179,4478,148,2026-09-26T01:43:08.854,8,138.5,607.0,372.75,True,
run_20260926_014038_575179,4478,148,2026-09-26T01:43:08.854,9,119.5,626.0,372.75,True,
run_20260926_014038_575179,4478,148,2026-09-26T01:43:08.854,10,100.5,644.0,372.25,True,
run_20260926_014038_575179,4478,148,2026-09-26T01:43:08.854,11,82.0,662.5,372.25,True,
run_20260926_014038_575179,4478,148,2026-09-26T01:43:08.854,12,63.5,681.0,372.25,True,
run_20260926_014038_575179,4508,149,2026-09-26T01:43:09.856,0,289.5,457.0,373.25,True,
run_20260926_014038_575179,4508,149,2026-09-26T01:43:09.856,1,271.0,475.0,373.0,True,
run_20260926_014038_575179,4508,149,2026-09-26T01:43:09.856,2,252.0,494.0,373.0,True,
run_20260926_014038_575179,4508,149,2026-09-26T01:43:09.856,3,233.5,513.0,373.25,True,
run_20260926_014038_575179,4508,149,2026-09-26T01:43:09.856,4,214.5,532.0,373.25,True,
run_20260926_014038_575179,4508,149,2026-09-26T01:43:09.856,5,195.5,551.0,373.25,True,
run_20260926_014038_575179,4508,149,2026-09-26T01:43:09.856,6,176.5,569.5,373.0,True,
run_20260926_014038_575179,4508,149,2026-09-26T01:43:09.856,7,157.5,588.0,372.75,True,
run_20260926_014038_575179,4508,149,2026-09-26T01:43:09.856,8,138.5,607.0,372.75,True,
run_20260926_014038_575179,4508,149,2026-09-26T01:43:09.856,9,119.5,626.0,372.75,True,
run_20260926_014038_575179,4508,149,2026-09-26T01:43:09.856,10,100.5,644.0,372.25,True,
run_20260926_014038_575179,4508,149,2026-09-26T01:43:09.856,11,82.0,662.6363636363636,372.3181818181818,True,
run_20260926_014038_575179,4508,149,2026-09-26T01:43:09.856,12,63.5,681.1538461538462,372.3269230769231,True,
run_20260926_014038_575179,4539,150,2026-09-26T01:43:10.888,0,289.5,457.0,373.25,True,
run_20260926_014038_575179,4539,150,2026-09-26T01:43:10.888,1,271.0,475.0,373.0,True,
run_20260926_014038_575179,4539,150,2026-09-26T01:43:10.888,2,252.0,494.0,373.0,True,
run_20260926_014038_575179,4539,150,2026-09-26T01:43:10.888,3,233.5,513.0,373.25,True,
run_20260926_014038_575179,4539,150,2026-09-26T01:43:10.888,4,214.5,532.0,373.25,True,
run_20260926_014038_575179,4539,150,2026-09-26T01:43:10.888,5,195.5,551.0,373.25,True,
run_20260926_014038_575179,4539,150,2026-09-26T01:43:10.888,6,176.5,569.5,373.0,True,
run_20260926_014038_575179,4539,150,2026-09-26T01:43:10.888,7,157.5,588.0,372.75,True,
run_20260926_014038_575179,4539,150,2026-09-26T01:43:10.888,8,138.5,607.0,372.75,True,
run_20260926_014038_575179,4539,150,2026-09-26T01:43:10.888,9,119.5,626.0,372.75,True,
run_20260926_014038_575179,4539,150,2026-09-26T01:43:10.888,10,100.5,644.0,372.25,True,
run_20260926_014038_575179,4539,150,2026-09-26T01:43:10.888,11,82.0,662.5,372.25,True,
run_20260926_014038_575179,4539,150,2026-09-26T01:43:10.888,12,63.5,681.0714285714286,372.2857142857143,True,
run_20260926_014038_575179,4570,151,2026-09-26T01:43:11.921,0,289.5,457.0,373.25,True,
run_20260926_014038_575179,4570,151,2026-09-26T01:43:11.921,1,271.0,475.0,373.0,True,
run_20260926_014038_575179,4570,151,2026-09-26T01:43:11.921,2,252.0,494.0,373.0,True,
run_20260926_014038_575179,4570,151,2026-09-26T01:43:11.921,3,233.5,513.0,373.25,True,
run_20260926_014038_575179,4570,151,2026-09-26T01:43:11.921,4,214.5,532.0,373.25,True,
run_20260926_014038_575179,4570,151,2026-09-26T01:43:11.921,5,195.5,551.0,373.25,True,
run_20260926_014038_575179,4570,151,2026-09-26T01:43:11.921,6,176.5,569.5,373.0,True,
run_20260926_014038_575179,4570,151,2026-09-26T01:43:11.921,7,157.5,588.0,372.75,True,
run_20260926_014038_575179,4570,151,2026-09-26T01:43:11.921,8,138.5,607.0,372.75,True,
run_20260926_014038_575179,4570,151,2026-09-26T01:43:11.921,9,119.5,626.0,372.75,True,
run_20260926_014038_575179,4570,151,2026-09-26T01:43:11.921,10,100.5,644.0,372.25,True,
run_20260926_014038_575179,4570,151,2026-09-26T01:43:11.921,11,82.0,662.5,372.25,True,
run_20260926_014038_575179,4570,151,2026-09-26T01:43:11.921,12,63.5,681.25,372.375,True,
run_20260926_014038_575179,4600,152,2026-09-26T01:43:12.928,0,289.5,457.0,373.25,True,
run_20260926_014038_575179,4600,152,2026-09-26T01:43:12.928,1,271.0,475.0,373.0,True,
run_20260926_014038_575179,4600,152,2026-09-26T01:43:12.928,2,252.0,494.0,373.0,True,
run_20260926_014038_575179,4600,152,2026-09-26T01:43:12.928,3,233.5,513.0,373.25,True,
run_20260926_014038_575179,4600,152,2026-09-26T01:43:12.928,4,214.5,532.0,373.25,True,
run_20260926_014038_575179,4600,152,2026-09-26T01:43:12.928,5,195.5,551.0,373.25,True,
run_20260926_014038_575179,4600,152,2026-09-26T01:43:12.928,6,176.5,569.5,373.0,True,
run_20260926_014038_575179,4600,152,2026-09-26T01:43:12.928,7,157.5,588.0,372.75,True,
run_20260926_014038_575179,4600,152,2026-09-26T01:43:12.928,8,138.5,607.0,372.75,True,
run_20260926_014038_575179,4600,152,2026-09-26T01:43:12.928,9,119.5,626.0,372.75,True,
run_20260926_014038_575179,4600,152,2026-09-26T01:43:12.928,10,100.5,644.0,372.25,True,
run_20260926_014038_575179,4600,152,2026-09-26T01:43:12.928,11,82.0,662.5,372.25,True,
run_20260926_014038_575179,4600,152,2026-09-26T01:43:12.928,12,63.5,681.1538461538462,372.3269230769231,True,
run_20260926_014038_575179,4631,153,2026-09-26T01:43:13.958,0,289.5,457.0,373.25,True,
run_20260926_014038_575179,4631,153,2026-09-26T01:43:13.958,1,271.0,475.0,373.0,True,
run_20260926_014038_575179,4631,153,2026-09-26T01:43:13.958,2,252.0,494.0,373.0,True,
run_20260926_014038_575179,4631,153,2026-09-26T01:43:13.958,3,233.5,513.0,373.25,True,
run_20260926_014038_575179,4631,153,2026-09-26T01:43:13.958,4,214.5,532.0,373.25,True,
run_20260926_014038_575179,4631,153,2026-09-26T01:43:13.958,5,195.5,551.0,373.25,True,
run_20260926_014038_575179,4631,153,2026-09-26T01:43:13.958,6,176.5,569.5,373.0,True,
run_20260926_014038_575179,4631,153,2026-09-26T01:43:13.958,7,157.5,588.0,372.75,True,
run_20260926_014038_575179,4631,153,2026-09-26T01:43:13.958,8,138.5,607.0,372.75,True,
run_20260926_014038_575179,4631,153,2026-09-26T01:43:13.958,9,119.5,626.0,372.75,True,
run_20260926_014038_575179,4631,153,2026-09-26T01:43:13.958,10,100.5,644.0,372.25,True,
run_20260926_014038_575179,4631,153,2026-09-26T01:43:13.958,11,82.0,662.5,372.25,True,
run_20260926_014038_575179,4631,153,2026-09-26T01:43:13.958,12,63.5,681.0714285714286,372.2857142857143,True,
run_20260926_014038_575179,4662,154,2026-09-26T01:43:14.987,0,289.5,457.0,373.25,True,
run_20260926_014038_575179,4662,154,2026-09-26T01:43:14.987,1,271.0,475.0,373.0,True,
run_20260926_014038_575179,4662,154,2026-09-26T01:43:14.987,2,252.0,494.0,373.0,True,
run_20260926_014038_575179,4662,154,2026-09-26T01:43:14.987,3,233.5,513.0,373.25,True,
run_20260926_014038_575179,4662,154,2026-09-26T01:43:14.987,4,214.5,532.0,373.25,True,
run_20260926_014038_575179,4662,154,2026-09-26T01:43:14.987,5,195.5,550.7647058823529,373.13235294117646,True,
run_20260926_014038_575179,4662,154,2026-09-26T01:43:14.987,6,176.5,569.5,373.0,True,
run_20260926_014038_575179,4662,154,2026-09-26T01:43:14.987,7,157.5,588.0,372.75,True,
run_20260926_014038_575179,4662,154,2026-09-26T01:43:14.987,8,138.5,607.0,372.75,True,
run_20260926_014038_575179,4662,154,2026-09-26T01:43:14.987,9,119.5,626.0,372.75,True,
run_20260926_014038_575179,4662,154,2026-09-26T01:43:14.987,10,100.5,644.0,372.25,True,
run_20260926_014038_575179,4662,154,2026-09-26T01:43:14.987,11,82.0,662.5,372.25,True,
run_20260926_014038_575179,4662,154,2026-09-26T01:43:14.987,12,63.5,681.0714285714286,372.2857142857143,True,
run_20260926_014038_575179,4692,155,2026-09-26T01:43:15.989,0,289.6363636363636,457.0,373.3181818181818,True,
run_20260926_014038_575179,4692,155,2026-09-26T01:43:15.989,1,271.0,475.0,373.0,True,
run_20260926_014038_575179,4692,155,2026-09-26T01:43:15.989,2,252.0,494.0,373.0,True,
run_20260926_014038_575179,4692,155,2026-09-26T01:43:15.989,3,233.5,513.0,373.25,True,
run_20260926_014038_575179,4692,155,2026-09-26T01:43:15.989,4,214.5,532.0,373.25,True,
run_20260926_014038_575179,4692,155,2026-09-26T01:43:15.989,5,195.5,550.7647058823529,373.13235294117646,True,
run_20260926_014038_575179,4692,155,2026-09-26T01:43:15.989,6,176.5,569.5,373.0,True,
run_20260926_014038_575179,4692,155,2026-09-26T01:43:15.989,7,157.5,588.3333333333334,372.9166666666667,True,
run_20260926_014038_575179,4692,155,2026-09-26T01:43:15.989,8,138.5,607.0,372.75,True,
run_20260926_014038_575179,4692,155,2026-09-26T01:43:15.989,9,119.5,626.0,372.75,True,
run_20260926_014038_575179,4692,155,2026-09-26T01:43:15.989,10,100.5,644.0,372.25,True,
run_20260926_014038_575179,4692,155,2026-09-26T01:43:15.989,11,82.0,662.5,372.25,True,
run_20260926_014038_575179,4692,155,2026-09-26T01:43:15.989,12,63.5,681.25,372.375,True,
run_20260926_014038_575179,4723,156,2026-09-26T01:43:17.021,0,289.5,457.0,373.25,True,
run_20260926_014038_575179,4723,156,2026-09-26T01:43:17.021,1,271.0,475.0,373.0,True,
run_20260926_014038_575179,4723,156,2026-09-26T01:43:17.021,2,252.0,494.0,373.0,True,
run_20260926_014038_575179,4723,156,2026-09-26T01:43:17.021,3,233.5,513.0,373.25,True,
run_20260926_014038_575179,4723,156,2026-09-26T01:43:17.021,4,214.5,532.0,373.25,True,
run_20260926_014038_575179,4723,156,2026-09-26T01:43:17.021,5,195.5,551.0,373.25,True,
run_20260926_014038_575179,4723,156,2026-09-26T01:43:17.021,6,176.5,569.5,373.0,True,
run_20260926_014038_575179,4723,156,2026-09-26T01:43:17.021,7,157.5,588.0,372.75,True,
run_20260926_014038_575179,4723,156,2026-09-26T01:43:17.021,8,138.5,607.0,372.75,True,
run_20260926_014038_575179,4723,156,2026-09-26T01:43:17.021,9,119.5,626.0,372.75,True,
run_20260926_014038_575179,4723,156,2026-09-26T01:43:17.021,10,100.5,644.0,372.25,True,
run_20260926_014038_575179,4723,156,2026-09-26T01:43:17.021,11,82.0,662.5,372.25,True,
run_20260926_014038_575179,4723,156,2026-09-26T01:43:17.021,12,63.5,681.0,372.25,True,
run_20260926_014038_575179,4754,157,2026-09-26T01:43:18.052,0,289.5,457.0,373.25,True,
run_20260926_014038_575179,4754,157,2026-09-26T01:43:18.052,1,271.0,475.0,373.0,True,
run_20260926_014038_575179,4754,157,2026-09-26T01:43:18.052,2,252.0,494.0,373.0,True,
run_20260926_014038_575179,4754,157,2026-09-26T01:43:18.052,3,233.5,513.0,373.25,True,
run_20260926_014038_575179,4754,157,2026-09-26T01:43:18.052,4,214.5,532.0,373.25,True,
run_20260926_014038_575179,4754,157,2026-09-26T01:43:18.052,5,195.5,550.875,373.1875,True,
run_20260926_014038_575179,4754,157,2026-09-26T01:43:18.052,6,176.5,569.5,373.0,True,
run_20260926_014038_575179,4754,157,2026-09-26T01:43:18.052,7,157.5,588.0,372.75,True,
run_20260926_014038_575179,4754,157,2026-09-26T01:43:18.052,8,138.5,607.0,372.75,True,
run_20260926_014038_575179,4754,157,2026-09-26T01:43:18.052,9,119.5,626.0,372.75,True,
run_20260926_014038_575179,4754,157,2026-09-26T01:43:18.052,10,100.5,644.0,372.25,True,
run_20260926_014038_575179,4754,157,2026-09-26T01:43:18.052,11,82.0,662.5,372.25,True,
run_20260926_014038_575179,4754,157,2026-09-26T01:43:18.052,12,63.5,681.1538461538462,372.3269230769231,True,
run_20260926_014038_575179,4784,158,2026-09-26T01:43:19.056,0,289.5,457.0,373.25,True,
run_20260926_014038_575179,4784,158,2026-09-26T01:43:19.056,1,271.0,475.0,373.0,True,
run_20260926_014038_575179,4784,158,2026-09-26T01:43:19.056,2,252.0,494.0,373.0,True,
run_20260926_014038_575179,4784,158,2026-09-26T01:43:19.056,3,233.5,513.0,373.25,True,
run_20260926_014038_575179,4784,158,2026-09-26T01:43:19.056,4,214.5,532.0,373.25,True,
run_20260926_014038_575179,4784,158,2026-09-26T01:43:19.056,5,195.5,551.0,373.25,True,
run_20260926_014038_575179,4784,158,2026-09-26T01:43:19.056,6,176.5,569.5,373.0,True,
run_20260926_014038_575179,4784,158,2026-09-26T01:43:19.056,7,157.5,588.0,372.75,True,
run_20260926_014038_575179,4784,158,2026-09-26T01:43:19.056,8,138.5,607.0,372.75,True,
run_20260926_014038_575179,4784,158,2026-09-26T01:43:19.056,9,119.5,626.0,372.75,True,
run_20260926_014038_575179,4784,158,2026-09-26T01:43:19.056,10,100.5,644.0,372.25,True,
run_20260926_014038_575179,4784,158,2026-09-26T01:43:19.056,11,82.0,662.5,372.25,True,
run_20260926_014038_575179,4784,158,2026-09-26T01:43:19.056,12,63.5,681.25,372.375,True,
run_20260926_014038_575179,4814,159,2026-09-26T01:43:20.063,0,289.5,457.0,373.25,True,
run_20260926_014038_575179,4814,159,2026-09-26T01:43:20.063,1,271.0,475.0,373.0,True,
run_20260926_014038_575179,4814,159,2026-09-26T01:43:20.063,2,252.0,494.0,373.0,True,
run_20260926_014038_575179,4814,159,2026-09-26T01:43:20.063,3,233.5,513.0,373.25,True,
run_20260926_014038_575179,4814,159,2026-09-26T01:43:20.063,4,214.5,532.0,373.25,True,
run_20260926_014038_575179,4814,159,2026-09-26T01:43:20.063,5,195.5,551.0,373.25,True,
run_20260926_014038_575179,4814,159,2026-09-26T01:43:20.063,6,176.5,569.5,373.0,True,
run_20260926_014038_575179,4814,159,2026-09-26T01:43:20.063,7,157.5,588.0,372.75,True,
run_20260926_014038_575179,4814,159,2026-09-26T01:43:20.063,8,138.5,607.0,372.75,True,
run_20260926_014038_575179,4814,159,2026-09-26T01:43:20.063,9,119.5,626.0,372.75,True,
run_20260926_014038_575179,4814,159,2026-09-26T01:43:20.063,10,100.5,644.0,372.25,True,
run_20260926_014038_575179,4814,159,2026-09-26T01:43:20.063,11,82.0,662.5,372.25,True,
run_20260926_014038_575179,4814,159,2026-09-26T01:43:20.063,12,63.5,681.0,372.25,True,
run_20260926_014038_575179,4845,160,2026-09-26T01:43:21.087,0,289.5,457.0,373.25,True,
run_20260926_014038_575179,4845,160,2026-09-26T01:43:21.087,1,271.0,475.0,373.0,True,
run_20260926_014038_575179,4845,160,2026-09-26T01:43:21.087,2,252.0,494.0,373.0,True,
run_20260926_014038_575179,4845,160,2026-09-26T01:43:21.087,3,233.5,513.0,373.25,True,
run_20260926_014038_575179,4845,160,2026-09-26T01:43:21.087,4,214.5,532.0,373.25,True,
run_20260926_014038_575179,4845,160,2026-09-26T01:43:21.087,5,195.5,550.7647058823529,373.13235294117646,True,
run_20260926_014038_575179,4845,160,2026-09-26T01:43:21.087,6,176.25,569.5,372.875,True,
run_20260926_014038_575179,4845,160,2026-09-26T01:43:21.087,7,157.5,588.0,372.75,True,
run_20260926_014038_575179,4845,160,2026-09-26T01:43:21.087,8,138.5,607.0,372.75,True,
run_20260926_014038_575179,4845,160,2026-09-26T01:43:21.087,9,119.5,626.0,372.75,True,
run_20260926_014038_575179,4845,160,2026-09-26T01:43:21.087,10,100.5,644.0,372.25,True,
run_20260926_014038_575179,4845,160,2026-09-26T01:43:21.087,11,82.0,662.5,372.25,True,
run_20260926_014038_575179,4845,160,2026-09-26T01:43:21.087,12,63.5,681.0,372.25,True,
run_20260926_014038_575179,4875,161,2026-09-26T01:43:22.088,0,289.5,457.0,373.25,True,
run_20260926_014038_575179,4875,161,2026-09-26T01:43:22.088,1,271.0,475.0,373.0,True,
run_20260926_014038_575179,4875,161,2026-09-26T01:43:22.088,2,252.0,494.0,373.0,True,
run_20260926_014038_575179,4875,161,2026-09-26T01:43:22.088,3,233.5,513.0,373.25,True,
run_20260926_014038_575179,4875,161,2026-09-26T01:43:22.088,4,214.5,532.0,373.25,True,
run_20260926_014038_575179,4875,161,2026-09-26T01:43:22.088,5,195.5,551.0,373.25,True,
run_20260926_014038_575179,4875,161,2026-09-26T01:43:22.088,6,176.25,569.5,372.875,True,
run_20260926_014038_575179,4875,161,2026-09-26T01:43:22.088,7,157.5,588.0,372.75,True,
run_20260926_014038_575179,4875,161,2026-09-26T01:43:22.088,8,138.5,607.0,372.75,True,
run_20260926_014038_575179,4875,161,2026-09-26T01:43:22.088,9,119.5,626.0,372.75,True,
run_20260926_014038_575179,4875,161,2026-09-26T01:43:22.088,10,100.5,644.0,372.25,True,
run_20260926_014038_575179,4875,161,2026-09-26T01:43:22.088,11,82.0,662.5,372.25,True,
run_20260926_014038_575179,4875,161,2026-09-26T01:43:22.088,12,63.5,681.0,372.25,True,
run_20260926_014038_575179,4906,162,2026-09-26T01:43:23.120,0,289.5,457.0,373.25,True,
run_20260926_014038_575179,4906,162,2026-09-26T01:43:23.120,1,271.0,475.0,373.0,True,
run_20260926_014038_575179,4906,162,2026-09-26T01:43:23.120,2,252.0,494.0,373.0,True,
run_20260926_014038_575179,4906,162,2026-09-26T01:43:23.120,3,233.5,513.0,373.25,True,
run_20260926_014038_575179,4906,162,2026-09-26T01:43:23.120,4,214.5,532.0,373.25,True,
run_20260926_014038_575179,4906,162,2026-09-26T01:43:23.120,5,195.5,551.0,373.25,True,
run_20260926_014038_575179,4906,162,2026-09-26T01:43:23.120,6,176.5,569.5,373.0,True,
run_20260926_014038_575179,4906,162,2026-09-26T01:43:23.120,7,157.5,588.0,372.75,True,
run_20260926_014038_575179,4906,162,2026-09-26T01:43:23.120,8,138.5,607.0,372.75,True,
run_20260926_014038_575179,4906,162,2026-09-26T01:43:23.120,9,119.5,626.0,372.75,True,
run_20260926_014038_575179,4906,162,2026-09-26T01:43:23.120,10,100.5,644.0,372.25,True,
run_20260926_014038_575179,4906,162,2026-09-26T01:43:23.120,11,82.0,662.5,372.25,True,
run_20260926_014038_575179,4906,162,2026-09-26T01:43:23.120,12,63.5,681.0,372.25,True,
run_20260926_014038_575179,4936,163,2026-09-26T01:43:24.123,0,289.5,457.0,373.25,True,
run_20260926_014038_575179,4936,163,2026-09-26T01:43:24.123,1,271.0,475.0,373.0,True,
run_20260926_014038_575179,4936,163,2026-09-26T01:43:24.123,2,252.0,494.0,373.0,True,
run_20260926_014038_575179,4936,163,2026-09-26T01:43:24.123,3,233.5,513.0,373.25,True,
run_20260926_014038_575179,4936,163,2026-09-26T01:43:24.123,4,214.5,532.0,373.25,True,
run_20260926_014038_575179,4936,163,2026-09-26T01:43:24.123,5,195.5,551.0,373.25,True,
run_20260926_014038_575179,4936,163,2026-09-26T01:43:24.123,6,176.5,569.5,373.0,True,
run_20260926_014038_575179,4936,163,2026-09-26T01:43:24.123,7,157.5,588.0,372.75,True,
run_20260926_014038_575179,4936,163,2026-09-26T01:43:24.123,8,138.5,607.0,372.75,True,
run_20260926_014038_575179,4936,163,2026-09-26T01:43:24.123,9,119.5,626.0,372.75,True,
run_20260926_014038_575179,4936,163,2026-09-26T01:43:24.123,10,100.5,644.0,372.25,True,
run_20260926_014038_575179,4936,163,2026-09-26T01:43:24.123,11,81.92857142857143,662.5,372.2142857142857,True,
run_20260926_014038_575179,4936,163,2026-09-26T01:43:24.123,12,63.5,681.0,372.25,True,
run_20260926_014038_575179,4967,164,2026-09-26T01:43:25.159,0,289.5,457.0,373.25,True,
run_20260926_014038_575179,4967,164,2026-09-26T01:43:25.159,1,271.0,475.0,373.0,True,
run_20260926_014038_575179,4967,164,2026-09-26T01:43:25.159,2,252.0,494.0,373.0,True,
run_20260926_014038_575179,4967,164,2026-09-26T01:43:25.159,3,233.5,513.0,373.25,True,
run_20260926_014038_575179,4967,164,2026-09-26T01:43:25.159,4,214.5,532.0,373.25,True,
run_20260926_014038_575179,4967,164,2026-09-26T01:43:25.159,5,195.5,550.7647058823529,373.13235294117646,True,
run_20260926_014038_575179,4967,164,2026-09-26T01:43:25.159,6,176.5,569.5,373.0,True,
run_20260926_014038_575179,4967,164,2026-09-26T01:43:25.159,7,157.5,588.0,372.75,True,
run_20260926_014038_575179,4967,164,2026-09-26T01:43:25.159,8,138.5,607.0,372.75,True,
run_20260926_014038_575179,4967,164,2026-09-26T01:43:25.159,9,119.5,626.0,372.75,True,
run_20260926_014038_575179,4967,164,2026-09-26T01:43:25.159,10,100.5,644.0,372.25,True,
run_20260926_014038_575179,4967,164,2026-09-26T01:43:25.159,11,82.0,662.5,372.25,True,
run_20260926_014038_575179,4967,164,2026-09-26T01:43:25.159,12,63.5,681.1538461538462,372.3269230769231,True,
run_20260926_014038_575179,4998,165,2026-09-26T01:43:26.186,0,289.5,457.0,373.25,True,
run_20260926_014038_575179,4998,165,2026-09-26T01:43:26.186,1,271.0,475.0,373.0,True,
run_20260926_014038_575179,4998,165,2026-09-26T01:43:26.186,2,252.0,494.0,373.0,True,
run_20260926_014038_575179,4998,165,2026-09-26T01:43:26.186,3,233.5,513.0,373.25,True,
run_20260926_014038_575179,4998,165,2026-09-26T01:43:26.186,4,214.5,532.0,373.25,True,
run_20260926_014038_575179,4998,165,2026-09-26T01:43:26.186,5,195.5,551.0,373.25,True,
run_20260926_014038_575179,4998,165,2026-09-26T01:43:26.186,6,176.5,569.5,373.0,True,
run_20260926_014038_575179,4998,165,2026-09-26T01:43:26.186,7,157.5,588.0,372.75,True,
run_20260926_014038_575179,4998,165,2026-09-26T01:43:26.186,8,138.5,607.0,372.75,True,
run_20260926_014038_575179,4998,165,2026-09-26T01:43:26.186,9,119.5,626.0,372.75,True,
run_20260926_014038_575179,4998,165,2026-09-26T01:43:26.186,10,100.5,644.0,372.25,True,
run_20260926_014038_575179,4998,165,2026-09-26T01:43:26.186,11,82.0,662.5,372.25,True,
run_20260926_014038_575179,4998,165,2026-09-26T01:43:26.186,12,63.5,681.0,372.25,True,
run_20260926_014038_575179,5028,166,2026-09-26T01:43:27.187,0,289.6363636363636,457.0,373.3181818181818,True,
run_20260926_014038_575179,5028,166,2026-09-26T01:43:27.187,1,271.0,475.0,373.0,True,
run_20260926_014038_575179,5028,166,2026-09-26T01:43:27.187,2,252.0,494.0,373.0,True,
run_20260926_014038_575179,5028,166,2026-09-26T01:43:27.187,3,233.5,513.0,373.25,True,
run_20260926_014038_575179,5028,166,2026-09-26T01:43:27.187,4,214.5,532.0,373.25,True,
run_20260926_014038_575179,5028,166,2026-09-26T01:43:27.187,5,195.5,550.6666666666666,373.0833333333333,True,
run_20260926_014038_575179,5028,166,2026-09-26T01:43:27.187,6,176.5,569.5,373.0,True,
run_20260926_014038_575179,5028,166,2026-09-26T01:43:27.187,7,157.5,588.0,372.75,True,
run_20260926_014038_575179,5028,166,2026-09-26T01:43:27.187,8,138.5,607.0,372.75,True,
run_20260926_014038_575179,5028,166,2026-09-26T01:43:27.187,9,119.5,626.0,372.75,True,
run_20260926_014038_575179,5028,166,2026-09-26T01:43:27.187,10,100.5,644.0,372.25,True,
run_20260926_014038_575179,5028,166,2026-09-26T01:43:27.187,11,82.0,662.5,372.25,True,
run_20260926_014038_575179,5028,166,2026-09-26T01:43:27.187,12,63.5,681.0,372.25,True,
run_20260926_014038_575179,5058,167,2026-09-26T01:43:28.190,0,289.5,457.0,373.25,True,
run_20260926_014038_575179,5058,167,2026-09-26T01:43:28.190,1,271.0,475.0,373.0,True,
run_20260926_014038_575179,5058,167,2026-09-26T01:43:28.190,2,252.0,494.0,373.0,True,
run_20260926_014038_575179,5058,167,2026-09-26T01:43:28.190,3,233.5,513.0,373.25,True,
run_20260926_014038_575179,5058,167,2026-09-26T01:43:28.190,4,214.5,532.0,373.25,True,
run_20260926_014038_575179,5058,167,2026-09-26T01:43:28.190,5,195.5,551.0,373.25,True,
run_20260926_014038_575179,5058,167,2026-09-26T01:43:28.190,6,176.5,569.5,373.0,True,
run_20260926_014038_575179,5058,167,2026-09-26T01:43:28.190,7,157.5,588.0,372.75,True,
run_20260926_014038_575179,5058,167,2026-09-26T01:43:28.190,8,138.5,607.0,372.75,True,
run_20260926_014038_575179,5058,167,2026-09-26T01:43:28.190,9,119.5,626.0,372.75,True,
run_20260926_014038_575179,5058,167,2026-09-26T01:43:28.190,10,100.5,644.0,372.25,True,
run_20260926_014038_575179,5058,167,2026-09-26T01:43:28.190,11,82.0,662.5,372.25,True,
run_20260926_014038_575179,5058,167,2026-09-26T01:43:28.190,12,63.5,681.1538461538462,372.3269230769231,True,
run_20260926_014038_575179,5089,168,2026-09-26T01:43:29.219,0,289.5,457.0,373.25,True,
run_20260926_014038_575179,5089,168,2026-09-26T01:43:29.219,1,271.0,475.0,373.0,True,
run_20260926_014038_575179,5089,168,2026-09-26T01:43:29.219,2,252.0,494.0,373.0,True,
run_20260926_014038_575179,5089,168,2026-09-26T01:43:29.219,3,233.5,513.0,373.25,True,
run_20260926_014038_575179,5089,168,2026-09-26T01:43:29.219,4,214.5,532.0,373.25,True,
run_20260926_014038_575179,5089,168,2026-09-26T01:43:29.219,5,195.5,551.0,373.25,True,
run_20260926_014038_575179,5089,168,2026-09-26T01:43:29.219,6,176.5,569.5,373.0,True,
run_20260926_014038_575179,5089,168,2026-09-26T01:43:29.219,7,157.5,588.0,372.75,True,
run_20260926_014038_575179,5089,168,2026-09-26T01:43:29.219,8,138.5,607.0,372.75,True,
run_20260926_014038_575179,5089,168,2026-09-26T01:43:29.219,9,119.5,626.0,372.75,True,
run_20260926_014038_575179,5089,168,2026-09-26T01:43:29.219,10,100.5,644.0,372.25,True,
run_20260926_014038_575179,5089,168,2026-09-26T01:43:29.219,11,82.0,662.5,372.25,True,
run_20260926_014038_575179,5089,168,2026-09-26T01:43:29.219,12,63.5,681.1538461538462,372.3269230769231,True,
run_20260926_014038_575179,5119,169,2026-09-26T01:43:30.223,0,289.5,457.0,373.25,True,
run_20260926_014038_575179,5119,169,2026-09-26T01:43:30.223,1,271.0,475.0,373.0,True,
run_20260926_014038_575179,5119,169,2026-09-26T01:43:30.223,2,252.0,494.0,373.0,True,
run_20260926_014038_575179,5119,169,2026-09-26T01:43:30.223,3,233.5,513.0,373.25,True,
run_20260926_014038_575179,5119,169,2026-09-26T01:43:30.223,4,214.5,532.0,373.25,True,
run_20260926_014038_575179,5119,169,2026-09-26T01:43:30.223,5,195.5,551.0,373.25,True,
run_20260926_014038_575179,5119,169,2026-09-26T01:43:30.223,6,176.5,569.5,373.0,True,
run_20260926_014038_575179,5119,169,2026-09-26T01:43:30.223,7,157.5,588.0,372.75,True,
run_20260926_014038_575179,5119,169,2026-09-26T01:43:30.223,8,138.5,607.0,372.75,True,
run_20260926_014038_575179,5119,169,2026-09-26T01:43:30.223,9,119.5,626.0,372.75,True,
run_20260926_014038_575179,5119,169,2026-09-26T01:43:30.223,10,100.5,644.0,372.25,True,
run_20260926_014038_575179,5119,169,2026-09-26T01:43:30.223,11,82.0,662.5,372.25,True,
run_20260926_014038_575179,5119,169,2026-09-26T01:43:30.223,12,63.5,681.1538461538462,372.3269230769231,True,
run_20260926_014038_575179,5150,170,2026-09-26T01:43:31.252,0,289.5,457.0,373.25,True,
run_20260926_014038_575179,5150,170,2026-09-26T01:43:31.252,1,271.0,475.0,373.0,True,
run_20260926_014038_575179,5150,170,2026-09-26T01:43:31.252,2,252.0,494.0,373.0,True,
run_20260926_014038_575179,5150,170,2026-09-26T01:43:31.252,3,233.5,513.0,373.25,True,
run_20260926_014038_575179,5150,170,2026-09-26T01:43:31.252,4,214.5,532.0,373.25,True,
run_20260926_014038_575179,5150,170,2026-09-26T01:43:31.252,5,195.5,550.5,373.0,True,
run_20260926_014038_575179,5150,170,2026-09-26T01:43:31.252,6,176.5,569.5,373.0,True,
run_20260926_014038_575179,5150,170,2026-09-26T01:43:31.252,7,157.5,588.0,372.75,True,
run_20260926_014038_575179,5150,170,2026-09-26T01:43:31.252,8,138.5,607.0,372.75,True,
run_20260926_014038_575179,5150,170,2026-09-26T01:43:31.252,9,119.5,626.0,372.75,True,
run_20260926_014038_575179,5150,170,2026-09-26T01:43:31.252,10,100.5,644.0,372.25,True,
run_20260926_014038_575179,5150,170,2026-09-26T01:43:31.252,11,82.0,662.5,372.25,True,
run_20260926_014038_575179,5150,170,2026-09-26T01:43:31.252,12,63.5,681.0714285714286,372.2857142857143,True,
run_20260926_014038_575179,5181,171,2026-09-26T01:43:32.285,0,289.5,457.0,373.25,True,
run_20260926_014038_575179,5181,171,2026-09-26T01:43:32.285,1,271.0,475.0,373.0,True,
run_20260926_014038_575179,5181,171,2026-09-26T01:43:32.285,2,252.0,494.0,373.0,True,
run_20260926_014038_575179,5181,171,2026-09-26T01:43:32.285,3,233.5,513.0,373.25,True,
run_20260926_014038_575179,5181,171,2026-09-26T01:43:32.285,4,214.5,532.0,373.25,True,
run_20260926_014038_575179,5181,171,2026-09-26T01:43:32.285,5,195.5,550.7647058823529,373.13235294117646,True,
run_20260926_014038_575179,5181,171,2026-09-26T01:43:32.285,6,176.5,569.5,373.0,True,
run_20260926_014038_575179,5181,171,2026-09-26T01:43:32.285,7,157.5,588.0,372.75,True,
run_20260926_014038_575179,5181,171,2026-09-26T01:43:32.285,8,138.5,607.0,372.75,True,
run_20260926_014038_575179,5181,171,2026-09-26T01:43:32.285,9,119.5,626.0,372.75,True,
run_20260926_014038_575179,5181,171,2026-09-26T01:43:32.285,10,100.5,644.0,372.25,True,
run_20260926_014038_575179,5181,171,2026-09-26T01:43:32.285,11,82.0,662.5,372.25,True,
run_20260926_014038_575179,5181,171,2026-09-26T01:43:32.285,12,63.5,681.0,372.25,True,
run_20260926_014038_575179,5211,172,2026-09-26T01:43:33.290,0,289.5,457.0,373.25,True,
run_20260926_014038_575179,5211,172,2026-09-26T01:43:33.290,1,271.0,475.0,373.0,True,
run_20260926_014038_575179,5211,172,2026-09-26T01:43:33.290,2,252.0,494.0,373.0,True,
run_20260926_014038_575179,5211,172,2026-09-26T01:43:33.290,3,233.5,513.0,373.25,True,
run_20260926_014038_575179,5211,172,2026-09-26T01:43:33.290,4,214.5,532.0,373.25,True,
run_20260926_014038_575179,5211,172,2026-09-26T01:43:33.290,5,195.5,551.0,373.25,True,
run_20260926_014038_575179,5211,172,2026-09-26T01:43:33.290,6,176.5,569.5,373.0,True,
run_20260926_014038_575179,5211,172,2026-09-26T01:43:33.290,7,157.5,588.0,372.75,True,
run_20260926_014038_575179,5211,172,2026-09-26T01:43:33.290,8,138.5,607.0,372.75,True,
run_20260926_014038_575179,5211,172,2026-09-26T01:43:33.290,9,119.5,626.0,372.75,True,
run_20260926_014038_575179,5211,172,2026-09-26T01:43:33.290,10,100.5,644.0,372.25,True,
run_20260926_014038_575179,5211,172,2026-09-26T01:43:33.290,11,82.0,662.5,372.25,True,
run_20260926_014038_575179,5211,172,2026-09-26T01:43:33.290,12,63.5,681.0,372.25,True,
run_20260926_014038_575179,5242,173,2026-09-26T01:43:34.319,0,289.5,457.0,373.25,True,
run_20260926_014038_575179,5242,173,2026-09-26T01:43:34.319,1,271.0,475.0,373.0,True,
run_20260926_014038_575179,5242,173,2026-09-26T01:43:34.319,2,252.0,494.0,373.0,True,
run_20260926_014038_575179,5242,173,2026-09-26T01:43:34.319,3,233.5,513.0,373.25,True,
run_20260926_014038_575179,5242,173,2026-09-26T01:43:34.319,4,214.5,532.0,373.25,True,
run_20260926_014038_575179,5242,173,2026-09-26T01:43:34.319,5,195.5,551.0,373.25,True,
run_20260926_014038_575179,5242,173,2026-09-26T01:43:34.319,6,176.5,569.5,373.0,True,
run_20260926_014038_575179,5242,173,2026-09-26T01:43:34.319,7,157.5,588.0,372.75,True,
run_20260926_014038_575179,5242,173,2026-09-26T01:43:34.319,8,138.5,607.0,372.75,True,
run_20260926_014038_575179,5242,173,2026-09-26T01:43:34.319,9,119.5,626.0,372.75,True,
run_20260926_014038_575179,5242,173,2026-09-26T01:43:34.319,10,100.5,644.0,372.25,True,
run_20260926_014038_575179,5242,173,2026-09-26T01:43:34.319,11,82.0,662.5,372.25,True,
run_20260926_014038_575179,5242,173,2026-09-26T01:43:34.319,12,63.5,681.0,372.25,True,
run_20260926_014038_575179,5273,174,2026-09-26T01:43:35.352,0,289.5,457.0,373.25,True,
run_20260926_014038_575179,5273,174,2026-09-26T01:43:35.352,1,271.0,475.0,373.0,True,
run_20260926_014038_575179,5273,174,2026-09-26T01:43:35.352,2,252.0,494.0,373.0,True,
run_20260926_014038_575179,5273,174,2026-09-26T01:43:35.352,3,233.5,513.0,373.25,True,
run_20260926_014038_575179,5273,174,2026-09-26T01:43:35.352,4,214.5,532.0,373.25,True,
run_20260926_014038_575179,5273,174,2026-09-26T01:43:35.352,5,195.5,551.0,373.25,True,
run_20260926_014038_575179,5273,174,2026-09-26T01:43:35.352,6,176.5,569.5,373.0,True,
run_20260926_014038_575179,5273,174,2026-09-26T01:43:35.352,7,157.5,588.0,372.75,True,
run_20260926_014038_575179,5273,174,2026-09-26T01:43:35.352,8,138.5,607.0,372.75,True,
run_20260926_014038_575179,5273,174,2026-09-26T01:43:35.352,9,119.5,626.0,372.75,True,
run_20260926_014038_575179,5273,174,2026-09-26T01:43:35.352,10,100.5,644.0,372.25,True,
run_20260926_014038_575179,5273,174,2026-09-26T01:43:35.352,11,82.0,662.5,372.25,True,
run_20260926_014038_575179,5273,174,2026-09-26T01:43:35.352,12,63.5,681.1538461538462,372.3269230769231,True,
run_20260926_014038_575179,5303,175,2026-09-26T01:43:36.354,0,289.5,457.0,373.25,True,
run_20260926_014038_575179,5303,175,2026-09-26T01:43:36.354,1,271.0,475.0,373.0,True,
run_20260926_014038_575179,5303,175,2026-09-26T01:43:36.354,2,252.0,494.0,373.0,True,
run_20260926_014038_575179,5303,175,2026-09-26T01:43:36.354,3,233.5,513.0,373.25,True,
run_20260926_014038_575179,5303,175,2026-09-26T01:43:36.354,4,214.5,532.0,373.25,True,
run_20260926_014038_575179,5303,175,2026-09-26T01:43:36.354,5,195.5,551.0,373.25,True,
run_20260926_014038_575179,5303,175,2026-09-26T01:43:36.354,6,176.5,569.5,373.0,True,
run_20260926_014038_575179,5303,175,2026-09-26T01:43:36.354,7,157.5,588.0,372.75,True,
run_20260926_014038_575179,5303,175,2026-09-26T01:43:36.354,8,138.5,607.0,372.75,True,
run_20260926_014038_575179,5303,175,2026-09-26T01:43:36.354,9,119.5,626.0,372.75,True,
run_20260926_014038_575179,5303,175,2026-09-26T01:43:36.354,10,100.5,644.0,372.25,True,
run_20260926_014038_575179,5303,175,2026-09-26T01:43:36.354,11,82.0,662.5,372.25,True,
run_20260926_014038_575179,5303,175,2026-09-26T01:43:36.354,12,63.5,681.0,372.25,True,
run_20260926_014038_575179,5334,176,2026-09-26T01:43:37.392,0,289.5,457.0,373.25,True,
run_20260926_014038_575179,5334,176,2026-09-26T01:43:37.392,1,271.0,475.0,373.0,True,
run_20260926_014038_575179,5334,176,2026-09-26T01:43:37.392,2,252.0,494.0,373.0,True,
run_20260926_014038_575179,5334,176,2026-09-26T01:43:37.392,3,233.5,513.0,373.25,True,
run_20260926_014038_575179,5334,176,2026-09-26T01:43:37.392,4,214.5,532.0,373.25,True,
run_20260926_014038_575179,5334,176,2026-09-26T01:43:37.392,5,195.5,550.7647058823529,373.13235294117646,True,
run_20260926_014038_575179,5334,176,2026-09-26T01:43:37.392,6,176.5,569.5,373.0,True,
run_20260926_014038_575179,5334,176,2026-09-26T01:43:37.392,7,157.5,588.0,372.75,True,
run_20260926_014038_575179,5334,176,2026-09-26T01:43:37.392,8,138.5,607.0,372.75,True,
run_20260926_014038_575179,5334,176,2026-09-26T01:43:37.392,9,119.5,626.0,372.75,True,
run_20260926_014038_575179,5334,176,2026-09-26T01:43:37.392,10,100.5,644.0,372.25,True,
run_20260926_014038_575179,5334,176,2026-09-26T01:43:37.392,11,81.92857142857143,662.5,372.2142857142857,True,
run_20260926_014038_575179,5334,176,2026-09-26T01:43:37.392,12,63.5,681.0,372.25,True,
run_20260926_014038_575179,5365,177,2026-09-26T01:43:38.419,0,289.5,457.0,373.25,True,
run_20260926_014038_575179,5365,177,2026-09-26T01:43:38.419,1,271.0,475.0,373.0,True,
run_20260926_014038_575179,5365,177,2026-09-26T01:43:38.419,2,252.0,494.0,373.0,True,
run_20260926_014038_575179,5365,177,2026-09-26T01:43:38.419,3,233.5,513.0,373.25,True,
run_20260926_014038_575179,5365,177,2026-09-26T01:43:38.419,4,214.5,532.0,373.25,True,
run_20260926_014038_575179,5365,177,2026-09-26T01:43:38.419,5,195.5,550.7647058823529,373.13235294117646,True,
run_20260926_014038_575179,5365,177,2026-09-26T01:43:38.419,6,176.5,569.5,373.0,True,
run_20260926_014038_575179,5365,177,2026-09-26T01:43:38.419,7,157.5,588.0,372.75,True,
run_20260926_014038_575179,5365,177,2026-09-26T01:43:38.419,8,138.5,607.0,372.75,True,
run_20260926_014038_575179,5365,177,2026-09-26T01:43:38.419,9,119.5,626.0,372.75,True,
run_20260926_014038_575179,5365,177,2026-09-26T01:43:38.419,10,100.5,644.0,372.25,True,
run_20260926_014038_575179,5365,177,2026-09-26T01:43:38.419,11,82.0,662.5,372.25,True,
run_20260926_014038_575179,5365,177,2026-09-26T01:43:38.419,12,63.5,681.1538461538462,372.3269230769231,True,
run_20260926_014038_575179,5395,178,2026-09-26T01:43:39.421,0,289.5,457.0,373.25,True,
run_20260926_014038_575179,5395,178,2026-09-26T01:43:39.421,1,271.0,475.0,373.0,True,
run_20260926_014038_575179,5395,178,2026-09-26T01:43:39.421,2,252.0,494.0,373.0,True,
run_20260926_014038_575179,5395,178,2026-09-26T01:43:39.421,3,233.5,513.0,373.25,True,
run_20260926_014038_575179,5395,178,2026-09-26T01:43:39.421,4,214.5,532.0,373.25,True,
run_20260926_014038_575179,5395,178,2026-09-26T01:43:39.421,5,195.5,551.0,373.25,True,
run_20260926_014038_575179,5395,178,2026-09-26T01:43:39.421,6,176.5,569.5,373.0,True,
run_20260926_014038_575179,5395,178,2026-09-26T01:43:39.421,7,157.5,588.0,372.75,True,
run_20260926_014038_575179,5395,178,2026-09-26T01:43:39.421,8,138.5,607.0,372.75,True,
run_20260926_014038_575179,5395,178,2026-09-26T01:43:39.421,9,119.5,626.0,372.75,True,
run_20260926_014038_575179,5395,178,2026-09-26T01:43:39.421,10,100.5,644.0,372.25,True,
run_20260926_014038_575179,5395,178,2026-09-26T01:43:39.421,11,82.0,662.5,372.25,True,
run_20260926_014038_575179,5395,178,2026-09-26T01:43:39.421,12,63.5,681.3636363636364,372.4318181818182,True,
run_20260926_014038_575179,5425,179,2026-09-26T01:43:40.425,0,289.5,457.0,373.25,True,
run_20260926_014038_575179,5425,179,2026-09-26T01:43:40.425,1,271.0,475.0,373.0,True,
run_20260926_014038_575179,5425,179,2026-09-26T01:43:40.425,2,252.0,494.0,373.0,True,
run_20260926_014038_575179,5425,179,2026-09-26T01:43:40.425,3,233.5,513.0,373.25,True,
run_20260926_014038_575179,5425,179,2026-09-26T01:43:40.425,4,214.5,532.0,373.25,True,
run_20260926_014038_575179,5425,179,2026-09-26T01:43:40.425,5,195.5,551.0,373.25,True,
run_20260926_014038_575179,5425,179,2026-09-26T01:43:40.425,6,176.5,569.5,373.0,True,
run_20260926_014038_575179,5425,179,2026-09-26T01:43:40.425,7,157.5,588.0,372.75,True,
run_20260926_014038_575179,5425,179,2026-09-26T01:43:40.425,8,138.5,607.0,372.75,True,
run_20260926_014038_575179,5425,179,2026-09-26T01:43:40.425,9,119.5,626.0,372.75,True,
run_20260926_014038_575179,5425,179,2026-09-26T01:43:40.425,10,100.5,644.0,372.25,True,
run_20260926_014038_575179,5425,179,2026-09-26T01:43:40.425,11,81.92857142857143,662.5,372.2142857142857,True,
run_20260926_014038_575179,5425,179,2026-09-26T01:43:40.425,12,63.5,681.1538461538462,372.3269230769231,True,
run_20260926_014038_575179,5456,180,2026-09-26T01:43:41.452,0,289.5,457.0,373.25,True,
run_20260926_014038_575179,5456,180,2026-09-26T01:43:41.452,1,271.0,475.0,373.0,True,
run_20260926_014038_575179,5456,180,2026-09-26T01:43:41.452,2,252.0,494.0,373.0,True,
run_20260926_014038_575179,5456,180,2026-09-26T01:43:41.452,3,233.5,513.0,373.25,True,
run_20260926_014038_575179,5456,180,2026-09-26T01:43:41.452,4,214.5,532.0,373.25,True,
run_20260926_014038_575179,5456,180,2026-09-26T01:43:41.452,5,195.5,550.7647058823529,373.13235294117646,True,
run_20260926_014038_575179,5456,180,2026-09-26T01:43:41.452,6,176.5,569.5,373.0,True,
run_20260926_014038_575179,5456,180,2026-09-26T01:43:41.452,7,157.5,588.0,372.75,True,
run_20260926_014038_575179,5456,180,2026-09-26T01:43:41.452,8,138.5,607.0,372.75,True,
run_20260926_014038_575179,5456,180,2026-09-26T01:43:41.452,9,119.5,626.0,372.75,True,
run_20260926_014038_575179,5456,180,2026-09-26T01:43:41.452,10,100.5,644.0,372.25,True,
run_20260926_014038_575179,5456,180,2026-09-26T01:43:41.452,11,82.0,662.5,372.25,True,
run_20260926_014038_575179,5456,180,2026-09-26T01:43:41.452,12,63.5,681.0,372.25,True,
run_20260926_014038_575179,5486,181,2026-09-26T01:43:42.456,0,289.6363636363636,457.0,373.3181818181818,True,
run_20260926_014038_575179,5486,181,2026-09-26T01:43:42.456,1,271.0,475.0,373.0,True,
run_20260926_014038_575179,5486,181,2026-09-26T01:43:42.456,2,252.0,494.0,373.0,True,
run_20260926_014038_575179,5486,181,2026-09-26T01:43:42.456,3,233.5,513.0,373.25,True,
run_20260926_014038_575179,5486,181,2026-09-26T01:43:42.456,4,214.5,532.0,373.25,True,
run_20260926_014038_575179,5486,181,2026-09-26T01:43:42.456,5,195.5,551.0,373.25,True,
run_20260926_014038_575179,5486,181,2026-09-26T01:43:42.456,6,176.5,569.5,373.0,True,
run_20260926_014038_575179,5486,181,2026-09-26T01:43:42.456,7,157.5,588.0,372.75,True,
run_20260926_014038_575179,5486,181,2026-09-26T01:43:42.456,8,138.5,607.0,372.75,True,
run_20260926_014038_575179,5486,181,2026-09-26T01:43:42.456,9,119.5,626.0,372.75,True,
run_20260926_014038_575179,5486,181,2026-09-26T01:43:42.456,10,100.5,644.0,372.25,True,
run_20260926_014038_575179,5486,181,2026-09-26T01:43:42.456,11,82.0,662.5,372.25,True,
run_20260926_014038_575179,5486,181,2026-09-26T01:43:42.456,12,63.5,681.0,372.25,True,
run_20260926_014038_575179,5517,182,2026-09-26T01:43:43.486,0,289.5,457.0,373.25,True,
run_20260926_014038_575179,5517,182,2026-09-26T01:43:43.486,1,271.0,475.0,373.0,True,
run_20260926_014038_575179,5517,182,2026-09-26T01:43:43.486,2,252.0,494.0,373.0,True,
run_20260926_014038_575179,5517,182,2026-09-26T01:43:43.486,3,233.5,513.0,373.25,True,
run_20260926_014038_575179,5517,182,2026-09-26T01:43:43.486,4,214.5,532.0,373.25,True,
run_20260926_014038_575179,5517,182,2026-09-26T01:43:43.486,5,195.5,551.0,373.25,True,
run_20260926_014038_575179,5517,182,2026-09-26T01:43:43.486,6,176.5,569.5,373.0,True,
run_20260926_014038_575179,5517,182,2026-09-26T01:43:43.486,7,157.5,588.0,372.75,True,
run_20260926_014038_575179,5517,182,2026-09-26T01:43:43.486,8,138.5,607.0,372.75,True,
run_20260926_014038_575179,5517,182,2026-09-26T01:43:43.486,9,119.5,626.0,372.75,True,
run_20260926_014038_575179,5517,182,2026-09-26T01:43:43.486,10,100.5,644.0,372.25,True,
run_20260926_014038_575179,5517,182,2026-09-26T01:43:43.486,11,82.0,662.5,372.25,True,
run_20260926_014038_575179,5517,182,2026-09-26T01:43:43.486,12,63.5,681.0,372.25,True,
run_20260926_014038_575179,5547,183,2026-09-26T01:43:44.486,0,289.5,457.0,373.25,True,
run_20260926_014038_575179,5547,183,2026-09-26T01:43:44.486,1,271.0,475.0,373.0,True,
run_20260926_014038_575179,5547,183,2026-09-26T01:43:44.486,2,252.0,494.0,373.0,True,
run_20260926_014038_575179,5547,183,2026-09-26T01:43:44.486,3,233.5,513.0,373.25,True,
run_20260926_014038_575179,5547,183,2026-09-26T01:43:44.486,4,214.5,532.0,373.25,True,
run_20260926_014038_575179,5547,183,2026-09-26T01:43:44.486,5,195.5,551.0,373.25,True,
run_20260926_014038_575179,5547,183,2026-09-26T01:43:44.486,6,176.5,569.5,373.0,True,
run_20260926_014038_575179,5547,183,2026-09-26T01:43:44.486,7,157.5,588.0,372.75,True,
run_20260926_014038_575179,5547,183,2026-09-26T01:43:44.486,8,138.5,607.0,372.75,True,
run_20260926_014038_575179,5547,183,2026-09-26T01:43:44.486,9,119.5,626.0,372.75,True,
run_20260926_014038_575179,5547,183,2026-09-26T01:43:44.486,10,100.5,644.0,372.25,True,
run_20260926_014038_575179,5547,183,2026-09-26T01:43:44.486,11,82.0,662.5,372.25,True,
run_20260926_014038_575179,5547,183,2026-09-26T01:43:44.486,12,63.5,681.0,372.25,True,
run_20260926_014038_575179,5577,184,2026-09-26T01:43:45.503,0,289.5,457.0,373.25,True,
run_20260926_014038_575179,5577,184,2026-09-26T01:43:45.503,1,271.0,475.0,373.0,True,
run_20260926_014038_575179,5577,184,2026-09-26T01:43:45.503,2,252.0,494.0,373.0,True,
run_20260926_014038_575179,5577,184,2026-09-26T01:43:45.503,3,233.5,513.0,373.25,True,
run_20260926_014038_575179,5577,184,2026-09-26T01:43:45.503,4,214.5,532.0,373.25,True,
run_20260926_014038_575179,5577,184,2026-09-26T01:43:45.503,5,195.5,550.5,373.0,True,
run_20260926_014038_575179,5577,184,2026-09-26T01:43:45.503,6,176.5,569.5,373.0,True,
run_20260926_014038_575179,5577,184,2026-09-26T01:43:45.503,7,157.5,588.0,372.75,True,
run_20260926_014038_575179,5577,184,2026-09-26T01:43:45.503,8,138.5,607.0,372.75,True,
run_20260926_014038_575179,5577,184,2026-09-26T01:43:45.503,9,119.5,626.0,372.75,True,
run_20260926_014038_575179,5577,184,2026-09-26T01:43:45.503,10,100.5,644.0,372.25,True,
run_20260926_014038_575179,5577,184,2026-09-26T01:43:45.503,11,82.0,662.5,372.25,True,
run_20260926_014038_575179,5577,184,2026-09-26T01:43:45.503,12,63.5,681.0,372.25,True,
run_20260926_014038_575179,5608,185,2026-09-26T01:43:46.520,0,289.5,457.0,373.25,True,
run_20260926_014038_575179,5608,185,2026-09-26T01:43:46.520,1,271.0,475.0,373.0,True,
run_20260926_014038_575179,5608,185,2026-09-26T01:43:46.520,2,252.0,494.0,373.0,True,
run_20260926_014038_575179,5608,185,2026-09-26T01:43:46.520,3,233.5,513.0,373.25,True,
run_20260926_014038_575179,5608,185,2026-09-26T01:43:46.520,4,214.5,532.0,373.25,True,
run_20260926_014038_575179,5608,185,2026-09-26T01:43:46.520,5,195.5,551.0,373.25,True,
run_20260926_014038_575179,5608,185,2026-09-26T01:43:46.520,6,176.25,569.5,372.875,True,
run_20260926_014038_575179,5608,185,2026-09-26T01:43:46.520,7,157.5,588.0,372.75,True,
run_20260926_014038_575179,5608,185,2026-09-26T01:43:46.520,8,138.5,607.0,372.75,True,
run_20260926_014038_575179,5608,185,2026-09-26T01:43:46.520,9,119.5,626.0,372.75,True,
run_20260926_014038_575179,5608,185,2026-09-26T01:43:46.520,10,100.5,644.0,372.25,True,
run_20260926_014038_575179,5608,185,2026-09-26T01:43:46.520,11,81.92857142857143,662.5,372.2142857142857,True,
run_20260926_014038_575179,5608,185,2026-09-26T01:43:46.520,12,63.5,681.0,372.25,True,
run_20260926_014038_575179,5638,186,2026-09-26T01:43:47.520,0,289.5,457.0,373.25,True,
run_20260926_014038_575179,5638,186,2026-09-26T01:43:47.520,1,271.0,475.0,373.0,True,
run_20260926_014038_575179,5638,186,2026-09-26T01:43:47.520,2,252.0,494.0,373.0,True,
run_20260926_014038_575179,5638,186,2026-09-26T01:43:47.520,3,233.5,513.0,373.25,True,
run_20260926_014038_575179,5638,186,2026-09-26T01:43:47.520,4,214.5,532.0,373.25,True,
run_20260926_014038_575179,5638,186,2026-09-26T01:43:47.520,5,195.5,550.5,373.0,True,
run_20260926_014038_575179,5638,186,2026-09-26T01:43:47.520,6,176.5,569.5,373.0,True,
run_20260926_014038_575179,5638,186,2026-09-26T01:43:47.520,7,157.5,588.0,372.75,True,
run_20260926_014038_575179,5638,186,2026-09-26T01:43:47.520,8,138.5,607.0,372.75,True,
run_20260926_014038_575179,5638,186,2026-09-26T01:43:47.520,9,119.5,626.0,372.75,True,
run_20260926_014038_575179,5638,186,2026-09-26T01:43:47.520,10,100.5,644.0,372.25,True,
run_20260926_014038_575179,5638,186,2026-09-26T01:43:47.520,11,82.0,662.5,372.25,True,
run_20260926_014038_575179,5638,186,2026-09-26T01:43:47.520,12,63.5,681.1538461538462,372.3269230769231,True,
run_20260926_014038_575179,5669,187,2026-09-26T01:43:48.558,0,289.5,457.0,373.25,True,
run_20260926_014038_575179,5669,187,2026-09-26T01:43:48.558,1,271.0,475.0,373.0,True,
run_20260926_014038_575179,5669,187,2026-09-26T01:43:48.558,2,252.0,494.0,373.0,True,
run_20260926_014038_575179,5669,187,2026-09-26T01:43:48.558,3,233.5,513.0,373.25,True,
run_20260926_014038_575179,5669,187,2026-09-26T01:43:48.558,4,214.5,532.0,373.25,True,
run_20260926_014038_575179,5669,187,2026-09-26T01:43:48.558,5,195.5,550.5,373.0,True,
run_20260926_014038_575179,5669,187,2026-09-26T01:43:48.558,6,176.5,569.5,373.0,True,
run_20260926_014038_575179,5669,187,2026-09-26T01:43:48.558,7,157.5,588.0,372.75,True,
run_20260926_014038_575179,5669,187,2026-09-26T01:43:48.558,8,138.5,607.0,372.75,True,
run_20260926_014038_575179,5669,187,2026-09-26T01:43:48.558,9,119.5,626.0,372.75,True,
run_20260926_014038_575179,5669,187,2026-09-26T01:43:48.558,10,100.5,644.0,372.25,True,
run_20260926_014038_575179,5669,187,2026-09-26T01:43:48.558,11,82.0,662.5,372.25,True,
run_20260926_014038_575179,5669,187,2026-09-26T01:43:48.558,12,63.5,681.0,372.25,True,
run_20260926_014038_575179,5700,188,2026-09-26T01:43:49.593,0,289.5,457.0,373.25,True,
run_20260926_014038_575179,5700,188,2026-09-26T01:43:49.593,1,271.0,475.0,373.0,True,
run_20260926_014038_575179,5700,188,2026-09-26T01:43:49.593,2,252.0,494.0,373.0,True,
run_20260926_014038_575179,5700,188,2026-09-26T01:43:49.593,3,233.5,513.0,373.25,True,
run_20260926_014038_575179,5700,188,2026-09-26T01:43:49.593,4,214.5,532.0,373.25,True,
run_20260926_014038_575179,5700,188,2026-09-26T01:43:49.593,5,195.5,550.5,373.0,True,
run_20260926_014038_575179,5700,188,2026-09-26T01:43:49.593,6,176.5,569.5,373.0,True,
run_20260926_014038_575179,5700,188,2026-09-26T01:43:49.593,7,157.5,588.0,372.75,True,
run_20260926_014038_575179,5700,188,2026-09-26T01:43:49.593,8,138.5,607.0,372.75,True,
run_20260926_014038_575179,5700,188,2026-09-26T01:43:49.593,9,119.5,626.0,372.75,True,
run_20260926_014038_575179,5700,188,2026-09-26T01:43:49.593,10,100.5,644.0,372.25,True,
run_20260926_014038_575179,5700,188,2026-09-26T01:43:49.593,11,82.0,662.5,372.25,True,
run_20260926_014038_575179,5700,188,2026-09-26T01:43:49.593,12,63.5,681.0,372.25,True,
run_20260926_014038_575179,5731,189,2026-09-26T01:43:50.626,0,289.5,457.0,373.25,True,
run_20260926_014038_575179,5731,189,2026-09-26T01:43:50.626,1,271.0,475.0,373.0,True,
run_20260926_014038_575179,5731,189,2026-09-26T01:43:50.626,2,252.0,494.0,373.0,True,
run_20260926_014038_575179,5731,189,2026-09-26T01:43:50.626,3,233.5,513.0,373.25,True,
run_20260926_014038_575179,5731,189,2026-09-26T01:43:50.626,4,214.5,532.0,373.25,True,
run_20260926_014038_575179,5731,189,2026-09-26T01:43:50.626,5,195.5,550.5,373.0,True,
run_20260926_014038_575179,5731,189,2026-09-26T01:43:50.626,6,176.25,569.5,372.875,True,
run_20260926_014038_575179,5731,189,2026-09-26T01:43:50.626,7,157.5,588.0,372.75,True,
run_20260926_014038_575179,5731,189,2026-09-26T01:43:50.626,8,138.5,607.0,372.75,True,
run_20260926_014038_575179,5731,189,2026-09-26T01:43:50.626,9,119.5,626.0,372.75,True,
run_20260926_014038_575179,5731,189,2026-09-26T01:43:50.626,10,100.5,644.0,372.25,True,
run_20260926_014038_575179,5731,189,2026-09-26T01:43:50.626,11,82.0,662.5,372.25,True,
run_20260926_014038_575179,5731,189,2026-09-26T01:43:50.626,12,63.5,681.25,372.375,True,
run_20260926_014038_575179,5755,190,2026-09-26T01:43:51.657,0,289.5,457.0,373.25,True,
run_20260926_014038_575179,5755,190,2026-09-26T01:43:51.657,1,271.0,475.0,373.0,True,
run_20260926_014038_575179,5755,190,2026-09-26T01:43:51.657,2,252.0,494.0,373.0,True,
run_20260926_014038_575179,5755,190,2026-09-26T01:43:51.657,3,233.5,513.0,373.25,True,
run_20260926_014038_575179,5755,190,2026-09-26T01:43:51.657,4,214.5,532.0,373.25,True,
run_20260926_014038_575179,5755,190,2026-09-26T01:43:51.657,5,195.5,550.7647058823529,373.13235294117646,True,
run_20260926_014038_575179,5755,190,2026-09-26T01:43:51.657,6,176.25,569.5,372.875,True,
run_20260926_014038_575179,5755,190,2026-09-26T01:43:51.657,7,157.5,588.0,372.75,True,
run_20260926_014038_575179,5755,190,2026-09-26T01:43:51.657,8,138.5,607.0,372.75,True,
run_20260926_014038_575179,5755,190,2026-09-26T01:43:51.657,9,119.5,626.0,372.75,True,
run_20260926_014038_575179,5755,190,2026-09-26T01:43:51.657,10,100.5,644.0,372.25,True,
run_20260926_014038_575179,5755,190,2026-09-26T01:43:51.657,11,82.0,662.5,372.25,True,
run_20260926_014038_575179,5755,190,2026-09-26T01:43:51.657,12,63.5,681.0,372.25,True,
run_20260926_014038_575179,5786,191,2026-09-26T01:43:52.686,0,289.5,457.0,373.25,True,
run_20260926_014038_575179,5786,191,2026-09-26T01:43:52.686,1,271.0,475.0,373.0,True,
run_20260926_014038_575179,5786,191,2026-09-26T01:43:52.686,2,252.0,494.0,373.0,True,
run_20260926_014038_575179,5786,191,2026-09-26T01:43:52.686,3,233.5,513.0,373.25,True,
run_20260926_014038_575179,5786,191,2026-09-26T01:43:52.686,4,214.5,532.0,373.25,True,
run_20260926_014038_575179,5786,191,2026-09-26T01:43:52.686,5,195.5,550.7647058823529,373.13235294117646,True,
run_20260926_014038_575179,5786,191,2026-09-26T01:43:52.686,6,176.25,569.5,372.875,True,
run_20260926_014038_575179,5786,191,2026-09-26T01:43:52.686,7,157.5,588.0,372.75,True,
run_20260926_014038_575179,5786,191,2026-09-26T01:43:52.686,8,138.5,607.0,372.75,True,
run_20260926_014038_575179,5786,191,2026-09-26T01:43:52.686,9,119.5,626.0,372.75,True,
run_20260926_014038_575179,5786,191,2026-09-26T01:43:52.686,10,100.5,644.0,372.25,True,
run_20260926_014038_575179,5786,191,2026-09-26T01:43:52.686,11,82.0,662.5,372.25,True,
run_20260926_014038_575179,5786,191,2026-09-26T01:43:52.686,12,63.5,681.0,372.25,True,
run_20260926_014038_575179,5816,192,2026-09-26T01:43:53.686,0,289.5,457.0,373.25,True,
run_20260926_014038_575179,5816,192,2026-09-26T01:43:53.686,1,271.0,475.0,373.0,True,
run_20260926_014038_575179,5816,192,2026-09-26T01:43:53.686,2,252.0,494.0,373.0,True,
run_20260926_014038_575179,5816,192,2026-09-26T01:43:53.686,3,233.5,513.0,373.25,True,
run_20260926_014038_575179,5816,192,2026-09-26T01:43:53.686,4,214.5,532.0,373.25,True,
run_20260926_014038_575179,5816,192,2026-09-26T01:43:53.686,5,195.5,550.5,373.0,True,
run_20260926_014038_575179,5816,192,2026-09-26T01:43:53.686,6,176.25,569.5,372.875,True,
run_20260926_014038_575179,5816,192,2026-09-26T01:43:53.686,7,157.5,588.0,372.75,True,
run_20260926_014038_575179,5816,192,2026-09-26T01:43:53.686,8,138.5,607.0,372.75,True,
run_20260926_014038_575179,5816,192,2026-09-26T01:43:53.686,9,119.5,626.0,372.75,True,
run_20260926_014038_575179,5816,192,2026-09-26T01:43:53.686,10,100.5,644.0,372.25,True,
run_20260926_014038_575179,5816,192,2026-09-26T01:43:53.686,11,81.92857142857143,662.5,372.2142857142857,True,
run_20260926_014038_575179,5816,192,2026-09-26T01:43:53.686,12,63.5,681.0,372.25,True,
run_20260926_014038_575179,5846,193,2026-09-26T01:43:54.689,0,289.5,457.0,373.25,True,
run_20260926_014038_575179,5846,193,2026-09-26T01:43:54.689,1,271.0,475.0,373.0,True,
run_20260926_014038_575179,5846,193,2026-09-26T01:43:54.689,2,252.0,494.0,373.0,True,
run_20260926_014038_575179,5846,193,2026-09-26T01:43:54.689,3,233.5,513.0,373.25,True,
run_20260926_014038_575179,5846,193,2026-09-26T01:43:54.689,4,214.5,532.0,373.25,True,
run_20260926_014038_575179,5846,193,2026-09-26T01:43:54.689,5,195.5,550.5,373.0,True,
run_20260926_014038_575179,5846,193,2026-09-26T01:43:54.689,6,176.25,569.5,372.875,True,
run_20260926_014038_575179,5846,193,2026-09-26T01:43:54.689,7,157.5,588.0,372.75,True,
run_20260926_014038_575179,5846,193,2026-09-26T01:43:54.689,8,138.5,607.0,372.75,True,
run_20260926_014038_575179,5846,193,2026-09-26T01:43:54.689,9,119.5,626.0,372.75,True,
run_20260926_014038_575179,5846,193,2026-09-26T01:43:54.689,10,100.5,644.0,372.25,True,
run_20260926_014038_575179,5846,193,2026-09-26T01:43:54.689,11,81.92857142857143,662.5,372.2142857142857,True,
run_20260926_014038_575179,5846,193,2026-09-26T01:43:54.689,12,63.5,681.0,372.25,True,
run_20260926_014038_575179,5876,194,2026-09-26T01:43:55.722,0,289.5,457.0,373.25,True,
run_20260926_014038_575179,5876,194,2026-09-26T01:43:55.722,1,271.0,475.0,373.0,True,
run_20260926_014038_575179,5876,194,2026-09-26T01:43:55.722,2,252.0,494.0,373.0,True,
run_20260926_014038_575179,5876,194,2026-09-26T01:43:55.722,3,233.5,513.0,373.25,True,
run_20260926_014038_575179,5876,194,2026-09-26T01:43:55.722,4,214.5,532.0,373.25,True,
run_20260926_014038_575179,5876,194,2026-09-26T01:43:55.722,5,195.5,550.5,373.0,True,
run_20260926_014038_575179,5876,194,2026-09-26T01:43:55.722,6,176.25,569.5,372.875,True,
run_20260926_014038_575179,5876,194,2026-09-26T01:43:55.722,7,157.5,588.0,372.75,True,
run_20260926_014038_575179,5876,194,2026-09-26T01:43:55.722,8,138.5,607.0,372.75,True,
run_20260926_014038_575179,5876,194,2026-09-26T01:43:55.722,9,119.5,626.0,372.75,True,
run_20260926_014038_575179,5876,194,2026-09-26T01:43:55.722,10,100.5,644.0,372.25,True,
run_20260926_014038_575179,5876,194,2026-09-26T01:43:55.722,11,81.92857142857143,662.5,372.2142857142857,True,
run_20260926_014038_575179,5876,194,2026-09-26T01:43:55.722,12,63.5,681.0,372.25,True,
run_20260926_014038_575179,5907,195,2026-09-26T01:43:56.752,0,289.5,457.0,373.25,True,
run_20260926_014038_575179,5907,195,2026-09-26T01:43:56.752,1,271.0,475.0,373.0,True,
run_20260926_014038_575179,5907,195,2026-09-26T01:43:56.752,2,252.0,494.0,373.0,True,
run_20260926_014038_575179,5907,195,2026-09-26T01:43:56.752,3,233.5,513.0,373.25,True,
run_20260926_014038_575179,5907,195,2026-09-26T01:43:56.752,4,214.5,532.0,373.25,True,
run_20260926_014038_575179,5907,195,2026-09-26T01:43:56.752,5,195.5,550.7647058823529,373.13235294117646,True,
run_20260926_014038_575179,5907,195,2026-09-26T01:43:56.752,6,176.5,569.5,373.0,True,
run_20260926_014038_575179,5907,195,2026-09-26T01:43:56.752,7,157.5,588.0,372.75,True,
run_20260926_014038_575179,5907,195,2026-09-26T01:43:56.752,8,138.5,607.0,372.75,True,
run_20260926_014038_575179,5907,195,2026-09-26T01:43:56.752,9,119.5,626.0,372.75,True,
run_20260926_014038_575179,5907,195,2026-09-26T01:43:56.752,10,100.5,644.0,372.25,True,
run_20260926_014038_575179,5907,195,2026-09-26T01:43:56.752,11,81.92857142857143,662.5,372.2142857142857,True,
run_20260926_014038_575179,5907,195,2026-09-26T01:43:56.752,12,63.5,681.0,372.25,True,
run_20260926_014038_575179,5937,196,2026-09-26T01:43:57.755,0,289.5,457.0,373.25,True,
run_20260926_014038_575179,5937,196,2026-09-26T01:43:57.755,1,271.0,475.0,373.0,True,
run_20260926_014038_575179,5937,196,2026-09-26T01:43:57.755,2,252.0,494.0,373.0,True,
run_20260926_014038_575179,5937,196,2026-09-26T01:43:57.755,3,233.5,513.0,373.25,True,
run_20260926_014038_575179,5937,196,2026-09-26T01:43:57.755,4,214.5,532.0,373.25,True,
run_20260926_014038_575179,5937,196,2026-09-26T01:43:57.755,5,195.5,550.7647058823529,373.13235294117646,True,
run_20260926_014038_575179,5937,196,2026-09-26T01:43:57.755,6,176.5,569.5,373.0,True,
run_20260926_014038_575179,5937,196,2026-09-26T01:43:57.755,7,157.5,588.0,372.75,True,
run_20260926_014038_575179,5937,196,2026-09-26T01:43:57.755,8,138.5,607.0,372.75,True,
run_20260926_014038_575179,5937,196,2026-09-26T01:43:57.755,9,119.5,626.0,372.75,True,
run_20260926_014038_575179,5937,196,2026-09-26T01:43:57.755,10,100.5,644.0,372.25,True,
run_20260926_014038_575179,5937,196,2026-09-26T01:43:57.755,11,81.92857142857143,662.5,372.2142857142857,True,
run_20260926_014038_575179,5937,196,2026-09-26T01:43:57.755,12,63.5,681.0,372.25,True,
