run_id,frame_id,measurement_index,datetime,gap_id,region,inner_tick_id,outer_tick_id,gap_px,valid,invalid_reason
run_20260926_014038_575179,1,1,2026-09-26T01:40:39.081,1,left,0,1,,False,missing_tick_for_gap
run_20260926_014038_575179,1,1,2026-09-26T01:40:39.081,2,left,1,2,,False,missing_tick_for_gap
run_20260926_014038_575179,1,1,2026-09-26T01:40:39.081,3,left,2,3,,False,missing_tick_for_gap
run_20260926_014038_575179,1,1,2026-09-26T01:40:39.081,4,left,3,4,,False,missing_tick_for_gap
run_20260926_014038_575179,1,1,2026-09-26T01:40:39.081,5,left,4,5,,False,missing_tick_for_gap
run_20260926_014038_575179,1,1,2026-09-26T01:40:39.081,6,left,5,6,,False,missing_tick_for_gap
run_20260926_014038_575179,1,1,2026-09-26T01:40:39.081,7,left,6,7,,False,missing_tick_for_gap
run_20260926_014038_575179,1,1,2026-09-26T01:40:39.081,8,left,7,8,,False,missing_tick_for_gap
run_20260926_014038_575179,1,1,2026-09-26T01:40:39.081,9,left,8,9,,False,missing_tick_for_gap
run_20260926_014038_575179,1,1,2026-09-26T01:40:39.081,10,left,9,10,,False,missing_tick_for_gap
run_20260926_014038_575179,1,1,2026-09-26T01:40:39.081,11,left,10,11,,False,missing_tick_for_gap
run_20260926_014038_575179,1,1,2026-09-26T01:40:39.081,12,left,11,12,,False,missing_tick_for_gap
run_20260926_014038_575179,1,1,2026-09-26T01:40:39.081,1,right,0,1,,False,missing_tick_for_gap
run_20260926_014038_575179,1,1,2026-09-26T01:40:39.081,2,right,1,2,,False,missing_tick_for_gap
run_20260926_014038_575179,1,1,2026-09-26T01:40:39.081,3,right,2,3,,False,missing_tick_for_gap
run_20260926_014038_575179,1,1,2026-09-26T01:40:39.081,4,right,3,4,,False,missing_tick_for_gap
run_20260926_014038_575179,1,1,2026-09-26T01:40:39.081,5,right,4,5,,False,missing_tick_for_gap
run_20260926_014038_575179,1,1,2026-09-26T01:40:39.081,6,right,5,6,,False,missing_tick_for_gap
run_20260926_014038_575179,1,1,2026-09-26T01:40:39.081,7,right,6,7,,False,missing_tick_for_gap
run_20260926_014038_575179,1,1,2026-09-26T01:40:39.081,8,right,7,8,,False,missing_tick_for_gap
run_20260926_014038_575179,1,1,2026-09-26T01:40:39.081,9,right,8,9,,False,missing_tick_for_gap
run_20260926_014038_575179,1,1,2026-09-26T01:40:39.081,10,right,9,10,,False,missing_tick_for_gap
run_20260926_014038_575179,1,1,2026-09-26T01:40:39.081,11,right,10,11,,False,missing_tick_for_gap
run_20260926_014038_575179,1,1,2026-09-26T01:40:39.081,12,right,11,12,,False,missing_tick_for_gap
run_20260926_014038_575179,32,2,2026-09-26T01:40:40.113,1,left,0,1,,False,missing_tick_for_gap
run_20260926_014038_575179,32,2,2026-09-26T01:40:40.113,2,left,1,2,,False,missing_tick_for_gap
run_20260926_014038_575179,32,2,2026-09-26T01:40:40.113,3,left,2,3,,False,missing_tick_for_gap
run_20260926_014038_575179,32,2,2026-09-26T01:40:40.113,4,left,3,4,,False,missing_tick_for_gap
run_20260926_014038_575179,32,2,2026-09-26T01:40:40.113,5,left,4,5,,False,missing_tick_for_gap
run_20260926_014038_575179,32,2,2026-09-26T01:40:40.113,6,left,5,6,,False,missing_tick_for_gap
run_20260926_014038_575179,32,2,2026-09-26T01:40:40.113,7,left,6,7,,False,missing_tick_for_gap
run_20260926_014038_575179,32,2,2026-09-26T01:40:40.113,8,left,7,8,,False,missing_tick_for_gap
run_20260926_014038_575179,32,2,2026-09-26T01:40:40.113,9,left,8,9,,False,missing_tick_for_gap
run_20260926_014038_575179,32,2,2026-09-26T01:40:40.113,10,left,9,10,,False,missing_tick_for_gap
run_20260926_014038_575179,32,2,2026-09-26T01:40:40.113,11,left,10,11,,False,missing_tick_for_gap
run_20260926_014038_575179,32,2,2026-09-26T01:40:40.113,12,left,11,12,,False,missing_tick_for_gap
run_20260926_014038_575179,32,2,2026-09-26T01:40:40.113,1,right,0,1,,False,missing_tick_for_gap
run_20260926_014038_575179,32,2,2026-09-26T01:40:40.113,2,right,1,2,,False,missing_tick_for_gap
run_20260926_014038_575179,32,2,2026-09-26T01:40:40.113,3,right,2,3,,False,missing_tick_for_gap
run_20260926_014038_575179,32,2,2026-09-26T01:40:40.113,4,right,3,4,,False,missing_tick_for_gap
run_20260926_014038_575179,32,2,2026-09-26T01:40:40.113,5,right,4,5,,False,missing_tick_for_gap
run_20260926_014038_575179,32,2,2026-09-26T01:40:40.113,6,right,5,6,,False,missing_tick_for_gap
run_20260926_014038_575179,32,2,2026-09-26T01:40:40.113,7,right,6,7,,False,missing_tick_for_gap
run_20260926_014038_575179,32,2,2026-09-26T01:40:40.113,8,right,7,8,,False,missing_tick_for_gap
run_20260926_014038_575179,32,2,2026-09-26T01:40:40.113,9,right,8,9,,False,missing_tick_for_gap
run_20260926_014038_575179,32,2,2026-09-26T01:40:40.113,10,right,9,10,,False,missing_tick_for_gap
run_20260926_014038_575179,32,2,2026-09-26T01:40:40.113,11,right,10,11,,False,missing_tick_for_gap
run_20260926_014038_575179,32,2,2026-09-26T01:40:40.113,12,right,11,12,,False,missing_tick_for_gap
run_20260926_014038_575179,62,3,2026-09-26T01:40:41.113,1,left,0,1,,False,missing_tick_for_gap
run_20260926_014038_575179,62,3,2026-09-26T01:40:41.113,2,left,1,2,,False,missing_tick_for_gap
run_20260926_014038_575179,62,3,2026-09-26T01:40:41.113,3,left,2,3,,False,missing_tick_for_gap
run_20260926_014038_575179,62,3,2026-09-26T01:40:41.113,4,left,3,4,,False,missing_tick_for_gap
run_20260926_014038_575179,62,3,2026-09-26T01:40:41.113,5,left,4,5,,False,missing_tick_for_gap
run_20260926_014038_575179,62,3,2026-09-26T01:40:41.113,6,left,5,6,,False,missing_tick_for_gap
run_20260926_014038_575179,62,3,2026-09-26T01:40:41.113,7,left,6,7,,False,missing_tick_for_gap
run_20260926_014038_575179,62,3,2026-09-26T01:40:41.113,8,left,7,8,,False,missing_tick_for_gap
run_20260926_014038_575179,62,3,2026-09-26T01:40:41.113,9,left,8,9,,False,missing_tick_for_gap
run_20260926_014038_575179,62,3,2026-09-26T01:40:41.113,10,left,9,10,,False,missing_tick_for_gap
run_20260926_014038_575179,62,3,2026-09-26T01:40:41.113,11,left,10,11,,False,missing_tick_for_gap
run_20260926_014038_575179,62,3,2026-09-26T01:40:41.113,12,left,11,12,,False,missing_tick_for_gap
run_20260926_014038_575179,62,3,2026-09-26T01:40:41.113,1,right,0,1,,False,missing_tick_for_gap
run_20260926_014038_575179,62,3,2026-09-26T01:40:41.113,2,right,1,2,,False,missing_tick_for_gap
run_20260926_014038_575179,62,3,2026-09-26T01:40:41.113,3,right,2,3,,False,missing_tick_for_gap
run_20260926_014038_575179,62,3,2026-09-26T01:40:41.113,4,right,3,4,,False,missing_tick_for_gap
run_20260926_014038_575179,62,3,2026-09-26T01:40:41.113,5,right,4,5,,False,missing_tick_for_gap
run_20260926_014038_575179,62,3,2026-09-26T01:40:41.113,6,right,5,6,,False,missing_tick_for_gap
run_20260926_014038_575179,62,3,2026-09-26T01:40:41.113,7,right,6,7,,False,missing_tick_for_gap
run_20260926_014038_575179,62,3,2026-09-26T01:40:41.113,8,right,7,8,,False,missing_tick_for_gap
run_20260926_014038_575179,62,3,2026-09-26T01:40:41.113,9,right,8,9,,False,missing_tick_for_gap
run_20260926_014038_575179,62,3,2026-09-26T01:40:41.113,10,right,9,10,,False,missing_tick_for_gap
run_20260926_014038_575179,62,3,2026-09-26T01:40:41.113,11,right,10,11,,False,missing_tick_for_gap
run_20260926_014038_575179,62,3,2026-09-26T01:40:41.113,12,right,11,12,,False,missing_tick_for_gap
run_20260926_014038_575179,92,4,2026-09-26T01:40:42.113,1,left,0,1,,False,missing_tick_for_gap
run_20260926_014038_575179,92,4,2026-09-26T01:40:42.113,2,left,1,2,,False,missing_tick_for_gap
run_20260926_014038_575179,92,4,2026-09-26T01:40:42.113,3,left,2,3,,False,missing_tick_for_gap
run_20260926_014038_575179,92,4,2026-09-26T01:40:42.113,4,left,3,4,,False,missing_tick_for_gap
run_20260926_014038_575179,92,4,2026-09-26T01:40:42.113,5,left,4,5,,False,missing_tick_for_gap
run_20260926_014038_575179,92,4,2026-09-26T01:40:42.113,6,left,5,6,,False,missing_tick_for_gap
run_20260926_014038_575179,92,4,2026-09-26T01:40:42.113,7,left,6,7,,False,missing_tick_for_gap
run_20260926_014038_575179,92,4,2026-09-26T01:40:42.113,8,left,7,8,,False,missing_tick_for_gap
run_20260926_014038_575179,92,4,2026-09-26T01:40:42.113,9,left,8,9,,False,missing_tick_for_gap
run_20260926_014038_575179,92,4,2026-09-26T01:40:42.113,10,left,9,10,,False,missing_tick_for_gap
run_20260926_014038_575179,92,4,2026-09-26T01:40:42.113,11,left,10,11,,False,missing_tick_for_gap
run_20260926_014038_575179,92,4,2026-09-26T01:40:42.113,12,left,11,12,,False,missing_tick_for_gap
run_20260926_014038_575179,92,4,2026-09-26T01:40:42.113,1,right,0,1,,False,missing_tick_for_gap
run_20260926_014038_575179,92,4,2026-09-26T01:40:42.113,2,right,1,2,,False,missing_tick_for_gap
run_20260926_014038_575179,92,4,2026-09-26T01:40:42.113,3,right,2,3,,False,missing_tick_for_gap
run_20260926_014038_575179,92,4,2026-09-26T01:40:42.113,4,right,3,4,,False,missing_tick_for_gap
run_20260926_014038_575179,92,4,2026-09-26T01:40:42.113,5,right,4,5,,False,missing_tick_for_gap
run_20260926_014038_575179,92,4,2026-09-26T01:40:42.113,6,right,5,6,,False,missing_tick_for_gap
run_20260926_014038_575179,92,4,2026-09-26T01:40:42.113,7,right,6,7,,False,missing_tick_for_gap
run_20260926_014038_575179,92,4,2026-09-26T01:40:42.113,8,right,7,8,,False,missing_tick_for_gap
run_20260926_014038_575179,92,4,2026-09-26T01:40:42.113,9,right,8,9,,False,missing_tick_for_gap
run_20260926_014038_575179,92,4,2026-09-26T01:40:42.113,10,right,9,10,,False,missing_tick_for_gap
run_20260926_014038_575179,92,4,2026-09-26T01:40:42.113,11,right,10,11,,False,missing_tick_for_gap
run_20260926_014038_575179,92,4,2026-09-26T01:40:42.113,12,right,11,12,,False,missing_tick_for_gap
run_20260926_014038_575179,123,5,2026-09-26T01:40:43.149,1,left,0,1,,False,missing_tick_for_gap
run_20260926_014038_575179,123,5,2026-09-26T01:40:43.149,2,left,1,2,,False,missing_tick_for_gap
run_20260926_014038_575179,123,5,2026-09-26T01:40:43.149,3,left,2,3,,False,missing_tick_for_gap
run_20260926_014038_575179,123,5,2026-09-26T01:40:43.149,4,left,3,4,,False,missing_tick_for_gap
run_20260926_014038_575179,123,5,2026-09-26T01:40:43.149,5,left,4,5,,False,missing_tick_for_gap
run_20260926_014038_575179,123,5,2026-09-26T01:40:43.149,6,left,5,6,,False,missing_tick_for_gap
run_20260926_014038_575179,123,5,2026-09-26T01:40:43.149,7,left,6,7,,False,missing_tick_for_gap
run_20260926_014038_575179,123,5,2026-09-26T01:40:43.149,8,left,7,8,,False,missing_tick_for_gap
run_20260926_014038_575179,123,5,2026-09-26T01:40:43.149,9,left,8,9,,False,missing_tick_for_gap
run_20260926_014038_575179,123,5,2026-09-26T01:40:43.149,10,left,9,10,,False,missing_tick_for_gap
run_20260926_014038_575179,123,5,2026-09-26T01:40:43.149,11,left,10,11,,False,missing_tick_for_gap
run_20260926_014038_575179,123,5,2026-09-26T01:40:43.149,12,left,11,12,,False,missing_tick_for_gap
run_20260926_014038_575179,123,5,2026-09-26T01:40:43.149,1,right,0,1,,False,missing_tick_for_gap
run_20260926_014038_575179,123,5,2026-09-26T01:40:43.149,2,right,1,2,,False,missing_tick_for_gap
run_20260926_014038_575179,123,5,2026-09-26T01:40:43.149,3,right,2,3,,False,missing_tick_for_gap
run_20260926_014038_575179,123,5,2026-09-26T01:40:43.149,4,right,3,4,,False,missing_tick_for_gap
run_20260926_014038_575179,123,5,2026-09-26T01:40:43.149,5,right,4,5,,False,missing_tick_for_gap
run_20260926_014038_575179,123,5,2026-09-26T01:40:43.149,6,right,5,6,,False,missing_tick_for_gap
run_20260926_014038_575179,123,5,2026-09-26T01:40:43.149,7,right,6,7,,False,missing_tick_for_gap
run_20260926_014038_575179,123,5,2026-09-26T01:40:43.149,8,right,7,8,,False,missing_tick_for_gap
run_20260926_014038_575179,123,5,2026-09-26T01:40:43.149,9,right,8,9,,False,missing_tick_for_gap
run_20260926_014038_575179,123,5,2026-09-26T01:40:43.149,10,right,9,10,,False,missing_tick_for_gap
run_20260926_014038_575179,123,5,2026-09-26T01:40:43.149,11,right,10,11,,False,missing_tick_for_gap
run_20260926_014038_575179,123,5,2026-09-26T01:40:43.149,12,right,11,12,,False,missing_tick_for_gap
run_20260926_014038_575179,153,6,2026-09-26T01:40:44.150,1,left,0,1,,False,missing_tick_for_gap
run_20260926_014038_575179,153,6,2026-09-26T01:40:44.150,2,left,1,2,,False,missing_tick_for_gap
run_20260926_014038_575179,153,6,2026-09-26T01:40:44.150,3,left,2,3,,False,missing_tick_for_gap
run_20260926_014038_575179,153,6,2026-09-26T01:40:44.150,4,left,3,4,,False,missing_tick_for_gap
run_20260926_014038_575179,153,6,2026-09-26T01:40:44.150,5,left,4,5,,False,missing_tick_for_gap
run_20260926_014038_575179,153,6,2026-09-26T01:40:44.150,6,left,5,6,,False,missing_tick_for_gap
run_20260926_014038_575179,153,6,2026-09-26T01:40:44.150,7,left,6,7,,False,missing_tick_for_gap
run_20260926_014038_575179,153,6,2026-09-26T01:40:44.150,8,left,7,8,,False,missing_tick_for_gap
run_20260926_014038_575179,153,6,2026-09-26T01:40:44.150,9,left,8,9,,False,missing_tick_for_gap
run_20260926_014038_575179,153,6,2026-09-26T01:40:44.150,10,left,9,10,,False,missing_tick_for_gap
run_20260926_014038_575179,153,6,2026-09-26T01:40:44.150,11,left,10,11,,False,missing_tick_for_gap
run_20260926_014038_575179,153,6,2026-09-26T01:40:44.150,12,left,11,12,,False,missing_tick_for_gap
run_20260926_014038_575179,153,6,2026-09-26T01:40:44.150,1,right,0,1,,False,missing_tick_for_gap
run_20260926_014038_575179,153,6,2026-09-26T01:40:44.150,2,right,1,2,,False,missing_tick_for_gap
run_20260926_014038_575179,153,6,2026-09-26T01:40:44.150,3,right,2,3,,False,missing_tick_for_gap
run_20260926_014038_575179,153,6,2026-09-26T01:40:44.150,4,right,3,4,,False,missing_tick_for_gap
run_20260926_014038_575179,153,6,2026-09-26T01:40:44.150,5,right,4,5,,False,missing_tick_for_gap
run_20260926_014038_575179,153,6,2026-09-26T01:40:44.150,6,right,5,6,,False,missing_tick_for_gap
run_20260926_014038_575179,153,6,2026-09-26T01:40:44.150,7,right,6,7,,False,missing_tick_for_gap
run_20260926_014038_575179,153,6,2026-09-26T01:40:44.150,8,right,7,8,,False,missing_tick_for_gap
run_20260926_014038_575179,153,6,2026-09-26T01:40:44.150,9,right,8,9,,False,missing_tick_for_gap
run_20260926_014038_575179,153,6,2026-09-26T01:40:44.150,10,right,9,10,,False,missing_tick_for_gap
run_20260926_014038_575179,153,6,2026-09-26T01:40:44.150,11,right,10,11,,False,missing_tick_for_gap
run_20260926_014038_575179,153,6,2026-09-26T01:40:44.150,12,right,11,12,,False,missing_tick_for_gap
run_20260926_014038_575179,183,7,2026-09-26T01:40:45.151,1,left,0,1,,False,missing_tick_for_gap
run_20260926_014038_575179,183,7,2026-09-26T01:40:45.151,2,left,1,2,,False,missing_tick_for_gap
run_20260926_014038_575179,183,7,2026-09-26T01:40:45.151,3,left,2,3,,False,missing_tick_for_gap
run_20260926_014038_575179,183,7,2026-09-26T01:40:45.151,4,left,3,4,,False,missing_tick_for_gap
run_20260926_014038_575179,183,7,2026-09-26T01:40:45.151,5,left,4,5,,False,missing_tick_for_gap
run_20260926_014038_575179,183,7,2026-09-26T01:40:45.151,6,left,5,6,,False,missing_tick_for_gap
run_20260926_014038_575179,183,7,2026-09-26T01:40:45.151,7,left,6,7,,False,missing_tick_for_gap
run_20260926_014038_575179,183,7,2026-09-26T01:40:45.151,8,left,7,8,,False,missing_tick_for_gap
run_20260926_014038_575179,183,7,2026-09-26T01:40:45.151,9,left,8,9,,False,missing_tick_for_gap
run_20260926_014038_575179,183,7,2026-09-26T01:40:45.151,10,left,9,10,,False,missing_tick_for_gap
run_20260926_014038_575179,183,7,2026-09-26T01:40:45.151,11,left,10,11,,False,missing_tick_for_gap
run_20260926_014038_575179,183,7,2026-09-26T01:40:45.151,12,left,11,12,,False,missing_tick_for_gap
run_20260926_014038_575179,183,7,2026-09-26T01:40:45.151,1,right,0,1,,False,missing_tick_for_gap
run_20260926_014038_575179,183,7,2026-09-26T01:40:45.151,2,right,1,2,,False,missing_tick_for_gap
run_20260926_014038_575179,183,7,2026-09-26T01:40:45.151,3,right,2,3,,False,missing_tick_for_gap
run_20260926_014038_575179,183,7,2026-09-26T01:40:45.151,4,right,3,4,,False,missing_tick_for_gap
run_20260926_014038_575179,183,7,2026-09-26T01:40:45.151,5,right,4,5,,False,missing_tick_for_gap
run_20260926_014038_575179,183,7,2026-09-26T01:40:45.151,6,right,5,6,,False,missing_tick_for_gap
run_20260926_014038_575179,183,7,2026-09-26T01:40:45.151,7,right,6,7,,False,missing_tick_for_gap
run_20260926_014038_575179,183,7,2026-09-26T01:40:45.151,8,right,7,8,,False,missing_tick_for_gap
run_20260926_014038_575179,183,7,2026-09-26T01:40:45.151,9,right,8,9,,False,missing_tick_for_gap
run_20260926_014038_575179,183,7,2026-09-26T01:40:45.151,10,right,9,10,,False,missing_tick_for_gap
run_20260926_014038_575179,183,7,2026-09-26T01:40:45.151,11,right,10,11,,False,missing_tick_for_gap
run_20260926_014038_575179,183,7,2026-09-26T01:40:45.151,12,right,11,12,,False,missing_tick_for_gap
run_20260926_014038_575179,214,8,2026-09-26T01:40:46.182,1,left,0,1,,False,missing_tick_for_gap
run_20260926_014038_575179,214,8,2026-09-26T01:40:46.182,2,left,1,2,,False,missing_tick_for_gap
run_20260926_014038_575179,214,8,2026-09-26T01:40:46.182,3,left,2,3,,False,missing_tick_for_gap
run_20260926_014038_575179,214,8,2026-09-26T01:40:46.182,4,left,3,4,,False,missing_tick_for_gap
run_20260926_014038_575179,214,8,2026-09-26T01:40:46.182,5,left,4,5,,False,missing_tick_for_gap
run_20260926_014038_575179,214,8,2026-09-26T01:40:46.182,6,left,5,6,,False,missing_tick_for_gap
run_20260926_014038_575179,214,8,2026-09-26T01:40:46.182,7,left,6,7,,False,missing_tick_for_gap
run_20260926_014038_575179,214,8,2026-09-26T01:40:46.182,8,left,7,8,,False,missing_tick_for_gap
run_20260926_014038_575179,214,8,2026-09-26T01:40:46.182,9,left,8,9,,False,missing_tick_for_gap
run_20260926_014038_575179,214,8,2026-09-26T01:40:46.182,10,left,9,10,,False,missing_tick_for_gap
run_20260926_014038_575179,214,8,2026-09-26T01:40:46.182,11,left,10,11,,False,missing_tick_for_gap
run_20260926_014038_575179,214,8,2026-09-26T01:40:46.182,12,left,11,12,,False,missing_tick_for_gap
run_20260926_014038_575179,214,8,2026-09-26T01:40:46.182,1,right,0,1,,False,missing_tick_for_gap
run_20260926_014038_575179,214,8,2026-09-26T01:40:46.182,2,right,1,2,,False,missing_tick_for_gap
run_20260926_014038_575179,214,8,2026-09-26T01:40:46.182,3,right,2,3,,False,missing_tick_for_gap
run_20260926_014038_575179,214,8,2026-09-26T01:40:46.182,4,right,3,4,,False,missing_tick_for_gap
run_20260926_014038_575179,214,8,2026-09-26T01:40:46.182,5,right,4,5,,False,missing_tick_for_gap
run_20260926_014038_575179,214,8,2026-09-26T01:40:46.182,6,right,5,6,,False,missing_tick_for_gap
run_20260926_014038_575179,214,8,2026-09-26T01:40:46.182,7,right,6,7,,False,missing_tick_for_gap
run_20260926_014038_575179,214,8,2026-09-26T01:40:46.182,8,right,7,8,,False,missing_tick_for_gap
run_20260926_014038_575179,214,8,2026-09-26T01:40:46.182,9,right,8,9,,False,missing_tick_for_gap
run_20260926_014038_575179,214,8,2026-09-26T01:40:46.182,10,right,9,10,,False,missing_tick_for_gap
run_20260926_014038_575179,214,8,2026-09-26T01:40:46.182,11,right,10,11,,False,missing_tick_for_gap
run_20260926_014038_575179,214,8,2026-09-26T01:40:46.182,12,right,11,12,,False,missing_tick_for_gap
run_20260926_014038_575179,244,9,2026-09-26T01:40:47.183,1,left,0,1,,False,missing_tick_for_gap
run_20260926_014038_575179,244,9,2026-09-26T01:40:47.183,2,left,1,2,,False,missing_tick_for_gap
run_20260926_014038_575179,244,9,2026-09-26T01:40:47.183,3,left,2,3,,False,missing_tick_for_gap
run_20260926_014038_575179,244,9,2026-09-26T01:40:47.183,4,left,3,4,,False,missing_tick_for_gap
run_20260926_014038_575179,244,9,2026-09-26T01:40:47.183,5,left,4,5,,False,missing_tick_for_gap
run_20260926_014038_575179,244,9,2026-09-26T01:40:47.183,6,left,5,6,,False,missing_tick_for_gap
run_20260926_014038_575179,244,9,2026-09-26T01:40:47.183,7,left,6,7,,False,missing_tick_for_gap
run_20260926_014038_575179,244,9,2026-09-26T01:40:47.183,8,left,7,8,,False,missing_tick_for_gap
run_20260926_014038_575179,244,9,2026-09-26T01:40:47.183,9,left,8,9,,False,missing_tick_for_gap
run_20260926_014038_575179,244,9,2026-09-26T01:40:47.183,10,left,9,10,,False,missing_tick_for_gap
run_20260926_014038_575179,244,9,2026-09-26T01:40:47.183,11,left,10,11,,False,missing_tick_for_gap
run_20260926_014038_575179,244,9,2026-09-26T01:40:47.183,12,left,11,12,,False,missing_tick_for_gap
run_20260926_014038_575179,244,9,2026-09-26T01:40:47.183,1,right,0,1,,False,missing_tick_for_gap
run_20260926_014038_575179,244,9,2026-09-26T01:40:47.183,2,right,1,2,,False,missing_tick_for_gap
run_20260926_014038_575179,244,9,2026-09-26T01:40:47.183,3,right,2,3,,False,missing_tick_for_gap
run_20260926_014038_575179,244,9,2026-09-26T01:40:47.183,4,right,3,4,,False,missing_tick_for_gap
run_20260926_014038_575179,244,9,2026-09-26T01:40:47.183,5,right,4,5,,False,missing_tick_for_gap
run_20260926_014038_575179,244,9,2026-09-26T01:40:47.183,6,right,5,6,,False,missing_tick_for_gap
run_20260926_014038_575179,244,9,2026-09-26T01:40:47.183,7,right,6,7,,False,missing_tick_for_gap
run_20260926_014038_575179,244,9,2026-09-26T01:40:47.183,8,right,7,8,,False,missing_tick_for_gap
run_20260926_014038_575179,244,9,2026-09-26T01:40:47.183,9,right,8,9,,False,missing_tick_for_gap
run_20260926_014038_575179,244,9,2026-09-26T01:40:47.183,10,right,9,10,,False,missing_tick_for_gap
run_20260926_014038_575179,244,9,2026-09-26T01:40:47.183,11,right,10,11,,False,missing_tick_for_gap
run_20260926_014038_575179,244,9,2026-09-26T01:40:47.183,12,right,11,12,,False,missing_tick_for_gap
run_20260926_014038_575179,275,10,2026-09-26T01:40:48.217,1,left,0,1,,False,missing_tick_for_gap
run_20260926_014038_575179,275,10,2026-09-26T01:40:48.217,2,left,1,2,,False,missing_tick_for_gap
run_20260926_014038_575179,275,10,2026-09-26T01:40:48.217,3,left,2,3,,False,missing_tick_for_gap
run_20260926_014038_575179,275,10,2026-09-26T01:40:48.217,4,left,3,4,,False,missing_tick_for_gap
run_20260926_014038_575179,275,10,2026-09-26T01:40:48.217,5,left,4,5,,False,missing_tick_for_gap
run_20260926_014038_575179,275,10,2026-09-26T01:40:48.217,6,left,5,6,,False,missing_tick_for_gap
run_20260926_014038_575179,275,10,2026-09-26T01:40:48.217,7,left,6,7,,False,missing_tick_for_gap
run_20260926_014038_575179,275,10,2026-09-26T01:40:48.217,8,left,7,8,,False,missing_tick_for_gap
run_20260926_014038_575179,275,10,2026-09-26T01:40:48.217,9,left,8,9,,False,missing_tick_for_gap
run_20260926_014038_575179,275,10,2026-09-26T01:40:48.217,10,left,9,10,,False,missing_tick_for_gap
run_20260926_014038_575179,275,10,2026-09-26T01:40:48.217,11,left,10,11,,False,missing_tick_for_gap
run_20260926_014038_575179,275,10,2026-09-26T01:40:48.217,12,left,11,12,,False,missing_tick_for_gap
run_20260926_014038_575179,275,10,2026-09-26T01:40:48.217,1,right,0,1,,False,missing_tick_for_gap
run_20260926_014038_575179,275,10,2026-09-26T01:40:48.217,2,right,1,2,,False,missing_tick_for_gap
run_20260926_014038_575179,275,10,2026-09-26T01:40:48.217,3,right,2,3,,False,missing_tick_for_gap
run_20260926_014038_575179,275,10,2026-09-26T01:40:48.217,4,right,3,4,,False,missing_tick_for_gap
run_20260926_014038_575179,275,10,2026-09-26T01:40:48.217,5,right,4,5,,False,missing_tick_for_gap
run_20260926_014038_575179,275,10,2026-09-26T01:40:48.217,6,right,5,6,,False,missing_tick_for_gap
run_20260926_014038_575179,275,10,2026-09-26T01:40:48.217,7,right,6,7,,False,missing_tick_for_gap
run_20260926_014038_575179,275,10,2026-09-26T01:40:48.217,8,right,7,8,,False,missing_tick_for_gap
run_20260926_014038_575179,275,10,2026-09-26T01:40:48.217,9,right,8,9,,False,missing_tick_for_gap
run_20260926_014038_575179,275,10,2026-09-26T01:40:48.217,10,right,9,10,,False,missing_tick_for_gap
run_20260926_014038_575179,275,10,2026-09-26T01:40:48.217,11,right,10,11,,False,missing_tick_for_gap
run_20260926_014038_575179,275,10,2026-09-26T01:40:48.217,12,right,11,12,,False,missing_tick_for_gap
run_20260926_014038_575179,306,11,2026-09-26T01:40:49.250,1,left,0,1,,False,missing_tick_for_gap
run_20260926_014038_575179,306,11,2026-09-26T01:40:49.250,2,left,1,2,,False,missing_tick_for_gap
run_20260926_014038_575179,306,11,2026-09-26T01:40:49.250,3,left,2,3,,False,missing_tick_for_gap
run_20260926_014038_575179,306,11,2026-09-26T01:40:49.250,4,left,3,4,,False,missing_tick_for_gap
run_20260926_014038_575179,306,11,2026-09-26T01:40:49.250,5,left,4,5,,False,missing_tick_for_gap
run_20260926_014038_575179,306,11,2026-09-26T01:40:49.250,6,left,5,6,,False,missing_tick_for_gap
run_20260926_014038_575179,306,11,2026-09-26T01:40:49.250,7,left,6,7,,False,missing_tick_for_gap
run_20260926_014038_575179,306,11,2026-09-26T01:40:49.250,8,left,7,8,,False,missing_tick_for_gap
run_20260926_014038_575179,306,11,2026-09-26T01:40:49.250,9,left,8,9,,False,missing_tick_for_gap
run_20260926_014038_575179,306,11,2026-09-26T01:40:49.250,10,left,9,10,,False,missing_tick_for_gap
run_20260926_014038_575179,306,11,2026-09-26T01:40:49.250,11,left,10,11,,False,missing_tick_for_gap
run_20260926_014038_575179,306,11,2026-09-26T01:40:49.250,12,left,11,12,,False,missing_tick_for_gap
run_20260926_014038_575179,306,11,2026-09-26T01:40:49.250,1,right,0,1,,False,missing_tick_for_gap
run_20260926_014038_575179,306,11,2026-09-26T01:40:49.250,2,right,1,2,,False,missing_tick_for_gap
run_20260926_014038_575179,306,11,2026-09-26T01:40:49.250,3,right,2,3,,False,missing_tick_for_gap
run_20260926_014038_575179,306,11,2026-09-26T01:40:49.250,4,right,3,4,,False,missing_tick_for_gap
run_20260926_014038_575179,306,11,2026-09-26T01:40:49.250,5,right,4,5,,False,missing_tick_for_gap
run_20260926_014038_575179,306,11,2026-09-26T01:40:49.250,6,right,5,6,,False,missing_tick_for_gap
run_20260926_014038_575179,306,11,2026-09-26T01:40:49.250,7,right,6,7,,False,missing_tick_for_gap
run_20260926_014038_575179,306,11,2026-09-26T01:40:49.250,8,right,7,8,,False,missing_tick_for_gap
run_20260926_014038_575179,306,11,2026-09-26T01:40:49.250,9,right,8,9,,False,missing_tick_for_gap
run_20260926_014038_575179,306,11,2026-09-26T01:40:49.250,10,right,9,10,,False,missing_tick_for_gap
run_20260926_014038_575179,306,11,2026-09-26T01:40:49.250,11,right,10,11,,False,missing_tick_for_gap
run_20260926_014038_575179,306,11,2026-09-26T01:40:49.250,12,right,11,12,,False,missing_tick_for_gap
run_20260926_014038_575179,337,12,2026-09-26T01:40:50.282,1,left,0,1,,False,missing_tick_for_gap
run_20260926_014038_575179,337,12,2026-09-26T01:40:50.282,2,left,1,2,,False,missing_tick_for_gap
run_20260926_014038_575179,337,12,2026-09-26T01:40:50.282,3,left,2,3,,False,missing_tick_for_gap
run_20260926_014038_575179,337,12,2026-09-26T01:40:50.282,4,left,3,4,,False,missing_tick_for_gap
run_20260926_014038_575179,337,12,2026-09-26T01:40:50.282,5,left,4,5,,False,missing_tick_for_gap
run_20260926_014038_575179,337,12,2026-09-26T01:40:50.282,6,left,5,6,,False,missing_tick_for_gap
run_20260926_014038_575179,337,12,2026-09-26T01:40:50.282,7,left,6,7,,False,missing_tick_for_gap
run_20260926_014038_575179,337,12,2026-09-26T01:40:50.282,8,left,7,8,,False,missing_tick_for_gap
run_20260926_014038_575179,337,12,2026-09-26T01:40:50.282,9,left,8,9,,False,missing_tick_for_gap
run_20260926_014038_575179,337,12,2026-09-26T01:40:50.282,10,left,9,10,,False,missing_tick_for_gap
run_20260926_014038_575179,337,12,2026-09-26T01:40:50.282,11,left,10,11,,False,missing_tick_for_gap
run_20260926_014038_575179,337,12,2026-09-26T01:40:50.282,12,left,11,12,,False,missing_tick_for_gap
run_20260926_014038_575179,337,12,2026-09-26T01:40:50.282,1,right,0,1,,False,missing_tick_for_gap
run_20260926_014038_575179,337,12,2026-09-26T01:40:50.282,2,right,1,2,,False,missing_tick_for_gap
run_20260926_014038_575179,337,12,2026-09-26T01:40:50.282,3,right,2,3,,False,missing_tick_for_gap
run_20260926_014038_575179,337,12,2026-09-26T01:40:50.282,4,right,3,4,,False,missing_tick_for_gap
run_20260926_014038_575179,337,12,2026-09-26T01:40:50.282,5,right,4,5,,False,missing_tick_for_gap
run_20260926_014038_575179,337,12,2026-09-26T01:40:50.282,6,right,5,6,,False,missing_tick_for_gap
run_20260926_014038_575179,337,12,2026-09-26T01:40:50.282,7,right,6,7,,False,missing_tick_for_gap
run_20260926_014038_575179,337,12,2026-09-26T01:40:50.282,8,right,7,8,,False,missing_tick_for_gap
run_20260926_014038_575179,337,12,2026-09-26T01:40:50.282,9,right,8,9,,False,missing_tick_for_gap
run_20260926_014038_575179,337,12,2026-09-26T01:40:50.282,10,right,9,10,,False,missing_tick_for_gap
run_20260926_014038_575179,337,12,2026-09-26T01:40:50.282,11,right,10,11,,False,missing_tick_for_gap
run_20260926_014038_575179,337,12,2026-09-26T01:40:50.282,12,right,11,12,,False,missing_tick_for_gap
run_20260926_014038_575179,367,13,2026-09-26T01:40:51.283,1,left,0,1,,False,missing_tick_for_gap
run_20260926_014038_575179,367,13,2026-09-26T01:40:51.283,2,left,1,2,,False,missing_tick_for_gap
run_20260926_014038_575179,367,13,2026-09-26T01:40:51.283,3,left,2,3,,False,missing_tick_for_gap
run_20260926_014038_575179,367,13,2026-09-26T01:40:51.283,4,left,3,4,,False,missing_tick_for_gap
run_20260926_014038_575179,367,13,2026-09-26T01:40:51.283,5,left,4,5,,False,missing_tick_for_gap
run_20260926_014038_575179,367,13,2026-09-26T01:40:51.283,6,left,5,6,,False,missing_tick_for_gap
run_20260926_014038_575179,367,13,2026-09-26T01:40:51.283,7,left,6,7,,False,missing_tick_for_gap
run_20260926_014038_575179,367,13,2026-09-26T01:40:51.283,8,left,7,8,,False,missing_tick_for_gap
run_20260926_014038_575179,367,13,2026-09-26T01:40:51.283,9,left,8,9,,False,missing_tick_for_gap
run_20260926_014038_575179,367,13,2026-09-26T01:40:51.283,10,left,9,10,,False,missing_tick_for_gap
run_20260926_014038_575179,367,13,2026-09-26T01:40:51.283,11,left,10,11,,False,missing_tick_for_gap
run_20260926_014038_575179,367,13,2026-09-26T01:40:51.283,12,left,11,12,,False,missing_tick_for_gap
run_20260926_014038_575179,367,13,2026-09-26T01:40:51.283,1,right,0,1,,False,missing_tick_for_gap
run_20260926_014038_575179,367,13,2026-09-26T01:40:51.283,2,right,1,2,,False,missing_tick_for_gap
run_20260926_014038_575179,367,13,2026-09-26T01:40:51.283,3,right,2,3,,False,missing_tick_for_gap
run_20260926_014038_575179,367,13,2026-09-26T01:40:51.283,4,right,3,4,,False,missing_tick_for_gap
run_20260926_014038_575179,367,13,2026-09-26T01:40:51.283,5,right,4,5,,False,missing_tick_for_gap
run_20260926_014038_575179,367,13,2026-09-26T01:40:51.283,6,right,5,6,,False,missing_tick_for_gap
run_20260926_014038_575179,367,13,2026-09-26T01:40:51.283,7,right,6,7,,False,missing_tick_for_gap
run_20260926_014038_575179,367,13,2026-09-26T01:40:51.283,8,right,7,8,,False,missing_tick_for_gap
run_20260926_014038_575179,367,13,2026-09-26T01:40:51.283,9,right,8,9,,False,missing_tick_for_gap
run_20260926_014038_575179,367,13,2026-09-26T01:40:51.283,10,right,9,10,,False,missing_tick_for_gap
run_20260926_014038_575179,367,13,2026-09-26T01:40:51.283,11,right,10,11,,False,missing_tick_for_gap
run_20260926_014038_575179,367,13,2026-09-26T01:40:51.283,12,right,11,12,,False,missing_tick_for_gap
run_20260926_014038_575179,398,14,2026-09-26T01:40:52.315,1,left,0,1,,False,missing_tick_for_gap
run_20260926_014038_575179,398,14,2026-09-26T01:40:52.315,2,left,1,2,,False,missing_tick_for_gap
run_20260926_014038_575179,398,14,2026-09-26T01:40:52.315,3,left,2,3,,False,missing_tick_for_gap
run_20260926_014038_575179,398,14,2026-09-26T01:40:52.315,4,left,3,4,,False,missing_tick_for_gap
run_20260926_014038_575179,398,14,2026-09-26T01:40:52.315,5,left,4,5,,False,missing_tick_for_gap
run_20260926_014038_575179,398,14,2026-09-26T01:40:52.315,6,left,5,6,,False,missing_tick_for_gap
run_20260926_014038_575179,398,14,2026-09-26T01:40:52.315,7,left,6,7,,False,missing_tick_for_gap
run_20260926_014038_575179,398,14,2026-09-26T01:40:52.315,8,left,7,8,,False,missing_tick_for_gap
run_20260926_014038_575179,398,14,2026-09-26T01:40:52.315,9,left,8,9,,False,missing_tick_for_gap
run_20260926_014038_575179,398,14,2026-09-26T01:40:52.315,10,left,9,10,,False,missing_tick_for_gap
run_20260926_014038_575179,398,14,2026-09-26T01:40:52.315,11,left,10,11,,False,missing_tick_for_gap
run_20260926_014038_575179,398,14,2026-09-26T01:40:52.315,12,left,11,12,,False,missing_tick_for_gap
run_20260926_014038_575179,398,14,2026-09-26T01:40:52.315,1,right,0,1,,False,missing_tick_for_gap
run_20260926_014038_575179,398,14,2026-09-26T01:40:52.315,2,right,1,2,,False,missing_tick_for_gap
run_20260926_014038_575179,398,14,2026-09-26T01:40:52.315,3,right,2,3,,False,missing_tick_for_gap
run_20260926_014038_575179,398,14,2026-09-26T01:40:52.315,4,right,3,4,,False,missing_tick_for_gap
run_20260926_014038_575179,398,14,2026-09-26T01:40:52.315,5,right,4,5,,False,missing_tick_for_gap
run_20260926_014038_575179,398,14,2026-09-26T01:40:52.315,6,right,5,6,,False,missing_tick_for_gap
run_20260926_014038_575179,398,14,2026-09-26T01:40:52.315,7,right,6,7,,False,missing_tick_for_gap
run_20260926_014038_575179,398,14,2026-09-26T01:40:52.315,8,right,7,8,,False,missing_tick_for_gap
run_20260926_014038_575179,398,14,2026-09-26T01:40:52.315,9,right,8,9,,False,missing_tick_for_gap
run_20260926_014038_575179,398,14,2026-09-26T01:40:52.315,10,right,9,10,,False,missing_tick_for_gap
run_20260926_014038_575179,398,14,2026-09-26T01:40:52.315,11,right,10,11,,False,missing_tick_for_gap
run_20260926_014038_575179,398,14,2026-09-26T01:40:52.315,12,right,11,12,,False,missing_tick_for_gap
run_20260926_014038_575179,428,15,2026-09-26T01:40:53.315,1,left,0,1,,False,missing_tick_for_gap
run_20260926_014038_575179,428,15,2026-09-26T01:40:53.315,2,left,1,2,,False,missing_tick_for_gap
run_20260926_014038_575179,428,15,2026-09-26T01:40:53.315,3,left,2,3,,False,missing_tick_for_gap
run_20260926_014038_575179,428,15,2026-09-26T01:40:53.315,4,left,3,4,,False,missing_tick_for_gap
run_20260926_014038_575179,428,15,2026-09-26T01:40:53.315,5,left,4,5,,False,missing_tick_for_gap
run_20260926_014038_575179,428,15,2026-09-26T01:40:53.315,6,left,5,6,,False,missing_tick_for_gap
run_20260926_014038_575179,428,15,2026-09-26T01:40:53.315,7,left,6,7,,False,missing_tick_for_gap
run_20260926_014038_575179,428,15,2026-09-26T01:40:53.315,8,left,7,8,,False,missing_tick_for_gap
run_20260926_014038_575179,428,15,2026-09-26T01:40:53.315,9,left,8,9,,False,missing_tick_for_gap
run_20260926_014038_575179,428,15,2026-09-26T01:40:53.315,10,left,9,10,,False,missing_tick_for_gap
run_20260926_014038_575179,428,15,2026-09-26T01:40:53.315,11,left,10,11,,False,missing_tick_for_gap
run_20260926_014038_575179,428,15,2026-09-26T01:40:53.315,12,left,11,12,,False,missing_tick_for_gap
run_20260926_014038_575179,428,15,2026-09-26T01:40:53.315,1,right,0,1,,False,missing_tick_for_gap
run_20260926_014038_575179,428,15,2026-09-26T01:40:53.315,2,right,1,2,,False,missing_tick_for_gap
run_20260926_014038_575179,428,15,2026-09-26T01:40:53.315,3,right,2,3,,False,missing_tick_for_gap
run_20260926_014038_575179,428,15,2026-09-26T01:40:53.315,4,right,3,4,,False,missing_tick_for_gap
run_20260926_014038_575179,428,15,2026-09-26T01:40:53.315,5,right,4,5,,False,missing_tick_for_gap
run_20260926_014038_575179,428,15,2026-09-26T01:40:53.315,6,right,5,6,,False,missing_tick_for_gap
run_20260926_014038_575179,428,15,2026-09-26T01:40:53.315,7,right,6,7,,False,missing_tick_for_gap
run_20260926_014038_575179,428,15,2026-09-26T01:40:53.315,8,right,7,8,,False,missing_tick_for_gap
run_20260926_014038_575179,428,15,2026-09-26T01:40:53.315,9,right,8,9,,False,missing_tick_for_gap
run_20260926_014038_575179,428,15,2026-09-26T01:40:53.315,10,right,9,10,,False,missing_tick_for_gap
run_20260926_014038_575179,428,15,2026-09-26T01:40:53.315,11,right,10,11,,False,missing_tick_for_gap
run_20260926_014038_575179,428,15,2026-09-26T01:40:53.315,12,right,11,12,,False,missing_tick_for_gap
run_20260926_014038_575179,458,16,2026-09-26T01:40:54.315,1,left,0,1,,False,missing_tick_for_gap
run_20260926_014038_575179,458,16,2026-09-26T01:40:54.315,2,left,1,2,,False,missing_tick_for_gap
run_20260926_014038_575179,458,16,2026-09-26T01:40:54.315,3,left,2,3,,False,missing_tick_for_gap
run_20260926_014038_575179,458,16,2026-09-26T01:40:54.315,4,left,3,4,,False,missing_tick_for_gap
run_20260926_014038_575179,458,16,2026-09-26T01:40:54.315,5,left,4,5,,False,missing_tick_for_gap
run_20260926_014038_575179,458,16,2026-09-26T01:40:54.315,6,left,5,6,,False,missing_tick_for_gap
run_20260926_014038_575179,458,16,2026-09-26T01:40:54.315,7,left,6,7,,False,missing_tick_for_gap
run_20260926_014038_575179,458,16,2026-09-26T01:40:54.315,8,left,7,8,,False,missing_tick_for_gap
run_20260926_014038_575179,458,16,2026-09-26T01:40:54.315,9,left,8,9,,False,missing_tick_for_gap
run_20260926_014038_575179,458,16,2026-09-26T01:40:54.315,10,left,9,10,,False,missing_tick_for_gap
run_20260926_014038_575179,458,16,2026-09-26T01:40:54.315,11,left,10,11,,False,missing_tick_for_gap
run_20260926_014038_575179,458,16,2026-09-26T01:40:54.315,12,left,11,12,,False,missing_tick_for_gap
run_20260926_014038_575179,458,16,2026-09-26T01:40:54.315,1,right,0,1,,False,missing_tick_for_gap
run_20260926_014038_575179,458,16,2026-09-26T01:40:54.315,2,right,1,2,,False,missing_tick_for_gap
run_20260926_014038_575179,458,16,2026-09-26T01:40:54.315,3,right,2,3,,False,missing_tick_for_gap
run_20260926_014038_575179,458,16,2026-09-26T01:40:54.315,4,right,3,4,,False,missing_tick_for_gap
run_20260926_014038_575179,458,16,2026-09-26T01:40:54.315,5,right,4,5,,False,missing_tick_for_gap
run_20260926_014038_575179,458,16,2026-09-26T01:40:54.315,6,right,5,6,,False,missing_tick_for_gap
run_20260926_014038_575179,458,16,2026-09-26T01:40:54.315,7,right,6,7,,False,missing_tick_for_gap
run_20260926_014038_575179,458,16,2026-09-26T01:40:54.315,8,right,7,8,,False,missing_tick_for_gap
run_20260926_014038_575179,458,16,2026-09-26T01:40:54.315,9,right,8,9,,False,missing_tick_for_gap
run_20260926_014038_575179,458,16,2026-09-26T01:40:54.315,10,right,9,10,,False,missing_tick_for_gap
run_20260926_014038_575179,458,16,2026-09-26T01:40:54.315,11,right,10,11,,False,missing_tick_for_gap
run_20260926_014038_575179,458,16,2026-09-26T01:40:54.315,12,right,11,12,,False,missing_tick_for_gap
run_20260926_014038_575179,488,17,2026-09-26T01:40:55.316,1,left,0,1,,False,missing_tick_for_gap
run_20260926_014038_575179,488,17,2026-09-26T01:40:55.316,2,left,1,2,,False,missing_tick_for_gap
run_20260926_014038_575179,488,17,2026-09-26T01:40:55.316,3,left,2,3,,False,missing_tick_for_gap
run_20260926_014038_575179,488,17,2026-09-26T01:40:55.316,4,left,3,4,,False,missing_tick_for_gap
run_20260926_014038_575179,488,17,2026-09-26T01:40:55.316,5,left,4,5,,False,missing_tick_for_gap
run_20260926_014038_575179,488,17,2026-09-26T01:40:55.316,6,left,5,6,,False,missing_tick_for_gap
run_20260926_014038_575179,488,17,2026-09-26T01:40:55.316,7,left,6,7,,False,missing_tick_for_gap
run_20260926_014038_575179,488,17,2026-09-26T01:40:55.316,8,left,7,8,,False,missing_tick_for_gap
run_20260926_014038_575179,488,17,2026-09-26T01:40:55.316,9,left,8,9,,False,missing_tick_for_gap
run_20260926_014038_575179,488,17,2026-09-26T01:40:55.316,10,left,9,10,,False,missing_tick_for_gap
run_20260926_014038_575179,488,17,2026-09-26T01:40:55.316,11,left,10,11,,False,missing_tick_for_gap
run_20260926_014038_575179,488,17,2026-09-26T01:40:55.316,12,left,11,12,,False,missing_tick_for_gap
run_20260926_014038_575179,488,17,2026-09-26T01:40:55.316,1,right,0,1,,False,missing_tick_for_gap
run_20260926_014038_575179,488,17,2026-09-26T01:40:55.316,2,right,1,2,,False,missing_tick_for_gap
run_20260926_014038_575179,488,17,2026-09-26T01:40:55.316,3,right,2,3,,False,missing_tick_for_gap
run_20260926_014038_575179,488,17,2026-09-26T01:40:55.316,4,right,3,4,,False,missing_tick_for_gap
run_20260926_014038_575179,488,17,2026-09-26T01:40:55.316,5,right,4,5,,False,missing_tick_for_gap
run_20260926_014038_575179,488,17,2026-09-26T01:40:55.316,6,right,5,6,,False,missing_tick_for_gap
run_20260926_014038_575179,488,17,2026-09-26T01:40:55.316,7,right,6,7,,False,missing_tick_for_gap
run_20260926_014038_575179,488,17,2026-09-26T01:40:55.316,8,right,7,8,,False,missing_tick_for_gap
run_20260926_014038_575179,488,17,2026-09-26T01:40:55.316,9,right,8,9,,False,missing_tick_for_gap
run_20260926_014038_575179,488,17,2026-09-26T01:40:55.316,10,right,9,10,,False,missing_tick_for_gap
run_20260926_014038_575179,488,17,2026-09-26T01:40:55.316,11,right,10,11,,False,missing_tick_for_gap
run_20260926_014038_575179,488,17,2026-09-26T01:40:55.316,12,right,11,12,,False,missing_tick_for_gap
run_20260926_014038_575179,519,18,2026-09-26T01:40:56.351,1,left,0,1,,False,missing_tick_for_gap
run_20260926_014038_575179,519,18,2026-09-26T01:40:56.351,2,left,1,2,,False,missing_tick_for_gap
run_20260926_014038_575179,519,18,2026-09-26T01:40:56.351,3,left,2,3,,False,missing_tick_for_gap
run_20260926_014038_575179,519,18,2026-09-26T01:40:56.351,4,left,3,4,,False,missing_tick_for_gap
run_20260926_014038_575179,519,18,2026-09-26T01:40:56.351,5,left,4,5,,False,missing_tick_for_gap
run_20260926_014038_575179,519,18,2026-09-26T01:40:56.351,6,left,5,6,,False,missing_tick_for_gap
run_20260926_014038_575179,519,18,2026-09-26T01:40:56.351,7,left,6,7,,False,missing_tick_for_gap
run_20260926_014038_575179,519,18,2026-09-26T01:40:56.351,8,left,7,8,,False,missing_tick_for_gap
run_20260926_014038_575179,519,18,2026-09-26T01:40:56.351,9,left,8,9,,False,missing_tick_for_gap
run_20260926_014038_575179,519,18,2026-09-26T01:40:56.351,10,left,9,10,,False,missing_tick_for_gap
run_20260926_014038_575179,519,18,2026-09-26T01:40:56.351,11,left,10,11,,False,missing_tick_for_gap
run_20260926_014038_575179,519,18,2026-09-26T01:40:56.351,12,left,11,12,,False,missing_tick_for_gap
run_20260926_014038_575179,519,18,2026-09-26T01:40:56.351,1,right,0,1,,False,missing_tick_for_gap
run_20260926_014038_575179,519,18,2026-09-26T01:40:56.351,2,right,1,2,,False,missing_tick_for_gap
run_20260926_014038_575179,519,18,2026-09-26T01:40:56.351,3,right,2,3,,False,missing_tick_for_gap
run_20260926_014038_575179,519,18,2026-09-26T01:40:56.351,4,right,3,4,,False,missing_tick_for_gap
run_20260926_014038_575179,519,18,2026-09-26T01:40:56.351,5,right,4,5,,False,missing_tick_for_gap
run_20260926_014038_575179,519,18,2026-09-26T01:40:56.351,6,right,5,6,,False,missing_tick_for_gap
run_20260926_014038_575179,519,18,2026-09-26T01:40:56.351,7,right,6,7,,False,missing_tick_for_gap
run_20260926_014038_575179,519,18,2026-09-26T01:40:56.351,8,right,7,8,,False,missing_tick_for_gap
run_20260926_014038_575179,519,18,2026-09-26T01:40:56.351,9,right,8,9,,False,missing_tick_for_gap
run_20260926_014038_575179,519,18,2026-09-26T01:40:56.351,10,right,9,10,,False,missing_tick_for_gap
run_20260926_014038_575179,519,18,2026-09-26T01:40:56.351,11,right,10,11,,False,missing_tick_for_gap
run_20260926_014038_575179,519,18,2026-09-26T01:40:56.351,12,right,11,12,,False,missing_tick_for_gap
run_20260926_014038_575179,550,19,2026-09-26T01:40:57.382,1,left,0,1,,False,missing_tick_for_gap
run_20260926_014038_575179,550,19,2026-09-26T01:40:57.382,2,left,1,2,,False,missing_tick_for_gap
run_20260926_014038_575179,550,19,2026-09-26T01:40:57.382,3,left,2,3,,False,missing_tick_for_gap
run_20260926_014038_575179,550,19,2026-09-26T01:40:57.382,4,left,3,4,,False,missing_tick_for_gap
run_20260926_014038_575179,550,19,2026-09-26T01:40:57.382,5,left,4,5,,False,missing_tick_for_gap
run_20260926_014038_575179,550,19,2026-09-26T01:40:57.382,6,left,5,6,,False,missing_tick_for_gap
run_20260926_014038_575179,550,19,2026-09-26T01:40:57.382,7,left,6,7,,False,missing_tick_for_gap
run_20260926_014038_575179,550,19,2026-09-26T01:40:57.382,8,left,7,8,,False,missing_tick_for_gap
run_20260926_014038_575179,550,19,2026-09-26T01:40:57.382,9,left,8,9,,False,missing_tick_for_gap
run_20260926_014038_575179,550,19,2026-09-26T01:40:57.382,10,left,9,10,,False,missing_tick_for_gap
run_20260926_014038_575179,550,19,2026-09-26T01:40:57.382,11,left,10,11,,False,missing_tick_for_gap
run_20260926_014038_575179,550,19,2026-09-26T01:40:57.382,12,left,11,12,,False,missing_tick_for_gap
run_20260926_014038_575179,550,19,2026-09-26T01:40:57.382,1,right,0,1,,False,missing_tick_for_gap
run_20260926_014038_575179,550,19,2026-09-26T01:40:57.382,2,right,1,2,,False,missing_tick_for_gap
run_20260926_014038_575179,550,19,2026-09-26T01:40:57.382,3,right,2,3,,False,missing_tick_for_gap
run_20260926_014038_575179,550,19,2026-09-26T01:40:57.382,4,right,3,4,,False,missing_tick_for_gap
run_20260926_014038_575179,550,19,2026-09-26T01:40:57.382,5,right,4,5,,False,missing_tick_for_gap
run_20260926_014038_575179,550,19,2026-09-26T01:40:57.382,6,right,5,6,,False,missing_tick_for_gap
run_20260926_014038_575179,550,19,2026-09-26T01:40:57.382,7,right,6,7,,False,missing_tick_for_gap
run_20260926_014038_575179,550,19,2026-09-26T01:40:57.382,8,right,7,8,,False,missing_tick_for_gap
run_20260926_014038_575179,550,19,2026-09-26T01:40:57.382,9,right,8,9,,False,missing_tick_for_gap
run_20260926_014038_575179,550,19,2026-09-26T01:40:57.382,10,right,9,10,,False,missing_tick_for_gap
run_20260926_014038_575179,550,19,2026-09-26T01:40:57.382,11,right,10,11,,False,missing_tick_for_gap
run_20260926_014038_575179,550,19,2026-09-26T01:40:57.382,12,right,11,12,,False,missing_tick_for_gap
run_20260926_014038_575179,580,20,2026-09-26T01:40:58.382,1,left,0,1,,False,missing_tick_for_gap
run_20260926_014038_575179,580,20,2026-09-26T01:40:58.382,2,left,1,2,,False,missing_tick_for_gap
run_20260926_014038_575179,580,20,2026-09-26T01:40:58.382,3,left,2,3,,False,missing_tick_for_gap
run_20260926_014038_575179,580,20,2026-09-26T01:40:58.382,4,left,3,4,,False,missing_tick_for_gap
run_20260926_014038_575179,580,20,2026-09-26T01:40:58.382,5,left,4,5,,False,missing_tick_for_gap
run_20260926_014038_575179,580,20,2026-09-26T01:40:58.382,6,left,5,6,,False,missing_tick_for_gap
run_20260926_014038_575179,580,20,2026-09-26T01:40:58.382,7,left,6,7,,False,missing_tick_for_gap
run_20260926_014038_575179,580,20,2026-09-26T01:40:58.382,8,left,7,8,,False,missing_tick_for_gap
run_20260926_014038_575179,580,20,2026-09-26T01:40:58.382,9,left,8,9,,False,missing_tick_for_gap
run_20260926_014038_575179,580,20,2026-09-26T01:40:58.382,10,left,9,10,,False,missing_tick_for_gap
run_20260926_014038_575179,580,20,2026-09-26T01:40:58.382,11,left,10,11,,False,missing_tick_for_gap
run_20260926_014038_575179,580,20,2026-09-26T01:40:58.382,12,left,11,12,,False,missing_tick_for_gap
run_20260926_014038_575179,580,20,2026-09-26T01:40:58.382,1,right,0,1,,False,missing_tick_for_gap
run_20260926_014038_575179,580,20,2026-09-26T01:40:58.382,2,right,1,2,,False,missing_tick_for_gap
run_20260926_014038_575179,580,20,2026-09-26T01:40:58.382,3,right,2,3,,False,missing_tick_for_gap
run_20260926_014038_575179,580,20,2026-09-26T01:40:58.382,4,right,3,4,,False,missing_tick_for_gap
run_20260926_014038_575179,580,20,2026-09-26T01:40:58.382,5,right,4,5,,False,missing_tick_for_gap
run_20260926_014038_575179,580,20,2026-09-26T01:40:58.382,6,right,5,6,,False,missing_tick_for_gap
run_20260926_014038_575179,580,20,2026-09-26T01:40:58.382,7,right,6,7,,False,missing_tick_for_gap
run_20260926_014038_575179,580,20,2026-09-26T01:40:58.382,8,right,7,8,,False,missing_tick_for_gap
run_20260926_014038_575179,580,20,2026-09-26T01:40:58.382,9,right,8,9,,False,missing_tick_for_gap
run_20260926_014038_575179,580,20,2026-09-26T01:40:58.382,10,right,9,10,,False,missing_tick_for_gap
run_20260926_014038_575179,580,20,2026-09-26T01:40:58.382,11,right,10,11,,False,missing_tick_for_gap
run_20260926_014038_575179,580,20,2026-09-26T01:40:58.382,12,right,11,12,,False,missing_tick_for_gap
run_20260926_014038_575179,610,21,2026-09-26T01:40:59.383,1,left,0,1,,False,missing_tick_for_gap
run_20260926_014038_575179,610,21,2026-09-26T01:40:59.383,2,left,1,2,,False,missing_tick_for_gap
run_20260926_014038_575179,610,21,2026-09-26T01:40:59.383,3,left,2,3,,False,missing_tick_for_gap
run_20260926_014038_575179,610,21,2026-09-26T01:40:59.383,4,left,3,4,,False,missing_tick_for_gap
run_20260926_014038_575179,610,21,2026-09-26T01:40:59.383,5,left,4,5,,False,missing_tick_for_gap
run_20260926_014038_575179,610,21,2026-09-26T01:40:59.383,6,left,5,6,,False,missing_tick_for_gap
run_20260926_014038_575179,610,21,2026-09-26T01:40:59.383,7,left,6,7,,False,missing_tick_for_gap
run_20260926_014038_575179,610,21,2026-09-26T01:40:59.383,8,left,7,8,,False,missing_tick_for_gap
run_20260926_014038_575179,610,21,2026-09-26T01:40:59.383,9,left,8,9,,False,missing_tick_for_gap
run_20260926_014038_575179,610,21,2026-09-26T01:40:59.383,10,left,9,10,,False,missing_tick_for_gap
run_20260926_014038_575179,610,21,2026-09-26T01:40:59.383,11,left,10,11,,False,missing_tick_for_gap
run_20260926_014038_575179,610,21,2026-09-26T01:40:59.383,12,left,11,12,,False,missing_tick_for_gap
run_20260926_014038_575179,610,21,2026-09-26T01:40:59.383,1,right,0,1,19.0,True,
run_20260926_014038_575179,610,21,2026-09-26T01:40:59.383,2,right,1,2,,False,missing_tick_for_gap
run_20260926_014038_575179,610,21,2026-09-26T01:40:59.383,3,right,2,3,,False,missing_tick_for_gap
run_20260926_014038_575179,610,21,2026-09-26T01:40:59.383,4,right,3,4,,False,missing_tick_for_gap
run_20260926_014038_575179,610,21,2026-09-26T01:40:59.383,5,right,4,5,,False,missing_tick_for_gap
run_20260926_014038_575179,610,21,2026-09-26T01:40:59.383,6,right,5,6,,False,missing_tick_for_gap
run_20260926_014038_575179,610,21,2026-09-26T01:40:59.383,7,right,6,7,,False,missing_tick_for_gap
run_20260926_014038_575179,610,21,2026-09-26T01:40:59.383,8,right,7,8,,False,missing_tick_for_gap
run_20260926_014038_575179,610,21,2026-09-26T01:40:59.383,9,right,8,9,,False,missing_tick_for_gap
run_20260926_014038_575179,610,21,2026-09-26T01:40:59.383,10,right,9,10,,False,missing_tick_for_gap
run_20260926_014038_575179,610,21,2026-09-26T01:40:59.383,11,right,10,11,,False,missing_tick_for_gap
run_20260926_014038_575179,610,21,2026-09-26T01:40:59.383,12,right,11,12,,False,missing_tick_for_gap
run_20260926_014038_575179,640,22,2026-09-26T01:41:00.384,1,left,0,1,19.0,True,
run_20260926_014038_575179,640,22,2026-09-26T01:41:00.384,2,left,1,2,19.0,True,
run_20260926_014038_575179,640,22,2026-09-26T01:41:00.384,3,left,2,3,19.0,True,
run_20260926_014038_575179,640,22,2026-09-26T01:41:00.384,4,left,3,4,19.0,True,
run_20260926_014038_575179,640,22,2026-09-26T01:41:00.384,5,left,4,5,38.0,True,
run_20260926_014038_575179,640,22,2026-09-26T01:41:00.384,6,left,5,6,,False,missing_tick_for_gap
run_20260926_014038_575179,640,22,2026-09-26T01:41:00.384,7,left,6,7,,False,missing_tick_for_gap
run_20260926_014038_575179,640,22,2026-09-26T01:41:00.384,8,left,7,8,,False,missing_tick_for_gap
run_20260926_014038_575179,640,22,2026-09-26T01:41:00.384,9,left,8,9,,False,missing_tick_for_gap
run_20260926_014038_575179,640,22,2026-09-26T01:41:00.384,10,left,9,10,,False,missing_tick_for_gap
run_20260926_014038_575179,640,22,2026-09-26T01:41:00.384,11,left,10,11,,False,missing_tick_for_gap
run_20260926_014038_575179,640,22,2026-09-26T01:41:00.384,12,left,11,12,,False,missing_tick_for_gap
run_20260926_014038_575179,640,22,2026-09-26T01:41:00.384,1,right,0,1,18.875,True,
run_20260926_014038_575179,640,22,2026-09-26T01:41:00.384,2,right,1,2,18.625,True,
run_20260926_014038_575179,640,22,2026-09-26T01:41:00.384,3,right,2,3,19.0,True,
run_20260926_014038_575179,640,22,2026-09-26T01:41:00.384,4,right,3,4,18.83333333333337,True,
run_20260926_014038_575179,640,22,2026-09-26T01:41:00.384,5,right,4,5,18.66666666666663,True,
run_20260926_014038_575179,640,22,2026-09-26T01:41:00.384,6,right,5,6,18.5,True,
run_20260926_014038_575179,640,22,2026-09-26T01:41:00.384,7,right,6,7,19.0,True,
run_20260926_014038_575179,640,22,2026-09-26T01:41:00.384,8,right,7,8,19.0,True,
run_20260926_014038_575179,640,22,2026-09-26T01:41:00.384,9,right,8,9,,False,missing_tick_for_gap
run_20260926_014038_575179,640,22,2026-09-26T01:41:00.384,10,right,9,10,,False,missing_tick_for_gap
run_20260926_014038_575179,640,22,2026-09-26T01:41:00.384,11,right,10,11,,False,missing_tick_for_gap
run_20260926_014038_575179,640,22,2026-09-26T01:41:00.384,12,right,11,12,,False,missing_tick_for_gap
run_20260926_014038_575179,671,23,2026-09-26T01:41:01.418,1,left,0,1,19.0,True,
run_20260926_014038_575179,671,23,2026-09-26T01:41:01.418,2,left,1,2,19.0,True,
run_20260926_014038_575179,671,23,2026-09-26T01:41:01.418,3,left,2,3,19.0,True,
run_20260926_014038_575179,671,23,2026-09-26T01:41:01.418,4,left,3,4,19.0,True,
run_20260926_014038_575179,671,23,2026-09-26T01:41:01.418,5,left,4,5,19.0,True,
run_20260926_014038_575179,671,23,2026-09-26T01:41:01.418,6,left,5,6,19.0,True,
run_20260926_014038_575179,671,23,2026-09-26T01:41:01.418,7,left,6,7,,False,missing_tick_for_gap
run_20260926_014038_575179,671,23,2026-09-26T01:41:01.418,8,left,7,8,,False,missing_tick_for_gap
run_20260926_014038_575179,671,23,2026-09-26T01:41:01.418,9,left,8,9,,False,missing_tick_for_gap
run_20260926_014038_575179,671,23,2026-09-26T01:41:01.418,10,left,9,10,,False,missing_tick_for_gap
run_20260926_014038_575179,671,23,2026-09-26T01:41:01.418,11,left,10,11,,False,missing_tick_for_gap
run_20260926_014038_575179,671,23,2026-09-26T01:41:01.418,12,left,11,12,,False,missing_tick_for_gap
run_20260926_014038_575179,671,23,2026-09-26T01:41:01.418,1,right,0,1,19.0,True,
run_20260926_014038_575179,671,23,2026-09-26T01:41:01.418,2,right,1,2,18.5,True,
run_20260926_014038_575179,671,23,2026-09-26T01:41:01.418,3,right,2,3,19.0,True,
run_20260926_014038_575179,671,23,2026-09-26T01:41:01.418,4,right,3,4,18.714285714285666,True,
run_20260926_014038_575179,671,23,2026-09-26T01:41:01.418,5,right,4,5,18.785714285714334,True,
run_20260926_014038_575179,671,23,2026-09-26T01:41:01.418,6,right,5,6,18.5,True,
run_20260926_014038_575179,671,23,2026-09-26T01:41:01.418,7,right,6,7,19.0,True,
run_20260926_014038_575179,671,23,2026-09-26T01:41:01.418,8,right,7,8,19.0,True,
run_20260926_014038_575179,671,23,2026-09-26T01:41:01.418,9,right,8,9,,False,missing_tick_for_gap
run_20260926_014038_575179,671,23,2026-09-26T01:41:01.418,10,right,9,10,,False,missing_tick_for_gap
run_20260926_014038_575179,671,23,2026-09-26T01:41:01.418,11,right,10,11,,False,missing_tick_for_gap
run_20260926_014038_575179,671,23,2026-09-26T01:41:01.418,12,right,11,12,,False,missing_tick_for_gap
run_20260926_014038_575179,698,24,2026-09-26T01:41:02.419,1,left,0,1,18.5,True,
run_20260926_014038_575179,698,24,2026-09-26T01:41:02.419,2,left,1,2,19.0,True,
run_20260926_014038_575179,698,24,2026-09-26T01:41:02.419,3,left,2,3,18.5,True,
run_20260926_014038_575179,698,24,2026-09-26T01:41:02.419,4,left,3,4,19.055555555555543,True,
run_20260926_014038_575179,698,24,2026-09-26T01:41:02.419,5,left,4,5,18.944444444444457,True,
run_20260926_014038_575179,698,24,2026-09-26T01:41:02.419,6,left,5,6,19.5,True,
run_20260926_014038_575179,698,24,2026-09-26T01:41:02.419,7,left,6,7,19.0,True,
run_20260926_014038_575179,698,24,2026-09-26T01:41:02.419,8,left,7,8,19.0,True,
run_20260926_014038_575179,698,24,2026-09-26T01:41:02.419,9,left,8,9,37.0,True,
run_20260926_014038_575179,698,24,2026-09-26T01:41:02.419,10,left,9,10,19.0,True,
run_20260926_014038_575179,698,24,2026-09-26T01:41:02.419,11,left,10,11,19.0,True,
run_20260926_014038_575179,698,24,2026-09-26T01:41:02.419,12,left,11,12,,False,missing_tick_for_gap
run_20260926_014038_575179,698,24,2026-09-26T01:41:02.419,1,right,0,1,19.0,True,
run_20260926_014038_575179,698,24,2026-09-26T01:41:02.419,2,right,1,2,18.5,True,
run_20260926_014038_575179,698,24,2026-09-26T01:41:02.419,3,right,2,3,18.5,True,
run_20260926_014038_575179,698,24,2026-09-26T01:41:02.419,4,right,3,4,19.0,True,
run_20260926_014038_575179,698,24,2026-09-26T01:41:02.419,5,right,4,5,19.0,True,
run_20260926_014038_575179,698,24,2026-09-26T01:41:02.419,6,right,5,6,19.0,True,
run_20260926_014038_575179,698,24,2026-09-26T01:41:02.419,7,right,6,7,18.5,True,
run_20260926_014038_575179,698,24,2026-09-26T01:41:02.419,8,right,7,8,19.0,True,
run_20260926_014038_575179,698,24,2026-09-26T01:41:02.419,9,right,8,9,18.714285714285666,True,
run_20260926_014038_575179,698,24,2026-09-26T01:41:02.419,10,right,9,10,18.285714285714334,True,
run_20260926_014038_575179,698,24,2026-09-26T01:41:02.419,11,right,10,11,37.0,True,
run_20260926_014038_575179,698,24,2026-09-26T01:41:02.419,12,right,11,12,,False,missing_tick_for_gap
run_20260926_014038_575179,724,25,2026-09-26T01:41:03.449,1,left,0,1,18.5,True,
run_20260926_014038_575179,724,25,2026-09-26T01:41:03.449,2,left,1,2,19.0,True,
run_20260926_014038_575179,724,25,2026-09-26T01:41:03.449,3,left,2,3,18.5,True,
run_20260926_014038_575179,724,25,2026-09-26T01:41:03.449,4,left,3,4,19.0,True,
run_20260926_014038_575179,724,25,2026-09-26T01:41:03.449,5,left,4,5,19.0,True,
run_20260926_014038_575179,724,25,2026-09-26T01:41:03.449,6,left,5,6,19.5,True,
run_20260926_014038_575179,724,25,2026-09-26T01:41:03.449,7,left,6,7,19.0,True,
run_20260926_014038_575179,724,25,2026-09-26T01:41:03.449,8,left,7,8,19.0,True,
run_20260926_014038_575179,724,25,2026-09-26T01:41:03.449,9,left,8,9,18.0,True,
run_20260926_014038_575179,724,25,2026-09-26T01:41:03.449,10,left,9,10,19.0,True,
run_20260926_014038_575179,724,25,2026-09-26T01:41:03.449,11,left,10,11,19.0,True,
run_20260926_014038_575179,724,25,2026-09-26T01:41:03.449,12,left,11,12,19.0,True,
run_20260926_014038_575179,724,25,2026-09-26T01:41:03.449,1,right,0,1,19.0,True,
run_20260926_014038_575179,724,25,2026-09-26T01:41:03.449,2,right,1,2,18.5,True,
run_20260926_014038_575179,724,25,2026-09-26T01:41:03.449,3,right,2,3,18.5,True,
run_20260926_014038_575179,724,25,2026-09-26T01:41:03.449,4,right,3,4,19.0,True,
run_20260926_014038_575179,724,25,2026-09-26T01:41:03.449,5,right,4,5,19.0,True,
run_20260926_014038_575179,724,25,2026-09-26T01:41:03.449,6,right,5,6,19.0,True,
run_20260926_014038_575179,724,25,2026-09-26T01:41:03.449,7,right,6,7,18.5,True,
run_20260926_014038_575179,724,25,2026-09-26T01:41:03.449,8,right,7,8,19.0,True,
run_20260926_014038_575179,724,25,2026-09-26T01:41:03.449,9,right,8,9,18.714285714285666,True,
run_20260926_014038_575179,724,25,2026-09-26T01:41:03.449,10,right,9,10,18.285714285714334,True,
run_20260926_014038_575179,724,25,2026-09-26T01:41:03.449,11,right,10,11,37.0,True,
run_20260926_014038_575179,724,25,2026-09-26T01:41:03.449,12,right,11,12,,False,missing_tick_for_gap
run_20260926_014038_575179,751,26,2026-09-26T01:41:04.483,1,left,0,1,18.5,True,
run_20260926_014038_575179,751,26,2026-09-26T01:41:04.483,2,left,1,2,19.0,True,
run_20260926_014038_575179,751,26,2026-09-26T01:41:04.483,3,left,2,3,18.5,True,
run_20260926_014038_575179,751,26,2026-09-26T01:41:04.483,4,left,3,4,19.0,True,
run_20260926_014038_575179,751,26,2026-09-26T01:41:04.483,5,left,4,5,19.0,True,
run_20260926_014038_575179,751,26,2026-09-26T01:41:04.483,6,left,5,6,19.5,True,
run_20260926_014038_575179,751,26,2026-09-26T01:41:04.483,7,left,6,7,19.0,True,
run_20260926_014038_575179,751,26,2026-09-26T01:41:04.483,8,left,7,8,19.0,True,
run_20260926_014038_575179,751,26,2026-09-26T01:41:04.483,9,left,8,9,18.0,True,
run_20260926_014038_575179,751,26,2026-09-26T01:41:04.483,10,left,9,10,19.0,True,
run_20260926_014038_575179,751,26,2026-09-26T01:41:04.483,11,left,10,11,19.0,True,
run_20260926_014038_575179,751,26,2026-09-26T01:41:04.483,12,left,11,12,19.0,True,
run_20260926_014038_575179,751,26,2026-09-26T01:41:04.483,1,right,0,1,19.0,True,
run_20260926_014038_575179,751,26,2026-09-26T01:41:04.483,2,right,1,2,18.5,True,
run_20260926_014038_575179,751,26,2026-09-26T01:41:04.483,3,right,2,3,18.5,True,
run_20260926_014038_575179,751,26,2026-09-26T01:41:04.483,4,right,3,4,19.0,True,
run_20260926_014038_575179,751,26,2026-09-26T01:41:04.483,5,right,4,5,19.0,True,
run_20260926_014038_575179,751,26,2026-09-26T01:41:04.483,6,right,5,6,19.0,True,
run_20260926_014038_575179,751,26,2026-09-26T01:41:04.483,7,right,6,7,18.5,True,
run_20260926_014038_575179,751,26,2026-09-26T01:41:04.483,8,right,7,8,19.0,True,
run_20260926_014038_575179,751,26,2026-09-26T01:41:04.483,9,right,8,9,18.714285714285666,True,
run_20260926_014038_575179,751,26,2026-09-26T01:41:04.483,10,right,9,10,18.285714285714334,True,
run_20260926_014038_575179,751,26,2026-09-26T01:41:04.483,11,right,10,11,37.0,True,
run_20260926_014038_575179,751,26,2026-09-26T01:41:04.483,12,right,11,12,,False,missing_tick_for_gap
run_20260926_014038_575179,780,27,2026-09-26T01:41:05.520,1,left,0,1,18.5,True,
run_20260926_014038_575179,780,27,2026-09-26T01:41:05.520,2,left,1,2,19.0,True,
run_20260926_014038_575179,780,27,2026-09-26T01:41:05.520,3,left,2,3,18.5,True,
run_20260926_014038_575179,780,27,2026-09-26T01:41:05.520,4,left,3,4,19.0,True,
run_20260926_014038_575179,780,27,2026-09-26T01:41:05.520,5,left,4,5,19.0,True,
run_20260926_014038_575179,780,27,2026-09-26T01:41:05.520,6,left,5,6,19.0,True,
run_20260926_014038_575179,780,27,2026-09-26T01:41:05.520,7,left,6,7,19.0,True,
run_20260926_014038_575179,780,27,2026-09-26T01:41:05.520,8,left,7,8,19.0,True,
run_20260926_014038_575179,780,27,2026-09-26T01:41:05.520,9,left,8,9,19.0,True,
run_20260926_014038_575179,780,27,2026-09-26T01:41:05.520,10,left,9,10,19.0,True,
run_20260926_014038_575179,780,27,2026-09-26T01:41:05.520,11,left,10,11,18.799999999999997,True,
run_20260926_014038_575179,780,27,2026-09-26T01:41:05.520,12,left,11,12,18.200000000000003,True,
run_20260926_014038_575179,780,27,2026-09-26T01:41:05.520,1,right,0,1,18.0,True,
run_20260926_014038_575179,780,27,2026-09-26T01:41:05.520,2,right,1,2,19.0,True,
run_20260926_014038_575179,780,27,2026-09-26T01:41:05.520,3,right,2,3,19.0,True,
run_20260926_014038_575179,780,27,2026-09-26T01:41:05.520,4,right,3,4,19.0,True,
run_20260926_014038_575179,780,27,2026-09-26T01:41:05.520,5,right,4,5,19.0,True,
run_20260926_014038_575179,780,27,2026-09-26T01:41:05.520,6,right,5,6,18.5,True,
run_20260926_014038_575179,780,27,2026-09-26T01:41:05.520,7,right,6,7,18.5,True,
run_20260926_014038_575179,780,27,2026-09-26T01:41:05.520,8,right,7,8,19.0,True,
run_20260926_014038_575179,780,27,2026-09-26T01:41:05.520,9,right,8,9,19.0,True,
run_20260926_014038_575179,780,27,2026-09-26T01:41:05.520,10,right,9,10,18.0,True,
run_20260926_014038_575179,780,27,2026-09-26T01:41:05.520,11,right,10,11,18.5,True,
run_20260926_014038_575179,780,27,2026-09-26T01:41:05.520,12,right,11,12,18.75,True,
run_20260926_014038_575179,811,28,2026-09-26T01:41:06.554,1,left,0,1,18.5,True,
run_20260926_014038_575179,811,28,2026-09-26T01:41:06.554,2,left,1,2,19.0,True,
run_20260926_014038_575179,811,28,2026-09-26T01:41:06.554,3,left,2,3,18.5,True,
run_20260926_014038_575179,811,28,2026-09-26T01:41:06.554,4,left,3,4,19.0,True,
run_20260926_014038_575179,811,28,2026-09-26T01:41:06.554,5,left,4,5,19.0,True,
run_20260926_014038_575179,811,28,2026-09-26T01:41:06.554,6,left,5,6,19.34615384615384,True,
run_20260926_014038_575179,811,28,2026-09-26T01:41:06.554,7,left,6,7,18.65384615384616,True,
run_20260926_014038_575179,811,28,2026-09-26T01:41:06.554,8,left,7,8,19.0,True,
run_20260926_014038_575179,811,28,2026-09-26T01:41:06.554,9,left,8,9,19.0,True,
run_20260926_014038_575179,811,28,2026-09-26T01:41:06.554,10,left,9,10,19.0,True,
run_20260926_014038_575179,811,28,2026-09-26T01:41:06.554,11,left,10,11,18.57142857142857,True,
run_20260926_014038_575179,811,28,2026-09-26T01:41:06.554,12,left,11,12,18.42857142857143,True,
run_20260926_014038_575179,811,28,2026-09-26T01:41:06.554,1,right,0,1,18.0,True,
run_20260926_014038_575179,811,28,2026-09-26T01:41:06.554,2,right,1,2,19.0,True,
run_20260926_014038_575179,811,28,2026-09-26T01:41:06.554,3,right,2,3,19.0,True,
run_20260926_014038_575179,811,28,2026-09-26T01:41:06.554,4,right,3,4,19.0,True,
run_20260926_014038_575179,811,28,2026-09-26T01:41:06.554,5,right,4,5,18.5,True,
run_20260926_014038_575179,811,28,2026-09-26T01:41:06.554,6,right,5,6,19.0,True,
run_20260926_014038_575179,811,28,2026-09-26T01:41:06.554,7,right,6,7,18.5,True,
run_20260926_014038_575179,811,28,2026-09-26T01:41:06.554,8,right,7,8,19.0,True,
run_20260926_014038_575179,811,28,2026-09-26T01:41:06.554,9,right,8,9,19.0,True,
run_20260926_014038_575179,811,28,2026-09-26T01:41:06.554,10,right,9,10,18.0,True,
run_20260926_014038_575179,811,28,2026-09-26T01:41:06.554,11,right,10,11,18.5,True,
run_20260926_014038_575179,811,28,2026-09-26T01:41:06.554,12,right,11,12,18.5,True,
run_20260926_014038_575179,842,29,2026-09-26T01:41:07.586,1,left,0,1,18.5,True,
run_20260926_014038_575179,842,29,2026-09-26T01:41:07.586,2,left,1,2,19.0,True,
run_20260926_014038_575179,842,29,2026-09-26T01:41:07.586,3,left,2,3,18.5,True,
run_20260926_014038_575179,842,29,2026-09-26T01:41:07.586,4,left,3,4,19.0,True,
run_20260926_014038_575179,842,29,2026-09-26T01:41:07.586,5,left,4,5,19.0,True,
run_20260926_014038_575179,842,29,2026-09-26T01:41:07.586,6,left,5,6,19.0,True,
run_20260926_014038_575179,842,29,2026-09-26T01:41:07.586,7,left,6,7,19.0,True,
run_20260926_014038_575179,842,29,2026-09-26T01:41:07.586,8,left,7,8,19.0,True,
run_20260926_014038_575179,842,29,2026-09-26T01:41:07.586,9,left,8,9,19.0,True,
run_20260926_014038_575179,842,29,2026-09-26T01:41:07.586,10,left,9,10,19.0,True,
run_20260926_014038_575179,842,29,2026-09-26T01:41:07.586,11,left,10,11,18.65384615384616,True,
run_20260926_014038_575179,842,29,2026-09-26T01:41:07.586,12,left,11,12,18.34615384615384,True,
run_20260926_014038_575179,842,29,2026-09-26T01:41:07.586,1,right,0,1,18.0,True,
run_20260926_014038_575179,842,29,2026-09-26T01:41:07.586,2,right,1,2,19.0,True,
run_20260926_014038_575179,842,29,2026-09-26T01:41:07.586,3,right,2,3,19.0,True,
run_20260926_014038_575179,842,29,2026-09-26T01:41:07.586,4,right,3,4,19.0,True,
run_20260926_014038_575179,842,29,2026-09-26T01:41:07.586,5,right,4,5,18.5,True,
run_20260926_014038_575179,842,29,2026-09-26T01:41:07.586,6,right,5,6,19.0,True,
run_20260926_014038_575179,842,29,2026-09-26T01:41:07.586,7,right,6,7,18.5,True,
run_20260926_014038_575179,842,29,2026-09-26T01:41:07.586,8,right,7,8,19.0,True,
run_20260926_014038_575179,842,29,2026-09-26T01:41:07.586,9,right,8,9,19.0,True,
run_20260926_014038_575179,842,29,2026-09-26T01:41:07.586,10,right,9,10,18.0,True,
run_20260926_014038_575179,842,29,2026-09-26T01:41:07.586,11,right,10,11,18.5,True,
run_20260926_014038_575179,842,29,2026-09-26T01:41:07.586,12,right,11,12,18.571428571428555,True,
run_20260926_014038_575179,872,30,2026-09-26T01:41:08.600,1,left,0,1,18.5,True,
run_20260926_014038_575179,872,30,2026-09-26T01:41:08.600,2,left,1,2,19.0,True,
run_20260926_014038_575179,872,30,2026-09-26T01:41:08.600,3,left,2,3,18.5,True,
run_20260926_014038_575179,872,30,2026-09-26T01:41:08.600,4,left,3,4,19.0,True,
run_20260926_014038_575179,872,30,2026-09-26T01:41:08.600,5,left,4,5,19.0,True,
run_20260926_014038_575179,872,30,2026-09-26T01:41:08.600,6,left,5,6,19.0,True,
run_20260926_014038_575179,872,30,2026-09-26T01:41:08.600,7,left,6,7,19.0,True,
run_20260926_014038_575179,872,30,2026-09-26T01:41:08.600,8,left,7,8,19.0,True,
run_20260926_014038_575179,872,30,2026-09-26T01:41:08.600,9,left,8,9,19.0,True,
run_20260926_014038_575179,872,30,2026-09-26T01:41:08.600,10,left,9,10,19.0,True,
run_20260926_014038_575179,872,30,2026-09-26T01:41:08.600,11,left,10,11,18.65384615384616,True,
run_20260926_014038_575179,872,30,2026-09-26T01:41:08.600,12,left,11,12,18.34615384615384,True,
run_20260926_014038_575179,872,30,2026-09-26T01:41:08.600,1,right,0,1,18.0,True,
run_20260926_014038_575179,872,30,2026-09-26T01:41:08.600,2,right,1,2,19.0,True,
run_20260926_014038_575179,872,30,2026-09-26T01:41:08.600,3,right,2,3,19.0,True,
run_20260926_014038_575179,872,30,2026-09-26T01:41:08.600,4,right,3,4,19.0,True,
run_20260926_014038_575179,872,30,2026-09-26T01:41:08.600,5,right,4,5,18.5,True,
run_20260926_014038_575179,872,30,2026-09-26T01:41:08.600,6,right,5,6,19.0,True,
run_20260926_014038_575179,872,30,2026-09-26T01:41:08.600,7,right,6,7,18.5,True,
run_20260926_014038_575179,872,30,2026-09-26T01:41:08.600,8,right,7,8,19.0,True,
run_20260926_014038_575179,872,30,2026-09-26T01:41:08.600,9,right,8,9,19.0,True,
run_20260926_014038_575179,872,30,2026-09-26T01:41:08.600,10,right,9,10,18.0,True,
run_20260926_014038_575179,872,30,2026-09-26T01:41:08.600,11,right,10,11,18.5,True,
run_20260926_014038_575179,872,30,2026-09-26T01:41:08.600,12,right,11,12,18.571428571428555,True,
run_20260926_014038_575179,903,31,2026-09-26T01:41:09.620,1,left,0,1,18.5,True,
run_20260926_014038_575179,903,31,2026-09-26T01:41:09.620,2,left,1,2,19.0,True,
run_20260926_014038_575179,903,31,2026-09-26T01:41:09.620,3,left,2,3,18.5,True,
run_20260926_014038_575179,903,31,2026-09-26T01:41:09.620,4,left,3,4,19.0,True,
run_20260926_014038_575179,903,31,2026-09-26T01:41:09.620,5,left,4,5,19.0,True,
run_20260926_014038_575179,903,31,2026-09-26T01:41:09.620,6,left,5,6,19.25,True,
run_20260926_014038_575179,903,31,2026-09-26T01:41:09.620,7,left,6,7,18.75,True,
run_20260926_014038_575179,903,31,2026-09-26T01:41:09.620,8,left,7,8,19.0,True,
run_20260926_014038_575179,903,31,2026-09-26T01:41:09.620,9,left,8,9,19.0,True,
run_20260926_014038_575179,903,31,2026-09-26T01:41:09.620,10,left,9,10,19.0,True,
run_20260926_014038_575179,903,31,2026-09-26T01:41:09.620,11,left,10,11,18.57142857142857,True,
run_20260926_014038_575179,903,31,2026-09-26T01:41:09.620,12,left,11,12,18.42857142857143,True,
run_20260926_014038_575179,903,31,2026-09-26T01:41:09.620,1,right,0,1,18.0,True,
run_20260926_014038_575179,903,31,2026-09-26T01:41:09.620,2,right,1,2,19.0,True,
run_20260926_014038_575179,903,31,2026-09-26T01:41:09.620,3,right,2,3,19.0,True,
run_20260926_014038_575179,903,31,2026-09-26T01:41:09.620,4,right,3,4,19.0,True,
run_20260926_014038_575179,903,31,2026-09-26T01:41:09.620,5,right,4,5,18.5,True,
run_20260926_014038_575179,903,31,2026-09-26T01:41:09.620,6,right,5,6,19.0,True,
run_20260926_014038_575179,903,31,2026-09-26T01:41:09.620,7,right,6,7,18.5,True,
run_20260926_014038_575179,903,31,2026-09-26T01:41:09.620,8,right,7,8,19.0,True,
run_20260926_014038_575179,903,31,2026-09-26T01:41:09.620,9,right,8,9,19.0,True,
run_20260926_014038_575179,903,31,2026-09-26T01:41:09.620,10,right,9,10,18.0,True,
run_20260926_014038_575179,903,31,2026-09-26T01:41:09.620,11,right,10,11,18.5,True,
run_20260926_014038_575179,903,31,2026-09-26T01:41:09.620,12,right,11,12,18.5,True,
run_20260926_014038_575179,933,32,2026-09-26T01:41:10.621,1,left,0,1,18.5,True,
run_20260926_014038_575179,933,32,2026-09-26T01:41:10.621,2,left,1,2,19.0,True,
run_20260926_014038_575179,933,32,2026-09-26T01:41:10.621,3,left,2,3,18.5,True,
run_20260926_014038_575179,933,32,2026-09-26T01:41:10.621,4,left,3,4,19.0,True,
run_20260926_014038_575179,933,32,2026-09-26T01:41:10.621,5,left,4,5,19.0,True,
run_20260926_014038_575179,933,32,2026-09-26T01:41:10.621,6,left,5,6,19.25,True,
run_20260926_014038_575179,933,32,2026-09-26T01:41:10.621,7,left,6,7,18.75,True,
run_20260926_014038_575179,933,32,2026-09-26T01:41:10.621,8,left,7,8,19.0,True,
run_20260926_014038_575179,933,32,2026-09-26T01:41:10.621,9,left,8,9,19.0,True,
run_20260926_014038_575179,933,32,2026-09-26T01:41:10.621,10,left,9,10,19.0,True,
run_20260926_014038_575179,933,32,2026-09-26T01:41:10.621,11,left,10,11,18.57142857142857,True,
run_20260926_014038_575179,933,32,2026-09-26T01:41:10.621,12,left,11,12,18.42857142857143,True,
run_20260926_014038_575179,933,32,2026-09-26T01:41:10.621,1,right,0,1,18.0,True,
run_20260926_014038_575179,933,32,2026-09-26T01:41:10.621,2,right,1,2,19.0,True,
run_20260926_014038_575179,933,32,2026-09-26T01:41:10.621,3,right,2,3,19.0,True,
run_20260926_014038_575179,933,32,2026-09-26T01:41:10.621,4,right,3,4,19.0,True,
run_20260926_014038_575179,933,32,2026-09-26T01:41:10.621,5,right,4,5,18.5,True,
run_20260926_014038_575179,933,32,2026-09-26T01:41:10.621,6,right,5,6,19.0,True,
run_20260926_014038_575179,933,32,2026-09-26T01:41:10.621,7,right,6,7,18.5,True,
run_20260926_014038_575179,933,32,2026-09-26T01:41:10.621,8,right,7,8,19.0,True,
run_20260926_014038_575179,933,32,2026-09-26T01:41:10.621,9,right,8,9,19.0,True,
run_20260926_014038_575179,933,32,2026-09-26T01:41:10.621,10,right,9,10,18.0,True,
run_20260926_014038_575179,933,32,2026-09-26T01:41:10.621,11,right,10,11,18.5,True,
run_20260926_014038_575179,933,32,2026-09-26T01:41:10.621,12,right,11,12,18.5,True,
run_20260926_014038_575179,963,33,2026-09-26T01:41:11.641,1,left,0,1,18.5,True,
run_20260926_014038_575179,963,33,2026-09-26T01:41:11.641,2,left,1,2,19.0,True,
run_20260926_014038_575179,963,33,2026-09-26T01:41:11.641,3,left,2,3,18.5,True,
run_20260926_014038_575179,963,33,2026-09-26T01:41:11.641,4,left,3,4,19.0,True,
run_20260926_014038_575179,963,33,2026-09-26T01:41:11.641,5,left,4,5,19.0,True,
run_20260926_014038_575179,963,33,2026-09-26T01:41:11.641,6,left,5,6,19.25,True,
run_20260926_014038_575179,963,33,2026-09-26T01:41:11.641,7,left,6,7,18.75,True,
run_20260926_014038_575179,963,33,2026-09-26T01:41:11.641,8,left,7,8,19.0,True,
run_20260926_014038_575179,963,33,2026-09-26T01:41:11.641,9,left,8,9,19.0,True,
run_20260926_014038_575179,963,33,2026-09-26T01:41:11.641,10,left,9,10,19.0,True,
run_20260926_014038_575179,963,33,2026-09-26T01:41:11.641,11,left,10,11,18.57142857142857,True,
run_20260926_014038_575179,963,33,2026-09-26T01:41:11.641,12,left,11,12,18.42857142857143,True,
run_20260926_014038_575179,963,33,2026-09-26T01:41:11.641,1,right,0,1,18.0,True,
run_20260926_014038_575179,963,33,2026-09-26T01:41:11.641,2,right,1,2,19.0,True,
run_20260926_014038_575179,963,33,2026-09-26T01:41:11.641,3,right,2,3,19.0,True,
run_20260926_014038_575179,963,33,2026-09-26T01:41:11.641,4,right,3,4,19.0,True,
run_20260926_014038_575179,963,33,2026-09-26T01:41:11.641,5,right,4,5,18.5,True,
run_20260926_014038_575179,963,33,2026-09-26T01:41:11.641,6,right,5,6,19.0,True,
run_20260926_014038_575179,963,33,2026-09-26T01:41:11.641,7,right,6,7,18.5,True,
run_20260926_014038_575179,963,33,2026-09-26T01:41:11.641,8,right,7,8,19.0,True,
run_20260926_014038_575179,963,33,2026-09-26T01:41:11.641,9,right,8,9,19.0,True,
run_20260926_014038_575179,963,33,2026-09-26T01:41:11.641,10,right,9,10,18.0,True,
run_20260926_014038_575179,963,33,2026-09-26T01:41:11.641,11,right,10,11,18.5,True,
run_20260926_014038_575179,963,33,2026-09-26T01:41:11.641,12,right,11,12,18.5,True,
run_20260926_014038_575179,994,34,2026-09-26T01:41:12.653,1,left,0,1,18.5,True,
run_20260926_014038_575179,994,34,2026-09-26T01:41:12.653,2,left,1,2,19.0,True,
run_20260926_014038_575179,994,34,2026-09-26T01:41:12.653,3,left,2,3,18.5,True,
run_20260926_014038_575179,994,34,2026-09-26T01:41:12.653,4,left,3,4,19.0,True,
run_20260926_014038_575179,994,34,2026-09-26T01:41:12.653,5,left,4,5,19.0,True,
run_20260926_014038_575179,994,34,2026-09-26T01:41:12.653,6,left,5,6,19.25,True,
run_20260926_014038_575179,994,34,2026-09-26T01:41:12.653,7,left,6,7,18.75,True,
run_20260926_014038_575179,994,34,2026-09-26T01:41:12.653,8,left,7,8,19.0,True,
run_20260926_014038_575179,994,34,2026-09-26T01:41:12.653,9,left,8,9,19.0,True,
run_20260926_014038_575179,994,34,2026-09-26T01:41:12.653,10,left,9,10,19.0,True,
run_20260926_014038_575179,994,34,2026-09-26T01:41:12.653,11,left,10,11,18.57142857142857,True,
run_20260926_014038_575179,994,34,2026-09-26T01:41:12.653,12,left,11,12,18.42857142857143,True,
run_20260926_014038_575179,994,34,2026-09-26T01:41:12.653,1,right,0,1,18.0,True,
run_20260926_014038_575179,994,34,2026-09-26T01:41:12.653,2,right,1,2,19.0,True,
run_20260926_014038_575179,994,34,2026-09-26T01:41:12.653,3,right,2,3,19.0,True,
run_20260926_014038_575179,994,34,2026-09-26T01:41:12.653,4,right,3,4,19.0,True,
run_20260926_014038_575179,994,34,2026-09-26T01:41:12.653,5,right,4,5,18.5,True,
run_20260926_014038_575179,994,34,2026-09-26T01:41:12.653,6,right,5,6,19.0,True,
run_20260926_014038_575179,994,34,2026-09-26T01:41:12.653,7,right,6,7,18.5,True,
run_20260926_014038_575179,994,34,2026-09-26T01:41:12.653,8,right,7,8,19.0,True,
run_20260926_014038_575179,994,34,2026-09-26T01:41:12.653,9,right,8,9,19.0,True,
run_20260926_014038_575179,994,34,2026-09-26T01:41:12.653,10,right,9,10,18.0,True,
run_20260926_014038_575179,994,34,2026-09-26T01:41:12.653,11,right,10,11,18.5,True,
run_20260926_014038_575179,994,34,2026-09-26T01:41:12.653,12,right,11,12,18.5,True,
run_20260926_014038_575179,1024,35,2026-09-26T01:41:13.664,1,left,0,1,18.5,True,
run_20260926_014038_575179,1024,35,2026-09-26T01:41:13.664,2,left,1,2,19.0,True,
run_20260926_014038_575179,1024,35,2026-09-26T01:41:13.664,3,left,2,3,18.5,True,
run_20260926_014038_575179,1024,35,2026-09-26T01:41:13.664,4,left,3,4,19.0,True,
run_20260926_014038_575179,1024,35,2026-09-26T01:41:13.664,5,left,4,5,19.0,True,
run_20260926_014038_575179,1024,35,2026-09-26T01:41:13.664,6,left,5,6,19.25,True,
run_20260926_014038_575179,1024,35,2026-09-26T01:41:13.664,7,left,6,7,18.75,True,
run_20260926_014038_575179,1024,35,2026-09-26T01:41:13.664,8,left,7,8,19.0,True,
run_20260926_014038_575179,1024,35,2026-09-26T01:41:13.664,9,left,8,9,19.0,True,
run_20260926_014038_575179,1024,35,2026-09-26T01:41:13.664,10,left,9,10,19.0,True,
run_20260926_014038_575179,1024,35,2026-09-26T01:41:13.664,11,left,10,11,18.75,True,
run_20260926_014038_575179,1024,35,2026-09-26T01:41:13.664,12,left,11,12,18.25,True,
run_20260926_014038_575179,1024,35,2026-09-26T01:41:13.664,1,right,0,1,18.0,True,
run_20260926_014038_575179,1024,35,2026-09-26T01:41:13.664,2,right,1,2,19.0,True,
run_20260926_014038_575179,1024,35,2026-09-26T01:41:13.664,3,right,2,3,19.0,True,
run_20260926_014038_575179,1024,35,2026-09-26T01:41:13.664,4,right,3,4,19.0,True,
run_20260926_014038_575179,1024,35,2026-09-26T01:41:13.664,5,right,4,5,18.5,True,
run_20260926_014038_575179,1024,35,2026-09-26T01:41:13.664,6,right,5,6,19.0,True,
run_20260926_014038_575179,1024,35,2026-09-26T01:41:13.664,7,right,6,7,18.5,True,
run_20260926_014038_575179,1024,35,2026-09-26T01:41:13.664,8,right,7,8,19.0,True,
run_20260926_014038_575179,1024,35,2026-09-26T01:41:13.664,9,right,8,9,19.0,True,
run_20260926_014038_575179,1024,35,2026-09-26T01:41:13.664,10,right,9,10,18.0,True,
run_20260926_014038_575179,1024,35,2026-09-26T01:41:13.664,11,right,10,11,18.5,True,
run_20260926_014038_575179,1024,35,2026-09-26T01:41:13.664,12,right,11,12,18.5,True,
run_20260926_014038_575179,1055,36,2026-09-26T01:41:14.687,1,left,0,1,18.5,True,
run_20260926_014038_575179,1055,36,2026-09-26T01:41:14.687,2,left,1,2,19.0,True,
run_20260926_014038_575179,1055,36,2026-09-26T01:41:14.687,3,left,2,3,18.5,True,
run_20260926_014038_575179,1055,36,2026-09-26T01:41:14.687,4,left,3,4,19.0,True,
run_20260926_014038_575179,1055,36,2026-09-26T01:41:14.687,5,left,4,5,19.0,True,
run_20260926_014038_575179,1055,36,2026-09-26T01:41:14.687,6,left,5,6,19.25,True,
run_20260926_014038_575179,1055,36,2026-09-26T01:41:14.687,7,left,6,7,18.75,True,
run_20260926_014038_575179,1055,36,2026-09-26T01:41:14.687,8,left,7,8,19.0,True,
run_20260926_014038_575179,1055,36,2026-09-26T01:41:14.687,9,left,8,9,19.0,True,
run_20260926_014038_575179,1055,36,2026-09-26T01:41:14.687,10,left,9,10,19.0,True,
run_20260926_014038_575179,1055,36,2026-09-26T01:41:14.687,11,left,10,11,18.75,True,
run_20260926_014038_575179,1055,36,2026-09-26T01:41:14.687,12,left,11,12,18.25,True,
run_20260926_014038_575179,1055,36,2026-09-26T01:41:14.687,1,right,0,1,18.0,True,
run_20260926_014038_575179,1055,36,2026-09-26T01:41:14.687,2,right,1,2,19.0,True,
run_20260926_014038_575179,1055,36,2026-09-26T01:41:14.687,3,right,2,3,19.0,True,
run_20260926_014038_575179,1055,36,2026-09-26T01:41:14.687,4,right,3,4,19.0,True,
run_20260926_014038_575179,1055,36,2026-09-26T01:41:14.687,5,right,4,5,18.5,True,
run_20260926_014038_575179,1055,36,2026-09-26T01:41:14.687,6,right,5,6,19.0,True,
run_20260926_014038_575179,1055,36,2026-09-26T01:41:14.687,7,right,6,7,18.5,True,
run_20260926_014038_575179,1055,36,2026-09-26T01:41:14.687,8,right,7,8,19.0,True,
run_20260926_014038_575179,1055,36,2026-09-26T01:41:14.687,9,right,8,9,19.0,True,
run_20260926_014038_575179,1055,36,2026-09-26T01:41:14.687,10,right,9,10,18.0,True,
run_20260926_014038_575179,1055,36,2026-09-26T01:41:14.687,11,right,10,11,18.5,True,
run_20260926_014038_575179,1055,36,2026-09-26T01:41:14.687,12,right,11,12,18.5,True,
run_20260926_014038_575179,1085,37,2026-09-26T01:41:15.687,1,left,0,1,18.5,True,
run_20260926_014038_575179,1085,37,2026-09-26T01:41:15.687,2,left,1,2,19.0,True,
run_20260926_014038_575179,1085,37,2026-09-26T01:41:15.687,3,left,2,3,18.5,True,
run_20260926_014038_575179,1085,37,2026-09-26T01:41:15.687,4,left,3,4,19.0,True,
run_20260926_014038_575179,1085,37,2026-09-26T01:41:15.687,5,left,4,5,19.0,True,
run_20260926_014038_575179,1085,37,2026-09-26T01:41:15.687,6,left,5,6,19.25,True,
run_20260926_014038_575179,1085,37,2026-09-26T01:41:15.687,7,left,6,7,18.75,True,
run_20260926_014038_575179,1085,37,2026-09-26T01:41:15.687,8,left,7,8,19.0,True,
run_20260926_014038_575179,1085,37,2026-09-26T01:41:15.687,9,left,8,9,19.0,True,
run_20260926_014038_575179,1085,37,2026-09-26T01:41:15.687,10,left,9,10,19.0,True,
run_20260926_014038_575179,1085,37,2026-09-26T01:41:15.687,11,left,10,11,18.75,True,
run_20260926_014038_575179,1085,37,2026-09-26T01:41:15.687,12,left,11,12,18.25,True,
run_20260926_014038_575179,1085,37,2026-09-26T01:41:15.687,1,right,0,1,18.0,True,
run_20260926_014038_575179,1085,37,2026-09-26T01:41:15.687,2,right,1,2,19.0,True,
run_20260926_014038_575179,1085,37,2026-09-26T01:41:15.687,3,right,2,3,19.0,True,
run_20260926_014038_575179,1085,37,2026-09-26T01:41:15.687,4,right,3,4,19.0,True,
run_20260926_014038_575179,1085,37,2026-09-26T01:41:15.687,5,right,4,5,18.5,True,
run_20260926_014038_575179,1085,37,2026-09-26T01:41:15.687,6,right,5,6,19.0,True,
run_20260926_014038_575179,1085,37,2026-09-26T01:41:15.687,7,right,6,7,18.5,True,
run_20260926_014038_575179,1085,37,2026-09-26T01:41:15.687,8,right,7,8,19.0,True,
run_20260926_014038_575179,1085,37,2026-09-26T01:41:15.687,9,right,8,9,19.0,True,
run_20260926_014038_575179,1085,37,2026-09-26T01:41:15.687,10,right,9,10,18.0,True,
run_20260926_014038_575179,1085,37,2026-09-26T01:41:15.687,11,right,10,11,18.5,True,
run_20260926_014038_575179,1085,37,2026-09-26T01:41:15.687,12,right,11,12,18.5,True,
run_20260926_014038_575179,1115,38,2026-09-26T01:41:16.692,1,left,0,1,18.5,True,
run_20260926_014038_575179,1115,38,2026-09-26T01:41:16.692,2,left,1,2,19.0,True,
run_20260926_014038_575179,1115,38,2026-09-26T01:41:16.692,3,left,2,3,18.5,True,
run_20260926_014038_575179,1115,38,2026-09-26T01:41:16.692,4,left,3,4,19.0,True,
run_20260926_014038_575179,1115,38,2026-09-26T01:41:16.692,5,left,4,5,19.0,True,
run_20260926_014038_575179,1115,38,2026-09-26T01:41:16.692,6,left,5,6,19.25,True,
run_20260926_014038_575179,1115,38,2026-09-26T01:41:16.692,7,left,6,7,18.75,True,
run_20260926_014038_575179,1115,38,2026-09-26T01:41:16.692,8,left,7,8,19.0,True,
run_20260926_014038_575179,1115,38,2026-09-26T01:41:16.692,9,left,8,9,19.0,True,
run_20260926_014038_575179,1115,38,2026-09-26T01:41:16.692,10,left,9,10,19.0,True,
run_20260926_014038_575179,1115,38,2026-09-26T01:41:16.692,11,left,10,11,18.75,True,
run_20260926_014038_575179,1115,38,2026-09-26T01:41:16.692,12,left,11,12,18.25,True,
run_20260926_014038_575179,1115,38,2026-09-26T01:41:16.692,1,right,0,1,18.0,True,
run_20260926_014038_575179,1115,38,2026-09-26T01:41:16.692,2,right,1,2,19.0,True,
run_20260926_014038_575179,1115,38,2026-09-26T01:41:16.692,3,right,2,3,19.0,True,
run_20260926_014038_575179,1115,38,2026-09-26T01:41:16.692,4,right,3,4,19.0,True,
run_20260926_014038_575179,1115,38,2026-09-26T01:41:16.692,5,right,4,5,18.5,True,
run_20260926_014038_575179,1115,38,2026-09-26T01:41:16.692,6,right,5,6,19.0,True,
run_20260926_014038_575179,1115,38,2026-09-26T01:41:16.692,7,right,6,7,18.5,True,
run_20260926_014038_575179,1115,38,2026-09-26T01:41:16.692,8,right,7,8,19.0,True,
run_20260926_014038_575179,1115,38,2026-09-26T01:41:16.692,9,right,8,9,19.0,True,
run_20260926_014038_575179,1115,38,2026-09-26T01:41:16.692,10,right,9,10,18.0,True,
run_20260926_014038_575179,1115,38,2026-09-26T01:41:16.692,11,right,10,11,18.5,True,
run_20260926_014038_575179,1115,38,2026-09-26T01:41:16.692,12,right,11,12,18.5,True,
run_20260926_014038_575179,1146,39,2026-09-26T01:41:17.719,1,left,0,1,18.5,True,
run_20260926_014038_575179,1146,39,2026-09-26T01:41:17.719,2,left,1,2,19.0,True,
run_20260926_014038_575179,1146,39,2026-09-26T01:41:17.719,3,left,2,3,18.5,True,
run_20260926_014038_575179,1146,39,2026-09-26T01:41:17.719,4,left,3,4,19.0,True,
run_20260926_014038_575179,1146,39,2026-09-26T01:41:17.719,5,left,4,5,19.0,True,
run_20260926_014038_575179,1146,39,2026-09-26T01:41:17.719,6,left,5,6,19.25,True,
run_20260926_014038_575179,1146,39,2026-09-26T01:41:17.719,7,left,6,7,18.75,True,
run_20260926_014038_575179,1146,39,2026-09-26T01:41:17.719,8,left,7,8,19.0,True,
run_20260926_014038_575179,1146,39,2026-09-26T01:41:17.719,9,left,8,9,19.0,True,
run_20260926_014038_575179,1146,39,2026-09-26T01:41:17.719,10,left,9,10,19.0,True,
run_20260926_014038_575179,1146,39,2026-09-26T01:41:17.719,11,left,10,11,18.75,True,
run_20260926_014038_575179,1146,39,2026-09-26T01:41:17.719,12,left,11,12,18.25,True,
run_20260926_014038_575179,1146,39,2026-09-26T01:41:17.719,1,right,0,1,18.0,True,
run_20260926_014038_575179,1146,39,2026-09-26T01:41:17.719,2,right,1,2,19.0,True,
run_20260926_014038_575179,1146,39,2026-09-26T01:41:17.719,3,right,2,3,19.0,True,
run_20260926_014038_575179,1146,39,2026-09-26T01:41:17.719,4,right,3,4,19.0,True,
run_20260926_014038_575179,1146,39,2026-09-26T01:41:17.719,5,right,4,5,18.5,True,
run_20260926_014038_575179,1146,39,2026-09-26T01:41:17.719,6,right,5,6,19.0,True,
run_20260926_014038_575179,1146,39,2026-09-26T01:41:17.719,7,right,6,7,18.5,True,
run_20260926_014038_575179,1146,39,2026-09-26T01:41:17.719,8,right,7,8,19.0,True,
run_20260926_014038_575179,1146,39,2026-09-26T01:41:17.719,9,right,8,9,19.0,True,
run_20260926_014038_575179,1146,39,2026-09-26T01:41:17.719,10,right,9,10,18.0,True,
run_20260926_014038_575179,1146,39,2026-09-26T01:41:17.719,11,right,10,11,18.5,True,
run_20260926_014038_575179,1146,39,2026-09-26T01:41:17.719,12,right,11,12,18.5,True,
run_20260926_014038_575179,1176,40,2026-09-26T01:41:18.725,1,left,0,1,18.5,True,
run_20260926_014038_575179,1176,40,2026-09-26T01:41:18.725,2,left,1,2,19.0,True,
run_20260926_014038_575179,1176,40,2026-09-26T01:41:18.725,3,left,2,3,18.5,True,
run_20260926_014038_575179,1176,40,2026-09-26T01:41:18.725,4,left,3,4,19.0,True,
run_20260926_014038_575179,1176,40,2026-09-26T01:41:18.725,5,left,4,5,19.0,True,
run_20260926_014038_575179,1176,40,2026-09-26T01:41:18.725,6,left,5,6,19.25,True,
run_20260926_014038_575179,1176,40,2026-09-26T01:41:18.725,7,left,6,7,18.75,True,
run_20260926_014038_575179,1176,40,2026-09-26T01:41:18.725,8,left,7,8,19.0,True,
run_20260926_014038_575179,1176,40,2026-09-26T01:41:18.725,9,left,8,9,19.0,True,
run_20260926_014038_575179,1176,40,2026-09-26T01:41:18.725,10,left,9,10,19.0,True,
run_20260926_014038_575179,1176,40,2026-09-26T01:41:18.725,11,left,10,11,18.75,True,
run_20260926_014038_575179,1176,40,2026-09-26T01:41:18.725,12,left,11,12,18.25,True,
run_20260926_014038_575179,1176,40,2026-09-26T01:41:18.725,1,right,0,1,18.0,True,
run_20260926_014038_575179,1176,40,2026-09-26T01:41:18.725,2,right,1,2,19.0,True,
run_20260926_014038_575179,1176,40,2026-09-26T01:41:18.725,3,right,2,3,19.0,True,
run_20260926_014038_575179,1176,40,2026-09-26T01:41:18.725,4,right,3,4,19.0,True,
run_20260926_014038_575179,1176,40,2026-09-26T01:41:18.725,5,right,4,5,18.5,True,
run_20260926_014038_575179,1176,40,2026-09-26T01:41:18.725,6,right,5,6,19.0,True,
run_20260926_014038_575179,1176,40,2026-09-26T01:41:18.725,7,right,6,7,18.5,True,
run_20260926_014038_575179,1176,40,2026-09-26T01:41:18.725,8,right,7,8,19.0,True,
run_20260926_014038_575179,1176,40,2026-09-26T01:41:18.725,9,right,8,9,19.0,True,
run_20260926_014038_575179,1176,40,2026-09-26T01:41:18.725,10,right,9,10,18.0,True,
run_20260926_014038_575179,1176,40,2026-09-26T01:41:18.725,11,right,10,11,18.5,True,
run_20260926_014038_575179,1176,40,2026-09-26T01:41:18.725,12,right,11,12,18.5,True,
run_20260926_014038_575179,1207,41,2026-09-26T01:41:19.753,1,left,0,1,18.5,True,
run_20260926_014038_575179,1207,41,2026-09-26T01:41:19.753,2,left,1,2,19.0,True,
run_20260926_014038_575179,1207,41,2026-09-26T01:41:19.753,3,left,2,3,18.5,True,
run_20260926_014038_575179,1207,41,2026-09-26T01:41:19.753,4,left,3,4,19.0,True,
run_20260926_014038_575179,1207,41,2026-09-26T01:41:19.753,5,left,4,5,19.0,True,
run_20260926_014038_575179,1207,41,2026-09-26T01:41:19.753,6,left,5,6,19.25,True,
run_20260926_014038_575179,1207,41,2026-09-26T01:41:19.753,7,left,6,7,18.75,True,
run_20260926_014038_575179,1207,41,2026-09-26T01:41:19.753,8,left,7,8,19.0,True,
run_20260926_014038_575179,1207,41,2026-09-26T01:41:19.753,9,left,8,9,19.0,True,
run_20260926_014038_575179,1207,41,2026-09-26T01:41:19.753,10,left,9,10,19.0,True,
run_20260926_014038_575179,1207,41,2026-09-26T01:41:19.753,11,left,10,11,18.57142857142857,True,
run_20260926_014038_575179,1207,41,2026-09-26T01:41:19.753,12,left,11,12,18.42857142857143,True,
run_20260926_014038_575179,1207,41,2026-09-26T01:41:19.753,1,right,0,1,18.0,True,
run_20260926_014038_575179,1207,41,2026-09-26T01:41:19.753,2,right,1,2,19.0,True,
run_20260926_014038_575179,1207,41,2026-09-26T01:41:19.753,3,right,2,3,19.0,True,
run_20260926_014038_575179,1207,41,2026-09-26T01:41:19.753,4,right,3,4,19.0,True,
run_20260926_014038_575179,1207,41,2026-09-26T01:41:19.753,5,right,4,5,18.5,True,
run_20260926_014038_575179,1207,41,2026-09-26T01:41:19.753,6,right,5,6,19.0,True,
run_20260926_014038_575179,1207,41,2026-09-26T01:41:19.753,7,right,6,7,18.5,True,
run_20260926_014038_575179,1207,41,2026-09-26T01:41:19.753,8,right,7,8,19.0,True,
run_20260926_014038_575179,1207,41,2026-09-26T01:41:19.753,9,right,8,9,19.0,True,
run_20260926_014038_575179,1207,41,2026-09-26T01:41:19.753,10,right,9,10,18.0,True,
run_20260926_014038_575179,1207,41,2026-09-26T01:41:19.753,11,right,10,11,18.5,True,
run_20260926_014038_575179,1207,41,2026-09-26T01:41:19.753,12,right,11,12,18.5,True,
run_20260926_014038_575179,1237,42,2026-09-26T01:41:20.754,1,left,0,1,18.5,True,
run_20260926_014038_575179,1237,42,2026-09-26T01:41:20.754,2,left,1,2,19.0,True,
run_20260926_014038_575179,1237,42,2026-09-26T01:41:20.754,3,left,2,3,18.5,True,
run_20260926_014038_575179,1237,42,2026-09-26T01:41:20.754,4,left,3,4,19.0,True,
run_20260926_014038_575179,1237,42,2026-09-26T01:41:20.754,5,left,4,5,19.0,True,
run_20260926_014038_575179,1237,42,2026-09-26T01:41:20.754,6,left,5,6,19.25,True,
run_20260926_014038_575179,1237,42,2026-09-26T01:41:20.754,7,left,6,7,18.75,True,
run_20260926_014038_575179,1237,42,2026-09-26T01:41:20.754,8,left,7,8,19.0,True,
run_20260926_014038_575179,1237,42,2026-09-26T01:41:20.754,9,left,8,9,19.0,True,
run_20260926_014038_575179,1237,42,2026-09-26T01:41:20.754,10,left,9,10,19.0,True,
run_20260926_014038_575179,1237,42,2026-09-26T01:41:20.754,11,left,10,11,18.57142857142857,True,
run_20260926_014038_575179,1237,42,2026-09-26T01:41:20.754,12,left,11,12,18.42857142857143,True,
run_20260926_014038_575179,1237,42,2026-09-26T01:41:20.754,1,right,0,1,18.0,True,
run_20260926_014038_575179,1237,42,2026-09-26T01:41:20.754,2,right,1,2,19.0,True,
run_20260926_014038_575179,1237,42,2026-09-26T01:41:20.754,3,right,2,3,19.0,True,
run_20260926_014038_575179,1237,42,2026-09-26T01:41:20.754,4,right,3,4,19.0,True,
run_20260926_014038_575179,1237,42,2026-09-26T01:41:20.754,5,right,4,5,18.5,True,
run_20260926_014038_575179,1237,42,2026-09-26T01:41:20.754,6,right,5,6,19.0,True,
run_20260926_014038_575179,1237,42,2026-09-26T01:41:20.754,7,right,6,7,18.5,True,
run_20260926_014038_575179,1237,42,2026-09-26T01:41:20.754,8,right,7,8,19.0,True,
run_20260926_014038_575179,1237,42,2026-09-26T01:41:20.754,9,right,8,9,19.0,True,
run_20260926_014038_575179,1237,42,2026-09-26T01:41:20.754,10,right,9,10,18.0,True,
run_20260926_014038_575179,1237,42,2026-09-26T01:41:20.754,11,right,10,11,18.5,True,
run_20260926_014038_575179,1237,42,2026-09-26T01:41:20.754,12,right,11,12,18.5,True,
run_20260926_014038_575179,1267,43,2026-09-26T01:41:21.755,1,left,0,1,18.5,True,
run_20260926_014038_575179,1267,43,2026-09-26T01:41:21.755,2,left,1,2,19.0,True,
run_20260926_014038_575179,1267,43,2026-09-26T01:41:21.755,3,left,2,3,18.5,True,
run_20260926_014038_575179,1267,43,2026-09-26T01:41:21.755,4,left,3,4,19.0,True,
run_20260926_014038_575179,1267,43,2026-09-26T01:41:21.755,5,left,4,5,19.0,True,
run_20260926_014038_575179,1267,43,2026-09-26T01:41:21.755,6,left,5,6,19.25,True,
run_20260926_014038_575179,1267,43,2026-09-26T01:41:21.755,7,left,6,7,18.75,True,
run_20260926_014038_575179,1267,43,2026-09-26T01:41:21.755,8,left,7,8,19.0,True,
run_20260926_014038_575179,1267,43,2026-09-26T01:41:21.755,9,left,8,9,19.0,True,
run_20260926_014038_575179,1267,43,2026-09-26T01:41:21.755,10,left,9,10,19.0,True,
run_20260926_014038_575179,1267,43,2026-09-26T01:41:21.755,11,left,10,11,18.57142857142857,True,
run_20260926_014038_575179,1267,43,2026-09-26T01:41:21.755,12,left,11,12,18.42857142857143,True,
run_20260926_014038_575179,1267,43,2026-09-26T01:41:21.755,1,right,0,1,18.0,True,
run_20260926_014038_575179,1267,43,2026-09-26T01:41:21.755,2,right,1,2,19.0,True,
run_20260926_014038_575179,1267,43,2026-09-26T01:41:21.755,3,right,2,3,19.0,True,
run_20260926_014038_575179,1267,43,2026-09-26T01:41:21.755,4,right,3,4,19.0,True,
run_20260926_014038_575179,1267,43,2026-09-26T01:41:21.755,5,right,4,5,18.5,True,
run_20260926_014038_575179,1267,43,2026-09-26T01:41:21.755,6,right,5,6,19.0,True,
run_20260926_014038_575179,1267,43,2026-09-26T01:41:21.755,7,right,6,7,18.5,True,
run_20260926_014038_575179,1267,43,2026-09-26T01:41:21.755,8,right,7,8,19.0,True,
run_20260926_014038_575179,1267,43,2026-09-26T01:41:21.755,9,right,8,9,19.0,True,
run_20260926_014038_575179,1267,43,2026-09-26T01:41:21.755,10,right,9,10,18.0,True,
run_20260926_014038_575179,1267,43,2026-09-26T01:41:21.755,11,right,10,11,18.5,True,
run_20260926_014038_575179,1267,43,2026-09-26T01:41:21.755,12,right,11,12,18.5,True,
run_20260926_014038_575179,1297,44,2026-09-26T01:41:22.755,1,left,0,1,18.5,True,
run_20260926_014038_575179,1297,44,2026-09-26T01:41:22.755,2,left,1,2,19.0,True,
run_20260926_014038_575179,1297,44,2026-09-26T01:41:22.755,3,left,2,3,18.5,True,
run_20260926_014038_575179,1297,44,2026-09-26T01:41:22.755,4,left,3,4,19.0,True,
run_20260926_014038_575179,1297,44,2026-09-26T01:41:22.755,5,left,4,5,19.0,True,
run_20260926_014038_575179,1297,44,2026-09-26T01:41:22.755,6,left,5,6,19.25,True,
run_20260926_014038_575179,1297,44,2026-09-26T01:41:22.755,7,left,6,7,18.75,True,
run_20260926_014038_575179,1297,44,2026-09-26T01:41:22.755,8,left,7,8,19.0,True,
run_20260926_014038_575179,1297,44,2026-09-26T01:41:22.755,9,left,8,9,19.0,True,
run_20260926_014038_575179,1297,44,2026-09-26T01:41:22.755,10,left,9,10,19.0,True,
run_20260926_014038_575179,1297,44,2026-09-26T01:41:22.755,11,left,10,11,18.57142857142857,True,
run_20260926_014038_575179,1297,44,2026-09-26T01:41:22.755,12,left,11,12,18.42857142857143,True,
run_20260926_014038_575179,1297,44,2026-09-26T01:41:22.755,1,right,0,1,18.0,True,
run_20260926_014038_575179,1297,44,2026-09-26T01:41:22.755,2,right,1,2,19.0,True,
run_20260926_014038_575179,1297,44,2026-09-26T01:41:22.755,3,right,2,3,19.0,True,
run_20260926_014038_575179,1297,44,2026-09-26T01:41:22.755,4,right,3,4,19.0,True,
run_20260926_014038_575179,1297,44,2026-09-26T01:41:22.755,5,right,4,5,18.5,True,
run_20260926_014038_575179,1297,44,2026-09-26T01:41:22.755,6,right,5,6,19.0,True,
run_20260926_014038_575179,1297,44,2026-09-26T01:41:22.755,7,right,6,7,18.5,True,
run_20260926_014038_575179,1297,44,2026-09-26T01:41:22.755,8,right,7,8,19.0,True,
run_20260926_014038_575179,1297,44,2026-09-26T01:41:22.755,9,right,8,9,19.0,True,
run_20260926_014038_575179,1297,44,2026-09-26T01:41:22.755,10,right,9,10,18.0,True,
run_20260926_014038_575179,1297,44,2026-09-26T01:41:22.755,11,right,10,11,18.5,True,
run_20260926_014038_575179,1297,44,2026-09-26T01:41:22.755,12,right,11,12,18.5,True,
run_20260926_014038_575179,1327,45,2026-09-26T01:41:23.756,1,left,0,1,18.5,True,
run_20260926_014038_575179,1327,45,2026-09-26T01:41:23.756,2,left,1,2,19.0,True,
run_20260926_014038_575179,1327,45,2026-09-26T01:41:23.756,3,left,2,3,18.5,True,
run_20260926_014038_575179,1327,45,2026-09-26T01:41:23.756,4,left,3,4,19.0,True,
run_20260926_014038_575179,1327,45,2026-09-26T01:41:23.756,5,left,4,5,19.0,True,
run_20260926_014038_575179,1327,45,2026-09-26T01:41:23.756,6,left,5,6,19.25,True,
run_20260926_014038_575179,1327,45,2026-09-26T01:41:23.756,7,left,6,7,18.75,True,
run_20260926_014038_575179,1327,45,2026-09-26T01:41:23.756,8,left,7,8,19.0,True,
run_20260926_014038_575179,1327,45,2026-09-26T01:41:23.756,9,left,8,9,19.0,True,
run_20260926_014038_575179,1327,45,2026-09-26T01:41:23.756,10,left,9,10,19.0,True,
run_20260926_014038_575179,1327,45,2026-09-26T01:41:23.756,11,left,10,11,18.65384615384616,True,
run_20260926_014038_575179,1327,45,2026-09-26T01:41:23.756,12,left,11,12,18.34615384615384,True,
run_20260926_014038_575179,1327,45,2026-09-26T01:41:23.756,1,right,0,1,18.0,True,
run_20260926_014038_575179,1327,45,2026-09-26T01:41:23.756,2,right,1,2,19.0,True,
run_20260926_014038_575179,1327,45,2026-09-26T01:41:23.756,3,right,2,3,19.0,True,
run_20260926_014038_575179,1327,45,2026-09-26T01:41:23.756,4,right,3,4,19.0,True,
run_20260926_014038_575179,1327,45,2026-09-26T01:41:23.756,5,right,4,5,18.5,True,
run_20260926_014038_575179,1327,45,2026-09-26T01:41:23.756,6,right,5,6,19.0,True,
run_20260926_014038_575179,1327,45,2026-09-26T01:41:23.756,7,right,6,7,18.5,True,
run_20260926_014038_575179,1327,45,2026-09-26T01:41:23.756,8,right,7,8,19.0,True,
run_20260926_014038_575179,1327,45,2026-09-26T01:41:23.756,9,right,8,9,19.0,True,
run_20260926_014038_575179,1327,45,2026-09-26T01:41:23.756,10,right,9,10,18.0,True,
run_20260926_014038_575179,1327,45,2026-09-26T01:41:23.756,11,right,10,11,18.5,True,
run_20260926_014038_575179,1327,45,2026-09-26T01:41:23.756,12,right,11,12,18.5,True,
run_20260926_014038_575179,1356,46,2026-09-26T01:41:24.795,1,left,0,1,18.5,True,
run_20260926_014038_575179,1356,46,2026-09-26T01:41:24.795,2,left,1,2,19.0,True,
run_20260926_014038_575179,1356,46,2026-09-26T01:41:24.795,3,left,2,3,18.5,True,
run_20260926_014038_575179,1356,46,2026-09-26T01:41:24.795,4,left,3,4,19.0,True,
run_20260926_014038_575179,1356,46,2026-09-26T01:41:24.795,5,left,4,5,19.0,True,
run_20260926_014038_575179,1356,46,2026-09-26T01:41:24.795,6,left,5,6,19.25,True,
run_20260926_014038_575179,1356,46,2026-09-26T01:41:24.795,7,left,6,7,18.75,True,
run_20260926_014038_575179,1356,46,2026-09-26T01:41:24.795,8,left,7,8,19.0,True,
run_20260926_014038_575179,1356,46,2026-09-26T01:41:24.795,9,left,8,9,19.0,True,
run_20260926_014038_575179,1356,46,2026-09-26T01:41:24.795,10,left,9,10,19.0,True,
run_20260926_014038_575179,1356,46,2026-09-26T01:41:24.795,11,left,10,11,18.75,True,
run_20260926_014038_575179,1356,46,2026-09-26T01:41:24.795,12,left,11,12,18.25,True,
run_20260926_014038_575179,1356,46,2026-09-26T01:41:24.795,1,right,0,1,18.0,True,
run_20260926_014038_575179,1356,46,2026-09-26T01:41:24.795,2,right,1,2,19.0,True,
run_20260926_014038_575179,1356,46,2026-09-26T01:41:24.795,3,right,2,3,19.0,True,
run_20260926_014038_575179,1356,46,2026-09-26T01:41:24.795,4,right,3,4,19.0,True,
run_20260926_014038_575179,1356,46,2026-09-26T01:41:24.795,5,right,4,5,18.5,True,
run_20260926_014038_575179,1356,46,2026-09-26T01:41:24.795,6,right,5,6,19.0,True,
run_20260926_014038_575179,1356,46,2026-09-26T01:41:24.795,7,right,6,7,18.5,True,
run_20260926_014038_575179,1356,46,2026-09-26T01:41:24.795,8,right,7,8,19.0,True,
run_20260926_014038_575179,1356,46,2026-09-26T01:41:24.795,9,right,8,9,19.0,True,
run_20260926_014038_575179,1356,46,2026-09-26T01:41:24.795,10,right,9,10,18.0,True,
run_20260926_014038_575179,1356,46,2026-09-26T01:41:24.795,11,right,10,11,18.5,True,
run_20260926_014038_575179,1356,46,2026-09-26T01:41:24.795,12,right,11,12,18.5,True,
run_20260926_014038_575179,1387,47,2026-09-26T01:41:25.820,1,left,0,1,18.5,True,
run_20260926_014038_575179,1387,47,2026-09-26T01:41:25.820,2,left,1,2,19.0,True,
run_20260926_014038_575179,1387,47,2026-09-26T01:41:25.820,3,left,2,3,18.5,True,
run_20260926_014038_575179,1387,47,2026-09-26T01:41:25.820,4,left,3,4,19.0,True,
run_20260926_014038_575179,1387,47,2026-09-26T01:41:25.820,5,left,4,5,19.0,True,
run_20260926_014038_575179,1387,47,2026-09-26T01:41:25.820,6,left,5,6,19.25,True,
run_20260926_014038_575179,1387,47,2026-09-26T01:41:25.820,7,left,6,7,18.75,True,
run_20260926_014038_575179,1387,47,2026-09-26T01:41:25.820,8,left,7,8,19.0,True,
run_20260926_014038_575179,1387,47,2026-09-26T01:41:25.820,9,left,8,9,19.0,True,
run_20260926_014038_575179,1387,47,2026-09-26T01:41:25.820,10,left,9,10,19.0,True,
run_20260926_014038_575179,1387,47,2026-09-26T01:41:25.820,11,left,10,11,18.57142857142857,True,
run_20260926_014038_575179,1387,47,2026-09-26T01:41:25.820,12,left,11,12,18.42857142857143,True,
run_20260926_014038_575179,1387,47,2026-09-26T01:41:25.820,1,right,0,1,18.0,True,
run_20260926_014038_575179,1387,47,2026-09-26T01:41:25.820,2,right,1,2,19.0,True,
run_20260926_014038_575179,1387,47,2026-09-26T01:41:25.820,3,right,2,3,19.0,True,
run_20260926_014038_575179,1387,47,2026-09-26T01:41:25.820,4,right,3,4,19.0,True,
run_20260926_014038_575179,1387,47,2026-09-26T01:41:25.820,5,right,4,5,18.5,True,
run_20260926_014038_575179,1387,47,2026-09-26T01:41:25.820,6,right,5,6,19.0,True,
run_20260926_014038_575179,1387,47,2026-09-26T01:41:25.820,7,right,6,7,18.5,True,
run_20260926_014038_575179,1387,47,2026-09-26T01:41:25.820,8,right,7,8,19.0,True,
run_20260926_014038_575179,1387,47,2026-09-26T01:41:25.820,9,right,8,9,19.0,True,
run_20260926_014038_575179,1387,47,2026-09-26T01:41:25.820,10,right,9,10,18.0,True,
run_20260926_014038_575179,1387,47,2026-09-26T01:41:25.820,11,right,10,11,18.5,True,
run_20260926_014038_575179,1387,47,2026-09-26T01:41:25.820,12,right,11,12,18.5,True,
run_20260926_014038_575179,1417,48,2026-09-26T01:41:26.823,1,left,0,1,18.5,True,
run_20260926_014038_575179,1417,48,2026-09-26T01:41:26.823,2,left,1,2,19.0,True,
run_20260926_014038_575179,1417,48,2026-09-26T01:41:26.823,3,left,2,3,18.5,True,
run_20260926_014038_575179,1417,48,2026-09-26T01:41:26.823,4,left,3,4,19.0,True,
run_20260926_014038_575179,1417,48,2026-09-26T01:41:26.823,5,left,4,5,19.0,True,
run_20260926_014038_575179,1417,48,2026-09-26T01:41:26.823,6,left,5,6,19.25,True,
run_20260926_014038_575179,1417,48,2026-09-26T01:41:26.823,7,left,6,7,18.75,True,
run_20260926_014038_575179,1417,48,2026-09-26T01:41:26.823,8,left,7,8,19.0,True,
run_20260926_014038_575179,1417,48,2026-09-26T01:41:26.823,9,left,8,9,19.0,True,
run_20260926_014038_575179,1417,48,2026-09-26T01:41:26.823,10,left,9,10,19.0,True,
run_20260926_014038_575179,1417,48,2026-09-26T01:41:26.823,11,left,10,11,18.75,True,
run_20260926_014038_575179,1417,48,2026-09-26T01:41:26.823,12,left,11,12,18.25,True,
run_20260926_014038_575179,1417,48,2026-09-26T01:41:26.823,1,right,0,1,18.0,True,
run_20260926_014038_575179,1417,48,2026-09-26T01:41:26.823,2,right,1,2,19.0,True,
run_20260926_014038_575179,1417,48,2026-09-26T01:41:26.823,3,right,2,3,19.0,True,
run_20260926_014038_575179,1417,48,2026-09-26T01:41:26.823,4,right,3,4,19.0,True,
run_20260926_014038_575179,1417,48,2026-09-26T01:41:26.823,5,right,4,5,18.5,True,
run_20260926_014038_575179,1417,48,2026-09-26T01:41:26.823,6,right,5,6,19.0,True,
run_20260926_014038_575179,1417,48,2026-09-26T01:41:26.823,7,right,6,7,18.5,True,
run_20260926_014038_575179,1417,48,2026-09-26T01:41:26.823,8,right,7,8,19.0,True,
run_20260926_014038_575179,1417,48,2026-09-26T01:41:26.823,9,right,8,9,19.0,True,
run_20260926_014038_575179,1417,48,2026-09-26T01:41:26.823,10,right,9,10,18.0,True,
run_20260926_014038_575179,1417,48,2026-09-26T01:41:26.823,11,right,10,11,18.5,True,
run_20260926_014038_575179,1417,48,2026-09-26T01:41:26.823,12,right,11,12,18.5,True,
run_20260926_014038_575179,1448,49,2026-09-26T01:41:27.853,1,left,0,1,18.5,True,
run_20260926_014038_575179,1448,49,2026-09-26T01:41:27.853,2,left,1,2,19.0,True,
run_20260926_014038_575179,1448,49,2026-09-26T01:41:27.853,3,left,2,3,18.5,True,
run_20260926_014038_575179,1448,49,2026-09-26T01:41:27.853,4,left,3,4,19.0,True,
run_20260926_014038_575179,1448,49,2026-09-26T01:41:27.853,5,left,4,5,19.0,True,
run_20260926_014038_575179,1448,49,2026-09-26T01:41:27.853,6,left,5,6,19.25,True,
run_20260926_014038_575179,1448,49,2026-09-26T01:41:27.853,7,left,6,7,18.75,True,
run_20260926_014038_575179,1448,49,2026-09-26T01:41:27.853,8,left,7,8,19.0,True,
run_20260926_014038_575179,1448,49,2026-09-26T01:41:27.853,9,left,8,9,19.0,True,
run_20260926_014038_575179,1448,49,2026-09-26T01:41:27.853,10,left,9,10,19.0,True,
run_20260926_014038_575179,1448,49,2026-09-26T01:41:27.853,11,left,10,11,18.57142857142857,True,
run_20260926_014038_575179,1448,49,2026-09-26T01:41:27.853,12,left,11,12,18.42857142857143,True,
run_20260926_014038_575179,1448,49,2026-09-26T01:41:27.853,1,right,0,1,18.0,True,
run_20260926_014038_575179,1448,49,2026-09-26T01:41:27.853,2,right,1,2,19.0,True,
run_20260926_014038_575179,1448,49,2026-09-26T01:41:27.853,3,right,2,3,19.0,True,
run_20260926_014038_575179,1448,49,2026-09-26T01:41:27.853,4,right,3,4,19.0,True,
run_20260926_014038_575179,1448,49,2026-09-26T01:41:27.853,5,right,4,5,18.5,True,
run_20260926_014038_575179,1448,49,2026-09-26T01:41:27.853,6,right,5,6,19.0,True,
run_20260926_014038_575179,1448,49,2026-09-26T01:41:27.853,7,right,6,7,18.5,True,
run_20260926_014038_575179,1448,49,2026-09-26T01:41:27.853,8,right,7,8,19.0,True,
run_20260926_014038_575179,1448,49,2026-09-26T01:41:27.853,9,right,8,9,19.0,True,
run_20260926_014038_575179,1448,49,2026-09-26T01:41:27.853,10,right,9,10,18.0,True,
run_20260926_014038_575179,1448,49,2026-09-26T01:41:27.853,11,right,10,11,18.5,True,
run_20260926_014038_575179,1448,49,2026-09-26T01:41:27.853,12,right,11,12,18.5,True,
run_20260926_014038_575179,1478,50,2026-09-26T01:41:28.854,1,left,0,1,18.5,True,
run_20260926_014038_575179,1478,50,2026-09-26T01:41:28.854,2,left,1,2,19.0,True,
run_20260926_014038_575179,1478,50,2026-09-26T01:41:28.854,3,left,2,3,18.5,True,
run_20260926_014038_575179,1478,50,2026-09-26T01:41:28.854,4,left,3,4,19.0,True,
run_20260926_014038_575179,1478,50,2026-09-26T01:41:28.854,5,left,4,5,19.0,True,
run_20260926_014038_575179,1478,50,2026-09-26T01:41:28.854,6,left,5,6,19.25,True,
run_20260926_014038_575179,1478,50,2026-09-26T01:41:28.854,7,left,6,7,18.75,True,
run_20260926_014038_575179,1478,50,2026-09-26T01:41:28.854,8,left,7,8,19.0,True,
run_20260926_014038_575179,1478,50,2026-09-26T01:41:28.854,9,left,8,9,19.0,True,
run_20260926_014038_575179,1478,50,2026-09-26T01:41:28.854,10,left,9,10,19.0,True,
run_20260926_014038_575179,1478,50,2026-09-26T01:41:28.854,11,left,10,11,18.57142857142857,True,
run_20260926_014038_575179,1478,50,2026-09-26T01:41:28.854,12,left,11,12,18.42857142857143,True,
run_20260926_014038_575179,1478,50,2026-09-26T01:41:28.854,1,right,0,1,18.0,True,
run_20260926_014038_575179,1478,50,2026-09-26T01:41:28.854,2,right,1,2,19.0,True,
run_20260926_014038_575179,1478,50,2026-09-26T01:41:28.854,3,right,2,3,19.0,True,
run_20260926_014038_575179,1478,50,2026-09-26T01:41:28.854,4,right,3,4,19.0,True,
run_20260926_014038_575179,1478,50,2026-09-26T01:41:28.854,5,right,4,5,18.5,True,
run_20260926_014038_575179,1478,50,2026-09-26T01:41:28.854,6,right,5,6,19.0,True,
run_20260926_014038_575179,1478,50,2026-09-26T01:41:28.854,7,right,6,7,18.5,True,
run_20260926_014038_575179,1478,50,2026-09-26T01:41:28.854,8,right,7,8,19.0,True,
run_20260926_014038_575179,1478,50,2026-09-26T01:41:28.854,9,right,8,9,19.0,True,
run_20260926_014038_575179,1478,50,2026-09-26T01:41:28.854,10,right,9,10,18.0,True,
run_20260926_014038_575179,1478,50,2026-09-26T01:41:28.854,11,right,10,11,18.5,True,
run_20260926_014038_575179,1478,50,2026-09-26T01:41:28.854,12,right,11,12,18.5,True,
run_20260926_014038_575179,1509,51,2026-09-26T01:41:29.891,1,left,0,1,18.5,True,
run_20260926_014038_575179,1509,51,2026-09-26T01:41:29.891,2,left,1,2,19.0,True,
run_20260926_014038_575179,1509,51,2026-09-26T01:41:29.891,3,left,2,3,18.5,True,
run_20260926_014038_575179,1509,51,2026-09-26T01:41:29.891,4,left,3,4,19.0,True,
run_20260926_014038_575179,1509,51,2026-09-26T01:41:29.891,5,left,4,5,19.0,True,
run_20260926_014038_575179,1509,51,2026-09-26T01:41:29.891,6,left,5,6,19.25,True,
run_20260926_014038_575179,1509,51,2026-09-26T01:41:29.891,7,left,6,7,18.75,True,
run_20260926_014038_575179,1509,51,2026-09-26T01:41:29.891,8,left,7,8,19.0,True,
run_20260926_014038_575179,1509,51,2026-09-26T01:41:29.891,9,left,8,9,19.0,True,
run_20260926_014038_575179,1509,51,2026-09-26T01:41:29.891,10,left,9,10,19.0,True,
run_20260926_014038_575179,1509,51,2026-09-26T01:41:29.891,11,left,10,11,18.57142857142857,True,
run_20260926_014038_575179,1509,51,2026-09-26T01:41:29.891,12,left,11,12,18.42857142857143,True,
run_20260926_014038_575179,1509,51,2026-09-26T01:41:29.891,1,right,0,1,18.0,True,
run_20260926_014038_575179,1509,51,2026-09-26T01:41:29.891,2,right,1,2,19.0,True,
run_20260926_014038_575179,1509,51,2026-09-26T01:41:29.891,3,right,2,3,19.0,True,
run_20260926_014038_575179,1509,51,2026-09-26T01:41:29.891,4,right,3,4,19.0,True,
run_20260926_014038_575179,1509,51,2026-09-26T01:41:29.891,5,right,4,5,18.5,True,
run_20260926_014038_575179,1509,51,2026-09-26T01:41:29.891,6,right,5,6,19.0,True,
run_20260926_014038_575179,1509,51,2026-09-26T01:41:29.891,7,right,6,7,18.5,True,
run_20260926_014038_575179,1509,51,2026-09-26T01:41:29.891,8,right,7,8,19.0,True,
run_20260926_014038_575179,1509,51,2026-09-26T01:41:29.891,9,right,8,9,19.0,True,
run_20260926_014038_575179,1509,51,2026-09-26T01:41:29.891,10,right,9,10,18.0,True,
run_20260926_014038_575179,1509,51,2026-09-26T01:41:29.891,11,right,10,11,18.5,True,
run_20260926_014038_575179,1509,51,2026-09-26T01:41:29.891,12,right,11,12,18.5,True,
run_20260926_014038_575179,1540,52,2026-09-26T01:41:30.920,1,left,0,1,18.5,True,
run_20260926_014038_575179,1540,52,2026-09-26T01:41:30.920,2,left,1,2,19.0,True,
run_20260926_014038_575179,1540,52,2026-09-26T01:41:30.920,3,left,2,3,18.5,True,
run_20260926_014038_575179,1540,52,2026-09-26T01:41:30.920,4,left,3,4,19.0,True,
run_20260926_014038_575179,1540,52,2026-09-26T01:41:30.920,5,left,4,5,19.0,True,
run_20260926_014038_575179,1540,52,2026-09-26T01:41:30.920,6,left,5,6,19.25,True,
run_20260926_014038_575179,1540,52,2026-09-26T01:41:30.920,7,left,6,7,18.75,True,
run_20260926_014038_575179,1540,52,2026-09-26T01:41:30.920,8,left,7,8,19.0,True,
run_20260926_014038_575179,1540,52,2026-09-26T01:41:30.920,9,left,8,9,19.0,True,
run_20260926_014038_575179,1540,52,2026-09-26T01:41:30.920,10,left,9,10,19.0,True,
run_20260926_014038_575179,1540,52,2026-09-26T01:41:30.920,11,left,10,11,18.57142857142857,True,
run_20260926_014038_575179,1540,52,2026-09-26T01:41:30.920,12,left,11,12,18.42857142857143,True,
run_20260926_014038_575179,1540,52,2026-09-26T01:41:30.920,1,right,0,1,18.0,True,
run_20260926_014038_575179,1540,52,2026-09-26T01:41:30.920,2,right,1,2,19.0,True,
run_20260926_014038_575179,1540,52,2026-09-26T01:41:30.920,3,right,2,3,19.0,True,
run_20260926_014038_575179,1540,52,2026-09-26T01:41:30.920,4,right,3,4,19.0,True,
run_20260926_014038_575179,1540,52,2026-09-26T01:41:30.920,5,right,4,5,18.5,True,
run_20260926_014038_575179,1540,52,2026-09-26T01:41:30.920,6,right,5,6,19.0,True,
run_20260926_014038_575179,1540,52,2026-09-26T01:41:30.920,7,right,6,7,18.5,True,
run_20260926_014038_575179,1540,52,2026-09-26T01:41:30.920,8,right,7,8,19.0,True,
run_20260926_014038_575179,1540,52,2026-09-26T01:41:30.920,9,right,8,9,19.0,True,
run_20260926_014038_575179,1540,52,2026-09-26T01:41:30.920,10,right,9,10,18.0,True,
run_20260926_014038_575179,1540,52,2026-09-26T01:41:30.920,11,right,10,11,18.5,True,
run_20260926_014038_575179,1540,52,2026-09-26T01:41:30.920,12,right,11,12,18.5,True,
run_20260926_014038_575179,1570,53,2026-09-26T01:41:31.924,1,left,0,1,18.5,True,
run_20260926_014038_575179,1570,53,2026-09-26T01:41:31.924,2,left,1,2,19.0,True,
run_20260926_014038_575179,1570,53,2026-09-26T01:41:31.924,3,left,2,3,18.5,True,
run_20260926_014038_575179,1570,53,2026-09-26T01:41:31.924,4,left,3,4,19.0,True,
run_20260926_014038_575179,1570,53,2026-09-26T01:41:31.924,5,left,4,5,19.0,True,
run_20260926_014038_575179,1570,53,2026-09-26T01:41:31.924,6,left,5,6,19.25,True,
run_20260926_014038_575179,1570,53,2026-09-26T01:41:31.924,7,left,6,7,18.75,True,
run_20260926_014038_575179,1570,53,2026-09-26T01:41:31.924,8,left,7,8,19.0,True,
run_20260926_014038_575179,1570,53,2026-09-26T01:41:31.924,9,left,8,9,19.0,True,
run_20260926_014038_575179,1570,53,2026-09-26T01:41:31.924,10,left,9,10,19.0,True,
run_20260926_014038_575179,1570,53,2026-09-26T01:41:31.924,11,left,10,11,18.57142857142857,True,
run_20260926_014038_575179,1570,53,2026-09-26T01:41:31.924,12,left,11,12,18.42857142857143,True,
run_20260926_014038_575179,1570,53,2026-09-26T01:41:31.924,1,right,0,1,18.0,True,
run_20260926_014038_575179,1570,53,2026-09-26T01:41:31.924,2,right,1,2,19.0,True,
run_20260926_014038_575179,1570,53,2026-09-26T01:41:31.924,3,right,2,3,19.0,True,
run_20260926_014038_575179,1570,53,2026-09-26T01:41:31.924,4,right,3,4,19.0,True,
run_20260926_014038_575179,1570,53,2026-09-26T01:41:31.924,5,right,4,5,18.5,True,
run_20260926_014038_575179,1570,53,2026-09-26T01:41:31.924,6,right,5,6,19.0,True,
run_20260926_014038_575179,1570,53,2026-09-26T01:41:31.924,7,right,6,7,18.5,True,
run_20260926_014038_575179,1570,53,2026-09-26T01:41:31.924,8,right,7,8,19.0,True,
run_20260926_014038_575179,1570,53,2026-09-26T01:41:31.924,9,right,8,9,19.0,True,
run_20260926_014038_575179,1570,53,2026-09-26T01:41:31.924,10,right,9,10,18.0,True,
run_20260926_014038_575179,1570,53,2026-09-26T01:41:31.924,11,right,10,11,18.5,True,
run_20260926_014038_575179,1570,53,2026-09-26T01:41:31.924,12,right,11,12,18.5,True,
run_20260926_014038_575179,1601,54,2026-09-26T01:41:32.952,1,left,0,1,18.5,True,
run_20260926_014038_575179,1601,54,2026-09-26T01:41:32.952,2,left,1,2,19.0,True,
run_20260926_014038_575179,1601,54,2026-09-26T01:41:32.952,3,left,2,3,18.5,True,
run_20260926_014038_575179,1601,54,2026-09-26T01:41:32.952,4,left,3,4,19.0,True,
run_20260926_014038_575179,1601,54,2026-09-26T01:41:32.952,5,left,4,5,19.0,True,
run_20260926_014038_575179,1601,54,2026-09-26T01:41:32.952,6,left,5,6,19.25,True,
run_20260926_014038_575179,1601,54,2026-09-26T01:41:32.952,7,left,6,7,18.75,True,
run_20260926_014038_575179,1601,54,2026-09-26T01:41:32.952,8,left,7,8,19.0,True,
run_20260926_014038_575179,1601,54,2026-09-26T01:41:32.952,9,left,8,9,19.0,True,
run_20260926_014038_575179,1601,54,2026-09-26T01:41:32.952,10,left,9,10,19.0,True,
run_20260926_014038_575179,1601,54,2026-09-26T01:41:32.952,11,left,10,11,18.57142857142857,True,
run_20260926_014038_575179,1601,54,2026-09-26T01:41:32.952,12,left,11,12,18.42857142857143,True,
run_20260926_014038_575179,1601,54,2026-09-26T01:41:32.952,1,right,0,1,18.0,True,
run_20260926_014038_575179,1601,54,2026-09-26T01:41:32.952,2,right,1,2,19.0,True,
run_20260926_014038_575179,1601,54,2026-09-26T01:41:32.952,3,right,2,3,19.0,True,
run_20260926_014038_575179,1601,54,2026-09-26T01:41:32.952,4,right,3,4,19.0,True,
run_20260926_014038_575179,1601,54,2026-09-26T01:41:32.952,5,right,4,5,18.5,True,
run_20260926_014038_575179,1601,54,2026-09-26T01:41:32.952,6,right,5,6,19.0,True,
run_20260926_014038_575179,1601,54,2026-09-26T01:41:32.952,7,right,6,7,18.5,True,
run_20260926_014038_575179,1601,54,2026-09-26T01:41:32.952,8,right,7,8,19.0,True,
run_20260926_014038_575179,1601,54,2026-09-26T01:41:32.952,9,right,8,9,19.0,True,
run_20260926_014038_575179,1601,54,2026-09-26T01:41:32.952,10,right,9,10,18.0,True,
run_20260926_014038_575179,1601,54,2026-09-26T01:41:32.952,11,right,10,11,18.5,True,
run_20260926_014038_575179,1601,54,2026-09-26T01:41:32.952,12,right,11,12,18.5,True,
run_20260926_014038_575179,1631,55,2026-09-26T01:41:33.954,1,left,0,1,18.5,True,
run_20260926_014038_575179,1631,55,2026-09-26T01:41:33.954,2,left,1,2,19.0,True,
run_20260926_014038_575179,1631,55,2026-09-26T01:41:33.954,3,left,2,3,18.5,True,
run_20260926_014038_575179,1631,55,2026-09-26T01:41:33.954,4,left,3,4,19.0,True,
run_20260926_014038_575179,1631,55,2026-09-26T01:41:33.954,5,left,4,5,19.0,True,
run_20260926_014038_575179,1631,55,2026-09-26T01:41:33.954,6,left,5,6,19.34615384615384,True,
run_20260926_014038_575179,1631,55,2026-09-26T01:41:33.954,7,left,6,7,18.65384615384616,True,
run_20260926_014038_575179,1631,55,2026-09-26T01:41:33.954,8,left,7,8,19.0,True,
run_20260926_014038_575179,1631,55,2026-09-26T01:41:33.954,9,left,8,9,19.0,True,
run_20260926_014038_575179,1631,55,2026-09-26T01:41:33.954,10,left,9,10,19.0,True,
run_20260926_014038_575179,1631,55,2026-09-26T01:41:33.954,11,left,10,11,18.57142857142857,True,
run_20260926_014038_575179,1631,55,2026-09-26T01:41:33.954,12,left,11,12,18.42857142857143,True,
run_20260926_014038_575179,1631,55,2026-09-26T01:41:33.954,1,right,0,1,18.0,True,
run_20260926_014038_575179,1631,55,2026-09-26T01:41:33.954,2,right,1,2,19.0,True,
run_20260926_014038_575179,1631,55,2026-09-26T01:41:33.954,3,right,2,3,19.0,True,
run_20260926_014038_575179,1631,55,2026-09-26T01:41:33.954,4,right,3,4,19.0,True,
run_20260926_014038_575179,1631,55,2026-09-26T01:41:33.954,5,right,4,5,18.5,True,
run_20260926_014038_575179,1631,55,2026-09-26T01:41:33.954,6,right,5,6,19.0,True,
run_20260926_014038_575179,1631,55,2026-09-26T01:41:33.954,7,right,6,7,18.5,True,
run_20260926_014038_575179,1631,55,2026-09-26T01:41:33.954,8,right,7,8,19.0,True,
run_20260926_014038_575179,1631,55,2026-09-26T01:41:33.954,9,right,8,9,19.0,True,
run_20260926_014038_575179,1631,55,2026-09-26T01:41:33.954,10,right,9,10,18.0,True,
run_20260926_014038_575179,1631,55,2026-09-26T01:41:33.954,11,right,10,11,18.5,True,
run_20260926_014038_575179,1631,55,2026-09-26T01:41:33.954,12,right,11,12,18.5,True,
run_20260926_014038_575179,1662,56,2026-09-26T01:41:34.986,1,left,0,1,18.5,True,
run_20260926_014038_575179,1662,56,2026-09-26T01:41:34.986,2,left,1,2,19.0,True,
run_20260926_014038_575179,1662,56,2026-09-26T01:41:34.986,3,left,2,3,18.5,True,
run_20260926_014038_575179,1662,56,2026-09-26T01:41:34.986,4,left,3,4,19.0,True,
run_20260926_014038_575179,1662,56,2026-09-26T01:41:34.986,5,left,4,5,19.0,True,
run_20260926_014038_575179,1662,56,2026-09-26T01:41:34.986,6,left,5,6,19.25,True,
run_20260926_014038_575179,1662,56,2026-09-26T01:41:34.986,7,left,6,7,18.75,True,
run_20260926_014038_575179,1662,56,2026-09-26T01:41:34.986,8,left,7,8,19.0,True,
run_20260926_014038_575179,1662,56,2026-09-26T01:41:34.986,9,left,8,9,19.0,True,
run_20260926_014038_575179,1662,56,2026-09-26T01:41:34.986,10,left,9,10,19.0,True,
run_20260926_014038_575179,1662,56,2026-09-26T01:41:34.986,11,left,10,11,18.57142857142857,True,
run_20260926_014038_575179,1662,56,2026-09-26T01:41:34.986,12,left,11,12,18.42857142857143,True,
run_20260926_014038_575179,1662,56,2026-09-26T01:41:34.986,1,right,0,1,18.0,True,
run_20260926_014038_575179,1662,56,2026-09-26T01:41:34.986,2,right,1,2,19.0,True,
run_20260926_014038_575179,1662,56,2026-09-26T01:41:34.986,3,right,2,3,19.0,True,
run_20260926_014038_575179,1662,56,2026-09-26T01:41:34.986,4,right,3,4,19.0,True,
run_20260926_014038_575179,1662,56,2026-09-26T01:41:34.986,5,right,4,5,18.5,True,
run_20260926_014038_575179,1662,56,2026-09-26T01:41:34.986,6,right,5,6,19.0,True,
run_20260926_014038_575179,1662,56,2026-09-26T01:41:34.986,7,right,6,7,18.5,True,
run_20260926_014038_575179,1662,56,2026-09-26T01:41:34.986,8,right,7,8,19.0,True,
run_20260926_014038_575179,1662,56,2026-09-26T01:41:34.986,9,right,8,9,19.0,True,
run_20260926_014038_575179,1662,56,2026-09-26T01:41:34.986,10,right,9,10,18.0,True,
run_20260926_014038_575179,1662,56,2026-09-26T01:41:34.986,11,right,10,11,18.5,True,
run_20260926_014038_575179,1662,56,2026-09-26T01:41:34.986,12,right,11,12,18.5,True,
run_20260926_014038_575179,1693,57,2026-09-26T01:41:36.019,1,left,0,1,18.5,True,
run_20260926_014038_575179,1693,57,2026-09-26T01:41:36.019,2,left,1,2,19.0,True,
run_20260926_014038_575179,1693,57,2026-09-26T01:41:36.019,3,left,2,3,18.5,True,
run_20260926_014038_575179,1693,57,2026-09-26T01:41:36.019,4,left,3,4,19.0,True,
run_20260926_014038_575179,1693,57,2026-09-26T01:41:36.019,5,left,4,5,19.0,True,
run_20260926_014038_575179,1693,57,2026-09-26T01:41:36.019,6,left,5,6,19.25,True,
run_20260926_014038_575179,1693,57,2026-09-26T01:41:36.019,7,left,6,7,18.75,True,
run_20260926_014038_575179,1693,57,2026-09-26T01:41:36.019,8,left,7,8,19.0,True,
run_20260926_014038_575179,1693,57,2026-09-26T01:41:36.019,9,left,8,9,19.0,True,
run_20260926_014038_575179,1693,57,2026-09-26T01:41:36.019,10,left,9,10,19.0,True,
run_20260926_014038_575179,1693,57,2026-09-26T01:41:36.019,11,left,10,11,18.57142857142857,True,
run_20260926_014038_575179,1693,57,2026-09-26T01:41:36.019,12,left,11,12,18.42857142857143,True,
run_20260926_014038_575179,1693,57,2026-09-26T01:41:36.019,1,right,0,1,18.0,True,
run_20260926_014038_575179,1693,57,2026-09-26T01:41:36.019,2,right,1,2,19.0,True,
run_20260926_014038_575179,1693,57,2026-09-26T01:41:36.019,3,right,2,3,19.0,True,
run_20260926_014038_575179,1693,57,2026-09-26T01:41:36.019,4,right,3,4,19.0,True,
run_20260926_014038_575179,1693,57,2026-09-26T01:41:36.019,5,right,4,5,18.5,True,
run_20260926_014038_575179,1693,57,2026-09-26T01:41:36.019,6,right,5,6,19.0,True,
run_20260926_014038_575179,1693,57,2026-09-26T01:41:36.019,7,right,6,7,18.5,True,
run_20260926_014038_575179,1693,57,2026-09-26T01:41:36.019,8,right,7,8,19.0,True,
run_20260926_014038_575179,1693,57,2026-09-26T01:41:36.019,9,right,8,9,19.0,True,
run_20260926_014038_575179,1693,57,2026-09-26T01:41:36.019,10,right,9,10,18.0,True,
run_20260926_014038_575179,1693,57,2026-09-26T01:41:36.019,11,right,10,11,18.5,True,
run_20260926_014038_575179,1693,57,2026-09-26T01:41:36.019,12,right,11,12,18.5,True,
run_20260926_014038_575179,1723,58,2026-09-26T01:41:37.024,1,left,0,1,18.5,True,
run_20260926_014038_575179,1723,58,2026-09-26T01:41:37.024,2,left,1,2,19.0,True,
run_20260926_014038_575179,1723,58,2026-09-26T01:41:37.024,3,left,2,3,18.5,True,
run_20260926_014038_575179,1723,58,2026-09-26T01:41:37.024,4,left,3,4,19.0,True,
run_20260926_014038_575179,1723,58,2026-09-26T01:41:37.024,5,left,4,5,19.0,True,
run_20260926_014038_575179,1723,58,2026-09-26T01:41:37.024,6,left,5,6,19.25,True,
run_20260926_014038_575179,1723,58,2026-09-26T01:41:37.024,7,left,6,7,18.75,True,
run_20260926_014038_575179,1723,58,2026-09-26T01:41:37.024,8,left,7,8,19.0,True,
run_20260926_014038_575179,1723,58,2026-09-26T01:41:37.024,9,left,8,9,19.0,True,
run_20260926_014038_575179,1723,58,2026-09-26T01:41:37.024,10,left,9,10,19.0,True,
run_20260926_014038_575179,1723,58,2026-09-26T01:41:37.024,11,left,10,11,18.57142857142857,True,
run_20260926_014038_575179,1723,58,2026-09-26T01:41:37.024,12,left,11,12,18.42857142857143,True,
run_20260926_014038_575179,1723,58,2026-09-26T01:41:37.024,1,right,0,1,18.0,True,
run_20260926_014038_575179,1723,58,2026-09-26T01:41:37.024,2,right,1,2,19.0,True,
run_20260926_014038_575179,1723,58,2026-09-26T01:41:37.024,3,right,2,3,19.0,True,
run_20260926_014038_575179,1723,58,2026-09-26T01:41:37.024,4,right,3,4,19.0,True,
run_20260926_014038_575179,1723,58,2026-09-26T01:41:37.024,5,right,4,5,18.5,True,
run_20260926_014038_575179,1723,58,2026-09-26T01:41:37.024,6,right,5,6,19.0,True,
run_20260926_014038_575179,1723,58,2026-09-26T01:41:37.024,7,right,6,7,18.5,True,
run_20260926_014038_575179,1723,58,2026-09-26T01:41:37.024,8,right,7,8,19.0,True,
run_20260926_014038_575179,1723,58,2026-09-26T01:41:37.024,9,right,8,9,19.0,True,
run_20260926_014038_575179,1723,58,2026-09-26T01:41:37.024,10,right,9,10,18.0,True,
run_20260926_014038_575179,1723,58,2026-09-26T01:41:37.024,11,right,10,11,18.5,True,
run_20260926_014038_575179,1723,58,2026-09-26T01:41:37.024,12,right,11,12,18.5,True,
run_20260926_014038_575179,1754,59,2026-09-26T01:41:38.053,1,left,0,1,18.5,True,
run_20260926_014038_575179,1754,59,2026-09-26T01:41:38.053,2,left,1,2,19.0,True,
run_20260926_014038_575179,1754,59,2026-09-26T01:41:38.053,3,left,2,3,18.5,True,
run_20260926_014038_575179,1754,59,2026-09-26T01:41:38.053,4,left,3,4,19.0,True,
run_20260926_014038_575179,1754,59,2026-09-26T01:41:38.053,5,left,4,5,19.0,True,
run_20260926_014038_575179,1754,59,2026-09-26T01:41:38.053,6,left,5,6,19.25,True,
run_20260926_014038_575179,1754,59,2026-09-26T01:41:38.053,7,left,6,7,18.75,True,
run_20260926_014038_575179,1754,59,2026-09-26T01:41:38.053,8,left,7,8,19.0,True,
run_20260926_014038_575179,1754,59,2026-09-26T01:41:38.053,9,left,8,9,19.0,True,
run_20260926_014038_575179,1754,59,2026-09-26T01:41:38.053,10,left,9,10,19.0,True,
run_20260926_014038_575179,1754,59,2026-09-26T01:41:38.053,11,left,10,11,18.86363636363636,True,
run_20260926_014038_575179,1754,59,2026-09-26T01:41:38.053,12,left,11,12,18.13636363636364,True,
run_20260926_014038_575179,1754,59,2026-09-26T01:41:38.053,1,right,0,1,18.0,True,
run_20260926_014038_575179,1754,59,2026-09-26T01:41:38.053,2,right,1,2,19.0,True,
run_20260926_014038_575179,1754,59,2026-09-26T01:41:38.053,3,right,2,3,19.0,True,
run_20260926_014038_575179,1754,59,2026-09-26T01:41:38.053,4,right,3,4,19.0,True,
run_20260926_014038_575179,1754,59,2026-09-26T01:41:38.053,5,right,4,5,18.5,True,
run_20260926_014038_575179,1754,59,2026-09-26T01:41:38.053,6,right,5,6,19.0,True,
run_20260926_014038_575179,1754,59,2026-09-26T01:41:38.053,7,right,6,7,18.5,True,
run_20260926_014038_575179,1754,59,2026-09-26T01:41:38.053,8,right,7,8,19.0,True,
run_20260926_014038_575179,1754,59,2026-09-26T01:41:38.053,9,right,8,9,19.0,True,
run_20260926_014038_575179,1754,59,2026-09-26T01:41:38.053,10,right,9,10,18.0,True,
run_20260926_014038_575179,1754,59,2026-09-26T01:41:38.053,11,right,10,11,18.5,True,
run_20260926_014038_575179,1754,59,2026-09-26T01:41:38.053,12,right,11,12,18.5,True,
run_20260926_014038_575179,1784,60,2026-09-26T01:41:39.057,1,left,0,1,18.5,True,
run_20260926_014038_575179,1784,60,2026-09-26T01:41:39.057,2,left,1,2,19.0,True,
run_20260926_014038_575179,1784,60,2026-09-26T01:41:39.057,3,left,2,3,18.5,True,
run_20260926_014038_575179,1784,60,2026-09-26T01:41:39.057,4,left,3,4,19.0,True,
run_20260926_014038_575179,1784,60,2026-09-26T01:41:39.057,5,left,4,5,19.0,True,
run_20260926_014038_575179,1784,60,2026-09-26T01:41:39.057,6,left,5,6,19.25,True,
run_20260926_014038_575179,1784,60,2026-09-26T01:41:39.057,7,left,6,7,18.75,True,
run_20260926_014038_575179,1784,60,2026-09-26T01:41:39.057,8,left,7,8,19.0,True,
run_20260926_014038_575179,1784,60,2026-09-26T01:41:39.057,9,left,8,9,19.0,True,
run_20260926_014038_575179,1784,60,2026-09-26T01:41:39.057,10,left,9,10,19.0,True,
run_20260926_014038_575179,1784,60,2026-09-26T01:41:39.057,11,left,10,11,18.86363636363636,True,
run_20260926_014038_575179,1784,60,2026-09-26T01:41:39.057,12,left,11,12,18.13636363636364,True,
run_20260926_014038_575179,1784,60,2026-09-26T01:41:39.057,1,right,0,1,18.0,True,
run_20260926_014038_575179,1784,60,2026-09-26T01:41:39.057,2,right,1,2,19.0,True,
run_20260926_014038_575179,1784,60,2026-09-26T01:41:39.057,3,right,2,3,19.0,True,
run_20260926_014038_575179,1784,60,2026-09-26T01:41:39.057,4,right,3,4,19.0,True,
run_20260926_014038_575179,1784,60,2026-09-26T01:41:39.057,5,right,4,5,18.5,True,
run_20260926_014038_575179,1784,60,2026-09-26T01:41:39.057,6,right,5,6,19.0,True,
run_20260926_014038_575179,1784,60,2026-09-26T01:41:39.057,7,right,6,7,18.5,True,
run_20260926_014038_575179,1784,60,2026-09-26T01:41:39.057,8,right,7,8,19.0,True,
run_20260926_014038_575179,1784,60,2026-09-26T01:41:39.057,9,right,8,9,19.0,True,
run_20260926_014038_575179,1784,60,2026-09-26T01:41:39.057,10,right,9,10,18.0,True,
run_20260926_014038_575179,1784,60,2026-09-26T01:41:39.057,11,right,10,11,18.5,True,
run_20260926_014038_575179,1784,60,2026-09-26T01:41:39.057,12,right,11,12,18.5,True,
run_20260926_014038_575179,1815,61,2026-09-26T01:41:40.090,1,left,0,1,18.5,True,
run_20260926_014038_575179,1815,61,2026-09-26T01:41:40.090,2,left,1,2,19.0,True,
run_20260926_014038_575179,1815,61,2026-09-26T01:41:40.090,3,left,2,3,18.5,True,
run_20260926_014038_575179,1815,61,2026-09-26T01:41:40.090,4,left,3,4,19.0,True,
run_20260926_014038_575179,1815,61,2026-09-26T01:41:40.090,5,left,4,5,19.0,True,
run_20260926_014038_575179,1815,61,2026-09-26T01:41:40.090,6,left,5,6,19.25,True,
run_20260926_014038_575179,1815,61,2026-09-26T01:41:40.090,7,left,6,7,18.75,True,
run_20260926_014038_575179,1815,61,2026-09-26T01:41:40.090,8,left,7,8,19.0,True,
run_20260926_014038_575179,1815,61,2026-09-26T01:41:40.090,9,left,8,9,19.0,True,
run_20260926_014038_575179,1815,61,2026-09-26T01:41:40.090,10,left,9,10,19.0,True,
run_20260926_014038_575179,1815,61,2026-09-26T01:41:40.090,11,left,10,11,18.75,True,
run_20260926_014038_575179,1815,61,2026-09-26T01:41:40.090,12,left,11,12,18.25,True,
run_20260926_014038_575179,1815,61,2026-09-26T01:41:40.090,1,right,0,1,18.0,True,
run_20260926_014038_575179,1815,61,2026-09-26T01:41:40.090,2,right,1,2,19.0,True,
run_20260926_014038_575179,1815,61,2026-09-26T01:41:40.090,3,right,2,3,19.0,True,
run_20260926_014038_575179,1815,61,2026-09-26T01:41:40.090,4,right,3,4,19.0,True,
run_20260926_014038_575179,1815,61,2026-09-26T01:41:40.090,5,right,4,5,18.5,True,
run_20260926_014038_575179,1815,61,2026-09-26T01:41:40.090,6,right,5,6,19.0,True,
run_20260926_014038_575179,1815,61,2026-09-26T01:41:40.090,7,right,6,7,18.5,True,
run_20260926_014038_575179,1815,61,2026-09-26T01:41:40.090,8,right,7,8,19.0,True,
run_20260926_014038_575179,1815,61,2026-09-26T01:41:40.090,9,right,8,9,19.0,True,
run_20260926_014038_575179,1815,61,2026-09-26T01:41:40.090,10,right,9,10,18.0,True,
run_20260926_014038_575179,1815,61,2026-09-26T01:41:40.090,11,right,10,11,18.5,True,
run_20260926_014038_575179,1815,61,2026-09-26T01:41:40.090,12,right,11,12,18.5,True,
run_20260926_014038_575179,1846,62,2026-09-26T01:41:41.119,1,left,0,1,18.5,True,
run_20260926_014038_575179,1846,62,2026-09-26T01:41:41.119,2,left,1,2,19.0,True,
run_20260926_014038_575179,1846,62,2026-09-26T01:41:41.119,3,left,2,3,18.5,True,
run_20260926_014038_575179,1846,62,2026-09-26T01:41:41.119,4,left,3,4,19.0,True,
run_20260926_014038_575179,1846,62,2026-09-26T01:41:41.119,5,left,4,5,19.0,True,
run_20260926_014038_575179,1846,62,2026-09-26T01:41:41.119,6,left,5,6,19.25,True,
run_20260926_014038_575179,1846,62,2026-09-26T01:41:41.119,7,left,6,7,18.75,True,
run_20260926_014038_575179,1846,62,2026-09-26T01:41:41.119,8,left,7,8,19.0,True,
run_20260926_014038_575179,1846,62,2026-09-26T01:41:41.119,9,left,8,9,19.0,True,
run_20260926_014038_575179,1846,62,2026-09-26T01:41:41.119,10,left,9,10,19.0,True,
run_20260926_014038_575179,1846,62,2026-09-26T01:41:41.119,11,left,10,11,18.75,True,
run_20260926_014038_575179,1846,62,2026-09-26T01:41:41.119,12,left,11,12,18.25,True,
run_20260926_014038_575179,1846,62,2026-09-26T01:41:41.119,1,right,0,1,18.0,True,
run_20260926_014038_575179,1846,62,2026-09-26T01:41:41.119,2,right,1,2,19.0,True,
run_20260926_014038_575179,1846,62,2026-09-26T01:41:41.119,3,right,2,3,19.0,True,
run_20260926_014038_575179,1846,62,2026-09-26T01:41:41.119,4,right,3,4,19.0,True,
run_20260926_014038_575179,1846,62,2026-09-26T01:41:41.119,5,right,4,5,18.5,True,
run_20260926_014038_575179,1846,62,2026-09-26T01:41:41.119,6,right,5,6,19.0,True,
run_20260926_014038_575179,1846,62,2026-09-26T01:41:41.119,7,right,6,7,18.5,True,
run_20260926_014038_575179,1846,62,2026-09-26T01:41:41.119,8,right,7,8,19.0,True,
run_20260926_014038_575179,1846,62,2026-09-26T01:41:41.119,9,right,8,9,19.0,True,
run_20260926_014038_575179,1846,62,2026-09-26T01:41:41.119,10,right,9,10,18.0,True,
run_20260926_014038_575179,1846,62,2026-09-26T01:41:41.119,11,right,10,11,18.5,True,
run_20260926_014038_575179,1846,62,2026-09-26T01:41:41.119,12,right,11,12,18.5,True,
run_20260926_014038_575179,1876,63,2026-09-26T01:41:42.126,1,left,0,1,18.5,True,
run_20260926_014038_575179,1876,63,2026-09-26T01:41:42.126,2,left,1,2,19.0,True,
run_20260926_014038_575179,1876,63,2026-09-26T01:41:42.126,3,left,2,3,18.5,True,
run_20260926_014038_575179,1876,63,2026-09-26T01:41:42.126,4,left,3,4,19.0,True,
run_20260926_014038_575179,1876,63,2026-09-26T01:41:42.126,5,left,4,5,19.0,True,
run_20260926_014038_575179,1876,63,2026-09-26T01:41:42.126,6,left,5,6,19.25,True,
run_20260926_014038_575179,1876,63,2026-09-26T01:41:42.126,7,left,6,7,18.75,True,
run_20260926_014038_575179,1876,63,2026-09-26T01:41:42.126,8,left,7,8,19.0,True,
run_20260926_014038_575179,1876,63,2026-09-26T01:41:42.126,9,left,8,9,19.0,True,
run_20260926_014038_575179,1876,63,2026-09-26T01:41:42.126,10,left,9,10,19.0,True,
run_20260926_014038_575179,1876,63,2026-09-26T01:41:42.126,11,left,10,11,18.57142857142857,True,
run_20260926_014038_575179,1876,63,2026-09-26T01:41:42.126,12,left,11,12,18.42857142857143,True,
run_20260926_014038_575179,1876,63,2026-09-26T01:41:42.126,1,right,0,1,18.0,True,
run_20260926_014038_575179,1876,63,2026-09-26T01:41:42.126,2,right,1,2,19.0,True,
run_20260926_014038_575179,1876,63,2026-09-26T01:41:42.126,3,right,2,3,19.0,True,
run_20260926_014038_575179,1876,63,2026-09-26T01:41:42.126,4,right,3,4,19.0,True,
run_20260926_014038_575179,1876,63,2026-09-26T01:41:42.126,5,right,4,5,18.5,True,
run_20260926_014038_575179,1876,63,2026-09-26T01:41:42.126,6,right,5,6,19.0,True,
run_20260926_014038_575179,1876,63,2026-09-26T01:41:42.126,7,right,6,7,18.5,True,
run_20260926_014038_575179,1876,63,2026-09-26T01:41:42.126,8,right,7,8,19.0,True,
run_20260926_014038_575179,1876,63,2026-09-26T01:41:42.126,9,right,8,9,19.0,True,
run_20260926_014038_575179,1876,63,2026-09-26T01:41:42.126,10,right,9,10,18.0,True,
run_20260926_014038_575179,1876,63,2026-09-26T01:41:42.126,11,right,10,11,18.5,True,
run_20260926_014038_575179,1876,63,2026-09-26T01:41:42.126,12,right,11,12,18.5,True,
run_20260926_014038_575179,1907,64,2026-09-26T01:41:43.154,1,left,0,1,18.5,True,
run_20260926_014038_575179,1907,64,2026-09-26T01:41:43.154,2,left,1,2,19.0,True,
run_20260926_014038_575179,1907,64,2026-09-26T01:41:43.154,3,left,2,3,18.5,True,
run_20260926_014038_575179,1907,64,2026-09-26T01:41:43.154,4,left,3,4,19.0,True,
run_20260926_014038_575179,1907,64,2026-09-26T01:41:43.154,5,left,4,5,19.0,True,
run_20260926_014038_575179,1907,64,2026-09-26T01:41:43.154,6,left,5,6,19.0,True,
run_20260926_014038_575179,1907,64,2026-09-26T01:41:43.154,7,left,6,7,19.0,True,
run_20260926_014038_575179,1907,64,2026-09-26T01:41:43.154,8,left,7,8,19.0,True,
run_20260926_014038_575179,1907,64,2026-09-26T01:41:43.154,9,left,8,9,19.0,True,
run_20260926_014038_575179,1907,64,2026-09-26T01:41:43.154,10,left,9,10,19.0,True,
run_20260926_014038_575179,1907,64,2026-09-26T01:41:43.154,11,left,10,11,18.57142857142857,True,
run_20260926_014038_575179,1907,64,2026-09-26T01:41:43.154,12,left,11,12,18.42857142857143,True,
run_20260926_014038_575179,1907,64,2026-09-26T01:41:43.154,1,right,0,1,18.0,True,
run_20260926_014038_575179,1907,64,2026-09-26T01:41:43.154,2,right,1,2,19.0,True,
run_20260926_014038_575179,1907,64,2026-09-26T01:41:43.154,3,right,2,3,19.0,True,
run_20260926_014038_575179,1907,64,2026-09-26T01:41:43.154,4,right,3,4,19.0,True,
run_20260926_014038_575179,1907,64,2026-09-26T01:41:43.154,5,right,4,5,18.5,True,
run_20260926_014038_575179,1907,64,2026-09-26T01:41:43.154,6,right,5,6,19.0,True,
run_20260926_014038_575179,1907,64,2026-09-26T01:41:43.154,7,right,6,7,18.5,True,
run_20260926_014038_575179,1907,64,2026-09-26T01:41:43.154,8,right,7,8,19.0,True,
run_20260926_014038_575179,1907,64,2026-09-26T01:41:43.154,9,right,8,9,19.0,True,
run_20260926_014038_575179,1907,64,2026-09-26T01:41:43.154,10,right,9,10,18.0,True,
run_20260926_014038_575179,1907,64,2026-09-26T01:41:43.154,11,right,10,11,18.5,True,
run_20260926_014038_575179,1907,64,2026-09-26T01:41:43.154,12,right,11,12,18.5,True,
run_20260926_014038_575179,1937,65,2026-09-26T01:41:44.157,1,left,0,1,18.5,True,
run_20260926_014038_575179,1937,65,2026-09-26T01:41:44.157,2,left,1,2,19.0,True,
run_20260926_014038_575179,1937,65,2026-09-26T01:41:44.157,3,left,2,3,18.5,True,
run_20260926_014038_575179,1937,65,2026-09-26T01:41:44.157,4,left,3,4,19.0,True,
run_20260926_014038_575179,1937,65,2026-09-26T01:41:44.157,5,left,4,5,19.0,True,
run_20260926_014038_575179,1937,65,2026-09-26T01:41:44.157,6,left,5,6,19.25,True,
run_20260926_014038_575179,1937,65,2026-09-26T01:41:44.157,7,left,6,7,18.75,True,
run_20260926_014038_575179,1937,65,2026-09-26T01:41:44.157,8,left,7,8,19.0,True,
run_20260926_014038_575179,1937,65,2026-09-26T01:41:44.157,9,left,8,9,19.0,True,
run_20260926_014038_575179,1937,65,2026-09-26T01:41:44.157,10,left,9,10,19.0,True,
run_20260926_014038_575179,1937,65,2026-09-26T01:41:44.157,11,left,10,11,18.86363636363636,True,
run_20260926_014038_575179,1937,65,2026-09-26T01:41:44.157,12,left,11,12,18.13636363636364,True,
run_20260926_014038_575179,1937,65,2026-09-26T01:41:44.157,1,right,0,1,18.0,True,
run_20260926_014038_575179,1937,65,2026-09-26T01:41:44.157,2,right,1,2,19.0,True,
run_20260926_014038_575179,1937,65,2026-09-26T01:41:44.157,3,right,2,3,19.0,True,
run_20260926_014038_575179,1937,65,2026-09-26T01:41:44.157,4,right,3,4,19.0,True,
run_20260926_014038_575179,1937,65,2026-09-26T01:41:44.157,5,right,4,5,18.5,True,
run_20260926_014038_575179,1937,65,2026-09-26T01:41:44.157,6,right,5,6,19.0,True,
run_20260926_014038_575179,1937,65,2026-09-26T01:41:44.157,7,right,6,7,18.5,True,
run_20260926_014038_575179,1937,65,2026-09-26T01:41:44.157,8,right,7,8,19.0,True,
run_20260926_014038_575179,1937,65,2026-09-26T01:41:44.157,9,right,8,9,19.0,True,
run_20260926_014038_575179,1937,65,2026-09-26T01:41:44.157,10,right,9,10,18.0,True,
run_20260926_014038_575179,1937,65,2026-09-26T01:41:44.157,11,right,10,11,18.5,True,
run_20260926_014038_575179,1937,65,2026-09-26T01:41:44.157,12,right,11,12,18.5,True,
run_20260926_014038_575179,1968,66,2026-09-26T01:41:45.191,1,left,0,1,18.5,True,
run_20260926_014038_575179,1968,66,2026-09-26T01:41:45.191,2,left,1,2,19.0,True,
run_20260926_014038_575179,1968,66,2026-09-26T01:41:45.191,3,left,2,3,18.5,True,
run_20260926_014038_575179,1968,66,2026-09-26T01:41:45.191,4,left,3,4,19.0,True,
run_20260926_014038_575179,1968,66,2026-09-26T01:41:45.191,5,left,4,5,19.0,True,
run_20260926_014038_575179,1968,66,2026-09-26T01:41:45.191,6,left,5,6,19.25,True,
run_20260926_014038_575179,1968,66,2026-09-26T01:41:45.191,7,left,6,7,18.75,True,
run_20260926_014038_575179,1968,66,2026-09-26T01:41:45.191,8,left,7,8,19.0,True,
run_20260926_014038_575179,1968,66,2026-09-26T01:41:45.191,9,left,8,9,19.0,True,
run_20260926_014038_575179,1968,66,2026-09-26T01:41:45.191,10,left,9,10,19.0,True,
run_20260926_014038_575179,1968,66,2026-09-26T01:41:45.191,11,left,10,11,18.75,True,
run_20260926_014038_575179,1968,66,2026-09-26T01:41:45.191,12,left,11,12,18.25,True,
run_20260926_014038_575179,1968,66,2026-09-26T01:41:45.191,1,right,0,1,18.0,True,
run_20260926_014038_575179,1968,66,2026-09-26T01:41:45.191,2,right,1,2,19.0,True,
run_20260926_014038_575179,1968,66,2026-09-26T01:41:45.191,3,right,2,3,19.0,True,
run_20260926_014038_575179,1968,66,2026-09-26T01:41:45.191,4,right,3,4,19.0,True,
run_20260926_014038_575179,1968,66,2026-09-26T01:41:45.191,5,right,4,5,18.5,True,
run_20260926_014038_575179,1968,66,2026-09-26T01:41:45.191,6,right,5,6,19.0,True,
run_20260926_014038_575179,1968,66,2026-09-26T01:41:45.191,7,right,6,7,18.5,True,
run_20260926_014038_575179,1968,66,2026-09-26T01:41:45.191,8,right,7,8,19.0,True,
run_20260926_014038_575179,1968,66,2026-09-26T01:41:45.191,9,right,8,9,19.0,True,
run_20260926_014038_575179,1968,66,2026-09-26T01:41:45.191,10,right,9,10,18.0,True,
run_20260926_014038_575179,1968,66,2026-09-26T01:41:45.191,11,right,10,11,18.5,True,
run_20260926_014038_575179,1968,66,2026-09-26T01:41:45.191,12,right,11,12,18.5,True,
run_20260926_014038_575179,1999,67,2026-09-26T01:41:46.220,1,left,0,1,18.5,True,
run_20260926_014038_575179,1999,67,2026-09-26T01:41:46.220,2,left,1,2,19.0,True,
run_20260926_014038_575179,1999,67,2026-09-26T01:41:46.220,3,left,2,3,18.5,True,
run_20260926_014038_575179,1999,67,2026-09-26T01:41:46.220,4,left,3,4,19.0,True,
run_20260926_014038_575179,1999,67,2026-09-26T01:41:46.220,5,left,4,5,19.0,True,
run_20260926_014038_575179,1999,67,2026-09-26T01:41:46.220,6,left,5,6,19.25,True,
run_20260926_014038_575179,1999,67,2026-09-26T01:41:46.220,7,left,6,7,18.75,True,
run_20260926_014038_575179,1999,67,2026-09-26T01:41:46.220,8,left,7,8,19.0,True,
run_20260926_014038_575179,1999,67,2026-09-26T01:41:46.220,9,left,8,9,19.0,True,
run_20260926_014038_575179,1999,67,2026-09-26T01:41:46.220,10,left,9,10,19.0,True,
run_20260926_014038_575179,1999,67,2026-09-26T01:41:46.220,11,left,10,11,18.57142857142857,True,
run_20260926_014038_575179,1999,67,2026-09-26T01:41:46.220,12,left,11,12,18.42857142857143,True,
run_20260926_014038_575179,1999,67,2026-09-26T01:41:46.220,1,right,0,1,18.0,True,
run_20260926_014038_575179,1999,67,2026-09-26T01:41:46.220,2,right,1,2,19.0,True,
run_20260926_014038_575179,1999,67,2026-09-26T01:41:46.220,3,right,2,3,19.0,True,
run_20260926_014038_575179,1999,67,2026-09-26T01:41:46.220,4,right,3,4,19.0,True,
run_20260926_014038_575179,1999,67,2026-09-26T01:41:46.220,5,right,4,5,18.5,True,
run_20260926_014038_575179,1999,67,2026-09-26T01:41:46.220,6,right,5,6,19.0,True,
run_20260926_014038_575179,1999,67,2026-09-26T01:41:46.220,7,right,6,7,18.5,True,
run_20260926_014038_575179,1999,67,2026-09-26T01:41:46.220,8,right,7,8,19.0,True,
run_20260926_014038_575179,1999,67,2026-09-26T01:41:46.220,9,right,8,9,19.0,True,
run_20260926_014038_575179,1999,67,2026-09-26T01:41:46.220,10,right,9,10,18.0,True,
run_20260926_014038_575179,1999,67,2026-09-26T01:41:46.220,11,right,10,11,18.5,True,
run_20260926_014038_575179,1999,67,2026-09-26T01:41:46.220,12,right,11,12,18.5,True,
run_20260926_014038_575179,2030,68,2026-09-26T01:41:47.258,1,left,0,1,18.5,True,
run_20260926_014038_575179,2030,68,2026-09-26T01:41:47.258,2,left,1,2,19.0,True,
run_20260926_014038_575179,2030,68,2026-09-26T01:41:47.258,3,left,2,3,18.5,True,
run_20260926_014038_575179,2030,68,2026-09-26T01:41:47.258,4,left,3,4,19.0,True,
run_20260926_014038_575179,2030,68,2026-09-26T01:41:47.258,5,left,4,5,19.0,True,
run_20260926_014038_575179,2030,68,2026-09-26T01:41:47.258,6,left,5,6,19.25,True,
run_20260926_014038_575179,2030,68,2026-09-26T01:41:47.258,7,left,6,7,18.75,True,
run_20260926_014038_575179,2030,68,2026-09-26T01:41:47.258,8,left,7,8,19.0,True,
run_20260926_014038_575179,2030,68,2026-09-26T01:41:47.258,9,left,8,9,19.0,True,
run_20260926_014038_575179,2030,68,2026-09-26T01:41:47.258,10,left,9,10,19.0,True,
run_20260926_014038_575179,2030,68,2026-09-26T01:41:47.258,11,left,10,11,18.57142857142857,True,
run_20260926_014038_575179,2030,68,2026-09-26T01:41:47.258,12,left,11,12,18.42857142857143,True,
run_20260926_014038_575179,2030,68,2026-09-26T01:41:47.258,1,right,0,1,18.0,True,
run_20260926_014038_575179,2030,68,2026-09-26T01:41:47.258,2,right,1,2,19.0,True,
run_20260926_014038_575179,2030,68,2026-09-26T01:41:47.258,3,right,2,3,19.0,True,
run_20260926_014038_575179,2030,68,2026-09-26T01:41:47.258,4,right,3,4,19.0,True,
run_20260926_014038_575179,2030,68,2026-09-26T01:41:47.258,5,right,4,5,18.5,True,
run_20260926_014038_575179,2030,68,2026-09-26T01:41:47.258,6,right,5,6,19.0,True,
run_20260926_014038_575179,2030,68,2026-09-26T01:41:47.258,7,right,6,7,18.5,True,
run_20260926_014038_575179,2030,68,2026-09-26T01:41:47.258,8,right,7,8,19.0,True,
run_20260926_014038_575179,2030,68,2026-09-26T01:41:47.258,9,right,8,9,19.0,True,
run_20260926_014038_575179,2030,68,2026-09-26T01:41:47.258,10,right,9,10,18.0,True,
run_20260926_014038_575179,2030,68,2026-09-26T01:41:47.258,11,right,10,11,18.5,True,
run_20260926_014038_575179,2030,68,2026-09-26T01:41:47.258,12,right,11,12,18.5,True,
run_20260926_014038_575179,2061,69,2026-09-26T01:41:48.286,1,left,0,1,18.5,True,
run_20260926_014038_575179,2061,69,2026-09-26T01:41:48.286,2,left,1,2,19.0,True,
run_20260926_014038_575179,2061,69,2026-09-26T01:41:48.286,3,left,2,3,18.5,True,
run_20260926_014038_575179,2061,69,2026-09-26T01:41:48.286,4,left,3,4,19.0,True,
run_20260926_014038_575179,2061,69,2026-09-26T01:41:48.286,5,left,4,5,19.0,True,
run_20260926_014038_575179,2061,69,2026-09-26T01:41:48.286,6,left,5,6,19.25,True,
run_20260926_014038_575179,2061,69,2026-09-26T01:41:48.286,7,left,6,7,18.75,True,
run_20260926_014038_575179,2061,69,2026-09-26T01:41:48.286,8,left,7,8,19.0,True,
run_20260926_014038_575179,2061,69,2026-09-26T01:41:48.286,9,left,8,9,19.0,True,
run_20260926_014038_575179,2061,69,2026-09-26T01:41:48.286,10,left,9,10,19.0,True,
run_20260926_014038_575179,2061,69,2026-09-26T01:41:48.286,11,left,10,11,18.57142857142857,True,
run_20260926_014038_575179,2061,69,2026-09-26T01:41:48.286,12,left,11,12,18.42857142857143,True,
run_20260926_014038_575179,2061,69,2026-09-26T01:41:48.286,1,right,0,1,18.0,True,
run_20260926_014038_575179,2061,69,2026-09-26T01:41:48.286,2,right,1,2,19.0,True,
run_20260926_014038_575179,2061,69,2026-09-26T01:41:48.286,3,right,2,3,19.0,True,
run_20260926_014038_575179,2061,69,2026-09-26T01:41:48.286,4,right,3,4,19.0,True,
run_20260926_014038_575179,2061,69,2026-09-26T01:41:48.286,5,right,4,5,18.5,True,
run_20260926_014038_575179,2061,69,2026-09-26T01:41:48.286,6,right,5,6,19.0,True,
run_20260926_014038_575179,2061,69,2026-09-26T01:41:48.286,7,right,6,7,18.5,True,
run_20260926_014038_575179,2061,69,2026-09-26T01:41:48.286,8,right,7,8,19.0,True,
run_20260926_014038_575179,2061,69,2026-09-26T01:41:48.286,9,right,8,9,19.0,True,
run_20260926_014038_575179,2061,69,2026-09-26T01:41:48.286,10,right,9,10,18.0,True,
run_20260926_014038_575179,2061,69,2026-09-26T01:41:48.286,11,right,10,11,18.5,True,
run_20260926_014038_575179,2061,69,2026-09-26T01:41:48.286,12,right,11,12,18.5,True,
run_20260926_014038_575179,2091,70,2026-09-26T01:41:49.291,1,left,0,1,18.5,True,
run_20260926_014038_575179,2091,70,2026-09-26T01:41:49.291,2,left,1,2,19.0,True,
run_20260926_014038_575179,2091,70,2026-09-26T01:41:49.291,3,left,2,3,18.5,True,
run_20260926_014038_575179,2091,70,2026-09-26T01:41:49.291,4,left,3,4,19.0,True,
run_20260926_014038_575179,2091,70,2026-09-26T01:41:49.291,5,left,4,5,19.0,True,
run_20260926_014038_575179,2091,70,2026-09-26T01:41:49.291,6,left,5,6,19.25,True,
run_20260926_014038_575179,2091,70,2026-09-26T01:41:49.291,7,left,6,7,18.75,True,
run_20260926_014038_575179,2091,70,2026-09-26T01:41:49.291,8,left,7,8,19.0,True,
run_20260926_014038_575179,2091,70,2026-09-26T01:41:49.291,9,left,8,9,19.0,True,
run_20260926_014038_575179,2091,70,2026-09-26T01:41:49.291,10,left,9,10,19.0,True,
run_20260926_014038_575179,2091,70,2026-09-26T01:41:49.291,11,left,10,11,18.57142857142857,True,
run_20260926_014038_575179,2091,70,2026-09-26T01:41:49.291,12,left,11,12,18.42857142857143,True,
run_20260926_014038_575179,2091,70,2026-09-26T01:41:49.291,1,right,0,1,18.0,True,
run_20260926_014038_575179,2091,70,2026-09-26T01:41:49.291,2,right,1,2,19.0,True,
run_20260926_014038_575179,2091,70,2026-09-26T01:41:49.291,3,right,2,3,19.0,True,
run_20260926_014038_575179,2091,70,2026-09-26T01:41:49.291,4,right,3,4,19.0,True,
run_20260926_014038_575179,2091,70,2026-09-26T01:41:49.291,5,right,4,5,18.5,True,
run_20260926_014038_575179,2091,70,2026-09-26T01:41:49.291,6,right,5,6,19.0,True,
run_20260926_014038_575179,2091,70,2026-09-26T01:41:49.291,7,right,6,7,18.5,True,
run_20260926_014038_575179,2091,70,2026-09-26T01:41:49.291,8,right,7,8,19.0,True,
run_20260926_014038_575179,2091,70,2026-09-26T01:41:49.291,9,right,8,9,19.0,True,
run_20260926_014038_575179,2091,70,2026-09-26T01:41:49.291,10,right,9,10,18.0,True,
run_20260926_014038_575179,2091,70,2026-09-26T01:41:49.291,11,right,10,11,18.5,True,
run_20260926_014038_575179,2091,70,2026-09-26T01:41:49.291,12,right,11,12,18.5,True,
run_20260926_014038_575179,2122,71,2026-09-26T01:41:50.325,1,left,0,1,18.5,True,
run_20260926_014038_575179,2122,71,2026-09-26T01:41:50.325,2,left,1,2,19.0,True,
run_20260926_014038_575179,2122,71,2026-09-26T01:41:50.325,3,left,2,3,18.5,True,
run_20260926_014038_575179,2122,71,2026-09-26T01:41:50.325,4,left,3,4,19.0,True,
run_20260926_014038_575179,2122,71,2026-09-26T01:41:50.325,5,left,4,5,19.0,True,
run_20260926_014038_575179,2122,71,2026-09-26T01:41:50.325,6,left,5,6,19.25,True,
run_20260926_014038_575179,2122,71,2026-09-26T01:41:50.325,7,left,6,7,18.75,True,
run_20260926_014038_575179,2122,71,2026-09-26T01:41:50.325,8,left,7,8,19.0,True,
run_20260926_014038_575179,2122,71,2026-09-26T01:41:50.325,9,left,8,9,19.0,True,
run_20260926_014038_575179,2122,71,2026-09-26T01:41:50.325,10,left,9,10,19.0,True,
run_20260926_014038_575179,2122,71,2026-09-26T01:41:50.325,11,left,10,11,18.57142857142857,True,
run_20260926_014038_575179,2122,71,2026-09-26T01:41:50.325,12,left,11,12,18.42857142857143,True,
run_20260926_014038_575179,2122,71,2026-09-26T01:41:50.325,1,right,0,1,18.0,True,
run_20260926_014038_575179,2122,71,2026-09-26T01:41:50.325,2,right,1,2,19.0,True,
run_20260926_014038_575179,2122,71,2026-09-26T01:41:50.325,3,right,2,3,19.0,True,
run_20260926_014038_575179,2122,71,2026-09-26T01:41:50.325,4,right,3,4,19.0,True,
run_20260926_014038_575179,2122,71,2026-09-26T01:41:50.325,5,right,4,5,18.5,True,
run_20260926_014038_575179,2122,71,2026-09-26T01:41:50.325,6,right,5,6,19.0,True,
run_20260926_014038_575179,2122,71,2026-09-26T01:41:50.325,7,right,6,7,18.5,True,
run_20260926_014038_575179,2122,71,2026-09-26T01:41:50.325,8,right,7,8,19.0,True,
run_20260926_014038_575179,2122,71,2026-09-26T01:41:50.325,9,right,8,9,19.0,True,
run_20260926_014038_575179,2122,71,2026-09-26T01:41:50.325,10,right,9,10,18.0,True,
run_20260926_014038_575179,2122,71,2026-09-26T01:41:50.325,11,right,10,11,18.5,True,
run_20260926_014038_575179,2122,71,2026-09-26T01:41:50.325,12,right,11,12,18.5,True,
run_20260926_014038_575179,2153,72,2026-09-26T01:41:51.352,1,left,0,1,18.5,True,
run_20260926_014038_575179,2153,72,2026-09-26T01:41:51.352,2,left,1,2,19.0,True,
run_20260926_014038_575179,2153,72,2026-09-26T01:41:51.352,3,left,2,3,18.5,True,
run_20260926_014038_575179,2153,72,2026-09-26T01:41:51.352,4,left,3,4,19.0,True,
run_20260926_014038_575179,2153,72,2026-09-26T01:41:51.352,5,left,4,5,19.0,True,
run_20260926_014038_575179,2153,72,2026-09-26T01:41:51.352,6,left,5,6,19.25,True,
run_20260926_014038_575179,2153,72,2026-09-26T01:41:51.352,7,left,6,7,18.75,True,
run_20260926_014038_575179,2153,72,2026-09-26T01:41:51.352,8,left,7,8,19.0,True,
run_20260926_014038_575179,2153,72,2026-09-26T01:41:51.352,9,left,8,9,19.0,True,
run_20260926_014038_575179,2153,72,2026-09-26T01:41:51.352,10,left,9,10,19.0,True,
run_20260926_014038_575179,2153,72,2026-09-26T01:41:51.352,11,left,10,11,18.57142857142857,True,
run_20260926_014038_575179,2153,72,2026-09-26T01:41:51.352,12,left,11,12,18.42857142857143,True,
run_20260926_014038_575179,2153,72,2026-09-26T01:41:51.352,1,right,0,1,18.0,True,
run_20260926_014038_575179,2153,72,2026-09-26T01:41:51.352,2,right,1,2,19.0,True,
run_20260926_014038_575179,2153,72,2026-09-26T01:41:51.352,3,right,2,3,19.0,True,
run_20260926_014038_575179,2153,72,2026-09-26T01:41:51.352,4,right,3,4,19.0,True,
run_20260926_014038_575179,2153,72,2026-09-26T01:41:51.352,5,right,4,5,18.5,True,
run_20260926_014038_575179,2153,72,2026-09-26T01:41:51.352,6,right,5,6,19.0,True,
run_20260926_014038_575179,2153,72,2026-09-26T01:41:51.352,7,right,6,7,18.5,True,
run_20260926_014038_575179,2153,72,2026-09-26T01:41:51.352,8,right,7,8,19.0,True,
run_20260926_014038_575179,2153,72,2026-09-26T01:41:51.352,9,right,8,9,19.0,True,
run_20260926_014038_575179,2153,72,2026-09-26T01:41:51.352,10,right,9,10,18.0,True,
run_20260926_014038_575179,2153,72,2026-09-26T01:41:51.352,11,right,10,11,18.5,True,
run_20260926_014038_575179,2153,72,2026-09-26T01:41:51.352,12,right,11,12,18.5,True,
run_20260926_014038_575179,2183,73,2026-09-26T01:41:52.357,1,left,0,1,18.5,True,
run_20260926_014038_575179,2183,73,2026-09-26T01:41:52.357,2,left,1,2,19.0,True,
run_20260926_014038_575179,2183,73,2026-09-26T01:41:52.357,3,left,2,3,18.5,True,
run_20260926_014038_575179,2183,73,2026-09-26T01:41:52.357,4,left,3,4,19.0,True,
run_20260926_014038_575179,2183,73,2026-09-26T01:41:52.357,5,left,4,5,19.0,True,
run_20260926_014038_575179,2183,73,2026-09-26T01:41:52.357,6,left,5,6,19.25,True,
run_20260926_014038_575179,2183,73,2026-09-26T01:41:52.357,7,left,6,7,18.75,True,
run_20260926_014038_575179,2183,73,2026-09-26T01:41:52.357,8,left,7,8,19.0,True,
run_20260926_014038_575179,2183,73,2026-09-26T01:41:52.357,9,left,8,9,19.0,True,
run_20260926_014038_575179,2183,73,2026-09-26T01:41:52.357,10,left,9,10,19.0,True,
run_20260926_014038_575179,2183,73,2026-09-26T01:41:52.357,11,left,10,11,18.57142857142857,True,
run_20260926_014038_575179,2183,73,2026-09-26T01:41:52.357,12,left,11,12,18.42857142857143,True,
run_20260926_014038_575179,2183,73,2026-09-26T01:41:52.357,1,right,0,1,18.0,True,
run_20260926_014038_575179,2183,73,2026-09-26T01:41:52.357,2,right,1,2,19.0,True,
run_20260926_014038_575179,2183,73,2026-09-26T01:41:52.357,3,right,2,3,19.0,True,
run_20260926_014038_575179,2183,73,2026-09-26T01:41:52.357,4,right,3,4,19.0,True,
run_20260926_014038_575179,2183,73,2026-09-26T01:41:52.357,5,right,4,5,18.5,True,
run_20260926_014038_575179,2183,73,2026-09-26T01:41:52.357,6,right,5,6,19.0,True,
run_20260926_014038_575179,2183,73,2026-09-26T01:41:52.357,7,right,6,7,18.5,True,
run_20260926_014038_575179,2183,73,2026-09-26T01:41:52.357,8,right,7,8,19.0,True,
run_20260926_014038_575179,2183,73,2026-09-26T01:41:52.357,9,right,8,9,19.0,True,
run_20260926_014038_575179,2183,73,2026-09-26T01:41:52.357,10,right,9,10,18.0,True,
run_20260926_014038_575179,2183,73,2026-09-26T01:41:52.357,11,right,10,11,18.5,True,
run_20260926_014038_575179,2183,73,2026-09-26T01:41:52.357,12,right,11,12,18.5,True,
run_20260926_014038_575179,2214,74,2026-09-26T01:41:53.386,1,left,0,1,18.5,True,
run_20260926_014038_575179,2214,74,2026-09-26T01:41:53.386,2,left,1,2,19.0,True,
run_20260926_014038_575179,2214,74,2026-09-26T01:41:53.386,3,left,2,3,18.5,True,
run_20260926_014038_575179,2214,74,2026-09-26T01:41:53.386,4,left,3,4,19.0,True,
run_20260926_014038_575179,2214,74,2026-09-26T01:41:53.386,5,left,4,5,19.0,True,
run_20260926_014038_575179,2214,74,2026-09-26T01:41:53.386,6,left,5,6,19.25,True,
run_20260926_014038_575179,2214,74,2026-09-26T01:41:53.386,7,left,6,7,18.75,True,
run_20260926_014038_575179,2214,74,2026-09-26T01:41:53.386,8,left,7,8,19.0,True,
run_20260926_014038_575179,2214,74,2026-09-26T01:41:53.386,9,left,8,9,19.0,True,
run_20260926_014038_575179,2214,74,2026-09-26T01:41:53.386,10,left,9,10,19.0,True,
run_20260926_014038_575179,2214,74,2026-09-26T01:41:53.386,11,left,10,11,18.57142857142857,True,
run_20260926_014038_575179,2214,74,2026-09-26T01:41:53.386,12,left,11,12,18.42857142857143,True,
run_20260926_014038_575179,2214,74,2026-09-26T01:41:53.386,1,right,0,1,18.0,True,
run_20260926_014038_575179,2214,74,2026-09-26T01:41:53.386,2,right,1,2,19.0,True,
run_20260926_014038_575179,2214,74,2026-09-26T01:41:53.386,3,right,2,3,19.0,True,
run_20260926_014038_575179,2214,74,2026-09-26T01:41:53.386,4,right,3,4,19.0,True,
run_20260926_014038_575179,2214,74,2026-09-26T01:41:53.386,5,right,4,5,18.5,True,
run_20260926_014038_575179,2214,74,2026-09-26T01:41:53.386,6,right,5,6,19.0,True,
run_20260926_014038_575179,2214,74,2026-09-26T01:41:53.386,7,right,6,7,18.5,True,
run_20260926_014038_575179,2214,74,2026-09-26T01:41:53.386,8,right,7,8,19.0,True,
run_20260926_014038_575179,2214,74,2026-09-26T01:41:53.386,9,right,8,9,19.0,True,
run_20260926_014038_575179,2214,74,2026-09-26T01:41:53.386,10,right,9,10,18.0,True,
run_20260926_014038_575179,2214,74,2026-09-26T01:41:53.386,11,right,10,11,18.5,True,
run_20260926_014038_575179,2214,74,2026-09-26T01:41:53.386,12,right,11,12,18.5,True,
run_20260926_014038_575179,2245,75,2026-09-26T01:41:54.422,1,left,0,1,18.5,True,
run_20260926_014038_575179,2245,75,2026-09-26T01:41:54.422,2,left,1,2,19.0,True,
run_20260926_014038_575179,2245,75,2026-09-26T01:41:54.422,3,left,2,3,18.5,True,
run_20260926_014038_575179,2245,75,2026-09-26T01:41:54.422,4,left,3,4,19.0,True,
run_20260926_014038_575179,2245,75,2026-09-26T01:41:54.422,5,left,4,5,19.0,True,
run_20260926_014038_575179,2245,75,2026-09-26T01:41:54.422,6,left,5,6,19.25,True,
run_20260926_014038_575179,2245,75,2026-09-26T01:41:54.422,7,left,6,7,18.75,True,
run_20260926_014038_575179,2245,75,2026-09-26T01:41:54.422,8,left,7,8,19.0,True,
run_20260926_014038_575179,2245,75,2026-09-26T01:41:54.422,9,left,8,9,19.0,True,
run_20260926_014038_575179,2245,75,2026-09-26T01:41:54.422,10,left,9,10,19.0,True,
run_20260926_014038_575179,2245,75,2026-09-26T01:41:54.422,11,left,10,11,18.57142857142857,True,
run_20260926_014038_575179,2245,75,2026-09-26T01:41:54.422,12,left,11,12,18.42857142857143,True,
run_20260926_014038_575179,2245,75,2026-09-26T01:41:54.422,1,right,0,1,18.0,True,
run_20260926_014038_575179,2245,75,2026-09-26T01:41:54.422,2,right,1,2,19.0,True,
run_20260926_014038_575179,2245,75,2026-09-26T01:41:54.422,3,right,2,3,19.0,True,
run_20260926_014038_575179,2245,75,2026-09-26T01:41:54.422,4,right,3,4,19.0,True,
run_20260926_014038_575179,2245,75,2026-09-26T01:41:54.422,5,right,4,5,18.5,True,
run_20260926_014038_575179,2245,75,2026-09-26T01:41:54.422,6,right,5,6,19.0,True,
run_20260926_014038_575179,2245,75,2026-09-26T01:41:54.422,7,right,6,7,18.5,True,
run_20260926_014038_575179,2245,75,2026-09-26T01:41:54.422,8,right,7,8,19.0,True,
run_20260926_014038_575179,2245,75,2026-09-26T01:41:54.422,9,right,8,9,19.0,True,
run_20260926_014038_575179,2245,75,2026-09-26T01:41:54.422,10,right,9,10,18.0,True,
run_20260926_014038_575179,2245,75,2026-09-26T01:41:54.422,11,right,10,11,18.5,True,
run_20260926_014038_575179,2245,75,2026-09-26T01:41:54.422,12,right,11,12,18.5,True,
run_20260926_014038_575179,2275,76,2026-09-26T01:41:55.424,1,left,0,1,18.5,True,
run_20260926_014038_575179,2275,76,2026-09-26T01:41:55.424,2,left,1,2,19.0,True,
run_20260926_014038_575179,2275,76,2026-09-26T01:41:55.424,3,left,2,3,18.5,True,
run_20260926_014038_575179,2275,76,2026-09-26T01:41:55.424,4,left,3,4,19.0,True,
run_20260926_014038_575179,2275,76,2026-09-26T01:41:55.424,5,left,4,5,19.0,True,
run_20260926_014038_575179,2275,76,2026-09-26T01:41:55.424,6,left,5,6,19.25,True,
run_20260926_014038_575179,2275,76,2026-09-26T01:41:55.424,7,left,6,7,18.75,True,
run_20260926_014038_575179,2275,76,2026-09-26T01:41:55.424,8,left,7,8,19.0,True,
run_20260926_014038_575179,2275,76,2026-09-26T01:41:55.424,9,left,8,9,19.0,True,
run_20260926_014038_575179,2275,76,2026-09-26T01:41:55.424,10,left,9,10,19.0,True,
run_20260926_014038_575179,2275,76,2026-09-26T01:41:55.424,11,left,10,11,18.57142857142857,True,
run_20260926_014038_575179,2275,76,2026-09-26T01:41:55.424,12,left,11,12,18.42857142857143,True,
run_20260926_014038_575179,2275,76,2026-09-26T01:41:55.424,1,right,0,1,18.0,True,
run_20260926_014038_575179,2275,76,2026-09-26T01:41:55.424,2,right,1,2,19.0,True,
run_20260926_014038_575179,2275,76,2026-09-26T01:41:55.424,3,right,2,3,19.0,True,
run_20260926_014038_575179,2275,76,2026-09-26T01:41:55.424,4,right,3,4,19.0,True,
run_20260926_014038_575179,2275,76,2026-09-26T01:41:55.424,5,right,4,5,18.5,True,
run_20260926_014038_575179,2275,76,2026-09-26T01:41:55.424,6,right,5,6,19.0,True,
run_20260926_014038_575179,2275,76,2026-09-26T01:41:55.424,7,right,6,7,18.5,True,
run_20260926_014038_575179,2275,76,2026-09-26T01:41:55.424,8,right,7,8,19.0,True,
run_20260926_014038_575179,2275,76,2026-09-26T01:41:55.424,9,right,8,9,19.0,True,
run_20260926_014038_575179,2275,76,2026-09-26T01:41:55.424,10,right,9,10,18.0,True,
run_20260926_014038_575179,2275,76,2026-09-26T01:41:55.424,11,right,10,11,18.5,True,
run_20260926_014038_575179,2275,76,2026-09-26T01:41:55.424,12,right,11,12,18.5,True,
run_20260926_014038_575179,2306,77,2026-09-26T01:41:56.457,1,left,0,1,18.5,True,
run_20260926_014038_575179,2306,77,2026-09-26T01:41:56.457,2,left,1,2,19.0,True,
run_20260926_014038_575179,2306,77,2026-09-26T01:41:56.457,3,left,2,3,18.5,True,
run_20260926_014038_575179,2306,77,2026-09-26T01:41:56.457,4,left,3,4,19.0,True,
run_20260926_014038_575179,2306,77,2026-09-26T01:41:56.457,5,left,4,5,19.0,True,
run_20260926_014038_575179,2306,77,2026-09-26T01:41:56.457,6,left,5,6,19.25,True,
run_20260926_014038_575179,2306,77,2026-09-26T01:41:56.457,7,left,6,7,18.75,True,
run_20260926_014038_575179,2306,77,2026-09-26T01:41:56.457,8,left,7,8,19.0,True,
run_20260926_014038_575179,2306,77,2026-09-26T01:41:56.457,9,left,8,9,19.0,True,
run_20260926_014038_575179,2306,77,2026-09-26T01:41:56.457,10,left,9,10,19.0,True,
run_20260926_014038_575179,2306,77,2026-09-26T01:41:56.457,11,left,10,11,18.65384615384616,True,
run_20260926_014038_575179,2306,77,2026-09-26T01:41:56.457,12,left,11,12,18.34615384615384,True,
run_20260926_014038_575179,2306,77,2026-09-26T01:41:56.457,1,right,0,1,18.0,True,
run_20260926_014038_575179,2306,77,2026-09-26T01:41:56.457,2,right,1,2,19.0,True,
run_20260926_014038_575179,2306,77,2026-09-26T01:41:56.457,3,right,2,3,19.0,True,
run_20260926_014038_575179,2306,77,2026-09-26T01:41:56.457,4,right,3,4,19.0,True,
run_20260926_014038_575179,2306,77,2026-09-26T01:41:56.457,5,right,4,5,18.5,True,
run_20260926_014038_575179,2306,77,2026-09-26T01:41:56.457,6,right,5,6,19.0,True,
run_20260926_014038_575179,2306,77,2026-09-26T01:41:56.457,7,right,6,7,18.5,True,
run_20260926_014038_575179,2306,77,2026-09-26T01:41:56.457,8,right,7,8,19.0,True,
run_20260926_014038_575179,2306,77,2026-09-26T01:41:56.457,9,right,8,9,19.0,True,
run_20260926_014038_575179,2306,77,2026-09-26T01:41:56.457,10,right,9,10,18.0,True,
run_20260926_014038_575179,2306,77,2026-09-26T01:41:56.457,11,right,10,11,18.5,True,
run_20260926_014038_575179,2306,77,2026-09-26T01:41:56.457,12,right,11,12,18.5,True,
run_20260926_014038_575179,2337,78,2026-09-26T01:41:57.490,1,left,0,1,18.5,True,
run_20260926_014038_575179,2337,78,2026-09-26T01:41:57.490,2,left,1,2,19.0,True,
run_20260926_014038_575179,2337,78,2026-09-26T01:41:57.490,3,left,2,3,18.5,True,
run_20260926_014038_575179,2337,78,2026-09-26T01:41:57.490,4,left,3,4,19.0,True,
run_20260926_014038_575179,2337,78,2026-09-26T01:41:57.490,5,left,4,5,19.0,True,
run_20260926_014038_575179,2337,78,2026-09-26T01:41:57.490,6,left,5,6,19.25,True,
run_20260926_014038_575179,2337,78,2026-09-26T01:41:57.490,7,left,6,7,18.75,True,
run_20260926_014038_575179,2337,78,2026-09-26T01:41:57.490,8,left,7,8,19.0,True,
run_20260926_014038_575179,2337,78,2026-09-26T01:41:57.490,9,left,8,9,19.0,True,
run_20260926_014038_575179,2337,78,2026-09-26T01:41:57.490,10,left,9,10,19.0,True,
run_20260926_014038_575179,2337,78,2026-09-26T01:41:57.490,11,left,10,11,18.57142857142857,True,
run_20260926_014038_575179,2337,78,2026-09-26T01:41:57.490,12,left,11,12,18.42857142857143,True,
run_20260926_014038_575179,2337,78,2026-09-26T01:41:57.490,1,right,0,1,18.0,True,
run_20260926_014038_575179,2337,78,2026-09-26T01:41:57.490,2,right,1,2,19.0,True,
run_20260926_014038_575179,2337,78,2026-09-26T01:41:57.490,3,right,2,3,19.0,True,
run_20260926_014038_575179,2337,78,2026-09-26T01:41:57.490,4,right,3,4,19.0,True,
run_20260926_014038_575179,2337,78,2026-09-26T01:41:57.490,5,right,4,5,18.5,True,
run_20260926_014038_575179,2337,78,2026-09-26T01:41:57.490,6,right,5,6,19.0,True,
run_20260926_014038_575179,2337,78,2026-09-26T01:41:57.490,7,right,6,7,18.5,True,
run_20260926_014038_575179,2337,78,2026-09-26T01:41:57.490,8,right,7,8,19.0,True,
run_20260926_014038_575179,2337,78,2026-09-26T01:41:57.490,9,right,8,9,19.0,True,
run_20260926_014038_575179,2337,78,2026-09-26T01:41:57.490,10,right,9,10,18.0,True,
run_20260926_014038_575179,2337,78,2026-09-26T01:41:57.490,11,right,10,11,18.5,True,
run_20260926_014038_575179,2337,78,2026-09-26T01:41:57.490,12,right,11,12,18.5,True,
run_20260926_014038_575179,2368,79,2026-09-26T01:41:58.519,1,left,0,1,18.5,True,
run_20260926_014038_575179,2368,79,2026-09-26T01:41:58.519,2,left,1,2,19.0,True,
run_20260926_014038_575179,2368,79,2026-09-26T01:41:58.519,3,left,2,3,18.5,True,
run_20260926_014038_575179,2368,79,2026-09-26T01:41:58.519,4,left,3,4,19.0,True,
run_20260926_014038_575179,2368,79,2026-09-26T01:41:58.519,5,left,4,5,19.0,True,
run_20260926_014038_575179,2368,79,2026-09-26T01:41:58.519,6,left,5,6,19.25,True,
run_20260926_014038_575179,2368,79,2026-09-26T01:41:58.519,7,left,6,7,18.75,True,
run_20260926_014038_575179,2368,79,2026-09-26T01:41:58.519,8,left,7,8,19.0,True,
run_20260926_014038_575179,2368,79,2026-09-26T01:41:58.519,9,left,8,9,19.0,True,
run_20260926_014038_575179,2368,79,2026-09-26T01:41:58.519,10,left,9,10,19.0,True,
run_20260926_014038_575179,2368,79,2026-09-26T01:41:58.519,11,left,10,11,18.57142857142857,True,
run_20260926_014038_575179,2368,79,2026-09-26T01:41:58.519,12,left,11,12,18.42857142857143,True,
run_20260926_014038_575179,2368,79,2026-09-26T01:41:58.519,1,right,0,1,18.0,True,
run_20260926_014038_575179,2368,79,2026-09-26T01:41:58.519,2,right,1,2,19.0,True,
run_20260926_014038_575179,2368,79,2026-09-26T01:41:58.519,3,right,2,3,19.0,True,
run_20260926_014038_575179,2368,79,2026-09-26T01:41:58.519,4,right,3,4,19.0,True,
run_20260926_014038_575179,2368,79,2026-09-26T01:41:58.519,5,right,4,5,18.5,True,
run_20260926_014038_575179,2368,79,2026-09-26T01:41:58.519,6,right,5,6,19.0,True,
run_20260926_014038_575179,2368,79,2026-09-26T01:41:58.519,7,right,6,7,18.5,True,
run_20260926_014038_575179,2368,79,2026-09-26T01:41:58.519,8,right,7,8,19.0,True,
run_20260926_014038_575179,2368,79,2026-09-26T01:41:58.519,9,right,8,9,19.0,True,
run_20260926_014038_575179,2368,79,2026-09-26T01:41:58.519,10,right,9,10,18.0,True,
run_20260926_014038_575179,2368,79,2026-09-26T01:41:58.519,11,right,10,11,18.5,True,
run_20260926_014038_575179,2368,79,2026-09-26T01:41:58.519,12,right,11,12,18.5,True,
run_20260926_014038_575179,2398,80,2026-09-26T01:41:59.524,1,left,0,1,18.5,True,
run_20260926_014038_575179,2398,80,2026-09-26T01:41:59.524,2,left,1,2,19.0,True,
run_20260926_014038_575179,2398,80,2026-09-26T01:41:59.524,3,left,2,3,18.5,True,
run_20260926_014038_575179,2398,80,2026-09-26T01:41:59.524,4,left,3,4,19.0,True,
run_20260926_014038_575179,2398,80,2026-09-26T01:41:59.524,5,left,4,5,19.0,True,
run_20260926_014038_575179,2398,80,2026-09-26T01:41:59.524,6,left,5,6,19.25,True,
run_20260926_014038_575179,2398,80,2026-09-26T01:41:59.524,7,left,6,7,18.75,True,
run_20260926_014038_575179,2398,80,2026-09-26T01:41:59.524,8,left,7,8,19.0,True,
run_20260926_014038_575179,2398,80,2026-09-26T01:41:59.524,9,left,8,9,19.0,True,
run_20260926_014038_575179,2398,80,2026-09-26T01:41:59.524,10,left,9,10,19.0,True,
run_20260926_014038_575179,2398,80,2026-09-26T01:41:59.524,11,left,10,11,18.57142857142857,True,
run_20260926_014038_575179,2398,80,2026-09-26T01:41:59.524,12,left,11,12,18.42857142857143,True,
run_20260926_014038_575179,2398,80,2026-09-26T01:41:59.524,1,right,0,1,18.0,True,
run_20260926_014038_575179,2398,80,2026-09-26T01:41:59.524,2,right,1,2,19.0,True,
run_20260926_014038_575179,2398,80,2026-09-26T01:41:59.524,3,right,2,3,19.0,True,
run_20260926_014038_575179,2398,80,2026-09-26T01:41:59.524,4,right,3,4,19.0,True,
run_20260926_014038_575179,2398,80,2026-09-26T01:41:59.524,5,right,4,5,18.5,True,
run_20260926_014038_575179,2398,80,2026-09-26T01:41:59.524,6,right,5,6,19.0,True,
run_20260926_014038_575179,2398,80,2026-09-26T01:41:59.524,7,right,6,7,18.5,True,
run_20260926_014038_575179,2398,80,2026-09-26T01:41:59.524,8,right,7,8,19.0,True,
run_20260926_014038_575179,2398,80,2026-09-26T01:41:59.524,9,right,8,9,19.0,True,
run_20260926_014038_575179,2398,80,2026-09-26T01:41:59.524,10,right,9,10,18.0,True,
run_20260926_014038_575179,2398,80,2026-09-26T01:41:59.524,11,right,10,11,18.5,True,
run_20260926_014038_575179,2398,80,2026-09-26T01:41:59.524,12,right,11,12,18.5,True,
run_20260926_014038_575179,2429,81,2026-09-26T01:42:00.552,1,left,0,1,18.5,True,
run_20260926_014038_575179,2429,81,2026-09-26T01:42:00.552,2,left,1,2,19.0,True,
run_20260926_014038_575179,2429,81,2026-09-26T01:42:00.552,3,left,2,3,18.5,True,
run_20260926_014038_575179,2429,81,2026-09-26T01:42:00.552,4,left,3,4,19.0,True,
run_20260926_014038_575179,2429,81,2026-09-26T01:42:00.552,5,left,4,5,19.0,True,
run_20260926_014038_575179,2429,81,2026-09-26T01:42:00.552,6,left,5,6,19.25,True,
run_20260926_014038_575179,2429,81,2026-09-26T01:42:00.552,7,left,6,7,18.75,True,
run_20260926_014038_575179,2429,81,2026-09-26T01:42:00.552,8,left,7,8,19.0,True,
run_20260926_014038_575179,2429,81,2026-09-26T01:42:00.552,9,left,8,9,19.0,True,
run_20260926_014038_575179,2429,81,2026-09-26T01:42:00.552,10,left,9,10,19.0,True,
run_20260926_014038_575179,2429,81,2026-09-26T01:42:00.552,11,left,10,11,18.57142857142857,True,
run_20260926_014038_575179,2429,81,2026-09-26T01:42:00.552,12,left,11,12,18.42857142857143,True,
run_20260926_014038_575179,2429,81,2026-09-26T01:42:00.552,1,right,0,1,18.0,True,
run_20260926_014038_575179,2429,81,2026-09-26T01:42:00.552,2,right,1,2,19.0,True,
run_20260926_014038_575179,2429,81,2026-09-26T01:42:00.552,3,right,2,3,19.0,True,
run_20260926_014038_575179,2429,81,2026-09-26T01:42:00.552,4,right,3,4,19.0,True,
run_20260926_014038_575179,2429,81,2026-09-26T01:42:00.552,5,right,4,5,18.5,True,
run_20260926_014038_575179,2429,81,2026-09-26T01:42:00.552,6,right,5,6,19.0,True,
run_20260926_014038_575179,2429,81,2026-09-26T01:42:00.552,7,right,6,7,18.5,True,
run_20260926_014038_575179,2429,81,2026-09-26T01:42:00.552,8,right,7,8,19.0,True,
run_20260926_014038_575179,2429,81,2026-09-26T01:42:00.552,9,right,8,9,19.0,True,
run_20260926_014038_575179,2429,81,2026-09-26T01:42:00.552,10,right,9,10,18.0,True,
run_20260926_014038_575179,2429,81,2026-09-26T01:42:00.552,11,right,10,11,18.5,True,
run_20260926_014038_575179,2429,81,2026-09-26T01:42:00.552,12,right,11,12,18.5,True,
run_20260926_014038_575179,2459,82,2026-09-26T01:42:01.553,1,left,0,1,18.5,True,
run_20260926_014038_575179,2459,82,2026-09-26T01:42:01.553,2,left,1,2,19.0,True,
run_20260926_014038_575179,2459,82,2026-09-26T01:42:01.553,3,left,2,3,18.5,True,
run_20260926_014038_575179,2459,82,2026-09-26T01:42:01.553,4,left,3,4,19.0,True,
run_20260926_014038_575179,2459,82,2026-09-26T01:42:01.553,5,left,4,5,19.0,True,
run_20260926_014038_575179,2459,82,2026-09-26T01:42:01.553,6,left,5,6,19.25,True,
run_20260926_014038_575179,2459,82,2026-09-26T01:42:01.553,7,left,6,7,18.75,True,
run_20260926_014038_575179,2459,82,2026-09-26T01:42:01.553,8,left,7,8,19.0,True,
run_20260926_014038_575179,2459,82,2026-09-26T01:42:01.553,9,left,8,9,19.0,True,
run_20260926_014038_575179,2459,82,2026-09-26T01:42:01.553,10,left,9,10,19.0,True,
run_20260926_014038_575179,2459,82,2026-09-26T01:42:01.553,11,left,10,11,18.57142857142857,True,
run_20260926_014038_575179,2459,82,2026-09-26T01:42:01.553,12,left,11,12,18.42857142857143,True,
run_20260926_014038_575179,2459,82,2026-09-26T01:42:01.553,1,right,0,1,18.0,True,
run_20260926_014038_575179,2459,82,2026-09-26T01:42:01.553,2,right,1,2,19.0,True,
run_20260926_014038_575179,2459,82,2026-09-26T01:42:01.553,3,right,2,3,19.0,True,
run_20260926_014038_575179,2459,82,2026-09-26T01:42:01.553,4,right,3,4,19.0,True,
run_20260926_014038_575179,2459,82,2026-09-26T01:42:01.553,5,right,4,5,18.66666666666663,True,
run_20260926_014038_575179,2459,82,2026-09-26T01:42:01.553,6,right,5,6,18.83333333333337,True,
run_20260926_014038_575179,2459,82,2026-09-26T01:42:01.553,7,right,6,7,18.5,True,
run_20260926_014038_575179,2459,82,2026-09-26T01:42:01.553,8,right,7,8,19.0,True,
run_20260926_014038_575179,2459,82,2026-09-26T01:42:01.553,9,right,8,9,19.0,True,
run_20260926_014038_575179,2459,82,2026-09-26T01:42:01.553,10,right,9,10,18.0,True,
run_20260926_014038_575179,2459,82,2026-09-26T01:42:01.553,11,right,10,11,18.5,True,
run_20260926_014038_575179,2459,82,2026-09-26T01:42:01.553,12,right,11,12,18.5,True,
run_20260926_014038_575179,2489,83,2026-09-26T01:42:02.557,1,left,0,1,18.5,True,
run_20260926_014038_575179,2489,83,2026-09-26T01:42:02.557,2,left,1,2,19.0,True,
run_20260926_014038_575179,2489,83,2026-09-26T01:42:02.557,3,left,2,3,18.5,True,
run_20260926_014038_575179,2489,83,2026-09-26T01:42:02.557,4,left,3,4,19.0,True,
run_20260926_014038_575179,2489,83,2026-09-26T01:42:02.557,5,left,4,5,19.0,True,
run_20260926_014038_575179,2489,83,2026-09-26T01:42:02.557,6,left,5,6,19.25,True,
run_20260926_014038_575179,2489,83,2026-09-26T01:42:02.557,7,left,6,7,18.75,True,
run_20260926_014038_575179,2489,83,2026-09-26T01:42:02.557,8,left,7,8,19.0,True,
run_20260926_014038_575179,2489,83,2026-09-26T01:42:02.557,9,left,8,9,19.0,True,
run_20260926_014038_575179,2489,83,2026-09-26T01:42:02.557,10,left,9,10,19.0,True,
run_20260926_014038_575179,2489,83,2026-09-26T01:42:02.557,11,left,10,11,18.57142857142857,True,
run_20260926_014038_575179,2489,83,2026-09-26T01:42:02.557,12,left,11,12,18.42857142857143,True,
run_20260926_014038_575179,2489,83,2026-09-26T01:42:02.557,1,right,0,1,18.0,True,
run_20260926_014038_575179,2489,83,2026-09-26T01:42:02.557,2,right,1,2,19.0,True,
run_20260926_014038_575179,2489,83,2026-09-26T01:42:02.557,3,right,2,3,19.0,True,
run_20260926_014038_575179,2489,83,2026-09-26T01:42:02.557,4,right,3,4,19.0,True,
run_20260926_014038_575179,2489,83,2026-09-26T01:42:02.557,5,right,4,5,18.5,True,
run_20260926_014038_575179,2489,83,2026-09-26T01:42:02.557,6,right,5,6,19.0,True,
run_20260926_014038_575179,2489,83,2026-09-26T01:42:02.557,7,right,6,7,18.5,True,
run_20260926_014038_575179,2489,83,2026-09-26T01:42:02.557,8,right,7,8,19.0,True,
run_20260926_014038_575179,2489,83,2026-09-26T01:42:02.557,9,right,8,9,19.0,True,
run_20260926_014038_575179,2489,83,2026-09-26T01:42:02.557,10,right,9,10,18.0,True,
run_20260926_014038_575179,2489,83,2026-09-26T01:42:02.557,11,right,10,11,18.5,True,
run_20260926_014038_575179,2489,83,2026-09-26T01:42:02.557,12,right,11,12,18.5,True,
run_20260926_014038_575179,2520,84,2026-09-26T01:42:03.586,1,left,0,1,18.5,True,
run_20260926_014038_575179,2520,84,2026-09-26T01:42:03.586,2,left,1,2,19.0,True,
run_20260926_014038_575179,2520,84,2026-09-26T01:42:03.586,3,left,2,3,18.5,True,
run_20260926_014038_575179,2520,84,2026-09-26T01:42:03.586,4,left,3,4,19.0,True,
run_20260926_014038_575179,2520,84,2026-09-26T01:42:03.586,5,left,4,5,19.0,True,
run_20260926_014038_575179,2520,84,2026-09-26T01:42:03.586,6,left,5,6,19.0,True,
run_20260926_014038_575179,2520,84,2026-09-26T01:42:03.586,7,left,6,7,19.0,True,
run_20260926_014038_575179,2520,84,2026-09-26T01:42:03.586,8,left,7,8,19.0,True,
run_20260926_014038_575179,2520,84,2026-09-26T01:42:03.586,9,left,8,9,19.0,True,
run_20260926_014038_575179,2520,84,2026-09-26T01:42:03.586,10,left,9,10,19.0,True,
run_20260926_014038_575179,2520,84,2026-09-26T01:42:03.586,11,left,10,11,18.57142857142857,True,
run_20260926_014038_575179,2520,84,2026-09-26T01:42:03.586,12,left,11,12,18.42857142857143,True,
run_20260926_014038_575179,2520,84,2026-09-26T01:42:03.586,1,right,0,1,18.0,True,
run_20260926_014038_575179,2520,84,2026-09-26T01:42:03.586,2,right,1,2,19.0,True,
run_20260926_014038_575179,2520,84,2026-09-26T01:42:03.586,3,right,2,3,19.0,True,
run_20260926_014038_575179,2520,84,2026-09-26T01:42:03.586,4,right,3,4,19.0,True,
run_20260926_014038_575179,2520,84,2026-09-26T01:42:03.586,5,right,4,5,18.5,True,
run_20260926_014038_575179,2520,84,2026-09-26T01:42:03.586,6,right,5,6,19.0,True,
run_20260926_014038_575179,2520,84,2026-09-26T01:42:03.586,7,right,6,7,18.5,True,
run_20260926_014038_575179,2520,84,2026-09-26T01:42:03.586,8,right,7,8,19.0,True,
run_20260926_014038_575179,2520,84,2026-09-26T01:42:03.586,9,right,8,9,19.0,True,
run_20260926_014038_575179,2520,84,2026-09-26T01:42:03.586,10,right,9,10,18.0,True,
run_20260926_014038_575179,2520,84,2026-09-26T01:42:03.586,11,right,10,11,18.5,True,
run_20260926_014038_575179,2520,84,2026-09-26T01:42:03.586,12,right,11,12,18.5,True,
run_20260926_014038_575179,2550,85,2026-09-26T01:42:04.590,1,left,0,1,18.5,True,
run_20260926_014038_575179,2550,85,2026-09-26T01:42:04.590,2,left,1,2,19.0,True,
run_20260926_014038_575179,2550,85,2026-09-26T01:42:04.590,3,left,2,3,18.5,True,
run_20260926_014038_575179,2550,85,2026-09-26T01:42:04.590,4,left,3,4,19.0,True,
run_20260926_014038_575179,2550,85,2026-09-26T01:42:04.590,5,left,4,5,19.0,True,
run_20260926_014038_575179,2550,85,2026-09-26T01:42:04.590,6,left,5,6,19.25,True,
run_20260926_014038_575179,2550,85,2026-09-26T01:42:04.590,7,left,6,7,18.75,True,
run_20260926_014038_575179,2550,85,2026-09-26T01:42:04.590,8,left,7,8,19.0,True,
run_20260926_014038_575179,2550,85,2026-09-26T01:42:04.590,9,left,8,9,19.0,True,
run_20260926_014038_575179,2550,85,2026-09-26T01:42:04.590,10,left,9,10,19.0,True,
run_20260926_014038_575179,2550,85,2026-09-26T01:42:04.590,11,left,10,11,18.57142857142857,True,
run_20260926_014038_575179,2550,85,2026-09-26T01:42:04.590,12,left,11,12,18.42857142857143,True,
run_20260926_014038_575179,2550,85,2026-09-26T01:42:04.590,1,right,0,1,18.0,True,
run_20260926_014038_575179,2550,85,2026-09-26T01:42:04.590,2,right,1,2,19.0,True,
run_20260926_014038_575179,2550,85,2026-09-26T01:42:04.590,3,right,2,3,19.0,True,
run_20260926_014038_575179,2550,85,2026-09-26T01:42:04.590,4,right,3,4,19.0,True,
run_20260926_014038_575179,2550,85,2026-09-26T01:42:04.590,5,right,4,5,18.5,True,
run_20260926_014038_575179,2550,85,2026-09-26T01:42:04.590,6,right,5,6,19.0,True,
run_20260926_014038_575179,2550,85,2026-09-26T01:42:04.590,7,right,6,7,18.5,True,
run_20260926_014038_575179,2550,85,2026-09-26T01:42:04.590,8,right,7,8,19.0,True,
run_20260926_014038_575179,2550,85,2026-09-26T01:42:04.590,9,right,8,9,19.0,True,
run_20260926_014038_575179,2550,85,2026-09-26T01:42:04.590,10,right,9,10,18.0,True,
run_20260926_014038_575179,2550,85,2026-09-26T01:42:04.590,11,right,10,11,18.5,True,
run_20260926_014038_575179,2550,85,2026-09-26T01:42:04.590,12,right,11,12,18.5,True,
run_20260926_014038_575179,2581,86,2026-09-26T01:42:05.623,1,left,0,1,18.5,True,
run_20260926_014038_575179,2581,86,2026-09-26T01:42:05.623,2,left,1,2,19.0,True,
run_20260926_014038_575179,2581,86,2026-09-26T01:42:05.623,3,left,2,3,18.5,True,
run_20260926_014038_575179,2581,86,2026-09-26T01:42:05.623,4,left,3,4,19.0,True,
run_20260926_014038_575179,2581,86,2026-09-26T01:42:05.623,5,left,4,5,19.0,True,
run_20260926_014038_575179,2581,86,2026-09-26T01:42:05.623,6,left,5,6,19.25,True,
run_20260926_014038_575179,2581,86,2026-09-26T01:42:05.623,7,left,6,7,18.75,True,
run_20260926_014038_575179,2581,86,2026-09-26T01:42:05.623,8,left,7,8,19.0,True,
run_20260926_014038_575179,2581,86,2026-09-26T01:42:05.623,9,left,8,9,19.0,True,
run_20260926_014038_575179,2581,86,2026-09-26T01:42:05.623,10,left,9,10,19.0,True,
run_20260926_014038_575179,2581,86,2026-09-26T01:42:05.623,11,left,10,11,18.57142857142857,True,
run_20260926_014038_575179,2581,86,2026-09-26T01:42:05.623,12,left,11,12,18.42857142857143,True,
run_20260926_014038_575179,2581,86,2026-09-26T01:42:05.623,1,right,0,1,18.0,True,
run_20260926_014038_575179,2581,86,2026-09-26T01:42:05.623,2,right,1,2,19.0,True,
run_20260926_014038_575179,2581,86,2026-09-26T01:42:05.623,3,right,2,3,19.0,True,
run_20260926_014038_575179,2581,86,2026-09-26T01:42:05.623,4,right,3,4,19.0,True,
run_20260926_014038_575179,2581,86,2026-09-26T01:42:05.623,5,right,4,5,18.5,True,
run_20260926_014038_575179,2581,86,2026-09-26T01:42:05.623,6,right,5,6,19.0,True,
run_20260926_014038_575179,2581,86,2026-09-26T01:42:05.623,7,right,6,7,18.5,True,
run_20260926_014038_575179,2581,86,2026-09-26T01:42:05.623,8,right,7,8,19.0,True,
run_20260926_014038_575179,2581,86,2026-09-26T01:42:05.623,9,right,8,9,19.0,True,
run_20260926_014038_575179,2581,86,2026-09-26T01:42:05.623,10,right,9,10,18.0,True,
run_20260926_014038_575179,2581,86,2026-09-26T01:42:05.623,11,right,10,11,18.5,True,
run_20260926_014038_575179,2581,86,2026-09-26T01:42:05.623,12,right,11,12,18.5,True,
run_20260926_014038_575179,2612,87,2026-09-26T01:42:06.652,1,left,0,1,18.5,True,
run_20260926_014038_575179,2612,87,2026-09-26T01:42:06.652,2,left,1,2,19.0,True,
run_20260926_014038_575179,2612,87,2026-09-26T01:42:06.652,3,left,2,3,18.5,True,
run_20260926_014038_575179,2612,87,2026-09-26T01:42:06.652,4,left,3,4,19.0,True,
run_20260926_014038_575179,2612,87,2026-09-26T01:42:06.652,5,left,4,5,19.0,True,
run_20260926_014038_575179,2612,87,2026-09-26T01:42:06.652,6,left,5,6,19.0,True,
run_20260926_014038_575179,2612,87,2026-09-26T01:42:06.652,7,left,6,7,19.0,True,
run_20260926_014038_575179,2612,87,2026-09-26T01:42:06.652,8,left,7,8,19.0,True,
run_20260926_014038_575179,2612,87,2026-09-26T01:42:06.652,9,left,8,9,19.0,True,
run_20260926_014038_575179,2612,87,2026-09-26T01:42:06.652,10,left,9,10,19.0,True,
run_20260926_014038_575179,2612,87,2026-09-26T01:42:06.652,11,left,10,11,18.57142857142857,True,
run_20260926_014038_575179,2612,87,2026-09-26T01:42:06.652,12,left,11,12,18.42857142857143,True,
run_20260926_014038_575179,2612,87,2026-09-26T01:42:06.652,1,right,0,1,18.0,True,
run_20260926_014038_575179,2612,87,2026-09-26T01:42:06.652,2,right,1,2,19.0,True,
run_20260926_014038_575179,2612,87,2026-09-26T01:42:06.652,3,right,2,3,19.0,True,
run_20260926_014038_575179,2612,87,2026-09-26T01:42:06.652,4,right,3,4,19.0,True,
run_20260926_014038_575179,2612,87,2026-09-26T01:42:06.652,5,right,4,5,18.5,True,
run_20260926_014038_575179,2612,87,2026-09-26T01:42:06.652,6,right,5,6,19.0,True,
run_20260926_014038_575179,2612,87,2026-09-26T01:42:06.652,7,right,6,7,18.5,True,
run_20260926_014038_575179,2612,87,2026-09-26T01:42:06.652,8,right,7,8,19.0,True,
run_20260926_014038_575179,2612,87,2026-09-26T01:42:06.652,9,right,8,9,19.0,True,
run_20260926_014038_575179,2612,87,2026-09-26T01:42:06.652,10,right,9,10,18.0,True,
run_20260926_014038_575179,2612,87,2026-09-26T01:42:06.652,11,right,10,11,18.5,True,
run_20260926_014038_575179,2612,87,2026-09-26T01:42:06.652,12,right,11,12,18.5,True,
run_20260926_014038_575179,2642,88,2026-09-26T01:42:07.658,1,left,0,1,18.5,True,
run_20260926_014038_575179,2642,88,2026-09-26T01:42:07.658,2,left,1,2,19.0,True,
run_20260926_014038_575179,2642,88,2026-09-26T01:42:07.658,3,left,2,3,18.5,True,
run_20260926_014038_575179,2642,88,2026-09-26T01:42:07.658,4,left,3,4,19.0,True,
run_20260926_014038_575179,2642,88,2026-09-26T01:42:07.658,5,left,4,5,19.0,True,
run_20260926_014038_575179,2642,88,2026-09-26T01:42:07.658,6,left,5,6,19.0,True,
run_20260926_014038_575179,2642,88,2026-09-26T01:42:07.658,7,left,6,7,19.0,True,
run_20260926_014038_575179,2642,88,2026-09-26T01:42:07.658,8,left,7,8,19.0,True,
run_20260926_014038_575179,2642,88,2026-09-26T01:42:07.658,9,left,8,9,19.0,True,
run_20260926_014038_575179,2642,88,2026-09-26T01:42:07.658,10,left,9,10,19.0,True,
run_20260926_014038_575179,2642,88,2026-09-26T01:42:07.658,11,left,10,11,18.57142857142857,True,
run_20260926_014038_575179,2642,88,2026-09-26T01:42:07.658,12,left,11,12,18.42857142857143,True,
run_20260926_014038_575179,2642,88,2026-09-26T01:42:07.658,1,right,0,1,18.0,True,
run_20260926_014038_575179,2642,88,2026-09-26T01:42:07.658,2,right,1,2,19.0,True,
run_20260926_014038_575179,2642,88,2026-09-26T01:42:07.658,3,right,2,3,19.0,True,
run_20260926_014038_575179,2642,88,2026-09-26T01:42:07.658,4,right,3,4,19.0,True,
run_20260926_014038_575179,2642,88,2026-09-26T01:42:07.658,5,right,4,5,18.66666666666663,True,
run_20260926_014038_575179,2642,88,2026-09-26T01:42:07.658,6,right,5,6,18.83333333333337,True,
run_20260926_014038_575179,2642,88,2026-09-26T01:42:07.658,7,right,6,7,18.5,True,
run_20260926_014038_575179,2642,88,2026-09-26T01:42:07.658,8,right,7,8,19.0,True,
run_20260926_014038_575179,2642,88,2026-09-26T01:42:07.658,9,right,8,9,19.0,True,
run_20260926_014038_575179,2642,88,2026-09-26T01:42:07.658,10,right,9,10,18.0,True,
run_20260926_014038_575179,2642,88,2026-09-26T01:42:07.658,11,right,10,11,18.5,True,
run_20260926_014038_575179,2642,88,2026-09-26T01:42:07.658,12,right,11,12,18.5,True,
run_20260926_014038_575179,2673,89,2026-09-26T01:42:08.686,1,left,0,1,18.5,True,
run_20260926_014038_575179,2673,89,2026-09-26T01:42:08.686,2,left,1,2,19.0,True,
run_20260926_014038_575179,2673,89,2026-09-26T01:42:08.686,3,left,2,3,18.5,True,
run_20260926_014038_575179,2673,89,2026-09-26T01:42:08.686,4,left,3,4,19.0,True,
run_20260926_014038_575179,2673,89,2026-09-26T01:42:08.686,5,left,4,5,19.0,True,
run_20260926_014038_575179,2673,89,2026-09-26T01:42:08.686,6,left,5,6,19.25,True,
run_20260926_014038_575179,2673,89,2026-09-26T01:42:08.686,7,left,6,7,18.75,True,
run_20260926_014038_575179,2673,89,2026-09-26T01:42:08.686,8,left,7,8,19.0,True,
run_20260926_014038_575179,2673,89,2026-09-26T01:42:08.686,9,left,8,9,19.0,True,
run_20260926_014038_575179,2673,89,2026-09-26T01:42:08.686,10,left,9,10,19.0,True,
run_20260926_014038_575179,2673,89,2026-09-26T01:42:08.686,11,left,10,11,18.5,True,
run_20260926_014038_575179,2673,89,2026-09-26T01:42:08.686,12,left,11,12,18.5,True,
run_20260926_014038_575179,2673,89,2026-09-26T01:42:08.686,1,right,0,1,18.0,True,
run_20260926_014038_575179,2673,89,2026-09-26T01:42:08.686,2,right,1,2,19.0,True,
run_20260926_014038_575179,2673,89,2026-09-26T01:42:08.686,3,right,2,3,19.0,True,
run_20260926_014038_575179,2673,89,2026-09-26T01:42:08.686,4,right,3,4,19.0,True,
run_20260926_014038_575179,2673,89,2026-09-26T01:42:08.686,5,right,4,5,18.66666666666663,True,
run_20260926_014038_575179,2673,89,2026-09-26T01:42:08.686,6,right,5,6,18.83333333333337,True,
run_20260926_014038_575179,2673,89,2026-09-26T01:42:08.686,7,right,6,7,18.5,True,
run_20260926_014038_575179,2673,89,2026-09-26T01:42:08.686,8,right,7,8,19.0,True,
run_20260926_014038_575179,2673,89,2026-09-26T01:42:08.686,9,right,8,9,19.0,True,
run_20260926_014038_575179,2673,89,2026-09-26T01:42:08.686,10,right,9,10,18.0,True,
run_20260926_014038_575179,2673,89,2026-09-26T01:42:08.686,11,right,10,11,18.5,True,
run_20260926_014038_575179,2673,89,2026-09-26T01:42:08.686,12,right,11,12,18.5,True,
run_20260926_014038_575179,2703,90,2026-09-26T01:42:09.687,1,left,0,1,18.5,True,
run_20260926_014038_575179,2703,90,2026-09-26T01:42:09.687,2,left,1,2,19.0,True,
run_20260926_014038_575179,2703,90,2026-09-26T01:42:09.687,3,left,2,3,18.5,True,
run_20260926_014038_575179,2703,90,2026-09-26T01:42:09.687,4,left,3,4,19.0,True,
run_20260926_014038_575179,2703,90,2026-09-26T01:42:09.687,5,left,4,5,19.0,True,
run_20260926_014038_575179,2703,90,2026-09-26T01:42:09.687,6,left,5,6,19.0,True,
run_20260926_014038_575179,2703,90,2026-09-26T01:42:09.687,7,left,6,7,19.0,True,
run_20260926_014038_575179,2703,90,2026-09-26T01:42:09.687,8,left,7,8,19.0,True,
run_20260926_014038_575179,2703,90,2026-09-26T01:42:09.687,9,left,8,9,19.0,True,
run_20260926_014038_575179,2703,90,2026-09-26T01:42:09.687,10,left,9,10,19.0,True,
run_20260926_014038_575179,2703,90,2026-09-26T01:42:09.687,11,left,10,11,18.5,True,
run_20260926_014038_575179,2703,90,2026-09-26T01:42:09.687,12,left,11,12,18.5,True,
run_20260926_014038_575179,2703,90,2026-09-26T01:42:09.687,1,right,0,1,18.0,True,
run_20260926_014038_575179,2703,90,2026-09-26T01:42:09.687,2,right,1,2,19.0,True,
run_20260926_014038_575179,2703,90,2026-09-26T01:42:09.687,3,right,2,3,19.0,True,
run_20260926_014038_575179,2703,90,2026-09-26T01:42:09.687,4,right,3,4,19.0,True,
run_20260926_014038_575179,2703,90,2026-09-26T01:42:09.687,5,right,4,5,18.764705882352928,True,
run_20260926_014038_575179,2703,90,2026-09-26T01:42:09.687,6,right,5,6,18.735294117647072,True,
run_20260926_014038_575179,2703,90,2026-09-26T01:42:09.687,7,right,6,7,18.5,True,
run_20260926_014038_575179,2703,90,2026-09-26T01:42:09.687,8,right,7,8,19.0,True,
run_20260926_014038_575179,2703,90,2026-09-26T01:42:09.687,9,right,8,9,19.0,True,
run_20260926_014038_575179,2703,90,2026-09-26T01:42:09.687,10,right,9,10,18.0,True,
run_20260926_014038_575179,2703,90,2026-09-26T01:42:09.687,11,right,10,11,18.5,True,
run_20260926_014038_575179,2703,90,2026-09-26T01:42:09.687,12,right,11,12,18.5,True,
run_20260926_014038_575179,2734,91,2026-09-26T01:42:10.723,1,left,0,1,18.5,True,
run_20260926_014038_575179,2734,91,2026-09-26T01:42:10.723,2,left,1,2,19.0,True,
run_20260926_014038_575179,2734,91,2026-09-26T01:42:10.723,3,left,2,3,18.5,True,
run_20260926_014038_575179,2734,91,2026-09-26T01:42:10.723,4,left,3,4,19.0,True,
run_20260926_014038_575179,2734,91,2026-09-26T01:42:10.723,5,left,4,5,19.0,True,
run_20260926_014038_575179,2734,91,2026-09-26T01:42:10.723,6,left,5,6,19.0,True,
run_20260926_014038_575179,2734,91,2026-09-26T01:42:10.723,7,left,6,7,19.0,True,
run_20260926_014038_575179,2734,91,2026-09-26T01:42:10.723,8,left,7,8,19.0,True,
run_20260926_014038_575179,2734,91,2026-09-26T01:42:10.723,9,left,8,9,19.0,True,
run_20260926_014038_575179,2734,91,2026-09-26T01:42:10.723,10,left,9,10,19.0,True,
run_20260926_014038_575179,2734,91,2026-09-26T01:42:10.723,11,left,10,11,18.65384615384616,True,
run_20260926_014038_575179,2734,91,2026-09-26T01:42:10.723,12,left,11,12,18.34615384615384,True,
run_20260926_014038_575179,2734,91,2026-09-26T01:42:10.723,1,right,0,1,18.0,True,
run_20260926_014038_575179,2734,91,2026-09-26T01:42:10.723,2,right,1,2,19.0,True,
run_20260926_014038_575179,2734,91,2026-09-26T01:42:10.723,3,right,2,3,19.0,True,
run_20260926_014038_575179,2734,91,2026-09-26T01:42:10.723,4,right,3,4,19.0,True,
run_20260926_014038_575179,2734,91,2026-09-26T01:42:10.723,5,right,4,5,18.764705882352928,True,
run_20260926_014038_575179,2734,91,2026-09-26T01:42:10.723,6,right,5,6,18.735294117647072,True,
run_20260926_014038_575179,2734,91,2026-09-26T01:42:10.723,7,right,6,7,18.5,True,
run_20260926_014038_575179,2734,91,2026-09-26T01:42:10.723,8,right,7,8,19.0,True,
run_20260926_014038_575179,2734,91,2026-09-26T01:42:10.723,9,right,8,9,19.0,True,
run_20260926_014038_575179,2734,91,2026-09-26T01:42:10.723,10,right,9,10,18.0,True,
run_20260926_014038_575179,2734,91,2026-09-26T01:42:10.723,11,right,10,11,18.5,True,
run_20260926_014038_575179,2734,91,2026-09-26T01:42:10.723,12,right,11,12,18.5,True,
run_20260926_014038_575179,2765,92,2026-09-26T01:42:11.752,1,left,0,1,18.636363636363626,True,
run_20260926_014038_575179,2765,92,2026-09-26T01:42:11.752,2,left,1,2,19.0,True,
run_20260926_014038_575179,2765,92,2026-09-26T01:42:11.752,3,left,2,3,18.5,True,
run_20260926_014038_575179,2765,92,2026-09-26T01:42:11.752,4,left,3,4,19.0,True,
run_20260926_014038_575179,2765,92,2026-09-26T01:42:11.752,5,left,4,5,19.0,True,
run_20260926_014038_575179,2765,92,2026-09-26T01:42:11.752,6,left,5,6,19.0,True,
run_20260926_014038_575179,2765,92,2026-09-26T01:42:11.752,7,left,6,7,19.0,True,
run_20260926_014038_575179,2765,92,2026-09-26T01:42:11.752,8,left,7,8,19.0,True,
run_20260926_014038_575179,2765,92,2026-09-26T01:42:11.752,9,left,8,9,19.0,True,
run_20260926_014038_575179,2765,92,2026-09-26T01:42:11.752,10,left,9,10,19.0,True,
run_20260926_014038_575179,2765,92,2026-09-26T01:42:11.752,11,left,10,11,18.5,True,
run_20260926_014038_575179,2765,92,2026-09-26T01:42:11.752,12,left,11,12,18.5,True,
run_20260926_014038_575179,2765,92,2026-09-26T01:42:11.752,1,right,0,1,18.0,True,
run_20260926_014038_575179,2765,92,2026-09-26T01:42:11.752,2,right,1,2,19.0,True,
run_20260926_014038_575179,2765,92,2026-09-26T01:42:11.752,3,right,2,3,19.0,True,
run_20260926_014038_575179,2765,92,2026-09-26T01:42:11.752,4,right,3,4,19.0,True,
run_20260926_014038_575179,2765,92,2026-09-26T01:42:11.752,5,right,4,5,18.5,True,
run_20260926_014038_575179,2765,92,2026-09-26T01:42:11.752,6,right,5,6,19.0,True,
run_20260926_014038_575179,2765,92,2026-09-26T01:42:11.752,7,right,6,7,18.5,True,
run_20260926_014038_575179,2765,92,2026-09-26T01:42:11.752,8,right,7,8,19.0,True,
run_20260926_014038_575179,2765,92,2026-09-26T01:42:11.752,9,right,8,9,19.0,True,
run_20260926_014038_575179,2765,92,2026-09-26T01:42:11.752,10,right,9,10,18.0,True,
run_20260926_014038_575179,2765,92,2026-09-26T01:42:11.752,11,right,10,11,18.5,True,
run_20260926_014038_575179,2765,92,2026-09-26T01:42:11.752,12,right,11,12,18.5,True,
run_20260926_014038_575179,2795,93,2026-09-26T01:42:12.757,1,left,0,1,18.5,True,
run_20260926_014038_575179,2795,93,2026-09-26T01:42:12.757,2,left,1,2,19.0,True,
run_20260926_014038_575179,2795,93,2026-09-26T01:42:12.757,3,left,2,3,18.5,True,
run_20260926_014038_575179,2795,93,2026-09-26T01:42:12.757,4,left,3,4,19.0,True,
run_20260926_014038_575179,2795,93,2026-09-26T01:42:12.757,5,left,4,5,19.0,True,
run_20260926_014038_575179,2795,93,2026-09-26T01:42:12.757,6,left,5,6,19.0,True,
run_20260926_014038_575179,2795,93,2026-09-26T01:42:12.757,7,left,6,7,19.0,True,
run_20260926_014038_575179,2795,93,2026-09-26T01:42:12.757,8,left,7,8,19.0,True,
run_20260926_014038_575179,2795,93,2026-09-26T01:42:12.757,9,left,8,9,19.0,True,
run_20260926_014038_575179,2795,93,2026-09-26T01:42:12.757,10,left,9,10,19.0,True,
run_20260926_014038_575179,2795,93,2026-09-26T01:42:12.757,11,left,10,11,18.5,True,
run_20260926_014038_575179,2795,93,2026-09-26T01:42:12.757,12,left,11,12,18.5,True,
run_20260926_014038_575179,2795,93,2026-09-26T01:42:12.757,1,right,0,1,18.0,True,
run_20260926_014038_575179,2795,93,2026-09-26T01:42:12.757,2,right,1,2,19.0,True,
run_20260926_014038_575179,2795,93,2026-09-26T01:42:12.757,3,right,2,3,19.0,True,
run_20260926_014038_575179,2795,93,2026-09-26T01:42:12.757,4,right,3,4,19.0,True,
run_20260926_014038_575179,2795,93,2026-09-26T01:42:12.757,5,right,4,5,19.0,True,
run_20260926_014038_575179,2795,93,2026-09-26T01:42:12.757,6,right,5,6,18.5,True,
run_20260926_014038_575179,2795,93,2026-09-26T01:42:12.757,7,right,6,7,18.5,True,
run_20260926_014038_575179,2795,93,2026-09-26T01:42:12.757,8,right,7,8,19.0,True,
run_20260926_014038_575179,2795,93,2026-09-26T01:42:12.757,9,right,8,9,19.0,True,
run_20260926_014038_575179,2795,93,2026-09-26T01:42:12.757,10,right,9,10,18.0,True,
run_20260926_014038_575179,2795,93,2026-09-26T01:42:12.757,11,right,10,11,18.5,True,
run_20260926_014038_575179,2795,93,2026-09-26T01:42:12.757,12,right,11,12,18.5,True,
run_20260926_014038_575179,2826,94,2026-09-26T01:42:13.806,1,left,0,1,18.5,True,
run_20260926_014038_575179,2826,94,2026-09-26T01:42:13.806,2,left,1,2,19.0,True,
run_20260926_014038_575179,2826,94,2026-09-26T01:42:13.806,3,left,2,3,18.5,True,
run_20260926_014038_575179,2826,94,2026-09-26T01:42:13.806,4,left,3,4,19.0,True,
run_20260926_014038_575179,2826,94,2026-09-26T01:42:13.806,5,left,4,5,19.0,True,
run_20260926_014038_575179,2826,94,2026-09-26T01:42:13.806,6,left,5,6,19.0,True,
run_20260926_014038_575179,2826,94,2026-09-26T01:42:13.806,7,left,6,7,19.0,True,
run_20260926_014038_575179,2826,94,2026-09-26T01:42:13.806,8,left,7,8,19.0,True,
run_20260926_014038_575179,2826,94,2026-09-26T01:42:13.806,9,left,8,9,19.0,True,
run_20260926_014038_575179,2826,94,2026-09-26T01:42:13.806,10,left,9,10,19.0,True,
run_20260926_014038_575179,2826,94,2026-09-26T01:42:13.806,11,left,10,11,18.5,True,
run_20260926_014038_575179,2826,94,2026-09-26T01:42:13.806,12,left,11,12,18.5,True,
run_20260926_014038_575179,2826,94,2026-09-26T01:42:13.806,1,right,0,1,18.0,True,
run_20260926_014038_575179,2826,94,2026-09-26T01:42:13.806,2,right,1,2,19.0,True,
run_20260926_014038_575179,2826,94,2026-09-26T01:42:13.806,3,right,2,3,19.0,True,
run_20260926_014038_575179,2826,94,2026-09-26T01:42:13.806,4,right,3,4,19.0,True,
run_20260926_014038_575179,2826,94,2026-09-26T01:42:13.806,5,right,4,5,19.0,True,
run_20260926_014038_575179,2826,94,2026-09-26T01:42:13.806,6,right,5,6,18.5,True,
run_20260926_014038_575179,2826,94,2026-09-26T01:42:13.806,7,right,6,7,18.5,True,
run_20260926_014038_575179,2826,94,2026-09-26T01:42:13.806,8,right,7,8,19.0,True,
run_20260926_014038_575179,2826,94,2026-09-26T01:42:13.806,9,right,8,9,19.0,True,
run_20260926_014038_575179,2826,94,2026-09-26T01:42:13.806,10,right,9,10,18.0,True,
run_20260926_014038_575179,2826,94,2026-09-26T01:42:13.806,11,right,10,11,18.5,True,
run_20260926_014038_575179,2826,94,2026-09-26T01:42:13.806,12,right,11,12,18.5,True,
run_20260926_014038_575179,2857,95,2026-09-26T01:42:14.819,1,left,0,1,18.5,True,
run_20260926_014038_575179,2857,95,2026-09-26T01:42:14.819,2,left,1,2,19.0,True,
run_20260926_014038_575179,2857,95,2026-09-26T01:42:14.819,3,left,2,3,18.5,True,
run_20260926_014038_575179,2857,95,2026-09-26T01:42:14.819,4,left,3,4,19.0,True,
run_20260926_014038_575179,2857,95,2026-09-26T01:42:14.819,5,left,4,5,19.0,True,
run_20260926_014038_575179,2857,95,2026-09-26T01:42:14.819,6,left,5,6,19.0,True,
run_20260926_014038_575179,2857,95,2026-09-26T01:42:14.819,7,left,6,7,19.0,True,
run_20260926_014038_575179,2857,95,2026-09-26T01:42:14.819,8,left,7,8,19.0,True,
run_20260926_014038_575179,2857,95,2026-09-26T01:42:14.819,9,left,8,9,19.0,True,
run_20260926_014038_575179,2857,95,2026-09-26T01:42:14.819,10,left,9,10,19.0,True,
run_20260926_014038_575179,2857,95,2026-09-26T01:42:14.819,11,left,10,11,18.5,True,
run_20260926_014038_575179,2857,95,2026-09-26T01:42:14.819,12,left,11,12,18.5,True,
run_20260926_014038_575179,2857,95,2026-09-26T01:42:14.819,1,right,0,1,18.0,True,
run_20260926_014038_575179,2857,95,2026-09-26T01:42:14.819,2,right,1,2,19.0,True,
run_20260926_014038_575179,2857,95,2026-09-26T01:42:14.819,3,right,2,3,19.0,True,
run_20260926_014038_575179,2857,95,2026-09-26T01:42:14.819,4,right,3,4,19.0,True,
run_20260926_014038_575179,2857,95,2026-09-26T01:42:14.819,5,right,4,5,18.5,True,
run_20260926_014038_575179,2857,95,2026-09-26T01:42:14.819,6,right,5,6,19.0,True,
run_20260926_014038_575179,2857,95,2026-09-26T01:42:14.819,7,right,6,7,18.5,True,
run_20260926_014038_575179,2857,95,2026-09-26T01:42:14.819,8,right,7,8,19.0,True,
run_20260926_014038_575179,2857,95,2026-09-26T01:42:14.819,9,right,8,9,19.0,True,
run_20260926_014038_575179,2857,95,2026-09-26T01:42:14.819,10,right,9,10,18.0,True,
run_20260926_014038_575179,2857,95,2026-09-26T01:42:14.819,11,right,10,11,18.5,True,
run_20260926_014038_575179,2857,95,2026-09-26T01:42:14.819,12,right,11,12,18.5,True,
run_20260926_014038_575179,2887,96,2026-09-26T01:42:15.824,1,left,0,1,18.5,True,
run_20260926_014038_575179,2887,96,2026-09-26T01:42:15.824,2,left,1,2,19.0,True,
run_20260926_014038_575179,2887,96,2026-09-26T01:42:15.824,3,left,2,3,18.5,True,
run_20260926_014038_575179,2887,96,2026-09-26T01:42:15.824,4,left,3,4,19.0,True,
run_20260926_014038_575179,2887,96,2026-09-26T01:42:15.824,5,left,4,5,19.0,True,
run_20260926_014038_575179,2887,96,2026-09-26T01:42:15.824,6,left,5,6,19.0,True,
run_20260926_014038_575179,2887,96,2026-09-26T01:42:15.824,7,left,6,7,19.0,True,
run_20260926_014038_575179,2887,96,2026-09-26T01:42:15.824,8,left,7,8,19.0,True,
run_20260926_014038_575179,2887,96,2026-09-26T01:42:15.824,9,left,8,9,19.0,True,
run_20260926_014038_575179,2887,96,2026-09-26T01:42:15.824,10,left,9,10,19.0,True,
run_20260926_014038_575179,2887,96,2026-09-26T01:42:15.824,11,left,10,11,18.5,True,
run_20260926_014038_575179,2887,96,2026-09-26T01:42:15.824,12,left,11,12,18.5,True,
run_20260926_014038_575179,2887,96,2026-09-26T01:42:15.824,1,right,0,1,18.0,True,
run_20260926_014038_575179,2887,96,2026-09-26T01:42:15.824,2,right,1,2,19.0,True,
run_20260926_014038_575179,2887,96,2026-09-26T01:42:15.824,3,right,2,3,19.0,True,
run_20260926_014038_575179,2887,96,2026-09-26T01:42:15.824,4,right,3,4,19.0,True,
run_20260926_014038_575179,2887,96,2026-09-26T01:42:15.824,5,right,4,5,18.5,True,
run_20260926_014038_575179,2887,96,2026-09-26T01:42:15.824,6,right,5,6,19.0,True,
run_20260926_014038_575179,2887,96,2026-09-26T01:42:15.824,7,right,6,7,18.5,True,
run_20260926_014038_575179,2887,96,2026-09-26T01:42:15.824,8,right,7,8,19.0,True,
run_20260926_014038_575179,2887,96,2026-09-26T01:42:15.824,9,right,8,9,19.0,True,
run_20260926_014038_575179,2887,96,2026-09-26T01:42:15.824,10,right,9,10,18.0,True,
run_20260926_014038_575179,2887,96,2026-09-26T01:42:15.824,11,right,10,11,18.5,True,
run_20260926_014038_575179,2887,96,2026-09-26T01:42:15.824,12,right,11,12,18.5,True,
run_20260926_014038_575179,2918,97,2026-09-26T01:42:16.853,1,left,0,1,18.5,True,
run_20260926_014038_575179,2918,97,2026-09-26T01:42:16.853,2,left,1,2,19.0,True,
run_20260926_014038_575179,2918,97,2026-09-26T01:42:16.853,3,left,2,3,18.5,True,
run_20260926_014038_575179,2918,97,2026-09-26T01:42:16.853,4,left,3,4,19.0,True,
run_20260926_014038_575179,2918,97,2026-09-26T01:42:16.853,5,left,4,5,19.0,True,
run_20260926_014038_575179,2918,97,2026-09-26T01:42:16.853,6,left,5,6,19.0,True,
run_20260926_014038_575179,2918,97,2026-09-26T01:42:16.853,7,left,6,7,19.0,True,
run_20260926_014038_575179,2918,97,2026-09-26T01:42:16.853,8,left,7,8,19.0,True,
run_20260926_014038_575179,2918,97,2026-09-26T01:42:16.853,9,left,8,9,19.0,True,
run_20260926_014038_575179,2918,97,2026-09-26T01:42:16.853,10,left,9,10,19.0,True,
run_20260926_014038_575179,2918,97,2026-09-26T01:42:16.853,11,left,10,11,18.42857142857143,True,
run_20260926_014038_575179,2918,97,2026-09-26T01:42:16.853,12,left,11,12,18.57142857142857,True,
run_20260926_014038_575179,2918,97,2026-09-26T01:42:16.853,1,right,0,1,18.0,True,
run_20260926_014038_575179,2918,97,2026-09-26T01:42:16.853,2,right,1,2,19.0,True,
run_20260926_014038_575179,2918,97,2026-09-26T01:42:16.853,3,right,2,3,19.0,True,
run_20260926_014038_575179,2918,97,2026-09-26T01:42:16.853,4,right,3,4,19.0,True,
run_20260926_014038_575179,2918,97,2026-09-26T01:42:16.853,5,right,4,5,18.764705882352928,True,
run_20260926_014038_575179,2918,97,2026-09-26T01:42:16.853,6,right,5,6,18.735294117647072,True,
run_20260926_014038_575179,2918,97,2026-09-26T01:42:16.853,7,right,6,7,18.5,True,
run_20260926_014038_575179,2918,97,2026-09-26T01:42:16.853,8,right,7,8,19.0,True,
run_20260926_014038_575179,2918,97,2026-09-26T01:42:16.853,9,right,8,9,19.0,True,
run_20260926_014038_575179,2918,97,2026-09-26T01:42:16.853,10,right,9,10,18.0,True,
run_20260926_014038_575179,2918,97,2026-09-26T01:42:16.853,11,right,10,11,18.5,True,
run_20260926_014038_575179,2918,97,2026-09-26T01:42:16.853,12,right,11,12,18.5,True,
run_20260926_014038_575179,2948,98,2026-09-26T01:42:17.854,1,left,0,1,18.5,True,
run_20260926_014038_575179,2948,98,2026-09-26T01:42:17.854,2,left,1,2,19.0,True,
run_20260926_014038_575179,2948,98,2026-09-26T01:42:17.854,3,left,2,3,18.5,True,
run_20260926_014038_575179,2948,98,2026-09-26T01:42:17.854,4,left,3,4,19.0,True,
run_20260926_014038_575179,2948,98,2026-09-26T01:42:17.854,5,left,4,5,19.0,True,
run_20260926_014038_575179,2948,98,2026-09-26T01:42:17.854,6,left,5,6,19.0,True,
run_20260926_014038_575179,2948,98,2026-09-26T01:42:17.854,7,left,6,7,19.0,True,
run_20260926_014038_575179,2948,98,2026-09-26T01:42:17.854,8,left,7,8,19.0,True,
run_20260926_014038_575179,2948,98,2026-09-26T01:42:17.854,9,left,8,9,19.0,True,
run_20260926_014038_575179,2948,98,2026-09-26T01:42:17.854,10,left,9,10,19.0,True,
run_20260926_014038_575179,2948,98,2026-09-26T01:42:17.854,11,left,10,11,18.5,True,
run_20260926_014038_575179,2948,98,2026-09-26T01:42:17.854,12,left,11,12,18.5,True,
run_20260926_014038_575179,2948,98,2026-09-26T01:42:17.854,1,right,0,1,18.0,True,
run_20260926_014038_575179,2948,98,2026-09-26T01:42:17.854,2,right,1,2,19.0,True,
run_20260926_014038_575179,2948,98,2026-09-26T01:42:17.854,3,right,2,3,19.0,True,
run_20260926_014038_575179,2948,98,2026-09-26T01:42:17.854,4,right,3,4,19.0,True,
run_20260926_014038_575179,2948,98,2026-09-26T01:42:17.854,5,right,4,5,18.764705882352928,True,
run_20260926_014038_575179,2948,98,2026-09-26T01:42:17.854,6,right,5,6,18.735294117647072,True,
run_20260926_014038_575179,2948,98,2026-09-26T01:42:17.854,7,right,6,7,18.5,True,
run_20260926_014038_575179,2948,98,2026-09-26T01:42:17.854,8,right,7,8,19.0,True,
run_20260926_014038_575179,2948,98,2026-09-26T01:42:17.854,9,right,8,9,19.0,True,
run_20260926_014038_575179,2948,98,2026-09-26T01:42:17.854,10,right,9,10,18.0,True,
run_20260926_014038_575179,2948,98,2026-09-26T01:42:17.854,11,right,10,11,18.5,True,
run_20260926_014038_575179,2948,98,2026-09-26T01:42:17.854,12,right,11,12,18.5,True,
run_20260926_014038_575179,2979,99,2026-09-26T01:42:18.891,1,left,0,1,18.5,True,
run_20260926_014038_575179,2979,99,2026-09-26T01:42:18.891,2,left,1,2,19.0,True,
run_20260926_014038_575179,2979,99,2026-09-26T01:42:18.891,3,left,2,3,18.5,True,
run_20260926_014038_575179,2979,99,2026-09-26T01:42:18.891,4,left,3,4,19.0,True,
run_20260926_014038_575179,2979,99,2026-09-26T01:42:18.891,5,left,4,5,19.0,True,
run_20260926_014038_575179,2979,99,2026-09-26T01:42:18.891,6,left,5,6,19.0,True,
run_20260926_014038_575179,2979,99,2026-09-26T01:42:18.891,7,left,6,7,19.0,True,
run_20260926_014038_575179,2979,99,2026-09-26T01:42:18.891,8,left,7,8,19.0,True,
run_20260926_014038_575179,2979,99,2026-09-26T01:42:18.891,9,left,8,9,19.0,True,
run_20260926_014038_575179,2979,99,2026-09-26T01:42:18.891,10,left,9,10,19.0,True,
run_20260926_014038_575179,2979,99,2026-09-26T01:42:18.891,11,left,10,11,18.5,True,
run_20260926_014038_575179,2979,99,2026-09-26T01:42:18.891,12,left,11,12,18.5,True,
run_20260926_014038_575179,2979,99,2026-09-26T01:42:18.891,1,right,0,1,18.0,True,
run_20260926_014038_575179,2979,99,2026-09-26T01:42:18.891,2,right,1,2,19.0,True,
run_20260926_014038_575179,2979,99,2026-09-26T01:42:18.891,3,right,2,3,19.0,True,
run_20260926_014038_575179,2979,99,2026-09-26T01:42:18.891,4,right,3,4,19.0,True,
run_20260926_014038_575179,2979,99,2026-09-26T01:42:18.891,5,right,4,5,18.764705882352928,True,
run_20260926_014038_575179,2979,99,2026-09-26T01:42:18.891,6,right,5,6,18.735294117647072,True,
run_20260926_014038_575179,2979,99,2026-09-26T01:42:18.891,7,right,6,7,18.5,True,
run_20260926_014038_575179,2979,99,2026-09-26T01:42:18.891,8,right,7,8,19.0,True,
run_20260926_014038_575179,2979,99,2026-09-26T01:42:18.891,9,right,8,9,19.0,True,
run_20260926_014038_575179,2979,99,2026-09-26T01:42:18.891,10,right,9,10,18.0,True,
run_20260926_014038_575179,2979,99,2026-09-26T01:42:18.891,11,right,10,11,18.5,True,
run_20260926_014038_575179,2979,99,2026-09-26T01:42:18.891,12,right,11,12,18.75,True,
run_20260926_014038_575179,3010,100,2026-09-26T01:42:19.920,1,left,0,1,18.5,True,
run_20260926_014038_575179,3010,100,2026-09-26T01:42:19.920,2,left,1,2,19.0,True,
run_20260926_014038_575179,3010,100,2026-09-26T01:42:19.920,3,left,2,3,18.5,True,
run_20260926_014038_575179,3010,100,2026-09-26T01:42:19.920,4,left,3,4,19.0,True,
run_20260926_014038_575179,3010,100,2026-09-26T01:42:19.920,5,left,4,5,19.0,True,
run_20260926_014038_575179,3010,100,2026-09-26T01:42:19.920,6,left,5,6,19.0,True,
run_20260926_014038_575179,3010,100,2026-09-26T01:42:19.920,7,left,6,7,19.0,True,
run_20260926_014038_575179,3010,100,2026-09-26T01:42:19.920,8,left,7,8,19.0,True,
run_20260926_014038_575179,3010,100,2026-09-26T01:42:19.920,9,left,8,9,19.0,True,
run_20260926_014038_575179,3010,100,2026-09-26T01:42:19.920,10,left,9,10,19.0,True,
run_20260926_014038_575179,3010,100,2026-09-26T01:42:19.920,11,left,10,11,18.5,True,
run_20260926_014038_575179,3010,100,2026-09-26T01:42:19.920,12,left,11,12,18.5,True,
run_20260926_014038_575179,3010,100,2026-09-26T01:42:19.920,1,right,0,1,18.0,True,
run_20260926_014038_575179,3010,100,2026-09-26T01:42:19.920,2,right,1,2,19.0,True,
run_20260926_014038_575179,3010,100,2026-09-26T01:42:19.920,3,right,2,3,19.0,True,
run_20260926_014038_575179,3010,100,2026-09-26T01:42:19.920,4,right,3,4,19.0,True,
run_20260926_014038_575179,3010,100,2026-09-26T01:42:19.920,5,right,4,5,18.764705882352928,True,
run_20260926_014038_575179,3010,100,2026-09-26T01:42:19.920,6,right,5,6,18.735294117647072,True,
run_20260926_014038_575179,3010,100,2026-09-26T01:42:19.920,7,right,6,7,18.5,True,
run_20260926_014038_575179,3010,100,2026-09-26T01:42:19.920,8,right,7,8,19.0,True,
run_20260926_014038_575179,3010,100,2026-09-26T01:42:19.920,9,right,8,9,19.0,True,
run_20260926_014038_575179,3010,100,2026-09-26T01:42:19.920,10,right,9,10,18.0,True,
run_20260926_014038_575179,3010,100,2026-09-26T01:42:19.920,11,right,10,11,18.636363636363626,True,
run_20260926_014038_575179,3010,100,2026-09-26T01:42:19.920,12,right,11,12,18.363636363636374,True,
run_20260926_014038_575179,3040,101,2026-09-26T01:42:20.923,1,left,0,1,18.5,True,
run_20260926_014038_575179,3040,101,2026-09-26T01:42:20.923,2,left,1,2,19.0,True,
run_20260926_014038_575179,3040,101,2026-09-26T01:42:20.923,3,left,2,3,18.5,True,
run_20260926_014038_575179,3040,101,2026-09-26T01:42:20.923,4,left,3,4,19.0,True,
run_20260926_014038_575179,3040,101,2026-09-26T01:42:20.923,5,left,4,5,19.0,True,
run_20260926_014038_575179,3040,101,2026-09-26T01:42:20.923,6,left,5,6,19.0,True,
run_20260926_014038_575179,3040,101,2026-09-26T01:42:20.923,7,left,6,7,19.0,True,
run_20260926_014038_575179,3040,101,2026-09-26T01:42:20.923,8,left,7,8,19.0,True,
run_20260926_014038_575179,3040,101,2026-09-26T01:42:20.923,9,left,8,9,19.0,True,
run_20260926_014038_575179,3040,101,2026-09-26T01:42:20.923,10,left,9,10,19.0,True,
run_20260926_014038_575179,3040,101,2026-09-26T01:42:20.923,11,left,10,11,18.5,True,
run_20260926_014038_575179,3040,101,2026-09-26T01:42:20.923,12,left,11,12,18.5,True,
run_20260926_014038_575179,3040,101,2026-09-26T01:42:20.923,1,right,0,1,18.0,True,
run_20260926_014038_575179,3040,101,2026-09-26T01:42:20.923,2,right,1,2,19.0,True,
run_20260926_014038_575179,3040,101,2026-09-26T01:42:20.923,3,right,2,3,19.0,True,
run_20260926_014038_575179,3040,101,2026-09-26T01:42:20.923,4,right,3,4,19.0,True,
run_20260926_014038_575179,3040,101,2026-09-26T01:42:20.923,5,right,4,5,18.764705882352928,True,
run_20260926_014038_575179,3040,101,2026-09-26T01:42:20.923,6,right,5,6,18.735294117647072,True,
run_20260926_014038_575179,3040,101,2026-09-26T01:42:20.923,7,right,6,7,18.5,True,
run_20260926_014038_575179,3040,101,2026-09-26T01:42:20.923,8,right,7,8,19.0,True,
run_20260926_014038_575179,3040,101,2026-09-26T01:42:20.923,9,right,8,9,19.0,True,
run_20260926_014038_575179,3040,101,2026-09-26T01:42:20.923,10,right,9,10,18.0,True,
run_20260926_014038_575179,3040,101,2026-09-26T01:42:20.923,11,right,10,11,18.636363636363626,True,
run_20260926_014038_575179,3040,101,2026-09-26T01:42:20.923,12,right,11,12,18.363636363636374,True,
run_20260926_014038_575179,3071,102,2026-09-26T01:42:21.959,1,left,0,1,18.636363636363626,True,
run_20260926_014038_575179,3071,102,2026-09-26T01:42:21.959,2,left,1,2,19.0,True,
run_20260926_014038_575179,3071,102,2026-09-26T01:42:21.959,3,left,2,3,18.5,True,
run_20260926_014038_575179,3071,102,2026-09-26T01:42:21.959,4,left,3,4,19.0,True,
run_20260926_014038_575179,3071,102,2026-09-26T01:42:21.959,5,left,4,5,19.0,True,
run_20260926_014038_575179,3071,102,2026-09-26T01:42:21.959,6,left,5,6,19.0,True,
run_20260926_014038_575179,3071,102,2026-09-26T01:42:21.959,7,left,6,7,19.0,True,
run_20260926_014038_575179,3071,102,2026-09-26T01:42:21.959,8,left,7,8,19.0,True,
run_20260926_014038_575179,3071,102,2026-09-26T01:42:21.959,9,left,8,9,19.0,True,
run_20260926_014038_575179,3071,102,2026-09-26T01:42:21.959,10,left,9,10,19.0,True,
run_20260926_014038_575179,3071,102,2026-09-26T01:42:21.959,11,left,10,11,18.5,True,
run_20260926_014038_575179,3071,102,2026-09-26T01:42:21.959,12,left,11,12,18.5,True,
run_20260926_014038_575179,3071,102,2026-09-26T01:42:21.959,1,right,0,1,18.0,True,
run_20260926_014038_575179,3071,102,2026-09-26T01:42:21.959,2,right,1,2,19.0,True,
run_20260926_014038_575179,3071,102,2026-09-26T01:42:21.959,3,right,2,3,19.0,True,
run_20260926_014038_575179,3071,102,2026-09-26T01:42:21.959,4,right,3,4,19.0,True,
run_20260926_014038_575179,3071,102,2026-09-26T01:42:21.959,5,right,4,5,18.764705882352928,True,
run_20260926_014038_575179,3071,102,2026-09-26T01:42:21.959,6,right,5,6,18.735294117647072,True,
run_20260926_014038_575179,3071,102,2026-09-26T01:42:21.959,7,right,6,7,18.5,True,
run_20260926_014038_575179,3071,102,2026-09-26T01:42:21.959,8,right,7,8,19.0,True,
run_20260926_014038_575179,3071,102,2026-09-26T01:42:21.959,9,right,8,9,19.0,True,
run_20260926_014038_575179,3071,102,2026-09-26T01:42:21.959,10,right,9,10,18.0,True,
run_20260926_014038_575179,3071,102,2026-09-26T01:42:21.959,11,right,10,11,18.636363636363626,True,
run_20260926_014038_575179,3071,102,2026-09-26T01:42:21.959,12,right,11,12,18.363636363636374,True,
run_20260926_014038_575179,3102,103,2026-09-26T01:42:22.986,1,left,0,1,18.5,True,
run_20260926_014038_575179,3102,103,2026-09-26T01:42:22.986,2,left,1,2,19.0,True,
run_20260926_014038_575179,3102,103,2026-09-26T01:42:22.986,3,left,2,3,18.5,True,
run_20260926_014038_575179,3102,103,2026-09-26T01:42:22.986,4,left,3,4,19.0,True,
run_20260926_014038_575179,3102,103,2026-09-26T01:42:22.986,5,left,4,5,19.0,True,
run_20260926_014038_575179,3102,103,2026-09-26T01:42:22.986,6,left,5,6,19.0,True,
run_20260926_014038_575179,3102,103,2026-09-26T01:42:22.986,7,left,6,7,19.0,True,
run_20260926_014038_575179,3102,103,2026-09-26T01:42:22.986,8,left,7,8,19.0,True,
run_20260926_014038_575179,3102,103,2026-09-26T01:42:22.986,9,left,8,9,19.0,True,
run_20260926_014038_575179,3102,103,2026-09-26T01:42:22.986,10,left,9,10,19.0,True,
run_20260926_014038_575179,3102,103,2026-09-26T01:42:22.986,11,left,10,11,18.5,True,
run_20260926_014038_575179,3102,103,2026-09-26T01:42:22.986,12,left,11,12,18.5,True,
run_20260926_014038_575179,3102,103,2026-09-26T01:42:22.986,1,right,0,1,18.0,True,
run_20260926_014038_575179,3102,103,2026-09-26T01:42:22.986,2,right,1,2,19.0,True,
run_20260926_014038_575179,3102,103,2026-09-26T01:42:22.986,3,right,2,3,19.0,True,
run_20260926_014038_575179,3102,103,2026-09-26T01:42:22.986,4,right,3,4,19.0,True,
run_20260926_014038_575179,3102,103,2026-09-26T01:42:22.986,5,right,4,5,18.764705882352928,True,
run_20260926_014038_575179,3102,103,2026-09-26T01:42:22.986,6,right,5,6,18.735294117647072,True,
run_20260926_014038_575179,3102,103,2026-09-26T01:42:22.986,7,right,6,7,18.5,True,
run_20260926_014038_575179,3102,103,2026-09-26T01:42:22.986,8,right,7,8,19.0,True,
run_20260926_014038_575179,3102,103,2026-09-26T01:42:22.986,9,right,8,9,19.0,True,
run_20260926_014038_575179,3102,103,2026-09-26T01:42:22.986,10,right,9,10,18.0,True,
run_20260926_014038_575179,3102,103,2026-09-26T01:42:22.986,11,right,10,11,18.5,True,
run_20260926_014038_575179,3102,103,2026-09-26T01:42:22.986,12,right,11,12,18.5,True,
run_20260926_014038_575179,3132,104,2026-09-26T01:42:23.990,1,left,0,1,18.5,True,
run_20260926_014038_575179,3132,104,2026-09-26T01:42:23.990,2,left,1,2,19.0,True,
run_20260926_014038_575179,3132,104,2026-09-26T01:42:23.990,3,left,2,3,18.5,True,
run_20260926_014038_575179,3132,104,2026-09-26T01:42:23.990,4,left,3,4,19.0,True,
run_20260926_014038_575179,3132,104,2026-09-26T01:42:23.990,5,left,4,5,19.0,True,
run_20260926_014038_575179,3132,104,2026-09-26T01:42:23.990,6,left,5,6,19.0,True,
run_20260926_014038_575179,3132,104,2026-09-26T01:42:23.990,7,left,6,7,19.0,True,
run_20260926_014038_575179,3132,104,2026-09-26T01:42:23.990,8,left,7,8,19.0,True,
run_20260926_014038_575179,3132,104,2026-09-26T01:42:23.990,9,left,8,9,19.0,True,
run_20260926_014038_575179,3132,104,2026-09-26T01:42:23.990,10,left,9,10,19.0,True,
run_20260926_014038_575179,3132,104,2026-09-26T01:42:23.990,11,left,10,11,18.5,True,
run_20260926_014038_575179,3132,104,2026-09-26T01:42:23.990,12,left,11,12,18.5,True,
run_20260926_014038_575179,3132,104,2026-09-26T01:42:23.990,1,right,0,1,18.0,True,
run_20260926_014038_575179,3132,104,2026-09-26T01:42:23.990,2,right,1,2,19.0,True,
run_20260926_014038_575179,3132,104,2026-09-26T01:42:23.990,3,right,2,3,19.0,True,
run_20260926_014038_575179,3132,104,2026-09-26T01:42:23.990,4,right,3,4,19.0,True,
run_20260926_014038_575179,3132,104,2026-09-26T01:42:23.990,5,right,4,5,19.0,True,
run_20260926_014038_575179,3132,104,2026-09-26T01:42:23.990,6,right,5,6,18.5,True,
run_20260926_014038_575179,3132,104,2026-09-26T01:42:23.990,7,right,6,7,18.5,True,
run_20260926_014038_575179,3132,104,2026-09-26T01:42:23.990,8,right,7,8,19.0,True,
run_20260926_014038_575179,3132,104,2026-09-26T01:42:23.990,9,right,8,9,19.0,True,
run_20260926_014038_575179,3132,104,2026-09-26T01:42:23.990,10,right,9,10,18.0,True,
run_20260926_014038_575179,3132,104,2026-09-26T01:42:23.990,11,right,10,11,18.636363636363626,True,
run_20260926_014038_575179,3132,104,2026-09-26T01:42:23.990,12,right,11,12,18.43506493506493,True,
run_20260926_014038_575179,3163,105,2026-09-26T01:42:25.021,1,left,0,1,18.636363636363626,True,
run_20260926_014038_575179,3163,105,2026-09-26T01:42:25.021,2,left,1,2,19.0,True,
run_20260926_014038_575179,3163,105,2026-09-26T01:42:25.021,3,left,2,3,18.5,True,
run_20260926_014038_575179,3163,105,2026-09-26T01:42:25.021,4,left,3,4,19.0,True,
run_20260926_014038_575179,3163,105,2026-09-26T01:42:25.021,5,left,4,5,19.0,True,
run_20260926_014038_575179,3163,105,2026-09-26T01:42:25.021,6,left,5,6,19.0,True,
run_20260926_014038_575179,3163,105,2026-09-26T01:42:25.021,7,left,6,7,19.0,True,
run_20260926_014038_575179,3163,105,2026-09-26T01:42:25.021,8,left,7,8,19.0,True,
run_20260926_014038_575179,3163,105,2026-09-26T01:42:25.021,9,left,8,9,19.0,True,
run_20260926_014038_575179,3163,105,2026-09-26T01:42:25.021,10,left,9,10,19.0,True,
run_20260926_014038_575179,3163,105,2026-09-26T01:42:25.021,11,left,10,11,18.5,True,
run_20260926_014038_575179,3163,105,2026-09-26T01:42:25.021,12,left,11,12,18.5,True,
run_20260926_014038_575179,3163,105,2026-09-26T01:42:25.021,1,right,0,1,18.0,True,
run_20260926_014038_575179,3163,105,2026-09-26T01:42:25.021,2,right,1,2,19.0,True,
run_20260926_014038_575179,3163,105,2026-09-26T01:42:25.021,3,right,2,3,19.0,True,
run_20260926_014038_575179,3163,105,2026-09-26T01:42:25.021,4,right,3,4,19.0,True,
run_20260926_014038_575179,3163,105,2026-09-26T01:42:25.021,5,right,4,5,18.5,True,
run_20260926_014038_575179,3163,105,2026-09-26T01:42:25.021,6,right,5,6,19.0,True,
run_20260926_014038_575179,3163,105,2026-09-26T01:42:25.021,7,right,6,7,18.5,True,
run_20260926_014038_575179,3163,105,2026-09-26T01:42:25.021,8,right,7,8,19.0,True,
run_20260926_014038_575179,3163,105,2026-09-26T01:42:25.021,9,right,8,9,19.0,True,
run_20260926_014038_575179,3163,105,2026-09-26T01:42:25.021,10,right,9,10,18.0,True,
run_20260926_014038_575179,3163,105,2026-09-26T01:42:25.021,11,right,10,11,18.5,True,
run_20260926_014038_575179,3163,105,2026-09-26T01:42:25.021,12,right,11,12,18.75,True,
run_20260926_014038_575179,3194,106,2026-09-26T01:42:26.052,1,left,0,1,18.75,True,
run_20260926_014038_575179,3194,106,2026-09-26T01:42:26.052,2,left,1,2,19.0,True,
run_20260926_014038_575179,3194,106,2026-09-26T01:42:26.052,3,left,2,3,18.5,True,
run_20260926_014038_575179,3194,106,2026-09-26T01:42:26.052,4,left,3,4,19.0,True,
run_20260926_014038_575179,3194,106,2026-09-26T01:42:26.052,5,left,4,5,19.0,True,
run_20260926_014038_575179,3194,106,2026-09-26T01:42:26.052,6,left,5,6,19.0,True,
run_20260926_014038_575179,3194,106,2026-09-26T01:42:26.052,7,left,6,7,19.0,True,
run_20260926_014038_575179,3194,106,2026-09-26T01:42:26.052,8,left,7,8,19.0,True,
run_20260926_014038_575179,3194,106,2026-09-26T01:42:26.052,9,left,8,9,19.0,True,
run_20260926_014038_575179,3194,106,2026-09-26T01:42:26.052,10,left,9,10,19.0,True,
run_20260926_014038_575179,3194,106,2026-09-26T01:42:26.052,11,left,10,11,18.5,True,
run_20260926_014038_575179,3194,106,2026-09-26T01:42:26.052,12,left,11,12,18.5,True,
run_20260926_014038_575179,3194,106,2026-09-26T01:42:26.052,1,right,0,1,18.0,True,
run_20260926_014038_575179,3194,106,2026-09-26T01:42:26.052,2,right,1,2,19.0,True,
run_20260926_014038_575179,3194,106,2026-09-26T01:42:26.052,3,right,2,3,19.0,True,
run_20260926_014038_575179,3194,106,2026-09-26T01:42:26.052,4,right,3,4,19.0,True,
run_20260926_014038_575179,3194,106,2026-09-26T01:42:26.052,5,right,4,5,19.0,True,
run_20260926_014038_575179,3194,106,2026-09-26T01:42:26.052,6,right,5,6,18.5,True,
run_20260926_014038_575179,3194,106,2026-09-26T01:42:26.052,7,right,6,7,18.5,True,
run_20260926_014038_575179,3194,106,2026-09-26T01:42:26.052,8,right,7,8,19.0,True,
run_20260926_014038_575179,3194,106,2026-09-26T01:42:26.052,9,right,8,9,19.0,True,
run_20260926_014038_575179,3194,106,2026-09-26T01:42:26.052,10,right,9,10,18.0,True,
run_20260926_014038_575179,3194,106,2026-09-26T01:42:26.052,11,right,10,11,18.636363636363626,True,
run_20260926_014038_575179,3194,106,2026-09-26T01:42:26.052,12,right,11,12,18.363636363636374,True,
run_20260926_014038_575179,3224,107,2026-09-26T01:42:27.057,1,left,0,1,18.5,True,
run_20260926_014038_575179,3224,107,2026-09-26T01:42:27.057,2,left,1,2,19.0,True,
run_20260926_014038_575179,3224,107,2026-09-26T01:42:27.057,3,left,2,3,18.5,True,
run_20260926_014038_575179,3224,107,2026-09-26T01:42:27.057,4,left,3,4,19.0,True,
run_20260926_014038_575179,3224,107,2026-09-26T01:42:27.057,5,left,4,5,19.0,True,
run_20260926_014038_575179,3224,107,2026-09-26T01:42:27.057,6,left,5,6,19.0,True,
run_20260926_014038_575179,3224,107,2026-09-26T01:42:27.057,7,left,6,7,19.0,True,
run_20260926_014038_575179,3224,107,2026-09-26T01:42:27.057,8,left,7,8,19.0,True,
run_20260926_014038_575179,3224,107,2026-09-26T01:42:27.057,9,left,8,9,19.0,True,
run_20260926_014038_575179,3224,107,2026-09-26T01:42:27.057,10,left,9,10,19.0,True,
run_20260926_014038_575179,3224,107,2026-09-26T01:42:27.057,11,left,10,11,18.5,True,
run_20260926_014038_575179,3224,107,2026-09-26T01:42:27.057,12,left,11,12,18.5,True,
run_20260926_014038_575179,3224,107,2026-09-26T01:42:27.057,1,right,0,1,18.0,True,
run_20260926_014038_575179,3224,107,2026-09-26T01:42:27.057,2,right,1,2,19.0,True,
run_20260926_014038_575179,3224,107,2026-09-26T01:42:27.057,3,right,2,3,19.0,True,
run_20260926_014038_575179,3224,107,2026-09-26T01:42:27.057,4,right,3,4,19.0,True,
run_20260926_014038_575179,3224,107,2026-09-26T01:42:27.057,5,right,4,5,18.764705882352928,True,
run_20260926_014038_575179,3224,107,2026-09-26T01:42:27.057,6,right,5,6,18.735294117647072,True,
run_20260926_014038_575179,3224,107,2026-09-26T01:42:27.057,7,right,6,7,18.5,True,
run_20260926_014038_575179,3224,107,2026-09-26T01:42:27.057,8,right,7,8,19.0,True,
run_20260926_014038_575179,3224,107,2026-09-26T01:42:27.057,9,right,8,9,19.0,True,
run_20260926_014038_575179,3224,107,2026-09-26T01:42:27.057,10,right,9,10,18.0,True,
run_20260926_014038_575179,3224,107,2026-09-26T01:42:27.057,11,right,10,11,18.5,True,
run_20260926_014038_575179,3224,107,2026-09-26T01:42:27.057,12,right,11,12,18.5,True,
run_20260926_014038_575179,3255,108,2026-09-26T01:42:28.088,1,left,0,1,18.5,True,
run_20260926_014038_575179,3255,108,2026-09-26T01:42:28.088,2,left,1,2,19.0,True,
run_20260926_014038_575179,3255,108,2026-09-26T01:42:28.088,3,left,2,3,18.5,True,
run_20260926_014038_575179,3255,108,2026-09-26T01:42:28.088,4,left,3,4,19.0,True,
run_20260926_014038_575179,3255,108,2026-09-26T01:42:28.088,5,left,4,5,19.0,True,
run_20260926_014038_575179,3255,108,2026-09-26T01:42:28.088,6,left,5,6,19.0,True,
run_20260926_014038_575179,3255,108,2026-09-26T01:42:28.088,7,left,6,7,19.0,True,
run_20260926_014038_575179,3255,108,2026-09-26T01:42:28.088,8,left,7,8,19.0,True,
run_20260926_014038_575179,3255,108,2026-09-26T01:42:28.088,9,left,8,9,19.0,True,
run_20260926_014038_575179,3255,108,2026-09-26T01:42:28.088,10,left,9,10,19.0,True,
run_20260926_014038_575179,3255,108,2026-09-26T01:42:28.088,11,left,10,11,18.5,True,
run_20260926_014038_575179,3255,108,2026-09-26T01:42:28.088,12,left,11,12,18.5,True,
run_20260926_014038_575179,3255,108,2026-09-26T01:42:28.088,1,right,0,1,18.0,True,
run_20260926_014038_575179,3255,108,2026-09-26T01:42:28.088,2,right,1,2,19.0,True,
run_20260926_014038_575179,3255,108,2026-09-26T01:42:28.088,3,right,2,3,19.0,True,
run_20260926_014038_575179,3255,108,2026-09-26T01:42:28.088,4,right,3,4,19.0,True,
run_20260926_014038_575179,3255,108,2026-09-26T01:42:28.088,5,right,4,5,19.0,True,
run_20260926_014038_575179,3255,108,2026-09-26T01:42:28.088,6,right,5,6,18.5,True,
run_20260926_014038_575179,3255,108,2026-09-26T01:42:28.088,7,right,6,7,18.5,True,
run_20260926_014038_575179,3255,108,2026-09-26T01:42:28.088,8,right,7,8,19.0,True,
run_20260926_014038_575179,3255,108,2026-09-26T01:42:28.088,9,right,8,9,19.0,True,
run_20260926_014038_575179,3255,108,2026-09-26T01:42:28.088,10,right,9,10,18.0,True,
run_20260926_014038_575179,3255,108,2026-09-26T01:42:28.088,11,right,10,11,18.5,True,
run_20260926_014038_575179,3255,108,2026-09-26T01:42:28.088,12,right,11,12,18.571428571428555,True,
run_20260926_014038_575179,3285,109,2026-09-26T01:42:29.088,1,left,0,1,18.5,True,
run_20260926_014038_575179,3285,109,2026-09-26T01:42:29.088,2,left,1,2,19.0,True,
run_20260926_014038_575179,3285,109,2026-09-26T01:42:29.088,3,left,2,3,18.5,True,
run_20260926_014038_575179,3285,109,2026-09-26T01:42:29.088,4,left,3,4,19.0,True,
run_20260926_014038_575179,3285,109,2026-09-26T01:42:29.088,5,left,4,5,19.0,True,
run_20260926_014038_575179,3285,109,2026-09-26T01:42:29.088,6,left,5,6,19.0,True,
run_20260926_014038_575179,3285,109,2026-09-26T01:42:29.088,7,left,6,7,19.0,True,
run_20260926_014038_575179,3285,109,2026-09-26T01:42:29.088,8,left,7,8,19.0,True,
run_20260926_014038_575179,3285,109,2026-09-26T01:42:29.088,9,left,8,9,19.0,True,
run_20260926_014038_575179,3285,109,2026-09-26T01:42:29.088,10,left,9,10,19.0,True,
run_20260926_014038_575179,3285,109,2026-09-26T01:42:29.088,11,left,10,11,18.5,True,
run_20260926_014038_575179,3285,109,2026-09-26T01:42:29.088,12,left,11,12,18.5,True,
run_20260926_014038_575179,3285,109,2026-09-26T01:42:29.088,1,right,0,1,18.0,True,
run_20260926_014038_575179,3285,109,2026-09-26T01:42:29.088,2,right,1,2,19.0,True,
run_20260926_014038_575179,3285,109,2026-09-26T01:42:29.088,3,right,2,3,19.0,True,
run_20260926_014038_575179,3285,109,2026-09-26T01:42:29.088,4,right,3,4,19.0,True,
run_20260926_014038_575179,3285,109,2026-09-26T01:42:29.088,5,right,4,5,18.5,True,
run_20260926_014038_575179,3285,109,2026-09-26T01:42:29.088,6,right,5,6,19.0,True,
run_20260926_014038_575179,3285,109,2026-09-26T01:42:29.088,7,right,6,7,18.5,True,
run_20260926_014038_575179,3285,109,2026-09-26T01:42:29.088,8,right,7,8,19.0,True,
run_20260926_014038_575179,3285,109,2026-09-26T01:42:29.088,9,right,8,9,19.0,True,
run_20260926_014038_575179,3285,109,2026-09-26T01:42:29.088,10,right,9,10,18.0,True,
run_20260926_014038_575179,3285,109,2026-09-26T01:42:29.088,11,right,10,11,18.5,True,
run_20260926_014038_575179,3285,109,2026-09-26T01:42:29.088,12,right,11,12,18.5,True,
run_20260926_014038_575179,3316,110,2026-09-26T01:42:30.126,1,left,0,1,18.5,True,
run_20260926_014038_575179,3316,110,2026-09-26T01:42:30.126,2,left,1,2,19.0,True,
run_20260926_014038_575179,3316,110,2026-09-26T01:42:30.126,3,left,2,3,18.5,True,
run_20260926_014038_575179,3316,110,2026-09-26T01:42:30.126,4,left,3,4,19.0,True,
run_20260926_014038_575179,3316,110,2026-09-26T01:42:30.126,5,left,4,5,19.0,True,
run_20260926_014038_575179,3316,110,2026-09-26T01:42:30.126,6,left,5,6,19.0,True,
run_20260926_014038_575179,3316,110,2026-09-26T01:42:30.126,7,left,6,7,19.0,True,
run_20260926_014038_575179,3316,110,2026-09-26T01:42:30.126,8,left,7,8,19.0,True,
run_20260926_014038_575179,3316,110,2026-09-26T01:42:30.126,9,left,8,9,19.0,True,
run_20260926_014038_575179,3316,110,2026-09-26T01:42:30.126,10,left,9,10,19.0,True,
run_20260926_014038_575179,3316,110,2026-09-26T01:42:30.126,11,left,10,11,18.57142857142857,True,
run_20260926_014038_575179,3316,110,2026-09-26T01:42:30.126,12,left,11,12,18.42857142857143,True,
run_20260926_014038_575179,3316,110,2026-09-26T01:42:30.126,1,right,0,1,18.0,True,
run_20260926_014038_575179,3316,110,2026-09-26T01:42:30.126,2,right,1,2,19.0,True,
run_20260926_014038_575179,3316,110,2026-09-26T01:42:30.126,3,right,2,3,19.0,True,
run_20260926_014038_575179,3316,110,2026-09-26T01:42:30.126,4,right,3,4,19.0,True,
run_20260926_014038_575179,3316,110,2026-09-26T01:42:30.126,5,right,4,5,19.0,True,
run_20260926_014038_575179,3316,110,2026-09-26T01:42:30.126,6,right,5,6,18.5,True,
run_20260926_014038_575179,3316,110,2026-09-26T01:42:30.126,7,right,6,7,18.5,True,
run_20260926_014038_575179,3316,110,2026-09-26T01:42:30.126,8,right,7,8,19.0,True,
run_20260926_014038_575179,3316,110,2026-09-26T01:42:30.126,9,right,8,9,19.0,True,
run_20260926_014038_575179,3316,110,2026-09-26T01:42:30.126,10,right,9,10,18.0,True,
run_20260926_014038_575179,3316,110,2026-09-26T01:42:30.126,11,right,10,11,18.5,True,
run_20260926_014038_575179,3316,110,2026-09-26T01:42:30.126,12,right,11,12,18.5,True,
run_20260926_014038_575179,3347,111,2026-09-26T01:42:31.156,1,left,0,1,18.5,True,
run_20260926_014038_575179,3347,111,2026-09-26T01:42:31.156,2,left,1,2,19.0,True,
run_20260926_014038_575179,3347,111,2026-09-26T01:42:31.156,3,left,2,3,18.5,True,
run_20260926_014038_575179,3347,111,2026-09-26T01:42:31.156,4,left,3,4,19.0,True,
run_20260926_014038_575179,3347,111,2026-09-26T01:42:31.156,5,left,4,5,19.0,True,
run_20260926_014038_575179,3347,111,2026-09-26T01:42:31.156,6,left,5,6,19.0,True,
run_20260926_014038_575179,3347,111,2026-09-26T01:42:31.156,7,left,6,7,19.0,True,
run_20260926_014038_575179,3347,111,2026-09-26T01:42:31.156,8,left,7,8,19.0,True,
run_20260926_014038_575179,3347,111,2026-09-26T01:42:31.156,9,left,8,9,19.0,True,
run_20260926_014038_575179,3347,111,2026-09-26T01:42:31.156,10,left,9,10,19.0,True,
run_20260926_014038_575179,3347,111,2026-09-26T01:42:31.156,11,left,10,11,18.5,True,
run_20260926_014038_575179,3347,111,2026-09-26T01:42:31.156,12,left,11,12,18.5,True,
run_20260926_014038_575179,3347,111,2026-09-26T01:42:31.156,1,right,0,1,18.0,True,
run_20260926_014038_575179,3347,111,2026-09-26T01:42:31.156,2,right,1,2,19.0,True,
run_20260926_014038_575179,3347,111,2026-09-26T01:42:31.156,3,right,2,3,19.0,True,
run_20260926_014038_575179,3347,111,2026-09-26T01:42:31.156,4,right,3,4,19.0,True,
run_20260926_014038_575179,3347,111,2026-09-26T01:42:31.156,5,right,4,5,19.0,True,
run_20260926_014038_575179,3347,111,2026-09-26T01:42:31.156,6,right,5,6,18.5,True,
run_20260926_014038_575179,3347,111,2026-09-26T01:42:31.156,7,right,6,7,18.5,True,
run_20260926_014038_575179,3347,111,2026-09-26T01:42:31.156,8,right,7,8,19.0,True,
run_20260926_014038_575179,3347,111,2026-09-26T01:42:31.156,9,right,8,9,19.0,True,
run_20260926_014038_575179,3347,111,2026-09-26T01:42:31.156,10,right,9,10,18.0,True,
run_20260926_014038_575179,3347,111,2026-09-26T01:42:31.156,11,right,10,11,18.5,True,
run_20260926_014038_575179,3347,111,2026-09-26T01:42:31.156,12,right,11,12,18.75,True,
run_20260926_014038_575179,3377,112,2026-09-26T01:42:32.156,1,left,0,1,18.5,True,
run_20260926_014038_575179,3377,112,2026-09-26T01:42:32.156,2,left,1,2,19.0,True,
run_20260926_014038_575179,3377,112,2026-09-26T01:42:32.156,3,left,2,3,18.5,True,
run_20260926_014038_575179,3377,112,2026-09-26T01:42:32.156,4,left,3,4,19.0,True,
run_20260926_014038_575179,3377,112,2026-09-26T01:42:32.156,5,left,4,5,19.0,True,
run_20260926_014038_575179,3377,112,2026-09-26T01:42:32.156,6,left,5,6,19.0,True,
run_20260926_014038_575179,3377,112,2026-09-26T01:42:32.156,7,left,6,7,19.0,True,
run_20260926_014038_575179,3377,112,2026-09-26T01:42:32.156,8,left,7,8,19.0,True,
run_20260926_014038_575179,3377,112,2026-09-26T01:42:32.156,9,left,8,9,19.0,True,
run_20260926_014038_575179,3377,112,2026-09-26T01:42:32.156,10,left,9,10,19.0,True,
run_20260926_014038_575179,3377,112,2026-09-26T01:42:32.156,11,left,10,11,18.5,True,
run_20260926_014038_575179,3377,112,2026-09-26T01:42:32.156,12,left,11,12,18.5,True,
run_20260926_014038_575179,3377,112,2026-09-26T01:42:32.156,1,right,0,1,18.0,True,
run_20260926_014038_575179,3377,112,2026-09-26T01:42:32.156,2,right,1,2,19.0,True,
run_20260926_014038_575179,3377,112,2026-09-26T01:42:32.156,3,right,2,3,19.0,True,
run_20260926_014038_575179,3377,112,2026-09-26T01:42:32.156,4,right,3,4,19.0,True,
run_20260926_014038_575179,3377,112,2026-09-26T01:42:32.156,5,right,4,5,19.0,True,
run_20260926_014038_575179,3377,112,2026-09-26T01:42:32.156,6,right,5,6,18.5,True,
run_20260926_014038_575179,3377,112,2026-09-26T01:42:32.156,7,right,6,7,18.5,True,
run_20260926_014038_575179,3377,112,2026-09-26T01:42:32.156,8,right,7,8,19.0,True,
run_20260926_014038_575179,3377,112,2026-09-26T01:42:32.156,9,right,8,9,19.0,True,
run_20260926_014038_575179,3377,112,2026-09-26T01:42:32.156,10,right,9,10,18.0,True,
run_20260926_014038_575179,3377,112,2026-09-26T01:42:32.156,11,right,10,11,18.5,True,
run_20260926_014038_575179,3377,112,2026-09-26T01:42:32.156,12,right,11,12,18.5,True,
run_20260926_014038_575179,3408,113,2026-09-26T01:42:33.187,1,left,0,1,18.5,True,
run_20260926_014038_575179,3408,113,2026-09-26T01:42:33.187,2,left,1,2,19.0,True,
run_20260926_014038_575179,3408,113,2026-09-26T01:42:33.187,3,left,2,3,18.5,True,
run_20260926_014038_575179,3408,113,2026-09-26T01:42:33.187,4,left,3,4,19.0,True,
run_20260926_014038_575179,3408,113,2026-09-26T01:42:33.187,5,left,4,5,19.0,True,
run_20260926_014038_575179,3408,113,2026-09-26T01:42:33.187,6,left,5,6,19.0,True,
run_20260926_014038_575179,3408,113,2026-09-26T01:42:33.187,7,left,6,7,19.0,True,
run_20260926_014038_575179,3408,113,2026-09-26T01:42:33.187,8,left,7,8,19.0,True,
run_20260926_014038_575179,3408,113,2026-09-26T01:42:33.187,9,left,8,9,19.0,True,
run_20260926_014038_575179,3408,113,2026-09-26T01:42:33.187,10,left,9,10,19.0,True,
run_20260926_014038_575179,3408,113,2026-09-26T01:42:33.187,11,left,10,11,18.57142857142857,True,
run_20260926_014038_575179,3408,113,2026-09-26T01:42:33.187,12,left,11,12,18.42857142857143,True,
run_20260926_014038_575179,3408,113,2026-09-26T01:42:33.187,1,right,0,1,18.0,True,
run_20260926_014038_575179,3408,113,2026-09-26T01:42:33.187,2,right,1,2,19.0,True,
run_20260926_014038_575179,3408,113,2026-09-26T01:42:33.187,3,right,2,3,19.0,True,
run_20260926_014038_575179,3408,113,2026-09-26T01:42:33.187,4,right,3,4,19.0,True,
run_20260926_014038_575179,3408,113,2026-09-26T01:42:33.187,5,right,4,5,19.0,True,
run_20260926_014038_575179,3408,113,2026-09-26T01:42:33.187,6,right,5,6,18.5,True,
run_20260926_014038_575179,3408,113,2026-09-26T01:42:33.187,7,right,6,7,18.5,True,
run_20260926_014038_575179,3408,113,2026-09-26T01:42:33.187,8,right,7,8,19.0,True,
run_20260926_014038_575179,3408,113,2026-09-26T01:42:33.187,9,right,8,9,19.0,True,
run_20260926_014038_575179,3408,113,2026-09-26T01:42:33.187,10,right,9,10,18.0,True,
run_20260926_014038_575179,3408,113,2026-09-26T01:42:33.187,11,right,10,11,18.5,True,
run_20260926_014038_575179,3408,113,2026-09-26T01:42:33.187,12,right,11,12,18.5,True,
run_20260926_014038_575179,3439,114,2026-09-26T01:42:34.221,1,left,0,1,18.5,True,
run_20260926_014038_575179,3439,114,2026-09-26T01:42:34.221,2,left,1,2,19.0,True,
run_20260926_014038_575179,3439,114,2026-09-26T01:42:34.221,3,left,2,3,18.5,True,
run_20260926_014038_575179,3439,114,2026-09-26T01:42:34.221,4,left,3,4,19.0,True,
run_20260926_014038_575179,3439,114,2026-09-26T01:42:34.221,5,left,4,5,19.0,True,
run_20260926_014038_575179,3439,114,2026-09-26T01:42:34.221,6,left,5,6,19.0,True,
run_20260926_014038_575179,3439,114,2026-09-26T01:42:34.221,7,left,6,7,19.0,True,
run_20260926_014038_575179,3439,114,2026-09-26T01:42:34.221,8,left,7,8,19.0,True,
run_20260926_014038_575179,3439,114,2026-09-26T01:42:34.221,9,left,8,9,19.0,True,
run_20260926_014038_575179,3439,114,2026-09-26T01:42:34.221,10,left,9,10,19.0,True,
run_20260926_014038_575179,3439,114,2026-09-26T01:42:34.221,11,left,10,11,18.5,True,
run_20260926_014038_575179,3439,114,2026-09-26T01:42:34.221,12,left,11,12,18.5,True,
run_20260926_014038_575179,3439,114,2026-09-26T01:42:34.221,1,right,0,1,18.0,True,
run_20260926_014038_575179,3439,114,2026-09-26T01:42:34.221,2,right,1,2,19.0,True,
run_20260926_014038_575179,3439,114,2026-09-26T01:42:34.221,3,right,2,3,19.0,True,
run_20260926_014038_575179,3439,114,2026-09-26T01:42:34.221,4,right,3,4,19.0,True,
run_20260926_014038_575179,3439,114,2026-09-26T01:42:34.221,5,right,4,5,19.0,True,
run_20260926_014038_575179,3439,114,2026-09-26T01:42:34.221,6,right,5,6,18.5,True,
run_20260926_014038_575179,3439,114,2026-09-26T01:42:34.221,7,right,6,7,18.5,True,
run_20260926_014038_575179,3439,114,2026-09-26T01:42:34.221,8,right,7,8,19.0,True,
run_20260926_014038_575179,3439,114,2026-09-26T01:42:34.221,9,right,8,9,19.0,True,
run_20260926_014038_575179,3439,114,2026-09-26T01:42:34.221,10,right,9,10,18.0,True,
run_20260926_014038_575179,3439,114,2026-09-26T01:42:34.221,11,right,10,11,18.5,True,
run_20260926_014038_575179,3439,114,2026-09-26T01:42:34.221,12,right,11,12,18.5,True,
run_20260926_014038_575179,3469,115,2026-09-26T01:42:35.221,1,left,0,1,18.5,True,
run_20260926_014038_575179,3469,115,2026-09-26T01:42:35.221,2,left,1,2,19.0,True,
run_20260926_014038_575179,3469,115,2026-09-26T01:42:35.221,3,left,2,3,18.5,True,
run_20260926_014038_575179,3469,115,2026-09-26T01:42:35.221,4,left,3,4,19.0,True,
run_20260926_014038_575179,3469,115,2026-09-26T01:42:35.221,5,left,4,5,19.0,True,
run_20260926_014038_575179,3469,115,2026-09-26T01:42:35.221,6,left,5,6,19.0,True,
run_20260926_014038_575179,3469,115,2026-09-26T01:42:35.221,7,left,6,7,19.0,True,
run_20260926_014038_575179,3469,115,2026-09-26T01:42:35.221,8,left,7,8,19.0,True,
run_20260926_014038_575179,3469,115,2026-09-26T01:42:35.221,9,left,8,9,19.0,True,
run_20260926_014038_575179,3469,115,2026-09-26T01:42:35.221,10,left,9,10,19.0,True,
run_20260926_014038_575179,3469,115,2026-09-26T01:42:35.221,11,left,10,11,18.5,True,
run_20260926_014038_575179,3469,115,2026-09-26T01:42:35.221,12,left,11,12,18.5,True,
run_20260926_014038_575179,3469,115,2026-09-26T01:42:35.221,1,right,0,1,18.0,True,
run_20260926_014038_575179,3469,115,2026-09-26T01:42:35.221,2,right,1,2,19.0,True,
run_20260926_014038_575179,3469,115,2026-09-26T01:42:35.221,3,right,2,3,19.0,True,
run_20260926_014038_575179,3469,115,2026-09-26T01:42:35.221,4,right,3,4,19.0,True,
run_20260926_014038_575179,3469,115,2026-09-26T01:42:35.221,5,right,4,5,19.0,True,
run_20260926_014038_575179,3469,115,2026-09-26T01:42:35.221,6,right,5,6,18.5,True,
run_20260926_014038_575179,3469,115,2026-09-26T01:42:35.221,7,right,6,7,18.5,True,
run_20260926_014038_575179,3469,115,2026-09-26T01:42:35.221,8,right,7,8,19.0,True,
run_20260926_014038_575179,3469,115,2026-09-26T01:42:35.221,9,right,8,9,19.0,True,
run_20260926_014038_575179,3469,115,2026-09-26T01:42:35.221,10,right,9,10,18.0,True,
run_20260926_014038_575179,3469,115,2026-09-26T01:42:35.221,11,right,10,11,18.5,True,
run_20260926_014038_575179,3469,115,2026-09-26T01:42:35.221,12,right,11,12,18.5,True,
run_20260926_014038_575179,3499,116,2026-09-26T01:42:36.227,1,left,0,1,18.5,True,
run_20260926_014038_575179,3499,116,2026-09-26T01:42:36.227,2,left,1,2,19.0,True,
run_20260926_014038_575179,3499,116,2026-09-26T01:42:36.227,3,left,2,3,18.5,True,
run_20260926_014038_575179,3499,116,2026-09-26T01:42:36.227,4,left,3,4,19.0,True,
run_20260926_014038_575179,3499,116,2026-09-26T01:42:36.227,5,left,4,5,19.0,True,
run_20260926_014038_575179,3499,116,2026-09-26T01:42:36.227,6,left,5,6,19.0,True,
run_20260926_014038_575179,3499,116,2026-09-26T01:42:36.227,7,left,6,7,19.0,True,
run_20260926_014038_575179,3499,116,2026-09-26T01:42:36.227,8,left,7,8,19.0,True,
run_20260926_014038_575179,3499,116,2026-09-26T01:42:36.227,9,left,8,9,19.0,True,
run_20260926_014038_575179,3499,116,2026-09-26T01:42:36.227,10,left,9,10,19.0,True,
run_20260926_014038_575179,3499,116,2026-09-26T01:42:36.227,11,left,10,11,18.5,True,
run_20260926_014038_575179,3499,116,2026-09-26T01:42:36.227,12,left,11,12,18.5,True,
run_20260926_014038_575179,3499,116,2026-09-26T01:42:36.227,1,right,0,1,18.0,True,
run_20260926_014038_575179,3499,116,2026-09-26T01:42:36.227,2,right,1,2,19.0,True,
run_20260926_014038_575179,3499,116,2026-09-26T01:42:36.227,3,right,2,3,19.0,True,
run_20260926_014038_575179,3499,116,2026-09-26T01:42:36.227,4,right,3,4,19.0,True,
run_20260926_014038_575179,3499,116,2026-09-26T01:42:36.227,5,right,4,5,19.0,True,
run_20260926_014038_575179,3499,116,2026-09-26T01:42:36.227,6,right,5,6,18.5,True,
run_20260926_014038_575179,3499,116,2026-09-26T01:42:36.227,7,right,6,7,18.5,True,
run_20260926_014038_575179,3499,116,2026-09-26T01:42:36.227,8,right,7,8,19.0,True,
run_20260926_014038_575179,3499,116,2026-09-26T01:42:36.227,9,right,8,9,19.0,True,
run_20260926_014038_575179,3499,116,2026-09-26T01:42:36.227,10,right,9,10,18.0,True,
run_20260926_014038_575179,3499,116,2026-09-26T01:42:36.227,11,right,10,11,18.5,True,
run_20260926_014038_575179,3499,116,2026-09-26T01:42:36.227,12,right,11,12,18.5,True,
run_20260926_014038_575179,3530,117,2026-09-26T01:42:37.256,1,left,0,1,18.5,True,
run_20260926_014038_575179,3530,117,2026-09-26T01:42:37.256,2,left,1,2,19.0,True,
run_20260926_014038_575179,3530,117,2026-09-26T01:42:37.256,3,left,2,3,18.5,True,
run_20260926_014038_575179,3530,117,2026-09-26T01:42:37.256,4,left,3,4,19.0,True,
run_20260926_014038_575179,3530,117,2026-09-26T01:42:37.256,5,left,4,5,19.0,True,
run_20260926_014038_575179,3530,117,2026-09-26T01:42:37.256,6,left,5,6,19.0,True,
run_20260926_014038_575179,3530,117,2026-09-26T01:42:37.256,7,left,6,7,19.0,True,
run_20260926_014038_575179,3530,117,2026-09-26T01:42:37.256,8,left,7,8,19.0,True,
run_20260926_014038_575179,3530,117,2026-09-26T01:42:37.256,9,left,8,9,19.0,True,
run_20260926_014038_575179,3530,117,2026-09-26T01:42:37.256,10,left,9,10,19.0,True,
run_20260926_014038_575179,3530,117,2026-09-26T01:42:37.256,11,left,10,11,18.5,True,
run_20260926_014038_575179,3530,117,2026-09-26T01:42:37.256,12,left,11,12,18.5,True,
run_20260926_014038_575179,3530,117,2026-09-26T01:42:37.256,1,right,0,1,18.0,True,
run_20260926_014038_575179,3530,117,2026-09-26T01:42:37.256,2,right,1,2,19.0,True,
run_20260926_014038_575179,3530,117,2026-09-26T01:42:37.256,3,right,2,3,19.0,True,
run_20260926_014038_575179,3530,117,2026-09-26T01:42:37.256,4,right,3,4,19.0,True,
run_20260926_014038_575179,3530,117,2026-09-26T01:42:37.256,5,right,4,5,18.66666666666663,True,
run_20260926_014038_575179,3530,117,2026-09-26T01:42:37.256,6,right,5,6,18.83333333333337,True,
run_20260926_014038_575179,3530,117,2026-09-26T01:42:37.256,7,right,6,7,18.5,True,
run_20260926_014038_575179,3530,117,2026-09-26T01:42:37.256,8,right,7,8,19.0,True,
run_20260926_014038_575179,3530,117,2026-09-26T01:42:37.256,9,right,8,9,19.0,True,
run_20260926_014038_575179,3530,117,2026-09-26T01:42:37.256,10,right,9,10,18.0,True,
run_20260926_014038_575179,3530,117,2026-09-26T01:42:37.256,11,right,10,11,18.5,True,
run_20260926_014038_575179,3530,117,2026-09-26T01:42:37.256,12,right,11,12,18.571428571428555,True,
run_20260926_014038_575179,3561,118,2026-09-26T01:42:38.285,1,left,0,1,18.5,True,
run_20260926_014038_575179,3561,118,2026-09-26T01:42:38.285,2,left,1,2,19.0,True,
run_20260926_014038_575179,3561,118,2026-09-26T01:42:38.285,3,left,2,3,18.5,True,
run_20260926_014038_575179,3561,118,2026-09-26T01:42:38.285,4,left,3,4,19.0,True,
run_20260926_014038_575179,3561,118,2026-09-26T01:42:38.285,5,left,4,5,19.0,True,
run_20260926_014038_575179,3561,118,2026-09-26T01:42:38.285,6,left,5,6,19.0,True,
run_20260926_014038_575179,3561,118,2026-09-26T01:42:38.285,7,left,6,7,19.0,True,
run_20260926_014038_575179,3561,118,2026-09-26T01:42:38.285,8,left,7,8,19.0,True,
run_20260926_014038_575179,3561,118,2026-09-26T01:42:38.285,9,left,8,9,19.0,True,
run_20260926_014038_575179,3561,118,2026-09-26T01:42:38.285,10,left,9,10,19.0,True,
run_20260926_014038_575179,3561,118,2026-09-26T01:42:38.285,11,left,10,11,18.5,True,
run_20260926_014038_575179,3561,118,2026-09-26T01:42:38.285,12,left,11,12,18.5,True,
run_20260926_014038_575179,3561,118,2026-09-26T01:42:38.285,1,right,0,1,18.0,True,
run_20260926_014038_575179,3561,118,2026-09-26T01:42:38.285,2,right,1,2,19.0,True,
run_20260926_014038_575179,3561,118,2026-09-26T01:42:38.285,3,right,2,3,19.0,True,
run_20260926_014038_575179,3561,118,2026-09-26T01:42:38.285,4,right,3,4,19.0,True,
run_20260926_014038_575179,3561,118,2026-09-26T01:42:38.285,5,right,4,5,18.66666666666663,True,
run_20260926_014038_575179,3561,118,2026-09-26T01:42:38.285,6,right,5,6,18.83333333333337,True,
run_20260926_014038_575179,3561,118,2026-09-26T01:42:38.285,7,right,6,7,18.5,True,
run_20260926_014038_575179,3561,118,2026-09-26T01:42:38.285,8,right,7,8,19.0,True,
run_20260926_014038_575179,3561,118,2026-09-26T01:42:38.285,9,right,8,9,19.0,True,
run_20260926_014038_575179,3561,118,2026-09-26T01:42:38.285,10,right,9,10,18.0,True,
run_20260926_014038_575179,3561,118,2026-09-26T01:42:38.285,11,right,10,11,18.5,True,
run_20260926_014038_575179,3561,118,2026-09-26T01:42:38.285,12,right,11,12,18.5,True,
run_20260926_014038_575179,3591,119,2026-09-26T01:42:39.292,1,left,0,1,18.5,True,
run_20260926_014038_575179,3591,119,2026-09-26T01:42:39.292,2,left,1,2,19.0,True,
run_20260926_014038_575179,3591,119,2026-09-26T01:42:39.292,3,left,2,3,18.5,True,
run_20260926_014038_575179,3591,119,2026-09-26T01:42:39.292,4,left,3,4,19.0,True,
run_20260926_014038_575179,3591,119,2026-09-26T01:42:39.292,5,left,4,5,19.0,True,
run_20260926_014038_575179,3591,119,2026-09-26T01:42:39.292,6,left,5,6,19.0,True,
run_20260926_014038_575179,3591,119,2026-09-26T01:42:39.292,7,left,6,7,19.0,True,
run_20260926_014038_575179,3591,119,2026-09-26T01:42:39.292,8,left,7,8,19.0,True,
run_20260926_014038_575179,3591,119,2026-09-26T01:42:39.292,9,left,8,9,19.0,True,
run_20260926_014038_575179,3591,119,2026-09-26T01:42:39.292,10,left,9,10,19.0,True,
run_20260926_014038_575179,3591,119,2026-09-26T01:42:39.292,11,left,10,11,18.5,True,
run_20260926_014038_575179,3591,119,2026-09-26T01:42:39.292,12,left,11,12,18.5,True,
run_20260926_014038_575179,3591,119,2026-09-26T01:42:39.292,1,right,0,1,18.0,True,
run_20260926_014038_575179,3591,119,2026-09-26T01:42:39.292,2,right,1,2,19.0,True,
run_20260926_014038_575179,3591,119,2026-09-26T01:42:39.292,3,right,2,3,19.0,True,
run_20260926_014038_575179,3591,119,2026-09-26T01:42:39.292,4,right,3,4,19.0,True,
run_20260926_014038_575179,3591,119,2026-09-26T01:42:39.292,5,right,4,5,18.5,True,
run_20260926_014038_575179,3591,119,2026-09-26T01:42:39.292,6,right,5,6,19.0,True,
run_20260926_014038_575179,3591,119,2026-09-26T01:42:39.292,7,right,6,7,18.5,True,
run_20260926_014038_575179,3591,119,2026-09-26T01:42:39.292,8,right,7,8,19.0,True,
run_20260926_014038_575179,3591,119,2026-09-26T01:42:39.292,9,right,8,9,19.0,True,
run_20260926_014038_575179,3591,119,2026-09-26T01:42:39.292,10,right,9,10,18.0,True,
run_20260926_014038_575179,3591,119,2026-09-26T01:42:39.292,11,right,10,11,18.5,True,
run_20260926_014038_575179,3591,119,2026-09-26T01:42:39.292,12,right,11,12,18.65384615384619,True,
run_20260926_014038_575179,3622,120,2026-09-26T01:42:40.319,1,left,0,1,18.5,True,
run_20260926_014038_575179,3622,120,2026-09-26T01:42:40.319,2,left,1,2,19.0,True,
run_20260926_014038_575179,3622,120,2026-09-26T01:42:40.319,3,left,2,3,18.5,True,
run_20260926_014038_575179,3622,120,2026-09-26T01:42:40.319,4,left,3,4,19.0,True,
run_20260926_014038_575179,3622,120,2026-09-26T01:42:40.319,5,left,4,5,19.0,True,
run_20260926_014038_575179,3622,120,2026-09-26T01:42:40.319,6,left,5,6,19.0,True,
run_20260926_014038_575179,3622,120,2026-09-26T01:42:40.319,7,left,6,7,19.0,True,
run_20260926_014038_575179,3622,120,2026-09-26T01:42:40.319,8,left,7,8,19.0,True,
run_20260926_014038_575179,3622,120,2026-09-26T01:42:40.319,9,left,8,9,19.0,True,
run_20260926_014038_575179,3622,120,2026-09-26T01:42:40.319,10,left,9,10,19.0,True,
run_20260926_014038_575179,3622,120,2026-09-26T01:42:40.319,11,left,10,11,18.5,True,
run_20260926_014038_575179,3622,120,2026-09-26T01:42:40.319,12,left,11,12,18.5,True,
run_20260926_014038_575179,3622,120,2026-09-26T01:42:40.319,1,right,0,1,18.0,True,
run_20260926_014038_575179,3622,120,2026-09-26T01:42:40.319,2,right,1,2,19.0,True,
run_20260926_014038_575179,3622,120,2026-09-26T01:42:40.319,3,right,2,3,19.0,True,
run_20260926_014038_575179,3622,120,2026-09-26T01:42:40.319,4,right,3,4,19.0,True,
run_20260926_014038_575179,3622,120,2026-09-26T01:42:40.319,5,right,4,5,18.5,True,
run_20260926_014038_575179,3622,120,2026-09-26T01:42:40.319,6,right,5,6,19.0,True,
run_20260926_014038_575179,3622,120,2026-09-26T01:42:40.319,7,right,6,7,18.5,True,
run_20260926_014038_575179,3622,120,2026-09-26T01:42:40.319,8,right,7,8,19.0,True,
run_20260926_014038_575179,3622,120,2026-09-26T01:42:40.319,9,right,8,9,19.0,True,
run_20260926_014038_575179,3622,120,2026-09-26T01:42:40.319,10,right,9,10,18.0,True,
run_20260926_014038_575179,3622,120,2026-09-26T01:42:40.319,11,right,10,11,18.5,True,
run_20260926_014038_575179,3622,120,2026-09-26T01:42:40.319,12,right,11,12,18.5,True,
run_20260926_014038_575179,3652,121,2026-09-26T01:42:41.323,1,left,0,1,18.5,True,
run_20260926_014038_575179,3652,121,2026-09-26T01:42:41.323,2,left,1,2,19.0,True,
run_20260926_014038_575179,3652,121,2026-09-26T01:42:41.323,3,left,2,3,18.5,True,
run_20260926_014038_575179,3652,121,2026-09-26T01:42:41.323,4,left,3,4,19.0,True,
run_20260926_014038_575179,3652,121,2026-09-26T01:42:41.323,5,left,4,5,19.0,True,
run_20260926_014038_575179,3652,121,2026-09-26T01:42:41.323,6,left,5,6,19.0,True,
run_20260926_014038_575179,3652,121,2026-09-26T01:42:41.323,7,left,6,7,19.0,True,
run_20260926_014038_575179,3652,121,2026-09-26T01:42:41.323,8,left,7,8,19.0,True,
run_20260926_014038_575179,3652,121,2026-09-26T01:42:41.323,9,left,8,9,19.0,True,
run_20260926_014038_575179,3652,121,2026-09-26T01:42:41.323,10,left,9,10,19.0,True,
run_20260926_014038_575179,3652,121,2026-09-26T01:42:41.323,11,left,10,11,18.5,True,
run_20260926_014038_575179,3652,121,2026-09-26T01:42:41.323,12,left,11,12,18.5,True,
run_20260926_014038_575179,3652,121,2026-09-26T01:42:41.323,1,right,0,1,18.0,True,
run_20260926_014038_575179,3652,121,2026-09-26T01:42:41.323,2,right,1,2,19.0,True,
run_20260926_014038_575179,3652,121,2026-09-26T01:42:41.323,3,right,2,3,19.0,True,
run_20260926_014038_575179,3652,121,2026-09-26T01:42:41.323,4,right,3,4,19.0,True,
run_20260926_014038_575179,3652,121,2026-09-26T01:42:41.323,5,right,4,5,18.5,True,
run_20260926_014038_575179,3652,121,2026-09-26T01:42:41.323,6,right,5,6,19.0,True,
run_20260926_014038_575179,3652,121,2026-09-26T01:42:41.323,7,right,6,7,18.5,True,
run_20260926_014038_575179,3652,121,2026-09-26T01:42:41.323,8,right,7,8,19.0,True,
run_20260926_014038_575179,3652,121,2026-09-26T01:42:41.323,9,right,8,9,19.0,True,
run_20260926_014038_575179,3652,121,2026-09-26T01:42:41.323,10,right,9,10,18.0,True,
run_20260926_014038_575179,3652,121,2026-09-26T01:42:41.323,11,right,10,11,18.5,True,
run_20260926_014038_575179,3652,121,2026-09-26T01:42:41.323,12,right,11,12,18.5,True,
run_20260926_014038_575179,3683,122,2026-09-26T01:42:42.359,1,left,0,1,18.5,True,
run_20260926_014038_575179,3683,122,2026-09-26T01:42:42.359,2,left,1,2,19.0,True,
run_20260926_014038_575179,3683,122,2026-09-26T01:42:42.359,3,left,2,3,18.5,True,
run_20260926_014038_575179,3683,122,2026-09-26T01:42:42.359,4,left,3,4,19.0,True,
run_20260926_014038_575179,3683,122,2026-09-26T01:42:42.359,5,left,4,5,19.0,True,
run_20260926_014038_575179,3683,122,2026-09-26T01:42:42.359,6,left,5,6,19.0,True,
run_20260926_014038_575179,3683,122,2026-09-26T01:42:42.359,7,left,6,7,19.0,True,
run_20260926_014038_575179,3683,122,2026-09-26T01:42:42.359,8,left,7,8,19.0,True,
run_20260926_014038_575179,3683,122,2026-09-26T01:42:42.359,9,left,8,9,19.0,True,
run_20260926_014038_575179,3683,122,2026-09-26T01:42:42.359,10,left,9,10,19.0,True,
run_20260926_014038_575179,3683,122,2026-09-26T01:42:42.359,11,left,10,11,18.41666666666667,True,
run_20260926_014038_575179,3683,122,2026-09-26T01:42:42.359,12,left,11,12,18.58333333333333,True,
run_20260926_014038_575179,3683,122,2026-09-26T01:42:42.359,1,right,0,1,18.0,True,
run_20260926_014038_575179,3683,122,2026-09-26T01:42:42.359,2,right,1,2,19.0,True,
run_20260926_014038_575179,3683,122,2026-09-26T01:42:42.359,3,right,2,3,19.0,True,
run_20260926_014038_575179,3683,122,2026-09-26T01:42:42.359,4,right,3,4,19.0,True,
run_20260926_014038_575179,3683,122,2026-09-26T01:42:42.359,5,right,4,5,18.5,True,
run_20260926_014038_575179,3683,122,2026-09-26T01:42:42.359,6,right,5,6,19.0,True,
run_20260926_014038_575179,3683,122,2026-09-26T01:42:42.359,7,right,6,7,18.83333333333337,True,
run_20260926_014038_575179,3683,122,2026-09-26T01:42:42.359,8,right,7,8,18.66666666666663,True,
run_20260926_014038_575179,3683,122,2026-09-26T01:42:42.359,9,right,8,9,19.0,True,
run_20260926_014038_575179,3683,122,2026-09-26T01:42:42.359,10,right,9,10,18.0,True,
run_20260926_014038_575179,3683,122,2026-09-26T01:42:42.359,11,right,10,11,18.5,True,
run_20260926_014038_575179,3683,122,2026-09-26T01:42:42.359,12,right,11,12,18.75,True,
run_20260926_014038_575179,3714,123,2026-09-26T01:42:43.385,1,left,0,1,18.5,True,
run_20260926_014038_575179,3714,123,2026-09-26T01:42:43.385,2,left,1,2,19.0,True,
run_20260926_014038_575179,3714,123,2026-09-26T01:42:43.385,3,left,2,3,18.5,True,
run_20260926_014038_575179,3714,123,2026-09-26T01:42:43.385,4,left,3,4,19.0,True,
run_20260926_014038_575179,3714,123,2026-09-26T01:42:43.385,5,left,4,5,19.0,True,
run_20260926_014038_575179,3714,123,2026-09-26T01:42:43.385,6,left,5,6,19.0,True,
run_20260926_014038_575179,3714,123,2026-09-26T01:42:43.385,7,left,6,7,19.0,True,
run_20260926_014038_575179,3714,123,2026-09-26T01:42:43.385,8,left,7,8,19.0,True,
run_20260926_014038_575179,3714,123,2026-09-26T01:42:43.385,9,left,8,9,19.0,True,
run_20260926_014038_575179,3714,123,2026-09-26T01:42:43.385,10,left,9,10,19.0,True,
run_20260926_014038_575179,3714,123,2026-09-26T01:42:43.385,11,left,10,11,18.5,True,
run_20260926_014038_575179,3714,123,2026-09-26T01:42:43.385,12,left,11,12,18.5,True,
run_20260926_014038_575179,3714,123,2026-09-26T01:42:43.385,1,right,0,1,18.0,True,
run_20260926_014038_575179,3714,123,2026-09-26T01:42:43.385,2,right,1,2,19.0,True,
run_20260926_014038_575179,3714,123,2026-09-26T01:42:43.385,3,right,2,3,19.0,True,
run_20260926_014038_575179,3714,123,2026-09-26T01:42:43.385,4,right,3,4,19.0,True,
run_20260926_014038_575179,3714,123,2026-09-26T01:42:43.385,5,right,4,5,18.764705882352928,True,
run_20260926_014038_575179,3714,123,2026-09-26T01:42:43.385,6,right,5,6,18.735294117647072,True,
run_20260926_014038_575179,3714,123,2026-09-26T01:42:43.385,7,right,6,7,18.5,True,
run_20260926_014038_575179,3714,123,2026-09-26T01:42:43.385,8,right,7,8,19.0,True,
run_20260926_014038_575179,3714,123,2026-09-26T01:42:43.385,9,right,8,9,19.0,True,
run_20260926_014038_575179,3714,123,2026-09-26T01:42:43.385,10,right,9,10,18.0,True,
run_20260926_014038_575179,3714,123,2026-09-26T01:42:43.385,11,right,10,11,18.5,True,
run_20260926_014038_575179,3714,123,2026-09-26T01:42:43.385,12,right,11,12,18.5,True,
run_20260926_014038_575179,3744,124,2026-09-26T01:42:44.390,1,left,0,1,18.5,True,
run_20260926_014038_575179,3744,124,2026-09-26T01:42:44.390,2,left,1,2,19.0,True,
run_20260926_014038_575179,3744,124,2026-09-26T01:42:44.390,3,left,2,3,18.5,True,
run_20260926_014038_575179,3744,124,2026-09-26T01:42:44.390,4,left,3,4,19.0,True,
run_20260926_014038_575179,3744,124,2026-09-26T01:42:44.390,5,left,4,5,19.0,True,
run_20260926_014038_575179,3744,124,2026-09-26T01:42:44.390,6,left,5,6,19.0,True,
run_20260926_014038_575179,3744,124,2026-09-26T01:42:44.390,7,left,6,7,19.0,True,
run_20260926_014038_575179,3744,124,2026-09-26T01:42:44.390,8,left,7,8,19.0,True,
run_20260926_014038_575179,3744,124,2026-09-26T01:42:44.390,9,left,8,9,19.0,True,
run_20260926_014038_575179,3744,124,2026-09-26T01:42:44.390,10,left,9,10,19.0,True,
run_20260926_014038_575179,3744,124,2026-09-26T01:42:44.390,11,left,10,11,18.5,True,
run_20260926_014038_575179,3744,124,2026-09-26T01:42:44.390,12,left,11,12,18.5,True,
run_20260926_014038_575179,3744,124,2026-09-26T01:42:44.390,1,right,0,1,18.0,True,
run_20260926_014038_575179,3744,124,2026-09-26T01:42:44.390,2,right,1,2,19.0,True,
run_20260926_014038_575179,3744,124,2026-09-26T01:42:44.390,3,right,2,3,19.0,True,
run_20260926_014038_575179,3744,124,2026-09-26T01:42:44.390,4,right,3,4,19.0,True,
run_20260926_014038_575179,3744,124,2026-09-26T01:42:44.390,5,right,4,5,18.5,True,
run_20260926_014038_575179,3744,124,2026-09-26T01:42:44.390,6,right,5,6,19.0,True,
run_20260926_014038_575179,3744,124,2026-09-26T01:42:44.390,7,right,6,7,18.5,True,
run_20260926_014038_575179,3744,124,2026-09-26T01:42:44.390,8,right,7,8,19.0,True,
run_20260926_014038_575179,3744,124,2026-09-26T01:42:44.390,9,right,8,9,19.0,True,
run_20260926_014038_575179,3744,124,2026-09-26T01:42:44.390,10,right,9,10,18.0,True,
run_20260926_014038_575179,3744,124,2026-09-26T01:42:44.390,11,right,10,11,18.5,True,
run_20260926_014038_575179,3744,124,2026-09-26T01:42:44.390,12,right,11,12,18.5,True,
run_20260926_014038_575179,3775,125,2026-09-26T01:42:45.422,1,left,0,1,18.5,True,
run_20260926_014038_575179,3775,125,2026-09-26T01:42:45.422,2,left,1,2,19.0,True,
run_20260926_014038_575179,3775,125,2026-09-26T01:42:45.422,3,left,2,3,18.5,True,
run_20260926_014038_575179,3775,125,2026-09-26T01:42:45.422,4,left,3,4,19.0,True,
run_20260926_014038_575179,3775,125,2026-09-26T01:42:45.422,5,left,4,5,19.0,True,
run_20260926_014038_575179,3775,125,2026-09-26T01:42:45.422,6,left,5,6,19.0,True,
run_20260926_014038_575179,3775,125,2026-09-26T01:42:45.422,7,left,6,7,19.0,True,
run_20260926_014038_575179,3775,125,2026-09-26T01:42:45.422,8,left,7,8,19.0,True,
run_20260926_014038_575179,3775,125,2026-09-26T01:42:45.422,9,left,8,9,19.0,True,
run_20260926_014038_575179,3775,125,2026-09-26T01:42:45.422,10,left,9,10,19.0,True,
run_20260926_014038_575179,3775,125,2026-09-26T01:42:45.422,11,left,10,11,18.57142857142857,True,
run_20260926_014038_575179,3775,125,2026-09-26T01:42:45.422,12,left,11,12,18.42857142857143,True,
run_20260926_014038_575179,3775,125,2026-09-26T01:42:45.422,1,right,0,1,18.0,True,
run_20260926_014038_575179,3775,125,2026-09-26T01:42:45.422,2,right,1,2,19.0,True,
run_20260926_014038_575179,3775,125,2026-09-26T01:42:45.422,3,right,2,3,19.0,True,
run_20260926_014038_575179,3775,125,2026-09-26T01:42:45.422,4,right,3,4,19.0,True,
run_20260926_014038_575179,3775,125,2026-09-26T01:42:45.422,5,right,4,5,18.5,True,
run_20260926_014038_575179,3775,125,2026-09-26T01:42:45.422,6,right,5,6,19.0,True,
run_20260926_014038_575179,3775,125,2026-09-26T01:42:45.422,7,right,6,7,18.5,True,
run_20260926_014038_575179,3775,125,2026-09-26T01:42:45.422,8,right,7,8,19.0,True,
run_20260926_014038_575179,3775,125,2026-09-26T01:42:45.422,9,right,8,9,19.0,True,
run_20260926_014038_575179,3775,125,2026-09-26T01:42:45.422,10,right,9,10,18.0,True,
run_20260926_014038_575179,3775,125,2026-09-26T01:42:45.422,11,right,10,11,18.5,True,
run_20260926_014038_575179,3775,125,2026-09-26T01:42:45.422,12,right,11,12,18.5,True,
run_20260926_014038_575179,3806,126,2026-09-26T01:42:46.452,1,left,0,1,18.5,True,
run_20260926_014038_575179,3806,126,2026-09-26T01:42:46.452,2,left,1,2,19.0,True,
run_20260926_014038_575179,3806,126,2026-09-26T01:42:46.452,3,left,2,3,18.5,True,
run_20260926_014038_575179,3806,126,2026-09-26T01:42:46.452,4,left,3,4,19.0,True,
run_20260926_014038_575179,3806,126,2026-09-26T01:42:46.452,5,left,4,5,19.0,True,
run_20260926_014038_575179,3806,126,2026-09-26T01:42:46.452,6,left,5,6,19.25,True,
run_20260926_014038_575179,3806,126,2026-09-26T01:42:46.452,7,left,6,7,18.75,True,
run_20260926_014038_575179,3806,126,2026-09-26T01:42:46.452,8,left,7,8,19.0,True,
run_20260926_014038_575179,3806,126,2026-09-26T01:42:46.452,9,left,8,9,19.0,True,
run_20260926_014038_575179,3806,126,2026-09-26T01:42:46.452,10,left,9,10,19.0,True,
run_20260926_014038_575179,3806,126,2026-09-26T01:42:46.452,11,left,10,11,18.57142857142857,True,
run_20260926_014038_575179,3806,126,2026-09-26T01:42:46.452,12,left,11,12,18.42857142857143,True,
run_20260926_014038_575179,3806,126,2026-09-26T01:42:46.452,1,right,0,1,18.0,True,
run_20260926_014038_575179,3806,126,2026-09-26T01:42:46.452,2,right,1,2,19.0,True,
run_20260926_014038_575179,3806,126,2026-09-26T01:42:46.452,3,right,2,3,19.0,True,
run_20260926_014038_575179,3806,126,2026-09-26T01:42:46.452,4,right,3,4,19.0,True,
run_20260926_014038_575179,3806,126,2026-09-26T01:42:46.452,5,right,4,5,18.5,True,
run_20260926_014038_575179,3806,126,2026-09-26T01:42:46.452,6,right,5,6,19.0,True,
run_20260926_014038_575179,3806,126,2026-09-26T01:42:46.452,7,right,6,7,18.5,True,
run_20260926_014038_575179,3806,126,2026-09-26T01:42:46.452,8,right,7,8,19.0,True,
run_20260926_014038_575179,3806,126,2026-09-26T01:42:46.452,9,right,8,9,19.0,True,
run_20260926_014038_575179,3806,126,2026-09-26T01:42:46.452,10,right,9,10,18.0,True,
run_20260926_014038_575179,3806,126,2026-09-26T01:42:46.452,11,right,10,11,18.5,True,
run_20260926_014038_575179,3806,126,2026-09-26T01:42:46.452,12,right,11,12,18.5,True,
run_20260926_014038_575179,3836,127,2026-09-26T01:42:47.457,1,left,0,1,18.5,True,
run_20260926_014038_575179,3836,127,2026-09-26T01:42:47.457,2,left,1,2,19.0,True,
run_20260926_014038_575179,3836,127,2026-09-26T01:42:47.457,3,left,2,3,18.5,True,
run_20260926_014038_575179,3836,127,2026-09-26T01:42:47.457,4,left,3,4,19.0,True,
run_20260926_014038_575179,3836,127,2026-09-26T01:42:47.457,5,left,4,5,19.0,True,
run_20260926_014038_575179,3836,127,2026-09-26T01:42:47.457,6,left,5,6,19.25,True,
run_20260926_014038_575179,3836,127,2026-09-26T01:42:47.457,7,left,6,7,18.75,True,
run_20260926_014038_575179,3836,127,2026-09-26T01:42:47.457,8,left,7,8,19.0,True,
run_20260926_014038_575179,3836,127,2026-09-26T01:42:47.457,9,left,8,9,19.0,True,
run_20260926_014038_575179,3836,127,2026-09-26T01:42:47.457,10,left,9,10,19.0,True,
run_20260926_014038_575179,3836,127,2026-09-26T01:42:47.457,11,left,10,11,18.57142857142857,True,
run_20260926_014038_575179,3836,127,2026-09-26T01:42:47.457,12,left,11,12,18.42857142857143,True,
run_20260926_014038_575179,3836,127,2026-09-26T01:42:47.457,1,right,0,1,18.0,True,
run_20260926_014038_575179,3836,127,2026-09-26T01:42:47.457,2,right,1,2,19.0,True,
run_20260926_014038_575179,3836,127,2026-09-26T01:42:47.457,3,right,2,3,19.0,True,
run_20260926_014038_575179,3836,127,2026-09-26T01:42:47.457,4,right,3,4,19.0,True,
run_20260926_014038_575179,3836,127,2026-09-26T01:42:47.457,5,right,4,5,18.66666666666663,True,
run_20260926_014038_575179,3836,127,2026-09-26T01:42:47.457,6,right,5,6,18.83333333333337,True,
run_20260926_014038_575179,3836,127,2026-09-26T01:42:47.457,7,right,6,7,18.5,True,
run_20260926_014038_575179,3836,127,2026-09-26T01:42:47.457,8,right,7,8,19.0,True,
run_20260926_014038_575179,3836,127,2026-09-26T01:42:47.457,9,right,8,9,19.0,True,
run_20260926_014038_575179,3836,127,2026-09-26T01:42:47.457,10,right,9,10,18.0,True,
run_20260926_014038_575179,3836,127,2026-09-26T01:42:47.457,11,right,10,11,18.5,True,
run_20260926_014038_575179,3836,127,2026-09-26T01:42:47.457,12,right,11,12,18.5,True,
run_20260926_014038_575179,3867,128,2026-09-26T01:42:48.494,1,left,0,1,18.5,True,
run_20260926_014038_575179,3867,128,2026-09-26T01:42:48.494,2,left,1,2,19.0,True,
run_20260926_014038_575179,3867,128,2026-09-26T01:42:48.494,3,left,2,3,18.5,True,
run_20260926_014038_575179,3867,128,2026-09-26T01:42:48.494,4,left,3,4,19.0,True,
run_20260926_014038_575179,3867,128,2026-09-26T01:42:48.494,5,left,4,5,19.0,True,
run_20260926_014038_575179,3867,128,2026-09-26T01:42:48.494,6,left,5,6,19.25,True,
run_20260926_014038_575179,3867,128,2026-09-26T01:42:48.494,7,left,6,7,18.75,True,
run_20260926_014038_575179,3867,128,2026-09-26T01:42:48.494,8,left,7,8,19.0,True,
run_20260926_014038_575179,3867,128,2026-09-26T01:42:48.494,9,left,8,9,19.0,True,
run_20260926_014038_575179,3867,128,2026-09-26T01:42:48.494,10,left,9,10,19.0,True,
run_20260926_014038_575179,3867,128,2026-09-26T01:42:48.494,11,left,10,11,18.57142857142857,True,
run_20260926_014038_575179,3867,128,2026-09-26T01:42:48.494,12,left,11,12,18.42857142857143,True,
run_20260926_014038_575179,3867,128,2026-09-26T01:42:48.494,1,right,0,1,18.0,True,
run_20260926_014038_575179,3867,128,2026-09-26T01:42:48.494,2,right,1,2,19.0,True,
run_20260926_014038_575179,3867,128,2026-09-26T01:42:48.494,3,right,2,3,19.0,True,
run_20260926_014038_575179,3867,128,2026-09-26T01:42:48.494,4,right,3,4,19.0,True,
run_20260926_014038_575179,3867,128,2026-09-26T01:42:48.494,5,right,4,5,19.0,True,
run_20260926_014038_575179,3867,128,2026-09-26T01:42:48.494,6,right,5,6,18.5,True,
run_20260926_014038_575179,3867,128,2026-09-26T01:42:48.494,7,right,6,7,18.5,True,
run_20260926_014038_575179,3867,128,2026-09-26T01:42:48.494,8,right,7,8,19.0,True,
run_20260926_014038_575179,3867,128,2026-09-26T01:42:48.494,9,right,8,9,19.0,True,
run_20260926_014038_575179,3867,128,2026-09-26T01:42:48.494,10,right,9,10,18.0,True,
run_20260926_014038_575179,3867,128,2026-09-26T01:42:48.494,11,right,10,11,18.5,True,
run_20260926_014038_575179,3867,128,2026-09-26T01:42:48.494,12,right,11,12,18.5,True,
run_20260926_014038_575179,3898,129,2026-09-26T01:42:49.520,1,left,0,1,18.5,True,
run_20260926_014038_575179,3898,129,2026-09-26T01:42:49.520,2,left,1,2,19.0,True,
run_20260926_014038_575179,3898,129,2026-09-26T01:42:49.520,3,left,2,3,18.5,True,
run_20260926_014038_575179,3898,129,2026-09-26T01:42:49.520,4,left,3,4,19.0,True,
run_20260926_014038_575179,3898,129,2026-09-26T01:42:49.520,5,left,4,5,19.0,True,
run_20260926_014038_575179,3898,129,2026-09-26T01:42:49.520,6,left,5,6,19.25,True,
run_20260926_014038_575179,3898,129,2026-09-26T01:42:49.520,7,left,6,7,18.75,True,
run_20260926_014038_575179,3898,129,2026-09-26T01:42:49.520,8,left,7,8,19.0,True,
run_20260926_014038_575179,3898,129,2026-09-26T01:42:49.520,9,left,8,9,19.0,True,
run_20260926_014038_575179,3898,129,2026-09-26T01:42:49.520,10,left,9,10,19.0,True,
run_20260926_014038_575179,3898,129,2026-09-26T01:42:49.520,11,left,10,11,18.5,True,
run_20260926_014038_575179,3898,129,2026-09-26T01:42:49.520,12,left,11,12,18.5,True,
run_20260926_014038_575179,3898,129,2026-09-26T01:42:49.520,1,right,0,1,18.0,True,
run_20260926_014038_575179,3898,129,2026-09-26T01:42:49.520,2,right,1,2,19.0,True,
run_20260926_014038_575179,3898,129,2026-09-26T01:42:49.520,3,right,2,3,19.0,True,
run_20260926_014038_575179,3898,129,2026-09-26T01:42:49.520,4,right,3,4,19.0,True,
run_20260926_014038_575179,3898,129,2026-09-26T01:42:49.520,5,right,4,5,18.5,True,
run_20260926_014038_575179,3898,129,2026-09-26T01:42:49.520,6,right,5,6,19.0,True,
run_20260926_014038_575179,3898,129,2026-09-26T01:42:49.520,7,right,6,7,18.5,True,
run_20260926_014038_575179,3898,129,2026-09-26T01:42:49.520,8,right,7,8,19.0,True,
run_20260926_014038_575179,3898,129,2026-09-26T01:42:49.520,9,right,8,9,19.0,True,
run_20260926_014038_575179,3898,129,2026-09-26T01:42:49.520,10,right,9,10,18.0,True,
run_20260926_014038_575179,3898,129,2026-09-26T01:42:49.520,11,right,10,11,18.5,True,
run_20260926_014038_575179,3898,129,2026-09-26T01:42:49.520,12,right,11,12,18.5,True,
run_20260926_014038_575179,3928,130,2026-09-26T01:42:50.523,1,left,0,1,18.5,True,
run_20260926_014038_575179,3928,130,2026-09-26T01:42:50.523,2,left,1,2,19.0,True,
run_20260926_014038_575179,3928,130,2026-09-26T01:42:50.523,3,left,2,3,18.5,True,
run_20260926_014038_575179,3928,130,2026-09-26T01:42:50.523,4,left,3,4,19.0,True,
run_20260926_014038_575179,3928,130,2026-09-26T01:42:50.523,5,left,4,5,19.0,True,
run_20260926_014038_575179,3928,130,2026-09-26T01:42:50.523,6,left,5,6,19.25,True,
run_20260926_014038_575179,3928,130,2026-09-26T01:42:50.523,7,left,6,7,18.75,True,
run_20260926_014038_575179,3928,130,2026-09-26T01:42:50.523,8,left,7,8,19.0,True,
run_20260926_014038_575179,3928,130,2026-09-26T01:42:50.523,9,left,8,9,19.0,True,
run_20260926_014038_575179,3928,130,2026-09-26T01:42:50.523,10,left,9,10,19.0,True,
run_20260926_014038_575179,3928,130,2026-09-26T01:42:50.523,11,left,10,11,18.57142857142857,True,
run_20260926_014038_575179,3928,130,2026-09-26T01:42:50.523,12,left,11,12,18.42857142857143,True,
run_20260926_014038_575179,3928,130,2026-09-26T01:42:50.523,1,right,0,1,18.0,True,
run_20260926_014038_575179,3928,130,2026-09-26T01:42:50.523,2,right,1,2,19.0,True,
run_20260926_014038_575179,3928,130,2026-09-26T01:42:50.523,3,right,2,3,19.0,True,
run_20260926_014038_575179,3928,130,2026-09-26T01:42:50.523,4,right,3,4,19.0,True,
run_20260926_014038_575179,3928,130,2026-09-26T01:42:50.523,5,right,4,5,18.875,True,
run_20260926_014038_575179,3928,130,2026-09-26T01:42:50.523,6,right,5,6,18.625,True,
run_20260926_014038_575179,3928,130,2026-09-26T01:42:50.523,7,right,6,7,18.5,True,
run_20260926_014038_575179,3928,130,2026-09-26T01:42:50.523,8,right,7,8,19.0,True,
run_20260926_014038_575179,3928,130,2026-09-26T01:42:50.523,9,right,8,9,19.0,True,
run_20260926_014038_575179,3928,130,2026-09-26T01:42:50.523,10,right,9,10,18.0,True,
run_20260926_014038_575179,3928,130,2026-09-26T01:42:50.523,11,right,10,11,18.75,True,
run_20260926_014038_575179,3928,130,2026-09-26T01:42:50.523,12,right,11,12,18.25,True,
run_20260926_014038_575179,3959,131,2026-09-26T01:42:51.554,1,left,0,1,18.5,True,
run_20260926_014038_575179,3959,131,2026-09-26T01:42:51.554,2,left,1,2,19.0,True,
run_20260926_014038_575179,3959,131,2026-09-26T01:42:51.554,3,left,2,3,18.5,True,
run_20260926_014038_575179,3959,131,2026-09-26T01:42:51.554,4,left,3,4,19.0,True,
run_20260926_014038_575179,3959,131,2026-09-26T01:42:51.554,5,left,4,5,19.0,True,
run_20260926_014038_575179,3959,131,2026-09-26T01:42:51.554,6,left,5,6,19.25,True,
run_20260926_014038_575179,3959,131,2026-09-26T01:42:51.554,7,left,6,7,18.75,True,
run_20260926_014038_575179,3959,131,2026-09-26T01:42:51.554,8,left,7,8,19.0,True,
run_20260926_014038_575179,3959,131,2026-09-26T01:42:51.554,9,left,8,9,19.0,True,
run_20260926_014038_575179,3959,131,2026-09-26T01:42:51.554,10,left,9,10,19.0,True,
run_20260926_014038_575179,3959,131,2026-09-26T01:42:51.554,11,left,10,11,18.57142857142857,True,
run_20260926_014038_575179,3959,131,2026-09-26T01:42:51.554,12,left,11,12,18.42857142857143,True,
run_20260926_014038_575179,3959,131,2026-09-26T01:42:51.554,1,right,0,1,18.0,True,
run_20260926_014038_575179,3959,131,2026-09-26T01:42:51.554,2,right,1,2,19.0,True,
run_20260926_014038_575179,3959,131,2026-09-26T01:42:51.554,3,right,2,3,19.0,True,
run_20260926_014038_575179,3959,131,2026-09-26T01:42:51.554,4,right,3,4,19.0,True,
run_20260926_014038_575179,3959,131,2026-09-26T01:42:51.554,5,right,4,5,18.875,True,
run_20260926_014038_575179,3959,131,2026-09-26T01:42:51.554,6,right,5,6,18.625,True,
run_20260926_014038_575179,3959,131,2026-09-26T01:42:51.554,7,right,6,7,18.5,True,
run_20260926_014038_575179,3959,131,2026-09-26T01:42:51.554,8,right,7,8,19.0,True,
run_20260926_014038_575179,3959,131,2026-09-26T01:42:51.554,9,right,8,9,19.0,True,
run_20260926_014038_575179,3959,131,2026-09-26T01:42:51.554,10,right,9,10,18.0,True,
run_20260926_014038_575179,3959,131,2026-09-26T01:42:51.554,11,right,10,11,18.75,True,
run_20260926_014038_575179,3959,131,2026-09-26T01:42:51.554,12,right,11,12,18.25,True,
run_20260926_014038_575179,3990,132,2026-09-26T01:42:52.587,1,left,0,1,18.5,True,
run_20260926_014038_575179,3990,132,2026-09-26T01:42:52.587,2,left,1,2,19.0,True,
run_20260926_014038_575179,3990,132,2026-09-26T01:42:52.587,3,left,2,3,18.5,True,
run_20260926_014038_575179,3990,132,2026-09-26T01:42:52.587,4,left,3,4,19.0,True,
run_20260926_014038_575179,3990,132,2026-09-26T01:42:52.587,5,left,4,5,19.0,True,
run_20260926_014038_575179,3990,132,2026-09-26T01:42:52.587,6,left,5,6,19.0,True,
run_20260926_014038_575179,3990,132,2026-09-26T01:42:52.587,7,left,6,7,19.0,True,
run_20260926_014038_575179,3990,132,2026-09-26T01:42:52.587,8,left,7,8,19.0,True,
run_20260926_014038_575179,3990,132,2026-09-26T01:42:52.587,9,left,8,9,19.0,True,
run_20260926_014038_575179,3990,132,2026-09-26T01:42:52.587,10,left,9,10,19.0,True,
run_20260926_014038_575179,3990,132,2026-09-26T01:42:52.587,11,left,10,11,18.57142857142857,True,
run_20260926_014038_575179,3990,132,2026-09-26T01:42:52.587,12,left,11,12,18.42857142857143,True,
run_20260926_014038_575179,3990,132,2026-09-26T01:42:52.587,1,right,0,1,18.0,True,
run_20260926_014038_575179,3990,132,2026-09-26T01:42:52.587,2,right,1,2,19.0,True,
run_20260926_014038_575179,3990,132,2026-09-26T01:42:52.587,3,right,2,3,19.0,True,
run_20260926_014038_575179,3990,132,2026-09-26T01:42:52.587,4,right,3,4,19.0,True,
run_20260926_014038_575179,3990,132,2026-09-26T01:42:52.587,5,right,4,5,19.0,True,
run_20260926_014038_575179,3990,132,2026-09-26T01:42:52.587,6,right,5,6,18.5,True,
run_20260926_014038_575179,3990,132,2026-09-26T01:42:52.587,7,right,6,7,18.5,True,
run_20260926_014038_575179,3990,132,2026-09-26T01:42:52.587,8,right,7,8,19.0,True,
run_20260926_014038_575179,3990,132,2026-09-26T01:42:52.587,9,right,8,9,19.0,True,
run_20260926_014038_575179,3990,132,2026-09-26T01:42:52.587,10,right,9,10,18.0,True,
run_20260926_014038_575179,3990,132,2026-09-26T01:42:52.587,11,right,10,11,18.5,True,
run_20260926_014038_575179,3990,132,2026-09-26T01:42:52.587,12,right,11,12,18.5,True,
run_20260926_014038_575179,4020,133,2026-09-26T01:42:53.591,1,left,0,1,18.5,True,
run_20260926_014038_575179,4020,133,2026-09-26T01:42:53.591,2,left,1,2,19.0,True,
run_20260926_014038_575179,4020,133,2026-09-26T01:42:53.591,3,left,2,3,18.5,True,
run_20260926_014038_575179,4020,133,2026-09-26T01:42:53.591,4,left,3,4,19.0,True,
run_20260926_014038_575179,4020,133,2026-09-26T01:42:53.591,5,left,4,5,19.0,True,
run_20260926_014038_575179,4020,133,2026-09-26T01:42:53.591,6,left,5,6,19.25,True,
run_20260926_014038_575179,4020,133,2026-09-26T01:42:53.591,7,left,6,7,18.75,True,
run_20260926_014038_575179,4020,133,2026-09-26T01:42:53.591,8,left,7,8,19.0,True,
run_20260926_014038_575179,4020,133,2026-09-26T01:42:53.591,9,left,8,9,19.0,True,
run_20260926_014038_575179,4020,133,2026-09-26T01:42:53.591,10,left,9,10,19.0,True,
run_20260926_014038_575179,4020,133,2026-09-26T01:42:53.591,11,left,10,11,18.5,True,
run_20260926_014038_575179,4020,133,2026-09-26T01:42:53.591,12,left,11,12,18.5,True,
run_20260926_014038_575179,4020,133,2026-09-26T01:42:53.591,1,right,0,1,18.0,True,
run_20260926_014038_575179,4020,133,2026-09-26T01:42:53.591,2,right,1,2,19.0,True,
run_20260926_014038_575179,4020,133,2026-09-26T01:42:53.591,3,right,2,3,19.0,True,
run_20260926_014038_575179,4020,133,2026-09-26T01:42:53.591,4,right,3,4,19.0,True,
run_20260926_014038_575179,4020,133,2026-09-26T01:42:53.591,5,right,4,5,18.5,True,
run_20260926_014038_575179,4020,133,2026-09-26T01:42:53.591,6,right,5,6,19.0,True,
run_20260926_014038_575179,4020,133,2026-09-26T01:42:53.591,7,right,6,7,18.5,True,
run_20260926_014038_575179,4020,133,2026-09-26T01:42:53.591,8,right,7,8,19.0,True,
run_20260926_014038_575179,4020,133,2026-09-26T01:42:53.591,9,right,8,9,19.0,True,
run_20260926_014038_575179,4020,133,2026-09-26T01:42:53.591,10,right,9,10,18.0,True,
run_20260926_014038_575179,4020,133,2026-09-26T01:42:53.591,11,right,10,11,18.5,True,
run_20260926_014038_575179,4020,133,2026-09-26T01:42:53.591,12,right,11,12,18.5,True,
run_20260926_014038_575179,4051,134,2026-09-26T01:42:54.628,1,left,0,1,18.5,True,
run_20260926_014038_575179,4051,134,2026-09-26T01:42:54.628,2,left,1,2,19.0,True,
run_20260926_014038_575179,4051,134,2026-09-26T01:42:54.628,3,left,2,3,18.5,True,
run_20260926_014038_575179,4051,134,2026-09-26T01:42:54.628,4,left,3,4,19.0,True,
run_20260926_014038_575179,4051,134,2026-09-26T01:42:54.628,5,left,4,5,19.0,True,
run_20260926_014038_575179,4051,134,2026-09-26T01:42:54.628,6,left,5,6,19.25,True,
run_20260926_014038_575179,4051,134,2026-09-26T01:42:54.628,7,left,6,7,18.75,True,
run_20260926_014038_575179,4051,134,2026-09-26T01:42:54.628,8,left,7,8,19.0,True,
run_20260926_014038_575179,4051,134,2026-09-26T01:42:54.628,9,left,8,9,19.0,True,
run_20260926_014038_575179,4051,134,2026-09-26T01:42:54.628,10,left,9,10,19.0,True,
run_20260926_014038_575179,4051,134,2026-09-26T01:42:54.628,11,left,10,11,18.57142857142857,True,
run_20260926_014038_575179,4051,134,2026-09-26T01:42:54.628,12,left,11,12,18.42857142857143,True,
run_20260926_014038_575179,4051,134,2026-09-26T01:42:54.628,1,right,0,1,18.0,True,
run_20260926_014038_575179,4051,134,2026-09-26T01:42:54.628,2,right,1,2,19.0,True,
run_20260926_014038_575179,4051,134,2026-09-26T01:42:54.628,3,right,2,3,19.0,True,
run_20260926_014038_575179,4051,134,2026-09-26T01:42:54.628,4,right,3,4,19.0,True,
run_20260926_014038_575179,4051,134,2026-09-26T01:42:54.628,5,right,4,5,18.5,True,
run_20260926_014038_575179,4051,134,2026-09-26T01:42:54.628,6,right,5,6,19.0,True,
run_20260926_014038_575179,4051,134,2026-09-26T01:42:54.628,7,right,6,7,18.5,True,
run_20260926_014038_575179,4051,134,2026-09-26T01:42:54.628,8,right,7,8,19.0,True,
run_20260926_014038_575179,4051,134,2026-09-26T01:42:54.628,9,right,8,9,19.0,True,
run_20260926_014038_575179,4051,134,2026-09-26T01:42:54.628,10,right,9,10,18.0,True,
run_20260926_014038_575179,4051,134,2026-09-26T01:42:54.628,11,right,10,11,18.5,True,
run_20260926_014038_575179,4051,134,2026-09-26T01:42:54.628,12,right,11,12,18.5,True,
run_20260926_014038_575179,4082,135,2026-09-26T01:42:55.653,1,left,0,1,18.5,True,
run_20260926_014038_575179,4082,135,2026-09-26T01:42:55.653,2,left,1,2,19.0,True,
run_20260926_014038_575179,4082,135,2026-09-26T01:42:55.653,3,left,2,3,18.5,True,
run_20260926_014038_575179,4082,135,2026-09-26T01:42:55.653,4,left,3,4,19.0,True,
run_20260926_014038_575179,4082,135,2026-09-26T01:42:55.653,5,left,4,5,19.0,True,
run_20260926_014038_575179,4082,135,2026-09-26T01:42:55.653,6,left,5,6,19.0,True,
run_20260926_014038_575179,4082,135,2026-09-26T01:42:55.653,7,left,6,7,19.0,True,
run_20260926_014038_575179,4082,135,2026-09-26T01:42:55.653,8,left,7,8,19.0,True,
run_20260926_014038_575179,4082,135,2026-09-26T01:42:55.653,9,left,8,9,19.0,True,
run_20260926_014038_575179,4082,135,2026-09-26T01:42:55.653,10,left,9,10,19.0,True,
run_20260926_014038_575179,4082,135,2026-09-26T01:42:55.653,11,left,10,11,18.57142857142857,True,
run_20260926_014038_575179,4082,135,2026-09-26T01:42:55.653,12,left,11,12,18.42857142857143,True,
run_20260926_014038_575179,4082,135,2026-09-26T01:42:55.653,1,right,0,1,18.0,True,
run_20260926_014038_575179,4082,135,2026-09-26T01:42:55.653,2,right,1,2,19.0,True,
run_20260926_014038_575179,4082,135,2026-09-26T01:42:55.653,3,right,2,3,19.0,True,
run_20260926_014038_575179,4082,135,2026-09-26T01:42:55.653,4,right,3,4,19.0,True,
run_20260926_014038_575179,4082,135,2026-09-26T01:42:55.653,5,right,4,5,18.5,True,
run_20260926_014038_575179,4082,135,2026-09-26T01:42:55.653,6,right,5,6,19.0,True,
run_20260926_014038_575179,4082,135,2026-09-26T01:42:55.653,7,right,6,7,18.5,True,
run_20260926_014038_575179,4082,135,2026-09-26T01:42:55.653,8,right,7,8,19.0,True,
run_20260926_014038_575179,4082,135,2026-09-26T01:42:55.653,9,right,8,9,19.0,True,
run_20260926_014038_575179,4082,135,2026-09-26T01:42:55.653,10,right,9,10,18.0,True,
run_20260926_014038_575179,4082,135,2026-09-26T01:42:55.653,11,right,10,11,18.5,True,
run_20260926_014038_575179,4082,135,2026-09-26T01:42:55.653,12,right,11,12,18.5,True,
run_20260926_014038_575179,4112,136,2026-09-26T01:42:56.656,1,left,0,1,18.5,True,
run_20260926_014038_575179,4112,136,2026-09-26T01:42:56.656,2,left,1,2,19.0,True,
run_20260926_014038_575179,4112,136,2026-09-26T01:42:56.656,3,left,2,3,18.5,True,
run_20260926_014038_575179,4112,136,2026-09-26T01:42:56.656,4,left,3,4,19.0,True,
run_20260926_014038_575179,4112,136,2026-09-26T01:42:56.656,5,left,4,5,19.0,True,
run_20260926_014038_575179,4112,136,2026-09-26T01:42:56.656,6,left,5,6,19.0,True,
run_20260926_014038_575179,4112,136,2026-09-26T01:42:56.656,7,left,6,7,19.0,True,
run_20260926_014038_575179,4112,136,2026-09-26T01:42:56.656,8,left,7,8,19.0,True,
run_20260926_014038_575179,4112,136,2026-09-26T01:42:56.656,9,left,8,9,19.0,True,
run_20260926_014038_575179,4112,136,2026-09-26T01:42:56.656,10,left,9,10,19.0,True,
run_20260926_014038_575179,4112,136,2026-09-26T01:42:56.656,11,left,10,11,18.57142857142857,True,
run_20260926_014038_575179,4112,136,2026-09-26T01:42:56.656,12,left,11,12,18.42857142857143,True,
run_20260926_014038_575179,4112,136,2026-09-26T01:42:56.656,1,right,0,1,18.0,True,
run_20260926_014038_575179,4112,136,2026-09-26T01:42:56.656,2,right,1,2,19.0,True,
run_20260926_014038_575179,4112,136,2026-09-26T01:42:56.656,3,right,2,3,19.0,True,
run_20260926_014038_575179,4112,136,2026-09-26T01:42:56.656,4,right,3,4,19.0,True,
run_20260926_014038_575179,4112,136,2026-09-26T01:42:56.656,5,right,4,5,18.5,True,
run_20260926_014038_575179,4112,136,2026-09-26T01:42:56.656,6,right,5,6,19.0,True,
run_20260926_014038_575179,4112,136,2026-09-26T01:42:56.656,7,right,6,7,18.5,True,
run_20260926_014038_575179,4112,136,2026-09-26T01:42:56.656,8,right,7,8,19.0,True,
run_20260926_014038_575179,4112,136,2026-09-26T01:42:56.656,9,right,8,9,19.0,True,
run_20260926_014038_575179,4112,136,2026-09-26T01:42:56.656,10,right,9,10,18.0,True,
run_20260926_014038_575179,4112,136,2026-09-26T01:42:56.656,11,right,10,11,18.5,True,
run_20260926_014038_575179,4112,136,2026-09-26T01:42:56.656,12,right,11,12,18.5,True,
run_20260926_014038_575179,4143,137,2026-09-26T01:42:57.692,1,left,0,1,18.5,True,
run_20260926_014038_575179,4143,137,2026-09-26T01:42:57.692,2,left,1,2,19.0,True,
run_20260926_014038_575179,4143,137,2026-09-26T01:42:57.692,3,left,2,3,18.5,True,
run_20260926_014038_575179,4143,137,2026-09-26T01:42:57.692,4,left,3,4,19.0,True,
run_20260926_014038_575179,4143,137,2026-09-26T01:42:57.692,5,left,4,5,19.0,True,
run_20260926_014038_575179,4143,137,2026-09-26T01:42:57.692,6,left,5,6,19.25,True,
run_20260926_014038_575179,4143,137,2026-09-26T01:42:57.692,7,left,6,7,18.75,True,
run_20260926_014038_575179,4143,137,2026-09-26T01:42:57.692,8,left,7,8,19.0,True,
run_20260926_014038_575179,4143,137,2026-09-26T01:42:57.692,9,left,8,9,19.0,True,
run_20260926_014038_575179,4143,137,2026-09-26T01:42:57.692,10,left,9,10,19.0,True,
run_20260926_014038_575179,4143,137,2026-09-26T01:42:57.692,11,left,10,11,18.57142857142857,True,
run_20260926_014038_575179,4143,137,2026-09-26T01:42:57.692,12,left,11,12,18.42857142857143,True,
run_20260926_014038_575179,4143,137,2026-09-26T01:42:57.692,1,right,0,1,18.0,True,
run_20260926_014038_575179,4143,137,2026-09-26T01:42:57.692,2,right,1,2,19.0,True,
run_20260926_014038_575179,4143,137,2026-09-26T01:42:57.692,3,right,2,3,19.0,True,
run_20260926_014038_575179,4143,137,2026-09-26T01:42:57.692,4,right,3,4,19.0,True,
run_20260926_014038_575179,4143,137,2026-09-26T01:42:57.692,5,right,4,5,19.0,True,
run_20260926_014038_575179,4143,137,2026-09-26T01:42:57.692,6,right,5,6,18.5,True,
run_20260926_014038_575179,4143,137,2026-09-26T01:42:57.692,7,right,6,7,18.5,True,
run_20260926_014038_575179,4143,137,2026-09-26T01:42:57.692,8,right,7,8,19.0,True,
run_20260926_014038_575179,4143,137,2026-09-26T01:42:57.692,9,right,8,9,19.0,True,
run_20260926_014038_575179,4143,137,2026-09-26T01:42:57.692,10,right,9,10,18.0,True,
run_20260926_014038_575179,4143,137,2026-09-26T01:42:57.692,11,right,10,11,18.5,True,
run_20260926_014038_575179,4143,137,2026-09-26T01:42:57.692,12,right,11,12,18.5,True,
run_20260926_014038_575179,4174,138,2026-09-26T01:42:58.733,1,left,0,1,18.5,True,
run_20260926_014038_575179,4174,138,2026-09-26T01:42:58.733,2,left,1,2,19.0,True,
run_20260926_014038_575179,4174,138,2026-09-26T01:42:58.733,3,left,2,3,18.5,True,
run_20260926_014038_575179,4174,138,2026-09-26T01:42:58.733,4,left,3,4,19.0,True,
run_20260926_014038_575179,4174,138,2026-09-26T01:42:58.733,5,left,4,5,19.0,True,
run_20260926_014038_575179,4174,138,2026-09-26T01:42:58.733,6,left,5,6,19.0,True,
run_20260926_014038_575179,4174,138,2026-09-26T01:42:58.733,7,left,6,7,19.0,True,
run_20260926_014038_575179,4174,138,2026-09-26T01:42:58.733,8,left,7,8,19.0,True,
run_20260926_014038_575179,4174,138,2026-09-26T01:42:58.733,9,left,8,9,19.0,True,
run_20260926_014038_575179,4174,138,2026-09-26T01:42:58.733,10,left,9,10,19.0,True,
run_20260926_014038_575179,4174,138,2026-09-26T01:42:58.733,11,left,10,11,18.57142857142857,True,
run_20260926_014038_575179,4174,138,2026-09-26T01:42:58.733,12,left,11,12,18.42857142857143,True,
run_20260926_014038_575179,4174,138,2026-09-26T01:42:58.733,1,right,0,1,18.0,True,
run_20260926_014038_575179,4174,138,2026-09-26T01:42:58.733,2,right,1,2,19.0,True,
run_20260926_014038_575179,4174,138,2026-09-26T01:42:58.733,3,right,2,3,19.0,True,
run_20260926_014038_575179,4174,138,2026-09-26T01:42:58.733,4,right,3,4,19.0,True,
run_20260926_014038_575179,4174,138,2026-09-26T01:42:58.733,5,right,4,5,18.5,True,
run_20260926_014038_575179,4174,138,2026-09-26T01:42:58.733,6,right,5,6,19.0,True,
run_20260926_014038_575179,4174,138,2026-09-26T01:42:58.733,7,right,6,7,18.5,True,
run_20260926_014038_575179,4174,138,2026-09-26T01:42:58.733,8,right,7,8,19.0,True,
run_20260926_014038_575179,4174,138,2026-09-26T01:42:58.733,9,right,8,9,19.0,True,
run_20260926_014038_575179,4174,138,2026-09-26T01:42:58.733,10,right,9,10,18.0,True,
run_20260926_014038_575179,4174,138,2026-09-26T01:42:58.733,11,right,10,11,18.5,True,
run_20260926_014038_575179,4174,138,2026-09-26T01:42:58.733,12,right,11,12,18.65384615384619,True,
run_20260926_014038_575179,4205,139,2026-09-26T01:42:59.752,1,left,0,1,18.5,True,
run_20260926_014038_575179,4205,139,2026-09-26T01:42:59.752,2,left,1,2,19.0,True,
run_20260926_014038_575179,4205,139,2026-09-26T01:42:59.752,3,left,2,3,18.5,True,
run_20260926_014038_575179,4205,139,2026-09-26T01:42:59.752,4,left,3,4,19.0,True,
run_20260926_014038_575179,4205,139,2026-09-26T01:42:59.752,5,left,4,5,19.0,True,
run_20260926_014038_575179,4205,139,2026-09-26T01:42:59.752,6,left,5,6,19.0,True,
run_20260926_014038_575179,4205,139,2026-09-26T01:42:59.752,7,left,6,7,19.0,True,
run_20260926_014038_575179,4205,139,2026-09-26T01:42:59.752,8,left,7,8,19.0,True,
run_20260926_014038_575179,4205,139,2026-09-26T01:42:59.752,9,left,8,9,19.0,True,
run_20260926_014038_575179,4205,139,2026-09-26T01:42:59.752,10,left,9,10,19.0,True,
run_20260926_014038_575179,4205,139,2026-09-26T01:42:59.752,11,left,10,11,18.5,True,
run_20260926_014038_575179,4205,139,2026-09-26T01:42:59.752,12,left,11,12,18.5,True,
run_20260926_014038_575179,4205,139,2026-09-26T01:42:59.752,1,right,0,1,18.0,True,
run_20260926_014038_575179,4205,139,2026-09-26T01:42:59.752,2,right,1,2,19.0,True,
run_20260926_014038_575179,4205,139,2026-09-26T01:42:59.752,3,right,2,3,19.0,True,
run_20260926_014038_575179,4205,139,2026-09-26T01:42:59.752,4,right,3,4,19.0,True,
run_20260926_014038_575179,4205,139,2026-09-26T01:42:59.752,5,right,4,5,18.5,True,
run_20260926_014038_575179,4205,139,2026-09-26T01:42:59.752,6,right,5,6,19.0,True,
run_20260926_014038_575179,4205,139,2026-09-26T01:42:59.752,7,right,6,7,18.5,True,
run_20260926_014038_575179,4205,139,2026-09-26T01:42:59.752,8,right,7,8,19.0,True,
run_20260926_014038_575179,4205,139,2026-09-26T01:42:59.752,9,right,8,9,19.0,True,
run_20260926_014038_575179,4205,139,2026-09-26T01:42:59.752,10,right,9,10,18.0,True,
run_20260926_014038_575179,4205,139,2026-09-26T01:42:59.752,11,right,10,11,18.636363636363626,True,
run_20260926_014038_575179,4205,139,2026-09-26T01:42:59.752,12,right,11,12,18.363636363636374,True,
run_20260926_014038_575179,4235,140,2026-09-26T01:43:00.754,1,left,0,1,18.5,True,
run_20260926_014038_575179,4235,140,2026-09-26T01:43:00.754,2,left,1,2,19.0,True,
run_20260926_014038_575179,4235,140,2026-09-26T01:43:00.754,3,left,2,3,18.5,True,
run_20260926_014038_575179,4235,140,2026-09-26T01:43:00.754,4,left,3,4,19.0,True,
run_20260926_014038_575179,4235,140,2026-09-26T01:43:00.754,5,left,4,5,19.0,True,
run_20260926_014038_575179,4235,140,2026-09-26T01:43:00.754,6,left,5,6,19.0,True,
run_20260926_014038_575179,4235,140,2026-09-26T01:43:00.754,7,left,6,7,19.0,True,
run_20260926_014038_575179,4235,140,2026-09-26T01:43:00.754,8,left,7,8,19.0,True,
run_20260926_014038_575179,4235,140,2026-09-26T01:43:00.754,9,left,8,9,19.0,True,
run_20260926_014038_575179,4235,140,2026-09-26T01:43:00.754,10,left,9,10,19.0,True,
run_20260926_014038_575179,4235,140,2026-09-26T01:43:00.754,11,left,10,11,18.5,True,
run_20260926_014038_575179,4235,140,2026-09-26T01:43:00.754,12,left,11,12,18.5,True,
run_20260926_014038_575179,4235,140,2026-09-26T01:43:00.754,1,right,0,1,18.0,True,
run_20260926_014038_575179,4235,140,2026-09-26T01:43:00.754,2,right,1,2,19.0,True,
run_20260926_014038_575179,4235,140,2026-09-26T01:43:00.754,3,right,2,3,19.0,True,
run_20260926_014038_575179,4235,140,2026-09-26T01:43:00.754,4,right,3,4,19.0,True,
run_20260926_014038_575179,4235,140,2026-09-26T01:43:00.754,5,right,4,5,18.5,True,
run_20260926_014038_575179,4235,140,2026-09-26T01:43:00.754,6,right,5,6,19.0,True,
run_20260926_014038_575179,4235,140,2026-09-26T01:43:00.754,7,right,6,7,18.5,True,
run_20260926_014038_575179,4235,140,2026-09-26T01:43:00.754,8,right,7,8,19.0,True,
run_20260926_014038_575179,4235,140,2026-09-26T01:43:00.754,9,right,8,9,19.0,True,
run_20260926_014038_575179,4235,140,2026-09-26T01:43:00.754,10,right,9,10,18.0,True,
run_20260926_014038_575179,4235,140,2026-09-26T01:43:00.754,11,right,10,11,18.5,True,
run_20260926_014038_575179,4235,140,2026-09-26T01:43:00.754,12,right,11,12,18.5,True,
run_20260926_014038_575179,4265,141,2026-09-26T01:43:01.756,1,left,0,1,18.5,True,
run_20260926_014038_575179,4265,141,2026-09-26T01:43:01.756,2,left,1,2,19.0,True,
run_20260926_014038_575179,4265,141,2026-09-26T01:43:01.756,3,left,2,3,18.5,True,
run_20260926_014038_575179,4265,141,2026-09-26T01:43:01.756,4,left,3,4,19.0,True,
run_20260926_014038_575179,4265,141,2026-09-26T01:43:01.756,5,left,4,5,19.0,True,
run_20260926_014038_575179,4265,141,2026-09-26T01:43:01.756,6,left,5,6,19.0,True,
run_20260926_014038_575179,4265,141,2026-09-26T01:43:01.756,7,left,6,7,19.0,True,
run_20260926_014038_575179,4265,141,2026-09-26T01:43:01.756,8,left,7,8,19.0,True,
run_20260926_014038_575179,4265,141,2026-09-26T01:43:01.756,9,left,8,9,19.0,True,
run_20260926_014038_575179,4265,141,2026-09-26T01:43:01.756,10,left,9,10,19.0,True,
run_20260926_014038_575179,4265,141,2026-09-26T01:43:01.756,11,left,10,11,18.57142857142857,True,
run_20260926_014038_575179,4265,141,2026-09-26T01:43:01.756,12,left,11,12,18.42857142857143,True,
run_20260926_014038_575179,4265,141,2026-09-26T01:43:01.756,1,right,0,1,18.0,True,
run_20260926_014038_575179,4265,141,2026-09-26T01:43:01.756,2,right,1,2,19.0,True,
run_20260926_014038_575179,4265,141,2026-09-26T01:43:01.756,3,right,2,3,19.0,True,
run_20260926_014038_575179,4265,141,2026-09-26T01:43:01.756,4,right,3,4,19.0,True,
run_20260926_014038_575179,4265,141,2026-09-26T01:43:01.756,5,right,4,5,18.5,True,
run_20260926_014038_575179,4265,141,2026-09-26T01:43:01.756,6,right,5,6,19.0,True,
run_20260926_014038_575179,4265,141,2026-09-26T01:43:01.756,7,right,6,7,18.5,True,
run_20260926_014038_575179,4265,141,2026-09-26T01:43:01.756,8,right,7,8,19.0,True,
run_20260926_014038_575179,4265,141,2026-09-26T01:43:01.756,9,right,8,9,19.0,True,
run_20260926_014038_575179,4265,141,2026-09-26T01:43:01.756,10,right,9,10,18.0,True,
run_20260926_014038_575179,4265,141,2026-09-26T01:43:01.756,11,right,10,11,18.636363636363626,True,
run_20260926_014038_575179,4265,141,2026-09-26T01:43:01.756,12,right,11,12,18.517482517482563,True,
run_20260926_014038_575179,4296,142,2026-09-26T01:43:02.787,1,left,0,1,18.5,True,
run_20260926_014038_575179,4296,142,2026-09-26T01:43:02.787,2,left,1,2,19.0,True,
run_20260926_014038_575179,4296,142,2026-09-26T01:43:02.787,3,left,2,3,18.5,True,
run_20260926_014038_575179,4296,142,2026-09-26T01:43:02.787,4,left,3,4,19.0,True,
run_20260926_014038_575179,4296,142,2026-09-26T01:43:02.787,5,left,4,5,19.0,True,
run_20260926_014038_575179,4296,142,2026-09-26T01:43:02.787,6,left,5,6,19.0,True,
run_20260926_014038_575179,4296,142,2026-09-26T01:43:02.787,7,left,6,7,19.0,True,
run_20260926_014038_575179,4296,142,2026-09-26T01:43:02.787,8,left,7,8,19.0,True,
run_20260926_014038_575179,4296,142,2026-09-26T01:43:02.787,9,left,8,9,19.0,True,
run_20260926_014038_575179,4296,142,2026-09-26T01:43:02.787,10,left,9,10,19.0,True,
run_20260926_014038_575179,4296,142,2026-09-26T01:43:02.787,11,left,10,11,18.57142857142857,True,
run_20260926_014038_575179,4296,142,2026-09-26T01:43:02.787,12,left,11,12,18.42857142857143,True,
run_20260926_014038_575179,4296,142,2026-09-26T01:43:02.787,1,right,0,1,18.0,True,
run_20260926_014038_575179,4296,142,2026-09-26T01:43:02.787,2,right,1,2,19.0,True,
run_20260926_014038_575179,4296,142,2026-09-26T01:43:02.787,3,right,2,3,19.0,True,
run_20260926_014038_575179,4296,142,2026-09-26T01:43:02.787,4,right,3,4,19.0,True,
run_20260926_014038_575179,4296,142,2026-09-26T01:43:02.787,5,right,4,5,18.5,True,
run_20260926_014038_575179,4296,142,2026-09-26T01:43:02.787,6,right,5,6,19.0,True,
run_20260926_014038_575179,4296,142,2026-09-26T01:43:02.787,7,right,6,7,18.5,True,
run_20260926_014038_575179,4296,142,2026-09-26T01:43:02.787,8,right,7,8,19.0,True,
run_20260926_014038_575179,4296,142,2026-09-26T01:43:02.787,9,right,8,9,19.0,True,
run_20260926_014038_575179,4296,142,2026-09-26T01:43:02.787,10,right,9,10,18.0,True,
run_20260926_014038_575179,4296,142,2026-09-26T01:43:02.787,11,right,10,11,18.5,True,
run_20260926_014038_575179,4296,142,2026-09-26T01:43:02.787,12,right,11,12,18.5,True,
run_20260926_014038_575179,4326,143,2026-09-26T01:43:03.788,1,left,0,1,18.5,True,
run_20260926_014038_575179,4326,143,2026-09-26T01:43:03.788,2,left,1,2,19.0,True,
run_20260926_014038_575179,4326,143,2026-09-26T01:43:03.788,3,left,2,3,18.5,True,
run_20260926_014038_575179,4326,143,2026-09-26T01:43:03.788,4,left,3,4,19.0,True,
run_20260926_014038_575179,4326,143,2026-09-26T01:43:03.788,5,left,4,5,19.0,True,
run_20260926_014038_575179,4326,143,2026-09-26T01:43:03.788,6,left,5,6,19.25,True,
run_20260926_014038_575179,4326,143,2026-09-26T01:43:03.788,7,left,6,7,18.75,True,
run_20260926_014038_575179,4326,143,2026-09-26T01:43:03.788,8,left,7,8,19.0,True,
run_20260926_014038_575179,4326,143,2026-09-26T01:43:03.788,9,left,8,9,19.0,True,
run_20260926_014038_575179,4326,143,2026-09-26T01:43:03.788,10,left,9,10,19.0,True,
run_20260926_014038_575179,4326,143,2026-09-26T01:43:03.788,11,left,10,11,18.5,True,
run_20260926_014038_575179,4326,143,2026-09-26T01:43:03.788,12,left,11,12,18.5,True,
run_20260926_014038_575179,4326,143,2026-09-26T01:43:03.788,1,right,0,1,18.0,True,
run_20260926_014038_575179,4326,143,2026-09-26T01:43:03.788,2,right,1,2,19.0,True,
run_20260926_014038_575179,4326,143,2026-09-26T01:43:03.788,3,right,2,3,19.0,True,
run_20260926_014038_575179,4326,143,2026-09-26T01:43:03.788,4,right,3,4,19.0,True,
run_20260926_014038_575179,4326,143,2026-09-26T01:43:03.788,5,right,4,5,18.764705882352928,True,
run_20260926_014038_575179,4326,143,2026-09-26T01:43:03.788,6,right,5,6,18.735294117647072,True,
run_20260926_014038_575179,4326,143,2026-09-26T01:43:03.788,7,right,6,7,18.5,True,
run_20260926_014038_575179,4326,143,2026-09-26T01:43:03.788,8,right,7,8,19.0,True,
run_20260926_014038_575179,4326,143,2026-09-26T01:43:03.788,9,right,8,9,19.0,True,
run_20260926_014038_575179,4326,143,2026-09-26T01:43:03.788,10,right,9,10,18.0,True,
run_20260926_014038_575179,4326,143,2026-09-26T01:43:03.788,11,right,10,11,18.5,True,
run_20260926_014038_575179,4326,143,2026-09-26T01:43:03.788,12,right,11,12,18.571428571428555,True,
run_20260926_014038_575179,4356,144,2026-09-26T01:43:04.792,1,left,0,1,18.5,True,
run_20260926_014038_575179,4356,144,2026-09-26T01:43:04.792,2,left,1,2,19.0,True,
run_20260926_014038_575179,4356,144,2026-09-26T01:43:04.792,3,left,2,3,18.5,True,
run_20260926_014038_575179,4356,144,2026-09-26T01:43:04.792,4,left,3,4,19.0,True,
run_20260926_014038_575179,4356,144,2026-09-26T01:43:04.792,5,left,4,5,19.0,True,
run_20260926_014038_575179,4356,144,2026-09-26T01:43:04.792,6,left,5,6,19.0,True,
run_20260926_014038_575179,4356,144,2026-09-26T01:43:04.792,7,left,6,7,19.0,True,
run_20260926_014038_575179,4356,144,2026-09-26T01:43:04.792,8,left,7,8,19.0,True,
run_20260926_014038_575179,4356,144,2026-09-26T01:43:04.792,9,left,8,9,19.0,True,
run_20260926_014038_575179,4356,144,2026-09-26T01:43:04.792,10,left,9,10,19.0,True,
run_20260926_014038_575179,4356,144,2026-09-26T01:43:04.792,11,left,10,11,18.5,True,
run_20260926_014038_575179,4356,144,2026-09-26T01:43:04.792,12,left,11,12,18.5,True,
run_20260926_014038_575179,4356,144,2026-09-26T01:43:04.792,1,right,0,1,18.0,True,
run_20260926_014038_575179,4356,144,2026-09-26T01:43:04.792,2,right,1,2,19.0,True,
run_20260926_014038_575179,4356,144,2026-09-26T01:43:04.792,3,right,2,3,19.0,True,
run_20260926_014038_575179,4356,144,2026-09-26T01:43:04.792,4,right,3,4,19.0,True,
run_20260926_014038_575179,4356,144,2026-09-26T01:43:04.792,5,right,4,5,18.764705882352928,True,
run_20260926_014038_575179,4356,144,2026-09-26T01:43:04.792,6,right,5,6,18.735294117647072,True,
run_20260926_014038_575179,4356,144,2026-09-26T01:43:04.792,7,right,6,7,18.5,True,
run_20260926_014038_575179,4356,144,2026-09-26T01:43:04.792,8,right,7,8,19.0,True,
run_20260926_014038_575179,4356,144,2026-09-26T01:43:04.792,9,right,8,9,19.0,True,
run_20260926_014038_575179,4356,144,2026-09-26T01:43:04.792,10,right,9,10,18.0,True,
run_20260926_014038_575179,4356,144,2026-09-26T01:43:04.792,11,right,10,11,18.636363636363626,True,
run_20260926_014038_575179,4356,144,2026-09-26T01:43:04.792,12,right,11,12,18.43506493506493,True,
run_20260926_014038_575179,4387,145,2026-09-26T01:43:05.821,1,left,0,1,18.5,True,
run_20260926_014038_575179,4387,145,2026-09-26T01:43:05.821,2,left,1,2,19.0,True,
run_20260926_014038_575179,4387,145,2026-09-26T01:43:05.821,3,left,2,3,18.5,True,
run_20260926_014038_575179,4387,145,2026-09-26T01:43:05.821,4,left,3,4,19.0,True,
run_20260926_014038_575179,4387,145,2026-09-26T01:43:05.821,5,left,4,5,19.0,True,
run_20260926_014038_575179,4387,145,2026-09-26T01:43:05.821,6,left,5,6,19.25,True,
run_20260926_014038_575179,4387,145,2026-09-26T01:43:05.821,7,left,6,7,18.75,True,
run_20260926_014038_575179,4387,145,2026-09-26T01:43:05.821,8,left,7,8,19.0,True,
run_20260926_014038_575179,4387,145,2026-09-26T01:43:05.821,9,left,8,9,19.0,True,
run_20260926_014038_575179,4387,145,2026-09-26T01:43:05.821,10,left,9,10,19.0,True,
run_20260926_014038_575179,4387,145,2026-09-26T01:43:05.821,11,left,10,11,18.5,True,
run_20260926_014038_575179,4387,145,2026-09-26T01:43:05.821,12,left,11,12,18.5,True,
run_20260926_014038_575179,4387,145,2026-09-26T01:43:05.821,1,right,0,1,18.0,True,
run_20260926_014038_575179,4387,145,2026-09-26T01:43:05.821,2,right,1,2,19.0,True,
run_20260926_014038_575179,4387,145,2026-09-26T01:43:05.821,3,right,2,3,19.0,True,
run_20260926_014038_575179,4387,145,2026-09-26T01:43:05.821,4,right,3,4,19.0,True,
run_20260926_014038_575179,4387,145,2026-09-26T01:43:05.821,5,right,4,5,19.0,True,
run_20260926_014038_575179,4387,145,2026-09-26T01:43:05.821,6,right,5,6,18.5,True,
run_20260926_014038_575179,4387,145,2026-09-26T01:43:05.821,7,right,6,7,18.5,True,
run_20260926_014038_575179,4387,145,2026-09-26T01:43:05.821,8,right,7,8,19.0,True,
run_20260926_014038_575179,4387,145,2026-09-26T01:43:05.821,9,right,8,9,19.0,True,
run_20260926_014038_575179,4387,145,2026-09-26T01:43:05.821,10,right,9,10,18.0,True,
run_20260926_014038_575179,4387,145,2026-09-26T01:43:05.821,11,right,10,11,18.636363636363626,True,
run_20260926_014038_575179,4387,145,2026-09-26T01:43:05.821,12,right,11,12,18.517482517482563,True,
run_20260926_014038_575179,4417,146,2026-09-26T01:43:06.823,1,left,0,1,18.5,True,
run_20260926_014038_575179,4417,146,2026-09-26T01:43:06.823,2,left,1,2,19.0,True,
run_20260926_014038_575179,4417,146,2026-09-26T01:43:06.823,3,left,2,3,18.5,True,
run_20260926_014038_575179,4417,146,2026-09-26T01:43:06.823,4,left,3,4,19.0,True,
run_20260926_014038_575179,4417,146,2026-09-26T01:43:06.823,5,left,4,5,19.0,True,
run_20260926_014038_575179,4417,146,2026-09-26T01:43:06.823,6,left,5,6,19.0,True,
run_20260926_014038_575179,4417,146,2026-09-26T01:43:06.823,7,left,6,7,19.0,True,
run_20260926_014038_575179,4417,146,2026-09-26T01:43:06.823,8,left,7,8,19.0,True,
run_20260926_014038_575179,4417,146,2026-09-26T01:43:06.823,9,left,8,9,19.0,True,
run_20260926_014038_575179,4417,146,2026-09-26T01:43:06.823,10,left,9,10,19.0,True,
run_20260926_014038_575179,4417,146,2026-09-26T01:43:06.823,11,left,10,11,18.5,True,
run_20260926_014038_575179,4417,146,2026-09-26T01:43:06.823,12,left,11,12,18.5,True,
run_20260926_014038_575179,4417,146,2026-09-26T01:43:06.823,1,right,0,1,18.0,True,
run_20260926_014038_575179,4417,146,2026-09-26T01:43:06.823,2,right,1,2,19.0,True,
run_20260926_014038_575179,4417,146,2026-09-26T01:43:06.823,3,right,2,3,19.0,True,
run_20260926_014038_575179,4417,146,2026-09-26T01:43:06.823,4,right,3,4,19.0,True,
run_20260926_014038_575179,4417,146,2026-09-26T01:43:06.823,5,right,4,5,18.66666666666663,True,
run_20260926_014038_575179,4417,146,2026-09-26T01:43:06.823,6,right,5,6,18.83333333333337,True,
run_20260926_014038_575179,4417,146,2026-09-26T01:43:06.823,7,right,6,7,18.5,True,
run_20260926_014038_575179,4417,146,2026-09-26T01:43:06.823,8,right,7,8,19.0,True,
run_20260926_014038_575179,4417,146,2026-09-26T01:43:06.823,9,right,8,9,19.0,True,
run_20260926_014038_575179,4417,146,2026-09-26T01:43:06.823,10,right,9,10,18.0,True,
run_20260926_014038_575179,4417,146,2026-09-26T01:43:06.823,11,right,10,11,18.636363636363626,True,
run_20260926_014038_575179,4417,146,2026-09-26T01:43:06.823,12,right,11,12,18.363636363636374,True,
run_20260926_014038_575179,4448,147,2026-09-26T01:43:07.853,1,left,0,1,18.5,True,
run_20260926_014038_575179,4448,147,2026-09-26T01:43:07.853,2,left,1,2,19.0,True,
run_20260926_014038_575179,4448,147,2026-09-26T01:43:07.853,3,left,2,3,18.5,True,
run_20260926_014038_575179,4448,147,2026-09-26T01:43:07.853,4,left,3,4,19.0,True,
run_20260926_014038_575179,4448,147,2026-09-26T01:43:07.853,5,left,4,5,19.0,True,
run_20260926_014038_575179,4448,147,2026-09-26T01:43:07.853,6,left,5,6,19.0,True,
run_20260926_014038_575179,4448,147,2026-09-26T01:43:07.853,7,left,6,7,19.0,True,
run_20260926_014038_575179,4448,147,2026-09-26T01:43:07.853,8,left,7,8,19.0,True,
run_20260926_014038_575179,4448,147,2026-09-26T01:43:07.853,9,left,8,9,19.0,True,
run_20260926_014038_575179,4448,147,2026-09-26T01:43:07.853,10,left,9,10,19.0,True,
run_20260926_014038_575179,4448,147,2026-09-26T01:43:07.853,11,left,10,11,18.5,True,
run_20260926_014038_575179,4448,147,2026-09-26T01:43:07.853,12,left,11,12,18.5,True,
run_20260926_014038_575179,4448,147,2026-09-26T01:43:07.853,1,right,0,1,18.0,True,
run_20260926_014038_575179,4448,147,2026-09-26T01:43:07.853,2,right,1,2,19.0,True,
run_20260926_014038_575179,4448,147,2026-09-26T01:43:07.853,3,right,2,3,19.0,True,
run_20260926_014038_575179,4448,147,2026-09-26T01:43:07.853,4,right,3,4,19.0,True,
run_20260926_014038_575179,4448,147,2026-09-26T01:43:07.853,5,right,4,5,19.0,True,
run_20260926_014038_575179,4448,147,2026-09-26T01:43:07.853,6,right,5,6,18.5,True,
run_20260926_014038_575179,4448,147,2026-09-26T01:43:07.853,7,right,6,7,18.5,True,
run_20260926_014038_575179,4448,147,2026-09-26T01:43:07.853,8,right,7,8,19.0,True,
run_20260926_014038_575179,4448,147,2026-09-26T01:43:07.853,9,right,8,9,19.0,True,
run_20260926_014038_575179,4448,147,2026-09-26T01:43:07.853,10,right,9,10,18.0,True,
run_20260926_014038_575179,4448,147,2026-09-26T01:43:07.853,11,right,10,11,18.636363636363626,True,
run_20260926_014038_575179,4448,147,2026-09-26T01:43:07.853,12,right,11,12,18.363636363636374,True,
run_20260926_014038_575179,4478,148,2026-09-26T01:43:08.854,1,left,0,1,18.5,True,
run_20260926_014038_575179,4478,148,2026-09-26T01:43:08.854,2,left,1,2,19.0,True,
run_20260926_014038_575179,4478,148,2026-09-26T01:43:08.854,3,left,2,3,18.5,True,
run_20260926_014038_575179,4478,148,2026-09-26T01:43:08.854,4,left,3,4,19.0,True,
run_20260926_014038_575179,4478,148,2026-09-26T01:43:08.854,5,left,4,5,19.0,True,
run_20260926_014038_575179,4478,148,2026-09-26T01:43:08.854,6,left,5,6,19.0,True,
run_20260926_014038_575179,4478,148,2026-09-26T01:43:08.854,7,left,6,7,19.0,True,
run_20260926_014038_575179,4478,148,2026-09-26T01:43:08.854,8,left,7,8,19.0,True,
run_20260926_014038_575179,4478,148,2026-09-26T01:43:08.854,9,left,8,9,19.0,True,
run_20260926_014038_575179,4478,148,2026-09-26T01:43:08.854,10,left,9,10,19.0,True,
run_20260926_014038_575179,4478,148,2026-09-26T01:43:08.854,11,left,10,11,18.5,True,
run_20260926_014038_575179,4478,148,2026-09-26T01:43:08.854,12,left,11,12,18.5,True,
run_20260926_014038_575179,4478,148,2026-09-26T01:43:08.854,1,right,0,1,18.0,True,
run_20260926_014038_575179,4478,148,2026-09-26T01:43:08.854,2,right,1,2,19.0,True,
run_20260926_014038_575179,4478,148,2026-09-26T01:43:08.854,3,right,2,3,19.0,True,
run_20260926_014038_575179,4478,148,2026-09-26T01:43:08.854,4,right,3,4,19.0,True,
run_20260926_014038_575179,4478,148,2026-09-26T01:43:08.854,5,right,4,5,18.764705882352928,True,
run_20260926_014038_575179,4478,148,2026-09-26T01:43:08.854,6,right,5,6,18.735294117647072,True,
run_20260926_014038_575179,4478,148,2026-09-26T01:43:08.854,7,right,6,7,18.5,True,
run_20260926_014038_575179,4478,148,2026-09-26T01:43:08.854,8,right,7,8,19.0,True,
run_20260926_014038_575179,4478,148,2026-09-26T01:43:08.854,9,right,8,9,19.0,True,
run_20260926_014038_575179,4478,148,2026-09-26T01:43:08.854,10,right,9,10,18.0,True,
run_20260926_014038_575179,4478,148,2026-09-26T01:43:08.854,11,right,10,11,18.5,True,
run_20260926_014038_575179,4478,148,2026-09-26T01:43:08.854,12,right,11,12,18.5,True,
run_20260926_014038_575179,4508,149,2026-09-26T01:43:09.856,1,left,0,1,18.5,True,
run_20260926_014038_575179,4508,149,2026-09-26T01:43:09.856,2,left,1,2,19.0,True,
run_20260926_014038_575179,4508,149,2026-09-26T01:43:09.856,3,left,2,3,18.5,True,
run_20260926_014038_575179,4508,149,2026-09-26T01:43:09.856,4,left,3,4,19.0,True,
run_20260926_014038_575179,4508,149,2026-09-26T01:43:09.856,5,left,4,5,19.0,True,
run_20260926_014038_575179,4508,149,2026-09-26T01:43:09.856,6,left,5,6,19.0,True,
run_20260926_014038_575179,4508,149,2026-09-26T01:43:09.856,7,left,6,7,19.0,True,
run_20260926_014038_575179,4508,149,2026-09-26T01:43:09.856,8,left,7,8,19.0,True,
run_20260926_014038_575179,4508,149,2026-09-26T01:43:09.856,9,left,8,9,19.0,True,
run_20260926_014038_575179,4508,149,2026-09-26T01:43:09.856,10,left,9,10,19.0,True,
run_20260926_014038_575179,4508,149,2026-09-26T01:43:09.856,11,left,10,11,18.5,True,
run_20260926_014038_575179,4508,149,2026-09-26T01:43:09.856,12,left,11,12,18.5,True,
run_20260926_014038_575179,4508,149,2026-09-26T01:43:09.856,1,right,0,1,18.0,True,
run_20260926_014038_575179,4508,149,2026-09-26T01:43:09.856,2,right,1,2,19.0,True,
run_20260926_014038_575179,4508,149,2026-09-26T01:43:09.856,3,right,2,3,19.0,True,
run_20260926_014038_575179,4508,149,2026-09-26T01:43:09.856,4,right,3,4,19.0,True,
run_20260926_014038_575179,4508,149,2026-09-26T01:43:09.856,5,right,4,5,19.0,True,
run_20260926_014038_575179,4508,149,2026-09-26T01:43:09.856,6,right,5,6,18.5,True,
run_20260926_014038_575179,4508,149,2026-09-26T01:43:09.856,7,right,6,7,18.5,True,
run_20260926_014038_575179,4508,149,2026-09-26T01:43:09.856,8,right,7,8,19.0,True,
run_20260926_014038_575179,4508,149,2026-09-26T01:43:09.856,9,right,8,9,19.0,True,
run_20260926_014038_575179,4508,149,2026-09-26T01:43:09.856,10,right,9,10,18.0,True,
run_20260926_014038_575179,4508,149,2026-09-26T01:43:09.856,11,right,10,11,18.636363636363626,True,
run_20260926_014038_575179,4508,149,2026-09-26T01:43:09.856,12,right,11,12,18.517482517482563,True,
run_20260926_014038_575179,4539,150,2026-09-26T01:43:10.888,1,left,0,1,18.5,True,
run_20260926_014038_575179,4539,150,2026-09-26T01:43:10.888,2,left,1,2,19.0,True,
run_20260926_014038_575179,4539,150,2026-09-26T01:43:10.888,3,left,2,3,18.5,True,
run_20260926_014038_575179,4539,150,2026-09-26T01:43:10.888,4,left,3,4,19.0,True,
run_20260926_014038_575179,4539,150,2026-09-26T01:43:10.888,5,left,4,5,19.0,True,
run_20260926_014038_575179,4539,150,2026-09-26T01:43:10.888,6,left,5,6,19.0,True,
run_20260926_014038_575179,4539,150,2026-09-26T01:43:10.888,7,left,6,7,19.0,True,
run_20260926_014038_575179,4539,150,2026-09-26T01:43:10.888,8,left,7,8,19.0,True,
run_20260926_014038_575179,4539,150,2026-09-26T01:43:10.888,9,left,8,9,19.0,True,
run_20260926_014038_575179,4539,150,2026-09-26T01:43:10.888,10,left,9,10,19.0,True,
run_20260926_014038_575179,4539,150,2026-09-26T01:43:10.888,11,left,10,11,18.5,True,
run_20260926_014038_575179,4539,150,2026-09-26T01:43:10.888,12,left,11,12,18.5,True,
run_20260926_014038_575179,4539,150,2026-09-26T01:43:10.888,1,right,0,1,18.0,True,
run_20260926_014038_575179,4539,150,2026-09-26T01:43:10.888,2,right,1,2,19.0,True,
run_20260926_014038_575179,4539,150,2026-09-26T01:43:10.888,3,right,2,3,19.0,True,
run_20260926_014038_575179,4539,150,2026-09-26T01:43:10.888,4,right,3,4,19.0,True,
run_20260926_014038_575179,4539,150,2026-09-26T01:43:10.888,5,right,4,5,19.0,True,
run_20260926_014038_575179,4539,150,2026-09-26T01:43:10.888,6,right,5,6,18.5,True,
run_20260926_014038_575179,4539,150,2026-09-26T01:43:10.888,7,right,6,7,18.5,True,
run_20260926_014038_575179,4539,150,2026-09-26T01:43:10.888,8,right,7,8,19.0,True,
run_20260926_014038_575179,4539,150,2026-09-26T01:43:10.888,9,right,8,9,19.0,True,
run_20260926_014038_575179,4539,150,2026-09-26T01:43:10.888,10,right,9,10,18.0,True,
run_20260926_014038_575179,4539,150,2026-09-26T01:43:10.888,11,right,10,11,18.5,True,
run_20260926_014038_575179,4539,150,2026-09-26T01:43:10.888,12,right,11,12,18.571428571428555,True,
run_20260926_014038_575179,4570,151,2026-09-26T01:43:11.921,1,left,0,1,18.5,True,
run_20260926_014038_575179,4570,151,2026-09-26T01:43:11.921,2,left,1,2,19.0,True,
run_20260926_014038_575179,4570,151,2026-09-26T01:43:11.921,3,left,2,3,18.5,True,
run_20260926_014038_575179,4570,151,2026-09-26T01:43:11.921,4,left,3,4,19.0,True,
run_20260926_014038_575179,4570,151,2026-09-26T01:43:11.921,5,left,4,5,19.0,True,
run_20260926_014038_575179,4570,151,2026-09-26T01:43:11.921,6,left,5,6,19.0,True,
run_20260926_014038_575179,4570,151,2026-09-26T01:43:11.921,7,left,6,7,19.0,True,
run_20260926_014038_575179,4570,151,2026-09-26T01:43:11.921,8,left,7,8,19.0,True,
run_20260926_014038_575179,4570,151,2026-09-26T01:43:11.921,9,left,8,9,19.0,True,
run_20260926_014038_575179,4570,151,2026-09-26T01:43:11.921,10,left,9,10,19.0,True,
run_20260926_014038_575179,4570,151,2026-09-26T01:43:11.921,11,left,10,11,18.5,True,
run_20260926_014038_575179,4570,151,2026-09-26T01:43:11.921,12,left,11,12,18.5,True,
run_20260926_014038_575179,4570,151,2026-09-26T01:43:11.921,1,right,0,1,18.0,True,
run_20260926_014038_575179,4570,151,2026-09-26T01:43:11.921,2,right,1,2,19.0,True,
run_20260926_014038_575179,4570,151,2026-09-26T01:43:11.921,3,right,2,3,19.0,True,
run_20260926_014038_575179,4570,151,2026-09-26T01:43:11.921,4,right,3,4,19.0,True,
run_20260926_014038_575179,4570,151,2026-09-26T01:43:11.921,5,right,4,5,19.0,True,
run_20260926_014038_575179,4570,151,2026-09-26T01:43:11.921,6,right,5,6,18.5,True,
run_20260926_014038_575179,4570,151,2026-09-26T01:43:11.921,7,right,6,7,18.5,True,
run_20260926_014038_575179,4570,151,2026-09-26T01:43:11.921,8,right,7,8,19.0,True,
run_20260926_014038_575179,4570,151,2026-09-26T01:43:11.921,9,right,8,9,19.0,True,
run_20260926_014038_575179,4570,151,2026-09-26T01:43:11.921,10,right,9,10,18.0,True,
run_20260926_014038_575179,4570,151,2026-09-26T01:43:11.921,11,right,10,11,18.5,True,
run_20260926_014038_575179,4570,151,2026-09-26T01:43:11.921,12,right,11,12,18.75,True,
run_20260926_014038_575179,4600,152,2026-09-26T01:43:12.928,1,left,0,1,18.5,True,
run_20260926_014038_575179,4600,152,2026-09-26T01:43:12.928,2,left,1,2,19.0,True,
run_20260926_014038_575179,4600,152,2026-09-26T01:43:12.928,3,left,2,3,18.5,True,
run_20260926_014038_575179,4600,152,2026-09-26T01:43:12.928,4,left,3,4,19.0,True,
run_20260926_014038_575179,4600,152,2026-09-26T01:43:12.928,5,left,4,5,19.0,True,
run_20260926_014038_575179,4600,152,2026-09-26T01:43:12.928,6,left,5,6,19.0,True,
run_20260926_014038_575179,4600,152,2026-09-26T01:43:12.928,7,left,6,7,19.0,True,
run_20260926_014038_575179,4600,152,2026-09-26T01:43:12.928,8,left,7,8,19.0,True,
run_20260926_014038_575179,4600,152,2026-09-26T01:43:12.928,9,left,8,9,19.0,True,
run_20260926_014038_575179,4600,152,2026-09-26T01:43:12.928,10,left,9,10,19.0,True,
run_20260926_014038_575179,4600,152,2026-09-26T01:43:12.928,11,left,10,11,18.5,True,
run_20260926_014038_575179,4600,152,2026-09-26T01:43:12.928,12,left,11,12,18.5,True,
run_20260926_014038_575179,4600,152,2026-09-26T01:43:12.928,1,right,0,1,18.0,True,
run_20260926_014038_575179,4600,152,2026-09-26T01:43:12.928,2,right,1,2,19.0,True,
run_20260926_014038_575179,4600,152,2026-09-26T01:43:12.928,3,right,2,3,19.0,True,
run_20260926_014038_575179,4600,152,2026-09-26T01:43:12.928,4,right,3,4,19.0,True,
run_20260926_014038_575179,4600,152,2026-09-26T01:43:12.928,5,right,4,5,19.0,True,
run_20260926_014038_575179,4600,152,2026-09-26T01:43:12.928,6,right,5,6,18.5,True,
run_20260926_014038_575179,4600,152,2026-09-26T01:43:12.928,7,right,6,7,18.5,True,
run_20260926_014038_575179,4600,152,2026-09-26T01:43:12.928,8,right,7,8,19.0,True,
run_20260926_014038_575179,4600,152,2026-09-26T01:43:12.928,9,right,8,9,19.0,True,
run_20260926_014038_575179,4600,152,2026-09-26T01:43:12.928,10,right,9,10,18.0,True,
run_20260926_014038_575179,4600,152,2026-09-26T01:43:12.928,11,right,10,11,18.5,True,
run_20260926_014038_575179,4600,152,2026-09-26T01:43:12.928,12,right,11,12,18.65384615384619,True,
run_20260926_014038_575179,4631,153,2026-09-26T01:43:13.958,1,left,0,1,18.5,True,
run_20260926_014038_575179,4631,153,2026-09-26T01:43:13.958,2,left,1,2,19.0,True,
run_20260926_014038_575179,4631,153,2026-09-26T01:43:13.958,3,left,2,3,18.5,True,
run_20260926_014038_575179,4631,153,2026-09-26T01:43:13.958,4,left,3,4,19.0,True,
run_20260926_014038_575179,4631,153,2026-09-26T01:43:13.958,5,left,4,5,19.0,True,
run_20260926_014038_575179,4631,153,2026-09-26T01:43:13.958,6,left,5,6,19.0,True,
run_20260926_014038_575179,4631,153,2026-09-26T01:43:13.958,7,left,6,7,19.0,True,
run_20260926_014038_575179,4631,153,2026-09-26T01:43:13.958,8,left,7,8,19.0,True,
run_20260926_014038_575179,4631,153,2026-09-26T01:43:13.958,9,left,8,9,19.0,True,
run_20260926_014038_575179,4631,153,2026-09-26T01:43:13.958,10,left,9,10,19.0,True,
run_20260926_014038_575179,4631,153,2026-09-26T01:43:13.958,11,left,10,11,18.5,True,
run_20260926_014038_575179,4631,153,2026-09-26T01:43:13.958,12,left,11,12,18.5,True,
run_20260926_014038_575179,4631,153,2026-09-26T01:43:13.958,1,right,0,1,18.0,True,
run_20260926_014038_575179,4631,153,2026-09-26T01:43:13.958,2,right,1,2,19.0,True,
run_20260926_014038_575179,4631,153,2026-09-26T01:43:13.958,3,right,2,3,19.0,True,
run_20260926_014038_575179,4631,153,2026-09-26T01:43:13.958,4,right,3,4,19.0,True,
run_20260926_014038_575179,4631,153,2026-09-26T01:43:13.958,5,right,4,5,19.0,True,
run_20260926_014038_575179,4631,153,2026-09-26T01:43:13.958,6,right,5,6,18.5,True,
run_20260926_014038_575179,4631,153,2026-09-26T01:43:13.958,7,right,6,7,18.5,True,
run_20260926_014038_575179,4631,153,2026-09-26T01:43:13.958,8,right,7,8,19.0,True,
run_20260926_014038_575179,4631,153,2026-09-26T01:43:13.958,9,right,8,9,19.0,True,
run_20260926_014038_575179,4631,153,2026-09-26T01:43:13.958,10,right,9,10,18.0,True,
run_20260926_014038_575179,4631,153,2026-09-26T01:43:13.958,11,right,10,11,18.5,True,
run_20260926_014038_575179,4631,153,2026-09-26T01:43:13.958,12,right,11,12,18.571428571428555,True,
run_20260926_014038_575179,4662,154,2026-09-26T01:43:14.987,1,left,0,1,18.5,True,
run_20260926_014038_575179,4662,154,2026-09-26T01:43:14.987,2,left,1,2,19.0,True,
run_20260926_014038_575179,4662,154,2026-09-26T01:43:14.987,3,left,2,3,18.5,True,
run_20260926_014038_575179,4662,154,2026-09-26T01:43:14.987,4,left,3,4,19.0,True,
run_20260926_014038_575179,4662,154,2026-09-26T01:43:14.987,5,left,4,5,19.0,True,
run_20260926_014038_575179,4662,154,2026-09-26T01:43:14.987,6,left,5,6,19.0,True,
run_20260926_014038_575179,4662,154,2026-09-26T01:43:14.987,7,left,6,7,19.0,True,
run_20260926_014038_575179,4662,154,2026-09-26T01:43:14.987,8,left,7,8,19.0,True,
run_20260926_014038_575179,4662,154,2026-09-26T01:43:14.987,9,left,8,9,19.0,True,
run_20260926_014038_575179,4662,154,2026-09-26T01:43:14.987,10,left,9,10,19.0,True,
run_20260926_014038_575179,4662,154,2026-09-26T01:43:14.987,11,left,10,11,18.5,True,
run_20260926_014038_575179,4662,154,2026-09-26T01:43:14.987,12,left,11,12,18.5,True,
run_20260926_014038_575179,4662,154,2026-09-26T01:43:14.987,1,right,0,1,18.0,True,
run_20260926_014038_575179,4662,154,2026-09-26T01:43:14.987,2,right,1,2,19.0,True,
run_20260926_014038_575179,4662,154,2026-09-26T01:43:14.987,3,right,2,3,19.0,True,
run_20260926_014038_575179,4662,154,2026-09-26T01:43:14.987,4,right,3,4,19.0,True,
run_20260926_014038_575179,4662,154,2026-09-26T01:43:14.987,5,right,4,5,18.764705882352928,True,
run_20260926_014038_575179,4662,154,2026-09-26T01:43:14.987,6,right,5,6,18.735294117647072,True,
run_20260926_014038_575179,4662,154,2026-09-26T01:43:14.987,7,right,6,7,18.5,True,
run_20260926_014038_575179,4662,154,2026-09-26T01:43:14.987,8,right,7,8,19.0,True,
run_20260926_014038_575179,4662,154,2026-09-26T01:43:14.987,9,right,8,9,19.0,True,
run_20260926_014038_575179,4662,154,2026-09-26T01:43:14.987,10,right,9,10,18.0,True,
run_20260926_014038_575179,4662,154,2026-09-26T01:43:14.987,11,right,10,11,18.5,True,
run_20260926_014038_575179,4662,154,2026-09-26T01:43:14.987,12,right,11,12,18.571428571428555,True,
run_20260926_014038_575179,4692,155,2026-09-26T01:43:15.989,1,left,0,1,18.636363636363626,True,
run_20260926_014038_575179,4692,155,2026-09-26T01:43:15.989,2,left,1,2,19.0,True,
run_20260926_014038_575179,4692,155,2026-09-26T01:43:15.989,3,left,2,3,18.5,True,
run_20260926_014038_575179,4692,155,2026-09-26T01:43:15.989,4,left,3,4,19.0,True,
run_20260926_014038_575179,4692,155,2026-09-26T01:43:15.989,5,left,4,5,19.0,True,
run_20260926_014038_575179,4692,155,2026-09-26T01:43:15.989,6,left,5,6,19.0,True,
run_20260926_014038_575179,4692,155,2026-09-26T01:43:15.989,7,left,6,7,19.0,True,
run_20260926_014038_575179,4692,155,2026-09-26T01:43:15.989,8,left,7,8,19.0,True,
run_20260926_014038_575179,4692,155,2026-09-26T01:43:15.989,9,left,8,9,19.0,True,
run_20260926_014038_575179,4692,155,2026-09-26T01:43:15.989,10,left,9,10,19.0,True,
run_20260926_014038_575179,4692,155,2026-09-26T01:43:15.989,11,left,10,11,18.5,True,
run_20260926_014038_575179,4692,155,2026-09-26T01:43:15.989,12,left,11,12,18.5,True,
run_20260926_014038_575179,4692,155,2026-09-26T01:43:15.989,1,right,0,1,18.0,True,
run_20260926_014038_575179,4692,155,2026-09-26T01:43:15.989,2,right,1,2,19.0,True,
run_20260926_014038_575179,4692,155,2026-09-26T01:43:15.989,3,right,2,3,19.0,True,
run_20260926_014038_575179,4692,155,2026-09-26T01:43:15.989,4,right,3,4,19.0,True,
run_20260926_014038_575179,4692,155,2026-09-26T01:43:15.989,5,right,4,5,18.764705882352928,True,
run_20260926_014038_575179,4692,155,2026-09-26T01:43:15.989,6,right,5,6,18.735294117647072,True,
run_20260926_014038_575179,4692,155,2026-09-26T01:43:15.989,7,right,6,7,18.83333333333337,True,
run_20260926_014038_575179,4692,155,2026-09-26T01:43:15.989,8,right,7,8,18.66666666666663,True,
run_20260926_014038_575179,4692,155,2026-09-26T01:43:15.989,9,right,8,9,19.0,True,
run_20260926_014038_575179,4692,155,2026-09-26T01:43:15.989,10,right,9,10,18.0,True,
run_20260926_014038_575179,4692,155,2026-09-26T01:43:15.989,11,right,10,11,18.5,True,
run_20260926_014038_575179,4692,155,2026-09-26T01:43:15.989,12,right,11,12,18.75,True,
run_20260926_014038_575179,4723,156,2026-09-26T01:43:17.021,1,left,0,1,18.5,True,
run_20260926_014038_575179,4723,156,2026-09-26T01:43:17.021,2,left,1,2,19.0,True,
run_20260926_014038_575179,4723,156,2026-09-26T01:43:17.021,3,left,2,3,18.5,True,
run_20260926_014038_575179,4723,156,2026-09-26T01:43:17.021,4,left,3,4,19.0,True,
run_20260926_014038_575179,4723,156,2026-09-26T01:43:17.021,5,left,4,5,19.0,True,
run_20260926_014038_575179,4723,156,2026-09-26T01:43:17.021,6,left,5,6,19.0,True,
run_20260926_014038_575179,4723,156,2026-09-26T01:43:17.021,7,left,6,7,19.0,True,
run_20260926_014038_575179,4723,156,2026-09-26T01:43:17.021,8,left,7,8,19.0,True,
run_20260926_014038_575179,4723,156,2026-09-26T01:43:17.021,9,left,8,9,19.0,True,
run_20260926_014038_575179,4723,156,2026-09-26T01:43:17.021,10,left,9,10,19.0,True,
run_20260926_014038_575179,4723,156,2026-09-26T01:43:17.021,11,left,10,11,18.5,True,
run_20260926_014038_575179,4723,156,2026-09-26T01:43:17.021,12,left,11,12,18.5,True,
run_20260926_014038_575179,4723,156,2026-09-26T01:43:17.021,1,right,0,1,18.0,True,
run_20260926_014038_575179,4723,156,2026-09-26T01:43:17.021,2,right,1,2,19.0,True,
run_20260926_014038_575179,4723,156,2026-09-26T01:43:17.021,3,right,2,3,19.0,True,
run_20260926_014038_575179,4723,156,2026-09-26T01:43:17.021,4,right,3,4,19.0,True,
run_20260926_014038_575179,4723,156,2026-09-26T01:43:17.021,5,right,4,5,19.0,True,
run_20260926_014038_575179,4723,156,2026-09-26T01:43:17.021,6,right,5,6,18.5,True,
run_20260926_014038_575179,4723,156,2026-09-26T01:43:17.021,7,right,6,7,18.5,True,
run_20260926_014038_575179,4723,156,2026-09-26T01:43:17.021,8,right,7,8,19.0,True,
run_20260926_014038_575179,4723,156,2026-09-26T01:43:17.021,9,right,8,9,19.0,True,
run_20260926_014038_575179,4723,156,2026-09-26T01:43:17.021,10,right,9,10,18.0,True,
run_20260926_014038_575179,4723,156,2026-09-26T01:43:17.021,11,right,10,11,18.5,True,
run_20260926_014038_575179,4723,156,2026-09-26T01:43:17.021,12,right,11,12,18.5,True,
run_20260926_014038_575179,4754,157,2026-09-26T01:43:18.052,1,left,0,1,18.5,True,
run_20260926_014038_575179,4754,157,2026-09-26T01:43:18.052,2,left,1,2,19.0,True,
run_20260926_014038_575179,4754,157,2026-09-26T01:43:18.052,3,left,2,3,18.5,True,
run_20260926_014038_575179,4754,157,2026-09-26T01:43:18.052,4,left,3,4,19.0,True,
run_20260926_014038_575179,4754,157,2026-09-26T01:43:18.052,5,left,4,5,19.0,True,
run_20260926_014038_575179,4754,157,2026-09-26T01:43:18.052,6,left,5,6,19.0,True,
run_20260926_014038_575179,4754,157,2026-09-26T01:43:18.052,7,left,6,7,19.0,True,
run_20260926_014038_575179,4754,157,2026-09-26T01:43:18.052,8,left,7,8,19.0,True,
run_20260926_014038_575179,4754,157,2026-09-26T01:43:18.052,9,left,8,9,19.0,True,
run_20260926_014038_575179,4754,157,2026-09-26T01:43:18.052,10,left,9,10,19.0,True,
run_20260926_014038_575179,4754,157,2026-09-26T01:43:18.052,11,left,10,11,18.5,True,
run_20260926_014038_575179,4754,157,2026-09-26T01:43:18.052,12,left,11,12,18.5,True,
run_20260926_014038_575179,4754,157,2026-09-26T01:43:18.052,1,right,0,1,18.0,True,
run_20260926_014038_575179,4754,157,2026-09-26T01:43:18.052,2,right,1,2,19.0,True,
run_20260926_014038_575179,4754,157,2026-09-26T01:43:18.052,3,right,2,3,19.0,True,
run_20260926_014038_575179,4754,157,2026-09-26T01:43:18.052,4,right,3,4,19.0,True,
run_20260926_014038_575179,4754,157,2026-09-26T01:43:18.052,5,right,4,5,18.875,True,
run_20260926_014038_575179,4754,157,2026-09-26T01:43:18.052,6,right,5,6,18.625,True,
run_20260926_014038_575179,4754,157,2026-09-26T01:43:18.052,7,right,6,7,18.5,True,
run_20260926_014038_575179,4754,157,2026-09-26T01:43:18.052,8,right,7,8,19.0,True,
run_20260926_014038_575179,4754,157,2026-09-26T01:43:18.052,9,right,8,9,19.0,True,
run_20260926_014038_575179,4754,157,2026-09-26T01:43:18.052,10,right,9,10,18.0,True,
run_20260926_014038_575179,4754,157,2026-09-26T01:43:18.052,11,right,10,11,18.5,True,
run_20260926_014038_575179,4754,157,2026-09-26T01:43:18.052,12,right,11,12,18.65384615384619,True,
run_20260926_014038_575179,4784,158,2026-09-26T01:43:19.056,1,left,0,1,18.5,True,
run_20260926_014038_575179,4784,158,2026-09-26T01:43:19.056,2,left,1,2,19.0,True,
run_20260926_014038_575179,4784,158,2026-09-26T01:43:19.056,3,left,2,3,18.5,True,
run_20260926_014038_575179,4784,158,2026-09-26T01:43:19.056,4,left,3,4,19.0,True,
run_20260926_014038_575179,4784,158,2026-09-26T01:43:19.056,5,left,4,5,19.0,True,
run_20260926_014038_575179,4784,158,2026-09-26T01:43:19.056,6,left,5,6,19.0,True,
run_20260926_014038_575179,4784,158,2026-09-26T01:43:19.056,7,left,6,7,19.0,True,
run_20260926_014038_575179,4784,158,2026-09-26T01:43:19.056,8,left,7,8,19.0,True,
run_20260926_014038_575179,4784,158,2026-09-26T01:43:19.056,9,left,8,9,19.0,True,
run_20260926_014038_575179,4784,158,2026-09-26T01:43:19.056,10,left,9,10,19.0,True,
run_20260926_014038_575179,4784,158,2026-09-26T01:43:19.056,11,left,10,11,18.5,True,
run_20260926_014038_575179,4784,158,2026-09-26T01:43:19.056,12,left,11,12,18.5,True,
run_20260926_014038_575179,4784,158,2026-09-26T01:43:19.056,1,right,0,1,18.0,True,
run_20260926_014038_575179,4784,158,2026-09-26T01:43:19.056,2,right,1,2,19.0,True,
run_20260926_014038_575179,4784,158,2026-09-26T01:43:19.056,3,right,2,3,19.0,True,
run_20260926_014038_575179,4784,158,2026-09-26T01:43:19.056,4,right,3,4,19.0,True,
run_20260926_014038_575179,4784,158,2026-09-26T01:43:19.056,5,right,4,5,19.0,True,
run_20260926_014038_575179,4784,158,2026-09-26T01:43:19.056,6,right,5,6,18.5,True,
run_20260926_014038_575179,4784,158,2026-09-26T01:43:19.056,7,right,6,7,18.5,True,
run_20260926_014038_575179,4784,158,2026-09-26T01:43:19.056,8,right,7,8,19.0,True,
run_20260926_014038_575179,4784,158,2026-09-26T01:43:19.056,9,right,8,9,19.0,True,
run_20260926_014038_575179,4784,158,2026-09-26T01:43:19.056,10,right,9,10,18.0,True,
run_20260926_014038_575179,4784,158,2026-09-26T01:43:19.056,11,right,10,11,18.5,True,
run_20260926_014038_575179,4784,158,2026-09-26T01:43:19.056,12,right,11,12,18.75,True,
run_20260926_014038_575179,4814,159,2026-09-26T01:43:20.063,1,left,0,1,18.5,True,
run_20260926_014038_575179,4814,159,2026-09-26T01:43:20.063,2,left,1,2,19.0,True,
run_20260926_014038_575179,4814,159,2026-09-26T01:43:20.063,3,left,2,3,18.5,True,
run_20260926_014038_575179,4814,159,2026-09-26T01:43:20.063,4,left,3,4,19.0,True,
run_20260926_014038_575179,4814,159,2026-09-26T01:43:20.063,5,left,4,5,19.0,True,
run_20260926_014038_575179,4814,159,2026-09-26T01:43:20.063,6,left,5,6,19.0,True,
run_20260926_014038_575179,4814,159,2026-09-26T01:43:20.063,7,left,6,7,19.0,True,
run_20260926_014038_575179,4814,159,2026-09-26T01:43:20.063,8,left,7,8,19.0,True,
run_20260926_014038_575179,4814,159,2026-09-26T01:43:20.063,9,left,8,9,19.0,True,
run_20260926_014038_575179,4814,159,2026-09-26T01:43:20.063,10,left,9,10,19.0,True,
run_20260926_014038_575179,4814,159,2026-09-26T01:43:20.063,11,left,10,11,18.5,True,
run_20260926_014038_575179,4814,159,2026-09-26T01:43:20.063,12,left,11,12,18.5,True,
run_20260926_014038_575179,4814,159,2026-09-26T01:43:20.063,1,right,0,1,18.0,True,
run_20260926_014038_575179,4814,159,2026-09-26T01:43:20.063,2,right,1,2,19.0,True,
run_20260926_014038_575179,4814,159,2026-09-26T01:43:20.063,3,right,2,3,19.0,True,
run_20260926_014038_575179,4814,159,2026-09-26T01:43:20.063,4,right,3,4,19.0,True,
run_20260926_014038_575179,4814,159,2026-09-26T01:43:20.063,5,right,4,5,19.0,True,
run_20260926_014038_575179,4814,159,2026-09-26T01:43:20.063,6,right,5,6,18.5,True,
run_20260926_014038_575179,4814,159,2026-09-26T01:43:20.063,7,right,6,7,18.5,True,
run_20260926_014038_575179,4814,159,2026-09-26T01:43:20.063,8,right,7,8,19.0,True,
run_20260926_014038_575179,4814,159,2026-09-26T01:43:20.063,9,right,8,9,19.0,True,
run_20260926_014038_575179,4814,159,2026-09-26T01:43:20.063,10,right,9,10,18.0,True,
run_20260926_014038_575179,4814,159,2026-09-26T01:43:20.063,11,right,10,11,18.5,True,
run_20260926_014038_575179,4814,159,2026-09-26T01:43:20.063,12,right,11,12,18.5,True,
run_20260926_014038_575179,4845,160,2026-09-26T01:43:21.087,1,left,0,1,18.5,True,
run_20260926_014038_575179,4845,160,2026-09-26T01:43:21.087,2,left,1,2,19.0,True,
run_20260926_014038_575179,4845,160,2026-09-26T01:43:21.087,3,left,2,3,18.5,True,
run_20260926_014038_575179,4845,160,2026-09-26T01:43:21.087,4,left,3,4,19.0,True,
run_20260926_014038_575179,4845,160,2026-09-26T01:43:21.087,5,left,4,5,19.0,True,
run_20260926_014038_575179,4845,160,2026-09-26T01:43:21.087,6,left,5,6,19.25,True,
run_20260926_014038_575179,4845,160,2026-09-26T01:43:21.087,7,left,6,7,18.75,True,
run_20260926_014038_575179,4845,160,2026-09-26T01:43:21.087,8,left,7,8,19.0,True,
run_20260926_014038_575179,4845,160,2026-09-26T01:43:21.087,9,left,8,9,19.0,True,
run_20260926_014038_575179,4845,160,2026-09-26T01:43:21.087,10,left,9,10,19.0,True,
run_20260926_014038_575179,4845,160,2026-09-26T01:43:21.087,11,left,10,11,18.5,True,
run_20260926_014038_575179,4845,160,2026-09-26T01:43:21.087,12,left,11,12,18.5,True,
run_20260926_014038_575179,4845,160,2026-09-26T01:43:21.087,1,right,0,1,18.0,True,
run_20260926_014038_575179,4845,160,2026-09-26T01:43:21.087,2,right,1,2,19.0,True,
run_20260926_014038_575179,4845,160,2026-09-26T01:43:21.087,3,right,2,3,19.0,True,
run_20260926_014038_575179,4845,160,2026-09-26T01:43:21.087,4,right,3,4,19.0,True,
run_20260926_014038_575179,4845,160,2026-09-26T01:43:21.087,5,right,4,5,18.764705882352928,True,
run_20260926_014038_575179,4845,160,2026-09-26T01:43:21.087,6,right,5,6,18.735294117647072,True,
run_20260926_014038_575179,4845,160,2026-09-26T01:43:21.087,7,right,6,7,18.5,True,
run_20260926_014038_575179,4845,160,2026-09-26T01:43:21.087,8,right,7,8,19.0,True,
run_20260926_014038_575179,4845,160,2026-09-26T01:43:21.087,9,right,8,9,19.0,True,
run_20260926_014038_575179,4845,160,2026-09-26T01:43:21.087,10,right,9,10,18.0,True,
run_20260926_014038_575179,4845,160,2026-09-26T01:43:21.087,11,right,10,11,18.5,True,
run_20260926_014038_575179,4845,160,2026-09-26T01:43:21.087,12,right,11,12,18.5,True,
run_20260926_014038_575179,4875,161,2026-09-26T01:43:22.088,1,left,0,1,18.5,True,
run_20260926_014038_575179,4875,161,2026-09-26T01:43:22.088,2,left,1,2,19.0,True,
run_20260926_014038_575179,4875,161,2026-09-26T01:43:22.088,3,left,2,3,18.5,True,
run_20260926_014038_575179,4875,161,2026-09-26T01:43:22.088,4,left,3,4,19.0,True,
run_20260926_014038_575179,4875,161,2026-09-26T01:43:22.088,5,left,4,5,19.0,True,
run_20260926_014038_575179,4875,161,2026-09-26T01:43:22.088,6,left,5,6,19.25,True,
run_20260926_014038_575179,4875,161,2026-09-26T01:43:22.088,7,left,6,7,18.75,True,
run_20260926_014038_575179,4875,161,2026-09-26T01:43:22.088,8,left,7,8,19.0,True,
run_20260926_014038_575179,4875,161,2026-09-26T01:43:22.088,9,left,8,9,19.0,True,
run_20260926_014038_575179,4875,161,2026-09-26T01:43:22.088,10,left,9,10,19.0,True,
run_20260926_014038_575179,4875,161,2026-09-26T01:43:22.088,11,left,10,11,18.5,True,
run_20260926_014038_575179,4875,161,2026-09-26T01:43:22.088,12,left,11,12,18.5,True,
run_20260926_014038_575179,4875,161,2026-09-26T01:43:22.088,1,right,0,1,18.0,True,
run_20260926_014038_575179,4875,161,2026-09-26T01:43:22.088,2,right,1,2,19.0,True,
run_20260926_014038_575179,4875,161,2026-09-26T01:43:22.088,3,right,2,3,19.0,True,
run_20260926_014038_575179,4875,161,2026-09-26T01:43:22.088,4,right,3,4,19.0,True,
run_20260926_014038_575179,4875,161,2026-09-26T01:43:22.088,5,right,4,5,19.0,True,
run_20260926_014038_575179,4875,161,2026-09-26T01:43:22.088,6,right,5,6,18.5,True,
run_20260926_014038_575179,4875,161,2026-09-26T01:43:22.088,7,right,6,7,18.5,True,
run_20260926_014038_575179,4875,161,2026-09-26T01:43:22.088,8,right,7,8,19.0,True,
run_20260926_014038_575179,4875,161,2026-09-26T01:43:22.088,9,right,8,9,19.0,True,
run_20260926_014038_575179,4875,161,2026-09-26T01:43:22.088,10,right,9,10,18.0,True,
run_20260926_014038_575179,4875,161,2026-09-26T01:43:22.088,11,right,10,11,18.5,True,
run_20260926_014038_575179,4875,161,2026-09-26T01:43:22.088,12,right,11,12,18.5,True,
run_20260926_014038_575179,4906,162,2026-09-26T01:43:23.120,1,left,0,1,18.5,True,
run_20260926_014038_575179,4906,162,2026-09-26T01:43:23.120,2,left,1,2,19.0,True,
run_20260926_014038_575179,4906,162,2026-09-26T01:43:23.120,3,left,2,3,18.5,True,
run_20260926_014038_575179,4906,162,2026-09-26T01:43:23.120,4,left,3,4,19.0,True,
run_20260926_014038_575179,4906,162,2026-09-26T01:43:23.120,5,left,4,5,19.0,True,
run_20260926_014038_575179,4906,162,2026-09-26T01:43:23.120,6,left,5,6,19.0,True,
run_20260926_014038_575179,4906,162,2026-09-26T01:43:23.120,7,left,6,7,19.0,True,
run_20260926_014038_575179,4906,162,2026-09-26T01:43:23.120,8,left,7,8,19.0,True,
run_20260926_014038_575179,4906,162,2026-09-26T01:43:23.120,9,left,8,9,19.0,True,
run_20260926_014038_575179,4906,162,2026-09-26T01:43:23.120,10,left,9,10,19.0,True,
run_20260926_014038_575179,4906,162,2026-09-26T01:43:23.120,11,left,10,11,18.5,True,
run_20260926_014038_575179,4906,162,2026-09-26T01:43:23.120,12,left,11,12,18.5,True,
run_20260926_014038_575179,4906,162,2026-09-26T01:43:23.120,1,right,0,1,18.0,True,
run_20260926_014038_575179,4906,162,2026-09-26T01:43:23.120,2,right,1,2,19.0,True,
run_20260926_014038_575179,4906,162,2026-09-26T01:43:23.120,3,right,2,3,19.0,True,
run_20260926_014038_575179,4906,162,2026-09-26T01:43:23.120,4,right,3,4,19.0,True,
run_20260926_014038_575179,4906,162,2026-09-26T01:43:23.120,5,right,4,5,19.0,True,
run_20260926_014038_575179,4906,162,2026-09-26T01:43:23.120,6,right,5,6,18.5,True,
run_20260926_014038_575179,4906,162,2026-09-26T01:43:23.120,7,right,6,7,18.5,True,
run_20260926_014038_575179,4906,162,2026-09-26T01:43:23.120,8,right,7,8,19.0,True,
run_20260926_014038_575179,4906,162,2026-09-26T01:43:23.120,9,right,8,9,19.0,True,
run_20260926_014038_575179,4906,162,2026-09-26T01:43:23.120,10,right,9,10,18.0,True,
run_20260926_014038_575179,4906,162,2026-09-26T01:43:23.120,11,right,10,11,18.5,True,
run_20260926_014038_575179,4906,162,2026-09-26T01:43:23.120,12,right,11,12,18.5,True,
run_20260926_014038_575179,4936,163,2026-09-26T01:43:24.123,1,left,0,1,18.5,True,
run_20260926_014038_575179,4936,163,2026-09-26T01:43:24.123,2,left,1,2,19.0,True,
run_20260926_014038_575179,4936,163,2026-09-26T01:43:24.123,3,left,2,3,18.5,True,
run_20260926_014038_575179,4936,163,2026-09-26T01:43:24.123,4,left,3,4,19.0,True,
run_20260926_014038_575179,4936,163,2026-09-26T01:43:24.123,5,left,4,5,19.0,True,
run_20260926_014038_575179,4936,163,2026-09-26T01:43:24.123,6,left,5,6,19.0,True,
run_20260926_014038_575179,4936,163,2026-09-26T01:43:24.123,7,left,6,7,19.0,True,
run_20260926_014038_575179,4936,163,2026-09-26T01:43:24.123,8,left,7,8,19.0,True,
run_20260926_014038_575179,4936,163,2026-09-26T01:43:24.123,9,left,8,9,19.0,True,
run_20260926_014038_575179,4936,163,2026-09-26T01:43:24.123,10,left,9,10,19.0,True,
run_20260926_014038_575179,4936,163,2026-09-26T01:43:24.123,11,left,10,11,18.57142857142857,True,
run_20260926_014038_575179,4936,163,2026-09-26T01:43:24.123,12,left,11,12,18.42857142857143,True,
run_20260926_014038_575179,4936,163,2026-09-26T01:43:24.123,1,right,0,1,18.0,True,
run_20260926_014038_575179,4936,163,2026-09-26T01:43:24.123,2,right,1,2,19.0,True,
run_20260926_014038_575179,4936,163,2026-09-26T01:43:24.123,3,right,2,3,19.0,True,
run_20260926_014038_575179,4936,163,2026-09-26T01:43:24.123,4,right,3,4,19.0,True,
run_20260926_014038_575179,4936,163,2026-09-26T01:43:24.123,5,right,4,5,19.0,True,
run_20260926_014038_575179,4936,163,2026-09-26T01:43:24.123,6,right,5,6,18.5,True,
run_20260926_014038_575179,4936,163,2026-09-26T01:43:24.123,7,right,6,7,18.5,True,
run_20260926_014038_575179,4936,163,2026-09-26T01:43:24.123,8,right,7,8,19.0,True,
run_20260926_014038_575179,4936,163,2026-09-26T01:43:24.123,9,right,8,9,19.0,True,
run_20260926_014038_575179,4936,163,2026-09-26T01:43:24.123,10,right,9,10,18.0,True,
run_20260926_014038_575179,4936,163,2026-09-26T01:43:24.123,11,right,10,11,18.5,True,
run_20260926_014038_575179,4936,163,2026-09-26T01:43:24.123,12,right,11,12,18.5,True,
run_20260926_014038_575179,4967,164,2026-09-26T01:43:25.159,1,left,0,1,18.5,True,
run_20260926_014038_575179,4967,164,2026-09-26T01:43:25.159,2,left,1,2,19.0,True,
run_20260926_014038_575179,4967,164,2026-09-26T01:43:25.159,3,left,2,3,18.5,True,
run_20260926_014038_575179,4967,164,2026-09-26T01:43:25.159,4,left,3,4,19.0,True,
run_20260926_014038_575179,4967,164,2026-09-26T01:43:25.159,5,left,4,5,19.0,True,
run_20260926_014038_575179,4967,164,2026-09-26T01:43:25.159,6,left,5,6,19.0,True,
run_20260926_014038_575179,4967,164,2026-09-26T01:43:25.159,7,left,6,7,19.0,True,
run_20260926_014038_575179,4967,164,2026-09-26T01:43:25.159,8,left,7,8,19.0,True,
run_20260926_014038_575179,4967,164,2026-09-26T01:43:25.159,9,left,8,9,19.0,True,
run_20260926_014038_575179,4967,164,2026-09-26T01:43:25.159,10,left,9,10,19.0,True,
run_20260926_014038_575179,4967,164,2026-09-26T01:43:25.159,11,left,10,11,18.5,True,
run_20260926_014038_575179,4967,164,2026-09-26T01:43:25.159,12,left,11,12,18.5,True,
run_20260926_014038_575179,4967,164,2026-09-26T01:43:25.159,1,right,0,1,18.0,True,
run_20260926_014038_575179,4967,164,2026-09-26T01:43:25.159,2,right,1,2,19.0,True,
run_20260926_014038_575179,4967,164,2026-09-26T01:43:25.159,3,right,2,3,19.0,True,
run_20260926_014038_575179,4967,164,2026-09-26T01:43:25.159,4,right,3,4,19.0,True,
run_20260926_014038_575179,4967,164,2026-09-26T01:43:25.159,5,right,4,5,18.764705882352928,True,
run_20260926_014038_575179,4967,164,2026-09-26T01:43:25.159,6,right,5,6,18.735294117647072,True,
run_20260926_014038_575179,4967,164,2026-09-26T01:43:25.159,7,right,6,7,18.5,True,
run_20260926_014038_575179,4967,164,2026-09-26T01:43:25.159,8,right,7,8,19.0,True,
run_20260926_014038_575179,4967,164,2026-09-26T01:43:25.159,9,right,8,9,19.0,True,
run_20260926_014038_575179,4967,164,2026-09-26T01:43:25.159,10,right,9,10,18.0,True,
run_20260926_014038_575179,4967,164,2026-09-26T01:43:25.159,11,right,10,11,18.5,True,
run_20260926_014038_575179,4967,164,2026-09-26T01:43:25.159,12,right,11,12,18.65384615384619,True,
run_20260926_014038_575179,4998,165,2026-09-26T01:43:26.186,1,left,0,1,18.5,True,
run_20260926_014038_575179,4998,165,2026-09-26T01:43:26.186,2,left,1,2,19.0,True,
run_20260926_014038_575179,4998,165,2026-09-26T01:43:26.186,3,left,2,3,18.5,True,
run_20260926_014038_575179,4998,165,2026-09-26T01:43:26.186,4,left,3,4,19.0,True,
run_20260926_014038_575179,4998,165,2026-09-26T01:43:26.186,5,left,4,5,19.0,True,
run_20260926_014038_575179,4998,165,2026-09-26T01:43:26.186,6,left,5,6,19.0,True,
run_20260926_014038_575179,4998,165,2026-09-26T01:43:26.186,7,left,6,7,19.0,True,
run_20260926_014038_575179,4998,165,2026-09-26T01:43:26.186,8,left,7,8,19.0,True,
run_20260926_014038_575179,4998,165,2026-09-26T01:43:26.186,9,left,8,9,19.0,True,
run_20260926_014038_575179,4998,165,2026-09-26T01:43:26.186,10,left,9,10,19.0,True,
run_20260926_014038_575179,4998,165,2026-09-26T01:43:26.186,11,left,10,11,18.5,True,
run_20260926_014038_575179,4998,165,2026-09-26T01:43:26.186,12,left,11,12,18.5,True,
run_20260926_014038_575179,4998,165,2026-09-26T01:43:26.186,1,right,0,1,18.0,True,
run_20260926_014038_575179,4998,165,2026-09-26T01:43:26.186,2,right,1,2,19.0,True,
run_20260926_014038_575179,4998,165,2026-09-26T01:43:26.186,3,right,2,3,19.0,True,
run_20260926_014038_575179,4998,165,2026-09-26T01:43:26.186,4,right,3,4,19.0,True,
run_20260926_014038_575179,4998,165,2026-09-26T01:43:26.186,5,right,4,5,19.0,True,
run_20260926_014038_575179,4998,165,2026-09-26T01:43:26.186,6,right,5,6,18.5,True,
run_20260926_014038_575179,4998,165,2026-09-26T01:43:26.186,7,right,6,7,18.5,True,
run_20260926_014038_575179,4998,165,2026-09-26T01:43:26.186,8,right,7,8,19.0,True,
run_20260926_014038_575179,4998,165,2026-09-26T01:43:26.186,9,right,8,9,19.0,True,
run_20260926_014038_575179,4998,165,2026-09-26T01:43:26.186,10,right,9,10,18.0,True,
run_20260926_014038_575179,4998,165,2026-09-26T01:43:26.186,11,right,10,11,18.5,True,
run_20260926_014038_575179,4998,165,2026-09-26T01:43:26.186,12,right,11,12,18.5,True,
run_20260926_014038_575179,5028,166,2026-09-26T01:43:27.187,1,left,0,1,18.636363636363626,True,
run_20260926_014038_575179,5028,166,2026-09-26T01:43:27.187,2,left,1,2,19.0,True,
run_20260926_014038_575179,5028,166,2026-09-26T01:43:27.187,3,left,2,3,18.5,True,
run_20260926_014038_575179,5028,166,2026-09-26T01:43:27.187,4,left,3,4,19.0,True,
run_20260926_014038_575179,5028,166,2026-09-26T01:43:27.187,5,left,4,5,19.0,True,
run_20260926_014038_575179,5028,166,2026-09-26T01:43:27.187,6,left,5,6,19.0,True,
run_20260926_014038_575179,5028,166,2026-09-26T01:43:27.187,7,left,6,7,19.0,True,
run_20260926_014038_575179,5028,166,2026-09-26T01:43:27.187,8,left,7,8,19.0,True,
run_20260926_014038_575179,5028,166,2026-09-26T01:43:27.187,9,left,8,9,19.0,True,
run_20260926_014038_575179,5028,166,2026-09-26T01:43:27.187,10,left,9,10,19.0,True,
run_20260926_014038_575179,5028,166,2026-09-26T01:43:27.187,11,left,10,11,18.5,True,
run_20260926_014038_575179,5028,166,2026-09-26T01:43:27.187,12,left,11,12,18.5,True,
run_20260926_014038_575179,5028,166,2026-09-26T01:43:27.187,1,right,0,1,18.0,True,
run_20260926_014038_575179,5028,166,2026-09-26T01:43:27.187,2,right,1,2,19.0,True,
run_20260926_014038_575179,5028,166,2026-09-26T01:43:27.187,3,right,2,3,19.0,True,
run_20260926_014038_575179,5028,166,2026-09-26T01:43:27.187,4,right,3,4,19.0,True,
run_20260926_014038_575179,5028,166,2026-09-26T01:43:27.187,5,right,4,5,18.66666666666663,True,
run_20260926_014038_575179,5028,166,2026-09-26T01:43:27.187,6,right,5,6,18.83333333333337,True,
run_20260926_014038_575179,5028,166,2026-09-26T01:43:27.187,7,right,6,7,18.5,True,
run_20260926_014038_575179,5028,166,2026-09-26T01:43:27.187,8,right,7,8,19.0,True,
run_20260926_014038_575179,5028,166,2026-09-26T01:43:27.187,9,right,8,9,19.0,True,
run_20260926_014038_575179,5028,166,2026-09-26T01:43:27.187,10,right,9,10,18.0,True,
run_20260926_014038_575179,5028,166,2026-09-26T01:43:27.187,11,right,10,11,18.5,True,
run_20260926_014038_575179,5028,166,2026-09-26T01:43:27.187,12,right,11,12,18.5,True,
run_20260926_014038_575179,5058,167,2026-09-26T01:43:28.190,1,left,0,1,18.5,True,
run_20260926_014038_575179,5058,167,2026-09-26T01:43:28.190,2,left,1,2,19.0,True,
run_20260926_014038_575179,5058,167,2026-09-26T01:43:28.190,3,left,2,3,18.5,True,
run_20260926_014038_575179,5058,167,2026-09-26T01:43:28.190,4,left,3,4,19.0,True,
run_20260926_014038_575179,5058,167,2026-09-26T01:43:28.190,5,left,4,5,19.0,True,
run_20260926_014038_575179,5058,167,2026-09-26T01:43:28.190,6,left,5,6,19.0,True,
run_20260926_014038_575179,5058,167,2026-09-26T01:43:28.190,7,left,6,7,19.0,True,
run_20260926_014038_575179,5058,167,2026-09-26T01:43:28.190,8,left,7,8,19.0,True,
run_20260926_014038_575179,5058,167,2026-09-26T01:43:28.190,9,left,8,9,19.0,True,
run_20260926_014038_575179,5058,167,2026-09-26T01:43:28.190,10,left,9,10,19.0,True,
run_20260926_014038_575179,5058,167,2026-09-26T01:43:28.190,11,left,10,11,18.5,True,
run_20260926_014038_575179,5058,167,2026-09-26T01:43:28.190,12,left,11,12,18.5,True,
run_20260926_014038_575179,5058,167,2026-09-26T01:43:28.190,1,right,0,1,18.0,True,
run_20260926_014038_575179,5058,167,2026-09-26T01:43:28.190,2,right,1,2,19.0,True,
run_20260926_014038_575179,5058,167,2026-09-26T01:43:28.190,3,right,2,3,19.0,True,
run_20260926_014038_575179,5058,167,2026-09-26T01:43:28.190,4,right,3,4,19.0,True,
run_20260926_014038_575179,5058,167,2026-09-26T01:43:28.190,5,right,4,5,19.0,True,
run_20260926_014038_575179,5058,167,2026-09-26T01:43:28.190,6,right,5,6,18.5,True,
run_20260926_014038_575179,5058,167,2026-09-26T01:43:28.190,7,right,6,7,18.5,True,
run_20260926_014038_575179,5058,167,2026-09-26T01:43:28.190,8,right,7,8,19.0,True,
run_20260926_014038_575179,5058,167,2026-09-26T01:43:28.190,9,right,8,9,19.0,True,
run_20260926_014038_575179,5058,167,2026-09-26T01:43:28.190,10,right,9,10,18.0,True,
run_20260926_014038_575179,5058,167,2026-09-26T01:43:28.190,11,right,10,11,18.5,True,
run_20260926_014038_575179,5058,167,2026-09-26T01:43:28.190,12,right,11,12,18.65384615384619,True,
run_20260926_014038_575179,5089,168,2026-09-26T01:43:29.219,1,left,0,1,18.5,True,
run_20260926_014038_575179,5089,168,2026-09-26T01:43:29.219,2,left,1,2,19.0,True,
run_20260926_014038_575179,5089,168,2026-09-26T01:43:29.219,3,left,2,3,18.5,True,
run_20260926_014038_575179,5089,168,2026-09-26T01:43:29.219,4,left,3,4,19.0,True,
run_20260926_014038_575179,5089,168,2026-09-26T01:43:29.219,5,left,4,5,19.0,True,
run_20260926_014038_575179,5089,168,2026-09-26T01:43:29.219,6,left,5,6,19.0,True,
run_20260926_014038_575179,5089,168,2026-09-26T01:43:29.219,7,left,6,7,19.0,True,
run_20260926_014038_575179,5089,168,2026-09-26T01:43:29.219,8,left,7,8,19.0,True,
run_20260926_014038_575179,5089,168,2026-09-26T01:43:29.219,9,left,8,9,19.0,True,
run_20260926_014038_575179,5089,168,2026-09-26T01:43:29.219,10,left,9,10,19.0,True,
run_20260926_014038_575179,5089,168,2026-09-26T01:43:29.219,11,left,10,11,18.5,True,
run_20260926_014038_575179,5089,168,2026-09-26T01:43:29.219,12,left,11,12,18.5,True,
run_20260926_014038_575179,5089,168,2026-09-26T01:43:29.219,1,right,0,1,18.0,True,
run_20260926_014038_575179,5089,168,2026-09-26T01:43:29.219,2,right,1,2,19.0,True,
run_20260926_014038_575179,5089,168,2026-09-26T01:43:29.219,3,right,2,3,19.0,True,
run_20260926_014038_575179,5089,168,2026-09-26T01:43:29.219,4,right,3,4,19.0,True,
run_20260926_014038_575179,5089,168,2026-09-26T01:43:29.219,5,right,4,5,19.0,True,
run_20260926_014038_575179,5089,168,2026-09-26T01:43:29.219,6,right,5,6,18.5,True,
run_20260926_014038_575179,5089,168,2026-09-26T01:43:29.219,7,right,6,7,18.5,True,
run_20260926_014038_575179,5089,168,2026-09-26T01:43:29.219,8,right,7,8,19.0,True,
run_20260926_014038_575179,5089,168,2026-09-26T01:43:29.219,9,right,8,9,19.0,True,
run_20260926_014038_575179,5089,168,2026-09-26T01:43:29.219,10,right,9,10,18.0,True,
run_20260926_014038_575179,5089,168,2026-09-26T01:43:29.219,11,right,10,11,18.5,True,
run_20260926_014038_575179,5089,168,2026-09-26T01:43:29.219,12,right,11,12,18.65384615384619,True,
run_20260926_014038_575179,5119,169,2026-09-26T01:43:30.223,1,left,0,1,18.5,True,
run_20260926_014038_575179,5119,169,2026-09-26T01:43:30.223,2,left,1,2,19.0,True,
run_20260926_014038_575179,5119,169,2026-09-26T01:43:30.223,3,left,2,3,18.5,True,
run_20260926_014038_575179,5119,169,2026-09-26T01:43:30.223,4,left,3,4,19.0,True,
run_20260926_014038_575179,5119,169,2026-09-26T01:43:30.223,5,left,4,5,19.0,True,
run_20260926_014038_575179,5119,169,2026-09-26T01:43:30.223,6,left,5,6,19.0,True,
run_20260926_014038_575179,5119,169,2026-09-26T01:43:30.223,7,left,6,7,19.0,True,
run_20260926_014038_575179,5119,169,2026-09-26T01:43:30.223,8,left,7,8,19.0,True,
run_20260926_014038_575179,5119,169,2026-09-26T01:43:30.223,9,left,8,9,19.0,True,
run_20260926_014038_575179,5119,169,2026-09-26T01:43:30.223,10,left,9,10,19.0,True,
run_20260926_014038_575179,5119,169,2026-09-26T01:43:30.223,11,left,10,11,18.5,True,
run_20260926_014038_575179,5119,169,2026-09-26T01:43:30.223,12,left,11,12,18.5,True,
run_20260926_014038_575179,5119,169,2026-09-26T01:43:30.223,1,right,0,1,18.0,True,
run_20260926_014038_575179,5119,169,2026-09-26T01:43:30.223,2,right,1,2,19.0,True,
run_20260926_014038_575179,5119,169,2026-09-26T01:43:30.223,3,right,2,3,19.0,True,
run_20260926_014038_575179,5119,169,2026-09-26T01:43:30.223,4,right,3,4,19.0,True,
run_20260926_014038_575179,5119,169,2026-09-26T01:43:30.223,5,right,4,5,19.0,True,
run_20260926_014038_575179,5119,169,2026-09-26T01:43:30.223,6,right,5,6,18.5,True,
run_20260926_014038_575179,5119,169,2026-09-26T01:43:30.223,7,right,6,7,18.5,True,
run_20260926_014038_575179,5119,169,2026-09-26T01:43:30.223,8,right,7,8,19.0,True,
run_20260926_014038_575179,5119,169,2026-09-26T01:43:30.223,9,right,8,9,19.0,True,
run_20260926_014038_575179,5119,169,2026-09-26T01:43:30.223,10,right,9,10,18.0,True,
run_20260926_014038_575179,5119,169,2026-09-26T01:43:30.223,11,right,10,11,18.5,True,
run_20260926_014038_575179,5119,169,2026-09-26T01:43:30.223,12,right,11,12,18.65384615384619,True,
run_20260926_014038_575179,5150,170,2026-09-26T01:43:31.252,1,left,0,1,18.5,True,
run_20260926_014038_575179,5150,170,2026-09-26T01:43:31.252,2,left,1,2,19.0,True,
run_20260926_014038_575179,5150,170,2026-09-26T01:43:31.252,3,left,2,3,18.5,True,
run_20260926_014038_575179,5150,170,2026-09-26T01:43:31.252,4,left,3,4,19.0,True,
run_20260926_014038_575179,5150,170,2026-09-26T01:43:31.252,5,left,4,5,19.0,True,
run_20260926_014038_575179,5150,170,2026-09-26T01:43:31.252,6,left,5,6,19.0,True,
run_20260926_014038_575179,5150,170,2026-09-26T01:43:31.252,7,left,6,7,19.0,True,
run_20260926_014038_575179,5150,170,2026-09-26T01:43:31.252,8,left,7,8,19.0,True,
run_20260926_014038_575179,5150,170,2026-09-26T01:43:31.252,9,left,8,9,19.0,True,
run_20260926_014038_575179,5150,170,2026-09-26T01:43:31.252,10,left,9,10,19.0,True,
run_20260926_014038_575179,5150,170,2026-09-26T01:43:31.252,11,left,10,11,18.5,True,
run_20260926_014038_575179,5150,170,2026-09-26T01:43:31.252,12,left,11,12,18.5,True,
run_20260926_014038_575179,5150,170,2026-09-26T01:43:31.252,1,right,0,1,18.0,True,
run_20260926_014038_575179,5150,170,2026-09-26T01:43:31.252,2,right,1,2,19.0,True,
run_20260926_014038_575179,5150,170,2026-09-26T01:43:31.252,3,right,2,3,19.0,True,
run_20260926_014038_575179,5150,170,2026-09-26T01:43:31.252,4,right,3,4,19.0,True,
run_20260926_014038_575179,5150,170,2026-09-26T01:43:31.252,5,right,4,5,18.5,True,
run_20260926_014038_575179,5150,170,2026-09-26T01:43:31.252,6,right,5,6,19.0,True,
run_20260926_014038_575179,5150,170,2026-09-26T01:43:31.252,7,right,6,7,18.5,True,
run_20260926_014038_575179,5150,170,2026-09-26T01:43:31.252,8,right,7,8,19.0,True,
run_20260926_014038_575179,5150,170,2026-09-26T01:43:31.252,9,right,8,9,19.0,True,
run_20260926_014038_575179,5150,170,2026-09-26T01:43:31.252,10,right,9,10,18.0,True,
run_20260926_014038_575179,5150,170,2026-09-26T01:43:31.252,11,right,10,11,18.5,True,
run_20260926_014038_575179,5150,170,2026-09-26T01:43:31.252,12,right,11,12,18.571428571428555,True,
run_20260926_014038_575179,5181,171,2026-09-26T01:43:32.285,1,left,0,1,18.5,True,
run_20260926_014038_575179,5181,171,2026-09-26T01:43:32.285,2,left,1,2,19.0,True,
run_20260926_014038_575179,5181,171,2026-09-26T01:43:32.285,3,left,2,3,18.5,True,
run_20260926_014038_575179,5181,171,2026-09-26T01:43:32.285,4,left,3,4,19.0,True,
run_20260926_014038_575179,5181,171,2026-09-26T01:43:32.285,5,left,4,5,19.0,True,
run_20260926_014038_575179,5181,171,2026-09-26T01:43:32.285,6,left,5,6,19.0,True,
run_20260926_014038_575179,5181,171,2026-09-26T01:43:32.285,7,left,6,7,19.0,True,
run_20260926_014038_575179,5181,171,2026-09-26T01:43:32.285,8,left,7,8,19.0,True,
run_20260926_014038_575179,5181,171,2026-09-26T01:43:32.285,9,left,8,9,19.0,True,
run_20260926_014038_575179,5181,171,2026-09-26T01:43:32.285,10,left,9,10,19.0,True,
run_20260926_014038_575179,5181,171,2026-09-26T01:43:32.285,11,left,10,11,18.5,True,
run_20260926_014038_575179,5181,171,2026-09-26T01:43:32.285,12,left,11,12,18.5,True,
run_20260926_014038_575179,5181,171,2026-09-26T01:43:32.285,1,right,0,1,18.0,True,
run_20260926_014038_575179,5181,171,2026-09-26T01:43:32.285,2,right,1,2,19.0,True,
run_20260926_014038_575179,5181,171,2026-09-26T01:43:32.285,3,right,2,3,19.0,True,
run_20260926_014038_575179,5181,171,2026-09-26T01:43:32.285,4,right,3,4,19.0,True,
run_20260926_014038_575179,5181,171,2026-09-26T01:43:32.285,5,right,4,5,18.764705882352928,True,
run_20260926_014038_575179,5181,171,2026-09-26T01:43:32.285,6,right,5,6,18.735294117647072,True,
run_20260926_014038_575179,5181,171,2026-09-26T01:43:32.285,7,right,6,7,18.5,True,
run_20260926_014038_575179,5181,171,2026-09-26T01:43:32.285,8,right,7,8,19.0,True,
run_20260926_014038_575179,5181,171,2026-09-26T01:43:32.285,9,right,8,9,19.0,True,
run_20260926_014038_575179,5181,171,2026-09-26T01:43:32.285,10,right,9,10,18.0,True,
run_20260926_014038_575179,5181,171,2026-09-26T01:43:32.285,11,right,10,11,18.5,True,
run_20260926_014038_575179,5181,171,2026-09-26T01:43:32.285,12,right,11,12,18.5,True,
run_20260926_014038_575179,5211,172,2026-09-26T01:43:33.290,1,left,0,1,18.5,True,
run_20260926_014038_575179,5211,172,2026-09-26T01:43:33.290,2,left,1,2,19.0,True,
run_20260926_014038_575179,5211,172,2026-09-26T01:43:33.290,3,left,2,3,18.5,True,
run_20260926_014038_575179,5211,172,2026-09-26T01:43:33.290,4,left,3,4,19.0,True,
run_20260926_014038_575179,5211,172,2026-09-26T01:43:33.290,5,left,4,5,19.0,True,
run_20260926_014038_575179,5211,172,2026-09-26T01:43:33.290,6,left,5,6,19.0,True,
run_20260926_014038_575179,5211,172,2026-09-26T01:43:33.290,7,left,6,7,19.0,True,
run_20260926_014038_575179,5211,172,2026-09-26T01:43:33.290,8,left,7,8,19.0,True,
run_20260926_014038_575179,5211,172,2026-09-26T01:43:33.290,9,left,8,9,19.0,True,
run_20260926_014038_575179,5211,172,2026-09-26T01:43:33.290,10,left,9,10,19.0,True,
run_20260926_014038_575179,5211,172,2026-09-26T01:43:33.290,11,left,10,11,18.5,True,
run_20260926_014038_575179,5211,172,2026-09-26T01:43:33.290,12,left,11,12,18.5,True,
run_20260926_014038_575179,5211,172,2026-09-26T01:43:33.290,1,right,0,1,18.0,True,
run_20260926_014038_575179,5211,172,2026-09-26T01:43:33.290,2,right,1,2,19.0,True,
run_20260926_014038_575179,5211,172,2026-09-26T01:43:33.290,3,right,2,3,19.0,True,
run_20260926_014038_575179,5211,172,2026-09-26T01:43:33.290,4,right,3,4,19.0,True,
run_20260926_014038_575179,5211,172,2026-09-26T01:43:33.290,5,right,4,5,19.0,True,
run_20260926_014038_575179,5211,172,2026-09-26T01:43:33.290,6,right,5,6,18.5,True,
run_20260926_014038_575179,5211,172,2026-09-26T01:43:33.290,7,right,6,7,18.5,True,
run_20260926_014038_575179,5211,172,2026-09-26T01:43:33.290,8,right,7,8,19.0,True,
run_20260926_014038_575179,5211,172,2026-09-26T01:43:33.290,9,right,8,9,19.0,True,
run_20260926_014038_575179,5211,172,2026-09-26T01:43:33.290,10,right,9,10,18.0,True,
run_20260926_014038_575179,5211,172,2026-09-26T01:43:33.290,11,right,10,11,18.5,True,
run_20260926_014038_575179,5211,172,2026-09-26T01:43:33.290,12,right,11,12,18.5,True,
run_20260926_014038_575179,5242,173,2026-09-26T01:43:34.319,1,left,0,1,18.5,True,
run_20260926_014038_575179,5242,173,2026-09-26T01:43:34.319,2,left,1,2,19.0,True,
run_20260926_014038_575179,5242,173,2026-09-26T01:43:34.319,3,left,2,3,18.5,True,
run_20260926_014038_575179,5242,173,2026-09-26T01:43:34.319,4,left,3,4,19.0,True,
run_20260926_014038_575179,5242,173,2026-09-26T01:43:34.319,5,left,4,5,19.0,True,
run_20260926_014038_575179,5242,173,2026-09-26T01:43:34.319,6,left,5,6,19.0,True,
run_20260926_014038_575179,5242,173,2026-09-26T01:43:34.319,7,left,6,7,19.0,True,
run_20260926_014038_575179,5242,173,2026-09-26T01:43:34.319,8,left,7,8,19.0,True,
run_20260926_014038_575179,5242,173,2026-09-26T01:43:34.319,9,left,8,9,19.0,True,
run_20260926_014038_575179,5242,173,2026-09-26T01:43:34.319,10,left,9,10,19.0,True,
run_20260926_014038_575179,5242,173,2026-09-26T01:43:34.319,11,left,10,11,18.5,True,
run_20260926_014038_575179,5242,173,2026-09-26T01:43:34.319,12,left,11,12,18.5,True,
run_20260926_014038_575179,5242,173,2026-09-26T01:43:34.319,1,right,0,1,18.0,True,
run_20260926_014038_575179,5242,173,2026-09-26T01:43:34.319,2,right,1,2,19.0,True,
run_20260926_014038_575179,5242,173,2026-09-26T01:43:34.319,3,right,2,3,19.0,True,
run_20260926_014038_575179,5242,173,2026-09-26T01:43:34.319,4,right,3,4,19.0,True,
run_20260926_014038_575179,5242,173,2026-09-26T01:43:34.319,5,right,4,5,19.0,True,
run_20260926_014038_575179,5242,173,2026-09-26T01:43:34.319,6,right,5,6,18.5,True,
run_20260926_014038_575179,5242,173,2026-09-26T01:43:34.319,7,right,6,7,18.5,True,
run_20260926_014038_575179,5242,173,2026-09-26T01:43:34.319,8,right,7,8,19.0,True,
run_20260926_014038_575179,5242,173,2026-09-26T01:43:34.319,9,right,8,9,19.0,True,
run_20260926_014038_575179,5242,173,2026-09-26T01:43:34.319,10,right,9,10,18.0,True,
run_20260926_014038_575179,5242,173,2026-09-26T01:43:34.319,11,right,10,11,18.5,True,
run_20260926_014038_575179,5242,173,2026-09-26T01:43:34.319,12,right,11,12,18.5,True,
run_20260926_014038_575179,5273,174,2026-09-26T01:43:35.352,1,left,0,1,18.5,True,
run_20260926_014038_575179,5273,174,2026-09-26T01:43:35.352,2,left,1,2,19.0,True,
run_20260926_014038_575179,5273,174,2026-09-26T01:43:35.352,3,left,2,3,18.5,True,
run_20260926_014038_575179,5273,174,2026-09-26T01:43:35.352,4,left,3,4,19.0,True,
run_20260926_014038_575179,5273,174,2026-09-26T01:43:35.352,5,left,4,5,19.0,True,
run_20260926_014038_575179,5273,174,2026-09-26T01:43:35.352,6,left,5,6,19.0,True,
run_20260926_014038_575179,5273,174,2026-09-26T01:43:35.352,7,left,6,7,19.0,True,
run_20260926_014038_575179,5273,174,2026-09-26T01:43:35.352,8,left,7,8,19.0,True,
run_20260926_014038_575179,5273,174,2026-09-26T01:43:35.352,9,left,8,9,19.0,True,
run_20260926_014038_575179,5273,174,2026-09-26T01:43:35.352,10,left,9,10,19.0,True,
run_20260926_014038_575179,5273,174,2026-09-26T01:43:35.352,11,left,10,11,18.5,True,
run_20260926_014038_575179,5273,174,2026-09-26T01:43:35.352,12,left,11,12,18.5,True,
run_20260926_014038_575179,5273,174,2026-09-26T01:43:35.352,1,right,0,1,18.0,True,
run_20260926_014038_575179,5273,174,2026-09-26T01:43:35.352,2,right,1,2,19.0,True,
run_20260926_014038_575179,5273,174,2026-09-26T01:43:35.352,3,right,2,3,19.0,True,
run_20260926_014038_575179,5273,174,2026-09-26T01:43:35.352,4,right,3,4,19.0,True,
run_20260926_014038_575179,5273,174,2026-09-26T01:43:35.352,5,right,4,5,19.0,True,
run_20260926_014038_575179,5273,174,2026-09-26T01:43:35.352,6,right,5,6,18.5,True,
run_20260926_014038_575179,5273,174,2026-09-26T01:43:35.352,7,right,6,7,18.5,True,
run_20260926_014038_575179,5273,174,2026-09-26T01:43:35.352,8,right,7,8,19.0,True,
run_20260926_014038_575179,5273,174,2026-09-26T01:43:35.352,9,right,8,9,19.0,True,
run_20260926_014038_575179,5273,174,2026-09-26T01:43:35.352,10,right,9,10,18.0,True,
run_20260926_014038_575179,5273,174,2026-09-26T01:43:35.352,11,right,10,11,18.5,True,
run_20260926_014038_575179,5273,174,2026-09-26T01:43:35.352,12,right,11,12,18.65384615384619,True,
run_20260926_014038_575179,5303,175,2026-09-26T01:43:36.354,1,left,0,1,18.5,True,
run_20260926_014038_575179,5303,175,2026-09-26T01:43:36.354,2,left,1,2,19.0,True,
run_20260926_014038_575179,5303,175,2026-09-26T01:43:36.354,3,left,2,3,18.5,True,
run_20260926_014038_575179,5303,175,2026-09-26T01:43:36.354,4,left,3,4,19.0,True,
run_20260926_014038_575179,5303,175,2026-09-26T01:43:36.354,5,left,4,5,19.0,True,
run_20260926_014038_575179,5303,175,2026-09-26T01:43:36.354,6,left,5,6,19.0,True,
run_20260926_014038_575179,5303,175,2026-09-26T01:43:36.354,7,left,6,7,19.0,True,
run_20260926_014038_575179,5303,175,2026-09-26T01:43:36.354,8,left,7,8,19.0,True,
run_20260926_014038_575179,5303,175,2026-09-26T01:43:36.354,9,left,8,9,19.0,True,
run_20260926_014038_575179,5303,175,2026-09-26T01:43:36.354,10,left,9,10,19.0,True,
run_20260926_014038_575179,5303,175,2026-09-26T01:43:36.354,11,left,10,11,18.5,True,
run_20260926_014038_575179,5303,175,2026-09-26T01:43:36.354,12,left,11,12,18.5,True,
run_20260926_014038_575179,5303,175,2026-09-26T01:43:36.354,1,right,0,1,18.0,True,
run_20260926_014038_575179,5303,175,2026-09-26T01:43:36.354,2,right,1,2,19.0,True,
run_20260926_014038_575179,5303,175,2026-09-26T01:43:36.354,3,right,2,3,19.0,True,
run_20260926_014038_575179,5303,175,2026-09-26T01:43:36.354,4,right,3,4,19.0,True,
run_20260926_014038_575179,5303,175,2026-09-26T01:43:36.354,5,right,4,5,19.0,True,
run_20260926_014038_575179,5303,175,2026-09-26T01:43:36.354,6,right,5,6,18.5,True,
run_20260926_014038_575179,5303,175,2026-09-26T01:43:36.354,7,right,6,7,18.5,True,
run_20260926_014038_575179,5303,175,2026-09-26T01:43:36.354,8,right,7,8,19.0,True,
run_20260926_014038_575179,5303,175,2026-09-26T01:43:36.354,9,right,8,9,19.0,True,
run_20260926_014038_575179,5303,175,2026-09-26T01:43:36.354,10,right,9,10,18.0,True,
run_20260926_014038_575179,5303,175,2026-09-26T01:43:36.354,11,right,10,11,18.5,True,
run_20260926_014038_575179,5303,175,2026-09-26T01:43:36.354,12,right,11,12,18.5,True,
run_20260926_014038_575179,5334,176,2026-09-26T01:43:37.392,1,left,0,1,18.5,True,
run_20260926_014038_575179,5334,176,2026-09-26T01:43:37.392,2,left,1,2,19.0,True,
run_20260926_014038_575179,5334,176,2026-09-26T01:43:37.392,3,left,2,3,18.5,True,
run_20260926_014038_575179,5334,176,2026-09-26T01:43:37.392,4,left,3,4,19.0,True,
run_20260926_014038_575179,5334,176,2026-09-26T01:43:37.392,5,left,4,5,19.0,True,
run_20260926_014038_575179,5334,176,2026-09-26T01:43:37.392,6,left,5,6,19.0,True,
run_20260926_014038_575179,5334,176,2026-09-26T01:43:37.392,7,left,6,7,19.0,True,
run_20260926_014038_575179,5334,176,2026-09-26T01:43:37.392,8,left,7,8,19.0,True,
run_20260926_014038_575179,5334,176,2026-09-26T01:43:37.392,9,left,8,9,19.0,True,
run_20260926_014038_575179,5334,176,2026-09-26T01:43:37.392,10,left,9,10,19.0,True,
run_20260926_014038_575179,5334,176,2026-09-26T01:43:37.392,11,left,10,11,18.57142857142857,True,
run_20260926_014038_575179,5334,176,2026-09-26T01:43:37.392,12,left,11,12,18.42857142857143,True,
run_20260926_014038_575179,5334,176,2026-09-26T01:43:37.392,1,right,0,1,18.0,True,
run_20260926_014038_575179,5334,176,2026-09-26T01:43:37.392,2,right,1,2,19.0,True,
run_20260926_014038_575179,5334,176,2026-09-26T01:43:37.392,3,right,2,3,19.0,True,
run_20260926_014038_575179,5334,176,2026-09-26T01:43:37.392,4,right,3,4,19.0,True,
run_20260926_014038_575179,5334,176,2026-09-26T01:43:37.392,5,right,4,5,18.764705882352928,True,
run_20260926_014038_575179,5334,176,2026-09-26T01:43:37.392,6,right,5,6,18.735294117647072,True,
run_20260926_014038_575179,5334,176,2026-09-26T01:43:37.392,7,right,6,7,18.5,True,
run_20260926_014038_575179,5334,176,2026-09-26T01:43:37.392,8,right,7,8,19.0,True,
run_20260926_014038_575179,5334,176,2026-09-26T01:43:37.392,9,right,8,9,19.0,True,
run_20260926_014038_575179,5334,176,2026-09-26T01:43:37.392,10,right,9,10,18.0,True,
run_20260926_014038_575179,5334,176,2026-09-26T01:43:37.392,11,right,10,11,18.5,True,
run_20260926_014038_575179,5334,176,2026-09-26T01:43:37.392,12,right,11,12,18.5,True,
run_20260926_014038_575179,5365,177,2026-09-26T01:43:38.419,1,left,0,1,18.5,True,
run_20260926_014038_575179,5365,177,2026-09-26T01:43:38.419,2,left,1,2,19.0,True,
run_20260926_014038_575179,5365,177,2026-09-26T01:43:38.419,3,left,2,3,18.5,True,
run_20260926_014038_575179,5365,177,2026-09-26T01:43:38.419,4,left,3,4,19.0,True,
run_20260926_014038_575179,5365,177,2026-09-26T01:43:38.419,5,left,4,5,19.0,True,
run_20260926_014038_575179,5365,177,2026-09-26T01:43:38.419,6,left,5,6,19.0,True,
run_20260926_014038_575179,5365,177,2026-09-26T01:43:38.419,7,left,6,7,19.0,True,
run_20260926_014038_575179,5365,177,2026-09-26T01:43:38.419,8,left,7,8,19.0,True,
run_20260926_014038_575179,5365,177,2026-09-26T01:43:38.419,9,left,8,9,19.0,True,
run_20260926_014038_575179,5365,177,2026-09-26T01:43:38.419,10,left,9,10,19.0,True,
run_20260926_014038_575179,5365,177,2026-09-26T01:43:38.419,11,left,10,11,18.5,True,
run_20260926_014038_575179,5365,177,2026-09-26T01:43:38.419,12,left,11,12,18.5,True,
run_20260926_014038_575179,5365,177,2026-09-26T01:43:38.419,1,right,0,1,18.0,True,
run_20260926_014038_575179,5365,177,2026-09-26T01:43:38.419,2,right,1,2,19.0,True,
run_20260926_014038_575179,5365,177,2026-09-26T01:43:38.419,3,right,2,3,19.0,True,
run_20260926_014038_575179,5365,177,2026-09-26T01:43:38.419,4,right,3,4,19.0,True,
run_20260926_014038_575179,5365,177,2026-09-26T01:43:38.419,5,right,4,5,18.764705882352928,True,
run_20260926_014038_575179,5365,177,2026-09-26T01:43:38.419,6,right,5,6,18.735294117647072,True,
run_20260926_014038_575179,5365,177,2026-09-26T01:43:38.419,7,right,6,7,18.5,True,
run_20260926_014038_575179,5365,177,2026-09-26T01:43:38.419,8,right,7,8,19.0,True,
run_20260926_014038_575179,5365,177,2026-09-26T01:43:38.419,9,right,8,9,19.0,True,
run_20260926_014038_575179,5365,177,2026-09-26T01:43:38.419,10,right,9,10,18.0,True,
run_20260926_014038_575179,5365,177,2026-09-26T01:43:38.419,11,right,10,11,18.5,True,
run_20260926_014038_575179,5365,177,2026-09-26T01:43:38.419,12,right,11,12,18.65384615384619,True,
run_20260926_014038_575179,5395,178,2026-09-26T01:43:39.421,1,left,0,1,18.5,True,
run_20260926_014038_575179,5395,178,2026-09-26T01:43:39.421,2,left,1,2,19.0,True,
run_20260926_014038_575179,5395,178,2026-09-26T01:43:39.421,3,left,2,3,18.5,True,
run_20260926_014038_575179,5395,178,2026-09-26T01:43:39.421,4,left,3,4,19.0,True,
run_20260926_014038_575179,5395,178,2026-09-26T01:43:39.421,5,left,4,5,19.0,True,
run_20260926_014038_575179,5395,178,2026-09-26T01:43:39.421,6,left,5,6,19.0,True,
run_20260926_014038_575179,5395,178,2026-09-26T01:43:39.421,7,left,6,7,19.0,True,
run_20260926_014038_575179,5395,178,2026-09-26T01:43:39.421,8,left,7,8,19.0,True,
run_20260926_014038_575179,5395,178,2026-09-26T01:43:39.421,9,left,8,9,19.0,True,
run_20260926_014038_575179,5395,178,2026-09-26T01:43:39.421,10,left,9,10,19.0,True,
run_20260926_014038_575179,5395,178,2026-09-26T01:43:39.421,11,left,10,11,18.5,True,
run_20260926_014038_575179,5395,178,2026-09-26T01:43:39.421,12,left,11,12,18.5,True,
run_20260926_014038_575179,5395,178,2026-09-26T01:43:39.421,1,right,0,1,18.0,True,
run_20260926_014038_575179,5395,178,2026-09-26T01:43:39.421,2,right,1,2,19.0,True,
run_20260926_014038_575179,5395,178,2026-09-26T01:43:39.421,3,right,2,3,19.0,True,
run_20260926_014038_575179,5395,178,2026-09-26T01:43:39.421,4,right,3,4,19.0,True,
run_20260926_014038_575179,5395,178,2026-09-26T01:43:39.421,5,right,4,5,19.0,True,
run_20260926_014038_575179,5395,178,2026-09-26T01:43:39.421,6,right,5,6,18.5,True,
run_20260926_014038_575179,5395,178,2026-09-26T01:43:39.421,7,right,6,7,18.5,True,
run_20260926_014038_575179,5395,178,2026-09-26T01:43:39.421,8,right,7,8,19.0,True,
run_20260926_014038_575179,5395,178,2026-09-26T01:43:39.421,9,right,8,9,19.0,True,
run_20260926_014038_575179,5395,178,2026-09-26T01:43:39.421,10,right,9,10,18.0,True,
run_20260926_014038_575179,5395,178,2026-09-26T01:43:39.421,11,right,10,11,18.5,True,
run_20260926_014038_575179,5395,178,2026-09-26T01:43:39.421,12,right,11,12,18.863636363636374,True,
run_20260926_014038_575179,5425,179,2026-09-26T01:43:40.425,1,left,0,1,18.5,True,
run_20260926_014038_575179,5425,179,2026-09-26T01:43:40.425,2,left,1,2,19.0,True,
run_20260926_014038_575179,5425,179,2026-09-26T01:43:40.425,3,left,2,3,18.5,True,
run_20260926_014038_575179,5425,179,2026-09-26T01:43:40.425,4,left,3,4,19.0,True,
run_20260926_014038_575179,5425,179,2026-09-26T01:43:40.425,5,left,4,5,19.0,True,
run_20260926_014038_575179,5425,179,2026-09-26T01:43:40.425,6,left,5,6,19.0,True,
run_20260926_014038_575179,5425,179,2026-09-26T01:43:40.425,7,left,6,7,19.0,True,
run_20260926_014038_575179,5425,179,2026-09-26T01:43:40.425,8,left,7,8,19.0,True,
run_20260926_014038_575179,5425,179,2026-09-26T01:43:40.425,9,left,8,9,19.0,True,
run_20260926_014038_575179,5425,179,2026-09-26T01:43:40.425,10,left,9,10,19.0,True,
run_20260926_014038_575179,5425,179,2026-09-26T01:43:40.425,11,left,10,11,18.57142857142857,True,
run_20260926_014038_575179,5425,179,2026-09-26T01:43:40.425,12,left,11,12,18.42857142857143,True,
run_20260926_014038_575179,5425,179,2026-09-26T01:43:40.425,1,right,0,1,18.0,True,
run_20260926_014038_575179,5425,179,2026-09-26T01:43:40.425,2,right,1,2,19.0,True,
run_20260926_014038_575179,5425,179,2026-09-26T01:43:40.425,3,right,2,3,19.0,True,
run_20260926_014038_575179,5425,179,2026-09-26T01:43:40.425,4,right,3,4,19.0,True,
run_20260926_014038_575179,5425,179,2026-09-26T01:43:40.425,5,right,4,5,19.0,True,
run_20260926_014038_575179,5425,179,2026-09-26T01:43:40.425,6,right,5,6,18.5,True,
run_20260926_014038_575179,5425,179,2026-09-26T01:43:40.425,7,right,6,7,18.5,True,
run_20260926_014038_575179,5425,179,2026-09-26T01:43:40.425,8,right,7,8,19.0,True,
run_20260926_014038_575179,5425,179,2026-09-26T01:43:40.425,9,right,8,9,19.0,True,
run_20260926_014038_575179,5425,179,2026-09-26T01:43:40.425,10,right,9,10,18.0,True,
run_20260926_014038_575179,5425,179,2026-09-26T01:43:40.425,11,right,10,11,18.5,True,
run_20260926_014038_575179,5425,179,2026-09-26T01:43:40.425,12,right,11,12,18.65384615384619,True,
run_20260926_014038_575179,5456,180,2026-09-26T01:43:41.452,1,left,0,1,18.5,True,
run_20260926_014038_575179,5456,180,2026-09-26T01:43:41.452,2,left,1,2,19.0,True,
run_20260926_014038_575179,5456,180,2026-09-26T01:43:41.452,3,left,2,3,18.5,True,
run_20260926_014038_575179,5456,180,2026-09-26T01:43:41.452,4,left,3,4,19.0,True,
run_20260926_014038_575179,5456,180,2026-09-26T01:43:41.452,5,left,4,5,19.0,True,
run_20260926_014038_575179,5456,180,2026-09-26T01:43:41.452,6,left,5,6,19.0,True,
run_20260926_014038_575179,5456,180,2026-09-26T01:43:41.452,7,left,6,7,19.0,True,
run_20260926_014038_575179,5456,180,2026-09-26T01:43:41.452,8,left,7,8,19.0,True,
run_20260926_014038_575179,5456,180,2026-09-26T01:43:41.452,9,left,8,9,19.0,True,
run_20260926_014038_575179,5456,180,2026-09-26T01:43:41.452,10,left,9,10,19.0,True,
run_20260926_014038_575179,5456,180,2026-09-26T01:43:41.452,11,left,10,11,18.5,True,
run_20260926_014038_575179,5456,180,2026-09-26T01:43:41.452,12,left,11,12,18.5,True,
run_20260926_014038_575179,5456,180,2026-09-26T01:43:41.452,1,right,0,1,18.0,True,
run_20260926_014038_575179,5456,180,2026-09-26T01:43:41.452,2,right,1,2,19.0,True,
run_20260926_014038_575179,5456,180,2026-09-26T01:43:41.452,3,right,2,3,19.0,True,
run_20260926_014038_575179,5456,180,2026-09-26T01:43:41.452,4,right,3,4,19.0,True,
run_20260926_014038_575179,5456,180,2026-09-26T01:43:41.452,5,right,4,5,18.764705882352928,True,
run_20260926_014038_575179,5456,180,2026-09-26T01:43:41.452,6,right,5,6,18.735294117647072,True,
run_20260926_014038_575179,5456,180,2026-09-26T01:43:41.452,7,right,6,7,18.5,True,
run_20260926_014038_575179,5456,180,2026-09-26T01:43:41.452,8,right,7,8,19.0,True,
run_20260926_014038_575179,5456,180,2026-09-26T01:43:41.452,9,right,8,9,19.0,True,
run_20260926_014038_575179,5456,180,2026-09-26T01:43:41.452,10,right,9,10,18.0,True,
run_20260926_014038_575179,5456,180,2026-09-26T01:43:41.452,11,right,10,11,18.5,True,
run_20260926_014038_575179,5456,180,2026-09-26T01:43:41.452,12,right,11,12,18.5,True,
run_20260926_014038_575179,5486,181,2026-09-26T01:43:42.456,1,left,0,1,18.636363636363626,True,
run_20260926_014038_575179,5486,181,2026-09-26T01:43:42.456,2,left,1,2,19.0,True,
run_20260926_014038_575179,5486,181,2026-09-26T01:43:42.456,3,left,2,3,18.5,True,
run_20260926_014038_575179,5486,181,2026-09-26T01:43:42.456,4,left,3,4,19.0,True,
run_20260926_014038_575179,5486,181,2026-09-26T01:43:42.456,5,left,4,5,19.0,True,
run_20260926_014038_575179,5486,181,2026-09-26T01:43:42.456,6,left,5,6,19.0,True,
run_20260926_014038_575179,5486,181,2026-09-26T01:43:42.456,7,left,6,7,19.0,True,
run_20260926_014038_575179,5486,181,2026-09-26T01:43:42.456,8,left,7,8,19.0,True,
run_20260926_014038_575179,5486,181,2026-09-26T01:43:42.456,9,left,8,9,19.0,True,
run_20260926_014038_575179,5486,181,2026-09-26T01:43:42.456,10,left,9,10,19.0,True,
run_20260926_014038_575179,5486,181,2026-09-26T01:43:42.456,11,left,10,11,18.5,True,
run_20260926_014038_575179,5486,181,2026-09-26T01:43:42.456,12,left,11,12,18.5,True,
run_20260926_014038_575179,5486,181,2026-09-26T01:43:42.456,1,right,0,1,18.0,True,
run_20260926_014038_575179,5486,181,2026-09-26T01:43:42.456,2,right,1,2,19.0,True,
run_20260926_014038_575179,5486,181,2026-09-26T01:43:42.456,3,right,2,3,19.0,True,
run_20260926_014038_575179,5486,181,2026-09-26T01:43:42.456,4,right,3,4,19.0,True,
run_20260926_014038_575179,5486,181,2026-09-26T01:43:42.456,5,right,4,5,19.0,True,
run_20260926_014038_575179,5486,181,2026-09-26T01:43:42.456,6,right,5,6,18.5,True,
run_20260926_014038_575179,5486,181,2026-09-26T01:43:42.456,7,right,6,7,18.5,True,
run_20260926_014038_575179,5486,181,2026-09-26T01:43:42.456,8,right,7,8,19.0,True,
run_20260926_014038_575179,5486,181,2026-09-26T01:43:42.456,9,right,8,9,19.0,True,
run_20260926_014038_575179,5486,181,2026-09-26T01:43:42.456,10,right,9,10,18.0,True,
run_20260926_014038_575179,5486,181,2026-09-26T01:43:42.456,11,right,10,11,18.5,True,
run_20260926_014038_575179,5486,181,2026-09-26T01:43:42.456,12,right,11,12,18.5,True,
run_20260926_014038_575179,5517,182,2026-09-26T01:43:43.486,1,left,0,1,18.5,True,
run_20260926_014038_575179,5517,182,2026-09-26T01:43:43.486,2,left,1,2,19.0,True,
run_20260926_014038_575179,5517,182,2026-09-26T01:43:43.486,3,left,2,3,18.5,True,
run_20260926_014038_575179,5517,182,2026-09-26T01:43:43.486,4,left,3,4,19.0,True,
run_20260926_014038_575179,5517,182,2026-09-26T01:43:43.486,5,left,4,5,19.0,True,
run_20260926_014038_575179,5517,182,2026-09-26T01:43:43.486,6,left,5,6,19.0,True,
run_20260926_014038_575179,5517,182,2026-09-26T01:43:43.486,7,left,6,7,19.0,True,
run_20260926_014038_575179,5517,182,2026-09-26T01:43:43.486,8,left,7,8,19.0,True,
run_20260926_014038_575179,5517,182,2026-09-26T01:43:43.486,9,left,8,9,19.0,True,
run_20260926_014038_575179,5517,182,2026-09-26T01:43:43.486,10,left,9,10,19.0,True,
run_20260926_014038_575179,5517,182,2026-09-26T01:43:43.486,11,left,10,11,18.5,True,
run_20260926_014038_575179,5517,182,2026-09-26T01:43:43.486,12,left,11,12,18.5,True,
run_20260926_014038_575179,5517,182,2026-09-26T01:43:43.486,1,right,0,1,18.0,True,
run_20260926_014038_575179,5517,182,2026-09-26T01:43:43.486,2,right,1,2,19.0,True,
run_20260926_014038_575179,5517,182,2026-09-26T01:43:43.486,3,right,2,3,19.0,True,
run_20260926_014038_575179,5517,182,2026-09-26T01:43:43.486,4,right,3,4,19.0,True,
run_20260926_014038_575179,5517,182,2026-09-26T01:43:43.486,5,right,4,5,19.0,True,
run_20260926_014038_575179,5517,182,2026-09-26T01:43:43.486,6,right,5,6,18.5,True,
run_20260926_014038_575179,5517,182,2026-09-26T01:43:43.486,7,right,6,7,18.5,True,
run_20260926_014038_575179,5517,182,2026-09-26T01:43:43.486,8,right,7,8,19.0,True,
run_20260926_014038_575179,5517,182,2026-09-26T01:43:43.486,9,right,8,9,19.0,True,
run_20260926_014038_575179,5517,182,2026-09-26T01:43:43.486,10,right,9,10,18.0,True,
run_20260926_014038_575179,5517,182,2026-09-26T01:43:43.486,11,right,10,11,18.5,True,
run_20260926_014038_575179,5517,182,2026-09-26T01:43:43.486,12,right,11,12,18.5,True,
run_20260926_014038_575179,5547,183,2026-09-26T01:43:44.486,1,left,0,1,18.5,True,
run_20260926_014038_575179,5547,183,2026-09-26T01:43:44.486,2,left,1,2,19.0,True,
run_20260926_014038_575179,5547,183,2026-09-26T01:43:44.486,3,left,2,3,18.5,True,
run_20260926_014038_575179,5547,183,2026-09-26T01:43:44.486,4,left,3,4,19.0,True,
run_20260926_014038_575179,5547,183,2026-09-26T01:43:44.486,5,left,4,5,19.0,True,
run_20260926_014038_575179,5547,183,2026-09-26T01:43:44.486,6,left,5,6,19.0,True,
run_20260926_014038_575179,5547,183,2026-09-26T01:43:44.486,7,left,6,7,19.0,True,
run_20260926_014038_575179,5547,183,2026-09-26T01:43:44.486,8,left,7,8,19.0,True,
run_20260926_014038_575179,5547,183,2026-09-26T01:43:44.486,9,left,8,9,19.0,True,
run_20260926_014038_575179,5547,183,2026-09-26T01:43:44.486,10,left,9,10,19.0,True,
run_20260926_014038_575179,5547,183,2026-09-26T01:43:44.486,11,left,10,11,18.5,True,
run_20260926_014038_575179,5547,183,2026-09-26T01:43:44.486,12,left,11,12,18.5,True,
run_20260926_014038_575179,5547,183,2026-09-26T01:43:44.486,1,right,0,1,18.0,True,
run_20260926_014038_575179,5547,183,2026-09-26T01:43:44.486,2,right,1,2,19.0,True,
run_20260926_014038_575179,5547,183,2026-09-26T01:43:44.486,3,right,2,3,19.0,True,
run_20260926_014038_575179,5547,183,2026-09-26T01:43:44.486,4,right,3,4,19.0,True,
run_20260926_014038_575179,5547,183,2026-09-26T01:43:44.486,5,right,4,5,19.0,True,
run_20260926_014038_575179,5547,183,2026-09-26T01:43:44.486,6,right,5,6,18.5,True,
run_20260926_014038_575179,5547,183,2026-09-26T01:43:44.486,7,right,6,7,18.5,True,
run_20260926_014038_575179,5547,183,2026-09-26T01:43:44.486,8,right,7,8,19.0,True,
run_20260926_014038_575179,5547,183,2026-09-26T01:43:44.486,9,right,8,9,19.0,True,
run_20260926_014038_575179,5547,183,2026-09-26T01:43:44.486,10,right,9,10,18.0,True,
run_20260926_014038_575179,5547,183,2026-09-26T01:43:44.486,11,right,10,11,18.5,True,
run_20260926_014038_575179,5547,183,2026-09-26T01:43:44.486,12,right,11,12,18.5,True,
run_20260926_014038_575179,5577,184,2026-09-26T01:43:45.503,1,left,0,1,18.5,True,
run_20260926_014038_575179,5577,184,2026-09-26T01:43:45.503,2,left,1,2,19.0,True,
run_20260926_014038_575179,5577,184,2026-09-26T01:43:45.503,3,left,2,3,18.5,True,
run_20260926_014038_575179,5577,184,2026-09-26T01:43:45.503,4,left,3,4,19.0,True,
run_20260926_014038_575179,5577,184,2026-09-26T01:43:45.503,5,left,4,5,19.0,True,
run_20260926_014038_575179,5577,184,2026-09-26T01:43:45.503,6,left,5,6,19.0,True,
run_20260926_014038_575179,5577,184,2026-09-26T01:43:45.503,7,left,6,7,19.0,True,
run_20260926_014038_575179,5577,184,2026-09-26T01:43:45.503,8,left,7,8,19.0,True,
run_20260926_014038_575179,5577,184,2026-09-26T01:43:45.503,9,left,8,9,19.0,True,
run_20260926_014038_575179,5577,184,2026-09-26T01:43:45.503,10,left,9,10,19.0,True,
run_20260926_014038_575179,5577,184,2026-09-26T01:43:45.503,11,left,10,11,18.5,True,
run_20260926_014038_575179,5577,184,2026-09-26T01:43:45.503,12,left,11,12,18.5,True,
run_20260926_014038_575179,5577,184,2026-09-26T01:43:45.503,1,right,0,1,18.0,True,
run_20260926_014038_575179,5577,184,2026-09-26T01:43:45.503,2,right,1,2,19.0,True,
run_20260926_014038_575179,5577,184,2026-09-26T01:43:45.503,3,right,2,3,19.0,True,
run_20260926_014038_575179,5577,184,2026-09-26T01:43:45.503,4,right,3,4,19.0,True,
run_20260926_014038_575179,5577,184,2026-09-26T01:43:45.503,5,right,4,5,18.5,True,
run_20260926_014038_575179,5577,184,2026-09-26T01:43:45.503,6,right,5,6,19.0,True,
run_20260926_014038_575179,5577,184,2026-09-26T01:43:45.503,7,right,6,7,18.5,True,
run_20260926_014038_575179,5577,184,2026-09-26T01:43:45.503,8,right,7,8,19.0,True,
run_20260926_014038_575179,5577,184,2026-09-26T01:43:45.503,9,right,8,9,19.0,True,
run_20260926_014038_575179,5577,184,2026-09-26T01:43:45.503,10,right,9,10,18.0,True,
run_20260926_014038_575179,5577,184,2026-09-26T01:43:45.503,11,right,10,11,18.5,True,
run_20260926_014038_575179,5577,184,2026-09-26T01:43:45.503,12,right,11,12,18.5,True,
run_20260926_014038_575179,5608,185,2026-09-26T01:43:46.520,1,left,0,1,18.5,True,
run_20260926_014038_575179,5608,185,2026-09-26T01:43:46.520,2,left,1,2,19.0,True,
run_20260926_014038_575179,5608,185,2026-09-26T01:43:46.520,3,left,2,3,18.5,True,
run_20260926_014038_575179,5608,185,2026-09-26T01:43:46.520,4,left,3,4,19.0,True,
run_20260926_014038_575179,5608,185,2026-09-26T01:43:46.520,5,left,4,5,19.0,True,
run_20260926_014038_575179,5608,185,2026-09-26T01:43:46.520,6,left,5,6,19.25,True,
run_20260926_014038_575179,5608,185,2026-09-26T01:43:46.520,7,left,6,7,18.75,True,
run_20260926_014038_575179,5608,185,2026-09-26T01:43:46.520,8,left,7,8,19.0,True,
run_20260926_014038_575179,5608,185,2026-09-26T01:43:46.520,9,left,8,9,19.0,True,
run_20260926_014038_575179,5608,185,2026-09-26T01:43:46.520,10,left,9,10,19.0,True,
run_20260926_014038_575179,5608,185,2026-09-26T01:43:46.520,11,left,10,11,18.57142857142857,True,
run_20260926_014038_575179,5608,185,2026-09-26T01:43:46.520,12,left,11,12,18.42857142857143,True,
run_20260926_014038_575179,5608,185,2026-09-26T01:43:46.520,1,right,0,1,18.0,True,
run_20260926_014038_575179,5608,185,2026-09-26T01:43:46.520,2,right,1,2,19.0,True,
run_20260926_014038_575179,5608,185,2026-09-26T01:43:46.520,3,right,2,3,19.0,True,
run_20260926_014038_575179,5608,185,2026-09-26T01:43:46.520,4,right,3,4,19.0,True,
run_20260926_014038_575179,5608,185,2026-09-26T01:43:46.520,5,right,4,5,19.0,True,
run_20260926_014038_575179,5608,185,2026-09-26T01:43:46.520,6,right,5,6,18.5,True,
run_20260926_014038_575179,5608,185,2026-09-26T01:43:46.520,7,right,6,7,18.5,True,
run_20260926_014038_575179,5608,185,2026-09-26T01:43:46.520,8,right,7,8,19.0,True,
run_20260926_014038_575179,5608,185,2026-09-26T01:43:46.520,9,right,8,9,19.0,True,
run_20260926_014038_575179,5608,185,2026-09-26T01:43:46.520,10,right,9,10,18.0,True,
run_20260926_014038_575179,5608,185,2026-09-26T01:43:46.520,11,right,10,11,18.5,True,
run_20260926_014038_575179,5608,185,2026-09-26T01:43:46.520,12,right,11,12,18.5,True,
run_20260926_014038_575179,5638,186,2026-09-26T01:43:47.520,1,left,0,1,18.5,True,
run_20260926_014038_575179,5638,186,2026-09-26T01:43:47.520,2,left,1,2,19.0,True,
run_20260926_014038_575179,5638,186,2026-09-26T01:43:47.520,3,left,2,3,18.5,True,
run_20260926_014038_575179,5638,186,2026-09-26T01:43:47.520,4,left,3,4,19.0,True,
run_20260926_014038_575179,5638,186,2026-09-26T01:43:47.520,5,left,4,5,19.0,True,
run_20260926_014038_575179,5638,186,2026-09-26T01:43:47.520,6,left,5,6,19.0,True,
run_20260926_014038_575179,5638,186,2026-09-26T01:43:47.520,7,left,6,7,19.0,True,
run_20260926_014038_575179,5638,186,2026-09-26T01:43:47.520,8,left,7,8,19.0,True,
run_20260926_014038_575179,5638,186,2026-09-26T01:43:47.520,9,left,8,9,19.0,True,
run_20260926_014038_575179,5638,186,2026-09-26T01:43:47.520,10,left,9,10,19.0,True,
run_20260926_014038_575179,5638,186,2026-09-26T01:43:47.520,11,left,10,11,18.5,True,
run_20260926_014038_575179,5638,186,2026-09-26T01:43:47.520,12,left,11,12,18.5,True,
run_20260926_014038_575179,5638,186,2026-09-26T01:43:47.520,1,right,0,1,18.0,True,
run_20260926_014038_575179,5638,186,2026-09-26T01:43:47.520,2,right,1,2,19.0,True,
run_20260926_014038_575179,5638,186,2026-09-26T01:43:47.520,3,right,2,3,19.0,True,
run_20260926_014038_575179,5638,186,2026-09-26T01:43:47.520,4,right,3,4,19.0,True,
run_20260926_014038_575179,5638,186,2026-09-26T01:43:47.520,5,right,4,5,18.5,True,
run_20260926_014038_575179,5638,186,2026-09-26T01:43:47.520,6,right,5,6,19.0,True,
run_20260926_014038_575179,5638,186,2026-09-26T01:43:47.520,7,right,6,7,18.5,True,
run_20260926_014038_575179,5638,186,2026-09-26T01:43:47.520,8,right,7,8,19.0,True,
run_20260926_014038_575179,5638,186,2026-09-26T01:43:47.520,9,right,8,9,19.0,True,
run_20260926_014038_575179,5638,186,2026-09-26T01:43:47.520,10,right,9,10,18.0,True,
run_20260926_014038_575179,5638,186,2026-09-26T01:43:47.520,11,right,10,11,18.5,True,
run_20260926_014038_575179,5638,186,2026-09-26T01:43:47.520,12,right,11,12,18.65384615384619,True,
run_20260926_014038_575179,5669,187,2026-09-26T01:43:48.558,1,left,0,1,18.5,True,
run_20260926_014038_575179,5669,187,2026-09-26T01:43:48.558,2,left,1,2,19.0,True,
run_20260926_014038_575179,5669,187,2026-09-26T01:43:48.558,3,left,2,3,18.5,True,
run_20260926_014038_575179,5669,187,2026-09-26T01:43:48.558,4,left,3,4,19.0,True,
run_20260926_014038_575179,5669,187,2026-09-26T01:43:48.558,5,left,4,5,19.0,True,
run_20260926_014038_575179,5669,187,2026-09-26T01:43:48.558,6,left,5,6,19.0,True,
run_20260926_014038_575179,5669,187,2026-09-26T01:43:48.558,7,left,6,7,19.0,True,
run_20260926_014038_575179,5669,187,2026-09-26T01:43:48.558,8,left,7,8,19.0,True,
run_20260926_014038_575179,5669,187,2026-09-26T01:43:48.558,9,left,8,9,19.0,True,
run_20260926_014038_575179,5669,187,2026-09-26T01:43:48.558,10,left,9,10,19.0,True,
run_20260926_014038_575179,5669,187,2026-09-26T01:43:48.558,11,left,10,11,18.5,True,
run_20260926_014038_575179,5669,187,2026-09-26T01:43:48.558,12,left,11,12,18.5,True,
run_20260926_014038_575179,5669,187,2026-09-26T01:43:48.558,1,right,0,1,18.0,True,
run_20260926_014038_575179,5669,187,2026-09-26T01:43:48.558,2,right,1,2,19.0,True,
run_20260926_014038_575179,5669,187,2026-09-26T01:43:48.558,3,right,2,3,19.0,True,
run_20260926_014038_575179,5669,187,2026-09-26T01:43:48.558,4,right,3,4,19.0,True,
run_20260926_014038_575179,5669,187,2026-09-26T01:43:48.558,5,right,4,5,18.5,True,
run_20260926_014038_575179,5669,187,2026-09-26T01:43:48.558,6,right,5,6,19.0,True,
run_20260926_014038_575179,5669,187,2026-09-26T01:43:48.558,7,right,6,7,18.5,True,
run_20260926_014038_575179,5669,187,2026-09-26T01:43:48.558,8,right,7,8,19.0,True,
run_20260926_014038_575179,5669,187,2026-09-26T01:43:48.558,9,right,8,9,19.0,True,
run_20260926_014038_575179,5669,187,2026-09-26T01:43:48.558,10,right,9,10,18.0,True,
run_20260926_014038_575179,5669,187,2026-09-26T01:43:48.558,11,right,10,11,18.5,True,
run_20260926_014038_575179,5669,187,2026-09-26T01:43:48.558,12,right,11,12,18.5,True,
run_20260926_014038_575179,5700,188,2026-09-26T01:43:49.593,1,left,0,1,18.5,True,
run_20260926_014038_575179,5700,188,2026-09-26T01:43:49.593,2,left,1,2,19.0,True,
run_20260926_014038_575179,5700,188,2026-09-26T01:43:49.593,3,left,2,3,18.5,True,
run_20260926_014038_575179,5700,188,2026-09-26T01:43:49.593,4,left,3,4,19.0,True,
run_20260926_014038_575179,5700,188,2026-09-26T01:43:49.593,5,left,4,5,19.0,True,
run_20260926_014038_575179,5700,188,2026-09-26T01:43:49.593,6,left,5,6,19.0,True,
run_20260926_014038_575179,5700,188,2026-09-26T01:43:49.593,7,left,6,7,19.0,True,
run_20260926_014038_575179,5700,188,2026-09-26T01:43:49.593,8,left,7,8,19.0,True,
run_20260926_014038_575179,5700,188,2026-09-26T01:43:49.593,9,left,8,9,19.0,True,
run_20260926_014038_575179,5700,188,2026-09-26T01:43:49.593,10,left,9,10,19.0,True,
run_20260926_014038_575179,5700,188,2026-09-26T01:43:49.593,11,left,10,11,18.5,True,
run_20260926_014038_575179,5700,188,2026-09-26T01:43:49.593,12,left,11,12,18.5,True,
run_20260926_014038_575179,5700,188,2026-09-26T01:43:49.593,1,right,0,1,18.0,True,
run_20260926_014038_575179,5700,188,2026-09-26T01:43:49.593,2,right,1,2,19.0,True,
run_20260926_014038_575179,5700,188,2026-09-26T01:43:49.593,3,right,2,3,19.0,True,
run_20260926_014038_575179,5700,188,2026-09-26T01:43:49.593,4,right,3,4,19.0,True,
run_20260926_014038_575179,5700,188,2026-09-26T01:43:49.593,5,right,4,5,18.5,True,
run_20260926_014038_575179,5700,188,2026-09-26T01:43:49.593,6,right,5,6,19.0,True,
run_20260926_014038_575179,5700,188,2026-09-26T01:43:49.593,7,right,6,7,18.5,True,
run_20260926_014038_575179,5700,188,2026-09-26T01:43:49.593,8,right,7,8,19.0,True,
run_20260926_014038_575179,5700,188,2026-09-26T01:43:49.593,9,right,8,9,19.0,True,
run_20260926_014038_575179,5700,188,2026-09-26T01:43:49.593,10,right,9,10,18.0,True,
run_20260926_014038_575179,5700,188,2026-09-26T01:43:49.593,11,right,10,11,18.5,True,
run_20260926_014038_575179,5700,188,2026-09-26T01:43:49.593,12,right,11,12,18.5,True,
run_20260926_014038_575179,5731,189,2026-09-26T01:43:50.626,1,left,0,1,18.5,True,
run_20260926_014038_575179,5731,189,2026-09-26T01:43:50.626,2,left,1,2,19.0,True,
run_20260926_014038_575179,5731,189,2026-09-26T01:43:50.626,3,left,2,3,18.5,True,
run_20260926_014038_575179,5731,189,2026-09-26T01:43:50.626,4,left,3,4,19.0,True,
run_20260926_014038_575179,5731,189,2026-09-26T01:43:50.626,5,left,4,5,19.0,True,
run_20260926_014038_575179,5731,189,2026-09-26T01:43:50.626,6,left,5,6,19.25,True,
run_20260926_014038_575179,5731,189,2026-09-26T01:43:50.626,7,left,6,7,18.75,True,
run_20260926_014038_575179,5731,189,2026-09-26T01:43:50.626,8,left,7,8,19.0,True,
run_20260926_014038_575179,5731,189,2026-09-26T01:43:50.626,9,left,8,9,19.0,True,
run_20260926_014038_575179,5731,189,2026-09-26T01:43:50.626,10,left,9,10,19.0,True,
run_20260926_014038_575179,5731,189,2026-09-26T01:43:50.626,11,left,10,11,18.5,True,
run_20260926_014038_575179,5731,189,2026-09-26T01:43:50.626,12,left,11,12,18.5,True,
run_20260926_014038_575179,5731,189,2026-09-26T01:43:50.626,1,right,0,1,18.0,True,
run_20260926_014038_575179,5731,189,2026-09-26T01:43:50.626,2,right,1,2,19.0,True,
run_20260926_014038_575179,5731,189,2026-09-26T01:43:50.626,3,right,2,3,19.0,True,
run_20260926_014038_575179,5731,189,2026-09-26T01:43:50.626,4,right,3,4,19.0,True,
run_20260926_014038_575179,5731,189,2026-09-26T01:43:50.626,5,right,4,5,18.5,True,
run_20260926_014038_575179,5731,189,2026-09-26T01:43:50.626,6,right,5,6,19.0,True,
run_20260926_014038_575179,5731,189,2026-09-26T01:43:50.626,7,right,6,7,18.5,True,
run_20260926_014038_575179,5731,189,2026-09-26T01:43:50.626,8,right,7,8,19.0,True,
run_20260926_014038_575179,5731,189,2026-09-26T01:43:50.626,9,right,8,9,19.0,True,
run_20260926_014038_575179,5731,189,2026-09-26T01:43:50.626,10,right,9,10,18.0,True,
run_20260926_014038_575179,5731,189,2026-09-26T01:43:50.626,11,right,10,11,18.5,True,
run_20260926_014038_575179,5731,189,2026-09-26T01:43:50.626,12,right,11,12,18.75,True,
run_20260926_014038_575179,5755,190,2026-09-26T01:43:51.657,1,left,0,1,18.5,True,
run_20260926_014038_575179,5755,190,2026-09-26T01:43:51.657,2,left,1,2,19.0,True,
run_20260926_014038_575179,5755,190,2026-09-26T01:43:51.657,3,left,2,3,18.5,True,
run_20260926_014038_575179,5755,190,2026-09-26T01:43:51.657,4,left,3,4,19.0,True,
run_20260926_014038_575179,5755,190,2026-09-26T01:43:51.657,5,left,4,5,19.0,True,
run_20260926_014038_575179,5755,190,2026-09-26T01:43:51.657,6,left,5,6,19.25,True,
run_20260926_014038_575179,5755,190,2026-09-26T01:43:51.657,7,left,6,7,18.75,True,
run_20260926_014038_575179,5755,190,2026-09-26T01:43:51.657,8,left,7,8,19.0,True,
run_20260926_014038_575179,5755,190,2026-09-26T01:43:51.657,9,left,8,9,19.0,True,
run_20260926_014038_575179,5755,190,2026-09-26T01:43:51.657,10,left,9,10,19.0,True,
run_20260926_014038_575179,5755,190,2026-09-26T01:43:51.657,11,left,10,11,18.5,True,
run_20260926_014038_575179,5755,190,2026-09-26T01:43:51.657,12,left,11,12,18.5,True,
run_20260926_014038_575179,5755,190,2026-09-26T01:43:51.657,1,right,0,1,18.0,True,
run_20260926_014038_575179,5755,190,2026-09-26T01:43:51.657,2,right,1,2,19.0,True,
run_20260926_014038_575179,5755,190,2026-09-26T01:43:51.657,3,right,2,3,19.0,True,
run_20260926_014038_575179,5755,190,2026-09-26T01:43:51.657,4,right,3,4,19.0,True,
run_20260926_014038_575179,5755,190,2026-09-26T01:43:51.657,5,right,4,5,18.764705882352928,True,
run_20260926_014038_575179,5755,190,2026-09-26T01:43:51.657,6,right,5,6,18.735294117647072,True,
run_20260926_014038_575179,5755,190,2026-09-26T01:43:51.657,7,right,6,7,18.5,True,
run_20260926_014038_575179,5755,190,2026-09-26T01:43:51.657,8,right,7,8,19.0,True,
run_20260926_014038_575179,5755,190,2026-09-26T01:43:51.657,9,right,8,9,19.0,True,
run_20260926_014038_575179,5755,190,2026-09-26T01:43:51.657,10,right,9,10,18.0,True,
run_20260926_014038_575179,5755,190,2026-09-26T01:43:51.657,11,right,10,11,18.5,True,
run_20260926_014038_575179,5755,190,2026-09-26T01:43:51.657,12,right,11,12,18.5,True,
run_20260926_014038_575179,5786,191,2026-09-26T01:43:52.686,1,left,0,1,18.5,True,
run_20260926_014038_575179,5786,191,2026-09-26T01:43:52.686,2,left,1,2,19.0,True,
run_20260926_014038_575179,5786,191,2026-09-26T01:43:52.686,3,left,2,3,18.5,True,
run_20260926_014038_575179,5786,191,2026-09-26T01:43:52.686,4,left,3,4,19.0,True,
run_20260926_014038_575179,5786,191,2026-09-26T01:43:52.686,5,left,4,5,19.0,True,
run_20260926_014038_575179,5786,191,2026-09-26T01:43:52.686,6,left,5,6,19.25,True,
run_20260926_014038_575179,5786,191,2026-09-26T01:43:52.686,7,left,6,7,18.75,True,
run_20260926_014038_575179,5786,191,2026-09-26T01:43:52.686,8,left,7,8,19.0,True,
run_20260926_014038_575179,5786,191,2026-09-26T01:43:52.686,9,left,8,9,19.0,True,
run_20260926_014038_575179,5786,191,2026-09-26T01:43:52.686,10,left,9,10,19.0,True,
run_20260926_014038_575179,5786,191,2026-09-26T01:43:52.686,11,left,10,11,18.5,True,
run_20260926_014038_575179,5786,191,2026-09-26T01:43:52.686,12,left,11,12,18.5,True,
run_20260926_014038_575179,5786,191,2026-09-26T01:43:52.686,1,right,0,1,18.0,True,
run_20260926_014038_575179,5786,191,2026-09-26T01:43:52.686,2,right,1,2,19.0,True,
run_20260926_014038_575179,5786,191,2026-09-26T01:43:52.686,3,right,2,3,19.0,True,
run_20260926_014038_575179,5786,191,2026-09-26T01:43:52.686,4,right,3,4,19.0,True,
run_20260926_014038_575179,5786,191,2026-09-26T01:43:52.686,5,right,4,5,18.764705882352928,True,
run_20260926_014038_575179,5786,191,2026-09-26T01:43:52.686,6,right,5,6,18.735294117647072,True,
run_20260926_014038_575179,5786,191,2026-09-26T01:43:52.686,7,right,6,7,18.5,True,
run_20260926_014038_575179,5786,191,2026-09-26T01:43:52.686,8,right,7,8,19.0,True,
run_20260926_014038_575179,5786,191,2026-09-26T01:43:52.686,9,right,8,9,19.0,True,
run_20260926_014038_575179,5786,191,2026-09-26T01:43:52.686,10,right,9,10,18.0,True,
run_20260926_014038_575179,5786,191,2026-09-26T01:43:52.686,11,right,10,11,18.5,True,
run_20260926_014038_575179,5786,191,2026-09-26T01:43:52.686,12,right,11,12,18.5,True,
run_20260926_014038_575179,5816,192,2026-09-26T01:43:53.686,1,left,0,1,18.5,True,
run_20260926_014038_575179,5816,192,2026-09-26T01:43:53.686,2,left,1,2,19.0,True,
run_20260926_014038_575179,5816,192,2026-09-26T01:43:53.686,3,left,2,3,18.5,True,
run_20260926_014038_575179,5816,192,2026-09-26T01:43:53.686,4,left,3,4,19.0,True,
run_20260926_014038_575179,5816,192,2026-09-26T01:43:53.686,5,left,4,5,19.0,True,
run_20260926_014038_575179,5816,192,2026-09-26T01:43:53.686,6,left,5,6,19.25,True,
run_20260926_014038_575179,5816,192,2026-09-26T01:43:53.686,7,left,6,7,18.75,True,
run_20260926_014038_575179,5816,192,2026-09-26T01:43:53.686,8,left,7,8,19.0,True,
run_20260926_014038_575179,5816,192,2026-09-26T01:43:53.686,9,left,8,9,19.0,True,
run_20260926_014038_575179,5816,192,2026-09-26T01:43:53.686,10,left,9,10,19.0,True,
run_20260926_014038_575179,5816,192,2026-09-26T01:43:53.686,11,left,10,11,18.57142857142857,True,
run_20260926_014038_575179,5816,192,2026-09-26T01:43:53.686,12,left,11,12,18.42857142857143,True,
run_20260926_014038_575179,5816,192,2026-09-26T01:43:53.686,1,right,0,1,18.0,True,
run_20260926_014038_575179,5816,192,2026-09-26T01:43:53.686,2,right,1,2,19.0,True,
run_20260926_014038_575179,5816,192,2026-09-26T01:43:53.686,3,right,2,3,19.0,True,
run_20260926_014038_575179,5816,192,2026-09-26T01:43:53.686,4,right,3,4,19.0,True,
run_20260926_014038_575179,5816,192,2026-09-26T01:43:53.686,5,right,4,5,18.5,True,
run_20260926_014038_575179,5816,192,2026-09-26T01:43:53.686,6,right,5,6,19.0,True,
run_20260926_014038_575179,5816,192,2026-09-26T01:43:53.686,7,right,6,7,18.5,True,
run_20260926_014038_575179,5816,192,2026-09-26T01:43:53.686,8,right,7,8,19.0,True,
run_20260926_014038_575179,5816,192,2026-09-26T01:43:53.686,9,right,8,9,19.0,True,
run_20260926_014038_575179,5816,192,2026-09-26T01:43:53.686,10,right,9,10,18.0,True,
run_20260926_014038_575179,5816,192,2026-09-26T01:43:53.686,11,right,10,11,18.5,True,
run_20260926_014038_575179,5816,192,2026-09-26T01:43:53.686,12,right,11,12,18.5,True,
run_20260926_014038_575179,5846,193,2026-09-26T01:43:54.689,1,left,0,1,18.5,True,
run_20260926_014038_575179,5846,193,2026-09-26T01:43:54.689,2,left,1,2,19.0,True,
run_20260926_014038_575179,5846,193,2026-09-26T01:43:54.689,3,left,2,3,18.5,True,
run_20260926_014038_575179,5846,193,2026-09-26T01:43:54.689,4,left,3,4,19.0,True,
run_20260926_014038_575179,5846,193,2026-09-26T01:43:54.689,5,left,4,5,19.0,True,
run_20260926_014038_575179,5846,193,2026-09-26T01:43:54.689,6,left,5,6,19.25,True,
run_20260926_014038_575179,5846,193,2026-09-26T01:43:54.689,7,left,6,7,18.75,True,
run_20260926_014038_575179,5846,193,2026-09-26T01:43:54.689,8,left,7,8,19.0,True,
run_20260926_014038_575179,5846,193,2026-09-26T01:43:54.689,9,left,8,9,19.0,True,
run_20260926_014038_575179,5846,193,2026-09-26T01:43:54.689,10,left,9,10,19.0,True,
run_20260926_014038_575179,5846,193,2026-09-26T01:43:54.689,11,left,10,11,18.57142857142857,True,
run_20260926_014038_575179,5846,193,2026-09-26T01:43:54.689,12,left,11,12,18.42857142857143,True,
run_20260926_014038_575179,5846,193,2026-09-26T01:43:54.689,1,right,0,1,18.0,True,
run_20260926_014038_575179,5846,193,2026-09-26T01:43:54.689,2,right,1,2,19.0,True,
run_20260926_014038_575179,5846,193,2026-09-26T01:43:54.689,3,right,2,3,19.0,True,
run_20260926_014038_575179,5846,193,2026-09-26T01:43:54.689,4,right,3,4,19.0,True,
run_20260926_014038_575179,5846,193,2026-09-26T01:43:54.689,5,right,4,5,18.5,True,
run_20260926_014038_575179,5846,193,2026-09-26T01:43:54.689,6,right,5,6,19.0,True,
run_20260926_014038_575179,5846,193,2026-09-26T01:43:54.689,7,right,6,7,18.5,True,
run_20260926_014038_575179,5846,193,2026-09-26T01:43:54.689,8,right,7,8,19.0,True,
run_20260926_014038_575179,5846,193,2026-09-26T01:43:54.689,9,right,8,9,19.0,True,
run_20260926_014038_575179,5846,193,2026-09-26T01:43:54.689,10,right,9,10,18.0,True,
run_20260926_014038_575179,5846,193,2026-09-26T01:43:54.689,11,right,10,11,18.5,True,
run_20260926_014038_575179,5846,193,2026-09-26T01:43:54.689,12,right,11,12,18.5,True,
run_20260926_014038_575179,5876,194,2026-09-26T01:43:55.722,1,left,0,1,18.5,True,
run_20260926_014038_575179,5876,194,2026-09-26T01:43:55.722,2,left,1,2,19.0,True,
run_20260926_014038_575179,5876,194,2026-09-26T01:43:55.722,3,left,2,3,18.5,True,
run_20260926_014038_575179,5876,194,2026-09-26T01:43:55.722,4,left,3,4,19.0,True,
run_20260926_014038_575179,5876,194,2026-09-26T01:43:55.722,5,left,4,5,19.0,True,
run_20260926_014038_575179,5876,194,2026-09-26T01:43:55.722,6,left,5,6,19.25,True,
run_20260926_014038_575179,5876,194,2026-09-26T01:43:55.722,7,left,6,7,18.75,True,
run_20260926_014038_575179,5876,194,2026-09-26T01:43:55.722,8,left,7,8,19.0,True,
run_20260926_014038_575179,5876,194,2026-09-26T01:43:55.722,9,left,8,9,19.0,True,
run_20260926_014038_575179,5876,194,2026-09-26T01:43:55.722,10,left,9,10,19.0,True,
run_20260926_014038_575179,5876,194,2026-09-26T01:43:55.722,11,left,10,11,18.57142857142857,True,
run_20260926_014038_575179,5876,194,2026-09-26T01:43:55.722,12,left,11,12,18.42857142857143,True,
run_20260926_014038_575179,5876,194,2026-09-26T01:43:55.722,1,right,0,1,18.0,True,
run_20260926_014038_575179,5876,194,2026-09-26T01:43:55.722,2,right,1,2,19.0,True,
run_20260926_014038_575179,5876,194,2026-09-26T01:43:55.722,3,right,2,3,19.0,True,
run_20260926_014038_575179,5876,194,2026-09-26T01:43:55.722,4,right,3,4,19.0,True,
run_20260926_014038_575179,5876,194,2026-09-26T01:43:55.722,5,right,4,5,18.5,True,
run_20260926_014038_575179,5876,194,2026-09-26T01:43:55.722,6,right,5,6,19.0,True,
run_20260926_014038_575179,5876,194,2026-09-26T01:43:55.722,7,right,6,7,18.5,True,
run_20260926_014038_575179,5876,194,2026-09-26T01:43:55.722,8,right,7,8,19.0,True,
run_20260926_014038_575179,5876,194,2026-09-26T01:43:55.722,9,right,8,9,19.0,True,
run_20260926_014038_575179,5876,194,2026-09-26T01:43:55.722,10,right,9,10,18.0,True,
run_20260926_014038_575179,5876,194,2026-09-26T01:43:55.722,11,right,10,11,18.5,True,
run_20260926_014038_575179,5876,194,2026-09-26T01:43:55.722,12,right,11,12,18.5,True,
run_20260926_014038_575179,5907,195,2026-09-26T01:43:56.752,1,left,0,1,18.5,True,
run_20260926_014038_575179,5907,195,2026-09-26T01:43:56.752,2,left,1,2,19.0,True,
run_20260926_014038_575179,5907,195,2026-09-26T01:43:56.752,3,left,2,3,18.5,True,
run_20260926_014038_575179,5907,195,2026-09-26T01:43:56.752,4,left,3,4,19.0,True,
run_20260926_014038_575179,5907,195,2026-09-26T01:43:56.752,5,left,4,5,19.0,True,
run_20260926_014038_575179,5907,195,2026-09-26T01:43:56.752,6,left,5,6,19.0,True,
run_20260926_014038_575179,5907,195,2026-09-26T01:43:56.752,7,left,6,7,19.0,True,
run_20260926_014038_575179,5907,195,2026-09-26T01:43:56.752,8,left,7,8,19.0,True,
run_20260926_014038_575179,5907,195,2026-09-26T01:43:56.752,9,left,8,9,19.0,True,
run_20260926_014038_575179,5907,195,2026-09-26T01:43:56.752,10,left,9,10,19.0,True,
run_20260926_014038_575179,5907,195,2026-09-26T01:43:56.752,11,left,10,11,18.57142857142857,True,
run_20260926_014038_575179,5907,195,2026-09-26T01:43:56.752,12,left,11,12,18.42857142857143,True,
run_20260926_014038_575179,5907,195,2026-09-26T01:43:56.752,1,right,0,1,18.0,True,
run_20260926_014038_575179,5907,195,2026-09-26T01:43:56.752,2,right,1,2,19.0,True,
run_20260926_014038_575179,5907,195,2026-09-26T01:43:56.752,3,right,2,3,19.0,True,
run_20260926_014038_575179,5907,195,2026-09-26T01:43:56.752,4,right,3,4,19.0,True,
run_20260926_014038_575179,5907,195,2026-09-26T01:43:56.752,5,right,4,5,18.764705882352928,True,
run_20260926_014038_575179,5907,195,2026-09-26T01:43:56.752,6,right,5,6,18.735294117647072,True,
run_20260926_014038_575179,5907,195,2026-09-26T01:43:56.752,7,right,6,7,18.5,True,
run_20260926_014038_575179,5907,195,2026-09-26T01:43:56.752,8,right,7,8,19.0,True,
run_20260926_014038_575179,5907,195,2026-09-26T01:43:56.752,9,right,8,9,19.0,True,
run_20260926_014038_575179,5907,195,2026-09-26T01:43:56.752,10,right,9,10,18.0,True,
run_20260926_014038_575179,5907,195,2026-09-26T01:43:56.752,11,right,10,11,18.5,True,
run_20260926_014038_575179,5907,195,2026-09-26T01:43:56.752,12,right,11,12,18.5,True,
run_20260926_014038_575179,5937,196,2026-09-26T01:43:57.755,1,left,0,1,18.5,True,
run_20260926_014038_575179,5937,196,2026-09-26T01:43:57.755,2,left,1,2,19.0,True,
run_20260926_014038_575179,5937,196,2026-09-26T01:43:57.755,3,left,2,3,18.5,True,
run_20260926_014038_575179,5937,196,2026-09-26T01:43:57.755,4,left,3,4,19.0,True,
run_20260926_014038_575179,5937,196,2026-09-26T01:43:57.755,5,left,4,5,19.0,True,
run_20260926_014038_575179,5937,196,2026-09-26T01:43:57.755,6,left,5,6,19.0,True,
run_20260926_014038_575179,5937,196,2026-09-26T01:43:57.755,7,left,6,7,19.0,True,
run_20260926_014038_575179,5937,196,2026-09-26T01:43:57.755,8,left,7,8,19.0,True,
run_20260926_014038_575179,5937,196,2026-09-26T01:43:57.755,9,left,8,9,19.0,True,
run_20260926_014038_575179,5937,196,2026-09-26T01:43:57.755,10,left,9,10,19.0,True,
run_20260926_014038_575179,5937,196,2026-09-26T01:43:57.755,11,left,10,11,18.57142857142857,True,
run_20260926_014038_575179,5937,196,2026-09-26T01:43:57.755,12,left,11,12,18.42857142857143,True,
run_20260926_014038_575179,5937,196,2026-09-26T01:43:57.755,1,right,0,1,18.0,True,
run_20260926_014038_575179,5937,196,2026-09-26T01:43:57.755,2,right,1,2,19.0,True,
run_20260926_014038_575179,5937,196,2026-09-26T01:43:57.755,3,right,2,3,19.0,True,
run_20260926_014038_575179,5937,196,2026-09-26T01:43:57.755,4,right,3,4,19.0,True,
run_20260926_014038_575179,5937,196,2026-09-26T01:43:57.755,5,right,4,5,18.764705882352928,True,
run_20260926_014038_575179,5937,196,2026-09-26T01:43:57.755,6,right,5,6,18.735294117647072,True,
run_20260926_014038_575179,5937,196,2026-09-26T01:43:57.755,7,right,6,7,18.5,True,
run_20260926_014038_575179,5937,196,2026-09-26T01:43:57.755,8,right,7,8,19.0,True,
run_20260926_014038_575179,5937,196,2026-09-26T01:43:57.755,9,right,8,9,19.0,True,
run_20260926_014038_575179,5937,196,2026-09-26T01:43:57.755,10,right,9,10,18.0,True,
run_20260926_014038_575179,5937,196,2026-09-26T01:43:57.755,11,right,10,11,18.5,True,
run_20260926_014038_575179,5937,196,2026-09-26T01:43:57.755,12,right,11,12,18.5,True,
