run_id,frame_id,measurement_index,datetime,tick_id,left_x_at_axis,right_x_at_axis,pair_center_x,valid,invalid_reason
run_20260807_152050_562216,1,1,2026-08-07T15:20:51.082,0,273.0,470.0,371.5,True,
run_20260807_152050_562216,1,1,2026-08-07T15:20:51.082,1,250.5,492.0,371.25,True,
run_20260807_152050_562216,1,1,2026-08-07T15:20:51.082,2,228.5,514.0,371.25,True,
run_20260807_152050_562216,1,1,2026-08-07T15:20:51.082,3,206.0,536.5,371.25,True,
run_20260807_152050_562216,1,1,2026-08-07T15:20:51.082,4,184.0,559.0,371.5,True,
run_20260807_152050_562216,1,1,2026-08-07T15:20:51.082,5,162.0,581.0,371.5,True,
run_20260807_152050_562216,1,1,2026-08-07T15:20:51.082,6,139.5,603.5,371.5,True,
run_20260807_152050_562216,1,1,2026-08-07T15:20:51.082,7,117.0,625.5,371.25,True,
run_20260807_152050_562216,1,1,2026-08-07T15:20:51.082,8,95.0,647.5,371.25,True,
run_20260807_152050_562216,1,1,2026-08-07T15:20:51.082,9,73.0,669.5,371.25,True,
run_20260807_152050_562216,1,1,2026-08-07T15:20:51.082,10,51.0,691.5,371.25,True,
run_20260807_152050_562216,1,1,2026-08-07T15:20:51.082,11,30.0,713.0,371.5,True,
run_20260807_152050_562216,1,1,2026-08-07T15:20:51.082,12,8.0,736.0,372.0,True,
run_20260807_152050_562216,32,2,2026-08-07T15:20:52.109,0,273.0,470.0,371.5,True,
run_20260807_152050_562216,32,2,2026-08-07T15:20:52.109,1,251.0,492.0,371.5,True,
run_20260807_152050_562216,32,2,2026-08-07T15:20:52.109,2,228.5,514.0,371.25,True,
run_20260807_152050_562216,32,2,2026-08-07T15:20:52.109,3,206.0,536.5,371.25,True,
run_20260807_152050_562216,32,2,2026-08-07T15:20:52.109,4,184.0,559.0,371.5,True,
run_20260807_152050_562216,32,2,2026-08-07T15:20:52.109,5,162.0,581.0,371.5,True,
run_20260807_152050_562216,32,2,2026-08-07T15:20:52.109,6,139.5,603.5,371.5,True,
run_20260807_152050_562216,32,2,2026-08-07T15:20:52.109,7,117.0,625.5,371.25,True,
run_20260807_152050_562216,32,2,2026-08-07T15:20:52.109,8,95.0,647.5,371.25,True,
run_20260807_152050_562216,32,2,2026-08-07T15:20:52.109,9,73.0,669.5,371.25,True,
run_20260807_152050_562216,32,2,2026-08-07T15:20:52.109,10,51.0,691.5,371.25,True,
run_20260807_152050_562216,32,2,2026-08-07T15:20:52.109,11,30.0,713.0,371.5,True,
run_20260807_152050_562216,32,2,2026-08-07T15:20:52.109,12,8.0,736.0,372.0,True,
run_20260807_152050_562216,63,3,2026-08-07T15:20:53.142,0,273.0,470.0,371.5,True,
run_20260807_152050_562216,63,3,2026-08-07T15:20:53.142,1,251.0,492.0,371.5,True,
run_20260807_152050_562216,63,3,2026-08-07T15:20:53.142,2,228.5,514.0,371.25,True,
run_20260807_152050_562216,63,3,2026-08-07T15:20:53.142,3,206.0,536.5,371.25,True,
run_20260807_152050_562216,63,3,2026-08-07T15:20:53.142,4,184.0,559.0,371.5,True,
run_20260807_152050_562216,63,3,2026-08-07T15:20:53.142,5,162.0,581.0,371.5,True,
run_20260807_152050_562216,63,3,2026-08-07T15:20:53.142,6,139.5,603.5,371.5,True,
run_20260807_152050_562216,63,3,2026-08-07T15:20:53.142,7,117.0,625.5,371.25,True,
run_20260807_152050_562216,63,3,2026-08-07T15:20:53.142,8,95.0,647.5,371.25,True,
run_20260807_152050_562216,63,3,2026-08-07T15:20:53.142,9,73.0,669.5,371.25,True,
run_20260807_152050_562216,63,3,2026-08-07T15:20:53.142,10,51.0,691.5,371.25,True,
run_20260807_152050_562216,63,3,2026-08-07T15:20:53.142,11,30.0,713.0,371.5,True,
run_20260807_152050_562216,63,3,2026-08-07T15:20:53.142,12,8.0,736.0,372.0,True,
run_20260807_152050_562216,93,4,2026-08-07T15:20:54.151,0,273.0,470.0,371.5,True,
run_20260807_152050_562216,93,4,2026-08-07T15:20:54.151,1,251.0,492.0,371.5,True,
run_20260807_152050_562216,93,4,2026-08-07T15:20:54.151,2,228.5,514.0,371.25,True,
run_20260807_152050_562216,93,4,2026-08-07T15:20:54.151,3,206.0,536.5,371.25,True,
run_20260807_152050_562216,93,4,2026-08-07T15:20:54.151,4,184.0,559.0,371.5,True,
run_20260807_152050_562216,93,4,2026-08-07T15:20:54.151,5,162.0,581.0,371.5,True,
run_20260807_152050_562216,93,4,2026-08-07T15:20:54.151,6,139.5,603.5,371.5,True,
run_20260807_152050_562216,93,4,2026-08-07T15:20:54.151,7,117.0,625.5,371.25,True,
run_20260807_152050_562216,93,4,2026-08-07T15:20:54.151,8,95.0,647.5,371.25,True,
run_20260807_152050_562216,93,4,2026-08-07T15:20:54.151,9,73.0,669.5,371.25,True,
run_20260807_152050_562216,93,4,2026-08-07T15:20:54.151,10,51.0,691.5,371.25,True,
run_20260807_152050_562216,93,4,2026-08-07T15:20:54.151,11,30.0,713.0,371.5,True,
run_20260807_152050_562216,93,4,2026-08-07T15:20:54.151,12,8.0,736.0,372.0,True,
run_20260807_152050_562216,124,5,2026-08-07T15:20:55.178,0,273.0,470.0,371.5,True,
run_20260807_152050_562216,124,5,2026-08-07T15:20:55.178,1,251.0,492.0,371.5,True,
run_20260807_152050_562216,124,5,2026-08-07T15:20:55.178,2,228.5,514.0,371.25,True,
run_20260807_152050_562216,124,5,2026-08-07T15:20:55.178,3,206.0,536.5,371.25,True,
run_20260807_152050_562216,124,5,2026-08-07T15:20:55.178,4,184.0,559.0,371.5,True,
run_20260807_152050_562216,124,5,2026-08-07T15:20:55.178,5,162.0,581.0,371.5,True,
run_20260807_152050_562216,124,5,2026-08-07T15:20:55.178,6,139.5,603.5,371.5,True,
run_20260807_152050_562216,124,5,2026-08-07T15:20:55.178,7,117.0,625.5,371.25,True,
run_20260807_152050_562216,124,5,2026-08-07T15:20:55.178,8,95.0,647.5,371.25,True,
run_20260807_152050_562216,124,5,2026-08-07T15:20:55.178,9,73.0,669.5,371.25,True,
run_20260807_152050_562216,124,5,2026-08-07T15:20:55.178,10,51.0,691.5,371.25,True,
run_20260807_152050_562216,124,5,2026-08-07T15:20:55.178,11,30.0,713.0,371.5,True,
run_20260807_152050_562216,124,5,2026-08-07T15:20:55.178,12,8.0,736.0,372.0,True,
run_20260807_152050_562216,155,6,2026-08-07T15:20:56.210,0,273.0,470.0,371.5,True,
run_20260807_152050_562216,155,6,2026-08-07T15:20:56.210,1,251.0,492.0,371.5,True,
run_20260807_152050_562216,155,6,2026-08-07T15:20:56.210,2,228.5,514.0,371.25,True,
run_20260807_152050_562216,155,6,2026-08-07T15:20:56.210,3,206.0,536.5,371.25,True,
run_20260807_152050_562216,155,6,2026-08-07T15:20:56.210,4,184.0,559.0,371.5,True,
run_20260807_152050_562216,155,6,2026-08-07T15:20:56.210,5,162.0,581.0,371.5,True,
run_20260807_152050_562216,155,6,2026-08-07T15:20:56.210,6,139.5,603.5,371.5,True,
run_20260807_152050_562216,155,6,2026-08-07T15:20:56.210,7,117.0,625.5,371.25,True,
run_20260807_152050_562216,155,6,2026-08-07T15:20:56.210,8,95.0,647.5,371.25,True,
run_20260807_152050_562216,155,6,2026-08-07T15:20:56.210,9,73.0,669.5,371.25,True,
run_20260807_152050_562216,155,6,2026-08-07T15:20:56.210,10,51.0,691.5,371.25,True,
run_20260807_152050_562216,155,6,2026-08-07T15:20:56.210,11,30.0,713.0,371.5,True,
run_20260807_152050_562216,155,6,2026-08-07T15:20:56.210,12,8.0,736.0,372.0,True,
run_20260807_152050_562216,185,7,2026-08-07T15:20:57.210,0,273.0,470.0,371.5,True,
run_20260807_152050_562216,185,7,2026-08-07T15:20:57.210,1,251.0,492.0,371.5,True,
run_20260807_152050_562216,185,7,2026-08-07T15:20:57.210,2,228.5,514.0,371.25,True,
run_20260807_152050_562216,185,7,2026-08-07T15:20:57.210,3,206.0,536.5,371.25,True,
run_20260807_152050_562216,185,7,2026-08-07T15:20:57.210,4,184.0,559.0,371.5,True,
run_20260807_152050_562216,185,7,2026-08-07T15:20:57.210,5,162.0,581.0,371.5,True,
run_20260807_152050_562216,185,7,2026-08-07T15:20:57.210,6,139.5,603.5,371.5,True,
run_20260807_152050_562216,185,7,2026-08-07T15:20:57.210,7,117.0,625.5,371.25,True,
run_20260807_152050_562216,185,7,2026-08-07T15:20:57.210,8,95.0,647.5,371.25,True,
run_20260807_152050_562216,185,7,2026-08-07T15:20:57.210,9,73.0,669.5,371.25,True,
run_20260807_152050_562216,185,7,2026-08-07T15:20:57.210,10,51.0,691.5,371.25,True,
run_20260807_152050_562216,185,7,2026-08-07T15:20:57.210,11,30.0,713.0,371.5,True,
run_20260807_152050_562216,185,7,2026-08-07T15:20:57.210,12,8.0,736.0,372.0,True,
run_20260807_152050_562216,216,8,2026-08-07T15:20:58.243,0,273.0,470.0,371.5,True,
run_20260807_152050_562216,216,8,2026-08-07T15:20:58.243,1,251.0,492.0,371.5,True,
run_20260807_152050_562216,216,8,2026-08-07T15:20:58.243,2,228.5,514.0,371.25,True,
run_20260807_152050_562216,216,8,2026-08-07T15:20:58.243,3,206.0,536.5,371.25,True,
run_20260807_152050_562216,216,8,2026-08-07T15:20:58.243,4,184.0,559.0,371.5,True,
run_20260807_152050_562216,216,8,2026-08-07T15:20:58.243,5,162.0,581.0,371.5,True,
run_20260807_152050_562216,216,8,2026-08-07T15:20:58.243,6,139.5,603.5,371.5,True,
run_20260807_152050_562216,216,8,2026-08-07T15:20:58.243,7,117.0,625.5,371.25,True,
run_20260807_152050_562216,216,8,2026-08-07T15:20:58.243,8,95.0,647.5,371.25,True,
run_20260807_152050_562216,216,8,2026-08-07T15:20:58.243,9,73.0,669.5,371.25,True,
run_20260807_152050_562216,216,8,2026-08-07T15:20:58.243,10,51.0,691.5,371.25,True,
run_20260807_152050_562216,216,8,2026-08-07T15:20:58.243,11,30.0,713.0,371.5,True,
run_20260807_152050_562216,216,8,2026-08-07T15:20:58.243,12,8.0,736.0,372.0,True,
run_20260807_152050_562216,247,9,2026-08-07T15:20:59.275,0,273.0,470.0,371.5,True,
run_20260807_152050_562216,247,9,2026-08-07T15:20:59.275,1,251.0,492.0,371.5,True,
run_20260807_152050_562216,247,9,2026-08-07T15:20:59.275,2,228.5,514.0,371.25,True,
run_20260807_152050_562216,247,9,2026-08-07T15:20:59.275,3,206.0,536.5,371.25,True,
run_20260807_152050_562216,247,9,2026-08-07T15:20:59.275,4,184.0,559.0,371.5,True,
run_20260807_152050_562216,247,9,2026-08-07T15:20:59.275,5,162.0,581.0,371.5,True,
run_20260807_152050_562216,247,9,2026-08-07T15:20:59.275,6,139.5,603.5,371.5,True,
run_20260807_152050_562216,247,9,2026-08-07T15:20:59.275,7,117.0,625.5,371.25,True,
run_20260807_152050_562216,247,9,2026-08-07T15:20:59.275,8,95.0,647.5,371.25,True,
run_20260807_152050_562216,247,9,2026-08-07T15:20:59.275,9,73.0,669.5,371.25,True,
run_20260807_152050_562216,247,9,2026-08-07T15:20:59.275,10,51.0,691.5,371.25,True,
run_20260807_152050_562216,247,9,2026-08-07T15:20:59.275,11,30.0,713.0,371.5,True,
run_20260807_152050_562216,247,9,2026-08-07T15:20:59.275,12,8.0,736.0,372.0,True,
run_20260807_152050_562216,277,10,2026-08-07T15:21:00.277,0,273.0,470.0,371.5,True,
run_20260807_152050_562216,277,10,2026-08-07T15:21:00.277,1,251.0,492.0,371.5,True,
run_20260807_152050_562216,277,10,2026-08-07T15:21:00.277,2,228.5,514.0,371.25,True,
run_20260807_152050_562216,277,10,2026-08-07T15:21:00.277,3,206.0,536.5,371.25,True,
run_20260807_152050_562216,277,10,2026-08-07T15:21:00.277,4,184.0,559.0,371.5,True,
run_20260807_152050_562216,277,10,2026-08-07T15:21:00.277,5,162.0,581.0,371.5,True,
run_20260807_152050_562216,277,10,2026-08-07T15:21:00.277,6,139.5,603.5,371.5,True,
run_20260807_152050_562216,277,10,2026-08-07T15:21:00.277,7,117.0,625.5,371.25,True,
run_20260807_152050_562216,277,10,2026-08-07T15:21:00.277,8,95.0,647.5,371.25,True,
run_20260807_152050_562216,277,10,2026-08-07T15:21:00.277,9,73.0,669.5,371.25,True,
run_20260807_152050_562216,277,10,2026-08-07T15:21:00.277,10,51.0,691.5,371.25,True,
run_20260807_152050_562216,277,10,2026-08-07T15:21:00.277,11,30.0,713.0,371.5,True,
run_20260807_152050_562216,277,10,2026-08-07T15:21:00.277,12,8.0,736.0,372.0,True,
run_20260807_152050_562216,308,11,2026-08-07T15:21:01.310,0,273.0,470.0,371.5,True,
run_20260807_152050_562216,308,11,2026-08-07T15:21:01.310,1,251.0,492.0,371.5,True,
run_20260807_152050_562216,308,11,2026-08-07T15:21:01.310,2,228.5,514.0,371.25,True,
run_20260807_152050_562216,308,11,2026-08-07T15:21:01.310,3,206.0,536.5,371.25,True,
run_20260807_152050_562216,308,11,2026-08-07T15:21:01.310,4,184.0,559.0,371.5,True,
run_20260807_152050_562216,308,11,2026-08-07T15:21:01.310,5,162.0,581.0,371.5,True,
run_20260807_152050_562216,308,11,2026-08-07T15:21:01.310,6,139.5,603.5,371.5,True,
run_20260807_152050_562216,308,11,2026-08-07T15:21:01.310,7,117.0,625.5,371.25,True,
run_20260807_152050_562216,308,11,2026-08-07T15:21:01.310,8,95.0,647.5,371.25,True,
run_20260807_152050_562216,308,11,2026-08-07T15:21:01.310,9,73.0,669.5,371.25,True,
run_20260807_152050_562216,308,11,2026-08-07T15:21:01.310,10,51.0,691.5,371.25,True,
run_20260807_152050_562216,308,11,2026-08-07T15:21:01.310,11,30.0,713.0,371.5,True,
run_20260807_152050_562216,308,11,2026-08-07T15:21:01.310,12,8.0,736.0,372.0,True,
run_20260807_152050_562216,339,12,2026-08-07T15:21:02.342,0,273.0,470.0,371.5,True,
run_20260807_152050_562216,339,12,2026-08-07T15:21:02.342,1,251.0,492.0,371.5,True,
run_20260807_152050_562216,339,12,2026-08-07T15:21:02.342,2,228.5,514.0,371.25,True,
run_20260807_152050_562216,339,12,2026-08-07T15:21:02.342,3,206.0,536.5,371.25,True,
run_20260807_152050_562216,339,12,2026-08-07T15:21:02.342,4,184.0,559.0,371.5,True,
run_20260807_152050_562216,339,12,2026-08-07T15:21:02.342,5,162.0,581.0,371.5,True,
run_20260807_152050_562216,339,12,2026-08-07T15:21:02.342,6,139.5,603.5,371.5,True,
run_20260807_152050_562216,339,12,2026-08-07T15:21:02.342,7,117.0,625.5,371.25,True,
run_20260807_152050_562216,339,12,2026-08-07T15:21:02.342,8,95.0,647.5,371.25,True,
run_20260807_152050_562216,339,12,2026-08-07T15:21:02.342,9,73.0,669.5,371.25,True,
run_20260807_152050_562216,339,12,2026-08-07T15:21:02.342,10,51.0,691.5,371.25,True,
run_20260807_152050_562216,339,12,2026-08-07T15:21:02.342,11,30.0,713.0,371.5,True,
run_20260807_152050_562216,339,12,2026-08-07T15:21:02.342,12,8.0,736.0,372.0,True,
run_20260807_152050_562216,369,13,2026-08-07T15:21:03.343,0,273.0,470.0,371.5,True,
run_20260807_152050_562216,369,13,2026-08-07T15:21:03.343,1,251.0,492.0,371.5,True,
run_20260807_152050_562216,369,13,2026-08-07T15:21:03.343,2,228.5,514.0,371.25,True,
run_20260807_152050_562216,369,13,2026-08-07T15:21:03.343,3,206.0,536.5,371.25,True,
run_20260807_152050_562216,369,13,2026-08-07T15:21:03.343,4,184.0,559.0,371.5,True,
run_20260807_152050_562216,369,13,2026-08-07T15:21:03.343,5,162.0,581.0,371.5,True,
run_20260807_152050_562216,369,13,2026-08-07T15:21:03.343,6,139.5,603.5,371.5,True,
run_20260807_152050_562216,369,13,2026-08-07T15:21:03.343,7,117.0,625.5,371.25,True,
run_20260807_152050_562216,369,13,2026-08-07T15:21:03.343,8,95.0,647.5,371.25,True,
run_20260807_152050_562216,369,13,2026-08-07T15:21:03.343,9,73.0,669.5,371.25,True,
run_20260807_152050_562216,369,13,2026-08-07T15:21:03.343,10,51.0,691.5,371.25,True,
run_20260807_152050_562216,369,13,2026-08-07T15:21:03.343,11,30.0,713.0,371.5,True,
run_20260807_152050_562216,369,13,2026-08-07T15:21:03.343,12,8.0,736.0,372.0,True,
run_20260807_152050_562216,399,14,2026-08-07T15:21:04.350,0,273.0,470.0,371.5,True,
run_20260807_152050_562216,399,14,2026-08-07T15:21:04.350,1,251.0,492.0,371.5,True,
run_20260807_152050_562216,399,14,2026-08-07T15:21:04.350,2,228.5,514.0,371.25,True,
run_20260807_152050_562216,399,14,2026-08-07T15:21:04.350,3,206.0,536.5,371.25,True,
run_20260807_152050_562216,399,14,2026-08-07T15:21:04.350,4,184.0,559.0,371.5,True,
run_20260807_152050_562216,399,14,2026-08-07T15:21:04.350,5,162.0,581.0,371.5,True,
run_20260807_152050_562216,399,14,2026-08-07T15:21:04.350,6,139.5,603.5,371.5,True,
run_20260807_152050_562216,399,14,2026-08-07T15:21:04.350,7,117.0,625.5,371.25,True,
run_20260807_152050_562216,399,14,2026-08-07T15:21:04.350,8,95.0,647.5,371.25,True,
run_20260807_152050_562216,399,14,2026-08-07T15:21:04.350,9,73.0,669.5,371.25,True,
run_20260807_152050_562216,399,14,2026-08-07T15:21:04.350,10,51.0,691.5,371.25,True,
run_20260807_152050_562216,399,14,2026-08-07T15:21:04.350,11,30.0,713.0,371.5,True,
run_20260807_152050_562216,399,14,2026-08-07T15:21:04.350,12,8.0,736.0,372.0,True,
run_20260807_152050_562216,430,15,2026-08-07T15:21:05.376,0,273.0,470.0,371.5,True,
run_20260807_152050_562216,430,15,2026-08-07T15:21:05.376,1,251.0,492.0,371.5,True,
run_20260807_152050_562216,430,15,2026-08-07T15:21:05.376,2,228.5,514.0,371.25,True,
run_20260807_152050_562216,430,15,2026-08-07T15:21:05.376,3,206.0,536.5,371.25,True,
run_20260807_152050_562216,430,15,2026-08-07T15:21:05.376,4,184.0,559.0,371.5,True,
run_20260807_152050_562216,430,15,2026-08-07T15:21:05.376,5,162.0,581.0,371.5,True,
run_20260807_152050_562216,430,15,2026-08-07T15:21:05.376,6,139.5,603.5,371.5,True,
run_20260807_152050_562216,430,15,2026-08-07T15:21:05.376,7,117.0,625.5,371.25,True,
run_20260807_152050_562216,430,15,2026-08-07T15:21:05.376,8,95.0,647.5,371.25,True,
run_20260807_152050_562216,430,15,2026-08-07T15:21:05.376,9,73.0,669.5,371.25,True,
run_20260807_152050_562216,430,15,2026-08-07T15:21:05.376,10,51.0,691.5,371.25,True,
run_20260807_152050_562216,430,15,2026-08-07T15:21:05.376,11,30.0,713.0,371.5,True,
run_20260807_152050_562216,430,15,2026-08-07T15:21:05.376,12,8.0,736.0,372.0,True,
run_20260807_152050_562216,460,16,2026-08-07T15:21:06.378,0,273.0,470.0,371.5,True,
run_20260807_152050_562216,460,16,2026-08-07T15:21:06.378,1,251.0,492.0,371.5,True,
run_20260807_152050_562216,460,16,2026-08-07T15:21:06.378,2,228.5,514.0,371.25,True,
run_20260807_152050_562216,460,16,2026-08-07T15:21:06.378,3,206.0,536.5,371.25,True,
run_20260807_152050_562216,460,16,2026-08-07T15:21:06.378,4,184.0,559.0,371.5,True,
run_20260807_152050_562216,460,16,2026-08-07T15:21:06.378,5,162.0,581.0,371.5,True,
run_20260807_152050_562216,460,16,2026-08-07T15:21:06.378,6,139.5,603.5,371.5,True,
run_20260807_152050_562216,460,16,2026-08-07T15:21:06.378,7,117.0,625.5,371.25,True,
run_20260807_152050_562216,460,16,2026-08-07T15:21:06.378,8,95.0,647.5,371.25,True,
run_20260807_152050_562216,460,16,2026-08-07T15:21:06.378,9,73.0,669.5,371.25,True,
run_20260807_152050_562216,460,16,2026-08-07T15:21:06.378,10,51.0,691.5,371.25,True,
run_20260807_152050_562216,460,16,2026-08-07T15:21:06.378,11,30.0,713.0,371.5,True,
run_20260807_152050_562216,460,16,2026-08-07T15:21:06.378,12,8.0,736.0,372.0,True,
run_20260807_152050_562216,490,17,2026-08-07T15:21:07.384,0,273.0,470.0,371.5,True,
run_20260807_152050_562216,490,17,2026-08-07T15:21:07.384,1,251.0,492.0,371.5,True,
run_20260807_152050_562216,490,17,2026-08-07T15:21:07.384,2,228.5,514.0,371.25,True,
run_20260807_152050_562216,490,17,2026-08-07T15:21:07.384,3,206.0,536.5,371.25,True,
run_20260807_152050_562216,490,17,2026-08-07T15:21:07.384,4,184.0,559.0,371.5,True,
run_20260807_152050_562216,490,17,2026-08-07T15:21:07.384,5,162.0,581.0,371.5,True,
run_20260807_152050_562216,490,17,2026-08-07T15:21:07.384,6,139.5,603.5,371.5,True,
run_20260807_152050_562216,490,17,2026-08-07T15:21:07.384,7,117.0,625.5,371.25,True,
run_20260807_152050_562216,490,17,2026-08-07T15:21:07.384,8,95.0,647.5,371.25,True,
run_20260807_152050_562216,490,17,2026-08-07T15:21:07.384,9,73.0,669.5,371.25,True,
run_20260807_152050_562216,490,17,2026-08-07T15:21:07.384,10,51.0,691.5,371.25,True,
run_20260807_152050_562216,490,17,2026-08-07T15:21:07.384,11,30.0,713.0,371.5,True,
run_20260807_152050_562216,490,17,2026-08-07T15:21:07.384,12,8.0,736.0,372.0,True,
run_20260807_152050_562216,521,18,2026-08-07T15:21:08.411,0,273.0,470.0,371.5,True,
run_20260807_152050_562216,521,18,2026-08-07T15:21:08.411,1,251.0,492.0,371.5,True,
run_20260807_152050_562216,521,18,2026-08-07T15:21:08.411,2,228.5,514.0,371.25,True,
run_20260807_152050_562216,521,18,2026-08-07T15:21:08.411,3,206.0,536.5,371.25,True,
run_20260807_152050_562216,521,18,2026-08-07T15:21:08.411,4,184.0,559.0,371.5,True,
run_20260807_152050_562216,521,18,2026-08-07T15:21:08.411,5,162.0,581.0,371.5,True,
run_20260807_152050_562216,521,18,2026-08-07T15:21:08.411,6,139.5,603.5,371.5,True,
run_20260807_152050_562216,521,18,2026-08-07T15:21:08.411,7,117.0,625.5,371.25,True,
run_20260807_152050_562216,521,18,2026-08-07T15:21:08.411,8,95.0,647.5,371.25,True,
run_20260807_152050_562216,521,18,2026-08-07T15:21:08.411,9,73.0,669.5,371.25,True,
run_20260807_152050_562216,521,18,2026-08-07T15:21:08.411,10,51.0,691.5,371.25,True,
run_20260807_152050_562216,521,18,2026-08-07T15:21:08.411,11,30.0,713.0,371.5,True,
run_20260807_152050_562216,521,18,2026-08-07T15:21:08.411,12,8.0,736.0,372.0,True,
run_20260807_152050_562216,551,19,2026-08-07T15:21:09.416,0,273.0,470.0,371.5,True,
run_20260807_152050_562216,551,19,2026-08-07T15:21:09.416,1,251.0,492.0,371.5,True,
run_20260807_152050_562216,551,19,2026-08-07T15:21:09.416,2,228.5,514.0,371.25,True,
run_20260807_152050_562216,551,19,2026-08-07T15:21:09.416,3,206.0,536.5,371.25,True,
run_20260807_152050_562216,551,19,2026-08-07T15:21:09.416,4,184.0,559.0,371.5,True,
run_20260807_152050_562216,551,19,2026-08-07T15:21:09.416,5,162.0,581.0,371.5,True,
run_20260807_152050_562216,551,19,2026-08-07T15:21:09.416,6,139.5,603.5,371.5,True,
run_20260807_152050_562216,551,19,2026-08-07T15:21:09.416,7,117.0,625.5,371.25,True,
run_20260807_152050_562216,551,19,2026-08-07T15:21:09.416,8,95.0,647.5,371.25,True,
run_20260807_152050_562216,551,19,2026-08-07T15:21:09.416,9,73.0,669.5,371.25,True,
run_20260807_152050_562216,551,19,2026-08-07T15:21:09.416,10,51.0,691.5,371.25,True,
run_20260807_152050_562216,551,19,2026-08-07T15:21:09.416,11,30.0,713.0,371.5,True,
run_20260807_152050_562216,551,19,2026-08-07T15:21:09.416,12,8.0,736.0,372.0,True,
run_20260807_152050_562216,582,20,2026-08-07T15:21:10.441,0,273.0,470.0,371.5,True,
run_20260807_152050_562216,582,20,2026-08-07T15:21:10.441,1,251.0,492.0,371.5,True,
run_20260807_152050_562216,582,20,2026-08-07T15:21:10.441,2,228.5,514.0,371.25,True,
run_20260807_152050_562216,582,20,2026-08-07T15:21:10.441,3,206.0,536.5,371.25,True,
run_20260807_152050_562216,582,20,2026-08-07T15:21:10.441,4,184.0,559.0,371.5,True,
run_20260807_152050_562216,582,20,2026-08-07T15:21:10.441,5,162.0,581.0,371.5,True,
run_20260807_152050_562216,582,20,2026-08-07T15:21:10.441,6,139.5,603.5,371.5,True,
run_20260807_152050_562216,582,20,2026-08-07T15:21:10.441,7,117.0,625.5,371.25,True,
run_20260807_152050_562216,582,20,2026-08-07T15:21:10.441,8,95.0,647.5,371.25,True,
run_20260807_152050_562216,582,20,2026-08-07T15:21:10.441,9,73.0,669.5,371.25,True,
run_20260807_152050_562216,582,20,2026-08-07T15:21:10.441,10,51.0,691.5,371.25,True,
run_20260807_152050_562216,582,20,2026-08-07T15:21:10.441,11,30.0,713.0,371.5,True,
run_20260807_152050_562216,582,20,2026-08-07T15:21:10.441,12,8.0,736.0,372.0,True,
run_20260807_152050_562216,612,21,2026-08-07T15:21:11.443,0,273.0,470.0,371.5,True,
run_20260807_152050_562216,612,21,2026-08-07T15:21:11.443,1,251.0,492.0,371.5,True,
run_20260807_152050_562216,612,21,2026-08-07T15:21:11.443,2,228.5,514.0,371.25,True,
run_20260807_152050_562216,612,21,2026-08-07T15:21:11.443,3,206.0,536.5,371.25,True,
run_20260807_152050_562216,612,21,2026-08-07T15:21:11.443,4,184.0,559.0,371.5,True,
run_20260807_152050_562216,612,21,2026-08-07T15:21:11.443,5,162.0,581.0,371.5,True,
run_20260807_152050_562216,612,21,2026-08-07T15:21:11.443,6,139.5,603.5,371.5,True,
run_20260807_152050_562216,612,21,2026-08-07T15:21:11.443,7,117.0,625.5,371.25,True,
run_20260807_152050_562216,612,21,2026-08-07T15:21:11.443,8,95.0,647.5,371.25,True,
run_20260807_152050_562216,612,21,2026-08-07T15:21:11.443,9,73.0,669.5,371.25,True,
run_20260807_152050_562216,612,21,2026-08-07T15:21:11.443,10,51.0,691.5,371.25,True,
run_20260807_152050_562216,612,21,2026-08-07T15:21:11.443,11,30.0,713.0,371.5,True,
run_20260807_152050_562216,612,21,2026-08-07T15:21:11.443,12,8.0,736.0,372.0,True,
run_20260807_152050_562216,643,22,2026-08-07T15:21:12.475,0,273.0,470.0,371.5,True,
run_20260807_152050_562216,643,22,2026-08-07T15:21:12.475,1,251.0,492.0,371.5,True,
run_20260807_152050_562216,643,22,2026-08-07T15:21:12.475,2,228.5,514.0,371.25,True,
run_20260807_152050_562216,643,22,2026-08-07T15:21:12.475,3,206.0,536.5,371.25,True,
run_20260807_152050_562216,643,22,2026-08-07T15:21:12.475,4,184.0,559.0,371.5,True,
run_20260807_152050_562216,643,22,2026-08-07T15:21:12.475,5,162.0,581.0,371.5,True,
run_20260807_152050_562216,643,22,2026-08-07T15:21:12.475,6,139.5,603.5,371.5,True,
run_20260807_152050_562216,643,22,2026-08-07T15:21:12.475,7,117.0,625.5,371.25,True,
run_20260807_152050_562216,643,22,2026-08-07T15:21:12.475,8,95.0,647.5,371.25,True,
run_20260807_152050_562216,643,22,2026-08-07T15:21:12.475,9,73.0,669.5,371.25,True,
run_20260807_152050_562216,643,22,2026-08-07T15:21:12.475,10,51.0,691.5,371.25,True,
run_20260807_152050_562216,643,22,2026-08-07T15:21:12.475,11,30.0,713.0,371.5,True,
run_20260807_152050_562216,643,22,2026-08-07T15:21:12.475,12,8.0,736.0,372.0,True,
run_20260807_152050_562216,673,23,2026-08-07T15:21:13.477,0,273.0,470.0,371.5,True,
run_20260807_152050_562216,673,23,2026-08-07T15:21:13.477,1,251.0,492.0,371.5,True,
run_20260807_152050_562216,673,23,2026-08-07T15:21:13.477,2,228.5,514.0,371.25,True,
run_20260807_152050_562216,673,23,2026-08-07T15:21:13.477,3,206.0,536.5,371.25,True,
run_20260807_152050_562216,673,23,2026-08-07T15:21:13.477,4,184.0,559.0,371.5,True,
run_20260807_152050_562216,673,23,2026-08-07T15:21:13.477,5,162.0,581.0,371.5,True,
run_20260807_152050_562216,673,23,2026-08-07T15:21:13.477,6,139.5,603.5,371.5,True,
run_20260807_152050_562216,673,23,2026-08-07T15:21:13.477,7,117.0,625.5,371.25,True,
run_20260807_152050_562216,673,23,2026-08-07T15:21:13.477,8,95.0,647.5,371.25,True,
run_20260807_152050_562216,673,23,2026-08-07T15:21:13.477,9,73.0,669.5,371.25,True,
run_20260807_152050_562216,673,23,2026-08-07T15:21:13.477,10,51.0,691.5,371.25,True,
run_20260807_152050_562216,673,23,2026-08-07T15:21:13.477,11,30.0,713.0,371.5,True,
run_20260807_152050_562216,673,23,2026-08-07T15:21:13.477,12,8.0,736.0,372.0,True,
run_20260807_152050_562216,703,24,2026-08-07T15:21:14.482,0,273.0,470.0,371.5,True,
run_20260807_152050_562216,703,24,2026-08-07T15:21:14.482,1,251.0,492.0,371.5,True,
run_20260807_152050_562216,703,24,2026-08-07T15:21:14.482,2,228.5,514.0,371.25,True,
run_20260807_152050_562216,703,24,2026-08-07T15:21:14.482,3,206.0,536.5,371.25,True,
run_20260807_152050_562216,703,24,2026-08-07T15:21:14.482,4,184.0,559.0,371.5,True,
run_20260807_152050_562216,703,24,2026-08-07T15:21:14.482,5,162.0,581.0,371.5,True,
run_20260807_152050_562216,703,24,2026-08-07T15:21:14.482,6,139.5,603.5,371.5,True,
run_20260807_152050_562216,703,24,2026-08-07T15:21:14.482,7,117.0,625.5,371.25,True,
run_20260807_152050_562216,703,24,2026-08-07T15:21:14.482,8,95.0,647.5,371.25,True,
run_20260807_152050_562216,703,24,2026-08-07T15:21:14.482,9,73.0,669.5,371.25,True,
run_20260807_152050_562216,703,24,2026-08-07T15:21:14.482,10,51.0,691.5,371.25,True,
run_20260807_152050_562216,703,24,2026-08-07T15:21:14.482,11,30.0,713.0,371.5,True,
run_20260807_152050_562216,703,24,2026-08-07T15:21:14.482,12,8.0,736.0,372.0,True,
run_20260807_152050_562216,734,25,2026-08-07T15:21:15.508,0,273.0,470.0,371.5,True,
run_20260807_152050_562216,734,25,2026-08-07T15:21:15.508,1,251.0,492.0,371.5,True,
run_20260807_152050_562216,734,25,2026-08-07T15:21:15.508,2,228.5,514.0,371.25,True,
run_20260807_152050_562216,734,25,2026-08-07T15:21:15.508,3,206.0,536.5,371.25,True,
run_20260807_152050_562216,734,25,2026-08-07T15:21:15.508,4,184.0,559.0,371.5,True,
run_20260807_152050_562216,734,25,2026-08-07T15:21:15.508,5,162.0,581.0,371.5,True,
run_20260807_152050_562216,734,25,2026-08-07T15:21:15.508,6,139.5,603.5,371.5,True,
run_20260807_152050_562216,734,25,2026-08-07T15:21:15.508,7,117.0,625.5,371.25,True,
run_20260807_152050_562216,734,25,2026-08-07T15:21:15.508,8,95.0,647.5,371.25,True,
run_20260807_152050_562216,734,25,2026-08-07T15:21:15.508,9,73.0,669.5,371.25,True,
run_20260807_152050_562216,734,25,2026-08-07T15:21:15.508,10,51.0,691.5,371.25,True,
run_20260807_152050_562216,734,25,2026-08-07T15:21:15.508,11,30.0,713.0,371.5,True,
run_20260807_152050_562216,734,25,2026-08-07T15:21:15.508,12,8.0,736.0,372.0,True,
run_20260807_152050_562216,764,26,2026-08-07T15:21:16.510,0,273.0,470.0,371.5,True,
run_20260807_152050_562216,764,26,2026-08-07T15:21:16.510,1,251.0,492.0,371.5,True,
run_20260807_152050_562216,764,26,2026-08-07T15:21:16.510,2,228.5,514.0,371.25,True,
run_20260807_152050_562216,764,26,2026-08-07T15:21:16.510,3,206.0,536.5,371.25,True,
run_20260807_152050_562216,764,26,2026-08-07T15:21:16.510,4,184.0,559.0,371.5,True,
run_20260807_152050_562216,764,26,2026-08-07T15:21:16.510,5,162.0,581.0,371.5,True,
run_20260807_152050_562216,764,26,2026-08-07T15:21:16.510,6,139.5,603.5,371.5,True,
run_20260807_152050_562216,764,26,2026-08-07T15:21:16.510,7,117.0,625.5,371.25,True,
run_20260807_152050_562216,764,26,2026-08-07T15:21:16.510,8,95.0,647.5,371.25,True,
run_20260807_152050_562216,764,26,2026-08-07T15:21:16.510,9,73.0,669.5,371.25,True,
run_20260807_152050_562216,764,26,2026-08-07T15:21:16.510,10,51.0,691.5,371.25,True,
run_20260807_152050_562216,764,26,2026-08-07T15:21:16.510,11,30.0,713.0,371.5,True,
run_20260807_152050_562216,764,26,2026-08-07T15:21:16.510,12,8.0,736.0,372.0,True,
run_20260807_152050_562216,795,27,2026-08-07T15:21:17.542,0,273.0,470.0,371.5,True,
run_20260807_152050_562216,795,27,2026-08-07T15:21:17.542,1,251.0,492.0,371.5,True,
run_20260807_152050_562216,795,27,2026-08-07T15:21:17.542,2,228.5,514.0,371.25,True,
run_20260807_152050_562216,795,27,2026-08-07T15:21:17.542,3,206.0,536.5,371.25,True,
run_20260807_152050_562216,795,27,2026-08-07T15:21:17.542,4,184.0,559.0,371.5,True,
run_20260807_152050_562216,795,27,2026-08-07T15:21:17.542,5,162.0,581.0,371.5,True,
run_20260807_152050_562216,795,27,2026-08-07T15:21:17.542,6,139.5,603.5,371.5,True,
run_20260807_152050_562216,795,27,2026-08-07T15:21:17.542,7,117.0,625.5,371.25,True,
run_20260807_152050_562216,795,27,2026-08-07T15:21:17.542,8,95.0,647.5,371.25,True,
run_20260807_152050_562216,795,27,2026-08-07T15:21:17.542,9,73.0,669.5,371.25,True,
run_20260807_152050_562216,795,27,2026-08-07T15:21:17.542,10,51.0,691.5,371.25,True,
run_20260807_152050_562216,795,27,2026-08-07T15:21:17.542,11,30.0,713.0,371.5,True,
run_20260807_152050_562216,795,27,2026-08-07T15:21:17.542,12,8.0,736.0,372.0,True,
run_20260807_152050_562216,825,28,2026-08-07T15:21:18.545,0,273.0,470.0,371.5,True,
run_20260807_152050_562216,825,28,2026-08-07T15:21:18.545,1,251.0,492.0,371.5,True,
run_20260807_152050_562216,825,28,2026-08-07T15:21:18.545,2,228.5,514.0,371.25,True,
run_20260807_152050_562216,825,28,2026-08-07T15:21:18.545,3,206.0,536.5,371.25,True,
run_20260807_152050_562216,825,28,2026-08-07T15:21:18.545,4,184.0,559.0,371.5,True,
run_20260807_152050_562216,825,28,2026-08-07T15:21:18.545,5,162.0,581.0,371.5,True,
run_20260807_152050_562216,825,28,2026-08-07T15:21:18.545,6,139.5,603.5,371.5,True,
run_20260807_152050_562216,825,28,2026-08-07T15:21:18.545,7,117.0,625.5,371.25,True,
run_20260807_152050_562216,825,28,2026-08-07T15:21:18.545,8,95.0,647.5,371.25,True,
run_20260807_152050_562216,825,28,2026-08-07T15:21:18.545,9,73.0,669.5,371.25,True,
run_20260807_152050_562216,825,28,2026-08-07T15:21:18.545,10,51.0,691.5,371.25,True,
run_20260807_152050_562216,825,28,2026-08-07T15:21:18.545,11,30.0,713.0,371.5,True,
run_20260807_152050_562216,825,28,2026-08-07T15:21:18.545,12,8.0,736.0,372.0,True,
run_20260807_152050_562216,855,29,2026-08-07T15:21:19.550,0,273.0,470.0,371.5,True,
run_20260807_152050_562216,855,29,2026-08-07T15:21:19.550,1,251.0,492.0,371.5,True,
run_20260807_152050_562216,855,29,2026-08-07T15:21:19.550,2,228.5,514.0,371.25,True,
run_20260807_152050_562216,855,29,2026-08-07T15:21:19.550,3,206.0,536.5,371.25,True,
run_20260807_152050_562216,855,29,2026-08-07T15:21:19.550,4,184.0,559.0,371.5,True,
run_20260807_152050_562216,855,29,2026-08-07T15:21:19.550,5,162.0,581.0,371.5,True,
run_20260807_152050_562216,855,29,2026-08-07T15:21:19.550,6,139.5,603.5,371.5,True,
run_20260807_152050_562216,855,29,2026-08-07T15:21:19.550,7,117.0,625.5,371.25,True,
run_20260807_152050_562216,855,29,2026-08-07T15:21:19.550,8,95.0,647.5,371.25,True,
run_20260807_152050_562216,855,29,2026-08-07T15:21:19.550,9,73.0,669.5,371.25,True,
run_20260807_152050_562216,855,29,2026-08-07T15:21:19.550,10,51.0,691.5,371.25,True,
run_20260807_152050_562216,855,29,2026-08-07T15:21:19.550,11,30.0,713.0,371.5,True,
run_20260807_152050_562216,855,29,2026-08-07T15:21:19.550,12,8.0,736.0,372.0,True,
run_20260807_152050_562216,886,30,2026-08-07T15:21:20.577,0,273.0,470.0,371.5,True,
run_20260807_152050_562216,886,30,2026-08-07T15:21:20.577,1,251.0,492.0,371.5,True,
run_20260807_152050_562216,886,30,2026-08-07T15:21:20.577,2,228.5,514.0,371.25,True,
run_20260807_152050_562216,886,30,2026-08-07T15:21:20.577,3,206.0,536.5,371.25,True,
run_20260807_152050_562216,886,30,2026-08-07T15:21:20.577,4,184.0,559.0,371.5,True,
run_20260807_152050_562216,886,30,2026-08-07T15:21:20.577,5,162.0,581.0,371.5,True,
run_20260807_152050_562216,886,30,2026-08-07T15:21:20.577,6,139.5,603.5,371.5,True,
run_20260807_152050_562216,886,30,2026-08-07T15:21:20.577,7,117.0,625.5,371.25,True,
run_20260807_152050_562216,886,30,2026-08-07T15:21:20.577,8,95.0,647.5,371.25,True,
run_20260807_152050_562216,886,30,2026-08-07T15:21:20.577,9,73.0,669.5,371.25,True,
run_20260807_152050_562216,886,30,2026-08-07T15:21:20.577,10,51.0,691.5,371.25,True,
run_20260807_152050_562216,886,30,2026-08-07T15:21:20.577,11,30.0,713.0,371.5,True,
run_20260807_152050_562216,886,30,2026-08-07T15:21:20.577,12,8.0,736.0,372.0,True,
run_20260807_152050_562216,916,31,2026-08-07T15:21:21.577,0,273.0,470.0,371.5,True,
run_20260807_152050_562216,916,31,2026-08-07T15:21:21.577,1,251.0,492.0,371.5,True,
run_20260807_152050_562216,916,31,2026-08-07T15:21:21.577,2,228.5,514.0,371.25,True,
run_20260807_152050_562216,916,31,2026-08-07T15:21:21.577,3,206.0,536.5,371.25,True,
run_20260807_152050_562216,916,31,2026-08-07T15:21:21.577,4,184.0,559.0,371.5,True,
run_20260807_152050_562216,916,31,2026-08-07T15:21:21.577,5,162.0,581.0,371.5,True,
run_20260807_152050_562216,916,31,2026-08-07T15:21:21.577,6,139.5,603.5,371.5,True,
run_20260807_152050_562216,916,31,2026-08-07T15:21:21.577,7,117.0,625.5,371.25,True,
run_20260807_152050_562216,916,31,2026-08-07T15:21:21.577,8,95.0,647.5,371.25,True,
run_20260807_152050_562216,916,31,2026-08-07T15:21:21.577,9,73.0,669.5,371.25,True,
run_20260807_152050_562216,916,31,2026-08-07T15:21:21.577,10,51.0,691.5,371.25,True,
run_20260807_152050_562216,916,31,2026-08-07T15:21:21.577,11,30.0,713.0,371.5,True,
run_20260807_152050_562216,916,31,2026-08-07T15:21:21.577,12,8.0,736.0,372.0,True,
run_20260807_152050_562216,946,32,2026-08-07T15:21:22.584,0,273.0,470.0,371.5,True,
run_20260807_152050_562216,946,32,2026-08-07T15:21:22.584,1,251.0,492.0,371.5,True,
run_20260807_152050_562216,946,32,2026-08-07T15:21:22.584,2,228.5,514.0,371.25,True,
run_20260807_152050_562216,946,32,2026-08-07T15:21:22.584,3,206.0,536.5,371.25,True,
run_20260807_152050_562216,946,32,2026-08-07T15:21:22.584,4,184.0,559.0,371.5,True,
run_20260807_152050_562216,946,32,2026-08-07T15:21:22.584,5,162.0,581.0,371.5,True,
run_20260807_152050_562216,946,32,2026-08-07T15:21:22.584,6,139.5,603.5,371.5,True,
run_20260807_152050_562216,946,32,2026-08-07T15:21:22.584,7,117.0,625.5,371.25,True,
run_20260807_152050_562216,946,32,2026-08-07T15:21:22.584,8,95.0,647.5,371.25,True,
run_20260807_152050_562216,946,32,2026-08-07T15:21:22.584,9,73.0,669.5,371.25,True,
run_20260807_152050_562216,946,32,2026-08-07T15:21:22.584,10,51.0,691.5,371.25,True,
run_20260807_152050_562216,946,32,2026-08-07T15:21:22.584,11,30.0,713.0,371.5,True,
run_20260807_152050_562216,946,32,2026-08-07T15:21:22.584,12,8.0,736.0,372.0,True,
run_20260807_152050_562216,977,33,2026-08-07T15:21:23.610,0,273.0,470.0,371.5,True,
run_20260807_152050_562216,977,33,2026-08-07T15:21:23.610,1,251.0,492.0,371.5,True,
run_20260807_152050_562216,977,33,2026-08-07T15:21:23.610,2,228.5,514.0,371.25,True,
run_20260807_152050_562216,977,33,2026-08-07T15:21:23.610,3,206.0,536.5,371.25,True,
run_20260807_152050_562216,977,33,2026-08-07T15:21:23.610,4,184.0,559.0,371.5,True,
run_20260807_152050_562216,977,33,2026-08-07T15:21:23.610,5,162.0,581.0,371.5,True,
run_20260807_152050_562216,977,33,2026-08-07T15:21:23.610,6,139.5,603.5,371.5,True,
run_20260807_152050_562216,977,33,2026-08-07T15:21:23.610,7,117.0,625.5,371.25,True,
run_20260807_152050_562216,977,33,2026-08-07T15:21:23.610,8,95.0,647.5,371.25,True,
run_20260807_152050_562216,977,33,2026-08-07T15:21:23.610,9,73.0,669.5,371.25,True,
run_20260807_152050_562216,977,33,2026-08-07T15:21:23.610,10,51.0,691.5,371.25,True,
run_20260807_152050_562216,977,33,2026-08-07T15:21:23.610,11,30.0,713.0,371.5,True,
run_20260807_152050_562216,977,33,2026-08-07T15:21:23.610,12,8.0,736.0,372.0,True,
run_20260807_152050_562216,1008,34,2026-08-07T15:21:24.648,0,273.0,470.0,371.5,True,
run_20260807_152050_562216,1008,34,2026-08-07T15:21:24.648,1,251.0,492.0,371.5,True,
run_20260807_152050_562216,1008,34,2026-08-07T15:21:24.648,2,228.5,514.0,371.25,True,
run_20260807_152050_562216,1008,34,2026-08-07T15:21:24.648,3,206.0,536.5,371.25,True,
run_20260807_152050_562216,1008,34,2026-08-07T15:21:24.648,4,184.0,559.0,371.5,True,
run_20260807_152050_562216,1008,34,2026-08-07T15:21:24.648,5,162.0,581.0,371.5,True,
run_20260807_152050_562216,1008,34,2026-08-07T15:21:24.648,6,139.5,603.5,371.5,True,
run_20260807_152050_562216,1008,34,2026-08-07T15:21:24.648,7,117.0,625.5,371.25,True,
run_20260807_152050_562216,1008,34,2026-08-07T15:21:24.648,8,95.0,647.5,371.25,True,
run_20260807_152050_562216,1008,34,2026-08-07T15:21:24.648,9,73.0,669.5,371.25,True,
run_20260807_152050_562216,1008,34,2026-08-07T15:21:24.648,10,51.0,691.5,371.25,True,
run_20260807_152050_562216,1008,34,2026-08-07T15:21:24.648,11,30.0,713.0,371.5,True,
run_20260807_152050_562216,1008,34,2026-08-07T15:21:24.648,12,8.0,736.0,372.0,True,
run_20260807_152050_562216,1039,35,2026-08-07T15:21:25.675,0,273.0,470.0,371.5,True,
run_20260807_152050_562216,1039,35,2026-08-07T15:21:25.675,1,251.0,492.0,371.5,True,
run_20260807_152050_562216,1039,35,2026-08-07T15:21:25.675,2,228.5,514.0,371.25,True,
run_20260807_152050_562216,1039,35,2026-08-07T15:21:25.675,3,206.0,536.5,371.25,True,
run_20260807_152050_562216,1039,35,2026-08-07T15:21:25.675,4,184.0,559.0,371.5,True,
run_20260807_152050_562216,1039,35,2026-08-07T15:21:25.675,5,162.0,581.0,371.5,True,
run_20260807_152050_562216,1039,35,2026-08-07T15:21:25.675,6,139.5,603.5,371.5,True,
run_20260807_152050_562216,1039,35,2026-08-07T15:21:25.675,7,117.0,625.5,371.25,True,
run_20260807_152050_562216,1039,35,2026-08-07T15:21:25.675,8,95.0,647.5,371.25,True,
run_20260807_152050_562216,1039,35,2026-08-07T15:21:25.675,9,73.0,669.5,371.25,True,
run_20260807_152050_562216,1039,35,2026-08-07T15:21:25.675,10,51.0,691.5,371.25,True,
run_20260807_152050_562216,1039,35,2026-08-07T15:21:25.675,11,30.0,713.0,371.5,True,
run_20260807_152050_562216,1039,35,2026-08-07T15:21:25.675,12,8.0,736.0,372.0,True,
run_20260807_152050_562216,1069,36,2026-08-07T15:21:26.676,0,273.0,470.0,371.5,True,
run_20260807_152050_562216,1069,36,2026-08-07T15:21:26.676,1,251.0,492.0,371.5,True,
run_20260807_152050_562216,1069,36,2026-08-07T15:21:26.676,2,228.5,514.0,371.25,True,
run_20260807_152050_562216,1069,36,2026-08-07T15:21:26.676,3,206.0,536.5,371.25,True,
run_20260807_152050_562216,1069,36,2026-08-07T15:21:26.676,4,184.0,559.0,371.5,True,
run_20260807_152050_562216,1069,36,2026-08-07T15:21:26.676,5,162.0,581.0,371.5,True,
run_20260807_152050_562216,1069,36,2026-08-07T15:21:26.676,6,139.5,603.5,371.5,True,
run_20260807_152050_562216,1069,36,2026-08-07T15:21:26.676,7,117.0,625.5,371.25,True,
run_20260807_152050_562216,1069,36,2026-08-07T15:21:26.676,8,95.0,647.5,371.25,True,
run_20260807_152050_562216,1069,36,2026-08-07T15:21:26.676,9,73.0,669.5,371.25,True,
run_20260807_152050_562216,1069,36,2026-08-07T15:21:26.676,10,51.0,691.5,371.25,True,
run_20260807_152050_562216,1069,36,2026-08-07T15:21:26.676,11,30.0,713.0,371.5,True,
run_20260807_152050_562216,1069,36,2026-08-07T15:21:26.676,12,8.0,736.0,372.0,True,
run_20260807_152050_562216,1100,37,2026-08-07T15:21:27.710,0,273.0,470.0,371.5,True,
run_20260807_152050_562216,1100,37,2026-08-07T15:21:27.710,1,251.0,492.0,371.5,True,
run_20260807_152050_562216,1100,37,2026-08-07T15:21:27.710,2,228.5,514.0,371.25,True,
run_20260807_152050_562216,1100,37,2026-08-07T15:21:27.710,3,206.0,536.5,371.25,True,
run_20260807_152050_562216,1100,37,2026-08-07T15:21:27.710,4,184.0,559.0,371.5,True,
run_20260807_152050_562216,1100,37,2026-08-07T15:21:27.710,5,162.0,581.0,371.5,True,
run_20260807_152050_562216,1100,37,2026-08-07T15:21:27.710,6,139.5,603.5,371.5,True,
run_20260807_152050_562216,1100,37,2026-08-07T15:21:27.710,7,117.0,625.5,371.25,True,
run_20260807_152050_562216,1100,37,2026-08-07T15:21:27.710,8,95.0,647.5,371.25,True,
run_20260807_152050_562216,1100,37,2026-08-07T15:21:27.710,9,73.0,669.5,371.25,True,
run_20260807_152050_562216,1100,37,2026-08-07T15:21:27.710,10,51.0,691.5,371.25,True,
run_20260807_152050_562216,1100,37,2026-08-07T15:21:27.710,11,30.0,713.0,371.5,True,
run_20260807_152050_562216,1100,37,2026-08-07T15:21:27.710,12,8.0,736.0,372.0,True,
run_20260807_152050_562216,1130,38,2026-08-07T15:21:28.717,0,273.0,470.0,371.5,True,
run_20260807_152050_562216,1130,38,2026-08-07T15:21:28.717,1,251.0,492.0,371.5,True,
run_20260807_152050_562216,1130,38,2026-08-07T15:21:28.717,2,228.5,514.0,371.25,True,
run_20260807_152050_562216,1130,38,2026-08-07T15:21:28.717,3,206.0,536.5,371.25,True,
run_20260807_152050_562216,1130,38,2026-08-07T15:21:28.717,4,184.0,559.0,371.5,True,
run_20260807_152050_562216,1130,38,2026-08-07T15:21:28.717,5,162.0,581.0,371.5,True,
run_20260807_152050_562216,1130,38,2026-08-07T15:21:28.717,6,139.5,603.5,371.5,True,
run_20260807_152050_562216,1130,38,2026-08-07T15:21:28.717,7,117.0,625.5,371.25,True,
run_20260807_152050_562216,1130,38,2026-08-07T15:21:28.717,8,95.0,647.5,371.25,True,
run_20260807_152050_562216,1130,38,2026-08-07T15:21:28.717,9,73.0,669.5,371.25,True,
run_20260807_152050_562216,1130,38,2026-08-07T15:21:28.717,10,51.0,691.5,371.25,True,
run_20260807_152050_562216,1130,38,2026-08-07T15:21:28.717,11,30.0,713.0,371.5,True,
run_20260807_152050_562216,1130,38,2026-08-07T15:21:28.717,12,8.0,736.0,372.0,True,
run_20260807_152050_562216,1161,39,2026-08-07T15:21:29.748,0,273.0,470.0,371.5,True,
run_20260807_152050_562216,1161,39,2026-08-07T15:21:29.748,1,251.0,492.0,371.5,True,
run_20260807_152050_562216,1161,39,2026-08-07T15:21:29.748,2,228.5,514.0,371.25,True,
run_20260807_152050_562216,1161,39,2026-08-07T15:21:29.748,3,206.0,536.5,371.25,True,
run_20260807_152050_562216,1161,39,2026-08-07T15:21:29.748,4,184.0,559.0,371.5,True,
run_20260807_152050_562216,1161,39,2026-08-07T15:21:29.748,5,162.0,581.0,371.5,True,
run_20260807_152050_562216,1161,39,2026-08-07T15:21:29.748,6,139.5,603.5,371.5,True,
run_20260807_152050_562216,1161,39,2026-08-07T15:21:29.748,7,117.0,625.5,371.25,True,
run_20260807_152050_562216,1161,39,2026-08-07T15:21:29.748,8,95.0,647.5,371.25,True,
run_20260807_152050_562216,1161,39,2026-08-07T15:21:29.748,9,73.0,669.5,371.25,True,
run_20260807_152050_562216,1161,39,2026-08-07T15:21:29.748,10,51.0,691.5,371.25,True,
run_20260807_152050_562216,1161,39,2026-08-07T15:21:29.748,11,30.0,713.0,371.5,True,
run_20260807_152050_562216,1161,39,2026-08-07T15:21:29.748,12,8.0,736.0,372.0,True,
run_20260807_152050_562216,1192,40,2026-08-07T15:21:30.777,0,273.0,470.0,371.5,True,
run_20260807_152050_562216,1192,40,2026-08-07T15:21:30.777,1,251.0,492.0,371.5,True,
run_20260807_152050_562216,1192,40,2026-08-07T15:21:30.777,2,228.5,514.0,371.25,True,
run_20260807_152050_562216,1192,40,2026-08-07T15:21:30.777,3,206.0,536.5,371.25,True,
run_20260807_152050_562216,1192,40,2026-08-07T15:21:30.777,4,184.0,559.0,371.5,True,
run_20260807_152050_562216,1192,40,2026-08-07T15:21:30.777,5,162.0,581.0,371.5,True,
run_20260807_152050_562216,1192,40,2026-08-07T15:21:30.777,6,139.5,603.5,371.5,True,
run_20260807_152050_562216,1192,40,2026-08-07T15:21:30.777,7,117.0,625.5,371.25,True,
run_20260807_152050_562216,1192,40,2026-08-07T15:21:30.777,8,95.0,647.5,371.25,True,
run_20260807_152050_562216,1192,40,2026-08-07T15:21:30.777,9,73.0,669.5,371.25,True,
run_20260807_152050_562216,1192,40,2026-08-07T15:21:30.777,10,51.0,691.5,371.25,True,
run_20260807_152050_562216,1192,40,2026-08-07T15:21:30.777,11,30.0,713.0,371.5,True,
run_20260807_152050_562216,1192,40,2026-08-07T15:21:30.777,12,8.0,736.0,372.0,True,
run_20260807_152050_562216,1223,41,2026-08-07T15:21:31.809,0,273.0,470.0,371.5,True,
run_20260807_152050_562216,1223,41,2026-08-07T15:21:31.809,1,251.0,492.0,371.5,True,
run_20260807_152050_562216,1223,41,2026-08-07T15:21:31.809,2,228.5,514.0,371.25,True,
run_20260807_152050_562216,1223,41,2026-08-07T15:21:31.809,3,206.0,536.5,371.25,True,
run_20260807_152050_562216,1223,41,2026-08-07T15:21:31.809,4,184.0,559.0,371.5,True,
run_20260807_152050_562216,1223,41,2026-08-07T15:21:31.809,5,162.0,581.0,371.5,True,
run_20260807_152050_562216,1223,41,2026-08-07T15:21:31.809,6,139.5,603.5,371.5,True,
run_20260807_152050_562216,1223,41,2026-08-07T15:21:31.809,7,117.0,625.5,371.25,True,
run_20260807_152050_562216,1223,41,2026-08-07T15:21:31.809,8,95.0,647.5,371.25,True,
run_20260807_152050_562216,1223,41,2026-08-07T15:21:31.809,9,73.0,669.5,371.25,True,
run_20260807_152050_562216,1223,41,2026-08-07T15:21:31.809,10,51.0,691.5,371.25,True,
run_20260807_152050_562216,1223,41,2026-08-07T15:21:31.809,11,30.0,713.0,371.5,True,
run_20260807_152050_562216,1223,41,2026-08-07T15:21:31.809,12,8.0,736.0,372.0,True,
run_20260807_152050_562216,1253,42,2026-08-07T15:21:32.810,0,273.0,470.0,371.5,True,
run_20260807_152050_562216,1253,42,2026-08-07T15:21:32.810,1,251.0,492.0,371.5,True,
run_20260807_152050_562216,1253,42,2026-08-07T15:21:32.810,2,228.5,514.0,371.25,True,
run_20260807_152050_562216,1253,42,2026-08-07T15:21:32.810,3,206.0,536.5,371.25,True,
run_20260807_152050_562216,1253,42,2026-08-07T15:21:32.810,4,184.0,559.0,371.5,True,
run_20260807_152050_562216,1253,42,2026-08-07T15:21:32.810,5,162.0,581.0,371.5,True,
run_20260807_152050_562216,1253,42,2026-08-07T15:21:32.810,6,139.5,603.5,371.5,True,
run_20260807_152050_562216,1253,42,2026-08-07T15:21:32.810,7,117.0,625.5,371.25,True,
run_20260807_152050_562216,1253,42,2026-08-07T15:21:32.810,8,95.0,647.5,371.25,True,
run_20260807_152050_562216,1253,42,2026-08-07T15:21:32.810,9,73.0,669.5,371.25,True,
run_20260807_152050_562216,1253,42,2026-08-07T15:21:32.810,10,51.0,691.5,371.25,True,
run_20260807_152050_562216,1253,42,2026-08-07T15:21:32.810,11,30.0,713.0,371.5,True,
run_20260807_152050_562216,1253,42,2026-08-07T15:21:32.810,12,8.0,736.0,372.0,True,
run_20260807_152050_562216,1284,43,2026-08-07T15:21:33.843,0,273.0,470.0,371.5,True,
run_20260807_152050_562216,1284,43,2026-08-07T15:21:33.843,1,251.0,492.0,371.5,True,
run_20260807_152050_562216,1284,43,2026-08-07T15:21:33.843,2,228.5,514.0,371.25,True,
run_20260807_152050_562216,1284,43,2026-08-07T15:21:33.843,3,206.0,536.5,371.25,True,
run_20260807_152050_562216,1284,43,2026-08-07T15:21:33.843,4,184.0,559.0,371.5,True,
run_20260807_152050_562216,1284,43,2026-08-07T15:21:33.843,5,162.0,581.0,371.5,True,
run_20260807_152050_562216,1284,43,2026-08-07T15:21:33.843,6,139.5,603.5,371.5,True,
run_20260807_152050_562216,1284,43,2026-08-07T15:21:33.843,7,117.0,625.5,371.25,True,
run_20260807_152050_562216,1284,43,2026-08-07T15:21:33.843,8,95.0,647.5,371.25,True,
run_20260807_152050_562216,1284,43,2026-08-07T15:21:33.843,9,73.0,669.5,371.25,True,
run_20260807_152050_562216,1284,43,2026-08-07T15:21:33.843,10,51.0,691.5,371.25,True,
run_20260807_152050_562216,1284,43,2026-08-07T15:21:33.843,11,30.0,713.0,371.5,True,
run_20260807_152050_562216,1284,43,2026-08-07T15:21:33.843,12,8.0,736.0,372.0,True,
run_20260807_152050_562216,1315,44,2026-08-07T15:21:34.876,0,273.0,470.0,371.5,True,
run_20260807_152050_562216,1315,44,2026-08-07T15:21:34.876,1,251.0,492.0,371.5,True,
run_20260807_152050_562216,1315,44,2026-08-07T15:21:34.876,2,228.5,514.0,371.25,True,
run_20260807_152050_562216,1315,44,2026-08-07T15:21:34.876,3,206.0,536.5,371.25,True,
run_20260807_152050_562216,1315,44,2026-08-07T15:21:34.876,4,184.0,559.0,371.5,True,
run_20260807_152050_562216,1315,44,2026-08-07T15:21:34.876,5,162.0,581.0,371.5,True,
run_20260807_152050_562216,1315,44,2026-08-07T15:21:34.876,6,139.5,603.5,371.5,True,
run_20260807_152050_562216,1315,44,2026-08-07T15:21:34.876,7,117.0,625.5,371.25,True,
run_20260807_152050_562216,1315,44,2026-08-07T15:21:34.876,8,95.0,647.5,371.25,True,
run_20260807_152050_562216,1315,44,2026-08-07T15:21:34.876,9,73.0,669.5,371.25,True,
run_20260807_152050_562216,1315,44,2026-08-07T15:21:34.876,10,51.0,691.5,371.25,True,
run_20260807_152050_562216,1315,44,2026-08-07T15:21:34.876,11,30.0,713.0,371.5,True,
run_20260807_152050_562216,1315,44,2026-08-07T15:21:34.876,12,8.0,736.0,372.0,True,
run_20260807_152050_562216,1345,45,2026-08-07T15:21:35.877,0,273.0,470.0,371.5,True,
run_20260807_152050_562216,1345,45,2026-08-07T15:21:35.877,1,251.0,492.0,371.5,True,
run_20260807_152050_562216,1345,45,2026-08-07T15:21:35.877,2,228.5,514.0,371.25,True,
run_20260807_152050_562216,1345,45,2026-08-07T15:21:35.877,3,206.0,536.5,371.25,True,
run_20260807_152050_562216,1345,45,2026-08-07T15:21:35.877,4,184.0,559.0,371.5,True,
run_20260807_152050_562216,1345,45,2026-08-07T15:21:35.877,5,162.0,581.0,371.5,True,
run_20260807_152050_562216,1345,45,2026-08-07T15:21:35.877,6,139.5,603.5,371.5,True,
run_20260807_152050_562216,1345,45,2026-08-07T15:21:35.877,7,117.0,625.5,371.25,True,
run_20260807_152050_562216,1345,45,2026-08-07T15:21:35.877,8,95.0,647.5,371.25,True,
run_20260807_152050_562216,1345,45,2026-08-07T15:21:35.877,9,73.0,669.5,371.25,True,
run_20260807_152050_562216,1345,45,2026-08-07T15:21:35.877,10,51.0,691.5,371.25,True,
run_20260807_152050_562216,1345,45,2026-08-07T15:21:35.877,11,30.0,713.0,371.5,True,
run_20260807_152050_562216,1345,45,2026-08-07T15:21:35.877,12,8.0,736.0,372.0,True,
run_20260807_152050_562216,1376,46,2026-08-07T15:21:36.910,0,273.0,470.0,371.5,True,
run_20260807_152050_562216,1376,46,2026-08-07T15:21:36.910,1,251.0,492.0,371.5,True,
run_20260807_152050_562216,1376,46,2026-08-07T15:21:36.910,2,228.5,514.0,371.25,True,
run_20260807_152050_562216,1376,46,2026-08-07T15:21:36.910,3,206.0,536.5,371.25,True,
run_20260807_152050_562216,1376,46,2026-08-07T15:21:36.910,4,184.0,559.0,371.5,True,
run_20260807_152050_562216,1376,46,2026-08-07T15:21:36.910,5,162.0,581.0,371.5,True,
run_20260807_152050_562216,1376,46,2026-08-07T15:21:36.910,6,139.5,603.5,371.5,True,
run_20260807_152050_562216,1376,46,2026-08-07T15:21:36.910,7,117.0,625.5,371.25,True,
run_20260807_152050_562216,1376,46,2026-08-07T15:21:36.910,8,95.0,647.5,371.25,True,
run_20260807_152050_562216,1376,46,2026-08-07T15:21:36.910,9,73.0,669.5,371.25,True,
run_20260807_152050_562216,1376,46,2026-08-07T15:21:36.910,10,51.0,691.5,371.25,True,
run_20260807_152050_562216,1376,46,2026-08-07T15:21:36.910,11,30.0,713.0,371.5,True,
run_20260807_152050_562216,1376,46,2026-08-07T15:21:36.910,12,8.0,736.0,372.0,True,
run_20260807_152050_562216,1407,47,2026-08-07T15:21:37.951,0,273.0,470.0,371.5,True,
run_20260807_152050_562216,1407,47,2026-08-07T15:21:37.951,1,251.0,492.0,371.5,True,
run_20260807_152050_562216,1407,47,2026-08-07T15:21:37.951,2,228.5,514.0,371.25,True,
run_20260807_152050_562216,1407,47,2026-08-07T15:21:37.951,3,206.0,536.5,371.25,True,
run_20260807_152050_562216,1407,47,2026-08-07T15:21:37.951,4,184.0,559.0,371.5,True,
run_20260807_152050_562216,1407,47,2026-08-07T15:21:37.951,5,162.0,581.0,371.5,True,
run_20260807_152050_562216,1407,47,2026-08-07T15:21:37.951,6,139.5,603.5,371.5,True,
run_20260807_152050_562216,1407,47,2026-08-07T15:21:37.951,7,117.0,625.5,371.25,True,
run_20260807_152050_562216,1407,47,2026-08-07T15:21:37.951,8,95.0,647.5,371.25,True,
run_20260807_152050_562216,1407,47,2026-08-07T15:21:37.951,9,73.0,669.5,371.25,True,
run_20260807_152050_562216,1407,47,2026-08-07T15:21:37.951,10,51.0,691.5,371.25,True,
run_20260807_152050_562216,1407,47,2026-08-07T15:21:37.951,11,30.0,713.0,371.5,True,
run_20260807_152050_562216,1407,47,2026-08-07T15:21:37.951,12,8.0,736.0,372.0,True,
run_20260807_152050_562216,1438,48,2026-08-07T15:21:38.977,0,273.0,470.0,371.5,True,
run_20260807_152050_562216,1438,48,2026-08-07T15:21:38.977,1,251.0,492.0,371.5,True,
run_20260807_152050_562216,1438,48,2026-08-07T15:21:38.977,2,228.5,514.0,371.25,True,
run_20260807_152050_562216,1438,48,2026-08-07T15:21:38.977,3,206.0,536.5,371.25,True,
run_20260807_152050_562216,1438,48,2026-08-07T15:21:38.977,4,184.0,559.0,371.5,True,
run_20260807_152050_562216,1438,48,2026-08-07T15:21:38.977,5,162.0,581.0,371.5,True,
run_20260807_152050_562216,1438,48,2026-08-07T15:21:38.977,6,139.5,603.5,371.5,True,
run_20260807_152050_562216,1438,48,2026-08-07T15:21:38.977,7,117.0,625.5,371.25,True,
run_20260807_152050_562216,1438,48,2026-08-07T15:21:38.977,8,95.0,647.5,371.25,True,
run_20260807_152050_562216,1438,48,2026-08-07T15:21:38.977,9,73.0,669.5,371.25,True,
run_20260807_152050_562216,1438,48,2026-08-07T15:21:38.977,10,51.0,691.5,371.25,True,
run_20260807_152050_562216,1438,48,2026-08-07T15:21:38.977,11,30.0,713.0,371.5,True,
run_20260807_152050_562216,1438,48,2026-08-07T15:21:38.977,12,8.0,736.0,372.0,True,
run_20260807_152050_562216,1468,49,2026-08-07T15:21:39.977,0,273.0,470.0,371.5,True,
run_20260807_152050_562216,1468,49,2026-08-07T15:21:39.977,1,251.0,492.0,371.5,True,
run_20260807_152050_562216,1468,49,2026-08-07T15:21:39.977,2,228.5,514.0,371.25,True,
run_20260807_152050_562216,1468,49,2026-08-07T15:21:39.977,3,206.0,536.5,371.25,True,
run_20260807_152050_562216,1468,49,2026-08-07T15:21:39.977,4,184.0,559.0,371.5,True,
run_20260807_152050_562216,1468,49,2026-08-07T15:21:39.977,5,162.0,581.0,371.5,True,
run_20260807_152050_562216,1468,49,2026-08-07T15:21:39.977,6,139.5,603.5,371.5,True,
run_20260807_152050_562216,1468,49,2026-08-07T15:21:39.977,7,117.0,625.5,371.25,True,
run_20260807_152050_562216,1468,49,2026-08-07T15:21:39.977,8,95.0,647.5,371.25,True,
run_20260807_152050_562216,1468,49,2026-08-07T15:21:39.977,9,73.0,669.5,371.25,True,
run_20260807_152050_562216,1468,49,2026-08-07T15:21:39.977,10,51.0,691.5,371.25,True,
run_20260807_152050_562216,1468,49,2026-08-07T15:21:39.977,11,30.0,713.0,371.5,True,
run_20260807_152050_562216,1468,49,2026-08-07T15:21:39.977,12,8.0,736.0,372.0,True,
run_20260807_152050_562216,1499,50,2026-08-07T15:21:41.008,0,273.0,470.0,371.5,True,
run_20260807_152050_562216,1499,50,2026-08-07T15:21:41.008,1,251.0,492.0,371.5,True,
run_20260807_152050_562216,1499,50,2026-08-07T15:21:41.008,2,228.5,514.0,371.25,True,
run_20260807_152050_562216,1499,50,2026-08-07T15:21:41.008,3,206.0,536.5,371.25,True,
run_20260807_152050_562216,1499,50,2026-08-07T15:21:41.008,4,184.0,559.0,371.5,True,
run_20260807_152050_562216,1499,50,2026-08-07T15:21:41.008,5,162.0,581.0,371.5,True,
run_20260807_152050_562216,1499,50,2026-08-07T15:21:41.008,6,139.5,603.5,371.5,True,
run_20260807_152050_562216,1499,50,2026-08-07T15:21:41.008,7,117.0,625.5,371.25,True,
run_20260807_152050_562216,1499,50,2026-08-07T15:21:41.008,8,95.0,647.5,371.25,True,
run_20260807_152050_562216,1499,50,2026-08-07T15:21:41.008,9,73.0,669.5,371.25,True,
run_20260807_152050_562216,1499,50,2026-08-07T15:21:41.008,10,51.0,691.5,371.25,True,
run_20260807_152050_562216,1499,50,2026-08-07T15:21:41.008,11,30.0,713.0,371.5,True,
run_20260807_152050_562216,1499,50,2026-08-07T15:21:41.008,12,8.0,736.0,372.0,True,
run_20260807_152050_562216,1529,51,2026-08-07T15:21:42.009,0,273.0,470.0,371.5,True,
run_20260807_152050_562216,1529,51,2026-08-07T15:21:42.009,1,251.0,492.0,371.5,True,
run_20260807_152050_562216,1529,51,2026-08-07T15:21:42.009,2,228.5,514.0,371.25,True,
run_20260807_152050_562216,1529,51,2026-08-07T15:21:42.009,3,206.0,536.5,371.25,True,
run_20260807_152050_562216,1529,51,2026-08-07T15:21:42.009,4,184.0,559.0,371.5,True,
run_20260807_152050_562216,1529,51,2026-08-07T15:21:42.009,5,162.0,581.0,371.5,True,
run_20260807_152050_562216,1529,51,2026-08-07T15:21:42.009,6,139.5,603.5,371.5,True,
run_20260807_152050_562216,1529,51,2026-08-07T15:21:42.009,7,117.0,625.5,371.25,True,
run_20260807_152050_562216,1529,51,2026-08-07T15:21:42.009,8,95.0,647.5,371.25,True,
run_20260807_152050_562216,1529,51,2026-08-07T15:21:42.009,9,73.0,669.5,371.25,True,
run_20260807_152050_562216,1529,51,2026-08-07T15:21:42.009,10,51.0,691.5,371.25,True,
run_20260807_152050_562216,1529,51,2026-08-07T15:21:42.009,11,30.0,713.0,371.5,True,
run_20260807_152050_562216,1529,51,2026-08-07T15:21:42.009,12,8.0,736.0,372.0,True,
run_20260807_152050_562216,1560,52,2026-08-07T15:21:43.043,0,273.0,470.0,371.5,True,
run_20260807_152050_562216,1560,52,2026-08-07T15:21:43.043,1,251.0,492.0,371.5,True,
run_20260807_152050_562216,1560,52,2026-08-07T15:21:43.043,2,228.5,514.0,371.25,True,
run_20260807_152050_562216,1560,52,2026-08-07T15:21:43.043,3,206.0,536.5,371.25,True,
run_20260807_152050_562216,1560,52,2026-08-07T15:21:43.043,4,184.0,559.0,371.5,True,
run_20260807_152050_562216,1560,52,2026-08-07T15:21:43.043,5,162.0,581.0,371.5,True,
run_20260807_152050_562216,1560,52,2026-08-07T15:21:43.043,6,139.5,603.5,371.5,True,
run_20260807_152050_562216,1560,52,2026-08-07T15:21:43.043,7,117.0,625.5,371.25,True,
run_20260807_152050_562216,1560,52,2026-08-07T15:21:43.043,8,95.0,647.5,371.25,True,
run_20260807_152050_562216,1560,52,2026-08-07T15:21:43.043,9,73.0,669.5,371.25,True,
run_20260807_152050_562216,1560,52,2026-08-07T15:21:43.043,10,51.0,691.5,371.25,True,
run_20260807_152050_562216,1560,52,2026-08-07T15:21:43.043,11,30.0,713.0,371.5,True,
run_20260807_152050_562216,1560,52,2026-08-07T15:21:43.043,12,8.0,736.0,372.0,True,
run_20260807_152050_562216,1590,53,2026-08-07T15:21:44.050,0,273.0,470.0,371.5,True,
run_20260807_152050_562216,1590,53,2026-08-07T15:21:44.050,1,251.0,492.0,371.5,True,
run_20260807_152050_562216,1590,53,2026-08-07T15:21:44.050,2,228.5,514.0,371.25,True,
run_20260807_152050_562216,1590,53,2026-08-07T15:21:44.050,3,206.0,536.5,371.25,True,
run_20260807_152050_562216,1590,53,2026-08-07T15:21:44.050,4,184.0,559.0,371.5,True,
run_20260807_152050_562216,1590,53,2026-08-07T15:21:44.050,5,162.0,581.0,371.5,True,
run_20260807_152050_562216,1590,53,2026-08-07T15:21:44.050,6,139.5,603.5,371.5,True,
run_20260807_152050_562216,1590,53,2026-08-07T15:21:44.050,7,117.0,625.5,371.25,True,
run_20260807_152050_562216,1590,53,2026-08-07T15:21:44.050,8,95.0,647.5,371.25,True,
run_20260807_152050_562216,1590,53,2026-08-07T15:21:44.050,9,73.0,669.5,371.25,True,
run_20260807_152050_562216,1590,53,2026-08-07T15:21:44.050,10,51.0,691.5,371.25,True,
run_20260807_152050_562216,1590,53,2026-08-07T15:21:44.050,11,30.0,713.0,371.5,True,
run_20260807_152050_562216,1590,53,2026-08-07T15:21:44.050,12,8.0,736.0,372.0,True,
run_20260807_152050_562216,1621,54,2026-08-07T15:21:45.077,0,273.0,470.0,371.5,True,
run_20260807_152050_562216,1621,54,2026-08-07T15:21:45.077,1,251.0,492.0,371.5,True,
run_20260807_152050_562216,1621,54,2026-08-07T15:21:45.077,2,228.5,514.0,371.25,True,
run_20260807_152050_562216,1621,54,2026-08-07T15:21:45.077,3,206.0,536.5,371.25,True,
run_20260807_152050_562216,1621,54,2026-08-07T15:21:45.077,4,184.0,559.0,371.5,True,
run_20260807_152050_562216,1621,54,2026-08-07T15:21:45.077,5,162.0,581.0,371.5,True,
run_20260807_152050_562216,1621,54,2026-08-07T15:21:45.077,6,139.5,603.5,371.5,True,
run_20260807_152050_562216,1621,54,2026-08-07T15:21:45.077,7,117.0,625.5,371.25,True,
run_20260807_152050_562216,1621,54,2026-08-07T15:21:45.077,8,95.0,647.5,371.25,True,
run_20260807_152050_562216,1621,54,2026-08-07T15:21:45.077,9,73.0,669.5,371.25,True,
run_20260807_152050_562216,1621,54,2026-08-07T15:21:45.077,10,51.0,691.5,371.25,True,
run_20260807_152050_562216,1621,54,2026-08-07T15:21:45.077,11,30.0,713.0,371.5,True,
run_20260807_152050_562216,1621,54,2026-08-07T15:21:45.077,12,8.0,736.0,372.0,True,
run_20260807_152050_562216,1652,55,2026-08-07T15:21:46.110,0,273.0,470.0,371.5,True,
run_20260807_152050_562216,1652,55,2026-08-07T15:21:46.110,1,251.0,492.0,371.5,True,
run_20260807_152050_562216,1652,55,2026-08-07T15:21:46.110,2,228.5,514.0,371.25,True,
run_20260807_152050_562216,1652,55,2026-08-07T15:21:46.110,3,206.0,536.5,371.25,True,
run_20260807_152050_562216,1652,55,2026-08-07T15:21:46.110,4,184.0,559.0,371.5,True,
run_20260807_152050_562216,1652,55,2026-08-07T15:21:46.110,5,162.0,581.0,371.5,True,
run_20260807_152050_562216,1652,55,2026-08-07T15:21:46.110,6,139.5,603.5,371.5,True,
run_20260807_152050_562216,1652,55,2026-08-07T15:21:46.110,7,117.0,625.5,371.25,True,
run_20260807_152050_562216,1652,55,2026-08-07T15:21:46.110,8,95.0,647.5,371.25,True,
run_20260807_152050_562216,1652,55,2026-08-07T15:21:46.110,9,73.0,669.5,371.25,True,
run_20260807_152050_562216,1652,55,2026-08-07T15:21:46.110,10,51.0,691.5,371.25,True,
run_20260807_152050_562216,1652,55,2026-08-07T15:21:46.110,11,30.0,713.0,371.5,True,
run_20260807_152050_562216,1652,55,2026-08-07T15:21:46.110,12,8.0,736.0,372.0,True,
run_20260807_152050_562216,1683,56,2026-08-07T15:21:47.142,0,273.0,470.0,371.5,True,
run_20260807_152050_562216,1683,56,2026-08-07T15:21:47.142,1,251.0,492.0,371.5,True,
run_20260807_152050_562216,1683,56,2026-08-07T15:21:47.142,2,228.5,514.0,371.25,True,
run_20260807_152050_562216,1683,56,2026-08-07T15:21:47.142,3,206.0,536.5,371.25,True,
run_20260807_152050_562216,1683,56,2026-08-07T15:21:47.142,4,184.0,559.0,371.5,True,
run_20260807_152050_562216,1683,56,2026-08-07T15:21:47.142,5,162.0,581.0,371.5,True,
run_20260807_152050_562216,1683,56,2026-08-07T15:21:47.142,6,139.5,603.5,371.5,True,
run_20260807_152050_562216,1683,56,2026-08-07T15:21:47.142,7,117.0,625.5,371.25,True,
run_20260807_152050_562216,1683,56,2026-08-07T15:21:47.142,8,95.0,647.5,371.25,True,
run_20260807_152050_562216,1683,56,2026-08-07T15:21:47.142,9,73.0,669.5,371.25,True,
run_20260807_152050_562216,1683,56,2026-08-07T15:21:47.142,10,51.0,691.5,371.25,True,
run_20260807_152050_562216,1683,56,2026-08-07T15:21:47.142,11,30.0,713.0,371.5,True,
run_20260807_152050_562216,1683,56,2026-08-07T15:21:47.142,12,8.0,736.0,372.0,True,
run_20260807_152050_562216,1713,57,2026-08-07T15:21:48.144,0,273.0,470.0,371.5,True,
run_20260807_152050_562216,1713,57,2026-08-07T15:21:48.144,1,251.0,492.0,371.5,True,
run_20260807_152050_562216,1713,57,2026-08-07T15:21:48.144,2,228.5,514.0,371.25,True,
run_20260807_152050_562216,1713,57,2026-08-07T15:21:48.144,3,206.0,536.5,371.25,True,
run_20260807_152050_562216,1713,57,2026-08-07T15:21:48.144,4,184.0,559.0,371.5,True,
run_20260807_152050_562216,1713,57,2026-08-07T15:21:48.144,5,162.0,581.0,371.5,True,
run_20260807_152050_562216,1713,57,2026-08-07T15:21:48.144,6,139.5,603.5,371.5,True,
run_20260807_152050_562216,1713,57,2026-08-07T15:21:48.144,7,117.0,625.5,371.25,True,
run_20260807_152050_562216,1713,57,2026-08-07T15:21:48.144,8,95.0,647.5,371.25,True,
run_20260807_152050_562216,1713,57,2026-08-07T15:21:48.144,9,73.0,669.5,371.25,True,
run_20260807_152050_562216,1713,57,2026-08-07T15:21:48.144,10,51.0,691.5,371.25,True,
run_20260807_152050_562216,1713,57,2026-08-07T15:21:48.144,11,30.0,713.0,371.5,True,
run_20260807_152050_562216,1713,57,2026-08-07T15:21:48.144,12,8.0,736.0,372.0,True,
run_20260807_152050_562216,1744,58,2026-08-07T15:21:49.177,0,273.0,470.0,371.5,True,
run_20260807_152050_562216,1744,58,2026-08-07T15:21:49.177,1,251.0,492.0,371.5,True,
run_20260807_152050_562216,1744,58,2026-08-07T15:21:49.177,2,228.5,514.0,371.25,True,
run_20260807_152050_562216,1744,58,2026-08-07T15:21:49.177,3,206.0,536.5,371.25,True,
run_20260807_152050_562216,1744,58,2026-08-07T15:21:49.177,4,184.0,559.0,371.5,True,
run_20260807_152050_562216,1744,58,2026-08-07T15:21:49.177,5,162.0,581.0,371.5,True,
run_20260807_152050_562216,1744,58,2026-08-07T15:21:49.177,6,139.5,603.5,371.5,True,
run_20260807_152050_562216,1744,58,2026-08-07T15:21:49.177,7,117.0,625.5,371.25,True,
run_20260807_152050_562216,1744,58,2026-08-07T15:21:49.177,8,95.0,647.5,371.25,True,
run_20260807_152050_562216,1744,58,2026-08-07T15:21:49.177,9,73.0,669.5,371.25,True,
run_20260807_152050_562216,1744,58,2026-08-07T15:21:49.177,10,51.0,691.5,371.25,True,
run_20260807_152050_562216,1744,58,2026-08-07T15:21:49.177,11,30.0,713.0,371.5,True,
run_20260807_152050_562216,1744,58,2026-08-07T15:21:49.177,12,8.0,736.0,372.0,True,
run_20260807_152050_562216,1774,59,2026-08-07T15:21:50.184,0,273.0,470.0,371.5,True,
run_20260807_152050_562216,1774,59,2026-08-07T15:21:50.184,1,251.0,492.0,371.5,True,
run_20260807_152050_562216,1774,59,2026-08-07T15:21:50.184,2,228.5,514.0,371.25,True,
run_20260807_152050_562216,1774,59,2026-08-07T15:21:50.184,3,206.0,536.5,371.25,True,
run_20260807_152050_562216,1774,59,2026-08-07T15:21:50.184,4,184.0,559.0,371.5,True,
run_20260807_152050_562216,1774,59,2026-08-07T15:21:50.184,5,162.0,581.0,371.5,True,
run_20260807_152050_562216,1774,59,2026-08-07T15:21:50.184,6,139.5,603.5,371.5,True,
run_20260807_152050_562216,1774,59,2026-08-07T15:21:50.184,7,117.0,626.0,371.5,True,
run_20260807_152050_562216,1774,59,2026-08-07T15:21:50.184,8,95.0,647.5,371.25,True,
run_20260807_152050_562216,1774,59,2026-08-07T15:21:50.184,9,73.0,669.5,371.25,True,
run_20260807_152050_562216,1774,59,2026-08-07T15:21:50.184,10,51.0,691.5,371.25,True,
run_20260807_152050_562216,1774,59,2026-08-07T15:21:50.184,11,30.0,712.875,371.4375,True,
run_20260807_152050_562216,1774,59,2026-08-07T15:21:50.184,12,8.0,736.0,372.0,True,
run_20260807_152050_562216,1805,60,2026-08-07T15:21:51.210,0,273.0,470.0,371.5,True,
run_20260807_152050_562216,1805,60,2026-08-07T15:21:51.210,1,250.57894736842104,492.0,371.2894736842105,True,
run_20260807_152050_562216,1805,60,2026-08-07T15:21:51.210,2,228.125,514.0,371.0625,True,
run_20260807_152050_562216,1805,60,2026-08-07T15:21:51.210,3,206.0,536.5,371.25,True,
run_20260807_152050_562216,1805,60,2026-08-07T15:21:51.210,4,184.0,558.5,371.25,True,
run_20260807_152050_562216,1805,60,2026-08-07T15:21:51.210,5,162.0,581.0,371.5,True,
run_20260807_152050_562216,1805,60,2026-08-07T15:21:51.210,6,139.5,603.5,371.5,True,
run_20260807_152050_562216,1805,60,2026-08-07T15:21:51.210,7,117.0,626.0,371.5,True,
run_20260807_152050_562216,1805,60,2026-08-07T15:21:51.210,8,95.0,647.5,371.25,True,
run_20260807_152050_562216,1805,60,2026-08-07T15:21:51.210,9,73.0,669.5,371.25,True,
run_20260807_152050_562216,1805,60,2026-08-07T15:21:51.210,10,51.0,691.5,371.25,True,
run_20260807_152050_562216,1805,60,2026-08-07T15:21:51.210,11,30.0,712.5,371.25,True,
run_20260807_152050_562216,1805,60,2026-08-07T15:21:51.210,12,8.0,736.0,372.0,True,
run_20260807_152050_562216,1836,61,2026-08-07T15:21:52.243,0,273.0,470.0,371.5,True,
run_20260807_152050_562216,1836,61,2026-08-07T15:21:52.243,1,251.0,492.0,371.5,True,
run_20260807_152050_562216,1836,61,2026-08-07T15:21:52.243,2,228.125,514.0,371.0625,True,
run_20260807_152050_562216,1836,61,2026-08-07T15:21:52.243,3,206.0,536.5,371.25,True,
run_20260807_152050_562216,1836,61,2026-08-07T15:21:52.243,4,184.0,558.5,371.25,True,
run_20260807_152050_562216,1836,61,2026-08-07T15:21:52.243,5,162.0,581.0,371.5,True,
run_20260807_152050_562216,1836,61,2026-08-07T15:21:52.243,6,139.5,603.5,371.5,True,
run_20260807_152050_562216,1836,61,2026-08-07T15:21:52.243,7,117.0,626.0,371.5,True,
run_20260807_152050_562216,1836,61,2026-08-07T15:21:52.243,8,95.0,647.5,371.25,True,
run_20260807_152050_562216,1836,61,2026-08-07T15:21:52.243,9,73.0,669.5,371.25,True,
run_20260807_152050_562216,1836,61,2026-08-07T15:21:52.243,10,51.0,691.5,371.25,True,
run_20260807_152050_562216,1836,61,2026-08-07T15:21:52.243,11,30.0,712.5,371.25,True,
run_20260807_152050_562216,1836,61,2026-08-07T15:21:52.243,12,8.0,736.0,372.0,True,
run_20260807_152050_562216,1867,62,2026-08-07T15:21:53.275,0,273.0,470.0,371.5,True,
run_20260807_152050_562216,1867,62,2026-08-07T15:21:53.275,1,250.5,492.0,371.25,True,
run_20260807_152050_562216,1867,62,2026-08-07T15:21:53.275,2,228.0,514.0,371.0,True,
run_20260807_152050_562216,1867,62,2026-08-07T15:21:53.275,3,206.0,536.5,371.25,True,
run_20260807_152050_562216,1867,62,2026-08-07T15:21:53.275,4,184.0,558.5,371.25,True,
run_20260807_152050_562216,1867,62,2026-08-07T15:21:53.275,5,162.0,581.0,371.5,True,
run_20260807_152050_562216,1867,62,2026-08-07T15:21:53.275,6,139.5,603.5,371.5,True,
run_20260807_152050_562216,1867,62,2026-08-07T15:21:53.275,7,117.0,626.0,371.5,True,
run_20260807_152050_562216,1867,62,2026-08-07T15:21:53.275,8,95.0,647.5,371.25,True,
run_20260807_152050_562216,1867,62,2026-08-07T15:21:53.275,9,73.0,669.5,371.25,True,
run_20260807_152050_562216,1867,62,2026-08-07T15:21:53.275,10,51.0,691.5,371.25,True,
run_20260807_152050_562216,1867,62,2026-08-07T15:21:53.275,11,30.0,712.5,371.25,True,
run_20260807_152050_562216,1867,62,2026-08-07T15:21:53.275,12,8.0,736.0,372.0,True,
run_20260807_152050_562216,1897,63,2026-08-07T15:21:54.277,0,273.0,470.0,371.5,True,
run_20260807_152050_562216,1897,63,2026-08-07T15:21:54.277,1,250.5,492.0,371.25,True,
run_20260807_152050_562216,1897,63,2026-08-07T15:21:54.277,2,228.0,514.0,371.0,True,
run_20260807_152050_562216,1897,63,2026-08-07T15:21:54.277,3,206.0,536.5,371.25,True,
run_20260807_152050_562216,1897,63,2026-08-07T15:21:54.277,4,184.0,558.5,371.25,True,
run_20260807_152050_562216,1897,63,2026-08-07T15:21:54.277,5,162.0,581.0,371.5,True,
run_20260807_152050_562216,1897,63,2026-08-07T15:21:54.277,6,139.5,603.5,371.5,True,
run_20260807_152050_562216,1897,63,2026-08-07T15:21:54.277,7,117.0,626.0,371.5,True,
run_20260807_152050_562216,1897,63,2026-08-07T15:21:54.277,8,95.0,647.5,371.25,True,
run_20260807_152050_562216,1897,63,2026-08-07T15:21:54.277,9,73.0,669.5,371.25,True,
run_20260807_152050_562216,1897,63,2026-08-07T15:21:54.277,10,51.0,691.5,371.25,True,
run_20260807_152050_562216,1897,63,2026-08-07T15:21:54.277,11,30.0,712.5,371.25,True,
run_20260807_152050_562216,1897,63,2026-08-07T15:21:54.277,12,8.0,736.0,372.0,True,
run_20260807_152050_562216,1927,64,2026-08-07T15:21:55.278,0,273.0,470.0,371.5,True,
run_20260807_152050_562216,1927,64,2026-08-07T15:21:55.278,1,250.5,492.0,371.25,True,
run_20260807_152050_562216,1927,64,2026-08-07T15:21:55.278,2,228.0,514.0,371.0,True,
run_20260807_152050_562216,1927,64,2026-08-07T15:21:55.278,3,206.0,536.5,371.25,True,
run_20260807_152050_562216,1927,64,2026-08-07T15:21:55.278,4,184.0,558.5,371.25,True,
run_20260807_152050_562216,1927,64,2026-08-07T15:21:55.278,5,162.0,581.0,371.5,True,
run_20260807_152050_562216,1927,64,2026-08-07T15:21:55.278,6,139.5,603.5,371.5,True,
run_20260807_152050_562216,1927,64,2026-08-07T15:21:55.278,7,117.0,626.0,371.5,True,
run_20260807_152050_562216,1927,64,2026-08-07T15:21:55.278,8,95.0,647.5,371.25,True,
run_20260807_152050_562216,1927,64,2026-08-07T15:21:55.278,9,73.0,669.5,371.25,True,
run_20260807_152050_562216,1927,64,2026-08-07T15:21:55.278,10,51.0,691.5,371.25,True,
run_20260807_152050_562216,1927,64,2026-08-07T15:21:55.278,11,30.0,712.5,371.25,True,
run_20260807_152050_562216,1927,64,2026-08-07T15:21:55.278,12,8.0,736.0,372.0,True,
run_20260807_152050_562216,1958,65,2026-08-07T15:21:56.309,0,273.0,470.0,371.5,True,
run_20260807_152050_562216,1958,65,2026-08-07T15:21:56.309,1,250.5,492.0,371.25,True,
run_20260807_152050_562216,1958,65,2026-08-07T15:21:56.309,2,228.0,514.0,371.0,True,
run_20260807_152050_562216,1958,65,2026-08-07T15:21:56.309,3,206.0,536.5,371.25,True,
run_20260807_152050_562216,1958,65,2026-08-07T15:21:56.309,4,184.0,559.0,371.5,True,
run_20260807_152050_562216,1958,65,2026-08-07T15:21:56.309,5,162.0,581.0,371.5,True,
run_20260807_152050_562216,1958,65,2026-08-07T15:21:56.309,6,139.5,603.5,371.5,True,
run_20260807_152050_562216,1958,65,2026-08-07T15:21:56.309,7,117.0,626.0,371.5,True,
run_20260807_152050_562216,1958,65,2026-08-07T15:21:56.309,8,95.0,647.5,371.25,True,
run_20260807_152050_562216,1958,65,2026-08-07T15:21:56.309,9,73.0,669.5,371.25,True,
run_20260807_152050_562216,1958,65,2026-08-07T15:21:56.309,10,51.0,691.5,371.25,True,
run_20260807_152050_562216,1958,65,2026-08-07T15:21:56.309,11,30.0,712.5,371.25,True,
run_20260807_152050_562216,1958,65,2026-08-07T15:21:56.309,12,8.0,736.0,372.0,True,
run_20260807_152050_562216,1988,66,2026-08-07T15:21:57.309,0,273.0,470.0,371.5,True,
run_20260807_152050_562216,1988,66,2026-08-07T15:21:57.309,1,251.0,492.0,371.5,True,
run_20260807_152050_562216,1988,66,2026-08-07T15:21:57.309,2,228.0,514.0,371.0,True,
run_20260807_152050_562216,1988,66,2026-08-07T15:21:57.309,3,206.0,536.5,371.25,True,
run_20260807_152050_562216,1988,66,2026-08-07T15:21:57.309,4,184.0,558.5,371.25,True,
run_20260807_152050_562216,1988,66,2026-08-07T15:21:57.309,5,162.0,581.421052631579,371.7105263157895,True,
run_20260807_152050_562216,1988,66,2026-08-07T15:21:57.309,6,139.5,603.5,371.5,True,
run_20260807_152050_562216,1988,66,2026-08-07T15:21:57.309,7,117.0,626.0,371.5,True,
run_20260807_152050_562216,1988,66,2026-08-07T15:21:57.309,8,95.0,647.5,371.25,True,
run_20260807_152050_562216,1988,66,2026-08-07T15:21:57.309,9,73.0,669.5,371.25,True,
run_20260807_152050_562216,1988,66,2026-08-07T15:21:57.309,10,51.0,691.5,371.25,True,
run_20260807_152050_562216,1988,66,2026-08-07T15:21:57.309,11,30.0,712.5,371.25,True,
run_20260807_152050_562216,1988,66,2026-08-07T15:21:57.309,12,8.0,736.0,372.0,True,
run_20260807_152050_562216,2019,67,2026-08-07T15:21:58.342,0,273.0,470.0,371.5,True,
run_20260807_152050_562216,2019,67,2026-08-07T15:21:58.342,1,251.0,492.0,371.5,True,
run_20260807_152050_562216,2019,67,2026-08-07T15:21:58.342,2,228.5,514.0,371.25,True,
run_20260807_152050_562216,2019,67,2026-08-07T15:21:58.342,3,206.0,536.5,371.25,True,
run_20260807_152050_562216,2019,67,2026-08-07T15:21:58.342,4,184.0,559.0,371.5,True,
run_20260807_152050_562216,2019,67,2026-08-07T15:21:58.342,5,162.0,581.0,371.5,True,
run_20260807_152050_562216,2019,67,2026-08-07T15:21:58.342,6,139.5,603.5,371.5,True,
run_20260807_152050_562216,2019,67,2026-08-07T15:21:58.342,7,117.0,625.5,371.25,True,
run_20260807_152050_562216,2019,67,2026-08-07T15:21:58.342,8,95.0,647.5,371.25,True,
run_20260807_152050_562216,2019,67,2026-08-07T15:21:58.342,9,73.0,669.5,371.25,True,
run_20260807_152050_562216,2019,67,2026-08-07T15:21:58.342,10,51.0,691.5,371.25,True,
run_20260807_152050_562216,2019,67,2026-08-07T15:21:58.342,11,30.0,713.0,371.5,True,
run_20260807_152050_562216,2019,67,2026-08-07T15:21:58.342,12,8.0,736.0,372.0,True,
run_20260807_152050_562216,2049,68,2026-08-07T15:21:59.344,0,273.0,470.0,371.5,True,
run_20260807_152050_562216,2049,68,2026-08-07T15:21:59.344,1,251.0,492.0,371.5,True,
run_20260807_152050_562216,2049,68,2026-08-07T15:21:59.344,2,228.5,514.0,371.25,True,
run_20260807_152050_562216,2049,68,2026-08-07T15:21:59.344,3,206.0,536.5,371.25,True,
run_20260807_152050_562216,2049,68,2026-08-07T15:21:59.344,4,184.0,559.0,371.5,True,
run_20260807_152050_562216,2049,68,2026-08-07T15:21:59.344,5,162.0,581.0,371.5,True,
run_20260807_152050_562216,2049,68,2026-08-07T15:21:59.344,6,139.5,603.5,371.5,True,
run_20260807_152050_562216,2049,68,2026-08-07T15:21:59.344,7,117.0,625.5,371.25,True,
run_20260807_152050_562216,2049,68,2026-08-07T15:21:59.344,8,95.0,647.5,371.25,True,
run_20260807_152050_562216,2049,68,2026-08-07T15:21:59.344,9,73.0,669.5,371.25,True,
run_20260807_152050_562216,2049,68,2026-08-07T15:21:59.344,10,51.0,691.5,371.25,True,
run_20260807_152050_562216,2049,68,2026-08-07T15:21:59.344,11,30.0,713.0,371.5,True,
run_20260807_152050_562216,2049,68,2026-08-07T15:21:59.344,12,8.0,736.0,372.0,True,
run_20260807_152050_562216,2080,69,2026-08-07T15:22:00.378,0,273.0,470.0,371.5,True,
run_20260807_152050_562216,2080,69,2026-08-07T15:22:00.378,1,250.5,492.0,371.25,True,
run_20260807_152050_562216,2080,69,2026-08-07T15:22:00.378,2,228.5,514.0,371.25,True,
run_20260807_152050_562216,2080,69,2026-08-07T15:22:00.378,3,206.0,536.5,371.25,True,
run_20260807_152050_562216,2080,69,2026-08-07T15:22:00.378,4,184.0,558.5,371.25,True,
run_20260807_152050_562216,2080,69,2026-08-07T15:22:00.378,5,162.0,581.5,371.75,True,
run_20260807_152050_562216,2080,69,2026-08-07T15:22:00.378,6,139.5,603.5,371.5,True,
run_20260807_152050_562216,2080,69,2026-08-07T15:22:00.378,7,117.0,626.0,371.5,True,
run_20260807_152050_562216,2080,69,2026-08-07T15:22:00.378,8,95.0,648.0,371.5,True,
run_20260807_152050_562216,2080,69,2026-08-07T15:22:00.378,9,73.0,670.0,371.5,True,
run_20260807_152050_562216,2080,69,2026-08-07T15:22:00.378,10,51.5,691.1739130434783,371.3369565217391,True,
run_20260807_152050_562216,2080,69,2026-08-07T15:22:00.378,11,29.57894736842105,712.5,371.0394736842105,True,
run_20260807_152050_562216,2080,69,2026-08-07T15:22:00.378,12,8.0,736.0,372.0,True,
run_20260807_152050_562216,2111,70,2026-08-07T15:22:01.409,0,273.0,470.0,371.5,True,
run_20260807_152050_562216,2111,70,2026-08-07T15:22:01.409,1,251.0,492.0,371.5,True,
run_20260807_152050_562216,2111,70,2026-08-07T15:22:01.409,2,228.5,514.0,371.25,True,
run_20260807_152050_562216,2111,70,2026-08-07T15:22:01.409,3,206.0,536.5,371.25,True,
run_20260807_152050_562216,2111,70,2026-08-07T15:22:01.409,4,184.0,559.0,371.5,True,
run_20260807_152050_562216,2111,70,2026-08-07T15:22:01.409,5,162.0,581.0,371.5,True,
run_20260807_152050_562216,2111,70,2026-08-07T15:22:01.409,6,139.5,603.5,371.5,True,
run_20260807_152050_562216,2111,70,2026-08-07T15:22:01.409,7,117.0,625.5,371.25,True,
run_20260807_152050_562216,2111,70,2026-08-07T15:22:01.409,8,95.0,647.5,371.25,True,
run_20260807_152050_562216,2111,70,2026-08-07T15:22:01.409,9,73.0,669.5,371.25,True,
run_20260807_152050_562216,2111,70,2026-08-07T15:22:01.409,10,51.0,691.5,371.25,True,
run_20260807_152050_562216,2111,70,2026-08-07T15:22:01.409,11,30.0,713.0,371.5,True,
run_20260807_152050_562216,2111,70,2026-08-07T15:22:01.409,12,8.0,736.0,372.0,True,
run_20260807_152050_562216,2141,71,2026-08-07T15:22:02.415,0,273.0,469.5,371.25,True,
run_20260807_152050_562216,2141,71,2026-08-07T15:22:02.415,1,250.5,492.0,371.25,True,
run_20260807_152050_562216,2141,71,2026-08-07T15:22:02.415,2,228.5,514.5,371.5,True,
run_20260807_152050_562216,2141,71,2026-08-07T15:22:02.415,3,206.5,536.5,371.5,True,
run_20260807_152050_562216,2141,71,2026-08-07T15:22:02.415,4,184.0,559.0,371.5,True,
run_20260807_152050_562216,2141,71,2026-08-07T15:22:02.415,5,161.5,581.5,371.5,True,
run_20260807_152050_562216,2141,71,2026-08-07T15:22:02.415,6,139.0,603.5,371.25,True,
run_20260807_152050_562216,2141,71,2026-08-07T15:22:02.415,7,117.0,627.0,372.0,True,
run_20260807_152050_562216,2141,71,2026-08-07T15:22:02.415,8,95.0,648.5,371.75,True,
run_20260807_152050_562216,2141,71,2026-08-07T15:22:02.415,9,73.5,670.0882352941177,371.79411764705884,True,
run_20260807_152050_562216,2141,71,2026-08-07T15:22:02.415,10,51.5,692.0,371.75,True,
run_20260807_152050_562216,2141,71,2026-08-07T15:22:02.415,11,29.5,713.0,371.25,True,
run_20260807_152050_562216,2141,71,2026-08-07T15:22:02.415,12,8.0,736.0,372.0,True,
run_20260807_152050_562216,2172,72,2026-08-07T15:22:03.444,0,273.0,470.0,371.5,True,
run_20260807_152050_562216,2172,72,2026-08-07T15:22:03.444,1,250.5,492.0,371.25,True,
run_20260807_152050_562216,2172,72,2026-08-07T15:22:03.444,2,228.5,514.0,371.25,True,
run_20260807_152050_562216,2172,72,2026-08-07T15:22:03.444,3,206.0,536.5,371.25,True,
run_20260807_152050_562216,2172,72,2026-08-07T15:22:03.444,4,184.0,558.5,371.25,True,
run_20260807_152050_562216,2172,72,2026-08-07T15:22:03.444,5,162.0,581.5,371.75,True,
run_20260807_152050_562216,2172,72,2026-08-07T15:22:03.444,6,139.5,603.5,371.5,True,
run_20260807_152050_562216,2172,72,2026-08-07T15:22:03.444,7,117.0,626.0,371.5,True,
run_20260807_152050_562216,2172,72,2026-08-07T15:22:03.444,8,95.0,647.5,371.25,True,
run_20260807_152050_562216,2172,72,2026-08-07T15:22:03.444,9,73.0,670.0,371.5,True,
run_20260807_152050_562216,2172,72,2026-08-07T15:22:03.444,10,51.5,691.5,371.5,True,
run_20260807_152050_562216,2172,72,2026-08-07T15:22:03.444,11,30.0,712.5,371.25,True,
run_20260807_152050_562216,2172,72,2026-08-07T15:22:03.444,12,8.0,736.0,372.0,True,
run_20260807_152050_562216,2203,73,2026-08-07T15:22:04.475,0,273.0,470.0,371.5,True,
run_20260807_152050_562216,2203,73,2026-08-07T15:22:04.475,1,251.0,492.0,371.5,True,
run_20260807_152050_562216,2203,73,2026-08-07T15:22:04.475,2,228.5,514.0,371.25,True,
run_20260807_152050_562216,2203,73,2026-08-07T15:22:04.475,3,206.0,536.5,371.25,True,
run_20260807_152050_562216,2203,73,2026-08-07T15:22:04.475,4,184.0,559.0,371.5,True,
run_20260807_152050_562216,2203,73,2026-08-07T15:22:04.475,5,162.0,581.0,371.5,True,
run_20260807_152050_562216,2203,73,2026-08-07T15:22:04.475,6,139.5,603.5,371.5,True,
run_20260807_152050_562216,2203,73,2026-08-07T15:22:04.475,7,117.0,625.5,371.25,True,
run_20260807_152050_562216,2203,73,2026-08-07T15:22:04.475,8,95.0,647.5,371.25,True,
run_20260807_152050_562216,2203,73,2026-08-07T15:22:04.475,9,73.0,669.5,371.25,True,
run_20260807_152050_562216,2203,73,2026-08-07T15:22:04.475,10,51.0,691.5,371.25,True,
run_20260807_152050_562216,2203,73,2026-08-07T15:22:04.475,11,30.0,713.0,371.5,True,
run_20260807_152050_562216,2203,73,2026-08-07T15:22:04.475,12,8.0,736.0,372.0,True,
run_20260807_152050_562216,2233,74,2026-08-07T15:22:05.476,0,273.0,470.0,371.5,True,
run_20260807_152050_562216,2233,74,2026-08-07T15:22:05.476,1,251.0,492.0,371.5,True,
run_20260807_152050_562216,2233,74,2026-08-07T15:22:05.476,2,228.5,514.0,371.25,True,
run_20260807_152050_562216,2233,74,2026-08-07T15:22:05.476,3,206.0,536.5,371.25,True,
run_20260807_152050_562216,2233,74,2026-08-07T15:22:05.476,4,184.0,559.0,371.5,True,
run_20260807_152050_562216,2233,74,2026-08-07T15:22:05.476,5,162.0,581.0,371.5,True,
run_20260807_152050_562216,2233,74,2026-08-07T15:22:05.476,6,139.5,603.5,371.5,True,
run_20260807_152050_562216,2233,74,2026-08-07T15:22:05.476,7,117.0,625.5,371.25,True,
run_20260807_152050_562216,2233,74,2026-08-07T15:22:05.476,8,95.0,647.5,371.25,True,
run_20260807_152050_562216,2233,74,2026-08-07T15:22:05.476,9,73.0,669.5,371.25,True,
run_20260807_152050_562216,2233,74,2026-08-07T15:22:05.476,10,51.0,691.5,371.25,True,
run_20260807_152050_562216,2233,74,2026-08-07T15:22:05.476,11,30.0,713.0,371.5,True,
run_20260807_152050_562216,2233,74,2026-08-07T15:22:05.476,12,8.0,736.0,372.0,True,
run_20260807_152050_562216,2264,75,2026-08-07T15:22:06.504,0,272.6363636363636,470.0,371.3181818181818,True,
run_20260807_152050_562216,2264,75,2026-08-07T15:22:06.504,1,250.5,492.0,371.25,True,
run_20260807_152050_562216,2264,75,2026-08-07T15:22:06.504,2,228.5,514.5,371.5,True,
run_20260807_152050_562216,2264,75,2026-08-07T15:22:06.504,3,206.5,536.5,371.5,True,
run_20260807_152050_562216,2264,75,2026-08-07T15:22:06.504,4,183.5,558.5,371.0,True,
run_20260807_152050_562216,2264,75,2026-08-07T15:22:06.504,5,161.5,581.0,371.25,True,
run_20260807_152050_562216,2264,75,2026-08-07T15:22:06.504,6,139.5,603.5,371.5,True,
run_20260807_152050_562216,2264,75,2026-08-07T15:22:06.504,7,117.5,625.5,371.5,True,
run_20260807_152050_562216,2264,75,2026-08-07T15:22:06.504,8,95.5,647.5,371.5,True,
run_20260807_152050_562216,2264,75,2026-08-07T15:22:06.504,9,73.5,669.5,371.5,True,
run_20260807_152050_562216,2264,75,2026-08-07T15:22:06.504,10,51.5,691.0,371.25,True,
run_20260807_152050_562216,2264,75,2026-08-07T15:22:06.504,11,29.5,712.5,371.0,True,
run_20260807_152050_562216,2264,75,2026-08-07T15:22:06.504,12,8.0,736.5,372.25,True,
run_20260807_152050_562216,2295,76,2026-08-07T15:22:07.533,0,272.5,470.0,371.25,True,
run_20260807_152050_562216,2295,76,2026-08-07T15:22:07.533,1,250.5,492.0,371.25,True,
run_20260807_152050_562216,2295,76,2026-08-07T15:22:07.533,2,228.5,514.5,371.5,True,
run_20260807_152050_562216,2295,76,2026-08-07T15:22:07.533,3,206.5,536.5,371.5,True,
run_20260807_152050_562216,2295,76,2026-08-07T15:22:07.533,4,183.5,558.5,371.0,True,
run_20260807_152050_562216,2295,76,2026-08-07T15:22:07.533,5,161.5,581.5,371.5,True,
run_20260807_152050_562216,2295,76,2026-08-07T15:22:07.533,6,139.5,603.5,371.5,True,
run_20260807_152050_562216,2295,76,2026-08-07T15:22:07.533,7,117.5,625.5,371.5,True,
run_20260807_152050_562216,2295,76,2026-08-07T15:22:07.533,8,95.5,647.5,371.5,True,
run_20260807_152050_562216,2295,76,2026-08-07T15:22:07.533,9,73.5,669.5,371.5,True,
run_20260807_152050_562216,2295,76,2026-08-07T15:22:07.533,10,51.5,691.0,371.25,True,
run_20260807_152050_562216,2295,76,2026-08-07T15:22:07.533,11,29.5,712.5,371.0,True,
run_20260807_152050_562216,2295,76,2026-08-07T15:22:07.533,12,8.0,734.0,371.0,True,
run_20260807_152050_562216,2325,77,2026-08-07T15:22:08.535,0,272.5,470.0,371.25,True,
run_20260807_152050_562216,2325,77,2026-08-07T15:22:08.535,1,250.5,492.0,371.25,True,
run_20260807_152050_562216,2325,77,2026-08-07T15:22:08.535,2,228.5,514.5,371.5,True,
run_20260807_152050_562216,2325,77,2026-08-07T15:22:08.535,3,206.5,536.5,371.5,True,
run_20260807_152050_562216,2325,77,2026-08-07T15:22:08.535,4,183.5,558.5,371.0,True,
run_20260807_152050_562216,2325,77,2026-08-07T15:22:08.535,5,161.5,581.5,371.5,True,
run_20260807_152050_562216,2325,77,2026-08-07T15:22:08.535,6,139.5,603.5,371.5,True,
run_20260807_152050_562216,2325,77,2026-08-07T15:22:08.535,7,117.5,625.5,371.5,True,
run_20260807_152050_562216,2325,77,2026-08-07T15:22:08.535,8,95.5,647.5,371.5,True,
run_20260807_152050_562216,2325,77,2026-08-07T15:22:08.535,9,73.5,669.5,371.5,True,
run_20260807_152050_562216,2325,77,2026-08-07T15:22:08.535,10,51.5,691.0,371.25,True,
run_20260807_152050_562216,2325,77,2026-08-07T15:22:08.535,11,29.5,712.5,371.0,True,
run_20260807_152050_562216,2325,77,2026-08-07T15:22:08.535,12,8.0,734.0,371.0,True,
run_20260807_152050_562216,2356,78,2026-08-07T15:22:09.569,0,272.5,470.0,371.25,True,
run_20260807_152050_562216,2356,78,2026-08-07T15:22:09.569,1,250.5,492.0,371.25,True,
run_20260807_152050_562216,2356,78,2026-08-07T15:22:09.569,2,228.5,514.5,371.5,True,
run_20260807_152050_562216,2356,78,2026-08-07T15:22:09.569,3,206.5,536.5,371.5,True,
run_20260807_152050_562216,2356,78,2026-08-07T15:22:09.569,4,183.5,558.5,371.0,True,
run_20260807_152050_562216,2356,78,2026-08-07T15:22:09.569,5,161.5,581.5,371.5,True,
run_20260807_152050_562216,2356,78,2026-08-07T15:22:09.569,6,139.5,603.5,371.5,True,
run_20260807_152050_562216,2356,78,2026-08-07T15:22:09.569,7,117.5,625.5,371.5,True,
run_20260807_152050_562216,2356,78,2026-08-07T15:22:09.569,8,95.5,647.5,371.5,True,
run_20260807_152050_562216,2356,78,2026-08-07T15:22:09.569,9,73.5,669.5,371.5,True,
run_20260807_152050_562216,2356,78,2026-08-07T15:22:09.569,10,51.5,691.0,371.25,True,
run_20260807_152050_562216,2356,78,2026-08-07T15:22:09.569,11,29.5,712.5,371.0,True,
run_20260807_152050_562216,2356,78,2026-08-07T15:22:09.569,12,8.0,734.0,371.0,True,
run_20260807_152050_562216,2387,79,2026-08-07T15:22:10.601,0,273.0,470.0,371.5,True,
run_20260807_152050_562216,2387,79,2026-08-07T15:22:10.601,1,250.5,492.0,371.25,True,
run_20260807_152050_562216,2387,79,2026-08-07T15:22:10.601,2,228.5,514.5,371.5,True,
run_20260807_152050_562216,2387,79,2026-08-07T15:22:10.601,3,206.5,536.5,371.5,True,
run_20260807_152050_562216,2387,79,2026-08-07T15:22:10.601,4,184.0,559.0,371.5,True,
run_20260807_152050_562216,2387,79,2026-08-07T15:22:10.601,5,161.5,581.0,371.25,True,
run_20260807_152050_562216,2387,79,2026-08-07T15:22:10.601,6,139.5,603.5,371.5,True,
run_20260807_152050_562216,2387,79,2026-08-07T15:22:10.601,7,117.5,625.5,371.5,True,
run_20260807_152050_562216,2387,79,2026-08-07T15:22:10.601,8,95.5,647.5,371.5,True,
run_20260807_152050_562216,2387,79,2026-08-07T15:22:10.601,9,73.5,669.5,371.5,True,
run_20260807_152050_562216,2387,79,2026-08-07T15:22:10.601,10,51.5,691.5,371.5,True,
run_20260807_152050_562216,2387,79,2026-08-07T15:22:10.601,11,29.5,712.5,371.0,True,
run_20260807_152050_562216,2387,79,2026-08-07T15:22:10.601,12,8.0,736.5,372.25,True,
run_20260807_152050_562216,2417,80,2026-08-07T15:22:11.602,0,273.0,470.0,371.5,True,
run_20260807_152050_562216,2417,80,2026-08-07T15:22:11.602,1,250.5,492.0,371.25,True,
run_20260807_152050_562216,2417,80,2026-08-07T15:22:11.602,2,228.5,514.5,371.5,True,
run_20260807_152050_562216,2417,80,2026-08-07T15:22:11.602,3,206.5,536.5,371.5,True,
run_20260807_152050_562216,2417,80,2026-08-07T15:22:11.602,4,184.0,559.0,371.5,True,
run_20260807_152050_562216,2417,80,2026-08-07T15:22:11.602,5,161.5,581.0,371.25,True,
run_20260807_152050_562216,2417,80,2026-08-07T15:22:11.602,6,139.5,603.5,371.5,True,
run_20260807_152050_562216,2417,80,2026-08-07T15:22:11.602,7,117.5,625.5,371.5,True,
run_20260807_152050_562216,2417,80,2026-08-07T15:22:11.602,8,95.5,647.5,371.5,True,
run_20260807_152050_562216,2417,80,2026-08-07T15:22:11.602,9,73.5,669.5,371.5,True,
run_20260807_152050_562216,2417,80,2026-08-07T15:22:11.602,10,51.5,691.5,371.5,True,
run_20260807_152050_562216,2417,80,2026-08-07T15:22:11.602,11,29.5,712.5,371.0,True,
run_20260807_152050_562216,2417,80,2026-08-07T15:22:11.602,12,8.0,736.5,372.25,True,
run_20260807_152050_562216,2447,81,2026-08-07T15:22:12.603,0,272.5,470.0,371.25,True,
run_20260807_152050_562216,2447,81,2026-08-07T15:22:12.603,1,250.5,492.0,371.25,True,
run_20260807_152050_562216,2447,81,2026-08-07T15:22:12.603,2,228.5,514.5,371.5,True,
run_20260807_152050_562216,2447,81,2026-08-07T15:22:12.603,3,206.5,536.5,371.5,True,
run_20260807_152050_562216,2447,81,2026-08-07T15:22:12.603,4,183.5,558.5,371.0,True,
run_20260807_152050_562216,2447,81,2026-08-07T15:22:12.603,5,161.5,581.5,371.5,True,
run_20260807_152050_562216,2447,81,2026-08-07T15:22:12.603,6,139.5,603.5,371.5,True,
run_20260807_152050_562216,2447,81,2026-08-07T15:22:12.603,7,117.5,625.5,371.5,True,
run_20260807_152050_562216,2447,81,2026-08-07T15:22:12.603,8,95.5,647.5,371.5,True,
run_20260807_152050_562216,2447,81,2026-08-07T15:22:12.603,9,73.5,669.5,371.5,True,
run_20260807_152050_562216,2447,81,2026-08-07T15:22:12.603,10,51.5,691.0,371.25,True,
run_20260807_152050_562216,2447,81,2026-08-07T15:22:12.603,11,29.5,712.5,371.0,True,
run_20260807_152050_562216,2447,81,2026-08-07T15:22:12.603,12,8.0,734.0,371.0,True,
run_20260807_152050_562216,2477,82,2026-08-07T15:22:13.604,0,312.5,470.0,391.25,True,
run_20260807_152050_562216,2477,82,2026-08-07T15:22:13.604,1,272.5,492.0,382.25,True,
run_20260807_152050_562216,2477,82,2026-08-07T15:22:13.604,2,250.5,514.5,382.5,True,
run_20260807_152050_562216,2477,82,2026-08-07T15:22:13.604,3,228.5,536.5,382.5,True,
run_20260807_152050_562216,2477,82,2026-08-07T15:22:13.604,4,206.5,558.5,382.5,True,
run_20260807_152050_562216,2477,82,2026-08-07T15:22:13.604,5,183.5,581.5,382.5,True,
run_20260807_152050_562216,2477,82,2026-08-07T15:22:13.604,6,161.5,603.5,382.5,True,
run_20260807_152050_562216,2477,82,2026-08-07T15:22:13.604,7,139.5,625.5,382.5,True,
run_20260807_152050_562216,2477,82,2026-08-07T15:22:13.604,8,117.5,647.5,382.5,True,
run_20260807_152050_562216,2477,82,2026-08-07T15:22:13.604,9,95.5,669.5,382.5,True,
run_20260807_152050_562216,2477,82,2026-08-07T15:22:13.604,10,73.5,691.0,382.25,True,
run_20260807_152050_562216,2477,82,2026-08-07T15:22:13.604,11,51.5,712.5,382.0,True,
run_20260807_152050_562216,2477,82,2026-08-07T15:22:13.604,12,29.5,734.0,381.75,True,
run_20260807_152050_562216,2508,83,2026-08-07T15:22:14.637,0,312.5,470.0,391.25,True,
run_20260807_152050_562216,2508,83,2026-08-07T15:22:14.637,1,272.5,492.0,382.25,True,
run_20260807_152050_562216,2508,83,2026-08-07T15:22:14.637,2,250.5,514.5,382.5,True,
run_20260807_152050_562216,2508,83,2026-08-07T15:22:14.637,3,228.5,536.5,382.5,True,
run_20260807_152050_562216,2508,83,2026-08-07T15:22:14.637,4,206.5,558.5,382.5,True,
run_20260807_152050_562216,2508,83,2026-08-07T15:22:14.637,5,183.5,581.5,382.5,True,
run_20260807_152050_562216,2508,83,2026-08-07T15:22:14.637,6,161.5,603.5,382.5,True,
run_20260807_152050_562216,2508,83,2026-08-07T15:22:14.637,7,139.5,625.5,382.5,True,
run_20260807_152050_562216,2508,83,2026-08-07T15:22:14.637,8,117.5,647.5,382.5,True,
run_20260807_152050_562216,2508,83,2026-08-07T15:22:14.637,9,95.5,669.5,382.5,True,
run_20260807_152050_562216,2508,83,2026-08-07T15:22:14.637,10,73.5,691.0,382.25,True,
run_20260807_152050_562216,2508,83,2026-08-07T15:22:14.637,11,51.5,712.5,382.0,True,
run_20260807_152050_562216,2508,83,2026-08-07T15:22:14.637,12,29.5,734.0,381.75,True,
run_20260807_152050_562216,2539,84,2026-08-07T15:22:15.671,0,312.5,470.0,391.25,True,
run_20260807_152050_562216,2539,84,2026-08-07T15:22:15.671,1,272.5,492.0,382.25,True,
run_20260807_152050_562216,2539,84,2026-08-07T15:22:15.671,2,250.5,514.5,382.5,True,
run_20260807_152050_562216,2539,84,2026-08-07T15:22:15.671,3,228.5,536.5,382.5,True,
run_20260807_152050_562216,2539,84,2026-08-07T15:22:15.671,4,206.5,558.5,382.5,True,
run_20260807_152050_562216,2539,84,2026-08-07T15:22:15.671,5,183.5,581.5,382.5,True,
run_20260807_152050_562216,2539,84,2026-08-07T15:22:15.671,6,161.5,603.5,382.5,True,
run_20260807_152050_562216,2539,84,2026-08-07T15:22:15.671,7,139.5,625.5,382.5,True,
run_20260807_152050_562216,2539,84,2026-08-07T15:22:15.671,8,117.5,647.5,382.5,True,
run_20260807_152050_562216,2539,84,2026-08-07T15:22:15.671,9,95.5,669.5,382.5,True,
run_20260807_152050_562216,2539,84,2026-08-07T15:22:15.671,10,73.5,691.0,382.25,True,
run_20260807_152050_562216,2539,84,2026-08-07T15:22:15.671,11,51.5,712.5,382.0,True,
run_20260807_152050_562216,2539,84,2026-08-07T15:22:15.671,12,29.5,734.0,381.75,True,
run_20260807_152050_562216,2570,85,2026-08-07T15:22:16.703,0,312.5,470.0,391.25,True,
run_20260807_152050_562216,2570,85,2026-08-07T15:22:16.703,1,272.5,492.0,382.25,True,
run_20260807_152050_562216,2570,85,2026-08-07T15:22:16.703,2,250.5,514.5,382.5,True,
run_20260807_152050_562216,2570,85,2026-08-07T15:22:16.703,3,228.5,536.5,382.5,True,
run_20260807_152050_562216,2570,85,2026-08-07T15:22:16.703,4,206.5,558.5,382.5,True,
run_20260807_152050_562216,2570,85,2026-08-07T15:22:16.703,5,183.5,581.5,382.5,True,
run_20260807_152050_562216,2570,85,2026-08-07T15:22:16.703,6,161.5,603.5,382.5,True,
run_20260807_152050_562216,2570,85,2026-08-07T15:22:16.703,7,139.5,625.5,382.5,True,
run_20260807_152050_562216,2570,85,2026-08-07T15:22:16.703,8,117.5,647.5,382.5,True,
run_20260807_152050_562216,2570,85,2026-08-07T15:22:16.703,9,95.5,669.5,382.5,True,
run_20260807_152050_562216,2570,85,2026-08-07T15:22:16.703,10,73.5,691.0,382.25,True,
run_20260807_152050_562216,2570,85,2026-08-07T15:22:16.703,11,51.5,712.5,382.0,True,
run_20260807_152050_562216,2570,85,2026-08-07T15:22:16.703,12,29.5,734.0,381.75,True,
run_20260807_152050_562216,2600,86,2026-08-07T15:22:17.704,0,312.5,470.0,391.25,True,
run_20260807_152050_562216,2600,86,2026-08-07T15:22:17.704,1,272.5,492.0,382.25,True,
run_20260807_152050_562216,2600,86,2026-08-07T15:22:17.704,2,250.5,514.5,382.5,True,
run_20260807_152050_562216,2600,86,2026-08-07T15:22:17.704,3,228.5,536.5,382.5,True,
run_20260807_152050_562216,2600,86,2026-08-07T15:22:17.704,4,206.5,558.5,382.5,True,
run_20260807_152050_562216,2600,86,2026-08-07T15:22:17.704,5,183.5,581.5,382.5,True,
run_20260807_152050_562216,2600,86,2026-08-07T15:22:17.704,6,161.5,603.5,382.5,True,
run_20260807_152050_562216,2600,86,2026-08-07T15:22:17.704,7,139.5,625.5,382.5,True,
run_20260807_152050_562216,2600,86,2026-08-07T15:22:17.704,8,117.5,647.5,382.5,True,
run_20260807_152050_562216,2600,86,2026-08-07T15:22:17.704,9,95.5,669.5,382.5,True,
run_20260807_152050_562216,2600,86,2026-08-07T15:22:17.704,10,73.5,691.0,382.25,True,
run_20260807_152050_562216,2600,86,2026-08-07T15:22:17.704,11,51.5,712.5,382.0,True,
run_20260807_152050_562216,2600,86,2026-08-07T15:22:17.704,12,29.5,734.0,381.75,True,
run_20260807_152050_562216,2631,87,2026-08-07T15:22:18.736,0,312.5,470.0,391.25,True,
run_20260807_152050_562216,2631,87,2026-08-07T15:22:18.736,1,272.5,492.0,382.25,True,
run_20260807_152050_562216,2631,87,2026-08-07T15:22:18.736,2,250.5,514.5,382.5,True,
run_20260807_152050_562216,2631,87,2026-08-07T15:22:18.736,3,228.5,536.5,382.5,True,
run_20260807_152050_562216,2631,87,2026-08-07T15:22:18.736,4,206.5,558.5,382.5,True,
run_20260807_152050_562216,2631,87,2026-08-07T15:22:18.736,5,183.5,581.5,382.5,True,
run_20260807_152050_562216,2631,87,2026-08-07T15:22:18.736,6,161.5,603.5,382.5,True,
run_20260807_152050_562216,2631,87,2026-08-07T15:22:18.736,7,139.5,625.5,382.5,True,
run_20260807_152050_562216,2631,87,2026-08-07T15:22:18.736,8,117.5,647.5,382.5,True,
run_20260807_152050_562216,2631,87,2026-08-07T15:22:18.736,9,95.5,669.5,382.5,True,
run_20260807_152050_562216,2631,87,2026-08-07T15:22:18.736,10,73.5,691.0,382.25,True,
run_20260807_152050_562216,2631,87,2026-08-07T15:22:18.736,11,51.5,712.5,382.0,True,
run_20260807_152050_562216,2631,87,2026-08-07T15:22:18.736,12,29.5,734.0,381.75,True,
run_20260807_152050_562216,2661,88,2026-08-07T15:22:19.737,0,312.5,470.0,391.25,True,
run_20260807_152050_562216,2661,88,2026-08-07T15:22:19.737,1,272.5,492.0,382.25,True,
run_20260807_152050_562216,2661,88,2026-08-07T15:22:19.737,2,250.5,514.5,382.5,True,
run_20260807_152050_562216,2661,88,2026-08-07T15:22:19.737,3,228.5,536.5,382.5,True,
run_20260807_152050_562216,2661,88,2026-08-07T15:22:19.737,4,206.5,558.5,382.5,True,
run_20260807_152050_562216,2661,88,2026-08-07T15:22:19.737,5,183.5,581.5,382.5,True,
run_20260807_152050_562216,2661,88,2026-08-07T15:22:19.737,6,161.5,603.5,382.5,True,
run_20260807_152050_562216,2661,88,2026-08-07T15:22:19.737,7,139.5,625.5,382.5,True,
run_20260807_152050_562216,2661,88,2026-08-07T15:22:19.737,8,117.5,647.5,382.5,True,
run_20260807_152050_562216,2661,88,2026-08-07T15:22:19.737,9,95.5,669.5,382.5,True,
run_20260807_152050_562216,2661,88,2026-08-07T15:22:19.737,10,73.5,691.0,382.25,True,
run_20260807_152050_562216,2661,88,2026-08-07T15:22:19.737,11,51.5,712.5,382.0,True,
run_20260807_152050_562216,2661,88,2026-08-07T15:22:19.737,12,29.5,734.0,381.75,True,
run_20260807_152050_562216,2692,89,2026-08-07T15:22:20.770,0,312.5,470.0,391.25,True,
run_20260807_152050_562216,2692,89,2026-08-07T15:22:20.770,1,272.5,492.0,382.25,True,
run_20260807_152050_562216,2692,89,2026-08-07T15:22:20.770,2,250.5,514.5,382.5,True,
run_20260807_152050_562216,2692,89,2026-08-07T15:22:20.770,3,228.5,536.5,382.5,True,
run_20260807_152050_562216,2692,89,2026-08-07T15:22:20.770,4,206.5,558.5,382.5,True,
run_20260807_152050_562216,2692,89,2026-08-07T15:22:20.770,5,183.5,581.5,382.5,True,
run_20260807_152050_562216,2692,89,2026-08-07T15:22:20.770,6,161.5,603.5,382.5,True,
run_20260807_152050_562216,2692,89,2026-08-07T15:22:20.770,7,139.5,625.5,382.5,True,
run_20260807_152050_562216,2692,89,2026-08-07T15:22:20.770,8,117.5,647.5,382.5,True,
run_20260807_152050_562216,2692,89,2026-08-07T15:22:20.770,9,95.5,669.5,382.5,True,
run_20260807_152050_562216,2692,89,2026-08-07T15:22:20.770,10,73.5,691.0,382.25,True,
run_20260807_152050_562216,2692,89,2026-08-07T15:22:20.770,11,51.5,712.5,382.0,True,
run_20260807_152050_562216,2692,89,2026-08-07T15:22:20.770,12,29.5,734.0,381.75,True,
run_20260807_152050_562216,2722,90,2026-08-07T15:22:21.770,0,312.5,470.0,391.25,True,
run_20260807_152050_562216,2722,90,2026-08-07T15:22:21.770,1,272.5,492.0,382.25,True,
run_20260807_152050_562216,2722,90,2026-08-07T15:22:21.770,2,250.5,514.5,382.5,True,
run_20260807_152050_562216,2722,90,2026-08-07T15:22:21.770,3,228.5,536.5,382.5,True,
run_20260807_152050_562216,2722,90,2026-08-07T15:22:21.770,4,206.5,558.5,382.5,True,
run_20260807_152050_562216,2722,90,2026-08-07T15:22:21.770,5,183.5,581.5,382.5,True,
run_20260807_152050_562216,2722,90,2026-08-07T15:22:21.770,6,161.5,603.5,382.5,True,
run_20260807_152050_562216,2722,90,2026-08-07T15:22:21.770,7,139.5,625.5,382.5,True,
run_20260807_152050_562216,2722,90,2026-08-07T15:22:21.770,8,117.5,647.5,382.5,True,
run_20260807_152050_562216,2722,90,2026-08-07T15:22:21.770,9,95.5,669.5,382.5,True,
run_20260807_152050_562216,2722,90,2026-08-07T15:22:21.770,10,73.5,691.0,382.25,True,
run_20260807_152050_562216,2722,90,2026-08-07T15:22:21.770,11,51.5,712.5,382.0,True,
run_20260807_152050_562216,2722,90,2026-08-07T15:22:21.770,12,29.5,734.0,381.75,True,
run_20260807_152050_562216,2753,91,2026-08-07T15:22:22.804,0,312.5,470.0,391.25,True,
run_20260807_152050_562216,2753,91,2026-08-07T15:22:22.804,1,272.5,492.0,382.25,True,
run_20260807_152050_562216,2753,91,2026-08-07T15:22:22.804,2,250.5,514.5,382.5,True,
run_20260807_152050_562216,2753,91,2026-08-07T15:22:22.804,3,228.5,536.5,382.5,True,
run_20260807_152050_562216,2753,91,2026-08-07T15:22:22.804,4,206.5,558.5,382.5,True,
run_20260807_152050_562216,2753,91,2026-08-07T15:22:22.804,5,183.5,581.5,382.5,True,
run_20260807_152050_562216,2753,91,2026-08-07T15:22:22.804,6,161.5,603.5,382.5,True,
run_20260807_152050_562216,2753,91,2026-08-07T15:22:22.804,7,139.5,625.5,382.5,True,
run_20260807_152050_562216,2753,91,2026-08-07T15:22:22.804,8,117.5,647.5,382.5,True,
run_20260807_152050_562216,2753,91,2026-08-07T15:22:22.804,9,95.5,669.5,382.5,True,
run_20260807_152050_562216,2753,91,2026-08-07T15:22:22.804,10,73.5,691.0,382.25,True,
run_20260807_152050_562216,2753,91,2026-08-07T15:22:22.804,11,51.5,712.5,382.0,True,
run_20260807_152050_562216,2753,91,2026-08-07T15:22:22.804,12,29.5,734.0,381.75,True,
run_20260807_152050_562216,2784,92,2026-08-07T15:22:23.837,0,312.5,470.0,391.25,True,
run_20260807_152050_562216,2784,92,2026-08-07T15:22:23.837,1,272.5,492.0,382.25,True,
run_20260807_152050_562216,2784,92,2026-08-07T15:22:23.837,2,250.5,514.5,382.5,True,
run_20260807_152050_562216,2784,92,2026-08-07T15:22:23.837,3,228.5,536.5,382.5,True,
run_20260807_152050_562216,2784,92,2026-08-07T15:22:23.837,4,206.5,558.5,382.5,True,
run_20260807_152050_562216,2784,92,2026-08-07T15:22:23.837,5,183.5,581.5,382.5,True,
run_20260807_152050_562216,2784,92,2026-08-07T15:22:23.837,6,161.5,603.5,382.5,True,
run_20260807_152050_562216,2784,92,2026-08-07T15:22:23.837,7,139.5,625.5,382.5,True,
run_20260807_152050_562216,2784,92,2026-08-07T15:22:23.837,8,117.5,647.5,382.5,True,
run_20260807_152050_562216,2784,92,2026-08-07T15:22:23.837,9,95.5,669.5,382.5,True,
run_20260807_152050_562216,2784,92,2026-08-07T15:22:23.837,10,73.5,691.0,382.25,True,
run_20260807_152050_562216,2784,92,2026-08-07T15:22:23.837,11,51.5,712.5,382.0,True,
run_20260807_152050_562216,2784,92,2026-08-07T15:22:23.837,12,29.5,734.0,381.75,True,
run_20260807_152050_562216,2815,93,2026-08-07T15:22:24.870,0,312.5,470.0,391.25,True,
run_20260807_152050_562216,2815,93,2026-08-07T15:22:24.870,1,272.5,492.0,382.25,True,
run_20260807_152050_562216,2815,93,2026-08-07T15:22:24.870,2,250.5,514.5,382.5,True,
run_20260807_152050_562216,2815,93,2026-08-07T15:22:24.870,3,228.5,536.5,382.5,True,
run_20260807_152050_562216,2815,93,2026-08-07T15:22:24.870,4,206.5,558.5,382.5,True,
run_20260807_152050_562216,2815,93,2026-08-07T15:22:24.870,5,183.5,581.5,382.5,True,
run_20260807_152050_562216,2815,93,2026-08-07T15:22:24.870,6,161.5,603.5,382.5,True,
run_20260807_152050_562216,2815,93,2026-08-07T15:22:24.870,7,139.5,625.5,382.5,True,
run_20260807_152050_562216,2815,93,2026-08-07T15:22:24.870,8,117.5,647.5,382.5,True,
run_20260807_152050_562216,2815,93,2026-08-07T15:22:24.870,9,95.5,669.5,382.5,True,
run_20260807_152050_562216,2815,93,2026-08-07T15:22:24.870,10,73.5,691.0,382.25,True,
run_20260807_152050_562216,2815,93,2026-08-07T15:22:24.870,11,51.5,712.5,382.0,True,
run_20260807_152050_562216,2815,93,2026-08-07T15:22:24.870,12,29.5,734.0,381.75,True,
run_20260807_152050_562216,2846,94,2026-08-07T15:22:25.903,0,272.5,470.0,371.25,True,
run_20260807_152050_562216,2846,94,2026-08-07T15:22:25.903,1,250.5,492.0,371.25,True,
run_20260807_152050_562216,2846,94,2026-08-07T15:22:25.903,2,228.5,514.5,371.5,True,
run_20260807_152050_562216,2846,94,2026-08-07T15:22:25.903,3,206.5,536.5,371.5,True,
run_20260807_152050_562216,2846,94,2026-08-07T15:22:25.903,4,183.5,558.5,371.0,True,
run_20260807_152050_562216,2846,94,2026-08-07T15:22:25.903,5,161.5,581.5,371.5,True,
run_20260807_152050_562216,2846,94,2026-08-07T15:22:25.903,6,139.5,603.5,371.5,True,
run_20260807_152050_562216,2846,94,2026-08-07T15:22:25.903,7,117.5,625.5,371.5,True,
run_20260807_152050_562216,2846,94,2026-08-07T15:22:25.903,8,95.5,647.5,371.5,True,
run_20260807_152050_562216,2846,94,2026-08-07T15:22:25.903,9,73.5,669.5,371.5,True,
run_20260807_152050_562216,2846,94,2026-08-07T15:22:25.903,10,51.5,691.0,371.25,True,
run_20260807_152050_562216,2846,94,2026-08-07T15:22:25.903,11,29.5,712.5,371.0,True,
run_20260807_152050_562216,2846,94,2026-08-07T15:22:25.903,12,8.0,734.0,371.0,True,
run_20260807_152050_562216,2876,95,2026-08-07T15:22:26.904,0,312.5,470.0,391.25,True,
run_20260807_152050_562216,2876,95,2026-08-07T15:22:26.904,1,272.5,492.0,382.25,True,
run_20260807_152050_562216,2876,95,2026-08-07T15:22:26.904,2,250.5,514.5,382.5,True,
run_20260807_152050_562216,2876,95,2026-08-07T15:22:26.904,3,228.5,536.5,382.5,True,
run_20260807_152050_562216,2876,95,2026-08-07T15:22:26.904,4,206.5,558.5,382.5,True,
run_20260807_152050_562216,2876,95,2026-08-07T15:22:26.904,5,183.5,581.5,382.5,True,
run_20260807_152050_562216,2876,95,2026-08-07T15:22:26.904,6,161.5,603.5,382.5,True,
run_20260807_152050_562216,2876,95,2026-08-07T15:22:26.904,7,139.5,625.5,382.5,True,
run_20260807_152050_562216,2876,95,2026-08-07T15:22:26.904,8,117.5,647.5,382.5,True,
run_20260807_152050_562216,2876,95,2026-08-07T15:22:26.904,9,95.5,669.5,382.5,True,
run_20260807_152050_562216,2876,95,2026-08-07T15:22:26.904,10,73.5,691.0,382.25,True,
run_20260807_152050_562216,2876,95,2026-08-07T15:22:26.904,11,51.5,712.5,382.0,True,
run_20260807_152050_562216,2876,95,2026-08-07T15:22:26.904,12,29.5,734.0,381.75,True,
run_20260807_152050_562216,2907,96,2026-08-07T15:22:27.936,0,312.5,470.0,391.25,True,
run_20260807_152050_562216,2907,96,2026-08-07T15:22:27.936,1,272.5,492.0,382.25,True,
run_20260807_152050_562216,2907,96,2026-08-07T15:22:27.936,2,250.5,514.5,382.5,True,
run_20260807_152050_562216,2907,96,2026-08-07T15:22:27.936,3,228.5,536.5,382.5,True,
run_20260807_152050_562216,2907,96,2026-08-07T15:22:27.936,4,206.5,558.5,382.5,True,
run_20260807_152050_562216,2907,96,2026-08-07T15:22:27.936,5,183.5,581.5,382.5,True,
run_20260807_152050_562216,2907,96,2026-08-07T15:22:27.936,6,161.5,603.5,382.5,True,
run_20260807_152050_562216,2907,96,2026-08-07T15:22:27.936,7,139.5,625.5,382.5,True,
run_20260807_152050_562216,2907,96,2026-08-07T15:22:27.936,8,117.5,647.5,382.5,True,
run_20260807_152050_562216,2907,96,2026-08-07T15:22:27.936,9,95.5,669.5,382.5,True,
run_20260807_152050_562216,2907,96,2026-08-07T15:22:27.936,10,73.5,691.0,382.25,True,
run_20260807_152050_562216,2907,96,2026-08-07T15:22:27.936,11,51.5,712.5,382.0,True,
run_20260807_152050_562216,2907,96,2026-08-07T15:22:27.936,12,29.5,734.0,381.75,True,
run_20260807_152050_562216,2937,97,2026-08-07T15:22:28.937,0,312.5,470.0,391.25,True,
run_20260807_152050_562216,2937,97,2026-08-07T15:22:28.937,1,272.5,492.0,382.25,True,
run_20260807_152050_562216,2937,97,2026-08-07T15:22:28.937,2,250.5,514.5,382.5,True,
run_20260807_152050_562216,2937,97,2026-08-07T15:22:28.937,3,228.5,536.5,382.5,True,
run_20260807_152050_562216,2937,97,2026-08-07T15:22:28.937,4,206.5,558.5,382.5,True,
run_20260807_152050_562216,2937,97,2026-08-07T15:22:28.937,5,183.5,581.5,382.5,True,
run_20260807_152050_562216,2937,97,2026-08-07T15:22:28.937,6,161.5,603.5,382.5,True,
run_20260807_152050_562216,2937,97,2026-08-07T15:22:28.937,7,139.5,625.5,382.5,True,
run_20260807_152050_562216,2937,97,2026-08-07T15:22:28.937,8,117.5,647.5,382.5,True,
run_20260807_152050_562216,2937,97,2026-08-07T15:22:28.937,9,95.5,669.5,382.5,True,
run_20260807_152050_562216,2937,97,2026-08-07T15:22:28.937,10,73.5,691.0,382.25,True,
run_20260807_152050_562216,2937,97,2026-08-07T15:22:28.937,11,51.5,712.5,382.0,True,
run_20260807_152050_562216,2937,97,2026-08-07T15:22:28.937,12,29.5,734.0,381.75,True,
run_20260807_152050_562216,2968,98,2026-08-07T15:22:29.970,0,312.5,470.0,391.25,True,
run_20260807_152050_562216,2968,98,2026-08-07T15:22:29.970,1,272.5,492.0,382.25,True,
run_20260807_152050_562216,2968,98,2026-08-07T15:22:29.970,2,250.5,514.5,382.5,True,
run_20260807_152050_562216,2968,98,2026-08-07T15:22:29.970,3,228.5,536.5,382.5,True,
run_20260807_152050_562216,2968,98,2026-08-07T15:22:29.970,4,206.5,558.5,382.5,True,
run_20260807_152050_562216,2968,98,2026-08-07T15:22:29.970,5,183.5,581.5,382.5,True,
run_20260807_152050_562216,2968,98,2026-08-07T15:22:29.970,6,161.5,603.5,382.5,True,
run_20260807_152050_562216,2968,98,2026-08-07T15:22:29.970,7,139.5,625.5,382.5,True,
run_20260807_152050_562216,2968,98,2026-08-07T15:22:29.970,8,117.5,647.5,382.5,True,
run_20260807_152050_562216,2968,98,2026-08-07T15:22:29.970,9,95.5,669.5,382.5,True,
run_20260807_152050_562216,2968,98,2026-08-07T15:22:29.970,10,73.5,691.0,382.25,True,
run_20260807_152050_562216,2968,98,2026-08-07T15:22:29.970,11,51.5,712.5,382.0,True,
run_20260807_152050_562216,2968,98,2026-08-07T15:22:29.970,12,29.5,734.0,381.75,True,
run_20260807_152050_562216,2999,99,2026-08-07T15:22:31.003,0,312.5,470.0,391.25,True,
run_20260807_152050_562216,2999,99,2026-08-07T15:22:31.003,1,272.5,492.0,382.25,True,
run_20260807_152050_562216,2999,99,2026-08-07T15:22:31.003,2,250.5,514.5,382.5,True,
run_20260807_152050_562216,2999,99,2026-08-07T15:22:31.003,3,228.5,536.5,382.5,True,
run_20260807_152050_562216,2999,99,2026-08-07T15:22:31.003,4,206.5,558.5,382.5,True,
run_20260807_152050_562216,2999,99,2026-08-07T15:22:31.003,5,183.5,581.5,382.5,True,
run_20260807_152050_562216,2999,99,2026-08-07T15:22:31.003,6,161.5,603.5,382.5,True,
run_20260807_152050_562216,2999,99,2026-08-07T15:22:31.003,7,139.5,625.5,382.5,True,
run_20260807_152050_562216,2999,99,2026-08-07T15:22:31.003,8,117.5,647.5,382.5,True,
run_20260807_152050_562216,2999,99,2026-08-07T15:22:31.003,9,95.5,669.5,382.5,True,
run_20260807_152050_562216,2999,99,2026-08-07T15:22:31.003,10,73.5,691.0,382.25,True,
run_20260807_152050_562216,2999,99,2026-08-07T15:22:31.003,11,51.5,712.5,382.0,True,
run_20260807_152050_562216,2999,99,2026-08-07T15:22:31.003,12,29.5,734.0,381.75,True,
run_20260807_152050_562216,3029,100,2026-08-07T15:22:32.004,0,312.5,470.0,391.25,True,
run_20260807_152050_562216,3029,100,2026-08-07T15:22:32.004,1,272.5,492.0,382.25,True,
run_20260807_152050_562216,3029,100,2026-08-07T15:22:32.004,2,250.5,514.5,382.5,True,
run_20260807_152050_562216,3029,100,2026-08-07T15:22:32.004,3,228.5,536.5,382.5,True,
run_20260807_152050_562216,3029,100,2026-08-07T15:22:32.004,4,206.5,558.5,382.5,True,
run_20260807_152050_562216,3029,100,2026-08-07T15:22:32.004,5,183.5,581.5,382.5,True,
run_20260807_152050_562216,3029,100,2026-08-07T15:22:32.004,6,161.5,603.5,382.5,True,
run_20260807_152050_562216,3029,100,2026-08-07T15:22:32.004,7,139.5,625.5,382.5,True,
run_20260807_152050_562216,3029,100,2026-08-07T15:22:32.004,8,117.5,647.5,382.5,True,
run_20260807_152050_562216,3029,100,2026-08-07T15:22:32.004,9,95.5,669.5,382.5,True,
run_20260807_152050_562216,3029,100,2026-08-07T15:22:32.004,10,73.5,691.0,382.25,True,
run_20260807_152050_562216,3029,100,2026-08-07T15:22:32.004,11,51.5,712.5,382.0,True,
run_20260807_152050_562216,3029,100,2026-08-07T15:22:32.004,12,29.5,734.0,381.75,True,
run_20260807_152050_562216,3060,101,2026-08-07T15:22:33.037,0,312.5,470.0,391.25,True,
run_20260807_152050_562216,3060,101,2026-08-07T15:22:33.037,1,272.5,492.0,382.25,True,
run_20260807_152050_562216,3060,101,2026-08-07T15:22:33.037,2,250.5,514.5,382.5,True,
run_20260807_152050_562216,3060,101,2026-08-07T15:22:33.037,3,228.5,536.5,382.5,True,
run_20260807_152050_562216,3060,101,2026-08-07T15:22:33.037,4,206.5,558.5,382.5,True,
run_20260807_152050_562216,3060,101,2026-08-07T15:22:33.037,5,183.5,581.5,382.5,True,
run_20260807_152050_562216,3060,101,2026-08-07T15:22:33.037,6,161.5,603.5,382.5,True,
run_20260807_152050_562216,3060,101,2026-08-07T15:22:33.037,7,139.5,625.5,382.5,True,
run_20260807_152050_562216,3060,101,2026-08-07T15:22:33.037,8,117.5,647.5,382.5,True,
run_20260807_152050_562216,3060,101,2026-08-07T15:22:33.037,9,95.5,669.5,382.5,True,
run_20260807_152050_562216,3060,101,2026-08-07T15:22:33.037,10,73.5,691.0,382.25,True,
run_20260807_152050_562216,3060,101,2026-08-07T15:22:33.037,11,51.5,712.5,382.0,True,
run_20260807_152050_562216,3060,101,2026-08-07T15:22:33.037,12,29.5,734.0,381.75,True,
run_20260807_152050_562216,3091,102,2026-08-07T15:22:34.070,0,312.5,470.0,391.25,True,
run_20260807_152050_562216,3091,102,2026-08-07T15:22:34.070,1,272.5,492.0,382.25,True,
run_20260807_152050_562216,3091,102,2026-08-07T15:22:34.070,2,250.5,514.5,382.5,True,
run_20260807_152050_562216,3091,102,2026-08-07T15:22:34.070,3,228.5,536.5,382.5,True,
run_20260807_152050_562216,3091,102,2026-08-07T15:22:34.070,4,206.5,558.5,382.5,True,
run_20260807_152050_562216,3091,102,2026-08-07T15:22:34.070,5,183.5,581.5,382.5,True,
run_20260807_152050_562216,3091,102,2026-08-07T15:22:34.070,6,161.5,603.5,382.5,True,
run_20260807_152050_562216,3091,102,2026-08-07T15:22:34.070,7,139.5,625.5,382.5,True,
run_20260807_152050_562216,3091,102,2026-08-07T15:22:34.070,8,117.5,647.5,382.5,True,
run_20260807_152050_562216,3091,102,2026-08-07T15:22:34.070,9,95.5,669.5,382.5,True,
run_20260807_152050_562216,3091,102,2026-08-07T15:22:34.070,10,73.5,691.0,382.25,True,
run_20260807_152050_562216,3091,102,2026-08-07T15:22:34.070,11,51.5,712.5,382.0,True,
run_20260807_152050_562216,3091,102,2026-08-07T15:22:34.070,12,29.5,734.0,381.75,True,
run_20260807_152050_562216,3121,103,2026-08-07T15:22:35.070,0,312.5,470.0,391.25,True,
run_20260807_152050_562216,3121,103,2026-08-07T15:22:35.070,1,272.5,492.0,382.25,True,
run_20260807_152050_562216,3121,103,2026-08-07T15:22:35.070,2,250.5,514.5,382.5,True,
run_20260807_152050_562216,3121,103,2026-08-07T15:22:35.070,3,228.5,536.5,382.5,True,
run_20260807_152050_562216,3121,103,2026-08-07T15:22:35.070,4,206.5,558.5,382.5,True,
run_20260807_152050_562216,3121,103,2026-08-07T15:22:35.070,5,183.5,581.5,382.5,True,
run_20260807_152050_562216,3121,103,2026-08-07T15:22:35.070,6,161.5,603.5,382.5,True,
run_20260807_152050_562216,3121,103,2026-08-07T15:22:35.070,7,139.5,625.5,382.5,True,
run_20260807_152050_562216,3121,103,2026-08-07T15:22:35.070,8,117.5,647.5,382.5,True,
run_20260807_152050_562216,3121,103,2026-08-07T15:22:35.070,9,95.5,669.5,382.5,True,
run_20260807_152050_562216,3121,103,2026-08-07T15:22:35.070,10,73.5,691.0,382.25,True,
run_20260807_152050_562216,3121,103,2026-08-07T15:22:35.070,11,51.5,713.0,382.25,True,
run_20260807_152050_562216,3121,103,2026-08-07T15:22:35.070,12,29.5,734.0,381.75,True,
run_20260807_152050_562216,3152,104,2026-08-07T15:22:36.103,0,272.5,470.0,371.25,True,
run_20260807_152050_562216,3152,104,2026-08-07T15:22:36.103,1,250.5,492.0,371.25,True,
run_20260807_152050_562216,3152,104,2026-08-07T15:22:36.103,2,228.5,514.5,371.5,True,
run_20260807_152050_562216,3152,104,2026-08-07T15:22:36.103,3,206.5,536.5,371.5,True,
run_20260807_152050_562216,3152,104,2026-08-07T15:22:36.103,4,183.5,558.5,371.0,True,
run_20260807_152050_562216,3152,104,2026-08-07T15:22:36.103,5,161.5,581.5,371.5,True,
run_20260807_152050_562216,3152,104,2026-08-07T15:22:36.103,6,139.5,603.5,371.5,True,
run_20260807_152050_562216,3152,104,2026-08-07T15:22:36.103,7,117.5,625.5,371.5,True,
run_20260807_152050_562216,3152,104,2026-08-07T15:22:36.103,8,95.5,647.5,371.5,True,
run_20260807_152050_562216,3152,104,2026-08-07T15:22:36.103,9,73.5,669.5,371.5,True,
run_20260807_152050_562216,3152,104,2026-08-07T15:22:36.103,10,51.5,691.0,371.25,True,
run_20260807_152050_562216,3152,104,2026-08-07T15:22:36.103,11,29.5,712.5,371.0,True,
run_20260807_152050_562216,3152,104,2026-08-07T15:22:36.103,12,8.0,734.0,371.0,True,
run_20260807_152050_562216,3183,105,2026-08-07T15:22:37.136,0,312.5,470.0,391.25,True,
run_20260807_152050_562216,3183,105,2026-08-07T15:22:37.136,1,272.5,492.0,382.25,True,
run_20260807_152050_562216,3183,105,2026-08-07T15:22:37.136,2,250.5,514.5,382.5,True,
run_20260807_152050_562216,3183,105,2026-08-07T15:22:37.136,3,228.5,536.5,382.5,True,
run_20260807_152050_562216,3183,105,2026-08-07T15:22:37.136,4,206.5,558.5,382.5,True,
run_20260807_152050_562216,3183,105,2026-08-07T15:22:37.136,5,183.5,581.5,382.5,True,
run_20260807_152050_562216,3183,105,2026-08-07T15:22:37.136,6,161.5,603.5,382.5,True,
run_20260807_152050_562216,3183,105,2026-08-07T15:22:37.136,7,139.5,625.5,382.5,True,
run_20260807_152050_562216,3183,105,2026-08-07T15:22:37.136,8,117.5,647.5,382.5,True,
run_20260807_152050_562216,3183,105,2026-08-07T15:22:37.136,9,95.5,669.5,382.5,True,
run_20260807_152050_562216,3183,105,2026-08-07T15:22:37.136,10,73.5,691.0,382.25,True,
run_20260807_152050_562216,3183,105,2026-08-07T15:22:37.136,11,51.5,713.0,382.25,True,
run_20260807_152050_562216,3183,105,2026-08-07T15:22:37.136,12,29.5,734.0,381.75,True,
run_20260807_152050_562216,3213,106,2026-08-07T15:22:38.137,0,312.5,470.0,391.25,True,
run_20260807_152050_562216,3213,106,2026-08-07T15:22:38.137,1,272.5,492.0,382.25,True,
run_20260807_152050_562216,3213,106,2026-08-07T15:22:38.137,2,250.5,514.5,382.5,True,
run_20260807_152050_562216,3213,106,2026-08-07T15:22:38.137,3,228.5,536.5,382.5,True,
run_20260807_152050_562216,3213,106,2026-08-07T15:22:38.137,4,206.5,558.5,382.5,True,
run_20260807_152050_562216,3213,106,2026-08-07T15:22:38.137,5,183.5,581.5,382.5,True,
run_20260807_152050_562216,3213,106,2026-08-07T15:22:38.137,6,161.5,603.5,382.5,True,
run_20260807_152050_562216,3213,106,2026-08-07T15:22:38.137,7,139.5,625.5,382.5,True,
run_20260807_152050_562216,3213,106,2026-08-07T15:22:38.137,8,117.5,647.5,382.5,True,
run_20260807_152050_562216,3213,106,2026-08-07T15:22:38.137,9,95.5,669.5,382.5,True,
run_20260807_152050_562216,3213,106,2026-08-07T15:22:38.137,10,73.5,691.0,382.25,True,
run_20260807_152050_562216,3213,106,2026-08-07T15:22:38.137,11,51.5,712.5,382.0,True,
run_20260807_152050_562216,3213,106,2026-08-07T15:22:38.137,12,29.5,734.0,381.75,True,
run_20260807_152050_562216,3244,107,2026-08-07T15:22:39.170,0,272.5,470.0,371.25,True,
run_20260807_152050_562216,3244,107,2026-08-07T15:22:39.170,1,250.5,492.0,371.25,True,
run_20260807_152050_562216,3244,107,2026-08-07T15:22:39.170,2,228.5,514.5,371.5,True,
run_20260807_152050_562216,3244,107,2026-08-07T15:22:39.170,3,206.5,536.5,371.5,True,
run_20260807_152050_562216,3244,107,2026-08-07T15:22:39.170,4,183.5,558.5,371.0,True,
run_20260807_152050_562216,3244,107,2026-08-07T15:22:39.170,5,161.5,581.5,371.5,True,
run_20260807_152050_562216,3244,107,2026-08-07T15:22:39.170,6,139.5,603.5,371.5,True,
run_20260807_152050_562216,3244,107,2026-08-07T15:22:39.170,7,117.5,625.5,371.5,True,
run_20260807_152050_562216,3244,107,2026-08-07T15:22:39.170,8,95.5,647.5,371.5,True,
run_20260807_152050_562216,3244,107,2026-08-07T15:22:39.170,9,73.5,669.5,371.5,True,
run_20260807_152050_562216,3244,107,2026-08-07T15:22:39.170,10,51.5,691.0,371.25,True,
run_20260807_152050_562216,3244,107,2026-08-07T15:22:39.170,11,29.5,712.5,371.0,True,
run_20260807_152050_562216,3244,107,2026-08-07T15:22:39.170,12,8.0,734.0,371.0,True,
run_20260807_152050_562216,3275,108,2026-08-07T15:22:40.203,0,312.5,470.0,391.25,True,
run_20260807_152050_562216,3275,108,2026-08-07T15:22:40.203,1,272.5,492.0,382.25,True,
run_20260807_152050_562216,3275,108,2026-08-07T15:22:40.203,2,250.5,514.5,382.5,True,
run_20260807_152050_562216,3275,108,2026-08-07T15:22:40.203,3,228.5,536.5,382.5,True,
run_20260807_152050_562216,3275,108,2026-08-07T15:22:40.203,4,206.5,558.5,382.5,True,
run_20260807_152050_562216,3275,108,2026-08-07T15:22:40.203,5,183.5,581.5,382.5,True,
run_20260807_152050_562216,3275,108,2026-08-07T15:22:40.203,6,161.5,603.5,382.5,True,
run_20260807_152050_562216,3275,108,2026-08-07T15:22:40.203,7,139.5,625.5,382.5,True,
run_20260807_152050_562216,3275,108,2026-08-07T15:22:40.203,8,117.5,647.5,382.5,True,
run_20260807_152050_562216,3275,108,2026-08-07T15:22:40.203,9,95.5,669.5,382.5,True,
run_20260807_152050_562216,3275,108,2026-08-07T15:22:40.203,10,73.5,691.0,382.25,True,
run_20260807_152050_562216,3275,108,2026-08-07T15:22:40.203,11,51.5,712.5,382.0,True,
run_20260807_152050_562216,3275,108,2026-08-07T15:22:40.203,12,29.5,734.0,381.75,True,
run_20260807_152050_562216,3305,109,2026-08-07T15:22:41.204,0,272.5,470.0,371.25,True,
run_20260807_152050_562216,3305,109,2026-08-07T15:22:41.204,1,250.5,492.0,371.25,True,
run_20260807_152050_562216,3305,109,2026-08-07T15:22:41.204,2,228.5,514.5,371.5,True,
run_20260807_152050_562216,3305,109,2026-08-07T15:22:41.204,3,206.5,536.5,371.5,True,
run_20260807_152050_562216,3305,109,2026-08-07T15:22:41.204,4,183.5,558.5,371.0,True,
run_20260807_152050_562216,3305,109,2026-08-07T15:22:41.204,5,161.5,581.5,371.5,True,
run_20260807_152050_562216,3305,109,2026-08-07T15:22:41.204,6,139.5,603.5,371.5,True,
run_20260807_152050_562216,3305,109,2026-08-07T15:22:41.204,7,117.5,625.5,371.5,True,
run_20260807_152050_562216,3305,109,2026-08-07T15:22:41.204,8,95.5,647.5,371.5,True,
run_20260807_152050_562216,3305,109,2026-08-07T15:22:41.204,9,73.5,669.5,371.5,True,
run_20260807_152050_562216,3305,109,2026-08-07T15:22:41.204,10,51.5,691.0,371.25,True,
run_20260807_152050_562216,3305,109,2026-08-07T15:22:41.204,11,29.5,713.0,371.25,True,
run_20260807_152050_562216,3305,109,2026-08-07T15:22:41.204,12,8.0,734.0,371.0,True,
run_20260807_152050_562216,3336,110,2026-08-07T15:22:42.237,0,312.5,470.0,391.25,True,
run_20260807_152050_562216,3336,110,2026-08-07T15:22:42.237,1,272.5,492.0,382.25,True,
run_20260807_152050_562216,3336,110,2026-08-07T15:22:42.237,2,250.5,514.5,382.5,True,
run_20260807_152050_562216,3336,110,2026-08-07T15:22:42.237,3,228.5,536.5,382.5,True,
run_20260807_152050_562216,3336,110,2026-08-07T15:22:42.237,4,206.5,558.5,382.5,True,
run_20260807_152050_562216,3336,110,2026-08-07T15:22:42.237,5,183.5,581.5,382.5,True,
run_20260807_152050_562216,3336,110,2026-08-07T15:22:42.237,6,161.5,603.5,382.5,True,
run_20260807_152050_562216,3336,110,2026-08-07T15:22:42.237,7,139.5,625.5,382.5,True,
run_20260807_152050_562216,3336,110,2026-08-07T15:22:42.237,8,117.5,647.5,382.5,True,
run_20260807_152050_562216,3336,110,2026-08-07T15:22:42.237,9,95.5,669.5,382.5,True,
run_20260807_152050_562216,3336,110,2026-08-07T15:22:42.237,10,73.5,691.0,382.25,True,
run_20260807_152050_562216,3336,110,2026-08-07T15:22:42.237,11,51.5,712.5,382.0,True,
run_20260807_152050_562216,3336,110,2026-08-07T15:22:42.237,12,29.5,734.0,381.75,True,
run_20260807_152050_562216,3367,111,2026-08-07T15:22:43.269,0,312.5,470.0,391.25,True,
run_20260807_152050_562216,3367,111,2026-08-07T15:22:43.269,1,272.5,492.0,382.25,True,
run_20260807_152050_562216,3367,111,2026-08-07T15:22:43.269,2,250.5,514.5,382.5,True,
run_20260807_152050_562216,3367,111,2026-08-07T15:22:43.269,3,228.5,536.5,382.5,True,
run_20260807_152050_562216,3367,111,2026-08-07T15:22:43.269,4,206.5,558.5,382.5,True,
run_20260807_152050_562216,3367,111,2026-08-07T15:22:43.269,5,183.5,581.5,382.5,True,
run_20260807_152050_562216,3367,111,2026-08-07T15:22:43.269,6,161.5,603.5,382.5,True,
run_20260807_152050_562216,3367,111,2026-08-07T15:22:43.269,7,139.5,625.5,382.5,True,
run_20260807_152050_562216,3367,111,2026-08-07T15:22:43.269,8,117.5,647.5,382.5,True,
run_20260807_152050_562216,3367,111,2026-08-07T15:22:43.269,9,95.5,669.5,382.5,True,
run_20260807_152050_562216,3367,111,2026-08-07T15:22:43.269,10,73.5,691.0,382.25,True,
run_20260807_152050_562216,3367,111,2026-08-07T15:22:43.269,11,51.5,712.5,382.0,True,
run_20260807_152050_562216,3367,111,2026-08-07T15:22:43.269,12,29.5,734.0,381.75,True,
run_20260807_152050_562216,3397,112,2026-08-07T15:22:44.270,0,312.5,470.0,391.25,True,
run_20260807_152050_562216,3397,112,2026-08-07T15:22:44.270,1,272.5,492.0,382.25,True,
run_20260807_152050_562216,3397,112,2026-08-07T15:22:44.270,2,250.5,514.5,382.5,True,
run_20260807_152050_562216,3397,112,2026-08-07T15:22:44.270,3,228.5,536.5,382.5,True,
run_20260807_152050_562216,3397,112,2026-08-07T15:22:44.270,4,206.5,558.5,382.5,True,
run_20260807_152050_562216,3397,112,2026-08-07T15:22:44.270,5,183.5,581.5,382.5,True,
run_20260807_152050_562216,3397,112,2026-08-07T15:22:44.270,6,161.5,603.5,382.5,True,
run_20260807_152050_562216,3397,112,2026-08-07T15:22:44.270,7,139.5,625.5,382.5,True,
run_20260807_152050_562216,3397,112,2026-08-07T15:22:44.270,8,117.5,647.5,382.5,True,
run_20260807_152050_562216,3397,112,2026-08-07T15:22:44.270,9,95.5,669.5,382.5,True,
run_20260807_152050_562216,3397,112,2026-08-07T15:22:44.270,10,73.5,691.0,382.25,True,
run_20260807_152050_562216,3397,112,2026-08-07T15:22:44.270,11,51.5,713.0,382.25,True,
run_20260807_152050_562216,3397,112,2026-08-07T15:22:44.270,12,29.5,734.0,381.75,True,
run_20260807_152050_562216,3428,113,2026-08-07T15:22:45.303,0,312.5,470.0,391.25,True,
run_20260807_152050_562216,3428,113,2026-08-07T15:22:45.303,1,272.5,492.0,382.25,True,
run_20260807_152050_562216,3428,113,2026-08-07T15:22:45.303,2,250.5,514.5,382.5,True,
run_20260807_152050_562216,3428,113,2026-08-07T15:22:45.303,3,228.5,536.5,382.5,True,
run_20260807_152050_562216,3428,113,2026-08-07T15:22:45.303,4,206.5,558.5,382.5,True,
run_20260807_152050_562216,3428,113,2026-08-07T15:22:45.303,5,183.5,581.5,382.5,True,
run_20260807_152050_562216,3428,113,2026-08-07T15:22:45.303,6,161.5,603.5,382.5,True,
run_20260807_152050_562216,3428,113,2026-08-07T15:22:45.303,7,139.5,625.5,382.5,True,
run_20260807_152050_562216,3428,113,2026-08-07T15:22:45.303,8,117.5,647.5,382.5,True,
run_20260807_152050_562216,3428,113,2026-08-07T15:22:45.303,9,95.5,669.5,382.5,True,
run_20260807_152050_562216,3428,113,2026-08-07T15:22:45.303,10,73.5,691.0,382.25,True,
run_20260807_152050_562216,3428,113,2026-08-07T15:22:45.303,11,51.5,712.5,382.0,True,
run_20260807_152050_562216,3428,113,2026-08-07T15:22:45.303,12,29.5,734.0,381.75,True,
run_20260807_152050_562216,3459,114,2026-08-07T15:22:46.337,0,312.5,470.0,391.25,True,
run_20260807_152050_562216,3459,114,2026-08-07T15:22:46.337,1,272.5,492.0,382.25,True,
run_20260807_152050_562216,3459,114,2026-08-07T15:22:46.337,2,250.5,514.5,382.5,True,
run_20260807_152050_562216,3459,114,2026-08-07T15:22:46.337,3,228.5,536.5,382.5,True,
run_20260807_152050_562216,3459,114,2026-08-07T15:22:46.337,4,206.5,558.5,382.5,True,
run_20260807_152050_562216,3459,114,2026-08-07T15:22:46.337,5,183.5,581.5,382.5,True,
run_20260807_152050_562216,3459,114,2026-08-07T15:22:46.337,6,161.5,603.5,382.5,True,
run_20260807_152050_562216,3459,114,2026-08-07T15:22:46.337,7,139.5,625.5,382.5,True,
run_20260807_152050_562216,3459,114,2026-08-07T15:22:46.337,8,117.5,647.5,382.5,True,
run_20260807_152050_562216,3459,114,2026-08-07T15:22:46.337,9,95.5,669.5,382.5,True,
run_20260807_152050_562216,3459,114,2026-08-07T15:22:46.337,10,73.5,691.0,382.25,True,
run_20260807_152050_562216,3459,114,2026-08-07T15:22:46.337,11,51.5,712.5,382.0,True,
run_20260807_152050_562216,3459,114,2026-08-07T15:22:46.337,12,29.5,734.0,381.75,True,
run_20260807_152050_562216,3489,115,2026-08-07T15:22:47.337,0,312.5,470.0,391.25,True,
run_20260807_152050_562216,3489,115,2026-08-07T15:22:47.337,1,272.5,492.0,382.25,True,
run_20260807_152050_562216,3489,115,2026-08-07T15:22:47.337,2,250.5,514.5,382.5,True,
run_20260807_152050_562216,3489,115,2026-08-07T15:22:47.337,3,228.5,536.5,382.5,True,
run_20260807_152050_562216,3489,115,2026-08-07T15:22:47.337,4,206.5,558.5,382.5,True,
run_20260807_152050_562216,3489,115,2026-08-07T15:22:47.337,5,183.5,581.5,382.5,True,
run_20260807_152050_562216,3489,115,2026-08-07T15:22:47.337,6,161.5,603.5,382.5,True,
run_20260807_152050_562216,3489,115,2026-08-07T15:22:47.337,7,139.5,625.5,382.5,True,
run_20260807_152050_562216,3489,115,2026-08-07T15:22:47.337,8,117.5,647.5,382.5,True,
run_20260807_152050_562216,3489,115,2026-08-07T15:22:47.337,9,95.5,669.5,382.5,True,
run_20260807_152050_562216,3489,115,2026-08-07T15:22:47.337,10,73.5,691.0,382.25,True,
run_20260807_152050_562216,3489,115,2026-08-07T15:22:47.337,11,51.5,712.5,382.0,True,
run_20260807_152050_562216,3489,115,2026-08-07T15:22:47.337,12,29.5,734.0,381.75,True,
run_20260807_152050_562216,3520,116,2026-08-07T15:22:48.370,0,312.5,470.0,391.25,True,
run_20260807_152050_562216,3520,116,2026-08-07T15:22:48.370,1,272.5,492.0,382.25,True,
run_20260807_152050_562216,3520,116,2026-08-07T15:22:48.370,2,250.5,514.5,382.5,True,
run_20260807_152050_562216,3520,116,2026-08-07T15:22:48.370,3,228.5,536.5,382.5,True,
run_20260807_152050_562216,3520,116,2026-08-07T15:22:48.370,4,206.5,558.5,382.5,True,
run_20260807_152050_562216,3520,116,2026-08-07T15:22:48.370,5,183.5,581.5,382.5,True,
run_20260807_152050_562216,3520,116,2026-08-07T15:22:48.370,6,161.5,603.5,382.5,True,
run_20260807_152050_562216,3520,116,2026-08-07T15:22:48.370,7,139.5,625.5,382.5,True,
run_20260807_152050_562216,3520,116,2026-08-07T15:22:48.370,8,117.5,647.5,382.5,True,
run_20260807_152050_562216,3520,116,2026-08-07T15:22:48.370,9,95.5,669.5,382.5,True,
run_20260807_152050_562216,3520,116,2026-08-07T15:22:48.370,10,73.5,691.0,382.25,True,
run_20260807_152050_562216,3520,116,2026-08-07T15:22:48.370,11,51.5,712.5,382.0,True,
run_20260807_152050_562216,3520,116,2026-08-07T15:22:48.370,12,29.5,734.0,381.75,True,
run_20260807_152050_562216,3551,117,2026-08-07T15:22:49.403,0,312.5,470.0,391.25,True,
run_20260807_152050_562216,3551,117,2026-08-07T15:22:49.403,1,272.5,492.0,382.25,True,
run_20260807_152050_562216,3551,117,2026-08-07T15:22:49.403,2,250.5,514.5,382.5,True,
run_20260807_152050_562216,3551,117,2026-08-07T15:22:49.403,3,228.5,536.5,382.5,True,
run_20260807_152050_562216,3551,117,2026-08-07T15:22:49.403,4,206.5,558.5,382.5,True,
run_20260807_152050_562216,3551,117,2026-08-07T15:22:49.403,5,183.5,581.5,382.5,True,
run_20260807_152050_562216,3551,117,2026-08-07T15:22:49.403,6,161.5,603.5,382.5,True,
run_20260807_152050_562216,3551,117,2026-08-07T15:22:49.403,7,139.5,625.5,382.5,True,
run_20260807_152050_562216,3551,117,2026-08-07T15:22:49.403,8,117.5,647.5,382.5,True,
run_20260807_152050_562216,3551,117,2026-08-07T15:22:49.403,9,95.5,669.5,382.5,True,
run_20260807_152050_562216,3551,117,2026-08-07T15:22:49.403,10,73.5,691.0,382.25,True,
run_20260807_152050_562216,3551,117,2026-08-07T15:22:49.403,11,51.5,713.0,382.25,True,
run_20260807_152050_562216,3551,117,2026-08-07T15:22:49.403,12,29.5,734.0,381.75,True,
run_20260807_152050_562216,3582,118,2026-08-07T15:22:50.433,0,312.5,470.0,391.25,True,
run_20260807_152050_562216,3582,118,2026-08-07T15:22:50.433,1,272.5,492.0,382.25,True,
run_20260807_152050_562216,3582,118,2026-08-07T15:22:50.433,2,250.5,514.5,382.5,True,
run_20260807_152050_562216,3582,118,2026-08-07T15:22:50.433,3,228.5,536.5,382.5,True,
run_20260807_152050_562216,3582,118,2026-08-07T15:22:50.433,4,206.5,558.5,382.5,True,
run_20260807_152050_562216,3582,118,2026-08-07T15:22:50.433,5,183.5,581.5,382.5,True,
run_20260807_152050_562216,3582,118,2026-08-07T15:22:50.433,6,161.5,603.5,382.5,True,
run_20260807_152050_562216,3582,118,2026-08-07T15:22:50.433,7,139.5,625.5,382.5,True,
run_20260807_152050_562216,3582,118,2026-08-07T15:22:50.433,8,117.5,647.5,382.5,True,
run_20260807_152050_562216,3582,118,2026-08-07T15:22:50.433,9,95.5,669.5,382.5,True,
run_20260807_152050_562216,3582,118,2026-08-07T15:22:50.433,10,73.5,691.0,382.25,True,
run_20260807_152050_562216,3582,118,2026-08-07T15:22:50.433,11,51.5,712.5,382.0,True,
run_20260807_152050_562216,3582,118,2026-08-07T15:22:50.433,12,29.5,734.0,381.75,True,
run_20260807_152050_562216,3612,119,2026-08-07T15:22:51.435,0,312.5,470.0,391.25,True,
run_20260807_152050_562216,3612,119,2026-08-07T15:22:51.435,1,272.5,492.0,382.25,True,
run_20260807_152050_562216,3612,119,2026-08-07T15:22:51.435,2,250.5,514.5,382.5,True,
run_20260807_152050_562216,3612,119,2026-08-07T15:22:51.435,3,228.5,536.5,382.5,True,
run_20260807_152050_562216,3612,119,2026-08-07T15:22:51.435,4,206.5,558.5,382.5,True,
run_20260807_152050_562216,3612,119,2026-08-07T15:22:51.435,5,183.5,581.5,382.5,True,
run_20260807_152050_562216,3612,119,2026-08-07T15:22:51.435,6,161.5,603.5,382.5,True,
run_20260807_152050_562216,3612,119,2026-08-07T15:22:51.435,7,139.5,625.5,382.5,True,
run_20260807_152050_562216,3612,119,2026-08-07T15:22:51.435,8,117.5,647.5,382.5,True,
run_20260807_152050_562216,3612,119,2026-08-07T15:22:51.435,9,95.5,669.5,382.5,True,
run_20260807_152050_562216,3612,119,2026-08-07T15:22:51.435,10,73.5,691.0,382.25,True,
run_20260807_152050_562216,3612,119,2026-08-07T15:22:51.435,11,51.5,712.5,382.0,True,
run_20260807_152050_562216,3612,119,2026-08-07T15:22:51.435,12,29.5,734.0,381.75,True,
run_20260807_152050_562216,3643,120,2026-08-07T15:22:52.466,0,312.5,470.0,391.25,True,
run_20260807_152050_562216,3643,120,2026-08-07T15:22:52.466,1,272.5,492.0,382.25,True,
run_20260807_152050_562216,3643,120,2026-08-07T15:22:52.466,2,250.5,514.5,382.5,True,
run_20260807_152050_562216,3643,120,2026-08-07T15:22:52.466,3,228.5,536.5,382.5,True,
run_20260807_152050_562216,3643,120,2026-08-07T15:22:52.466,4,206.5,558.5,382.5,True,
run_20260807_152050_562216,3643,120,2026-08-07T15:22:52.466,5,183.5,581.5,382.5,True,
run_20260807_152050_562216,3643,120,2026-08-07T15:22:52.466,6,161.5,603.5,382.5,True,
run_20260807_152050_562216,3643,120,2026-08-07T15:22:52.466,7,139.5,625.5,382.5,True,
run_20260807_152050_562216,3643,120,2026-08-07T15:22:52.466,8,117.5,647.5,382.5,True,
run_20260807_152050_562216,3643,120,2026-08-07T15:22:52.466,9,95.5,669.5,382.5,True,
run_20260807_152050_562216,3643,120,2026-08-07T15:22:52.466,10,73.5,691.0,382.25,True,
run_20260807_152050_562216,3643,120,2026-08-07T15:22:52.466,11,51.5,712.5,382.0,True,
run_20260807_152050_562216,3643,120,2026-08-07T15:22:52.466,12,29.5,734.0,381.75,True,
run_20260807_152050_562216,3673,121,2026-08-07T15:22:53.468,0,312.5,470.0,391.25,True,
run_20260807_152050_562216,3673,121,2026-08-07T15:22:53.468,1,272.5,492.0,382.25,True,
run_20260807_152050_562216,3673,121,2026-08-07T15:22:53.468,2,250.5,514.5,382.5,True,
run_20260807_152050_562216,3673,121,2026-08-07T15:22:53.468,3,228.5,536.5,382.5,True,
run_20260807_152050_562216,3673,121,2026-08-07T15:22:53.468,4,206.5,558.5,382.5,True,
run_20260807_152050_562216,3673,121,2026-08-07T15:22:53.468,5,183.5,581.5,382.5,True,
run_20260807_152050_562216,3673,121,2026-08-07T15:22:53.468,6,161.5,603.5,382.5,True,
run_20260807_152050_562216,3673,121,2026-08-07T15:22:53.468,7,139.5,625.5,382.5,True,
run_20260807_152050_562216,3673,121,2026-08-07T15:22:53.468,8,117.5,647.5,382.5,True,
run_20260807_152050_562216,3673,121,2026-08-07T15:22:53.468,9,95.5,669.5,382.5,True,
run_20260807_152050_562216,3673,121,2026-08-07T15:22:53.468,10,73.5,691.0,382.25,True,
run_20260807_152050_562216,3673,121,2026-08-07T15:22:53.468,11,51.5,713.0,382.25,True,
run_20260807_152050_562216,3673,121,2026-08-07T15:22:53.468,12,29.5,734.0,381.75,True,
run_20260807_152050_562216,3704,122,2026-08-07T15:22:54.501,0,312.5,470.0,391.25,True,
run_20260807_152050_562216,3704,122,2026-08-07T15:22:54.501,1,272.5,492.0,382.25,True,
run_20260807_152050_562216,3704,122,2026-08-07T15:22:54.501,2,250.5,514.5,382.5,True,
run_20260807_152050_562216,3704,122,2026-08-07T15:22:54.501,3,228.5,536.5,382.5,True,
run_20260807_152050_562216,3704,122,2026-08-07T15:22:54.501,4,206.5,558.5,382.5,True,
run_20260807_152050_562216,3704,122,2026-08-07T15:22:54.501,5,183.5,581.5,382.5,True,
run_20260807_152050_562216,3704,122,2026-08-07T15:22:54.501,6,161.5,603.5,382.5,True,
run_20260807_152050_562216,3704,122,2026-08-07T15:22:54.501,7,139.5,625.5,382.5,True,
run_20260807_152050_562216,3704,122,2026-08-07T15:22:54.501,8,117.5,647.5,382.5,True,
run_20260807_152050_562216,3704,122,2026-08-07T15:22:54.501,9,95.5,669.5,382.5,True,
run_20260807_152050_562216,3704,122,2026-08-07T15:22:54.501,10,73.5,691.0,382.25,True,
run_20260807_152050_562216,3704,122,2026-08-07T15:22:54.501,11,51.5,712.5,382.0,True,
run_20260807_152050_562216,3704,122,2026-08-07T15:22:54.501,12,29.5,734.0,381.75,True,
run_20260807_152050_562216,3734,123,2026-08-07T15:22:55.503,0,272.5,470.0,371.25,True,
run_20260807_152050_562216,3734,123,2026-08-07T15:22:55.503,1,250.5,492.0,371.25,True,
run_20260807_152050_562216,3734,123,2026-08-07T15:22:55.503,2,228.5,514.5,371.5,True,
run_20260807_152050_562216,3734,123,2026-08-07T15:22:55.503,3,206.5,536.5,371.5,True,
run_20260807_152050_562216,3734,123,2026-08-07T15:22:55.503,4,183.5,558.5,371.0,True,
run_20260807_152050_562216,3734,123,2026-08-07T15:22:55.503,5,161.5,581.5,371.5,True,
run_20260807_152050_562216,3734,123,2026-08-07T15:22:55.503,6,139.5,603.5,371.5,True,
run_20260807_152050_562216,3734,123,2026-08-07T15:22:55.503,7,117.5,625.5,371.5,True,
run_20260807_152050_562216,3734,123,2026-08-07T15:22:55.503,8,95.5,647.5,371.5,True,
run_20260807_152050_562216,3734,123,2026-08-07T15:22:55.503,9,73.5,669.5,371.5,True,
run_20260807_152050_562216,3734,123,2026-08-07T15:22:55.503,10,51.5,691.0,371.25,True,
run_20260807_152050_562216,3734,123,2026-08-07T15:22:55.503,11,29.5,713.0,371.25,True,
run_20260807_152050_562216,3734,123,2026-08-07T15:22:55.503,12,8.0,734.0,371.0,True,
run_20260807_152050_562216,3764,124,2026-08-07T15:22:56.504,0,272.5,470.0,371.25,True,
run_20260807_152050_562216,3764,124,2026-08-07T15:22:56.504,1,250.5,492.0,371.25,True,
run_20260807_152050_562216,3764,124,2026-08-07T15:22:56.504,2,228.5,514.5,371.5,True,
run_20260807_152050_562216,3764,124,2026-08-07T15:22:56.504,3,206.5,536.5,371.5,True,
run_20260807_152050_562216,3764,124,2026-08-07T15:22:56.504,4,183.5,558.5,371.0,True,
run_20260807_152050_562216,3764,124,2026-08-07T15:22:56.504,5,161.5,581.5,371.5,True,
run_20260807_152050_562216,3764,124,2026-08-07T15:22:56.504,6,139.5,603.5,371.5,True,
run_20260807_152050_562216,3764,124,2026-08-07T15:22:56.504,7,117.5,625.5,371.5,True,
run_20260807_152050_562216,3764,124,2026-08-07T15:22:56.504,8,95.5,647.5,371.5,True,
run_20260807_152050_562216,3764,124,2026-08-07T15:22:56.504,9,73.5,669.5,371.5,True,
run_20260807_152050_562216,3764,124,2026-08-07T15:22:56.504,10,51.5,691.0,371.25,True,
run_20260807_152050_562216,3764,124,2026-08-07T15:22:56.504,11,29.5,713.0,371.25,True,
run_20260807_152050_562216,3764,124,2026-08-07T15:22:56.504,12,8.0,734.0,371.0,True,
run_20260807_152050_562216,3795,125,2026-08-07T15:22:57.536,0,272.5,470.0,371.25,True,
run_20260807_152050_562216,3795,125,2026-08-07T15:22:57.536,1,250.5,492.0,371.25,True,
run_20260807_152050_562216,3795,125,2026-08-07T15:22:57.536,2,228.5,514.5,371.5,True,
run_20260807_152050_562216,3795,125,2026-08-07T15:22:57.536,3,206.5,536.5,371.5,True,
run_20260807_152050_562216,3795,125,2026-08-07T15:22:57.536,4,183.5,558.5,371.0,True,
run_20260807_152050_562216,3795,125,2026-08-07T15:22:57.536,5,161.5,581.5,371.5,True,
run_20260807_152050_562216,3795,125,2026-08-07T15:22:57.536,6,139.5,603.5,371.5,True,
run_20260807_152050_562216,3795,125,2026-08-07T15:22:57.536,7,117.5,625.5,371.5,True,
run_20260807_152050_562216,3795,125,2026-08-07T15:22:57.536,8,95.5,647.5,371.5,True,
run_20260807_152050_562216,3795,125,2026-08-07T15:22:57.536,9,73.5,669.5,371.5,True,
run_20260807_152050_562216,3795,125,2026-08-07T15:22:57.536,10,51.5,691.0,371.25,True,
run_20260807_152050_562216,3795,125,2026-08-07T15:22:57.536,11,29.5,712.5,371.0,True,
run_20260807_152050_562216,3795,125,2026-08-07T15:22:57.536,12,8.0,734.0,371.0,True,
run_20260807_152050_562216,3825,126,2026-08-07T15:22:58.537,0,272.5,470.0,371.25,True,
run_20260807_152050_562216,3825,126,2026-08-07T15:22:58.537,1,250.5,492.0,371.25,True,
run_20260807_152050_562216,3825,126,2026-08-07T15:22:58.537,2,228.5,514.5,371.5,True,
run_20260807_152050_562216,3825,126,2026-08-07T15:22:58.537,3,206.5,536.5,371.5,True,
run_20260807_152050_562216,3825,126,2026-08-07T15:22:58.537,4,183.5,558.5,371.0,True,
run_20260807_152050_562216,3825,126,2026-08-07T15:22:58.537,5,161.5,581.5,371.5,True,
run_20260807_152050_562216,3825,126,2026-08-07T15:22:58.537,6,139.5,603.5,371.5,True,
run_20260807_152050_562216,3825,126,2026-08-07T15:22:58.537,7,117.5,625.5,371.5,True,
run_20260807_152050_562216,3825,126,2026-08-07T15:22:58.537,8,95.5,647.5,371.5,True,
run_20260807_152050_562216,3825,126,2026-08-07T15:22:58.537,9,73.5,669.5,371.5,True,
run_20260807_152050_562216,3825,126,2026-08-07T15:22:58.537,10,51.5,691.0,371.25,True,
run_20260807_152050_562216,3825,126,2026-08-07T15:22:58.537,11,29.5,713.0,371.25,True,
run_20260807_152050_562216,3825,126,2026-08-07T15:22:58.537,12,8.0,734.0,371.0,True,
run_20260807_152050_562216,3856,127,2026-08-07T15:22:59.570,0,272.5,470.0,371.25,True,
run_20260807_152050_562216,3856,127,2026-08-07T15:22:59.570,1,250.5,492.0,371.25,True,
run_20260807_152050_562216,3856,127,2026-08-07T15:22:59.570,2,228.5,514.5,371.5,True,
run_20260807_152050_562216,3856,127,2026-08-07T15:22:59.570,3,206.5,536.5,371.5,True,
run_20260807_152050_562216,3856,127,2026-08-07T15:22:59.570,4,183.5,558.5,371.0,True,
run_20260807_152050_562216,3856,127,2026-08-07T15:22:59.570,5,161.5,581.5,371.5,True,
run_20260807_152050_562216,3856,127,2026-08-07T15:22:59.570,6,139.5,603.5,371.5,True,
run_20260807_152050_562216,3856,127,2026-08-07T15:22:59.570,7,117.5,625.5,371.5,True,
run_20260807_152050_562216,3856,127,2026-08-07T15:22:59.570,8,95.5,647.5,371.5,True,
run_20260807_152050_562216,3856,127,2026-08-07T15:22:59.570,9,73.5,669.5,371.5,True,
run_20260807_152050_562216,3856,127,2026-08-07T15:22:59.570,10,51.5,691.0,371.25,True,
run_20260807_152050_562216,3856,127,2026-08-07T15:22:59.570,11,29.5,713.0,371.25,True,
run_20260807_152050_562216,3856,127,2026-08-07T15:22:59.570,12,8.0,734.0,371.0,True,
run_20260807_152050_562216,3887,128,2026-08-07T15:23:00.602,0,272.5,470.0,371.25,True,
run_20260807_152050_562216,3887,128,2026-08-07T15:23:00.602,1,250.5,492.0,371.25,True,
run_20260807_152050_562216,3887,128,2026-08-07T15:23:00.602,2,228.5,514.5,371.5,True,
run_20260807_152050_562216,3887,128,2026-08-07T15:23:00.602,3,206.5,536.5,371.5,True,
run_20260807_152050_562216,3887,128,2026-08-07T15:23:00.602,4,183.5,558.5,371.0,True,
run_20260807_152050_562216,3887,128,2026-08-07T15:23:00.602,5,161.5,581.5,371.5,True,
run_20260807_152050_562216,3887,128,2026-08-07T15:23:00.602,6,139.5,603.5,371.5,True,
run_20260807_152050_562216,3887,128,2026-08-07T15:23:00.602,7,117.5,625.5,371.5,True,
run_20260807_152050_562216,3887,128,2026-08-07T15:23:00.602,8,95.5,647.5,371.5,True,
run_20260807_152050_562216,3887,128,2026-08-07T15:23:00.602,9,73.5,669.5,371.5,True,
run_20260807_152050_562216,3887,128,2026-08-07T15:23:00.602,10,51.5,691.0,371.25,True,
run_20260807_152050_562216,3887,128,2026-08-07T15:23:00.602,11,29.5,713.0,371.25,True,
run_20260807_152050_562216,3887,128,2026-08-07T15:23:00.602,12,8.0,734.0,371.0,True,
run_20260807_152050_562216,3917,129,2026-08-07T15:23:01.604,0,272.5,470.0,371.25,True,
run_20260807_152050_562216,3917,129,2026-08-07T15:23:01.604,1,250.5,492.0,371.25,True,
run_20260807_152050_562216,3917,129,2026-08-07T15:23:01.604,2,228.5,514.5,371.5,True,
run_20260807_152050_562216,3917,129,2026-08-07T15:23:01.604,3,206.5,536.5,371.5,True,
run_20260807_152050_562216,3917,129,2026-08-07T15:23:01.604,4,183.5,558.5,371.0,True,
run_20260807_152050_562216,3917,129,2026-08-07T15:23:01.604,5,161.5,581.5,371.5,True,
run_20260807_152050_562216,3917,129,2026-08-07T15:23:01.604,6,139.5,603.5,371.5,True,
run_20260807_152050_562216,3917,129,2026-08-07T15:23:01.604,7,117.5,625.5,371.5,True,
run_20260807_152050_562216,3917,129,2026-08-07T15:23:01.604,8,95.5,647.5,371.5,True,
run_20260807_152050_562216,3917,129,2026-08-07T15:23:01.604,9,73.5,669.5,371.5,True,
run_20260807_152050_562216,3917,129,2026-08-07T15:23:01.604,10,51.5,691.0,371.25,True,
run_20260807_152050_562216,3917,129,2026-08-07T15:23:01.604,11,29.5,712.5,371.0,True,
run_20260807_152050_562216,3917,129,2026-08-07T15:23:01.604,12,8.0,734.0,371.0,True,
run_20260807_152050_562216,3948,130,2026-08-07T15:23:02.636,0,272.5,470.0,371.25,True,
run_20260807_152050_562216,3948,130,2026-08-07T15:23:02.636,1,250.5,492.0,371.25,True,
run_20260807_152050_562216,3948,130,2026-08-07T15:23:02.636,2,228.5,514.5,371.5,True,
run_20260807_152050_562216,3948,130,2026-08-07T15:23:02.636,3,206.5,536.5,371.5,True,
run_20260807_152050_562216,3948,130,2026-08-07T15:23:02.636,4,183.5,558.5,371.0,True,
run_20260807_152050_562216,3948,130,2026-08-07T15:23:02.636,5,161.5,581.5,371.5,True,
run_20260807_152050_562216,3948,130,2026-08-07T15:23:02.636,6,139.5,603.5,371.5,True,
run_20260807_152050_562216,3948,130,2026-08-07T15:23:02.636,7,117.5,625.5,371.5,True,
run_20260807_152050_562216,3948,130,2026-08-07T15:23:02.636,8,95.5,647.5,371.5,True,
run_20260807_152050_562216,3948,130,2026-08-07T15:23:02.636,9,73.5,669.5,371.5,True,
run_20260807_152050_562216,3948,130,2026-08-07T15:23:02.636,10,51.5,691.0,371.25,True,
run_20260807_152050_562216,3948,130,2026-08-07T15:23:02.636,11,29.5,712.5,371.0,True,
run_20260807_152050_562216,3948,130,2026-08-07T15:23:02.636,12,8.0,734.0,371.0,True,
run_20260807_152050_562216,3979,131,2026-08-07T15:23:03.669,0,312.5,470.0,391.25,True,
run_20260807_152050_562216,3979,131,2026-08-07T15:23:03.669,1,272.5,492.0,382.25,True,
run_20260807_152050_562216,3979,131,2026-08-07T15:23:03.669,2,250.5,514.5,382.5,True,
run_20260807_152050_562216,3979,131,2026-08-07T15:23:03.669,3,228.5,536.5,382.5,True,
run_20260807_152050_562216,3979,131,2026-08-07T15:23:03.669,4,206.5,558.5,382.5,True,
run_20260807_152050_562216,3979,131,2026-08-07T15:23:03.669,5,183.5,581.5,382.5,True,
run_20260807_152050_562216,3979,131,2026-08-07T15:23:03.669,6,161.5,603.5,382.5,True,
run_20260807_152050_562216,3979,131,2026-08-07T15:23:03.669,7,139.5,625.5,382.5,True,
run_20260807_152050_562216,3979,131,2026-08-07T15:23:03.669,8,117.5,647.5,382.5,True,
run_20260807_152050_562216,3979,131,2026-08-07T15:23:03.669,9,95.5,669.5,382.5,True,
run_20260807_152050_562216,3979,131,2026-08-07T15:23:03.669,10,73.5,691.0,382.25,True,
run_20260807_152050_562216,3979,131,2026-08-07T15:23:03.669,11,51.5,713.0,382.25,True,
run_20260807_152050_562216,3979,131,2026-08-07T15:23:03.669,12,29.5,734.0,381.75,True,
run_20260807_152050_562216,4009,132,2026-08-07T15:23:04.670,0,272.5,470.0,371.25,True,
run_20260807_152050_562216,4009,132,2026-08-07T15:23:04.670,1,250.5,492.0,371.25,True,
run_20260807_152050_562216,4009,132,2026-08-07T15:23:04.670,2,228.5,514.5,371.5,True,
run_20260807_152050_562216,4009,132,2026-08-07T15:23:04.670,3,206.5,536.5,371.5,True,
run_20260807_152050_562216,4009,132,2026-08-07T15:23:04.670,4,183.5,558.5,371.0,True,
run_20260807_152050_562216,4009,132,2026-08-07T15:23:04.670,5,161.5,581.5,371.5,True,
run_20260807_152050_562216,4009,132,2026-08-07T15:23:04.670,6,139.5,603.5,371.5,True,
run_20260807_152050_562216,4009,132,2026-08-07T15:23:04.670,7,117.5,625.5,371.5,True,
run_20260807_152050_562216,4009,132,2026-08-07T15:23:04.670,8,95.5,647.5,371.5,True,
run_20260807_152050_562216,4009,132,2026-08-07T15:23:04.670,9,73.5,669.5,371.5,True,
run_20260807_152050_562216,4009,132,2026-08-07T15:23:04.670,10,51.5,691.0,371.25,True,
run_20260807_152050_562216,4009,132,2026-08-07T15:23:04.670,11,29.5,712.5,371.0,True,
run_20260807_152050_562216,4009,132,2026-08-07T15:23:04.670,12,8.0,734.0,371.0,True,
run_20260807_152050_562216,4040,133,2026-08-07T15:23:05.703,0,272.5,470.0,371.25,True,
run_20260807_152050_562216,4040,133,2026-08-07T15:23:05.703,1,250.5,492.0,371.25,True,
run_20260807_152050_562216,4040,133,2026-08-07T15:23:05.703,2,228.5,514.5,371.5,True,
run_20260807_152050_562216,4040,133,2026-08-07T15:23:05.703,3,206.5,536.5,371.5,True,
run_20260807_152050_562216,4040,133,2026-08-07T15:23:05.703,4,183.5,558.5,371.0,True,
run_20260807_152050_562216,4040,133,2026-08-07T15:23:05.703,5,161.5,581.5,371.5,True,
run_20260807_152050_562216,4040,133,2026-08-07T15:23:05.703,6,139.5,603.5,371.5,True,
run_20260807_152050_562216,4040,133,2026-08-07T15:23:05.703,7,117.5,625.5,371.5,True,
run_20260807_152050_562216,4040,133,2026-08-07T15:23:05.703,8,95.5,647.5,371.5,True,
run_20260807_152050_562216,4040,133,2026-08-07T15:23:05.703,9,73.5,669.5,371.5,True,
run_20260807_152050_562216,4040,133,2026-08-07T15:23:05.703,10,51.5,691.0,371.25,True,
run_20260807_152050_562216,4040,133,2026-08-07T15:23:05.703,11,29.5,712.5,371.0,True,
run_20260807_152050_562216,4040,133,2026-08-07T15:23:05.703,12,8.0,734.0,371.0,True,
run_20260807_152050_562216,4071,134,2026-08-07T15:23:06.736,0,272.5,470.0,371.25,True,
run_20260807_152050_562216,4071,134,2026-08-07T15:23:06.736,1,250.5,492.0,371.25,True,
run_20260807_152050_562216,4071,134,2026-08-07T15:23:06.736,2,228.5,514.5,371.5,True,
run_20260807_152050_562216,4071,134,2026-08-07T15:23:06.736,3,206.5,536.5,371.5,True,
run_20260807_152050_562216,4071,134,2026-08-07T15:23:06.736,4,183.5,558.5,371.0,True,
run_20260807_152050_562216,4071,134,2026-08-07T15:23:06.736,5,161.5,581.5,371.5,True,
run_20260807_152050_562216,4071,134,2026-08-07T15:23:06.736,6,139.5,603.5,371.5,True,
run_20260807_152050_562216,4071,134,2026-08-07T15:23:06.736,7,117.5,625.5,371.5,True,
run_20260807_152050_562216,4071,134,2026-08-07T15:23:06.736,8,95.5,647.5,371.5,True,
run_20260807_152050_562216,4071,134,2026-08-07T15:23:06.736,9,73.5,669.5,371.5,True,
run_20260807_152050_562216,4071,134,2026-08-07T15:23:06.736,10,51.5,691.0,371.25,True,
run_20260807_152050_562216,4071,134,2026-08-07T15:23:06.736,11,29.5,712.5,371.0,True,
run_20260807_152050_562216,4071,134,2026-08-07T15:23:06.736,12,8.0,734.0,371.0,True,
run_20260807_152050_562216,4101,135,2026-08-07T15:23:07.736,0,272.5,470.0,371.25,True,
run_20260807_152050_562216,4101,135,2026-08-07T15:23:07.736,1,250.5,492.0,371.25,True,
run_20260807_152050_562216,4101,135,2026-08-07T15:23:07.736,2,228.5,514.5,371.5,True,
run_20260807_152050_562216,4101,135,2026-08-07T15:23:07.736,3,206.5,536.5,371.5,True,
run_20260807_152050_562216,4101,135,2026-08-07T15:23:07.736,4,183.5,558.5,371.0,True,
run_20260807_152050_562216,4101,135,2026-08-07T15:23:07.736,5,161.5,581.5,371.5,True,
run_20260807_152050_562216,4101,135,2026-08-07T15:23:07.736,6,139.5,603.5,371.5,True,
run_20260807_152050_562216,4101,135,2026-08-07T15:23:07.736,7,117.5,625.5,371.5,True,
run_20260807_152050_562216,4101,135,2026-08-07T15:23:07.736,8,95.5,647.5,371.5,True,
run_20260807_152050_562216,4101,135,2026-08-07T15:23:07.736,9,73.5,669.5,371.5,True,
run_20260807_152050_562216,4101,135,2026-08-07T15:23:07.736,10,51.5,691.0,371.25,True,
run_20260807_152050_562216,4101,135,2026-08-07T15:23:07.736,11,29.5,713.0,371.25,True,
run_20260807_152050_562216,4101,135,2026-08-07T15:23:07.736,12,8.0,734.0,371.0,True,
run_20260807_152050_562216,4132,136,2026-08-07T15:23:08.770,0,272.5,470.0,371.25,True,
run_20260807_152050_562216,4132,136,2026-08-07T15:23:08.770,1,250.5,492.0,371.25,True,
run_20260807_152050_562216,4132,136,2026-08-07T15:23:08.770,2,228.5,514.5,371.5,True,
run_20260807_152050_562216,4132,136,2026-08-07T15:23:08.770,3,206.5,536.5,371.5,True,
run_20260807_152050_562216,4132,136,2026-08-07T15:23:08.770,4,183.5,558.5,371.0,True,
run_20260807_152050_562216,4132,136,2026-08-07T15:23:08.770,5,161.5,581.5,371.5,True,
run_20260807_152050_562216,4132,136,2026-08-07T15:23:08.770,6,139.5,603.5,371.5,True,
run_20260807_152050_562216,4132,136,2026-08-07T15:23:08.770,7,117.5,625.5,371.5,True,
run_20260807_152050_562216,4132,136,2026-08-07T15:23:08.770,8,95.5,647.5,371.5,True,
run_20260807_152050_562216,4132,136,2026-08-07T15:23:08.770,9,73.5,669.5,371.5,True,
run_20260807_152050_562216,4132,136,2026-08-07T15:23:08.770,10,51.5,691.0,371.25,True,
run_20260807_152050_562216,4132,136,2026-08-07T15:23:08.770,11,29.5,712.5,371.0,True,
run_20260807_152050_562216,4132,136,2026-08-07T15:23:08.770,12,8.0,734.0,371.0,True,
run_20260807_152050_562216,4163,137,2026-08-07T15:23:09.802,0,272.5,470.0,371.25,True,
run_20260807_152050_562216,4163,137,2026-08-07T15:23:09.802,1,250.5,492.0,371.25,True,
run_20260807_152050_562216,4163,137,2026-08-07T15:23:09.802,2,228.5,514.5,371.5,True,
run_20260807_152050_562216,4163,137,2026-08-07T15:23:09.802,3,206.5,536.5,371.5,True,
run_20260807_152050_562216,4163,137,2026-08-07T15:23:09.802,4,183.5,558.5,371.0,True,
run_20260807_152050_562216,4163,137,2026-08-07T15:23:09.802,5,161.5,581.5,371.5,True,
run_20260807_152050_562216,4163,137,2026-08-07T15:23:09.802,6,139.5,603.5,371.5,True,
run_20260807_152050_562216,4163,137,2026-08-07T15:23:09.802,7,117.5,625.5,371.5,True,
run_20260807_152050_562216,4163,137,2026-08-07T15:23:09.802,8,95.5,647.5,371.5,True,
run_20260807_152050_562216,4163,137,2026-08-07T15:23:09.802,9,73.5,669.5,371.5,True,
run_20260807_152050_562216,4163,137,2026-08-07T15:23:09.802,10,51.5,691.0,371.25,True,
run_20260807_152050_562216,4163,137,2026-08-07T15:23:09.802,11,29.5,712.5,371.0,True,
run_20260807_152050_562216,4163,137,2026-08-07T15:23:09.802,12,8.0,734.0,371.0,True,
run_20260807_152050_562216,4193,138,2026-08-07T15:23:10.803,0,312.5,470.0,391.25,True,
run_20260807_152050_562216,4193,138,2026-08-07T15:23:10.803,1,272.5,492.0,382.25,True,
run_20260807_152050_562216,4193,138,2026-08-07T15:23:10.803,2,250.5,514.5,382.5,True,
run_20260807_152050_562216,4193,138,2026-08-07T15:23:10.803,3,228.5,536.5,382.5,True,
run_20260807_152050_562216,4193,138,2026-08-07T15:23:10.803,4,206.5,558.5,382.5,True,
run_20260807_152050_562216,4193,138,2026-08-07T15:23:10.803,5,183.5,581.5,382.5,True,
run_20260807_152050_562216,4193,138,2026-08-07T15:23:10.803,6,161.5,603.5,382.5,True,
run_20260807_152050_562216,4193,138,2026-08-07T15:23:10.803,7,139.5,625.5,382.5,True,
run_20260807_152050_562216,4193,138,2026-08-07T15:23:10.803,8,117.5,647.5,382.5,True,
run_20260807_152050_562216,4193,138,2026-08-07T15:23:10.803,9,95.5,669.5,382.5,True,
run_20260807_152050_562216,4193,138,2026-08-07T15:23:10.803,10,73.5,691.0,382.25,True,
run_20260807_152050_562216,4193,138,2026-08-07T15:23:10.803,11,51.5,713.0,382.25,True,
run_20260807_152050_562216,4193,138,2026-08-07T15:23:10.803,12,29.5,734.0,381.75,True,
run_20260807_152050_562216,4224,139,2026-08-07T15:23:11.836,0,312.5,470.0,391.25,True,
run_20260807_152050_562216,4224,139,2026-08-07T15:23:11.836,1,272.5,492.0,382.25,True,
run_20260807_152050_562216,4224,139,2026-08-07T15:23:11.836,2,250.5,514.5,382.5,True,
run_20260807_152050_562216,4224,139,2026-08-07T15:23:11.836,3,228.5,536.5,382.5,True,
run_20260807_152050_562216,4224,139,2026-08-07T15:23:11.836,4,206.5,558.5,382.5,True,
run_20260807_152050_562216,4224,139,2026-08-07T15:23:11.836,5,183.5,581.5,382.5,True,
run_20260807_152050_562216,4224,139,2026-08-07T15:23:11.836,6,161.5,603.5,382.5,True,
run_20260807_152050_562216,4224,139,2026-08-07T15:23:11.836,7,139.5,625.5,382.5,True,
run_20260807_152050_562216,4224,139,2026-08-07T15:23:11.836,8,117.5,647.5,382.5,True,
run_20260807_152050_562216,4224,139,2026-08-07T15:23:11.836,9,95.5,669.5,382.5,True,
run_20260807_152050_562216,4224,139,2026-08-07T15:23:11.836,10,73.5,691.0,382.25,True,
run_20260807_152050_562216,4224,139,2026-08-07T15:23:11.836,11,51.5,713.0,382.25,True,
run_20260807_152050_562216,4224,139,2026-08-07T15:23:11.836,12,29.5,734.0,381.75,True,
run_20260807_152050_562216,4255,140,2026-08-07T15:23:12.869,0,272.5,470.0,371.25,True,
run_20260807_152050_562216,4255,140,2026-08-07T15:23:12.869,1,250.5,492.0,371.25,True,
run_20260807_152050_562216,4255,140,2026-08-07T15:23:12.869,2,228.5,514.5,371.5,True,
run_20260807_152050_562216,4255,140,2026-08-07T15:23:12.869,3,206.5,536.5,371.5,True,
run_20260807_152050_562216,4255,140,2026-08-07T15:23:12.869,4,183.5,558.5,371.0,True,
run_20260807_152050_562216,4255,140,2026-08-07T15:23:12.869,5,161.5,581.5,371.5,True,
run_20260807_152050_562216,4255,140,2026-08-07T15:23:12.869,6,139.5,603.5,371.5,True,
run_20260807_152050_562216,4255,140,2026-08-07T15:23:12.869,7,117.5,625.5,371.5,True,
run_20260807_152050_562216,4255,140,2026-08-07T15:23:12.869,8,95.5,647.5,371.5,True,
run_20260807_152050_562216,4255,140,2026-08-07T15:23:12.869,9,73.5,669.5,371.5,True,
run_20260807_152050_562216,4255,140,2026-08-07T15:23:12.869,10,51.5,691.0,371.25,True,
run_20260807_152050_562216,4255,140,2026-08-07T15:23:12.869,11,29.5,713.0,371.25,True,
run_20260807_152050_562216,4255,140,2026-08-07T15:23:12.869,12,8.0,734.0,371.0,True,
run_20260807_152050_562216,4285,141,2026-08-07T15:23:13.870,0,272.5,470.0,371.25,True,
run_20260807_152050_562216,4285,141,2026-08-07T15:23:13.870,1,250.5,492.0,371.25,True,
run_20260807_152050_562216,4285,141,2026-08-07T15:23:13.870,2,228.5,514.5,371.5,True,
run_20260807_152050_562216,4285,141,2026-08-07T15:23:13.870,3,206.5,536.5,371.5,True,
run_20260807_152050_562216,4285,141,2026-08-07T15:23:13.870,4,183.5,558.5,371.0,True,
run_20260807_152050_562216,4285,141,2026-08-07T15:23:13.870,5,161.5,581.5,371.5,True,
run_20260807_152050_562216,4285,141,2026-08-07T15:23:13.870,6,139.5,603.5,371.5,True,
run_20260807_152050_562216,4285,141,2026-08-07T15:23:13.870,7,117.5,625.5,371.5,True,
run_20260807_152050_562216,4285,141,2026-08-07T15:23:13.870,8,95.5,647.5,371.5,True,
run_20260807_152050_562216,4285,141,2026-08-07T15:23:13.870,9,73.5,669.5,371.5,True,
run_20260807_152050_562216,4285,141,2026-08-07T15:23:13.870,10,51.5,691.0,371.25,True,
run_20260807_152050_562216,4285,141,2026-08-07T15:23:13.870,11,29.5,713.0,371.25,True,
run_20260807_152050_562216,4285,141,2026-08-07T15:23:13.870,12,8.0,734.0,371.0,True,
run_20260807_152050_562216,4316,142,2026-08-07T15:23:14.903,0,272.5,470.0,371.25,True,
run_20260807_152050_562216,4316,142,2026-08-07T15:23:14.903,1,250.5,492.0,371.25,True,
run_20260807_152050_562216,4316,142,2026-08-07T15:23:14.903,2,228.5,514.5,371.5,True,
run_20260807_152050_562216,4316,142,2026-08-07T15:23:14.903,3,206.5,536.5,371.5,True,
run_20260807_152050_562216,4316,142,2026-08-07T15:23:14.903,4,183.5,558.5,371.0,True,
run_20260807_152050_562216,4316,142,2026-08-07T15:23:14.903,5,161.5,581.5,371.5,True,
run_20260807_152050_562216,4316,142,2026-08-07T15:23:14.903,6,139.5,603.5,371.5,True,
run_20260807_152050_562216,4316,142,2026-08-07T15:23:14.903,7,117.5,625.5,371.5,True,
run_20260807_152050_562216,4316,142,2026-08-07T15:23:14.903,8,95.5,647.5,371.5,True,
run_20260807_152050_562216,4316,142,2026-08-07T15:23:14.903,9,73.5,669.5,371.5,True,
run_20260807_152050_562216,4316,142,2026-08-07T15:23:14.903,10,51.5,691.0,371.25,True,
run_20260807_152050_562216,4316,142,2026-08-07T15:23:14.903,11,29.5,713.0,371.25,True,
run_20260807_152050_562216,4316,142,2026-08-07T15:23:14.903,12,8.0,734.0,371.0,True,
run_20260807_152050_562216,4347,143,2026-08-07T15:23:15.936,0,272.5,470.0,371.25,True,
run_20260807_152050_562216,4347,143,2026-08-07T15:23:15.936,1,250.5,492.0,371.25,True,
run_20260807_152050_562216,4347,143,2026-08-07T15:23:15.936,2,228.5,514.5,371.5,True,
run_20260807_152050_562216,4347,143,2026-08-07T15:23:15.936,3,206.5,536.5,371.5,True,
run_20260807_152050_562216,4347,143,2026-08-07T15:23:15.936,4,183.5,558.5,371.0,True,
run_20260807_152050_562216,4347,143,2026-08-07T15:23:15.936,5,161.5,581.5,371.5,True,
run_20260807_152050_562216,4347,143,2026-08-07T15:23:15.936,6,139.5,603.5,371.5,True,
run_20260807_152050_562216,4347,143,2026-08-07T15:23:15.936,7,117.5,625.5,371.5,True,
run_20260807_152050_562216,4347,143,2026-08-07T15:23:15.936,8,95.5,647.5,371.5,True,
run_20260807_152050_562216,4347,143,2026-08-07T15:23:15.936,9,73.5,669.5,371.5,True,
run_20260807_152050_562216,4347,143,2026-08-07T15:23:15.936,10,51.5,691.0,371.25,True,
run_20260807_152050_562216,4347,143,2026-08-07T15:23:15.936,11,29.5,713.0,371.25,True,
run_20260807_152050_562216,4347,143,2026-08-07T15:23:15.936,12,8.0,734.0,371.0,True,
run_20260807_152050_562216,4377,144,2026-08-07T15:23:16.936,0,272.5,470.0,371.25,True,
run_20260807_152050_562216,4377,144,2026-08-07T15:23:16.936,1,250.5,492.0,371.25,True,
run_20260807_152050_562216,4377,144,2026-08-07T15:23:16.936,2,228.5,514.5,371.5,True,
run_20260807_152050_562216,4377,144,2026-08-07T15:23:16.936,3,206.5,536.5,371.5,True,
run_20260807_152050_562216,4377,144,2026-08-07T15:23:16.936,4,183.5,558.5,371.0,True,
run_20260807_152050_562216,4377,144,2026-08-07T15:23:16.936,5,161.5,581.5,371.5,True,
run_20260807_152050_562216,4377,144,2026-08-07T15:23:16.936,6,139.5,603.5,371.5,True,
run_20260807_152050_562216,4377,144,2026-08-07T15:23:16.936,7,117.5,625.5,371.5,True,
run_20260807_152050_562216,4377,144,2026-08-07T15:23:16.936,8,95.5,647.5,371.5,True,
run_20260807_152050_562216,4377,144,2026-08-07T15:23:16.936,9,73.5,669.5,371.5,True,
run_20260807_152050_562216,4377,144,2026-08-07T15:23:16.936,10,51.5,691.0,371.25,True,
run_20260807_152050_562216,4377,144,2026-08-07T15:23:16.936,11,29.5,713.0,371.25,True,
run_20260807_152050_562216,4377,144,2026-08-07T15:23:16.936,12,8.0,734.0,371.0,True,
run_20260807_152050_562216,4408,145,2026-08-07T15:23:17.970,0,312.5,470.0,391.25,True,
run_20260807_152050_562216,4408,145,2026-08-07T15:23:17.970,1,272.5,492.0,382.25,True,
run_20260807_152050_562216,4408,145,2026-08-07T15:23:17.970,2,250.5,514.5,382.5,True,
run_20260807_152050_562216,4408,145,2026-08-07T15:23:17.970,3,228.5,536.5,382.5,True,
run_20260807_152050_562216,4408,145,2026-08-07T15:23:17.970,4,206.5,558.5,382.5,True,
run_20260807_152050_562216,4408,145,2026-08-07T15:23:17.970,5,183.5,581.5,382.5,True,
run_20260807_152050_562216,4408,145,2026-08-07T15:23:17.970,6,161.5,603.5,382.5,True,
run_20260807_152050_562216,4408,145,2026-08-07T15:23:17.970,7,139.5,625.5,382.5,True,
run_20260807_152050_562216,4408,145,2026-08-07T15:23:17.970,8,117.5,647.5,382.5,True,
run_20260807_152050_562216,4408,145,2026-08-07T15:23:17.970,9,95.5,669.5,382.5,True,
run_20260807_152050_562216,4408,145,2026-08-07T15:23:17.970,10,73.5,691.0,382.25,True,
run_20260807_152050_562216,4408,145,2026-08-07T15:23:17.970,11,51.5,713.0,382.25,True,
run_20260807_152050_562216,4408,145,2026-08-07T15:23:17.970,12,29.5,734.0,381.75,True,
run_20260807_152050_562216,4439,146,2026-08-07T15:23:19.003,0,272.5,470.0,371.25,True,
run_20260807_152050_562216,4439,146,2026-08-07T15:23:19.003,1,250.5,492.0,371.25,True,
run_20260807_152050_562216,4439,146,2026-08-07T15:23:19.003,2,228.5,514.5,371.5,True,
run_20260807_152050_562216,4439,146,2026-08-07T15:23:19.003,3,206.5,536.5,371.5,True,
run_20260807_152050_562216,4439,146,2026-08-07T15:23:19.003,4,183.5,558.5,371.0,True,
run_20260807_152050_562216,4439,146,2026-08-07T15:23:19.003,5,161.5,581.5,371.5,True,
run_20260807_152050_562216,4439,146,2026-08-07T15:23:19.003,6,139.5,603.5,371.5,True,
run_20260807_152050_562216,4439,146,2026-08-07T15:23:19.003,7,117.5,625.5,371.5,True,
run_20260807_152050_562216,4439,146,2026-08-07T15:23:19.003,8,95.5,647.5,371.5,True,
run_20260807_152050_562216,4439,146,2026-08-07T15:23:19.003,9,73.5,669.5,371.5,True,
run_20260807_152050_562216,4439,146,2026-08-07T15:23:19.003,10,51.5,691.0,371.25,True,
run_20260807_152050_562216,4439,146,2026-08-07T15:23:19.003,11,29.5,713.0,371.25,True,
run_20260807_152050_562216,4439,146,2026-08-07T15:23:19.003,12,8.0,734.0,371.0,True,
run_20260807_152050_562216,4470,147,2026-08-07T15:23:20.036,0,272.5,470.0,371.25,True,
run_20260807_152050_562216,4470,147,2026-08-07T15:23:20.036,1,250.5,492.0,371.25,True,
run_20260807_152050_562216,4470,147,2026-08-07T15:23:20.036,2,228.5,514.5,371.5,True,
run_20260807_152050_562216,4470,147,2026-08-07T15:23:20.036,3,206.5,536.5,371.5,True,
run_20260807_152050_562216,4470,147,2026-08-07T15:23:20.036,4,183.5,558.5,371.0,True,
run_20260807_152050_562216,4470,147,2026-08-07T15:23:20.036,5,161.5,581.5,371.5,True,
run_20260807_152050_562216,4470,147,2026-08-07T15:23:20.036,6,139.5,603.5,371.5,True,
run_20260807_152050_562216,4470,147,2026-08-07T15:23:20.036,7,117.5,625.5,371.5,True,
run_20260807_152050_562216,4470,147,2026-08-07T15:23:20.036,8,95.5,647.5,371.5,True,
run_20260807_152050_562216,4470,147,2026-08-07T15:23:20.036,9,73.5,669.5,371.5,True,
run_20260807_152050_562216,4470,147,2026-08-07T15:23:20.036,10,51.5,691.0,371.25,True,
run_20260807_152050_562216,4470,147,2026-08-07T15:23:20.036,11,29.5,712.5,371.0,True,
run_20260807_152050_562216,4470,147,2026-08-07T15:23:20.036,12,8.0,734.0,371.0,True,
run_20260807_152050_562216,4500,148,2026-08-07T15:23:21.036,0,272.5,470.0,371.25,True,
run_20260807_152050_562216,4500,148,2026-08-07T15:23:21.036,1,250.5,492.0,371.25,True,
run_20260807_152050_562216,4500,148,2026-08-07T15:23:21.036,2,228.5,514.5,371.5,True,
run_20260807_152050_562216,4500,148,2026-08-07T15:23:21.036,3,206.5,536.5,371.5,True,
run_20260807_152050_562216,4500,148,2026-08-07T15:23:21.036,4,183.5,558.5,371.0,True,
run_20260807_152050_562216,4500,148,2026-08-07T15:23:21.036,5,161.5,581.5,371.5,True,
run_20260807_152050_562216,4500,148,2026-08-07T15:23:21.036,6,139.5,603.5,371.5,True,
run_20260807_152050_562216,4500,148,2026-08-07T15:23:21.036,7,117.5,625.5,371.5,True,
run_20260807_152050_562216,4500,148,2026-08-07T15:23:21.036,8,95.5,647.5,371.5,True,
run_20260807_152050_562216,4500,148,2026-08-07T15:23:21.036,9,73.5,669.5,371.5,True,
run_20260807_152050_562216,4500,148,2026-08-07T15:23:21.036,10,51.5,691.0,371.25,True,
run_20260807_152050_562216,4500,148,2026-08-07T15:23:21.036,11,29.5,713.0,371.25,True,
run_20260807_152050_562216,4500,148,2026-08-07T15:23:21.036,12,8.0,734.0,371.0,True,
run_20260807_152050_562216,4531,149,2026-08-07T15:23:22.069,0,272.5,470.0,371.25,True,
run_20260807_152050_562216,4531,149,2026-08-07T15:23:22.069,1,250.5,492.0,371.25,True,
run_20260807_152050_562216,4531,149,2026-08-07T15:23:22.069,2,228.5,514.5,371.5,True,
run_20260807_152050_562216,4531,149,2026-08-07T15:23:22.069,3,206.5,536.5,371.5,True,
run_20260807_152050_562216,4531,149,2026-08-07T15:23:22.069,4,183.5,558.5,371.0,True,
run_20260807_152050_562216,4531,149,2026-08-07T15:23:22.069,5,161.5,581.5,371.5,True,
run_20260807_152050_562216,4531,149,2026-08-07T15:23:22.069,6,139.5,603.5,371.5,True,
run_20260807_152050_562216,4531,149,2026-08-07T15:23:22.069,7,117.5,625.5,371.5,True,
run_20260807_152050_562216,4531,149,2026-08-07T15:23:22.069,8,95.5,647.5,371.5,True,
run_20260807_152050_562216,4531,149,2026-08-07T15:23:22.069,9,73.5,669.5,371.5,True,
run_20260807_152050_562216,4531,149,2026-08-07T15:23:22.069,10,51.5,691.0,371.25,True,
run_20260807_152050_562216,4531,149,2026-08-07T15:23:22.069,11,29.5,713.0,371.25,True,
run_20260807_152050_562216,4531,149,2026-08-07T15:23:22.069,12,8.0,734.0,371.0,True,
run_20260807_152050_562216,4561,150,2026-08-07T15:23:23.070,0,272.5,470.0,371.25,True,
run_20260807_152050_562216,4561,150,2026-08-07T15:23:23.070,1,250.5,492.0,371.25,True,
run_20260807_152050_562216,4561,150,2026-08-07T15:23:23.070,2,228.5,514.5,371.5,True,
run_20260807_152050_562216,4561,150,2026-08-07T15:23:23.070,3,206.5,536.5,371.5,True,
run_20260807_152050_562216,4561,150,2026-08-07T15:23:23.070,4,183.5,558.5,371.0,True,
run_20260807_152050_562216,4561,150,2026-08-07T15:23:23.070,5,161.5,581.5,371.5,True,
run_20260807_152050_562216,4561,150,2026-08-07T15:23:23.070,6,139.5,603.5,371.5,True,
run_20260807_152050_562216,4561,150,2026-08-07T15:23:23.070,7,117.5,625.5,371.5,True,
run_20260807_152050_562216,4561,150,2026-08-07T15:23:23.070,8,95.5,647.5,371.5,True,
run_20260807_152050_562216,4561,150,2026-08-07T15:23:23.070,9,73.5,669.5,371.5,True,
run_20260807_152050_562216,4561,150,2026-08-07T15:23:23.070,10,51.5,691.0,371.25,True,
run_20260807_152050_562216,4561,150,2026-08-07T15:23:23.070,11,29.5,713.0,371.25,True,
run_20260807_152050_562216,4561,150,2026-08-07T15:23:23.070,12,8.0,734.0,371.0,True,
run_20260807_152050_562216,4592,151,2026-08-07T15:23:24.103,0,272.5,470.0,371.25,True,
run_20260807_152050_562216,4592,151,2026-08-07T15:23:24.103,1,250.5,492.0,371.25,True,
run_20260807_152050_562216,4592,151,2026-08-07T15:23:24.103,2,228.5,514.5,371.5,True,
run_20260807_152050_562216,4592,151,2026-08-07T15:23:24.103,3,206.5,536.5,371.5,True,
run_20260807_152050_562216,4592,151,2026-08-07T15:23:24.103,4,183.5,558.5,371.0,True,
run_20260807_152050_562216,4592,151,2026-08-07T15:23:24.103,5,161.5,581.5,371.5,True,
run_20260807_152050_562216,4592,151,2026-08-07T15:23:24.103,6,139.5,603.5,371.5,True,
run_20260807_152050_562216,4592,151,2026-08-07T15:23:24.103,7,117.5,625.5,371.5,True,
run_20260807_152050_562216,4592,151,2026-08-07T15:23:24.103,8,95.5,647.5,371.5,True,
run_20260807_152050_562216,4592,151,2026-08-07T15:23:24.103,9,73.5,669.5,371.5,True,
run_20260807_152050_562216,4592,151,2026-08-07T15:23:24.103,10,51.5,691.0,371.25,True,
run_20260807_152050_562216,4592,151,2026-08-07T15:23:24.103,11,29.5,713.0,371.25,True,
run_20260807_152050_562216,4592,151,2026-08-07T15:23:24.103,12,8.0,734.0,371.0,True,
run_20260807_152050_562216,4623,152,2026-08-07T15:23:25.136,0,272.5,470.0,371.25,True,
run_20260807_152050_562216,4623,152,2026-08-07T15:23:25.136,1,250.5,492.0,371.25,True,
run_20260807_152050_562216,4623,152,2026-08-07T15:23:25.136,2,228.5,514.5,371.5,True,
run_20260807_152050_562216,4623,152,2026-08-07T15:23:25.136,3,206.5,536.5,371.5,True,
run_20260807_152050_562216,4623,152,2026-08-07T15:23:25.136,4,183.5,558.5,371.0,True,
run_20260807_152050_562216,4623,152,2026-08-07T15:23:25.136,5,161.5,581.5,371.5,True,
run_20260807_152050_562216,4623,152,2026-08-07T15:23:25.136,6,139.5,603.5,371.5,True,
run_20260807_152050_562216,4623,152,2026-08-07T15:23:25.136,7,117.5,625.5,371.5,True,
run_20260807_152050_562216,4623,152,2026-08-07T15:23:25.136,8,95.5,647.5,371.5,True,
run_20260807_152050_562216,4623,152,2026-08-07T15:23:25.136,9,73.5,669.5,371.5,True,
run_20260807_152050_562216,4623,152,2026-08-07T15:23:25.136,10,51.5,691.0,371.25,True,
run_20260807_152050_562216,4623,152,2026-08-07T15:23:25.136,11,29.5,713.0,371.25,True,
run_20260807_152050_562216,4623,152,2026-08-07T15:23:25.136,12,8.0,734.0,371.0,True,
run_20260807_152050_562216,4653,153,2026-08-07T15:23:26.136,0,272.5,470.0,371.25,True,
run_20260807_152050_562216,4653,153,2026-08-07T15:23:26.136,1,250.5,492.0,371.25,True,
run_20260807_152050_562216,4653,153,2026-08-07T15:23:26.136,2,228.5,514.5,371.5,True,
run_20260807_152050_562216,4653,153,2026-08-07T15:23:26.136,3,206.5,536.5,371.5,True,
run_20260807_152050_562216,4653,153,2026-08-07T15:23:26.136,4,183.5,558.5,371.0,True,
run_20260807_152050_562216,4653,153,2026-08-07T15:23:26.136,5,161.5,581.5,371.5,True,
run_20260807_152050_562216,4653,153,2026-08-07T15:23:26.136,6,139.5,603.5,371.5,True,
run_20260807_152050_562216,4653,153,2026-08-07T15:23:26.136,7,117.5,625.5,371.5,True,
run_20260807_152050_562216,4653,153,2026-08-07T15:23:26.136,8,95.5,647.5,371.5,True,
run_20260807_152050_562216,4653,153,2026-08-07T15:23:26.136,9,73.5,669.5,371.5,True,
run_20260807_152050_562216,4653,153,2026-08-07T15:23:26.136,10,51.5,691.0,371.25,True,
run_20260807_152050_562216,4653,153,2026-08-07T15:23:26.136,11,29.5,713.0,371.25,True,
run_20260807_152050_562216,4653,153,2026-08-07T15:23:26.136,12,8.0,734.0,371.0,True,
run_20260807_152050_562216,4684,154,2026-08-07T15:23:27.170,0,272.5,470.0,371.25,True,
run_20260807_152050_562216,4684,154,2026-08-07T15:23:27.170,1,250.5,492.0,371.25,True,
run_20260807_152050_562216,4684,154,2026-08-07T15:23:27.170,2,228.5,514.5,371.5,True,
run_20260807_152050_562216,4684,154,2026-08-07T15:23:27.170,3,206.5,536.5,371.5,True,
run_20260807_152050_562216,4684,154,2026-08-07T15:23:27.170,4,183.5,558.5,371.0,True,
run_20260807_152050_562216,4684,154,2026-08-07T15:23:27.170,5,161.5,581.5,371.5,True,
run_20260807_152050_562216,4684,154,2026-08-07T15:23:27.170,6,139.5,603.5,371.5,True,
run_20260807_152050_562216,4684,154,2026-08-07T15:23:27.170,7,117.5,625.5,371.5,True,
run_20260807_152050_562216,4684,154,2026-08-07T15:23:27.170,8,95.5,647.5,371.5,True,
run_20260807_152050_562216,4684,154,2026-08-07T15:23:27.170,9,73.5,669.5,371.5,True,
run_20260807_152050_562216,4684,154,2026-08-07T15:23:27.170,10,51.5,691.0,371.25,True,
run_20260807_152050_562216,4684,154,2026-08-07T15:23:27.170,11,29.5,713.0,371.25,True,
run_20260807_152050_562216,4684,154,2026-08-07T15:23:27.170,12,8.0,734.0,371.0,True,
run_20260807_152050_562216,4715,155,2026-08-07T15:23:28.202,0,272.5,470.0,371.25,True,
run_20260807_152050_562216,4715,155,2026-08-07T15:23:28.202,1,250.5,492.0,371.25,True,
run_20260807_152050_562216,4715,155,2026-08-07T15:23:28.202,2,228.5,514.5,371.5,True,
run_20260807_152050_562216,4715,155,2026-08-07T15:23:28.202,3,206.5,536.5,371.5,True,
run_20260807_152050_562216,4715,155,2026-08-07T15:23:28.202,4,183.5,558.5,371.0,True,
run_20260807_152050_562216,4715,155,2026-08-07T15:23:28.202,5,161.5,581.5,371.5,True,
run_20260807_152050_562216,4715,155,2026-08-07T15:23:28.202,6,139.5,603.5,371.5,True,
run_20260807_152050_562216,4715,155,2026-08-07T15:23:28.202,7,117.5,625.5,371.5,True,
run_20260807_152050_562216,4715,155,2026-08-07T15:23:28.202,8,95.5,647.5,371.5,True,
run_20260807_152050_562216,4715,155,2026-08-07T15:23:28.202,9,73.5,669.5,371.5,True,
run_20260807_152050_562216,4715,155,2026-08-07T15:23:28.202,10,51.5,691.0,371.25,True,
run_20260807_152050_562216,4715,155,2026-08-07T15:23:28.202,11,29.5,713.0,371.25,True,
run_20260807_152050_562216,4715,155,2026-08-07T15:23:28.202,12,8.0,734.0,371.0,True,
run_20260807_152050_562216,4745,156,2026-08-07T15:23:29.203,0,272.5,470.0,371.25,True,
run_20260807_152050_562216,4745,156,2026-08-07T15:23:29.203,1,250.5,492.0,371.25,True,
run_20260807_152050_562216,4745,156,2026-08-07T15:23:29.203,2,228.5,514.5,371.5,True,
run_20260807_152050_562216,4745,156,2026-08-07T15:23:29.203,3,206.5,536.5,371.5,True,
run_20260807_152050_562216,4745,156,2026-08-07T15:23:29.203,4,183.5,558.5,371.0,True,
run_20260807_152050_562216,4745,156,2026-08-07T15:23:29.203,5,161.5,581.5,371.5,True,
run_20260807_152050_562216,4745,156,2026-08-07T15:23:29.203,6,139.5,603.5,371.5,True,
run_20260807_152050_562216,4745,156,2026-08-07T15:23:29.203,7,117.5,625.5,371.5,True,
run_20260807_152050_562216,4745,156,2026-08-07T15:23:29.203,8,95.5,647.5,371.5,True,
run_20260807_152050_562216,4745,156,2026-08-07T15:23:29.203,9,73.5,669.5,371.5,True,
run_20260807_152050_562216,4745,156,2026-08-07T15:23:29.203,10,51.5,691.0,371.25,True,
run_20260807_152050_562216,4745,156,2026-08-07T15:23:29.203,11,29.5,713.0,371.25,True,
run_20260807_152050_562216,4745,156,2026-08-07T15:23:29.203,12,8.0,734.0,371.0,True,
run_20260807_152050_562216,4776,157,2026-08-07T15:23:30.236,0,272.5,470.0,371.25,True,
run_20260807_152050_562216,4776,157,2026-08-07T15:23:30.236,1,250.5,492.0,371.25,True,
run_20260807_152050_562216,4776,157,2026-08-07T15:23:30.236,2,228.5,514.5,371.5,True,
run_20260807_152050_562216,4776,157,2026-08-07T15:23:30.236,3,206.5,536.5,371.5,True,
run_20260807_152050_562216,4776,157,2026-08-07T15:23:30.236,4,183.5,558.5,371.0,True,
run_20260807_152050_562216,4776,157,2026-08-07T15:23:30.236,5,161.5,581.5,371.5,True,
run_20260807_152050_562216,4776,157,2026-08-07T15:23:30.236,6,139.5,603.5,371.5,True,
run_20260807_152050_562216,4776,157,2026-08-07T15:23:30.236,7,117.5,625.5,371.5,True,
run_20260807_152050_562216,4776,157,2026-08-07T15:23:30.236,8,95.5,647.5,371.5,True,
run_20260807_152050_562216,4776,157,2026-08-07T15:23:30.236,9,73.5,669.5,371.5,True,
run_20260807_152050_562216,4776,157,2026-08-07T15:23:30.236,10,51.5,691.0,371.25,True,
run_20260807_152050_562216,4776,157,2026-08-07T15:23:30.236,11,29.5,713.0,371.25,True,
run_20260807_152050_562216,4776,157,2026-08-07T15:23:30.236,12,8.0,734.0,371.0,True,
run_20260807_152050_562216,4807,158,2026-08-07T15:23:31.269,0,272.5,470.0,371.25,True,
run_20260807_152050_562216,4807,158,2026-08-07T15:23:31.269,1,250.5,492.0,371.25,True,
run_20260807_152050_562216,4807,158,2026-08-07T15:23:31.269,2,228.5,514.5,371.5,True,
run_20260807_152050_562216,4807,158,2026-08-07T15:23:31.269,3,206.5,536.5,371.5,True,
run_20260807_152050_562216,4807,158,2026-08-07T15:23:31.269,4,183.5,558.5,371.0,True,
run_20260807_152050_562216,4807,158,2026-08-07T15:23:31.269,5,161.5,581.5,371.5,True,
run_20260807_152050_562216,4807,158,2026-08-07T15:23:31.269,6,139.5,603.5,371.5,True,
run_20260807_152050_562216,4807,158,2026-08-07T15:23:31.269,7,117.5,625.5,371.5,True,
run_20260807_152050_562216,4807,158,2026-08-07T15:23:31.269,8,95.5,647.5,371.5,True,
run_20260807_152050_562216,4807,158,2026-08-07T15:23:31.269,9,73.5,669.5,371.5,True,
run_20260807_152050_562216,4807,158,2026-08-07T15:23:31.269,10,51.5,691.0,371.25,True,
run_20260807_152050_562216,4807,158,2026-08-07T15:23:31.269,11,29.5,713.0,371.25,True,
run_20260807_152050_562216,4807,158,2026-08-07T15:23:31.269,12,8.0,734.0,371.0,True,
run_20260807_152050_562216,4837,159,2026-08-07T15:23:32.270,0,272.5,470.0,371.25,True,
run_20260807_152050_562216,4837,159,2026-08-07T15:23:32.270,1,250.5,492.0,371.25,True,
run_20260807_152050_562216,4837,159,2026-08-07T15:23:32.270,2,228.5,514.5,371.5,True,
run_20260807_152050_562216,4837,159,2026-08-07T15:23:32.270,3,206.5,536.5,371.5,True,
run_20260807_152050_562216,4837,159,2026-08-07T15:23:32.270,4,183.5,558.5,371.0,True,
run_20260807_152050_562216,4837,159,2026-08-07T15:23:32.270,5,161.5,581.5,371.5,True,
run_20260807_152050_562216,4837,159,2026-08-07T15:23:32.270,6,139.5,603.5,371.5,True,
run_20260807_152050_562216,4837,159,2026-08-07T15:23:32.270,7,117.5,625.5,371.5,True,
run_20260807_152050_562216,4837,159,2026-08-07T15:23:32.270,8,95.5,647.5,371.5,True,
run_20260807_152050_562216,4837,159,2026-08-07T15:23:32.270,9,73.5,669.5,371.5,True,
run_20260807_152050_562216,4837,159,2026-08-07T15:23:32.270,10,51.5,691.0,371.25,True,
run_20260807_152050_562216,4837,159,2026-08-07T15:23:32.270,11,29.5,713.0,371.25,True,
run_20260807_152050_562216,4837,159,2026-08-07T15:23:32.270,12,8.0,734.0,371.0,True,
run_20260807_152050_562216,4868,160,2026-08-07T15:23:33.303,0,272.5,470.0,371.25,True,
run_20260807_152050_562216,4868,160,2026-08-07T15:23:33.303,1,250.5,492.0,371.25,True,
run_20260807_152050_562216,4868,160,2026-08-07T15:23:33.303,2,228.5,514.5,371.5,True,
run_20260807_152050_562216,4868,160,2026-08-07T15:23:33.303,3,206.5,536.5,371.5,True,
run_20260807_152050_562216,4868,160,2026-08-07T15:23:33.303,4,183.5,558.5,371.0,True,
run_20260807_152050_562216,4868,160,2026-08-07T15:23:33.303,5,161.5,581.5,371.5,True,
run_20260807_152050_562216,4868,160,2026-08-07T15:23:33.303,6,139.5,603.5,371.5,True,
run_20260807_152050_562216,4868,160,2026-08-07T15:23:33.303,7,117.5,625.5,371.5,True,
run_20260807_152050_562216,4868,160,2026-08-07T15:23:33.303,8,95.5,647.5,371.5,True,
run_20260807_152050_562216,4868,160,2026-08-07T15:23:33.303,9,73.5,669.5,371.5,True,
run_20260807_152050_562216,4868,160,2026-08-07T15:23:33.303,10,51.5,691.0,371.25,True,
run_20260807_152050_562216,4868,160,2026-08-07T15:23:33.303,11,29.5,713.0,371.25,True,
run_20260807_152050_562216,4868,160,2026-08-07T15:23:33.303,12,8.0,734.0,371.0,True,
run_20260807_152050_562216,4899,161,2026-08-07T15:23:34.335,0,272.5,470.0,371.25,True,
run_20260807_152050_562216,4899,161,2026-08-07T15:23:34.335,1,250.5,492.0,371.25,True,
run_20260807_152050_562216,4899,161,2026-08-07T15:23:34.335,2,228.5,514.5,371.5,True,
run_20260807_152050_562216,4899,161,2026-08-07T15:23:34.335,3,206.5,536.5,371.5,True,
run_20260807_152050_562216,4899,161,2026-08-07T15:23:34.335,4,183.5,558.5,371.0,True,
run_20260807_152050_562216,4899,161,2026-08-07T15:23:34.335,5,161.5,581.5,371.5,True,
run_20260807_152050_562216,4899,161,2026-08-07T15:23:34.335,6,139.5,603.5,371.5,True,
run_20260807_152050_562216,4899,161,2026-08-07T15:23:34.335,7,117.5,625.5,371.5,True,
run_20260807_152050_562216,4899,161,2026-08-07T15:23:34.335,8,95.5,647.5,371.5,True,
run_20260807_152050_562216,4899,161,2026-08-07T15:23:34.335,9,73.5,669.5,371.5,True,
run_20260807_152050_562216,4899,161,2026-08-07T15:23:34.335,10,51.5,691.0,371.25,True,
run_20260807_152050_562216,4899,161,2026-08-07T15:23:34.335,11,29.5,713.0,371.25,True,
run_20260807_152050_562216,4899,161,2026-08-07T15:23:34.335,12,8.0,734.0,371.0,True,
run_20260807_152050_562216,4929,162,2026-08-07T15:23:35.336,0,272.5,470.0,371.25,True,
run_20260807_152050_562216,4929,162,2026-08-07T15:23:35.336,1,250.5,492.0,371.25,True,
run_20260807_152050_562216,4929,162,2026-08-07T15:23:35.336,2,228.5,514.5,371.5,True,
run_20260807_152050_562216,4929,162,2026-08-07T15:23:35.336,3,206.5,536.5,371.5,True,
run_20260807_152050_562216,4929,162,2026-08-07T15:23:35.336,4,183.5,558.5,371.0,True,
run_20260807_152050_562216,4929,162,2026-08-07T15:23:35.336,5,161.5,581.5,371.5,True,
run_20260807_152050_562216,4929,162,2026-08-07T15:23:35.336,6,139.5,603.5,371.5,True,
run_20260807_152050_562216,4929,162,2026-08-07T15:23:35.336,7,117.5,625.5,371.5,True,
run_20260807_152050_562216,4929,162,2026-08-07T15:23:35.336,8,95.5,647.5,371.5,True,
run_20260807_152050_562216,4929,162,2026-08-07T15:23:35.336,9,73.5,669.5,371.5,True,
run_20260807_152050_562216,4929,162,2026-08-07T15:23:35.336,10,51.5,691.0,371.25,True,
run_20260807_152050_562216,4929,162,2026-08-07T15:23:35.336,11,29.5,712.5,371.0,True,
run_20260807_152050_562216,4929,162,2026-08-07T15:23:35.336,12,8.0,734.0,371.0,True,
run_20260807_152050_562216,4960,163,2026-08-07T15:23:36.370,0,272.6363636363636,470.0,371.3181818181818,True,
run_20260807_152050_562216,4960,163,2026-08-07T15:23:36.370,1,250.5,492.0,371.25,True,
run_20260807_152050_562216,4960,163,2026-08-07T15:23:36.370,2,228.5,514.5,371.5,True,
run_20260807_152050_562216,4960,163,2026-08-07T15:23:36.370,3,206.5,536.5,371.5,True,
run_20260807_152050_562216,4960,163,2026-08-07T15:23:36.370,4,183.5,558.5,371.0,True,
run_20260807_152050_562216,4960,163,2026-08-07T15:23:36.370,5,161.5,581.5,371.5,True,
run_20260807_152050_562216,4960,163,2026-08-07T15:23:36.370,6,139.5,603.5,371.5,True,
run_20260807_152050_562216,4960,163,2026-08-07T15:23:36.370,7,117.5,625.5,371.5,True,
run_20260807_152050_562216,4960,163,2026-08-07T15:23:36.370,8,95.5,647.5,371.5,True,
run_20260807_152050_562216,4960,163,2026-08-07T15:23:36.370,9,73.5,669.5,371.5,True,
run_20260807_152050_562216,4960,163,2026-08-07T15:23:36.370,10,51.5,691.0,371.25,True,
run_20260807_152050_562216,4960,163,2026-08-07T15:23:36.370,11,29.5,713.0,371.25,True,
run_20260807_152050_562216,4960,163,2026-08-07T15:23:36.370,12,8.0,734.0,371.0,True,
run_20260807_152050_562216,4991,164,2026-08-07T15:23:37.403,0,272.5,470.0,371.25,True,
run_20260807_152050_562216,4991,164,2026-08-07T15:23:37.403,1,250.5,492.0,371.25,True,
run_20260807_152050_562216,4991,164,2026-08-07T15:23:37.403,2,228.5,514.5,371.5,True,
run_20260807_152050_562216,4991,164,2026-08-07T15:23:37.403,3,206.5,536.5,371.5,True,
run_20260807_152050_562216,4991,164,2026-08-07T15:23:37.403,4,183.5,558.5,371.0,True,
run_20260807_152050_562216,4991,164,2026-08-07T15:23:37.403,5,161.5,581.5,371.5,True,
run_20260807_152050_562216,4991,164,2026-08-07T15:23:37.403,6,139.5,603.5,371.5,True,
run_20260807_152050_562216,4991,164,2026-08-07T15:23:37.403,7,117.5,625.5,371.5,True,
run_20260807_152050_562216,4991,164,2026-08-07T15:23:37.403,8,95.5,647.5,371.5,True,
run_20260807_152050_562216,4991,164,2026-08-07T15:23:37.403,9,73.5,669.5,371.5,True,
run_20260807_152050_562216,4991,164,2026-08-07T15:23:37.403,10,51.5,691.0,371.25,True,
run_20260807_152050_562216,4991,164,2026-08-07T15:23:37.403,11,29.5,713.0,371.25,True,
run_20260807_152050_562216,4991,164,2026-08-07T15:23:37.403,12,8.0,734.0,371.0,True,
run_20260807_152050_562216,5021,165,2026-08-07T15:23:38.404,0,272.5,470.0,371.25,True,
run_20260807_152050_562216,5021,165,2026-08-07T15:23:38.404,1,250.5,492.0,371.25,True,
run_20260807_152050_562216,5021,165,2026-08-07T15:23:38.404,2,228.5,514.5,371.5,True,
run_20260807_152050_562216,5021,165,2026-08-07T15:23:38.404,3,206.5,536.5,371.5,True,
run_20260807_152050_562216,5021,165,2026-08-07T15:23:38.404,4,183.5,558.5,371.0,True,
run_20260807_152050_562216,5021,165,2026-08-07T15:23:38.404,5,161.5,581.5,371.5,True,
run_20260807_152050_562216,5021,165,2026-08-07T15:23:38.404,6,139.5,603.5,371.5,True,
run_20260807_152050_562216,5021,165,2026-08-07T15:23:38.404,7,117.5,625.5,371.5,True,
run_20260807_152050_562216,5021,165,2026-08-07T15:23:38.404,8,95.5,647.5,371.5,True,
run_20260807_152050_562216,5021,165,2026-08-07T15:23:38.404,9,73.5,669.5,371.5,True,
run_20260807_152050_562216,5021,165,2026-08-07T15:23:38.404,10,51.5,691.0,371.25,True,
run_20260807_152050_562216,5021,165,2026-08-07T15:23:38.404,11,29.5,713.0,371.25,True,
run_20260807_152050_562216,5021,165,2026-08-07T15:23:38.404,12,8.0,734.0,371.0,True,
run_20260807_152050_562216,5052,166,2026-08-07T15:23:39.434,0,272.5,470.0,371.25,True,
run_20260807_152050_562216,5052,166,2026-08-07T15:23:39.434,1,250.5,492.0,371.25,True,
run_20260807_152050_562216,5052,166,2026-08-07T15:23:39.434,2,228.5,514.5,371.5,True,
run_20260807_152050_562216,5052,166,2026-08-07T15:23:39.434,3,206.5,536.5,371.5,True,
run_20260807_152050_562216,5052,166,2026-08-07T15:23:39.434,4,183.5,558.5,371.0,True,
run_20260807_152050_562216,5052,166,2026-08-07T15:23:39.434,5,161.5,581.5,371.5,True,
run_20260807_152050_562216,5052,166,2026-08-07T15:23:39.434,6,139.5,603.5,371.5,True,
run_20260807_152050_562216,5052,166,2026-08-07T15:23:39.434,7,117.5,625.5,371.5,True,
run_20260807_152050_562216,5052,166,2026-08-07T15:23:39.434,8,95.5,647.5,371.5,True,
run_20260807_152050_562216,5052,166,2026-08-07T15:23:39.434,9,73.5,669.5,371.5,True,
run_20260807_152050_562216,5052,166,2026-08-07T15:23:39.434,10,51.5,691.0,371.25,True,
run_20260807_152050_562216,5052,166,2026-08-07T15:23:39.434,11,29.5,713.0,371.25,True,
run_20260807_152050_562216,5052,166,2026-08-07T15:23:39.434,12,8.0,734.0,371.0,True,
run_20260807_152050_562216,5083,167,2026-08-07T15:23:40.466,0,272.6363636363636,470.0,371.3181818181818,True,
run_20260807_152050_562216,5083,167,2026-08-07T15:23:40.466,1,250.5,492.0,371.25,True,
run_20260807_152050_562216,5083,167,2026-08-07T15:23:40.466,2,228.5,514.5,371.5,True,
run_20260807_152050_562216,5083,167,2026-08-07T15:23:40.466,3,206.5,536.5,371.5,True,
run_20260807_152050_562216,5083,167,2026-08-07T15:23:40.466,4,183.5,558.5,371.0,True,
run_20260807_152050_562216,5083,167,2026-08-07T15:23:40.466,5,161.5,581.5,371.5,True,
run_20260807_152050_562216,5083,167,2026-08-07T15:23:40.466,6,139.5,603.5,371.5,True,
run_20260807_152050_562216,5083,167,2026-08-07T15:23:40.466,7,117.5,625.5,371.5,True,
run_20260807_152050_562216,5083,167,2026-08-07T15:23:40.466,8,95.5,647.5,371.5,True,
run_20260807_152050_562216,5083,167,2026-08-07T15:23:40.466,9,73.5,669.5,371.5,True,
run_20260807_152050_562216,5083,167,2026-08-07T15:23:40.466,10,51.5,691.0,371.25,True,
run_20260807_152050_562216,5083,167,2026-08-07T15:23:40.466,11,29.5,713.0,371.25,True,
run_20260807_152050_562216,5083,167,2026-08-07T15:23:40.466,12,8.0,734.0,371.0,True,
run_20260807_152050_562216,5113,168,2026-08-07T15:23:41.468,0,272.5,470.0,371.25,True,
run_20260807_152050_562216,5113,168,2026-08-07T15:23:41.468,1,250.5,492.0,371.25,True,
run_20260807_152050_562216,5113,168,2026-08-07T15:23:41.468,2,228.5,514.5,371.5,True,
run_20260807_152050_562216,5113,168,2026-08-07T15:23:41.468,3,206.5,536.5,371.5,True,
run_20260807_152050_562216,5113,168,2026-08-07T15:23:41.468,4,183.5,558.5,371.0,True,
run_20260807_152050_562216,5113,168,2026-08-07T15:23:41.468,5,161.5,581.5,371.5,True,
run_20260807_152050_562216,5113,168,2026-08-07T15:23:41.468,6,139.5,603.5,371.5,True,
run_20260807_152050_562216,5113,168,2026-08-07T15:23:41.468,7,117.5,625.5,371.5,True,
run_20260807_152050_562216,5113,168,2026-08-07T15:23:41.468,8,95.5,647.5,371.5,True,
run_20260807_152050_562216,5113,168,2026-08-07T15:23:41.468,9,73.5,669.5,371.5,True,
run_20260807_152050_562216,5113,168,2026-08-07T15:23:41.468,10,51.5,691.0,371.25,True,
run_20260807_152050_562216,5113,168,2026-08-07T15:23:41.468,11,29.5,713.0,371.25,True,
run_20260807_152050_562216,5113,168,2026-08-07T15:23:41.468,12,8.0,734.0,371.0,True,
run_20260807_152050_562216,5144,169,2026-08-07T15:23:42.501,0,272.6363636363636,470.0,371.3181818181818,True,
run_20260807_152050_562216,5144,169,2026-08-07T15:23:42.501,1,250.5,492.0,371.25,True,
run_20260807_152050_562216,5144,169,2026-08-07T15:23:42.501,2,228.5,514.5,371.5,True,
run_20260807_152050_562216,5144,169,2026-08-07T15:23:42.501,3,206.5,536.5,371.5,True,
run_20260807_152050_562216,5144,169,2026-08-07T15:23:42.501,4,183.5,558.5,371.0,True,
run_20260807_152050_562216,5144,169,2026-08-07T15:23:42.501,5,161.5,581.5,371.5,True,
run_20260807_152050_562216,5144,169,2026-08-07T15:23:42.501,6,139.5,603.5,371.5,True,
run_20260807_152050_562216,5144,169,2026-08-07T15:23:42.501,7,117.5,625.5,371.5,True,
run_20260807_152050_562216,5144,169,2026-08-07T15:23:42.501,8,95.5,647.5,371.5,True,
run_20260807_152050_562216,5144,169,2026-08-07T15:23:42.501,9,73.5,669.5,371.5,True,
run_20260807_152050_562216,5144,169,2026-08-07T15:23:42.501,10,51.5,691.0,371.25,True,
run_20260807_152050_562216,5144,169,2026-08-07T15:23:42.501,11,29.5,713.0,371.25,True,
run_20260807_152050_562216,5144,169,2026-08-07T15:23:42.501,12,8.0,734.0,371.0,True,
run_20260807_152050_562216,5175,170,2026-08-07T15:23:43.533,0,272.75,470.0,371.375,True,
run_20260807_152050_562216,5175,170,2026-08-07T15:23:43.533,1,250.5,492.0,371.25,True,
run_20260807_152050_562216,5175,170,2026-08-07T15:23:43.533,2,228.5,514.5,371.5,True,
run_20260807_152050_562216,5175,170,2026-08-07T15:23:43.533,3,206.5,536.5,371.5,True,
run_20260807_152050_562216,5175,170,2026-08-07T15:23:43.533,4,184.0,558.5,371.25,True,
run_20260807_152050_562216,5175,170,2026-08-07T15:23:43.533,5,161.5,581.5,371.5,True,
run_20260807_152050_562216,5175,170,2026-08-07T15:23:43.533,6,139.5,603.5,371.5,True,
run_20260807_152050_562216,5175,170,2026-08-07T15:23:43.533,7,117.5,625.5,371.5,True,
run_20260807_152050_562216,5175,170,2026-08-07T15:23:43.533,8,95.5,647.5,371.5,True,
run_20260807_152050_562216,5175,170,2026-08-07T15:23:43.533,9,73.5,669.5,371.5,True,
run_20260807_152050_562216,5175,170,2026-08-07T15:23:43.533,10,51.5,691.0,371.25,True,
run_20260807_152050_562216,5175,170,2026-08-07T15:23:43.533,11,29.5,712.5,371.0,True,
run_20260807_152050_562216,5175,170,2026-08-07T15:23:43.533,12,8.5,736.5,372.5,True,
run_20260807_152050_562216,5205,171,2026-08-07T15:23:44.537,0,272.75,470.0,371.375,True,
run_20260807_152050_562216,5205,171,2026-08-07T15:23:44.537,1,250.5,492.0,371.25,True,
run_20260807_152050_562216,5205,171,2026-08-07T15:23:44.537,2,228.5,514.5,371.5,True,
run_20260807_152050_562216,5205,171,2026-08-07T15:23:44.537,3,206.5,536.5,371.5,True,
run_20260807_152050_562216,5205,171,2026-08-07T15:23:44.537,4,184.0,558.5,371.25,True,
run_20260807_152050_562216,5205,171,2026-08-07T15:23:44.537,5,161.5,581.5,371.5,True,
run_20260807_152050_562216,5205,171,2026-08-07T15:23:44.537,6,139.5,603.5,371.5,True,
run_20260807_152050_562216,5205,171,2026-08-07T15:23:44.537,7,117.5,625.5,371.5,True,
run_20260807_152050_562216,5205,171,2026-08-07T15:23:44.537,8,95.5,647.5,371.5,True,
run_20260807_152050_562216,5205,171,2026-08-07T15:23:44.537,9,73.5,669.5,371.5,True,
run_20260807_152050_562216,5205,171,2026-08-07T15:23:44.537,10,51.5,691.0,371.25,True,
run_20260807_152050_562216,5205,171,2026-08-07T15:23:44.537,11,29.5,712.5,371.0,True,
run_20260807_152050_562216,5205,171,2026-08-07T15:23:44.537,12,8.0,736.5,372.25,True,
run_20260807_152050_562216,5236,172,2026-08-07T15:23:45.570,0,272.75,470.0,371.375,True,
run_20260807_152050_562216,5236,172,2026-08-07T15:23:45.570,1,250.5,492.0,371.25,True,
run_20260807_152050_562216,5236,172,2026-08-07T15:23:45.570,2,228.5,514.5,371.5,True,
run_20260807_152050_562216,5236,172,2026-08-07T15:23:45.570,3,206.5,536.5,371.5,True,
run_20260807_152050_562216,5236,172,2026-08-07T15:23:45.570,4,184.0,558.5,371.25,True,
run_20260807_152050_562216,5236,172,2026-08-07T15:23:45.570,5,161.5,581.5,371.5,True,
run_20260807_152050_562216,5236,172,2026-08-07T15:23:45.570,6,139.5,603.5,371.5,True,
run_20260807_152050_562216,5236,172,2026-08-07T15:23:45.570,7,117.5,625.5,371.5,True,
run_20260807_152050_562216,5236,172,2026-08-07T15:23:45.570,8,95.5,647.5,371.5,True,
run_20260807_152050_562216,5236,172,2026-08-07T15:23:45.570,9,73.5,669.5,371.5,True,
run_20260807_152050_562216,5236,172,2026-08-07T15:23:45.570,10,51.5,691.0,371.25,True,
run_20260807_152050_562216,5236,172,2026-08-07T15:23:45.570,11,29.5,712.5,371.0,True,
run_20260807_152050_562216,5236,172,2026-08-07T15:23:45.570,12,8.5,736.5,372.5,True,
run_20260807_152050_562216,5267,173,2026-08-07T15:23:46.603,0,273.0,470.0,371.5,True,
run_20260807_152050_562216,5267,173,2026-08-07T15:23:46.603,1,250.5,492.0,371.25,True,
run_20260807_152050_562216,5267,173,2026-08-07T15:23:46.603,2,228.5,514.5,371.5,True,
run_20260807_152050_562216,5267,173,2026-08-07T15:23:46.603,3,206.5,536.5,371.5,True,
run_20260807_152050_562216,5267,173,2026-08-07T15:23:46.603,4,184.0,558.5,371.25,True,
run_20260807_152050_562216,5267,173,2026-08-07T15:23:46.603,5,161.5,581.5,371.5,True,
run_20260807_152050_562216,5267,173,2026-08-07T15:23:46.603,6,139.5,603.5,371.5,True,
run_20260807_152050_562216,5267,173,2026-08-07T15:23:46.603,7,117.5,625.5,371.5,True,
run_20260807_152050_562216,5267,173,2026-08-07T15:23:46.603,8,95.5,647.5,371.5,True,
run_20260807_152050_562216,5267,173,2026-08-07T15:23:46.603,9,73.5,669.5,371.5,True,
run_20260807_152050_562216,5267,173,2026-08-07T15:23:46.603,10,51.5,691.0,371.25,True,
run_20260807_152050_562216,5267,173,2026-08-07T15:23:46.603,11,29.5,712.5,371.0,True,
run_20260807_152050_562216,5267,173,2026-08-07T15:23:46.603,12,8.5,736.5,372.5,True,
run_20260807_152050_562216,5297,174,2026-08-07T15:23:47.603,0,312.5,470.0,391.25,True,
run_20260807_152050_562216,5297,174,2026-08-07T15:23:47.603,1,272.5,492.0,382.25,True,
run_20260807_152050_562216,5297,174,2026-08-07T15:23:47.603,2,250.5,514.5,382.5,True,
run_20260807_152050_562216,5297,174,2026-08-07T15:23:47.603,3,228.5,536.5,382.5,True,
run_20260807_152050_562216,5297,174,2026-08-07T15:23:47.603,4,206.5,558.5,382.5,True,
run_20260807_152050_562216,5297,174,2026-08-07T15:23:47.603,5,183.5,581.5,382.5,True,
run_20260807_152050_562216,5297,174,2026-08-07T15:23:47.603,6,161.5,603.5,382.5,True,
run_20260807_152050_562216,5297,174,2026-08-07T15:23:47.603,7,139.5,625.5,382.5,True,
run_20260807_152050_562216,5297,174,2026-08-07T15:23:47.603,8,117.5,647.5,382.5,True,
run_20260807_152050_562216,5297,174,2026-08-07T15:23:47.603,9,95.5,669.5,382.5,True,
run_20260807_152050_562216,5297,174,2026-08-07T15:23:47.603,10,73.5,691.0,382.25,True,
run_20260807_152050_562216,5297,174,2026-08-07T15:23:47.603,11,51.5,713.0,382.25,True,
run_20260807_152050_562216,5297,174,2026-08-07T15:23:47.603,12,29.5,734.0,381.75,True,
run_20260807_152050_562216,5328,175,2026-08-07T15:23:48.637,0,312.5,470.0,391.25,True,
run_20260807_152050_562216,5328,175,2026-08-07T15:23:48.637,1,272.5,492.0,382.25,True,
run_20260807_152050_562216,5328,175,2026-08-07T15:23:48.637,2,250.5,514.5,382.5,True,
run_20260807_152050_562216,5328,175,2026-08-07T15:23:48.637,3,228.5,536.5,382.5,True,
run_20260807_152050_562216,5328,175,2026-08-07T15:23:48.637,4,206.5,558.5,382.5,True,
run_20260807_152050_562216,5328,175,2026-08-07T15:23:48.637,5,183.5,581.5,382.5,True,
run_20260807_152050_562216,5328,175,2026-08-07T15:23:48.637,6,161.5,603.5,382.5,True,
run_20260807_152050_562216,5328,175,2026-08-07T15:23:48.637,7,139.5,625.5,382.5,True,
run_20260807_152050_562216,5328,175,2026-08-07T15:23:48.637,8,117.5,647.5,382.5,True,
run_20260807_152050_562216,5328,175,2026-08-07T15:23:48.637,9,95.5,669.5,382.5,True,
run_20260807_152050_562216,5328,175,2026-08-07T15:23:48.637,10,73.5,691.0,382.25,True,
run_20260807_152050_562216,5328,175,2026-08-07T15:23:48.637,11,51.5,713.0,382.25,True,
run_20260807_152050_562216,5328,175,2026-08-07T15:23:48.637,12,29.5,734.0,381.75,True,
run_20260807_152050_562216,5359,176,2026-08-07T15:23:49.669,0,312.5,470.0,391.25,True,
run_20260807_152050_562216,5359,176,2026-08-07T15:23:49.669,1,272.5,492.5,382.5,True,
run_20260807_152050_562216,5359,176,2026-08-07T15:23:49.669,2,250.5,514.5,382.5,True,
run_20260807_152050_562216,5359,176,2026-08-07T15:23:49.669,3,228.5,536.5,382.5,True,
run_20260807_152050_562216,5359,176,2026-08-07T15:23:49.669,4,206.5,558.5,382.5,True,
run_20260807_152050_562216,5359,176,2026-08-07T15:23:49.669,5,183.55555555555554,581.5,382.52777777777777,True,
run_20260807_152050_562216,5359,176,2026-08-07T15:23:49.669,6,161.5,603.5,382.5,True,
run_20260807_152050_562216,5359,176,2026-08-07T15:23:49.669,7,139.5,625.5,382.5,True,
run_20260807_152050_562216,5359,176,2026-08-07T15:23:49.669,8,117.5,647.5,382.5,True,
run_20260807_152050_562216,5359,176,2026-08-07T15:23:49.669,9,95.5,669.4444444444445,382.47222222222223,True,
run_20260807_152050_562216,5359,176,2026-08-07T15:23:49.669,10,73.5,691.0,382.25,True,
run_20260807_152050_562216,5359,176,2026-08-07T15:23:49.669,11,51.5,713.0,382.25,True,
run_20260807_152050_562216,5359,176,2026-08-07T15:23:49.669,12,29.5,734.0,381.75,True,
run_20260807_152050_562216,5390,177,2026-08-07T15:23:50.699,0,312.5,470.0,391.25,True,
run_20260807_152050_562216,5390,177,2026-08-07T15:23:50.699,1,272.5,492.0,382.25,True,
run_20260807_152050_562216,5390,177,2026-08-07T15:23:50.699,2,250.5,514.5,382.5,True,
run_20260807_152050_562216,5390,177,2026-08-07T15:23:50.699,3,228.5,536.5,382.5,True,
run_20260807_152050_562216,5390,177,2026-08-07T15:23:50.699,4,206.5,558.5,382.5,True,
run_20260807_152050_562216,5390,177,2026-08-07T15:23:50.699,5,183.55555555555554,581.5,382.52777777777777,True,
run_20260807_152050_562216,5390,177,2026-08-07T15:23:50.699,6,161.5,603.5,382.5,True,
run_20260807_152050_562216,5390,177,2026-08-07T15:23:50.699,7,139.5,625.5,382.5,True,
run_20260807_152050_562216,5390,177,2026-08-07T15:23:50.699,8,117.5,647.5,382.5,True,
run_20260807_152050_562216,5390,177,2026-08-07T15:23:50.699,9,95.5,669.5,382.5,True,
run_20260807_152050_562216,5390,177,2026-08-07T15:23:50.699,10,73.5,691.0,382.25,True,
run_20260807_152050_562216,5390,177,2026-08-07T15:23:50.699,11,51.5,713.0,382.25,True,
run_20260807_152050_562216,5390,177,2026-08-07T15:23:50.699,12,29.5,734.0,381.75,True,
run_20260807_152050_562216,5420,178,2026-08-07T15:23:51.701,0,312.5,470.0,391.25,True,
run_20260807_152050_562216,5420,178,2026-08-07T15:23:51.701,1,272.5,492.0,382.25,True,
run_20260807_152050_562216,5420,178,2026-08-07T15:23:51.701,2,250.5,514.5,382.5,True,
run_20260807_152050_562216,5420,178,2026-08-07T15:23:51.701,3,228.5,536.5,382.5,True,
run_20260807_152050_562216,5420,178,2026-08-07T15:23:51.701,4,206.5,558.5,382.5,True,
run_20260807_152050_562216,5420,178,2026-08-07T15:23:51.701,5,183.55555555555554,581.5,382.52777777777777,True,
run_20260807_152050_562216,5420,178,2026-08-07T15:23:51.701,6,161.5,603.5,382.5,True,
run_20260807_152050_562216,5420,178,2026-08-07T15:23:51.701,7,139.5,625.5,382.5,True,
run_20260807_152050_562216,5420,178,2026-08-07T15:23:51.701,8,117.5,647.5,382.5,True,
run_20260807_152050_562216,5420,178,2026-08-07T15:23:51.701,9,95.5,669.5,382.5,True,
run_20260807_152050_562216,5420,178,2026-08-07T15:23:51.701,10,73.5,691.0,382.25,True,
run_20260807_152050_562216,5420,178,2026-08-07T15:23:51.701,11,51.5,713.0,382.25,True,
run_20260807_152050_562216,5420,178,2026-08-07T15:23:51.701,12,29.5,734.0,381.75,True,
run_20260807_152050_562216,5451,179,2026-08-07T15:23:52.733,0,312.5,470.0,391.25,True,
run_20260807_152050_562216,5451,179,2026-08-07T15:23:52.733,1,272.5,492.5,382.5,True,
run_20260807_152050_562216,5451,179,2026-08-07T15:23:52.733,2,250.5,514.5,382.5,True,
run_20260807_152050_562216,5451,179,2026-08-07T15:23:52.733,3,228.5,536.5,382.5,True,
run_20260807_152050_562216,5451,179,2026-08-07T15:23:52.733,4,206.5,558.5,382.5,True,
run_20260807_152050_562216,5451,179,2026-08-07T15:23:52.733,5,183.55555555555554,581.5,382.52777777777777,True,
run_20260807_152050_562216,5451,179,2026-08-07T15:23:52.733,6,161.5,603.5,382.5,True,
run_20260807_152050_562216,5451,179,2026-08-07T15:23:52.733,7,139.5,625.5,382.5,True,
run_20260807_152050_562216,5451,179,2026-08-07T15:23:52.733,8,117.5,647.5,382.5,True,
run_20260807_152050_562216,5451,179,2026-08-07T15:23:52.733,9,95.5,669.5,382.5,True,
run_20260807_152050_562216,5451,179,2026-08-07T15:23:52.733,10,73.5,691.0,382.25,True,
run_20260807_152050_562216,5451,179,2026-08-07T15:23:52.733,11,51.5,713.0,382.25,True,
run_20260807_152050_562216,5451,179,2026-08-07T15:23:52.733,12,29.5,734.0,381.75,True,
run_20260807_152050_562216,5481,180,2026-08-07T15:23:53.734,0,312.5,470.0,391.25,True,
run_20260807_152050_562216,5481,180,2026-08-07T15:23:53.734,1,272.5,492.5,382.5,True,
run_20260807_152050_562216,5481,180,2026-08-07T15:23:53.734,2,250.5,514.5,382.5,True,
run_20260807_152050_562216,5481,180,2026-08-07T15:23:53.734,3,228.5,536.5,382.5,True,
run_20260807_152050_562216,5481,180,2026-08-07T15:23:53.734,4,206.5,558.5,382.5,True,
run_20260807_152050_562216,5481,180,2026-08-07T15:23:53.734,5,183.55555555555554,581.5,382.52777777777777,True,
run_20260807_152050_562216,5481,180,2026-08-07T15:23:53.734,6,161.5,603.5,382.5,True,
run_20260807_152050_562216,5481,180,2026-08-07T15:23:53.734,7,139.5,625.5,382.5,True,
run_20260807_152050_562216,5481,180,2026-08-07T15:23:53.734,8,117.5,647.5,382.5,True,
run_20260807_152050_562216,5481,180,2026-08-07T15:23:53.734,9,95.5,669.5,382.5,True,
run_20260807_152050_562216,5481,180,2026-08-07T15:23:53.734,10,73.5,691.0,382.25,True,
run_20260807_152050_562216,5481,180,2026-08-07T15:23:53.734,11,51.5,713.0,382.25,True,
run_20260807_152050_562216,5481,180,2026-08-07T15:23:53.734,12,29.5,734.0,381.75,True,
run_20260807_152050_562216,5512,181,2026-08-07T15:23:54.768,0,312.5,470.0,391.25,True,
run_20260807_152050_562216,5512,181,2026-08-07T15:23:54.768,1,272.5,492.5,382.5,True,
run_20260807_152050_562216,5512,181,2026-08-07T15:23:54.768,2,250.5,514.5,382.5,True,
run_20260807_152050_562216,5512,181,2026-08-07T15:23:54.768,3,228.5,536.5,382.5,True,
run_20260807_152050_562216,5512,181,2026-08-07T15:23:54.768,4,206.5,558.5,382.5,True,
run_20260807_152050_562216,5512,181,2026-08-07T15:23:54.768,5,183.55555555555554,581.5,382.52777777777777,True,
run_20260807_152050_562216,5512,181,2026-08-07T15:23:54.768,6,161.5,603.5,382.5,True,
run_20260807_152050_562216,5512,181,2026-08-07T15:23:54.768,7,139.5,625.5,382.5,True,
run_20260807_152050_562216,5512,181,2026-08-07T15:23:54.768,8,117.5,647.5,382.5,True,
run_20260807_152050_562216,5512,181,2026-08-07T15:23:54.768,9,95.5,669.4444444444445,382.47222222222223,True,
run_20260807_152050_562216,5512,181,2026-08-07T15:23:54.768,10,73.5,691.0,382.25,True,
run_20260807_152050_562216,5512,181,2026-08-07T15:23:54.768,11,51.5,713.0,382.25,True,
run_20260807_152050_562216,5512,181,2026-08-07T15:23:54.768,12,29.5,734.0,381.75,True,
run_20260807_152050_562216,5542,182,2026-08-07T15:23:55.769,0,312.5,470.0,391.25,True,
run_20260807_152050_562216,5542,182,2026-08-07T15:23:55.769,1,272.5,492.5,382.5,True,
run_20260807_152050_562216,5542,182,2026-08-07T15:23:55.769,2,250.5,514.5,382.5,True,
run_20260807_152050_562216,5542,182,2026-08-07T15:23:55.769,3,228.5,536.5,382.5,True,
run_20260807_152050_562216,5542,182,2026-08-07T15:23:55.769,4,206.5,558.5,382.5,True,
run_20260807_152050_562216,5542,182,2026-08-07T15:23:55.769,5,183.55555555555554,581.5,382.52777777777777,True,
run_20260807_152050_562216,5542,182,2026-08-07T15:23:55.769,6,161.5,603.5,382.5,True,
run_20260807_152050_562216,5542,182,2026-08-07T15:23:55.769,7,139.5,625.5,382.5,True,
run_20260807_152050_562216,5542,182,2026-08-07T15:23:55.769,8,117.5,647.5,382.5,True,
run_20260807_152050_562216,5542,182,2026-08-07T15:23:55.769,9,95.5,669.5,382.5,True,
run_20260807_152050_562216,5542,182,2026-08-07T15:23:55.769,10,73.5,691.0,382.25,True,
run_20260807_152050_562216,5542,182,2026-08-07T15:23:55.769,11,51.5,713.0,382.25,True,
run_20260807_152050_562216,5542,182,2026-08-07T15:23:55.769,12,29.5,734.0,381.75,True,
run_20260807_152050_562216,5572,183,2026-08-07T15:23:56.772,0,312.5,470.0,391.25,True,
run_20260807_152050_562216,5572,183,2026-08-07T15:23:56.772,1,272.5,492.5,382.5,True,
run_20260807_152050_562216,5572,183,2026-08-07T15:23:56.772,2,250.5,514.5,382.5,True,
run_20260807_152050_562216,5572,183,2026-08-07T15:23:56.772,3,228.5,536.5,382.5,True,
run_20260807_152050_562216,5572,183,2026-08-07T15:23:56.772,4,206.5,558.5,382.5,True,
run_20260807_152050_562216,5572,183,2026-08-07T15:23:56.772,5,183.55555555555554,581.5,382.52777777777777,True,
run_20260807_152050_562216,5572,183,2026-08-07T15:23:56.772,6,161.5,603.5,382.5,True,
run_20260807_152050_562216,5572,183,2026-08-07T15:23:56.772,7,139.5,625.5,382.5,True,
run_20260807_152050_562216,5572,183,2026-08-07T15:23:56.772,8,117.5,647.5,382.5,True,
run_20260807_152050_562216,5572,183,2026-08-07T15:23:56.772,9,95.5,669.5,382.5,True,
run_20260807_152050_562216,5572,183,2026-08-07T15:23:56.772,10,73.5,691.0,382.25,True,
run_20260807_152050_562216,5572,183,2026-08-07T15:23:56.772,11,51.5,713.0,382.25,True,
run_20260807_152050_562216,5572,183,2026-08-07T15:23:56.772,12,29.5,734.0,381.75,True,
run_20260807_152050_562216,5603,184,2026-08-07T15:23:57.804,0,312.5,470.0,391.25,True,
run_20260807_152050_562216,5603,184,2026-08-07T15:23:57.804,1,272.5,492.5,382.5,True,
run_20260807_152050_562216,5603,184,2026-08-07T15:23:57.804,2,250.5,514.5,382.5,True,
run_20260807_152050_562216,5603,184,2026-08-07T15:23:57.804,3,228.5,536.5,382.5,True,
run_20260807_152050_562216,5603,184,2026-08-07T15:23:57.804,4,206.5,558.5,382.5,True,
run_20260807_152050_562216,5603,184,2026-08-07T15:23:57.804,5,183.55555555555554,581.5,382.52777777777777,True,
run_20260807_152050_562216,5603,184,2026-08-07T15:23:57.804,6,161.5,603.5,382.5,True,
run_20260807_152050_562216,5603,184,2026-08-07T15:23:57.804,7,139.5,625.5,382.5,True,
run_20260807_152050_562216,5603,184,2026-08-07T15:23:57.804,8,117.5,647.5,382.5,True,
run_20260807_152050_562216,5603,184,2026-08-07T15:23:57.804,9,95.5,669.5,382.5,True,
run_20260807_152050_562216,5603,184,2026-08-07T15:23:57.804,10,73.5,691.0,382.25,True,
run_20260807_152050_562216,5603,184,2026-08-07T15:23:57.804,11,51.5,713.0,382.25,True,
run_20260807_152050_562216,5603,184,2026-08-07T15:23:57.804,12,29.5,734.0,381.75,True,
run_20260807_152050_562216,5633,185,2026-08-07T15:23:58.809,0,312.5,470.0,391.25,True,
run_20260807_152050_562216,5633,185,2026-08-07T15:23:58.809,1,272.5,492.5,382.5,True,
run_20260807_152050_562216,5633,185,2026-08-07T15:23:58.809,2,250.5,514.5,382.5,True,
run_20260807_152050_562216,5633,185,2026-08-07T15:23:58.809,3,228.5,536.5,382.5,True,
run_20260807_152050_562216,5633,185,2026-08-07T15:23:58.809,4,206.5,558.5,382.5,True,
run_20260807_152050_562216,5633,185,2026-08-07T15:23:58.809,5,183.55555555555554,581.5,382.52777777777777,True,
run_20260807_152050_562216,5633,185,2026-08-07T15:23:58.809,6,161.5,603.5,382.5,True,
run_20260807_152050_562216,5633,185,2026-08-07T15:23:58.809,7,139.5,625.5,382.5,True,
run_20260807_152050_562216,5633,185,2026-08-07T15:23:58.809,8,117.5,647.5,382.5,True,
run_20260807_152050_562216,5633,185,2026-08-07T15:23:58.809,9,95.5,669.5,382.5,True,
run_20260807_152050_562216,5633,185,2026-08-07T15:23:58.809,10,73.5,691.0,382.25,True,
run_20260807_152050_562216,5633,185,2026-08-07T15:23:58.809,11,51.5,713.0,382.25,True,
run_20260807_152050_562216,5633,185,2026-08-07T15:23:58.809,12,29.5,734.0,381.75,True,
run_20260807_152050_562216,5664,186,2026-08-07T15:23:59.834,0,312.5,470.0,391.25,True,
run_20260807_152050_562216,5664,186,2026-08-07T15:23:59.834,1,272.5,492.0,382.25,True,
run_20260807_152050_562216,5664,186,2026-08-07T15:23:59.834,2,250.5,514.5,382.5,True,
run_20260807_152050_562216,5664,186,2026-08-07T15:23:59.834,3,228.5,536.5,382.5,True,
run_20260807_152050_562216,5664,186,2026-08-07T15:23:59.834,4,206.5,558.5,382.5,True,
run_20260807_152050_562216,5664,186,2026-08-07T15:23:59.834,5,183.55555555555554,581.5,382.52777777777777,True,
run_20260807_152050_562216,5664,186,2026-08-07T15:23:59.834,6,161.5,603.5,382.5,True,
run_20260807_152050_562216,5664,186,2026-08-07T15:23:59.834,7,139.5,625.5,382.5,True,
run_20260807_152050_562216,5664,186,2026-08-07T15:23:59.834,8,117.5,647.5,382.5,True,
run_20260807_152050_562216,5664,186,2026-08-07T15:23:59.834,9,95.5,669.5,382.5,True,
run_20260807_152050_562216,5664,186,2026-08-07T15:23:59.834,10,73.5,691.0,382.25,True,
run_20260807_152050_562216,5664,186,2026-08-07T15:23:59.834,11,51.5,713.0,382.25,True,
run_20260807_152050_562216,5664,186,2026-08-07T15:23:59.834,12,29.5,734.0,381.75,True,
run_20260807_152050_562216,5695,187,2026-08-07T15:24:00.866,0,312.5,470.0,391.25,True,
run_20260807_152050_562216,5695,187,2026-08-07T15:24:00.866,1,272.5,492.5,382.5,True,
run_20260807_152050_562216,5695,187,2026-08-07T15:24:00.866,2,250.5,514.5,382.5,True,
run_20260807_152050_562216,5695,187,2026-08-07T15:24:00.866,3,228.5,536.5,382.5,True,
run_20260807_152050_562216,5695,187,2026-08-07T15:24:00.866,4,206.5,558.5,382.5,True,
run_20260807_152050_562216,5695,187,2026-08-07T15:24:00.866,5,183.55555555555554,581.5,382.52777777777777,True,
run_20260807_152050_562216,5695,187,2026-08-07T15:24:00.866,6,161.5,603.5,382.5,True,
run_20260807_152050_562216,5695,187,2026-08-07T15:24:00.866,7,139.5,625.5,382.5,True,
run_20260807_152050_562216,5695,187,2026-08-07T15:24:00.866,8,117.5,647.5,382.5,True,
run_20260807_152050_562216,5695,187,2026-08-07T15:24:00.866,9,95.5,669.5,382.5,True,
run_20260807_152050_562216,5695,187,2026-08-07T15:24:00.866,10,73.5,691.0,382.25,True,
run_20260807_152050_562216,5695,187,2026-08-07T15:24:00.866,11,51.5,713.0,382.25,True,
run_20260807_152050_562216,5695,187,2026-08-07T15:24:00.866,12,29.5,734.0,381.75,True,
run_20260807_152050_562216,5725,188,2026-08-07T15:24:01.867,0,312.5,470.0,391.25,True,
run_20260807_152050_562216,5725,188,2026-08-07T15:24:01.867,1,272.5,492.0,382.25,True,
run_20260807_152050_562216,5725,188,2026-08-07T15:24:01.867,2,250.5,514.5,382.5,True,
run_20260807_152050_562216,5725,188,2026-08-07T15:24:01.867,3,228.5,536.5,382.5,True,
run_20260807_152050_562216,5725,188,2026-08-07T15:24:01.867,4,206.5,558.5,382.5,True,
run_20260807_152050_562216,5725,188,2026-08-07T15:24:01.867,5,183.55555555555554,581.5,382.52777777777777,True,
run_20260807_152050_562216,5725,188,2026-08-07T15:24:01.867,6,161.5,603.5,382.5,True,
run_20260807_152050_562216,5725,188,2026-08-07T15:24:01.867,7,139.5,625.5,382.5,True,
run_20260807_152050_562216,5725,188,2026-08-07T15:24:01.867,8,117.5,647.5,382.5,True,
run_20260807_152050_562216,5725,188,2026-08-07T15:24:01.867,9,95.5,669.5,382.5,True,
run_20260807_152050_562216,5725,188,2026-08-07T15:24:01.867,10,73.5,691.0,382.25,True,
run_20260807_152050_562216,5725,188,2026-08-07T15:24:01.867,11,51.5,713.0,382.25,True,
run_20260807_152050_562216,5725,188,2026-08-07T15:24:01.867,12,29.5,734.0,381.75,True,
run_20260807_152050_562216,5756,189,2026-08-07T15:24:02.901,0,312.5,470.0,391.25,True,
run_20260807_152050_562216,5756,189,2026-08-07T15:24:02.901,1,272.5,492.5,382.5,True,
run_20260807_152050_562216,5756,189,2026-08-07T15:24:02.901,2,250.5,514.5,382.5,True,
run_20260807_152050_562216,5756,189,2026-08-07T15:24:02.901,3,228.5,536.5,382.5,True,
run_20260807_152050_562216,5756,189,2026-08-07T15:24:02.901,4,206.5,558.5,382.5,True,
run_20260807_152050_562216,5756,189,2026-08-07T15:24:02.901,5,183.55555555555554,581.5,382.52777777777777,True,
run_20260807_152050_562216,5756,189,2026-08-07T15:24:02.901,6,161.5,603.5,382.5,True,
run_20260807_152050_562216,5756,189,2026-08-07T15:24:02.901,7,139.5,625.5,382.5,True,
run_20260807_152050_562216,5756,189,2026-08-07T15:24:02.901,8,117.5,647.5,382.5,True,
run_20260807_152050_562216,5756,189,2026-08-07T15:24:02.901,9,95.5,669.5,382.5,True,
run_20260807_152050_562216,5756,189,2026-08-07T15:24:02.901,10,73.5,691.0,382.25,True,
run_20260807_152050_562216,5756,189,2026-08-07T15:24:02.901,11,51.5,713.0,382.25,True,
run_20260807_152050_562216,5756,189,2026-08-07T15:24:02.901,12,29.5,734.0,381.75,True,
run_20260807_152050_562216,5786,190,2026-08-07T15:24:03.903,0,312.5,470.0,391.25,True,
run_20260807_152050_562216,5786,190,2026-08-07T15:24:03.903,1,272.5,492.5,382.5,True,
run_20260807_152050_562216,5786,190,2026-08-07T15:24:03.903,2,250.5,514.5,382.5,True,
run_20260807_152050_562216,5786,190,2026-08-07T15:24:03.903,3,228.5,536.5,382.5,True,
run_20260807_152050_562216,5786,190,2026-08-07T15:24:03.903,4,206.5,558.5,382.5,True,
run_20260807_152050_562216,5786,190,2026-08-07T15:24:03.903,5,183.5,581.5,382.5,True,
run_20260807_152050_562216,5786,190,2026-08-07T15:24:03.903,6,161.5,603.5,382.5,True,
run_20260807_152050_562216,5786,190,2026-08-07T15:24:03.903,7,139.5,625.5,382.5,True,
run_20260807_152050_562216,5786,190,2026-08-07T15:24:03.903,8,117.5,647.5,382.5,True,
run_20260807_152050_562216,5786,190,2026-08-07T15:24:03.903,9,95.5,669.5,382.5,True,
run_20260807_152050_562216,5786,190,2026-08-07T15:24:03.903,10,73.5,691.0,382.25,True,
run_20260807_152050_562216,5786,190,2026-08-07T15:24:03.903,11,51.5,713.0,382.25,True,
run_20260807_152050_562216,5786,190,2026-08-07T15:24:03.903,12,29.5,734.0,381.75,True,
run_20260807_152050_562216,5817,191,2026-08-07T15:24:04.936,0,312.5,470.0,391.25,True,
run_20260807_152050_562216,5817,191,2026-08-07T15:24:04.936,1,272.5,492.5,382.5,True,
run_20260807_152050_562216,5817,191,2026-08-07T15:24:04.936,2,250.5,514.5,382.5,True,
run_20260807_152050_562216,5817,191,2026-08-07T15:24:04.936,3,228.5,536.5,382.5,True,
run_20260807_152050_562216,5817,191,2026-08-07T15:24:04.936,4,206.5,558.5,382.5,True,
run_20260807_152050_562216,5817,191,2026-08-07T15:24:04.936,5,183.55555555555554,581.5,382.52777777777777,True,
run_20260807_152050_562216,5817,191,2026-08-07T15:24:04.936,6,161.5,603.5,382.5,True,
run_20260807_152050_562216,5817,191,2026-08-07T15:24:04.936,7,139.5,625.5,382.5,True,
run_20260807_152050_562216,5817,191,2026-08-07T15:24:04.936,8,117.5,647.5,382.5,True,
run_20260807_152050_562216,5817,191,2026-08-07T15:24:04.936,9,95.5,669.5,382.5,True,
run_20260807_152050_562216,5817,191,2026-08-07T15:24:04.936,10,73.5,691.0,382.25,True,
run_20260807_152050_562216,5817,191,2026-08-07T15:24:04.936,11,51.5,713.0,382.25,True,
run_20260807_152050_562216,5817,191,2026-08-07T15:24:04.936,12,29.5,734.0,381.75,True,
run_20260807_152050_562216,5848,192,2026-08-07T15:24:05.969,0,312.5,470.0,391.25,True,
run_20260807_152050_562216,5848,192,2026-08-07T15:24:05.969,1,272.5,492.5,382.5,True,
run_20260807_152050_562216,5848,192,2026-08-07T15:24:05.969,2,250.5,514.5,382.5,True,
run_20260807_152050_562216,5848,192,2026-08-07T15:24:05.969,3,228.5,536.5,382.5,True,
run_20260807_152050_562216,5848,192,2026-08-07T15:24:05.969,4,206.5,558.5,382.5,True,
run_20260807_152050_562216,5848,192,2026-08-07T15:24:05.969,5,183.55555555555554,581.5,382.52777777777777,True,
run_20260807_152050_562216,5848,192,2026-08-07T15:24:05.969,6,161.5,603.5,382.5,True,
run_20260807_152050_562216,5848,192,2026-08-07T15:24:05.969,7,139.5,625.5,382.5,True,
run_20260807_152050_562216,5848,192,2026-08-07T15:24:05.969,8,117.5,647.5,382.5,True,
run_20260807_152050_562216,5848,192,2026-08-07T15:24:05.969,9,95.5,669.5,382.5,True,
run_20260807_152050_562216,5848,192,2026-08-07T15:24:05.969,10,73.5,691.0,382.25,True,
run_20260807_152050_562216,5848,192,2026-08-07T15:24:05.969,11,51.5,713.0,382.25,True,
run_20260807_152050_562216,5848,192,2026-08-07T15:24:05.969,12,29.5,734.0,381.75,True,
run_20260807_152050_562216,5879,193,2026-08-07T15:24:07.002,0,312.5,470.0,391.25,True,
run_20260807_152050_562216,5879,193,2026-08-07T15:24:07.002,1,272.5,492.5,382.5,True,
run_20260807_152050_562216,5879,193,2026-08-07T15:24:07.002,2,250.5,514.5,382.5,True,
run_20260807_152050_562216,5879,193,2026-08-07T15:24:07.002,3,228.5,536.5,382.5,True,
run_20260807_152050_562216,5879,193,2026-08-07T15:24:07.002,4,206.5,558.5,382.5,True,
run_20260807_152050_562216,5879,193,2026-08-07T15:24:07.002,5,183.55555555555554,581.5,382.52777777777777,True,
run_20260807_152050_562216,5879,193,2026-08-07T15:24:07.002,6,161.5,603.5,382.5,True,
run_20260807_152050_562216,5879,193,2026-08-07T15:24:07.002,7,139.5,625.5,382.5,True,
run_20260807_152050_562216,5879,193,2026-08-07T15:24:07.002,8,117.5,647.5,382.5,True,
run_20260807_152050_562216,5879,193,2026-08-07T15:24:07.002,9,95.5,669.5,382.5,True,
run_20260807_152050_562216,5879,193,2026-08-07T15:24:07.002,10,73.5,691.0,382.25,True,
run_20260807_152050_562216,5879,193,2026-08-07T15:24:07.002,11,51.5,713.0,382.25,True,
run_20260807_152050_562216,5879,193,2026-08-07T15:24:07.002,12,29.5,734.0,381.75,True,
run_20260807_152050_562216,5910,194,2026-08-07T15:24:08.035,0,312.5,470.0,391.25,True,
run_20260807_152050_562216,5910,194,2026-08-07T15:24:08.035,1,272.5,492.5,382.5,True,
run_20260807_152050_562216,5910,194,2026-08-07T15:24:08.035,2,250.5,514.5,382.5,True,
run_20260807_152050_562216,5910,194,2026-08-07T15:24:08.035,3,228.5,536.5,382.5,True,
run_20260807_152050_562216,5910,194,2026-08-07T15:24:08.035,4,206.5,558.5,382.5,True,
run_20260807_152050_562216,5910,194,2026-08-07T15:24:08.035,5,183.55555555555554,581.5,382.52777777777777,True,
run_20260807_152050_562216,5910,194,2026-08-07T15:24:08.035,6,161.5,603.5,382.5,True,
run_20260807_152050_562216,5910,194,2026-08-07T15:24:08.035,7,139.5,625.5,382.5,True,
run_20260807_152050_562216,5910,194,2026-08-07T15:24:08.035,8,117.5,647.5,382.5,True,
run_20260807_152050_562216,5910,194,2026-08-07T15:24:08.035,9,95.5,669.5,382.5,True,
run_20260807_152050_562216,5910,194,2026-08-07T15:24:08.035,10,73.5,691.0,382.25,True,
run_20260807_152050_562216,5910,194,2026-08-07T15:24:08.035,11,51.5,713.0,382.25,True,
run_20260807_152050_562216,5910,194,2026-08-07T15:24:08.035,12,29.5,734.0,381.75,True,
run_20260807_152050_562216,5940,195,2026-08-07T15:24:09.036,0,312.5,470.0,391.25,True,
run_20260807_152050_562216,5940,195,2026-08-07T15:24:09.036,1,272.5,492.5,382.5,True,
run_20260807_152050_562216,5940,195,2026-08-07T15:24:09.036,2,250.5,514.5,382.5,True,
run_20260807_152050_562216,5940,195,2026-08-07T15:24:09.036,3,228.5,536.5,382.5,True,
run_20260807_152050_562216,5940,195,2026-08-07T15:24:09.036,4,206.5,558.5,382.5,True,
run_20260807_152050_562216,5940,195,2026-08-07T15:24:09.036,5,183.55555555555554,581.5,382.52777777777777,True,
run_20260807_152050_562216,5940,195,2026-08-07T15:24:09.036,6,161.5,603.5,382.5,True,
run_20260807_152050_562216,5940,195,2026-08-07T15:24:09.036,7,139.5,625.5,382.5,True,
run_20260807_152050_562216,5940,195,2026-08-07T15:24:09.036,8,117.5,647.5,382.5,True,
run_20260807_152050_562216,5940,195,2026-08-07T15:24:09.036,9,95.5,669.5,382.5,True,
run_20260807_152050_562216,5940,195,2026-08-07T15:24:09.036,10,73.5,691.0,382.25,True,
run_20260807_152050_562216,5940,195,2026-08-07T15:24:09.036,11,51.5,713.0,382.25,True,
run_20260807_152050_562216,5940,195,2026-08-07T15:24:09.036,12,29.5,734.0,381.75,True,
run_20260807_152050_562216,5970,196,2026-08-07T15:24:10.036,0,312.5,470.0,391.25,True,
run_20260807_152050_562216,5970,196,2026-08-07T15:24:10.036,1,272.5,492.5,382.5,True,
run_20260807_152050_562216,5970,196,2026-08-07T15:24:10.036,2,250.5,514.5,382.5,True,
run_20260807_152050_562216,5970,196,2026-08-07T15:24:10.036,3,228.5,536.5,382.5,True,
run_20260807_152050_562216,5970,196,2026-08-07T15:24:10.036,4,206.5,558.5,382.5,True,
run_20260807_152050_562216,5970,196,2026-08-07T15:24:10.036,5,183.55555555555554,581.5,382.52777777777777,True,
run_20260807_152050_562216,5970,196,2026-08-07T15:24:10.036,6,161.5,603.5,382.5,True,
run_20260807_152050_562216,5970,196,2026-08-07T15:24:10.036,7,139.5,625.5,382.5,True,
run_20260807_152050_562216,5970,196,2026-08-07T15:24:10.036,8,117.5,647.5,382.5,True,
run_20260807_152050_562216,5970,196,2026-08-07T15:24:10.036,9,95.5,669.5,382.5,True,
run_20260807_152050_562216,5970,196,2026-08-07T15:24:10.036,10,73.5,691.0,382.25,True,
run_20260807_152050_562216,5970,196,2026-08-07T15:24:10.036,11,51.5,713.0,382.25,True,
run_20260807_152050_562216,5970,196,2026-08-07T15:24:10.036,12,29.5,734.0,381.75,True,
run_20260807_152050_562216,6000,197,2026-08-07T15:24:11.036,0,312.5,470.0,391.25,True,
run_20260807_152050_562216,6000,197,2026-08-07T15:24:11.036,1,272.5,492.5,382.5,True,
run_20260807_152050_562216,6000,197,2026-08-07T15:24:11.036,2,250.5,514.5,382.5,True,
run_20260807_152050_562216,6000,197,2026-08-07T15:24:11.036,3,228.5,536.5,382.5,True,
run_20260807_152050_562216,6000,197,2026-08-07T15:24:11.036,4,206.5,558.5,382.5,True,
run_20260807_152050_562216,6000,197,2026-08-07T15:24:11.036,5,183.55555555555554,581.5,382.52777777777777,True,
run_20260807_152050_562216,6000,197,2026-08-07T15:24:11.036,6,161.5,603.5,382.5,True,
run_20260807_152050_562216,6000,197,2026-08-07T15:24:11.036,7,139.5,625.5,382.5,True,
run_20260807_152050_562216,6000,197,2026-08-07T15:24:11.036,8,117.5,647.5,382.5,True,
run_20260807_152050_562216,6000,197,2026-08-07T15:24:11.036,9,95.5,669.5,382.5,True,
run_20260807_152050_562216,6000,197,2026-08-07T15:24:11.036,10,73.5,691.0,382.25,True,
run_20260807_152050_562216,6000,197,2026-08-07T15:24:11.036,11,51.5,713.0,382.25,True,
run_20260807_152050_562216,6000,197,2026-08-07T15:24:11.036,12,29.5,734.0,381.75,True,
run_20260807_152050_562216,6031,198,2026-08-07T15:24:12.069,0,312.5,470.0,391.25,True,
run_20260807_152050_562216,6031,198,2026-08-07T15:24:12.069,1,272.5,492.5,382.5,True,
run_20260807_152050_562216,6031,198,2026-08-07T15:24:12.069,2,250.5,514.5,382.5,True,
run_20260807_152050_562216,6031,198,2026-08-07T15:24:12.069,3,228.5,536.5,382.5,True,
run_20260807_152050_562216,6031,198,2026-08-07T15:24:12.069,4,206.5,558.5,382.5,True,
run_20260807_152050_562216,6031,198,2026-08-07T15:24:12.069,5,183.55555555555554,581.5,382.52777777777777,True,
run_20260807_152050_562216,6031,198,2026-08-07T15:24:12.069,6,161.5,603.5,382.5,True,
run_20260807_152050_562216,6031,198,2026-08-07T15:24:12.069,7,139.5,625.5,382.5,True,
run_20260807_152050_562216,6031,198,2026-08-07T15:24:12.069,8,117.5,647.5,382.5,True,
run_20260807_152050_562216,6031,198,2026-08-07T15:24:12.069,9,95.5,669.5,382.5,True,
run_20260807_152050_562216,6031,198,2026-08-07T15:24:12.069,10,73.5,691.0,382.25,True,
run_20260807_152050_562216,6031,198,2026-08-07T15:24:12.069,11,51.5,713.0,382.25,True,
run_20260807_152050_562216,6031,198,2026-08-07T15:24:12.069,12,29.5,734.0,381.75,True,
run_20260807_152050_562216,6061,199,2026-08-07T15:24:13.070,0,312.5,470.0,391.25,True,
run_20260807_152050_562216,6061,199,2026-08-07T15:24:13.070,1,272.5,492.5,382.5,True,
run_20260807_152050_562216,6061,199,2026-08-07T15:24:13.070,2,250.5,514.5,382.5,True,
run_20260807_152050_562216,6061,199,2026-08-07T15:24:13.070,3,228.5,536.5,382.5,True,
run_20260807_152050_562216,6061,199,2026-08-07T15:24:13.070,4,206.5,558.5,382.5,True,
run_20260807_152050_562216,6061,199,2026-08-07T15:24:13.070,5,183.55555555555554,581.5,382.52777777777777,True,
run_20260807_152050_562216,6061,199,2026-08-07T15:24:13.070,6,161.5,603.5,382.5,True,
run_20260807_152050_562216,6061,199,2026-08-07T15:24:13.070,7,139.5,625.5,382.5,True,
run_20260807_152050_562216,6061,199,2026-08-07T15:24:13.070,8,117.5,647.5,382.5,True,
run_20260807_152050_562216,6061,199,2026-08-07T15:24:13.070,9,95.5,669.5,382.5,True,
run_20260807_152050_562216,6061,199,2026-08-07T15:24:13.070,10,73.5,691.0,382.25,True,
run_20260807_152050_562216,6061,199,2026-08-07T15:24:13.070,11,51.5,713.0,382.25,True,
run_20260807_152050_562216,6061,199,2026-08-07T15:24:13.070,12,29.5,734.0,381.75,True,
run_20260807_152050_562216,6092,200,2026-08-07T15:24:14.103,0,312.5,470.0,391.25,True,
run_20260807_152050_562216,6092,200,2026-08-07T15:24:14.103,1,272.5,492.5,382.5,True,
run_20260807_152050_562216,6092,200,2026-08-07T15:24:14.103,2,250.5,514.5,382.5,True,
run_20260807_152050_562216,6092,200,2026-08-07T15:24:14.103,3,228.5,536.5,382.5,True,
run_20260807_152050_562216,6092,200,2026-08-07T15:24:14.103,4,206.5,558.5,382.5,True,
run_20260807_152050_562216,6092,200,2026-08-07T15:24:14.103,5,183.55555555555554,581.5,382.52777777777777,True,
run_20260807_152050_562216,6092,200,2026-08-07T15:24:14.103,6,161.5,603.5,382.5,True,
run_20260807_152050_562216,6092,200,2026-08-07T15:24:14.103,7,139.5,625.5,382.5,True,
run_20260807_152050_562216,6092,200,2026-08-07T15:24:14.103,8,117.5,647.5,382.5,True,
run_20260807_152050_562216,6092,200,2026-08-07T15:24:14.103,9,95.5,669.5,382.5,True,
run_20260807_152050_562216,6092,200,2026-08-07T15:24:14.103,10,73.5,691.0,382.25,True,
run_20260807_152050_562216,6092,200,2026-08-07T15:24:14.103,11,51.5,713.0,382.25,True,
run_20260807_152050_562216,6092,200,2026-08-07T15:24:14.103,12,29.5,734.0,381.75,True,
run_20260807_152050_562216,6123,201,2026-08-07T15:24:15.135,0,312.5,470.0,391.25,True,
run_20260807_152050_562216,6123,201,2026-08-07T15:24:15.135,1,272.5,492.5,382.5,True,
run_20260807_152050_562216,6123,201,2026-08-07T15:24:15.135,2,250.5,514.5,382.5,True,
run_20260807_152050_562216,6123,201,2026-08-07T15:24:15.135,3,228.5,536.5,382.5,True,
run_20260807_152050_562216,6123,201,2026-08-07T15:24:15.135,4,206.5,558.5,382.5,True,
run_20260807_152050_562216,6123,201,2026-08-07T15:24:15.135,5,183.55555555555554,581.5,382.52777777777777,True,
run_20260807_152050_562216,6123,201,2026-08-07T15:24:15.135,6,161.5,603.5,382.5,True,
run_20260807_152050_562216,6123,201,2026-08-07T15:24:15.135,7,139.5,625.5,382.5,True,
run_20260807_152050_562216,6123,201,2026-08-07T15:24:15.135,8,117.5,647.5,382.5,True,
run_20260807_152050_562216,6123,201,2026-08-07T15:24:15.135,9,95.5,669.5,382.5,True,
run_20260807_152050_562216,6123,201,2026-08-07T15:24:15.135,10,73.5,691.0,382.25,True,
run_20260807_152050_562216,6123,201,2026-08-07T15:24:15.135,11,51.5,713.0,382.25,True,
run_20260807_152050_562216,6123,201,2026-08-07T15:24:15.135,12,29.5,734.0,381.75,True,
run_20260807_152050_562216,6153,202,2026-08-07T15:24:16.136,0,312.5,470.0,391.25,True,
run_20260807_152050_562216,6153,202,2026-08-07T15:24:16.136,1,272.5,492.5,382.5,True,
run_20260807_152050_562216,6153,202,2026-08-07T15:24:16.136,2,250.5,514.5,382.5,True,
run_20260807_152050_562216,6153,202,2026-08-07T15:24:16.136,3,228.5,536.5,382.5,True,
run_20260807_152050_562216,6153,202,2026-08-07T15:24:16.136,4,206.5,558.5,382.5,True,
run_20260807_152050_562216,6153,202,2026-08-07T15:24:16.136,5,183.55555555555554,581.5,382.52777777777777,True,
run_20260807_152050_562216,6153,202,2026-08-07T15:24:16.136,6,161.5,603.5,382.5,True,
run_20260807_152050_562216,6153,202,2026-08-07T15:24:16.136,7,139.5,625.5,382.5,True,
run_20260807_152050_562216,6153,202,2026-08-07T15:24:16.136,8,117.5,647.5,382.5,True,
run_20260807_152050_562216,6153,202,2026-08-07T15:24:16.136,9,95.5,669.5,382.5,True,
run_20260807_152050_562216,6153,202,2026-08-07T15:24:16.136,10,73.5,691.0,382.25,True,
run_20260807_152050_562216,6153,202,2026-08-07T15:24:16.136,11,51.5,713.0,382.25,True,
run_20260807_152050_562216,6153,202,2026-08-07T15:24:16.136,12,29.5,734.0,381.75,True,
run_20260807_152050_562216,6184,203,2026-08-07T15:24:17.169,0,312.5,470.0,391.25,True,
run_20260807_152050_562216,6184,203,2026-08-07T15:24:17.169,1,272.5,492.5,382.5,True,
run_20260807_152050_562216,6184,203,2026-08-07T15:24:17.169,2,250.5,514.5,382.5,True,
run_20260807_152050_562216,6184,203,2026-08-07T15:24:17.169,3,228.5,536.5,382.5,True,
run_20260807_152050_562216,6184,203,2026-08-07T15:24:17.169,4,206.5,558.5,382.5,True,
run_20260807_152050_562216,6184,203,2026-08-07T15:24:17.169,5,183.55555555555554,581.5,382.52777777777777,True,
run_20260807_152050_562216,6184,203,2026-08-07T15:24:17.169,6,161.5,603.5,382.5,True,
run_20260807_152050_562216,6184,203,2026-08-07T15:24:17.169,7,139.5,625.5,382.5,True,
run_20260807_152050_562216,6184,203,2026-08-07T15:24:17.169,8,117.5,647.5,382.5,True,
run_20260807_152050_562216,6184,203,2026-08-07T15:24:17.169,9,95.5,669.5,382.5,True,
run_20260807_152050_562216,6184,203,2026-08-07T15:24:17.169,10,73.5,691.0,382.25,True,
run_20260807_152050_562216,6184,203,2026-08-07T15:24:17.169,11,51.5,713.0,382.25,True,
run_20260807_152050_562216,6184,203,2026-08-07T15:24:17.169,12,29.5,734.0,381.75,True,
run_20260807_152050_562216,6215,204,2026-08-07T15:24:18.202,0,312.5,470.0,391.25,True,
run_20260807_152050_562216,6215,204,2026-08-07T15:24:18.202,1,272.5,492.5,382.5,True,
run_20260807_152050_562216,6215,204,2026-08-07T15:24:18.202,2,250.5,514.5,382.5,True,
run_20260807_152050_562216,6215,204,2026-08-07T15:24:18.202,3,228.5,536.5,382.5,True,
run_20260807_152050_562216,6215,204,2026-08-07T15:24:18.202,4,206.5,558.5,382.5,True,
run_20260807_152050_562216,6215,204,2026-08-07T15:24:18.202,5,183.55555555555554,581.5,382.52777777777777,True,
run_20260807_152050_562216,6215,204,2026-08-07T15:24:18.202,6,161.5,603.5,382.5,True,
run_20260807_152050_562216,6215,204,2026-08-07T15:24:18.202,7,139.5,625.5,382.5,True,
run_20260807_152050_562216,6215,204,2026-08-07T15:24:18.202,8,117.5,647.5,382.5,True,
run_20260807_152050_562216,6215,204,2026-08-07T15:24:18.202,9,95.5,669.5,382.5,True,
run_20260807_152050_562216,6215,204,2026-08-07T15:24:18.202,10,73.5,691.0,382.25,True,
run_20260807_152050_562216,6215,204,2026-08-07T15:24:18.202,11,51.5,713.0,382.25,True,
run_20260807_152050_562216,6215,204,2026-08-07T15:24:18.202,12,29.5,734.0,381.75,True,
run_20260807_152050_562216,6245,205,2026-08-07T15:24:19.203,0,312.5,470.0,391.25,True,
run_20260807_152050_562216,6245,205,2026-08-07T15:24:19.203,1,272.5,492.5,382.5,True,
run_20260807_152050_562216,6245,205,2026-08-07T15:24:19.203,2,250.5,514.5,382.5,True,
run_20260807_152050_562216,6245,205,2026-08-07T15:24:19.203,3,228.5,536.5,382.5,True,
run_20260807_152050_562216,6245,205,2026-08-07T15:24:19.203,4,206.5,558.5,382.5,True,
run_20260807_152050_562216,6245,205,2026-08-07T15:24:19.203,5,183.55555555555554,581.5,382.52777777777777,True,
run_20260807_152050_562216,6245,205,2026-08-07T15:24:19.203,6,161.5,603.5,382.5,True,
run_20260807_152050_562216,6245,205,2026-08-07T15:24:19.203,7,139.5,625.5,382.5,True,
run_20260807_152050_562216,6245,205,2026-08-07T15:24:19.203,8,117.5,647.5,382.5,True,
run_20260807_152050_562216,6245,205,2026-08-07T15:24:19.203,9,95.5,669.5,382.5,True,
run_20260807_152050_562216,6245,205,2026-08-07T15:24:19.203,10,73.5,691.0,382.25,True,
run_20260807_152050_562216,6245,205,2026-08-07T15:24:19.203,11,51.5,713.0,382.25,True,
run_20260807_152050_562216,6245,205,2026-08-07T15:24:19.203,12,29.5,734.0,381.75,True,
run_20260807_152050_562216,6276,206,2026-08-07T15:24:20.237,0,312.5,470.0,391.25,True,
run_20260807_152050_562216,6276,206,2026-08-07T15:24:20.237,1,272.5,492.5,382.5,True,
run_20260807_152050_562216,6276,206,2026-08-07T15:24:20.237,2,250.5,514.5,382.5,True,
run_20260807_152050_562216,6276,206,2026-08-07T15:24:20.237,3,228.5,536.5,382.5,True,
run_20260807_152050_562216,6276,206,2026-08-07T15:24:20.237,4,206.5,558.5,382.5,True,
run_20260807_152050_562216,6276,206,2026-08-07T15:24:20.237,5,183.55555555555554,581.5,382.52777777777777,True,
run_20260807_152050_562216,6276,206,2026-08-07T15:24:20.237,6,161.5,603.5,382.5,True,
run_20260807_152050_562216,6276,206,2026-08-07T15:24:20.237,7,139.5,625.5,382.5,True,
run_20260807_152050_562216,6276,206,2026-08-07T15:24:20.237,8,117.5,647.5,382.5,True,
run_20260807_152050_562216,6276,206,2026-08-07T15:24:20.237,9,95.5,669.5,382.5,True,
run_20260807_152050_562216,6276,206,2026-08-07T15:24:20.237,10,73.5,691.0,382.25,True,
run_20260807_152050_562216,6276,206,2026-08-07T15:24:20.237,11,51.5,713.0,382.25,True,
run_20260807_152050_562216,6276,206,2026-08-07T15:24:20.237,12,29.5,734.0,381.75,True,
run_20260807_152050_562216,6307,207,2026-08-07T15:24:21.269,0,312.5,470.0,391.25,True,
run_20260807_152050_562216,6307,207,2026-08-07T15:24:21.269,1,272.5,492.5,382.5,True,
run_20260807_152050_562216,6307,207,2026-08-07T15:24:21.269,2,250.5,514.5,382.5,True,
run_20260807_152050_562216,6307,207,2026-08-07T15:24:21.269,3,228.5,536.5,382.5,True,
run_20260807_152050_562216,6307,207,2026-08-07T15:24:21.269,4,206.5,558.5,382.5,True,
run_20260807_152050_562216,6307,207,2026-08-07T15:24:21.269,5,184.0,581.5,382.75,True,
run_20260807_152050_562216,6307,207,2026-08-07T15:24:21.269,6,161.5,603.5,382.5,True,
run_20260807_152050_562216,6307,207,2026-08-07T15:24:21.269,7,139.5,625.5,382.5,True,
run_20260807_152050_562216,6307,207,2026-08-07T15:24:21.269,8,117.5,647.5,382.5,True,
run_20260807_152050_562216,6307,207,2026-08-07T15:24:21.269,9,95.5,669.5,382.5,True,
run_20260807_152050_562216,6307,207,2026-08-07T15:24:21.269,10,73.5,691.0,382.25,True,
run_20260807_152050_562216,6307,207,2026-08-07T15:24:21.269,11,51.5,713.0,382.25,True,
run_20260807_152050_562216,6307,207,2026-08-07T15:24:21.269,12,29.5,734.0,381.75,True,
run_20260807_152050_562216,6338,208,2026-08-07T15:24:22.302,0,312.5,470.0,391.25,True,
run_20260807_152050_562216,6338,208,2026-08-07T15:24:22.302,1,272.5,492.5,382.5,True,
run_20260807_152050_562216,6338,208,2026-08-07T15:24:22.302,2,250.5,514.5,382.5,True,
run_20260807_152050_562216,6338,208,2026-08-07T15:24:22.302,3,228.5,536.5,382.5,True,
run_20260807_152050_562216,6338,208,2026-08-07T15:24:22.302,4,206.5,558.5,382.5,True,
run_20260807_152050_562216,6338,208,2026-08-07T15:24:22.302,5,183.55555555555554,581.5,382.52777777777777,True,
run_20260807_152050_562216,6338,208,2026-08-07T15:24:22.302,6,161.5,603.5,382.5,True,
run_20260807_152050_562216,6338,208,2026-08-07T15:24:22.302,7,139.5,625.5,382.5,True,
run_20260807_152050_562216,6338,208,2026-08-07T15:24:22.302,8,117.5,647.5,382.5,True,
run_20260807_152050_562216,6338,208,2026-08-07T15:24:22.302,9,95.5,669.5,382.5,True,
run_20260807_152050_562216,6338,208,2026-08-07T15:24:22.302,10,73.5,691.0,382.25,True,
run_20260807_152050_562216,6338,208,2026-08-07T15:24:22.302,11,51.5,713.0,382.25,True,
run_20260807_152050_562216,6338,208,2026-08-07T15:24:22.302,12,29.5,734.0,381.75,True,
run_20260807_152050_562216,6368,209,2026-08-07T15:24:23.302,0,312.5,470.0,391.25,True,
run_20260807_152050_562216,6368,209,2026-08-07T15:24:23.302,1,272.5,492.5,382.5,True,
run_20260807_152050_562216,6368,209,2026-08-07T15:24:23.302,2,250.5,514.5,382.5,True,
run_20260807_152050_562216,6368,209,2026-08-07T15:24:23.302,3,228.5,536.5,382.5,True,
run_20260807_152050_562216,6368,209,2026-08-07T15:24:23.302,4,206.5,558.5,382.5,True,
run_20260807_152050_562216,6368,209,2026-08-07T15:24:23.302,5,183.55555555555554,581.5,382.52777777777777,True,
run_20260807_152050_562216,6368,209,2026-08-07T15:24:23.302,6,161.5,603.5,382.5,True,
run_20260807_152050_562216,6368,209,2026-08-07T15:24:23.302,7,139.5,625.5,382.5,True,
run_20260807_152050_562216,6368,209,2026-08-07T15:24:23.302,8,117.5,647.5,382.5,True,
run_20260807_152050_562216,6368,209,2026-08-07T15:24:23.302,9,95.5,669.5,382.5,True,
run_20260807_152050_562216,6368,209,2026-08-07T15:24:23.302,10,73.5,691.0,382.25,True,
run_20260807_152050_562216,6368,209,2026-08-07T15:24:23.302,11,51.5,713.0,382.25,True,
run_20260807_152050_562216,6368,209,2026-08-07T15:24:23.302,12,29.5,734.0,381.75,True,
run_20260807_152050_562216,6399,210,2026-08-07T15:24:24.336,0,312.5,470.0,391.25,True,
run_20260807_152050_562216,6399,210,2026-08-07T15:24:24.336,1,272.5,492.5,382.5,True,
run_20260807_152050_562216,6399,210,2026-08-07T15:24:24.336,2,250.5,514.5,382.5,True,
run_20260807_152050_562216,6399,210,2026-08-07T15:24:24.336,3,228.5,536.5,382.5,True,
run_20260807_152050_562216,6399,210,2026-08-07T15:24:24.336,4,206.5,558.5,382.5,True,
run_20260807_152050_562216,6399,210,2026-08-07T15:24:24.336,5,183.55555555555554,581.5,382.52777777777777,True,
run_20260807_152050_562216,6399,210,2026-08-07T15:24:24.336,6,161.5,603.5,382.5,True,
run_20260807_152050_562216,6399,210,2026-08-07T15:24:24.336,7,139.5,625.5,382.5,True,
run_20260807_152050_562216,6399,210,2026-08-07T15:24:24.336,8,117.5,647.5,382.5,True,
run_20260807_152050_562216,6399,210,2026-08-07T15:24:24.336,9,95.5,669.5,382.5,True,
run_20260807_152050_562216,6399,210,2026-08-07T15:24:24.336,10,73.5,691.0,382.25,True,
run_20260807_152050_562216,6399,210,2026-08-07T15:24:24.336,11,51.5,713.0,382.25,True,
run_20260807_152050_562216,6399,210,2026-08-07T15:24:24.336,12,29.5,734.0,381.75,True,
run_20260807_152050_562216,6429,211,2026-08-07T15:24:25.336,0,312.5,470.0,391.25,True,
run_20260807_152050_562216,6429,211,2026-08-07T15:24:25.336,1,272.5,492.5,382.5,True,
run_20260807_152050_562216,6429,211,2026-08-07T15:24:25.336,2,250.5,514.5,382.5,True,
run_20260807_152050_562216,6429,211,2026-08-07T15:24:25.336,3,228.5,536.5,382.5,True,
run_20260807_152050_562216,6429,211,2026-08-07T15:24:25.336,4,206.5,558.5,382.5,True,
run_20260807_152050_562216,6429,211,2026-08-07T15:24:25.336,5,184.0,581.5,382.75,True,
run_20260807_152050_562216,6429,211,2026-08-07T15:24:25.336,6,161.5,603.5,382.5,True,
run_20260807_152050_562216,6429,211,2026-08-07T15:24:25.336,7,139.5,625.5,382.5,True,
run_20260807_152050_562216,6429,211,2026-08-07T15:24:25.336,8,117.5,647.5,382.5,True,
run_20260807_152050_562216,6429,211,2026-08-07T15:24:25.336,9,95.5,669.5,382.5,True,
run_20260807_152050_562216,6429,211,2026-08-07T15:24:25.336,10,73.5,691.0,382.25,True,
run_20260807_152050_562216,6429,211,2026-08-07T15:24:25.336,11,51.5,713.0,382.25,True,
run_20260807_152050_562216,6429,211,2026-08-07T15:24:25.336,12,29.5,734.0,381.75,True,
run_20260807_152050_562216,6460,212,2026-08-07T15:24:26.370,0,312.5,470.0,391.25,True,
run_20260807_152050_562216,6460,212,2026-08-07T15:24:26.370,1,272.5,492.5,382.5,True,
run_20260807_152050_562216,6460,212,2026-08-07T15:24:26.370,2,250.5,514.5,382.5,True,
run_20260807_152050_562216,6460,212,2026-08-07T15:24:26.370,3,228.5,536.5,382.5,True,
run_20260807_152050_562216,6460,212,2026-08-07T15:24:26.370,4,206.5,558.5,382.5,True,
run_20260807_152050_562216,6460,212,2026-08-07T15:24:26.370,5,183.55555555555554,581.5,382.52777777777777,True,
run_20260807_152050_562216,6460,212,2026-08-07T15:24:26.370,6,161.5,603.5,382.5,True,
run_20260807_152050_562216,6460,212,2026-08-07T15:24:26.370,7,139.5,625.5,382.5,True,
run_20260807_152050_562216,6460,212,2026-08-07T15:24:26.370,8,117.5,647.5,382.5,True,
run_20260807_152050_562216,6460,212,2026-08-07T15:24:26.370,9,95.5,669.5,382.5,True,
run_20260807_152050_562216,6460,212,2026-08-07T15:24:26.370,10,73.5,691.0,382.25,True,
run_20260807_152050_562216,6460,212,2026-08-07T15:24:26.370,11,51.5,713.0,382.25,True,
run_20260807_152050_562216,6460,212,2026-08-07T15:24:26.370,12,29.5,734.0,381.75,True,
run_20260807_152050_562216,6491,213,2026-08-07T15:24:27.402,0,312.5,470.0,391.25,True,
run_20260807_152050_562216,6491,213,2026-08-07T15:24:27.402,1,272.5,492.5,382.5,True,
run_20260807_152050_562216,6491,213,2026-08-07T15:24:27.402,2,250.5,514.5,382.5,True,
run_20260807_152050_562216,6491,213,2026-08-07T15:24:27.402,3,228.5,536.5,382.5,True,
run_20260807_152050_562216,6491,213,2026-08-07T15:24:27.402,4,206.5,558.5,382.5,True,
run_20260807_152050_562216,6491,213,2026-08-07T15:24:27.402,5,183.55555555555554,581.5,382.52777777777777,True,
run_20260807_152050_562216,6491,213,2026-08-07T15:24:27.402,6,161.5,603.5,382.5,True,
run_20260807_152050_562216,6491,213,2026-08-07T15:24:27.402,7,139.5,625.5,382.5,True,
run_20260807_152050_562216,6491,213,2026-08-07T15:24:27.402,8,117.5,647.5,382.5,True,
run_20260807_152050_562216,6491,213,2026-08-07T15:24:27.402,9,95.5,669.5,382.5,True,
run_20260807_152050_562216,6491,213,2026-08-07T15:24:27.402,10,73.5,691.0,382.25,True,
run_20260807_152050_562216,6491,213,2026-08-07T15:24:27.402,11,51.5,713.0,382.25,True,
run_20260807_152050_562216,6491,213,2026-08-07T15:24:27.402,12,29.5,734.0,381.75,True,
run_20260807_152050_562216,6521,214,2026-08-07T15:24:28.402,0,312.5,470.0,391.25,True,
run_20260807_152050_562216,6521,214,2026-08-07T15:24:28.402,1,272.5,492.5,382.5,True,
run_20260807_152050_562216,6521,214,2026-08-07T15:24:28.402,2,250.5,514.5,382.5,True,
run_20260807_152050_562216,6521,214,2026-08-07T15:24:28.402,3,228.5,536.5,382.5,True,
run_20260807_152050_562216,6521,214,2026-08-07T15:24:28.402,4,206.5,558.5,382.5,True,
run_20260807_152050_562216,6521,214,2026-08-07T15:24:28.402,5,183.55555555555554,581.5,382.52777777777777,True,
run_20260807_152050_562216,6521,214,2026-08-07T15:24:28.402,6,161.5,603.5,382.5,True,
run_20260807_152050_562216,6521,214,2026-08-07T15:24:28.402,7,139.5,625.5,382.5,True,
run_20260807_152050_562216,6521,214,2026-08-07T15:24:28.402,8,117.5,647.5,382.5,True,
run_20260807_152050_562216,6521,214,2026-08-07T15:24:28.402,9,95.5,669.5,382.5,True,
run_20260807_152050_562216,6521,214,2026-08-07T15:24:28.402,10,73.5,691.0,382.25,True,
run_20260807_152050_562216,6521,214,2026-08-07T15:24:28.402,11,51.5,713.0,382.25,True,
run_20260807_152050_562216,6521,214,2026-08-07T15:24:28.402,12,29.5,734.0,381.75,True,
run_20260807_152050_562216,6551,215,2026-08-07T15:24:29.403,0,312.5,470.0,391.25,True,
run_20260807_152050_562216,6551,215,2026-08-07T15:24:29.403,1,272.5,492.5,382.5,True,
run_20260807_152050_562216,6551,215,2026-08-07T15:24:29.403,2,250.5,514.5,382.5,True,
run_20260807_152050_562216,6551,215,2026-08-07T15:24:29.403,3,228.5,536.5,382.5,True,
run_20260807_152050_562216,6551,215,2026-08-07T15:24:29.403,4,206.5,558.5,382.5,True,
run_20260807_152050_562216,6551,215,2026-08-07T15:24:29.403,5,183.55555555555554,581.5,382.52777777777777,True,
run_20260807_152050_562216,6551,215,2026-08-07T15:24:29.403,6,161.5,603.5,382.5,True,
run_20260807_152050_562216,6551,215,2026-08-07T15:24:29.403,7,139.5,625.5,382.5,True,
run_20260807_152050_562216,6551,215,2026-08-07T15:24:29.403,8,117.5,647.5,382.5,True,
run_20260807_152050_562216,6551,215,2026-08-07T15:24:29.403,9,95.5,669.5,382.5,True,
run_20260807_152050_562216,6551,215,2026-08-07T15:24:29.403,10,73.5,691.0,382.25,True,
run_20260807_152050_562216,6551,215,2026-08-07T15:24:29.403,11,51.5,713.0,382.25,True,
run_20260807_152050_562216,6551,215,2026-08-07T15:24:29.403,12,29.5,734.0,381.75,True,
run_20260807_152050_562216,6581,216,2026-08-07T15:24:30.403,0,312.5,470.0,391.25,True,
run_20260807_152050_562216,6581,216,2026-08-07T15:24:30.403,1,272.5,492.5,382.5,True,
run_20260807_152050_562216,6581,216,2026-08-07T15:24:30.403,2,250.5,514.5,382.5,True,
run_20260807_152050_562216,6581,216,2026-08-07T15:24:30.403,3,228.5,536.5,382.5,True,
run_20260807_152050_562216,6581,216,2026-08-07T15:24:30.403,4,206.5,558.5,382.5,True,
run_20260807_152050_562216,6581,216,2026-08-07T15:24:30.403,5,183.55555555555554,581.5,382.52777777777777,True,
run_20260807_152050_562216,6581,216,2026-08-07T15:24:30.403,6,161.5,603.5,382.5,True,
run_20260807_152050_562216,6581,216,2026-08-07T15:24:30.403,7,139.5,625.5,382.5,True,
run_20260807_152050_562216,6581,216,2026-08-07T15:24:30.403,8,117.5,647.5,382.5,True,
run_20260807_152050_562216,6581,216,2026-08-07T15:24:30.403,9,95.5,669.5,382.5,True,
run_20260807_152050_562216,6581,216,2026-08-07T15:24:30.403,10,73.5,691.0,382.25,True,
run_20260807_152050_562216,6581,216,2026-08-07T15:24:30.403,11,51.5,713.0,382.25,True,
run_20260807_152050_562216,6581,216,2026-08-07T15:24:30.403,12,29.5,734.0,381.75,True,
run_20260807_152050_562216,6612,217,2026-08-07T15:24:31.436,0,312.5,470.0,391.25,True,
run_20260807_152050_562216,6612,217,2026-08-07T15:24:31.436,1,272.5,492.5,382.5,True,
run_20260807_152050_562216,6612,217,2026-08-07T15:24:31.436,2,250.5,514.5,382.5,True,
run_20260807_152050_562216,6612,217,2026-08-07T15:24:31.436,3,228.5,536.5,382.5,True,
run_20260807_152050_562216,6612,217,2026-08-07T15:24:31.436,4,206.5,558.5,382.5,True,
run_20260807_152050_562216,6612,217,2026-08-07T15:24:31.436,5,184.0,581.5,382.75,True,
run_20260807_152050_562216,6612,217,2026-08-07T15:24:31.436,6,161.5,603.5,382.5,True,
run_20260807_152050_562216,6612,217,2026-08-07T15:24:31.436,7,139.5,625.5,382.5,True,
run_20260807_152050_562216,6612,217,2026-08-07T15:24:31.436,8,117.5,647.5,382.5,True,
run_20260807_152050_562216,6612,217,2026-08-07T15:24:31.436,9,95.5,669.5,382.5,True,
run_20260807_152050_562216,6612,217,2026-08-07T15:24:31.436,10,73.5,691.0,382.25,True,
run_20260807_152050_562216,6612,217,2026-08-07T15:24:31.436,11,51.5,713.0,382.25,True,
run_20260807_152050_562216,6612,217,2026-08-07T15:24:31.436,12,29.5,734.0,381.75,True,
run_20260807_152050_562216,6643,218,2026-08-07T15:24:32.469,0,312.5,470.0,391.25,True,
run_20260807_152050_562216,6643,218,2026-08-07T15:24:32.469,1,272.5,492.5,382.5,True,
run_20260807_152050_562216,6643,218,2026-08-07T15:24:32.469,2,250.5,514.5,382.5,True,
run_20260807_152050_562216,6643,218,2026-08-07T15:24:32.469,3,228.5,536.5,382.5,True,
run_20260807_152050_562216,6643,218,2026-08-07T15:24:32.469,4,206.5,558.5,382.5,True,
run_20260807_152050_562216,6643,218,2026-08-07T15:24:32.469,5,184.0,581.5,382.75,True,
run_20260807_152050_562216,6643,218,2026-08-07T15:24:32.469,6,161.5,603.5,382.5,True,
run_20260807_152050_562216,6643,218,2026-08-07T15:24:32.469,7,139.5,625.5,382.5,True,
run_20260807_152050_562216,6643,218,2026-08-07T15:24:32.469,8,117.5,647.5,382.5,True,
run_20260807_152050_562216,6643,218,2026-08-07T15:24:32.469,9,95.5,669.5,382.5,True,
run_20260807_152050_562216,6643,218,2026-08-07T15:24:32.469,10,73.5,691.0,382.25,True,
run_20260807_152050_562216,6643,218,2026-08-07T15:24:32.469,11,51.5,713.0,382.25,True,
run_20260807_152050_562216,6643,218,2026-08-07T15:24:32.469,12,29.5,734.0,381.75,True,
run_20260807_152050_562216,6673,219,2026-08-07T15:24:33.469,0,312.5,470.0,391.25,True,
run_20260807_152050_562216,6673,219,2026-08-07T15:24:33.469,1,272.5,492.5,382.5,True,
run_20260807_152050_562216,6673,219,2026-08-07T15:24:33.469,2,250.5,514.5,382.5,True,
run_20260807_152050_562216,6673,219,2026-08-07T15:24:33.469,3,228.5,536.5,382.5,True,
run_20260807_152050_562216,6673,219,2026-08-07T15:24:33.469,4,206.5,558.5,382.5,True,
run_20260807_152050_562216,6673,219,2026-08-07T15:24:33.469,5,183.55555555555554,581.5,382.52777777777777,True,
run_20260807_152050_562216,6673,219,2026-08-07T15:24:33.469,6,161.5,603.5,382.5,True,
run_20260807_152050_562216,6673,219,2026-08-07T15:24:33.469,7,139.5,625.5,382.5,True,
run_20260807_152050_562216,6673,219,2026-08-07T15:24:33.469,8,117.5,647.5,382.5,True,
run_20260807_152050_562216,6673,219,2026-08-07T15:24:33.469,9,95.5,669.5,382.5,True,
run_20260807_152050_562216,6673,219,2026-08-07T15:24:33.469,10,73.5,691.0,382.25,True,
run_20260807_152050_562216,6673,219,2026-08-07T15:24:33.469,11,51.5,713.0,382.25,True,
run_20260807_152050_562216,6673,219,2026-08-07T15:24:33.469,12,29.5,734.0,381.75,True,
run_20260807_152050_562216,6704,220,2026-08-07T15:24:34.502,0,312.5,470.0,391.25,True,
run_20260807_152050_562216,6704,220,2026-08-07T15:24:34.502,1,272.5,492.5,382.5,True,
run_20260807_152050_562216,6704,220,2026-08-07T15:24:34.502,2,250.5,514.5,382.5,True,
run_20260807_152050_562216,6704,220,2026-08-07T15:24:34.502,3,228.5,536.5,382.5,True,
run_20260807_152050_562216,6704,220,2026-08-07T15:24:34.502,4,206.5,558.5,382.5,True,
run_20260807_152050_562216,6704,220,2026-08-07T15:24:34.502,5,183.55555555555554,581.5,382.52777777777777,True,
run_20260807_152050_562216,6704,220,2026-08-07T15:24:34.502,6,161.5,603.5,382.5,True,
run_20260807_152050_562216,6704,220,2026-08-07T15:24:34.502,7,139.5,625.5,382.5,True,
run_20260807_152050_562216,6704,220,2026-08-07T15:24:34.502,8,117.5,647.5,382.5,True,
run_20260807_152050_562216,6704,220,2026-08-07T15:24:34.502,9,95.5,669.5,382.5,True,
run_20260807_152050_562216,6704,220,2026-08-07T15:24:34.502,10,73.5,691.0,382.25,True,
run_20260807_152050_562216,6704,220,2026-08-07T15:24:34.502,11,51.5,713.0,382.25,True,
run_20260807_152050_562216,6704,220,2026-08-07T15:24:34.502,12,29.5,734.0,381.75,True,
run_20260807_152050_562216,6735,221,2026-08-07T15:24:35.535,0,312.5,470.0,391.25,True,
run_20260807_152050_562216,6735,221,2026-08-07T15:24:35.535,1,272.5,492.5,382.5,True,
run_20260807_152050_562216,6735,221,2026-08-07T15:24:35.535,2,250.5,514.5,382.5,True,
run_20260807_152050_562216,6735,221,2026-08-07T15:24:35.535,3,228.5,536.5,382.5,True,
run_20260807_152050_562216,6735,221,2026-08-07T15:24:35.535,4,206.5,558.5,382.5,True,
run_20260807_152050_562216,6735,221,2026-08-07T15:24:35.535,5,183.55555555555554,581.5,382.52777777777777,True,
run_20260807_152050_562216,6735,221,2026-08-07T15:24:35.535,6,161.5,603.5,382.5,True,
run_20260807_152050_562216,6735,221,2026-08-07T15:24:35.535,7,139.5,625.5,382.5,True,
run_20260807_152050_562216,6735,221,2026-08-07T15:24:35.535,8,117.5,647.5,382.5,True,
run_20260807_152050_562216,6735,221,2026-08-07T15:24:35.535,9,95.5,669.5,382.5,True,
run_20260807_152050_562216,6735,221,2026-08-07T15:24:35.535,10,73.5,691.0,382.25,True,
run_20260807_152050_562216,6735,221,2026-08-07T15:24:35.535,11,51.5,713.0,382.25,True,
run_20260807_152050_562216,6735,221,2026-08-07T15:24:35.535,12,29.5,734.0,381.75,True,
run_20260807_152050_562216,6765,222,2026-08-07T15:24:36.536,0,312.5,470.0,391.25,True,
run_20260807_152050_562216,6765,222,2026-08-07T15:24:36.536,1,272.5,492.5,382.5,True,
run_20260807_152050_562216,6765,222,2026-08-07T15:24:36.536,2,250.5,514.5,382.5,True,
run_20260807_152050_562216,6765,222,2026-08-07T15:24:36.536,3,228.5,536.5,382.5,True,
run_20260807_152050_562216,6765,222,2026-08-07T15:24:36.536,4,206.5,558.5,382.5,True,
run_20260807_152050_562216,6765,222,2026-08-07T15:24:36.536,5,183.55555555555554,581.5,382.52777777777777,True,
run_20260807_152050_562216,6765,222,2026-08-07T15:24:36.536,6,161.5,603.5,382.5,True,
run_20260807_152050_562216,6765,222,2026-08-07T15:24:36.536,7,139.5,625.5,382.5,True,
run_20260807_152050_562216,6765,222,2026-08-07T15:24:36.536,8,117.5,647.5,382.5,True,
run_20260807_152050_562216,6765,222,2026-08-07T15:24:36.536,9,95.5,669.5,382.5,True,
run_20260807_152050_562216,6765,222,2026-08-07T15:24:36.536,10,73.5,691.0,382.25,True,
run_20260807_152050_562216,6765,222,2026-08-07T15:24:36.536,11,51.5,713.0,382.25,True,
run_20260807_152050_562216,6765,222,2026-08-07T15:24:36.536,12,29.5,734.0,381.75,True,
run_20260807_152050_562216,6796,223,2026-08-07T15:24:37.567,0,312.5,470.0,391.25,True,
run_20260807_152050_562216,6796,223,2026-08-07T15:24:37.567,1,272.5,492.5,382.5,True,
run_20260807_152050_562216,6796,223,2026-08-07T15:24:37.567,2,250.5,514.5,382.5,True,
run_20260807_152050_562216,6796,223,2026-08-07T15:24:37.567,3,228.5,536.5,382.5,True,
run_20260807_152050_562216,6796,223,2026-08-07T15:24:37.567,4,206.5,558.5,382.5,True,
run_20260807_152050_562216,6796,223,2026-08-07T15:24:37.567,5,183.55555555555554,581.5,382.52777777777777,True,
run_20260807_152050_562216,6796,223,2026-08-07T15:24:37.567,6,161.5,603.5,382.5,True,
run_20260807_152050_562216,6796,223,2026-08-07T15:24:37.567,7,139.5,625.5,382.5,True,
run_20260807_152050_562216,6796,223,2026-08-07T15:24:37.567,8,117.5,647.5,382.5,True,
run_20260807_152050_562216,6796,223,2026-08-07T15:24:37.567,9,95.5,669.5,382.5,True,
run_20260807_152050_562216,6796,223,2026-08-07T15:24:37.567,10,73.5,691.0,382.25,True,
run_20260807_152050_562216,6796,223,2026-08-07T15:24:37.567,11,51.5,713.0,382.25,True,
run_20260807_152050_562216,6796,223,2026-08-07T15:24:37.567,12,29.5,734.0,381.75,True,
run_20260807_152050_562216,6827,224,2026-08-07T15:24:38.600,0,312.5,470.0,391.25,True,
run_20260807_152050_562216,6827,224,2026-08-07T15:24:38.600,1,272.5,492.5,382.5,True,
run_20260807_152050_562216,6827,224,2026-08-07T15:24:38.600,2,250.5,514.5,382.5,True,
run_20260807_152050_562216,6827,224,2026-08-07T15:24:38.600,3,228.5,536.5,382.5,True,
run_20260807_152050_562216,6827,224,2026-08-07T15:24:38.600,4,206.5,558.5,382.5,True,
run_20260807_152050_562216,6827,224,2026-08-07T15:24:38.600,5,183.55555555555554,581.5,382.52777777777777,True,
run_20260807_152050_562216,6827,224,2026-08-07T15:24:38.600,6,161.5,603.5,382.5,True,
run_20260807_152050_562216,6827,224,2026-08-07T15:24:38.600,7,139.5,625.5,382.5,True,
run_20260807_152050_562216,6827,224,2026-08-07T15:24:38.600,8,117.5,647.5,382.5,True,
run_20260807_152050_562216,6827,224,2026-08-07T15:24:38.600,9,95.5,669.5,382.5,True,
run_20260807_152050_562216,6827,224,2026-08-07T15:24:38.600,10,73.5,691.0,382.25,True,
run_20260807_152050_562216,6827,224,2026-08-07T15:24:38.600,11,51.5,713.0,382.25,True,
run_20260807_152050_562216,6827,224,2026-08-07T15:24:38.600,12,29.5,734.0,381.75,True,
run_20260807_152050_562216,6857,225,2026-08-07T15:24:39.600,0,312.5,470.0,391.25,True,
run_20260807_152050_562216,6857,225,2026-08-07T15:24:39.600,1,272.5,492.5,382.5,True,
run_20260807_152050_562216,6857,225,2026-08-07T15:24:39.600,2,250.5,514.5,382.5,True,
run_20260807_152050_562216,6857,225,2026-08-07T15:24:39.600,3,228.5,536.5,382.5,True,
run_20260807_152050_562216,6857,225,2026-08-07T15:24:39.600,4,206.5,558.5,382.5,True,
run_20260807_152050_562216,6857,225,2026-08-07T15:24:39.600,5,183.55555555555554,581.5,382.52777777777777,True,
run_20260807_152050_562216,6857,225,2026-08-07T15:24:39.600,6,161.5,603.5,382.5,True,
run_20260807_152050_562216,6857,225,2026-08-07T15:24:39.600,7,139.5,625.5,382.5,True,
run_20260807_152050_562216,6857,225,2026-08-07T15:24:39.600,8,117.5,647.5,382.5,True,
run_20260807_152050_562216,6857,225,2026-08-07T15:24:39.600,9,95.5,669.5,382.5,True,
run_20260807_152050_562216,6857,225,2026-08-07T15:24:39.600,10,73.5,691.0,382.25,True,
run_20260807_152050_562216,6857,225,2026-08-07T15:24:39.600,11,51.5,713.0,382.25,True,
run_20260807_152050_562216,6857,225,2026-08-07T15:24:39.600,12,29.5,734.0,381.75,True,
run_20260807_152050_562216,6888,226,2026-08-07T15:24:40.634,0,312.5,470.0,391.25,True,
run_20260807_152050_562216,6888,226,2026-08-07T15:24:40.634,1,272.5,492.5,382.5,True,
run_20260807_152050_562216,6888,226,2026-08-07T15:24:40.634,2,250.5,514.5,382.5,True,
run_20260807_152050_562216,6888,226,2026-08-07T15:24:40.634,3,228.5,536.5,382.5,True,
run_20260807_152050_562216,6888,226,2026-08-07T15:24:40.634,4,206.5,558.5,382.5,True,
run_20260807_152050_562216,6888,226,2026-08-07T15:24:40.634,5,184.0,581.5,382.75,True,
run_20260807_152050_562216,6888,226,2026-08-07T15:24:40.634,6,161.5,603.5,382.5,True,
run_20260807_152050_562216,6888,226,2026-08-07T15:24:40.634,7,139.5,625.5,382.5,True,
run_20260807_152050_562216,6888,226,2026-08-07T15:24:40.634,8,117.5,647.5,382.5,True,
run_20260807_152050_562216,6888,226,2026-08-07T15:24:40.634,9,95.5,669.5,382.5,True,
run_20260807_152050_562216,6888,226,2026-08-07T15:24:40.634,10,73.5,691.0,382.25,True,
run_20260807_152050_562216,6888,226,2026-08-07T15:24:40.634,11,51.5,713.0,382.25,True,
run_20260807_152050_562216,6888,226,2026-08-07T15:24:40.634,12,29.5,734.0,381.75,True,
run_20260807_152050_562216,6919,227,2026-08-07T15:24:41.666,0,312.5,470.0,391.25,True,
run_20260807_152050_562216,6919,227,2026-08-07T15:24:41.666,1,272.5,492.5,382.5,True,
run_20260807_152050_562216,6919,227,2026-08-07T15:24:41.666,2,250.5,514.5,382.5,True,
run_20260807_152050_562216,6919,227,2026-08-07T15:24:41.666,3,228.5,536.5,382.5,True,
run_20260807_152050_562216,6919,227,2026-08-07T15:24:41.666,4,206.5,558.5,382.5,True,
run_20260807_152050_562216,6919,227,2026-08-07T15:24:41.666,5,183.55555555555554,581.5,382.52777777777777,True,
run_20260807_152050_562216,6919,227,2026-08-07T15:24:41.666,6,161.5,603.5,382.5,True,
run_20260807_152050_562216,6919,227,2026-08-07T15:24:41.666,7,139.5,625.5,382.5,True,
run_20260807_152050_562216,6919,227,2026-08-07T15:24:41.666,8,117.5,647.5,382.5,True,
run_20260807_152050_562216,6919,227,2026-08-07T15:24:41.666,9,95.5,669.5,382.5,True,
run_20260807_152050_562216,6919,227,2026-08-07T15:24:41.666,10,73.5,691.0,382.25,True,
run_20260807_152050_562216,6919,227,2026-08-07T15:24:41.666,11,51.5,713.0,382.25,True,
run_20260807_152050_562216,6919,227,2026-08-07T15:24:41.666,12,29.5,734.0,381.75,True,
run_20260807_152050_562216,6949,228,2026-08-07T15:24:42.669,0,312.5,470.0,391.25,True,
run_20260807_152050_562216,6949,228,2026-08-07T15:24:42.669,1,272.5,492.5,382.5,True,
run_20260807_152050_562216,6949,228,2026-08-07T15:24:42.669,2,250.5,514.5,382.5,True,
run_20260807_152050_562216,6949,228,2026-08-07T15:24:42.669,3,228.5,536.5,382.5,True,
run_20260807_152050_562216,6949,228,2026-08-07T15:24:42.669,4,206.5,558.5,382.5,True,
run_20260807_152050_562216,6949,228,2026-08-07T15:24:42.669,5,184.0,581.5,382.75,True,
run_20260807_152050_562216,6949,228,2026-08-07T15:24:42.669,6,161.5,603.5,382.5,True,
run_20260807_152050_562216,6949,228,2026-08-07T15:24:42.669,7,139.5,625.5,382.5,True,
run_20260807_152050_562216,6949,228,2026-08-07T15:24:42.669,8,117.5,647.5,382.5,True,
run_20260807_152050_562216,6949,228,2026-08-07T15:24:42.669,9,95.5,669.5,382.5,True,
run_20260807_152050_562216,6949,228,2026-08-07T15:24:42.669,10,73.5,691.0,382.25,True,
run_20260807_152050_562216,6949,228,2026-08-07T15:24:42.669,11,51.5,713.0,382.25,True,
run_20260807_152050_562216,6949,228,2026-08-07T15:24:42.669,12,29.5,734.0,381.75,True,
run_20260807_152050_562216,6980,229,2026-08-07T15:24:43.702,0,312.5,470.0,391.25,True,
run_20260807_152050_562216,6980,229,2026-08-07T15:24:43.702,1,272.5,492.5,382.5,True,
run_20260807_152050_562216,6980,229,2026-08-07T15:24:43.702,2,250.5,514.5,382.5,True,
run_20260807_152050_562216,6980,229,2026-08-07T15:24:43.702,3,228.5,536.5,382.5,True,
run_20260807_152050_562216,6980,229,2026-08-07T15:24:43.702,4,206.5,558.5,382.5,True,
run_20260807_152050_562216,6980,229,2026-08-07T15:24:43.702,5,184.0,581.5,382.75,True,
run_20260807_152050_562216,6980,229,2026-08-07T15:24:43.702,6,161.5,603.5,382.5,True,
run_20260807_152050_562216,6980,229,2026-08-07T15:24:43.702,7,139.5,625.5,382.5,True,
run_20260807_152050_562216,6980,229,2026-08-07T15:24:43.702,8,117.5,647.5,382.5,True,
run_20260807_152050_562216,6980,229,2026-08-07T15:24:43.702,9,95.5,669.5,382.5,True,
run_20260807_152050_562216,6980,229,2026-08-07T15:24:43.702,10,73.5,691.0,382.25,True,
run_20260807_152050_562216,6980,229,2026-08-07T15:24:43.702,11,51.5,713.0,382.25,True,
run_20260807_152050_562216,6980,229,2026-08-07T15:24:43.702,12,29.5,734.0,381.75,True,
run_20260807_152050_562216,7011,230,2026-08-07T15:24:44.732,0,312.5,470.0,391.25,True,
run_20260807_152050_562216,7011,230,2026-08-07T15:24:44.732,1,272.5,492.5,382.5,True,
run_20260807_152050_562216,7011,230,2026-08-07T15:24:44.732,2,250.5,514.5,382.5,True,
run_20260807_152050_562216,7011,230,2026-08-07T15:24:44.732,3,228.5,536.5,382.5,True,
run_20260807_152050_562216,7011,230,2026-08-07T15:24:44.732,4,206.5,558.5,382.5,True,
run_20260807_152050_562216,7011,230,2026-08-07T15:24:44.732,5,184.0,581.5,382.75,True,
run_20260807_152050_562216,7011,230,2026-08-07T15:24:44.732,6,161.5,603.5,382.5,True,
run_20260807_152050_562216,7011,230,2026-08-07T15:24:44.732,7,139.5,625.5,382.5,True,
run_20260807_152050_562216,7011,230,2026-08-07T15:24:44.732,8,117.5,647.5,382.5,True,
run_20260807_152050_562216,7011,230,2026-08-07T15:24:44.732,9,95.5,669.5,382.5,True,
run_20260807_152050_562216,7011,230,2026-08-07T15:24:44.732,10,73.5,691.0,382.25,True,
run_20260807_152050_562216,7011,230,2026-08-07T15:24:44.732,11,51.5,713.0,382.25,True,
run_20260807_152050_562216,7011,230,2026-08-07T15:24:44.732,12,29.5,734.0,381.75,True,
run_20260807_152050_562216,7041,231,2026-08-07T15:24:45.734,0,312.5,470.0,391.25,True,
run_20260807_152050_562216,7041,231,2026-08-07T15:24:45.734,1,272.5,492.5,382.5,True,
run_20260807_152050_562216,7041,231,2026-08-07T15:24:45.734,2,250.5,514.5,382.5,True,
run_20260807_152050_562216,7041,231,2026-08-07T15:24:45.734,3,228.5,536.5,382.5,True,
run_20260807_152050_562216,7041,231,2026-08-07T15:24:45.734,4,206.5,558.5,382.5,True,
run_20260807_152050_562216,7041,231,2026-08-07T15:24:45.734,5,184.0,581.5,382.75,True,
run_20260807_152050_562216,7041,231,2026-08-07T15:24:45.734,6,161.5,603.5,382.5,True,
run_20260807_152050_562216,7041,231,2026-08-07T15:24:45.734,7,139.5,625.5,382.5,True,
run_20260807_152050_562216,7041,231,2026-08-07T15:24:45.734,8,117.5,647.5,382.5,True,
run_20260807_152050_562216,7041,231,2026-08-07T15:24:45.734,9,95.5,669.5,382.5,True,
run_20260807_152050_562216,7041,231,2026-08-07T15:24:45.734,10,73.5,691.0,382.25,True,
run_20260807_152050_562216,7041,231,2026-08-07T15:24:45.734,11,51.5,713.0,382.25,True,
run_20260807_152050_562216,7041,231,2026-08-07T15:24:45.734,12,29.5,734.0,381.75,True,
run_20260807_152050_562216,7072,232,2026-08-07T15:24:46.767,0,312.5,470.0,391.25,True,
run_20260807_152050_562216,7072,232,2026-08-07T15:24:46.767,1,272.5,492.5,382.5,True,
run_20260807_152050_562216,7072,232,2026-08-07T15:24:46.767,2,250.5,514.5,382.5,True,
run_20260807_152050_562216,7072,232,2026-08-07T15:24:46.767,3,228.5,536.5,382.5,True,
run_20260807_152050_562216,7072,232,2026-08-07T15:24:46.767,4,206.5,558.5,382.5,True,
run_20260807_152050_562216,7072,232,2026-08-07T15:24:46.767,5,184.0,581.5,382.75,True,
run_20260807_152050_562216,7072,232,2026-08-07T15:24:46.767,6,161.5,603.5,382.5,True,
run_20260807_152050_562216,7072,232,2026-08-07T15:24:46.767,7,139.5,625.5,382.5,True,
run_20260807_152050_562216,7072,232,2026-08-07T15:24:46.767,8,117.5,647.5,382.5,True,
run_20260807_152050_562216,7072,232,2026-08-07T15:24:46.767,9,95.5,669.5,382.5,True,
run_20260807_152050_562216,7072,232,2026-08-07T15:24:46.767,10,73.5,691.0,382.25,True,
run_20260807_152050_562216,7072,232,2026-08-07T15:24:46.767,11,51.5,713.0,382.25,True,
run_20260807_152050_562216,7072,232,2026-08-07T15:24:46.767,12,29.5,734.0,381.75,True,
run_20260807_152050_562216,7103,233,2026-08-07T15:24:47.799,0,312.5,470.0,391.25,True,
run_20260807_152050_562216,7103,233,2026-08-07T15:24:47.799,1,272.5,492.5,382.5,True,
run_20260807_152050_562216,7103,233,2026-08-07T15:24:47.799,2,250.5,514.5,382.5,True,
run_20260807_152050_562216,7103,233,2026-08-07T15:24:47.799,3,228.5,536.5,382.5,True,
run_20260807_152050_562216,7103,233,2026-08-07T15:24:47.799,4,206.5,558.5,382.5,True,
run_20260807_152050_562216,7103,233,2026-08-07T15:24:47.799,5,183.55555555555554,581.5,382.52777777777777,True,
run_20260807_152050_562216,7103,233,2026-08-07T15:24:47.799,6,161.5,603.5,382.5,True,
run_20260807_152050_562216,7103,233,2026-08-07T15:24:47.799,7,139.5,625.5,382.5,True,
run_20260807_152050_562216,7103,233,2026-08-07T15:24:47.799,8,117.5,647.5,382.5,True,
run_20260807_152050_562216,7103,233,2026-08-07T15:24:47.799,9,95.5,669.5,382.5,True,
run_20260807_152050_562216,7103,233,2026-08-07T15:24:47.799,10,73.5,691.0,382.25,True,
run_20260807_152050_562216,7103,233,2026-08-07T15:24:47.799,11,51.5,713.0,382.25,True,
run_20260807_152050_562216,7103,233,2026-08-07T15:24:47.799,12,29.5,734.0,381.75,True,
run_20260807_152050_562216,7133,234,2026-08-07T15:24:48.800,0,312.5,470.0,391.25,True,
run_20260807_152050_562216,7133,234,2026-08-07T15:24:48.800,1,272.5,492.5,382.5,True,
run_20260807_152050_562216,7133,234,2026-08-07T15:24:48.800,2,250.5,514.5,382.5,True,
run_20260807_152050_562216,7133,234,2026-08-07T15:24:48.800,3,228.5,536.5,382.5,True,
run_20260807_152050_562216,7133,234,2026-08-07T15:24:48.800,4,206.5,558.5,382.5,True,
run_20260807_152050_562216,7133,234,2026-08-07T15:24:48.800,5,183.55555555555554,581.5,382.52777777777777,True,
run_20260807_152050_562216,7133,234,2026-08-07T15:24:48.800,6,161.5,603.5,382.5,True,
run_20260807_152050_562216,7133,234,2026-08-07T15:24:48.800,7,139.5,625.5,382.5,True,
run_20260807_152050_562216,7133,234,2026-08-07T15:24:48.800,8,117.5,647.5,382.5,True,
run_20260807_152050_562216,7133,234,2026-08-07T15:24:48.800,9,95.5,669.5,382.5,True,
run_20260807_152050_562216,7133,234,2026-08-07T15:24:48.800,10,73.5,691.0,382.25,True,
run_20260807_152050_562216,7133,234,2026-08-07T15:24:48.800,11,51.5,713.0,382.25,True,
run_20260807_152050_562216,7133,234,2026-08-07T15:24:48.800,12,29.5,734.0,381.75,True,
run_20260807_152050_562216,7163,235,2026-08-07T15:24:49.802,0,312.5,470.0,391.25,True,
run_20260807_152050_562216,7163,235,2026-08-07T15:24:49.802,1,272.5,492.5,382.5,True,
run_20260807_152050_562216,7163,235,2026-08-07T15:24:49.802,2,250.5,514.5,382.5,True,
run_20260807_152050_562216,7163,235,2026-08-07T15:24:49.802,3,228.5,536.5,382.5,True,
run_20260807_152050_562216,7163,235,2026-08-07T15:24:49.802,4,206.5,558.5,382.5,True,
run_20260807_152050_562216,7163,235,2026-08-07T15:24:49.802,5,183.55555555555554,581.5,382.52777777777777,True,
run_20260807_152050_562216,7163,235,2026-08-07T15:24:49.802,6,161.5,603.5,382.5,True,
run_20260807_152050_562216,7163,235,2026-08-07T15:24:49.802,7,139.5,625.5,382.5,True,
run_20260807_152050_562216,7163,235,2026-08-07T15:24:49.802,8,117.5,647.5,382.5,True,
run_20260807_152050_562216,7163,235,2026-08-07T15:24:49.802,9,95.5,669.5,382.5,True,
run_20260807_152050_562216,7163,235,2026-08-07T15:24:49.802,10,73.5,691.0,382.25,True,
run_20260807_152050_562216,7163,235,2026-08-07T15:24:49.802,11,51.5,713.0,382.25,True,
run_20260807_152050_562216,7163,235,2026-08-07T15:24:49.802,12,29.5,734.0,381.75,True,
run_20260807_152050_562216,7194,236,2026-08-07T15:24:50.832,0,312.5,470.0,391.25,True,
run_20260807_152050_562216,7194,236,2026-08-07T15:24:50.832,1,272.5,492.5,382.5,True,
run_20260807_152050_562216,7194,236,2026-08-07T15:24:50.832,2,250.5,514.5,382.5,True,
run_20260807_152050_562216,7194,236,2026-08-07T15:24:50.832,3,228.5,536.5,382.5,True,
run_20260807_152050_562216,7194,236,2026-08-07T15:24:50.832,4,206.5,558.5,382.5,True,
run_20260807_152050_562216,7194,236,2026-08-07T15:24:50.832,5,184.0,581.5,382.75,True,
run_20260807_152050_562216,7194,236,2026-08-07T15:24:50.832,6,161.5,603.5,382.5,True,
run_20260807_152050_562216,7194,236,2026-08-07T15:24:50.832,7,139.5,625.5,382.5,True,
run_20260807_152050_562216,7194,236,2026-08-07T15:24:50.832,8,117.5,647.5,382.5,True,
run_20260807_152050_562216,7194,236,2026-08-07T15:24:50.832,9,95.5,669.5,382.5,True,
run_20260807_152050_562216,7194,236,2026-08-07T15:24:50.832,10,73.5,691.0,382.25,True,
run_20260807_152050_562216,7194,236,2026-08-07T15:24:50.832,11,51.5,713.0,382.25,True,
run_20260807_152050_562216,7194,236,2026-08-07T15:24:50.832,12,29.5,734.0,381.75,True,
run_20260807_152050_562216,7224,237,2026-08-07T15:24:51.834,0,312.5,470.0,391.25,True,
run_20260807_152050_562216,7224,237,2026-08-07T15:24:51.834,1,272.5,492.5,382.5,True,
run_20260807_152050_562216,7224,237,2026-08-07T15:24:51.834,2,250.5,514.5,382.5,True,
run_20260807_152050_562216,7224,237,2026-08-07T15:24:51.834,3,228.5,536.5,382.5,True,
run_20260807_152050_562216,7224,237,2026-08-07T15:24:51.834,4,206.5,558.5,382.5,True,
run_20260807_152050_562216,7224,237,2026-08-07T15:24:51.834,5,184.0,581.5,382.75,True,
run_20260807_152050_562216,7224,237,2026-08-07T15:24:51.834,6,161.5,603.5,382.5,True,
run_20260807_152050_562216,7224,237,2026-08-07T15:24:51.834,7,139.5,625.5,382.5,True,
run_20260807_152050_562216,7224,237,2026-08-07T15:24:51.834,8,117.5,647.5,382.5,True,
run_20260807_152050_562216,7224,237,2026-08-07T15:24:51.834,9,95.5,669.5,382.5,True,
run_20260807_152050_562216,7224,237,2026-08-07T15:24:51.834,10,73.5,691.0,382.25,True,
run_20260807_152050_562216,7224,237,2026-08-07T15:24:51.834,11,51.5,713.0,382.25,True,
run_20260807_152050_562216,7224,237,2026-08-07T15:24:51.834,12,29.5,734.0,381.75,True,
run_20260807_152050_562216,7255,238,2026-08-07T15:24:52.866,0,312.5,470.0,391.25,True,
run_20260807_152050_562216,7255,238,2026-08-07T15:24:52.866,1,272.5,492.5,382.5,True,
run_20260807_152050_562216,7255,238,2026-08-07T15:24:52.866,2,250.5,514.5,382.5,True,
run_20260807_152050_562216,7255,238,2026-08-07T15:24:52.866,3,228.5,536.5,382.5,True,
run_20260807_152050_562216,7255,238,2026-08-07T15:24:52.866,4,206.5,558.5,382.5,True,
run_20260807_152050_562216,7255,238,2026-08-07T15:24:52.866,5,184.0,581.5,382.75,True,
run_20260807_152050_562216,7255,238,2026-08-07T15:24:52.866,6,161.5,603.5,382.5,True,
run_20260807_152050_562216,7255,238,2026-08-07T15:24:52.866,7,139.5,625.5,382.5,True,
run_20260807_152050_562216,7255,238,2026-08-07T15:24:52.866,8,117.5,647.5,382.5,True,
run_20260807_152050_562216,7255,238,2026-08-07T15:24:52.866,9,95.5,669.5,382.5,True,
run_20260807_152050_562216,7255,238,2026-08-07T15:24:52.866,10,73.5,691.0,382.25,True,
run_20260807_152050_562216,7255,238,2026-08-07T15:24:52.866,11,51.5,713.0,382.25,True,
run_20260807_152050_562216,7255,238,2026-08-07T15:24:52.866,12,29.5,734.0,381.75,True,
run_20260807_152050_562216,7285,239,2026-08-07T15:24:53.867,0,312.5,470.0,391.25,True,
run_20260807_152050_562216,7285,239,2026-08-07T15:24:53.867,1,272.5,492.5,382.5,True,
run_20260807_152050_562216,7285,239,2026-08-07T15:24:53.867,2,250.5,514.5,382.5,True,
run_20260807_152050_562216,7285,239,2026-08-07T15:24:53.867,3,228.5,536.5,382.5,True,
run_20260807_152050_562216,7285,239,2026-08-07T15:24:53.867,4,206.5,558.5,382.5,True,
run_20260807_152050_562216,7285,239,2026-08-07T15:24:53.867,5,184.0,581.5,382.75,True,
run_20260807_152050_562216,7285,239,2026-08-07T15:24:53.867,6,161.5,603.5,382.5,True,
run_20260807_152050_562216,7285,239,2026-08-07T15:24:53.867,7,139.5,625.5,382.5,True,
run_20260807_152050_562216,7285,239,2026-08-07T15:24:53.867,8,117.5,647.5,382.5,True,
run_20260807_152050_562216,7285,239,2026-08-07T15:24:53.867,9,95.5,669.5,382.5,True,
run_20260807_152050_562216,7285,239,2026-08-07T15:24:53.867,10,73.5,691.0,382.25,True,
run_20260807_152050_562216,7285,239,2026-08-07T15:24:53.867,11,51.5,713.0,382.25,True,
run_20260807_152050_562216,7285,239,2026-08-07T15:24:53.867,12,29.5,734.0,381.75,True,
run_20260807_152050_562216,7316,240,2026-08-07T15:24:54.900,0,312.5,470.0,391.25,True,
run_20260807_152050_562216,7316,240,2026-08-07T15:24:54.900,1,272.5,492.5,382.5,True,
run_20260807_152050_562216,7316,240,2026-08-07T15:24:54.900,2,250.5,514.5,382.5,True,
run_20260807_152050_562216,7316,240,2026-08-07T15:24:54.900,3,228.5,536.5,382.5,True,
run_20260807_152050_562216,7316,240,2026-08-07T15:24:54.900,4,206.5,558.5,382.5,True,
run_20260807_152050_562216,7316,240,2026-08-07T15:24:54.900,5,184.0,581.5,382.75,True,
run_20260807_152050_562216,7316,240,2026-08-07T15:24:54.900,6,161.5,603.5,382.5,True,
run_20260807_152050_562216,7316,240,2026-08-07T15:24:54.900,7,139.5,625.5,382.5,True,
run_20260807_152050_562216,7316,240,2026-08-07T15:24:54.900,8,117.5,647.5,382.5,True,
run_20260807_152050_562216,7316,240,2026-08-07T15:24:54.900,9,95.5,669.5,382.5,True,
run_20260807_152050_562216,7316,240,2026-08-07T15:24:54.900,10,73.5,691.0,382.25,True,
run_20260807_152050_562216,7316,240,2026-08-07T15:24:54.900,11,51.5,713.0,382.25,True,
run_20260807_152050_562216,7316,240,2026-08-07T15:24:54.900,12,30.0,734.0,382.0,True,
run_20260807_152050_562216,7347,241,2026-08-07T15:24:55.933,0,312.5,470.0,391.25,True,
run_20260807_152050_562216,7347,241,2026-08-07T15:24:55.933,1,272.5,492.5,382.5,True,
run_20260807_152050_562216,7347,241,2026-08-07T15:24:55.933,2,250.5,514.5,382.5,True,
run_20260807_152050_562216,7347,241,2026-08-07T15:24:55.933,3,228.5,536.5,382.5,True,
run_20260807_152050_562216,7347,241,2026-08-07T15:24:55.933,4,206.5,558.5,382.5,True,
run_20260807_152050_562216,7347,241,2026-08-07T15:24:55.933,5,184.0,581.5,382.75,True,
run_20260807_152050_562216,7347,241,2026-08-07T15:24:55.933,6,161.5,603.5,382.5,True,
run_20260807_152050_562216,7347,241,2026-08-07T15:24:55.933,7,139.5,625.5,382.5,True,
run_20260807_152050_562216,7347,241,2026-08-07T15:24:55.933,8,117.5,647.5,382.5,True,
run_20260807_152050_562216,7347,241,2026-08-07T15:24:55.933,9,95.5,669.5,382.5,True,
run_20260807_152050_562216,7347,241,2026-08-07T15:24:55.933,10,73.5,691.0,382.25,True,
run_20260807_152050_562216,7347,241,2026-08-07T15:24:55.933,11,51.5,713.0,382.25,True,
run_20260807_152050_562216,7347,241,2026-08-07T15:24:55.933,12,29.5,734.0,381.75,True,
run_20260807_152050_562216,7377,242,2026-08-07T15:24:56.934,0,312.5,470.0,391.25,True,
run_20260807_152050_562216,7377,242,2026-08-07T15:24:56.934,1,272.5,492.5,382.5,True,
run_20260807_152050_562216,7377,242,2026-08-07T15:24:56.934,2,250.5,514.5,382.5,True,
run_20260807_152050_562216,7377,242,2026-08-07T15:24:56.934,3,228.5,536.5,382.5,True,
run_20260807_152050_562216,7377,242,2026-08-07T15:24:56.934,4,206.5,558.5,382.5,True,
run_20260807_152050_562216,7377,242,2026-08-07T15:24:56.934,5,183.55555555555554,581.5,382.52777777777777,True,
run_20260807_152050_562216,7377,242,2026-08-07T15:24:56.934,6,161.5,603.5,382.5,True,
run_20260807_152050_562216,7377,242,2026-08-07T15:24:56.934,7,139.5,625.5,382.5,True,
run_20260807_152050_562216,7377,242,2026-08-07T15:24:56.934,8,117.5,647.5,382.5,True,
run_20260807_152050_562216,7377,242,2026-08-07T15:24:56.934,9,95.5,669.5,382.5,True,
run_20260807_152050_562216,7377,242,2026-08-07T15:24:56.934,10,73.5,691.0,382.25,True,
run_20260807_152050_562216,7377,242,2026-08-07T15:24:56.934,11,51.5,713.0,382.25,True,
run_20260807_152050_562216,7377,242,2026-08-07T15:24:56.934,12,29.5,734.0,381.75,True,
run_20260807_152050_562216,7408,243,2026-08-07T15:24:57.967,0,312.5,470.0,391.25,True,
run_20260807_152050_562216,7408,243,2026-08-07T15:24:57.967,1,272.5,492.5,382.5,True,
run_20260807_152050_562216,7408,243,2026-08-07T15:24:57.967,2,250.5,514.5,382.5,True,
run_20260807_152050_562216,7408,243,2026-08-07T15:24:57.967,3,228.5,536.5,382.5,True,
run_20260807_152050_562216,7408,243,2026-08-07T15:24:57.967,4,206.5,558.5,382.5,True,
run_20260807_152050_562216,7408,243,2026-08-07T15:24:57.967,5,183.55555555555554,581.5,382.52777777777777,True,
run_20260807_152050_562216,7408,243,2026-08-07T15:24:57.967,6,161.5,603.5,382.5,True,
run_20260807_152050_562216,7408,243,2026-08-07T15:24:57.967,7,139.5,625.5,382.5,True,
run_20260807_152050_562216,7408,243,2026-08-07T15:24:57.967,8,117.5,647.5,382.5,True,
run_20260807_152050_562216,7408,243,2026-08-07T15:24:57.967,9,95.5,669.5,382.5,True,
run_20260807_152050_562216,7408,243,2026-08-07T15:24:57.967,10,73.5,691.0,382.25,True,
run_20260807_152050_562216,7408,243,2026-08-07T15:24:57.967,11,51.5,713.0,382.25,True,
run_20260807_152050_562216,7408,243,2026-08-07T15:24:57.967,12,29.5,734.0,381.75,True,
run_20260807_152050_562216,7439,244,2026-08-07T15:24:58.999,0,312.5,470.0,391.25,True,
run_20260807_152050_562216,7439,244,2026-08-07T15:24:58.999,1,272.5,492.5,382.5,True,
run_20260807_152050_562216,7439,244,2026-08-07T15:24:58.999,2,250.5,514.5,382.5,True,
run_20260807_152050_562216,7439,244,2026-08-07T15:24:58.999,3,228.5,536.5,382.5,True,
run_20260807_152050_562216,7439,244,2026-08-07T15:24:58.999,4,206.5,558.5,382.5,True,
run_20260807_152050_562216,7439,244,2026-08-07T15:24:58.999,5,183.55555555555554,581.5,382.52777777777777,True,
run_20260807_152050_562216,7439,244,2026-08-07T15:24:58.999,6,161.5,603.5,382.5,True,
run_20260807_152050_562216,7439,244,2026-08-07T15:24:58.999,7,139.5,625.5,382.5,True,
run_20260807_152050_562216,7439,244,2026-08-07T15:24:58.999,8,117.5,647.5,382.5,True,
run_20260807_152050_562216,7439,244,2026-08-07T15:24:58.999,9,95.5,669.5,382.5,True,
run_20260807_152050_562216,7439,244,2026-08-07T15:24:58.999,10,73.5,691.0,382.25,True,
run_20260807_152050_562216,7439,244,2026-08-07T15:24:58.999,11,51.5,713.0,382.25,True,
run_20260807_152050_562216,7439,244,2026-08-07T15:24:58.999,12,29.5,734.0,381.75,True,
run_20260807_152050_562216,7469,245,2026-08-07T15:25:00.000,0,312.5,470.0,391.25,True,
run_20260807_152050_562216,7469,245,2026-08-07T15:25:00.000,1,272.5,492.5,382.5,True,
run_20260807_152050_562216,7469,245,2026-08-07T15:25:00.000,2,250.5,514.5,382.5,True,
run_20260807_152050_562216,7469,245,2026-08-07T15:25:00.000,3,228.5,536.5,382.5,True,
run_20260807_152050_562216,7469,245,2026-08-07T15:25:00.000,4,206.5,558.5,382.5,True,
run_20260807_152050_562216,7469,245,2026-08-07T15:25:00.000,5,184.0,581.5,382.75,True,
run_20260807_152050_562216,7469,245,2026-08-07T15:25:00.000,6,161.5,603.5,382.5,True,
run_20260807_152050_562216,7469,245,2026-08-07T15:25:00.000,7,139.5,625.5,382.5,True,
run_20260807_152050_562216,7469,245,2026-08-07T15:25:00.000,8,117.5,647.5,382.5,True,
run_20260807_152050_562216,7469,245,2026-08-07T15:25:00.000,9,95.5,669.5,382.5,True,
run_20260807_152050_562216,7469,245,2026-08-07T15:25:00.000,10,73.5,691.0,382.25,True,
run_20260807_152050_562216,7469,245,2026-08-07T15:25:00.000,11,51.5,713.0,382.25,True,
run_20260807_152050_562216,7469,245,2026-08-07T15:25:00.000,12,29.5,734.0,381.75,True,
run_20260807_152050_562216,7499,246,2026-08-07T15:25:01.002,0,312.5,470.0,391.25,True,
run_20260807_152050_562216,7499,246,2026-08-07T15:25:01.002,1,272.5,492.5,382.5,True,
run_20260807_152050_562216,7499,246,2026-08-07T15:25:01.002,2,250.5,514.5,382.5,True,
run_20260807_152050_562216,7499,246,2026-08-07T15:25:01.002,3,228.5,536.5,382.5,True,
run_20260807_152050_562216,7499,246,2026-08-07T15:25:01.002,4,206.5,558.5,382.5,True,
run_20260807_152050_562216,7499,246,2026-08-07T15:25:01.002,5,184.0,581.5,382.75,True,
run_20260807_152050_562216,7499,246,2026-08-07T15:25:01.002,6,161.5,603.5,382.5,True,
run_20260807_152050_562216,7499,246,2026-08-07T15:25:01.002,7,139.5,625.5,382.5,True,
run_20260807_152050_562216,7499,246,2026-08-07T15:25:01.002,8,117.5,647.5,382.5,True,
run_20260807_152050_562216,7499,246,2026-08-07T15:25:01.002,9,95.5,669.5,382.5,True,
run_20260807_152050_562216,7499,246,2026-08-07T15:25:01.002,10,73.5,691.0,382.25,True,
run_20260807_152050_562216,7499,246,2026-08-07T15:25:01.002,11,51.5,713.0,382.25,True,
run_20260807_152050_562216,7499,246,2026-08-07T15:25:01.002,12,29.5,734.0,381.75,True,
run_20260807_152050_562216,7529,247,2026-08-07T15:25:02.003,0,312.5,470.0,391.25,True,
run_20260807_152050_562216,7529,247,2026-08-07T15:25:02.003,1,272.6363636363636,492.5,382.5681818181818,True,
run_20260807_152050_562216,7529,247,2026-08-07T15:25:02.003,2,250.5,514.5,382.5,True,
run_20260807_152050_562216,7529,247,2026-08-07T15:25:02.003,3,228.5,536.5,382.5,True,
run_20260807_152050_562216,7529,247,2026-08-07T15:25:02.003,4,206.5,558.5,382.5,True,
run_20260807_152050_562216,7529,247,2026-08-07T15:25:02.003,5,184.0,581.5,382.75,True,
run_20260807_152050_562216,7529,247,2026-08-07T15:25:02.003,6,161.5,603.5,382.5,True,
run_20260807_152050_562216,7529,247,2026-08-07T15:25:02.003,7,139.5,625.5,382.5,True,
run_20260807_152050_562216,7529,247,2026-08-07T15:25:02.003,8,117.5,647.5,382.5,True,
run_20260807_152050_562216,7529,247,2026-08-07T15:25:02.003,9,95.5,669.5,382.5,True,
run_20260807_152050_562216,7529,247,2026-08-07T15:25:02.003,10,73.5,691.0,382.25,True,
run_20260807_152050_562216,7529,247,2026-08-07T15:25:02.003,11,51.5,713.0,382.25,True,
run_20260807_152050_562216,7529,247,2026-08-07T15:25:02.003,12,29.5,734.0,381.75,True,
run_20260807_152050_562216,7560,248,2026-08-07T15:25:03.038,0,312.5,470.0,391.25,True,
run_20260807_152050_562216,7560,248,2026-08-07T15:25:03.038,1,272.6363636363636,492.5,382.5681818181818,True,
run_20260807_152050_562216,7560,248,2026-08-07T15:25:03.038,2,250.5,514.5,382.5,True,
run_20260807_152050_562216,7560,248,2026-08-07T15:25:03.038,3,228.5,536.5,382.5,True,
run_20260807_152050_562216,7560,248,2026-08-07T15:25:03.038,4,206.5,558.5,382.5,True,
run_20260807_152050_562216,7560,248,2026-08-07T15:25:03.038,5,184.0,581.5,382.75,True,
run_20260807_152050_562216,7560,248,2026-08-07T15:25:03.038,6,161.5,603.5,382.5,True,
run_20260807_152050_562216,7560,248,2026-08-07T15:25:03.038,7,139.5,625.5,382.5,True,
run_20260807_152050_562216,7560,248,2026-08-07T15:25:03.038,8,117.5,647.5,382.5,True,
run_20260807_152050_562216,7560,248,2026-08-07T15:25:03.038,9,95.5,669.5,382.5,True,
run_20260807_152050_562216,7560,248,2026-08-07T15:25:03.038,10,73.5,691.0,382.25,True,
run_20260807_152050_562216,7560,248,2026-08-07T15:25:03.038,11,51.5,713.0,382.25,True,
run_20260807_152050_562216,7560,248,2026-08-07T15:25:03.038,12,29.5,734.0,381.75,True,
run_20260807_152050_562216,7591,249,2026-08-07T15:25:04.068,0,312.5,470.0,391.25,True,
run_20260807_152050_562216,7591,249,2026-08-07T15:25:04.068,1,272.6363636363636,492.5,382.5681818181818,True,
run_20260807_152050_562216,7591,249,2026-08-07T15:25:04.068,2,250.5,514.5,382.5,True,
run_20260807_152050_562216,7591,249,2026-08-07T15:25:04.068,3,228.5,536.5,382.5,True,
run_20260807_152050_562216,7591,249,2026-08-07T15:25:04.068,4,206.5,558.5,382.5,True,
run_20260807_152050_562216,7591,249,2026-08-07T15:25:04.068,5,184.0,581.5,382.75,True,
run_20260807_152050_562216,7591,249,2026-08-07T15:25:04.068,6,161.5,603.5,382.5,True,
run_20260807_152050_562216,7591,249,2026-08-07T15:25:04.068,7,139.5,625.5,382.5,True,
run_20260807_152050_562216,7591,249,2026-08-07T15:25:04.068,8,117.5,647.5,382.5,True,
run_20260807_152050_562216,7591,249,2026-08-07T15:25:04.068,9,95.5,669.5,382.5,True,
run_20260807_152050_562216,7591,249,2026-08-07T15:25:04.068,10,73.5,691.0,382.25,True,
run_20260807_152050_562216,7591,249,2026-08-07T15:25:04.068,11,51.5,713.0,382.25,True,
run_20260807_152050_562216,7591,249,2026-08-07T15:25:04.068,12,29.5,734.0,381.75,True,
run_20260807_152050_562216,7621,250,2026-08-07T15:25:05.069,0,312.5,470.0,391.25,True,
run_20260807_152050_562216,7621,250,2026-08-07T15:25:05.069,1,272.5,492.5,382.5,True,
run_20260807_152050_562216,7621,250,2026-08-07T15:25:05.069,2,250.5,514.5,382.5,True,
run_20260807_152050_562216,7621,250,2026-08-07T15:25:05.069,3,228.5,536.5,382.5,True,
run_20260807_152050_562216,7621,250,2026-08-07T15:25:05.069,4,206.5,558.5,382.5,True,
run_20260807_152050_562216,7621,250,2026-08-07T15:25:05.069,5,184.0,581.5,382.75,True,
run_20260807_152050_562216,7621,250,2026-08-07T15:25:05.069,6,161.5,603.5,382.5,True,
run_20260807_152050_562216,7621,250,2026-08-07T15:25:05.069,7,139.5,625.5,382.5,True,
run_20260807_152050_562216,7621,250,2026-08-07T15:25:05.069,8,117.5,647.5,382.5,True,
run_20260807_152050_562216,7621,250,2026-08-07T15:25:05.069,9,95.5,669.5,382.5,True,
run_20260807_152050_562216,7621,250,2026-08-07T15:25:05.069,10,73.5,691.0,382.25,True,
run_20260807_152050_562216,7621,250,2026-08-07T15:25:05.069,11,51.5,713.0,382.25,True,
run_20260807_152050_562216,7621,250,2026-08-07T15:25:05.069,12,29.5,734.0,381.75,True,
run_20260807_152050_562216,7652,251,2026-08-07T15:25:06.100,0,312.5,470.0,391.25,True,
run_20260807_152050_562216,7652,251,2026-08-07T15:25:06.100,1,272.5,492.5,382.5,True,
run_20260807_152050_562216,7652,251,2026-08-07T15:25:06.100,2,250.5,514.5,382.5,True,
run_20260807_152050_562216,7652,251,2026-08-07T15:25:06.100,3,228.5,536.5,382.5,True,
run_20260807_152050_562216,7652,251,2026-08-07T15:25:06.100,4,206.5,558.5,382.5,True,
run_20260807_152050_562216,7652,251,2026-08-07T15:25:06.100,5,184.0,581.5,382.75,True,
run_20260807_152050_562216,7652,251,2026-08-07T15:25:06.100,6,161.5,603.5,382.5,True,
run_20260807_152050_562216,7652,251,2026-08-07T15:25:06.100,7,139.5,625.5,382.5,True,
run_20260807_152050_562216,7652,251,2026-08-07T15:25:06.100,8,117.5,647.5,382.5,True,
run_20260807_152050_562216,7652,251,2026-08-07T15:25:06.100,9,95.5,669.5,382.5,True,
run_20260807_152050_562216,7652,251,2026-08-07T15:25:06.100,10,73.5,691.0,382.25,True,
run_20260807_152050_562216,7652,251,2026-08-07T15:25:06.100,11,51.5,713.0,382.25,True,
run_20260807_152050_562216,7652,251,2026-08-07T15:25:06.100,12,29.5,734.0,381.75,True,
run_20260807_152050_562216,7683,252,2026-08-07T15:25:07.132,0,312.5,470.0,391.25,True,
run_20260807_152050_562216,7683,252,2026-08-07T15:25:07.132,1,272.5,492.5,382.5,True,
run_20260807_152050_562216,7683,252,2026-08-07T15:25:07.132,2,250.5,514.5,382.5,True,
run_20260807_152050_562216,7683,252,2026-08-07T15:25:07.132,3,228.5,536.5,382.5,True,
run_20260807_152050_562216,7683,252,2026-08-07T15:25:07.132,4,206.5,558.5,382.5,True,
run_20260807_152050_562216,7683,252,2026-08-07T15:25:07.132,5,183.55555555555554,581.5,382.52777777777777,True,
run_20260807_152050_562216,7683,252,2026-08-07T15:25:07.132,6,161.5,603.5,382.5,True,
run_20260807_152050_562216,7683,252,2026-08-07T15:25:07.132,7,139.5,625.5,382.5,True,
run_20260807_152050_562216,7683,252,2026-08-07T15:25:07.132,8,117.5,647.5,382.5,True,
run_20260807_152050_562216,7683,252,2026-08-07T15:25:07.132,9,95.5,669.5,382.5,True,
run_20260807_152050_562216,7683,252,2026-08-07T15:25:07.132,10,73.5,691.0,382.25,True,
run_20260807_152050_562216,7683,252,2026-08-07T15:25:07.132,11,51.5,713.0,382.25,True,
run_20260807_152050_562216,7683,252,2026-08-07T15:25:07.132,12,29.5,734.0,381.75,True,
run_20260807_152050_562216,7713,253,2026-08-07T15:25:08.134,0,312.5,470.0,391.25,True,
run_20260807_152050_562216,7713,253,2026-08-07T15:25:08.134,1,272.5,492.5,382.5,True,
run_20260807_152050_562216,7713,253,2026-08-07T15:25:08.134,2,250.5,514.5,382.5,True,
run_20260807_152050_562216,7713,253,2026-08-07T15:25:08.134,3,228.5,536.5,382.5,True,
run_20260807_152050_562216,7713,253,2026-08-07T15:25:08.134,4,206.5,558.5,382.5,True,
run_20260807_152050_562216,7713,253,2026-08-07T15:25:08.134,5,184.0,581.5,382.75,True,
run_20260807_152050_562216,7713,253,2026-08-07T15:25:08.134,6,161.5,603.5,382.5,True,
run_20260807_152050_562216,7713,253,2026-08-07T15:25:08.134,7,139.5,625.5,382.5,True,
run_20260807_152050_562216,7713,253,2026-08-07T15:25:08.134,8,117.5,647.5,382.5,True,
run_20260807_152050_562216,7713,253,2026-08-07T15:25:08.134,9,95.5,669.5,382.5,True,
run_20260807_152050_562216,7713,253,2026-08-07T15:25:08.134,10,73.5,691.0,382.25,True,
run_20260807_152050_562216,7713,253,2026-08-07T15:25:08.134,11,51.5,713.0,382.25,True,
run_20260807_152050_562216,7713,253,2026-08-07T15:25:08.134,12,29.5,734.0,381.75,True,
run_20260807_152050_562216,7744,254,2026-08-07T15:25:09.167,0,312.5,470.0,391.25,True,
run_20260807_152050_562216,7744,254,2026-08-07T15:25:09.167,1,272.5,492.5,382.5,True,
run_20260807_152050_562216,7744,254,2026-08-07T15:25:09.167,2,250.5,514.5,382.5,True,
run_20260807_152050_562216,7744,254,2026-08-07T15:25:09.167,3,228.5,536.5,382.5,True,
run_20260807_152050_562216,7744,254,2026-08-07T15:25:09.167,4,206.5,559.0,382.75,True,
run_20260807_152050_562216,7744,254,2026-08-07T15:25:09.167,5,183.55555555555554,581.5,382.52777777777777,True,
run_20260807_152050_562216,7744,254,2026-08-07T15:25:09.167,6,161.5,603.5,382.5,True,
run_20260807_152050_562216,7744,254,2026-08-07T15:25:09.167,7,139.5,625.5,382.5,True,
run_20260807_152050_562216,7744,254,2026-08-07T15:25:09.167,8,117.5,647.5,382.5,True,
run_20260807_152050_562216,7744,254,2026-08-07T15:25:09.167,9,95.5,669.5,382.5,True,
run_20260807_152050_562216,7744,254,2026-08-07T15:25:09.167,10,73.5,691.0,382.25,True,
run_20260807_152050_562216,7744,254,2026-08-07T15:25:09.167,11,51.5,713.0,382.25,True,
run_20260807_152050_562216,7744,254,2026-08-07T15:25:09.167,12,30.0,734.0,382.0,True,
run_20260807_152050_562216,7775,255,2026-08-07T15:25:10.199,0,312.5,470.0,391.25,True,
run_20260807_152050_562216,7775,255,2026-08-07T15:25:10.199,1,272.5,492.5,382.5,True,
run_20260807_152050_562216,7775,255,2026-08-07T15:25:10.199,2,250.5,514.5,382.5,True,
run_20260807_152050_562216,7775,255,2026-08-07T15:25:10.199,3,228.5,536.5,382.5,True,
run_20260807_152050_562216,7775,255,2026-08-07T15:25:10.199,4,206.5,558.5,382.5,True,
run_20260807_152050_562216,7775,255,2026-08-07T15:25:10.199,5,183.55555555555554,581.5,382.52777777777777,True,
run_20260807_152050_562216,7775,255,2026-08-07T15:25:10.199,6,161.5,603.5,382.5,True,
run_20260807_152050_562216,7775,255,2026-08-07T15:25:10.199,7,139.5,625.5,382.5,True,
run_20260807_152050_562216,7775,255,2026-08-07T15:25:10.199,8,117.5,647.5,382.5,True,
run_20260807_152050_562216,7775,255,2026-08-07T15:25:10.199,9,95.5,669.5,382.5,True,
run_20260807_152050_562216,7775,255,2026-08-07T15:25:10.199,10,73.5,691.0,382.25,True,
run_20260807_152050_562216,7775,255,2026-08-07T15:25:10.199,11,51.5,713.0,382.25,True,
run_20260807_152050_562216,7775,255,2026-08-07T15:25:10.199,12,30.0,734.0,382.0,True,
run_20260807_152050_562216,7805,256,2026-08-07T15:25:11.202,0,312.5,470.0,391.25,True,
run_20260807_152050_562216,7805,256,2026-08-07T15:25:11.202,1,272.6363636363636,492.5,382.5681818181818,True,
run_20260807_152050_562216,7805,256,2026-08-07T15:25:11.202,2,250.5,514.5,382.5,True,
run_20260807_152050_562216,7805,256,2026-08-07T15:25:11.202,3,228.5,536.5,382.5,True,
run_20260807_152050_562216,7805,256,2026-08-07T15:25:11.202,4,206.5,559.0,382.75,True,
run_20260807_152050_562216,7805,256,2026-08-07T15:25:11.202,5,184.0,581.5,382.75,True,
run_20260807_152050_562216,7805,256,2026-08-07T15:25:11.202,6,161.5,603.5,382.5,True,
run_20260807_152050_562216,7805,256,2026-08-07T15:25:11.202,7,139.5,625.5,382.5,True,
run_20260807_152050_562216,7805,256,2026-08-07T15:25:11.202,8,117.5,647.5,382.5,True,
run_20260807_152050_562216,7805,256,2026-08-07T15:25:11.202,9,95.5,669.5,382.5,True,
run_20260807_152050_562216,7805,256,2026-08-07T15:25:11.202,10,73.5,691.0,382.25,True,
run_20260807_152050_562216,7805,256,2026-08-07T15:25:11.202,11,51.5,713.0,382.25,True,
run_20260807_152050_562216,7805,256,2026-08-07T15:25:11.202,12,30.0,734.0,382.0,True,
run_20260807_152050_562216,7836,257,2026-08-07T15:25:12.237,0,312.5,470.0,391.25,True,
run_20260807_152050_562216,7836,257,2026-08-07T15:25:12.237,1,272.6363636363636,492.5,382.5681818181818,True,
run_20260807_152050_562216,7836,257,2026-08-07T15:25:12.237,2,250.5,514.5,382.5,True,
run_20260807_152050_562216,7836,257,2026-08-07T15:25:12.237,3,228.5,536.5,382.5,True,
run_20260807_152050_562216,7836,257,2026-08-07T15:25:12.237,4,206.5,558.5,382.5,True,
run_20260807_152050_562216,7836,257,2026-08-07T15:25:12.237,5,184.0,581.5,382.75,True,
run_20260807_152050_562216,7836,257,2026-08-07T15:25:12.237,6,161.5,603.5,382.5,True,
run_20260807_152050_562216,7836,257,2026-08-07T15:25:12.237,7,139.5,625.5,382.5,True,
run_20260807_152050_562216,7836,257,2026-08-07T15:25:12.237,8,117.5,647.5,382.5,True,
run_20260807_152050_562216,7836,257,2026-08-07T15:25:12.237,9,95.5,669.5,382.5,True,
run_20260807_152050_562216,7836,257,2026-08-07T15:25:12.237,10,73.5,691.0,382.25,True,
run_20260807_152050_562216,7836,257,2026-08-07T15:25:12.237,11,51.5,713.0,382.25,True,
run_20260807_152050_562216,7836,257,2026-08-07T15:25:12.237,12,29.5,734.0,381.75,True,
run_20260807_152050_562216,7867,258,2026-08-07T15:25:13.269,0,312.5,470.0,391.25,True,
run_20260807_152050_562216,7867,258,2026-08-07T15:25:13.269,1,272.6363636363636,492.5,382.5681818181818,True,
run_20260807_152050_562216,7867,258,2026-08-07T15:25:13.269,2,250.5,514.5,382.5,True,
run_20260807_152050_562216,7867,258,2026-08-07T15:25:13.269,3,228.5,536.5,382.5,True,
run_20260807_152050_562216,7867,258,2026-08-07T15:25:13.269,4,206.5,558.5,382.5,True,
run_20260807_152050_562216,7867,258,2026-08-07T15:25:13.269,5,184.0,581.5,382.75,True,
run_20260807_152050_562216,7867,258,2026-08-07T15:25:13.269,6,161.5,603.5,382.5,True,
run_20260807_152050_562216,7867,258,2026-08-07T15:25:13.269,7,139.5,625.5,382.5,True,
run_20260807_152050_562216,7867,258,2026-08-07T15:25:13.269,8,117.5,647.5,382.5,True,
run_20260807_152050_562216,7867,258,2026-08-07T15:25:13.269,9,95.5,669.5,382.5,True,
run_20260807_152050_562216,7867,258,2026-08-07T15:25:13.269,10,73.5,691.0,382.25,True,
run_20260807_152050_562216,7867,258,2026-08-07T15:25:13.269,11,51.5,713.0,382.25,True,
run_20260807_152050_562216,7867,258,2026-08-07T15:25:13.269,12,29.5,734.0,381.75,True,
run_20260807_152050_562216,7897,259,2026-08-07T15:25:14.269,0,312.5,470.0,391.25,True,
run_20260807_152050_562216,7897,259,2026-08-07T15:25:14.269,1,272.6363636363636,492.5,382.5681818181818,True,
run_20260807_152050_562216,7897,259,2026-08-07T15:25:14.269,2,250.5,514.5,382.5,True,
run_20260807_152050_562216,7897,259,2026-08-07T15:25:14.269,3,228.5,536.5,382.5,True,
run_20260807_152050_562216,7897,259,2026-08-07T15:25:14.269,4,206.5,558.5,382.5,True,
run_20260807_152050_562216,7897,259,2026-08-07T15:25:14.269,5,183.55555555555554,581.5,382.52777777777777,True,
run_20260807_152050_562216,7897,259,2026-08-07T15:25:14.269,6,161.5,603.5,382.5,True,
run_20260807_152050_562216,7897,259,2026-08-07T15:25:14.269,7,139.5,625.5,382.5,True,
run_20260807_152050_562216,7897,259,2026-08-07T15:25:14.269,8,117.5,647.5,382.5,True,
run_20260807_152050_562216,7897,259,2026-08-07T15:25:14.269,9,95.5,669.5,382.5,True,
run_20260807_152050_562216,7897,259,2026-08-07T15:25:14.269,10,73.5,691.0,382.25,True,
run_20260807_152050_562216,7897,259,2026-08-07T15:25:14.269,11,51.5,713.0,382.25,True,
run_20260807_152050_562216,7897,259,2026-08-07T15:25:14.269,12,30.0,734.0,382.0,True,
run_20260807_152050_562216,7928,260,2026-08-07T15:25:15.302,0,312.5,470.0,391.25,True,
run_20260807_152050_562216,7928,260,2026-08-07T15:25:15.302,1,272.5,492.5,382.5,True,
run_20260807_152050_562216,7928,260,2026-08-07T15:25:15.302,2,250.5,514.5,382.5,True,
run_20260807_152050_562216,7928,260,2026-08-07T15:25:15.302,3,228.5,536.5,382.5,True,
run_20260807_152050_562216,7928,260,2026-08-07T15:25:15.302,4,206.5,558.5,382.5,True,
run_20260807_152050_562216,7928,260,2026-08-07T15:25:15.302,5,184.0,581.5,382.75,True,
run_20260807_152050_562216,7928,260,2026-08-07T15:25:15.302,6,161.5,603.5,382.5,True,
run_20260807_152050_562216,7928,260,2026-08-07T15:25:15.302,7,139.5,625.5,382.5,True,
run_20260807_152050_562216,7928,260,2026-08-07T15:25:15.302,8,117.5,647.5,382.5,True,
run_20260807_152050_562216,7928,260,2026-08-07T15:25:15.302,9,95.5,669.5,382.5,True,
run_20260807_152050_562216,7928,260,2026-08-07T15:25:15.302,10,73.5,691.0,382.25,True,
run_20260807_152050_562216,7928,260,2026-08-07T15:25:15.302,11,51.5,713.0,382.25,True,
run_20260807_152050_562216,7928,260,2026-08-07T15:25:15.302,12,29.5,734.0,381.75,True,
run_20260807_152050_562216,7959,261,2026-08-07T15:25:16.335,0,312.5,470.0,391.25,True,
run_20260807_152050_562216,7959,261,2026-08-07T15:25:16.335,1,272.6363636363636,492.5,382.5681818181818,True,
run_20260807_152050_562216,7959,261,2026-08-07T15:25:16.335,2,250.5,514.5,382.5,True,
run_20260807_152050_562216,7959,261,2026-08-07T15:25:16.335,3,228.5,536.5,382.5,True,
run_20260807_152050_562216,7959,261,2026-08-07T15:25:16.335,4,206.5,558.5,382.5,True,
run_20260807_152050_562216,7959,261,2026-08-07T15:25:16.335,5,184.0,581.5,382.75,True,
run_20260807_152050_562216,7959,261,2026-08-07T15:25:16.335,6,161.5,603.5,382.5,True,
run_20260807_152050_562216,7959,261,2026-08-07T15:25:16.335,7,139.5,625.5,382.5,True,
run_20260807_152050_562216,7959,261,2026-08-07T15:25:16.335,8,117.5,647.5,382.5,True,
run_20260807_152050_562216,7959,261,2026-08-07T15:25:16.335,9,95.5,669.5,382.5,True,
run_20260807_152050_562216,7959,261,2026-08-07T15:25:16.335,10,73.5,691.0,382.25,True,
run_20260807_152050_562216,7959,261,2026-08-07T15:25:16.335,11,51.5,713.0,382.25,True,
run_20260807_152050_562216,7959,261,2026-08-07T15:25:16.335,12,29.5,734.0,381.75,True,
run_20260807_152050_562216,7989,262,2026-08-07T15:25:17.336,0,312.5,470.0,391.25,True,
run_20260807_152050_562216,7989,262,2026-08-07T15:25:17.336,1,272.6363636363636,492.5,382.5681818181818,True,
run_20260807_152050_562216,7989,262,2026-08-07T15:25:17.336,2,250.5,514.5,382.5,True,
run_20260807_152050_562216,7989,262,2026-08-07T15:25:17.336,3,228.5,536.5,382.5,True,
run_20260807_152050_562216,7989,262,2026-08-07T15:25:17.336,4,206.5,558.5,382.5,True,
run_20260807_152050_562216,7989,262,2026-08-07T15:25:17.336,5,184.0,581.5,382.75,True,
run_20260807_152050_562216,7989,262,2026-08-07T15:25:17.336,6,161.5,603.5,382.5,True,
run_20260807_152050_562216,7989,262,2026-08-07T15:25:17.336,7,139.5,625.5,382.5,True,
run_20260807_152050_562216,7989,262,2026-08-07T15:25:17.336,8,117.5,647.5,382.5,True,
run_20260807_152050_562216,7989,262,2026-08-07T15:25:17.336,9,95.5,669.5,382.5,True,
run_20260807_152050_562216,7989,262,2026-08-07T15:25:17.336,10,73.5,691.0,382.25,True,
run_20260807_152050_562216,7989,262,2026-08-07T15:25:17.336,11,51.5,713.0,382.25,True,
run_20260807_152050_562216,7989,262,2026-08-07T15:25:17.336,12,30.0,734.0,382.0,True,
run_20260807_152050_562216,8020,263,2026-08-07T15:25:18.369,0,312.5,470.0,391.25,True,
run_20260807_152050_562216,8020,263,2026-08-07T15:25:18.369,1,272.5,492.5,382.5,True,
run_20260807_152050_562216,8020,263,2026-08-07T15:25:18.369,2,250.5,514.5,382.5,True,
run_20260807_152050_562216,8020,263,2026-08-07T15:25:18.369,3,228.5,536.5,382.5,True,
run_20260807_152050_562216,8020,263,2026-08-07T15:25:18.369,4,206.5,558.5,382.5,True,
run_20260807_152050_562216,8020,263,2026-08-07T15:25:18.369,5,184.0,581.5,382.75,True,
run_20260807_152050_562216,8020,263,2026-08-07T15:25:18.369,6,161.5,603.5,382.5,True,
run_20260807_152050_562216,8020,263,2026-08-07T15:25:18.369,7,139.5,625.5,382.5,True,
run_20260807_152050_562216,8020,263,2026-08-07T15:25:18.369,8,117.5,647.5,382.5,True,
run_20260807_152050_562216,8020,263,2026-08-07T15:25:18.369,9,95.5,669.5,382.5,True,
run_20260807_152050_562216,8020,263,2026-08-07T15:25:18.369,10,73.5,691.0,382.25,True,
run_20260807_152050_562216,8020,263,2026-08-07T15:25:18.369,11,51.5,713.0,382.25,True,
run_20260807_152050_562216,8020,263,2026-08-07T15:25:18.369,12,29.5,734.0,381.75,True,
run_20260807_152050_562216,8051,264,2026-08-07T15:25:19.402,0,312.5,470.0,391.25,True,
run_20260807_152050_562216,8051,264,2026-08-07T15:25:19.402,1,272.5,492.5,382.5,True,
run_20260807_152050_562216,8051,264,2026-08-07T15:25:19.402,2,250.5,514.5,382.5,True,
run_20260807_152050_562216,8051,264,2026-08-07T15:25:19.402,3,228.5,536.5,382.5,True,
run_20260807_152050_562216,8051,264,2026-08-07T15:25:19.402,4,206.5,558.5,382.5,True,
run_20260807_152050_562216,8051,264,2026-08-07T15:25:19.402,5,184.0,581.5,382.75,True,
run_20260807_152050_562216,8051,264,2026-08-07T15:25:19.402,6,161.5,603.5,382.5,True,
run_20260807_152050_562216,8051,264,2026-08-07T15:25:19.402,7,139.5,625.5,382.5,True,
run_20260807_152050_562216,8051,264,2026-08-07T15:25:19.402,8,117.5,647.5,382.5,True,
run_20260807_152050_562216,8051,264,2026-08-07T15:25:19.402,9,95.5,669.5,382.5,True,
run_20260807_152050_562216,8051,264,2026-08-07T15:25:19.402,10,73.5,691.0,382.25,True,
run_20260807_152050_562216,8051,264,2026-08-07T15:25:19.402,11,51.5,713.0,382.25,True,
run_20260807_152050_562216,8051,264,2026-08-07T15:25:19.402,12,29.5,734.0,381.75,True,
run_20260807_152050_562216,8081,265,2026-08-07T15:25:20.402,0,312.5,470.0,391.25,True,
run_20260807_152050_562216,8081,265,2026-08-07T15:25:20.402,1,272.5,492.5,382.5,True,
run_20260807_152050_562216,8081,265,2026-08-07T15:25:20.402,2,250.5,514.5,382.5,True,
run_20260807_152050_562216,8081,265,2026-08-07T15:25:20.402,3,228.5,536.5,382.5,True,
run_20260807_152050_562216,8081,265,2026-08-07T15:25:20.402,4,206.5,558.5,382.5,True,
run_20260807_152050_562216,8081,265,2026-08-07T15:25:20.402,5,184.0,581.5,382.75,True,
run_20260807_152050_562216,8081,265,2026-08-07T15:25:20.402,6,161.5,603.5,382.5,True,
run_20260807_152050_562216,8081,265,2026-08-07T15:25:20.402,7,139.5,625.5,382.5,True,
run_20260807_152050_562216,8081,265,2026-08-07T15:25:20.402,8,117.5,647.5,382.5,True,
run_20260807_152050_562216,8081,265,2026-08-07T15:25:20.402,9,95.5,669.5,382.5,True,
run_20260807_152050_562216,8081,265,2026-08-07T15:25:20.402,10,73.5,691.0,382.25,True,
run_20260807_152050_562216,8081,265,2026-08-07T15:25:20.402,11,51.5,713.0,382.25,True,
run_20260807_152050_562216,8081,265,2026-08-07T15:25:20.402,12,29.5,734.0,381.75,True,
run_20260807_152050_562216,8112,266,2026-08-07T15:25:21.435,0,312.5,470.0,391.25,True,
run_20260807_152050_562216,8112,266,2026-08-07T15:25:21.435,1,272.5,492.5,382.5,True,
run_20260807_152050_562216,8112,266,2026-08-07T15:25:21.435,2,250.5,514.5,382.5,True,
run_20260807_152050_562216,8112,266,2026-08-07T15:25:21.435,3,228.5,536.5,382.5,True,
run_20260807_152050_562216,8112,266,2026-08-07T15:25:21.435,4,206.5,558.5,382.5,True,
run_20260807_152050_562216,8112,266,2026-08-07T15:25:21.435,5,184.0,581.5,382.75,True,
run_20260807_152050_562216,8112,266,2026-08-07T15:25:21.435,6,161.5,603.5,382.5,True,
run_20260807_152050_562216,8112,266,2026-08-07T15:25:21.435,7,139.5,625.5,382.5,True,
run_20260807_152050_562216,8112,266,2026-08-07T15:25:21.435,8,117.5,647.5,382.5,True,
run_20260807_152050_562216,8112,266,2026-08-07T15:25:21.435,9,95.5,669.5,382.5,True,
run_20260807_152050_562216,8112,266,2026-08-07T15:25:21.435,10,73.5,691.0,382.25,True,
run_20260807_152050_562216,8112,266,2026-08-07T15:25:21.435,11,51.5,713.0,382.25,True,
run_20260807_152050_562216,8112,266,2026-08-07T15:25:21.435,12,29.5,734.0,381.75,True,
run_20260807_152050_562216,8143,267,2026-08-07T15:25:22.465,0,312.5,470.0,391.25,True,
run_20260807_152050_562216,8143,267,2026-08-07T15:25:22.465,1,272.5,492.5,382.5,True,
run_20260807_152050_562216,8143,267,2026-08-07T15:25:22.465,2,250.5,514.5,382.5,True,
run_20260807_152050_562216,8143,267,2026-08-07T15:25:22.465,3,228.5,536.5,382.5,True,
run_20260807_152050_562216,8143,267,2026-08-07T15:25:22.465,4,206.5,558.5,382.5,True,
run_20260807_152050_562216,8143,267,2026-08-07T15:25:22.465,5,184.0,581.5,382.75,True,
run_20260807_152050_562216,8143,267,2026-08-07T15:25:22.465,6,161.5,603.5,382.5,True,
run_20260807_152050_562216,8143,267,2026-08-07T15:25:22.465,7,139.5,625.5,382.5,True,
run_20260807_152050_562216,8143,267,2026-08-07T15:25:22.465,8,117.5,647.5,382.5,True,
run_20260807_152050_562216,8143,267,2026-08-07T15:25:22.465,9,95.5,669.5,382.5,True,
run_20260807_152050_562216,8143,267,2026-08-07T15:25:22.465,10,73.5,691.0,382.25,True,
run_20260807_152050_562216,8143,267,2026-08-07T15:25:22.465,11,51.5,713.0,382.25,True,
run_20260807_152050_562216,8143,267,2026-08-07T15:25:22.465,12,30.0,734.0,382.0,True,
run_20260807_152050_562216,8173,268,2026-08-07T15:25:23.467,0,312.5,470.0,391.25,True,
run_20260807_152050_562216,8173,268,2026-08-07T15:25:23.467,1,272.5,492.5,382.5,True,
run_20260807_152050_562216,8173,268,2026-08-07T15:25:23.467,2,250.5,514.5,382.5,True,
run_20260807_152050_562216,8173,268,2026-08-07T15:25:23.467,3,228.5,536.5,382.5,True,
run_20260807_152050_562216,8173,268,2026-08-07T15:25:23.467,4,206.5,558.5,382.5,True,
run_20260807_152050_562216,8173,268,2026-08-07T15:25:23.467,5,184.0,581.5,382.75,True,
run_20260807_152050_562216,8173,268,2026-08-07T15:25:23.467,6,161.5,603.5,382.5,True,
run_20260807_152050_562216,8173,268,2026-08-07T15:25:23.467,7,139.5,625.5,382.5,True,
run_20260807_152050_562216,8173,268,2026-08-07T15:25:23.467,8,117.5,647.5,382.5,True,
run_20260807_152050_562216,8173,268,2026-08-07T15:25:23.467,9,95.5,669.5,382.5,True,
run_20260807_152050_562216,8173,268,2026-08-07T15:25:23.467,10,73.5,691.0,382.25,True,
run_20260807_152050_562216,8173,268,2026-08-07T15:25:23.467,11,51.5,713.0,382.25,True,
run_20260807_152050_562216,8173,268,2026-08-07T15:25:23.467,12,30.0,734.0,382.0,True,
run_20260807_152050_562216,8204,269,2026-08-07T15:25:24.500,0,312.5,470.0,391.25,True,
run_20260807_152050_562216,8204,269,2026-08-07T15:25:24.500,1,272.5,492.5,382.5,True,
run_20260807_152050_562216,8204,269,2026-08-07T15:25:24.500,2,250.5,514.5,382.5,True,
run_20260807_152050_562216,8204,269,2026-08-07T15:25:24.500,3,228.5,536.5,382.5,True,
run_20260807_152050_562216,8204,269,2026-08-07T15:25:24.500,4,206.5,559.0,382.75,True,
run_20260807_152050_562216,8204,269,2026-08-07T15:25:24.500,5,183.55555555555554,581.5,382.52777777777777,True,
run_20260807_152050_562216,8204,269,2026-08-07T15:25:24.500,6,161.5,603.5,382.5,True,
run_20260807_152050_562216,8204,269,2026-08-07T15:25:24.500,7,139.5,625.5,382.5,True,
run_20260807_152050_562216,8204,269,2026-08-07T15:25:24.500,8,117.5,647.5,382.5,True,
run_20260807_152050_562216,8204,269,2026-08-07T15:25:24.500,9,95.5,669.5,382.5,True,
run_20260807_152050_562216,8204,269,2026-08-07T15:25:24.500,10,73.5,691.0,382.25,True,
run_20260807_152050_562216,8204,269,2026-08-07T15:25:24.500,11,51.5,713.0,382.25,True,
run_20260807_152050_562216,8204,269,2026-08-07T15:25:24.500,12,30.0,734.0,382.0,True,
run_20260807_152050_562216,8235,270,2026-08-07T15:25:25.532,0,312.5,470.0,391.25,True,
run_20260807_152050_562216,8235,270,2026-08-07T15:25:25.532,1,272.6363636363636,492.5,382.5681818181818,True,
run_20260807_152050_562216,8235,270,2026-08-07T15:25:25.532,2,250.5,514.5,382.5,True,
run_20260807_152050_562216,8235,270,2026-08-07T15:25:25.532,3,228.5,536.5,382.5,True,
run_20260807_152050_562216,8235,270,2026-08-07T15:25:25.532,4,206.5,558.5,382.5,True,
run_20260807_152050_562216,8235,270,2026-08-07T15:25:25.532,5,184.0,581.5,382.75,True,
run_20260807_152050_562216,8235,270,2026-08-07T15:25:25.532,6,161.5,603.5,382.5,True,
run_20260807_152050_562216,8235,270,2026-08-07T15:25:25.532,7,139.5,625.5,382.5,True,
run_20260807_152050_562216,8235,270,2026-08-07T15:25:25.532,8,117.5,647.5,382.5,True,
run_20260807_152050_562216,8235,270,2026-08-07T15:25:25.532,9,95.5,669.5,382.5,True,
run_20260807_152050_562216,8235,270,2026-08-07T15:25:25.532,10,73.5,691.0,382.25,True,
run_20260807_152050_562216,8235,270,2026-08-07T15:25:25.532,11,51.5,713.0,382.25,True,
run_20260807_152050_562216,8235,270,2026-08-07T15:25:25.532,12,29.5,734.0,381.75,True,
run_20260807_152050_562216,8265,271,2026-08-07T15:25:26.534,0,312.5,470.0,391.25,True,
run_20260807_152050_562216,8265,271,2026-08-07T15:25:26.534,1,272.5,492.5,382.5,True,
run_20260807_152050_562216,8265,271,2026-08-07T15:25:26.534,2,250.5,514.5,382.5,True,
run_20260807_152050_562216,8265,271,2026-08-07T15:25:26.534,3,228.5,536.5,382.5,True,
run_20260807_152050_562216,8265,271,2026-08-07T15:25:26.534,4,206.5,559.0,382.75,True,
run_20260807_152050_562216,8265,271,2026-08-07T15:25:26.534,5,184.0,581.5,382.75,True,
run_20260807_152050_562216,8265,271,2026-08-07T15:25:26.534,6,161.5,603.5,382.5,True,
run_20260807_152050_562216,8265,271,2026-08-07T15:25:26.534,7,139.5,625.5,382.5,True,
run_20260807_152050_562216,8265,271,2026-08-07T15:25:26.534,8,117.5,647.5,382.5,True,
run_20260807_152050_562216,8265,271,2026-08-07T15:25:26.534,9,95.5,669.5,382.5,True,
run_20260807_152050_562216,8265,271,2026-08-07T15:25:26.534,10,73.5,691.0,382.25,True,
run_20260807_152050_562216,8265,271,2026-08-07T15:25:26.534,11,51.5,713.0,382.25,True,
run_20260807_152050_562216,8265,271,2026-08-07T15:25:26.534,12,30.0,734.0,382.0,True,
run_20260807_152050_562216,8296,272,2026-08-07T15:25:27.567,0,312.5,470.0,391.25,True,
run_20260807_152050_562216,8296,272,2026-08-07T15:25:27.567,1,272.5,492.5,382.5,True,
run_20260807_152050_562216,8296,272,2026-08-07T15:25:27.567,2,250.5,514.5,382.5,True,
run_20260807_152050_562216,8296,272,2026-08-07T15:25:27.567,3,228.5,536.5,382.5,True,
run_20260807_152050_562216,8296,272,2026-08-07T15:25:27.567,4,206.5,559.0,382.75,True,
run_20260807_152050_562216,8296,272,2026-08-07T15:25:27.567,5,184.0,581.5,382.75,True,
run_20260807_152050_562216,8296,272,2026-08-07T15:25:27.567,6,161.5,603.5,382.5,True,
run_20260807_152050_562216,8296,272,2026-08-07T15:25:27.567,7,139.5,625.5,382.5,True,
run_20260807_152050_562216,8296,272,2026-08-07T15:25:27.567,8,117.5,647.5,382.5,True,
run_20260807_152050_562216,8296,272,2026-08-07T15:25:27.567,9,95.5,669.5,382.5,True,
run_20260807_152050_562216,8296,272,2026-08-07T15:25:27.567,10,73.5,691.0,382.25,True,
run_20260807_152050_562216,8296,272,2026-08-07T15:25:27.567,11,51.5,713.0,382.25,True,
run_20260807_152050_562216,8296,272,2026-08-07T15:25:27.567,12,30.0,734.0,382.0,True,
run_20260807_152050_562216,8327,273,2026-08-07T15:25:28.599,0,312.5,470.0,391.25,True,
run_20260807_152050_562216,8327,273,2026-08-07T15:25:28.599,1,272.5,492.5,382.5,True,
run_20260807_152050_562216,8327,273,2026-08-07T15:25:28.599,2,250.5,514.5,382.5,True,
run_20260807_152050_562216,8327,273,2026-08-07T15:25:28.599,3,228.5,536.5,382.5,True,
run_20260807_152050_562216,8327,273,2026-08-07T15:25:28.599,4,206.5,558.5,382.5,True,
run_20260807_152050_562216,8327,273,2026-08-07T15:25:28.599,5,184.0,581.5,382.75,True,
run_20260807_152050_562216,8327,273,2026-08-07T15:25:28.599,6,161.5,603.5,382.5,True,
run_20260807_152050_562216,8327,273,2026-08-07T15:25:28.599,7,139.5,625.5,382.5,True,
run_20260807_152050_562216,8327,273,2026-08-07T15:25:28.599,8,117.5,647.5,382.5,True,
run_20260807_152050_562216,8327,273,2026-08-07T15:25:28.599,9,95.5,669.5,382.5,True,
run_20260807_152050_562216,8327,273,2026-08-07T15:25:28.599,10,73.5,691.0,382.25,True,
run_20260807_152050_562216,8327,273,2026-08-07T15:25:28.599,11,51.5,713.0,382.25,True,
run_20260807_152050_562216,8327,273,2026-08-07T15:25:28.599,12,30.0,734.0,382.0,True,
run_20260807_152050_562216,8357,274,2026-08-07T15:25:29.600,0,312.5,470.0,391.25,True,
run_20260807_152050_562216,8357,274,2026-08-07T15:25:29.600,1,272.6363636363636,492.5,382.5681818181818,True,
run_20260807_152050_562216,8357,274,2026-08-07T15:25:29.600,2,250.5,514.5,382.5,True,
run_20260807_152050_562216,8357,274,2026-08-07T15:25:29.600,3,228.5,536.5,382.5,True,
run_20260807_152050_562216,8357,274,2026-08-07T15:25:29.600,4,206.5,558.5,382.5,True,
run_20260807_152050_562216,8357,274,2026-08-07T15:25:29.600,5,184.0,581.5,382.75,True,
run_20260807_152050_562216,8357,274,2026-08-07T15:25:29.600,6,161.5,603.5,382.5,True,
run_20260807_152050_562216,8357,274,2026-08-07T15:25:29.600,7,139.5,625.5,382.5,True,
run_20260807_152050_562216,8357,274,2026-08-07T15:25:29.600,8,117.5,647.5,382.5,True,
run_20260807_152050_562216,8357,274,2026-08-07T15:25:29.600,9,95.5,669.5,382.5,True,
run_20260807_152050_562216,8357,274,2026-08-07T15:25:29.600,10,73.5,691.0,382.25,True,
run_20260807_152050_562216,8357,274,2026-08-07T15:25:29.600,11,51.5,713.0,382.25,True,
run_20260807_152050_562216,8357,274,2026-08-07T15:25:29.600,12,29.5,734.0,381.75,True,
run_20260807_152050_562216,8388,275,2026-08-07T15:25:30.633,0,312.5,470.0,391.25,True,
run_20260807_152050_562216,8388,275,2026-08-07T15:25:30.633,1,272.6363636363636,492.5,382.5681818181818,True,
run_20260807_152050_562216,8388,275,2026-08-07T15:25:30.633,2,250.5,514.5,382.5,True,
run_20260807_152050_562216,8388,275,2026-08-07T15:25:30.633,3,228.5,536.5,382.5,True,
run_20260807_152050_562216,8388,275,2026-08-07T15:25:30.633,4,206.5,559.0,382.75,True,
run_20260807_152050_562216,8388,275,2026-08-07T15:25:30.633,5,184.0,581.5,382.75,True,
run_20260807_152050_562216,8388,275,2026-08-07T15:25:30.633,6,161.5,603.5,382.5,True,
run_20260807_152050_562216,8388,275,2026-08-07T15:25:30.633,7,139.5,625.5,382.5,True,
run_20260807_152050_562216,8388,275,2026-08-07T15:25:30.633,8,117.5,647.5,382.5,True,
run_20260807_152050_562216,8388,275,2026-08-07T15:25:30.633,9,95.5,669.5,382.5,True,
run_20260807_152050_562216,8388,275,2026-08-07T15:25:30.633,10,73.5,691.0,382.25,True,
run_20260807_152050_562216,8388,275,2026-08-07T15:25:30.633,11,51.5,713.0,382.25,True,
run_20260807_152050_562216,8388,275,2026-08-07T15:25:30.633,12,30.0,734.0,382.0,True,
run_20260807_152050_562216,8419,276,2026-08-07T15:25:31.666,0,312.5,470.0,391.25,True,
run_20260807_152050_562216,8419,276,2026-08-07T15:25:31.666,1,272.6363636363636,492.5,382.5681818181818,True,
run_20260807_152050_562216,8419,276,2026-08-07T15:25:31.666,2,250.5,514.5,382.5,True,
run_20260807_152050_562216,8419,276,2026-08-07T15:25:31.666,3,228.5,536.5,382.5,True,
run_20260807_152050_562216,8419,276,2026-08-07T15:25:31.666,4,206.5,559.0,382.75,True,
run_20260807_152050_562216,8419,276,2026-08-07T15:25:31.666,5,184.0,581.5,382.75,True,
run_20260807_152050_562216,8419,276,2026-08-07T15:25:31.666,6,161.5,603.5,382.5,True,
run_20260807_152050_562216,8419,276,2026-08-07T15:25:31.666,7,139.5,625.5,382.5,True,
run_20260807_152050_562216,8419,276,2026-08-07T15:25:31.666,8,117.5,647.5,382.5,True,
run_20260807_152050_562216,8419,276,2026-08-07T15:25:31.666,9,95.5,669.5,382.5,True,
run_20260807_152050_562216,8419,276,2026-08-07T15:25:31.666,10,73.5,691.0,382.25,True,
run_20260807_152050_562216,8419,276,2026-08-07T15:25:31.666,11,51.5,713.0,382.25,True,
run_20260807_152050_562216,8419,276,2026-08-07T15:25:31.666,12,30.0,734.0,382.0,True,
run_20260807_152050_562216,8449,277,2026-08-07T15:25:32.670,0,312.5,470.0,391.25,True,
run_20260807_152050_562216,8449,277,2026-08-07T15:25:32.670,1,272.6363636363636,492.5,382.5681818181818,True,
run_20260807_152050_562216,8449,277,2026-08-07T15:25:32.670,2,250.5,514.5,382.5,True,
run_20260807_152050_562216,8449,277,2026-08-07T15:25:32.670,3,228.5,536.5,382.5,True,
run_20260807_152050_562216,8449,277,2026-08-07T15:25:32.670,4,206.5,559.0,382.75,True,
run_20260807_152050_562216,8449,277,2026-08-07T15:25:32.670,5,184.0,581.5,382.75,True,
run_20260807_152050_562216,8449,277,2026-08-07T15:25:32.670,6,161.5,603.5,382.5,True,
run_20260807_152050_562216,8449,277,2026-08-07T15:25:32.670,7,139.5,625.5,382.5,True,
run_20260807_152050_562216,8449,277,2026-08-07T15:25:32.670,8,117.5,647.5,382.5,True,
run_20260807_152050_562216,8449,277,2026-08-07T15:25:32.670,9,95.5,669.5,382.5,True,
run_20260807_152050_562216,8449,277,2026-08-07T15:25:32.670,10,73.5,691.0,382.25,True,
run_20260807_152050_562216,8449,277,2026-08-07T15:25:32.670,11,51.5,713.0,382.25,True,
run_20260807_152050_562216,8449,277,2026-08-07T15:25:32.670,12,29.5,734.0,381.75,True,
run_20260807_152050_562216,8480,278,2026-08-07T15:25:33.702,0,312.5,470.0,391.25,True,
run_20260807_152050_562216,8480,278,2026-08-07T15:25:33.702,1,272.6363636363636,492.5,382.5681818181818,True,
run_20260807_152050_562216,8480,278,2026-08-07T15:25:33.702,2,250.5,514.5,382.5,True,
run_20260807_152050_562216,8480,278,2026-08-07T15:25:33.702,3,228.5,536.5,382.5,True,
run_20260807_152050_562216,8480,278,2026-08-07T15:25:33.702,4,206.5,559.0,382.75,True,
run_20260807_152050_562216,8480,278,2026-08-07T15:25:33.702,5,183.55555555555554,581.5,382.52777777777777,True,
run_20260807_152050_562216,8480,278,2026-08-07T15:25:33.702,6,161.5,603.5,382.5,True,
run_20260807_152050_562216,8480,278,2026-08-07T15:25:33.702,7,139.5,625.5,382.5,True,
run_20260807_152050_562216,8480,278,2026-08-07T15:25:33.702,8,117.5,647.5,382.5,True,
run_20260807_152050_562216,8480,278,2026-08-07T15:25:33.702,9,95.5,669.5,382.5,True,
run_20260807_152050_562216,8480,278,2026-08-07T15:25:33.702,10,73.5,691.0,382.25,True,
run_20260807_152050_562216,8480,278,2026-08-07T15:25:33.702,11,51.5,713.0,382.25,True,
run_20260807_152050_562216,8480,278,2026-08-07T15:25:33.702,12,30.0,734.0,382.0,True,
run_20260807_152050_562216,8511,279,2026-08-07T15:25:34.735,0,312.5,470.0,391.25,True,
run_20260807_152050_562216,8511,279,2026-08-07T15:25:34.735,1,272.6363636363636,492.5,382.5681818181818,True,
run_20260807_152050_562216,8511,279,2026-08-07T15:25:34.735,2,250.5,514.5,382.5,True,
run_20260807_152050_562216,8511,279,2026-08-07T15:25:34.735,3,228.5,536.5,382.5,True,
run_20260807_152050_562216,8511,279,2026-08-07T15:25:34.735,4,206.5,559.0,382.75,True,
run_20260807_152050_562216,8511,279,2026-08-07T15:25:34.735,5,184.0,581.5,382.75,True,
run_20260807_152050_562216,8511,279,2026-08-07T15:25:34.735,6,161.5,603.5,382.5,True,
run_20260807_152050_562216,8511,279,2026-08-07T15:25:34.735,7,139.5,625.5,382.5,True,
run_20260807_152050_562216,8511,279,2026-08-07T15:25:34.735,8,117.5,647.5,382.5,True,
run_20260807_152050_562216,8511,279,2026-08-07T15:25:34.735,9,95.5,669.5,382.5,True,
run_20260807_152050_562216,8511,279,2026-08-07T15:25:34.735,10,73.5,691.0,382.25,True,
run_20260807_152050_562216,8511,279,2026-08-07T15:25:34.735,11,51.5,713.0,382.25,True,
run_20260807_152050_562216,8511,279,2026-08-07T15:25:34.735,12,30.0,734.0,382.0,True,
run_20260807_152050_562216,8541,280,2026-08-07T15:25:35.736,0,312.5,470.0,391.25,True,
run_20260807_152050_562216,8541,280,2026-08-07T15:25:35.736,1,272.5,492.5,382.5,True,
run_20260807_152050_562216,8541,280,2026-08-07T15:25:35.736,2,250.5,514.5,382.5,True,
run_20260807_152050_562216,8541,280,2026-08-07T15:25:35.736,3,228.5,536.5,382.5,True,
run_20260807_152050_562216,8541,280,2026-08-07T15:25:35.736,4,206.5,558.5,382.5,True,
run_20260807_152050_562216,8541,280,2026-08-07T15:25:35.736,5,184.0,581.5,382.75,True,
run_20260807_152050_562216,8541,280,2026-08-07T15:25:35.736,6,161.5,603.5,382.5,True,
run_20260807_152050_562216,8541,280,2026-08-07T15:25:35.736,7,139.5,625.5,382.5,True,
run_20260807_152050_562216,8541,280,2026-08-07T15:25:35.736,8,117.5,647.5,382.5,True,
run_20260807_152050_562216,8541,280,2026-08-07T15:25:35.736,9,95.5,669.5,382.5,True,
run_20260807_152050_562216,8541,280,2026-08-07T15:25:35.736,10,73.5,691.0,382.25,True,
run_20260807_152050_562216,8541,280,2026-08-07T15:25:35.736,11,51.5,713.0,382.25,True,
run_20260807_152050_562216,8541,280,2026-08-07T15:25:35.736,12,29.5,734.0,381.75,True,
run_20260807_152050_562216,8572,281,2026-08-07T15:25:36.769,0,312.5,470.0,391.25,True,
run_20260807_152050_562216,8572,281,2026-08-07T15:25:36.769,1,272.5,492.5,382.5,True,
run_20260807_152050_562216,8572,281,2026-08-07T15:25:36.769,2,250.5,514.5,382.5,True,
run_20260807_152050_562216,8572,281,2026-08-07T15:25:36.769,3,228.5,536.5,382.5,True,
run_20260807_152050_562216,8572,281,2026-08-07T15:25:36.769,4,206.5,558.5,382.5,True,
run_20260807_152050_562216,8572,281,2026-08-07T15:25:36.769,5,184.0,581.5,382.75,True,
run_20260807_152050_562216,8572,281,2026-08-07T15:25:36.769,6,161.5,603.5,382.5,True,
run_20260807_152050_562216,8572,281,2026-08-07T15:25:36.769,7,139.5,625.5,382.5,True,
run_20260807_152050_562216,8572,281,2026-08-07T15:25:36.769,8,117.5,647.5,382.5,True,
run_20260807_152050_562216,8572,281,2026-08-07T15:25:36.769,9,95.5,669.5,382.5,True,
run_20260807_152050_562216,8572,281,2026-08-07T15:25:36.769,10,73.5,691.0,382.25,True,
run_20260807_152050_562216,8572,281,2026-08-07T15:25:36.769,11,51.5,713.0,382.25,True,
run_20260807_152050_562216,8572,281,2026-08-07T15:25:36.769,12,30.0,734.0,382.0,True,
run_20260807_152050_562216,8603,282,2026-08-07T15:25:37.801,0,312.5,470.0,391.25,True,
run_20260807_152050_562216,8603,282,2026-08-07T15:25:37.801,1,272.6363636363636,492.5,382.5681818181818,True,
run_20260807_152050_562216,8603,282,2026-08-07T15:25:37.801,2,250.5,514.5,382.5,True,
run_20260807_152050_562216,8603,282,2026-08-07T15:25:37.801,3,228.5,536.5,382.5,True,
run_20260807_152050_562216,8603,282,2026-08-07T15:25:37.801,4,206.5,558.5,382.5,True,
run_20260807_152050_562216,8603,282,2026-08-07T15:25:37.801,5,184.0,581.5,382.75,True,
run_20260807_152050_562216,8603,282,2026-08-07T15:25:37.801,6,161.5,603.5,382.5,True,
run_20260807_152050_562216,8603,282,2026-08-07T15:25:37.801,7,139.5,625.5,382.5,True,
run_20260807_152050_562216,8603,282,2026-08-07T15:25:37.801,8,117.5,647.5,382.5,True,
run_20260807_152050_562216,8603,282,2026-08-07T15:25:37.801,9,95.5,669.5,382.5,True,
run_20260807_152050_562216,8603,282,2026-08-07T15:25:37.801,10,73.5,691.0,382.25,True,
run_20260807_152050_562216,8603,282,2026-08-07T15:25:37.801,11,51.5,713.0,382.25,True,
run_20260807_152050_562216,8603,282,2026-08-07T15:25:37.801,12,29.5,734.0,381.75,True,
run_20260807_152050_562216,8633,283,2026-08-07T15:25:38.803,0,312.5,470.0,391.25,True,
run_20260807_152050_562216,8633,283,2026-08-07T15:25:38.803,1,272.6363636363636,492.5,382.5681818181818,True,
run_20260807_152050_562216,8633,283,2026-08-07T15:25:38.803,2,250.5,514.5,382.5,True,
run_20260807_152050_562216,8633,283,2026-08-07T15:25:38.803,3,228.5,536.5,382.5,True,
run_20260807_152050_562216,8633,283,2026-08-07T15:25:38.803,4,206.5,559.0,382.75,True,
run_20260807_152050_562216,8633,283,2026-08-07T15:25:38.803,5,184.0,581.5,382.75,True,
run_20260807_152050_562216,8633,283,2026-08-07T15:25:38.803,6,161.5,603.5,382.5,True,
run_20260807_152050_562216,8633,283,2026-08-07T15:25:38.803,7,139.5,625.5,382.5,True,
run_20260807_152050_562216,8633,283,2026-08-07T15:25:38.803,8,117.5,647.5,382.5,True,
run_20260807_152050_562216,8633,283,2026-08-07T15:25:38.803,9,95.5,669.5,382.5,True,
run_20260807_152050_562216,8633,283,2026-08-07T15:25:38.803,10,73.5,691.0,382.25,True,
run_20260807_152050_562216,8633,283,2026-08-07T15:25:38.803,11,51.5,713.0,382.25,True,
run_20260807_152050_562216,8633,283,2026-08-07T15:25:38.803,12,30.0,734.0,382.0,True,
run_20260807_152050_562216,8664,284,2026-08-07T15:25:39.836,0,312.5,470.0,391.25,True,
run_20260807_152050_562216,8664,284,2026-08-07T15:25:39.836,1,272.75,492.5,382.625,True,
run_20260807_152050_562216,8664,284,2026-08-07T15:25:39.836,2,250.5,514.5,382.5,True,
run_20260807_152050_562216,8664,284,2026-08-07T15:25:39.836,3,228.5,536.5,382.5,True,
run_20260807_152050_562216,8664,284,2026-08-07T15:25:39.836,4,206.5,559.0,382.75,True,
run_20260807_152050_562216,8664,284,2026-08-07T15:25:39.836,5,184.0,581.5,382.75,True,
run_20260807_152050_562216,8664,284,2026-08-07T15:25:39.836,6,161.5,603.5,382.5,True,
run_20260807_152050_562216,8664,284,2026-08-07T15:25:39.836,7,139.5,625.5,382.5,True,
run_20260807_152050_562216,8664,284,2026-08-07T15:25:39.836,8,117.5,647.5,382.5,True,
run_20260807_152050_562216,8664,284,2026-08-07T15:25:39.836,9,95.5,669.5,382.5,True,
run_20260807_152050_562216,8664,284,2026-08-07T15:25:39.836,10,73.5,691.0,382.25,True,
run_20260807_152050_562216,8664,284,2026-08-07T15:25:39.836,11,51.5,713.0,382.25,True,
run_20260807_152050_562216,8664,284,2026-08-07T15:25:39.836,12,30.0,734.0,382.0,True,
run_20260807_152050_562216,8695,285,2026-08-07T15:25:40.869,0,312.5,470.0,391.25,True,
run_20260807_152050_562216,8695,285,2026-08-07T15:25:40.869,1,272.6363636363636,492.5,382.5681818181818,True,
run_20260807_152050_562216,8695,285,2026-08-07T15:25:40.869,2,250.5,514.5,382.5,True,
run_20260807_152050_562216,8695,285,2026-08-07T15:25:40.869,3,228.5,536.5,382.5,True,
run_20260807_152050_562216,8695,285,2026-08-07T15:25:40.869,4,206.5,559.0,382.75,True,
run_20260807_152050_562216,8695,285,2026-08-07T15:25:40.869,5,184.0,581.5,382.75,True,
run_20260807_152050_562216,8695,285,2026-08-07T15:25:40.869,6,161.5,603.5,382.5,True,
run_20260807_152050_562216,8695,285,2026-08-07T15:25:40.869,7,139.5,625.5,382.5,True,
run_20260807_152050_562216,8695,285,2026-08-07T15:25:40.869,8,117.5,647.5,382.5,True,
run_20260807_152050_562216,8695,285,2026-08-07T15:25:40.869,9,95.5,669.5,382.5,True,
run_20260807_152050_562216,8695,285,2026-08-07T15:25:40.869,10,73.5,691.0,382.25,True,
run_20260807_152050_562216,8695,285,2026-08-07T15:25:40.869,11,51.5,713.0,382.25,True,
run_20260807_152050_562216,8695,285,2026-08-07T15:25:40.869,12,30.0,734.0,382.0,True,
run_20260807_152050_562216,8726,286,2026-08-07T15:25:41.902,0,312.5,470.0,391.25,True,
run_20260807_152050_562216,8726,286,2026-08-07T15:25:41.902,1,272.6363636363636,492.5,382.5681818181818,True,
run_20260807_152050_562216,8726,286,2026-08-07T15:25:41.902,2,250.5,514.5,382.5,True,
run_20260807_152050_562216,8726,286,2026-08-07T15:25:41.902,3,228.5,536.5,382.5,True,
run_20260807_152050_562216,8726,286,2026-08-07T15:25:41.902,4,206.5,559.0,382.75,True,
run_20260807_152050_562216,8726,286,2026-08-07T15:25:41.902,5,184.0,581.5,382.75,True,
run_20260807_152050_562216,8726,286,2026-08-07T15:25:41.902,6,161.5,603.5,382.5,True,
run_20260807_152050_562216,8726,286,2026-08-07T15:25:41.902,7,139.5,625.5,382.5,True,
run_20260807_152050_562216,8726,286,2026-08-07T15:25:41.902,8,117.5,647.5,382.5,True,
run_20260807_152050_562216,8726,286,2026-08-07T15:25:41.902,9,95.5,669.5,382.5,True,
run_20260807_152050_562216,8726,286,2026-08-07T15:25:41.902,10,73.5,691.0,382.25,True,
run_20260807_152050_562216,8726,286,2026-08-07T15:25:41.902,11,51.5,713.0,382.25,True,
run_20260807_152050_562216,8726,286,2026-08-07T15:25:41.902,12,30.0,734.0,382.0,True,
run_20260807_152050_562216,8757,287,2026-08-07T15:25:42.935,0,312.5,470.0,391.25,True,
run_20260807_152050_562216,8757,287,2026-08-07T15:25:42.935,1,272.6363636363636,492.5,382.5681818181818,True,
run_20260807_152050_562216,8757,287,2026-08-07T15:25:42.935,2,250.5,514.5,382.5,True,
run_20260807_152050_562216,8757,287,2026-08-07T15:25:42.935,3,228.5,536.5,382.5,True,
run_20260807_152050_562216,8757,287,2026-08-07T15:25:42.935,4,206.5,559.0,382.75,True,
run_20260807_152050_562216,8757,287,2026-08-07T15:25:42.935,5,184.0,581.5,382.75,True,
run_20260807_152050_562216,8757,287,2026-08-07T15:25:42.935,6,161.5,603.5,382.5,True,
run_20260807_152050_562216,8757,287,2026-08-07T15:25:42.935,7,139.5,625.5,382.5,True,
run_20260807_152050_562216,8757,287,2026-08-07T15:25:42.935,8,117.5,647.5,382.5,True,
run_20260807_152050_562216,8757,287,2026-08-07T15:25:42.935,9,95.5,669.5,382.5,True,
run_20260807_152050_562216,8757,287,2026-08-07T15:25:42.935,10,73.5,691.0,382.25,True,
run_20260807_152050_562216,8757,287,2026-08-07T15:25:42.935,11,51.5,713.0,382.25,True,
run_20260807_152050_562216,8757,287,2026-08-07T15:25:42.935,12,30.0,734.0,382.0,True,
run_20260807_152050_562216,8788,288,2026-08-07T15:25:43.969,0,312.5,470.0,391.25,True,
run_20260807_152050_562216,8788,288,2026-08-07T15:25:43.969,1,272.6363636363636,492.5,382.5681818181818,True,
run_20260807_152050_562216,8788,288,2026-08-07T15:25:43.969,2,250.5,514.5,382.5,True,
run_20260807_152050_562216,8788,288,2026-08-07T15:25:43.969,3,228.5,536.5,382.5,True,
run_20260807_152050_562216,8788,288,2026-08-07T15:25:43.969,4,206.5,559.0,382.75,True,
run_20260807_152050_562216,8788,288,2026-08-07T15:25:43.969,5,184.0,581.5,382.75,True,
run_20260807_152050_562216,8788,288,2026-08-07T15:25:43.969,6,161.5,603.5,382.5,True,
run_20260807_152050_562216,8788,288,2026-08-07T15:25:43.969,7,139.5,625.5,382.5,True,
run_20260807_152050_562216,8788,288,2026-08-07T15:25:43.969,8,117.5,647.5,382.5,True,
run_20260807_152050_562216,8788,288,2026-08-07T15:25:43.969,9,95.5,669.5,382.5,True,
run_20260807_152050_562216,8788,288,2026-08-07T15:25:43.969,10,73.5,691.0,382.25,True,
run_20260807_152050_562216,8788,288,2026-08-07T15:25:43.969,11,51.5,713.0,382.25,True,
run_20260807_152050_562216,8788,288,2026-08-07T15:25:43.969,12,29.5,734.0,381.75,True,
run_20260807_152050_562216,8819,289,2026-08-07T15:25:45.001,0,312.5,470.0,391.25,True,
run_20260807_152050_562216,8819,289,2026-08-07T15:25:45.001,1,272.6363636363636,492.5,382.5681818181818,True,
run_20260807_152050_562216,8819,289,2026-08-07T15:25:45.001,2,250.5,514.5,382.5,True,
run_20260807_152050_562216,8819,289,2026-08-07T15:25:45.001,3,228.5,536.5,382.5,True,
run_20260807_152050_562216,8819,289,2026-08-07T15:25:45.001,4,206.5,559.0,382.75,True,
run_20260807_152050_562216,8819,289,2026-08-07T15:25:45.001,5,184.0,581.5,382.75,True,
run_20260807_152050_562216,8819,289,2026-08-07T15:25:45.001,6,161.5,603.5,382.5,True,
run_20260807_152050_562216,8819,289,2026-08-07T15:25:45.001,7,139.5,625.5,382.5,True,
run_20260807_152050_562216,8819,289,2026-08-07T15:25:45.001,8,117.5,647.5,382.5,True,
run_20260807_152050_562216,8819,289,2026-08-07T15:25:45.001,9,95.5,669.5,382.5,True,
run_20260807_152050_562216,8819,289,2026-08-07T15:25:45.001,10,73.5,691.0,382.25,True,
run_20260807_152050_562216,8819,289,2026-08-07T15:25:45.001,11,51.5,713.0,382.25,True,
run_20260807_152050_562216,8819,289,2026-08-07T15:25:45.001,12,29.5,734.0,381.75,True,
run_20260807_152050_562216,8849,290,2026-08-07T15:25:46.002,0,312.5,470.0,391.25,True,
run_20260807_152050_562216,8849,290,2026-08-07T15:25:46.002,1,272.6363636363636,492.5,382.5681818181818,True,
run_20260807_152050_562216,8849,290,2026-08-07T15:25:46.002,2,250.5,514.5,382.5,True,
run_20260807_152050_562216,8849,290,2026-08-07T15:25:46.002,3,228.5,536.5,382.5,True,
run_20260807_152050_562216,8849,290,2026-08-07T15:25:46.002,4,206.5,558.5,382.5,True,
run_20260807_152050_562216,8849,290,2026-08-07T15:25:46.002,5,184.0,581.5,382.75,True,
run_20260807_152050_562216,8849,290,2026-08-07T15:25:46.002,6,161.5,603.5,382.5,True,
run_20260807_152050_562216,8849,290,2026-08-07T15:25:46.002,7,139.5,625.5,382.5,True,
run_20260807_152050_562216,8849,290,2026-08-07T15:25:46.002,8,117.5,647.5,382.5,True,
run_20260807_152050_562216,8849,290,2026-08-07T15:25:46.002,9,95.5,669.5,382.5,True,
run_20260807_152050_562216,8849,290,2026-08-07T15:25:46.002,10,73.5,691.0,382.25,True,
run_20260807_152050_562216,8849,290,2026-08-07T15:25:46.002,11,51.5,713.0,382.25,True,
run_20260807_152050_562216,8849,290,2026-08-07T15:25:46.002,12,30.0,736.5,383.25,True,
run_20260807_152050_562216,8880,291,2026-08-07T15:25:47.035,0,312.5,470.0,391.25,True,
run_20260807_152050_562216,8880,291,2026-08-07T15:25:47.035,1,272.6363636363636,492.5,382.5681818181818,True,
run_20260807_152050_562216,8880,291,2026-08-07T15:25:47.035,2,250.5,514.5,382.5,True,
run_20260807_152050_562216,8880,291,2026-08-07T15:25:47.035,3,228.5,536.5,382.5,True,
run_20260807_152050_562216,8880,291,2026-08-07T15:25:47.035,4,206.5,559.0,382.75,True,
run_20260807_152050_562216,8880,291,2026-08-07T15:25:47.035,5,184.0,581.5,382.75,True,
run_20260807_152050_562216,8880,291,2026-08-07T15:25:47.035,6,161.5,603.5,382.5,True,
run_20260807_152050_562216,8880,291,2026-08-07T15:25:47.035,7,139.5,625.5,382.5,True,
run_20260807_152050_562216,8880,291,2026-08-07T15:25:47.035,8,117.5,647.5,382.5,True,
run_20260807_152050_562216,8880,291,2026-08-07T15:25:47.035,9,95.5,669.5,382.5,True,
run_20260807_152050_562216,8880,291,2026-08-07T15:25:47.035,10,73.5,691.0,382.25,True,
run_20260807_152050_562216,8880,291,2026-08-07T15:25:47.035,11,51.5,713.0,382.25,True,
run_20260807_152050_562216,8880,291,2026-08-07T15:25:47.035,12,30.0,734.0,382.0,True,
run_20260807_152050_562216,8911,292,2026-08-07T15:25:48.068,0,312.5,470.0,391.25,True,
run_20260807_152050_562216,8911,292,2026-08-07T15:25:48.068,1,272.6363636363636,492.5,382.5681818181818,True,
run_20260807_152050_562216,8911,292,2026-08-07T15:25:48.068,2,250.5,514.5,382.5,True,
run_20260807_152050_562216,8911,292,2026-08-07T15:25:48.068,3,228.5,536.5,382.5,True,
run_20260807_152050_562216,8911,292,2026-08-07T15:25:48.068,4,206.5,558.5,382.5,True,
run_20260807_152050_562216,8911,292,2026-08-07T15:25:48.068,5,184.5,581.5,383.0,True,
run_20260807_152050_562216,8911,292,2026-08-07T15:25:48.068,6,161.5,603.5,382.5,True,
run_20260807_152050_562216,8911,292,2026-08-07T15:25:48.068,7,139.5,625.5,382.5,True,
run_20260807_152050_562216,8911,292,2026-08-07T15:25:48.068,8,117.5,647.5,382.5,True,
run_20260807_152050_562216,8911,292,2026-08-07T15:25:48.068,9,95.5,669.5,382.5,True,
run_20260807_152050_562216,8911,292,2026-08-07T15:25:48.068,10,73.5,691.0,382.25,True,
run_20260807_152050_562216,8911,292,2026-08-07T15:25:48.068,11,51.5,713.0,382.25,True,
run_20260807_152050_562216,8911,292,2026-08-07T15:25:48.068,12,30.0,734.0,382.0,True,
run_20260807_152050_562216,8941,293,2026-08-07T15:25:49.069,0,312.5,470.0,391.25,True,
run_20260807_152050_562216,8941,293,2026-08-07T15:25:49.069,1,272.6363636363636,492.5,382.5681818181818,True,
run_20260807_152050_562216,8941,293,2026-08-07T15:25:49.069,2,250.5,514.5,382.5,True,
run_20260807_152050_562216,8941,293,2026-08-07T15:25:49.069,3,228.5,536.5,382.5,True,
run_20260807_152050_562216,8941,293,2026-08-07T15:25:49.069,4,206.5,559.0,382.75,True,
run_20260807_152050_562216,8941,293,2026-08-07T15:25:49.069,5,184.0,581.5,382.75,True,
run_20260807_152050_562216,8941,293,2026-08-07T15:25:49.069,6,161.5,603.5,382.5,True,
run_20260807_152050_562216,8941,293,2026-08-07T15:25:49.069,7,139.5,625.5,382.5,True,
run_20260807_152050_562216,8941,293,2026-08-07T15:25:49.069,8,117.5,647.5,382.5,True,
run_20260807_152050_562216,8941,293,2026-08-07T15:25:49.069,9,95.5,669.5,382.5,True,
run_20260807_152050_562216,8941,293,2026-08-07T15:25:49.069,10,73.5,691.0,382.25,True,
run_20260807_152050_562216,8941,293,2026-08-07T15:25:49.069,11,51.5,713.0,382.25,True,
run_20260807_152050_562216,8941,293,2026-08-07T15:25:49.069,12,30.0,734.0,382.0,True,
run_20260807_152050_562216,8972,294,2026-08-07T15:25:50.103,0,312.5,470.0,391.25,True,
run_20260807_152050_562216,8972,294,2026-08-07T15:25:50.103,1,272.6363636363636,492.5,382.5681818181818,True,
run_20260807_152050_562216,8972,294,2026-08-07T15:25:50.103,2,250.5,514.5,382.5,True,
run_20260807_152050_562216,8972,294,2026-08-07T15:25:50.103,3,228.5,536.5,382.5,True,
run_20260807_152050_562216,8972,294,2026-08-07T15:25:50.103,4,206.5,558.5,382.5,True,
run_20260807_152050_562216,8972,294,2026-08-07T15:25:50.103,5,184.5,581.5,383.0,True,
run_20260807_152050_562216,8972,294,2026-08-07T15:25:50.103,6,161.5,603.5,382.5,True,
run_20260807_152050_562216,8972,294,2026-08-07T15:25:50.103,7,139.5,625.5,382.5,True,
run_20260807_152050_562216,8972,294,2026-08-07T15:25:50.103,8,117.5,647.5,382.5,True,
run_20260807_152050_562216,8972,294,2026-08-07T15:25:50.103,9,95.5,669.5,382.5,True,
run_20260807_152050_562216,8972,294,2026-08-07T15:25:50.103,10,73.5,691.0,382.25,True,
run_20260807_152050_562216,8972,294,2026-08-07T15:25:50.103,11,51.5,713.0,382.25,True,
run_20260807_152050_562216,8972,294,2026-08-07T15:25:50.103,12,30.0,734.0,382.0,True,
run_20260807_152050_562216,9003,295,2026-08-07T15:25:51.132,0,312.5,470.0,391.25,True,
run_20260807_152050_562216,9003,295,2026-08-07T15:25:51.132,1,272.5,492.5,382.5,True,
run_20260807_152050_562216,9003,295,2026-08-07T15:25:51.132,2,250.5,514.5,382.5,True,
run_20260807_152050_562216,9003,295,2026-08-07T15:25:51.132,3,228.5,536.5,382.5,True,
run_20260807_152050_562216,9003,295,2026-08-07T15:25:51.132,4,206.5,558.5,382.5,True,
run_20260807_152050_562216,9003,295,2026-08-07T15:25:51.132,5,184.0,581.5,382.75,True,
run_20260807_152050_562216,9003,295,2026-08-07T15:25:51.132,6,161.5,603.5,382.5,True,
run_20260807_152050_562216,9003,295,2026-08-07T15:25:51.132,7,139.5,625.5,382.5,True,
run_20260807_152050_562216,9003,295,2026-08-07T15:25:51.132,8,117.5,647.5,382.5,True,
run_20260807_152050_562216,9003,295,2026-08-07T15:25:51.132,9,95.5,669.5,382.5,True,
run_20260807_152050_562216,9003,295,2026-08-07T15:25:51.132,10,73.5,691.0,382.25,True,
run_20260807_152050_562216,9003,295,2026-08-07T15:25:51.132,11,51.5,713.0,382.25,True,
run_20260807_152050_562216,9003,295,2026-08-07T15:25:51.132,12,30.0,734.0,382.0,True,
run_20260807_152050_562216,9033,296,2026-08-07T15:25:52.133,0,312.5,470.0,391.25,True,
run_20260807_152050_562216,9033,296,2026-08-07T15:25:52.133,1,272.6363636363636,492.5,382.5681818181818,True,
run_20260807_152050_562216,9033,296,2026-08-07T15:25:52.133,2,250.5,514.5,382.5,True,
run_20260807_152050_562216,9033,296,2026-08-07T15:25:52.133,3,228.5,536.5,382.5,True,
run_20260807_152050_562216,9033,296,2026-08-07T15:25:52.133,4,206.5,558.5,382.5,True,
run_20260807_152050_562216,9033,296,2026-08-07T15:25:52.133,5,184.5,581.5,383.0,True,
run_20260807_152050_562216,9033,296,2026-08-07T15:25:52.133,6,161.5,603.5,382.5,True,
run_20260807_152050_562216,9033,296,2026-08-07T15:25:52.133,7,139.5,625.5,382.5,True,
run_20260807_152050_562216,9033,296,2026-08-07T15:25:52.133,8,117.5,647.5,382.5,True,
run_20260807_152050_562216,9033,296,2026-08-07T15:25:52.133,9,95.5,669.5,382.5,True,
run_20260807_152050_562216,9033,296,2026-08-07T15:25:52.133,10,73.5,691.0,382.25,True,
run_20260807_152050_562216,9033,296,2026-08-07T15:25:52.133,11,51.5,713.0,382.25,True,
run_20260807_152050_562216,9033,296,2026-08-07T15:25:52.133,12,30.0,734.0,382.0,True,
run_20260807_152050_562216,9064,297,2026-08-07T15:25:53.167,0,312.5,470.0,391.25,True,
run_20260807_152050_562216,9064,297,2026-08-07T15:25:53.167,1,272.75,492.5,382.625,True,
run_20260807_152050_562216,9064,297,2026-08-07T15:25:53.167,2,250.5,514.5,382.5,True,
run_20260807_152050_562216,9064,297,2026-08-07T15:25:53.167,3,228.5,536.5,382.5,True,
run_20260807_152050_562216,9064,297,2026-08-07T15:25:53.167,4,206.5,558.5,382.5,True,
run_20260807_152050_562216,9064,297,2026-08-07T15:25:53.167,5,184.0,581.5,382.75,True,
run_20260807_152050_562216,9064,297,2026-08-07T15:25:53.167,6,161.5,603.5,382.5,True,
run_20260807_152050_562216,9064,297,2026-08-07T15:25:53.167,7,139.5,625.5,382.5,True,
run_20260807_152050_562216,9064,297,2026-08-07T15:25:53.167,8,117.5,647.5,382.5,True,
run_20260807_152050_562216,9064,297,2026-08-07T15:25:53.167,9,95.5,669.5,382.5,True,
run_20260807_152050_562216,9064,297,2026-08-07T15:25:53.167,10,73.5,691.0,382.25,True,
run_20260807_152050_562216,9064,297,2026-08-07T15:25:53.167,11,51.5,713.0,382.25,True,
run_20260807_152050_562216,9064,297,2026-08-07T15:25:53.167,12,30.0,734.0,382.0,True,
run_20260807_152050_562216,9095,298,2026-08-07T15:25:54.199,0,312.5,470.0,391.25,True,
run_20260807_152050_562216,9095,298,2026-08-07T15:25:54.199,1,272.75,492.5,382.625,True,
run_20260807_152050_562216,9095,298,2026-08-07T15:25:54.199,2,250.5,514.5,382.5,True,
run_20260807_152050_562216,9095,298,2026-08-07T15:25:54.199,3,228.5,536.5,382.5,True,
run_20260807_152050_562216,9095,298,2026-08-07T15:25:54.199,4,206.5,559.0,382.75,True,
run_20260807_152050_562216,9095,298,2026-08-07T15:25:54.199,5,184.0,581.5,382.75,True,
run_20260807_152050_562216,9095,298,2026-08-07T15:25:54.199,6,161.5,603.5,382.5,True,
run_20260807_152050_562216,9095,298,2026-08-07T15:25:54.199,7,139.5,625.5,382.5,True,
run_20260807_152050_562216,9095,298,2026-08-07T15:25:54.199,8,117.5,647.5,382.5,True,
run_20260807_152050_562216,9095,298,2026-08-07T15:25:54.199,9,95.5,669.5,382.5,True,
run_20260807_152050_562216,9095,298,2026-08-07T15:25:54.199,10,73.5,691.0,382.25,True,
run_20260807_152050_562216,9095,298,2026-08-07T15:25:54.199,11,51.5,713.0,382.25,True,
run_20260807_152050_562216,9095,298,2026-08-07T15:25:54.199,12,29.5,734.0,381.75,True,
run_20260807_152050_562216,9125,299,2026-08-07T15:25:55.200,0,312.5,470.0,391.25,True,
run_20260807_152050_562216,9125,299,2026-08-07T15:25:55.200,1,272.5,492.5,382.5,True,
run_20260807_152050_562216,9125,299,2026-08-07T15:25:55.200,2,250.5,514.5,382.5,True,
run_20260807_152050_562216,9125,299,2026-08-07T15:25:55.200,3,228.5,536.5,382.5,True,
run_20260807_152050_562216,9125,299,2026-08-07T15:25:55.200,4,206.5,559.0,382.75,True,
run_20260807_152050_562216,9125,299,2026-08-07T15:25:55.200,5,184.5,581.5,383.0,True,
run_20260807_152050_562216,9125,299,2026-08-07T15:25:55.200,6,161.5,603.5,382.5,True,
run_20260807_152050_562216,9125,299,2026-08-07T15:25:55.200,7,139.5,625.5,382.5,True,
run_20260807_152050_562216,9125,299,2026-08-07T15:25:55.200,8,117.5,647.5,382.5,True,
run_20260807_152050_562216,9125,299,2026-08-07T15:25:55.200,9,95.5,669.5,382.5,True,
run_20260807_152050_562216,9125,299,2026-08-07T15:25:55.200,10,73.5,691.0,382.25,True,
run_20260807_152050_562216,9125,299,2026-08-07T15:25:55.200,11,51.5,713.0,382.25,True,
run_20260807_152050_562216,9125,299,2026-08-07T15:25:55.200,12,29.5,734.0,381.75,True,
run_20260807_152050_562216,9155,300,2026-08-07T15:25:56.201,0,312.5,470.0,391.25,True,
run_20260807_152050_562216,9155,300,2026-08-07T15:25:56.201,1,272.6363636363636,492.5,382.5681818181818,True,
run_20260807_152050_562216,9155,300,2026-08-07T15:25:56.201,2,250.5,514.5,382.5,True,
run_20260807_152050_562216,9155,300,2026-08-07T15:25:56.201,3,228.5,536.5,382.5,True,
run_20260807_152050_562216,9155,300,2026-08-07T15:25:56.201,4,206.5,559.0,382.75,True,
run_20260807_152050_562216,9155,300,2026-08-07T15:25:56.201,5,184.0,581.5,382.75,True,
run_20260807_152050_562216,9155,300,2026-08-07T15:25:56.201,6,161.5,603.5,382.5,True,
run_20260807_152050_562216,9155,300,2026-08-07T15:25:56.201,7,139.5,625.5,382.5,True,
run_20260807_152050_562216,9155,300,2026-08-07T15:25:56.201,8,117.5,647.5,382.5,True,
run_20260807_152050_562216,9155,300,2026-08-07T15:25:56.201,9,95.5,669.5,382.5,True,
run_20260807_152050_562216,9155,300,2026-08-07T15:25:56.201,10,73.5,691.0,382.25,True,
run_20260807_152050_562216,9155,300,2026-08-07T15:25:56.201,11,51.5,713.0,382.25,True,
run_20260807_152050_562216,9155,300,2026-08-07T15:25:56.201,12,30.0,734.0,382.0,True,
run_20260807_152050_562216,9186,301,2026-08-07T15:25:57.232,0,312.5,470.0,391.25,True,
run_20260807_152050_562216,9186,301,2026-08-07T15:25:57.232,1,272.6363636363636,492.5,382.5681818181818,True,
run_20260807_152050_562216,9186,301,2026-08-07T15:25:57.232,2,250.5,514.5,382.5,True,
run_20260807_152050_562216,9186,301,2026-08-07T15:25:57.232,3,228.5,536.5,382.5,True,
run_20260807_152050_562216,9186,301,2026-08-07T15:25:57.232,4,206.5,559.0,382.75,True,
run_20260807_152050_562216,9186,301,2026-08-07T15:25:57.232,5,184.5,581.5,383.0,True,
run_20260807_152050_562216,9186,301,2026-08-07T15:25:57.232,6,161.5,603.5,382.5,True,
run_20260807_152050_562216,9186,301,2026-08-07T15:25:57.232,7,139.5,625.5,382.5,True,
run_20260807_152050_562216,9186,301,2026-08-07T15:25:57.232,8,117.5,647.5,382.5,True,
run_20260807_152050_562216,9186,301,2026-08-07T15:25:57.232,9,95.5,669.5,382.5,True,
run_20260807_152050_562216,9186,301,2026-08-07T15:25:57.232,10,73.5,691.0,382.25,True,
run_20260807_152050_562216,9186,301,2026-08-07T15:25:57.232,11,51.5,713.0,382.25,True,
run_20260807_152050_562216,9186,301,2026-08-07T15:25:57.232,12,30.0,734.0,382.0,True,
run_20260807_152050_562216,9216,302,2026-08-07T15:25:58.233,0,312.5,470.0,391.25,True,
run_20260807_152050_562216,9216,302,2026-08-07T15:25:58.233,1,272.6363636363636,492.5,382.5681818181818,True,
run_20260807_152050_562216,9216,302,2026-08-07T15:25:58.233,2,250.5,514.5,382.5,True,
run_20260807_152050_562216,9216,302,2026-08-07T15:25:58.233,3,228.5,536.5,382.5,True,
run_20260807_152050_562216,9216,302,2026-08-07T15:25:58.233,4,206.5,559.0,382.75,True,
run_20260807_152050_562216,9216,302,2026-08-07T15:25:58.233,5,184.0,581.5,382.75,True,
run_20260807_152050_562216,9216,302,2026-08-07T15:25:58.233,6,161.5,603.5,382.5,True,
run_20260807_152050_562216,9216,302,2026-08-07T15:25:58.233,7,139.5,625.5,382.5,True,
run_20260807_152050_562216,9216,302,2026-08-07T15:25:58.233,8,117.5,647.5,382.5,True,
run_20260807_152050_562216,9216,302,2026-08-07T15:25:58.233,9,95.5,669.5,382.5,True,
run_20260807_152050_562216,9216,302,2026-08-07T15:25:58.233,10,73.5,691.0,382.25,True,
run_20260807_152050_562216,9216,302,2026-08-07T15:25:58.233,11,51.5,713.0,382.25,True,
run_20260807_152050_562216,9216,302,2026-08-07T15:25:58.233,12,29.5,734.0,381.75,True,
run_20260807_152050_562216,9247,303,2026-08-07T15:25:59.266,0,312.5,470.0,391.25,True,
run_20260807_152050_562216,9247,303,2026-08-07T15:25:59.266,1,272.6363636363636,492.5,382.5681818181818,True,
run_20260807_152050_562216,9247,303,2026-08-07T15:25:59.266,2,250.5,514.5,382.5,True,
run_20260807_152050_562216,9247,303,2026-08-07T15:25:59.266,3,228.5,536.5,382.5,True,
run_20260807_152050_562216,9247,303,2026-08-07T15:25:59.266,4,206.5,559.0,382.75,True,
run_20260807_152050_562216,9247,303,2026-08-07T15:25:59.266,5,184.0,581.5,382.75,True,
run_20260807_152050_562216,9247,303,2026-08-07T15:25:59.266,6,161.5,603.5,382.5,True,
run_20260807_152050_562216,9247,303,2026-08-07T15:25:59.266,7,139.5,625.5,382.5,True,
run_20260807_152050_562216,9247,303,2026-08-07T15:25:59.266,8,117.5,647.5,382.5,True,
run_20260807_152050_562216,9247,303,2026-08-07T15:25:59.266,9,95.5,669.5,382.5,True,
run_20260807_152050_562216,9247,303,2026-08-07T15:25:59.266,10,73.5,691.0,382.25,True,
run_20260807_152050_562216,9247,303,2026-08-07T15:25:59.266,11,51.5,713.0,382.25,True,
run_20260807_152050_562216,9247,303,2026-08-07T15:25:59.266,12,29.5,734.0,381.75,True,
run_20260807_152050_562216,9277,304,2026-08-07T15:26:00.267,0,312.5,470.0,391.25,True,
run_20260807_152050_562216,9277,304,2026-08-07T15:26:00.267,1,272.6363636363636,492.5,382.5681818181818,True,
run_20260807_152050_562216,9277,304,2026-08-07T15:26:00.267,2,250.5,514.5,382.5,True,
run_20260807_152050_562216,9277,304,2026-08-07T15:26:00.267,3,228.5,536.5,382.5,True,
run_20260807_152050_562216,9277,304,2026-08-07T15:26:00.267,4,206.5,559.0,382.75,True,
run_20260807_152050_562216,9277,304,2026-08-07T15:26:00.267,5,184.0,581.5,382.75,True,
run_20260807_152050_562216,9277,304,2026-08-07T15:26:00.267,6,161.5,603.5,382.5,True,
run_20260807_152050_562216,9277,304,2026-08-07T15:26:00.267,7,139.5,625.5,382.5,True,
run_20260807_152050_562216,9277,304,2026-08-07T15:26:00.267,8,117.5,647.5,382.5,True,
run_20260807_152050_562216,9277,304,2026-08-07T15:26:00.267,9,95.5,669.5,382.5,True,
run_20260807_152050_562216,9277,304,2026-08-07T15:26:00.267,10,73.5,691.0,382.25,True,
run_20260807_152050_562216,9277,304,2026-08-07T15:26:00.267,11,51.5,713.0,382.25,True,
run_20260807_152050_562216,9277,304,2026-08-07T15:26:00.267,12,30.0,734.0,382.0,True,
