run_id,frame_id,measurement_index,datetime,status,failure_reason,warning_text,capture_ms,binary_ms,measurement_ms,total_processing_ms,record_mode,logger_mode,image_width,image_height,axis_y,axis_half_height,tick_band_y1,tick_band_y2,logo_x1,logo_x2,logo_source,candidate_count,left_candidate_count,right_candidate_count,valid_tick_count,invalid_tick_count,left_reference_x,right_reference_x,reference_midpoint_x,reference_span_px,inner_center_x,all_pairs_center_x,pair_center_std_px,left_pitch_px_per_div,right_pitch_px_per_div,global_pitch_px_per_div,left_gap_mean_px,left_gap_std_px,left_gap_cv,right_gap_mean_px,right_gap_std_px,right_gap_cv,all_gap_mean_px,all_gap_std_px,left_right_gap_abs_diff_mean_px,left_right_gap_abs_diff_max_px,axis_centroid_offset_mean_px,axis_centroid_offset_std_px,camera_ae_enable,camera_awb_enable,camera_awb_mode,camera_frame_duration_limits,camera_exposure_time,camera_analogue_gain,camera_brightness,camera_contrast,camera_lens_position,camera_settings_json
run_20261002_072510_851363,1,1,2026-10-02T07:25:11.386,PASS,,,232.83201199956238,5.304001999320462,10.715096999774687,249.70517899782863,interval,append-only,740,160,80,2,30,125,304,441,provided,26,13,13,26,0,181.5,559.5,370.5,378.0,370.5,370.6286982248521,0.12077747856183497,18.0,18.0,18.0,18.041666666666668,0.10110134804863681,0.005603769868746613,18.041666666666668,0.24650332429581734,0.013663001808544148,18.041666666666668,0.18839502576519968,0.16666666666666666,0.5,-0.02032364751638701,0.3103643758419799,False,True,Indoor,"[33333, 33333]",13000,4.8,0.0,0.8,12.0,"{""AeEnable"": false, ""AwbEnable"": true, ""AwbMode"": ""Indoor"", ""FrameDurationLimits"": [33333, 33333], ""ExposureTime"": 13000, ""AnalogueGain"": 4.8, ""Brightness"": 0.0, ""Contrast"": 0.8, ""LensPosition"": 12.0}"
run_20261002_072510_851363,27,2,2026-10-02T07:25:12.411,PASS,,,13.457855999149615,5.368111997086089,3.9601780008524656,22.809609999967506,interval,append-only,740,160,80,2,30,125,304,441,provided,26,13,13,26,0,181.5,559.5,370.5,378.0,370.5,370.6286982248521,0.12077747856183497,18.0,18.0,18.0,18.041666666666668,0.10110134804863681,0.005603769868746613,18.041666666666668,0.24650332429581734,0.013663001808544148,18.041666666666668,0.18839502576519968,0.16666666666666666,0.5,-0.020113308487583373,0.31000106946269007,False,True,Indoor,"[33333, 33333]",13000,4.8,0.0,0.8,12.0,"{""AeEnable"": false, ""AwbEnable"": true, ""AwbMode"": ""Indoor"", ""FrameDurationLimits"": [33333, 33333], ""ExposureTime"": 13000, ""AnalogueGain"": 4.8, ""Brightness"": 0.0, ""Contrast"": 0.8, ""LensPosition"": 12.0}"
run_20261002_072510_851363,53,3,2026-10-02T07:25:13.412,PASS,,,20.448829000088153,5.5152779968921095,4.584804002661258,31.23886899993522,interval,append-only,740,160,80,2,30,125,304,441,provided,26,13,13,26,0,181.5,559.5,370.5,378.0,370.5,370.6286982248521,0.12077747856183497,18.0,18.0,18.0,18.041666666666668,0.10110134804863681,0.005603769868746613,18.041666666666668,0.24650332429581734,0.013663001808544148,18.041666666666668,0.18839502576519968,0.16666666666666666,0.5,-0.01779561736121429,0.31459324507556535,False,True,Indoor,"[33333, 33333]",13000,4.8,0.0,0.8,12.0,"{""AeEnable"": false, ""AwbEnable"": true, ""AwbMode"": ""Indoor"", ""FrameDurationLimits"": [33333, 33333], ""ExposureTime"": 13000, ""AnalogueGain"": 4.8, ""Brightness"": 0.0, ""Contrast"": 0.8, ""LensPosition"": 12.0}"
run_20261002_072510_851363,79,4,2026-10-02T07:25:14.445,PASS,,,18.810988000041107,5.5465750010625925,4.013899997517001,28.39340600257856,interval,append-only,740,160,80,2,30,125,304,441,provided,26,13,13,26,0,181.5,559.5,370.5,378.0,370.5,370.63461538461536,0.12462962881553578,18.0,18.0,18.0,18.041666666666668,0.13819269959814168,0.007659641548164896,18.041666666666668,0.24650332429581734,0.013663001808544148,18.041666666666668,0.19982631347136331,0.16666666666666666,0.5,-0.016035488071521577,0.31414699446575645,False,True,Indoor,"[33333, 33333]",13000,4.8,0.0,0.8,12.0,"{""AeEnable"": false, ""AwbEnable"": true, ""AwbMode"": ""Indoor"", ""FrameDurationLimits"": [33333, 33333], ""ExposureTime"": 13000, ""AnalogueGain"": 4.8, ""Brightness"": 0.0, ""Contrast"": 0.8, ""LensPosition"": 12.0}"
run_20261002_072510_851363,105,5,2026-10-02T07:25:15.486,PASS,,,5.193336000957061,5.8570359979057685,6.990601999859791,18.0935110001883,interval,append-only,740,160,80,2,30,125,304,441,provided,26,13,13,26,0,181.5,559.5,370.5,378.0,370.5,370.61538461538464,0.12462962881553578,18.0,18.0,18.0,18.041666666666668,0.13819269959814168,0.007659641548164896,18.041666666666668,0.24650332429581734,0.013663001808544148,18.041666666666668,0.19982631347136331,0.16666666666666666,0.5,-0.027377221982415715,0.296998829889372,False,True,Indoor,"[33333, 33333]",13000,4.8,0.0,0.8,12.0,"{""AeEnable"": false, ""AwbEnable"": true, ""AwbMode"": ""Indoor"", ""FrameDurationLimits"": [33333, 33333], ""ExposureTime"": 13000, ""AnalogueGain"": 4.8, ""Brightness"": 0.0, ""Contrast"": 0.8, ""LensPosition"": 12.0}"
run_20261002_072510_851363,132,6,2026-10-02T07:25:16.512,PASS,,,21.37423000021954,5.506186000275193,3.9832139991631266,31.508588999713538,interval,append-only,740,160,80,2,30,125,304,441,provided,26,13,13,26,0,181.5,559.5,370.5,378.0,370.5,370.61538461538464,0.12462962881553578,18.0,18.0,18.0,18.041666666666668,0.13819269959814168,0.007659641548164896,18.041666666666668,0.24650332429581734,0.013663001808544148,18.041666666666668,0.19982631347136331,0.16666666666666666,0.5,-0.029274843423343973,0.298872661784261,False,True,Indoor,"[33333, 33333]",13000,4.8,0.0,0.8,12.0,"{""AeEnable"": false, ""AwbEnable"": true, ""AwbMode"": ""Indoor"", ""FrameDurationLimits"": [33333, 33333], ""ExposureTime"": 13000, ""AnalogueGain"": 4.8, ""Brightness"": 0.0, ""Contrast"": 0.8, ""LensPosition"": 12.0}"
run_20261002_072510_851363,162,7,2026-10-02T07:25:17.543,PASS,,,18.960301000333857,5.22391000049538,4.000955999799771,28.206537001096876,interval,append-only,740,160,80,2,30,125,304,441,provided,26,13,13,26,0,181.5,559.578947368421,370.5394736842105,378.07894736842104,370.5,370.61842105263156,0.12223938606191723,18.0,18.0,18.0,18.041666666666668,0.13819269959814168,0.007659641548164896,18.041666666666668,0.23499728229046274,0.013025253521873222,18.041666666666668,0.1927705175929733,0.16666666666666666,0.5,-0.024194199752694948,0.3008842441308865,False,True,Indoor,"[33333, 33333]",13000,4.8,0.0,0.8,12.0,"{""AeEnable"": false, ""AwbEnable"": true, ""AwbMode"": ""Indoor"", ""FrameDurationLimits"": [33333, 33333], ""ExposureTime"": 13000, ""AnalogueGain"": 4.8, ""Brightness"": 0.0, ""Contrast"": 0.8, ""LensPosition"": 12.0}"
run_20261002_072510_851363,190,8,2026-10-02T07:25:18.550,PASS,,,7.234210999740753,5.489371000294341,4.492823001783108,17.240664001292316,interval,append-only,740,160,80,2,30,125,304,441,provided,26,13,13,26,0,181.5,559.5,370.5,378.0,370.5,370.61538461538464,0.12462962881553578,18.0,18.0,18.0,18.041666666666668,0.13819269959814168,0.007659641548164896,18.041666666666668,0.24650332429581734,0.013663001808544148,18.041666666666668,0.19982631347136331,0.16666666666666666,0.5,-0.027074417746368668,0.29788577665190347,False,True,Indoor,"[33333, 33333]",13000,4.8,0.0,0.8,12.0,"{""AeEnable"": false, ""AwbEnable"": true, ""AwbMode"": ""Indoor"", ""FrameDurationLimits"": [33333, 33333], ""ExposureTime"": 13000, ""AnalogueGain"": 4.8, ""Brightness"": 0.0, ""Contrast"": 0.8, ""LensPosition"": 12.0}"
run_20261002_072510_851363,221,9,2026-10-02T07:25:19.609,PASS,,,6.969027999730315,7.5775990007969085,4.966894000972388,19.549741002265364,interval,append-only,740,160,80,2,30,125,304,441,provided,26,13,13,26,0,181.5,559.5,370.5,378.0,370.5,370.61538461538464,0.12462962881553578,18.0,18.0,18.0,18.041666666666668,0.13819269959814168,0.007659641548164896,18.041666666666668,0.24650332429581734,0.013663001808544148,18.041666666666668,0.19982631347136331,0.16666666666666666,0.5,-0.029596296402942264,0.29623880784580603,False,True,Indoor,"[33333, 33333]",13000,4.8,0.0,0.8,12.0,"{""AeEnable"": false, ""AwbEnable"": true, ""AwbMode"": ""Indoor"", ""FrameDurationLimits"": [33333, 33333], ""ExposureTime"": 13000, ""AnalogueGain"": 4.8, ""Brightness"": 0.0, ""Contrast"": 0.8, ""LensPosition"": 12.0}"
run_20261002_072510_851363,252,10,2026-10-02T07:25:20.610,PASS,,,16.762093000579625,5.306038998242002,4.293656998925144,26.38595600001281,interval,append-only,740,160,80,2,30,125,304,441,provided,26,13,13,26,0,181.5,559.5,370.5,378.0,370.5,370.61538461538464,0.12462962881553578,18.0,18.0,18.0,18.041666666666668,0.13819269959814168,0.007659641548164896,18.041666666666668,0.24650332429581734,0.013663001808544148,18.041666666666668,0.19982631347136331,0.16666666666666666,0.5,-0.025877573122147515,0.2962486356678866,False,True,Indoor,"[33333, 33333]",13000,4.8,0.0,0.8,12.0,"{""AeEnable"": false, ""AwbEnable"": true, ""AwbMode"": ""Indoor"", ""FrameDurationLimits"": [33333, 33333], ""ExposureTime"": 13000, ""AnalogueGain"": 4.8, ""Brightness"": 0.0, ""Contrast"": 0.8, ""LensPosition"": 12.0}"
run_20261002_072510_851363,282,11,2026-10-02T07:25:21.627,PASS,,,5.831960999785224,5.758090999734122,4.7229320007318165,16.348688001016853,interval,append-only,740,160,80,2,30,125,304,441,provided,26,13,13,26,0,181.5,559.5,370.5,378.0,370.5,370.61538461538464,0.12462962881553578,18.0,18.0,18.0,18.041666666666668,0.13819269959814168,0.007659641548164896,18.041666666666668,0.24650332429581734,0.013663001808544148,18.041666666666668,0.19982631347136331,0.16666666666666666,0.5,-0.030487463030305244,0.29725942468464034,False,True,Indoor,"[33333, 33333]",13000,4.8,0.0,0.8,12.0,"{""AeEnable"": false, ""AwbEnable"": true, ""AwbMode"": ""Indoor"", ""FrameDurationLimits"": [33333, 33333], ""ExposureTime"": 13000, ""AnalogueGain"": 4.8, ""Brightness"": 0.0, ""Contrast"": 0.8, ""LensPosition"": 12.0}"
run_20261002_072510_851363,313,12,2026-10-02T07:25:22.670,PASS,,,6.1467740015359595,6.8924909974157345,5.534037998586427,18.607989000884118,interval,append-only,740,160,80,2,30,125,304,441,provided,26,13,13,26,0,181.5,559.5,370.5,378.0,370.5,370.61538461538464,0.12462962881553578,18.0,18.0,18.0,18.041666666666668,0.13819269959814168,0.007659641548164896,18.041666666666668,0.24650332429581734,0.013663001808544148,18.041666666666668,0.19982631347136331,0.16666666666666666,0.5,-0.02971379665460898,0.29677270711718123,False,True,Indoor,"[33333, 33333]",13000,4.8,0.0,0.8,12.0,"{""AeEnable"": false, ""AwbEnable"": true, ""AwbMode"": ""Indoor"", ""FrameDurationLimits"": [33333, 33333], ""ExposureTime"": 13000, ""AnalogueGain"": 4.8, ""Brightness"": 0.0, ""Contrast"": 0.8, ""LensPosition"": 12.0}"
run_20261002_072510_851363,344,13,2026-10-02T07:25:23.676,PASS,,,20.320939998782706,5.1932620008301456,4.016399001557147,29.552046002208954,interval,append-only,740,160,80,2,30,125,304,441,provided,26,13,13,26,0,181.5,560.0,370.75,378.5,370.5,370.6442307692308,0.11854642313401881,18.0,18.0,18.0,18.041666666666668,0.09316949906249125,0.005164129278290508,18.041666666666668,0.24650332429581734,0.013663001808544148,18.041666666666668,0.1863389981249825,0.16666666666666666,0.5,-0.01728374949555554,0.3341660855614808,False,True,Indoor,"[33333, 33333]",13000,4.8,0.0,0.8,12.0,"{""AeEnable"": false, ""AwbEnable"": true, ""AwbMode"": ""Indoor"", ""FrameDurationLimits"": [33333, 33333], ""ExposureTime"": 13000, ""AnalogueGain"": 4.8, ""Brightness"": 0.0, ""Contrast"": 0.8, ""LensPosition"": 12.0}"
run_20261002_072510_851363,374,14,2026-10-02T07:25:24.686,PASS,,,5.406631000369089,5.5004819987516385,4.706172996520763,15.648988999600988,interval,append-only,740,160,80,2,30,125,304,441,provided,26,13,13,26,0,181.5,559.5,370.5,378.0,370.25,370.46153846153845,0.13323467750529824,18.0,18.0,18.0,18.0,0.0,0.0,18.041666666666668,0.24650332429581734,0.013663001808544148,18.020833333333332,0.17554478694117415,0.125,0.5,-0.000268395121026926,0.27716483339336034,False,True,Indoor,"[33333, 33333]",13000,4.8,0.0,0.8,12.0,"{""AeEnable"": false, ""AwbEnable"": true, ""AwbMode"": ""Indoor"", ""FrameDurationLimits"": [33333, 33333], ""ExposureTime"": 13000, ""AnalogueGain"": 4.8, ""Brightness"": 0.0, ""Contrast"": 0.8, ""LensPosition"": 12.0}"
run_20261002_072510_851363,404,15,2026-10-02T07:25:25.731,PASS,,,5.616017999273026,5.795608998596435,5.201577001571422,16.64355700268061,interval,append-only,740,160,80,2,30,125,304,441,provided,26,13,13,26,0,181.0,559.5,370.25,378.5,370.25,370.2692307692308,0.11854642313401877,18.0,18.0,18.0,18.0,0.2041241452319315,0.011340230290662862,18.0,0.28867513459481287,0.016037507477489603,18.0,0.25,0.16666666666666666,1.0,0.0376959809968861,0.30322793311248386,False,True,Indoor,"[33333, 33333]",13000,4.8,0.0,0.8,12.0,"{""AeEnable"": false, ""AwbEnable"": true, ""AwbMode"": ""Indoor"", ""FrameDurationLimits"": [33333, 33333], ""ExposureTime"": 13000, ""AnalogueGain"": 4.8, ""Brightness"": 0.0, ""Contrast"": 0.8, ""LensPosition"": 12.0}"
run_20261002_072510_851363,435,16,2026-10-02T07:25:26.743,PASS,,,20.500697999523254,5.148669999471167,4.063658998347819,29.735450996668078,interval,append-only,740,160,80,2,30,125,304,441,provided,26,13,13,26,0,181.0,559.5,370.25,378.5,370.25,370.3076923076923,0.10533126105868579,18.0,18.0,18.0,18.0,0.2041241452319315,0.011340230290662862,18.0,0.2041241452319315,0.011340230290662862,18.0,0.2041241452319315,0.16666666666666666,0.5,0.011833086595599477,0.26555616302742585,False,True,Indoor,"[33333, 33333]",13000,4.8,0.0,0.8,12.0,"{""AeEnable"": false, ""AwbEnable"": true, ""AwbMode"": ""Indoor"", ""FrameDurationLimits"": [33333, 33333], ""ExposureTime"": 13000, ""AnalogueGain"": 4.8, ""Brightness"": 0.0, ""Contrast"": 0.8, ""LensPosition"": 12.0}"
run_20261002_072510_851363,465,17,2026-10-02T07:25:27.746,PASS,,,14.763032002520049,5.331186999683268,4.115140000067186,24.244395001005614,interval,append-only,740,160,80,2,30,125,304,441,provided,26,13,13,26,0,181.0,559.5,370.25,378.5,370.25,370.2692307692308,0.11854642313401878,18.0,18.0,18.0,18.0,0.28867513459481287,0.016037507477489603,18.0,0.28867513459481287,0.016037507477489603,18.0,0.28867513459481287,0.25,1.0,0.042521060359632656,0.3098429339249648,False,True,Indoor,"[33333, 33333]",13000,4.8,0.0,0.8,12.0,"{""AeEnable"": false, ""AwbEnable"": true, ""AwbMode"": ""Indoor"", ""FrameDurationLimits"": [33333, 33333], ""ExposureTime"": 13000, ""AnalogueGain"": 4.8, ""Brightness"": 0.0, ""Contrast"": 0.8, ""LensPosition"": 12.0}"
run_20261002_072510_851363,496,18,2026-10-02T07:25:28.796,FAIL,Left long reference tick was not found.,,5.627629001537571,5.828276000102051,5.119354998896597,16.602667998085963,interval,append-only,740,160,80,2,30,125,304,441,provided,26,13,13,26,0,,559.5,,,369.75,370.0796703296703,0.18326461626547091,18.0,18.0,18.0,17.958333333333332,0.24822213645229801,0.0138221143268101,18.041666666666668,0.3200477394945253,0.017739366623253133,18.0,0.28941061383674327,0.3452380952380949,0.5714285714285694,-0.004592842918577516,0.28381550466872335,False,True,Indoor,"[33333, 33333]",13000,4.8,0.0,0.8,12.0,"{""AeEnable"": false, ""AwbEnable"": true, ""AwbMode"": ""Indoor"", ""FrameDurationLimits"": [33333, 33333], ""ExposureTime"": 13000, ""AnalogueGain"": 4.8, ""Brightness"": 0.0, ""Contrast"": 0.8, ""LensPosition"": 12.0}"
run_20261002_072510_851363,527,19,2026-10-02T07:25:29.809,FAIL,Left long reference tick was not found.,,19.865925001795404,5.072503001429141,3.998937001597369,28.960512001503957,interval,append-only,740,160,80,2,30,125,304,441,provided,26,13,13,26,0,,559.5,,,370.25,370.2692307692308,0.06661733875264912,18.0,18.0,18.0,18.0,0.2041241452319315,0.011340230290662862,18.0,0.2041241452319315,0.011340230290662862,18.0,0.2041241452319315,0.08333333333333333,0.5,0.07254421675805062,0.25631975220656344,False,True,Indoor,"[33333, 33333]",13000,4.8,0.0,0.8,12.0,"{""AeEnable"": false, ""AwbEnable"": true, ""AwbMode"": ""Indoor"", ""FrameDurationLimits"": [33333, 33333], ""ExposureTime"": 13000, ""AnalogueGain"": 4.8, ""Brightness"": 0.0, ""Contrast"": 0.8, ""LensPosition"": 12.0}"
run_20261002_072510_851363,557,20,2026-10-02T07:25:30.816,PASS,,,9.14284700047574,7.024990998615976,4.933633998007281,21.139508000487695,interval,append-only,740,160,80,2,30,125,304,441,provided,26,13,13,26,0,181.0,559.5,370.25,378.5,370.25,370.28846153846155,0.09020030307352749,18.0,18.0,18.0,18.0,0.2041241452319315,0.011340230290662862,18.0,0.2041241452319315,0.011340230290662862,18.0,0.2041241452319315,0.08333333333333333,0.5,0.0564097533997319,0.26043416877128184,False,True,Indoor,"[33333, 33333]",13000,4.8,0.0,0.8,12.0,"{""AeEnable"": false, ""AwbEnable"": true, ""AwbMode"": ""Indoor"", ""FrameDurationLimits"": [33333, 33333], ""ExposureTime"": 13000, ""AnalogueGain"": 4.8, ""Brightness"": 0.0, ""Contrast"": 0.8, ""LensPosition"": 12.0}"
run_20261002_072510_851363,588,21,2026-10-02T07:25:31.845,PASS,,,16.654647999530425,5.216984001890523,4.363934000139125,26.899063002929324,interval,append-only,740,160,80,2,30,125,304,441,provided,26,13,13,26,0,181.0,559.5,370.25,378.5,370.25,370.28846153846155,0.09020030307352749,18.0,18.0,18.0,18.0,0.2041241452319315,0.011340230290662862,18.0,0.2041241452319315,0.011340230290662862,18.0,0.2041241452319315,0.08333333333333333,0.5,0.06647514621698693,0.2567060954632062,False,True,Indoor,"[33333, 33333]",13000,4.8,0.0,0.8,12.0,"{""AeEnable"": false, ""AwbEnable"": true, ""AwbMode"": ""Indoor"", ""FrameDurationLimits"": [33333, 33333], ""ExposureTime"": 13000, ""AnalogueGain"": 4.8, ""Brightness"": 0.0, ""Contrast"": 0.8, ""LensPosition"": 12.0}"
run_20261002_072510_851363,619,22,2026-10-02T07:25:32.877,FAIL,Left long reference tick was not found.,,19.66266599993105,5.4786670007160865,3.912919000867987,29.72432100068545,interval,append-only,740,160,80,2,30,125,304,441,provided,26,13,13,26,0,,559.5,,,370.25,370.2692307692308,0.11854642313401877,18.0,18.0,18.0,18.0,0.28867513459481287,0.016037507477489603,18.0,0.2041241452319315,0.011340230290662862,18.0,0.25,0.16666666666666666,0.5,0.056207682795996576,0.2676612041991039,False,True,Indoor,"[33333, 33333]",13000,4.8,0.0,0.8,12.0,"{""AeEnable"": false, ""AwbEnable"": true, ""AwbMode"": ""Indoor"", ""FrameDurationLimits"": [33333, 33333], ""ExposureTime"": 13000, ""AnalogueGain"": 4.8, ""Brightness"": 0.0, ""Contrast"": 0.8, ""LensPosition"": 12.0}"
run_20261002_072510_851363,649,23,2026-10-02T07:25:33.882,FAIL,Left long reference tick was not found.,,17.747605001204647,5.630462997942232,4.632729000149993,28.037092000886332,interval,append-only,740,160,80,2,30,125,304,441,provided,26,13,13,26,0,,559.5,,,370.25,370.3076923076923,0.10533126105868579,18.0,18.0,18.0,18.0,0.2041241452319315,0.011340230290662862,18.041666666666668,0.24650332429581734,0.013663001808544148,18.020833333333332,0.22726483572157738,0.125,0.5,0.05610649636944159,0.24720944305143486,False,True,Indoor,"[33333, 33333]",13000,4.8,0.0,0.8,12.0,"{""AeEnable"": false, ""AwbEnable"": true, ""AwbMode"": ""Indoor"", ""FrameDurationLimits"": [33333, 33333], ""ExposureTime"": 13000, ""AnalogueGain"": 4.8, ""Brightness"": 0.0, ""Contrast"": 0.8, ""LensPosition"": 12.0}"
run_20261002_072510_851363,680,24,2026-10-02T07:25:34.922,PASS,,,5.268390999844996,5.724776998249581,4.7138209993136115,15.743043000838952,interval,append-only,740,160,80,2,30,125,304,441,provided,26,13,13,26,0,181.0,559.5,370.25,378.5,370.25,370.3076923076923,0.10533126105868579,18.0,18.0,18.0,18.0,0.2041241452319315,0.011340230290662862,18.041666666666668,0.24650332429581734,0.013663001808544148,18.020833333333332,0.22726483572157738,0.125,0.5,0.03877910951989568,0.24001626844966922,False,True,Indoor,"[33333, 33333]",13000,4.8,0.0,0.8,12.0,"{""AeEnable"": false, ""AwbEnable"": true, ""AwbMode"": ""Indoor"", ""FrameDurationLimits"": [33333, 33333], ""ExposureTime"": 13000, ""AnalogueGain"": 4.8, ""Brightness"": 0.0, ""Contrast"": 0.8, ""LensPosition"": 12.0}"
run_20261002_072510_851363,711,25,2026-10-02T07:25:35.944,FAIL,Left long reference tick was not found.,,20.541179001156706,5.248427998594707,3.954750998673262,30.37640899856342,interval,append-only,740,160,80,2,30,125,304,441,provided,26,13,13,26,0,,559.0,,,369.75,370.0443786982248,0.16532347421240867,18.0,18.0,18.0,17.958333333333332,0.22778970399014584,0.012684345465808586,18.041666666666668,0.2465033242958173,0.013663001808544146,18.0,0.24096084781041646,0.16666666666666666,0.5,-0.0075839888796484555,0.259227182686488,False,True,Indoor,"[33333, 33333]",13000,4.8,0.0,0.8,12.0,"{""AeEnable"": false, ""AwbEnable"": true, ""AwbMode"": ""Indoor"", ""FrameDurationLimits"": [33333, 33333], ""ExposureTime"": 13000, ""AnalogueGain"": 4.8, ""Brightness"": 0.0, ""Contrast"": 0.8, ""LensPosition"": 12.0}"
run_20261002_072510_851363,741,26,2026-10-02T07:25:36.944,PASS,,,13.947759998700349,5.093726002087351,4.046825000841636,23.114476000046125,interval,append-only,740,160,80,2,30,125,304,441,provided,26,13,13,26,0,181.0,559.0,370.0,378.0,369.75,369.90428321678326,0.17245110066733468,18.0,18.0,18.0,17.958333333333332,0.21139282409526436,0.011771294149156253,18.041666666666668,0.2465033242958173,0.013663001808544146,18.0,0.23336991793082767,0.25,0.5,-0.06520612807988777,0.2917580981769783,False,True,Indoor,"[33333, 33333]",13000,4.8,0.0,0.8,12.0,"{""AeEnable"": false, ""AwbEnable"": true, ""AwbMode"": ""Indoor"", ""FrameDurationLimits"": [33333, 33333], ""ExposureTime"": 13000, ""AnalogueGain"": 4.8, ""Brightness"": 0.0, ""Contrast"": 0.8, ""LensPosition"": 12.0}"
run_20261002_072510_851363,771,27,2026-10-02T07:25:37.957,PASS,,,5.663906998961465,6.050218999007484,5.16400200285716,16.91729499725625,interval,append-only,740,160,80,2,30,125,304,441,provided,26,13,13,26,0,181.0,559.5,370.25,378.5,369.75,369.972027972028,0.1891346620461333,18.0,18.0,18.0,17.958333333333332,0.21032109563487542,0.0117116155341926,18.041666666666668,0.37960139913101243,0.021040262307492605,18.0,0.30968080963590466,0.3560606060606067,0.863636363636374,-0.0584904470880649,0.32182801622613855,False,True,Indoor,"[33333, 33333]",13000,4.8,0.0,0.8,12.0,"{""AeEnable"": false, ""AwbEnable"": true, ""AwbMode"": ""Indoor"", ""FrameDurationLimits"": [33333, 33333], ""ExposureTime"": 13000, ""AnalogueGain"": 4.8, ""Brightness"": 0.0, ""Contrast"": 0.8, ""LensPosition"": 12.0}"
run_20261002_072510_851363,802,28,2026-10-02T07:25:38.976,PASS,,,19.20868700108258,5.189464998693438,3.927418998500798,28.3473489980679,interval,append-only,740,160,80,2,30,125,304,441,provided,26,13,13,26,0,181.0,559.5,370.25,378.5,369.75,370.09453046953047,0.1804350059176086,18.0,18.0,18.0,17.958333333333332,0.27557532102316085,0.015345261495489235,18.041666666666668,0.24650332429581734,0.013663001808544148,18.0,0.2647431478510155,0.23917748917749057,0.5,-0.00432874297913945,0.3158100962458072,False,True,Indoor,"[33333, 33333]",13000,4.8,0.0,0.8,12.0,"{""AeEnable"": false, ""AwbEnable"": true, ""AwbMode"": ""Indoor"", ""FrameDurationLimits"": [33333, 33333], ""ExposureTime"": 13000, ""AnalogueGain"": 4.8, ""Brightness"": 0.0, ""Contrast"": 0.8, ""LensPosition"": 12.0}"
run_20261002_072510_851363,832,29,2026-10-02T07:25:39.981,FAIL,Left long reference tick was not found.,,17.238274002011167,5.949015998339746,4.097361001186073,27.30833700115909,interval,append-only,740,160,80,2,30,125,304,441,provided,26,13,13,26,0,,559.5,,,369.75,370.10851648351644,0.18484336394510217,18.0,18.0,18.0,17.958333333333332,0.26278261969814426,0.01463290689734446,18.041666666666668,0.24650332429581734,0.013663001808544148,18.0,0.25815771955001715,0.2202380952380949,0.5,-0.006847080731890724,0.29424324259799606,False,True,Indoor,"[33333, 33333]",13000,4.8,0.0,0.8,12.0,"{""AeEnable"": false, ""AwbEnable"": true, ""AwbMode"": ""Indoor"", ""FrameDurationLimits"": [33333, 33333], ""ExposureTime"": 13000, ""AnalogueGain"": 4.8, ""Brightness"": 0.0, ""Contrast"": 0.8, ""LensPosition"": 12.0}"
run_20261002_072510_851363,861,30,2026-10-02T07:25:40.985,PASS,,,5.086892000690568,5.558352000662126,4.715134997240966,15.39528599823825,interval,append-only,740,160,80,2,30,125,304,441,provided,26,13,13,26,0,180.92857142857142,559.0,369.9642857142857,378.07142857142856,369.75,369.83475274725276,0.13768560931936807,18.0,18.0,18.0,17.96875,0.21654132788840258,0.012050995639006752,18.041666666666668,0.13819269959814168,0.007659641548164896,18.005208333333332,0.1852643908644937,0.15625,0.5,-0.09215109624776228,0.31746819690049466,False,True,Indoor,"[33333, 33333]",13000,4.8,0.0,0.8,12.0,"{""AeEnable"": false, ""AwbEnable"": true, ""AwbMode"": ""Indoor"", ""FrameDurationLimits"": [33333, 33333], ""ExposureTime"": 13000, ""AnalogueGain"": 4.8, ""Brightness"": 0.0, ""Contrast"": 0.8, ""LensPosition"": 12.0}"
run_20261002_072510_851363,892,31,2026-10-02T07:25:42.012,PASS,,,18.159416002163198,5.135594998137094,3.9361210001516156,27.253004001977388,interval,append-only,740,160,80,2,30,125,304,441,provided,26,13,13,26,0,181.0,559.0,370.0,378.0,369.75,369.88686313686316,0.16586011676637402,18.0,18.0,18.0,17.958333333333332,0.24415438100172582,0.013595603582462692,18.041666666666668,0.2465033242958173,0.013663001808544146,18.0,0.24884480391746883,0.25,0.6493506493506516,-0.08780449389459367,0.31190106305685505,False,True,Indoor,"[33333, 33333]",13000,4.8,0.0,0.8,12.0,"{""AeEnable"": false, ""AwbEnable"": true, ""AwbMode"": ""Indoor"", ""FrameDurationLimits"": [33333, 33333], ""ExposureTime"": 13000, ""AnalogueGain"": 4.8, ""Brightness"": 0.0, ""Contrast"": 0.8, ""LensPosition"": 12.0}"
run_20261002_072510_851363,922,32,2026-10-02T07:25:43.014,PASS,,,12.863285002822522,5.798738999146735,4.76324599731015,23.45856500323862,interval,append-only,740,160,80,2,30,125,304,441,provided,26,13,13,26,0,181.0,559.5,370.25,378.5,370.25,370.36813186813185,0.12243010964372127,18.0,18.0,18.0,18.0,0.26884737596752567,0.014935965331529204,18.0,0.2041241452319315,0.011340230290662862,18.0,0.23868973399718177,0.23809523809523606,0.5,0.01726438163518651,0.30554968108810027,False,True,Indoor,"[33333, 33333]",13000,4.8,0.0,0.8,12.0,"{""AeEnable"": false, ""AwbEnable"": true, ""AwbMode"": ""Indoor"", ""FrameDurationLimits"": [33333, 33333], ""ExposureTime"": 13000, ""AnalogueGain"": 4.8, ""Brightness"": 0.0, ""Contrast"": 0.8, ""LensPosition"": 12.0}"
run_20261002_072510_851363,953,33,2026-10-02T07:25:44.051,PASS,,,6.608271000004606,5.796460998681141,4.7136719986156095,17.15375600178959,interval,append-only,740,160,80,2,30,125,304,441,provided,26,13,13,26,0,181.0,559.5,370.25,378.5,370.25,370.36538461538464,0.12462962881553578,18.0,18.0,18.0,18.0,0.2041241452319315,0.011340230290662862,18.041666666666668,0.3200477394945253,0.017739366623253133,18.020833333333332,0.26922599965250177,0.20833333333333334,0.5,0.011411728828438602,0.3079521191349885,False,True,Indoor,"[33333, 33333]",13000,4.8,0.0,0.8,12.0,"{""AeEnable"": false, ""AwbEnable"": true, ""AwbMode"": ""Indoor"", ""FrameDurationLimits"": [33333, 33333], ""ExposureTime"": 13000, ""AnalogueGain"": 4.8, ""Brightness"": 0.0, ""Contrast"": 0.8, ""LensPosition"": 12.0}"
run_20261002_072510_851363,984,34,2026-10-02T07:25:45.079,PASS,,,20.02433000234305,5.624610999802826,4.076880002685357,30.351796998729696,interval,append-only,740,160,80,2,30,125,304,441,provided,26,13,13,26,0,181.07142857142858,559.5,370.2857142857143,378.42857142857144,370.25,370.36813186813185,0.12243010964372127,18.0,18.0,18.0,18.0,0.1749635530559363,0.009720197391996461,18.041666666666668,0.3200477394945253,0.017739366623253133,18.020833333333332,0.2587574694661669,0.20833333333333334,0.5,0.009962140994078302,0.29806821075624235,False,True,Indoor,"[33333, 33333]",13000,4.8,0.0,0.8,12.0,"{""AeEnable"": false, ""AwbEnable"": true, ""AwbMode"": ""Indoor"", ""FrameDurationLimits"": [33333, 33333], ""ExposureTime"": 13000, ""AnalogueGain"": 4.8, ""Brightness"": 0.0, ""Contrast"": 0.8, ""LensPosition"": 12.0}"
run_20261002_072510_851363,1015,35,2026-10-02T07:25:46.114,FAIL,Left long reference tick was not found.,,23.168733998318203,5.363742002373328,3.979955003160285,33.18379600023036,interval,append-only,740,160,80,2,30,125,304,441,provided,26,13,13,26,0,,559.5,,,370.25,370.29120879120876,0.08952841064176006,18.0,18.0,18.0,18.0,0.20619652471058134,0.011455362483921185,18.0,0.2041241452319315,0.011340230290662862,18.0,0.2051629516620728,0.09523809523809727,0.5,0.042430044030569894,0.2903414098878604,False,True,Indoor,"[33333, 33333]",13000,4.8,0.0,0.8,12.0,"{""AeEnable"": false, ""AwbEnable"": true, ""AwbMode"": ""Indoor"", ""FrameDurationLimits"": [33333, 33333], ""ExposureTime"": 13000, ""AnalogueGain"": 4.8, ""Brightness"": 0.0, ""Contrast"": 0.8, ""LensPosition"": 12.0}"
run_20261002_072510_851363,1046,36,2026-10-02T07:25:47.147,PASS,,,16.641296999296173,8.346796999830985,4.272823000064818,29.284582000400405,interval,append-only,740,160,80,2,30,125,304,441,provided,26,13,13,26,0,181.0,559.0,370.0,378.0,369.75,369.9519230769231,0.1665433468816228,18.0,18.0,18.0,17.958333333333332,0.1717960677340692,0.009566370361061859,18.041666666666668,0.2465033242958173,0.013663001808544146,18.0,0.21650635094610965,0.20833333333333334,0.5,-0.04133546501325414,0.26437026447159523,False,True,Indoor,"[33333, 33333]",13000,4.8,0.0,0.8,12.0,"{""AeEnable"": false, ""AwbEnable"": true, ""AwbMode"": ""Indoor"", ""FrameDurationLimits"": [33333, 33333], ""ExposureTime"": 13000, ""AnalogueGain"": 4.8, ""Brightness"": 0.0, ""Contrast"": 0.8, ""LensPosition"": 12.0}"
run_20261002_072510_851363,1076,37,2026-10-02T07:25:48.148,PASS,,,15.821875000256114,6.161569999676431,4.891374999715481,26.912078999885125,interval,append-only,740,160,80,2,30,125,304,441,provided,26,13,13,26,0,181.0,559.0,370.0,378.0,369.75,370.0192307692308,0.15384615384615385,18.0,18.0,18.0,17.958333333333332,0.2465033242958173,0.013726403209047833,18.041666666666668,0.2465033242958173,0.013663001808544146,18.0,0.25,0.08333333333333333,0.5,-0.028313444055238134,0.2632951765159837,False,True,Indoor,"[33333, 33333]",13000,4.8,0.0,0.8,12.0,"{""AeEnable"": false, ""AwbEnable"": true, ""AwbMode"": ""Indoor"", ""FrameDurationLimits"": [33333, 33333], ""ExposureTime"": 13000, ""AnalogueGain"": 4.8, ""Brightness"": 0.0, ""Contrast"": 0.8, ""LensPosition"": 12.0}"
run_20261002_072510_851363,1107,38,2026-10-02T07:25:49.179,PASS,,,19.780533999437466,5.300168999383459,4.673283001466189,30.439851998380618,interval,append-only,740,160,80,2,30,125,304,441,provided,26,13,13,26,0,180.84615384615384,559.0,369.9230769230769,378.1538461538462,369.75,369.7889546351085,0.07828598410392464,18.0,18.0,18.0,17.98611111111111,0.22091113482763236,0.012282317920918556,18.0,0.2041241452319315,0.011340230290662862,17.993055555555554,0.21279667146689935,0.09722222222222261,0.5,-0.1013587724912717,0.37175561328937134,False,True,Indoor,"[33333, 33333]",13000,4.8,0.0,0.8,12.0,"{""AeEnable"": false, ""AwbEnable"": true, ""AwbMode"": ""Indoor"", ""FrameDurationLimits"": [33333, 33333], ""ExposureTime"": 13000, ""AnalogueGain"": 4.8, ""Brightness"": 0.0, ""Contrast"": 0.8, ""LensPosition"": 12.0}"
run_20261002_072510_851363,1137,39,2026-10-02T07:25:50.181,PASS,,,17.720493000524584,6.276179999986198,4.269248998753028,28.294810002989834,interval,append-only,740,160,80,2,30,125,304,441,provided,26,13,13,26,0,180.5,558.5,369.5,378.0,369.5,369.6286982248521,0.12077747856183497,18.0,18.0,18.0,18.041666666666668,0.10110134804863681,0.005603769868746613,18.041666666666668,0.24650332429581734,0.013663001808544148,18.041666666666668,0.18839502576519968,0.16666666666666666,0.5,-0.01322360043146467,0.3080143188750752,False,True,Indoor,"[33333, 33333]",13000,4.8,0.0,0.8,12.0,"{""AeEnable"": false, ""AwbEnable"": true, ""AwbMode"": ""Indoor"", ""FrameDurationLimits"": [33333, 33333], ""ExposureTime"": 13000, ""AnalogueGain"": 4.8, ""Brightness"": 0.0, ""Contrast"": 0.8, ""LensPosition"": 12.0}"
run_20261002_072510_851363,1168,40,2026-10-02T07:25:51.218,FAIL,Left long reference tick was not found.,,5.519165999430697,5.590018001385033,4.717449999589007,15.85811599943554,interval,append-only,740,160,80,2,30,125,304,441,provided,26,13,13,26,0,,559.5,,,370.0,370.2307692307692,0.11854642313401877,18.0,18.0,18.0,18.0,0.28867513459481287,0.016037507477489603,18.041666666666668,0.24650332429581734,0.013663001808544148,18.020833333333332,0.26922599965250177,0.20833333333333334,0.5,0.04719977247882722,0.2959009533316619,False,True,Indoor,"[33333, 33333]",13000,4.8,0.0,0.8,12.0,"{""AeEnable"": false, ""AwbEnable"": true, ""AwbMode"": ""Indoor"", ""FrameDurationLimits"": [33333, 33333], ""ExposureTime"": 13000, ""AnalogueGain"": 4.8, ""Brightness"": 0.0, ""Contrast"": 0.8, ""LensPosition"": 12.0}"
run_20261002_072510_851363,1199,41,2026-10-02T07:25:52.247,FAIL,Left long reference tick was not found.,,21.821447000547778,6.9716380021418445,4.259861001628451,33.67816399986623,interval,append-only,740,160,80,2,30,125,304,441,provided,26,13,13,26,0,,559.5,,,370.0,370.2307692307692,0.11854642313401877,18.0,18.0,18.0,18.0,0.2041241452319315,0.011340230290662862,18.041666666666668,0.24650332429581734,0.013663001808544148,18.020833333333332,0.22726483572157738,0.20833333333333334,0.5,0.03329461492533771,0.29602266434929514,False,True,Indoor,"[33333, 33333]",13000,4.8,0.0,0.8,12.0,"{""AeEnable"": false, ""AwbEnable"": true, ""AwbMode"": ""Indoor"", ""FrameDurationLimits"": [33333, 33333], ""ExposureTime"": 13000, ""AnalogueGain"": 4.8, ""Brightness"": 0.0, ""Contrast"": 0.8, ""LensPosition"": 12.0}"
run_20261002_072510_851363,1230,42,2026-10-02T07:25:53.277,FAIL,Left long reference tick was not found.,,19.281537002825644,5.612128999928245,4.038510000100359,28.98047200142173,interval,append-only,740,160,80,2,30,125,304,441,provided,26,13,13,26,0,,559.5,,,370.0,370.25,0.09805806756909202,18.0,18.0,18.0,18.0,0.2041241452319315,0.011340230290662862,18.041666666666668,0.24650332429581734,0.013663001808544148,18.020833333333332,0.22726483572157738,0.125,0.5,0.03627554535031353,0.2827683277521192,False,True,Indoor,"[33333, 33333]",13000,4.8,0.0,0.8,12.0,"{""AeEnable"": false, ""AwbEnable"": true, ""AwbMode"": ""Indoor"", ""FrameDurationLimits"": [33333, 33333], ""ExposureTime"": 13000, ""AnalogueGain"": 4.8, ""Brightness"": 0.0, ""Contrast"": 0.8, ""LensPosition"": 12.0}"
run_20261002_072510_851363,1260,43,2026-10-02T07:25:54.284,FAIL,Left long reference tick was not found.,,17.106884999520844,8.646183003293118,4.0083069980028085,29.78522600096767,interval,append-only,740,160,80,2,30,125,304,441,provided,26,13,13,26,0,,559.5,,,370.0,370.25,0.09805806756909202,18.0,18.0,18.0,18.0,0.2041241452319315,0.011340230290662862,18.041666666666668,0.24650332429581734,0.013663001808544148,18.020833333333332,0.22726483572157738,0.125,0.5,0.03602443565094514,0.283392017397672,False,True,Indoor,"[33333, 33333]",13000,4.8,0.0,0.8,12.0,"{""AeEnable"": false, ""AwbEnable"": true, ""AwbMode"": ""Indoor"", ""FrameDurationLimits"": [33333, 33333], ""ExposureTime"": 13000, ""AnalogueGain"": 4.8, ""Brightness"": 0.0, ""Contrast"": 0.8, ""LensPosition"": 12.0}"
run_20261002_072510_851363,1291,44,2026-10-02T07:25:55.321,FAIL,Left long reference tick was not found.,,5.937182999332435,5.580184002610622,9.053439000126673,20.64571399751003,interval,append-only,740,160,80,2,30,125,304,441,provided,26,13,13,26,0,,559.5,,,370.0,370.25,0.09805806756909202,18.0,18.0,18.0,18.0,0.2041241452319315,0.011340230290662862,18.041666666666668,0.24650332429581734,0.013663001808544148,18.020833333333332,0.22726483572157738,0.125,0.5,0.040071996796031545,0.285616614959868,False,True,Indoor,"[33333, 33333]",13000,4.8,0.0,0.8,12.0,"{""AeEnable"": false, ""AwbEnable"": true, ""AwbMode"": ""Indoor"", ""FrameDurationLimits"": [33333, 33333], ""ExposureTime"": 13000, ""AnalogueGain"": 4.8, ""Brightness"": 0.0, ""Contrast"": 0.8, ""LensPosition"": 12.0}"
run_20261002_072510_851363,1322,45,2026-10-02T07:25:56.347,FAIL,Left long reference tick was not found.,,20.290827000280842,7.8620209969813,4.265193001629086,33.04148200186319,interval,append-only,740,160,80,2,30,125,304,441,provided,26,13,13,26,0,,559.5,,,370.0,370.25,0.09805806756909202,18.0,18.0,18.0,18.0,0.2041241452319315,0.011340230290662862,18.041666666666668,0.24650332429581734,0.013663001808544148,18.020833333333332,0.22726483572157738,0.125,0.5,0.03867751222446058,0.28491798063796314,False,True,Indoor,"[33333, 33333]",13000,4.8,0.0,0.8,12.0,"{""AeEnable"": false, ""AwbEnable"": true, ""AwbMode"": ""Indoor"", ""FrameDurationLimits"": [33333, 33333], ""ExposureTime"": 13000, ""AnalogueGain"": 4.8, ""Brightness"": 0.0, ""Contrast"": 0.8, ""LensPosition"": 12.0}"
run_20261002_072510_851363,1353,46,2026-10-02T07:25:57.376,FAIL,Left long reference tick was not found.,,19.8456449979858,5.268094999337336,4.008768999483436,29.144100997655187,interval,append-only,740,160,80,2,30,125,304,441,provided,26,13,13,26,0,,559.5,,,370.0,370.25,0.09805806756909202,18.0,18.0,18.0,18.0,0.2041241452319315,0.011340230290662862,18.041666666666668,0.24650332429581734,0.013663001808544148,18.020833333333332,0.22726483572157738,0.125,0.5,0.03156492659712029,0.28739035127308565,False,True,Indoor,"[33333, 33333]",13000,4.8,0.0,0.8,12.0,"{""AeEnable"": false, ""AwbEnable"": true, ""AwbMode"": ""Indoor"", ""FrameDurationLimits"": [33333, 33333], ""ExposureTime"": 13000, ""AnalogueGain"": 4.8, ""Brightness"": 0.0, ""Contrast"": 0.8, ""LensPosition"": 12.0}"
run_20261002_072510_851363,1383,47,2026-10-02T07:25:58.380,FAIL,Left long reference tick was not found.,,18.444838999130297,5.71559200034244,4.002305999165401,28.186309999000514,interval,append-only,740,160,80,2,30,125,304,441,provided,26,13,13,26,0,,559.5,,,370.25,370.2692307692308,0.06661733875264912,18.0,18.0,18.0,18.0,0.2041241452319315,0.011340230290662862,18.0,0.2041241452319315,0.011340230290662862,18.0,0.2041241452319315,0.08333333333333333,0.5,0.04468454680601752,0.2867563433597657,False,True,Indoor,"[33333, 33333]",13000,4.8,0.0,0.8,12.0,"{""AeEnable"": false, ""AwbEnable"": true, ""AwbMode"": ""Indoor"", ""FrameDurationLimits"": [33333, 33333], ""ExposureTime"": 13000, ""AnalogueGain"": 4.8, ""Brightness"": 0.0, ""Contrast"": 0.8, ""LensPosition"": 12.0}"
run_20261002_072510_851363,1413,48,2026-10-02T07:25:59.386,FAIL,Left long reference tick was not found.,,5.20922400028212,5.50011100131087,5.812368002807489,16.567463000683347,interval,append-only,740,160,80,2,30,125,304,441,provided,26,13,13,26,0,,559.5,,,370.25,370.2692307692308,0.06661733875264912,18.0,18.0,18.0,18.0,0.2041241452319315,0.011340230290662862,18.0,0.2041241452319315,0.011340230290662862,18.0,0.2041241452319315,0.08333333333333333,0.5,0.04774812768086288,0.28613119852527796,False,True,Indoor,"[33333, 33333]",13000,4.8,0.0,0.8,12.0,"{""AeEnable"": false, ""AwbEnable"": true, ""AwbMode"": ""Indoor"", ""FrameDurationLimits"": [33333, 33333], ""ExposureTime"": 13000, ""AnalogueGain"": 4.8, ""Brightness"": 0.0, ""Contrast"": 0.8, ""LensPosition"": 12.0}"
run_20261002_072510_851363,1444,49,2026-10-02T07:26:00.413,FAIL,Left long reference tick was not found.,,16.404037000029348,6.581437002751045,5.421944999397965,28.42941999915638,interval,append-only,740,160,80,2,30,125,304,441,provided,26,13,13,26,0,,559.5,,,370.25,370.2692307692308,0.06661733875264912,18.0,18.0,18.0,18.0,0.2041241452319315,0.011340230290662862,18.0,0.2041241452319315,0.011340230290662862,18.0,0.2041241452319315,0.08333333333333333,0.5,0.04569623364607622,0.28702742298764466,False,True,Indoor,"[33333, 33333]",13000,4.8,0.0,0.8,12.0,"{""AeEnable"": false, ""AwbEnable"": true, ""AwbMode"": ""Indoor"", ""FrameDurationLimits"": [33333, 33333], ""ExposureTime"": 13000, ""AnalogueGain"": 4.8, ""Brightness"": 0.0, ""Contrast"": 0.8, ""LensPosition"": 12.0}"
run_20261002_072510_851363,1474,50,2026-10-02T07:26:01.414,FAIL,Left long reference tick was not found.,,17.489677997218678,5.605833001027349,4.3225270019320305,27.444870000181254,interval,append-only,740,160,80,2,30,125,304,441,provided,26,13,13,26,0,,559.5,,,370.25,370.2692307692308,0.06661733875264912,18.0,18.0,18.0,18.0,0.2041241452319315,0.011340230290662862,18.0,0.2041241452319315,0.011340230290662862,18.0,0.2041241452319315,0.08333333333333333,0.5,0.04545390573987618,0.2876040524798987,False,True,Indoor,"[33333, 33333]",13000,4.8,0.0,0.8,12.0,"{""AeEnable"": false, ""AwbEnable"": true, ""AwbMode"": ""Indoor"", ""FrameDurationLimits"": [33333, 33333], ""ExposureTime"": 13000, ""AnalogueGain"": 4.8, ""Brightness"": 0.0, ""Contrast"": 0.8, ""LensPosition"": 12.0}"
run_20261002_072510_851363,1505,51,2026-10-02T07:26:02.450,FAIL,Left long reference tick was not found.,,5.660333001287654,5.752147000748664,4.770986000949051,16.2196130004304,interval,append-only,740,160,80,2,30,125,304,441,provided,26,13,13,26,0,,559.5,,,370.25,370.2692307692308,0.06661733875264912,18.0,18.0,18.0,18.0,0.2041241452319315,0.011340230290662862,18.0,0.2041241452319315,0.011340230290662862,18.0,0.2041241452319315,0.08333333333333333,0.5,0.04273037097355005,0.28641780816333995,False,True,Indoor,"[33333, 33333]",13000,4.8,0.0,0.8,12.0,"{""AeEnable"": false, ""AwbEnable"": true, ""AwbMode"": ""Indoor"", ""FrameDurationLimits"": [33333, 33333], ""ExposureTime"": 13000, ""AnalogueGain"": 4.8, ""Brightness"": 0.0, ""Contrast"": 0.8, ""LensPosition"": 12.0}"
run_20261002_072510_851363,1536,52,2026-10-02T07:26:03.479,FAIL,Left long reference tick was not found.,,19.25153699994553,5.4610919978586026,4.54215400168323,29.28132099987124,interval,append-only,740,160,80,2,30,125,304,441,provided,26,13,13,26,0,,559.5,,,370.25,370.2692307692308,0.06661733875264912,18.0,18.0,18.0,18.0,0.2041241452319315,0.011340230290662862,18.0,0.2041241452319315,0.011340230290662862,18.0,0.2041241452319315,0.08333333333333333,0.5,0.03875232786830524,0.28369614798868287,False,True,Indoor,"[33333, 33333]",13000,4.8,0.0,0.8,12.0,"{""AeEnable"": false, ""AwbEnable"": true, ""AwbMode"": ""Indoor"", ""FrameDurationLimits"": [33333, 33333], ""ExposureTime"": 13000, ""AnalogueGain"": 4.8, ""Brightness"": 0.0, ""Contrast"": 0.8, ""LensPosition"": 12.0}"
run_20261002_072510_851363,1566,53,2026-10-02T07:26:04.481,FAIL,Left long reference tick was not found.,,17.14151400301489,5.803405998449307,4.673691000789404,27.655184003378963,interval,append-only,740,160,80,2,30,125,304,441,provided,26,13,13,26,0,,559.5,,,370.25,370.2692307692308,0.06661733875264912,18.0,18.0,18.0,18.0,0.2041241452319315,0.011340230290662862,18.0,0.2041241452319315,0.011340230290662862,18.0,0.2041241452319315,0.08333333333333333,0.5,0.036349722501236886,0.2875131225551383,False,True,Indoor,"[33333, 33333]",13000,4.8,0.0,0.8,12.0,"{""AeEnable"": false, ""AwbEnable"": true, ""AwbMode"": ""Indoor"", ""FrameDurationLimits"": [33333, 33333], ""ExposureTime"": 13000, ""AnalogueGain"": 4.8, ""Brightness"": 0.0, ""Contrast"": 0.8, ""LensPosition"": 12.0}"
run_20261002_072510_851363,1597,54,2026-10-02T07:26:05.510,FAIL,Left long reference tick was not found.,,19.326943998748902,5.335001002094941,3.973361999669578,28.661159001785563,interval,append-only,740,160,80,2,30,125,304,441,provided,26,13,13,26,0,,559.5,,,370.25,370.2692307692308,0.06661733875264912,18.0,18.0,18.0,18.0,0.2041241452319315,0.011340230290662862,18.0,0.2041241452319315,0.011340230290662862,18.0,0.2041241452319315,0.08333333333333333,0.5,0.03847600013975184,0.28682037632072704,False,True,Indoor,"[33333, 33333]",13000,4.8,0.0,0.8,12.0,"{""AeEnable"": false, ""AwbEnable"": true, ""AwbMode"": ""Indoor"", ""FrameDurationLimits"": [33333, 33333], ""ExposureTime"": 13000, ""AnalogueGain"": 4.8, ""Brightness"": 0.0, ""Contrast"": 0.8, ""LensPosition"": 12.0}"
run_20261002_072510_851363,1627,55,2026-10-02T07:26:06.513,FAIL,Left long reference tick was not found.,,18.73567000075127,5.749423999077408,4.615765999915311,29.12324800126953,interval,append-only,740,160,80,2,30,125,304,441,provided,26,13,13,26,0,,559.5,,,370.25,370.28846153846155,0.09020030307352749,18.0,18.0,18.0,18.0,0.2041241452319315,0.011340230290662862,18.0,0.2041241452319315,0.011340230290662862,18.0,0.2041241452319315,0.08333333333333333,0.5,0.045049620184961725,0.2755468774020137,False,True,Indoor,"[33333, 33333]",13000,4.8,0.0,0.8,12.0,"{""AeEnable"": false, ""AwbEnable"": true, ""AwbMode"": ""Indoor"", ""FrameDurationLimits"": [33333, 33333], ""ExposureTime"": 13000, ""AnalogueGain"": 4.8, ""Brightness"": 0.0, ""Contrast"": 0.8, ""LensPosition"": 12.0}"
run_20261002_072510_851363,1658,56,2026-10-02T07:26:07.550,FAIL,Left long reference tick was not found.,,6.042070999683347,6.0276629992586095,4.831357000512071,16.938589000346838,interval,append-only,740,160,80,2,30,125,304,441,provided,26,13,13,26,0,,559.5,,,370.25,370.2692307692308,0.06661733875264912,18.0,18.0,18.0,18.0,0.2041241452319315,0.011340230290662862,18.0,0.2041241452319315,0.011340230290662862,18.0,0.2041241452319315,0.08333333333333333,0.5,0.037841672800020924,0.2820397212908216,False,True,Indoor,"[33333, 33333]",13000,4.8,0.0,0.8,12.0,"{""AeEnable"": false, ""AwbEnable"": true, ""AwbMode"": ""Indoor"", ""FrameDurationLimits"": [33333, 33333], ""ExposureTime"": 13000, ""AnalogueGain"": 4.8, ""Brightness"": 0.0, ""Contrast"": 0.8, ""LensPosition"": 12.0}"
run_20261002_072510_851363,1689,57,2026-10-02T07:26:08.579,FAIL,Left long reference tick was not found.,,20.387992000905797,6.5872150007635355,4.366174001916079,32.11109800031409,interval,append-only,740,160,80,2,30,125,304,441,provided,26,13,13,26,0,,559.5,,,370.25,370.2692307692308,0.06661733875264912,18.0,18.0,18.0,18.0,0.2041241452319315,0.011340230290662862,18.0,0.2041241452319315,0.011340230290662862,18.0,0.2041241452319315,0.08333333333333333,0.5,0.04159693720969342,0.2838426995914235,False,True,Indoor,"[33333, 33333]",13000,4.8,0.0,0.8,12.0,"{""AeEnable"": false, ""AwbEnable"": true, ""AwbMode"": ""Indoor"", ""FrameDurationLimits"": [33333, 33333], ""ExposureTime"": 13000, ""AnalogueGain"": 4.8, ""Brightness"": 0.0, ""Contrast"": 0.8, ""LensPosition"": 12.0}"
run_20261002_072510_851363,1719,58,2026-10-02T07:26:09.581,FAIL,Left long reference tick was not found.,,16.119595002237475,5.573147998802597,4.382137001812225,26.101101000676863,interval,append-only,740,160,80,2,30,125,304,441,provided,26,13,13,26,0,,559.5,,,370.25,370.2692307692308,0.06661733875264912,18.0,18.0,18.0,18.0,0.2041241452319315,0.011340230290662862,18.0,0.2041241452319315,0.011340230290662862,18.0,0.2041241452319315,0.08333333333333333,0.5,0.03973228178978216,0.2813980938056714,False,True,Indoor,"[33333, 33333]",13000,4.8,0.0,0.8,12.0,"{""AeEnable"": false, ""AwbEnable"": true, ""AwbMode"": ""Indoor"", ""FrameDurationLimits"": [33333, 33333], ""ExposureTime"": 13000, ""AnalogueGain"": 4.8, ""Brightness"": 0.0, ""Contrast"": 0.8, ""LensPosition"": 12.0}"
run_20261002_072510_851363,1749,59,2026-10-02T07:26:10.583,PASS,,,7.3433759971521795,6.077237001591129,4.732486999273533,18.192135998106096,interval,append-only,740,160,80,2,30,125,304,441,provided,26,13,13,26,0,181.0,559.5,370.25,378.5,370.25,370.2692307692308,0.06661733875264912,18.0,18.0,18.0,18.0,0.2041241452319315,0.011340230290662862,18.0,0.2041241452319315,0.011340230290662862,18.0,0.2041241452319315,0.08333333333333333,0.5,0.04055564553654169,0.2802700537392229,False,True,Indoor,"[33333, 33333]",13000,4.8,0.0,0.8,12.0,"{""AeEnable"": false, ""AwbEnable"": true, ""AwbMode"": ""Indoor"", ""FrameDurationLimits"": [33333, 33333], ""ExposureTime"": 13000, ""AnalogueGain"": 4.8, ""Brightness"": 0.0, ""Contrast"": 0.8, ""LensPosition"": 12.0}"
run_20261002_072510_851363,1780,60,2026-10-02T07:26:11.610,FAIL,Left long reference tick was not found.,,16.583183998591267,5.377074001444271,4.154286998527823,26.77741200022865,interval,append-only,740,160,80,2,30,125,304,441,provided,26,13,13,26,0,,559.5,,,370.0,370.2692307692308,0.11854642313401877,18.0,18.0,18.0,18.0,0.2041241452319315,0.011340230290662862,18.041666666666668,0.24650332429581734,0.013663001808544148,18.020833333333332,0.22726483572157738,0.125,0.5,0.03992050947419793,0.27988410037414313,False,True,Indoor,"[33333, 33333]",13000,4.8,0.0,0.8,12.0,"{""AeEnable"": false, ""AwbEnable"": true, ""AwbMode"": ""Indoor"", ""FrameDurationLimits"": [33333, 33333], ""ExposureTime"": 13000, ""AnalogueGain"": 4.8, ""Brightness"": 0.0, ""Contrast"": 0.8, ""LensPosition"": 12.0}"
run_20261002_072510_851363,1810,61,2026-10-02T07:26:12.612,FAIL,Left long reference tick was not found.,,20.04714199938462,5.295648999890545,3.9271590030693915,29.291282997292,interval,append-only,740,160,80,2,30,125,304,441,provided,26,13,13,26,0,,559.5,,,370.25,370.2692307692308,0.06661733875264912,18.0,18.0,18.0,18.0,0.2041241452319315,0.011340230290662862,18.0,0.2041241452319315,0.011340230290662862,18.0,0.2041241452319315,0.08333333333333333,0.5,0.040207009750898345,0.28467648640016835,False,True,Indoor,"[33333, 33333]",13000,4.8,0.0,0.8,12.0,"{""AeEnable"": false, ""AwbEnable"": true, ""AwbMode"": ""Indoor"", ""FrameDurationLimits"": [33333, 33333], ""ExposureTime"": 13000, ""AnalogueGain"": 4.8, ""Brightness"": 0.0, ""Contrast"": 0.8, ""LensPosition"": 12.0}"
run_20261002_072510_851363,1840,62,2026-10-02T07:26:13.614,FAIL,Left long reference tick was not found.,,17.548677999002393,5.8043310018547345,5.106298998725833,28.51510300024529,interval,append-only,740,160,80,2,30,125,304,441,provided,26,13,13,26,0,,559.5,,,370.25,370.2692307692308,0.06661733875264912,18.0,18.0,18.0,18.0,0.2041241452319315,0.011340230290662862,18.0,0.2041241452319315,0.011340230290662862,18.0,0.2041241452319315,0.08333333333333333,0.5,0.03670220484897267,0.28224011785183145,False,True,Indoor,"[33333, 33333]",13000,4.8,0.0,0.8,12.0,"{""AeEnable"": false, ""AwbEnable"": true, ""AwbMode"": ""Indoor"", ""FrameDurationLimits"": [33333, 33333], ""ExposureTime"": 13000, ""AnalogueGain"": 4.8, ""Brightness"": 0.0, ""Contrast"": 0.8, ""LensPosition"": 12.0}"
run_20261002_072510_851363,1871,63,2026-10-02T07:26:14.649,FAIL,Left long reference tick was not found.,,19.08768599969335,7.050934000289999,3.9428810014214832,30.103888999292394,interval,append-only,740,160,80,2,30,125,304,441,provided,26,13,13,26,0,,559.5,,,370.25,370.28846153846155,0.09020030307352749,18.0,18.0,18.0,18.0,0.2041241452319315,0.011340230290662862,18.0,0.2041241452319315,0.011340230290662862,18.0,0.2041241452319315,0.08333333333333333,0.5,0.0489859858209217,0.2789085047678807,False,True,Indoor,"[33333, 33333]",13000,4.8,0.0,0.8,12.0,"{""AeEnable"": false, ""AwbEnable"": true, ""AwbMode"": ""Indoor"", ""FrameDurationLimits"": [33333, 33333], ""ExposureTime"": 13000, ""AnalogueGain"": 4.8, ""Brightness"": 0.0, ""Contrast"": 0.8, ""LensPosition"": 12.0}"
run_20261002_072510_851363,1902,64,2026-10-02T07:26:15.681,FAIL,Left long reference tick was not found.,,18.43631899828324,5.8457010018173605,4.6221170014177915,28.941859000042314,interval,append-only,740,160,80,2,30,125,304,441,provided,26,13,13,26,0,,559.5,,,370.25,370.2692307692308,0.06661733875264912,18.0,18.0,18.0,18.0,0.2041241452319315,0.011340230290662862,18.0,0.2041241452319315,0.011340230290662862,18.0,0.2041241452319315,0.08333333333333333,0.5,0.03820783424117298,0.2831003694747541,False,True,Indoor,"[33333, 33333]",13000,4.8,0.0,0.8,12.0,"{""AeEnable"": false, ""AwbEnable"": true, ""AwbMode"": ""Indoor"", ""FrameDurationLimits"": [33333, 33333], ""ExposureTime"": 13000, ""AnalogueGain"": 4.8, ""Brightness"": 0.0, ""Contrast"": 0.8, ""LensPosition"": 12.0}"
run_20261002_072510_851363,1933,65,2026-10-02T07:26:16.710,FAIL,Left long reference tick was not found.,,20.135216000198852,5.345260000467533,3.9246029991772957,30.040629997529322,interval,append-only,740,160,80,2,30,125,304,441,provided,26,13,13,26,0,,559.5,,,370.25,370.2692307692308,0.06661733875264912,18.0,18.0,18.0,18.0,0.2041241452319315,0.011340230290662862,18.0,0.2041241452319315,0.011340230290662862,18.0,0.2041241452319315,0.08333333333333333,0.5,0.041386046062003655,0.28257326339912353,False,True,Indoor,"[33333, 33333]",13000,4.8,0.0,0.8,12.0,"{""AeEnable"": false, ""AwbEnable"": true, ""AwbMode"": ""Indoor"", ""FrameDurationLimits"": [33333, 33333], ""ExposureTime"": 13000, ""AnalogueGain"": 4.8, ""Brightness"": 0.0, ""Contrast"": 0.8, ""LensPosition"": 12.0}"
run_20261002_072510_851363,1962,66,2026-10-02T07:26:17.711,PASS,,,17.71878699946683,5.620035997708328,3.9387879987771157,27.298796001559822,interval,append-only,740,160,80,2,30,125,304,441,provided,26,13,13,26,0,181.0,559.5,370.25,378.5,370.25,370.2692307692308,0.06661733875264912,18.0,18.0,18.0,18.0,0.2041241452319315,0.011340230290662862,18.0,0.2041241452319315,0.011340230290662862,18.0,0.2041241452319315,0.08333333333333333,0.5,0.03142041754566039,0.30133670499669524,False,True,Indoor,"[33333, 33333]",13000,4.8,0.0,0.8,12.0,"{""AeEnable"": false, ""AwbEnable"": true, ""AwbMode"": ""Indoor"", ""FrameDurationLimits"": [33333, 33333], ""ExposureTime"": 13000, ""AnalogueGain"": 4.8, ""Brightness"": 0.0, ""Contrast"": 0.8, ""LensPosition"": 12.0}"
run_20261002_072510_851363,1992,67,2026-10-02T07:26:18.720,FAIL,Left long reference tick was not found.,,22.294793001492508,6.71791700005997,4.920911000226624,33.97188099916093,interval,append-only,740,160,80,2,30,125,304,441,provided,26,13,13,26,0,,559.5,,,370.25,370.2692307692308,0.06661733875264912,18.0,18.0,18.0,18.0,0.2041241452319315,0.011340230290662862,18.0,0.2041241452319315,0.011340230290662862,18.0,0.2041241452319315,0.08333333333333333,0.5,0.02848750595119043,0.3008242800752878,False,True,Indoor,"[33333, 33333]",13000,4.8,0.0,0.8,12.0,"{""AeEnable"": false, ""AwbEnable"": true, ""AwbMode"": ""Indoor"", ""FrameDurationLimits"": [33333, 33333], ""ExposureTime"": 13000, ""AnalogueGain"": 4.8, ""Brightness"": 0.0, ""Contrast"": 0.8, ""LensPosition"": 12.0}"
run_20261002_072510_851363,2023,68,2026-10-02T07:26:19.744,FAIL,Left long reference tick was not found.,,18.851815999369137,5.834497002069838,4.69537500248407,30.01379600027576,interval,append-only,740,160,80,2,30,125,304,441,provided,26,13,13,26,0,,559.5,,,370.25,370.2692307692308,0.06661733875264912,18.0,18.0,18.0,18.0,0.2041241452319315,0.011340230290662862,18.0,0.2041241452319315,0.011340230290662862,18.0,0.2041241452319315,0.08333333333333333,0.5,0.029341707129961928,0.2867932225871807,False,True,Indoor,"[33333, 33333]",13000,4.8,0.0,0.8,12.0,"{""AeEnable"": false, ""AwbEnable"": true, ""AwbMode"": ""Indoor"", ""FrameDurationLimits"": [33333, 33333], ""ExposureTime"": 13000, ""AnalogueGain"": 4.8, ""Brightness"": 0.0, ""Contrast"": 0.8, ""LensPosition"": 12.0}"
run_20261002_072510_851363,2053,69,2026-10-02T07:26:20.748,FAIL,Left long reference tick was not found.,,21.461946998897474,5.973515002551721,3.9583990001119673,31.415620000188937,interval,append-only,740,160,80,2,30,125,304,441,provided,26,13,13,26,0,,559.5,,,370.25,370.2692307692308,0.06661733875264912,18.0,18.0,18.0,18.0,0.2041241452319315,0.011340230290662862,18.0,0.2041241452319315,0.011340230290662862,18.0,0.2041241452319315,0.08333333333333333,0.5,0.026134143135532365,0.2989378852867977,False,True,Indoor,"[33333, 33333]",13000,4.8,0.0,0.8,12.0,"{""AeEnable"": false, ""AwbEnable"": true, ""AwbMode"": ""Indoor"", ""FrameDurationLimits"": [33333, 33333], ""ExposureTime"": 13000, ""AnalogueGain"": 4.8, ""Brightness"": 0.0, ""Contrast"": 0.8, ""LensPosition"": 12.0}"
run_20261002_072510_851363,2083,70,2026-10-02T07:26:21.752,PASS,,,5.223168001975864,5.776424000941915,4.6854499996698,15.721448002295801,interval,append-only,740,160,80,2,30,125,304,441,provided,26,13,13,26,0,181.0,559.5,370.25,378.5,370.25,370.28846153846155,0.09020030307352749,18.0,18.0,18.0,18.0,0.2041241452319315,0.011340230290662862,18.0,0.2041241452319315,0.011340230290662862,18.0,0.2041241452319315,0.08333333333333333,0.5,0.031736028817452785,0.3003457269696791,False,True,Indoor,"[33333, 33333]",13000,4.8,0.0,0.8,12.0,"{""AeEnable"": false, ""AwbEnable"": true, ""AwbMode"": ""Indoor"", ""FrameDurationLimits"": [33333, 33333], ""ExposureTime"": 13000, ""AnalogueGain"": 4.8, ""Brightness"": 0.0, ""Contrast"": 0.8, ""LensPosition"": 12.0}"
run_20261002_072510_851363,2114,71,2026-10-02T07:26:22.781,FAIL,Left long reference tick was not found.,,20.8810980002454,6.195458001457155,4.009694999695057,31.110566997085698,interval,append-only,740,160,80,2,30,125,304,441,provided,26,13,13,26,0,,559.5,,,370.25,370.2692307692308,0.06661733875264912,18.0,18.0,18.0,18.0,0.2041241452319315,0.011340230290662862,18.0,0.2041241452319315,0.011340230290662862,18.0,0.2041241452319315,0.08333333333333333,0.5,0.024139882801648582,0.3010238776604948,False,True,Indoor,"[33333, 33333]",13000,4.8,0.0,0.8,12.0,"{""AeEnable"": false, ""AwbEnable"": true, ""AwbMode"": ""Indoor"", ""FrameDurationLimits"": [33333, 33333], ""ExposureTime"": 13000, ""AnalogueGain"": 4.8, ""Brightness"": 0.0, ""Contrast"": 0.8, ""LensPosition"": 12.0}"
run_20261002_072510_851363,2145,72,2026-10-02T07:26:23.814,FAIL,Left long reference tick was not found.,,18.827020001481287,6.154347000119742,4.662357998313382,29.665482998098014,interval,append-only,740,160,80,2,30,125,304,441,provided,26,13,13,26,0,,559.5,,,370.25,370.28846153846155,0.09020030307352749,18.0,18.0,18.0,18.0,0.2041241452319315,0.011340230290662862,18.0,0.2041241452319315,0.011340230290662862,18.0,0.2041241452319315,0.08333333333333333,0.5,0.032599792593640695,0.29372722971432313,False,True,Indoor,"[33333, 33333]",13000,4.8,0.0,0.8,12.0,"{""AeEnable"": false, ""AwbEnable"": true, ""AwbMode"": ""Indoor"", ""FrameDurationLimits"": [33333, 33333], ""ExposureTime"": 13000, ""AnalogueGain"": 4.8, ""Brightness"": 0.0, ""Contrast"": 0.8, ""LensPosition"": 12.0}"
run_20261002_072510_851363,2176,73,2026-10-02T07:26:24.849,FAIL,Left long reference tick was not found.,,7.095673998264829,5.736367998906644,4.702023998106597,17.56958400073927,interval,append-only,740,160,80,2,30,125,304,441,provided,26,13,13,26,0,,559.5,,,370.25,370.2692307692308,0.06661733875264912,18.0,18.0,18.0,18.0,0.2041241452319315,0.011340230290662862,18.0,0.2041241452319315,0.011340230290662862,18.0,0.2041241452319315,0.08333333333333333,0.5,0.023791090563778337,0.29799806794439,False,True,Indoor,"[33333, 33333]",13000,4.8,0.0,0.8,12.0,"{""AeEnable"": false, ""AwbEnable"": true, ""AwbMode"": ""Indoor"", ""FrameDurationLimits"": [33333, 33333], ""ExposureTime"": 13000, ""AnalogueGain"": 4.8, ""Brightness"": 0.0, ""Contrast"": 0.8, ""LensPosition"": 12.0}"
run_20261002_072510_851363,2207,74,2026-10-02T07:26:25.876,FAIL,Left long reference tick was not found.,,17.7183050000167,5.333408000296913,3.913306998583721,26.987409000867046,interval,append-only,740,160,80,2,30,125,304,441,provided,26,13,13,26,0,,559.5,,,370.25,370.28846153846155,0.09020030307352749,18.0,18.0,18.0,18.0,0.2041241452319315,0.011340230290662862,18.0,0.2041241452319315,0.011340230290662862,18.0,0.2041241452319315,0.08333333333333333,0.5,0.037517510601879585,0.29195757745339884,False,True,Indoor,"[33333, 33333]",13000,4.8,0.0,0.8,12.0,"{""AeEnable"": false, ""AwbEnable"": true, ""AwbMode"": ""Indoor"", ""FrameDurationLimits"": [33333, 33333], ""ExposureTime"": 13000, ""AnalogueGain"": 4.8, ""Brightness"": 0.0, ""Contrast"": 0.8, ""LensPosition"": 12.0}"
run_20261002_072510_851363,2237,75,2026-10-02T07:26:26.880,FAIL,Left long reference tick was not found.,,16.598775000602473,5.7822199996735435,4.75244900007965,27.169500001036795,interval,append-only,740,160,80,2,30,125,304,441,provided,26,13,13,26,0,,559.5,,,370.0,370.25,0.09805806756909202,18.0,18.0,18.0,18.0,0.2041241452319315,0.011340230290662862,18.041666666666668,0.24650332429581734,0.013663001808544148,18.020833333333332,0.22726483572157738,0.125,0.5,0.01978786419133135,0.2978560528530622,False,True,Indoor,"[33333, 33333]",13000,4.8,0.0,0.8,12.0,"{""AeEnable"": false, ""AwbEnable"": true, ""AwbMode"": ""Indoor"", ""FrameDurationLimits"": [33333, 33333], ""ExposureTime"": 13000, ""AnalogueGain"": 4.8, ""Brightness"": 0.0, ""Contrast"": 0.8, ""LensPosition"": 12.0}"
run_20261002_072510_851363,2267,76,2026-10-02T07:26:27.882,PASS,,,6.7220839991932735,5.734368001867551,4.719911998108728,17.214234001585282,interval,append-only,740,160,80,2,30,125,304,441,provided,26,13,13,26,0,181.0,559.5,370.25,378.5,370.25,370.2692307692308,0.06661733875264912,18.0,18.0,18.0,18.0,0.2041241452319315,0.011340230290662862,18.0,0.2041241452319315,0.011340230290662862,18.0,0.2041241452319315,0.08333333333333333,0.5,0.030325621116172822,0.29743619249828024,False,True,Indoor,"[33333, 33333]",13000,4.8,0.0,0.8,12.0,"{""AeEnable"": false, ""AwbEnable"": true, ""AwbMode"": ""Indoor"", ""FrameDurationLimits"": [33333, 33333], ""ExposureTime"": 13000, ""AnalogueGain"": 4.8, ""Brightness"": 0.0, ""Contrast"": 0.8, ""LensPosition"": 12.0}"
run_20261002_072510_851363,2297,77,2026-10-02T07:26:28.886,PASS,,,18.073154999001417,7.467966999683995,5.016094997699838,30.59573600330623,interval,append-only,740,160,80,2,30,125,304,441,provided,26,13,13,26,0,181.0,559.5,370.25,378.5,370.25,370.2692307692308,0.06661733875264912,18.0,18.0,18.0,18.0,0.2041241452319315,0.011340230290662862,18.0,0.2041241452319315,0.011340230290662862,18.0,0.2041241452319315,0.08333333333333333,0.5,0.03462429387749593,0.2814451127491738,False,True,Indoor,"[33333, 33333]",13000,4.8,0.0,0.8,12.0,"{""AeEnable"": false, ""AwbEnable"": true, ""AwbMode"": ""Indoor"", ""FrameDurationLimits"": [33333, 33333], ""ExposureTime"": 13000, ""AnalogueGain"": 4.8, ""Brightness"": 0.0, ""Contrast"": 0.8, ""LensPosition"": 12.0}"
run_20261002_072510_851363,2328,78,2026-10-02T07:26:29.910,FAIL,Left long reference tick was not found.,,19.82947600117768,5.331389998900704,3.95943600233295,29.749444998742547,interval,append-only,740,160,80,2,30,125,304,441,provided,26,13,13,26,0,,559.5,,,370.25,370.2692307692308,0.06661733875264912,18.0,18.0,18.0,18.0,0.2041241452319315,0.011340230290662862,18.0,0.2041241452319315,0.011340230290662862,18.0,0.2041241452319315,0.08333333333333333,0.5,0.03019203326155771,0.29665413495250037,False,True,Indoor,"[33333, 33333]",13000,4.8,0.0,0.8,12.0,"{""AeEnable"": false, ""AwbEnable"": true, ""AwbMode"": ""Indoor"", ""FrameDurationLimits"": [33333, 33333], ""ExposureTime"": 13000, ""AnalogueGain"": 4.8, ""Brightness"": 0.0, ""Contrast"": 0.8, ""LensPosition"": 12.0}"
run_20261002_072510_851363,2358,79,2026-10-02T07:26:30.912,FAIL,Left long reference tick was not found.,,18.391484998574015,6.120014000771334,4.304932997911237,28.842840001743753,interval,append-only,740,160,80,2,30,125,304,441,provided,26,13,13,26,0,,559.5,,,370.25,370.2692307692308,0.06661733875264912,18.0,18.0,18.0,18.0,0.2041241452319315,0.011340230290662862,18.0,0.2041241452319315,0.011340230290662862,18.0,0.2041241452319315,0.08333333333333333,0.5,0.03061173961339792,0.29869549751003294,False,True,Indoor,"[33333, 33333]",13000,4.8,0.0,0.8,12.0,"{""AeEnable"": false, ""AwbEnable"": true, ""AwbMode"": ""Indoor"", ""FrameDurationLimits"": [33333, 33333], ""ExposureTime"": 13000, ""AnalogueGain"": 4.8, ""Brightness"": 0.0, ""Contrast"": 0.8, ""LensPosition"": 12.0}"
run_20261002_072510_851363,2388,80,2026-10-02T07:26:31.914,PASS,,,15.817984000022989,5.867940999451093,4.687838998506777,26.409893998788903,interval,append-only,740,160,80,2,30,125,304,441,provided,26,13,13,26,0,181.0,559.5,370.25,378.5,370.25,370.2692307692308,0.06661733875264912,18.0,18.0,18.0,18.0,0.2041241452319315,0.011340230290662862,18.0,0.2041241452319315,0.011340230290662862,18.0,0.2041241452319315,0.08333333333333333,0.5,0.02824033468178245,0.30292171841257726,False,True,Indoor,"[33333, 33333]",13000,4.8,0.0,0.8,12.0,"{""AeEnable"": false, ""AwbEnable"": true, ""AwbMode"": ""Indoor"", ""FrameDurationLimits"": [33333, 33333], ""ExposureTime"": 13000, ""AnalogueGain"": 4.8, ""Brightness"": 0.0, ""Contrast"": 0.8, ""LensPosition"": 12.0}"
run_20261002_072510_851363,2419,81,2026-10-02T07:26:32.943,PASS,,,18.177024001488462,5.776368001534138,3.9000479991955217,27.87592099775793,interval,append-only,740,160,80,2,30,125,304,441,provided,26,13,13,26,0,181.0,559.5,370.25,378.5,370.25,370.25,0.0,18.0,18.0,18.0,18.0,0.2041241452319315,0.011340230290662862,18.0,0.2041241452319315,0.011340230290662862,18.0,0.2041241452319315,0.0,0.0,0.024600982653677324,0.3060301459732943,False,True,Indoor,"[33333, 33333]",13000,4.8,0.0,0.8,12.0,"{""AeEnable"": false, ""AwbEnable"": true, ""AwbMode"": ""Indoor"", ""FrameDurationLimits"": [33333, 33333], ""ExposureTime"": 13000, ""AnalogueGain"": 4.8, ""Brightness"": 0.0, ""Contrast"": 0.8, ""LensPosition"": 12.0}"
run_20261002_072510_851363,2449,82,2026-10-02T07:26:33.949,PASS,,,16.375331997551257,8.406182998442091,4.168101000686875,28.97319000112475,interval,append-only,740,160,80,2,30,125,304,441,provided,26,13,13,26,0,181.0,559.5,370.25,378.5,370.25,370.2307692307692,0.06661733875264912,18.0,18.0,18.0,18.0,0.2041241452319315,0.011340230290662862,18.0,0.2041241452319315,0.011340230290662862,18.0,0.2041241452319315,0.08333333333333333,0.5,0.014868199860930967,0.31032004247498063,False,True,Indoor,"[33333, 33333]",13000,4.8,0.0,0.8,12.0,"{""AeEnable"": false, ""AwbEnable"": true, ""AwbMode"": ""Indoor"", ""FrameDurationLimits"": [33333, 33333], ""ExposureTime"": 13000, ""AnalogueGain"": 4.8, ""Brightness"": 0.0, ""Contrast"": 0.8, ""LensPosition"": 12.0}"
run_20261002_072510_851363,2479,83,2026-10-02T07:26:34.949,PASS,,,18.155319998186314,6.016366998665035,5.568480002693832,30.443181000009645,interval,append-only,740,160,80,2,30,125,304,441,provided,26,13,13,26,0,181.0,559.5,370.25,378.5,370.25,370.25,0.0,18.0,18.0,18.0,18.0,0.2041241452319315,0.011340230290662862,18.0,0.2041241452319315,0.011340230290662862,18.0,0.2041241452319315,0.0,0.0,0.024954733568885848,0.3059279739022426,False,True,Indoor,"[33333, 33333]",13000,4.8,0.0,0.8,12.0,"{""AeEnable"": false, ""AwbEnable"": true, ""AwbMode"": ""Indoor"", ""FrameDurationLimits"": [33333, 33333], ""ExposureTime"": 13000, ""AnalogueGain"": 4.8, ""Brightness"": 0.0, ""Contrast"": 0.8, ""LensPosition"": 12.0}"
run_20261002_072510_851363,2510,84,2026-10-02T07:26:35.980,FAIL,Left long reference tick was not found.,,18.591465002828045,5.936051999015035,3.974380000727251,28.523675002361415,interval,append-only,740,160,80,2,30,125,304,441,provided,26,13,13,26,0,,559.5,,,370.25,370.25,0.0,18.0,18.0,18.0,18.0,0.2041241452319315,0.011340230290662862,18.0,0.2041241452319315,0.011340230290662862,18.0,0.2041241452319315,0.0,0.0,0.025404773835430862,0.30582532465005496,False,True,Indoor,"[33333, 33333]",13000,4.8,0.0,0.8,12.0,"{""AeEnable"": false, ""AwbEnable"": true, ""AwbMode"": ""Indoor"", ""FrameDurationLimits"": [33333, 33333], ""ExposureTime"": 13000, ""AnalogueGain"": 4.8, ""Brightness"": 0.0, ""Contrast"": 0.8, ""LensPosition"": 12.0}"
run_20261002_072510_851363,2540,85,2026-10-02T07:26:36.981,PASS,,,11.894973999005742,6.2925860001996625,4.763374996400671,22.98637900094036,interval,append-only,740,160,80,2,30,125,304,441,provided,26,13,13,26,0,181.0,559.5,370.25,378.5,370.25,370.2307692307692,0.06661733875264912,18.0,18.0,18.0,18.0,0.28867513459481287,0.016037507477489603,18.0,0.2041241452319315,0.011340230290662862,18.0,0.25,0.08333333333333333,0.5,0.01838976572269611,0.30956284929165123,False,True,Indoor,"[33333, 33333]",13000,4.8,0.0,0.8,12.0,"{""AeEnable"": false, ""AwbEnable"": true, ""AwbMode"": ""Indoor"", ""FrameDurationLimits"": [33333, 33333], ""ExposureTime"": 13000, ""AnalogueGain"": 4.8, ""Brightness"": 0.0, ""Contrast"": 0.8, ""LensPosition"": 12.0}"
run_20261002_072510_851363,2571,86,2026-10-02T07:26:38.011,FAIL,Left long reference tick was not found.,,16.549664000194753,5.530091002583504,3.930584000045201,26.646335998520954,interval,append-only,740,160,80,2,30,125,304,441,provided,26,13,13,26,0,,559.5,,,370.25,370.2692307692308,0.06661733875264912,18.0,18.0,18.0,18.0,0.2041241452319315,0.011340230290662862,18.0,0.2041241452319315,0.011340230290662862,18.0,0.2041241452319315,0.08333333333333333,0.5,0.037568018739091914,0.29488723336912853,False,True,Indoor,"[33333, 33333]",13000,4.8,0.0,0.8,12.0,"{""AeEnable"": false, ""AwbEnable"": true, ""AwbMode"": ""Indoor"", ""FrameDurationLimits"": [33333, 33333], ""ExposureTime"": 13000, ""AnalogueGain"": 4.8, ""Brightness"": 0.0, ""Contrast"": 0.8, ""LensPosition"": 12.0}"
run_20261002_072510_851363,2602,87,2026-10-02T07:26:39.044,FAIL,Left long reference tick was not found.,,19.511994996719295,5.442129000584828,3.990213997894898,28.9666530006798,interval,append-only,740,160,80,2,30,125,304,441,provided,26,13,13,26,0,,559.5,,,370.0,370.25,0.09805806756909202,18.0,18.0,18.0,18.0,0.2041241452319315,0.011340230290662862,18.041666666666668,0.24650332429581734,0.013663001808544148,18.020833333333332,0.22726483572157738,0.125,0.5,0.02224367311066708,0.29931028014692707,False,True,Indoor,"[33333, 33333]",13000,4.8,0.0,0.8,12.0,"{""AeEnable"": false, ""AwbEnable"": true, ""AwbMode"": ""Indoor"", ""FrameDurationLimits"": [33333, 33333], ""ExposureTime"": 13000, ""AnalogueGain"": 4.8, ""Brightness"": 0.0, ""Contrast"": 0.8, ""LensPosition"": 12.0}"
run_20261002_072510_851363,2632,88,2026-10-02T07:26:40.047,FAIL,Left long reference tick was not found.,,13.663924997672439,5.789535000076285,4.687874999945052,24.177038001653273,interval,append-only,740,160,80,2,30,125,304,441,provided,26,13,13,26,0,,559.5,,,370.25,370.2692307692308,0.06661733875264912,18.0,18.0,18.0,18.0,0.2041241452319315,0.011340230290662862,18.0,0.2041241452319315,0.011340230290662862,18.0,0.2041241452319315,0.08333333333333333,0.5,0.03391819380241783,0.2972058153114609,False,True,Indoor,"[33333, 33333]",13000,4.8,0.0,0.8,12.0,"{""AeEnable"": false, ""AwbEnable"": true, ""AwbMode"": ""Indoor"", ""FrameDurationLimits"": [33333, 33333], ""ExposureTime"": 13000, ""AnalogueGain"": 4.8, ""Brightness"": 0.0, ""Contrast"": 0.8, ""LensPosition"": 12.0}"
run_20261002_072510_851363,2663,89,2026-10-02T07:26:41.084,FAIL,Left long reference tick was not found.,,7.690965001529548,5.770681997091742,4.764281999086961,18.265930000779917,interval,append-only,740,160,80,2,30,125,304,441,provided,26,13,13,26,0,,559.5,,,370.25,370.2692307692308,0.06661733875264912,18.0,18.0,18.0,18.0,0.2041241452319315,0.011340230290662862,18.0,0.2041241452319315,0.011340230290662862,18.0,0.2041241452319315,0.08333333333333333,0.5,0.036730724624815775,0.29806266591248465,False,True,Indoor,"[33333, 33333]",13000,4.8,0.0,0.8,12.0,"{""AeEnable"": false, ""AwbEnable"": true, ""AwbMode"": ""Indoor"", ""FrameDurationLimits"": [33333, 33333], ""ExposureTime"": 13000, ""AnalogueGain"": 4.8, ""Brightness"": 0.0, ""Contrast"": 0.8, ""LensPosition"": 12.0}"
run_20261002_072510_851363,2693,90,2026-10-02T07:26:42.117,FAIL,Left long reference tick was not found.,,24.494573000993114,5.875071001355536,3.9864540012786165,34.98866700101644,interval,append-only,740,160,80,2,30,125,304,441,provided,26,13,13,26,0,,559.5,,,370.25,370.2692307692308,0.06661733875264912,18.0,18.0,18.0,18.0,0.2041241452319315,0.011340230290662862,18.0,0.2041241452319315,0.011340230290662862,18.0,0.2041241452319315,0.08333333333333333,0.5,0.03729332904202865,0.29661864914558206,False,True,Indoor,"[33333, 33333]",13000,4.8,0.0,0.8,12.0,"{""AeEnable"": false, ""AwbEnable"": true, ""AwbMode"": ""Indoor"", ""FrameDurationLimits"": [33333, 33333], ""ExposureTime"": 13000, ""AnalogueGain"": 4.8, ""Brightness"": 0.0, ""Contrast"": 0.8, ""LensPosition"": 12.0}"
run_20261002_072510_851363,2724,91,2026-10-02T07:26:43.145,FAIL,Left long reference tick was not found.,,20.048565998877166,5.869292999705067,3.9964909992704634,29.936220998934004,interval,append-only,740,160,80,2,30,125,304,441,provided,26,13,13,26,0,,559.5,,,370.25,370.2692307692308,0.06661733875264912,18.0,18.0,18.0,18.0,0.2041241452319315,0.011340230290662862,18.0,0.2041241452319315,0.011340230290662862,18.0,0.2041241452319315,0.08333333333333333,0.5,0.03592967952835015,0.3000284415498947,False,True,Indoor,"[33333, 33333]",13000,4.8,0.0,0.8,12.0,"{""AeEnable"": false, ""AwbEnable"": true, ""AwbMode"": ""Indoor"", ""FrameDurationLimits"": [33333, 33333], ""ExposureTime"": 13000, ""AnalogueGain"": 4.8, ""Brightness"": 0.0, ""Contrast"": 0.8, ""LensPosition"": 12.0}"
run_20261002_072510_851363,2754,92,2026-10-02T07:26:44.146,FAIL,Left long reference tick was not found.,,15.253320998454,5.476055001054192,4.311525000957772,25.086197998462012,interval,append-only,740,160,80,2,30,125,304,441,provided,26,13,13,26,0,,559.5,,,370.25,370.2692307692308,0.06661733875264912,18.0,18.0,18.0,18.0,0.2041241452319315,0.011340230290662862,18.0,0.2041241452319315,0.011340230290662862,18.0,0.2041241452319315,0.08333333333333333,0.5,0.036453909272857195,0.2961326696461164,False,True,Indoor,"[33333, 33333]",13000,4.8,0.0,0.8,12.0,"{""AeEnable"": false, ""AwbEnable"": true, ""AwbMode"": ""Indoor"", ""FrameDurationLimits"": [33333, 33333], ""ExposureTime"": 13000, ""AnalogueGain"": 4.8, ""Brightness"": 0.0, ""Contrast"": 0.8, ""LensPosition"": 12.0}"
run_20261002_072510_851363,2784,93,2026-10-02T07:26:45.149,FAIL,Left long reference tick was not found.,,6.854675000795396,5.951958999503404,4.804299998795614,17.650953002885217,interval,append-only,740,160,80,2,30,125,304,441,provided,26,13,13,26,0,,559.5,,,370.25,370.2692307692308,0.06661733875264912,18.0,18.0,18.0,18.0,0.2041241452319315,0.011340230290662862,18.0,0.2041241452319315,0.011340230290662862,18.0,0.2041241452319315,0.08333333333333333,0.5,0.0354313790785744,0.29525420500779054,False,True,Indoor,"[33333, 33333]",13000,4.8,0.0,0.8,12.0,"{""AeEnable"": false, ""AwbEnable"": true, ""AwbMode"": ""Indoor"", ""FrameDurationLimits"": [33333, 33333], ""ExposureTime"": 13000, ""AnalogueGain"": 4.8, ""Brightness"": 0.0, ""Contrast"": 0.8, ""LensPosition"": 12.0}"
run_20261002_072510_851363,2815,94,2026-10-02T07:26:46.183,FAIL,Left long reference tick was not found.,,6.137401996966219,6.359270999382716,4.956114000378875,17.49037999979919,interval,append-only,740,160,80,2,30,125,304,441,provided,26,13,13,26,0,,559.5,,,370.25,370.2692307692308,0.06661733875264912,18.0,18.0,18.0,18.0,0.2041241452319315,0.011340230290662862,18.0,0.2041241452319315,0.011340230290662862,18.0,0.2041241452319315,0.08333333333333333,0.5,0.035791640203108536,0.29482997920767445,False,True,Indoor,"[33333, 33333]",13000,4.8,0.0,0.8,12.0,"{""AeEnable"": false, ""AwbEnable"": true, ""AwbMode"": ""Indoor"", ""FrameDurationLimits"": [33333, 33333], ""ExposureTime"": 13000, ""AnalogueGain"": 4.8, ""Brightness"": 0.0, ""Contrast"": 0.8, ""LensPosition"": 12.0}"
run_20261002_072510_851363,2846,95,2026-10-02T07:26:47.211,FAIL,Left long reference tick was not found.,,18.042930998490192,5.587016999925254,4.006898001534864,27.659531999233877,interval,append-only,740,160,80,2,30,125,304,441,provided,26,13,13,26,0,,559.5,,,370.25,370.2692307692308,0.06661733875264912,18.0,18.0,18.0,18.0,0.2041241452319315,0.011340230290662862,18.0,0.2041241452319315,0.011340230290662862,18.0,0.2041241452319315,0.08333333333333333,0.5,0.04197678546441134,0.2822586272047924,False,True,Indoor,"[33333, 33333]",13000,4.8,0.0,0.8,12.0,"{""AeEnable"": false, ""AwbEnable"": true, ""AwbMode"": ""Indoor"", ""FrameDurationLimits"": [33333, 33333], ""ExposureTime"": 13000, ""AnalogueGain"": 4.8, ""Brightness"": 0.0, ""Contrast"": 0.8, ""LensPosition"": 12.0}"
run_20261002_072510_851363,2876,96,2026-10-02T07:26:48.214,FAIL,Left long reference tick was not found.,,14.083885002037277,6.4062890014611185,4.925040000671288,25.440584002353717,interval,append-only,740,160,80,2,30,125,304,441,provided,26,13,13,26,0,,559.5,,,370.25,370.2692307692308,0.06661733875264912,18.0,18.0,18.0,18.0,0.2041241452319315,0.011340230290662862,18.0,0.2041241452319315,0.011340230290662862,18.0,0.2041241452319315,0.08333333333333333,0.5,0.033793524267399386,0.2964846191414592,False,True,Indoor,"[33333, 33333]",13000,4.8,0.0,0.8,12.0,"{""AeEnable"": false, ""AwbEnable"": true, ""AwbMode"": ""Indoor"", ""FrameDurationLimits"": [33333, 33333], ""ExposureTime"": 13000, ""AnalogueGain"": 4.8, ""Brightness"": 0.0, ""Contrast"": 0.8, ""LensPosition"": 12.0}"
run_20261002_072510_851363,2906,97,2026-10-02T07:26:49.218,FAIL,Left long reference tick was not found.,,6.9463229992834385,5.97681100043701,4.738912000902928,17.697359002340818,interval,append-only,740,160,80,2,30,125,304,441,provided,26,13,13,26,0,,559.5,,,370.25,370.2692307692308,0.06661733875264912,18.0,18.0,18.0,18.0,0.2041241452319315,0.011340230290662862,18.0,0.2041241452319315,0.011340230290662862,18.0,0.2041241452319315,0.08333333333333333,0.5,0.04668616962279078,0.28037087620499673,False,True,Indoor,"[33333, 33333]",13000,4.8,0.0,0.8,12.0,"{""AeEnable"": false, ""AwbEnable"": true, ""AwbMode"": ""Indoor"", ""FrameDurationLimits"": [33333, 33333], ""ExposureTime"": 13000, ""AnalogueGain"": 4.8, ""Brightness"": 0.0, ""Contrast"": 0.8, ""LensPosition"": 12.0}"
run_20261002_072510_851363,2937,98,2026-10-02T07:26:50.245,PASS,,,20.291860000725137,5.408944001828786,3.9576769995619543,30.2951249977923,interval,append-only,740,160,80,2,30,125,304,441,provided,26,13,13,26,0,181.0,559.5,370.25,378.5,370.25,370.2692307692308,0.06661733875264912,18.0,18.0,18.0,18.0,0.2041241452319315,0.011340230290662862,18.0,0.2041241452319315,0.011340230290662862,18.0,0.2041241452319315,0.08333333333333333,0.5,0.03941123437793802,0.3000386394838347,False,True,Indoor,"[33333, 33333]",13000,5.1,0.0,0.8,12.0,"{""AeEnable"": false, ""AwbEnable"": true, ""AwbMode"": ""Indoor"", ""FrameDurationLimits"": [33333, 33333], ""ExposureTime"": 13000, ""AnalogueGain"": 5.1, ""Brightness"": 0.0, ""Contrast"": 0.8, ""LensPosition"": 12.0}"
run_20261002_072510_851363,2968,99,2026-10-02T07:26:51.278,FAIL,Left long reference tick was not found.,,19.469236001896206,5.4850730011821724,4.447802999493433,29.42913000151748,interval,append-only,740,160,80,2,30,125,304,441,provided,26,13,13,26,0,,559.5,,,370.25,370.2692307692308,0.06661733875264912,18.0,18.0,18.0,18.0,0.2041241452319315,0.011340230290662862,18.0,0.2041241452319315,0.011340230290662862,18.0,0.2041241452319315,0.08333333333333333,0.5,0.04023074789782846,0.3009806503511158,False,True,Indoor,"[33333, 33333]",13000,5.1,0.0,0.8,12.0,"{""AeEnable"": false, ""AwbEnable"": true, ""AwbMode"": ""Indoor"", ""FrameDurationLimits"": [33333, 33333], ""ExposureTime"": 13000, ""AnalogueGain"": 5.1, ""Brightness"": 0.0, ""Contrast"": 0.8, ""LensPosition"": 12.0}"
run_20261002_072510_851363,2998,100,2026-10-02T07:26:52.281,PASS,,,17.239270000573015,5.746811999415513,4.014379999716766,27.02346200021566,interval,append-only,740,160,80,2,30,125,304,441,provided,26,13,13,26,0,181.0,559.5,370.25,378.5,370.25,370.25,0.0,18.0,18.0,18.0,18.0,0.2041241452319315,0.011340230290662862,18.0,0.2041241452319315,0.011340230290662862,18.0,0.2041241452319315,0.0,0.0,0.029154768331907215,0.30694506352669365,False,True,Indoor,"[33333, 33333]",13000,5.0,0.0,0.8,12.0,"{""AeEnable"": false, ""AwbEnable"": true, ""AwbMode"": ""Indoor"", ""FrameDurationLimits"": [33333, 33333], ""ExposureTime"": 13000, ""AnalogueGain"": 5.0, ""Brightness"": 0.0, ""Contrast"": 0.8, ""LensPosition"": 12.0}"
run_20261002_072510_851363,3029,101,2026-10-02T07:26:53.313,FAIL,Left long reference tick was not found.,,19.704531001480063,5.329185998562025,4.11969400011003,29.186280000430997,interval,append-only,740,160,80,2,30,125,304,441,provided,26,13,13,26,0,,559.5,,,370.25,370.2692307692308,0.06661733875264912,18.0,18.0,18.0,18.0,0.2041241452319315,0.011340230290662862,18.0,0.2041241452319315,0.011340230290662862,18.0,0.2041241452319315,0.08333333333333333,0.5,0.039897470763678965,0.29757374089259137,False,True,Indoor,"[33333, 33333]",13000,4.9,0.0,0.8,12.0,"{""AeEnable"": false, ""AwbEnable"": true, ""AwbMode"": ""Indoor"", ""FrameDurationLimits"": [33333, 33333], ""ExposureTime"": 13000, ""AnalogueGain"": 4.9, ""Brightness"": 0.0, ""Contrast"": 0.8, ""LensPosition"": 12.0}"
run_20261002_072510_851363,3060,102,2026-10-02T07:26:54.350,FAIL,Left long reference tick was not found.,,6.163456997455796,6.223716998647433,4.759818999445997,17.18243700088351,interval,append-only,740,160,80,2,30,125,304,441,provided,26,13,13,26,0,,559.5,,,370.0,370.25,0.09805806756909202,18.0,18.0,18.0,18.0,0.2041241452319315,0.011340230290662862,18.041666666666668,0.24650332429581734,0.013663001808544148,18.020833333333332,0.22726483572157738,0.125,0.5,0.034337487590867966,0.28688808105994656,False,True,Indoor,"[33333, 33333]",13000,4.7,0.0,0.8,12.0,"{""AeEnable"": false, ""AwbEnable"": true, ""AwbMode"": ""Indoor"", ""FrameDurationLimits"": [33333, 33333], ""ExposureTime"": 13000, ""AnalogueGain"": 4.7, ""Brightness"": 0.0, ""Contrast"": 0.8, ""LensPosition"": 12.0}"
run_20261002_072510_851363,3091,103,2026-10-02T07:26:55.376,FAIL,Left long reference tick was not found.,,19.032887001230847,5.314593003276968,4.195396999421064,28.565579999849433,interval,append-only,740,160,80,2,30,125,304,441,provided,26,13,13,26,0,,559.5,,,370.0,370.25,0.09805806756909202,18.0,18.0,18.0,18.0,0.2041241452319315,0.011340230290662862,18.041666666666668,0.24650332429581734,0.013663001808544148,18.020833333333332,0.22726483572157738,0.125,0.5,0.033104616896202706,0.28267832638121465,False,True,Indoor,"[33333, 33333]",13000,4.7,0.0,0.8,12.0,"{""AeEnable"": false, ""AwbEnable"": true, ""AwbMode"": ""Indoor"", ""FrameDurationLimits"": [33333, 33333], ""ExposureTime"": 13000, ""AnalogueGain"": 4.7, ""Brightness"": 0.0, ""Contrast"": 0.8, ""LensPosition"": 12.0}"
run_20261002_072510_851363,3121,104,2026-10-02T07:26:56.382,FAIL,Left long reference tick was not found.,,16.997771999740507,5.822071001603035,4.6969680006441195,27.55423599955975,interval,append-only,740,160,80,2,30,125,304,441,provided,26,13,13,26,0,,559.5,,,370.0,370.2527472527472,0.09851879712659929,18.0,18.0,18.0,18.0,0.19121879052629806,0.010623266140349892,18.041666666666668,0.24650332429581734,0.013663001808544148,18.020833333333332,0.22158132851707601,0.125,0.5,0.03437745046031838,0.2792472352951344,False,True,Indoor,"[33333, 33333]",13000,4.7,0.0,0.8,12.0,"{""AeEnable"": false, ""AwbEnable"": true, ""AwbMode"": ""Indoor"", ""FrameDurationLimits"": [33333, 33333], ""ExposureTime"": 13000, ""AnalogueGain"": 4.7, ""Brightness"": 0.0, ""Contrast"": 0.8, ""LensPosition"": 12.0}"
run_20261002_072510_851363,3151,105,2026-10-02T07:26:57.384,FAIL,Left long reference tick was not found.,,5.288427000778029,5.610721000266494,4.671949998737546,15.606040000420762,interval,append-only,740,160,80,2,30,125,304,441,provided,26,13,13,26,0,,559.5,,,370.0,370.25,0.09805806756909202,18.0,18.0,18.0,18.0,0.2041241452319315,0.011340230290662862,18.041666666666668,0.24650332429581734,0.013663001808544148,18.020833333333332,0.22726483572157738,0.125,0.5,0.03677362553813278,0.27958385011051673,False,True,Indoor,"[33333, 33333]",13000,4.7,0.0,0.8,12.0,"{""AeEnable"": false, ""AwbEnable"": true, ""AwbMode"": ""Indoor"", ""FrameDurationLimits"": [33333, 33333], ""ExposureTime"": 13000, ""AnalogueGain"": 4.7, ""Brightness"": 0.0, ""Contrast"": 0.8, ""LensPosition"": 12.0}"
run_20261002_072510_851363,3182,106,2026-10-02T07:26:58.411,FAIL,Left long reference tick was not found.,,17.841912998846965,5.480035997607047,3.943158000765834,27.28753400151618,interval,append-only,740,160,80,2,30,125,304,441,provided,26,13,13,26,0,,559.5,,,370.0,370.25,0.09805806756909202,18.0,18.0,18.0,18.0,0.2041241452319315,0.011340230290662862,18.041666666666668,0.24650332429581734,0.013663001808544148,18.020833333333332,0.22726483572157738,0.125,0.5,0.03343550724037232,0.2803476025547564,False,True,Indoor,"[33333, 33333]",13000,4.7,0.0,0.8,12.0,"{""AeEnable"": false, ""AwbEnable"": true, ""AwbMode"": ""Indoor"", ""FrameDurationLimits"": [33333, 33333], ""ExposureTime"": 13000, ""AnalogueGain"": 4.7, ""Brightness"": 0.0, ""Contrast"": 0.8, ""LensPosition"": 12.0}"
run_20261002_072510_851363,3212,107,2026-10-02T07:26:59.414,FAIL,Left long reference tick was not found.,,14.761194001039257,5.739181997341802,4.833114999200916,25.370268002006924,interval,append-only,740,160,80,2,30,125,304,441,provided,26,13,13,26,0,,559.5,,,370.0,370.25,0.09805806756909202,18.0,18.0,18.0,18.0,0.2041241452319315,0.011340230290662862,18.041666666666668,0.24650332429581734,0.013663001808544148,18.020833333333332,0.22726483572157738,0.125,0.5,0.03553827061063631,0.2836503126053757,False,True,Indoor,"[33333, 33333]",13000,4.7,0.0,0.8,12.0,"{""AeEnable"": false, ""AwbEnable"": true, ""AwbMode"": ""Indoor"", ""FrameDurationLimits"": [33333, 33333], ""ExposureTime"": 13000, ""AnalogueGain"": 4.7, ""Brightness"": 0.0, ""Contrast"": 0.8, ""LensPosition"": 12.0}"
run_20261002_072510_851363,3243,108,2026-10-02T07:27:00.444,FAIL,Left long reference tick was not found.,,17.84680200216826,5.730146000132663,4.29474799966556,27.893918002519058,interval,append-only,740,160,80,2,30,125,304,441,provided,26,13,13,26,0,,559.5,,,370.0,370.2527472527472,0.09851879712659929,18.0,18.0,18.0,18.0,0.19121879052629806,0.010623266140349892,18.041666666666668,0.24650332429581734,0.013663001808544148,18.020833333333332,0.22158132851707601,0.125,0.5,0.03853881449204211,0.2789036325603813,False,True,Indoor,"[33333, 33333]",13000,4.7,0.0,0.8,12.0,"{""AeEnable"": false, ""AwbEnable"": true, ""AwbMode"": ""Indoor"", ""FrameDurationLimits"": [33333, 33333], ""ExposureTime"": 13000, ""AnalogueGain"": 4.7, ""Brightness"": 0.0, ""Contrast"": 0.8, ""LensPosition"": 12.0}"
run_20261002_072510_851363,3273,109,2026-10-02T07:27:01.448,FAIL,Left long reference tick was not found.,,15.264302001014585,5.6269979977514595,4.686542000854388,25.61406399763655,interval,append-only,740,160,80,2,30,125,304,441,provided,26,13,13,26,0,,559.5,,,370.0,370.25,0.09805806756909202,18.0,18.0,18.0,18.0,0.2041241452319315,0.011340230290662862,18.041666666666668,0.24650332429581734,0.013663001808544148,18.020833333333332,0.22726483572157738,0.125,0.5,0.04052920086955243,0.28047200038248793,False,True,Indoor,"[33333, 33333]",13000,4.7,0.0,0.8,12.0,"{""AeEnable"": false, ""AwbEnable"": true, ""AwbMode"": ""Indoor"", ""FrameDurationLimits"": [33333, 33333], ""ExposureTime"": 13000, ""AnalogueGain"": 4.7, ""Brightness"": 0.0, ""Contrast"": 0.8, ""LensPosition"": 12.0}"
run_20261002_072510_851363,3303,110,2026-10-02T07:27:02.462,FAIL,Left long reference tick was not found.,,5.648405000101775,8.719716999621596,6.014939001033781,20.42182099830825,interval,append-only,740,160,80,2,30,125,304,441,provided,26,13,13,26,0,,559.5,,,370.0,370.25,0.09805806756909202,18.0,18.0,18.0,18.0,0.2041241452319315,0.011340230290662862,18.041666666666668,0.24650332429581734,0.013663001808544148,18.020833333333332,0.22726483572157738,0.125,0.5,0.03955591333696217,0.27972957173916996,False,True,Indoor,"[33333, 33333]",13000,4.7,0.0,0.8,12.0,"{""AeEnable"": false, ""AwbEnable"": true, ""AwbMode"": ""Indoor"", ""FrameDurationLimits"": [33333, 33333], ""ExposureTime"": 13000, ""AnalogueGain"": 4.7, ""Brightness"": 0.0, ""Contrast"": 0.8, ""LensPosition"": 12.0}"
run_20261002_072510_851363,3334,111,2026-10-02T07:27:03.476,FAIL,Left long reference tick was not found.,,18.365816998993978,5.433499998616753,3.929860999051016,27.751456000260077,interval,append-only,740,160,80,2,30,125,304,441,provided,26,13,13,26,0,,559.5,,,370.0,370.2527472527472,0.09851879712659929,18.0,18.0,18.0,18.0,0.19121879052629806,0.010623266140349892,18.041666666666668,0.24650332429581734,0.013663001808544148,18.020833333333332,0.22158132851707601,0.125,0.5,0.039935665042574,0.2807308267723977,False,True,Indoor,"[33333, 33333]",13000,4.7,0.0,0.8,12.0,"{""AeEnable"": false, ""AwbEnable"": true, ""AwbMode"": ""Indoor"", ""FrameDurationLimits"": [33333, 33333], ""ExposureTime"": 13000, ""AnalogueGain"": 4.7, ""Brightness"": 0.0, ""Contrast"": 0.8, ""LensPosition"": 12.0}"
run_20261002_072510_851363,3364,112,2026-10-02T07:27:04.482,FAIL,Left long reference tick was not found.,,17.733135999151273,5.599293999694055,5.776626996521372,29.142038998543285,interval,append-only,740,160,80,2,30,125,304,441,provided,26,13,13,26,0,,559.5,,,370.0,370.25,0.09805806756909202,18.0,18.0,18.0,18.0,0.2041241452319315,0.011340230290662862,18.041666666666668,0.24650332429581734,0.013663001808544148,18.020833333333332,0.22726483572157738,0.125,0.5,0.031444109893651165,0.29564147792978585,False,True,Indoor,"[33333, 33333]",13000,4.7,0.0,0.8,12.0,"{""AeEnable"": false, ""AwbEnable"": true, ""AwbMode"": ""Indoor"", ""FrameDurationLimits"": [33333, 33333], ""ExposureTime"": 13000, ""AnalogueGain"": 4.7, ""Brightness"": 0.0, ""Contrast"": 0.8, ""LensPosition"": 12.0}"
run_20261002_072510_851363,3395,113,2026-10-02T07:27:05.519,FAIL,Left long reference tick was not found.,,9.012548998725833,5.921383999520913,4.668505000154255,19.64077099910355,interval,append-only,740,160,80,2,30,125,304,441,provided,26,13,13,26,0,,559.5,,,370.0,370.25,0.09805806756909202,18.0,18.0,18.0,18.0,0.2041241452319315,0.011340230290662862,18.041666666666668,0.24650332429581734,0.013663001808544148,18.020833333333332,0.22726483572157738,0.125,0.5,0.039722479663003935,0.28664861757607296,False,True,Indoor,"[33333, 33333]",13000,4.7,0.0,0.8,12.0,"{""AeEnable"": false, ""AwbEnable"": true, ""AwbMode"": ""Indoor"", ""FrameDurationLimits"": [33333, 33333], ""ExposureTime"": 13000, ""AnalogueGain"": 4.7, ""Brightness"": 0.0, ""Contrast"": 0.8, ""LensPosition"": 12.0}"
run_20261002_072510_851363,3426,114,2026-10-02T07:27:06.544,FAIL,Left long reference tick was not found.,,18.280910000612494,5.552887003432261,4.309895997721469,28.17432300071232,interval,append-only,740,160,80,2,30,125,304,441,provided,26,13,13,26,0,,559.5,,,370.0,370.25,0.09805806756909202,18.0,18.0,18.0,18.0,0.2041241452319315,0.011340230290662862,18.041666666666668,0.24650332429581734,0.013663001808544148,18.020833333333332,0.22726483572157738,0.125,0.5,0.029179584624492678,0.3008875453115789,False,True,Indoor,"[33333, 33333]",13000,4.7,0.0,0.8,12.0,"{""AeEnable"": false, ""AwbEnable"": true, ""AwbMode"": ""Indoor"", ""FrameDurationLimits"": [33333, 33333], ""ExposureTime"": 13000, ""AnalogueGain"": 4.7, ""Brightness"": 0.0, ""Contrast"": 0.8, ""LensPosition"": 12.0}"
run_20261002_072510_851363,3456,115,2026-10-02T07:27:07.546,FAIL,Left long reference tick was not found.,,17.31417599876295,5.293759997584857,4.399765999551164,27.03332999954,interval,append-only,740,160,80,2,30,125,304,441,provided,26,13,13,26,0,,559.5,,,370.0,370.25,0.09805806756909202,18.0,18.0,18.0,18.0,0.2041241452319315,0.011340230290662862,18.041666666666668,0.24650332429581734,0.013663001808544148,18.020833333333332,0.22726483572157738,0.125,0.5,0.036827875769155034,0.2815288615554215,False,True,Indoor,"[33333, 33333]",13000,4.7,0.0,0.8,12.0,"{""AeEnable"": false, ""AwbEnable"": true, ""AwbMode"": ""Indoor"", ""FrameDurationLimits"": [33333, 33333], ""ExposureTime"": 13000, ""AnalogueGain"": 4.7, ""Brightness"": 0.0, ""Contrast"": 0.8, ""LensPosition"": 12.0}"
run_20261002_072510_851363,3487,116,2026-10-02T07:27:08.583,FAIL,Left long reference tick was not found.,,7.243079999170732,6.007791998854373,4.709966997324955,17.99848600057885,interval,append-only,740,160,80,2,30,125,304,441,provided,26,13,13,26,0,,559.5,,,370.0,370.25,0.09805806756909202,18.0,18.0,18.0,18.0,0.2041241452319315,0.011340230290662862,18.041666666666668,0.24650332429581734,0.013663001808544148,18.020833333333332,0.22726483572157738,0.125,0.5,0.03576193252862335,0.27963895810489725,False,True,Indoor,"[33333, 33333]",13000,4.7,0.0,0.8,12.0,"{""AeEnable"": false, ""AwbEnable"": true, ""AwbMode"": ""Indoor"", ""FrameDurationLimits"": [33333, 33333], ""ExposureTime"": 13000, ""AnalogueGain"": 4.7, ""Brightness"": 0.0, ""Contrast"": 0.8, ""LensPosition"": 12.0}"
run_20261002_072510_851363,3518,117,2026-10-02T07:27:09.611,FAIL,Left long reference tick was not found.,,18.2705579973117,5.389129000832327,3.9326210026047193,28.23045199693297,interval,append-only,740,160,80,2,30,125,304,441,provided,26,13,13,26,0,,559.5,,,370.25,370.2692307692308,0.06661733875264912,18.0,18.0,18.0,18.0,0.2041241452319315,0.011340230290662862,18.0,0.2041241452319315,0.011340230290662862,18.0,0.2041241452319315,0.08333333333333333,0.5,0.046072999970453804,0.2827668149310375,False,True,Indoor,"[33333, 33333]",13000,4.7,0.0,0.8,12.0,"{""AeEnable"": false, ""AwbEnable"": true, ""AwbMode"": ""Indoor"", ""FrameDurationLimits"": [33333, 33333], ""ExposureTime"": 13000, ""AnalogueGain"": 4.7, ""Brightness"": 0.0, ""Contrast"": 0.8, ""LensPosition"": 12.0}"
run_20261002_072510_851363,3549,118,2026-10-02T07:27:10.644,FAIL,Left long reference tick was not found.,,20.45891400121036,5.496277000929695,3.9978989989322145,29.980328003148315,interval,append-only,740,160,80,2,30,125,304,441,provided,26,13,13,26,0,,559.5,,,370.0,370.25,0.09805806756909202,18.0,18.0,18.0,18.0,0.2041241452319315,0.011340230290662862,18.041666666666668,0.24650332429581734,0.013663001808544148,18.020833333333332,0.22726483572157738,0.125,0.5,0.0394064928362644,0.2856337051622667,False,True,Indoor,"[33333, 33333]",13000,4.7,0.0,0.8,12.0,"{""AeEnable"": false, ""AwbEnable"": true, ""AwbMode"": ""Indoor"", ""FrameDurationLimits"": [33333, 33333], ""ExposureTime"": 13000, ""AnalogueGain"": 4.7, ""Brightness"": 0.0, ""Contrast"": 0.8, ""LensPosition"": 12.0}"
run_20261002_072510_851363,3579,119,2026-10-02T07:27:11.647,FAIL,Left long reference tick was not found.,,15.900629998213844,5.809107999084517,4.897707000054652,26.644296001904877,interval,append-only,740,160,80,2,30,125,304,441,provided,26,13,13,26,0,,559.5,,,370.25,370.2692307692308,0.06661733875264912,18.0,18.0,18.0,18.0,0.2041241452319315,0.011340230290662862,18.0,0.2041241452319315,0.011340230290662862,18.0,0.2041241452319315,0.08333333333333333,0.5,0.04579539746557023,0.30203238663230525,False,True,Indoor,"[33333, 33333]",12600,4.7,0.0,0.8,12.0,"{""AeEnable"": false, ""AwbEnable"": true, ""AwbMode"": ""Indoor"", ""FrameDurationLimits"": [33333, 33333], ""ExposureTime"": 12600, ""AnalogueGain"": 4.7, ""Brightness"": 0.0, ""Contrast"": 0.8, ""LensPosition"": 12.0}"
run_20261002_072510_851363,3610,120,2026-10-02T07:27:12.684,FAIL,Left long reference tick was not found.,,7.047006998618599,5.628423001326155,4.625023000699002,17.33724999940023,interval,append-only,740,160,80,2,30,125,304,441,provided,26,13,13,26,0,,559.5,,,370.0,370.2692307692308,0.11854642313401877,18.0,18.0,18.0,18.0,0.2041241452319315,0.011340230290662862,18.041666666666668,0.24650332429581734,0.013663001808544148,18.020833333333332,0.22726483572157738,0.125,0.5,0.04136424584328598,0.28677083774812623,False,True,Indoor,"[33333, 33333]",11200,4.7,0.0,0.8,12.0,"{""AeEnable"": false, ""AwbEnable"": true, ""AwbMode"": ""Indoor"", ""FrameDurationLimits"": [33333, 33333], ""ExposureTime"": 11200, ""AnalogueGain"": 4.7, ""Brightness"": 0.0, ""Contrast"": 0.8, ""LensPosition"": 12.0}"
run_20261002_072510_851363,3641,121,2026-10-02T07:27:13.711,FAIL,Left long reference tick was not found.,,20.440783999220002,5.447981002362212,3.9128979988163337,29.82410800177604,interval,append-only,740,160,80,2,30,125,304,441,provided,26,13,13,26,0,,559.5,,,370.0,370.2692307692308,0.11854642313401877,18.0,18.0,18.0,18.0,0.2041241452319315,0.011340230290662862,18.041666666666668,0.24650332429581734,0.013663001808544148,18.020833333333332,0.22726483572157738,0.125,0.5,0.044758083991454194,0.2865281349081942,False,True,Indoor,"[33333, 33333]",10900,4.7,0.0,0.8,12.0,"{""AeEnable"": false, ""AwbEnable"": true, ""AwbMode"": ""Indoor"", ""FrameDurationLimits"": [33333, 33333], ""ExposureTime"": 10900, ""AnalogueGain"": 4.7, ""Brightness"": 0.0, ""Contrast"": 0.8, ""LensPosition"": 12.0}"
run_20261002_072510_851363,3671,122,2026-10-02T07:27:14.713,FAIL,Left long reference tick was not found.,,15.120727999601513,5.684424002538435,4.675857002439443,25.522043997625588,interval,append-only,740,160,80,2,30,125,304,441,provided,26,13,13,26,0,,559.5,,,370.0,370.2527472527472,0.09851879712659929,18.0,18.0,18.0,18.0,0.19121879052629806,0.010623266140349892,18.041666666666668,0.24650332429581734,0.013663001808544148,18.020833333333332,0.22158132851707601,0.125,0.5,0.03646591186110781,0.2861932497510305,False,True,Indoor,"[33333, 33333]",10600,4.7,0.0,0.8,12.0,"{""AeEnable"": false, ""AwbEnable"": true, ""AwbMode"": ""Indoor"", ""FrameDurationLimits"": [33333, 33333], ""ExposureTime"": 10600, ""AnalogueGain"": 4.7, ""Brightness"": 0.0, ""Contrast"": 0.8, ""LensPosition"": 12.0}"
run_20261002_072510_851363,3702,123,2026-10-02T07:27:15.743,FAIL,Left long reference tick was not found.,,17.991763997997623,5.44722099948558,4.122285998164443,27.598658998613246,interval,append-only,740,160,80,2,30,125,304,441,provided,26,13,13,26,0,,559.5,,,370.0,370.2692307692308,0.11854642313401877,18.0,18.0,18.0,18.0,0.2041241452319315,0.011340230290662862,18.041666666666668,0.24650332429581734,0.013663001808544148,18.020833333333332,0.22726483572157738,0.125,0.5,0.03989198119047735,0.28644669348115803,False,True,Indoor,"[33333, 33333]",10600,4.7,0.0,0.8,12.0,"{""AeEnable"": false, ""AwbEnable"": true, ""AwbMode"": ""Indoor"", ""FrameDurationLimits"": [33333, 33333], ""ExposureTime"": 10600, ""AnalogueGain"": 4.7, ""Brightness"": 0.0, ""Contrast"": 0.8, ""LensPosition"": 12.0}"
run_20261002_072510_851363,3732,124,2026-10-02T07:27:16.749,FAIL,Left long reference tick was not found.,,17.39911999902688,6.015865001245402,6.515065000712639,29.95421700325096,interval,append-only,740,160,80,2,30,125,304,441,provided,26,13,13,26,0,,559.5,,,370.0,370.2692307692308,0.11854642313401877,18.0,18.0,18.0,18.0,0.2041241452319315,0.011340230290662862,18.041666666666668,0.24650332429581734,0.013663001808544148,18.020833333333332,0.22726483572157738,0.125,0.5,0.03778931877644162,0.2862200392804669,False,True,Indoor,"[33333, 33333]",10100,4.7,0.0,0.8,12.0,"{""AeEnable"": false, ""AwbEnable"": true, ""AwbMode"": ""Indoor"", ""FrameDurationLimits"": [33333, 33333], ""ExposureTime"": 10100, ""AnalogueGain"": 4.7, ""Brightness"": 0.0, ""Contrast"": 0.8, ""LensPosition"": 12.0}"
run_20261002_072510_851363,3762,125,2026-10-02T07:27:17.750,FAIL,Left long reference tick was not found.,,5.494091998116346,5.768367998825852,4.684504001488676,15.983648001565598,interval,append-only,740,160,80,2,30,125,304,441,provided,26,13,13,26,0,,559.5,,,370.0,370.26098901098896,0.1051878555993246,18.0,18.0,18.0,18.0,0.17737695744942092,0.009854275413856717,18.041666666666668,0.24650332429581734,0.013663001808544148,18.020833333333332,0.2157481511838029,0.125,0.5,0.040464549948539416,0.2682077194324416,False,True,Indoor,"[33333, 33333]",9700,4.7,0.0,0.8,12.0,"{""AeEnable"": false, ""AwbEnable"": true, ""AwbMode"": ""Indoor"", ""FrameDurationLimits"": [33333, 33333], ""ExposureTime"": 9700, ""AnalogueGain"": 4.7, ""Brightness"": 0.0, ""Contrast"": 0.8, ""LensPosition"": 12.0}"
run_20261002_072510_851363,3793,126,2026-10-02T07:27:18.779,FAIL,Left long reference tick was not found.,,19.707547002326464,5.887477000214858,3.992231999291107,29.611089998070383,interval,append-only,740,160,80,2,30,125,304,441,provided,26,13,13,26,0,,559.5,,,370.0,370.25747863247864,0.12066502481620173,18.0,18.0,18.0,18.0,0.25785000584526485,0.014325000324736936,18.041666666666668,0.24650332429581734,0.013663001808544148,18.020833333333332,0.2530993579198173,0.16666666666666666,0.6944444444444429,0.039575815420146924,0.274231077005989,False,True,Indoor,"[33333, 33333]",9700,4.7,0.0,0.8,12.0,"{""AeEnable"": false, ""AwbEnable"": true, ""AwbMode"": ""Indoor"", ""FrameDurationLimits"": [33333, 33333], ""ExposureTime"": 9700, ""AnalogueGain"": 4.7, ""Brightness"": 0.0, ""Contrast"": 0.8, ""LensPosition"": 12.0}"
run_20261002_072510_851363,3823,127,2026-10-02T07:27:19.781,FAIL,Left long reference tick was not found.,,13.873902997147525,6.192364999151323,4.783059001056245,24.887307998142205,interval,append-only,740,160,80,2,30,125,304,441,provided,26,13,13,26,0,,559.5,,,370.0,370.2644230769231,0.11005310713711151,18.0,18.0,18.0,18.0,0.1839950180484968,0.010221945447138711,18.041666666666668,0.24650332429581734,0.013663001808544148,18.020833333333332,0.2185018433687816,0.125,0.5,0.04618203919768259,0.2647304293557634,False,True,Indoor,"[33333, 33333]",9700,4.7,0.0,0.8,12.0,"{""AeEnable"": false, ""AwbEnable"": true, ""AwbMode"": ""Indoor"", ""FrameDurationLimits"": [33333, 33333], ""ExposureTime"": 9700, ""AnalogueGain"": 4.7, ""Brightness"": 0.0, ""Contrast"": 0.8, ""LensPosition"": 12.0}"
run_20261002_072510_851363,3854,128,2026-10-02T07:27:20.816,FAIL,Left long reference tick was not found.,,5.829071000334807,5.830293001054088,4.745949001517147,16.44162599768606,interval,append-only,740,160,80,2,30,125,304,441,provided,26,13,13,26,0,,559.5,,,370.0,370.2644230769231,0.11005310713711151,18.0,18.0,18.0,18.0,0.1839950180484968,0.010221945447138711,18.041666666666668,0.24650332429581734,0.013663001808544148,18.020833333333332,0.2185018433687816,0.125,0.5,0.045580783785935136,0.2668495054744873,False,True,Indoor,"[33333, 33333]",9700,4.7,0.0,0.8,12.0,"{""AeEnable"": false, ""AwbEnable"": true, ""AwbMode"": ""Indoor"", ""FrameDurationLimits"": [33333, 33333], ""ExposureTime"": 9700, ""AnalogueGain"": 4.7, ""Brightness"": 0.0, ""Contrast"": 0.8, ""LensPosition"": 12.0}"
run_20261002_072510_851363,3885,129,2026-10-02T07:27:21.844,FAIL,Left long reference tick was not found.,,20.311431999289198,5.518425001355354,4.004711998277344,29.856364999432117,interval,append-only,740,160,80,2,30,125,304,441,provided,26,13,13,26,0,,559.5,,,370.0,370.2692307692308,0.11854642313401877,18.0,18.0,18.0,18.0,0.2041241452319315,0.011340230290662862,18.041666666666668,0.24650332429581734,0.013663001808544148,18.020833333333332,0.22726483572157738,0.125,0.5,0.04861730648374108,0.26480189313739433,False,True,Indoor,"[33333, 33333]",9700,4.7,0.0,0.8,12.0,"{""AeEnable"": false, ""AwbEnable"": true, ""AwbMode"": ""Indoor"", ""FrameDurationLimits"": [33333, 33333], ""ExposureTime"": 9700, ""AnalogueGain"": 4.7, ""Brightness"": 0.0, ""Contrast"": 0.8, ""LensPosition"": 12.0}"
run_20261002_072510_851363,3915,130,2026-10-02T07:27:22.847,FAIL,Left long reference tick was not found.,,10.239316998195136,5.600923999736551,4.64065300184302,20.5180980010482,interval,append-only,740,160,80,2,30,125,304,441,provided,26,13,13,26,0,,559.5,,,370.0,370.2692307692308,0.11854642313401877,18.0,18.0,18.0,18.0,0.2041241452319315,0.011340230290662862,18.041666666666668,0.24650332429581734,0.013663001808544148,18.020833333333332,0.22726483572157738,0.125,0.5,0.03207197538511453,0.28713968786761834,False,True,Indoor,"[33333, 33333]",9700,5.1,0.0,0.8,12.0,"{""AeEnable"": false, ""AwbEnable"": true, ""AwbMode"": ""Indoor"", ""FrameDurationLimits"": [33333, 33333], ""ExposureTime"": 9700, ""AnalogueGain"": 5.1, ""Brightness"": 0.0, ""Contrast"": 0.8, ""LensPosition"": 12.0}"
run_20261002_072510_851363,3946,131,2026-10-02T07:27:23.877,FAIL,Left long reference tick was not found.,,18.914514999778476,5.37488799818675,3.988232001574943,28.91052000268246,interval,append-only,740,160,80,2,30,125,304,441,provided,26,13,13,26,0,,559.5,,,370.0,370.2692307692308,0.11854642313401877,18.0,18.0,18.0,18.0,0.2041241452319315,0.011340230290662862,18.041666666666668,0.24650332429581734,0.013663001808544148,18.020833333333332,0.22726483572157738,0.125,0.5,0.03758120200866317,0.2845269746782932,False,True,Indoor,"[33333, 33333]",9700,5.1,0.0,0.8,12.0,"{""AeEnable"": false, ""AwbEnable"": true, ""AwbMode"": ""Indoor"", ""FrameDurationLimits"": [33333, 33333], ""ExposureTime"": 9700, ""AnalogueGain"": 5.1, ""Brightness"": 0.0, ""Contrast"": 0.8, ""LensPosition"": 12.0}"
run_20261002_072510_851363,3976,132,2026-10-02T07:27:24.878,FAIL,Left long reference tick was not found.,,14.913618000718998,6.252715000300668,4.105137999431463,25.295767998613883,interval,append-only,740,160,80,2,30,125,304,441,provided,26,13,13,26,0,,559.5,,,370.0,370.2692307692308,0.11854642313401877,18.0,18.0,18.0,18.0,0.2041241452319315,0.011340230290662862,18.041666666666668,0.24650332429581734,0.013663001808544148,18.020833333333332,0.22726483572157738,0.125,0.5,0.02748823138228792,0.3021065569538176,False,True,Indoor,"[33333, 33333]",9700,5.5,0.0,0.8,12.0,"{""AeEnable"": false, ""AwbEnable"": true, ""AwbMode"": ""Indoor"", ""FrameDurationLimits"": [33333, 33333], ""ExposureTime"": 9700, ""AnalogueGain"": 5.5, ""Brightness"": 0.0, ""Contrast"": 0.8, ""LensPosition"": 12.0}"
run_20261002_072510_851363,4006,133,2026-10-02T07:27:25.885,FAIL,Left long reference tick was not found.,,7.4653550000221,6.289049000770319,4.673614999774145,18.46470400050748,interval,append-only,740,160,80,2,30,125,304,441,provided,26,13,13,26,0,,559.5,,,370.0,370.2692307692308,0.11854642313401877,18.0,18.0,18.0,18.0,0.2041241452319315,0.011340230290662862,18.041666666666668,0.24650332429581734,0.013663001808544148,18.020833333333332,0.22726483572157738,0.125,0.5,0.03021253637833391,0.30044358114877867,False,True,Indoor,"[33333, 33333]",9700,5.5,0.0,0.8,12.0,"{""AeEnable"": false, ""AwbEnable"": true, ""AwbMode"": ""Indoor"", ""FrameDurationLimits"": [33333, 33333], ""ExposureTime"": 9700, ""AnalogueGain"": 5.5, ""Brightness"": 0.0, ""Contrast"": 0.8, ""LensPosition"": 12.0}"
run_20261002_072510_851363,4037,134,2026-10-02T07:27:26.914,PASS,,,21.495256998605328,5.692033999366686,3.9487499998358544,31.80240700021386,interval,append-only,740,160,80,2,30,125,304,441,provided,26,13,13,26,0,181.0,559.5,370.25,378.5,370.25,370.271978021978,0.06650394745555045,18.0,18.0,18.0,18.0,0.19121879052629806,0.010623266140349892,18.0,0.2041241452319315,0.011340230290662862,18.0,0.1977767586409067,0.08333333333333333,0.5,0.03322861566788049,0.3029512776039788,False,True,Indoor,"[33333, 33333]",9700,5.5,0.0,0.8,12.0,"{""AeEnable"": false, ""AwbEnable"": true, ""AwbMode"": ""Indoor"", ""FrameDurationLimits"": [33333, 33333], ""ExposureTime"": 9700, ""AnalogueGain"": 5.5, ""Brightness"": 0.0, ""Contrast"": 0.8, ""LensPosition"": 12.0}"
run_20261002_072510_851363,4068,135,2026-10-02T07:27:27.946,FAIL,Left long reference tick was not found.,,18.652961996849626,5.398221001087222,3.9627690021006856,28.03693300302257,interval,append-only,740,160,80,2,30,125,304,441,provided,26,13,13,26,0,,559.5,,,370.0,370.2692307692308,0.11854642313401877,18.0,18.0,18.0,18.0,0.2041241452319315,0.011340230290662862,18.041666666666668,0.24650332429581734,0.013663001808544148,18.020833333333332,0.22726483572157738,0.125,0.5,0.03314780070280239,0.27902662086306246,False,True,Indoor,"[33333, 33333]",9700,5.5,0.0,0.8,12.0,"{""AeEnable"": false, ""AwbEnable"": true, ""AwbMode"": ""Indoor"", ""FrameDurationLimits"": [33333, 33333], ""ExposureTime"": 9700, ""AnalogueGain"": 5.5, ""Brightness"": 0.0, ""Contrast"": 0.8, ""LensPosition"": 12.0}"
run_20261002_072510_851363,4098,136,2026-10-02T07:27:28.950,FAIL,Left long reference tick was not found.,,6.780007999623194,5.6814050003595185,4.689781999331899,17.188194000482326,interval,append-only,740,160,80,2,30,125,304,441,provided,26,13,13,26,0,,559.5,,,370.25,370.27514792899404,0.06804733727810752,18.0,18.0,18.0,18.0,0.18108265245930114,0.010060147358850063,18.0,0.2041241452319315,0.011340230290662862,18.0,0.1929476531191332,0.08333333333333333,0.5,0.037533921936801454,0.29913693732828095,False,True,Indoor,"[33333, 33333]",9700,5.5,0.0,0.8,12.0,"{""AeEnable"": false, ""AwbEnable"": true, ""AwbMode"": ""Indoor"", ""FrameDurationLimits"": [33333, 33333], ""ExposureTime"": 9700, ""AnalogueGain"": 5.5, ""Brightness"": 0.0, ""Contrast"": 0.8, ""LensPosition"": 12.0}"
run_20261002_072510_851363,4129,137,2026-10-02T07:27:29.979,FAIL,Left long reference tick was not found.,,20.42311600234825,5.33016700137523,3.939730999263702,29.715736000071047,interval,append-only,740,160,80,2,30,125,304,441,provided,26,13,13,26,0,,559.5,,,370.0,370.2692307692308,0.11854642313401877,18.0,18.0,18.0,18.0,0.2041241452319315,0.011340230290662862,18.041666666666668,0.24650332429581734,0.013663001808544148,18.020833333333332,0.22726483572157738,0.125,0.5,0.02677803080785205,0.30064107071628343,False,True,Indoor,"[33333, 33333]",9700,5.5,0.0,0.8,12.0,"{""AeEnable"": false, ""AwbEnable"": true, ""AwbMode"": ""Indoor"", ""FrameDurationLimits"": [33333, 33333], ""ExposureTime"": 9700, ""AnalogueGain"": 5.5, ""Brightness"": 0.0, ""Contrast"": 0.8, ""LensPosition"": 12.0}"
run_20261002_072510_851363,4159,138,2026-10-02T07:27:30.980,PASS,,,15.231875000608852,5.740905002312502,4.652042000088841,25.66243100227439,interval,append-only,740,160,80,2,30,125,304,441,provided,26,13,13,26,0,181.0,559.5,370.25,378.5,370.0,370.2692307692308,0.11854642313401877,18.0,18.0,18.0,18.0,0.2041241452319315,0.011340230290662862,18.041666666666668,0.3200477394945253,0.017739366623253133,18.020833333333332,0.26922599965250177,0.20833333333333334,0.5,0.030344676144707157,0.2996646999734838,False,True,Indoor,"[33333, 33333]",9700,5.5,0.0,0.8,12.0,"{""AeEnable"": false, ""AwbEnable"": true, ""AwbMode"": ""Indoor"", ""FrameDurationLimits"": [33333, 33333], ""ExposureTime"": 9700, ""AnalogueGain"": 5.5, ""Brightness"": 0.0, ""Contrast"": 0.8, ""LensPosition"": 12.0}"
run_20261002_072510_851363,4190,139,2026-10-02T07:27:32.017,PASS,,,7.590391000121599,6.018105999828549,4.637355999875581,18.282890996488277,interval,append-only,740,160,80,2,30,125,304,441,provided,26,13,13,26,0,181.0,559.5,370.25,378.5,370.0,370.2692307692308,0.11854642313401877,18.0,18.0,18.0,18.0,0.2041241452319315,0.011340230290662862,18.041666666666668,0.3200477394945253,0.017739366623253133,18.020833333333332,0.26922599965250177,0.20833333333333334,0.5,0.02824711961769238,0.3002634737209896,False,True,Indoor,"[33333, 33333]",9700,5.5,0.0,0.8,12.0,"{""AeEnable"": false, ""AwbEnable"": true, ""AwbMode"": ""Indoor"", ""FrameDurationLimits"": [33333, 33333], ""ExposureTime"": 9700, ""AnalogueGain"": 5.5, ""Brightness"": 0.0, ""Contrast"": 0.8, ""LensPosition"": 12.0}"
run_20261002_072510_851363,4221,140,2026-10-02T07:27:33.044,PASS,,,21.23688799838419,5.25472300068941,3.932288000214612,30.446527001913637,interval,append-only,740,160,80,2,30,125,304,441,provided,26,13,13,26,0,181.0,559.5,370.25,378.5,370.0,370.2692307692308,0.11854642313401877,18.0,18.0,18.0,18.0,0.2041241452319315,0.011340230290662862,18.041666666666668,0.3200477394945253,0.017739366623253133,18.020833333333332,0.26922599965250177,0.20833333333333334,0.5,0.0259406487758932,0.3004263241996957,False,True,Indoor,"[33333, 33333]",9700,5.5,0.0,0.8,12.0,"{""AeEnable"": false, ""AwbEnable"": true, ""AwbMode"": ""Indoor"", ""FrameDurationLimits"": [33333, 33333], ""ExposureTime"": 9700, ""AnalogueGain"": 5.5, ""Brightness"": 0.0, ""Contrast"": 0.8, ""LensPosition"": 12.0}"
run_20261002_072510_851363,4251,141,2026-10-02T07:27:34.046,PASS,,,17.124361998867244,5.866311003046576,3.941712999221636,26.956550998875173,interval,append-only,740,160,80,2,30,125,304,441,provided,26,13,13,26,0,181.0,559.5,370.25,378.5,370.0,370.1923076923077,0.17414202188725803,18.0,18.0,18.0,18.0,0.28867513459481287,0.016037507477489603,18.041666666666668,0.3796013991310124,0.0210402623074926,18.020833333333332,0.3378598904213928,0.2916666666666667,1.5,-0.01609203210216875,0.3177683945358877,False,True,Indoor,"[33333, 33333]",9700,5.5,0.0,0.8,12.0,"{""AeEnable"": false, ""AwbEnable"": true, ""AwbMode"": ""Indoor"", ""FrameDurationLimits"": [33333, 33333], ""ExposureTime"": 9700, ""AnalogueGain"": 5.5, ""Brightness"": 0.0, ""Contrast"": 0.8, ""LensPosition"": 12.0}"
run_20261002_072510_851363,4281,142,2026-10-02T07:27:35.050,PASS,,,8.990529000584502,5.874346999917179,4.732225999759976,19.634213000244927,interval,append-only,740,160,80,2,30,125,304,441,provided,26,13,13,26,0,181.0,559.5,370.25,378.5,370.0,370.21153846153845,0.13323467750529824,18.0,18.0,18.0,18.0,0.28867513459481287,0.016037507477489603,18.041666666666668,0.3796013991310124,0.0210402623074926,18.020833333333332,0.3378598904213928,0.20833333333333334,1.0,-0.005754247620246771,0.31539340693550355,False,True,Indoor,"[33333, 33333]",9700,5.5,0.0,0.8,12.0,"{""AeEnable"": false, ""AwbEnable"": true, ""AwbMode"": ""Indoor"", ""FrameDurationLimits"": [33333, 33333], ""ExposureTime"": 9700, ""AnalogueGain"": 5.5, ""Brightness"": 0.0, ""Contrast"": 0.8, ""LensPosition"": 12.0}"
run_20261002_072510_851363,4312,143,2026-10-02T07:27:36.077,PASS,,,20.54381900234148,5.317980998370331,3.956583001127001,30.514822999975877,interval,append-only,740,160,80,2,30,125,304,441,provided,26,13,13,26,0,181.0,559.5,370.25,378.5,370.0,370.21153846153845,0.13323467750529824,18.0,18.0,18.0,18.0,0.28867513459481287,0.016037507477489603,18.041666666666668,0.3796013991310124,0.0210402623074926,18.020833333333332,0.3378598904213928,0.20833333333333334,1.0,-0.004809599461004028,0.3160870607781243,False,True,Indoor,"[33333, 33333]",9700,5.5,0.0,0.8,12.0,"{""AeEnable"": false, ""AwbEnable"": true, ""AwbMode"": ""Indoor"", ""FrameDurationLimits"": [33333, 33333], ""ExposureTime"": 9700, ""AnalogueGain"": 5.5, ""Brightness"": 0.0, ""Contrast"": 0.8, ""LensPosition"": 12.0}"
run_20261002_072510_851363,4343,144,2026-10-02T07:27:37.109,PASS,,,19.24086400322267,5.24831499933498,3.9928980004333425,28.50361400123802,interval,append-only,740,160,80,2,30,125,304,441,provided,26,13,13,26,0,181.0,559.5,370.25,378.5,370.0,370.21153846153845,0.13323467750529824,18.0,18.0,18.0,18.0,0.28867513459481287,0.016037507477489603,18.041666666666668,0.3796013991310124,0.0210402623074926,18.020833333333332,0.3378598904213928,0.20833333333333334,1.0,-0.001653483696998137,0.31682222189508996,False,True,Indoor,"[33333, 33333]",9700,5.5,0.0,0.8,12.0,"{""AeEnable"": false, ""AwbEnable"": true, ""AwbMode"": ""Indoor"", ""FrameDurationLimits"": [33333, 33333], ""ExposureTime"": 9700, ""AnalogueGain"": 5.5, ""Brightness"": 0.0, ""Contrast"": 0.8, ""LensPosition"": 12.0}"
run_20261002_072510_851363,4373,145,2026-10-02T07:27:38.115,PASS,,,19.521677000739146,5.844107003213139,3.9439729989680927,29.333367001527222,interval,append-only,740,160,80,2,30,125,304,441,provided,26,13,13,26,0,181.0,559.5,370.25,378.5,370.0,370.1730769230769,0.151423228346381,18.0,18.0,18.0,18.0,0.28867513459481287,0.016037507477489603,18.041666666666668,0.3200477394945253,0.017739366623253133,18.020833333333332,0.30547663122114965,0.20833333333333334,1.0,-0.023745106024225474,0.3115778211662554,False,True,Indoor,"[33333, 33333]",9700,5.5,0.0,0.8,12.0,"{""AeEnable"": false, ""AwbEnable"": true, ""AwbMode"": ""Indoor"", ""FrameDurationLimits"": [33333, 33333], ""ExposureTime"": 9700, ""AnalogueGain"": 5.5, ""Brightness"": 0.0, ""Contrast"": 0.8, ""LensPosition"": 12.0}"
run_20261002_072510_851363,4403,146,2026-10-02T07:27:39.116,PASS,,,6.676842000160832,5.772830001660623,4.799206999450689,17.285525998886442,interval,append-only,740,160,80,2,30,125,304,441,provided,26,13,13,26,0,181.0,559.5,370.25,378.5,370.0,370.21153846153845,0.13323467750529824,18.0,18.0,18.0,18.0,0.28867513459481287,0.016037507477489603,18.041666666666668,0.3796013991310124,0.0210402623074926,18.020833333333332,0.3378598904213928,0.20833333333333334,1.0,-0.0015527674089012267,0.31402571896037473,False,True,Indoor,"[33333, 33333]",9700,5.5,0.0,0.8,12.0,"{""AeEnable"": false, ""AwbEnable"": true, ""AwbMode"": ""Indoor"", ""FrameDurationLimits"": [33333, 33333], ""ExposureTime"": 9700, ""AnalogueGain"": 5.5, ""Brightness"": 0.0, ""Contrast"": 0.8, ""LensPosition"": 12.0}"
run_20261002_072510_851363,4434,147,2026-10-02T07:27:40.144,PASS,,,17.126935003034305,5.667626999638742,4.318100000091363,27.781173997937003,interval,append-only,740,160,80,2,30,125,304,441,provided,26,13,13,26,0,181.0,559.5,370.25,378.5,370.0,370.21153846153845,0.13323467750529824,18.0,18.0,18.0,18.0,0.28867513459481287,0.016037507477489603,18.041666666666668,0.24650332429581734,0.013663001808544148,18.020833333333332,0.26922599965250177,0.20833333333333334,1.0,-0.004113065544413639,0.3152845015107404,False,True,Indoor,"[33333, 33333]",9700,5.5,0.0,0.8,12.0,"{""AeEnable"": false, ""AwbEnable"": true, ""AwbMode"": ""Indoor"", ""FrameDurationLimits"": [33333, 33333], ""ExposureTime"": 9700, ""AnalogueGain"": 5.5, ""Brightness"": 0.0, ""Contrast"": 0.8, ""LensPosition"": 12.0}"
run_20261002_072510_851363,4464,148,2026-10-02T07:27:41.148,PASS,,,16.927880998991895,7.174541999120265,4.605744998116279,28.735315998346778,interval,append-only,740,160,80,2,30,125,304,441,provided,26,13,13,26,0,181.0,559.5,370.25,378.5,370.0,370.1923076923077,0.10533126105868577,18.0,18.0,18.0,18.0,0.28867513459481287,0.016037507477489603,18.041666666666668,0.3200477394945253,0.017739366623253133,18.020833333333332,0.3054766312211496,0.125,0.5,-0.01206256111954546,0.3060694383834464,False,True,Indoor,"[33333, 33333]",9700,5.5,0.0,0.8,12.0,"{""AeEnable"": false, ""AwbEnable"": true, ""AwbMode"": ""Indoor"", ""FrameDurationLimits"": [33333, 33333], ""ExposureTime"": 9700, ""AnalogueGain"": 5.5, ""Brightness"": 0.0, ""Contrast"": 0.8, ""LensPosition"": 12.0}"
run_20261002_072510_851363,4495,149,2026-10-02T07:27:42.183,PASS,,,6.227214998943964,6.358455000736285,4.738206996989902,17.35961799931829,interval,append-only,740,160,80,2,30,125,304,441,provided,26,13,13,26,0,181.0,559.5,370.25,378.5,370.0,370.21153846153845,0.13323467750529824,18.0,18.0,18.0,18.0,0.28867513459481287,0.016037507477489603,18.041666666666668,0.3796013991310124,0.0210402623074926,18.020833333333332,0.3378598904213928,0.20833333333333334,1.0,-0.005479850291942184,0.31633398242506977,False,True,Indoor,"[33333, 33333]",9700,5.5,0.0,0.8,12.0,"{""AeEnable"": false, ""AwbEnable"": true, ""AwbMode"": ""Indoor"", ""FrameDurationLimits"": [33333, 33333], ""ExposureTime"": 9700, ""AnalogueGain"": 5.5, ""Brightness"": 0.0, ""Contrast"": 0.8, ""LensPosition"": 12.0}"
run_20261002_072510_851363,4525,150,2026-10-02T07:27:43.184,PASS,,,18.33903700025985,6.7607849996420555,4.064323002239689,29.186923999077408,interval,append-only,740,160,80,2,30,125,304,441,provided,26,13,13,26,0,181.0,559.5,370.25,378.5,370.0,370.1923076923077,0.14390989949130548,18.0,18.0,18.0,18.0,0.28867513459481287,0.016037507477489603,18.041666666666668,0.3796013991310124,0.0210402623074926,18.020833333333332,0.3378598904213928,0.125,1.0,-0.01666718769127147,0.3338618116877992,False,True,Indoor,"[33333, 33333]",9700,5.5,0.0,0.8,12.0,"{""AeEnable"": false, ""AwbEnable"": true, ""AwbMode"": ""Indoor"", ""FrameDurationLimits"": [33333, 33333], ""ExposureTime"": 9700, ""AnalogueGain"": 5.5, ""Brightness"": 0.0, ""Contrast"": 0.8, ""LensPosition"": 12.0}"
run_20261002_072510_851363,4556,151,2026-10-02T07:27:44.225,PASS,,,9.316805000707973,6.012975998601178,5.010632001358317,20.37933799874736,interval,append-only,740,160,80,2,30,125,304,441,provided,26,13,13,26,0,181.0,559.5,370.25,378.5,370.0,370.15384615384613,0.15623150778146078,18.0,18.0,18.0,18.0,0.28867513459481287,0.016037507477489603,18.041666666666668,0.3200477394945253,0.017739366623253133,18.020833333333332,0.30547663122114965,0.125,1.0,-0.03869355750297169,0.3322084585219374,False,True,Indoor,"[33333, 33333]",9700,5.5,0.0,0.8,12.0,"{""AeEnable"": false, ""AwbEnable"": true, ""AwbMode"": ""Indoor"", ""FrameDurationLimits"": [33333, 33333], ""ExposureTime"": 9700, ""AnalogueGain"": 5.5, ""Brightness"": 0.0, ""Contrast"": 0.8, ""LensPosition"": 12.0}"
run_20261002_072510_851363,4587,152,2026-10-02T07:27:45.242,PASS,,,19.593695000367006,5.177389000891708,4.013768000731943,28.80666700002621,interval,append-only,740,160,80,2,30,125,304,441,provided,26,13,13,26,0,181.0,559.5,370.25,378.5,370.0,370.1923076923077,0.17414202188725803,18.0,18.0,18.0,18.0,0.28867513459481287,0.016037507477489603,18.041666666666668,0.3796013991310124,0.0210402623074926,18.020833333333332,0.3378598904213928,0.2916666666666667,1.5,-0.01349143555271964,0.31867380038467,False,True,Indoor,"[33333, 33333]",9700,5.5,0.0,0.8,12.0,"{""AeEnable"": false, ""AwbEnable"": true, ""AwbMode"": ""Indoor"", ""FrameDurationLimits"": [33333, 33333], ""ExposureTime"": 9700, ""AnalogueGain"": 5.5, ""Brightness"": 0.0, ""Contrast"": 0.8, ""LensPosition"": 12.0}"
run_20261002_072510_851363,4617,153,2026-10-02T07:27:46.247,PASS,,,14.179677000356605,5.505998000444379,3.951398000936024,23.660276998271,interval,append-only,740,160,80,2,30,125,304,441,provided,26,13,13,26,0,181.0,559.5,370.25,378.5,370.0,370.1730769230769,0.180400606147055,18.0,18.0,18.0,18.0,0.28867513459481287,0.016037507477489603,18.041666666666668,0.3796013991310124,0.0210402623074926,18.020833333333332,0.3378598904213928,0.20833333333333334,1.5,-0.03381087115564222,0.33638564761153006,False,True,Indoor,"[33333, 33333]",9700,5.5,0.0,0.8,12.0,"{""AeEnable"": false, ""AwbEnable"": true, ""AwbMode"": ""Indoor"", ""FrameDurationLimits"": [33333, 33333], ""ExposureTime"": 9700, ""AnalogueGain"": 5.5, ""Brightness"": 0.0, ""Contrast"": 0.8, ""LensPosition"": 12.0}"
run_20261002_072510_851363,4648,154,2026-10-02T07:27:47.277,PASS,,,20.205135002470342,5.326962000253843,4.100747999473242,30.264174998592352,interval,append-only,740,160,80,2,30,125,304,441,provided,26,13,13,26,0,181.0,559.5,370.25,378.5,370.0,370.1730769230769,0.180400606147055,18.0,18.0,18.0,18.0,0.28867513459481287,0.016037507477489603,18.041666666666668,0.3796013991310124,0.0210402623074926,18.020833333333332,0.3378598904213928,0.20833333333333334,1.5,-0.034629350903596916,0.3391662758430375,False,True,Indoor,"[33333, 33333]",9700,5.5,0.0,0.8,12.0,"{""AeEnable"": false, ""AwbEnable"": true, ""AwbMode"": ""Indoor"", ""FrameDurationLimits"": [33333, 33333], ""ExposureTime"": 9700, ""AnalogueGain"": 5.5, ""Brightness"": 0.0, ""Contrast"": 0.8, ""LensPosition"": 12.0}"
run_20261002_072510_851363,4678,155,2026-10-02T07:27:48.283,PASS,,,15.027708999696188,7.230264000099851,4.658855999878142,26.94251300272299,interval,append-only,740,160,80,2,30,125,304,441,provided,26,13,13,26,0,181.0,559.5,370.25,378.5,370.0,370.21153846153845,0.13323467750529824,18.0,18.0,18.0,18.0,0.28867513459481287,0.016037507477489603,18.041666666666668,0.3796013991310124,0.0210402623074926,18.020833333333332,0.3378598904213928,0.20833333333333334,1.0,-0.008836282345796484,0.31444626907182643,False,True,Indoor,"[33333, 33333]",9700,5.5,0.0,0.8,12.0,"{""AeEnable"": false, ""AwbEnable"": true, ""AwbMode"": ""Indoor"", ""FrameDurationLimits"": [33333, 33333], ""ExposureTime"": 9700, ""AnalogueGain"": 5.5, ""Brightness"": 0.0, ""Contrast"": 0.8, ""LensPosition"": 12.0}"
run_20261002_072510_851363,4709,156,2026-10-02T07:27:49.315,PASS,,,18.191907998698298,6.052845998056,4.6711520008102525,28.954629000509158,interval,append-only,740,160,80,2,30,125,304,441,provided,26,13,13,26,0,181.0,559.5,370.25,378.5,370.0,370.1923076923077,0.14390989949130548,18.0,18.0,18.0,18.0,0.28867513459481287,0.016037507477489603,18.041666666666668,0.3796013991310124,0.0210402623074926,18.020833333333332,0.3378598904213928,0.125,1.0,-0.021309932447950295,0.33509781209105194,False,True,Indoor,"[33333, 33333]",9700,5.5,0.0,0.8,12.0,"{""AeEnable"": false, ""AwbEnable"": true, ""AwbMode"": ""Indoor"", ""FrameDurationLimits"": [33333, 33333], ""ExposureTime"": 9700, ""AnalogueGain"": 5.5, ""Brightness"": 0.0, ""Contrast"": 0.8, ""LensPosition"": 12.0}"
run_20261002_072510_851363,4740,157,2026-10-02T07:27:50.350,PASS,,,8.187997998902574,5.713015001674648,4.672651997680077,18.610535000334494,interval,append-only,740,160,80,2,30,125,304,441,provided,26,13,13,26,0,181.0,559.5,370.25,378.5,370.0,370.1923076923077,0.14390989949130548,18.0,18.0,18.0,18.0,0.28867513459481287,0.016037507477489603,18.041666666666668,0.3796013991310124,0.0210402623074926,18.020833333333332,0.3378598904213928,0.125,1.0,-0.024873447999638643,0.3342891791969336,False,True,Indoor,"[33333, 33333]",9700,5.5,0.0,0.8,12.0,"{""AeEnable"": false, ""AwbEnable"": true, ""AwbMode"": ""Indoor"", ""FrameDurationLimits"": [33333, 33333], ""ExposureTime"": 9700, ""AnalogueGain"": 5.5, ""Brightness"": 0.0, ""Contrast"": 0.8, ""LensPosition"": 12.0}"
run_20261002_072510_851363,4771,158,2026-10-02T07:27:51.376,PASS,,,20.05878400086658,5.372720999730518,3.979193999839481,30.046306001167977,interval,append-only,740,160,80,2,30,125,304,441,provided,26,13,13,26,0,181.0,559.5,370.25,378.5,370.0,370.2692307692308,0.15384615384615385,18.0,18.0,18.0,18.0,0.28867513459481287,0.016037507477489603,18.041666666666668,0.24650332429581734,0.013663001808544148,18.020833333333332,0.26922599965250177,0.2916666666666667,0.5,0.01817871132935905,0.3028236361917953,False,True,Indoor,"[33333, 33333]",9700,5.5,0.0,0.8,12.0,"{""AeEnable"": false, ""AwbEnable"": true, ""AwbMode"": ""Indoor"", ""FrameDurationLimits"": [33333, 33333], ""ExposureTime"": 9700, ""AnalogueGain"": 5.5, ""Brightness"": 0.0, ""Contrast"": 0.8, ""LensPosition"": 12.0}"
run_20261002_072510_851363,4801,159,2026-10-02T07:27:52.379,PASS,,,14.561341002263362,5.503312000655569,3.931379000277957,24.018107000301825,interval,append-only,740,160,80,2,30,125,304,441,provided,26,13,13,26,0,181.0,559.5,370.25,378.5,370.0,370.21153846153845,0.13323467750529824,18.0,18.0,18.0,18.0,0.28867513459481287,0.016037507477489603,18.041666666666668,0.24650332429581734,0.013663001808544148,18.020833333333332,0.26922599965250177,0.125,0.5,-0.013241498898688829,0.3340799125958774,False,True,Indoor,"[33333, 33333]",9700,5.5,0.0,0.8,12.0,"{""AeEnable"": false, ""AwbEnable"": true, ""AwbMode"": ""Indoor"", ""FrameDurationLimits"": [33333, 33333], ""ExposureTime"": 9700, ""AnalogueGain"": 5.5, ""Brightness"": 0.0, ""Contrast"": 0.8, ""LensPosition"": 12.0}"
run_20261002_072510_851363,4832,160,2026-10-02T07:27:53.417,PASS,,,6.311528999503935,5.78221900286735,4.778132999490481,16.908805999264587,interval,append-only,740,160,80,2,30,125,304,441,provided,26,13,13,26,0,181.0,559.5,370.25,378.5,370.0,370.2307692307692,0.11854642313401875,18.0,18.0,18.0,18.0,0.28867513459481287,0.016037507477489603,18.041666666666668,0.24650332429581734,0.013663001808544148,18.020833333333332,0.26922599965250177,0.20833333333333334,0.5,-0.0029183827222135725,0.3191815596821037,False,True,Indoor,"[33333, 33333]",9700,5.5,0.0,0.8,12.0,"{""AeEnable"": false, ""AwbEnable"": true, ""AwbMode"": ""Indoor"", ""FrameDurationLimits"": [33333, 33333], ""ExposureTime"": 9700, ""AnalogueGain"": 5.5, ""Brightness"": 0.0, ""Contrast"": 0.8, ""LensPosition"": 12.0}"
run_20261002_072510_851363,4863,161,2026-10-02T07:27:54.442,PASS,,,19.937655000831,5.360683997423621,3.991583002061816,29.31251499830978,interval,append-only,740,160,80,2,30,125,304,441,provided,26,13,13,26,0,181.0,559.5,370.25,378.5,370.0,370.2692307692308,0.11854642313401875,18.0,18.0,18.0,18.0,0.2041241452319315,0.011340230290662862,18.041666666666668,0.24650332429581734,0.013663001808544148,18.020833333333332,0.22726483572157738,0.125,0.5,0.020654091958988374,0.3197284169700334,False,True,Indoor,"[33333, 33333]",9700,5.5,0.0,0.8,12.0,"{""AeEnable"": false, ""AwbEnable"": true, ""AwbMode"": ""Indoor"", ""FrameDurationLimits"": [33333, 33333], ""ExposureTime"": 9700, ""AnalogueGain"": 5.5, ""Brightness"": 0.0, ""Contrast"": 0.8, ""LensPosition"": 12.0}"
run_20261002_072510_851363,4893,162,2026-10-02T07:27:55.445,PASS,,,16.16486700004316,5.611700998997549,4.6028560027480125,26.40298000187613,interval,append-only,740,160,80,2,30,125,304,441,provided,26,13,13,26,0,181.0,559.5,370.25,378.5,370.0,370.21153846153845,0.13323467750529824,18.0,18.0,18.0,18.0,0.28867513459481287,0.016037507477489603,18.041666666666668,0.3796013991310124,0.0210402623074926,18.020833333333332,0.3378598904213928,0.20833333333333334,1.0,-0.01766422913112109,0.3349459233531526,False,True,Indoor,"[33333, 33333]",9700,5.5,0.0,0.8,12.0,"{""AeEnable"": false, ""AwbEnable"": true, ""AwbMode"": ""Indoor"", ""FrameDurationLimits"": [33333, 33333], ""ExposureTime"": 9700, ""AnalogueGain"": 5.5, ""Brightness"": 0.0, ""Contrast"": 0.8, ""LensPosition"": 12.0}"
run_20261002_072510_851363,4924,163,2026-10-02T07:27:56.476,PASS,,,19.798247998551233,5.382702001952566,3.9529349996882956,29.774178001389373,interval,append-only,740,160,80,2,30,125,304,441,provided,26,13,13,26,0,181.0,559.5,370.25,378.5,370.0,370.21153846153845,0.16542933205851207,18.0,18.0,18.0,18.0,0.28867513459481287,0.016037507477489603,18.041666666666668,0.3796013991310124,0.0210402623074926,18.020833333333332,0.3378598904213928,0.20833333333333334,1.0,-0.017179205603546584,0.333317502873017,False,True,Indoor,"[33333, 33333]",9700,5.5,0.0,0.8,12.0,"{""AeEnable"": false, ""AwbEnable"": true, ""AwbMode"": ""Indoor"", ""FrameDurationLimits"": [33333, 33333], ""ExposureTime"": 9700, ""AnalogueGain"": 5.5, ""Brightness"": 0.0, ""Contrast"": 0.8, ""LensPosition"": 12.0}"
run_20261002_072510_851363,4954,164,2026-10-02T07:27:57.477,PASS,,,15.156225999817252,5.449479998787865,3.948694000428077,24.574825998570304,interval,append-only,740,160,80,2,30,125,304,441,provided,26,13,13,26,0,181.0,559.5,370.25,378.5,370.0,370.2307692307692,0.11854642313401875,18.0,18.0,18.0,18.0,0.28867513459481287,0.016037507477489603,18.041666666666668,0.24650332429581734,0.013663001808544148,18.020833333333332,0.26922599965250177,0.20833333333333334,0.5,-0.0034521950438636175,0.31975451120831644,False,True,Indoor,"[33333, 33333]",9700,5.5,0.0,0.8,12.0,"{""AeEnable"": false, ""AwbEnable"": true, ""AwbMode"": ""Indoor"", ""FrameDurationLimits"": [33333, 33333], ""ExposureTime"": 9700, ""AnalogueGain"": 5.5, ""Brightness"": 0.0, ""Contrast"": 0.8, ""LensPosition"": 12.0}"
run_20261002_072510_851363,4984,165,2026-10-02T07:27:58.480,PASS,,,19.68811999904574,7.8653329983353615,4.038675000629155,32.22710500267567,interval,append-only,740,160,80,2,30,125,304,441,provided,26,13,13,26,0,181.0,559.5,370.25,378.5,370.0,370.21153846153845,0.13323467750529824,18.0,18.0,18.0,18.0,0.28867513459481287,0.016037507477489603,18.041666666666668,0.3796013991310124,0.0210402623074926,18.020833333333332,0.3378598904213928,0.20833333333333334,1.0,-0.010953345849235173,0.31434033289368757,False,True,Indoor,"[33333, 33333]",9700,5.5,0.0,0.8,12.0,"{""AeEnable"": false, ""AwbEnable"": true, ""AwbMode"": ""Indoor"", ""FrameDurationLimits"": [33333, 33333], ""ExposureTime"": 9700, ""AnalogueGain"": 5.5, ""Brightness"": 0.0, ""Contrast"": 0.8, ""LensPosition"": 12.0}"
run_20261002_072510_851363,5015,166,2026-10-02T07:27:59.511,PASS,,,19.28914000018267,5.626033998851199,3.9892679997137748,28.928313000506023,interval,append-only,740,160,80,2,30,125,304,441,provided,26,13,13,26,0,181.0,559.5,370.25,378.5,370.0,370.2307692307692,0.11854642313401875,18.0,18.0,18.0,18.0,0.28867513459481287,0.016037507477489603,18.041666666666668,0.24650332429581734,0.013663001808544148,18.020833333333332,0.26922599965250177,0.20833333333333334,0.5,-0.0035822061745245893,0.31318041212579056,False,True,Indoor,"[33333, 33333]",9700,5.5,0.0,0.8,12.0,"{""AeEnable"": false, ""AwbEnable"": true, ""AwbMode"": ""Indoor"", ""FrameDurationLimits"": [33333, 33333], ""ExposureTime"": 9700, ""AnalogueGain"": 5.5, ""Brightness"": 0.0, ""Contrast"": 0.8, ""LensPosition"": 12.0}"
run_20261002_072510_851363,5045,167,2026-10-02T07:28:00.515,PASS,,,18.77847799914889,5.734255999414017,4.740485001093475,29.2915690006339,interval,append-only,740,160,80,2,30,125,304,441,provided,26,13,13,26,0,181.0,559.5,370.25,378.5,370.0,370.2307692307692,0.11854642313401875,18.0,18.0,18.0,18.0,0.28867513459481287,0.016037507477489603,18.041666666666668,0.24650332429581734,0.013663001808544148,18.020833333333332,0.26922599965250177,0.20833333333333334,0.5,-0.0003090965849008416,0.31230861879269095,False,True,Indoor,"[33333, 33333]",9700,5.5,0.0,0.8,12.0,"{""AeEnable"": false, ""AwbEnable"": true, ""AwbMode"": ""Indoor"", ""FrameDurationLimits"": [33333, 33333], ""ExposureTime"": 9700, ""AnalogueGain"": 5.5, ""Brightness"": 0.0, ""Contrast"": 0.8, ""LensPosition"": 12.0}"
run_20261002_072510_851363,5074,168,2026-10-02T07:28:01.522,PASS,,,5.4955530031293165,6.0340319978422485,4.965465002896963,16.534530997887487,interval,append-only,740,160,80,2,30,125,304,441,provided,26,13,13,26,0,181.0,559.5,370.25,378.5,370.0,370.21153846153845,0.13323467750529824,18.0,18.0,18.0,18.0,0.28867513459481287,0.016037507477489603,18.041666666666668,0.3796013991310124,0.0210402623074926,18.020833333333332,0.3378598904213928,0.20833333333333334,1.0,-0.013182206076922288,0.31289628425881544,False,True,Indoor,"[33333, 33333]",9700,5.5,0.0,0.8,12.0,"{""AeEnable"": false, ""AwbEnable"": true, ""AwbMode"": ""Indoor"", ""FrameDurationLimits"": [33333, 33333], ""ExposureTime"": 9700, ""AnalogueGain"": 5.5, ""Brightness"": 0.0, ""Contrast"": 0.8, ""LensPosition"": 12.0}"
run_20261002_072510_851363,5105,169,2026-10-02T07:28:02.543,PASS,,,14.185788000759203,5.415054001787212,4.575709001073847,24.201550000725547,interval,append-only,740,160,80,2,30,125,304,441,provided,26,13,13,26,0,181.0,559.5,370.25,378.5,370.0,370.2307692307692,0.15384615384615385,18.0,18.0,18.0,18.0,0.28867513459481287,0.016037507477489603,18.041666666666668,0.3796013991310124,0.0210402623074926,18.020833333333332,0.3378598904213928,0.20833333333333334,1.0,0.0006610736219381754,0.31040670772090684,False,True,Indoor,"[33333, 33333]",9700,5.5,0.0,0.8,12.0,"{""AeEnable"": false, ""AwbEnable"": true, ""AwbMode"": ""Indoor"", ""FrameDurationLimits"": [33333, 33333], ""ExposureTime"": 9700, ""AnalogueGain"": 5.5, ""Brightness"": 0.0, ""Contrast"": 0.8, ""LensPosition"": 12.0}"
run_20261002_072510_851363,5135,170,2026-10-02T07:28:03.543,PASS,,,19.356140001036692,5.174056001123972,4.091675000381656,29.24977299699094,interval,append-only,740,160,80,2,30,125,304,441,provided,26,13,13,26,0,181.0,559.5,370.25,378.5,370.0,370.21153846153845,0.13323467750529824,18.0,18.0,18.0,18.0,0.28867513459481287,0.016037507477489603,18.041666666666668,0.24650332429581734,0.013663001808544148,18.020833333333332,0.26922599965250177,0.125,0.5,-0.015290296830667235,0.33684546834672396,False,True,Indoor,"[33333, 33333]",9700,5.5,0.0,0.8,12.0,"{""AeEnable"": false, ""AwbEnable"": true, ""AwbMode"": ""Indoor"", ""FrameDurationLimits"": [33333, 33333], ""ExposureTime"": 9700, ""AnalogueGain"": 5.5, ""Brightness"": 0.0, ""Contrast"": 0.8, ""LensPosition"": 12.0}"
run_20261002_072510_851363,5165,171,2026-10-02T07:28:04.548,PASS,,,13.203183996665757,5.907531998673221,5.251647999102715,24.3846779994783,interval,append-only,740,160,80,2,30,125,304,441,provided,26,13,13,26,0,181.0,559.5,370.25,378.5,370.0,370.2307692307692,0.11854642313401875,18.0,18.0,18.0,18.0,0.28867513459481287,0.016037507477489603,18.041666666666668,0.24650332429581734,0.013663001808544148,18.020833333333332,0.26922599965250177,0.125,0.5,-0.003982837315603022,0.3300714743467117,False,True,Indoor,"[33333, 33333]",9700,5.5,0.0,0.8,12.0,"{""AeEnable"": false, ""AwbEnable"": true, ""AwbMode"": ""Indoor"", ""FrameDurationLimits"": [33333, 33333], ""ExposureTime"": 9700, ""AnalogueGain"": 5.5, ""Brightness"": 0.0, ""Contrast"": 0.8, ""LensPosition"": 12.0}"
run_20261002_072510_851363,5196,172,2026-10-02T07:28:05.582,PASS,,,6.895136000821367,5.8280880002712365,4.734891997941304,17.4921899997571,interval,append-only,740,160,80,2,30,125,304,441,provided,26,13,13,26,0,181.0,559.5,370.25,378.5,370.0,370.25,0.09805806756909202,18.0,18.0,18.0,18.0,0.2041241452319315,0.011340230290662862,18.041666666666668,0.24650332429581734,0.013663001808544148,18.020833333333332,0.22726483572157738,0.125,0.5,0.008835878172762844,0.3083978890879474,False,True,Indoor,"[33333, 33333]",9700,5.5,0.0,0.8,12.0,"{""AeEnable"": false, ""AwbEnable"": true, ""AwbMode"": ""Indoor"", ""FrameDurationLimits"": [33333, 33333], ""ExposureTime"": 9700, ""AnalogueGain"": 5.5, ""Brightness"": 0.0, ""Contrast"": 0.8, ""LensPosition"": 12.0}"
run_20261002_072510_851363,5227,173,2026-10-02T07:28:06.611,PASS,,,19.718804000149248,6.0445490016718395,4.570671000692528,30.357135998201557,interval,append-only,740,160,80,2,30,125,304,441,provided,26,13,13,26,0,181.0,559.5,370.25,378.5,370.0,370.1923076923077,0.10533126105868577,18.0,18.0,18.0,18.0,0.2041241452319315,0.011340230290662862,18.041666666666668,0.24650332429581734,0.013663001808544148,18.020833333333332,0.22726483572157738,0.125,0.5,-0.02306288044098455,0.32083685041975274,False,True,Indoor,"[33333, 33333]",9700,5.5,0.0,0.8,12.0,"{""AeEnable"": false, ""AwbEnable"": true, ""AwbMode"": ""Indoor"", ""FrameDurationLimits"": [33333, 33333], ""ExposureTime"": 9700, ""AnalogueGain"": 5.5, ""Brightness"": 0.0, ""Contrast"": 0.8, ""LensPosition"": 12.0}"
run_20261002_072510_851363,5257,174,2026-10-02T07:28:07.614,PASS,,,15.749832000437891,5.949105998297455,4.6853370004100725,26.419275000080233,interval,append-only,740,160,80,2,30,125,304,441,provided,26,13,13,26,0,181.0,559.5,370.25,378.5,370.0,370.21153846153845,0.13323467750529824,18.0,18.0,18.0,18.0,0.3535533905932738,0.019641855032959656,18.041666666666668,0.24650332429581734,0.013663001808544148,18.020833333333332,0.30547663122114954,0.125,0.5,-0.019385155673757135,0.33773234468195534,False,True,Indoor,"[33333, 33333]",9700,5.5,0.0,0.8,12.0,"{""AeEnable"": false, ""AwbEnable"": true, ""AwbMode"": ""Indoor"", ""FrameDurationLimits"": [33333, 33333], ""ExposureTime"": 9700, ""AnalogueGain"": 5.5, ""Brightness"": 0.0, ""Contrast"": 0.8, ""LensPosition"": 12.0}"
run_20261002_072510_851363,5288,175,2026-10-02T07:28:08.644,PASS,,,22.32663699760451,5.3974060028849635,3.8957129982009064,32.251177999569336,interval,append-only,740,160,80,2,30,125,304,441,provided,26,13,13,26,0,181.0,559.5,370.25,378.5,370.0,370.2307692307692,0.11854642313401875,18.0,18.0,18.0,18.0,0.28867513459481287,0.016037507477489603,18.041666666666668,0.24650332429581734,0.013663001808544148,18.020833333333332,0.26922599965250177,0.20833333333333334,0.5,0.003555539804424895,0.3162767202565663,False,True,Indoor,"[33333, 33333]",9700,5.5,0.0,0.8,12.0,"{""AeEnable"": false, ""AwbEnable"": true, ""AwbMode"": ""Indoor"", ""FrameDurationLimits"": [33333, 33333], ""ExposureTime"": 9700, ""AnalogueGain"": 5.5, ""Brightness"": 0.0, ""Contrast"": 0.8, ""LensPosition"": 12.0}"
run_20261002_072510_851363,5319,176,2026-10-02T07:28:09.676,PASS,,,19.497768000292126,5.416293999587651,3.9247679997060914,28.860332000476774,interval,append-only,740,160,80,2,30,125,304,441,provided,26,13,13,26,0,181.0,559.5,370.25,378.5,370.0,370.21153846153845,0.13323467750529824,18.0,18.0,18.0,18.0,0.28867513459481287,0.016037507477489603,18.041666666666668,0.24650332429581734,0.013663001808544148,18.020833333333332,0.26922599965250177,0.125,0.5,-0.011107439475704969,0.3314802134634423,False,True,Indoor,"[33333, 33333]",9700,5.5,0.0,0.8,12.0,"{""AeEnable"": false, ""AwbEnable"": true, ""AwbMode"": ""Indoor"", ""FrameDurationLimits"": [33333, 33333], ""ExposureTime"": 9700, ""AnalogueGain"": 5.5, ""Brightness"": 0.0, ""Contrast"": 0.8, ""LensPosition"": 12.0}"
run_20261002_072510_851363,5349,177,2026-10-02T07:28:10.680,PASS,,,17.0125270014978,5.840218000230379,4.635375000361819,27.5241189992812,interval,append-only,740,160,80,2,30,125,304,441,provided,26,13,13,26,0,181.0,559.5,370.25,378.5,370.0,370.2307692307692,0.11854642313401875,18.0,18.0,18.0,18.0,0.3535533905932738,0.019641855032959656,18.041666666666668,0.24650332429581734,0.013663001808544148,18.020833333333332,0.30547663122114954,0.20833333333333334,0.5,0.0016153532877724458,0.3162642174356382,False,True,Indoor,"[33333, 33333]",9700,5.5,0.0,0.8,12.0,"{""AeEnable"": false, ""AwbEnable"": true, ""AwbMode"": ""Indoor"", ""FrameDurationLimits"": [33333, 33333], ""ExposureTime"": 9700, ""AnalogueGain"": 5.5, ""Brightness"": 0.0, ""Contrast"": 0.8, ""LensPosition"": 12.0}"
run_20261002_072510_851363,5380,178,2026-10-02T07:28:11.713,PASS,,,23.94955099953222,5.7355889985046815,4.20491399927414,34.52353200191283,interval,append-only,740,160,80,2,30,125,304,441,provided,26,13,13,26,0,181.0,559.5,370.25,378.5,370.0,370.25,0.1386750490563073,18.0,18.0,18.0,18.0,0.28867513459481287,0.016037507477489603,18.041666666666668,0.24650332429581734,0.013663001808544148,18.020833333333332,0.26922599965250177,0.2916666666666667,0.5,0.013115027944665987,0.30871359786281366,False,True,Indoor,"[33333, 33333]",9700,5.5,0.0,0.8,12.0,"{""AeEnable"": false, ""AwbEnable"": true, ""AwbMode"": ""Indoor"", ""FrameDurationLimits"": [33333, 33333], ""ExposureTime"": 9700, ""AnalogueGain"": 5.5, ""Brightness"": 0.0, ""Contrast"": 0.8, ""LensPosition"": 12.0}"
run_20261002_072510_851363,5411,179,2026-10-02T07:28:12.742,PASS,,,17.62068899915903,5.2569069994206075,3.9633790001971647,26.86223500131746,interval,append-only,740,160,80,2,30,125,304,441,provided,26,13,13,26,0,181.0,559.5,370.25,378.5,370.0,370.21153846153845,0.13323467750529824,18.0,18.0,18.0,18.0,0.28867513459481287,0.016037507477489603,18.041666666666668,0.24650332429581734,0.013663001808544148,18.020833333333332,0.26922599965250177,0.125,0.5,-0.010094747365501942,0.33617944675883177,False,True,Indoor,"[33333, 33333]",9700,5.5,0.0,0.8,12.0,"{""AeEnable"": false, ""AwbEnable"": true, ""AwbMode"": ""Indoor"", ""FrameDurationLimits"": [33333, 33333], ""ExposureTime"": 9700, ""AnalogueGain"": 5.5, ""Brightness"": 0.0, ""Contrast"": 0.8, ""LensPosition"": 12.0}"
run_20261002_072510_851363,5441,180,2026-10-02T07:28:13.750,PASS,,,6.507194000732852,6.2376780006161425,5.976512999041006,18.76443999935873,interval,append-only,740,160,80,2,30,125,304,441,provided,26,13,13,26,0,181.0,559.5,370.25,378.5,370.0,370.21153846153845,0.13323467750529824,18.0,18.0,18.0,18.0,0.28867513459481287,0.016037507477489603,18.041666666666668,0.24650332429581734,0.013663001808544148,18.020833333333332,0.26922599965250177,0.125,0.5,-0.010982655094100945,0.33393789635682636,False,True,Indoor,"[33333, 33333]",9700,5.5,0.0,0.8,12.0,"{""AeEnable"": false, ""AwbEnable"": true, ""AwbMode"": ""Indoor"", ""FrameDurationLimits"": [33333, 33333], ""ExposureTime"": 9700, ""AnalogueGain"": 5.5, ""Brightness"": 0.0, ""Contrast"": 0.8, ""LensPosition"": 12.0}"
run_20261002_072510_851363,5472,181,2026-10-02T07:28:14.777,PASS,,,21.84665899767424,5.419572000391781,3.903860997525044,31.83719899971038,interval,append-only,740,160,80,2,30,125,304,441,provided,26,13,13,26,0,181.0,559.5,370.25,378.5,370.0,370.1923076923077,0.10533126105868577,18.0,18.0,18.0,18.0,0.28867513459481287,0.016037507477489603,18.041666666666668,0.24650332429581734,0.013663001808544148,18.020833333333332,0.26922599965250177,0.041666666666666664,0.5,-0.021839493246832722,0.335909322652447,False,True,Indoor,"[33333, 33333]",9700,5.5,0.0,0.8,12.0,"{""AeEnable"": false, ""AwbEnable"": true, ""AwbMode"": ""Indoor"", ""FrameDurationLimits"": [33333, 33333], ""ExposureTime"": 9700, ""AnalogueGain"": 5.5, ""Brightness"": 0.0, ""Contrast"": 0.8, ""LensPosition"": 12.0}"
run_20261002_072510_851363,5502,182,2026-10-02T07:28:15.778,PASS,,,18.49459000004572,5.460498003230896,3.95536100040772,27.933651999774156,interval,append-only,740,160,80,2,30,125,304,441,provided,26,13,13,26,0,181.0,559.5,370.25,378.5,370.0,370.2307692307692,0.11854642313401875,18.0,18.0,18.0,18.0,0.28867513459481287,0.016037507477489603,18.041666666666668,0.24650332429581734,0.013663001808544148,18.020833333333332,0.26922599965250177,0.20833333333333334,0.5,-5.001547530597988e-05,0.315292469671316,False,True,Indoor,"[33333, 33333]",9700,5.5,0.0,0.8,12.0,"{""AeEnable"": false, ""AwbEnable"": true, ""AwbMode"": ""Indoor"", ""FrameDurationLimits"": [33333, 33333], ""ExposureTime"": 9700, ""AnalogueGain"": 5.5, ""Brightness"": 0.0, ""Contrast"": 0.8, ""LensPosition"": 12.0}"
run_20261002_072510_851363,5533,183,2026-10-02T07:28:16.823,PASS,,,5.361332001484698,6.604693000554107,4.984020000847522,17.025305001880042,interval,append-only,740,160,80,2,30,125,304,441,provided,26,13,13,26,0,181.0,559.5,370.25,378.5,370.0,370.21153846153845,0.13323467750529824,18.0,18.0,18.0,18.0,0.28867513459481287,0.016037507477489603,18.041666666666668,0.24650332429581734,0.013663001808544148,18.020833333333332,0.26922599965250177,0.125,0.5,-0.014931238416910294,0.3326980452103234,False,True,Indoor,"[33333, 33333]",9700,5.5,0.0,0.8,12.0,"{""AeEnable"": false, ""AwbEnable"": true, ""AwbMode"": ""Indoor"", ""FrameDurationLimits"": [33333, 33333], ""ExposureTime"": 9700, ""AnalogueGain"": 5.5, ""Brightness"": 0.0, ""Contrast"": 0.8, ""LensPosition"": 12.0}"
run_20261002_072510_851363,5564,184,2026-10-02T07:28:17.844,PASS,,,22.498745998746017,5.282664998958353,3.937360001145862,31.738754998514196,interval,append-only,740,160,80,2,30,125,304,441,provided,26,13,13,26,0,181.0,559.5,370.25,378.5,370.0,370.21153846153845,0.13323467750529824,18.0,18.0,18.0,18.0,0.28867513459481287,0.016037507477489603,18.041666666666668,0.24650332429581734,0.013663001808544148,18.020833333333332,0.26922599965250177,0.125,0.5,-0.011761857023892857,0.3335245826496585,False,True,Indoor,"[33333, 33333]",9700,5.5,0.0,0.8,12.0,"{""AeEnable"": false, ""AwbEnable"": true, ""AwbMode"": ""Indoor"", ""FrameDurationLimits"": [33333, 33333], ""ExposureTime"": 9700, ""AnalogueGain"": 5.5, ""Brightness"": 0.0, ""Contrast"": 0.8, ""LensPosition"": 12.0}"
run_20261002_072510_851363,5595,185,2026-10-02T07:28:18.875,PASS,,,20.72905500244815,5.338314000255195,3.9203800006362144,30.008563000592403,interval,append-only,740,160,80,2,30,125,304,441,provided,26,13,13,26,0,181.0,559.5,370.25,378.5,370.0,370.2307692307692,0.11854642313401875,18.0,18.0,18.0,18.0,0.28867513459481287,0.016037507477489603,18.041666666666668,0.24650332429581734,0.013663001808544148,18.020833333333332,0.26922599965250177,0.20833333333333334,0.5,-0.001062228744950416,0.31409603799929664,False,True,Indoor,"[33333, 33333]",9700,5.5,0.0,0.8,12.0,"{""AeEnable"": false, ""AwbEnable"": true, ""AwbMode"": ""Indoor"", ""FrameDurationLimits"": [33333, 33333], ""ExposureTime"": 9700, ""AnalogueGain"": 5.5, ""Brightness"": 0.0, ""Contrast"": 0.8, ""LensPosition"": 12.0}"
run_20261002_072510_851363,5625,186,2026-10-02T07:28:19.886,PASS,,,5.024409001634922,5.829568999615731,4.71674499931396,15.607036999426782,interval,append-only,740,160,80,2,30,125,304,441,provided,26,13,13,26,0,181.0,559.5,370.25,378.5,370.0,370.21153846153845,0.0902003030735275,18.0,18.0,18.0,18.0,0.28867513459481287,0.016037507477489603,18.041666666666668,0.24650332429581734,0.013663001808544148,18.020833333333332,0.26922599965250177,0.125,0.5,-0.01477913585957789,0.32241215746797736,False,True,Indoor,"[33333, 33333]",9700,5.5,0.0,0.8,12.0,"{""AeEnable"": false, ""AwbEnable"": true, ""AwbMode"": ""Indoor"", ""FrameDurationLimits"": [33333, 33333], ""ExposureTime"": 9700, ""AnalogueGain"": 5.5, ""Brightness"": 0.0, ""Contrast"": 0.8, ""LensPosition"": 12.0}"
run_20261002_072510_851363,5656,187,2026-10-02T07:28:20.910,PASS,,,21.6954369971063,5.46136800039676,3.9144719994510524,31.092630000784993,interval,append-only,740,160,80,2,30,125,304,441,provided,26,13,13,26,0,181.0,559.5,370.25,378.5,370.0,370.25,0.1386750490563073,18.0,18.0,18.0,18.0,0.28867513459481287,0.016037507477489603,18.041666666666668,0.24650332429581734,0.013663001808544148,18.020833333333332,0.26922599965250177,0.20833333333333334,0.5,0.002627000338070327,0.30641456283939883,False,True,Indoor,"[33333, 33333]",9700,5.5,0.0,0.8,12.0,"{""AeEnable"": false, ""AwbEnable"": true, ""AwbMode"": ""Indoor"", ""FrameDurationLimits"": [33333, 33333], ""ExposureTime"": 9700, ""AnalogueGain"": 5.5, ""Brightness"": 0.0, ""Contrast"": 0.8, ""LensPosition"": 12.0}"
run_20261002_072510_851363,5686,188,2026-10-02T07:28:21.914,PASS,,,17.607354999199742,5.982809001579881,4.699299999629147,28.327908999926876,interval,append-only,740,160,80,2,30,125,304,441,provided,26,13,13,26,0,181.0,559.5,370.25,378.5,370.0,370.2527472527472,0.09851879712659929,18.0,18.0,18.0,18.0,0.19121879052629806,0.010623266140349892,18.041666666666668,0.24650332429581734,0.013663001808544148,18.020833333333332,0.22158132851707601,0.13690476190476156,0.5,0.002998989293727251,0.3029151157914054,False,True,Indoor,"[33333, 33333]",9700,5.5,0.0,0.8,12.0,"{""AeEnable"": false, ""AwbEnable"": true, ""AwbMode"": ""Indoor"", ""FrameDurationLimits"": [33333, 33333], ""ExposureTime"": 9700, ""AnalogueGain"": 5.5, ""Brightness"": 0.0, ""Contrast"": 0.8, ""LensPosition"": 12.0}"
run_20261002_072510_851363,5717,189,2026-10-02T07:28:22.942,PASS,,,19.0668450013618,5.29488800020772,3.937583001970779,28.32003799994709,interval,append-only,740,160,80,2,30,125,304,441,provided,26,13,13,26,0,181.0,559.5,370.25,378.5,370.0,370.2307692307692,0.11854642313401875,18.0,18.0,18.0,18.0,0.28867513459481287,0.016037507477489603,18.041666666666668,0.24650332429581734,0.013663001808544148,18.020833333333332,0.26922599965250177,0.20833333333333334,0.5,-0.009798398942233067,0.3093462105614457,False,True,Indoor,"[33333, 33333]",9700,5.5,0.0,0.8,12.0,"{""AeEnable"": false, ""AwbEnable"": true, ""AwbMode"": ""Indoor"", ""FrameDurationLimits"": [33333, 33333], ""ExposureTime"": 9700, ""AnalogueGain"": 5.5, ""Brightness"": 0.0, ""Contrast"": 0.8, ""LensPosition"": 12.0}"
run_20261002_072510_851363,5747,190,2026-10-02T07:28:23.942,PASS,,,15.947718999086646,5.550775000301655,3.969045999838272,25.489761002972955,interval,append-only,740,160,80,2,30,125,304,441,provided,26,13,13,26,0,181.0,559.5,370.25,378.5,370.0,370.2692307692308,0.11854642313401875,18.0,18.0,18.0,18.0,0.2041241452319315,0.011340230290662862,18.041666666666668,0.24650332429581734,0.013663001808544148,18.020833333333332,0.22726483572157738,0.125,0.5,0.010538937925378359,0.3062081094343372,False,True,Indoor,"[33333, 33333]",9700,5.5,0.0,0.8,12.0,"{""AeEnable"": false, ""AwbEnable"": true, ""AwbMode"": ""Indoor"", ""FrameDurationLimits"": [33333, 33333], ""ExposureTime"": 9700, ""AnalogueGain"": 5.5, ""Brightness"": 0.0, ""Contrast"": 0.8, ""LensPosition"": 12.0}"
run_20261002_072510_851363,5777,191,2026-10-02T07:28:24.943,PASS,,,19.41163900119136,5.553478997171624,3.895230998750776,29.49726999941049,interval,append-only,740,160,80,2,30,125,304,441,provided,26,13,13,26,0,181.0,559.5,370.25,378.5,370.0,370.25,0.1386750490563073,18.0,18.0,18.0,18.0,0.28867513459481287,0.016037507477489603,18.041666666666668,0.24650332429581734,0.013663001808544148,18.020833333333332,0.26922599965250177,0.20833333333333334,1.0,0.0010887073270331791,0.3141383083023033,False,True,Indoor,"[33333, 33333]",9700,5.5,0.0,0.8,12.0,"{""AeEnable"": false, ""AwbEnable"": true, ""AwbMode"": ""Indoor"", ""FrameDurationLimits"": [33333, 33333], ""ExposureTime"": 9700, ""AnalogueGain"": 5.5, ""Brightness"": 0.0, ""Contrast"": 0.8, ""LensPosition"": 12.0}"
run_20261002_072510_851363,5807,192,2026-10-02T07:28:25.946,PASS,,,17.823243000748334,5.718144999264041,4.000990000349702,27.567635999730555,interval,append-only,740,160,80,2,30,125,304,441,provided,26,13,13,26,0,181.0,559.5,370.25,378.5,370.0,370.2692307692308,0.11854642313401875,18.0,18.0,18.0,18.0,0.2041241452319315,0.011340230290662862,18.041666666666668,0.24650332429581734,0.013663001808544148,18.020833333333332,0.22726483572157738,0.125,0.5,0.008216133920053782,0.3116490464866972,False,True,Indoor,"[33333, 33333]",9700,5.5,0.0,0.8,12.0,"{""AeEnable"": false, ""AwbEnable"": true, ""AwbMode"": ""Indoor"", ""FrameDurationLimits"": [33333, 33333], ""ExposureTime"": 9700, ""AnalogueGain"": 5.5, ""Brightness"": 0.0, ""Contrast"": 0.8, ""LensPosition"": 12.0}"
run_20261002_072510_851363,5837,193,2026-10-02T07:28:26.948,PASS,,,22.062396998080658,6.394323998392792,4.643486001441488,33.8646090021939,interval,append-only,740,160,80,2,30,125,304,441,provided,26,13,13,26,0,181.0,559.5,370.25,378.5,370.0,370.2692307692308,0.11854642313401875,18.0,18.0,18.0,18.0,0.2041241452319315,0.011340230290662862,18.041666666666668,0.24650332429581734,0.013663001808544148,18.020833333333332,0.22726483572157738,0.125,0.5,0.009407331727989398,0.30018899278009514,False,True,Indoor,"[33333, 33333]",9700,5.5,0.0,0.8,12.0,"{""AeEnable"": false, ""AwbEnable"": true, ""AwbMode"": ""Indoor"", ""FrameDurationLimits"": [33333, 33333], ""ExposureTime"": 9700, ""AnalogueGain"": 5.5, ""Brightness"": 0.0, ""Contrast"": 0.8, ""LensPosition"": 12.0}"
run_20261002_072510_851363,5868,194,2026-10-02T07:28:27.977,PASS,,,21.391309001046466,5.398590998083819,3.9143229987530503,30.72490900012781,interval,append-only,740,160,80,2,30,125,304,441,provided,26,13,13,26,0,181.0,559.5,370.25,378.5,370.0,370.25,0.09805806756909202,18.0,18.0,18.0,18.0,0.2041241452319315,0.011340230290662862,18.041666666666668,0.24650332429581734,0.013663001808544148,18.020833333333332,0.22726483572157738,0.125,0.5,-0.0054936301214747974,0.30577964854771283,False,True,Indoor,"[33333, 33333]",9700,5.5,0.0,0.8,12.0,"{""AeEnable"": false, ""AwbEnable"": true, ""AwbMode"": ""Indoor"", ""FrameDurationLimits"": [33333, 33333], ""ExposureTime"": 9700, ""AnalogueGain"": 5.5, ""Brightness"": 0.0, ""Contrast"": 0.8, ""LensPosition"": 12.0}"
run_20261002_072510_851363,5898,195,2026-10-02T07:28:28.982,PASS,,,6.290639998042025,5.87571700089029,4.682800001319265,16.88641600048868,interval,append-only,740,160,80,2,30,125,304,441,provided,26,13,13,26,0,181.0,559.5,370.25,378.5,370.0,370.2692307692308,0.11854642313401875,18.0,18.0,18.0,18.0,0.2041241452319315,0.011340230290662862,18.041666666666668,0.24650332429581734,0.013663001808544148,18.020833333333332,0.22726483572157738,0.125,0.5,0.005050785325921608,0.3029644838551605,False,True,Indoor,"[33333, 33333]",9700,5.5,0.0,0.8,12.0,"{""AeEnable"": false, ""AwbEnable"": true, ""AwbMode"": ""Indoor"", ""FrameDurationLimits"": [33333, 33333], ""ExposureTime"": 9700, ""AnalogueGain"": 5.5, ""Brightness"": 0.0, ""Contrast"": 0.8, ""LensPosition"": 12.0}"
run_20261002_072510_851363,5926,196,2026-10-02T07:28:30.009,PASS,,,19.894042001396883,5.29751700014458,3.91558300179895,29.128402002243092,interval,append-only,740,160,80,2,30,125,304,441,provided,26,13,13,26,0,181.0,559.5,370.25,378.5,370.0,370.28846153846155,0.13323467750529824,18.0,18.0,18.0,18.0,0.2041241452319315,0.011340230290662862,18.041666666666668,0.24650332429581734,0.013663001808544148,18.020833333333332,0.22726483572157738,0.20833333333333334,0.5,0.017759961906463125,0.2951934351707886,False,True,Indoor,"[33333, 33333]",9700,5.5,0.0,0.8,12.0,"{""AeEnable"": false, ""AwbEnable"": true, ""AwbMode"": ""Indoor"", ""FrameDurationLimits"": [33333, 33333], ""ExposureTime"": 9700, ""AnalogueGain"": 5.5, ""Brightness"": 0.0, ""Contrast"": 0.8, ""LensPosition"": 12.0}"
run_20261002_072510_851363,5956,197,2026-10-02T07:28:31.013,PASS,,,17.90450100088492,5.77547700231662,4.693669998232508,28.41118500145967,interval,append-only,740,160,80,2,30,125,304,441,provided,26,13,13,26,0,181.0,559.5,370.25,378.5,370.0,370.2692307692308,0.11854642313401875,18.0,18.0,18.0,18.0,0.2041241452319315,0.011340230290662862,18.041666666666668,0.24650332429581734,0.013663001808544148,18.020833333333332,0.22726483572157738,0.125,0.5,0.008413507767472721,0.30286601930825086,False,True,Indoor,"[33333, 33333]",9700,5.5,0.0,0.8,12.0,"{""AeEnable"": false, ""AwbEnable"": true, ""AwbMode"": ""Indoor"", ""FrameDurationLimits"": [33333, 33333], ""ExposureTime"": 9700, ""AnalogueGain"": 5.5, ""Brightness"": 0.0, ""Contrast"": 0.8, ""LensPosition"": 12.0}"
run_20261002_072510_851363,5987,198,2026-10-02T07:28:32.043,PASS,,,20.57235200118157,5.307054998411331,3.924139000446303,30.441930000961293,interval,append-only,740,160,80,2,30,125,304,441,provided,26,13,13,26,0,181.0,559.5,370.25,378.5,370.0,370.271978021978,0.11848273985081215,18.0,18.0,18.0,18.0,0.19121879052629806,0.010623266140349892,18.041666666666668,0.24650332429581734,0.013663001808544148,18.020833333333332,0.22158132851707601,0.13690476190476156,0.5,0.007913576886825088,0.2994914903551793,False,True,Indoor,"[33333, 33333]",9700,5.5,0.0,0.8,12.0,"{""AeEnable"": false, ""AwbEnable"": true, ""AwbMode"": ""Indoor"", ""FrameDurationLimits"": [33333, 33333], ""ExposureTime"": 9700, ""AnalogueGain"": 5.5, ""Brightness"": 0.0, ""Contrast"": 0.8, ""LensPosition"": 12.0}"
run_20261002_072510_851363,6017,199,2026-10-02T07:28:33.044,PASS,,,22.288783999101724,5.810366001242073,4.093785999430111,32.21926799960784,interval,append-only,740,160,80,2,30,125,304,441,provided,26,13,13,26,0,181.0,559.5,370.25,378.5,370.0,370.271978021978,0.11848273985081215,18.0,18.0,18.0,18.0,0.19121879052629806,0.010623266140349892,18.041666666666668,0.24650332429581734,0.013663001808544148,18.020833333333332,0.22158132851707601,0.13690476190476156,0.5,0.008756202723445811,0.2953838914950044,False,True,Indoor,"[33333, 33333]",9700,5.5,0.0,0.8,12.0,"{""AeEnable"": false, ""AwbEnable"": true, ""AwbMode"": ""Indoor"", ""FrameDurationLimits"": [33333, 33333], ""ExposureTime"": 9700, ""AnalogueGain"": 5.5, ""Brightness"": 0.0, ""Contrast"": 0.8, ""LensPosition"": 12.0}"
run_20261002_072510_851363,6047,200,2026-10-02T07:28:34.054,PASS,,,5.466257000080077,5.885791000764584,4.684133000409929,16.071347999968566,interval,append-only,740,160,80,2,30,125,304,441,provided,26,13,13,26,0,181.0,559.5,370.25,378.5,370.0,370.3076923076923,0.14390989949130545,18.0,18.0,18.0,18.0,0.2041241452319315,0.011340230290662862,18.041666666666668,0.24650332429581734,0.013663001808544148,18.020833333333332,0.22726483572157738,0.20833333333333334,0.5,0.023514544960703505,0.3028301296866797,False,True,Indoor,"[33333, 33333]",9700,5.5,0.0,0.8,12.0,"{""AeEnable"": false, ""AwbEnable"": true, ""AwbMode"": ""Indoor"", ""FrameDurationLimits"": [33333, 33333], ""ExposureTime"": 9700, ""AnalogueGain"": 5.5, ""Brightness"": 0.0, ""Contrast"": 0.8, ""LensPosition"": 12.0}"
run_20261002_072510_851363,6078,201,2026-10-02T07:28:35.076,PASS,,,19.549617998563917,5.5754040004103445,3.923304997442756,29.068679999909364,interval,append-only,740,160,80,2,30,125,304,441,provided,26,13,13,26,0,181.0,559.5,370.25,378.5,370.0,370.3076923076923,0.14390989949130545,18.0,18.0,18.0,18.0,0.2041241452319315,0.011340230290662862,18.041666666666668,0.24650332429581734,0.013663001808544148,18.020833333333332,0.22726483572157738,0.20833333333333334,0.5,0.02171186589697527,0.30315285639593853,False,True,Indoor,"[33333, 33333]",9700,5.5,0.0,0.8,12.0,"{""AeEnable"": false, ""AwbEnable"": true, ""AwbMode"": ""Indoor"", ""FrameDurationLimits"": [33333, 33333], ""ExposureTime"": 9700, ""AnalogueGain"": 5.5, ""Brightness"": 0.0, ""Contrast"": 0.8, ""LensPosition"": 12.0}"
run_20261002_072510_851363,6109,202,2026-10-02T07:28:36.110,PASS,,,22.00165600152104,5.234296000708127,3.9348789978248533,31.191701997158816,interval,append-only,740,160,80,2,30,125,304,441,provided,26,13,13,26,0,181.0,559.5,370.25,378.5,370.0,370.3076923076923,0.14390989949130545,18.0,18.0,18.0,18.0,0.2041241452319315,0.011340230290662862,18.041666666666668,0.24650332429581734,0.013663001808544148,18.020833333333332,0.22726483572157738,0.20833333333333334,0.5,0.02201513727298896,0.30193153273311263,False,True,Indoor,"[33333, 33333]",9700,5.5,0.0,0.8,12.0,"{""AeEnable"": false, ""AwbEnable"": true, ""AwbMode"": ""Indoor"", ""FrameDurationLimits"": [33333, 33333], ""ExposureTime"": 9700, ""AnalogueGain"": 5.5, ""Brightness"": 0.0, ""Contrast"": 0.8, ""LensPosition"": 12.0}"
run_20261002_072510_851363,6137,203,2026-10-02T07:28:37.114,PASS,,,17.50854000056279,5.899495001358446,4.745465997984866,28.190704997541616,interval,append-only,740,160,80,2,30,125,304,441,provided,26,13,13,26,0,181.0,559.5,370.25,378.5,370.0,370.2692307692308,0.11854642313401875,18.0,18.0,18.0,18.0,0.2041241452319315,0.011340230290662862,18.041666666666668,0.24650332429581734,0.013663001808544148,18.020833333333332,0.22726483572157738,0.125,0.5,0.00561343974309326,0.3110358560546753,False,True,Indoor,"[33333, 33333]",9700,5.5,0.0,0.8,12.0,"{""AeEnable"": false, ""AwbEnable"": true, ""AwbMode"": ""Indoor"", ""FrameDurationLimits"": [33333, 33333], ""ExposureTime"": 9700, ""AnalogueGain"": 5.5, ""Brightness"": 0.0, ""Contrast"": 0.8, ""LensPosition"": 12.0}"
run_20261002_072510_851363,6168,204,2026-10-02T07:28:38.143,PASS,,,19.55739599725348,5.516607998288237,3.9138980027928483,29.62884199951077,interval,append-only,740,160,80,2,30,125,304,441,provided,26,13,13,26,0,181.0,559.5,370.25,378.5,370.0,370.29120879120876,0.13278072498455576,18.0,18.0,18.0,18.0,0.19121879052629806,0.010623266140349892,18.041666666666668,0.24650332429581734,0.013663001808544148,18.020833333333332,0.22158132851707601,0.13690476190476156,0.5,0.018121651190292836,0.3062609773341104,False,True,Indoor,"[33333, 33333]",9700,5.5,0.0,0.8,12.0,"{""AeEnable"": false, ""AwbEnable"": true, ""AwbMode"": ""Indoor"", ""FrameDurationLimits"": [33333, 33333], ""ExposureTime"": 9700, ""AnalogueGain"": 5.5, ""Brightness"": 0.0, ""Contrast"": 0.8, ""LensPosition"": 12.0}"
run_20261002_072510_851363,6198,205,2026-10-02T07:28:39.147,PASS,,,14.015918000950478,5.741588000091724,4.89457599906018,24.67810000234749,interval,append-only,740,160,80,2,30,125,304,441,provided,26,13,13,26,0,181.0,559.5,370.25,378.5,370.0,370.28846153846155,0.13323467750529824,18.0,18.0,18.0,18.0,0.2041241452319315,0.011340230290662862,18.041666666666668,0.24650332429581734,0.013663001808544148,18.020833333333332,0.22726483572157738,0.125,0.5,0.011592869019691622,0.3068685306856002,False,True,Indoor,"[33333, 33333]",9700,5.5,0.0,0.8,12.0,"{""AeEnable"": false, ""AwbEnable"": true, ""AwbMode"": ""Indoor"", ""FrameDurationLimits"": [33333, 33333], ""ExposureTime"": 9700, ""AnalogueGain"": 5.5, ""Brightness"": 0.0, ""Contrast"": 0.8, ""LensPosition"": 12.0}"
run_20261002_072510_851363,6229,206,2026-10-02T07:28:40.183,PASS,,,8.415883999987273,5.9424020000733435,4.740484000649303,19.138546998874517,interval,append-only,740,160,80,2,30,125,304,441,provided,26,13,13,26,0,181.0,559.5,370.25,378.5,370.0,370.28846153846155,0.13323467750529824,18.0,18.0,18.0,18.0,0.2041241452319315,0.011340230290662862,18.041666666666668,0.24650332429581734,0.013663001808544148,18.020833333333332,0.22726483572157738,0.125,0.5,0.01670564350211051,0.30922779308115517,False,True,Indoor,"[33333, 33333]",9700,5.5,0.0,0.8,12.0,"{""AeEnable"": false, ""AwbEnable"": true, ""AwbMode"": ""Indoor"", ""FrameDurationLimits"": [33333, 33333], ""ExposureTime"": 9700, ""AnalogueGain"": 5.5, ""Brightness"": 0.0, ""Contrast"": 0.8, ""LensPosition"": 12.0}"
run_20261002_072510_851363,6260,207,2026-10-02T07:28:41.210,PASS,,,18.6495140005718,5.31066599796759,4.290395001589786,28.951828000572277,interval,append-only,740,160,80,2,30,125,304,441,provided,26,13,13,26,0,181.0,559.5,370.25,378.5,370.0,370.28846153846155,0.13323467750529824,18.0,18.0,18.0,18.0,0.2041241452319315,0.011340230290662862,18.041666666666668,0.24650332429581734,0.013663001808544148,18.020833333333332,0.22726483572157738,0.125,0.5,0.018019958085805417,0.30338196349422014,False,True,Indoor,"[33333, 33333]",9700,5.5,0.0,0.8,12.0,"{""AeEnable"": false, ""AwbEnable"": true, ""AwbMode"": ""Indoor"", ""FrameDurationLimits"": [33333, 33333], ""ExposureTime"": 9700, ""AnalogueGain"": 5.5, ""Brightness"": 0.0, ""Contrast"": 0.8, ""LensPosition"": 12.0}"
run_20261002_072510_851363,6290,208,2026-10-02T07:28:42.247,PASS,,,24.837190998368897,6.103752999479184,4.336710000643507,35.2997449990653,interval,append-only,740,160,80,2,30,125,304,441,provided,26,13,13,26,0,181.0,559.5,370.25,378.5,370.0,370.28846153846155,0.13323467750529824,18.0,18.0,18.0,18.0,0.2041241452319315,0.011340230290662862,18.041666666666668,0.24650332429581734,0.013663001808544148,18.020833333333332,0.22726483572157738,0.125,0.5,0.020115007511508274,0.3048080369527436,False,True,Indoor,"[33333, 33333]",9700,5.5,0.0,0.8,12.0,"{""AeEnable"": false, ""AwbEnable"": true, ""AwbMode"": ""Indoor"", ""FrameDurationLimits"": [33333, 33333], ""ExposureTime"": 9700, ""AnalogueGain"": 5.5, ""Brightness"": 0.0, ""Contrast"": 0.8, ""LensPosition"": 12.0}"
run_20261002_072510_851363,6320,209,2026-10-02T07:28:43.248,PASS,,,14.594357999158092,6.283472997893114,5.486571997607825,26.409958001750056,interval,append-only,740,160,80,2,30,125,304,441,provided,26,13,13,26,0,181.0,559.5,370.25,378.5,370.0,370.25,0.09805806756909202,18.0,18.0,18.0,18.0,0.2041241452319315,0.011340230290662862,18.041666666666668,0.24650332429581734,0.013663001808544148,18.020833333333332,0.22726483572157738,0.125,0.5,0.0003368588690423079,0.30650755087574294,False,True,Indoor,"[33333, 33333]",9700,5.5,0.0,0.8,12.0,"{""AeEnable"": false, ""AwbEnable"": true, ""AwbMode"": ""Indoor"", ""FrameDurationLimits"": [33333, 33333], ""ExposureTime"": 9700, ""AnalogueGain"": 5.5, ""Brightness"": 0.0, ""Contrast"": 0.8, ""LensPosition"": 12.0}"
run_20261002_072510_851363,6351,210,2026-10-02T07:28:44.280,PASS,,,16.085069000837393,6.547731001774082,5.019020001782337,28.447849999793107,interval,append-only,740,160,80,2,30,125,304,441,provided,26,13,13,26,0,181.0,559.5,370.25,378.5,370.0,370.2692307692308,0.11854642313401875,18.0,18.0,18.0,18.0,0.2041241452319315,0.011340230290662862,18.041666666666668,0.24650332429581734,0.013663001808544148,18.020833333333332,0.22726483572157738,0.125,0.5,0.010778150585969443,0.31149104575019476,False,True,Indoor,"[33333, 33333]",9700,5.5,0.0,0.8,12.0,"{""AeEnable"": false, ""AwbEnable"": true, ""AwbMode"": ""Indoor"", ""FrameDurationLimits"": [33333, 33333], ""ExposureTime"": 9700, ""AnalogueGain"": 5.5, ""Brightness"": 0.0, ""Contrast"": 0.8, ""LensPosition"": 12.0}"
run_20261002_072510_851363,6382,211,2026-10-02T07:28:45.311,PASS,,,18.419182000798173,5.650330000207759,4.260562000126811,28.357814000628423,interval,append-only,740,160,80,2,30,125,304,441,provided,26,13,13,26,0,181.0,559.5,370.25,378.5,370.0,370.2692307692308,0.11854642313401875,18.0,18.0,18.0,18.0,0.2041241452319315,0.011340230290662862,18.041666666666668,0.24650332429581734,0.013663001808544148,18.020833333333332,0.22726483572157738,0.125,0.5,0.011250454273490088,0.310791559463026,False,True,Indoor,"[33333, 33333]",9700,5.5,0.0,0.8,12.0,"{""AeEnable"": false, ""AwbEnable"": true, ""AwbMode"": ""Indoor"", ""FrameDurationLimits"": [33333, 33333], ""ExposureTime"": 9700, ""AnalogueGain"": 5.5, ""Brightness"": 0.0, ""Contrast"": 0.8, ""LensPosition"": 12.0}"
run_20261002_072510_851363,6412,212,2026-10-02T07:28:46.316,PASS,,,7.654648001334863,5.939012000453658,4.7620959994674195,18.38977399893338,interval,append-only,740,160,80,2,30,125,304,441,provided,26,13,13,26,0,181.0,559.5,370.25,378.5,370.0,370.2307692307692,0.11854642313401875,18.0,18.0,18.0,18.0,0.28867513459481287,0.016037507477489603,18.041666666666668,0.24650332429581734,0.013663001808544148,18.020833333333332,0.26922599965250177,0.20833333333333334,0.5,-0.007551434595025779,0.3105354387494447,False,True,Indoor,"[33333, 33333]",9700,5.5,0.0,0.8,12.0,"{""AeEnable"": false, ""AwbEnable"": true, ""AwbMode"": ""Indoor"", ""FrameDurationLimits"": [33333, 33333], ""ExposureTime"": 9700, ""AnalogueGain"": 5.5, ""Brightness"": 0.0, ""Contrast"": 0.8, ""LensPosition"": 12.0}"
run_20261002_072510_851363,6443,213,2026-10-02T07:28:47.342,PASS,,,19.38945300207706,5.249220997939119,3.9144719994510524,28.573960000358056,interval,append-only,740,160,80,2,30,125,304,441,provided,26,13,13,26,0,181.0,559.5,370.25,378.5,370.0,370.2307692307692,0.11854642313401875,18.0,18.0,18.0,18.0,0.28867513459481287,0.016037507477489603,18.041666666666668,0.24650332429581734,0.013663001808544148,18.020833333333332,0.26922599965250177,0.20833333333333334,0.5,-0.007647625258292452,0.3136921071741443,False,True,Indoor,"[33333, 33333]",9700,5.5,0.0,0.8,12.0,"{""AeEnable"": false, ""AwbEnable"": true, ""AwbMode"": ""Indoor"", ""FrameDurationLimits"": [33333, 33333], ""ExposureTime"": 9700, ""AnalogueGain"": 5.5, ""Brightness"": 0.0, ""Contrast"": 0.8, ""LensPosition"": 12.0}"
run_20261002_072510_851363,6473,214,2026-10-02T07:28:48.347,PASS,,,17.256875002203742,5.774810000730213,4.689576999226119,27.75753999958397,interval,append-only,740,160,80,2,30,125,304,441,provided,26,13,13,26,0,181.0,559.5,370.25,378.5,370.0,370.21153846153845,0.13323467750529824,18.0,18.0,18.0,18.0,0.28867513459481287,0.016037507477489603,18.041666666666668,0.3796013991310124,0.0210402623074926,18.020833333333332,0.3378598904213928,0.20833333333333334,1.0,-0.018822759513991098,0.31049406055218537,False,True,Indoor,"[33333, 33333]",9700,5.5,0.0,0.8,12.0,"{""AeEnable"": false, ""AwbEnable"": true, ""AwbMode"": ""Indoor"", ""FrameDurationLimits"": [33333, 33333], ""ExposureTime"": 9700, ""AnalogueGain"": 5.5, ""Brightness"": 0.0, ""Contrast"": 0.8, ""LensPosition"": 12.0}"
run_20261002_072510_851363,6504,215,2026-10-02T07:28:49.381,PASS,,,17.603557997063035,7.055764002871001,5.314646998158423,30.7380930025829,interval,append-only,740,160,80,2,30,125,304,441,provided,26,13,13,26,0,181.0,559.5,370.25,378.5,370.0,370.2307692307692,0.11854642313401875,18.0,18.0,18.0,18.0,0.28867513459481287,0.016037507477489603,18.041666666666668,0.24650332429581734,0.013663001808544148,18.020833333333332,0.26922599965250177,0.20833333333333334,0.5,-0.006011812921104164,0.31146772484203605,False,True,Indoor,"[33333, 33333]",9700,5.5,0.0,0.8,12.0,"{""AeEnable"": false, ""AwbEnable"": true, ""AwbMode"": ""Indoor"", ""FrameDurationLimits"": [33333, 33333], ""ExposureTime"": 9700, ""AnalogueGain"": 5.5, ""Brightness"": 0.0, ""Contrast"": 0.8, ""LensPosition"": 12.0}"
run_20261002_072510_851363,6534,216,2026-10-02T07:28:50.381,PASS,,,16.57693500237656,5.955938002443872,4.666298998927232,27.233507000346435,interval,append-only,740,160,80,2,30,125,304,441,provided,26,13,13,26,0,181.0,559.5,370.25,378.5,370.0,370.25,0.09805806756909202,18.0,18.0,18.0,18.0,0.2041241452319315,0.011340230290662862,18.041666666666668,0.24650332429581734,0.013663001808544148,18.020833333333332,0.22726483572157738,0.125,0.5,0.0018682275237279756,0.30647689840467934,False,True,Indoor,"[33333, 33333]",9700,5.5,0.0,0.8,12.0,"{""AeEnable"": false, ""AwbEnable"": true, ""AwbMode"": ""Indoor"", ""FrameDurationLimits"": [33333, 33333], ""ExposureTime"": 9700, ""AnalogueGain"": 5.5, ""Brightness"": 0.0, ""Contrast"": 0.8, ""LensPosition"": 12.0}"
run_20261002_072510_851363,6565,217,2026-10-02T07:28:51.410,PASS,,,20.852497000305448,5.483404002006864,4.031618998851627,31.006146000436274,interval,append-only,740,160,80,2,30,125,304,441,provided,26,13,13,26,0,181.0,559.5,370.25,378.5,370.0,370.21153846153845,0.0902003030735275,18.0,18.0,18.0,18.0,0.2041241452319315,0.011340230290662862,18.041666666666668,0.3796013991310124,0.0210402623074926,18.020833333333332,0.30547663122114954,0.125,0.5,-0.017310517556095507,0.3103775328908294,False,True,Indoor,"[33333, 33333]",9700,5.5,0.0,0.8,12.0,"{""AeEnable"": false, ""AwbEnable"": true, ""AwbMode"": ""Indoor"", ""FrameDurationLimits"": [33333, 33333], ""ExposureTime"": 9700, ""AnalogueGain"": 5.5, ""Brightness"": 0.0, ""Contrast"": 0.8, ""LensPosition"": 12.0}"
run_20261002_072510_851363,6595,218,2026-10-02T07:28:52.411,PASS,,,15.505906001635594,6.313027999567566,4.0955820004455745,25.93642400097451,interval,append-only,740,160,80,2,30,125,304,441,provided,26,13,13,26,0,181.0,559.5,370.25,378.5,370.0,370.2307692307692,0.11854642313401875,18.0,18.0,18.0,18.0,0.28867513459481287,0.016037507477489603,18.041666666666668,0.3796013991310124,0.0210402623074926,18.020833333333332,0.3378598904213928,0.20833333333333334,0.5,-0.0071051390882508675,0.30794781557850104,False,True,Indoor,"[33333, 33333]",9700,5.5,0.0,0.8,12.0,"{""AeEnable"": false, ""AwbEnable"": true, ""AwbMode"": ""Indoor"", ""FrameDurationLimits"": [33333, 33333], ""ExposureTime"": 9700, ""AnalogueGain"": 5.5, ""Brightness"": 0.0, ""Contrast"": 0.8, ""LensPosition"": 12.0}"
run_20261002_072510_851363,6626,219,2026-10-02T07:28:53.451,PASS,,,6.076956000470091,6.094547999964561,4.76576100118109,16.973283996776445,interval,append-only,740,160,80,2,30,125,304,441,provided,26,13,13,26,0,181.0,559.5,370.25,378.5,370.0,370.2307692307692,0.11854642313401875,18.0,18.0,18.0,18.0,0.28867513459481287,0.016037507477489603,18.041666666666668,0.24650332429581734,0.013663001808544148,18.020833333333332,0.26922599965250177,0.20833333333333334,0.5,-0.005150775261313903,0.2969534924437229,False,True,Indoor,"[33333, 33333]",9700,5.5,0.0,0.8,12.0,"{""AeEnable"": false, ""AwbEnable"": true, ""AwbMode"": ""Indoor"", ""FrameDurationLimits"": [33333, 33333], ""ExposureTime"": 9700, ""AnalogueGain"": 5.5, ""Brightness"": 0.0, ""Contrast"": 0.8, ""LensPosition"": 12.0}"
run_20261002_072510_851363,6657,220,2026-10-02T07:28:54.480,PASS,,,17.456984998716507,6.654987999354489,4.818687997612869,29.691822001041146,interval,append-only,740,160,80,2,30,125,304,441,provided,26,13,13,26,0,181.0,559.5,370.25,378.5,370.0,370.2307692307692,0.11854642313401875,18.0,18.0,18.0,18.0,0.28867513459481287,0.016037507477489603,18.041666666666668,0.24650332429581734,0.013663001808544148,18.020833333333332,0.26922599965250177,0.20833333333333334,0.5,-0.007299481191103369,0.3089178838275389,False,True,Indoor,"[33333, 33333]",9700,5.5,0.0,0.8,12.0,"{""AeEnable"": false, ""AwbEnable"": true, ""AwbMode"": ""Indoor"", ""FrameDurationLimits"": [33333, 33333], ""ExposureTime"": 9700, ""AnalogueGain"": 5.5, ""Brightness"": 0.0, ""Contrast"": 0.8, ""LensPosition"": 12.0}"
run_20261002_072510_851363,6688,221,2026-10-02T07:28:55.509,PASS,,,15.154556000197772,5.540312002267456,4.268320997653063,24.98691200162284,interval,append-only,740,160,80,2,30,125,304,441,provided,26,13,13,26,0,181.0,559.5,370.25,378.5,370.0,370.21153846153845,0.13323467750529824,18.0,18.0,18.0,18.0,0.28867513459481287,0.016037507477489603,18.041666666666668,0.3796013991310124,0.0210402623074926,18.020833333333332,0.3378598904213928,0.20833333333333334,1.0,-0.01341488102719305,0.3108676119696879,False,True,Indoor,"[33333, 33333]",9700,5.5,0.0,0.8,12.0,"{""AeEnable"": false, ""AwbEnable"": true, ""AwbMode"": ""Indoor"", ""FrameDurationLimits"": [33333, 33333], ""ExposureTime"": 9700, ""AnalogueGain"": 5.5, ""Brightness"": 0.0, ""Contrast"": 0.8, ""LensPosition"": 12.0}"
run_20261002_072510_851363,6718,222,2026-10-02T07:28:56.515,PASS,,,20.668850000220118,5.942994001088664,4.6950950018072035,31.331328998930985,interval,append-only,740,160,80,2,30,125,304,441,provided,26,13,13,26,0,181.0,559.5,370.25,378.5,370.0,370.2307692307692,0.11854642313401875,18.0,18.0,18.0,18.0,0.2041241452319315,0.011340230290662862,18.041666666666668,0.3796013991310124,0.0210402623074926,18.020833333333332,0.30547663122114954,0.20833333333333334,1.0,-0.0037310835163561016,0.3054037344386053,False,True,Indoor,"[33333, 33333]",9700,5.5,0.0,0.8,12.0,"{""AeEnable"": false, ""AwbEnable"": true, ""AwbMode"": ""Indoor"", ""FrameDurationLimits"": [33333, 33333], ""ExposureTime"": 9700, ""AnalogueGain"": 5.5, ""Brightness"": 0.0, ""Contrast"": 0.8, ""LensPosition"": 12.0}"
run_20261002_072510_851363,6749,223,2026-10-02T07:28:57.544,PASS,,,20.245796997187426,5.467811999551486,4.41798600149923,30.821294996712822,interval,append-only,740,160,80,2,30,125,304,441,provided,26,13,13,26,0,181.0,559.5,370.25,378.5,370.0,370.21153846153845,0.13323467750529824,18.0,18.0,18.0,18.0,0.28867513459481287,0.016037507477489603,18.041666666666668,0.3796013991310124,0.0210402623074926,18.020833333333332,0.3378598904213928,0.20833333333333334,1.0,-0.013567712935126836,0.31152951403187795,False,True,Indoor,"[33333, 33333]",9700,5.5,0.0,0.8,12.0,"{""AeEnable"": false, ""AwbEnable"": true, ""AwbMode"": ""Indoor"", ""FrameDurationLimits"": [33333, 33333], ""ExposureTime"": 9700, ""AnalogueGain"": 5.5, ""Brightness"": 0.0, ""Contrast"": 0.8, ""LensPosition"": 12.0}"
run_20261002_072510_851363,6779,224,2026-10-02T07:28:58.548,PASS,,,17.611778999707894,7.1800219993747305,4.121524998481618,28.937790000782115,interval,append-only,740,160,80,2,30,125,304,441,provided,26,13,13,26,0,181.0,559.5,370.25,378.5,370.0,370.25,0.09805806756909202,18.0,18.0,18.0,18.0,0.2041241452319315,0.011340230290662862,18.041666666666668,0.24650332429581734,0.013663001808544148,18.020833333333332,0.22726483572157738,0.125,0.5,0.0033419700037095133,0.30459819281115474,False,True,Indoor,"[33333, 33333]",9700,5.5,0.0,0.8,12.0,"{""AeEnable"": false, ""AwbEnable"": true, ""AwbMode"": ""Indoor"", ""FrameDurationLimits"": [33333, 33333], ""ExposureTime"": 9700, ""AnalogueGain"": 5.5, ""Brightness"": 0.0, ""Contrast"": 0.8, ""LensPosition"": 12.0}"
run_20261002_072510_851363,6809,225,2026-10-02T07:28:59.552,PASS,,,5.914253000810277,7.068208000418963,5.6088479977915995,18.62873500067508,interval,append-only,740,160,80,2,30,125,304,441,provided,26,13,13,26,0,181.0,559.5,370.25,378.5,370.0,370.21153846153845,0.13323467750529824,18.0,18.0,18.0,18.0,0.28867513459481287,0.016037507477489603,18.041666666666668,0.3796013991310124,0.0210402623074926,18.020833333333332,0.3378598904213928,0.20833333333333334,1.0,-0.016942324847289678,0.31233185311218076,False,True,Indoor,"[33333, 33333]",9700,5.5,0.0,0.8,12.0,"{""AeEnable"": false, ""AwbEnable"": true, ""AwbMode"": ""Indoor"", ""FrameDurationLimits"": [33333, 33333], ""ExposureTime"": 9700, ""AnalogueGain"": 5.5, ""Brightness"": 0.0, ""Contrast"": 0.8, ""LensPosition"": 12.0}"
run_20261002_072510_851363,6840,226,2026-10-02T07:29:00.578,PASS,,,20.41190700037987,6.124493000243092,4.309153999201953,30.870850998326205,interval,append-only,740,160,80,2,30,125,304,441,provided,26,13,13,26,0,181.0,559.5,370.25,378.5,370.0,370.2307692307692,0.11854642313401875,18.0,18.0,18.0,18.0,0.28867513459481287,0.016037507477489603,18.041666666666668,0.24650332429581734,0.013663001808544148,18.020833333333332,0.26922599965250177,0.20833333333333334,0.5,-0.008258385566235277,0.31071143358251024,False,True,Indoor,"[33333, 33333]",9700,5.5,0.0,0.8,12.0,"{""AeEnable"": false, ""AwbEnable"": true, ""AwbMode"": ""Indoor"", ""FrameDurationLimits"": [33333, 33333], ""ExposureTime"": 9700, ""AnalogueGain"": 5.5, ""Brightness"": 0.0, ""Contrast"": 0.8, ""LensPosition"": 12.0}"
run_20261002_072510_851363,6870,227,2026-10-02T07:29:01.585,PASS,,,5.449479001981672,5.797236000944395,5.052888998761773,16.339732999767875,interval,append-only,740,160,80,2,30,125,304,441,provided,26,13,13,26,0,181.0,559.5,370.25,378.5,370.0,370.2692307692308,0.15384615384615385,18.0,18.0,18.0,18.0,0.28867513459481287,0.016037507477489603,18.041666666666668,0.24650332429581734,0.013663001808544148,18.020833333333332,0.26922599965250177,0.20833333333333334,1.0,0.014686088848232696,0.3146116895634141,False,True,Indoor,"[33333, 33333]",9700,5.5,0.0,0.8,12.0,"{""AeEnable"": false, ""AwbEnable"": true, ""AwbMode"": ""Indoor"", ""FrameDurationLimits"": [33333, 33333], ""ExposureTime"": 9700, ""AnalogueGain"": 5.5, ""Brightness"": 0.0, ""Contrast"": 0.8, ""LensPosition"": 12.0}"
run_20261002_072510_851363,6901,228,2026-10-02T07:29:02.610,PASS,,,20.056613997439854,5.408756998804165,4.061339997861069,30.202170000848128,interval,append-only,740,160,80,2,30,125,304,441,provided,26,13,13,26,0,181.0,559.5,370.25,378.5,370.0,370.2307692307692,0.11854642313401875,18.0,18.0,18.0,18.0,0.28867513459481287,0.016037507477489603,18.041666666666668,0.24650332429581734,0.013663001808544148,18.020833333333332,0.26922599965250177,0.20833333333333334,0.5,-0.004890457163037026,0.311809347945835,False,True,Indoor,"[33333, 33333]",9700,5.5,0.0,0.8,12.0,"{""AeEnable"": false, ""AwbEnable"": true, ""AwbMode"": ""Indoor"", ""FrameDurationLimits"": [33333, 33333], ""ExposureTime"": 9700, ""AnalogueGain"": 5.5, ""Brightness"": 0.0, ""Contrast"": 0.8, ""LensPosition"": 12.0}"
run_20261002_072510_851363,6931,229,2026-10-02T07:29:03.610,PASS,,,15.064576000440866,5.43627600200125,5.038315001002047,25.571259000571445,interval,append-only,740,160,80,2,30,125,304,441,provided,26,13,13,26,0,181.0,559.5,370.25,378.5,370.0,370.2307692307692,0.11854642313401875,18.0,18.0,18.0,18.0,0.28867513459481287,0.016037507477489603,18.041666666666668,0.24650332429581734,0.013663001808544148,18.020833333333332,0.26922599965250177,0.20833333333333334,0.5,-0.008811559944106762,0.30939575488555804,False,True,Indoor,"[33333, 33333]",9700,5.5,0.0,0.8,12.0,"{""AeEnable"": false, ""AwbEnable"": true, ""AwbMode"": ""Indoor"", ""FrameDurationLimits"": [33333, 33333], ""ExposureTime"": 9700, ""AnalogueGain"": 5.5, ""Brightness"": 0.0, ""Contrast"": 0.8, ""LensPosition"": 12.0}"
run_20261002_072510_851363,6961,230,2026-10-02T07:29:04.618,PASS,,,6.724431998009095,8.229181003116537,5.507403999217786,20.50031399994623,interval,append-only,740,160,80,2,30,125,304,441,provided,26,13,13,26,0,181.0,559.5,370.25,378.5,370.0,370.2307692307692,0.11854642313401875,18.0,18.0,18.0,18.0,0.2041241452319315,0.011340230290662862,18.041666666666668,0.3796013991310124,0.0210402623074926,18.020833333333332,0.30547663122114954,0.20833333333333334,1.0,-0.0050359949851207595,0.30583347898755076,False,True,Indoor,"[33333, 33333]",9700,5.5,0.0,0.8,12.0,"{""AeEnable"": false, ""AwbEnable"": true, ""AwbMode"": ""Indoor"", ""FrameDurationLimits"": [33333, 33333], ""ExposureTime"": 9700, ""AnalogueGain"": 5.5, ""Brightness"": 0.0, ""Contrast"": 0.8, ""LensPosition"": 12.0}"
run_20261002_072510_851363,6992,231,2026-10-02T07:29:05.642,PASS,,,18.970713997987332,5.597477000264917,3.9587300016137306,28.549459999339888,interval,append-only,740,160,80,2,30,125,304,441,provided,26,13,13,26,0,181.0,559.5,370.25,378.5,370.0,370.25,0.1386750490563073,18.0,18.0,18.0,18.0,0.28867513459481287,0.016037507477489603,18.041666666666668,0.24650332429581734,0.013663001808544148,18.020833333333332,0.26922599965250177,0.20833333333333334,1.0,-0.0016275213333127698,0.31783505523122524,False,True,Indoor,"[33333, 33333]",9700,5.5,0.0,0.8,12.0,"{""AeEnable"": false, ""AwbEnable"": true, ""AwbMode"": ""Indoor"", ""FrameDurationLimits"": [33333, 33333], ""ExposureTime"": 9700, ""AnalogueGain"": 5.5, ""Brightness"": 0.0, ""Contrast"": 0.8, ""LensPosition"": 12.0}"
run_20261002_072510_851363,7022,232,2026-10-02T07:29:06.644,PASS,,,15.821719000086887,5.396831998950802,4.467837999982294,25.713127997732954,interval,append-only,740,160,80,2,30,125,304,441,provided,26,13,13,26,0,181.0,559.5,370.25,378.5,370.0,370.25,0.1386750490563073,18.0,18.0,18.0,18.0,0.28867513459481287,0.016037507477489603,18.041666666666668,0.24650332429581734,0.013663001808544148,18.020833333333332,0.26922599965250177,0.20833333333333334,0.5,-0.0001994379088510702,0.3049460868614289,False,True,Indoor,"[33333, 33333]",9700,5.5,0.0,0.8,12.0,"{""AeEnable"": false, ""AwbEnable"": true, ""AwbMode"": ""Indoor"", ""FrameDurationLimits"": [33333, 33333], ""ExposureTime"": 9700, ""AnalogueGain"": 5.5, ""Brightness"": 0.0, ""Contrast"": 0.8, ""LensPosition"": 12.0}"
run_20261002_072510_851363,7052,233,2026-10-02T07:29:07.647,PASS,,,12.011524002446095,6.039344996679574,4.694780996942427,22.77953799784882,interval,append-only,740,160,80,2,30,125,304,441,provided,26,13,13,26,0,181.0,559.5,370.25,378.5,370.0,370.271978021978,0.11848273985081215,18.0,18.0,18.0,18.0,0.19121879052629806,0.010623266140349892,18.041666666666668,0.24650332429581734,0.013663001808544148,18.020833333333332,0.22158132851707601,0.13690476190476156,0.5,0.009808866684271979,0.30868183524165893,False,True,Indoor,"[33333, 33333]",9700,5.5,0.0,0.8,12.0,"{""AeEnable"": false, ""AwbEnable"": true, ""AwbMode"": ""Indoor"", ""FrameDurationLimits"": [33333, 33333], ""ExposureTime"": 9700, ""AnalogueGain"": 5.5, ""Brightness"": 0.0, ""Contrast"": 0.8, ""LensPosition"": 12.0}"
run_20261002_072510_851363,7082,234,2026-10-02T07:29:08.648,PASS,,,22.103006001998438,6.674803000350948,4.624798999429913,34.037067998724524,interval,append-only,740,160,80,2,30,125,304,441,provided,26,13,13,26,0,181.0,559.5,370.25,378.5,370.0,370.2692307692308,0.11854642313401875,18.0,18.0,18.0,18.0,0.2041241452319315,0.011340230290662862,18.041666666666668,0.24650332429581734,0.013663001808544148,18.020833333333332,0.22726483572157738,0.125,0.5,0.006245379789276102,0.31264322054498306,False,True,Indoor,"[33333, 33333]",9700,5.5,0.0,0.8,12.0,"{""AeEnable"": false, ""AwbEnable"": true, ""AwbMode"": ""Indoor"", ""FrameDurationLimits"": [33333, 33333], ""ExposureTime"": 9700, ""AnalogueGain"": 5.5, ""Brightness"": 0.0, ""Contrast"": 0.8, ""LensPosition"": 12.0}"
run_20261002_072510_851363,7113,235,2026-10-02T07:29:09.677,PASS,,,18.744234002952,6.242398998438148,4.50374499996542,29.518748000555206,interval,append-only,740,160,80,2,30,125,304,441,provided,26,13,13,26,0,181.0,559.5,370.25,378.5,370.0,370.25,0.09805806756909202,18.0,18.0,18.0,18.0,0.2041241452319315,0.011340230290662862,18.041666666666668,0.24650332429581734,0.013663001808544148,18.020833333333332,0.22726483572157738,0.125,0.5,-0.0018942991294067086,0.3063294146415565,False,True,Indoor,"[33333, 33333]",9700,5.5,0.0,0.8,12.0,"{""AeEnable"": false, ""AwbEnable"": true, ""AwbMode"": ""Indoor"", ""FrameDurationLimits"": [33333, 33333], ""ExposureTime"": 9700, ""AnalogueGain"": 5.5, ""Brightness"": 0.0, ""Contrast"": 0.8, ""LensPosition"": 12.0}"
run_20261002_072510_851363,7143,236,2026-10-02T07:29:10.680,PASS,,,13.240273998235352,5.829142999573378,4.68116999763879,23.78891999978805,interval,append-only,740,160,80,2,30,125,304,441,provided,26,13,13,26,0,181.0,559.5,370.25,378.5,370.0,370.2692307692308,0.11854642313401875,18.0,18.0,18.0,18.0,0.2041241452319315,0.011340230290662862,18.041666666666668,0.24650332429581734,0.013663001808544148,18.020833333333332,0.22726483572157738,0.125,0.5,0.009101572189154493,0.31262121944886617,False,True,Indoor,"[33333, 33333]",9700,5.5,0.0,0.8,12.0,"{""AeEnable"": false, ""AwbEnable"": true, ""AwbMode"": ""Indoor"", ""FrameDurationLimits"": [33333, 33333], ""ExposureTime"": 9700, ""AnalogueGain"": 5.5, ""Brightness"": 0.0, ""Contrast"": 0.8, ""LensPosition"": 12.0}"
run_20261002_072510_851363,7174,237,2026-10-02T07:29:11.711,PASS,,,20.8971809988725,5.292719997669337,4.299913001887035,31.161513998085866,interval,append-only,740,160,80,2,30,125,304,441,provided,26,13,13,26,0,181.0,559.5,370.25,378.5,370.0,370.2692307692308,0.11854642313401875,18.0,18.0,18.0,18.0,0.2041241452319315,0.011340230290662862,18.041666666666668,0.24650332429581734,0.013663001808544148,18.020833333333332,0.22726483572157738,0.125,0.5,0.007911320880294918,0.31226872500053404,False,True,Indoor,"[33333, 33333]",9700,5.5,0.0,0.8,12.0,"{""AeEnable"": false, ""AwbEnable"": true, ""AwbMode"": ""Indoor"", ""FrameDurationLimits"": [33333, 33333], ""ExposureTime"": 9700, ""AnalogueGain"": 5.5, ""Brightness"": 0.0, ""Contrast"": 0.8, ""LensPosition"": 12.0}"
run_20261002_072510_851363,7204,238,2026-10-02T07:29:12.713,PASS,,,17.421614000340924,6.581138000910869,4.055785000673495,28.082831999199698,interval,append-only,740,160,80,2,30,125,304,441,provided,26,13,13,26,0,181.0,559.5,370.25,378.5,370.0,370.271978021978,0.11848273985081215,18.0,18.0,18.0,18.0,0.19121879052629806,0.010623266140349892,18.041666666666668,0.24650332429581734,0.013663001808544148,18.020833333333332,0.22158132851707601,0.13690476190476156,0.5,0.009891889028615708,0.3115253704410045,False,True,Indoor,"[33333, 33333]",9700,5.5,0.0,0.8,12.0,"{""AeEnable"": false, ""AwbEnable"": true, ""AwbMode"": ""Indoor"", ""FrameDurationLimits"": [33333, 33333], ""ExposureTime"": 9700, ""AnalogueGain"": 5.5, ""Brightness"": 0.0, ""Contrast"": 0.8, ""LensPosition"": 12.0}"
run_20261002_072510_851363,7234,239,2026-10-02T07:29:13.714,PASS,,,20.056039000337478,6.326417002128437,4.7620209988963325,31.811082997592166,interval,append-only,740,160,80,2,30,125,304,441,provided,26,13,13,26,0,181.0,559.5,370.25,378.5,370.0,370.28846153846155,0.13323467750529824,18.0,18.0,18.0,18.0,0.2041241452319315,0.011340230290662862,18.041666666666668,0.24650332429581734,0.013663001808544148,18.020833333333332,0.22726483572157738,0.125,0.5,0.015411508372691375,0.30379302787365425,False,True,Indoor,"[33333, 33333]",9700,5.5,0.0,0.8,12.0,"{""AeEnable"": false, ""AwbEnable"": true, ""AwbMode"": ""Indoor"", ""FrameDurationLimits"": [33333, 33333], ""ExposureTime"": 9700, ""AnalogueGain"": 5.5, ""Brightness"": 0.0, ""Contrast"": 0.8, ""LensPosition"": 12.0}"
run_20261002_072510_851363,7264,240,2026-10-02T07:29:14.714,PASS,,,19.48780299790087,6.42410100044799,4.674539999541594,30.611055000917986,interval,append-only,740,160,80,2,30,125,304,441,provided,26,13,13,26,0,181.0,559.5,370.25,378.5,370.0,370.28846153846155,0.13323467750529824,18.0,18.0,18.0,18.0,0.2041241452319315,0.011340230290662862,18.041666666666668,0.24650332429581734,0.013663001808544148,18.020833333333332,0.22726483572157738,0.125,0.5,0.013103578914126501,0.3101910479149841,False,True,Indoor,"[33333, 33333]",9700,5.5,0.0,0.8,12.0,"{""AeEnable"": false, ""AwbEnable"": true, ""AwbMode"": ""Indoor"", ""FrameDurationLimits"": [33333, 33333], ""ExposureTime"": 9700, ""AnalogueGain"": 5.5, ""Brightness"": 0.0, ""Contrast"": 0.8, ""LensPosition"": 12.0}"
run_20261002_072510_851363,7295,241,2026-10-02T07:29:15.743,PASS,,,17.157042002509115,5.629200000839774,4.39461600035429,27.872277998540085,interval,append-only,740,160,80,2,30,125,304,441,provided,26,13,13,26,0,181.0,559.5,370.25,378.5,370.0,370.2692307692308,0.11854642313401875,18.0,18.0,18.0,18.0,0.2041241452319315,0.011340230290662862,18.041666666666668,0.24650332429581734,0.013663001808544148,18.020833333333332,0.22726483572157738,0.125,0.5,0.0034523307164709884,0.31693019338103134,False,True,Indoor,"[33333, 33333]",9700,5.5,0.0,0.8,12.0,"{""AeEnable"": false, ""AwbEnable"": true, ""AwbMode"": ""Indoor"", ""FrameDurationLimits"": [33333, 33333], ""ExposureTime"": 9700, ""AnalogueGain"": 5.5, ""Brightness"": 0.0, ""Contrast"": 0.8, ""LensPosition"": 12.0}"
run_20261002_072510_851363,7325,242,2026-10-02T07:29:16.746,PASS,,,18.307348000234924,6.007640997268027,4.154858001129469,28.49608899850864,interval,append-only,740,160,80,2,30,125,304,441,provided,26,13,13,26,0,181.0,559.5,370.25,378.5,370.0,370.3076923076923,0.14390989949130545,18.0,18.0,18.0,18.0,0.2041241452319315,0.011340230290662862,18.041666666666668,0.24650332429581734,0.013663001808544148,18.020833333333332,0.22726483572157738,0.20833333333333334,0.5,0.024101713541356255,0.29738156472766253,False,True,Indoor,"[33333, 33333]",9700,5.5,0.0,0.8,12.0,"{""AeEnable"": false, ""AwbEnable"": true, ""AwbMode"": ""Indoor"", ""FrameDurationLimits"": [33333, 33333], ""ExposureTime"": 9700, ""AnalogueGain"": 5.5, ""Brightness"": 0.0, ""Contrast"": 0.8, ""LensPosition"": 12.0}"
run_20261002_072510_851363,7355,243,2026-10-02T07:29:17.749,PASS,,,8.01372000205447,5.708142998628318,4.838687000301434,18.6265310003364,interval,append-only,740,160,80,2,30,125,304,441,provided,26,13,13,26,0,181.0,559.5,370.25,378.5,370.0,370.28846153846155,0.13323467750529824,18.0,18.0,18.0,18.0,0.2041241452319315,0.011340230290662862,18.041666666666668,0.24650332429581734,0.013663001808544148,18.020833333333332,0.22726483572157738,0.125,0.5,0.009335509561190327,0.30778934464027646,False,True,Indoor,"[33333, 33333]",9700,5.5,0.0,0.8,12.0,"{""AeEnable"": false, ""AwbEnable"": true, ""AwbMode"": ""Indoor"", ""FrameDurationLimits"": [33333, 33333], ""ExposureTime"": 9700, ""AnalogueGain"": 5.5, ""Brightness"": 0.0, ""Contrast"": 0.8, ""LensPosition"": 12.0}"
run_20261002_072510_851363,7386,244,2026-10-02T07:29:18.778,PASS,,,21.82078499754425,5.466423001053045,3.950749000068754,31.261104999430245,interval,append-only,740,160,80,2,30,125,304,441,provided,26,13,13,26,0,181.0,559.5,370.25,378.5,370.0,370.2692307692308,0.15384615384615385,18.0,18.0,18.0,18.0,0.28867513459481287,0.016037507477489603,18.041666666666668,0.24650332429581734,0.013663001808544148,18.020833333333332,0.26922599965250177,0.2916666666666667,1.0,0.002674311961144418,0.31442237947241997,False,True,Indoor,"[33333, 33333]",9700,5.5,0.0,0.8,12.0,"{""AeEnable"": false, ""AwbEnable"": true, ""AwbMode"": ""Indoor"", ""FrameDurationLimits"": [33333, 33333], ""ExposureTime"": 9700, ""AnalogueGain"": 5.5, ""Brightness"": 0.0, ""Contrast"": 0.8, ""LensPosition"": 12.0}"
run_20261002_072510_851363,7416,245,2026-10-02T07:29:19.780,PASS,,,12.308280998695409,6.194843001139816,4.774520999490051,23.314606998610543,interval,append-only,740,160,80,2,30,125,304,441,provided,26,13,13,26,0,181.0,559.5,370.25,378.5,370.0,370.3076923076923,0.14390989949130545,18.0,18.0,18.0,18.0,0.2041241452319315,0.011340230290662862,18.041666666666668,0.24650332429581734,0.013663001808544148,18.020833333333332,0.22726483572157738,0.20833333333333334,0.5,0.019146470063836647,0.3035877610722767,False,True,Indoor,"[33333, 33333]",9700,5.5,0.0,0.8,12.0,"{""AeEnable"": false, ""AwbEnable"": true, ""AwbMode"": ""Indoor"", ""FrameDurationLimits"": [33333, 33333], ""ExposureTime"": 9700, ""AnalogueGain"": 5.5, ""Brightness"": 0.0, ""Contrast"": 0.8, ""LensPosition"": 12.0}"
run_20261002_072510_851363,7447,246,2026-10-02T07:29:20.811,PASS,,,18.594642002426554,5.485256999236299,4.277413998352131,29.433618001348805,interval,append-only,740,160,80,2,30,125,304,441,provided,26,13,13,26,0,181.0,559.5,370.25,378.5,370.0,370.28846153846155,0.13323467750529824,18.0,18.0,18.0,18.0,0.2041241452319315,0.011340230290662862,18.041666666666668,0.24650332429581734,0.013663001808544148,18.020833333333332,0.22726483572157738,0.125,0.5,0.0066291066927589145,0.3091470192036888,False,True,Indoor,"[33333, 33333]",9700,5.5,0.0,0.8,12.0,"{""AeEnable"": false, ""AwbEnable"": true, ""AwbMode"": ""Indoor"", ""FrameDurationLimits"": [33333, 33333], ""ExposureTime"": 9700, ""AnalogueGain"": 5.5, ""Brightness"": 0.0, ""Contrast"": 0.8, ""LensPosition"": 12.0}"
run_20261002_072510_851363,7477,247,2026-10-02T07:29:21.812,PASS,,,19.29556300092372,6.135307001386536,4.125136001675855,29.58102399861673,interval,append-only,740,160,80,2,30,125,304,441,provided,26,13,13,26,0,181.0,559.5,370.25,378.5,370.0,370.28846153846155,0.13323467750529824,18.0,18.0,18.0,18.0,0.2041241452319315,0.011340230290662862,18.041666666666668,0.24650332429581734,0.013663001808544148,18.020833333333332,0.22726483572157738,0.125,0.5,0.011630373898636474,0.30623299850587166,False,True,Indoor,"[33333, 33333]",9700,5.5,0.0,0.8,12.0,"{""AeEnable"": false, ""AwbEnable"": true, ""AwbMode"": ""Indoor"", ""FrameDurationLimits"": [33333, 33333], ""ExposureTime"": 9700, ""AnalogueGain"": 5.5, ""Brightness"": 0.0, ""Contrast"": 0.8, ""LensPosition"": 12.0}"
run_20261002_072510_851363,7507,248,2026-10-02T07:29:22.816,PASS,,,5.371664999984205,5.676089000189677,5.352645999664674,16.43741699808743,interval,append-only,740,160,80,2,30,125,304,441,provided,26,13,13,26,0,181.0,559.5,370.25,378.5,370.0,370.28846153846155,0.13323467750529824,18.0,18.0,18.0,18.0,0.2041241452319315,0.011340230290662862,18.041666666666668,0.24650332429581734,0.013663001808544148,18.020833333333332,0.22726483572157738,0.125,0.5,0.010834791629686326,0.3095535290529813,False,True,Indoor,"[33333, 33333]",9700,5.5,0.0,0.8,12.0,"{""AeEnable"": false, ""AwbEnable"": true, ""AwbMode"": ""Indoor"", ""FrameDurationLimits"": [33333, 33333], ""ExposureTime"": 9700, ""AnalogueGain"": 5.5, ""Brightness"": 0.0, ""Contrast"": 0.8, ""LensPosition"": 12.0}"
run_20261002_072510_851363,7538,249,2026-10-02T07:29:23.844,PASS,,,22.20665300046676,5.213444001128664,3.92539699896588,31.988673999876482,interval,append-only,740,160,80,2,30,125,304,441,provided,26,13,13,26,0,181.0,559.5,370.25,378.5,370.0,370.2692307692308,0.11854642313401875,18.0,18.0,18.0,18.0,0.2041241452319315,0.011340230290662862,18.041666666666668,0.24650332429581734,0.013663001808544148,18.020833333333332,0.22726483572157738,0.125,0.5,-0.0008687971142725596,0.30078320542613085,False,True,Indoor,"[33333, 33333]",9700,5.5,0.0,0.8,12.0,"{""AeEnable"": false, ""AwbEnable"": true, ""AwbMode"": ""Indoor"", ""FrameDurationLimits"": [33333, 33333], ""ExposureTime"": 9700, ""AnalogueGain"": 5.5, ""Brightness"": 0.0, ""Contrast"": 0.8, ""LensPosition"": 12.0}"
run_20261002_072510_851363,7568,250,2026-10-02T07:29:24.845,PASS,,,18.469901999196736,5.328813000232913,4.092061997653218,27.91190700008883,interval,append-only,740,160,80,2,30,125,304,441,provided,26,13,13,26,0,181.0,559.5,370.25,378.5,370.0,370.3076923076923,0.14390989949130545,18.0,18.0,18.0,18.0,0.2041241452319315,0.011340230290662862,18.041666666666668,0.24650332429581734,0.013663001808544148,18.020833333333332,0.22726483572157738,0.20833333333333334,0.5,0.021458955611062328,0.3046647708328676,False,True,Indoor,"[33333, 33333]",9700,5.5,0.0,0.8,12.0,"{""AeEnable"": false, ""AwbEnable"": true, ""AwbMode"": ""Indoor"", ""FrameDurationLimits"": [33333, 33333], ""ExposureTime"": 9700, ""AnalogueGain"": 5.5, ""Brightness"": 0.0, ""Contrast"": 0.8, ""LensPosition"": 12.0}"
run_20261002_072510_851363,7598,251,2026-10-02T07:29:25.847,PASS,,,19.498006000503665,5.638106002152199,4.661558999941917,29.833189000783022,interval,append-only,740,160,80,2,30,125,304,441,provided,26,13,13,26,0,181.0,559.5,370.25,378.5,370.0,370.28846153846155,0.13323467750529824,18.0,18.0,18.0,18.0,0.2041241452319315,0.011340230290662862,18.041666666666668,0.24650332429581734,0.013663001808544148,18.020833333333332,0.22726483572157738,0.125,0.5,0.0066495524894912925,0.3109479242490797,False,True,Indoor,"[33333, 33333]",9700,5.5,0.0,0.8,12.0,"{""AeEnable"": false, ""AwbEnable"": true, ""AwbMode"": ""Indoor"", ""FrameDurationLimits"": [33333, 33333], ""ExposureTime"": 9700, ""AnalogueGain"": 5.5, ""Brightness"": 0.0, ""Contrast"": 0.8, ""LensPosition"": 12.0}"
run_20261002_072510_851363,7629,252,2026-10-02T07:29:26.876,PASS,,,20.839662000071257,5.25977600045735,3.8971570029389113,30.634405997261638,interval,append-only,740,160,80,2,30,125,304,441,provided,26,13,13,26,0,181.0,559.5,370.25,378.5,370.0,370.28846153846155,0.13323467750529824,18.0,18.0,18.0,18.0,0.2041241452319315,0.011340230290662862,18.041666666666668,0.24650332429581734,0.013663001808544148,18.020833333333332,0.22726483572157738,0.125,0.5,0.006613428364311438,0.3104875103433483,False,True,Indoor,"[33333, 33333]",9700,5.5,0.0,0.8,12.0,"{""AeEnable"": false, ""AwbEnable"": true, ""AwbMode"": ""Indoor"", ""FrameDurationLimits"": [33333, 33333], ""ExposureTime"": 9700, ""AnalogueGain"": 5.5, ""Brightness"": 0.0, ""Contrast"": 0.8, ""LensPosition"": 12.0}"
run_20261002_072510_851363,7660,253,2026-10-02T07:29:27.908,PASS,,,21.085863998450805,5.2233870010240935,3.9198779995786026,30.249167000874877,interval,append-only,740,160,80,2,30,125,304,441,provided,26,13,13,26,0,181.0,559.5,370.25,378.5,370.0,370.28846153846155,0.13323467750529824,18.0,18.0,18.0,18.0,0.2041241452319315,0.011340230290662862,18.041666666666668,0.24650332429581734,0.013663001808544148,18.020833333333332,0.22726483572157738,0.125,0.5,0.008090674586533453,0.306656766616163,False,True,Indoor,"[33333, 33333]",9700,5.5,0.0,0.8,12.0,"{""AeEnable"": false, ""AwbEnable"": true, ""AwbMode"": ""Indoor"", ""FrameDurationLimits"": [33333, 33333], ""ExposureTime"": 9700, ""AnalogueGain"": 5.5, ""Brightness"": 0.0, ""Contrast"": 0.8, ""LensPosition"": 12.0}"
run_20261002_072510_851363,7690,254,2026-10-02T07:29:28.910,PASS,,,17.749999999068677,5.391201000747969,3.9690079975116532,27.132264000101713,interval,append-only,740,160,80,2,30,125,304,441,provided,26,13,13,26,0,181.0,559.5,370.25,378.5,370.0,370.3076923076923,0.14390989949130545,18.0,18.0,18.0,18.0,0.2041241452319315,0.011340230290662862,18.041666666666668,0.24650332429581734,0.013663001808544148,18.020833333333332,0.22726483572157738,0.20833333333333334,0.5,0.015863216720867095,0.3048457962639801,False,True,Indoor,"[33333, 33333]",9700,5.5,0.0,0.8,12.0,"{""AeEnable"": false, ""AwbEnable"": true, ""AwbMode"": ""Indoor"", ""FrameDurationLimits"": [33333, 33333], ""ExposureTime"": 9700, ""AnalogueGain"": 5.5, ""Brightness"": 0.0, ""Contrast"": 0.8, ""LensPosition"": 12.0}"
run_20261002_072510_851363,7720,255,2026-10-02T07:29:29.915,PASS,,,6.233362000784837,5.795346998638706,4.716131999884965,16.78172899846686,interval,append-only,740,160,80,2,30,125,304,441,provided,26,13,13,26,0,181.0,559.5,370.25,378.5,370.0,370.28846153846155,0.13323467750529824,18.0,18.0,18.0,18.0,0.2041241452319315,0.011340230290662862,18.041666666666668,0.24650332429581734,0.013663001808544148,18.020833333333332,0.22726483572157738,0.125,0.5,0.006309281382400491,0.3098306549158451,False,True,Indoor,"[33333, 33333]",9700,5.5,0.0,0.8,12.0,"{""AeEnable"": false, ""AwbEnable"": true, ""AwbMode"": ""Indoor"", ""FrameDurationLimits"": [33333, 33333], ""ExposureTime"": 9700, ""AnalogueGain"": 5.5, ""Brightness"": 0.0, ""Contrast"": 0.8, ""LensPosition"": 12.0}"
run_20261002_072510_851363,7751,256,2026-10-02T07:29:30.941,PASS,,,19.162470001901966,5.2357400018081535,3.893583001627121,28.312812002695864,interval,append-only,740,160,80,2,30,125,304,441,provided,26,13,13,26,0,181.0,559.5,370.25,378.5,370.0,370.28846153846155,0.13323467750529824,18.0,18.0,18.0,18.0,0.2041241452319315,0.011340230290662862,18.041666666666668,0.24650332429581734,0.013663001808544148,18.020833333333332,0.22726483572157738,0.125,0.5,0.008749642660717427,0.30941439879994803,False,True,Indoor,"[33333, 33333]",9700,5.5,0.0,0.8,12.0,"{""AeEnable"": false, ""AwbEnable"": true, ""AwbMode"": ""Indoor"", ""FrameDurationLimits"": [33333, 33333], ""ExposureTime"": 9700, ""AnalogueGain"": 5.5, ""Brightness"": 0.0, ""Contrast"": 0.8, ""LensPosition"": 12.0}"
run_20261002_072510_851363,7781,257,2026-10-02T07:29:31.948,PASS,,,5.898234001506353,5.654848002450308,4.638651997083798,16.227287997025996,interval,append-only,740,160,80,2,30,125,304,441,provided,26,13,13,26,0,181.0,559.5,370.25,378.5,370.0,370.2692307692308,0.11854642313401875,18.0,18.0,18.0,18.0,0.2041241452319315,0.011340230290662862,18.041666666666668,0.24650332429581734,0.013663001808544148,18.020833333333332,0.22726483572157738,0.125,0.5,-0.0029910321623446,0.31416794010998517,False,True,Indoor,"[33333, 33333]",9700,5.5,0.0,0.8,12.0,"{""AeEnable"": false, ""AwbEnable"": true, ""AwbMode"": ""Indoor"", ""FrameDurationLimits"": [33333, 33333], ""ExposureTime"": 9700, ""AnalogueGain"": 5.5, ""Brightness"": 0.0, ""Contrast"": 0.8, ""LensPosition"": 12.0}"
run_20261002_072510_851363,7812,258,2026-10-02T07:29:32.975,PASS,,,21.229103000223404,5.354644999897573,3.95748899973114,30.56155399826821,interval,append-only,740,160,80,2,30,125,304,441,provided,26,13,13,26,0,181.0,559.5,370.25,378.5,370.0,370.28846153846155,0.13323467750529824,18.0,18.0,18.0,18.0,0.2041241452319315,0.011340230290662862,18.041666666666668,0.24650332429581734,0.013663001808544148,18.020833333333332,0.22726483572157738,0.125,0.5,0.006987078737965318,0.311305016190718,False,True,Indoor,"[33333, 33333]",9700,5.5,0.0,0.8,12.0,"{""AeEnable"": false, ""AwbEnable"": true, ""AwbMode"": ""Indoor"", ""FrameDurationLimits"": [33333, 33333], ""ExposureTime"": 9700, ""AnalogueGain"": 5.5, ""Brightness"": 0.0, ""Contrast"": 0.8, ""LensPosition"": 12.0}"
run_20261002_072510_851363,7842,259,2026-10-02T07:29:33.977,PASS,,,16.724600001907675,5.359831000532722,3.9774150027369615,26.083605000167154,interval,append-only,740,160,80,2,30,125,304,441,provided,26,13,13,26,0,181.0,559.5,370.25,378.5,370.0,370.3076923076923,0.14390989949130545,18.0,18.0,18.0,18.0,0.2041241452319315,0.011340230290662862,18.041666666666668,0.24650332429581734,0.013663001808544148,18.020833333333332,0.22726483572157738,0.20833333333333334,0.5,0.017099447004048658,0.30448696234800693,False,True,Indoor,"[33333, 33333]",9700,5.5,0.0,0.8,12.0,"{""AeEnable"": false, ""AwbEnable"": true, ""AwbMode"": ""Indoor"", ""FrameDurationLimits"": [33333, 33333], ""ExposureTime"": 9700, ""AnalogueGain"": 5.5, ""Brightness"": 0.0, ""Contrast"": 0.8, ""LensPosition"": 12.0}"
run_20261002_072510_851363,7872,260,2026-10-02T07:29:35.017,PASS,,,7.779517000017222,5.850531000760384,4.752909000671934,18.419273001200054,interval,append-only,740,160,80,2,30,125,304,441,provided,26,13,13,26,0,181.0,559.5,370.25,378.5,370.0,370.28846153846155,0.13323467750529824,18.0,18.0,18.0,18.0,0.2041241452319315,0.011340230290662862,18.041666666666668,0.24650332429581734,0.013663001808544148,18.020833333333332,0.22726483572157738,0.125,0.5,0.009948546535831326,0.30789624022843143,False,True,Indoor,"[33333, 33333]",9700,5.5,0.0,0.8,12.0,"{""AeEnable"": false, ""AwbEnable"": true, ""AwbMode"": ""Indoor"", ""FrameDurationLimits"": [33333, 33333], ""ExposureTime"": 9700, ""AnalogueGain"": 5.5, ""Brightness"": 0.0, ""Contrast"": 0.8, ""LensPosition"": 12.0}"
run_20261002_072510_851363,7903,261,2026-10-02T07:29:36.042,PASS,,,20.632330000807997,5.370887000026414,3.9001009972707834,29.925299000751693,interval,append-only,740,160,80,2,30,125,304,441,provided,26,13,13,26,0,181.0,559.5,370.25,378.5,370.0,370.28846153846155,0.13323467750529824,18.0,18.0,18.0,18.0,0.2041241452319315,0.011340230290662862,18.041666666666668,0.24650332429581734,0.013663001808544148,18.020833333333332,0.22726483572157738,0.125,0.5,0.012613145722845331,0.3098064170357679,False,True,Indoor,"[33333, 33333]",9700,5.5,0.0,0.8,12.0,"{""AeEnable"": false, ""AwbEnable"": true, ""AwbMode"": ""Indoor"", ""FrameDurationLimits"": [33333, 33333], ""ExposureTime"": 9700, ""AnalogueGain"": 5.5, ""Brightness"": 0.0, ""Contrast"": 0.8, ""LensPosition"": 12.0}"
run_20261002_072510_851363,7933,262,2026-10-02T07:29:37.049,PASS,,,19.804686999123078,5.7221980023314245,4.865909002546687,30.416573001275538,interval,append-only,740,160,80,2,30,125,304,441,provided,26,13,13,26,0,181.0,559.5,370.25,378.5,370.0,370.28846153846155,0.13323467750529824,18.0,18.0,18.0,18.0,0.2041241452319315,0.011340230290662862,18.041666666666668,0.24650332429581734,0.013663001808544148,18.020833333333332,0.22726483572157738,0.125,0.5,0.01095927796922616,0.3085577894642166,False,True,Indoor,"[33333, 33333]",9700,5.5,0.0,0.8,12.0,"{""AeEnable"": false, ""AwbEnable"": true, ""AwbMode"": ""Indoor"", ""FrameDurationLimits"": [33333, 33333], ""ExposureTime"": 9700, ""AnalogueGain"": 5.5, ""Brightness"": 0.0, ""Contrast"": 0.8, ""LensPosition"": 12.0}"
run_20261002_072510_851363,7964,263,2026-10-02T07:29:38.078,PASS,,,20.036390000313986,7.632147997355787,4.076228997291764,32.37646500201663,interval,append-only,740,160,80,2,30,125,304,441,provided,26,13,13,26,0,181.0,559.5,370.25,378.5,370.0,370.2692307692308,0.11854642313401877,18.0,18.0,18.0,18.0,0.2041241452319315,0.011340230290662862,18.041666666666668,0.24650332429581734,0.013663001808544148,18.020833333333332,0.22726483572157738,0.20833333333333334,0.5,0.0029267535849682577,0.30025492842240686,False,True,Indoor,"[33333, 33333]",9700,5.5,0.0,0.8,12.0,"{""AeEnable"": false, ""AwbEnable"": true, ""AwbMode"": ""Indoor"", ""FrameDurationLimits"": [33333, 33333], ""ExposureTime"": 9700, ""AnalogueGain"": 5.5, ""Brightness"": 0.0, ""Contrast"": 0.8, ""LensPosition"": 12.0}"
run_20261002_072510_851363,7995,264,2026-10-02T07:29:39.110,PASS,,,20.27720299884095,5.817606001073727,3.9744889982102904,30.090723998000612,interval,append-only,740,160,80,2,30,125,304,441,provided,26,13,13,26,0,181.0,559.5,370.25,378.5,370.0,370.28846153846155,0.13323467750529824,18.0,18.0,18.0,18.0,0.2041241452319315,0.011340230290662862,18.041666666666668,0.24650332429581734,0.013663001808544148,18.020833333333332,0.22726483572157738,0.125,0.5,0.012929217713542803,0.30810179347771377,False,True,Indoor,"[33333, 33333]",9700,5.5,0.0,0.8,12.0,"{""AeEnable"": false, ""AwbEnable"": true, ""AwbMode"": ""Indoor"", ""FrameDurationLimits"": [33333, 33333], ""ExposureTime"": 9700, ""AnalogueGain"": 5.5, ""Brightness"": 0.0, ""Contrast"": 0.8, ""LensPosition"": 12.0}"
