run_id,frame_id,measurement_index,datetime,gap_id,region,inner_tick_id,outer_tick_id,gap_px,valid,invalid_reason
run_20261002_072510_851363,1,1,2026-10-02T07:25:11.386,1,left,0,1,18.0,True,
run_20261002_072510_851363,1,1,2026-10-02T07:25:11.386,2,left,1,2,18.0,True,
run_20261002_072510_851363,1,1,2026-10-02T07:25:11.386,3,left,2,3,18.0,True,
run_20261002_072510_851363,1,1,2026-10-02T07:25:11.386,4,left,3,4,18.15384615384616,True,
run_20261002_072510_851363,1,1,2026-10-02T07:25:11.386,5,left,4,5,18.34615384615384,True,
run_20261002_072510_851363,1,1,2026-10-02T07:25:11.386,6,left,5,6,18.0,True,
run_20261002_072510_851363,1,1,2026-10-02T07:25:11.386,7,left,6,7,18.0,True,
run_20261002_072510_851363,1,1,2026-10-02T07:25:11.386,8,left,7,8,18.0,True,
run_20261002_072510_851363,1,1,2026-10-02T07:25:11.386,9,left,8,9,18.0,True,
run_20261002_072510_851363,1,1,2026-10-02T07:25:11.386,10,left,9,10,18.0,True,
run_20261002_072510_851363,1,1,2026-10-02T07:25:11.386,11,left,10,11,18.0,True,
run_20261002_072510_851363,1,1,2026-10-02T07:25:11.386,12,left,11,12,18.0,True,
run_20261002_072510_851363,1,1,2026-10-02T07:25:11.386,1,right,0,1,18.0,True,
run_20261002_072510_851363,1,1,2026-10-02T07:25:11.386,2,right,1,2,18.0,True,
run_20261002_072510_851363,1,1,2026-10-02T07:25:11.386,3,right,2,3,18.5,True,
run_20261002_072510_851363,1,1,2026-10-02T07:25:11.386,4,right,3,4,18.0,True,
run_20261002_072510_851363,1,1,2026-10-02T07:25:11.386,5,right,4,5,18.0,True,
run_20261002_072510_851363,1,1,2026-10-02T07:25:11.386,6,right,5,6,18.0,True,
run_20261002_072510_851363,1,1,2026-10-02T07:25:11.386,7,right,6,7,18.5,True,
run_20261002_072510_851363,1,1,2026-10-02T07:25:11.386,8,right,7,8,18.0,True,
run_20261002_072510_851363,1,1,2026-10-02T07:25:11.386,9,right,8,9,18.0,True,
run_20261002_072510_851363,1,1,2026-10-02T07:25:11.386,10,right,9,10,18.0,True,
run_20261002_072510_851363,1,1,2026-10-02T07:25:11.386,11,right,10,11,18.0,True,
run_20261002_072510_851363,1,1,2026-10-02T07:25:11.386,12,right,11,12,17.5,True,
run_20261002_072510_851363,27,2,2026-10-02T07:25:12.411,1,left,0,1,18.0,True,
run_20261002_072510_851363,27,2,2026-10-02T07:25:12.411,2,left,1,2,18.0,True,
run_20261002_072510_851363,27,2,2026-10-02T07:25:12.411,3,left,2,3,18.0,True,
run_20261002_072510_851363,27,2,2026-10-02T07:25:12.411,4,left,3,4,18.15384615384616,True,
run_20261002_072510_851363,27,2,2026-10-02T07:25:12.411,5,left,4,5,18.34615384615384,True,
run_20261002_072510_851363,27,2,2026-10-02T07:25:12.411,6,left,5,6,18.0,True,
run_20261002_072510_851363,27,2,2026-10-02T07:25:12.411,7,left,6,7,18.0,True,
run_20261002_072510_851363,27,2,2026-10-02T07:25:12.411,8,left,7,8,18.0,True,
run_20261002_072510_851363,27,2,2026-10-02T07:25:12.411,9,left,8,9,18.0,True,
run_20261002_072510_851363,27,2,2026-10-02T07:25:12.411,10,left,9,10,18.0,True,
run_20261002_072510_851363,27,2,2026-10-02T07:25:12.411,11,left,10,11,18.0,True,
run_20261002_072510_851363,27,2,2026-10-02T07:25:12.411,12,left,11,12,18.0,True,
run_20261002_072510_851363,27,2,2026-10-02T07:25:12.411,1,right,0,1,18.0,True,
run_20261002_072510_851363,27,2,2026-10-02T07:25:12.411,2,right,1,2,18.0,True,
run_20261002_072510_851363,27,2,2026-10-02T07:25:12.411,3,right,2,3,18.5,True,
run_20261002_072510_851363,27,2,2026-10-02T07:25:12.411,4,right,3,4,18.0,True,
run_20261002_072510_851363,27,2,2026-10-02T07:25:12.411,5,right,4,5,18.0,True,
run_20261002_072510_851363,27,2,2026-10-02T07:25:12.411,6,right,5,6,18.0,True,
run_20261002_072510_851363,27,2,2026-10-02T07:25:12.411,7,right,6,7,18.5,True,
run_20261002_072510_851363,27,2,2026-10-02T07:25:12.411,8,right,7,8,18.0,True,
run_20261002_072510_851363,27,2,2026-10-02T07:25:12.411,9,right,8,9,18.0,True,
run_20261002_072510_851363,27,2,2026-10-02T07:25:12.411,10,right,9,10,18.0,True,
run_20261002_072510_851363,27,2,2026-10-02T07:25:12.411,11,right,10,11,18.0,True,
run_20261002_072510_851363,27,2,2026-10-02T07:25:12.411,12,right,11,12,17.5,True,
run_20261002_072510_851363,53,3,2026-10-02T07:25:13.412,1,left,0,1,18.0,True,
run_20261002_072510_851363,53,3,2026-10-02T07:25:13.412,2,left,1,2,18.0,True,
run_20261002_072510_851363,53,3,2026-10-02T07:25:13.412,3,left,2,3,18.0,True,
run_20261002_072510_851363,53,3,2026-10-02T07:25:13.412,4,left,3,4,18.15384615384616,True,
run_20261002_072510_851363,53,3,2026-10-02T07:25:13.412,5,left,4,5,18.34615384615384,True,
run_20261002_072510_851363,53,3,2026-10-02T07:25:13.412,6,left,5,6,18.0,True,
run_20261002_072510_851363,53,3,2026-10-02T07:25:13.412,7,left,6,7,18.0,True,
run_20261002_072510_851363,53,3,2026-10-02T07:25:13.412,8,left,7,8,18.0,True,
run_20261002_072510_851363,53,3,2026-10-02T07:25:13.412,9,left,8,9,18.0,True,
run_20261002_072510_851363,53,3,2026-10-02T07:25:13.412,10,left,9,10,18.0,True,
run_20261002_072510_851363,53,3,2026-10-02T07:25:13.412,11,left,10,11,18.0,True,
run_20261002_072510_851363,53,3,2026-10-02T07:25:13.412,12,left,11,12,18.0,True,
run_20261002_072510_851363,53,3,2026-10-02T07:25:13.412,1,right,0,1,18.0,True,
run_20261002_072510_851363,53,3,2026-10-02T07:25:13.412,2,right,1,2,18.0,True,
run_20261002_072510_851363,53,3,2026-10-02T07:25:13.412,3,right,2,3,18.5,True,
run_20261002_072510_851363,53,3,2026-10-02T07:25:13.412,4,right,3,4,18.0,True,
run_20261002_072510_851363,53,3,2026-10-02T07:25:13.412,5,right,4,5,18.0,True,
run_20261002_072510_851363,53,3,2026-10-02T07:25:13.412,6,right,5,6,18.0,True,
run_20261002_072510_851363,53,3,2026-10-02T07:25:13.412,7,right,6,7,18.5,True,
run_20261002_072510_851363,53,3,2026-10-02T07:25:13.412,8,right,7,8,18.0,True,
run_20261002_072510_851363,53,3,2026-10-02T07:25:13.412,9,right,8,9,18.0,True,
run_20261002_072510_851363,53,3,2026-10-02T07:25:13.412,10,right,9,10,18.0,True,
run_20261002_072510_851363,53,3,2026-10-02T07:25:13.412,11,right,10,11,18.0,True,
run_20261002_072510_851363,53,3,2026-10-02T07:25:13.412,12,right,11,12,17.5,True,
run_20261002_072510_851363,79,4,2026-10-02T07:25:14.445,1,left,0,1,18.0,True,
run_20261002_072510_851363,79,4,2026-10-02T07:25:14.445,2,left,1,2,18.0,True,
run_20261002_072510_851363,79,4,2026-10-02T07:25:14.445,3,left,2,3,18.0,True,
run_20261002_072510_851363,79,4,2026-10-02T07:25:14.445,4,left,3,4,18.0,True,
run_20261002_072510_851363,79,4,2026-10-02T07:25:14.445,5,left,4,5,18.5,True,
run_20261002_072510_851363,79,4,2026-10-02T07:25:14.445,6,left,5,6,18.0,True,
run_20261002_072510_851363,79,4,2026-10-02T07:25:14.445,7,left,6,7,18.0,True,
run_20261002_072510_851363,79,4,2026-10-02T07:25:14.445,8,left,7,8,18.0,True,
run_20261002_072510_851363,79,4,2026-10-02T07:25:14.445,9,left,8,9,18.0,True,
run_20261002_072510_851363,79,4,2026-10-02T07:25:14.445,10,left,9,10,18.0,True,
run_20261002_072510_851363,79,4,2026-10-02T07:25:14.445,11,left,10,11,18.0,True,
run_20261002_072510_851363,79,4,2026-10-02T07:25:14.445,12,left,11,12,18.0,True,
run_20261002_072510_851363,79,4,2026-10-02T07:25:14.445,1,right,0,1,18.0,True,
run_20261002_072510_851363,79,4,2026-10-02T07:25:14.445,2,right,1,2,18.0,True,
run_20261002_072510_851363,79,4,2026-10-02T07:25:14.445,3,right,2,3,18.5,True,
run_20261002_072510_851363,79,4,2026-10-02T07:25:14.445,4,right,3,4,18.0,True,
run_20261002_072510_851363,79,4,2026-10-02T07:25:14.445,5,right,4,5,18.0,True,
run_20261002_072510_851363,79,4,2026-10-02T07:25:14.445,6,right,5,6,18.0,True,
run_20261002_072510_851363,79,4,2026-10-02T07:25:14.445,7,right,6,7,18.5,True,
run_20261002_072510_851363,79,4,2026-10-02T07:25:14.445,8,right,7,8,18.0,True,
run_20261002_072510_851363,79,4,2026-10-02T07:25:14.445,9,right,8,9,18.0,True,
run_20261002_072510_851363,79,4,2026-10-02T07:25:14.445,10,right,9,10,18.0,True,
run_20261002_072510_851363,79,4,2026-10-02T07:25:14.445,11,right,10,11,18.0,True,
run_20261002_072510_851363,79,4,2026-10-02T07:25:14.445,12,right,11,12,17.5,True,
run_20261002_072510_851363,105,5,2026-10-02T07:25:15.486,1,left,0,1,18.0,True,
run_20261002_072510_851363,105,5,2026-10-02T07:25:15.486,2,left,1,2,18.0,True,
run_20261002_072510_851363,105,5,2026-10-02T07:25:15.486,3,left,2,3,18.0,True,
run_20261002_072510_851363,105,5,2026-10-02T07:25:15.486,4,left,3,4,18.0,True,
run_20261002_072510_851363,105,5,2026-10-02T07:25:15.486,5,left,4,5,18.5,True,
run_20261002_072510_851363,105,5,2026-10-02T07:25:15.486,6,left,5,6,18.0,True,
run_20261002_072510_851363,105,5,2026-10-02T07:25:15.486,7,left,6,7,18.0,True,
run_20261002_072510_851363,105,5,2026-10-02T07:25:15.486,8,left,7,8,18.0,True,
run_20261002_072510_851363,105,5,2026-10-02T07:25:15.486,9,left,8,9,18.0,True,
run_20261002_072510_851363,105,5,2026-10-02T07:25:15.486,10,left,9,10,18.0,True,
run_20261002_072510_851363,105,5,2026-10-02T07:25:15.486,11,left,10,11,18.0,True,
run_20261002_072510_851363,105,5,2026-10-02T07:25:15.486,12,left,11,12,18.0,True,
run_20261002_072510_851363,105,5,2026-10-02T07:25:15.486,1,right,0,1,18.0,True,
run_20261002_072510_851363,105,5,2026-10-02T07:25:15.486,2,right,1,2,18.0,True,
run_20261002_072510_851363,105,5,2026-10-02T07:25:15.486,3,right,2,3,18.5,True,
run_20261002_072510_851363,105,5,2026-10-02T07:25:15.486,4,right,3,4,18.0,True,
run_20261002_072510_851363,105,5,2026-10-02T07:25:15.486,5,right,4,5,18.0,True,
run_20261002_072510_851363,105,5,2026-10-02T07:25:15.486,6,right,5,6,18.0,True,
run_20261002_072510_851363,105,5,2026-10-02T07:25:15.486,7,right,6,7,18.5,True,
run_20261002_072510_851363,105,5,2026-10-02T07:25:15.486,8,right,7,8,18.0,True,
run_20261002_072510_851363,105,5,2026-10-02T07:25:15.486,9,right,8,9,18.0,True,
run_20261002_072510_851363,105,5,2026-10-02T07:25:15.486,10,right,9,10,18.0,True,
run_20261002_072510_851363,105,5,2026-10-02T07:25:15.486,11,right,10,11,17.5,True,
run_20261002_072510_851363,105,5,2026-10-02T07:25:15.486,12,right,11,12,18.0,True,
run_20261002_072510_851363,132,6,2026-10-02T07:25:16.512,1,left,0,1,18.0,True,
run_20261002_072510_851363,132,6,2026-10-02T07:25:16.512,2,left,1,2,18.0,True,
run_20261002_072510_851363,132,6,2026-10-02T07:25:16.512,3,left,2,3,18.0,True,
run_20261002_072510_851363,132,6,2026-10-02T07:25:16.512,4,left,3,4,18.0,True,
run_20261002_072510_851363,132,6,2026-10-02T07:25:16.512,5,left,4,5,18.5,True,
run_20261002_072510_851363,132,6,2026-10-02T07:25:16.512,6,left,5,6,18.0,True,
run_20261002_072510_851363,132,6,2026-10-02T07:25:16.512,7,left,6,7,18.0,True,
run_20261002_072510_851363,132,6,2026-10-02T07:25:16.512,8,left,7,8,18.0,True,
run_20261002_072510_851363,132,6,2026-10-02T07:25:16.512,9,left,8,9,18.0,True,
run_20261002_072510_851363,132,6,2026-10-02T07:25:16.512,10,left,9,10,18.0,True,
run_20261002_072510_851363,132,6,2026-10-02T07:25:16.512,11,left,10,11,18.0,True,
run_20261002_072510_851363,132,6,2026-10-02T07:25:16.512,12,left,11,12,18.0,True,
run_20261002_072510_851363,132,6,2026-10-02T07:25:16.512,1,right,0,1,18.0,True,
run_20261002_072510_851363,132,6,2026-10-02T07:25:16.512,2,right,1,2,18.0,True,
run_20261002_072510_851363,132,6,2026-10-02T07:25:16.512,3,right,2,3,18.5,True,
run_20261002_072510_851363,132,6,2026-10-02T07:25:16.512,4,right,3,4,18.0,True,
run_20261002_072510_851363,132,6,2026-10-02T07:25:16.512,5,right,4,5,18.0,True,
run_20261002_072510_851363,132,6,2026-10-02T07:25:16.512,6,right,5,6,18.0,True,
run_20261002_072510_851363,132,6,2026-10-02T07:25:16.512,7,right,6,7,18.5,True,
run_20261002_072510_851363,132,6,2026-10-02T07:25:16.512,8,right,7,8,18.0,True,
run_20261002_072510_851363,132,6,2026-10-02T07:25:16.512,9,right,8,9,18.0,True,
run_20261002_072510_851363,132,6,2026-10-02T07:25:16.512,10,right,9,10,18.0,True,
run_20261002_072510_851363,132,6,2026-10-02T07:25:16.512,11,right,10,11,17.5,True,
run_20261002_072510_851363,132,6,2026-10-02T07:25:16.512,12,right,11,12,18.0,True,
run_20261002_072510_851363,162,7,2026-10-02T07:25:17.543,1,left,0,1,18.0,True,
run_20261002_072510_851363,162,7,2026-10-02T07:25:17.543,2,left,1,2,18.0,True,
run_20261002_072510_851363,162,7,2026-10-02T07:25:17.543,3,left,2,3,18.0,True,
run_20261002_072510_851363,162,7,2026-10-02T07:25:17.543,4,left,3,4,18.0,True,
run_20261002_072510_851363,162,7,2026-10-02T07:25:17.543,5,left,4,5,18.5,True,
run_20261002_072510_851363,162,7,2026-10-02T07:25:17.543,6,left,5,6,18.0,True,
run_20261002_072510_851363,162,7,2026-10-02T07:25:17.543,7,left,6,7,18.0,True,
run_20261002_072510_851363,162,7,2026-10-02T07:25:17.543,8,left,7,8,18.0,True,
run_20261002_072510_851363,162,7,2026-10-02T07:25:17.543,9,left,8,9,18.0,True,
run_20261002_072510_851363,162,7,2026-10-02T07:25:17.543,10,left,9,10,18.0,True,
run_20261002_072510_851363,162,7,2026-10-02T07:25:17.543,11,left,10,11,18.0,True,
run_20261002_072510_851363,162,7,2026-10-02T07:25:17.543,12,left,11,12,18.0,True,
run_20261002_072510_851363,162,7,2026-10-02T07:25:17.543,1,right,0,1,18.0,True,
run_20261002_072510_851363,162,7,2026-10-02T07:25:17.543,2,right,1,2,18.0,True,
run_20261002_072510_851363,162,7,2026-10-02T07:25:17.543,3,right,2,3,18.5,True,
run_20261002_072510_851363,162,7,2026-10-02T07:25:17.543,4,right,3,4,18.0,True,
run_20261002_072510_851363,162,7,2026-10-02T07:25:17.543,5,right,4,5,18.0,True,
run_20261002_072510_851363,162,7,2026-10-02T07:25:17.543,6,right,5,6,18.07894736842104,True,
run_20261002_072510_851363,162,7,2026-10-02T07:25:17.543,7,right,6,7,18.42105263157896,True,
run_20261002_072510_851363,162,7,2026-10-02T07:25:17.543,8,right,7,8,18.0,True,
run_20261002_072510_851363,162,7,2026-10-02T07:25:17.543,9,right,8,9,18.0,True,
run_20261002_072510_851363,162,7,2026-10-02T07:25:17.543,10,right,9,10,18.0,True,
run_20261002_072510_851363,162,7,2026-10-02T07:25:17.543,11,right,10,11,17.5,True,
run_20261002_072510_851363,162,7,2026-10-02T07:25:17.543,12,right,11,12,18.0,True,
run_20261002_072510_851363,190,8,2026-10-02T07:25:18.550,1,left,0,1,18.0,True,
run_20261002_072510_851363,190,8,2026-10-02T07:25:18.550,2,left,1,2,18.0,True,
run_20261002_072510_851363,190,8,2026-10-02T07:25:18.550,3,left,2,3,18.0,True,
run_20261002_072510_851363,190,8,2026-10-02T07:25:18.550,4,left,3,4,18.0,True,
run_20261002_072510_851363,190,8,2026-10-02T07:25:18.550,5,left,4,5,18.5,True,
run_20261002_072510_851363,190,8,2026-10-02T07:25:18.550,6,left,5,6,18.0,True,
run_20261002_072510_851363,190,8,2026-10-02T07:25:18.550,7,left,6,7,18.0,True,
run_20261002_072510_851363,190,8,2026-10-02T07:25:18.550,8,left,7,8,18.0,True,
run_20261002_072510_851363,190,8,2026-10-02T07:25:18.550,9,left,8,9,18.0,True,
run_20261002_072510_851363,190,8,2026-10-02T07:25:18.550,10,left,9,10,18.0,True,
run_20261002_072510_851363,190,8,2026-10-02T07:25:18.550,11,left,10,11,18.0,True,
run_20261002_072510_851363,190,8,2026-10-02T07:25:18.550,12,left,11,12,18.0,True,
run_20261002_072510_851363,190,8,2026-10-02T07:25:18.550,1,right,0,1,18.0,True,
run_20261002_072510_851363,190,8,2026-10-02T07:25:18.550,2,right,1,2,18.0,True,
run_20261002_072510_851363,190,8,2026-10-02T07:25:18.550,3,right,2,3,18.5,True,
run_20261002_072510_851363,190,8,2026-10-02T07:25:18.550,4,right,3,4,18.0,True,
run_20261002_072510_851363,190,8,2026-10-02T07:25:18.550,5,right,4,5,18.0,True,
run_20261002_072510_851363,190,8,2026-10-02T07:25:18.550,6,right,5,6,18.0,True,
run_20261002_072510_851363,190,8,2026-10-02T07:25:18.550,7,right,6,7,18.5,True,
run_20261002_072510_851363,190,8,2026-10-02T07:25:18.550,8,right,7,8,18.0,True,
run_20261002_072510_851363,190,8,2026-10-02T07:25:18.550,9,right,8,9,18.0,True,
run_20261002_072510_851363,190,8,2026-10-02T07:25:18.550,10,right,9,10,18.0,True,
run_20261002_072510_851363,190,8,2026-10-02T07:25:18.550,11,right,10,11,17.5,True,
run_20261002_072510_851363,190,8,2026-10-02T07:25:18.550,12,right,11,12,18.0,True,
run_20261002_072510_851363,221,9,2026-10-02T07:25:19.609,1,left,0,1,18.0,True,
run_20261002_072510_851363,221,9,2026-10-02T07:25:19.609,2,left,1,2,18.0,True,
run_20261002_072510_851363,221,9,2026-10-02T07:25:19.609,3,left,2,3,18.0,True,
run_20261002_072510_851363,221,9,2026-10-02T07:25:19.609,4,left,3,4,18.0,True,
run_20261002_072510_851363,221,9,2026-10-02T07:25:19.609,5,left,4,5,18.5,True,
run_20261002_072510_851363,221,9,2026-10-02T07:25:19.609,6,left,5,6,18.0,True,
run_20261002_072510_851363,221,9,2026-10-02T07:25:19.609,7,left,6,7,18.0,True,
run_20261002_072510_851363,221,9,2026-10-02T07:25:19.609,8,left,7,8,18.0,True,
run_20261002_072510_851363,221,9,2026-10-02T07:25:19.609,9,left,8,9,18.0,True,
run_20261002_072510_851363,221,9,2026-10-02T07:25:19.609,10,left,9,10,18.0,True,
run_20261002_072510_851363,221,9,2026-10-02T07:25:19.609,11,left,10,11,18.0,True,
run_20261002_072510_851363,221,9,2026-10-02T07:25:19.609,12,left,11,12,18.0,True,
run_20261002_072510_851363,221,9,2026-10-02T07:25:19.609,1,right,0,1,18.0,True,
run_20261002_072510_851363,221,9,2026-10-02T07:25:19.609,2,right,1,2,18.0,True,
run_20261002_072510_851363,221,9,2026-10-02T07:25:19.609,3,right,2,3,18.5,True,
run_20261002_072510_851363,221,9,2026-10-02T07:25:19.609,4,right,3,4,18.0,True,
run_20261002_072510_851363,221,9,2026-10-02T07:25:19.609,5,right,4,5,18.0,True,
run_20261002_072510_851363,221,9,2026-10-02T07:25:19.609,6,right,5,6,18.0,True,
run_20261002_072510_851363,221,9,2026-10-02T07:25:19.609,7,right,6,7,18.5,True,
run_20261002_072510_851363,221,9,2026-10-02T07:25:19.609,8,right,7,8,18.0,True,
run_20261002_072510_851363,221,9,2026-10-02T07:25:19.609,9,right,8,9,18.0,True,
run_20261002_072510_851363,221,9,2026-10-02T07:25:19.609,10,right,9,10,18.0,True,
run_20261002_072510_851363,221,9,2026-10-02T07:25:19.609,11,right,10,11,17.5,True,
run_20261002_072510_851363,221,9,2026-10-02T07:25:19.609,12,right,11,12,18.0,True,
run_20261002_072510_851363,252,10,2026-10-02T07:25:20.610,1,left,0,1,18.0,True,
run_20261002_072510_851363,252,10,2026-10-02T07:25:20.610,2,left,1,2,18.0,True,
run_20261002_072510_851363,252,10,2026-10-02T07:25:20.610,3,left,2,3,18.0,True,
run_20261002_072510_851363,252,10,2026-10-02T07:25:20.610,4,left,3,4,18.0,True,
run_20261002_072510_851363,252,10,2026-10-02T07:25:20.610,5,left,4,5,18.5,True,
run_20261002_072510_851363,252,10,2026-10-02T07:25:20.610,6,left,5,6,18.0,True,
run_20261002_072510_851363,252,10,2026-10-02T07:25:20.610,7,left,6,7,18.0,True,
run_20261002_072510_851363,252,10,2026-10-02T07:25:20.610,8,left,7,8,18.0,True,
run_20261002_072510_851363,252,10,2026-10-02T07:25:20.610,9,left,8,9,18.0,True,
run_20261002_072510_851363,252,10,2026-10-02T07:25:20.610,10,left,9,10,18.0,True,
run_20261002_072510_851363,252,10,2026-10-02T07:25:20.610,11,left,10,11,18.0,True,
run_20261002_072510_851363,252,10,2026-10-02T07:25:20.610,12,left,11,12,18.0,True,
run_20261002_072510_851363,252,10,2026-10-02T07:25:20.610,1,right,0,1,18.0,True,
run_20261002_072510_851363,252,10,2026-10-02T07:25:20.610,2,right,1,2,18.0,True,
run_20261002_072510_851363,252,10,2026-10-02T07:25:20.610,3,right,2,3,18.5,True,
run_20261002_072510_851363,252,10,2026-10-02T07:25:20.610,4,right,3,4,18.0,True,
run_20261002_072510_851363,252,10,2026-10-02T07:25:20.610,5,right,4,5,18.0,True,
run_20261002_072510_851363,252,10,2026-10-02T07:25:20.610,6,right,5,6,18.0,True,
run_20261002_072510_851363,252,10,2026-10-02T07:25:20.610,7,right,6,7,18.5,True,
run_20261002_072510_851363,252,10,2026-10-02T07:25:20.610,8,right,7,8,18.0,True,
run_20261002_072510_851363,252,10,2026-10-02T07:25:20.610,9,right,8,9,18.0,True,
run_20261002_072510_851363,252,10,2026-10-02T07:25:20.610,10,right,9,10,18.0,True,
run_20261002_072510_851363,252,10,2026-10-02T07:25:20.610,11,right,10,11,17.5,True,
run_20261002_072510_851363,252,10,2026-10-02T07:25:20.610,12,right,11,12,18.0,True,
run_20261002_072510_851363,282,11,2026-10-02T07:25:21.627,1,left,0,1,18.0,True,
run_20261002_072510_851363,282,11,2026-10-02T07:25:21.627,2,left,1,2,18.0,True,
run_20261002_072510_851363,282,11,2026-10-02T07:25:21.627,3,left,2,3,18.0,True,
run_20261002_072510_851363,282,11,2026-10-02T07:25:21.627,4,left,3,4,18.0,True,
run_20261002_072510_851363,282,11,2026-10-02T07:25:21.627,5,left,4,5,18.5,True,
run_20261002_072510_851363,282,11,2026-10-02T07:25:21.627,6,left,5,6,18.0,True,
run_20261002_072510_851363,282,11,2026-10-02T07:25:21.627,7,left,6,7,18.0,True,
run_20261002_072510_851363,282,11,2026-10-02T07:25:21.627,8,left,7,8,18.0,True,
run_20261002_072510_851363,282,11,2026-10-02T07:25:21.627,9,left,8,9,18.0,True,
run_20261002_072510_851363,282,11,2026-10-02T07:25:21.627,10,left,9,10,18.0,True,
run_20261002_072510_851363,282,11,2026-10-02T07:25:21.627,11,left,10,11,18.0,True,
run_20261002_072510_851363,282,11,2026-10-02T07:25:21.627,12,left,11,12,18.0,True,
run_20261002_072510_851363,282,11,2026-10-02T07:25:21.627,1,right,0,1,18.0,True,
run_20261002_072510_851363,282,11,2026-10-02T07:25:21.627,2,right,1,2,18.0,True,
run_20261002_072510_851363,282,11,2026-10-02T07:25:21.627,3,right,2,3,18.5,True,
run_20261002_072510_851363,282,11,2026-10-02T07:25:21.627,4,right,3,4,18.0,True,
run_20261002_072510_851363,282,11,2026-10-02T07:25:21.627,5,right,4,5,18.0,True,
run_20261002_072510_851363,282,11,2026-10-02T07:25:21.627,6,right,5,6,18.0,True,
run_20261002_072510_851363,282,11,2026-10-02T07:25:21.627,7,right,6,7,18.5,True,
run_20261002_072510_851363,282,11,2026-10-02T07:25:21.627,8,right,7,8,18.0,True,
run_20261002_072510_851363,282,11,2026-10-02T07:25:21.627,9,right,8,9,18.0,True,
run_20261002_072510_851363,282,11,2026-10-02T07:25:21.627,10,right,9,10,18.0,True,
run_20261002_072510_851363,282,11,2026-10-02T07:25:21.627,11,right,10,11,17.5,True,
run_20261002_072510_851363,282,11,2026-10-02T07:25:21.627,12,right,11,12,18.0,True,
run_20261002_072510_851363,313,12,2026-10-02T07:25:22.670,1,left,0,1,18.0,True,
run_20261002_072510_851363,313,12,2026-10-02T07:25:22.670,2,left,1,2,18.0,True,
run_20261002_072510_851363,313,12,2026-10-02T07:25:22.670,3,left,2,3,18.0,True,
run_20261002_072510_851363,313,12,2026-10-02T07:25:22.670,4,left,3,4,18.0,True,
run_20261002_072510_851363,313,12,2026-10-02T07:25:22.670,5,left,4,5,18.5,True,
run_20261002_072510_851363,313,12,2026-10-02T07:25:22.670,6,left,5,6,18.0,True,
run_20261002_072510_851363,313,12,2026-10-02T07:25:22.670,7,left,6,7,18.0,True,
run_20261002_072510_851363,313,12,2026-10-02T07:25:22.670,8,left,7,8,18.0,True,
run_20261002_072510_851363,313,12,2026-10-02T07:25:22.670,9,left,8,9,18.0,True,
run_20261002_072510_851363,313,12,2026-10-02T07:25:22.670,10,left,9,10,18.0,True,
run_20261002_072510_851363,313,12,2026-10-02T07:25:22.670,11,left,10,11,18.0,True,
run_20261002_072510_851363,313,12,2026-10-02T07:25:22.670,12,left,11,12,18.0,True,
run_20261002_072510_851363,313,12,2026-10-02T07:25:22.670,1,right,0,1,18.0,True,
run_20261002_072510_851363,313,12,2026-10-02T07:25:22.670,2,right,1,2,18.0,True,
run_20261002_072510_851363,313,12,2026-10-02T07:25:22.670,3,right,2,3,18.5,True,
run_20261002_072510_851363,313,12,2026-10-02T07:25:22.670,4,right,3,4,18.0,True,
run_20261002_072510_851363,313,12,2026-10-02T07:25:22.670,5,right,4,5,18.0,True,
run_20261002_072510_851363,313,12,2026-10-02T07:25:22.670,6,right,5,6,18.0,True,
run_20261002_072510_851363,313,12,2026-10-02T07:25:22.670,7,right,6,7,18.5,True,
run_20261002_072510_851363,313,12,2026-10-02T07:25:22.670,8,right,7,8,18.0,True,
run_20261002_072510_851363,313,12,2026-10-02T07:25:22.670,9,right,8,9,18.0,True,
run_20261002_072510_851363,313,12,2026-10-02T07:25:22.670,10,right,9,10,18.0,True,
run_20261002_072510_851363,313,12,2026-10-02T07:25:22.670,11,right,10,11,17.5,True,
run_20261002_072510_851363,313,12,2026-10-02T07:25:22.670,12,right,11,12,18.0,True,
run_20261002_072510_851363,344,13,2026-10-02T07:25:23.676,1,left,0,1,18.0,True,
run_20261002_072510_851363,344,13,2026-10-02T07:25:23.676,2,left,1,2,18.0,True,
run_20261002_072510_851363,344,13,2026-10-02T07:25:23.676,3,left,2,3,18.0,True,
run_20261002_072510_851363,344,13,2026-10-02T07:25:23.676,4,left,3,4,18.25,True,
run_20261002_072510_851363,344,13,2026-10-02T07:25:23.676,5,left,4,5,18.25,True,
run_20261002_072510_851363,344,13,2026-10-02T07:25:23.676,6,left,5,6,18.0,True,
run_20261002_072510_851363,344,13,2026-10-02T07:25:23.676,7,left,6,7,18.0,True,
run_20261002_072510_851363,344,13,2026-10-02T07:25:23.676,8,left,7,8,18.0,True,
run_20261002_072510_851363,344,13,2026-10-02T07:25:23.676,9,left,8,9,18.0,True,
run_20261002_072510_851363,344,13,2026-10-02T07:25:23.676,10,left,9,10,18.0,True,
run_20261002_072510_851363,344,13,2026-10-02T07:25:23.676,11,left,10,11,18.0,True,
run_20261002_072510_851363,344,13,2026-10-02T07:25:23.676,12,left,11,12,18.0,True,
run_20261002_072510_851363,344,13,2026-10-02T07:25:23.676,1,right,0,1,18.0,True,
run_20261002_072510_851363,344,13,2026-10-02T07:25:23.676,2,right,1,2,18.0,True,
run_20261002_072510_851363,344,13,2026-10-02T07:25:23.676,3,right,2,3,18.5,True,
run_20261002_072510_851363,344,13,2026-10-02T07:25:23.676,4,right,3,4,18.0,True,
run_20261002_072510_851363,344,13,2026-10-02T07:25:23.676,5,right,4,5,18.0,True,
run_20261002_072510_851363,344,13,2026-10-02T07:25:23.676,6,right,5,6,18.5,True,
run_20261002_072510_851363,344,13,2026-10-02T07:25:23.676,7,right,6,7,18.0,True,
run_20261002_072510_851363,344,13,2026-10-02T07:25:23.676,8,right,7,8,18.0,True,
run_20261002_072510_851363,344,13,2026-10-02T07:25:23.676,9,right,8,9,18.0,True,
run_20261002_072510_851363,344,13,2026-10-02T07:25:23.676,10,right,9,10,18.0,True,
run_20261002_072510_851363,344,13,2026-10-02T07:25:23.676,11,right,10,11,18.0,True,
run_20261002_072510_851363,344,13,2026-10-02T07:25:23.676,12,right,11,12,17.5,True,
run_20261002_072510_851363,374,14,2026-10-02T07:25:24.686,1,left,0,1,18.0,True,
run_20261002_072510_851363,374,14,2026-10-02T07:25:24.686,2,left,1,2,18.0,True,
run_20261002_072510_851363,374,14,2026-10-02T07:25:24.686,3,left,2,3,18.0,True,
run_20261002_072510_851363,374,14,2026-10-02T07:25:24.686,4,left,3,4,18.0,True,
run_20261002_072510_851363,374,14,2026-10-02T07:25:24.686,5,left,4,5,18.0,True,
run_20261002_072510_851363,374,14,2026-10-02T07:25:24.686,6,left,5,6,18.0,True,
run_20261002_072510_851363,374,14,2026-10-02T07:25:24.686,7,left,6,7,18.0,True,
run_20261002_072510_851363,374,14,2026-10-02T07:25:24.686,8,left,7,8,18.0,True,
run_20261002_072510_851363,374,14,2026-10-02T07:25:24.686,9,left,8,9,18.0,True,
run_20261002_072510_851363,374,14,2026-10-02T07:25:24.686,10,left,9,10,18.0,True,
run_20261002_072510_851363,374,14,2026-10-02T07:25:24.686,11,left,10,11,18.0,True,
run_20261002_072510_851363,374,14,2026-10-02T07:25:24.686,12,left,11,12,18.0,True,
run_20261002_072510_851363,374,14,2026-10-02T07:25:24.686,1,right,0,1,18.0,True,
run_20261002_072510_851363,374,14,2026-10-02T07:25:24.686,2,right,1,2,18.0,True,
run_20261002_072510_851363,374,14,2026-10-02T07:25:24.686,3,right,2,3,18.5,True,
run_20261002_072510_851363,374,14,2026-10-02T07:25:24.686,4,right,3,4,18.0,True,
run_20261002_072510_851363,374,14,2026-10-02T07:25:24.686,5,right,4,5,18.0,True,
run_20261002_072510_851363,374,14,2026-10-02T07:25:24.686,6,right,5,6,18.0,True,
run_20261002_072510_851363,374,14,2026-10-02T07:25:24.686,7,right,6,7,18.0,True,
run_20261002_072510_851363,374,14,2026-10-02T07:25:24.686,8,right,7,8,18.0,True,
run_20261002_072510_851363,374,14,2026-10-02T07:25:24.686,9,right,8,9,18.0,True,
run_20261002_072510_851363,374,14,2026-10-02T07:25:24.686,10,right,9,10,18.5,True,
run_20261002_072510_851363,374,14,2026-10-02T07:25:24.686,11,right,10,11,17.5,True,
run_20261002_072510_851363,374,14,2026-10-02T07:25:24.686,12,right,11,12,18.0,True,
run_20261002_072510_851363,404,15,2026-10-02T07:25:25.731,1,left,0,1,18.0,True,
run_20261002_072510_851363,404,15,2026-10-02T07:25:25.731,2,left,1,2,18.0,True,
run_20261002_072510_851363,404,15,2026-10-02T07:25:25.731,3,left,2,3,18.0,True,
run_20261002_072510_851363,404,15,2026-10-02T07:25:25.731,4,left,3,4,18.0,True,
run_20261002_072510_851363,404,15,2026-10-02T07:25:25.731,5,left,4,5,18.0,True,
run_20261002_072510_851363,404,15,2026-10-02T07:25:25.731,6,left,5,6,18.5,True,
run_20261002_072510_851363,404,15,2026-10-02T07:25:25.731,7,left,6,7,18.0,True,
run_20261002_072510_851363,404,15,2026-10-02T07:25:25.731,8,left,7,8,18.0,True,
run_20261002_072510_851363,404,15,2026-10-02T07:25:25.731,9,left,8,9,17.5,True,
run_20261002_072510_851363,404,15,2026-10-02T07:25:25.731,10,left,9,10,18.0,True,
run_20261002_072510_851363,404,15,2026-10-02T07:25:25.731,11,left,10,11,18.0,True,
run_20261002_072510_851363,404,15,2026-10-02T07:25:25.731,12,left,11,12,18.0,True,
run_20261002_072510_851363,404,15,2026-10-02T07:25:25.731,1,right,0,1,18.0,True,
run_20261002_072510_851363,404,15,2026-10-02T07:25:25.731,2,right,1,2,18.0,True,
run_20261002_072510_851363,404,15,2026-10-02T07:25:25.731,3,right,2,3,18.0,True,
run_20261002_072510_851363,404,15,2026-10-02T07:25:25.731,4,right,3,4,18.0,True,
run_20261002_072510_851363,404,15,2026-10-02T07:25:25.731,5,right,4,5,18.0,True,
run_20261002_072510_851363,404,15,2026-10-02T07:25:25.731,6,right,5,6,18.5,True,
run_20261002_072510_851363,404,15,2026-10-02T07:25:25.731,7,right,6,7,18.0,True,
run_20261002_072510_851363,404,15,2026-10-02T07:25:25.731,8,right,7,8,17.5,True,
run_20261002_072510_851363,404,15,2026-10-02T07:25:25.731,9,right,8,9,18.5,True,
run_20261002_072510_851363,404,15,2026-10-02T07:25:25.731,10,right,9,10,18.0,True,
run_20261002_072510_851363,404,15,2026-10-02T07:25:25.731,11,right,10,11,17.5,True,
run_20261002_072510_851363,404,15,2026-10-02T07:25:25.731,12,right,11,12,18.0,True,
run_20261002_072510_851363,435,16,2026-10-02T07:25:26.743,1,left,0,1,18.0,True,
run_20261002_072510_851363,435,16,2026-10-02T07:25:26.743,2,left,1,2,18.0,True,
run_20261002_072510_851363,435,16,2026-10-02T07:25:26.743,3,left,2,3,18.0,True,
run_20261002_072510_851363,435,16,2026-10-02T07:25:26.743,4,left,3,4,18.0,True,
run_20261002_072510_851363,435,16,2026-10-02T07:25:26.743,5,left,4,5,18.0,True,
run_20261002_072510_851363,435,16,2026-10-02T07:25:26.743,6,left,5,6,18.5,True,
run_20261002_072510_851363,435,16,2026-10-02T07:25:26.743,7,left,6,7,18.0,True,
run_20261002_072510_851363,435,16,2026-10-02T07:25:26.743,8,left,7,8,18.0,True,
run_20261002_072510_851363,435,16,2026-10-02T07:25:26.743,9,left,8,9,17.5,True,
run_20261002_072510_851363,435,16,2026-10-02T07:25:26.743,10,left,9,10,18.0,True,
run_20261002_072510_851363,435,16,2026-10-02T07:25:26.743,11,left,10,11,18.0,True,
run_20261002_072510_851363,435,16,2026-10-02T07:25:26.743,12,left,11,12,18.0,True,
run_20261002_072510_851363,435,16,2026-10-02T07:25:26.743,1,right,0,1,18.0,True,
run_20261002_072510_851363,435,16,2026-10-02T07:25:26.743,2,right,1,2,18.0,True,
run_20261002_072510_851363,435,16,2026-10-02T07:25:26.743,3,right,2,3,18.0,True,
run_20261002_072510_851363,435,16,2026-10-02T07:25:26.743,4,right,3,4,18.0,True,
run_20261002_072510_851363,435,16,2026-10-02T07:25:26.743,5,right,4,5,18.5,True,
run_20261002_072510_851363,435,16,2026-10-02T07:25:26.743,6,right,5,6,18.0,True,
run_20261002_072510_851363,435,16,2026-10-02T07:25:26.743,7,right,6,7,18.0,True,
run_20261002_072510_851363,435,16,2026-10-02T07:25:26.743,8,right,7,8,18.0,True,
run_20261002_072510_851363,435,16,2026-10-02T07:25:26.743,9,right,8,9,18.0,True,
run_20261002_072510_851363,435,16,2026-10-02T07:25:26.743,10,right,9,10,18.0,True,
run_20261002_072510_851363,435,16,2026-10-02T07:25:26.743,11,right,10,11,17.5,True,
run_20261002_072510_851363,435,16,2026-10-02T07:25:26.743,12,right,11,12,18.0,True,
run_20261002_072510_851363,465,17,2026-10-02T07:25:27.746,1,left,0,1,18.0,True,
run_20261002_072510_851363,465,17,2026-10-02T07:25:27.746,2,left,1,2,18.0,True,
run_20261002_072510_851363,465,17,2026-10-02T07:25:27.746,3,left,2,3,18.0,True,
run_20261002_072510_851363,465,17,2026-10-02T07:25:27.746,4,left,3,4,18.0,True,
run_20261002_072510_851363,465,17,2026-10-02T07:25:27.746,5,left,4,5,18.0,True,
run_20261002_072510_851363,465,17,2026-10-02T07:25:27.746,6,left,5,6,18.5,True,
run_20261002_072510_851363,465,17,2026-10-02T07:25:27.746,7,left,6,7,17.5,True,
run_20261002_072510_851363,465,17,2026-10-02T07:25:27.746,8,left,7,8,18.5,True,
run_20261002_072510_851363,465,17,2026-10-02T07:25:27.746,9,left,8,9,17.5,True,
run_20261002_072510_851363,465,17,2026-10-02T07:25:27.746,10,left,9,10,18.0,True,
run_20261002_072510_851363,465,17,2026-10-02T07:25:27.746,11,left,10,11,18.0,True,
run_20261002_072510_851363,465,17,2026-10-02T07:25:27.746,12,left,11,12,18.0,True,
run_20261002_072510_851363,465,17,2026-10-02T07:25:27.746,1,right,0,1,18.0,True,
run_20261002_072510_851363,465,17,2026-10-02T07:25:27.746,2,right,1,2,18.0,True,
run_20261002_072510_851363,465,17,2026-10-02T07:25:27.746,3,right,2,3,18.0,True,
run_20261002_072510_851363,465,17,2026-10-02T07:25:27.746,4,right,3,4,18.0,True,
run_20261002_072510_851363,465,17,2026-10-02T07:25:27.746,5,right,4,5,18.0,True,
run_20261002_072510_851363,465,17,2026-10-02T07:25:27.746,6,right,5,6,18.5,True,
run_20261002_072510_851363,465,17,2026-10-02T07:25:27.746,7,right,6,7,18.0,True,
run_20261002_072510_851363,465,17,2026-10-02T07:25:27.746,8,right,7,8,17.5,True,
run_20261002_072510_851363,465,17,2026-10-02T07:25:27.746,9,right,8,9,18.5,True,
run_20261002_072510_851363,465,17,2026-10-02T07:25:27.746,10,right,9,10,17.5,True,
run_20261002_072510_851363,465,17,2026-10-02T07:25:27.746,11,right,10,11,18.0,True,
run_20261002_072510_851363,465,17,2026-10-02T07:25:27.746,12,right,11,12,18.0,True,
run_20261002_072510_851363,496,18,2026-10-02T07:25:28.796,1,left,0,1,18.0,True,
run_20261002_072510_851363,496,18,2026-10-02T07:25:28.796,2,left,1,2,18.0,True,
run_20261002_072510_851363,496,18,2026-10-02T07:25:28.796,3,left,2,3,17.5,True,
run_20261002_072510_851363,496,18,2026-10-02T07:25:28.796,4,left,3,4,18.5,True,
run_20261002_072510_851363,496,18,2026-10-02T07:25:28.796,5,left,4,5,18.0,True,
run_20261002_072510_851363,496,18,2026-10-02T07:25:28.796,6,left,5,6,18.0,True,
run_20261002_072510_851363,496,18,2026-10-02T07:25:28.796,7,left,6,7,18.0,True,
run_20261002_072510_851363,496,18,2026-10-02T07:25:28.796,8,left,7,8,18.0,True,
run_20261002_072510_851363,496,18,2026-10-02T07:25:28.796,9,left,8,9,17.92857142857143,True,
run_20261002_072510_851363,496,18,2026-10-02T07:25:28.796,10,left,9,10,18.07142857142857,True,
run_20261002_072510_851363,496,18,2026-10-02T07:25:28.796,11,left,10,11,17.5,True,
run_20261002_072510_851363,496,18,2026-10-02T07:25:28.796,12,left,11,12,18.0,True,
run_20261002_072510_851363,496,18,2026-10-02T07:25:28.796,1,right,0,1,18.0,True,
run_20261002_072510_851363,496,18,2026-10-02T07:25:28.796,2,right,1,2,18.5,True,
run_20261002_072510_851363,496,18,2026-10-02T07:25:28.796,3,right,2,3,18.0,True,
run_20261002_072510_851363,496,18,2026-10-02T07:25:28.796,4,right,3,4,18.0,True,
run_20261002_072510_851363,496,18,2026-10-02T07:25:28.796,5,right,4,5,18.0,True,
run_20261002_072510_851363,496,18,2026-10-02T07:25:28.796,6,right,5,6,18.5,True,
run_20261002_072510_851363,496,18,2026-10-02T07:25:28.796,7,right,6,7,18.0,True,
run_20261002_072510_851363,496,18,2026-10-02T07:25:28.796,8,right,7,8,17.5,True,
run_20261002_072510_851363,496,18,2026-10-02T07:25:28.796,9,right,8,9,18.5,True,
run_20261002_072510_851363,496,18,2026-10-02T07:25:28.796,10,right,9,10,17.5,True,
run_20261002_072510_851363,496,18,2026-10-02T07:25:28.796,11,right,10,11,18.0,True,
run_20261002_072510_851363,496,18,2026-10-02T07:25:28.796,12,right,11,12,18.0,True,
run_20261002_072510_851363,527,19,2026-10-02T07:25:29.809,1,left,0,1,18.0,True,
run_20261002_072510_851363,527,19,2026-10-02T07:25:29.809,2,left,1,2,18.0,True,
run_20261002_072510_851363,527,19,2026-10-02T07:25:29.809,3,left,2,3,18.0,True,
run_20261002_072510_851363,527,19,2026-10-02T07:25:29.809,4,left,3,4,18.0,True,
run_20261002_072510_851363,527,19,2026-10-02T07:25:29.809,5,left,4,5,18.0,True,
run_20261002_072510_851363,527,19,2026-10-02T07:25:29.809,6,left,5,6,18.5,True,
run_20261002_072510_851363,527,19,2026-10-02T07:25:29.809,7,left,6,7,18.0,True,
run_20261002_072510_851363,527,19,2026-10-02T07:25:29.809,8,left,7,8,18.0,True,
run_20261002_072510_851363,527,19,2026-10-02T07:25:29.809,9,left,8,9,17.5,True,
run_20261002_072510_851363,527,19,2026-10-02T07:25:29.809,10,left,9,10,18.0,True,
run_20261002_072510_851363,527,19,2026-10-02T07:25:29.809,11,left,10,11,18.0,True,
run_20261002_072510_851363,527,19,2026-10-02T07:25:29.809,12,left,11,12,18.0,True,
run_20261002_072510_851363,527,19,2026-10-02T07:25:29.809,1,right,0,1,18.0,True,
run_20261002_072510_851363,527,19,2026-10-02T07:25:29.809,2,right,1,2,18.0,True,
run_20261002_072510_851363,527,19,2026-10-02T07:25:29.809,3,right,2,3,18.0,True,
run_20261002_072510_851363,527,19,2026-10-02T07:25:29.809,4,right,3,4,18.0,True,
run_20261002_072510_851363,527,19,2026-10-02T07:25:29.809,5,right,4,5,18.0,True,
run_20261002_072510_851363,527,19,2026-10-02T07:25:29.809,6,right,5,6,18.5,True,
run_20261002_072510_851363,527,19,2026-10-02T07:25:29.809,7,right,6,7,18.0,True,
run_20261002_072510_851363,527,19,2026-10-02T07:25:29.809,8,right,7,8,18.0,True,
run_20261002_072510_851363,527,19,2026-10-02T07:25:29.809,9,right,8,9,18.0,True,
run_20261002_072510_851363,527,19,2026-10-02T07:25:29.809,10,right,9,10,17.5,True,
run_20261002_072510_851363,527,19,2026-10-02T07:25:29.809,11,right,10,11,18.0,True,
run_20261002_072510_851363,527,19,2026-10-02T07:25:29.809,12,right,11,12,18.0,True,
run_20261002_072510_851363,557,20,2026-10-02T07:25:30.816,1,left,0,1,18.0,True,
run_20261002_072510_851363,557,20,2026-10-02T07:25:30.816,2,left,1,2,18.0,True,
run_20261002_072510_851363,557,20,2026-10-02T07:25:30.816,3,left,2,3,18.0,True,
run_20261002_072510_851363,557,20,2026-10-02T07:25:30.816,4,left,3,4,18.0,True,
run_20261002_072510_851363,557,20,2026-10-02T07:25:30.816,5,left,4,5,18.0,True,
run_20261002_072510_851363,557,20,2026-10-02T07:25:30.816,6,left,5,6,18.5,True,
run_20261002_072510_851363,557,20,2026-10-02T07:25:30.816,7,left,6,7,18.0,True,
run_20261002_072510_851363,557,20,2026-10-02T07:25:30.816,8,left,7,8,18.0,True,
run_20261002_072510_851363,557,20,2026-10-02T07:25:30.816,9,left,8,9,17.5,True,
run_20261002_072510_851363,557,20,2026-10-02T07:25:30.816,10,left,9,10,18.0,True,
run_20261002_072510_851363,557,20,2026-10-02T07:25:30.816,11,left,10,11,18.0,True,
run_20261002_072510_851363,557,20,2026-10-02T07:25:30.816,12,left,11,12,18.0,True,
run_20261002_072510_851363,557,20,2026-10-02T07:25:30.816,1,right,0,1,18.0,True,
run_20261002_072510_851363,557,20,2026-10-02T07:25:30.816,2,right,1,2,18.0,True,
run_20261002_072510_851363,557,20,2026-10-02T07:25:30.816,3,right,2,3,18.0,True,
run_20261002_072510_851363,557,20,2026-10-02T07:25:30.816,4,right,3,4,18.0,True,
run_20261002_072510_851363,557,20,2026-10-02T07:25:30.816,5,right,4,5,18.0,True,
run_20261002_072510_851363,557,20,2026-10-02T07:25:30.816,6,right,5,6,18.5,True,
run_20261002_072510_851363,557,20,2026-10-02T07:25:30.816,7,right,6,7,18.0,True,
run_20261002_072510_851363,557,20,2026-10-02T07:25:30.816,8,right,7,8,18.0,True,
run_20261002_072510_851363,557,20,2026-10-02T07:25:30.816,9,right,8,9,18.0,True,
run_20261002_072510_851363,557,20,2026-10-02T07:25:30.816,10,right,9,10,18.0,True,
run_20261002_072510_851363,557,20,2026-10-02T07:25:30.816,11,right,10,11,17.5,True,
run_20261002_072510_851363,557,20,2026-10-02T07:25:30.816,12,right,11,12,18.0,True,
run_20261002_072510_851363,588,21,2026-10-02T07:25:31.845,1,left,0,1,18.0,True,
run_20261002_072510_851363,588,21,2026-10-02T07:25:31.845,2,left,1,2,18.0,True,
run_20261002_072510_851363,588,21,2026-10-02T07:25:31.845,3,left,2,3,18.0,True,
run_20261002_072510_851363,588,21,2026-10-02T07:25:31.845,4,left,3,4,18.0,True,
run_20261002_072510_851363,588,21,2026-10-02T07:25:31.845,5,left,4,5,18.0,True,
run_20261002_072510_851363,588,21,2026-10-02T07:25:31.845,6,left,5,6,18.5,True,
run_20261002_072510_851363,588,21,2026-10-02T07:25:31.845,7,left,6,7,18.0,True,
run_20261002_072510_851363,588,21,2026-10-02T07:25:31.845,8,left,7,8,18.0,True,
run_20261002_072510_851363,588,21,2026-10-02T07:25:31.845,9,left,8,9,17.5,True,
run_20261002_072510_851363,588,21,2026-10-02T07:25:31.845,10,left,9,10,18.0,True,
run_20261002_072510_851363,588,21,2026-10-02T07:25:31.845,11,left,10,11,18.0,True,
run_20261002_072510_851363,588,21,2026-10-02T07:25:31.845,12,left,11,12,18.0,True,
run_20261002_072510_851363,588,21,2026-10-02T07:25:31.845,1,right,0,1,18.0,True,
run_20261002_072510_851363,588,21,2026-10-02T07:25:31.845,2,right,1,2,18.0,True,
run_20261002_072510_851363,588,21,2026-10-02T07:25:31.845,3,right,2,3,18.0,True,
run_20261002_072510_851363,588,21,2026-10-02T07:25:31.845,4,right,3,4,18.0,True,
run_20261002_072510_851363,588,21,2026-10-02T07:25:31.845,5,right,4,5,18.0,True,
run_20261002_072510_851363,588,21,2026-10-02T07:25:31.845,6,right,5,6,18.5,True,
run_20261002_072510_851363,588,21,2026-10-02T07:25:31.845,7,right,6,7,18.0,True,
run_20261002_072510_851363,588,21,2026-10-02T07:25:31.845,8,right,7,8,18.0,True,
run_20261002_072510_851363,588,21,2026-10-02T07:25:31.845,9,right,8,9,18.0,True,
run_20261002_072510_851363,588,21,2026-10-02T07:25:31.845,10,right,9,10,18.0,True,
run_20261002_072510_851363,588,21,2026-10-02T07:25:31.845,11,right,10,11,17.5,True,
run_20261002_072510_851363,588,21,2026-10-02T07:25:31.845,12,right,11,12,18.0,True,
run_20261002_072510_851363,619,22,2026-10-02T07:25:32.877,1,left,0,1,18.5,True,
run_20261002_072510_851363,619,22,2026-10-02T07:25:32.877,2,left,1,2,17.5,True,
run_20261002_072510_851363,619,22,2026-10-02T07:25:32.877,3,left,2,3,18.0,True,
run_20261002_072510_851363,619,22,2026-10-02T07:25:32.877,4,left,3,4,18.0,True,
run_20261002_072510_851363,619,22,2026-10-02T07:25:32.877,5,left,4,5,18.0,True,
run_20261002_072510_851363,619,22,2026-10-02T07:25:32.877,6,left,5,6,18.5,True,
run_20261002_072510_851363,619,22,2026-10-02T07:25:32.877,7,left,6,7,18.0,True,
run_20261002_072510_851363,619,22,2026-10-02T07:25:32.877,8,left,7,8,18.0,True,
run_20261002_072510_851363,619,22,2026-10-02T07:25:32.877,9,left,8,9,17.5,True,
run_20261002_072510_851363,619,22,2026-10-02T07:25:32.877,10,left,9,10,18.0,True,
run_20261002_072510_851363,619,22,2026-10-02T07:25:32.877,11,left,10,11,18.0,True,
run_20261002_072510_851363,619,22,2026-10-02T07:25:32.877,12,left,11,12,18.0,True,
run_20261002_072510_851363,619,22,2026-10-02T07:25:32.877,1,right,0,1,18.0,True,
run_20261002_072510_851363,619,22,2026-10-02T07:25:32.877,2,right,1,2,18.0,True,
run_20261002_072510_851363,619,22,2026-10-02T07:25:32.877,3,right,2,3,18.0,True,
run_20261002_072510_851363,619,22,2026-10-02T07:25:32.877,4,right,3,4,18.0,True,
run_20261002_072510_851363,619,22,2026-10-02T07:25:32.877,5,right,4,5,18.0,True,
run_20261002_072510_851363,619,22,2026-10-02T07:25:32.877,6,right,5,6,18.5,True,
run_20261002_072510_851363,619,22,2026-10-02T07:25:32.877,7,right,6,7,18.0,True,
run_20261002_072510_851363,619,22,2026-10-02T07:25:32.877,8,right,7,8,18.0,True,
run_20261002_072510_851363,619,22,2026-10-02T07:25:32.877,9,right,8,9,18.0,True,
run_20261002_072510_851363,619,22,2026-10-02T07:25:32.877,10,right,9,10,18.0,True,
run_20261002_072510_851363,619,22,2026-10-02T07:25:32.877,11,right,10,11,17.5,True,
run_20261002_072510_851363,619,22,2026-10-02T07:25:32.877,12,right,11,12,18.0,True,
run_20261002_072510_851363,649,23,2026-10-02T07:25:33.882,1,left,0,1,18.0,True,
run_20261002_072510_851363,649,23,2026-10-02T07:25:33.882,2,left,1,2,18.0,True,
run_20261002_072510_851363,649,23,2026-10-02T07:25:33.882,3,left,2,3,18.0,True,
run_20261002_072510_851363,649,23,2026-10-02T07:25:33.882,4,left,3,4,18.0,True,
run_20261002_072510_851363,649,23,2026-10-02T07:25:33.882,5,left,4,5,18.0,True,
run_20261002_072510_851363,649,23,2026-10-02T07:25:33.882,6,left,5,6,18.5,True,
run_20261002_072510_851363,649,23,2026-10-02T07:25:33.882,7,left,6,7,18.0,True,
run_20261002_072510_851363,649,23,2026-10-02T07:25:33.882,8,left,7,8,18.0,True,
run_20261002_072510_851363,649,23,2026-10-02T07:25:33.882,9,left,8,9,17.5,True,
run_20261002_072510_851363,649,23,2026-10-02T07:25:33.882,10,left,9,10,18.0,True,
run_20261002_072510_851363,649,23,2026-10-02T07:25:33.882,11,left,10,11,18.0,True,
run_20261002_072510_851363,649,23,2026-10-02T07:25:33.882,12,left,11,12,18.0,True,
run_20261002_072510_851363,649,23,2026-10-02T07:25:33.882,1,right,0,1,18.0,True,
run_20261002_072510_851363,649,23,2026-10-02T07:25:33.882,2,right,1,2,18.0,True,
run_20261002_072510_851363,649,23,2026-10-02T07:25:33.882,3,right,2,3,18.0,True,
run_20261002_072510_851363,649,23,2026-10-02T07:25:33.882,4,right,3,4,18.0,True,
run_20261002_072510_851363,649,23,2026-10-02T07:25:33.882,5,right,4,5,18.0,True,
run_20261002_072510_851363,649,23,2026-10-02T07:25:33.882,6,right,5,6,18.5,True,
run_20261002_072510_851363,649,23,2026-10-02T07:25:33.882,7,right,6,7,18.0,True,
run_20261002_072510_851363,649,23,2026-10-02T07:25:33.882,8,right,7,8,18.0,True,
run_20261002_072510_851363,649,23,2026-10-02T07:25:33.882,9,right,8,9,18.0,True,
run_20261002_072510_851363,649,23,2026-10-02T07:25:33.882,10,right,9,10,18.0,True,
run_20261002_072510_851363,649,23,2026-10-02T07:25:33.882,11,right,10,11,17.5,True,
run_20261002_072510_851363,649,23,2026-10-02T07:25:33.882,12,right,11,12,18.5,True,
run_20261002_072510_851363,680,24,2026-10-02T07:25:34.922,1,left,0,1,18.0,True,
run_20261002_072510_851363,680,24,2026-10-02T07:25:34.922,2,left,1,2,18.0,True,
run_20261002_072510_851363,680,24,2026-10-02T07:25:34.922,3,left,2,3,18.0,True,
run_20261002_072510_851363,680,24,2026-10-02T07:25:34.922,4,left,3,4,18.0,True,
run_20261002_072510_851363,680,24,2026-10-02T07:25:34.922,5,left,4,5,18.0,True,
run_20261002_072510_851363,680,24,2026-10-02T07:25:34.922,6,left,5,6,18.5,True,
run_20261002_072510_851363,680,24,2026-10-02T07:25:34.922,7,left,6,7,18.0,True,
run_20261002_072510_851363,680,24,2026-10-02T07:25:34.922,8,left,7,8,18.0,True,
run_20261002_072510_851363,680,24,2026-10-02T07:25:34.922,9,left,8,9,17.5,True,
run_20261002_072510_851363,680,24,2026-10-02T07:25:34.922,10,left,9,10,18.0,True,
run_20261002_072510_851363,680,24,2026-10-02T07:25:34.922,11,left,10,11,18.0,True,
run_20261002_072510_851363,680,24,2026-10-02T07:25:34.922,12,left,11,12,18.0,True,
run_20261002_072510_851363,680,24,2026-10-02T07:25:34.922,1,right,0,1,18.0,True,
run_20261002_072510_851363,680,24,2026-10-02T07:25:34.922,2,right,1,2,18.0,True,
run_20261002_072510_851363,680,24,2026-10-02T07:25:34.922,3,right,2,3,18.0,True,
run_20261002_072510_851363,680,24,2026-10-02T07:25:34.922,4,right,3,4,18.0,True,
run_20261002_072510_851363,680,24,2026-10-02T07:25:34.922,5,right,4,5,18.0,True,
run_20261002_072510_851363,680,24,2026-10-02T07:25:34.922,6,right,5,6,18.5,True,
run_20261002_072510_851363,680,24,2026-10-02T07:25:34.922,7,right,6,7,18.0,True,
run_20261002_072510_851363,680,24,2026-10-02T07:25:34.922,8,right,7,8,18.0,True,
run_20261002_072510_851363,680,24,2026-10-02T07:25:34.922,9,right,8,9,18.0,True,
run_20261002_072510_851363,680,24,2026-10-02T07:25:34.922,10,right,9,10,18.0,True,
run_20261002_072510_851363,680,24,2026-10-02T07:25:34.922,11,right,10,11,17.5,True,
run_20261002_072510_851363,680,24,2026-10-02T07:25:34.922,12,right,11,12,18.5,True,
run_20261002_072510_851363,711,25,2026-10-02T07:25:35.944,1,left,0,1,18.0,True,
run_20261002_072510_851363,711,25,2026-10-02T07:25:35.944,2,left,1,2,18.0,True,
run_20261002_072510_851363,711,25,2026-10-02T07:25:35.944,3,left,2,3,17.5,True,
run_20261002_072510_851363,711,25,2026-10-02T07:25:35.944,4,left,3,4,18.0,True,
run_20261002_072510_851363,711,25,2026-10-02T07:25:35.944,5,left,4,5,18.5,True,
run_20261002_072510_851363,711,25,2026-10-02T07:25:35.944,6,left,5,6,18.0,True,
run_20261002_072510_851363,711,25,2026-10-02T07:25:35.944,7,left,6,7,18.0,True,
run_20261002_072510_851363,711,25,2026-10-02T07:25:35.944,8,left,7,8,18.0,True,
run_20261002_072510_851363,711,25,2026-10-02T07:25:35.944,9,left,8,9,17.84615384615384,True,
run_20261002_072510_851363,711,25,2026-10-02T07:25:35.944,10,left,9,10,17.65384615384616,True,
run_20261002_072510_851363,711,25,2026-10-02T07:25:35.944,11,left,10,11,18.0,True,
run_20261002_072510_851363,711,25,2026-10-02T07:25:35.944,12,left,11,12,18.0,True,
run_20261002_072510_851363,711,25,2026-10-02T07:25:35.944,1,right,0,1,18.0,True,
run_20261002_072510_851363,711,25,2026-10-02T07:25:35.944,2,right,1,2,18.5,True,
run_20261002_072510_851363,711,25,2026-10-02T07:25:35.944,3,right,2,3,17.5,True,
run_20261002_072510_851363,711,25,2026-10-02T07:25:35.944,4,right,3,4,18.5,True,
run_20261002_072510_851363,711,25,2026-10-02T07:25:35.944,5,right,4,5,18.0,True,
run_20261002_072510_851363,711,25,2026-10-02T07:25:35.944,6,right,5,6,18.0,True,
run_20261002_072510_851363,711,25,2026-10-02T07:25:35.944,7,right,6,7,18.0,True,
run_20261002_072510_851363,711,25,2026-10-02T07:25:35.944,8,right,7,8,18.0,True,
run_20261002_072510_851363,711,25,2026-10-02T07:25:35.944,9,right,8,9,18.0,True,
run_20261002_072510_851363,711,25,2026-10-02T07:25:35.944,10,right,9,10,18.0,True,
run_20261002_072510_851363,711,25,2026-10-02T07:25:35.944,11,right,10,11,18.0,True,
run_20261002_072510_851363,711,25,2026-10-02T07:25:35.944,12,right,11,12,18.0,True,
run_20261002_072510_851363,741,26,2026-10-02T07:25:36.944,1,left,0,1,18.0,True,
run_20261002_072510_851363,741,26,2026-10-02T07:25:36.944,2,left,1,2,18.0,True,
run_20261002_072510_851363,741,26,2026-10-02T07:25:36.944,3,left,2,3,18.0,True,
run_20261002_072510_851363,741,26,2026-10-02T07:25:36.944,4,left,3,4,18.0,True,
run_20261002_072510_851363,741,26,2026-10-02T07:25:36.944,5,left,4,5,18.0,True,
run_20261002_072510_851363,741,26,2026-10-02T07:25:36.944,6,left,5,6,18.0,True,
run_20261002_072510_851363,741,26,2026-10-02T07:25:36.944,7,left,6,7,18.5,True,
run_20261002_072510_851363,741,26,2026-10-02T07:25:36.944,8,left,7,8,18.0,True,
run_20261002_072510_851363,741,26,2026-10-02T07:25:36.944,9,left,8,9,17.86363636363636,True,
run_20261002_072510_851363,741,26,2026-10-02T07:25:36.944,10,left,9,10,17.63636363636364,True,
run_20261002_072510_851363,741,26,2026-10-02T07:25:36.944,11,left,10,11,17.625,True,
run_20261002_072510_851363,741,26,2026-10-02T07:25:36.944,12,left,11,12,17.875,True,
run_20261002_072510_851363,741,26,2026-10-02T07:25:36.944,1,right,0,1,18.0,True,
run_20261002_072510_851363,741,26,2026-10-02T07:25:36.944,2,right,1,2,18.5,True,
run_20261002_072510_851363,741,26,2026-10-02T07:25:36.944,3,right,2,3,17.5,True,
run_20261002_072510_851363,741,26,2026-10-02T07:25:36.944,4,right,3,4,18.0,True,
run_20261002_072510_851363,741,26,2026-10-02T07:25:36.944,5,right,4,5,18.5,True,
run_20261002_072510_851363,741,26,2026-10-02T07:25:36.944,6,right,5,6,18.0,True,
run_20261002_072510_851363,741,26,2026-10-02T07:25:36.944,7,right,6,7,18.0,True,
run_20261002_072510_851363,741,26,2026-10-02T07:25:36.944,8,right,7,8,18.0,True,
run_20261002_072510_851363,741,26,2026-10-02T07:25:36.944,9,right,8,9,18.0,True,
run_20261002_072510_851363,741,26,2026-10-02T07:25:36.944,10,right,9,10,18.0,True,
run_20261002_072510_851363,741,26,2026-10-02T07:25:36.944,11,right,10,11,18.0,True,
run_20261002_072510_851363,741,26,2026-10-02T07:25:36.944,12,right,11,12,18.0,True,
run_20261002_072510_851363,771,27,2026-10-02T07:25:37.957,1,left,0,1,18.0,True,
run_20261002_072510_851363,771,27,2026-10-02T07:25:37.957,2,left,1,2,18.0,True,
run_20261002_072510_851363,771,27,2026-10-02T07:25:37.957,3,left,2,3,18.0,True,
run_20261002_072510_851363,771,27,2026-10-02T07:25:37.957,4,left,3,4,18.0,True,
run_20261002_072510_851363,771,27,2026-10-02T07:25:37.957,5,left,4,5,18.0,True,
run_20261002_072510_851363,771,27,2026-10-02T07:25:37.957,6,left,5,6,18.0,True,
run_20261002_072510_851363,771,27,2026-10-02T07:25:37.957,7,left,6,7,18.363636363636374,True,
run_20261002_072510_851363,771,27,2026-10-02T07:25:37.957,8,left,7,8,18.136363636363626,True,
run_20261002_072510_851363,771,27,2026-10-02T07:25:37.957,9,left,8,9,17.86363636363636,True,
run_20261002_072510_851363,771,27,2026-10-02T07:25:37.957,10,left,9,10,17.63636363636364,True,
run_20261002_072510_851363,771,27,2026-10-02T07:25:37.957,11,left,10,11,17.5,True,
run_20261002_072510_851363,771,27,2026-10-02T07:25:37.957,12,left,11,12,18.0,True,
run_20261002_072510_851363,771,27,2026-10-02T07:25:37.957,1,right,0,1,18.0,True,
run_20261002_072510_851363,771,27,2026-10-02T07:25:37.957,2,right,1,2,18.5,True,
run_20261002_072510_851363,771,27,2026-10-02T07:25:37.957,3,right,2,3,17.5,True,
run_20261002_072510_851363,771,27,2026-10-02T07:25:37.957,4,right,3,4,18.5,True,
run_20261002_072510_851363,771,27,2026-10-02T07:25:37.957,5,right,4,5,18.0,True,
run_20261002_072510_851363,771,27,2026-10-02T07:25:37.957,6,right,5,6,18.5,True,
run_20261002_072510_851363,771,27,2026-10-02T07:25:37.957,7,right,6,7,17.5,True,
run_20261002_072510_851363,771,27,2026-10-02T07:25:37.957,8,right,7,8,18.0,True,
run_20261002_072510_851363,771,27,2026-10-02T07:25:37.957,9,right,8,9,18.5,True,
run_20261002_072510_851363,771,27,2026-10-02T07:25:37.957,10,right,9,10,17.5,True,
run_20261002_072510_851363,771,27,2026-10-02T07:25:37.957,11,right,10,11,18.0,True,
run_20261002_072510_851363,771,27,2026-10-02T07:25:37.957,12,right,11,12,18.0,True,
run_20261002_072510_851363,802,28,2026-10-02T07:25:38.976,1,left,0,1,18.0,True,
run_20261002_072510_851363,802,28,2026-10-02T07:25:38.976,2,left,1,2,18.0,True,
run_20261002_072510_851363,802,28,2026-10-02T07:25:38.976,3,left,2,3,17.5,True,
run_20261002_072510_851363,802,28,2026-10-02T07:25:38.976,4,left,3,4,18.5,True,
run_20261002_072510_851363,802,28,2026-10-02T07:25:38.976,5,left,4,5,18.0,True,
run_20261002_072510_851363,802,28,2026-10-02T07:25:38.976,6,left,5,6,18.0,True,
run_20261002_072510_851363,802,28,2026-10-02T07:25:38.976,7,left,6,7,18.363636363636374,True,
run_20261002_072510_851363,802,28,2026-10-02T07:25:38.976,8,left,7,8,17.886363636363626,True,
run_20261002_072510_851363,802,28,2026-10-02T07:25:38.976,9,left,8,9,17.67857142857143,True,
run_20261002_072510_851363,802,28,2026-10-02T07:25:38.976,10,left,9,10,17.57142857142857,True,
run_20261002_072510_851363,802,28,2026-10-02T07:25:38.976,11,left,10,11,18.0,True,
run_20261002_072510_851363,802,28,2026-10-02T07:25:38.976,12,left,11,12,18.0,True,
run_20261002_072510_851363,802,28,2026-10-02T07:25:38.976,1,right,0,1,18.0,True,
run_20261002_072510_851363,802,28,2026-10-02T07:25:38.976,2,right,1,2,18.5,True,
run_20261002_072510_851363,802,28,2026-10-02T07:25:38.976,3,right,2,3,18.0,True,
run_20261002_072510_851363,802,28,2026-10-02T07:25:38.976,4,right,3,4,18.0,True,
run_20261002_072510_851363,802,28,2026-10-02T07:25:38.976,5,right,4,5,18.0,True,
run_20261002_072510_851363,802,28,2026-10-02T07:25:38.976,6,right,5,6,18.5,True,
run_20261002_072510_851363,802,28,2026-10-02T07:25:38.976,7,right,6,7,18.0,True,
run_20261002_072510_851363,802,28,2026-10-02T07:25:38.976,8,right,7,8,18.0,True,
run_20261002_072510_851363,802,28,2026-10-02T07:25:38.976,9,right,8,9,18.0,True,
run_20261002_072510_851363,802,28,2026-10-02T07:25:38.976,10,right,9,10,17.5,True,
run_20261002_072510_851363,802,28,2026-10-02T07:25:38.976,11,right,10,11,18.0,True,
run_20261002_072510_851363,802,28,2026-10-02T07:25:38.976,12,right,11,12,18.0,True,
run_20261002_072510_851363,832,29,2026-10-02T07:25:39.981,1,left,0,1,18.0,True,
run_20261002_072510_851363,832,29,2026-10-02T07:25:39.981,2,left,1,2,18.0,True,
run_20261002_072510_851363,832,29,2026-10-02T07:25:39.981,3,left,2,3,17.5,True,
run_20261002_072510_851363,832,29,2026-10-02T07:25:39.981,4,left,3,4,18.5,True,
run_20261002_072510_851363,832,29,2026-10-02T07:25:39.981,5,left,4,5,18.0,True,
run_20261002_072510_851363,832,29,2026-10-02T07:25:39.981,6,left,5,6,18.0,True,
run_20261002_072510_851363,832,29,2026-10-02T07:25:39.981,7,left,6,7,18.0,True,
run_20261002_072510_851363,832,29,2026-10-02T07:25:39.981,8,left,7,8,18.25,True,
run_20261002_072510_851363,832,29,2026-10-02T07:25:39.981,9,left,8,9,17.67857142857143,True,
run_20261002_072510_851363,832,29,2026-10-02T07:25:39.981,10,left,9,10,17.57142857142857,True,
run_20261002_072510_851363,832,29,2026-10-02T07:25:39.981,11,left,10,11,18.0,True,
run_20261002_072510_851363,832,29,2026-10-02T07:25:39.981,12,left,11,12,18.0,True,
run_20261002_072510_851363,832,29,2026-10-02T07:25:39.981,1,right,0,1,18.0,True,
run_20261002_072510_851363,832,29,2026-10-02T07:25:39.981,2,right,1,2,18.5,True,
run_20261002_072510_851363,832,29,2026-10-02T07:25:39.981,3,right,2,3,18.0,True,
run_20261002_072510_851363,832,29,2026-10-02T07:25:39.981,4,right,3,4,18.0,True,
run_20261002_072510_851363,832,29,2026-10-02T07:25:39.981,5,right,4,5,18.0,True,
run_20261002_072510_851363,832,29,2026-10-02T07:25:39.981,6,right,5,6,18.5,True,
run_20261002_072510_851363,832,29,2026-10-02T07:25:39.981,7,right,6,7,18.0,True,
run_20261002_072510_851363,832,29,2026-10-02T07:25:39.981,8,right,7,8,18.0,True,
run_20261002_072510_851363,832,29,2026-10-02T07:25:39.981,9,right,8,9,18.0,True,
run_20261002_072510_851363,832,29,2026-10-02T07:25:39.981,10,right,9,10,17.5,True,
run_20261002_072510_851363,832,29,2026-10-02T07:25:39.981,11,right,10,11,18.0,True,
run_20261002_072510_851363,832,29,2026-10-02T07:25:39.981,12,right,11,12,18.0,True,
run_20261002_072510_851363,861,30,2026-10-02T07:25:40.985,1,left,0,1,18.0,True,
run_20261002_072510_851363,861,30,2026-10-02T07:25:40.985,2,left,1,2,18.0,True,
run_20261002_072510_851363,861,30,2026-10-02T07:25:40.985,3,left,2,3,18.0,True,
run_20261002_072510_851363,861,30,2026-10-02T07:25:40.985,4,left,3,4,18.0,True,
run_20261002_072510_851363,861,30,2026-10-02T07:25:40.985,5,left,4,5,18.0,True,
run_20261002_072510_851363,861,30,2026-10-02T07:25:40.985,6,left,5,6,18.071428571428584,True,
run_20261002_072510_851363,861,30,2026-10-02T07:25:40.985,7,left,6,7,18.428571428571416,True,
run_20261002_072510_851363,861,30,2026-10-02T07:25:40.985,8,left,7,8,18.0,True,
run_20261002_072510_851363,861,30,2026-10-02T07:25:40.985,9,left,8,9,18.0,True,
run_20261002_072510_851363,861,30,2026-10-02T07:25:40.985,10,left,9,10,18.0,True,
run_20261002_072510_851363,861,30,2026-10-02T07:25:40.985,11,left,10,11,17.599999999999994,True,
run_20261002_072510_851363,861,30,2026-10-02T07:25:40.985,12,left,11,12,17.525000000000006,True,
run_20261002_072510_851363,861,30,2026-10-02T07:25:40.985,1,right,0,1,18.0,True,
run_20261002_072510_851363,861,30,2026-10-02T07:25:40.985,2,right,1,2,18.0,True,
run_20261002_072510_851363,861,30,2026-10-02T07:25:40.985,3,right,2,3,18.0,True,
run_20261002_072510_851363,861,30,2026-10-02T07:25:40.985,4,right,3,4,18.0,True,
run_20261002_072510_851363,861,30,2026-10-02T07:25:40.985,5,right,4,5,18.5,True,
run_20261002_072510_851363,861,30,2026-10-02T07:25:40.985,6,right,5,6,18.0,True,
run_20261002_072510_851363,861,30,2026-10-02T07:25:40.985,7,right,6,7,18.0,True,
run_20261002_072510_851363,861,30,2026-10-02T07:25:40.985,8,right,7,8,18.0,True,
run_20261002_072510_851363,861,30,2026-10-02T07:25:40.985,9,right,8,9,18.0,True,
run_20261002_072510_851363,861,30,2026-10-02T07:25:40.985,10,right,9,10,18.0,True,
run_20261002_072510_851363,861,30,2026-10-02T07:25:40.985,11,right,10,11,18.0,True,
run_20261002_072510_851363,861,30,2026-10-02T07:25:40.985,12,right,11,12,18.0,True,
run_20261002_072510_851363,892,31,2026-10-02T07:25:42.012,1,left,0,1,18.0,True,
run_20261002_072510_851363,892,31,2026-10-02T07:25:42.012,2,left,1,2,18.0,True,
run_20261002_072510_851363,892,31,2026-10-02T07:25:42.012,3,left,2,3,18.0,True,
run_20261002_072510_851363,892,31,2026-10-02T07:25:42.012,4,left,3,4,18.0,True,
run_20261002_072510_851363,892,31,2026-10-02T07:25:42.012,5,left,4,5,18.0,True,
run_20261002_072510_851363,892,31,2026-10-02T07:25:42.012,6,left,5,6,18.0,True,
run_20261002_072510_851363,892,31,2026-10-02T07:25:42.012,7,left,6,7,18.5,True,
run_20261002_072510_851363,892,31,2026-10-02T07:25:42.012,8,left,7,8,18.0,True,
run_20261002_072510_851363,892,31,2026-10-02T07:25:42.012,9,left,8,9,17.86363636363636,True,
run_20261002_072510_851363,892,31,2026-10-02T07:25:42.012,10,left,9,10,18.0,True,
run_20261002_072510_851363,892,31,2026-10-02T07:25:42.012,11,left,10,11,17.35064935064935,True,
run_20261002_072510_851363,892,31,2026-10-02T07:25:42.012,12,left,11,12,17.785714285714292,True,
run_20261002_072510_851363,892,31,2026-10-02T07:25:42.012,1,right,0,1,18.0,True,
run_20261002_072510_851363,892,31,2026-10-02T07:25:42.012,2,right,1,2,18.5,True,
run_20261002_072510_851363,892,31,2026-10-02T07:25:42.012,3,right,2,3,17.5,True,
run_20261002_072510_851363,892,31,2026-10-02T07:25:42.012,4,right,3,4,18.0,True,
run_20261002_072510_851363,892,31,2026-10-02T07:25:42.012,5,right,4,5,18.5,True,
run_20261002_072510_851363,892,31,2026-10-02T07:25:42.012,6,right,5,6,18.0,True,
run_20261002_072510_851363,892,31,2026-10-02T07:25:42.012,7,right,6,7,18.0,True,
run_20261002_072510_851363,892,31,2026-10-02T07:25:42.012,8,right,7,8,18.0,True,
run_20261002_072510_851363,892,31,2026-10-02T07:25:42.012,9,right,8,9,18.0,True,
run_20261002_072510_851363,892,31,2026-10-02T07:25:42.012,10,right,9,10,18.0,True,
run_20261002_072510_851363,892,31,2026-10-02T07:25:42.012,11,right,10,11,18.0,True,
run_20261002_072510_851363,892,31,2026-10-02T07:25:42.012,12,right,11,12,18.0,True,
run_20261002_072510_851363,922,32,2026-10-02T07:25:43.014,1,left,0,1,18.0,True,
run_20261002_072510_851363,922,32,2026-10-02T07:25:43.014,2,left,1,2,18.0,True,
run_20261002_072510_851363,922,32,2026-10-02T07:25:43.014,3,left,2,3,18.0,True,
run_20261002_072510_851363,922,32,2026-10-02T07:25:43.014,4,left,3,4,18.0,True,
run_20261002_072510_851363,922,32,2026-10-02T07:25:43.014,5,left,4,5,18.0,True,
run_20261002_072510_851363,922,32,2026-10-02T07:25:43.014,6,left,5,6,18.5,True,
run_20261002_072510_851363,922,32,2026-10-02T07:25:43.014,7,left,6,7,17.5,True,
run_20261002_072510_851363,922,32,2026-10-02T07:25:43.014,8,left,7,8,18.428571428571416,True,
run_20261002_072510_851363,922,32,2026-10-02T07:25:43.014,9,left,8,9,17.571428571428584,True,
run_20261002_072510_851363,922,32,2026-10-02T07:25:43.014,10,left,9,10,18.0,True,
run_20261002_072510_851363,922,32,2026-10-02T07:25:43.014,11,left,10,11,18.0,True,
run_20261002_072510_851363,922,32,2026-10-02T07:25:43.014,12,left,11,12,18.0,True,
run_20261002_072510_851363,922,32,2026-10-02T07:25:43.014,1,right,0,1,18.0,True,
run_20261002_072510_851363,922,32,2026-10-02T07:25:43.014,2,right,1,2,18.0,True,
run_20261002_072510_851363,922,32,2026-10-02T07:25:43.014,3,right,2,3,18.5,True,
run_20261002_072510_851363,922,32,2026-10-02T07:25:43.014,4,right,3,4,18.0,True,
run_20261002_072510_851363,922,32,2026-10-02T07:25:43.014,5,right,4,5,18.0,True,
run_20261002_072510_851363,922,32,2026-10-02T07:25:43.014,6,right,5,6,18.0,True,
run_20261002_072510_851363,922,32,2026-10-02T07:25:43.014,7,right,6,7,18.0,True,
run_20261002_072510_851363,922,32,2026-10-02T07:25:43.014,8,right,7,8,18.0,True,
run_20261002_072510_851363,922,32,2026-10-02T07:25:43.014,9,right,8,9,18.0,True,
run_20261002_072510_851363,922,32,2026-10-02T07:25:43.014,10,right,9,10,18.0,True,
run_20261002_072510_851363,922,32,2026-10-02T07:25:43.014,11,right,10,11,17.5,True,
run_20261002_072510_851363,922,32,2026-10-02T07:25:43.014,12,right,11,12,18.0,True,
run_20261002_072510_851363,953,33,2026-10-02T07:25:44.051,1,left,0,1,18.0,True,
run_20261002_072510_851363,953,33,2026-10-02T07:25:44.051,2,left,1,2,18.0,True,
run_20261002_072510_851363,953,33,2026-10-02T07:25:44.051,3,left,2,3,18.0,True,
run_20261002_072510_851363,953,33,2026-10-02T07:25:44.051,4,left,3,4,18.0,True,
run_20261002_072510_851363,953,33,2026-10-02T07:25:44.051,5,left,4,5,18.0,True,
run_20261002_072510_851363,953,33,2026-10-02T07:25:44.051,6,left,5,6,18.5,True,
run_20261002_072510_851363,953,33,2026-10-02T07:25:44.051,7,left,6,7,17.5,True,
run_20261002_072510_851363,953,33,2026-10-02T07:25:44.051,8,left,7,8,18.0,True,
run_20261002_072510_851363,953,33,2026-10-02T07:25:44.051,9,left,8,9,18.0,True,
run_20261002_072510_851363,953,33,2026-10-02T07:25:44.051,10,left,9,10,18.0,True,
run_20261002_072510_851363,953,33,2026-10-02T07:25:44.051,11,left,10,11,18.0,True,
run_20261002_072510_851363,953,33,2026-10-02T07:25:44.051,12,left,11,12,18.0,True,
run_20261002_072510_851363,953,33,2026-10-02T07:25:44.051,1,right,0,1,18.0,True,
run_20261002_072510_851363,953,33,2026-10-02T07:25:44.051,2,right,1,2,18.0,True,
run_20261002_072510_851363,953,33,2026-10-02T07:25:44.051,3,right,2,3,18.0,True,
run_20261002_072510_851363,953,33,2026-10-02T07:25:44.051,4,right,3,4,18.5,True,
run_20261002_072510_851363,953,33,2026-10-02T07:25:44.051,5,right,4,5,17.5,True,
run_20261002_072510_851363,953,33,2026-10-02T07:25:44.051,6,right,5,6,18.5,True,
run_20261002_072510_851363,953,33,2026-10-02T07:25:44.051,7,right,6,7,18.0,True,
run_20261002_072510_851363,953,33,2026-10-02T07:25:44.051,8,right,7,8,18.0,True,
run_20261002_072510_851363,953,33,2026-10-02T07:25:44.051,9,right,8,9,18.0,True,
run_20261002_072510_851363,953,33,2026-10-02T07:25:44.051,10,right,9,10,18.0,True,
run_20261002_072510_851363,953,33,2026-10-02T07:25:44.051,11,right,10,11,17.5,True,
run_20261002_072510_851363,953,33,2026-10-02T07:25:44.051,12,right,11,12,18.5,True,
run_20261002_072510_851363,984,34,2026-10-02T07:25:45.079,1,left,0,1,18.0,True,
run_20261002_072510_851363,984,34,2026-10-02T07:25:45.079,2,left,1,2,18.0,True,
run_20261002_072510_851363,984,34,2026-10-02T07:25:45.079,3,left,2,3,18.0,True,
run_20261002_072510_851363,984,34,2026-10-02T07:25:45.079,4,left,3,4,18.0,True,
run_20261002_072510_851363,984,34,2026-10-02T07:25:45.079,5,left,4,5,18.0,True,
run_20261002_072510_851363,984,34,2026-10-02T07:25:45.079,6,left,5,6,18.428571428571416,True,
run_20261002_072510_851363,984,34,2026-10-02T07:25:45.079,7,left,6,7,17.571428571428584,True,
run_20261002_072510_851363,984,34,2026-10-02T07:25:45.079,8,left,7,8,18.0,True,
run_20261002_072510_851363,984,34,2026-10-02T07:25:45.079,9,left,8,9,18.0,True,
run_20261002_072510_851363,984,34,2026-10-02T07:25:45.079,10,left,9,10,18.0,True,
run_20261002_072510_851363,984,34,2026-10-02T07:25:45.079,11,left,10,11,18.0,True,
run_20261002_072510_851363,984,34,2026-10-02T07:25:45.079,12,left,11,12,18.0,True,
run_20261002_072510_851363,984,34,2026-10-02T07:25:45.079,1,right,0,1,18.0,True,
run_20261002_072510_851363,984,34,2026-10-02T07:25:45.079,2,right,1,2,18.0,True,
run_20261002_072510_851363,984,34,2026-10-02T07:25:45.079,3,right,2,3,18.0,True,
run_20261002_072510_851363,984,34,2026-10-02T07:25:45.079,4,right,3,4,18.5,True,
run_20261002_072510_851363,984,34,2026-10-02T07:25:45.079,5,right,4,5,17.5,True,
run_20261002_072510_851363,984,34,2026-10-02T07:25:45.079,6,right,5,6,18.5,True,
run_20261002_072510_851363,984,34,2026-10-02T07:25:45.079,7,right,6,7,18.0,True,
run_20261002_072510_851363,984,34,2026-10-02T07:25:45.079,8,right,7,8,18.0,True,
run_20261002_072510_851363,984,34,2026-10-02T07:25:45.079,9,right,8,9,18.0,True,
run_20261002_072510_851363,984,34,2026-10-02T07:25:45.079,10,right,9,10,18.0,True,
run_20261002_072510_851363,984,34,2026-10-02T07:25:45.079,11,right,10,11,17.5,True,
run_20261002_072510_851363,984,34,2026-10-02T07:25:45.079,12,right,11,12,18.5,True,
run_20261002_072510_851363,1015,35,2026-10-02T07:25:46.114,1,left,0,1,18.0,True,
run_20261002_072510_851363,1015,35,2026-10-02T07:25:46.114,2,left,1,2,18.0,True,
run_20261002_072510_851363,1015,35,2026-10-02T07:25:46.114,3,left,2,3,18.0,True,
run_20261002_072510_851363,1015,35,2026-10-02T07:25:46.114,4,left,3,4,18.0,True,
run_20261002_072510_851363,1015,35,2026-10-02T07:25:46.114,5,left,4,5,18.0,True,
run_20261002_072510_851363,1015,35,2026-10-02T07:25:46.114,6,left,5,6,18.5,True,
run_20261002_072510_851363,1015,35,2026-10-02T07:25:46.114,7,left,6,7,17.928571428571416,True,
run_20261002_072510_851363,1015,35,2026-10-02T07:25:46.114,8,left,7,8,18.071428571428584,True,
run_20261002_072510_851363,1015,35,2026-10-02T07:25:46.114,9,left,8,9,17.5,True,
run_20261002_072510_851363,1015,35,2026-10-02T07:25:46.114,10,left,9,10,18.0,True,
run_20261002_072510_851363,1015,35,2026-10-02T07:25:46.114,11,left,10,11,18.0,True,
run_20261002_072510_851363,1015,35,2026-10-02T07:25:46.114,12,left,11,12,18.0,True,
run_20261002_072510_851363,1015,35,2026-10-02T07:25:46.114,1,right,0,1,18.0,True,
run_20261002_072510_851363,1015,35,2026-10-02T07:25:46.114,2,right,1,2,18.0,True,
run_20261002_072510_851363,1015,35,2026-10-02T07:25:46.114,3,right,2,3,18.0,True,
run_20261002_072510_851363,1015,35,2026-10-02T07:25:46.114,4,right,3,4,18.0,True,
run_20261002_072510_851363,1015,35,2026-10-02T07:25:46.114,5,right,4,5,18.0,True,
run_20261002_072510_851363,1015,35,2026-10-02T07:25:46.114,6,right,5,6,18.5,True,
run_20261002_072510_851363,1015,35,2026-10-02T07:25:46.114,7,right,6,7,18.0,True,
run_20261002_072510_851363,1015,35,2026-10-02T07:25:46.114,8,right,7,8,18.0,True,
run_20261002_072510_851363,1015,35,2026-10-02T07:25:46.114,9,right,8,9,18.0,True,
run_20261002_072510_851363,1015,35,2026-10-02T07:25:46.114,10,right,9,10,18.0,True,
run_20261002_072510_851363,1015,35,2026-10-02T07:25:46.114,11,right,10,11,17.5,True,
run_20261002_072510_851363,1015,35,2026-10-02T07:25:46.114,12,right,11,12,18.0,True,
run_20261002_072510_851363,1046,36,2026-10-02T07:25:47.147,1,left,0,1,18.0,True,
run_20261002_072510_851363,1046,36,2026-10-02T07:25:47.147,2,left,1,2,18.0,True,
run_20261002_072510_851363,1046,36,2026-10-02T07:25:47.147,3,left,2,3,18.0,True,
run_20261002_072510_851363,1046,36,2026-10-02T07:25:47.147,4,left,3,4,18.0,True,
run_20261002_072510_851363,1046,36,2026-10-02T07:25:47.147,5,left,4,5,18.0,True,
run_20261002_072510_851363,1046,36,2026-10-02T07:25:47.147,6,left,5,6,18.0,True,
run_20261002_072510_851363,1046,36,2026-10-02T07:25:47.147,7,left,6,7,18.25,True,
run_20261002_072510_851363,1046,36,2026-10-02T07:25:47.147,8,left,7,8,17.75,True,
run_20261002_072510_851363,1046,36,2026-10-02T07:25:47.147,9,left,8,9,18.0,True,
run_20261002_072510_851363,1046,36,2026-10-02T07:25:47.147,10,left,9,10,18.0,True,
run_20261002_072510_851363,1046,36,2026-10-02T07:25:47.147,11,left,10,11,17.5,True,
run_20261002_072510_851363,1046,36,2026-10-02T07:25:47.147,12,left,11,12,18.0,True,
run_20261002_072510_851363,1046,36,2026-10-02T07:25:47.147,1,right,0,1,18.0,True,
run_20261002_072510_851363,1046,36,2026-10-02T07:25:47.147,2,right,1,2,18.5,True,
run_20261002_072510_851363,1046,36,2026-10-02T07:25:47.147,3,right,2,3,17.5,True,
run_20261002_072510_851363,1046,36,2026-10-02T07:25:47.147,4,right,3,4,18.0,True,
run_20261002_072510_851363,1046,36,2026-10-02T07:25:47.147,5,right,4,5,18.5,True,
run_20261002_072510_851363,1046,36,2026-10-02T07:25:47.147,6,right,5,6,18.0,True,
run_20261002_072510_851363,1046,36,2026-10-02T07:25:47.147,7,right,6,7,18.0,True,
run_20261002_072510_851363,1046,36,2026-10-02T07:25:47.147,8,right,7,8,18.0,True,
run_20261002_072510_851363,1046,36,2026-10-02T07:25:47.147,9,right,8,9,18.0,True,
run_20261002_072510_851363,1046,36,2026-10-02T07:25:47.147,10,right,9,10,18.0,True,
run_20261002_072510_851363,1046,36,2026-10-02T07:25:47.147,11,right,10,11,18.0,True,
run_20261002_072510_851363,1046,36,2026-10-02T07:25:47.147,12,right,11,12,18.0,True,
run_20261002_072510_851363,1076,37,2026-10-02T07:25:48.148,1,left,0,1,18.0,True,
run_20261002_072510_851363,1076,37,2026-10-02T07:25:48.148,2,left,1,2,18.0,True,
run_20261002_072510_851363,1076,37,2026-10-02T07:25:48.148,3,left,2,3,17.5,True,
run_20261002_072510_851363,1076,37,2026-10-02T07:25:48.148,4,left,3,4,18.5,True,
run_20261002_072510_851363,1076,37,2026-10-02T07:25:48.148,5,left,4,5,18.0,True,
run_20261002_072510_851363,1076,37,2026-10-02T07:25:48.148,6,left,5,6,18.0,True,
run_20261002_072510_851363,1076,37,2026-10-02T07:25:48.148,7,left,6,7,18.0,True,
run_20261002_072510_851363,1076,37,2026-10-02T07:25:48.148,8,left,7,8,18.0,True,
run_20261002_072510_851363,1076,37,2026-10-02T07:25:48.148,9,left,8,9,18.0,True,
run_20261002_072510_851363,1076,37,2026-10-02T07:25:48.148,10,left,9,10,17.5,True,
run_20261002_072510_851363,1076,37,2026-10-02T07:25:48.148,11,left,10,11,18.0,True,
run_20261002_072510_851363,1076,37,2026-10-02T07:25:48.148,12,left,11,12,18.0,True,
run_20261002_072510_851363,1076,37,2026-10-02T07:25:48.148,1,right,0,1,18.0,True,
run_20261002_072510_851363,1076,37,2026-10-02T07:25:48.148,2,right,1,2,18.5,True,
run_20261002_072510_851363,1076,37,2026-10-02T07:25:48.148,3,right,2,3,17.5,True,
run_20261002_072510_851363,1076,37,2026-10-02T07:25:48.148,4,right,3,4,18.5,True,
run_20261002_072510_851363,1076,37,2026-10-02T07:25:48.148,5,right,4,5,18.0,True,
run_20261002_072510_851363,1076,37,2026-10-02T07:25:48.148,6,right,5,6,18.0,True,
run_20261002_072510_851363,1076,37,2026-10-02T07:25:48.148,7,right,6,7,18.0,True,
run_20261002_072510_851363,1076,37,2026-10-02T07:25:48.148,8,right,7,8,18.0,True,
run_20261002_072510_851363,1076,37,2026-10-02T07:25:48.148,9,right,8,9,18.0,True,
run_20261002_072510_851363,1076,37,2026-10-02T07:25:48.148,10,right,9,10,18.0,True,
run_20261002_072510_851363,1076,37,2026-10-02T07:25:48.148,11,right,10,11,18.0,True,
run_20261002_072510_851363,1076,37,2026-10-02T07:25:48.148,12,right,11,12,18.0,True,
run_20261002_072510_851363,1107,38,2026-10-02T07:25:49.179,1,left,0,1,18.0,True,
run_20261002_072510_851363,1107,38,2026-10-02T07:25:49.179,2,left,1,2,18.0,True,
run_20261002_072510_851363,1107,38,2026-10-02T07:25:49.179,3,left,2,3,18.0,True,
run_20261002_072510_851363,1107,38,2026-10-02T07:25:49.179,4,left,3,4,18.0,True,
run_20261002_072510_851363,1107,38,2026-10-02T07:25:49.179,5,left,4,5,18.0,True,
run_20261002_072510_851363,1107,38,2026-10-02T07:25:49.179,6,left,5,6,18.15384615384616,True,
run_20261002_072510_851363,1107,38,2026-10-02T07:25:49.179,7,left,6,7,18.34615384615384,True,
run_20261002_072510_851363,1107,38,2026-10-02T07:25:49.179,8,left,7,8,18.0,True,
run_20261002_072510_851363,1107,38,2026-10-02T07:25:49.179,9,left,8,9,18.0,True,
run_20261002_072510_851363,1107,38,2026-10-02T07:25:49.179,10,left,9,10,18.0,True,
run_20261002_072510_851363,1107,38,2026-10-02T07:25:49.179,11,left,10,11,18.0,True,
run_20261002_072510_851363,1107,38,2026-10-02T07:25:49.179,12,left,11,12,17.33333333333333,True,
run_20261002_072510_851363,1107,38,2026-10-02T07:25:49.179,1,right,0,1,18.0,True,
run_20261002_072510_851363,1107,38,2026-10-02T07:25:49.179,2,right,1,2,18.0,True,
run_20261002_072510_851363,1107,38,2026-10-02T07:25:49.179,3,right,2,3,18.0,True,
run_20261002_072510_851363,1107,38,2026-10-02T07:25:49.179,4,right,3,4,18.0,True,
run_20261002_072510_851363,1107,38,2026-10-02T07:25:49.179,5,right,4,5,18.5,True,
run_20261002_072510_851363,1107,38,2026-10-02T07:25:49.179,6,right,5,6,18.0,True,
run_20261002_072510_851363,1107,38,2026-10-02T07:25:49.179,7,right,6,7,18.0,True,
run_20261002_072510_851363,1107,38,2026-10-02T07:25:49.179,8,right,7,8,18.0,True,
run_20261002_072510_851363,1107,38,2026-10-02T07:25:49.179,9,right,8,9,18.0,True,
run_20261002_072510_851363,1107,38,2026-10-02T07:25:49.179,10,right,9,10,18.0,True,
run_20261002_072510_851363,1107,38,2026-10-02T07:25:49.179,11,right,10,11,18.0,True,
run_20261002_072510_851363,1107,38,2026-10-02T07:25:49.179,12,right,11,12,17.5,True,
run_20261002_072510_851363,1137,39,2026-10-02T07:25:50.181,1,left,0,1,18.0,True,
run_20261002_072510_851363,1137,39,2026-10-02T07:25:50.181,2,left,1,2,18.0,True,
run_20261002_072510_851363,1137,39,2026-10-02T07:25:50.181,3,left,2,3,18.0,True,
run_20261002_072510_851363,1137,39,2026-10-02T07:25:50.181,4,left,3,4,18.15384615384616,True,
run_20261002_072510_851363,1137,39,2026-10-02T07:25:50.181,5,left,4,5,18.34615384615384,True,
run_20261002_072510_851363,1137,39,2026-10-02T07:25:50.181,6,left,5,6,18.0,True,
run_20261002_072510_851363,1137,39,2026-10-02T07:25:50.181,7,left,6,7,18.0,True,
run_20261002_072510_851363,1137,39,2026-10-02T07:25:50.181,8,left,7,8,18.0,True,
run_20261002_072510_851363,1137,39,2026-10-02T07:25:50.181,9,left,8,9,18.0,True,
run_20261002_072510_851363,1137,39,2026-10-02T07:25:50.181,10,left,9,10,18.0,True,
run_20261002_072510_851363,1137,39,2026-10-02T07:25:50.181,11,left,10,11,18.0,True,
run_20261002_072510_851363,1137,39,2026-10-02T07:25:50.181,12,left,11,12,18.0,True,
run_20261002_072510_851363,1137,39,2026-10-02T07:25:50.181,1,right,0,1,18.0,True,
run_20261002_072510_851363,1137,39,2026-10-02T07:25:50.181,2,right,1,2,18.0,True,
run_20261002_072510_851363,1137,39,2026-10-02T07:25:50.181,3,right,2,3,18.5,True,
run_20261002_072510_851363,1137,39,2026-10-02T07:25:50.181,4,right,3,4,18.0,True,
run_20261002_072510_851363,1137,39,2026-10-02T07:25:50.181,5,right,4,5,18.0,True,
run_20261002_072510_851363,1137,39,2026-10-02T07:25:50.181,6,right,5,6,18.0,True,
run_20261002_072510_851363,1137,39,2026-10-02T07:25:50.181,7,right,6,7,18.5,True,
run_20261002_072510_851363,1137,39,2026-10-02T07:25:50.181,8,right,7,8,18.0,True,
run_20261002_072510_851363,1137,39,2026-10-02T07:25:50.181,9,right,8,9,18.0,True,
run_20261002_072510_851363,1137,39,2026-10-02T07:25:50.181,10,right,9,10,18.0,True,
run_20261002_072510_851363,1137,39,2026-10-02T07:25:50.181,11,right,10,11,18.0,True,
run_20261002_072510_851363,1137,39,2026-10-02T07:25:50.181,12,right,11,12,17.5,True,
run_20261002_072510_851363,1168,40,2026-10-02T07:25:51.218,1,left,0,1,18.0,True,
run_20261002_072510_851363,1168,40,2026-10-02T07:25:51.218,2,left,1,2,18.5,True,
run_20261002_072510_851363,1168,40,2026-10-02T07:25:51.218,3,left,2,3,17.5,True,
run_20261002_072510_851363,1168,40,2026-10-02T07:25:51.218,4,left,3,4,18.0,True,
run_20261002_072510_851363,1168,40,2026-10-02T07:25:51.218,5,left,4,5,18.0,True,
run_20261002_072510_851363,1168,40,2026-10-02T07:25:51.218,6,left,5,6,18.5,True,
run_20261002_072510_851363,1168,40,2026-10-02T07:25:51.218,7,left,6,7,18.0,True,
run_20261002_072510_851363,1168,40,2026-10-02T07:25:51.218,8,left,7,8,18.0,True,
run_20261002_072510_851363,1168,40,2026-10-02T07:25:51.218,9,left,8,9,18.0,True,
run_20261002_072510_851363,1168,40,2026-10-02T07:25:51.218,10,left,9,10,17.5,True,
run_20261002_072510_851363,1168,40,2026-10-02T07:25:51.218,11,left,10,11,18.0,True,
run_20261002_072510_851363,1168,40,2026-10-02T07:25:51.218,12,left,11,12,18.0,True,
run_20261002_072510_851363,1168,40,2026-10-02T07:25:51.218,1,right,0,1,18.5,True,
run_20261002_072510_851363,1168,40,2026-10-02T07:25:51.218,2,right,1,2,18.0,True,
run_20261002_072510_851363,1168,40,2026-10-02T07:25:51.218,3,right,2,3,18.0,True,
run_20261002_072510_851363,1168,40,2026-10-02T07:25:51.218,4,right,3,4,18.0,True,
run_20261002_072510_851363,1168,40,2026-10-02T07:25:51.218,5,right,4,5,18.0,True,
run_20261002_072510_851363,1168,40,2026-10-02T07:25:51.218,6,right,5,6,18.5,True,
run_20261002_072510_851363,1168,40,2026-10-02T07:25:51.218,7,right,6,7,18.0,True,
run_20261002_072510_851363,1168,40,2026-10-02T07:25:51.218,8,right,7,8,18.0,True,
run_20261002_072510_851363,1168,40,2026-10-02T07:25:51.218,9,right,8,9,18.0,True,
run_20261002_072510_851363,1168,40,2026-10-02T07:25:51.218,10,right,9,10,18.0,True,
run_20261002_072510_851363,1168,40,2026-10-02T07:25:51.218,11,right,10,11,17.5,True,
run_20261002_072510_851363,1168,40,2026-10-02T07:25:51.218,12,right,11,12,18.0,True,
run_20261002_072510_851363,1199,41,2026-10-02T07:25:52.247,1,left,0,1,18.0,True,
run_20261002_072510_851363,1199,41,2026-10-02T07:25:52.247,2,left,1,2,18.0,True,
run_20261002_072510_851363,1199,41,2026-10-02T07:25:52.247,3,left,2,3,18.0,True,
run_20261002_072510_851363,1199,41,2026-10-02T07:25:52.247,4,left,3,4,18.0,True,
run_20261002_072510_851363,1199,41,2026-10-02T07:25:52.247,5,left,4,5,18.5,True,
run_20261002_072510_851363,1199,41,2026-10-02T07:25:52.247,6,left,5,6,18.0,True,
run_20261002_072510_851363,1199,41,2026-10-02T07:25:52.247,7,left,6,7,18.0,True,
run_20261002_072510_851363,1199,41,2026-10-02T07:25:52.247,8,left,7,8,18.0,True,
run_20261002_072510_851363,1199,41,2026-10-02T07:25:52.247,9,left,8,9,18.0,True,
run_20261002_072510_851363,1199,41,2026-10-02T07:25:52.247,10,left,9,10,17.5,True,
run_20261002_072510_851363,1199,41,2026-10-02T07:25:52.247,11,left,10,11,18.0,True,
run_20261002_072510_851363,1199,41,2026-10-02T07:25:52.247,12,left,11,12,18.0,True,
run_20261002_072510_851363,1199,41,2026-10-02T07:25:52.247,1,right,0,1,18.5,True,
run_20261002_072510_851363,1199,41,2026-10-02T07:25:52.247,2,right,1,2,18.0,True,
run_20261002_072510_851363,1199,41,2026-10-02T07:25:52.247,3,right,2,3,18.0,True,
run_20261002_072510_851363,1199,41,2026-10-02T07:25:52.247,4,right,3,4,18.0,True,
run_20261002_072510_851363,1199,41,2026-10-02T07:25:52.247,5,right,4,5,18.0,True,
run_20261002_072510_851363,1199,41,2026-10-02T07:25:52.247,6,right,5,6,18.5,True,
run_20261002_072510_851363,1199,41,2026-10-02T07:25:52.247,7,right,6,7,18.0,True,
run_20261002_072510_851363,1199,41,2026-10-02T07:25:52.247,8,right,7,8,18.0,True,
run_20261002_072510_851363,1199,41,2026-10-02T07:25:52.247,9,right,8,9,18.0,True,
run_20261002_072510_851363,1199,41,2026-10-02T07:25:52.247,10,right,9,10,18.0,True,
run_20261002_072510_851363,1199,41,2026-10-02T07:25:52.247,11,right,10,11,17.5,True,
run_20261002_072510_851363,1199,41,2026-10-02T07:25:52.247,12,right,11,12,18.0,True,
run_20261002_072510_851363,1230,42,2026-10-02T07:25:53.277,1,left,0,1,18.0,True,
run_20261002_072510_851363,1230,42,2026-10-02T07:25:53.277,2,left,1,2,18.0,True,
run_20261002_072510_851363,1230,42,2026-10-02T07:25:53.277,3,left,2,3,18.0,True,
run_20261002_072510_851363,1230,42,2026-10-02T07:25:53.277,4,left,3,4,18.0,True,
run_20261002_072510_851363,1230,42,2026-10-02T07:25:53.277,5,left,4,5,18.0,True,
run_20261002_072510_851363,1230,42,2026-10-02T07:25:53.277,6,left,5,6,18.5,True,
run_20261002_072510_851363,1230,42,2026-10-02T07:25:53.277,7,left,6,7,18.0,True,
run_20261002_072510_851363,1230,42,2026-10-02T07:25:53.277,8,left,7,8,18.0,True,
run_20261002_072510_851363,1230,42,2026-10-02T07:25:53.277,9,left,8,9,18.0,True,
run_20261002_072510_851363,1230,42,2026-10-02T07:25:53.277,10,left,9,10,17.5,True,
run_20261002_072510_851363,1230,42,2026-10-02T07:25:53.277,11,left,10,11,18.0,True,
run_20261002_072510_851363,1230,42,2026-10-02T07:25:53.277,12,left,11,12,18.0,True,
run_20261002_072510_851363,1230,42,2026-10-02T07:25:53.277,1,right,0,1,18.5,True,
run_20261002_072510_851363,1230,42,2026-10-02T07:25:53.277,2,right,1,2,18.0,True,
run_20261002_072510_851363,1230,42,2026-10-02T07:25:53.277,3,right,2,3,18.0,True,
run_20261002_072510_851363,1230,42,2026-10-02T07:25:53.277,4,right,3,4,18.0,True,
run_20261002_072510_851363,1230,42,2026-10-02T07:25:53.277,5,right,4,5,18.0,True,
run_20261002_072510_851363,1230,42,2026-10-02T07:25:53.277,6,right,5,6,18.5,True,
run_20261002_072510_851363,1230,42,2026-10-02T07:25:53.277,7,right,6,7,18.0,True,
run_20261002_072510_851363,1230,42,2026-10-02T07:25:53.277,8,right,7,8,18.0,True,
run_20261002_072510_851363,1230,42,2026-10-02T07:25:53.277,9,right,8,9,18.0,True,
run_20261002_072510_851363,1230,42,2026-10-02T07:25:53.277,10,right,9,10,18.0,True,
run_20261002_072510_851363,1230,42,2026-10-02T07:25:53.277,11,right,10,11,17.5,True,
run_20261002_072510_851363,1230,42,2026-10-02T07:25:53.277,12,right,11,12,18.0,True,
run_20261002_072510_851363,1260,43,2026-10-02T07:25:54.284,1,left,0,1,18.0,True,
run_20261002_072510_851363,1260,43,2026-10-02T07:25:54.284,2,left,1,2,18.0,True,
run_20261002_072510_851363,1260,43,2026-10-02T07:25:54.284,3,left,2,3,18.0,True,
run_20261002_072510_851363,1260,43,2026-10-02T07:25:54.284,4,left,3,4,18.0,True,
run_20261002_072510_851363,1260,43,2026-10-02T07:25:54.284,5,left,4,5,18.0,True,
run_20261002_072510_851363,1260,43,2026-10-02T07:25:54.284,6,left,5,6,18.5,True,
run_20261002_072510_851363,1260,43,2026-10-02T07:25:54.284,7,left,6,7,18.0,True,
run_20261002_072510_851363,1260,43,2026-10-02T07:25:54.284,8,left,7,8,18.0,True,
run_20261002_072510_851363,1260,43,2026-10-02T07:25:54.284,9,left,8,9,18.0,True,
run_20261002_072510_851363,1260,43,2026-10-02T07:25:54.284,10,left,9,10,17.5,True,
run_20261002_072510_851363,1260,43,2026-10-02T07:25:54.284,11,left,10,11,18.0,True,
run_20261002_072510_851363,1260,43,2026-10-02T07:25:54.284,12,left,11,12,18.0,True,
run_20261002_072510_851363,1260,43,2026-10-02T07:25:54.284,1,right,0,1,18.5,True,
run_20261002_072510_851363,1260,43,2026-10-02T07:25:54.284,2,right,1,2,18.0,True,
run_20261002_072510_851363,1260,43,2026-10-02T07:25:54.284,3,right,2,3,18.0,True,
run_20261002_072510_851363,1260,43,2026-10-02T07:25:54.284,4,right,3,4,18.0,True,
run_20261002_072510_851363,1260,43,2026-10-02T07:25:54.284,5,right,4,5,18.0,True,
run_20261002_072510_851363,1260,43,2026-10-02T07:25:54.284,6,right,5,6,18.5,True,
run_20261002_072510_851363,1260,43,2026-10-02T07:25:54.284,7,right,6,7,18.0,True,
run_20261002_072510_851363,1260,43,2026-10-02T07:25:54.284,8,right,7,8,18.0,True,
run_20261002_072510_851363,1260,43,2026-10-02T07:25:54.284,9,right,8,9,18.0,True,
run_20261002_072510_851363,1260,43,2026-10-02T07:25:54.284,10,right,9,10,18.0,True,
run_20261002_072510_851363,1260,43,2026-10-02T07:25:54.284,11,right,10,11,17.5,True,
run_20261002_072510_851363,1260,43,2026-10-02T07:25:54.284,12,right,11,12,18.0,True,
run_20261002_072510_851363,1291,44,2026-10-02T07:25:55.321,1,left,0,1,18.0,True,
run_20261002_072510_851363,1291,44,2026-10-02T07:25:55.321,2,left,1,2,18.0,True,
run_20261002_072510_851363,1291,44,2026-10-02T07:25:55.321,3,left,2,3,18.0,True,
run_20261002_072510_851363,1291,44,2026-10-02T07:25:55.321,4,left,3,4,18.0,True,
run_20261002_072510_851363,1291,44,2026-10-02T07:25:55.321,5,left,4,5,18.0,True,
run_20261002_072510_851363,1291,44,2026-10-02T07:25:55.321,6,left,5,6,18.5,True,
run_20261002_072510_851363,1291,44,2026-10-02T07:25:55.321,7,left,6,7,18.0,True,
run_20261002_072510_851363,1291,44,2026-10-02T07:25:55.321,8,left,7,8,18.0,True,
run_20261002_072510_851363,1291,44,2026-10-02T07:25:55.321,9,left,8,9,18.0,True,
run_20261002_072510_851363,1291,44,2026-10-02T07:25:55.321,10,left,9,10,17.5,True,
run_20261002_072510_851363,1291,44,2026-10-02T07:25:55.321,11,left,10,11,18.0,True,
run_20261002_072510_851363,1291,44,2026-10-02T07:25:55.321,12,left,11,12,18.0,True,
run_20261002_072510_851363,1291,44,2026-10-02T07:25:55.321,1,right,0,1,18.5,True,
run_20261002_072510_851363,1291,44,2026-10-02T07:25:55.321,2,right,1,2,18.0,True,
run_20261002_072510_851363,1291,44,2026-10-02T07:25:55.321,3,right,2,3,18.0,True,
run_20261002_072510_851363,1291,44,2026-10-02T07:25:55.321,4,right,3,4,18.0,True,
run_20261002_072510_851363,1291,44,2026-10-02T07:25:55.321,5,right,4,5,18.0,True,
run_20261002_072510_851363,1291,44,2026-10-02T07:25:55.321,6,right,5,6,18.5,True,
run_20261002_072510_851363,1291,44,2026-10-02T07:25:55.321,7,right,6,7,18.0,True,
run_20261002_072510_851363,1291,44,2026-10-02T07:25:55.321,8,right,7,8,18.0,True,
run_20261002_072510_851363,1291,44,2026-10-02T07:25:55.321,9,right,8,9,18.0,True,
run_20261002_072510_851363,1291,44,2026-10-02T07:25:55.321,10,right,9,10,18.0,True,
run_20261002_072510_851363,1291,44,2026-10-02T07:25:55.321,11,right,10,11,17.5,True,
run_20261002_072510_851363,1291,44,2026-10-02T07:25:55.321,12,right,11,12,18.0,True,
run_20261002_072510_851363,1322,45,2026-10-02T07:25:56.347,1,left,0,1,18.0,True,
run_20261002_072510_851363,1322,45,2026-10-02T07:25:56.347,2,left,1,2,18.0,True,
run_20261002_072510_851363,1322,45,2026-10-02T07:25:56.347,3,left,2,3,18.0,True,
run_20261002_072510_851363,1322,45,2026-10-02T07:25:56.347,4,left,3,4,18.0,True,
run_20261002_072510_851363,1322,45,2026-10-02T07:25:56.347,5,left,4,5,18.0,True,
run_20261002_072510_851363,1322,45,2026-10-02T07:25:56.347,6,left,5,6,18.5,True,
run_20261002_072510_851363,1322,45,2026-10-02T07:25:56.347,7,left,6,7,18.0,True,
run_20261002_072510_851363,1322,45,2026-10-02T07:25:56.347,8,left,7,8,18.0,True,
run_20261002_072510_851363,1322,45,2026-10-02T07:25:56.347,9,left,8,9,18.0,True,
run_20261002_072510_851363,1322,45,2026-10-02T07:25:56.347,10,left,9,10,17.5,True,
run_20261002_072510_851363,1322,45,2026-10-02T07:25:56.347,11,left,10,11,18.0,True,
run_20261002_072510_851363,1322,45,2026-10-02T07:25:56.347,12,left,11,12,18.0,True,
run_20261002_072510_851363,1322,45,2026-10-02T07:25:56.347,1,right,0,1,18.5,True,
run_20261002_072510_851363,1322,45,2026-10-02T07:25:56.347,2,right,1,2,18.0,True,
run_20261002_072510_851363,1322,45,2026-10-02T07:25:56.347,3,right,2,3,18.0,True,
run_20261002_072510_851363,1322,45,2026-10-02T07:25:56.347,4,right,3,4,18.0,True,
run_20261002_072510_851363,1322,45,2026-10-02T07:25:56.347,5,right,4,5,18.0,True,
run_20261002_072510_851363,1322,45,2026-10-02T07:25:56.347,6,right,5,6,18.5,True,
run_20261002_072510_851363,1322,45,2026-10-02T07:25:56.347,7,right,6,7,18.0,True,
run_20261002_072510_851363,1322,45,2026-10-02T07:25:56.347,8,right,7,8,18.0,True,
run_20261002_072510_851363,1322,45,2026-10-02T07:25:56.347,9,right,8,9,18.0,True,
run_20261002_072510_851363,1322,45,2026-10-02T07:25:56.347,10,right,9,10,18.0,True,
run_20261002_072510_851363,1322,45,2026-10-02T07:25:56.347,11,right,10,11,17.5,True,
run_20261002_072510_851363,1322,45,2026-10-02T07:25:56.347,12,right,11,12,18.0,True,
run_20261002_072510_851363,1353,46,2026-10-02T07:25:57.376,1,left,0,1,18.0,True,
run_20261002_072510_851363,1353,46,2026-10-02T07:25:57.376,2,left,1,2,18.0,True,
run_20261002_072510_851363,1353,46,2026-10-02T07:25:57.376,3,left,2,3,18.0,True,
run_20261002_072510_851363,1353,46,2026-10-02T07:25:57.376,4,left,3,4,18.0,True,
run_20261002_072510_851363,1353,46,2026-10-02T07:25:57.376,5,left,4,5,18.0,True,
run_20261002_072510_851363,1353,46,2026-10-02T07:25:57.376,6,left,5,6,18.5,True,
run_20261002_072510_851363,1353,46,2026-10-02T07:25:57.376,7,left,6,7,18.0,True,
run_20261002_072510_851363,1353,46,2026-10-02T07:25:57.376,8,left,7,8,18.0,True,
run_20261002_072510_851363,1353,46,2026-10-02T07:25:57.376,9,left,8,9,18.0,True,
run_20261002_072510_851363,1353,46,2026-10-02T07:25:57.376,10,left,9,10,17.5,True,
run_20261002_072510_851363,1353,46,2026-10-02T07:25:57.376,11,left,10,11,18.0,True,
run_20261002_072510_851363,1353,46,2026-10-02T07:25:57.376,12,left,11,12,18.0,True,
run_20261002_072510_851363,1353,46,2026-10-02T07:25:57.376,1,right,0,1,18.5,True,
run_20261002_072510_851363,1353,46,2026-10-02T07:25:57.376,2,right,1,2,18.0,True,
run_20261002_072510_851363,1353,46,2026-10-02T07:25:57.376,3,right,2,3,18.0,True,
run_20261002_072510_851363,1353,46,2026-10-02T07:25:57.376,4,right,3,4,18.0,True,
run_20261002_072510_851363,1353,46,2026-10-02T07:25:57.376,5,right,4,5,18.0,True,
run_20261002_072510_851363,1353,46,2026-10-02T07:25:57.376,6,right,5,6,18.5,True,
run_20261002_072510_851363,1353,46,2026-10-02T07:25:57.376,7,right,6,7,18.0,True,
run_20261002_072510_851363,1353,46,2026-10-02T07:25:57.376,8,right,7,8,18.0,True,
run_20261002_072510_851363,1353,46,2026-10-02T07:25:57.376,9,right,8,9,18.0,True,
run_20261002_072510_851363,1353,46,2026-10-02T07:25:57.376,10,right,9,10,18.0,True,
run_20261002_072510_851363,1353,46,2026-10-02T07:25:57.376,11,right,10,11,17.5,True,
run_20261002_072510_851363,1353,46,2026-10-02T07:25:57.376,12,right,11,12,18.0,True,
run_20261002_072510_851363,1383,47,2026-10-02T07:25:58.380,1,left,0,1,18.0,True,
run_20261002_072510_851363,1383,47,2026-10-02T07:25:58.380,2,left,1,2,18.0,True,
run_20261002_072510_851363,1383,47,2026-10-02T07:25:58.380,3,left,2,3,18.0,True,
run_20261002_072510_851363,1383,47,2026-10-02T07:25:58.380,4,left,3,4,18.0,True,
run_20261002_072510_851363,1383,47,2026-10-02T07:25:58.380,5,left,4,5,18.0,True,
run_20261002_072510_851363,1383,47,2026-10-02T07:25:58.380,6,left,5,6,18.5,True,
run_20261002_072510_851363,1383,47,2026-10-02T07:25:58.380,7,left,6,7,18.0,True,
run_20261002_072510_851363,1383,47,2026-10-02T07:25:58.380,8,left,7,8,18.0,True,
run_20261002_072510_851363,1383,47,2026-10-02T07:25:58.380,9,left,8,9,18.0,True,
run_20261002_072510_851363,1383,47,2026-10-02T07:25:58.380,10,left,9,10,17.5,True,
run_20261002_072510_851363,1383,47,2026-10-02T07:25:58.380,11,left,10,11,18.0,True,
run_20261002_072510_851363,1383,47,2026-10-02T07:25:58.380,12,left,11,12,18.0,True,
run_20261002_072510_851363,1383,47,2026-10-02T07:25:58.380,1,right,0,1,18.0,True,
run_20261002_072510_851363,1383,47,2026-10-02T07:25:58.380,2,right,1,2,18.0,True,
run_20261002_072510_851363,1383,47,2026-10-02T07:25:58.380,3,right,2,3,18.0,True,
run_20261002_072510_851363,1383,47,2026-10-02T07:25:58.380,4,right,3,4,18.0,True,
run_20261002_072510_851363,1383,47,2026-10-02T07:25:58.380,5,right,4,5,18.0,True,
run_20261002_072510_851363,1383,47,2026-10-02T07:25:58.380,6,right,5,6,18.5,True,
run_20261002_072510_851363,1383,47,2026-10-02T07:25:58.380,7,right,6,7,18.0,True,
run_20261002_072510_851363,1383,47,2026-10-02T07:25:58.380,8,right,7,8,18.0,True,
run_20261002_072510_851363,1383,47,2026-10-02T07:25:58.380,9,right,8,9,18.0,True,
run_20261002_072510_851363,1383,47,2026-10-02T07:25:58.380,10,right,9,10,18.0,True,
run_20261002_072510_851363,1383,47,2026-10-02T07:25:58.380,11,right,10,11,17.5,True,
run_20261002_072510_851363,1383,47,2026-10-02T07:25:58.380,12,right,11,12,18.0,True,
run_20261002_072510_851363,1413,48,2026-10-02T07:25:59.386,1,left,0,1,18.0,True,
run_20261002_072510_851363,1413,48,2026-10-02T07:25:59.386,2,left,1,2,18.0,True,
run_20261002_072510_851363,1413,48,2026-10-02T07:25:59.386,3,left,2,3,18.0,True,
run_20261002_072510_851363,1413,48,2026-10-02T07:25:59.386,4,left,3,4,18.0,True,
run_20261002_072510_851363,1413,48,2026-10-02T07:25:59.386,5,left,4,5,18.0,True,
run_20261002_072510_851363,1413,48,2026-10-02T07:25:59.386,6,left,5,6,18.5,True,
run_20261002_072510_851363,1413,48,2026-10-02T07:25:59.386,7,left,6,7,18.0,True,
run_20261002_072510_851363,1413,48,2026-10-02T07:25:59.386,8,left,7,8,18.0,True,
run_20261002_072510_851363,1413,48,2026-10-02T07:25:59.386,9,left,8,9,18.0,True,
run_20261002_072510_851363,1413,48,2026-10-02T07:25:59.386,10,left,9,10,17.5,True,
run_20261002_072510_851363,1413,48,2026-10-02T07:25:59.386,11,left,10,11,18.0,True,
run_20261002_072510_851363,1413,48,2026-10-02T07:25:59.386,12,left,11,12,18.0,True,
run_20261002_072510_851363,1413,48,2026-10-02T07:25:59.386,1,right,0,1,18.0,True,
run_20261002_072510_851363,1413,48,2026-10-02T07:25:59.386,2,right,1,2,18.0,True,
run_20261002_072510_851363,1413,48,2026-10-02T07:25:59.386,3,right,2,3,18.0,True,
run_20261002_072510_851363,1413,48,2026-10-02T07:25:59.386,4,right,3,4,18.0,True,
run_20261002_072510_851363,1413,48,2026-10-02T07:25:59.386,5,right,4,5,18.0,True,
run_20261002_072510_851363,1413,48,2026-10-02T07:25:59.386,6,right,5,6,18.5,True,
run_20261002_072510_851363,1413,48,2026-10-02T07:25:59.386,7,right,6,7,18.0,True,
run_20261002_072510_851363,1413,48,2026-10-02T07:25:59.386,8,right,7,8,18.0,True,
run_20261002_072510_851363,1413,48,2026-10-02T07:25:59.386,9,right,8,9,18.0,True,
run_20261002_072510_851363,1413,48,2026-10-02T07:25:59.386,10,right,9,10,18.0,True,
run_20261002_072510_851363,1413,48,2026-10-02T07:25:59.386,11,right,10,11,17.5,True,
run_20261002_072510_851363,1413,48,2026-10-02T07:25:59.386,12,right,11,12,18.0,True,
run_20261002_072510_851363,1444,49,2026-10-02T07:26:00.413,1,left,0,1,18.0,True,
run_20261002_072510_851363,1444,49,2026-10-02T07:26:00.413,2,left,1,2,18.0,True,
run_20261002_072510_851363,1444,49,2026-10-02T07:26:00.413,3,left,2,3,18.0,True,
run_20261002_072510_851363,1444,49,2026-10-02T07:26:00.413,4,left,3,4,18.0,True,
run_20261002_072510_851363,1444,49,2026-10-02T07:26:00.413,5,left,4,5,18.0,True,
run_20261002_072510_851363,1444,49,2026-10-02T07:26:00.413,6,left,5,6,18.5,True,
run_20261002_072510_851363,1444,49,2026-10-02T07:26:00.413,7,left,6,7,18.0,True,
run_20261002_072510_851363,1444,49,2026-10-02T07:26:00.413,8,left,7,8,18.0,True,
run_20261002_072510_851363,1444,49,2026-10-02T07:26:00.413,9,left,8,9,18.0,True,
run_20261002_072510_851363,1444,49,2026-10-02T07:26:00.413,10,left,9,10,17.5,True,
run_20261002_072510_851363,1444,49,2026-10-02T07:26:00.413,11,left,10,11,18.0,True,
run_20261002_072510_851363,1444,49,2026-10-02T07:26:00.413,12,left,11,12,18.0,True,
run_20261002_072510_851363,1444,49,2026-10-02T07:26:00.413,1,right,0,1,18.0,True,
run_20261002_072510_851363,1444,49,2026-10-02T07:26:00.413,2,right,1,2,18.0,True,
run_20261002_072510_851363,1444,49,2026-10-02T07:26:00.413,3,right,2,3,18.0,True,
run_20261002_072510_851363,1444,49,2026-10-02T07:26:00.413,4,right,3,4,18.0,True,
run_20261002_072510_851363,1444,49,2026-10-02T07:26:00.413,5,right,4,5,18.0,True,
run_20261002_072510_851363,1444,49,2026-10-02T07:26:00.413,6,right,5,6,18.5,True,
run_20261002_072510_851363,1444,49,2026-10-02T07:26:00.413,7,right,6,7,18.0,True,
run_20261002_072510_851363,1444,49,2026-10-02T07:26:00.413,8,right,7,8,18.0,True,
run_20261002_072510_851363,1444,49,2026-10-02T07:26:00.413,9,right,8,9,18.0,True,
run_20261002_072510_851363,1444,49,2026-10-02T07:26:00.413,10,right,9,10,18.0,True,
run_20261002_072510_851363,1444,49,2026-10-02T07:26:00.413,11,right,10,11,17.5,True,
run_20261002_072510_851363,1444,49,2026-10-02T07:26:00.413,12,right,11,12,18.0,True,
run_20261002_072510_851363,1474,50,2026-10-02T07:26:01.414,1,left,0,1,18.0,True,
run_20261002_072510_851363,1474,50,2026-10-02T07:26:01.414,2,left,1,2,18.0,True,
run_20261002_072510_851363,1474,50,2026-10-02T07:26:01.414,3,left,2,3,18.0,True,
run_20261002_072510_851363,1474,50,2026-10-02T07:26:01.414,4,left,3,4,18.0,True,
run_20261002_072510_851363,1474,50,2026-10-02T07:26:01.414,5,left,4,5,18.0,True,
run_20261002_072510_851363,1474,50,2026-10-02T07:26:01.414,6,left,5,6,18.5,True,
run_20261002_072510_851363,1474,50,2026-10-02T07:26:01.414,7,left,6,7,18.0,True,
run_20261002_072510_851363,1474,50,2026-10-02T07:26:01.414,8,left,7,8,18.0,True,
run_20261002_072510_851363,1474,50,2026-10-02T07:26:01.414,9,left,8,9,18.0,True,
run_20261002_072510_851363,1474,50,2026-10-02T07:26:01.414,10,left,9,10,17.5,True,
run_20261002_072510_851363,1474,50,2026-10-02T07:26:01.414,11,left,10,11,18.0,True,
run_20261002_072510_851363,1474,50,2026-10-02T07:26:01.414,12,left,11,12,18.0,True,
run_20261002_072510_851363,1474,50,2026-10-02T07:26:01.414,1,right,0,1,18.0,True,
run_20261002_072510_851363,1474,50,2026-10-02T07:26:01.414,2,right,1,2,18.0,True,
run_20261002_072510_851363,1474,50,2026-10-02T07:26:01.414,3,right,2,3,18.0,True,
run_20261002_072510_851363,1474,50,2026-10-02T07:26:01.414,4,right,3,4,18.0,True,
run_20261002_072510_851363,1474,50,2026-10-02T07:26:01.414,5,right,4,5,18.0,True,
run_20261002_072510_851363,1474,50,2026-10-02T07:26:01.414,6,right,5,6,18.5,True,
run_20261002_072510_851363,1474,50,2026-10-02T07:26:01.414,7,right,6,7,18.0,True,
run_20261002_072510_851363,1474,50,2026-10-02T07:26:01.414,8,right,7,8,18.0,True,
run_20261002_072510_851363,1474,50,2026-10-02T07:26:01.414,9,right,8,9,18.0,True,
run_20261002_072510_851363,1474,50,2026-10-02T07:26:01.414,10,right,9,10,18.0,True,
run_20261002_072510_851363,1474,50,2026-10-02T07:26:01.414,11,right,10,11,17.5,True,
run_20261002_072510_851363,1474,50,2026-10-02T07:26:01.414,12,right,11,12,18.0,True,
run_20261002_072510_851363,1505,51,2026-10-02T07:26:02.450,1,left,0,1,18.0,True,
run_20261002_072510_851363,1505,51,2026-10-02T07:26:02.450,2,left,1,2,18.0,True,
run_20261002_072510_851363,1505,51,2026-10-02T07:26:02.450,3,left,2,3,18.0,True,
run_20261002_072510_851363,1505,51,2026-10-02T07:26:02.450,4,left,3,4,18.0,True,
run_20261002_072510_851363,1505,51,2026-10-02T07:26:02.450,5,left,4,5,18.0,True,
run_20261002_072510_851363,1505,51,2026-10-02T07:26:02.450,6,left,5,6,18.5,True,
run_20261002_072510_851363,1505,51,2026-10-02T07:26:02.450,7,left,6,7,18.0,True,
run_20261002_072510_851363,1505,51,2026-10-02T07:26:02.450,8,left,7,8,18.0,True,
run_20261002_072510_851363,1505,51,2026-10-02T07:26:02.450,9,left,8,9,18.0,True,
run_20261002_072510_851363,1505,51,2026-10-02T07:26:02.450,10,left,9,10,17.5,True,
run_20261002_072510_851363,1505,51,2026-10-02T07:26:02.450,11,left,10,11,18.0,True,
run_20261002_072510_851363,1505,51,2026-10-02T07:26:02.450,12,left,11,12,18.0,True,
run_20261002_072510_851363,1505,51,2026-10-02T07:26:02.450,1,right,0,1,18.0,True,
run_20261002_072510_851363,1505,51,2026-10-02T07:26:02.450,2,right,1,2,18.0,True,
run_20261002_072510_851363,1505,51,2026-10-02T07:26:02.450,3,right,2,3,18.0,True,
run_20261002_072510_851363,1505,51,2026-10-02T07:26:02.450,4,right,3,4,18.0,True,
run_20261002_072510_851363,1505,51,2026-10-02T07:26:02.450,5,right,4,5,18.0,True,
run_20261002_072510_851363,1505,51,2026-10-02T07:26:02.450,6,right,5,6,18.5,True,
run_20261002_072510_851363,1505,51,2026-10-02T07:26:02.450,7,right,6,7,18.0,True,
run_20261002_072510_851363,1505,51,2026-10-02T07:26:02.450,8,right,7,8,18.0,True,
run_20261002_072510_851363,1505,51,2026-10-02T07:26:02.450,9,right,8,9,18.0,True,
run_20261002_072510_851363,1505,51,2026-10-02T07:26:02.450,10,right,9,10,18.0,True,
run_20261002_072510_851363,1505,51,2026-10-02T07:26:02.450,11,right,10,11,17.5,True,
run_20261002_072510_851363,1505,51,2026-10-02T07:26:02.450,12,right,11,12,18.0,True,
run_20261002_072510_851363,1536,52,2026-10-02T07:26:03.479,1,left,0,1,18.0,True,
run_20261002_072510_851363,1536,52,2026-10-02T07:26:03.479,2,left,1,2,18.0,True,
run_20261002_072510_851363,1536,52,2026-10-02T07:26:03.479,3,left,2,3,18.0,True,
run_20261002_072510_851363,1536,52,2026-10-02T07:26:03.479,4,left,3,4,18.0,True,
run_20261002_072510_851363,1536,52,2026-10-02T07:26:03.479,5,left,4,5,18.0,True,
run_20261002_072510_851363,1536,52,2026-10-02T07:26:03.479,6,left,5,6,18.5,True,
run_20261002_072510_851363,1536,52,2026-10-02T07:26:03.479,7,left,6,7,18.0,True,
run_20261002_072510_851363,1536,52,2026-10-02T07:26:03.479,8,left,7,8,18.0,True,
run_20261002_072510_851363,1536,52,2026-10-02T07:26:03.479,9,left,8,9,18.0,True,
run_20261002_072510_851363,1536,52,2026-10-02T07:26:03.479,10,left,9,10,17.5,True,
run_20261002_072510_851363,1536,52,2026-10-02T07:26:03.479,11,left,10,11,18.0,True,
run_20261002_072510_851363,1536,52,2026-10-02T07:26:03.479,12,left,11,12,18.0,True,
run_20261002_072510_851363,1536,52,2026-10-02T07:26:03.479,1,right,0,1,18.0,True,
run_20261002_072510_851363,1536,52,2026-10-02T07:26:03.479,2,right,1,2,18.0,True,
run_20261002_072510_851363,1536,52,2026-10-02T07:26:03.479,3,right,2,3,18.0,True,
run_20261002_072510_851363,1536,52,2026-10-02T07:26:03.479,4,right,3,4,18.0,True,
run_20261002_072510_851363,1536,52,2026-10-02T07:26:03.479,5,right,4,5,18.0,True,
run_20261002_072510_851363,1536,52,2026-10-02T07:26:03.479,6,right,5,6,18.5,True,
run_20261002_072510_851363,1536,52,2026-10-02T07:26:03.479,7,right,6,7,18.0,True,
run_20261002_072510_851363,1536,52,2026-10-02T07:26:03.479,8,right,7,8,18.0,True,
run_20261002_072510_851363,1536,52,2026-10-02T07:26:03.479,9,right,8,9,18.0,True,
run_20261002_072510_851363,1536,52,2026-10-02T07:26:03.479,10,right,9,10,18.0,True,
run_20261002_072510_851363,1536,52,2026-10-02T07:26:03.479,11,right,10,11,17.5,True,
run_20261002_072510_851363,1536,52,2026-10-02T07:26:03.479,12,right,11,12,18.0,True,
run_20261002_072510_851363,1566,53,2026-10-02T07:26:04.481,1,left,0,1,18.0,True,
run_20261002_072510_851363,1566,53,2026-10-02T07:26:04.481,2,left,1,2,18.0,True,
run_20261002_072510_851363,1566,53,2026-10-02T07:26:04.481,3,left,2,3,18.0,True,
run_20261002_072510_851363,1566,53,2026-10-02T07:26:04.481,4,left,3,4,18.0,True,
run_20261002_072510_851363,1566,53,2026-10-02T07:26:04.481,5,left,4,5,18.0,True,
run_20261002_072510_851363,1566,53,2026-10-02T07:26:04.481,6,left,5,6,18.5,True,
run_20261002_072510_851363,1566,53,2026-10-02T07:26:04.481,7,left,6,7,18.0,True,
run_20261002_072510_851363,1566,53,2026-10-02T07:26:04.481,8,left,7,8,18.0,True,
run_20261002_072510_851363,1566,53,2026-10-02T07:26:04.481,9,left,8,9,18.0,True,
run_20261002_072510_851363,1566,53,2026-10-02T07:26:04.481,10,left,9,10,17.5,True,
run_20261002_072510_851363,1566,53,2026-10-02T07:26:04.481,11,left,10,11,18.0,True,
run_20261002_072510_851363,1566,53,2026-10-02T07:26:04.481,12,left,11,12,18.0,True,
run_20261002_072510_851363,1566,53,2026-10-02T07:26:04.481,1,right,0,1,18.0,True,
run_20261002_072510_851363,1566,53,2026-10-02T07:26:04.481,2,right,1,2,18.0,True,
run_20261002_072510_851363,1566,53,2026-10-02T07:26:04.481,3,right,2,3,18.0,True,
run_20261002_072510_851363,1566,53,2026-10-02T07:26:04.481,4,right,3,4,18.0,True,
run_20261002_072510_851363,1566,53,2026-10-02T07:26:04.481,5,right,4,5,18.0,True,
run_20261002_072510_851363,1566,53,2026-10-02T07:26:04.481,6,right,5,6,18.5,True,
run_20261002_072510_851363,1566,53,2026-10-02T07:26:04.481,7,right,6,7,18.0,True,
run_20261002_072510_851363,1566,53,2026-10-02T07:26:04.481,8,right,7,8,18.0,True,
run_20261002_072510_851363,1566,53,2026-10-02T07:26:04.481,9,right,8,9,18.0,True,
run_20261002_072510_851363,1566,53,2026-10-02T07:26:04.481,10,right,9,10,18.0,True,
run_20261002_072510_851363,1566,53,2026-10-02T07:26:04.481,11,right,10,11,17.5,True,
run_20261002_072510_851363,1566,53,2026-10-02T07:26:04.481,12,right,11,12,18.0,True,
run_20261002_072510_851363,1597,54,2026-10-02T07:26:05.510,1,left,0,1,18.0,True,
run_20261002_072510_851363,1597,54,2026-10-02T07:26:05.510,2,left,1,2,18.0,True,
run_20261002_072510_851363,1597,54,2026-10-02T07:26:05.510,3,left,2,3,18.0,True,
run_20261002_072510_851363,1597,54,2026-10-02T07:26:05.510,4,left,3,4,18.0,True,
run_20261002_072510_851363,1597,54,2026-10-02T07:26:05.510,5,left,4,5,18.0,True,
run_20261002_072510_851363,1597,54,2026-10-02T07:26:05.510,6,left,5,6,18.5,True,
run_20261002_072510_851363,1597,54,2026-10-02T07:26:05.510,7,left,6,7,18.0,True,
run_20261002_072510_851363,1597,54,2026-10-02T07:26:05.510,8,left,7,8,18.0,True,
run_20261002_072510_851363,1597,54,2026-10-02T07:26:05.510,9,left,8,9,18.0,True,
run_20261002_072510_851363,1597,54,2026-10-02T07:26:05.510,10,left,9,10,17.5,True,
run_20261002_072510_851363,1597,54,2026-10-02T07:26:05.510,11,left,10,11,18.0,True,
run_20261002_072510_851363,1597,54,2026-10-02T07:26:05.510,12,left,11,12,18.0,True,
run_20261002_072510_851363,1597,54,2026-10-02T07:26:05.510,1,right,0,1,18.0,True,
run_20261002_072510_851363,1597,54,2026-10-02T07:26:05.510,2,right,1,2,18.0,True,
run_20261002_072510_851363,1597,54,2026-10-02T07:26:05.510,3,right,2,3,18.0,True,
run_20261002_072510_851363,1597,54,2026-10-02T07:26:05.510,4,right,3,4,18.0,True,
run_20261002_072510_851363,1597,54,2026-10-02T07:26:05.510,5,right,4,5,18.0,True,
run_20261002_072510_851363,1597,54,2026-10-02T07:26:05.510,6,right,5,6,18.5,True,
run_20261002_072510_851363,1597,54,2026-10-02T07:26:05.510,7,right,6,7,18.0,True,
run_20261002_072510_851363,1597,54,2026-10-02T07:26:05.510,8,right,7,8,18.0,True,
run_20261002_072510_851363,1597,54,2026-10-02T07:26:05.510,9,right,8,9,18.0,True,
run_20261002_072510_851363,1597,54,2026-10-02T07:26:05.510,10,right,9,10,18.0,True,
run_20261002_072510_851363,1597,54,2026-10-02T07:26:05.510,11,right,10,11,17.5,True,
run_20261002_072510_851363,1597,54,2026-10-02T07:26:05.510,12,right,11,12,18.0,True,
run_20261002_072510_851363,1627,55,2026-10-02T07:26:06.513,1,left,0,1,18.0,True,
run_20261002_072510_851363,1627,55,2026-10-02T07:26:06.513,2,left,1,2,18.0,True,
run_20261002_072510_851363,1627,55,2026-10-02T07:26:06.513,3,left,2,3,18.0,True,
run_20261002_072510_851363,1627,55,2026-10-02T07:26:06.513,4,left,3,4,18.0,True,
run_20261002_072510_851363,1627,55,2026-10-02T07:26:06.513,5,left,4,5,18.0,True,
run_20261002_072510_851363,1627,55,2026-10-02T07:26:06.513,6,left,5,6,18.5,True,
run_20261002_072510_851363,1627,55,2026-10-02T07:26:06.513,7,left,6,7,18.0,True,
run_20261002_072510_851363,1627,55,2026-10-02T07:26:06.513,8,left,7,8,18.0,True,
run_20261002_072510_851363,1627,55,2026-10-02T07:26:06.513,9,left,8,9,17.5,True,
run_20261002_072510_851363,1627,55,2026-10-02T07:26:06.513,10,left,9,10,18.0,True,
run_20261002_072510_851363,1627,55,2026-10-02T07:26:06.513,11,left,10,11,18.0,True,
run_20261002_072510_851363,1627,55,2026-10-02T07:26:06.513,12,left,11,12,18.0,True,
run_20261002_072510_851363,1627,55,2026-10-02T07:26:06.513,1,right,0,1,18.0,True,
run_20261002_072510_851363,1627,55,2026-10-02T07:26:06.513,2,right,1,2,18.0,True,
run_20261002_072510_851363,1627,55,2026-10-02T07:26:06.513,3,right,2,3,18.0,True,
run_20261002_072510_851363,1627,55,2026-10-02T07:26:06.513,4,right,3,4,18.0,True,
run_20261002_072510_851363,1627,55,2026-10-02T07:26:06.513,5,right,4,5,18.0,True,
run_20261002_072510_851363,1627,55,2026-10-02T07:26:06.513,6,right,5,6,18.5,True,
run_20261002_072510_851363,1627,55,2026-10-02T07:26:06.513,7,right,6,7,18.0,True,
run_20261002_072510_851363,1627,55,2026-10-02T07:26:06.513,8,right,7,8,18.0,True,
run_20261002_072510_851363,1627,55,2026-10-02T07:26:06.513,9,right,8,9,18.0,True,
run_20261002_072510_851363,1627,55,2026-10-02T07:26:06.513,10,right,9,10,18.0,True,
run_20261002_072510_851363,1627,55,2026-10-02T07:26:06.513,11,right,10,11,17.5,True,
run_20261002_072510_851363,1627,55,2026-10-02T07:26:06.513,12,right,11,12,18.0,True,
run_20261002_072510_851363,1658,56,2026-10-02T07:26:07.550,1,left,0,1,18.0,True,
run_20261002_072510_851363,1658,56,2026-10-02T07:26:07.550,2,left,1,2,18.0,True,
run_20261002_072510_851363,1658,56,2026-10-02T07:26:07.550,3,left,2,3,18.0,True,
run_20261002_072510_851363,1658,56,2026-10-02T07:26:07.550,4,left,3,4,18.0,True,
run_20261002_072510_851363,1658,56,2026-10-02T07:26:07.550,5,left,4,5,18.0,True,
run_20261002_072510_851363,1658,56,2026-10-02T07:26:07.550,6,left,5,6,18.5,True,
run_20261002_072510_851363,1658,56,2026-10-02T07:26:07.550,7,left,6,7,18.0,True,
run_20261002_072510_851363,1658,56,2026-10-02T07:26:07.550,8,left,7,8,18.0,True,
run_20261002_072510_851363,1658,56,2026-10-02T07:26:07.550,9,left,8,9,18.0,True,
run_20261002_072510_851363,1658,56,2026-10-02T07:26:07.550,10,left,9,10,17.5,True,
run_20261002_072510_851363,1658,56,2026-10-02T07:26:07.550,11,left,10,11,18.0,True,
run_20261002_072510_851363,1658,56,2026-10-02T07:26:07.550,12,left,11,12,18.0,True,
run_20261002_072510_851363,1658,56,2026-10-02T07:26:07.550,1,right,0,1,18.0,True,
run_20261002_072510_851363,1658,56,2026-10-02T07:26:07.550,2,right,1,2,18.0,True,
run_20261002_072510_851363,1658,56,2026-10-02T07:26:07.550,3,right,2,3,18.0,True,
run_20261002_072510_851363,1658,56,2026-10-02T07:26:07.550,4,right,3,4,18.0,True,
run_20261002_072510_851363,1658,56,2026-10-02T07:26:07.550,5,right,4,5,18.0,True,
run_20261002_072510_851363,1658,56,2026-10-02T07:26:07.550,6,right,5,6,18.5,True,
run_20261002_072510_851363,1658,56,2026-10-02T07:26:07.550,7,right,6,7,18.0,True,
run_20261002_072510_851363,1658,56,2026-10-02T07:26:07.550,8,right,7,8,18.0,True,
run_20261002_072510_851363,1658,56,2026-10-02T07:26:07.550,9,right,8,9,18.0,True,
run_20261002_072510_851363,1658,56,2026-10-02T07:26:07.550,10,right,9,10,18.0,True,
run_20261002_072510_851363,1658,56,2026-10-02T07:26:07.550,11,right,10,11,17.5,True,
run_20261002_072510_851363,1658,56,2026-10-02T07:26:07.550,12,right,11,12,18.0,True,
run_20261002_072510_851363,1689,57,2026-10-02T07:26:08.579,1,left,0,1,18.0,True,
run_20261002_072510_851363,1689,57,2026-10-02T07:26:08.579,2,left,1,2,18.0,True,
run_20261002_072510_851363,1689,57,2026-10-02T07:26:08.579,3,left,2,3,18.0,True,
run_20261002_072510_851363,1689,57,2026-10-02T07:26:08.579,4,left,3,4,18.0,True,
run_20261002_072510_851363,1689,57,2026-10-02T07:26:08.579,5,left,4,5,18.0,True,
run_20261002_072510_851363,1689,57,2026-10-02T07:26:08.579,6,left,5,6,18.5,True,
run_20261002_072510_851363,1689,57,2026-10-02T07:26:08.579,7,left,6,7,18.0,True,
run_20261002_072510_851363,1689,57,2026-10-02T07:26:08.579,8,left,7,8,18.0,True,
run_20261002_072510_851363,1689,57,2026-10-02T07:26:08.579,9,left,8,9,18.0,True,
run_20261002_072510_851363,1689,57,2026-10-02T07:26:08.579,10,left,9,10,17.5,True,
run_20261002_072510_851363,1689,57,2026-10-02T07:26:08.579,11,left,10,11,18.0,True,
run_20261002_072510_851363,1689,57,2026-10-02T07:26:08.579,12,left,11,12,18.0,True,
run_20261002_072510_851363,1689,57,2026-10-02T07:26:08.579,1,right,0,1,18.0,True,
run_20261002_072510_851363,1689,57,2026-10-02T07:26:08.579,2,right,1,2,18.0,True,
run_20261002_072510_851363,1689,57,2026-10-02T07:26:08.579,3,right,2,3,18.0,True,
run_20261002_072510_851363,1689,57,2026-10-02T07:26:08.579,4,right,3,4,18.0,True,
run_20261002_072510_851363,1689,57,2026-10-02T07:26:08.579,5,right,4,5,18.0,True,
run_20261002_072510_851363,1689,57,2026-10-02T07:26:08.579,6,right,5,6,18.5,True,
run_20261002_072510_851363,1689,57,2026-10-02T07:26:08.579,7,right,6,7,18.0,True,
run_20261002_072510_851363,1689,57,2026-10-02T07:26:08.579,8,right,7,8,18.0,True,
run_20261002_072510_851363,1689,57,2026-10-02T07:26:08.579,9,right,8,9,18.0,True,
run_20261002_072510_851363,1689,57,2026-10-02T07:26:08.579,10,right,9,10,18.0,True,
run_20261002_072510_851363,1689,57,2026-10-02T07:26:08.579,11,right,10,11,17.5,True,
run_20261002_072510_851363,1689,57,2026-10-02T07:26:08.579,12,right,11,12,18.0,True,
run_20261002_072510_851363,1719,58,2026-10-02T07:26:09.581,1,left,0,1,18.0,True,
run_20261002_072510_851363,1719,58,2026-10-02T07:26:09.581,2,left,1,2,18.0,True,
run_20261002_072510_851363,1719,58,2026-10-02T07:26:09.581,3,left,2,3,18.0,True,
run_20261002_072510_851363,1719,58,2026-10-02T07:26:09.581,4,left,3,4,18.0,True,
run_20261002_072510_851363,1719,58,2026-10-02T07:26:09.581,5,left,4,5,18.0,True,
run_20261002_072510_851363,1719,58,2026-10-02T07:26:09.581,6,left,5,6,18.5,True,
run_20261002_072510_851363,1719,58,2026-10-02T07:26:09.581,7,left,6,7,18.0,True,
run_20261002_072510_851363,1719,58,2026-10-02T07:26:09.581,8,left,7,8,18.0,True,
run_20261002_072510_851363,1719,58,2026-10-02T07:26:09.581,9,left,8,9,18.0,True,
run_20261002_072510_851363,1719,58,2026-10-02T07:26:09.581,10,left,9,10,17.5,True,
run_20261002_072510_851363,1719,58,2026-10-02T07:26:09.581,11,left,10,11,18.0,True,
run_20261002_072510_851363,1719,58,2026-10-02T07:26:09.581,12,left,11,12,18.0,True,
run_20261002_072510_851363,1719,58,2026-10-02T07:26:09.581,1,right,0,1,18.0,True,
run_20261002_072510_851363,1719,58,2026-10-02T07:26:09.581,2,right,1,2,18.0,True,
run_20261002_072510_851363,1719,58,2026-10-02T07:26:09.581,3,right,2,3,18.0,True,
run_20261002_072510_851363,1719,58,2026-10-02T07:26:09.581,4,right,3,4,18.0,True,
run_20261002_072510_851363,1719,58,2026-10-02T07:26:09.581,5,right,4,5,18.0,True,
run_20261002_072510_851363,1719,58,2026-10-02T07:26:09.581,6,right,5,6,18.5,True,
run_20261002_072510_851363,1719,58,2026-10-02T07:26:09.581,7,right,6,7,18.0,True,
run_20261002_072510_851363,1719,58,2026-10-02T07:26:09.581,8,right,7,8,18.0,True,
run_20261002_072510_851363,1719,58,2026-10-02T07:26:09.581,9,right,8,9,18.0,True,
run_20261002_072510_851363,1719,58,2026-10-02T07:26:09.581,10,right,9,10,18.0,True,
run_20261002_072510_851363,1719,58,2026-10-02T07:26:09.581,11,right,10,11,17.5,True,
run_20261002_072510_851363,1719,58,2026-10-02T07:26:09.581,12,right,11,12,18.0,True,
run_20261002_072510_851363,1749,59,2026-10-02T07:26:10.583,1,left,0,1,18.0,True,
run_20261002_072510_851363,1749,59,2026-10-02T07:26:10.583,2,left,1,2,18.0,True,
run_20261002_072510_851363,1749,59,2026-10-02T07:26:10.583,3,left,2,3,18.0,True,
run_20261002_072510_851363,1749,59,2026-10-02T07:26:10.583,4,left,3,4,18.0,True,
run_20261002_072510_851363,1749,59,2026-10-02T07:26:10.583,5,left,4,5,18.0,True,
run_20261002_072510_851363,1749,59,2026-10-02T07:26:10.583,6,left,5,6,18.5,True,
run_20261002_072510_851363,1749,59,2026-10-02T07:26:10.583,7,left,6,7,18.0,True,
run_20261002_072510_851363,1749,59,2026-10-02T07:26:10.583,8,left,7,8,18.0,True,
run_20261002_072510_851363,1749,59,2026-10-02T07:26:10.583,9,left,8,9,18.0,True,
run_20261002_072510_851363,1749,59,2026-10-02T07:26:10.583,10,left,9,10,17.5,True,
run_20261002_072510_851363,1749,59,2026-10-02T07:26:10.583,11,left,10,11,18.0,True,
run_20261002_072510_851363,1749,59,2026-10-02T07:26:10.583,12,left,11,12,18.0,True,
run_20261002_072510_851363,1749,59,2026-10-02T07:26:10.583,1,right,0,1,18.0,True,
run_20261002_072510_851363,1749,59,2026-10-02T07:26:10.583,2,right,1,2,18.0,True,
run_20261002_072510_851363,1749,59,2026-10-02T07:26:10.583,3,right,2,3,18.0,True,
run_20261002_072510_851363,1749,59,2026-10-02T07:26:10.583,4,right,3,4,18.0,True,
run_20261002_072510_851363,1749,59,2026-10-02T07:26:10.583,5,right,4,5,18.0,True,
run_20261002_072510_851363,1749,59,2026-10-02T07:26:10.583,6,right,5,6,18.5,True,
run_20261002_072510_851363,1749,59,2026-10-02T07:26:10.583,7,right,6,7,18.0,True,
run_20261002_072510_851363,1749,59,2026-10-02T07:26:10.583,8,right,7,8,18.0,True,
run_20261002_072510_851363,1749,59,2026-10-02T07:26:10.583,9,right,8,9,18.0,True,
run_20261002_072510_851363,1749,59,2026-10-02T07:26:10.583,10,right,9,10,18.0,True,
run_20261002_072510_851363,1749,59,2026-10-02T07:26:10.583,11,right,10,11,17.5,True,
run_20261002_072510_851363,1749,59,2026-10-02T07:26:10.583,12,right,11,12,18.0,True,
run_20261002_072510_851363,1780,60,2026-10-02T07:26:11.610,1,left,0,1,18.0,True,
run_20261002_072510_851363,1780,60,2026-10-02T07:26:11.610,2,left,1,2,18.0,True,
run_20261002_072510_851363,1780,60,2026-10-02T07:26:11.610,3,left,2,3,18.0,True,
run_20261002_072510_851363,1780,60,2026-10-02T07:26:11.610,4,left,3,4,18.0,True,
run_20261002_072510_851363,1780,60,2026-10-02T07:26:11.610,5,left,4,5,18.0,True,
run_20261002_072510_851363,1780,60,2026-10-02T07:26:11.610,6,left,5,6,18.5,True,
run_20261002_072510_851363,1780,60,2026-10-02T07:26:11.610,7,left,6,7,18.0,True,
run_20261002_072510_851363,1780,60,2026-10-02T07:26:11.610,8,left,7,8,18.0,True,
run_20261002_072510_851363,1780,60,2026-10-02T07:26:11.610,9,left,8,9,17.5,True,
run_20261002_072510_851363,1780,60,2026-10-02T07:26:11.610,10,left,9,10,18.0,True,
run_20261002_072510_851363,1780,60,2026-10-02T07:26:11.610,11,left,10,11,18.0,True,
run_20261002_072510_851363,1780,60,2026-10-02T07:26:11.610,12,left,11,12,18.0,True,
run_20261002_072510_851363,1780,60,2026-10-02T07:26:11.610,1,right,0,1,18.5,True,
run_20261002_072510_851363,1780,60,2026-10-02T07:26:11.610,2,right,1,2,18.0,True,
run_20261002_072510_851363,1780,60,2026-10-02T07:26:11.610,3,right,2,3,18.0,True,
run_20261002_072510_851363,1780,60,2026-10-02T07:26:11.610,4,right,3,4,18.0,True,
run_20261002_072510_851363,1780,60,2026-10-02T07:26:11.610,5,right,4,5,18.0,True,
run_20261002_072510_851363,1780,60,2026-10-02T07:26:11.610,6,right,5,6,18.5,True,
run_20261002_072510_851363,1780,60,2026-10-02T07:26:11.610,7,right,6,7,18.0,True,
run_20261002_072510_851363,1780,60,2026-10-02T07:26:11.610,8,right,7,8,18.0,True,
run_20261002_072510_851363,1780,60,2026-10-02T07:26:11.610,9,right,8,9,18.0,True,
run_20261002_072510_851363,1780,60,2026-10-02T07:26:11.610,10,right,9,10,18.0,True,
run_20261002_072510_851363,1780,60,2026-10-02T07:26:11.610,11,right,10,11,17.5,True,
run_20261002_072510_851363,1780,60,2026-10-02T07:26:11.610,12,right,11,12,18.0,True,
run_20261002_072510_851363,1810,61,2026-10-02T07:26:12.612,1,left,0,1,18.0,True,
run_20261002_072510_851363,1810,61,2026-10-02T07:26:12.612,2,left,1,2,18.0,True,
run_20261002_072510_851363,1810,61,2026-10-02T07:26:12.612,3,left,2,3,18.0,True,
run_20261002_072510_851363,1810,61,2026-10-02T07:26:12.612,4,left,3,4,18.0,True,
run_20261002_072510_851363,1810,61,2026-10-02T07:26:12.612,5,left,4,5,18.0,True,
run_20261002_072510_851363,1810,61,2026-10-02T07:26:12.612,6,left,5,6,18.5,True,
run_20261002_072510_851363,1810,61,2026-10-02T07:26:12.612,7,left,6,7,18.0,True,
run_20261002_072510_851363,1810,61,2026-10-02T07:26:12.612,8,left,7,8,18.0,True,
run_20261002_072510_851363,1810,61,2026-10-02T07:26:12.612,9,left,8,9,18.0,True,
run_20261002_072510_851363,1810,61,2026-10-02T07:26:12.612,10,left,9,10,17.5,True,
run_20261002_072510_851363,1810,61,2026-10-02T07:26:12.612,11,left,10,11,18.0,True,
run_20261002_072510_851363,1810,61,2026-10-02T07:26:12.612,12,left,11,12,18.0,True,
run_20261002_072510_851363,1810,61,2026-10-02T07:26:12.612,1,right,0,1,18.0,True,
run_20261002_072510_851363,1810,61,2026-10-02T07:26:12.612,2,right,1,2,18.0,True,
run_20261002_072510_851363,1810,61,2026-10-02T07:26:12.612,3,right,2,3,18.0,True,
run_20261002_072510_851363,1810,61,2026-10-02T07:26:12.612,4,right,3,4,18.0,True,
run_20261002_072510_851363,1810,61,2026-10-02T07:26:12.612,5,right,4,5,18.0,True,
run_20261002_072510_851363,1810,61,2026-10-02T07:26:12.612,6,right,5,6,18.5,True,
run_20261002_072510_851363,1810,61,2026-10-02T07:26:12.612,7,right,6,7,18.0,True,
run_20261002_072510_851363,1810,61,2026-10-02T07:26:12.612,8,right,7,8,18.0,True,
run_20261002_072510_851363,1810,61,2026-10-02T07:26:12.612,9,right,8,9,18.0,True,
run_20261002_072510_851363,1810,61,2026-10-02T07:26:12.612,10,right,9,10,18.0,True,
run_20261002_072510_851363,1810,61,2026-10-02T07:26:12.612,11,right,10,11,17.5,True,
run_20261002_072510_851363,1810,61,2026-10-02T07:26:12.612,12,right,11,12,18.0,True,
run_20261002_072510_851363,1840,62,2026-10-02T07:26:13.614,1,left,0,1,18.0,True,
run_20261002_072510_851363,1840,62,2026-10-02T07:26:13.614,2,left,1,2,18.0,True,
run_20261002_072510_851363,1840,62,2026-10-02T07:26:13.614,3,left,2,3,18.0,True,
run_20261002_072510_851363,1840,62,2026-10-02T07:26:13.614,4,left,3,4,18.0,True,
run_20261002_072510_851363,1840,62,2026-10-02T07:26:13.614,5,left,4,5,18.0,True,
run_20261002_072510_851363,1840,62,2026-10-02T07:26:13.614,6,left,5,6,18.5,True,
run_20261002_072510_851363,1840,62,2026-10-02T07:26:13.614,7,left,6,7,18.0,True,
run_20261002_072510_851363,1840,62,2026-10-02T07:26:13.614,8,left,7,8,18.0,True,
run_20261002_072510_851363,1840,62,2026-10-02T07:26:13.614,9,left,8,9,18.0,True,
run_20261002_072510_851363,1840,62,2026-10-02T07:26:13.614,10,left,9,10,17.5,True,
run_20261002_072510_851363,1840,62,2026-10-02T07:26:13.614,11,left,10,11,18.0,True,
run_20261002_072510_851363,1840,62,2026-10-02T07:26:13.614,12,left,11,12,18.0,True,
run_20261002_072510_851363,1840,62,2026-10-02T07:26:13.614,1,right,0,1,18.0,True,
run_20261002_072510_851363,1840,62,2026-10-02T07:26:13.614,2,right,1,2,18.0,True,
run_20261002_072510_851363,1840,62,2026-10-02T07:26:13.614,3,right,2,3,18.0,True,
run_20261002_072510_851363,1840,62,2026-10-02T07:26:13.614,4,right,3,4,18.0,True,
run_20261002_072510_851363,1840,62,2026-10-02T07:26:13.614,5,right,4,5,18.0,True,
run_20261002_072510_851363,1840,62,2026-10-02T07:26:13.614,6,right,5,6,18.5,True,
run_20261002_072510_851363,1840,62,2026-10-02T07:26:13.614,7,right,6,7,18.0,True,
run_20261002_072510_851363,1840,62,2026-10-02T07:26:13.614,8,right,7,8,18.0,True,
run_20261002_072510_851363,1840,62,2026-10-02T07:26:13.614,9,right,8,9,18.0,True,
run_20261002_072510_851363,1840,62,2026-10-02T07:26:13.614,10,right,9,10,18.0,True,
run_20261002_072510_851363,1840,62,2026-10-02T07:26:13.614,11,right,10,11,17.5,True,
run_20261002_072510_851363,1840,62,2026-10-02T07:26:13.614,12,right,11,12,18.0,True,
run_20261002_072510_851363,1871,63,2026-10-02T07:26:14.649,1,left,0,1,18.0,True,
run_20261002_072510_851363,1871,63,2026-10-02T07:26:14.649,2,left,1,2,18.0,True,
run_20261002_072510_851363,1871,63,2026-10-02T07:26:14.649,3,left,2,3,18.0,True,
run_20261002_072510_851363,1871,63,2026-10-02T07:26:14.649,4,left,3,4,18.0,True,
run_20261002_072510_851363,1871,63,2026-10-02T07:26:14.649,5,left,4,5,18.0,True,
run_20261002_072510_851363,1871,63,2026-10-02T07:26:14.649,6,left,5,6,18.5,True,
run_20261002_072510_851363,1871,63,2026-10-02T07:26:14.649,7,left,6,7,18.0,True,
run_20261002_072510_851363,1871,63,2026-10-02T07:26:14.649,8,left,7,8,18.0,True,
run_20261002_072510_851363,1871,63,2026-10-02T07:26:14.649,9,left,8,9,17.5,True,
run_20261002_072510_851363,1871,63,2026-10-02T07:26:14.649,10,left,9,10,18.0,True,
run_20261002_072510_851363,1871,63,2026-10-02T07:26:14.649,11,left,10,11,18.0,True,
run_20261002_072510_851363,1871,63,2026-10-02T07:26:14.649,12,left,11,12,18.0,True,
run_20261002_072510_851363,1871,63,2026-10-02T07:26:14.649,1,right,0,1,18.0,True,
run_20261002_072510_851363,1871,63,2026-10-02T07:26:14.649,2,right,1,2,18.0,True,
run_20261002_072510_851363,1871,63,2026-10-02T07:26:14.649,3,right,2,3,18.0,True,
run_20261002_072510_851363,1871,63,2026-10-02T07:26:14.649,4,right,3,4,18.0,True,
run_20261002_072510_851363,1871,63,2026-10-02T07:26:14.649,5,right,4,5,18.0,True,
run_20261002_072510_851363,1871,63,2026-10-02T07:26:14.649,6,right,5,6,18.5,True,
run_20261002_072510_851363,1871,63,2026-10-02T07:26:14.649,7,right,6,7,18.0,True,
run_20261002_072510_851363,1871,63,2026-10-02T07:26:14.649,8,right,7,8,18.0,True,
run_20261002_072510_851363,1871,63,2026-10-02T07:26:14.649,9,right,8,9,18.0,True,
run_20261002_072510_851363,1871,63,2026-10-02T07:26:14.649,10,right,9,10,18.0,True,
run_20261002_072510_851363,1871,63,2026-10-02T07:26:14.649,11,right,10,11,17.5,True,
run_20261002_072510_851363,1871,63,2026-10-02T07:26:14.649,12,right,11,12,18.0,True,
run_20261002_072510_851363,1902,64,2026-10-02T07:26:15.681,1,left,0,1,18.0,True,
run_20261002_072510_851363,1902,64,2026-10-02T07:26:15.681,2,left,1,2,18.0,True,
run_20261002_072510_851363,1902,64,2026-10-02T07:26:15.681,3,left,2,3,18.0,True,
run_20261002_072510_851363,1902,64,2026-10-02T07:26:15.681,4,left,3,4,18.0,True,
run_20261002_072510_851363,1902,64,2026-10-02T07:26:15.681,5,left,4,5,18.0,True,
run_20261002_072510_851363,1902,64,2026-10-02T07:26:15.681,6,left,5,6,18.5,True,
run_20261002_072510_851363,1902,64,2026-10-02T07:26:15.681,7,left,6,7,18.0,True,
run_20261002_072510_851363,1902,64,2026-10-02T07:26:15.681,8,left,7,8,18.0,True,
run_20261002_072510_851363,1902,64,2026-10-02T07:26:15.681,9,left,8,9,18.0,True,
run_20261002_072510_851363,1902,64,2026-10-02T07:26:15.681,10,left,9,10,17.5,True,
run_20261002_072510_851363,1902,64,2026-10-02T07:26:15.681,11,left,10,11,18.0,True,
run_20261002_072510_851363,1902,64,2026-10-02T07:26:15.681,12,left,11,12,18.0,True,
run_20261002_072510_851363,1902,64,2026-10-02T07:26:15.681,1,right,0,1,18.0,True,
run_20261002_072510_851363,1902,64,2026-10-02T07:26:15.681,2,right,1,2,18.0,True,
run_20261002_072510_851363,1902,64,2026-10-02T07:26:15.681,3,right,2,3,18.0,True,
run_20261002_072510_851363,1902,64,2026-10-02T07:26:15.681,4,right,3,4,18.0,True,
run_20261002_072510_851363,1902,64,2026-10-02T07:26:15.681,5,right,4,5,18.0,True,
run_20261002_072510_851363,1902,64,2026-10-02T07:26:15.681,6,right,5,6,18.5,True,
run_20261002_072510_851363,1902,64,2026-10-02T07:26:15.681,7,right,6,7,18.0,True,
run_20261002_072510_851363,1902,64,2026-10-02T07:26:15.681,8,right,7,8,18.0,True,
run_20261002_072510_851363,1902,64,2026-10-02T07:26:15.681,9,right,8,9,18.0,True,
run_20261002_072510_851363,1902,64,2026-10-02T07:26:15.681,10,right,9,10,18.0,True,
run_20261002_072510_851363,1902,64,2026-10-02T07:26:15.681,11,right,10,11,17.5,True,
run_20261002_072510_851363,1902,64,2026-10-02T07:26:15.681,12,right,11,12,18.0,True,
run_20261002_072510_851363,1933,65,2026-10-02T07:26:16.710,1,left,0,1,18.0,True,
run_20261002_072510_851363,1933,65,2026-10-02T07:26:16.710,2,left,1,2,18.0,True,
run_20261002_072510_851363,1933,65,2026-10-02T07:26:16.710,3,left,2,3,18.0,True,
run_20261002_072510_851363,1933,65,2026-10-02T07:26:16.710,4,left,3,4,18.0,True,
run_20261002_072510_851363,1933,65,2026-10-02T07:26:16.710,5,left,4,5,18.0,True,
run_20261002_072510_851363,1933,65,2026-10-02T07:26:16.710,6,left,5,6,18.5,True,
run_20261002_072510_851363,1933,65,2026-10-02T07:26:16.710,7,left,6,7,18.0,True,
run_20261002_072510_851363,1933,65,2026-10-02T07:26:16.710,8,left,7,8,18.0,True,
run_20261002_072510_851363,1933,65,2026-10-02T07:26:16.710,9,left,8,9,18.0,True,
run_20261002_072510_851363,1933,65,2026-10-02T07:26:16.710,10,left,9,10,17.5,True,
run_20261002_072510_851363,1933,65,2026-10-02T07:26:16.710,11,left,10,11,18.0,True,
run_20261002_072510_851363,1933,65,2026-10-02T07:26:16.710,12,left,11,12,18.0,True,
run_20261002_072510_851363,1933,65,2026-10-02T07:26:16.710,1,right,0,1,18.0,True,
run_20261002_072510_851363,1933,65,2026-10-02T07:26:16.710,2,right,1,2,18.0,True,
run_20261002_072510_851363,1933,65,2026-10-02T07:26:16.710,3,right,2,3,18.0,True,
run_20261002_072510_851363,1933,65,2026-10-02T07:26:16.710,4,right,3,4,18.0,True,
run_20261002_072510_851363,1933,65,2026-10-02T07:26:16.710,5,right,4,5,18.0,True,
run_20261002_072510_851363,1933,65,2026-10-02T07:26:16.710,6,right,5,6,18.5,True,
run_20261002_072510_851363,1933,65,2026-10-02T07:26:16.710,7,right,6,7,18.0,True,
run_20261002_072510_851363,1933,65,2026-10-02T07:26:16.710,8,right,7,8,18.0,True,
run_20261002_072510_851363,1933,65,2026-10-02T07:26:16.710,9,right,8,9,18.0,True,
run_20261002_072510_851363,1933,65,2026-10-02T07:26:16.710,10,right,9,10,18.0,True,
run_20261002_072510_851363,1933,65,2026-10-02T07:26:16.710,11,right,10,11,17.5,True,
run_20261002_072510_851363,1933,65,2026-10-02T07:26:16.710,12,right,11,12,18.0,True,
run_20261002_072510_851363,1962,66,2026-10-02T07:26:17.711,1,left,0,1,18.0,True,
run_20261002_072510_851363,1962,66,2026-10-02T07:26:17.711,2,left,1,2,18.0,True,
run_20261002_072510_851363,1962,66,2026-10-02T07:26:17.711,3,left,2,3,18.0,True,
run_20261002_072510_851363,1962,66,2026-10-02T07:26:17.711,4,left,3,4,18.0,True,
run_20261002_072510_851363,1962,66,2026-10-02T07:26:17.711,5,left,4,5,18.0,True,
run_20261002_072510_851363,1962,66,2026-10-02T07:26:17.711,6,left,5,6,18.5,True,
run_20261002_072510_851363,1962,66,2026-10-02T07:26:17.711,7,left,6,7,18.0,True,
run_20261002_072510_851363,1962,66,2026-10-02T07:26:17.711,8,left,7,8,18.0,True,
run_20261002_072510_851363,1962,66,2026-10-02T07:26:17.711,9,left,8,9,18.0,True,
run_20261002_072510_851363,1962,66,2026-10-02T07:26:17.711,10,left,9,10,17.5,True,
run_20261002_072510_851363,1962,66,2026-10-02T07:26:17.711,11,left,10,11,18.0,True,
run_20261002_072510_851363,1962,66,2026-10-02T07:26:17.711,12,left,11,12,18.0,True,
run_20261002_072510_851363,1962,66,2026-10-02T07:26:17.711,1,right,0,1,18.0,True,
run_20261002_072510_851363,1962,66,2026-10-02T07:26:17.711,2,right,1,2,18.0,True,
run_20261002_072510_851363,1962,66,2026-10-02T07:26:17.711,3,right,2,3,18.0,True,
run_20261002_072510_851363,1962,66,2026-10-02T07:26:17.711,4,right,3,4,18.0,True,
run_20261002_072510_851363,1962,66,2026-10-02T07:26:17.711,5,right,4,5,18.0,True,
run_20261002_072510_851363,1962,66,2026-10-02T07:26:17.711,6,right,5,6,18.5,True,
run_20261002_072510_851363,1962,66,2026-10-02T07:26:17.711,7,right,6,7,18.0,True,
run_20261002_072510_851363,1962,66,2026-10-02T07:26:17.711,8,right,7,8,18.0,True,
run_20261002_072510_851363,1962,66,2026-10-02T07:26:17.711,9,right,8,9,18.0,True,
run_20261002_072510_851363,1962,66,2026-10-02T07:26:17.711,10,right,9,10,18.0,True,
run_20261002_072510_851363,1962,66,2026-10-02T07:26:17.711,11,right,10,11,17.5,True,
run_20261002_072510_851363,1962,66,2026-10-02T07:26:17.711,12,right,11,12,18.0,True,
run_20261002_072510_851363,1992,67,2026-10-02T07:26:18.720,1,left,0,1,18.0,True,
run_20261002_072510_851363,1992,67,2026-10-02T07:26:18.720,2,left,1,2,18.0,True,
run_20261002_072510_851363,1992,67,2026-10-02T07:26:18.720,3,left,2,3,18.0,True,
run_20261002_072510_851363,1992,67,2026-10-02T07:26:18.720,4,left,3,4,18.0,True,
run_20261002_072510_851363,1992,67,2026-10-02T07:26:18.720,5,left,4,5,18.0,True,
run_20261002_072510_851363,1992,67,2026-10-02T07:26:18.720,6,left,5,6,18.5,True,
run_20261002_072510_851363,1992,67,2026-10-02T07:26:18.720,7,left,6,7,18.0,True,
run_20261002_072510_851363,1992,67,2026-10-02T07:26:18.720,8,left,7,8,18.0,True,
run_20261002_072510_851363,1992,67,2026-10-02T07:26:18.720,9,left,8,9,18.0,True,
run_20261002_072510_851363,1992,67,2026-10-02T07:26:18.720,10,left,9,10,17.5,True,
run_20261002_072510_851363,1992,67,2026-10-02T07:26:18.720,11,left,10,11,18.0,True,
run_20261002_072510_851363,1992,67,2026-10-02T07:26:18.720,12,left,11,12,18.0,True,
run_20261002_072510_851363,1992,67,2026-10-02T07:26:18.720,1,right,0,1,18.0,True,
run_20261002_072510_851363,1992,67,2026-10-02T07:26:18.720,2,right,1,2,18.0,True,
run_20261002_072510_851363,1992,67,2026-10-02T07:26:18.720,3,right,2,3,18.0,True,
run_20261002_072510_851363,1992,67,2026-10-02T07:26:18.720,4,right,3,4,18.0,True,
run_20261002_072510_851363,1992,67,2026-10-02T07:26:18.720,5,right,4,5,18.0,True,
run_20261002_072510_851363,1992,67,2026-10-02T07:26:18.720,6,right,5,6,18.5,True,
run_20261002_072510_851363,1992,67,2026-10-02T07:26:18.720,7,right,6,7,18.0,True,
run_20261002_072510_851363,1992,67,2026-10-02T07:26:18.720,8,right,7,8,18.0,True,
run_20261002_072510_851363,1992,67,2026-10-02T07:26:18.720,9,right,8,9,18.0,True,
run_20261002_072510_851363,1992,67,2026-10-02T07:26:18.720,10,right,9,10,18.0,True,
run_20261002_072510_851363,1992,67,2026-10-02T07:26:18.720,11,right,10,11,17.5,True,
run_20261002_072510_851363,1992,67,2026-10-02T07:26:18.720,12,right,11,12,18.0,True,
run_20261002_072510_851363,2023,68,2026-10-02T07:26:19.744,1,left,0,1,18.0,True,
run_20261002_072510_851363,2023,68,2026-10-02T07:26:19.744,2,left,1,2,18.0,True,
run_20261002_072510_851363,2023,68,2026-10-02T07:26:19.744,3,left,2,3,18.0,True,
run_20261002_072510_851363,2023,68,2026-10-02T07:26:19.744,4,left,3,4,18.0,True,
run_20261002_072510_851363,2023,68,2026-10-02T07:26:19.744,5,left,4,5,18.0,True,
run_20261002_072510_851363,2023,68,2026-10-02T07:26:19.744,6,left,5,6,18.5,True,
run_20261002_072510_851363,2023,68,2026-10-02T07:26:19.744,7,left,6,7,18.0,True,
run_20261002_072510_851363,2023,68,2026-10-02T07:26:19.744,8,left,7,8,18.0,True,
run_20261002_072510_851363,2023,68,2026-10-02T07:26:19.744,9,left,8,9,18.0,True,
run_20261002_072510_851363,2023,68,2026-10-02T07:26:19.744,10,left,9,10,17.5,True,
run_20261002_072510_851363,2023,68,2026-10-02T07:26:19.744,11,left,10,11,18.0,True,
run_20261002_072510_851363,2023,68,2026-10-02T07:26:19.744,12,left,11,12,18.0,True,
run_20261002_072510_851363,2023,68,2026-10-02T07:26:19.744,1,right,0,1,18.0,True,
run_20261002_072510_851363,2023,68,2026-10-02T07:26:19.744,2,right,1,2,18.0,True,
run_20261002_072510_851363,2023,68,2026-10-02T07:26:19.744,3,right,2,3,18.0,True,
run_20261002_072510_851363,2023,68,2026-10-02T07:26:19.744,4,right,3,4,18.0,True,
run_20261002_072510_851363,2023,68,2026-10-02T07:26:19.744,5,right,4,5,18.0,True,
run_20261002_072510_851363,2023,68,2026-10-02T07:26:19.744,6,right,5,6,18.5,True,
run_20261002_072510_851363,2023,68,2026-10-02T07:26:19.744,7,right,6,7,18.0,True,
run_20261002_072510_851363,2023,68,2026-10-02T07:26:19.744,8,right,7,8,18.0,True,
run_20261002_072510_851363,2023,68,2026-10-02T07:26:19.744,9,right,8,9,18.0,True,
run_20261002_072510_851363,2023,68,2026-10-02T07:26:19.744,10,right,9,10,18.0,True,
run_20261002_072510_851363,2023,68,2026-10-02T07:26:19.744,11,right,10,11,17.5,True,
run_20261002_072510_851363,2023,68,2026-10-02T07:26:19.744,12,right,11,12,18.0,True,
run_20261002_072510_851363,2053,69,2026-10-02T07:26:20.748,1,left,0,1,18.0,True,
run_20261002_072510_851363,2053,69,2026-10-02T07:26:20.748,2,left,1,2,18.0,True,
run_20261002_072510_851363,2053,69,2026-10-02T07:26:20.748,3,left,2,3,18.0,True,
run_20261002_072510_851363,2053,69,2026-10-02T07:26:20.748,4,left,3,4,18.0,True,
run_20261002_072510_851363,2053,69,2026-10-02T07:26:20.748,5,left,4,5,18.0,True,
run_20261002_072510_851363,2053,69,2026-10-02T07:26:20.748,6,left,5,6,18.5,True,
run_20261002_072510_851363,2053,69,2026-10-02T07:26:20.748,7,left,6,7,18.0,True,
run_20261002_072510_851363,2053,69,2026-10-02T07:26:20.748,8,left,7,8,18.0,True,
run_20261002_072510_851363,2053,69,2026-10-02T07:26:20.748,9,left,8,9,18.0,True,
run_20261002_072510_851363,2053,69,2026-10-02T07:26:20.748,10,left,9,10,17.5,True,
run_20261002_072510_851363,2053,69,2026-10-02T07:26:20.748,11,left,10,11,18.0,True,
run_20261002_072510_851363,2053,69,2026-10-02T07:26:20.748,12,left,11,12,18.0,True,
run_20261002_072510_851363,2053,69,2026-10-02T07:26:20.748,1,right,0,1,18.0,True,
run_20261002_072510_851363,2053,69,2026-10-02T07:26:20.748,2,right,1,2,18.0,True,
run_20261002_072510_851363,2053,69,2026-10-02T07:26:20.748,3,right,2,3,18.0,True,
run_20261002_072510_851363,2053,69,2026-10-02T07:26:20.748,4,right,3,4,18.0,True,
run_20261002_072510_851363,2053,69,2026-10-02T07:26:20.748,5,right,4,5,18.0,True,
run_20261002_072510_851363,2053,69,2026-10-02T07:26:20.748,6,right,5,6,18.5,True,
run_20261002_072510_851363,2053,69,2026-10-02T07:26:20.748,7,right,6,7,18.0,True,
run_20261002_072510_851363,2053,69,2026-10-02T07:26:20.748,8,right,7,8,18.0,True,
run_20261002_072510_851363,2053,69,2026-10-02T07:26:20.748,9,right,8,9,18.0,True,
run_20261002_072510_851363,2053,69,2026-10-02T07:26:20.748,10,right,9,10,18.0,True,
run_20261002_072510_851363,2053,69,2026-10-02T07:26:20.748,11,right,10,11,17.5,True,
run_20261002_072510_851363,2053,69,2026-10-02T07:26:20.748,12,right,11,12,18.0,True,
run_20261002_072510_851363,2083,70,2026-10-02T07:26:21.752,1,left,0,1,18.0,True,
run_20261002_072510_851363,2083,70,2026-10-02T07:26:21.752,2,left,1,2,18.0,True,
run_20261002_072510_851363,2083,70,2026-10-02T07:26:21.752,3,left,2,3,18.0,True,
run_20261002_072510_851363,2083,70,2026-10-02T07:26:21.752,4,left,3,4,18.0,True,
run_20261002_072510_851363,2083,70,2026-10-02T07:26:21.752,5,left,4,5,18.0,True,
run_20261002_072510_851363,2083,70,2026-10-02T07:26:21.752,6,left,5,6,18.5,True,
run_20261002_072510_851363,2083,70,2026-10-02T07:26:21.752,7,left,6,7,18.0,True,
run_20261002_072510_851363,2083,70,2026-10-02T07:26:21.752,8,left,7,8,18.0,True,
run_20261002_072510_851363,2083,70,2026-10-02T07:26:21.752,9,left,8,9,17.5,True,
run_20261002_072510_851363,2083,70,2026-10-02T07:26:21.752,10,left,9,10,18.0,True,
run_20261002_072510_851363,2083,70,2026-10-02T07:26:21.752,11,left,10,11,18.0,True,
run_20261002_072510_851363,2083,70,2026-10-02T07:26:21.752,12,left,11,12,18.0,True,
run_20261002_072510_851363,2083,70,2026-10-02T07:26:21.752,1,right,0,1,18.0,True,
run_20261002_072510_851363,2083,70,2026-10-02T07:26:21.752,2,right,1,2,18.0,True,
run_20261002_072510_851363,2083,70,2026-10-02T07:26:21.752,3,right,2,3,18.0,True,
run_20261002_072510_851363,2083,70,2026-10-02T07:26:21.752,4,right,3,4,18.0,True,
run_20261002_072510_851363,2083,70,2026-10-02T07:26:21.752,5,right,4,5,18.0,True,
run_20261002_072510_851363,2083,70,2026-10-02T07:26:21.752,6,right,5,6,18.5,True,
run_20261002_072510_851363,2083,70,2026-10-02T07:26:21.752,7,right,6,7,18.0,True,
run_20261002_072510_851363,2083,70,2026-10-02T07:26:21.752,8,right,7,8,18.0,True,
run_20261002_072510_851363,2083,70,2026-10-02T07:26:21.752,9,right,8,9,18.0,True,
run_20261002_072510_851363,2083,70,2026-10-02T07:26:21.752,10,right,9,10,18.0,True,
run_20261002_072510_851363,2083,70,2026-10-02T07:26:21.752,11,right,10,11,17.5,True,
run_20261002_072510_851363,2083,70,2026-10-02T07:26:21.752,12,right,11,12,18.0,True,
run_20261002_072510_851363,2114,71,2026-10-02T07:26:22.781,1,left,0,1,18.0,True,
run_20261002_072510_851363,2114,71,2026-10-02T07:26:22.781,2,left,1,2,18.0,True,
run_20261002_072510_851363,2114,71,2026-10-02T07:26:22.781,3,left,2,3,18.0,True,
run_20261002_072510_851363,2114,71,2026-10-02T07:26:22.781,4,left,3,4,18.0,True,
run_20261002_072510_851363,2114,71,2026-10-02T07:26:22.781,5,left,4,5,18.0,True,
run_20261002_072510_851363,2114,71,2026-10-02T07:26:22.781,6,left,5,6,18.5,True,
run_20261002_072510_851363,2114,71,2026-10-02T07:26:22.781,7,left,6,7,18.0,True,
run_20261002_072510_851363,2114,71,2026-10-02T07:26:22.781,8,left,7,8,18.0,True,
run_20261002_072510_851363,2114,71,2026-10-02T07:26:22.781,9,left,8,9,18.0,True,
run_20261002_072510_851363,2114,71,2026-10-02T07:26:22.781,10,left,9,10,17.5,True,
run_20261002_072510_851363,2114,71,2026-10-02T07:26:22.781,11,left,10,11,18.0,True,
run_20261002_072510_851363,2114,71,2026-10-02T07:26:22.781,12,left,11,12,18.0,True,
run_20261002_072510_851363,2114,71,2026-10-02T07:26:22.781,1,right,0,1,18.0,True,
run_20261002_072510_851363,2114,71,2026-10-02T07:26:22.781,2,right,1,2,18.0,True,
run_20261002_072510_851363,2114,71,2026-10-02T07:26:22.781,3,right,2,3,18.0,True,
run_20261002_072510_851363,2114,71,2026-10-02T07:26:22.781,4,right,3,4,18.0,True,
run_20261002_072510_851363,2114,71,2026-10-02T07:26:22.781,5,right,4,5,18.0,True,
run_20261002_072510_851363,2114,71,2026-10-02T07:26:22.781,6,right,5,6,18.5,True,
run_20261002_072510_851363,2114,71,2026-10-02T07:26:22.781,7,right,6,7,18.0,True,
run_20261002_072510_851363,2114,71,2026-10-02T07:26:22.781,8,right,7,8,18.0,True,
run_20261002_072510_851363,2114,71,2026-10-02T07:26:22.781,9,right,8,9,18.0,True,
run_20261002_072510_851363,2114,71,2026-10-02T07:26:22.781,10,right,9,10,18.0,True,
run_20261002_072510_851363,2114,71,2026-10-02T07:26:22.781,11,right,10,11,17.5,True,
run_20261002_072510_851363,2114,71,2026-10-02T07:26:22.781,12,right,11,12,18.0,True,
run_20261002_072510_851363,2145,72,2026-10-02T07:26:23.814,1,left,0,1,18.0,True,
run_20261002_072510_851363,2145,72,2026-10-02T07:26:23.814,2,left,1,2,18.0,True,
run_20261002_072510_851363,2145,72,2026-10-02T07:26:23.814,3,left,2,3,18.0,True,
run_20261002_072510_851363,2145,72,2026-10-02T07:26:23.814,4,left,3,4,18.0,True,
run_20261002_072510_851363,2145,72,2026-10-02T07:26:23.814,5,left,4,5,18.0,True,
run_20261002_072510_851363,2145,72,2026-10-02T07:26:23.814,6,left,5,6,18.5,True,
run_20261002_072510_851363,2145,72,2026-10-02T07:26:23.814,7,left,6,7,18.0,True,
run_20261002_072510_851363,2145,72,2026-10-02T07:26:23.814,8,left,7,8,18.0,True,
run_20261002_072510_851363,2145,72,2026-10-02T07:26:23.814,9,left,8,9,17.5,True,
run_20261002_072510_851363,2145,72,2026-10-02T07:26:23.814,10,left,9,10,18.0,True,
run_20261002_072510_851363,2145,72,2026-10-02T07:26:23.814,11,left,10,11,18.0,True,
run_20261002_072510_851363,2145,72,2026-10-02T07:26:23.814,12,left,11,12,18.0,True,
run_20261002_072510_851363,2145,72,2026-10-02T07:26:23.814,1,right,0,1,18.0,True,
run_20261002_072510_851363,2145,72,2026-10-02T07:26:23.814,2,right,1,2,18.0,True,
run_20261002_072510_851363,2145,72,2026-10-02T07:26:23.814,3,right,2,3,18.0,True,
run_20261002_072510_851363,2145,72,2026-10-02T07:26:23.814,4,right,3,4,18.0,True,
run_20261002_072510_851363,2145,72,2026-10-02T07:26:23.814,5,right,4,5,18.0,True,
run_20261002_072510_851363,2145,72,2026-10-02T07:26:23.814,6,right,5,6,18.5,True,
run_20261002_072510_851363,2145,72,2026-10-02T07:26:23.814,7,right,6,7,18.0,True,
run_20261002_072510_851363,2145,72,2026-10-02T07:26:23.814,8,right,7,8,18.0,True,
run_20261002_072510_851363,2145,72,2026-10-02T07:26:23.814,9,right,8,9,18.0,True,
run_20261002_072510_851363,2145,72,2026-10-02T07:26:23.814,10,right,9,10,18.0,True,
run_20261002_072510_851363,2145,72,2026-10-02T07:26:23.814,11,right,10,11,17.5,True,
run_20261002_072510_851363,2145,72,2026-10-02T07:26:23.814,12,right,11,12,18.0,True,
run_20261002_072510_851363,2176,73,2026-10-02T07:26:24.849,1,left,0,1,18.0,True,
run_20261002_072510_851363,2176,73,2026-10-02T07:26:24.849,2,left,1,2,18.0,True,
run_20261002_072510_851363,2176,73,2026-10-02T07:26:24.849,3,left,2,3,18.0,True,
run_20261002_072510_851363,2176,73,2026-10-02T07:26:24.849,4,left,3,4,18.0,True,
run_20261002_072510_851363,2176,73,2026-10-02T07:26:24.849,5,left,4,5,18.0,True,
run_20261002_072510_851363,2176,73,2026-10-02T07:26:24.849,6,left,5,6,18.5,True,
run_20261002_072510_851363,2176,73,2026-10-02T07:26:24.849,7,left,6,7,18.0,True,
run_20261002_072510_851363,2176,73,2026-10-02T07:26:24.849,8,left,7,8,18.0,True,
run_20261002_072510_851363,2176,73,2026-10-02T07:26:24.849,9,left,8,9,18.0,True,
run_20261002_072510_851363,2176,73,2026-10-02T07:26:24.849,10,left,9,10,17.5,True,
run_20261002_072510_851363,2176,73,2026-10-02T07:26:24.849,11,left,10,11,18.0,True,
run_20261002_072510_851363,2176,73,2026-10-02T07:26:24.849,12,left,11,12,18.0,True,
run_20261002_072510_851363,2176,73,2026-10-02T07:26:24.849,1,right,0,1,18.0,True,
run_20261002_072510_851363,2176,73,2026-10-02T07:26:24.849,2,right,1,2,18.0,True,
run_20261002_072510_851363,2176,73,2026-10-02T07:26:24.849,3,right,2,3,18.0,True,
run_20261002_072510_851363,2176,73,2026-10-02T07:26:24.849,4,right,3,4,18.0,True,
run_20261002_072510_851363,2176,73,2026-10-02T07:26:24.849,5,right,4,5,18.0,True,
run_20261002_072510_851363,2176,73,2026-10-02T07:26:24.849,6,right,5,6,18.5,True,
run_20261002_072510_851363,2176,73,2026-10-02T07:26:24.849,7,right,6,7,18.0,True,
run_20261002_072510_851363,2176,73,2026-10-02T07:26:24.849,8,right,7,8,18.0,True,
run_20261002_072510_851363,2176,73,2026-10-02T07:26:24.849,9,right,8,9,18.0,True,
run_20261002_072510_851363,2176,73,2026-10-02T07:26:24.849,10,right,9,10,18.0,True,
run_20261002_072510_851363,2176,73,2026-10-02T07:26:24.849,11,right,10,11,17.5,True,
run_20261002_072510_851363,2176,73,2026-10-02T07:26:24.849,12,right,11,12,18.0,True,
run_20261002_072510_851363,2207,74,2026-10-02T07:26:25.876,1,left,0,1,18.0,True,
run_20261002_072510_851363,2207,74,2026-10-02T07:26:25.876,2,left,1,2,18.0,True,
run_20261002_072510_851363,2207,74,2026-10-02T07:26:25.876,3,left,2,3,18.0,True,
run_20261002_072510_851363,2207,74,2026-10-02T07:26:25.876,4,left,3,4,18.0,True,
run_20261002_072510_851363,2207,74,2026-10-02T07:26:25.876,5,left,4,5,18.0,True,
run_20261002_072510_851363,2207,74,2026-10-02T07:26:25.876,6,left,5,6,18.5,True,
run_20261002_072510_851363,2207,74,2026-10-02T07:26:25.876,7,left,6,7,18.0,True,
run_20261002_072510_851363,2207,74,2026-10-02T07:26:25.876,8,left,7,8,18.0,True,
run_20261002_072510_851363,2207,74,2026-10-02T07:26:25.876,9,left,8,9,17.5,True,
run_20261002_072510_851363,2207,74,2026-10-02T07:26:25.876,10,left,9,10,18.0,True,
run_20261002_072510_851363,2207,74,2026-10-02T07:26:25.876,11,left,10,11,18.0,True,
run_20261002_072510_851363,2207,74,2026-10-02T07:26:25.876,12,left,11,12,18.0,True,
run_20261002_072510_851363,2207,74,2026-10-02T07:26:25.876,1,right,0,1,18.0,True,
run_20261002_072510_851363,2207,74,2026-10-02T07:26:25.876,2,right,1,2,18.0,True,
run_20261002_072510_851363,2207,74,2026-10-02T07:26:25.876,3,right,2,3,18.0,True,
run_20261002_072510_851363,2207,74,2026-10-02T07:26:25.876,4,right,3,4,18.0,True,
run_20261002_072510_851363,2207,74,2026-10-02T07:26:25.876,5,right,4,5,18.0,True,
run_20261002_072510_851363,2207,74,2026-10-02T07:26:25.876,6,right,5,6,18.5,True,
run_20261002_072510_851363,2207,74,2026-10-02T07:26:25.876,7,right,6,7,18.0,True,
run_20261002_072510_851363,2207,74,2026-10-02T07:26:25.876,8,right,7,8,18.0,True,
run_20261002_072510_851363,2207,74,2026-10-02T07:26:25.876,9,right,8,9,18.0,True,
run_20261002_072510_851363,2207,74,2026-10-02T07:26:25.876,10,right,9,10,18.0,True,
run_20261002_072510_851363,2207,74,2026-10-02T07:26:25.876,11,right,10,11,17.5,True,
run_20261002_072510_851363,2207,74,2026-10-02T07:26:25.876,12,right,11,12,18.0,True,
run_20261002_072510_851363,2237,75,2026-10-02T07:26:26.880,1,left,0,1,18.0,True,
run_20261002_072510_851363,2237,75,2026-10-02T07:26:26.880,2,left,1,2,18.0,True,
run_20261002_072510_851363,2237,75,2026-10-02T07:26:26.880,3,left,2,3,18.0,True,
run_20261002_072510_851363,2237,75,2026-10-02T07:26:26.880,4,left,3,4,18.0,True,
run_20261002_072510_851363,2237,75,2026-10-02T07:26:26.880,5,left,4,5,18.0,True,
run_20261002_072510_851363,2237,75,2026-10-02T07:26:26.880,6,left,5,6,18.5,True,
run_20261002_072510_851363,2237,75,2026-10-02T07:26:26.880,7,left,6,7,18.0,True,
run_20261002_072510_851363,2237,75,2026-10-02T07:26:26.880,8,left,7,8,18.0,True,
run_20261002_072510_851363,2237,75,2026-10-02T07:26:26.880,9,left,8,9,18.0,True,
run_20261002_072510_851363,2237,75,2026-10-02T07:26:26.880,10,left,9,10,17.5,True,
run_20261002_072510_851363,2237,75,2026-10-02T07:26:26.880,11,left,10,11,18.0,True,
run_20261002_072510_851363,2237,75,2026-10-02T07:26:26.880,12,left,11,12,18.0,True,
run_20261002_072510_851363,2237,75,2026-10-02T07:26:26.880,1,right,0,1,18.5,True,
run_20261002_072510_851363,2237,75,2026-10-02T07:26:26.880,2,right,1,2,18.0,True,
run_20261002_072510_851363,2237,75,2026-10-02T07:26:26.880,3,right,2,3,18.0,True,
run_20261002_072510_851363,2237,75,2026-10-02T07:26:26.880,4,right,3,4,18.0,True,
run_20261002_072510_851363,2237,75,2026-10-02T07:26:26.880,5,right,4,5,18.0,True,
run_20261002_072510_851363,2237,75,2026-10-02T07:26:26.880,6,right,5,6,18.5,True,
run_20261002_072510_851363,2237,75,2026-10-02T07:26:26.880,7,right,6,7,18.0,True,
run_20261002_072510_851363,2237,75,2026-10-02T07:26:26.880,8,right,7,8,18.0,True,
run_20261002_072510_851363,2237,75,2026-10-02T07:26:26.880,9,right,8,9,18.0,True,
run_20261002_072510_851363,2237,75,2026-10-02T07:26:26.880,10,right,9,10,18.0,True,
run_20261002_072510_851363,2237,75,2026-10-02T07:26:26.880,11,right,10,11,17.5,True,
run_20261002_072510_851363,2237,75,2026-10-02T07:26:26.880,12,right,11,12,18.0,True,
run_20261002_072510_851363,2267,76,2026-10-02T07:26:27.882,1,left,0,1,18.0,True,
run_20261002_072510_851363,2267,76,2026-10-02T07:26:27.882,2,left,1,2,18.0,True,
run_20261002_072510_851363,2267,76,2026-10-02T07:26:27.882,3,left,2,3,18.0,True,
run_20261002_072510_851363,2267,76,2026-10-02T07:26:27.882,4,left,3,4,18.0,True,
run_20261002_072510_851363,2267,76,2026-10-02T07:26:27.882,5,left,4,5,18.0,True,
run_20261002_072510_851363,2267,76,2026-10-02T07:26:27.882,6,left,5,6,18.5,True,
run_20261002_072510_851363,2267,76,2026-10-02T07:26:27.882,7,left,6,7,18.0,True,
run_20261002_072510_851363,2267,76,2026-10-02T07:26:27.882,8,left,7,8,18.0,True,
run_20261002_072510_851363,2267,76,2026-10-02T07:26:27.882,9,left,8,9,18.0,True,
run_20261002_072510_851363,2267,76,2026-10-02T07:26:27.882,10,left,9,10,17.5,True,
run_20261002_072510_851363,2267,76,2026-10-02T07:26:27.882,11,left,10,11,18.0,True,
run_20261002_072510_851363,2267,76,2026-10-02T07:26:27.882,12,left,11,12,18.0,True,
run_20261002_072510_851363,2267,76,2026-10-02T07:26:27.882,1,right,0,1,18.0,True,
run_20261002_072510_851363,2267,76,2026-10-02T07:26:27.882,2,right,1,2,18.0,True,
run_20261002_072510_851363,2267,76,2026-10-02T07:26:27.882,3,right,2,3,18.0,True,
run_20261002_072510_851363,2267,76,2026-10-02T07:26:27.882,4,right,3,4,18.0,True,
run_20261002_072510_851363,2267,76,2026-10-02T07:26:27.882,5,right,4,5,18.0,True,
run_20261002_072510_851363,2267,76,2026-10-02T07:26:27.882,6,right,5,6,18.5,True,
run_20261002_072510_851363,2267,76,2026-10-02T07:26:27.882,7,right,6,7,18.0,True,
run_20261002_072510_851363,2267,76,2026-10-02T07:26:27.882,8,right,7,8,18.0,True,
run_20261002_072510_851363,2267,76,2026-10-02T07:26:27.882,9,right,8,9,18.0,True,
run_20261002_072510_851363,2267,76,2026-10-02T07:26:27.882,10,right,9,10,18.0,True,
run_20261002_072510_851363,2267,76,2026-10-02T07:26:27.882,11,right,10,11,17.5,True,
run_20261002_072510_851363,2267,76,2026-10-02T07:26:27.882,12,right,11,12,18.0,True,
run_20261002_072510_851363,2297,77,2026-10-02T07:26:28.886,1,left,0,1,18.0,True,
run_20261002_072510_851363,2297,77,2026-10-02T07:26:28.886,2,left,1,2,18.0,True,
run_20261002_072510_851363,2297,77,2026-10-02T07:26:28.886,3,left,2,3,18.0,True,
run_20261002_072510_851363,2297,77,2026-10-02T07:26:28.886,4,left,3,4,18.0,True,
run_20261002_072510_851363,2297,77,2026-10-02T07:26:28.886,5,left,4,5,18.0,True,
run_20261002_072510_851363,2297,77,2026-10-02T07:26:28.886,6,left,5,6,18.5,True,
run_20261002_072510_851363,2297,77,2026-10-02T07:26:28.886,7,left,6,7,18.0,True,
run_20261002_072510_851363,2297,77,2026-10-02T07:26:28.886,8,left,7,8,18.0,True,
run_20261002_072510_851363,2297,77,2026-10-02T07:26:28.886,9,left,8,9,18.0,True,
run_20261002_072510_851363,2297,77,2026-10-02T07:26:28.886,10,left,9,10,17.5,True,
run_20261002_072510_851363,2297,77,2026-10-02T07:26:28.886,11,left,10,11,18.0,True,
run_20261002_072510_851363,2297,77,2026-10-02T07:26:28.886,12,left,11,12,18.0,True,
run_20261002_072510_851363,2297,77,2026-10-02T07:26:28.886,1,right,0,1,18.0,True,
run_20261002_072510_851363,2297,77,2026-10-02T07:26:28.886,2,right,1,2,18.0,True,
run_20261002_072510_851363,2297,77,2026-10-02T07:26:28.886,3,right,2,3,18.0,True,
run_20261002_072510_851363,2297,77,2026-10-02T07:26:28.886,4,right,3,4,18.0,True,
run_20261002_072510_851363,2297,77,2026-10-02T07:26:28.886,5,right,4,5,18.0,True,
run_20261002_072510_851363,2297,77,2026-10-02T07:26:28.886,6,right,5,6,18.5,True,
run_20261002_072510_851363,2297,77,2026-10-02T07:26:28.886,7,right,6,7,18.0,True,
run_20261002_072510_851363,2297,77,2026-10-02T07:26:28.886,8,right,7,8,18.0,True,
run_20261002_072510_851363,2297,77,2026-10-02T07:26:28.886,9,right,8,9,18.0,True,
run_20261002_072510_851363,2297,77,2026-10-02T07:26:28.886,10,right,9,10,18.0,True,
run_20261002_072510_851363,2297,77,2026-10-02T07:26:28.886,11,right,10,11,17.5,True,
run_20261002_072510_851363,2297,77,2026-10-02T07:26:28.886,12,right,11,12,18.0,True,
run_20261002_072510_851363,2328,78,2026-10-02T07:26:29.910,1,left,0,1,18.0,True,
run_20261002_072510_851363,2328,78,2026-10-02T07:26:29.910,2,left,1,2,18.0,True,
run_20261002_072510_851363,2328,78,2026-10-02T07:26:29.910,3,left,2,3,18.0,True,
run_20261002_072510_851363,2328,78,2026-10-02T07:26:29.910,4,left,3,4,18.0,True,
run_20261002_072510_851363,2328,78,2026-10-02T07:26:29.910,5,left,4,5,18.0,True,
run_20261002_072510_851363,2328,78,2026-10-02T07:26:29.910,6,left,5,6,18.5,True,
run_20261002_072510_851363,2328,78,2026-10-02T07:26:29.910,7,left,6,7,18.0,True,
run_20261002_072510_851363,2328,78,2026-10-02T07:26:29.910,8,left,7,8,18.0,True,
run_20261002_072510_851363,2328,78,2026-10-02T07:26:29.910,9,left,8,9,18.0,True,
run_20261002_072510_851363,2328,78,2026-10-02T07:26:29.910,10,left,9,10,17.5,True,
run_20261002_072510_851363,2328,78,2026-10-02T07:26:29.910,11,left,10,11,18.0,True,
run_20261002_072510_851363,2328,78,2026-10-02T07:26:29.910,12,left,11,12,18.0,True,
run_20261002_072510_851363,2328,78,2026-10-02T07:26:29.910,1,right,0,1,18.0,True,
run_20261002_072510_851363,2328,78,2026-10-02T07:26:29.910,2,right,1,2,18.0,True,
run_20261002_072510_851363,2328,78,2026-10-02T07:26:29.910,3,right,2,3,18.0,True,
run_20261002_072510_851363,2328,78,2026-10-02T07:26:29.910,4,right,3,4,18.0,True,
run_20261002_072510_851363,2328,78,2026-10-02T07:26:29.910,5,right,4,5,18.0,True,
run_20261002_072510_851363,2328,78,2026-10-02T07:26:29.910,6,right,5,6,18.5,True,
run_20261002_072510_851363,2328,78,2026-10-02T07:26:29.910,7,right,6,7,18.0,True,
run_20261002_072510_851363,2328,78,2026-10-02T07:26:29.910,8,right,7,8,18.0,True,
run_20261002_072510_851363,2328,78,2026-10-02T07:26:29.910,9,right,8,9,18.0,True,
run_20261002_072510_851363,2328,78,2026-10-02T07:26:29.910,10,right,9,10,18.0,True,
run_20261002_072510_851363,2328,78,2026-10-02T07:26:29.910,11,right,10,11,17.5,True,
run_20261002_072510_851363,2328,78,2026-10-02T07:26:29.910,12,right,11,12,18.0,True,
run_20261002_072510_851363,2358,79,2026-10-02T07:26:30.912,1,left,0,1,18.0,True,
run_20261002_072510_851363,2358,79,2026-10-02T07:26:30.912,2,left,1,2,18.0,True,
run_20261002_072510_851363,2358,79,2026-10-02T07:26:30.912,3,left,2,3,18.0,True,
run_20261002_072510_851363,2358,79,2026-10-02T07:26:30.912,4,left,3,4,18.0,True,
run_20261002_072510_851363,2358,79,2026-10-02T07:26:30.912,5,left,4,5,18.0,True,
run_20261002_072510_851363,2358,79,2026-10-02T07:26:30.912,6,left,5,6,18.5,True,
run_20261002_072510_851363,2358,79,2026-10-02T07:26:30.912,7,left,6,7,18.0,True,
run_20261002_072510_851363,2358,79,2026-10-02T07:26:30.912,8,left,7,8,18.0,True,
run_20261002_072510_851363,2358,79,2026-10-02T07:26:30.912,9,left,8,9,18.0,True,
run_20261002_072510_851363,2358,79,2026-10-02T07:26:30.912,10,left,9,10,17.5,True,
run_20261002_072510_851363,2358,79,2026-10-02T07:26:30.912,11,left,10,11,18.0,True,
run_20261002_072510_851363,2358,79,2026-10-02T07:26:30.912,12,left,11,12,18.0,True,
run_20261002_072510_851363,2358,79,2026-10-02T07:26:30.912,1,right,0,1,18.0,True,
run_20261002_072510_851363,2358,79,2026-10-02T07:26:30.912,2,right,1,2,18.0,True,
run_20261002_072510_851363,2358,79,2026-10-02T07:26:30.912,3,right,2,3,18.0,True,
run_20261002_072510_851363,2358,79,2026-10-02T07:26:30.912,4,right,3,4,18.0,True,
run_20261002_072510_851363,2358,79,2026-10-02T07:26:30.912,5,right,4,5,18.0,True,
run_20261002_072510_851363,2358,79,2026-10-02T07:26:30.912,6,right,5,6,18.5,True,
run_20261002_072510_851363,2358,79,2026-10-02T07:26:30.912,7,right,6,7,18.0,True,
run_20261002_072510_851363,2358,79,2026-10-02T07:26:30.912,8,right,7,8,18.0,True,
run_20261002_072510_851363,2358,79,2026-10-02T07:26:30.912,9,right,8,9,18.0,True,
run_20261002_072510_851363,2358,79,2026-10-02T07:26:30.912,10,right,9,10,18.0,True,
run_20261002_072510_851363,2358,79,2026-10-02T07:26:30.912,11,right,10,11,17.5,True,
run_20261002_072510_851363,2358,79,2026-10-02T07:26:30.912,12,right,11,12,18.0,True,
run_20261002_072510_851363,2388,80,2026-10-02T07:26:31.914,1,left,0,1,18.0,True,
run_20261002_072510_851363,2388,80,2026-10-02T07:26:31.914,2,left,1,2,18.0,True,
run_20261002_072510_851363,2388,80,2026-10-02T07:26:31.914,3,left,2,3,18.0,True,
run_20261002_072510_851363,2388,80,2026-10-02T07:26:31.914,4,left,3,4,18.0,True,
run_20261002_072510_851363,2388,80,2026-10-02T07:26:31.914,5,left,4,5,18.0,True,
run_20261002_072510_851363,2388,80,2026-10-02T07:26:31.914,6,left,5,6,18.5,True,
run_20261002_072510_851363,2388,80,2026-10-02T07:26:31.914,7,left,6,7,18.0,True,
run_20261002_072510_851363,2388,80,2026-10-02T07:26:31.914,8,left,7,8,18.0,True,
run_20261002_072510_851363,2388,80,2026-10-02T07:26:31.914,9,left,8,9,18.0,True,
run_20261002_072510_851363,2388,80,2026-10-02T07:26:31.914,10,left,9,10,17.5,True,
run_20261002_072510_851363,2388,80,2026-10-02T07:26:31.914,11,left,10,11,18.0,True,
run_20261002_072510_851363,2388,80,2026-10-02T07:26:31.914,12,left,11,12,18.0,True,
run_20261002_072510_851363,2388,80,2026-10-02T07:26:31.914,1,right,0,1,18.0,True,
run_20261002_072510_851363,2388,80,2026-10-02T07:26:31.914,2,right,1,2,18.0,True,
run_20261002_072510_851363,2388,80,2026-10-02T07:26:31.914,3,right,2,3,18.0,True,
run_20261002_072510_851363,2388,80,2026-10-02T07:26:31.914,4,right,3,4,18.0,True,
run_20261002_072510_851363,2388,80,2026-10-02T07:26:31.914,5,right,4,5,18.0,True,
run_20261002_072510_851363,2388,80,2026-10-02T07:26:31.914,6,right,5,6,18.5,True,
run_20261002_072510_851363,2388,80,2026-10-02T07:26:31.914,7,right,6,7,18.0,True,
run_20261002_072510_851363,2388,80,2026-10-02T07:26:31.914,8,right,7,8,18.0,True,
run_20261002_072510_851363,2388,80,2026-10-02T07:26:31.914,9,right,8,9,18.0,True,
run_20261002_072510_851363,2388,80,2026-10-02T07:26:31.914,10,right,9,10,18.0,True,
run_20261002_072510_851363,2388,80,2026-10-02T07:26:31.914,11,right,10,11,17.5,True,
run_20261002_072510_851363,2388,80,2026-10-02T07:26:31.914,12,right,11,12,18.0,True,
run_20261002_072510_851363,2419,81,2026-10-02T07:26:32.943,1,left,0,1,18.0,True,
run_20261002_072510_851363,2419,81,2026-10-02T07:26:32.943,2,left,1,2,18.0,True,
run_20261002_072510_851363,2419,81,2026-10-02T07:26:32.943,3,left,2,3,18.0,True,
run_20261002_072510_851363,2419,81,2026-10-02T07:26:32.943,4,left,3,4,18.0,True,
run_20261002_072510_851363,2419,81,2026-10-02T07:26:32.943,5,left,4,5,18.0,True,
run_20261002_072510_851363,2419,81,2026-10-02T07:26:32.943,6,left,5,6,18.5,True,
run_20261002_072510_851363,2419,81,2026-10-02T07:26:32.943,7,left,6,7,18.0,True,
run_20261002_072510_851363,2419,81,2026-10-02T07:26:32.943,8,left,7,8,18.0,True,
run_20261002_072510_851363,2419,81,2026-10-02T07:26:32.943,9,left,8,9,18.0,True,
run_20261002_072510_851363,2419,81,2026-10-02T07:26:32.943,10,left,9,10,18.0,True,
run_20261002_072510_851363,2419,81,2026-10-02T07:26:32.943,11,left,10,11,17.5,True,
run_20261002_072510_851363,2419,81,2026-10-02T07:26:32.943,12,left,11,12,18.0,True,
run_20261002_072510_851363,2419,81,2026-10-02T07:26:32.943,1,right,0,1,18.0,True,
run_20261002_072510_851363,2419,81,2026-10-02T07:26:32.943,2,right,1,2,18.0,True,
run_20261002_072510_851363,2419,81,2026-10-02T07:26:32.943,3,right,2,3,18.0,True,
run_20261002_072510_851363,2419,81,2026-10-02T07:26:32.943,4,right,3,4,18.0,True,
run_20261002_072510_851363,2419,81,2026-10-02T07:26:32.943,5,right,4,5,18.0,True,
run_20261002_072510_851363,2419,81,2026-10-02T07:26:32.943,6,right,5,6,18.5,True,
run_20261002_072510_851363,2419,81,2026-10-02T07:26:32.943,7,right,6,7,18.0,True,
run_20261002_072510_851363,2419,81,2026-10-02T07:26:32.943,8,right,7,8,18.0,True,
run_20261002_072510_851363,2419,81,2026-10-02T07:26:32.943,9,right,8,9,18.0,True,
run_20261002_072510_851363,2419,81,2026-10-02T07:26:32.943,10,right,9,10,18.0,True,
run_20261002_072510_851363,2419,81,2026-10-02T07:26:32.943,11,right,10,11,17.5,True,
run_20261002_072510_851363,2419,81,2026-10-02T07:26:32.943,12,right,11,12,18.0,True,
run_20261002_072510_851363,2449,82,2026-10-02T07:26:33.949,1,left,0,1,18.0,True,
run_20261002_072510_851363,2449,82,2026-10-02T07:26:33.949,2,left,1,2,18.0,True,
run_20261002_072510_851363,2449,82,2026-10-02T07:26:33.949,3,left,2,3,18.0,True,
run_20261002_072510_851363,2449,82,2026-10-02T07:26:33.949,4,left,3,4,18.0,True,
run_20261002_072510_851363,2449,82,2026-10-02T07:26:33.949,5,left,4,5,18.5,True,
run_20261002_072510_851363,2449,82,2026-10-02T07:26:33.949,6,left,5,6,18.0,True,
run_20261002_072510_851363,2449,82,2026-10-02T07:26:33.949,7,left,6,7,18.0,True,
run_20261002_072510_851363,2449,82,2026-10-02T07:26:33.949,8,left,7,8,18.0,True,
run_20261002_072510_851363,2449,82,2026-10-02T07:26:33.949,9,left,8,9,18.0,True,
run_20261002_072510_851363,2449,82,2026-10-02T07:26:33.949,10,left,9,10,18.0,True,
run_20261002_072510_851363,2449,82,2026-10-02T07:26:33.949,11,left,10,11,17.5,True,
run_20261002_072510_851363,2449,82,2026-10-02T07:26:33.949,12,left,11,12,18.0,True,
run_20261002_072510_851363,2449,82,2026-10-02T07:26:33.949,1,right,0,1,18.0,True,
run_20261002_072510_851363,2449,82,2026-10-02T07:26:33.949,2,right,1,2,18.0,True,
run_20261002_072510_851363,2449,82,2026-10-02T07:26:33.949,3,right,2,3,18.0,True,
run_20261002_072510_851363,2449,82,2026-10-02T07:26:33.949,4,right,3,4,18.0,True,
run_20261002_072510_851363,2449,82,2026-10-02T07:26:33.949,5,right,4,5,18.0,True,
run_20261002_072510_851363,2449,82,2026-10-02T07:26:33.949,6,right,5,6,18.5,True,
run_20261002_072510_851363,2449,82,2026-10-02T07:26:33.949,7,right,6,7,18.0,True,
run_20261002_072510_851363,2449,82,2026-10-02T07:26:33.949,8,right,7,8,18.0,True,
run_20261002_072510_851363,2449,82,2026-10-02T07:26:33.949,9,right,8,9,18.0,True,
run_20261002_072510_851363,2449,82,2026-10-02T07:26:33.949,10,right,9,10,18.0,True,
run_20261002_072510_851363,2449,82,2026-10-02T07:26:33.949,11,right,10,11,17.5,True,
run_20261002_072510_851363,2449,82,2026-10-02T07:26:33.949,12,right,11,12,18.0,True,
run_20261002_072510_851363,2479,83,2026-10-02T07:26:34.949,1,left,0,1,18.0,True,
run_20261002_072510_851363,2479,83,2026-10-02T07:26:34.949,2,left,1,2,18.0,True,
run_20261002_072510_851363,2479,83,2026-10-02T07:26:34.949,3,left,2,3,18.0,True,
run_20261002_072510_851363,2479,83,2026-10-02T07:26:34.949,4,left,3,4,18.0,True,
run_20261002_072510_851363,2479,83,2026-10-02T07:26:34.949,5,left,4,5,18.0,True,
run_20261002_072510_851363,2479,83,2026-10-02T07:26:34.949,6,left,5,6,18.5,True,
run_20261002_072510_851363,2479,83,2026-10-02T07:26:34.949,7,left,6,7,18.0,True,
run_20261002_072510_851363,2479,83,2026-10-02T07:26:34.949,8,left,7,8,18.0,True,
run_20261002_072510_851363,2479,83,2026-10-02T07:26:34.949,9,left,8,9,18.0,True,
run_20261002_072510_851363,2479,83,2026-10-02T07:26:34.949,10,left,9,10,18.0,True,
run_20261002_072510_851363,2479,83,2026-10-02T07:26:34.949,11,left,10,11,17.5,True,
run_20261002_072510_851363,2479,83,2026-10-02T07:26:34.949,12,left,11,12,18.0,True,
run_20261002_072510_851363,2479,83,2026-10-02T07:26:34.949,1,right,0,1,18.0,True,
run_20261002_072510_851363,2479,83,2026-10-02T07:26:34.949,2,right,1,2,18.0,True,
run_20261002_072510_851363,2479,83,2026-10-02T07:26:34.949,3,right,2,3,18.0,True,
run_20261002_072510_851363,2479,83,2026-10-02T07:26:34.949,4,right,3,4,18.0,True,
run_20261002_072510_851363,2479,83,2026-10-02T07:26:34.949,5,right,4,5,18.0,True,
run_20261002_072510_851363,2479,83,2026-10-02T07:26:34.949,6,right,5,6,18.5,True,
run_20261002_072510_851363,2479,83,2026-10-02T07:26:34.949,7,right,6,7,18.0,True,
run_20261002_072510_851363,2479,83,2026-10-02T07:26:34.949,8,right,7,8,18.0,True,
run_20261002_072510_851363,2479,83,2026-10-02T07:26:34.949,9,right,8,9,18.0,True,
run_20261002_072510_851363,2479,83,2026-10-02T07:26:34.949,10,right,9,10,18.0,True,
run_20261002_072510_851363,2479,83,2026-10-02T07:26:34.949,11,right,10,11,17.5,True,
run_20261002_072510_851363,2479,83,2026-10-02T07:26:34.949,12,right,11,12,18.0,True,
run_20261002_072510_851363,2510,84,2026-10-02T07:26:35.980,1,left,0,1,18.0,True,
run_20261002_072510_851363,2510,84,2026-10-02T07:26:35.980,2,left,1,2,18.0,True,
run_20261002_072510_851363,2510,84,2026-10-02T07:26:35.980,3,left,2,3,18.0,True,
run_20261002_072510_851363,2510,84,2026-10-02T07:26:35.980,4,left,3,4,18.0,True,
run_20261002_072510_851363,2510,84,2026-10-02T07:26:35.980,5,left,4,5,18.0,True,
run_20261002_072510_851363,2510,84,2026-10-02T07:26:35.980,6,left,5,6,18.5,True,
run_20261002_072510_851363,2510,84,2026-10-02T07:26:35.980,7,left,6,7,18.0,True,
run_20261002_072510_851363,2510,84,2026-10-02T07:26:35.980,8,left,7,8,18.0,True,
run_20261002_072510_851363,2510,84,2026-10-02T07:26:35.980,9,left,8,9,18.0,True,
run_20261002_072510_851363,2510,84,2026-10-02T07:26:35.980,10,left,9,10,18.0,True,
run_20261002_072510_851363,2510,84,2026-10-02T07:26:35.980,11,left,10,11,17.5,True,
run_20261002_072510_851363,2510,84,2026-10-02T07:26:35.980,12,left,11,12,18.0,True,
run_20261002_072510_851363,2510,84,2026-10-02T07:26:35.980,1,right,0,1,18.0,True,
run_20261002_072510_851363,2510,84,2026-10-02T07:26:35.980,2,right,1,2,18.0,True,
run_20261002_072510_851363,2510,84,2026-10-02T07:26:35.980,3,right,2,3,18.0,True,
run_20261002_072510_851363,2510,84,2026-10-02T07:26:35.980,4,right,3,4,18.0,True,
run_20261002_072510_851363,2510,84,2026-10-02T07:26:35.980,5,right,4,5,18.0,True,
run_20261002_072510_851363,2510,84,2026-10-02T07:26:35.980,6,right,5,6,18.5,True,
run_20261002_072510_851363,2510,84,2026-10-02T07:26:35.980,7,right,6,7,18.0,True,
run_20261002_072510_851363,2510,84,2026-10-02T07:26:35.980,8,right,7,8,18.0,True,
run_20261002_072510_851363,2510,84,2026-10-02T07:26:35.980,9,right,8,9,18.0,True,
run_20261002_072510_851363,2510,84,2026-10-02T07:26:35.980,10,right,9,10,18.0,True,
run_20261002_072510_851363,2510,84,2026-10-02T07:26:35.980,11,right,10,11,17.5,True,
run_20261002_072510_851363,2510,84,2026-10-02T07:26:35.980,12,right,11,12,18.0,True,
run_20261002_072510_851363,2540,85,2026-10-02T07:26:36.981,1,left,0,1,18.0,True,
run_20261002_072510_851363,2540,85,2026-10-02T07:26:36.981,2,left,1,2,18.5,True,
run_20261002_072510_851363,2540,85,2026-10-02T07:26:36.981,3,left,2,3,17.5,True,
run_20261002_072510_851363,2540,85,2026-10-02T07:26:36.981,4,left,3,4,18.0,True,
run_20261002_072510_851363,2540,85,2026-10-02T07:26:36.981,5,left,4,5,18.0,True,
run_20261002_072510_851363,2540,85,2026-10-02T07:26:36.981,6,left,5,6,18.5,True,
run_20261002_072510_851363,2540,85,2026-10-02T07:26:36.981,7,left,6,7,18.0,True,
run_20261002_072510_851363,2540,85,2026-10-02T07:26:36.981,8,left,7,8,18.0,True,
run_20261002_072510_851363,2540,85,2026-10-02T07:26:36.981,9,left,8,9,18.0,True,
run_20261002_072510_851363,2540,85,2026-10-02T07:26:36.981,10,left,9,10,18.0,True,
run_20261002_072510_851363,2540,85,2026-10-02T07:26:36.981,11,left,10,11,17.5,True,
run_20261002_072510_851363,2540,85,2026-10-02T07:26:36.981,12,left,11,12,18.0,True,
run_20261002_072510_851363,2540,85,2026-10-02T07:26:36.981,1,right,0,1,18.0,True,
run_20261002_072510_851363,2540,85,2026-10-02T07:26:36.981,2,right,1,2,18.0,True,
run_20261002_072510_851363,2540,85,2026-10-02T07:26:36.981,3,right,2,3,18.0,True,
run_20261002_072510_851363,2540,85,2026-10-02T07:26:36.981,4,right,3,4,18.0,True,
run_20261002_072510_851363,2540,85,2026-10-02T07:26:36.981,5,right,4,5,18.0,True,
run_20261002_072510_851363,2540,85,2026-10-02T07:26:36.981,6,right,5,6,18.5,True,
run_20261002_072510_851363,2540,85,2026-10-02T07:26:36.981,7,right,6,7,18.0,True,
run_20261002_072510_851363,2540,85,2026-10-02T07:26:36.981,8,right,7,8,18.0,True,
run_20261002_072510_851363,2540,85,2026-10-02T07:26:36.981,9,right,8,9,18.0,True,
run_20261002_072510_851363,2540,85,2026-10-02T07:26:36.981,10,right,9,10,18.0,True,
run_20261002_072510_851363,2540,85,2026-10-02T07:26:36.981,11,right,10,11,17.5,True,
run_20261002_072510_851363,2540,85,2026-10-02T07:26:36.981,12,right,11,12,18.0,True,
run_20261002_072510_851363,2571,86,2026-10-02T07:26:38.011,1,left,0,1,18.0,True,
run_20261002_072510_851363,2571,86,2026-10-02T07:26:38.011,2,left,1,2,18.0,True,
run_20261002_072510_851363,2571,86,2026-10-02T07:26:38.011,3,left,2,3,18.0,True,
run_20261002_072510_851363,2571,86,2026-10-02T07:26:38.011,4,left,3,4,18.0,True,
run_20261002_072510_851363,2571,86,2026-10-02T07:26:38.011,5,left,4,5,18.0,True,
run_20261002_072510_851363,2571,86,2026-10-02T07:26:38.011,6,left,5,6,18.5,True,
run_20261002_072510_851363,2571,86,2026-10-02T07:26:38.011,7,left,6,7,18.0,True,
run_20261002_072510_851363,2571,86,2026-10-02T07:26:38.011,8,left,7,8,18.0,True,
run_20261002_072510_851363,2571,86,2026-10-02T07:26:38.011,9,left,8,9,18.0,True,
run_20261002_072510_851363,2571,86,2026-10-02T07:26:38.011,10,left,9,10,17.5,True,
run_20261002_072510_851363,2571,86,2026-10-02T07:26:38.011,11,left,10,11,18.0,True,
run_20261002_072510_851363,2571,86,2026-10-02T07:26:38.011,12,left,11,12,18.0,True,
run_20261002_072510_851363,2571,86,2026-10-02T07:26:38.011,1,right,0,1,18.0,True,
run_20261002_072510_851363,2571,86,2026-10-02T07:26:38.011,2,right,1,2,18.0,True,
run_20261002_072510_851363,2571,86,2026-10-02T07:26:38.011,3,right,2,3,18.0,True,
run_20261002_072510_851363,2571,86,2026-10-02T07:26:38.011,4,right,3,4,18.0,True,
run_20261002_072510_851363,2571,86,2026-10-02T07:26:38.011,5,right,4,5,18.0,True,
run_20261002_072510_851363,2571,86,2026-10-02T07:26:38.011,6,right,5,6,18.5,True,
run_20261002_072510_851363,2571,86,2026-10-02T07:26:38.011,7,right,6,7,18.0,True,
run_20261002_072510_851363,2571,86,2026-10-02T07:26:38.011,8,right,7,8,18.0,True,
run_20261002_072510_851363,2571,86,2026-10-02T07:26:38.011,9,right,8,9,18.0,True,
run_20261002_072510_851363,2571,86,2026-10-02T07:26:38.011,10,right,9,10,18.0,True,
run_20261002_072510_851363,2571,86,2026-10-02T07:26:38.011,11,right,10,11,17.5,True,
run_20261002_072510_851363,2571,86,2026-10-02T07:26:38.011,12,right,11,12,18.0,True,
run_20261002_072510_851363,2602,87,2026-10-02T07:26:39.044,1,left,0,1,18.0,True,
run_20261002_072510_851363,2602,87,2026-10-02T07:26:39.044,2,left,1,2,18.0,True,
run_20261002_072510_851363,2602,87,2026-10-02T07:26:39.044,3,left,2,3,18.0,True,
run_20261002_072510_851363,2602,87,2026-10-02T07:26:39.044,4,left,3,4,18.0,True,
run_20261002_072510_851363,2602,87,2026-10-02T07:26:39.044,5,left,4,5,18.0,True,
run_20261002_072510_851363,2602,87,2026-10-02T07:26:39.044,6,left,5,6,18.5,True,
run_20261002_072510_851363,2602,87,2026-10-02T07:26:39.044,7,left,6,7,18.0,True,
run_20261002_072510_851363,2602,87,2026-10-02T07:26:39.044,8,left,7,8,18.0,True,
run_20261002_072510_851363,2602,87,2026-10-02T07:26:39.044,9,left,8,9,18.0,True,
run_20261002_072510_851363,2602,87,2026-10-02T07:26:39.044,10,left,9,10,17.5,True,
run_20261002_072510_851363,2602,87,2026-10-02T07:26:39.044,11,left,10,11,18.0,True,
run_20261002_072510_851363,2602,87,2026-10-02T07:26:39.044,12,left,11,12,18.0,True,
run_20261002_072510_851363,2602,87,2026-10-02T07:26:39.044,1,right,0,1,18.5,True,
run_20261002_072510_851363,2602,87,2026-10-02T07:26:39.044,2,right,1,2,18.0,True,
run_20261002_072510_851363,2602,87,2026-10-02T07:26:39.044,3,right,2,3,18.0,True,
run_20261002_072510_851363,2602,87,2026-10-02T07:26:39.044,4,right,3,4,18.0,True,
run_20261002_072510_851363,2602,87,2026-10-02T07:26:39.044,5,right,4,5,18.0,True,
run_20261002_072510_851363,2602,87,2026-10-02T07:26:39.044,6,right,5,6,18.5,True,
run_20261002_072510_851363,2602,87,2026-10-02T07:26:39.044,7,right,6,7,18.0,True,
run_20261002_072510_851363,2602,87,2026-10-02T07:26:39.044,8,right,7,8,18.0,True,
run_20261002_072510_851363,2602,87,2026-10-02T07:26:39.044,9,right,8,9,18.0,True,
run_20261002_072510_851363,2602,87,2026-10-02T07:26:39.044,10,right,9,10,18.0,True,
run_20261002_072510_851363,2602,87,2026-10-02T07:26:39.044,11,right,10,11,17.5,True,
run_20261002_072510_851363,2602,87,2026-10-02T07:26:39.044,12,right,11,12,18.0,True,
run_20261002_072510_851363,2632,88,2026-10-02T07:26:40.047,1,left,0,1,18.0,True,
run_20261002_072510_851363,2632,88,2026-10-02T07:26:40.047,2,left,1,2,18.0,True,
run_20261002_072510_851363,2632,88,2026-10-02T07:26:40.047,3,left,2,3,18.0,True,
run_20261002_072510_851363,2632,88,2026-10-02T07:26:40.047,4,left,3,4,18.0,True,
run_20261002_072510_851363,2632,88,2026-10-02T07:26:40.047,5,left,4,5,18.0,True,
run_20261002_072510_851363,2632,88,2026-10-02T07:26:40.047,6,left,5,6,18.5,True,
run_20261002_072510_851363,2632,88,2026-10-02T07:26:40.047,7,left,6,7,18.0,True,
run_20261002_072510_851363,2632,88,2026-10-02T07:26:40.047,8,left,7,8,18.0,True,
run_20261002_072510_851363,2632,88,2026-10-02T07:26:40.047,9,left,8,9,18.0,True,
run_20261002_072510_851363,2632,88,2026-10-02T07:26:40.047,10,left,9,10,17.5,True,
run_20261002_072510_851363,2632,88,2026-10-02T07:26:40.047,11,left,10,11,18.0,True,
run_20261002_072510_851363,2632,88,2026-10-02T07:26:40.047,12,left,11,12,18.0,True,
run_20261002_072510_851363,2632,88,2026-10-02T07:26:40.047,1,right,0,1,18.0,True,
run_20261002_072510_851363,2632,88,2026-10-02T07:26:40.047,2,right,1,2,18.0,True,
run_20261002_072510_851363,2632,88,2026-10-02T07:26:40.047,3,right,2,3,18.0,True,
run_20261002_072510_851363,2632,88,2026-10-02T07:26:40.047,4,right,3,4,18.0,True,
run_20261002_072510_851363,2632,88,2026-10-02T07:26:40.047,5,right,4,5,18.0,True,
run_20261002_072510_851363,2632,88,2026-10-02T07:26:40.047,6,right,5,6,18.5,True,
run_20261002_072510_851363,2632,88,2026-10-02T07:26:40.047,7,right,6,7,18.0,True,
run_20261002_072510_851363,2632,88,2026-10-02T07:26:40.047,8,right,7,8,18.0,True,
run_20261002_072510_851363,2632,88,2026-10-02T07:26:40.047,9,right,8,9,18.0,True,
run_20261002_072510_851363,2632,88,2026-10-02T07:26:40.047,10,right,9,10,18.0,True,
run_20261002_072510_851363,2632,88,2026-10-02T07:26:40.047,11,right,10,11,17.5,True,
run_20261002_072510_851363,2632,88,2026-10-02T07:26:40.047,12,right,11,12,18.0,True,
run_20261002_072510_851363,2663,89,2026-10-02T07:26:41.084,1,left,0,1,18.0,True,
run_20261002_072510_851363,2663,89,2026-10-02T07:26:41.084,2,left,1,2,18.0,True,
run_20261002_072510_851363,2663,89,2026-10-02T07:26:41.084,3,left,2,3,18.0,True,
run_20261002_072510_851363,2663,89,2026-10-02T07:26:41.084,4,left,3,4,18.0,True,
run_20261002_072510_851363,2663,89,2026-10-02T07:26:41.084,5,left,4,5,18.0,True,
run_20261002_072510_851363,2663,89,2026-10-02T07:26:41.084,6,left,5,6,18.5,True,
run_20261002_072510_851363,2663,89,2026-10-02T07:26:41.084,7,left,6,7,18.0,True,
run_20261002_072510_851363,2663,89,2026-10-02T07:26:41.084,8,left,7,8,18.0,True,
run_20261002_072510_851363,2663,89,2026-10-02T07:26:41.084,9,left,8,9,18.0,True,
run_20261002_072510_851363,2663,89,2026-10-02T07:26:41.084,10,left,9,10,17.5,True,
run_20261002_072510_851363,2663,89,2026-10-02T07:26:41.084,11,left,10,11,18.0,True,
run_20261002_072510_851363,2663,89,2026-10-02T07:26:41.084,12,left,11,12,18.0,True,
run_20261002_072510_851363,2663,89,2026-10-02T07:26:41.084,1,right,0,1,18.0,True,
run_20261002_072510_851363,2663,89,2026-10-02T07:26:41.084,2,right,1,2,18.0,True,
run_20261002_072510_851363,2663,89,2026-10-02T07:26:41.084,3,right,2,3,18.0,True,
run_20261002_072510_851363,2663,89,2026-10-02T07:26:41.084,4,right,3,4,18.0,True,
run_20261002_072510_851363,2663,89,2026-10-02T07:26:41.084,5,right,4,5,18.0,True,
run_20261002_072510_851363,2663,89,2026-10-02T07:26:41.084,6,right,5,6,18.5,True,
run_20261002_072510_851363,2663,89,2026-10-02T07:26:41.084,7,right,6,7,18.0,True,
run_20261002_072510_851363,2663,89,2026-10-02T07:26:41.084,8,right,7,8,18.0,True,
run_20261002_072510_851363,2663,89,2026-10-02T07:26:41.084,9,right,8,9,18.0,True,
run_20261002_072510_851363,2663,89,2026-10-02T07:26:41.084,10,right,9,10,18.0,True,
run_20261002_072510_851363,2663,89,2026-10-02T07:26:41.084,11,right,10,11,17.5,True,
run_20261002_072510_851363,2663,89,2026-10-02T07:26:41.084,12,right,11,12,18.0,True,
run_20261002_072510_851363,2693,90,2026-10-02T07:26:42.117,1,left,0,1,18.0,True,
run_20261002_072510_851363,2693,90,2026-10-02T07:26:42.117,2,left,1,2,18.0,True,
run_20261002_072510_851363,2693,90,2026-10-02T07:26:42.117,3,left,2,3,18.0,True,
run_20261002_072510_851363,2693,90,2026-10-02T07:26:42.117,4,left,3,4,18.0,True,
run_20261002_072510_851363,2693,90,2026-10-02T07:26:42.117,5,left,4,5,18.0,True,
run_20261002_072510_851363,2693,90,2026-10-02T07:26:42.117,6,left,5,6,18.5,True,
run_20261002_072510_851363,2693,90,2026-10-02T07:26:42.117,7,left,6,7,18.0,True,
run_20261002_072510_851363,2693,90,2026-10-02T07:26:42.117,8,left,7,8,18.0,True,
run_20261002_072510_851363,2693,90,2026-10-02T07:26:42.117,9,left,8,9,18.0,True,
run_20261002_072510_851363,2693,90,2026-10-02T07:26:42.117,10,left,9,10,17.5,True,
run_20261002_072510_851363,2693,90,2026-10-02T07:26:42.117,11,left,10,11,18.0,True,
run_20261002_072510_851363,2693,90,2026-10-02T07:26:42.117,12,left,11,12,18.0,True,
run_20261002_072510_851363,2693,90,2026-10-02T07:26:42.117,1,right,0,1,18.0,True,
run_20261002_072510_851363,2693,90,2026-10-02T07:26:42.117,2,right,1,2,18.0,True,
run_20261002_072510_851363,2693,90,2026-10-02T07:26:42.117,3,right,2,3,18.0,True,
run_20261002_072510_851363,2693,90,2026-10-02T07:26:42.117,4,right,3,4,18.0,True,
run_20261002_072510_851363,2693,90,2026-10-02T07:26:42.117,5,right,4,5,18.0,True,
run_20261002_072510_851363,2693,90,2026-10-02T07:26:42.117,6,right,5,6,18.5,True,
run_20261002_072510_851363,2693,90,2026-10-02T07:26:42.117,7,right,6,7,18.0,True,
run_20261002_072510_851363,2693,90,2026-10-02T07:26:42.117,8,right,7,8,18.0,True,
run_20261002_072510_851363,2693,90,2026-10-02T07:26:42.117,9,right,8,9,18.0,True,
run_20261002_072510_851363,2693,90,2026-10-02T07:26:42.117,10,right,9,10,18.0,True,
run_20261002_072510_851363,2693,90,2026-10-02T07:26:42.117,11,right,10,11,17.5,True,
run_20261002_072510_851363,2693,90,2026-10-02T07:26:42.117,12,right,11,12,18.0,True,
run_20261002_072510_851363,2724,91,2026-10-02T07:26:43.145,1,left,0,1,18.0,True,
run_20261002_072510_851363,2724,91,2026-10-02T07:26:43.145,2,left,1,2,18.0,True,
run_20261002_072510_851363,2724,91,2026-10-02T07:26:43.145,3,left,2,3,18.0,True,
run_20261002_072510_851363,2724,91,2026-10-02T07:26:43.145,4,left,3,4,18.0,True,
run_20261002_072510_851363,2724,91,2026-10-02T07:26:43.145,5,left,4,5,18.0,True,
run_20261002_072510_851363,2724,91,2026-10-02T07:26:43.145,6,left,5,6,18.5,True,
run_20261002_072510_851363,2724,91,2026-10-02T07:26:43.145,7,left,6,7,18.0,True,
run_20261002_072510_851363,2724,91,2026-10-02T07:26:43.145,8,left,7,8,18.0,True,
run_20261002_072510_851363,2724,91,2026-10-02T07:26:43.145,9,left,8,9,18.0,True,
run_20261002_072510_851363,2724,91,2026-10-02T07:26:43.145,10,left,9,10,17.5,True,
run_20261002_072510_851363,2724,91,2026-10-02T07:26:43.145,11,left,10,11,18.0,True,
run_20261002_072510_851363,2724,91,2026-10-02T07:26:43.145,12,left,11,12,18.0,True,
run_20261002_072510_851363,2724,91,2026-10-02T07:26:43.145,1,right,0,1,18.0,True,
run_20261002_072510_851363,2724,91,2026-10-02T07:26:43.145,2,right,1,2,18.0,True,
run_20261002_072510_851363,2724,91,2026-10-02T07:26:43.145,3,right,2,3,18.0,True,
run_20261002_072510_851363,2724,91,2026-10-02T07:26:43.145,4,right,3,4,18.0,True,
run_20261002_072510_851363,2724,91,2026-10-02T07:26:43.145,5,right,4,5,18.0,True,
run_20261002_072510_851363,2724,91,2026-10-02T07:26:43.145,6,right,5,6,18.5,True,
run_20261002_072510_851363,2724,91,2026-10-02T07:26:43.145,7,right,6,7,18.0,True,
run_20261002_072510_851363,2724,91,2026-10-02T07:26:43.145,8,right,7,8,18.0,True,
run_20261002_072510_851363,2724,91,2026-10-02T07:26:43.145,9,right,8,9,18.0,True,
run_20261002_072510_851363,2724,91,2026-10-02T07:26:43.145,10,right,9,10,18.0,True,
run_20261002_072510_851363,2724,91,2026-10-02T07:26:43.145,11,right,10,11,17.5,True,
run_20261002_072510_851363,2724,91,2026-10-02T07:26:43.145,12,right,11,12,18.0,True,
run_20261002_072510_851363,2754,92,2026-10-02T07:26:44.146,1,left,0,1,18.0,True,
run_20261002_072510_851363,2754,92,2026-10-02T07:26:44.146,2,left,1,2,18.0,True,
run_20261002_072510_851363,2754,92,2026-10-02T07:26:44.146,3,left,2,3,18.0,True,
run_20261002_072510_851363,2754,92,2026-10-02T07:26:44.146,4,left,3,4,18.0,True,
run_20261002_072510_851363,2754,92,2026-10-02T07:26:44.146,5,left,4,5,18.0,True,
run_20261002_072510_851363,2754,92,2026-10-02T07:26:44.146,6,left,5,6,18.5,True,
run_20261002_072510_851363,2754,92,2026-10-02T07:26:44.146,7,left,6,7,18.0,True,
run_20261002_072510_851363,2754,92,2026-10-02T07:26:44.146,8,left,7,8,18.0,True,
run_20261002_072510_851363,2754,92,2026-10-02T07:26:44.146,9,left,8,9,18.0,True,
run_20261002_072510_851363,2754,92,2026-10-02T07:26:44.146,10,left,9,10,17.5,True,
run_20261002_072510_851363,2754,92,2026-10-02T07:26:44.146,11,left,10,11,18.0,True,
run_20261002_072510_851363,2754,92,2026-10-02T07:26:44.146,12,left,11,12,18.0,True,
run_20261002_072510_851363,2754,92,2026-10-02T07:26:44.146,1,right,0,1,18.0,True,
run_20261002_072510_851363,2754,92,2026-10-02T07:26:44.146,2,right,1,2,18.0,True,
run_20261002_072510_851363,2754,92,2026-10-02T07:26:44.146,3,right,2,3,18.0,True,
run_20261002_072510_851363,2754,92,2026-10-02T07:26:44.146,4,right,3,4,18.0,True,
run_20261002_072510_851363,2754,92,2026-10-02T07:26:44.146,5,right,4,5,18.0,True,
run_20261002_072510_851363,2754,92,2026-10-02T07:26:44.146,6,right,5,6,18.5,True,
run_20261002_072510_851363,2754,92,2026-10-02T07:26:44.146,7,right,6,7,18.0,True,
run_20261002_072510_851363,2754,92,2026-10-02T07:26:44.146,8,right,7,8,18.0,True,
run_20261002_072510_851363,2754,92,2026-10-02T07:26:44.146,9,right,8,9,18.0,True,
run_20261002_072510_851363,2754,92,2026-10-02T07:26:44.146,10,right,9,10,18.0,True,
run_20261002_072510_851363,2754,92,2026-10-02T07:26:44.146,11,right,10,11,17.5,True,
run_20261002_072510_851363,2754,92,2026-10-02T07:26:44.146,12,right,11,12,18.0,True,
run_20261002_072510_851363,2784,93,2026-10-02T07:26:45.149,1,left,0,1,18.0,True,
run_20261002_072510_851363,2784,93,2026-10-02T07:26:45.149,2,left,1,2,18.0,True,
run_20261002_072510_851363,2784,93,2026-10-02T07:26:45.149,3,left,2,3,18.0,True,
run_20261002_072510_851363,2784,93,2026-10-02T07:26:45.149,4,left,3,4,18.0,True,
run_20261002_072510_851363,2784,93,2026-10-02T07:26:45.149,5,left,4,5,18.0,True,
run_20261002_072510_851363,2784,93,2026-10-02T07:26:45.149,6,left,5,6,18.5,True,
run_20261002_072510_851363,2784,93,2026-10-02T07:26:45.149,7,left,6,7,18.0,True,
run_20261002_072510_851363,2784,93,2026-10-02T07:26:45.149,8,left,7,8,18.0,True,
run_20261002_072510_851363,2784,93,2026-10-02T07:26:45.149,9,left,8,9,18.0,True,
run_20261002_072510_851363,2784,93,2026-10-02T07:26:45.149,10,left,9,10,17.5,True,
run_20261002_072510_851363,2784,93,2026-10-02T07:26:45.149,11,left,10,11,18.0,True,
run_20261002_072510_851363,2784,93,2026-10-02T07:26:45.149,12,left,11,12,18.0,True,
run_20261002_072510_851363,2784,93,2026-10-02T07:26:45.149,1,right,0,1,18.0,True,
run_20261002_072510_851363,2784,93,2026-10-02T07:26:45.149,2,right,1,2,18.0,True,
run_20261002_072510_851363,2784,93,2026-10-02T07:26:45.149,3,right,2,3,18.0,True,
run_20261002_072510_851363,2784,93,2026-10-02T07:26:45.149,4,right,3,4,18.0,True,
run_20261002_072510_851363,2784,93,2026-10-02T07:26:45.149,5,right,4,5,18.0,True,
run_20261002_072510_851363,2784,93,2026-10-02T07:26:45.149,6,right,5,6,18.5,True,
run_20261002_072510_851363,2784,93,2026-10-02T07:26:45.149,7,right,6,7,18.0,True,
run_20261002_072510_851363,2784,93,2026-10-02T07:26:45.149,8,right,7,8,18.0,True,
run_20261002_072510_851363,2784,93,2026-10-02T07:26:45.149,9,right,8,9,18.0,True,
run_20261002_072510_851363,2784,93,2026-10-02T07:26:45.149,10,right,9,10,18.0,True,
run_20261002_072510_851363,2784,93,2026-10-02T07:26:45.149,11,right,10,11,17.5,True,
run_20261002_072510_851363,2784,93,2026-10-02T07:26:45.149,12,right,11,12,18.0,True,
run_20261002_072510_851363,2815,94,2026-10-02T07:26:46.183,1,left,0,1,18.0,True,
run_20261002_072510_851363,2815,94,2026-10-02T07:26:46.183,2,left,1,2,18.0,True,
run_20261002_072510_851363,2815,94,2026-10-02T07:26:46.183,3,left,2,3,18.0,True,
run_20261002_072510_851363,2815,94,2026-10-02T07:26:46.183,4,left,3,4,18.0,True,
run_20261002_072510_851363,2815,94,2026-10-02T07:26:46.183,5,left,4,5,18.0,True,
run_20261002_072510_851363,2815,94,2026-10-02T07:26:46.183,6,left,5,6,18.5,True,
run_20261002_072510_851363,2815,94,2026-10-02T07:26:46.183,7,left,6,7,18.0,True,
run_20261002_072510_851363,2815,94,2026-10-02T07:26:46.183,8,left,7,8,18.0,True,
run_20261002_072510_851363,2815,94,2026-10-02T07:26:46.183,9,left,8,9,18.0,True,
run_20261002_072510_851363,2815,94,2026-10-02T07:26:46.183,10,left,9,10,17.5,True,
run_20261002_072510_851363,2815,94,2026-10-02T07:26:46.183,11,left,10,11,18.0,True,
run_20261002_072510_851363,2815,94,2026-10-02T07:26:46.183,12,left,11,12,18.0,True,
run_20261002_072510_851363,2815,94,2026-10-02T07:26:46.183,1,right,0,1,18.0,True,
run_20261002_072510_851363,2815,94,2026-10-02T07:26:46.183,2,right,1,2,18.0,True,
run_20261002_072510_851363,2815,94,2026-10-02T07:26:46.183,3,right,2,3,18.0,True,
run_20261002_072510_851363,2815,94,2026-10-02T07:26:46.183,4,right,3,4,18.0,True,
run_20261002_072510_851363,2815,94,2026-10-02T07:26:46.183,5,right,4,5,18.0,True,
run_20261002_072510_851363,2815,94,2026-10-02T07:26:46.183,6,right,5,6,18.5,True,
run_20261002_072510_851363,2815,94,2026-10-02T07:26:46.183,7,right,6,7,18.0,True,
run_20261002_072510_851363,2815,94,2026-10-02T07:26:46.183,8,right,7,8,18.0,True,
run_20261002_072510_851363,2815,94,2026-10-02T07:26:46.183,9,right,8,9,18.0,True,
run_20261002_072510_851363,2815,94,2026-10-02T07:26:46.183,10,right,9,10,18.0,True,
run_20261002_072510_851363,2815,94,2026-10-02T07:26:46.183,11,right,10,11,17.5,True,
run_20261002_072510_851363,2815,94,2026-10-02T07:26:46.183,12,right,11,12,18.0,True,
run_20261002_072510_851363,2846,95,2026-10-02T07:26:47.211,1,left,0,1,18.0,True,
run_20261002_072510_851363,2846,95,2026-10-02T07:26:47.211,2,left,1,2,18.0,True,
run_20261002_072510_851363,2846,95,2026-10-02T07:26:47.211,3,left,2,3,18.0,True,
run_20261002_072510_851363,2846,95,2026-10-02T07:26:47.211,4,left,3,4,18.0,True,
run_20261002_072510_851363,2846,95,2026-10-02T07:26:47.211,5,left,4,5,18.0,True,
run_20261002_072510_851363,2846,95,2026-10-02T07:26:47.211,6,left,5,6,18.5,True,
run_20261002_072510_851363,2846,95,2026-10-02T07:26:47.211,7,left,6,7,18.0,True,
run_20261002_072510_851363,2846,95,2026-10-02T07:26:47.211,8,left,7,8,18.0,True,
run_20261002_072510_851363,2846,95,2026-10-02T07:26:47.211,9,left,8,9,18.0,True,
run_20261002_072510_851363,2846,95,2026-10-02T07:26:47.211,10,left,9,10,17.5,True,
run_20261002_072510_851363,2846,95,2026-10-02T07:26:47.211,11,left,10,11,18.0,True,
run_20261002_072510_851363,2846,95,2026-10-02T07:26:47.211,12,left,11,12,18.0,True,
run_20261002_072510_851363,2846,95,2026-10-02T07:26:47.211,1,right,0,1,18.0,True,
run_20261002_072510_851363,2846,95,2026-10-02T07:26:47.211,2,right,1,2,18.0,True,
run_20261002_072510_851363,2846,95,2026-10-02T07:26:47.211,3,right,2,3,18.0,True,
run_20261002_072510_851363,2846,95,2026-10-02T07:26:47.211,4,right,3,4,18.0,True,
run_20261002_072510_851363,2846,95,2026-10-02T07:26:47.211,5,right,4,5,18.0,True,
run_20261002_072510_851363,2846,95,2026-10-02T07:26:47.211,6,right,5,6,18.5,True,
run_20261002_072510_851363,2846,95,2026-10-02T07:26:47.211,7,right,6,7,18.0,True,
run_20261002_072510_851363,2846,95,2026-10-02T07:26:47.211,8,right,7,8,18.0,True,
run_20261002_072510_851363,2846,95,2026-10-02T07:26:47.211,9,right,8,9,18.0,True,
run_20261002_072510_851363,2846,95,2026-10-02T07:26:47.211,10,right,9,10,18.0,True,
run_20261002_072510_851363,2846,95,2026-10-02T07:26:47.211,11,right,10,11,17.5,True,
run_20261002_072510_851363,2846,95,2026-10-02T07:26:47.211,12,right,11,12,18.0,True,
run_20261002_072510_851363,2876,96,2026-10-02T07:26:48.214,1,left,0,1,18.0,True,
run_20261002_072510_851363,2876,96,2026-10-02T07:26:48.214,2,left,1,2,18.0,True,
run_20261002_072510_851363,2876,96,2026-10-02T07:26:48.214,3,left,2,3,18.0,True,
run_20261002_072510_851363,2876,96,2026-10-02T07:26:48.214,4,left,3,4,18.0,True,
run_20261002_072510_851363,2876,96,2026-10-02T07:26:48.214,5,left,4,5,18.0,True,
run_20261002_072510_851363,2876,96,2026-10-02T07:26:48.214,6,left,5,6,18.5,True,
run_20261002_072510_851363,2876,96,2026-10-02T07:26:48.214,7,left,6,7,18.0,True,
run_20261002_072510_851363,2876,96,2026-10-02T07:26:48.214,8,left,7,8,18.0,True,
run_20261002_072510_851363,2876,96,2026-10-02T07:26:48.214,9,left,8,9,18.0,True,
run_20261002_072510_851363,2876,96,2026-10-02T07:26:48.214,10,left,9,10,17.5,True,
run_20261002_072510_851363,2876,96,2026-10-02T07:26:48.214,11,left,10,11,18.0,True,
run_20261002_072510_851363,2876,96,2026-10-02T07:26:48.214,12,left,11,12,18.0,True,
run_20261002_072510_851363,2876,96,2026-10-02T07:26:48.214,1,right,0,1,18.0,True,
run_20261002_072510_851363,2876,96,2026-10-02T07:26:48.214,2,right,1,2,18.0,True,
run_20261002_072510_851363,2876,96,2026-10-02T07:26:48.214,3,right,2,3,18.0,True,
run_20261002_072510_851363,2876,96,2026-10-02T07:26:48.214,4,right,3,4,18.0,True,
run_20261002_072510_851363,2876,96,2026-10-02T07:26:48.214,5,right,4,5,18.0,True,
run_20261002_072510_851363,2876,96,2026-10-02T07:26:48.214,6,right,5,6,18.5,True,
run_20261002_072510_851363,2876,96,2026-10-02T07:26:48.214,7,right,6,7,18.0,True,
run_20261002_072510_851363,2876,96,2026-10-02T07:26:48.214,8,right,7,8,18.0,True,
run_20261002_072510_851363,2876,96,2026-10-02T07:26:48.214,9,right,8,9,18.0,True,
run_20261002_072510_851363,2876,96,2026-10-02T07:26:48.214,10,right,9,10,18.0,True,
run_20261002_072510_851363,2876,96,2026-10-02T07:26:48.214,11,right,10,11,17.5,True,
run_20261002_072510_851363,2876,96,2026-10-02T07:26:48.214,12,right,11,12,18.0,True,
run_20261002_072510_851363,2906,97,2026-10-02T07:26:49.218,1,left,0,1,18.0,True,
run_20261002_072510_851363,2906,97,2026-10-02T07:26:49.218,2,left,1,2,18.0,True,
run_20261002_072510_851363,2906,97,2026-10-02T07:26:49.218,3,left,2,3,18.0,True,
run_20261002_072510_851363,2906,97,2026-10-02T07:26:49.218,4,left,3,4,18.0,True,
run_20261002_072510_851363,2906,97,2026-10-02T07:26:49.218,5,left,4,5,18.0,True,
run_20261002_072510_851363,2906,97,2026-10-02T07:26:49.218,6,left,5,6,18.5,True,
run_20261002_072510_851363,2906,97,2026-10-02T07:26:49.218,7,left,6,7,18.0,True,
run_20261002_072510_851363,2906,97,2026-10-02T07:26:49.218,8,left,7,8,18.0,True,
run_20261002_072510_851363,2906,97,2026-10-02T07:26:49.218,9,left,8,9,18.0,True,
run_20261002_072510_851363,2906,97,2026-10-02T07:26:49.218,10,left,9,10,17.5,True,
run_20261002_072510_851363,2906,97,2026-10-02T07:26:49.218,11,left,10,11,18.0,True,
run_20261002_072510_851363,2906,97,2026-10-02T07:26:49.218,12,left,11,12,18.0,True,
run_20261002_072510_851363,2906,97,2026-10-02T07:26:49.218,1,right,0,1,18.0,True,
run_20261002_072510_851363,2906,97,2026-10-02T07:26:49.218,2,right,1,2,18.0,True,
run_20261002_072510_851363,2906,97,2026-10-02T07:26:49.218,3,right,2,3,18.0,True,
run_20261002_072510_851363,2906,97,2026-10-02T07:26:49.218,4,right,3,4,18.0,True,
run_20261002_072510_851363,2906,97,2026-10-02T07:26:49.218,5,right,4,5,18.0,True,
run_20261002_072510_851363,2906,97,2026-10-02T07:26:49.218,6,right,5,6,18.5,True,
run_20261002_072510_851363,2906,97,2026-10-02T07:26:49.218,7,right,6,7,18.0,True,
run_20261002_072510_851363,2906,97,2026-10-02T07:26:49.218,8,right,7,8,18.0,True,
run_20261002_072510_851363,2906,97,2026-10-02T07:26:49.218,9,right,8,9,18.0,True,
run_20261002_072510_851363,2906,97,2026-10-02T07:26:49.218,10,right,9,10,18.0,True,
run_20261002_072510_851363,2906,97,2026-10-02T07:26:49.218,11,right,10,11,17.5,True,
run_20261002_072510_851363,2906,97,2026-10-02T07:26:49.218,12,right,11,12,18.0,True,
run_20261002_072510_851363,2937,98,2026-10-02T07:26:50.245,1,left,0,1,18.0,True,
run_20261002_072510_851363,2937,98,2026-10-02T07:26:50.245,2,left,1,2,18.0,True,
run_20261002_072510_851363,2937,98,2026-10-02T07:26:50.245,3,left,2,3,18.0,True,
run_20261002_072510_851363,2937,98,2026-10-02T07:26:50.245,4,left,3,4,18.0,True,
run_20261002_072510_851363,2937,98,2026-10-02T07:26:50.245,5,left,4,5,18.0,True,
run_20261002_072510_851363,2937,98,2026-10-02T07:26:50.245,6,left,5,6,18.5,True,
run_20261002_072510_851363,2937,98,2026-10-02T07:26:50.245,7,left,6,7,18.0,True,
run_20261002_072510_851363,2937,98,2026-10-02T07:26:50.245,8,left,7,8,18.0,True,
run_20261002_072510_851363,2937,98,2026-10-02T07:26:50.245,9,left,8,9,18.0,True,
run_20261002_072510_851363,2937,98,2026-10-02T07:26:50.245,10,left,9,10,17.5,True,
run_20261002_072510_851363,2937,98,2026-10-02T07:26:50.245,11,left,10,11,18.0,True,
run_20261002_072510_851363,2937,98,2026-10-02T07:26:50.245,12,left,11,12,18.0,True,
run_20261002_072510_851363,2937,98,2026-10-02T07:26:50.245,1,right,0,1,18.0,True,
run_20261002_072510_851363,2937,98,2026-10-02T07:26:50.245,2,right,1,2,18.0,True,
run_20261002_072510_851363,2937,98,2026-10-02T07:26:50.245,3,right,2,3,18.0,True,
run_20261002_072510_851363,2937,98,2026-10-02T07:26:50.245,4,right,3,4,18.0,True,
run_20261002_072510_851363,2937,98,2026-10-02T07:26:50.245,5,right,4,5,18.0,True,
run_20261002_072510_851363,2937,98,2026-10-02T07:26:50.245,6,right,5,6,18.5,True,
run_20261002_072510_851363,2937,98,2026-10-02T07:26:50.245,7,right,6,7,18.0,True,
run_20261002_072510_851363,2937,98,2026-10-02T07:26:50.245,8,right,7,8,18.0,True,
run_20261002_072510_851363,2937,98,2026-10-02T07:26:50.245,9,right,8,9,18.0,True,
run_20261002_072510_851363,2937,98,2026-10-02T07:26:50.245,10,right,9,10,18.0,True,
run_20261002_072510_851363,2937,98,2026-10-02T07:26:50.245,11,right,10,11,17.5,True,
run_20261002_072510_851363,2937,98,2026-10-02T07:26:50.245,12,right,11,12,18.0,True,
run_20261002_072510_851363,2968,99,2026-10-02T07:26:51.278,1,left,0,1,18.0,True,
run_20261002_072510_851363,2968,99,2026-10-02T07:26:51.278,2,left,1,2,18.0,True,
run_20261002_072510_851363,2968,99,2026-10-02T07:26:51.278,3,left,2,3,18.0,True,
run_20261002_072510_851363,2968,99,2026-10-02T07:26:51.278,4,left,3,4,18.0,True,
run_20261002_072510_851363,2968,99,2026-10-02T07:26:51.278,5,left,4,5,18.0,True,
run_20261002_072510_851363,2968,99,2026-10-02T07:26:51.278,6,left,5,6,18.5,True,
run_20261002_072510_851363,2968,99,2026-10-02T07:26:51.278,7,left,6,7,18.0,True,
run_20261002_072510_851363,2968,99,2026-10-02T07:26:51.278,8,left,7,8,18.0,True,
run_20261002_072510_851363,2968,99,2026-10-02T07:26:51.278,9,left,8,9,18.0,True,
run_20261002_072510_851363,2968,99,2026-10-02T07:26:51.278,10,left,9,10,17.5,True,
run_20261002_072510_851363,2968,99,2026-10-02T07:26:51.278,11,left,10,11,18.0,True,
run_20261002_072510_851363,2968,99,2026-10-02T07:26:51.278,12,left,11,12,18.0,True,
run_20261002_072510_851363,2968,99,2026-10-02T07:26:51.278,1,right,0,1,18.0,True,
run_20261002_072510_851363,2968,99,2026-10-02T07:26:51.278,2,right,1,2,18.0,True,
run_20261002_072510_851363,2968,99,2026-10-02T07:26:51.278,3,right,2,3,18.0,True,
run_20261002_072510_851363,2968,99,2026-10-02T07:26:51.278,4,right,3,4,18.0,True,
run_20261002_072510_851363,2968,99,2026-10-02T07:26:51.278,5,right,4,5,18.0,True,
run_20261002_072510_851363,2968,99,2026-10-02T07:26:51.278,6,right,5,6,18.5,True,
run_20261002_072510_851363,2968,99,2026-10-02T07:26:51.278,7,right,6,7,18.0,True,
run_20261002_072510_851363,2968,99,2026-10-02T07:26:51.278,8,right,7,8,18.0,True,
run_20261002_072510_851363,2968,99,2026-10-02T07:26:51.278,9,right,8,9,18.0,True,
run_20261002_072510_851363,2968,99,2026-10-02T07:26:51.278,10,right,9,10,18.0,True,
run_20261002_072510_851363,2968,99,2026-10-02T07:26:51.278,11,right,10,11,17.5,True,
run_20261002_072510_851363,2968,99,2026-10-02T07:26:51.278,12,right,11,12,18.0,True,
run_20261002_072510_851363,2998,100,2026-10-02T07:26:52.281,1,left,0,1,18.0,True,
run_20261002_072510_851363,2998,100,2026-10-02T07:26:52.281,2,left,1,2,18.0,True,
run_20261002_072510_851363,2998,100,2026-10-02T07:26:52.281,3,left,2,3,18.0,True,
run_20261002_072510_851363,2998,100,2026-10-02T07:26:52.281,4,left,3,4,18.0,True,
run_20261002_072510_851363,2998,100,2026-10-02T07:26:52.281,5,left,4,5,18.0,True,
run_20261002_072510_851363,2998,100,2026-10-02T07:26:52.281,6,left,5,6,18.5,True,
run_20261002_072510_851363,2998,100,2026-10-02T07:26:52.281,7,left,6,7,18.0,True,
run_20261002_072510_851363,2998,100,2026-10-02T07:26:52.281,8,left,7,8,18.0,True,
run_20261002_072510_851363,2998,100,2026-10-02T07:26:52.281,9,left,8,9,18.0,True,
run_20261002_072510_851363,2998,100,2026-10-02T07:26:52.281,10,left,9,10,18.0,True,
run_20261002_072510_851363,2998,100,2026-10-02T07:26:52.281,11,left,10,11,17.5,True,
run_20261002_072510_851363,2998,100,2026-10-02T07:26:52.281,12,left,11,12,18.0,True,
run_20261002_072510_851363,2998,100,2026-10-02T07:26:52.281,1,right,0,1,18.0,True,
run_20261002_072510_851363,2998,100,2026-10-02T07:26:52.281,2,right,1,2,18.0,True,
run_20261002_072510_851363,2998,100,2026-10-02T07:26:52.281,3,right,2,3,18.0,True,
run_20261002_072510_851363,2998,100,2026-10-02T07:26:52.281,4,right,3,4,18.0,True,
run_20261002_072510_851363,2998,100,2026-10-02T07:26:52.281,5,right,4,5,18.0,True,
run_20261002_072510_851363,2998,100,2026-10-02T07:26:52.281,6,right,5,6,18.5,True,
run_20261002_072510_851363,2998,100,2026-10-02T07:26:52.281,7,right,6,7,18.0,True,
run_20261002_072510_851363,2998,100,2026-10-02T07:26:52.281,8,right,7,8,18.0,True,
run_20261002_072510_851363,2998,100,2026-10-02T07:26:52.281,9,right,8,9,18.0,True,
run_20261002_072510_851363,2998,100,2026-10-02T07:26:52.281,10,right,9,10,18.0,True,
run_20261002_072510_851363,2998,100,2026-10-02T07:26:52.281,11,right,10,11,17.5,True,
run_20261002_072510_851363,2998,100,2026-10-02T07:26:52.281,12,right,11,12,18.0,True,
run_20261002_072510_851363,3029,101,2026-10-02T07:26:53.313,1,left,0,1,18.0,True,
run_20261002_072510_851363,3029,101,2026-10-02T07:26:53.313,2,left,1,2,18.0,True,
run_20261002_072510_851363,3029,101,2026-10-02T07:26:53.313,3,left,2,3,18.0,True,
run_20261002_072510_851363,3029,101,2026-10-02T07:26:53.313,4,left,3,4,18.0,True,
run_20261002_072510_851363,3029,101,2026-10-02T07:26:53.313,5,left,4,5,18.0,True,
run_20261002_072510_851363,3029,101,2026-10-02T07:26:53.313,6,left,5,6,18.5,True,
run_20261002_072510_851363,3029,101,2026-10-02T07:26:53.313,7,left,6,7,18.0,True,
run_20261002_072510_851363,3029,101,2026-10-02T07:26:53.313,8,left,7,8,18.0,True,
run_20261002_072510_851363,3029,101,2026-10-02T07:26:53.313,9,left,8,9,18.0,True,
run_20261002_072510_851363,3029,101,2026-10-02T07:26:53.313,10,left,9,10,17.5,True,
run_20261002_072510_851363,3029,101,2026-10-02T07:26:53.313,11,left,10,11,18.0,True,
run_20261002_072510_851363,3029,101,2026-10-02T07:26:53.313,12,left,11,12,18.0,True,
run_20261002_072510_851363,3029,101,2026-10-02T07:26:53.313,1,right,0,1,18.0,True,
run_20261002_072510_851363,3029,101,2026-10-02T07:26:53.313,2,right,1,2,18.0,True,
run_20261002_072510_851363,3029,101,2026-10-02T07:26:53.313,3,right,2,3,18.0,True,
run_20261002_072510_851363,3029,101,2026-10-02T07:26:53.313,4,right,3,4,18.0,True,
run_20261002_072510_851363,3029,101,2026-10-02T07:26:53.313,5,right,4,5,18.0,True,
run_20261002_072510_851363,3029,101,2026-10-02T07:26:53.313,6,right,5,6,18.5,True,
run_20261002_072510_851363,3029,101,2026-10-02T07:26:53.313,7,right,6,7,18.0,True,
run_20261002_072510_851363,3029,101,2026-10-02T07:26:53.313,8,right,7,8,18.0,True,
run_20261002_072510_851363,3029,101,2026-10-02T07:26:53.313,9,right,8,9,18.0,True,
run_20261002_072510_851363,3029,101,2026-10-02T07:26:53.313,10,right,9,10,18.0,True,
run_20261002_072510_851363,3029,101,2026-10-02T07:26:53.313,11,right,10,11,17.5,True,
run_20261002_072510_851363,3029,101,2026-10-02T07:26:53.313,12,right,11,12,18.0,True,
run_20261002_072510_851363,3060,102,2026-10-02T07:26:54.350,1,left,0,1,18.0,True,
run_20261002_072510_851363,3060,102,2026-10-02T07:26:54.350,2,left,1,2,18.0,True,
run_20261002_072510_851363,3060,102,2026-10-02T07:26:54.350,3,left,2,3,18.0,True,
run_20261002_072510_851363,3060,102,2026-10-02T07:26:54.350,4,left,3,4,18.0,True,
run_20261002_072510_851363,3060,102,2026-10-02T07:26:54.350,5,left,4,5,18.0,True,
run_20261002_072510_851363,3060,102,2026-10-02T07:26:54.350,6,left,5,6,18.5,True,
run_20261002_072510_851363,3060,102,2026-10-02T07:26:54.350,7,left,6,7,18.0,True,
run_20261002_072510_851363,3060,102,2026-10-02T07:26:54.350,8,left,7,8,18.0,True,
run_20261002_072510_851363,3060,102,2026-10-02T07:26:54.350,9,left,8,9,18.0,True,
run_20261002_072510_851363,3060,102,2026-10-02T07:26:54.350,10,left,9,10,17.5,True,
run_20261002_072510_851363,3060,102,2026-10-02T07:26:54.350,11,left,10,11,18.0,True,
run_20261002_072510_851363,3060,102,2026-10-02T07:26:54.350,12,left,11,12,18.0,True,
run_20261002_072510_851363,3060,102,2026-10-02T07:26:54.350,1,right,0,1,18.5,True,
run_20261002_072510_851363,3060,102,2026-10-02T07:26:54.350,2,right,1,2,18.0,True,
run_20261002_072510_851363,3060,102,2026-10-02T07:26:54.350,3,right,2,3,18.0,True,
run_20261002_072510_851363,3060,102,2026-10-02T07:26:54.350,4,right,3,4,18.0,True,
run_20261002_072510_851363,3060,102,2026-10-02T07:26:54.350,5,right,4,5,18.0,True,
run_20261002_072510_851363,3060,102,2026-10-02T07:26:54.350,6,right,5,6,18.5,True,
run_20261002_072510_851363,3060,102,2026-10-02T07:26:54.350,7,right,6,7,18.0,True,
run_20261002_072510_851363,3060,102,2026-10-02T07:26:54.350,8,right,7,8,18.0,True,
run_20261002_072510_851363,3060,102,2026-10-02T07:26:54.350,9,right,8,9,18.0,True,
run_20261002_072510_851363,3060,102,2026-10-02T07:26:54.350,10,right,9,10,18.0,True,
run_20261002_072510_851363,3060,102,2026-10-02T07:26:54.350,11,right,10,11,17.5,True,
run_20261002_072510_851363,3060,102,2026-10-02T07:26:54.350,12,right,11,12,18.0,True,
run_20261002_072510_851363,3091,103,2026-10-02T07:26:55.376,1,left,0,1,18.0,True,
run_20261002_072510_851363,3091,103,2026-10-02T07:26:55.376,2,left,1,2,18.0,True,
run_20261002_072510_851363,3091,103,2026-10-02T07:26:55.376,3,left,2,3,18.0,True,
run_20261002_072510_851363,3091,103,2026-10-02T07:26:55.376,4,left,3,4,18.0,True,
run_20261002_072510_851363,3091,103,2026-10-02T07:26:55.376,5,left,4,5,18.0,True,
run_20261002_072510_851363,3091,103,2026-10-02T07:26:55.376,6,left,5,6,18.5,True,
run_20261002_072510_851363,3091,103,2026-10-02T07:26:55.376,7,left,6,7,18.0,True,
run_20261002_072510_851363,3091,103,2026-10-02T07:26:55.376,8,left,7,8,18.0,True,
run_20261002_072510_851363,3091,103,2026-10-02T07:26:55.376,9,left,8,9,18.0,True,
run_20261002_072510_851363,3091,103,2026-10-02T07:26:55.376,10,left,9,10,17.5,True,
run_20261002_072510_851363,3091,103,2026-10-02T07:26:55.376,11,left,10,11,18.0,True,
run_20261002_072510_851363,3091,103,2026-10-02T07:26:55.376,12,left,11,12,18.0,True,
run_20261002_072510_851363,3091,103,2026-10-02T07:26:55.376,1,right,0,1,18.5,True,
run_20261002_072510_851363,3091,103,2026-10-02T07:26:55.376,2,right,1,2,18.0,True,
run_20261002_072510_851363,3091,103,2026-10-02T07:26:55.376,3,right,2,3,18.0,True,
run_20261002_072510_851363,3091,103,2026-10-02T07:26:55.376,4,right,3,4,18.0,True,
run_20261002_072510_851363,3091,103,2026-10-02T07:26:55.376,5,right,4,5,18.0,True,
run_20261002_072510_851363,3091,103,2026-10-02T07:26:55.376,6,right,5,6,18.5,True,
run_20261002_072510_851363,3091,103,2026-10-02T07:26:55.376,7,right,6,7,18.0,True,
run_20261002_072510_851363,3091,103,2026-10-02T07:26:55.376,8,right,7,8,18.0,True,
run_20261002_072510_851363,3091,103,2026-10-02T07:26:55.376,9,right,8,9,18.0,True,
run_20261002_072510_851363,3091,103,2026-10-02T07:26:55.376,10,right,9,10,18.0,True,
run_20261002_072510_851363,3091,103,2026-10-02T07:26:55.376,11,right,10,11,17.5,True,
run_20261002_072510_851363,3091,103,2026-10-02T07:26:55.376,12,right,11,12,18.0,True,
run_20261002_072510_851363,3121,104,2026-10-02T07:26:56.382,1,left,0,1,18.0,True,
run_20261002_072510_851363,3121,104,2026-10-02T07:26:56.382,2,left,1,2,18.0,True,
run_20261002_072510_851363,3121,104,2026-10-02T07:26:56.382,3,left,2,3,18.0,True,
run_20261002_072510_851363,3121,104,2026-10-02T07:26:56.382,4,left,3,4,18.0,True,
run_20261002_072510_851363,3121,104,2026-10-02T07:26:56.382,5,left,4,5,18.0,True,
run_20261002_072510_851363,3121,104,2026-10-02T07:26:56.382,6,left,5,6,18.5,True,
run_20261002_072510_851363,3121,104,2026-10-02T07:26:56.382,7,left,6,7,18.0,True,
run_20261002_072510_851363,3121,104,2026-10-02T07:26:56.382,8,left,7,8,18.0,True,
run_20261002_072510_851363,3121,104,2026-10-02T07:26:56.382,9,left,8,9,17.92857142857143,True,
run_20261002_072510_851363,3121,104,2026-10-02T07:26:56.382,10,left,9,10,17.57142857142857,True,
run_20261002_072510_851363,3121,104,2026-10-02T07:26:56.382,11,left,10,11,18.0,True,
run_20261002_072510_851363,3121,104,2026-10-02T07:26:56.382,12,left,11,12,18.0,True,
run_20261002_072510_851363,3121,104,2026-10-02T07:26:56.382,1,right,0,1,18.5,True,
run_20261002_072510_851363,3121,104,2026-10-02T07:26:56.382,2,right,1,2,18.0,True,
run_20261002_072510_851363,3121,104,2026-10-02T07:26:56.382,3,right,2,3,18.0,True,
run_20261002_072510_851363,3121,104,2026-10-02T07:26:56.382,4,right,3,4,18.0,True,
run_20261002_072510_851363,3121,104,2026-10-02T07:26:56.382,5,right,4,5,18.0,True,
run_20261002_072510_851363,3121,104,2026-10-02T07:26:56.382,6,right,5,6,18.5,True,
run_20261002_072510_851363,3121,104,2026-10-02T07:26:56.382,7,right,6,7,18.0,True,
run_20261002_072510_851363,3121,104,2026-10-02T07:26:56.382,8,right,7,8,18.0,True,
run_20261002_072510_851363,3121,104,2026-10-02T07:26:56.382,9,right,8,9,18.0,True,
run_20261002_072510_851363,3121,104,2026-10-02T07:26:56.382,10,right,9,10,18.0,True,
run_20261002_072510_851363,3121,104,2026-10-02T07:26:56.382,11,right,10,11,17.5,True,
run_20261002_072510_851363,3121,104,2026-10-02T07:26:56.382,12,right,11,12,18.0,True,
run_20261002_072510_851363,3151,105,2026-10-02T07:26:57.384,1,left,0,1,18.0,True,
run_20261002_072510_851363,3151,105,2026-10-02T07:26:57.384,2,left,1,2,18.0,True,
run_20261002_072510_851363,3151,105,2026-10-02T07:26:57.384,3,left,2,3,18.0,True,
run_20261002_072510_851363,3151,105,2026-10-02T07:26:57.384,4,left,3,4,18.0,True,
run_20261002_072510_851363,3151,105,2026-10-02T07:26:57.384,5,left,4,5,18.0,True,
run_20261002_072510_851363,3151,105,2026-10-02T07:26:57.384,6,left,5,6,18.5,True,
run_20261002_072510_851363,3151,105,2026-10-02T07:26:57.384,7,left,6,7,18.0,True,
run_20261002_072510_851363,3151,105,2026-10-02T07:26:57.384,8,left,7,8,18.0,True,
run_20261002_072510_851363,3151,105,2026-10-02T07:26:57.384,9,left,8,9,18.0,True,
run_20261002_072510_851363,3151,105,2026-10-02T07:26:57.384,10,left,9,10,17.5,True,
run_20261002_072510_851363,3151,105,2026-10-02T07:26:57.384,11,left,10,11,18.0,True,
run_20261002_072510_851363,3151,105,2026-10-02T07:26:57.384,12,left,11,12,18.0,True,
run_20261002_072510_851363,3151,105,2026-10-02T07:26:57.384,1,right,0,1,18.5,True,
run_20261002_072510_851363,3151,105,2026-10-02T07:26:57.384,2,right,1,2,18.0,True,
run_20261002_072510_851363,3151,105,2026-10-02T07:26:57.384,3,right,2,3,18.0,True,
run_20261002_072510_851363,3151,105,2026-10-02T07:26:57.384,4,right,3,4,18.0,True,
run_20261002_072510_851363,3151,105,2026-10-02T07:26:57.384,5,right,4,5,18.0,True,
run_20261002_072510_851363,3151,105,2026-10-02T07:26:57.384,6,right,5,6,18.5,True,
run_20261002_072510_851363,3151,105,2026-10-02T07:26:57.384,7,right,6,7,18.0,True,
run_20261002_072510_851363,3151,105,2026-10-02T07:26:57.384,8,right,7,8,18.0,True,
run_20261002_072510_851363,3151,105,2026-10-02T07:26:57.384,9,right,8,9,18.0,True,
run_20261002_072510_851363,3151,105,2026-10-02T07:26:57.384,10,right,9,10,18.0,True,
run_20261002_072510_851363,3151,105,2026-10-02T07:26:57.384,11,right,10,11,17.5,True,
run_20261002_072510_851363,3151,105,2026-10-02T07:26:57.384,12,right,11,12,18.0,True,
run_20261002_072510_851363,3182,106,2026-10-02T07:26:58.411,1,left,0,1,18.0,True,
run_20261002_072510_851363,3182,106,2026-10-02T07:26:58.411,2,left,1,2,18.0,True,
run_20261002_072510_851363,3182,106,2026-10-02T07:26:58.411,3,left,2,3,18.0,True,
run_20261002_072510_851363,3182,106,2026-10-02T07:26:58.411,4,left,3,4,18.0,True,
run_20261002_072510_851363,3182,106,2026-10-02T07:26:58.411,5,left,4,5,18.0,True,
run_20261002_072510_851363,3182,106,2026-10-02T07:26:58.411,6,left,5,6,18.5,True,
run_20261002_072510_851363,3182,106,2026-10-02T07:26:58.411,7,left,6,7,18.0,True,
run_20261002_072510_851363,3182,106,2026-10-02T07:26:58.411,8,left,7,8,18.0,True,
run_20261002_072510_851363,3182,106,2026-10-02T07:26:58.411,9,left,8,9,18.0,True,
run_20261002_072510_851363,3182,106,2026-10-02T07:26:58.411,10,left,9,10,17.5,True,
run_20261002_072510_851363,3182,106,2026-10-02T07:26:58.411,11,left,10,11,18.0,True,
run_20261002_072510_851363,3182,106,2026-10-02T07:26:58.411,12,left,11,12,18.0,True,
run_20261002_072510_851363,3182,106,2026-10-02T07:26:58.411,1,right,0,1,18.5,True,
run_20261002_072510_851363,3182,106,2026-10-02T07:26:58.411,2,right,1,2,18.0,True,
run_20261002_072510_851363,3182,106,2026-10-02T07:26:58.411,3,right,2,3,18.0,True,
run_20261002_072510_851363,3182,106,2026-10-02T07:26:58.411,4,right,3,4,18.0,True,
run_20261002_072510_851363,3182,106,2026-10-02T07:26:58.411,5,right,4,5,18.0,True,
run_20261002_072510_851363,3182,106,2026-10-02T07:26:58.411,6,right,5,6,18.5,True,
run_20261002_072510_851363,3182,106,2026-10-02T07:26:58.411,7,right,6,7,18.0,True,
run_20261002_072510_851363,3182,106,2026-10-02T07:26:58.411,8,right,7,8,18.0,True,
run_20261002_072510_851363,3182,106,2026-10-02T07:26:58.411,9,right,8,9,18.0,True,
run_20261002_072510_851363,3182,106,2026-10-02T07:26:58.411,10,right,9,10,18.0,True,
run_20261002_072510_851363,3182,106,2026-10-02T07:26:58.411,11,right,10,11,17.5,True,
run_20261002_072510_851363,3182,106,2026-10-02T07:26:58.411,12,right,11,12,18.0,True,
run_20261002_072510_851363,3212,107,2026-10-02T07:26:59.414,1,left,0,1,18.0,True,
run_20261002_072510_851363,3212,107,2026-10-02T07:26:59.414,2,left,1,2,18.0,True,
run_20261002_072510_851363,3212,107,2026-10-02T07:26:59.414,3,left,2,3,18.0,True,
run_20261002_072510_851363,3212,107,2026-10-02T07:26:59.414,4,left,3,4,18.0,True,
run_20261002_072510_851363,3212,107,2026-10-02T07:26:59.414,5,left,4,5,18.0,True,
run_20261002_072510_851363,3212,107,2026-10-02T07:26:59.414,6,left,5,6,18.5,True,
run_20261002_072510_851363,3212,107,2026-10-02T07:26:59.414,7,left,6,7,18.0,True,
run_20261002_072510_851363,3212,107,2026-10-02T07:26:59.414,8,left,7,8,18.0,True,
run_20261002_072510_851363,3212,107,2026-10-02T07:26:59.414,9,left,8,9,18.0,True,
run_20261002_072510_851363,3212,107,2026-10-02T07:26:59.414,10,left,9,10,17.5,True,
run_20261002_072510_851363,3212,107,2026-10-02T07:26:59.414,11,left,10,11,18.0,True,
run_20261002_072510_851363,3212,107,2026-10-02T07:26:59.414,12,left,11,12,18.0,True,
run_20261002_072510_851363,3212,107,2026-10-02T07:26:59.414,1,right,0,1,18.5,True,
run_20261002_072510_851363,3212,107,2026-10-02T07:26:59.414,2,right,1,2,18.0,True,
run_20261002_072510_851363,3212,107,2026-10-02T07:26:59.414,3,right,2,3,18.0,True,
run_20261002_072510_851363,3212,107,2026-10-02T07:26:59.414,4,right,3,4,18.0,True,
run_20261002_072510_851363,3212,107,2026-10-02T07:26:59.414,5,right,4,5,18.0,True,
run_20261002_072510_851363,3212,107,2026-10-02T07:26:59.414,6,right,5,6,18.5,True,
run_20261002_072510_851363,3212,107,2026-10-02T07:26:59.414,7,right,6,7,18.0,True,
run_20261002_072510_851363,3212,107,2026-10-02T07:26:59.414,8,right,7,8,18.0,True,
run_20261002_072510_851363,3212,107,2026-10-02T07:26:59.414,9,right,8,9,18.0,True,
run_20261002_072510_851363,3212,107,2026-10-02T07:26:59.414,10,right,9,10,18.0,True,
run_20261002_072510_851363,3212,107,2026-10-02T07:26:59.414,11,right,10,11,17.5,True,
run_20261002_072510_851363,3212,107,2026-10-02T07:26:59.414,12,right,11,12,18.0,True,
run_20261002_072510_851363,3243,108,2026-10-02T07:27:00.444,1,left,0,1,18.0,True,
run_20261002_072510_851363,3243,108,2026-10-02T07:27:00.444,2,left,1,2,18.0,True,
run_20261002_072510_851363,3243,108,2026-10-02T07:27:00.444,3,left,2,3,18.0,True,
run_20261002_072510_851363,3243,108,2026-10-02T07:27:00.444,4,left,3,4,18.0,True,
run_20261002_072510_851363,3243,108,2026-10-02T07:27:00.444,5,left,4,5,18.0,True,
run_20261002_072510_851363,3243,108,2026-10-02T07:27:00.444,6,left,5,6,18.5,True,
run_20261002_072510_851363,3243,108,2026-10-02T07:27:00.444,7,left,6,7,18.0,True,
run_20261002_072510_851363,3243,108,2026-10-02T07:27:00.444,8,left,7,8,18.0,True,
run_20261002_072510_851363,3243,108,2026-10-02T07:27:00.444,9,left,8,9,17.92857142857143,True,
run_20261002_072510_851363,3243,108,2026-10-02T07:27:00.444,10,left,9,10,17.57142857142857,True,
run_20261002_072510_851363,3243,108,2026-10-02T07:27:00.444,11,left,10,11,18.0,True,
run_20261002_072510_851363,3243,108,2026-10-02T07:27:00.444,12,left,11,12,18.0,True,
run_20261002_072510_851363,3243,108,2026-10-02T07:27:00.444,1,right,0,1,18.5,True,
run_20261002_072510_851363,3243,108,2026-10-02T07:27:00.444,2,right,1,2,18.0,True,
run_20261002_072510_851363,3243,108,2026-10-02T07:27:00.444,3,right,2,3,18.0,True,
run_20261002_072510_851363,3243,108,2026-10-02T07:27:00.444,4,right,3,4,18.0,True,
run_20261002_072510_851363,3243,108,2026-10-02T07:27:00.444,5,right,4,5,18.0,True,
run_20261002_072510_851363,3243,108,2026-10-02T07:27:00.444,6,right,5,6,18.5,True,
run_20261002_072510_851363,3243,108,2026-10-02T07:27:00.444,7,right,6,7,18.0,True,
run_20261002_072510_851363,3243,108,2026-10-02T07:27:00.444,8,right,7,8,18.0,True,
run_20261002_072510_851363,3243,108,2026-10-02T07:27:00.444,9,right,8,9,18.0,True,
run_20261002_072510_851363,3243,108,2026-10-02T07:27:00.444,10,right,9,10,18.0,True,
run_20261002_072510_851363,3243,108,2026-10-02T07:27:00.444,11,right,10,11,17.5,True,
run_20261002_072510_851363,3243,108,2026-10-02T07:27:00.444,12,right,11,12,18.0,True,
run_20261002_072510_851363,3273,109,2026-10-02T07:27:01.448,1,left,0,1,18.0,True,
run_20261002_072510_851363,3273,109,2026-10-02T07:27:01.448,2,left,1,2,18.0,True,
run_20261002_072510_851363,3273,109,2026-10-02T07:27:01.448,3,left,2,3,18.0,True,
run_20261002_072510_851363,3273,109,2026-10-02T07:27:01.448,4,left,3,4,18.0,True,
run_20261002_072510_851363,3273,109,2026-10-02T07:27:01.448,5,left,4,5,18.0,True,
run_20261002_072510_851363,3273,109,2026-10-02T07:27:01.448,6,left,5,6,18.5,True,
run_20261002_072510_851363,3273,109,2026-10-02T07:27:01.448,7,left,6,7,18.0,True,
run_20261002_072510_851363,3273,109,2026-10-02T07:27:01.448,8,left,7,8,18.0,True,
run_20261002_072510_851363,3273,109,2026-10-02T07:27:01.448,9,left,8,9,18.0,True,
run_20261002_072510_851363,3273,109,2026-10-02T07:27:01.448,10,left,9,10,17.5,True,
run_20261002_072510_851363,3273,109,2026-10-02T07:27:01.448,11,left,10,11,18.0,True,
run_20261002_072510_851363,3273,109,2026-10-02T07:27:01.448,12,left,11,12,18.0,True,
run_20261002_072510_851363,3273,109,2026-10-02T07:27:01.448,1,right,0,1,18.5,True,
run_20261002_072510_851363,3273,109,2026-10-02T07:27:01.448,2,right,1,2,18.0,True,
run_20261002_072510_851363,3273,109,2026-10-02T07:27:01.448,3,right,2,3,18.0,True,
run_20261002_072510_851363,3273,109,2026-10-02T07:27:01.448,4,right,3,4,18.0,True,
run_20261002_072510_851363,3273,109,2026-10-02T07:27:01.448,5,right,4,5,18.0,True,
run_20261002_072510_851363,3273,109,2026-10-02T07:27:01.448,6,right,5,6,18.5,True,
run_20261002_072510_851363,3273,109,2026-10-02T07:27:01.448,7,right,6,7,18.0,True,
run_20261002_072510_851363,3273,109,2026-10-02T07:27:01.448,8,right,7,8,18.0,True,
run_20261002_072510_851363,3273,109,2026-10-02T07:27:01.448,9,right,8,9,18.0,True,
run_20261002_072510_851363,3273,109,2026-10-02T07:27:01.448,10,right,9,10,18.0,True,
run_20261002_072510_851363,3273,109,2026-10-02T07:27:01.448,11,right,10,11,17.5,True,
run_20261002_072510_851363,3273,109,2026-10-02T07:27:01.448,12,right,11,12,18.0,True,
run_20261002_072510_851363,3303,110,2026-10-02T07:27:02.462,1,left,0,1,18.0,True,
run_20261002_072510_851363,3303,110,2026-10-02T07:27:02.462,2,left,1,2,18.0,True,
run_20261002_072510_851363,3303,110,2026-10-02T07:27:02.462,3,left,2,3,18.0,True,
run_20261002_072510_851363,3303,110,2026-10-02T07:27:02.462,4,left,3,4,18.0,True,
run_20261002_072510_851363,3303,110,2026-10-02T07:27:02.462,5,left,4,5,18.0,True,
run_20261002_072510_851363,3303,110,2026-10-02T07:27:02.462,6,left,5,6,18.5,True,
run_20261002_072510_851363,3303,110,2026-10-02T07:27:02.462,7,left,6,7,18.0,True,
run_20261002_072510_851363,3303,110,2026-10-02T07:27:02.462,8,left,7,8,18.0,True,
run_20261002_072510_851363,3303,110,2026-10-02T07:27:02.462,9,left,8,9,18.0,True,
run_20261002_072510_851363,3303,110,2026-10-02T07:27:02.462,10,left,9,10,17.5,True,
run_20261002_072510_851363,3303,110,2026-10-02T07:27:02.462,11,left,10,11,18.0,True,
run_20261002_072510_851363,3303,110,2026-10-02T07:27:02.462,12,left,11,12,18.0,True,
run_20261002_072510_851363,3303,110,2026-10-02T07:27:02.462,1,right,0,1,18.5,True,
run_20261002_072510_851363,3303,110,2026-10-02T07:27:02.462,2,right,1,2,18.0,True,
run_20261002_072510_851363,3303,110,2026-10-02T07:27:02.462,3,right,2,3,18.0,True,
run_20261002_072510_851363,3303,110,2026-10-02T07:27:02.462,4,right,3,4,18.0,True,
run_20261002_072510_851363,3303,110,2026-10-02T07:27:02.462,5,right,4,5,18.0,True,
run_20261002_072510_851363,3303,110,2026-10-02T07:27:02.462,6,right,5,6,18.5,True,
run_20261002_072510_851363,3303,110,2026-10-02T07:27:02.462,7,right,6,7,18.0,True,
run_20261002_072510_851363,3303,110,2026-10-02T07:27:02.462,8,right,7,8,18.0,True,
run_20261002_072510_851363,3303,110,2026-10-02T07:27:02.462,9,right,8,9,18.0,True,
run_20261002_072510_851363,3303,110,2026-10-02T07:27:02.462,10,right,9,10,18.0,True,
run_20261002_072510_851363,3303,110,2026-10-02T07:27:02.462,11,right,10,11,17.5,True,
run_20261002_072510_851363,3303,110,2026-10-02T07:27:02.462,12,right,11,12,18.0,True,
run_20261002_072510_851363,3334,111,2026-10-02T07:27:03.476,1,left,0,1,18.0,True,
run_20261002_072510_851363,3334,111,2026-10-02T07:27:03.476,2,left,1,2,18.0,True,
run_20261002_072510_851363,3334,111,2026-10-02T07:27:03.476,3,left,2,3,18.0,True,
run_20261002_072510_851363,3334,111,2026-10-02T07:27:03.476,4,left,3,4,18.0,True,
run_20261002_072510_851363,3334,111,2026-10-02T07:27:03.476,5,left,4,5,18.0,True,
run_20261002_072510_851363,3334,111,2026-10-02T07:27:03.476,6,left,5,6,18.5,True,
run_20261002_072510_851363,3334,111,2026-10-02T07:27:03.476,7,left,6,7,18.0,True,
run_20261002_072510_851363,3334,111,2026-10-02T07:27:03.476,8,left,7,8,18.0,True,
run_20261002_072510_851363,3334,111,2026-10-02T07:27:03.476,9,left,8,9,17.92857142857143,True,
run_20261002_072510_851363,3334,111,2026-10-02T07:27:03.476,10,left,9,10,17.57142857142857,True,
run_20261002_072510_851363,3334,111,2026-10-02T07:27:03.476,11,left,10,11,18.0,True,
run_20261002_072510_851363,3334,111,2026-10-02T07:27:03.476,12,left,11,12,18.0,True,
run_20261002_072510_851363,3334,111,2026-10-02T07:27:03.476,1,right,0,1,18.5,True,
run_20261002_072510_851363,3334,111,2026-10-02T07:27:03.476,2,right,1,2,18.0,True,
run_20261002_072510_851363,3334,111,2026-10-02T07:27:03.476,3,right,2,3,18.0,True,
run_20261002_072510_851363,3334,111,2026-10-02T07:27:03.476,4,right,3,4,18.0,True,
run_20261002_072510_851363,3334,111,2026-10-02T07:27:03.476,5,right,4,5,18.0,True,
run_20261002_072510_851363,3334,111,2026-10-02T07:27:03.476,6,right,5,6,18.5,True,
run_20261002_072510_851363,3334,111,2026-10-02T07:27:03.476,7,right,6,7,18.0,True,
run_20261002_072510_851363,3334,111,2026-10-02T07:27:03.476,8,right,7,8,18.0,True,
run_20261002_072510_851363,3334,111,2026-10-02T07:27:03.476,9,right,8,9,18.0,True,
run_20261002_072510_851363,3334,111,2026-10-02T07:27:03.476,10,right,9,10,18.0,True,
run_20261002_072510_851363,3334,111,2026-10-02T07:27:03.476,11,right,10,11,17.5,True,
run_20261002_072510_851363,3334,111,2026-10-02T07:27:03.476,12,right,11,12,18.0,True,
run_20261002_072510_851363,3364,112,2026-10-02T07:27:04.482,1,left,0,1,18.0,True,
run_20261002_072510_851363,3364,112,2026-10-02T07:27:04.482,2,left,1,2,18.0,True,
run_20261002_072510_851363,3364,112,2026-10-02T07:27:04.482,3,left,2,3,18.0,True,
run_20261002_072510_851363,3364,112,2026-10-02T07:27:04.482,4,left,3,4,18.0,True,
run_20261002_072510_851363,3364,112,2026-10-02T07:27:04.482,5,left,4,5,18.0,True,
run_20261002_072510_851363,3364,112,2026-10-02T07:27:04.482,6,left,5,6,18.5,True,
run_20261002_072510_851363,3364,112,2026-10-02T07:27:04.482,7,left,6,7,18.0,True,
run_20261002_072510_851363,3364,112,2026-10-02T07:27:04.482,8,left,7,8,18.0,True,
run_20261002_072510_851363,3364,112,2026-10-02T07:27:04.482,9,left,8,9,18.0,True,
run_20261002_072510_851363,3364,112,2026-10-02T07:27:04.482,10,left,9,10,17.5,True,
run_20261002_072510_851363,3364,112,2026-10-02T07:27:04.482,11,left,10,11,18.0,True,
run_20261002_072510_851363,3364,112,2026-10-02T07:27:04.482,12,left,11,12,18.0,True,
run_20261002_072510_851363,3364,112,2026-10-02T07:27:04.482,1,right,0,1,18.5,True,
run_20261002_072510_851363,3364,112,2026-10-02T07:27:04.482,2,right,1,2,18.0,True,
run_20261002_072510_851363,3364,112,2026-10-02T07:27:04.482,3,right,2,3,18.0,True,
run_20261002_072510_851363,3364,112,2026-10-02T07:27:04.482,4,right,3,4,18.0,True,
run_20261002_072510_851363,3364,112,2026-10-02T07:27:04.482,5,right,4,5,18.0,True,
run_20261002_072510_851363,3364,112,2026-10-02T07:27:04.482,6,right,5,6,18.5,True,
run_20261002_072510_851363,3364,112,2026-10-02T07:27:04.482,7,right,6,7,18.0,True,
run_20261002_072510_851363,3364,112,2026-10-02T07:27:04.482,8,right,7,8,18.0,True,
run_20261002_072510_851363,3364,112,2026-10-02T07:27:04.482,9,right,8,9,18.0,True,
run_20261002_072510_851363,3364,112,2026-10-02T07:27:04.482,10,right,9,10,18.0,True,
run_20261002_072510_851363,3364,112,2026-10-02T07:27:04.482,11,right,10,11,17.5,True,
run_20261002_072510_851363,3364,112,2026-10-02T07:27:04.482,12,right,11,12,18.0,True,
run_20261002_072510_851363,3395,113,2026-10-02T07:27:05.519,1,left,0,1,18.0,True,
run_20261002_072510_851363,3395,113,2026-10-02T07:27:05.519,2,left,1,2,18.0,True,
run_20261002_072510_851363,3395,113,2026-10-02T07:27:05.519,3,left,2,3,18.0,True,
run_20261002_072510_851363,3395,113,2026-10-02T07:27:05.519,4,left,3,4,18.0,True,
run_20261002_072510_851363,3395,113,2026-10-02T07:27:05.519,5,left,4,5,18.0,True,
run_20261002_072510_851363,3395,113,2026-10-02T07:27:05.519,6,left,5,6,18.5,True,
run_20261002_072510_851363,3395,113,2026-10-02T07:27:05.519,7,left,6,7,18.0,True,
run_20261002_072510_851363,3395,113,2026-10-02T07:27:05.519,8,left,7,8,18.0,True,
run_20261002_072510_851363,3395,113,2026-10-02T07:27:05.519,9,left,8,9,18.0,True,
run_20261002_072510_851363,3395,113,2026-10-02T07:27:05.519,10,left,9,10,17.5,True,
run_20261002_072510_851363,3395,113,2026-10-02T07:27:05.519,11,left,10,11,18.0,True,
run_20261002_072510_851363,3395,113,2026-10-02T07:27:05.519,12,left,11,12,18.0,True,
run_20261002_072510_851363,3395,113,2026-10-02T07:27:05.519,1,right,0,1,18.5,True,
run_20261002_072510_851363,3395,113,2026-10-02T07:27:05.519,2,right,1,2,18.0,True,
run_20261002_072510_851363,3395,113,2026-10-02T07:27:05.519,3,right,2,3,18.0,True,
run_20261002_072510_851363,3395,113,2026-10-02T07:27:05.519,4,right,3,4,18.0,True,
run_20261002_072510_851363,3395,113,2026-10-02T07:27:05.519,5,right,4,5,18.0,True,
run_20261002_072510_851363,3395,113,2026-10-02T07:27:05.519,6,right,5,6,18.5,True,
run_20261002_072510_851363,3395,113,2026-10-02T07:27:05.519,7,right,6,7,18.0,True,
run_20261002_072510_851363,3395,113,2026-10-02T07:27:05.519,8,right,7,8,18.0,True,
run_20261002_072510_851363,3395,113,2026-10-02T07:27:05.519,9,right,8,9,18.0,True,
run_20261002_072510_851363,3395,113,2026-10-02T07:27:05.519,10,right,9,10,18.0,True,
run_20261002_072510_851363,3395,113,2026-10-02T07:27:05.519,11,right,10,11,17.5,True,
run_20261002_072510_851363,3395,113,2026-10-02T07:27:05.519,12,right,11,12,18.0,True,
run_20261002_072510_851363,3426,114,2026-10-02T07:27:06.544,1,left,0,1,18.0,True,
run_20261002_072510_851363,3426,114,2026-10-02T07:27:06.544,2,left,1,2,18.0,True,
run_20261002_072510_851363,3426,114,2026-10-02T07:27:06.544,3,left,2,3,18.0,True,
run_20261002_072510_851363,3426,114,2026-10-02T07:27:06.544,4,left,3,4,18.0,True,
run_20261002_072510_851363,3426,114,2026-10-02T07:27:06.544,5,left,4,5,18.0,True,
run_20261002_072510_851363,3426,114,2026-10-02T07:27:06.544,6,left,5,6,18.5,True,
run_20261002_072510_851363,3426,114,2026-10-02T07:27:06.544,7,left,6,7,18.0,True,
run_20261002_072510_851363,3426,114,2026-10-02T07:27:06.544,8,left,7,8,18.0,True,
run_20261002_072510_851363,3426,114,2026-10-02T07:27:06.544,9,left,8,9,18.0,True,
run_20261002_072510_851363,3426,114,2026-10-02T07:27:06.544,10,left,9,10,17.5,True,
run_20261002_072510_851363,3426,114,2026-10-02T07:27:06.544,11,left,10,11,18.0,True,
run_20261002_072510_851363,3426,114,2026-10-02T07:27:06.544,12,left,11,12,18.0,True,
run_20261002_072510_851363,3426,114,2026-10-02T07:27:06.544,1,right,0,1,18.5,True,
run_20261002_072510_851363,3426,114,2026-10-02T07:27:06.544,2,right,1,2,18.0,True,
run_20261002_072510_851363,3426,114,2026-10-02T07:27:06.544,3,right,2,3,18.0,True,
run_20261002_072510_851363,3426,114,2026-10-02T07:27:06.544,4,right,3,4,18.0,True,
run_20261002_072510_851363,3426,114,2026-10-02T07:27:06.544,5,right,4,5,18.0,True,
run_20261002_072510_851363,3426,114,2026-10-02T07:27:06.544,6,right,5,6,18.5,True,
run_20261002_072510_851363,3426,114,2026-10-02T07:27:06.544,7,right,6,7,18.0,True,
run_20261002_072510_851363,3426,114,2026-10-02T07:27:06.544,8,right,7,8,18.0,True,
run_20261002_072510_851363,3426,114,2026-10-02T07:27:06.544,9,right,8,9,18.0,True,
run_20261002_072510_851363,3426,114,2026-10-02T07:27:06.544,10,right,9,10,18.0,True,
run_20261002_072510_851363,3426,114,2026-10-02T07:27:06.544,11,right,10,11,17.5,True,
run_20261002_072510_851363,3426,114,2026-10-02T07:27:06.544,12,right,11,12,18.0,True,
run_20261002_072510_851363,3456,115,2026-10-02T07:27:07.546,1,left,0,1,18.0,True,
run_20261002_072510_851363,3456,115,2026-10-02T07:27:07.546,2,left,1,2,18.0,True,
run_20261002_072510_851363,3456,115,2026-10-02T07:27:07.546,3,left,2,3,18.0,True,
run_20261002_072510_851363,3456,115,2026-10-02T07:27:07.546,4,left,3,4,18.0,True,
run_20261002_072510_851363,3456,115,2026-10-02T07:27:07.546,5,left,4,5,18.0,True,
run_20261002_072510_851363,3456,115,2026-10-02T07:27:07.546,6,left,5,6,18.5,True,
run_20261002_072510_851363,3456,115,2026-10-02T07:27:07.546,7,left,6,7,18.0,True,
run_20261002_072510_851363,3456,115,2026-10-02T07:27:07.546,8,left,7,8,18.0,True,
run_20261002_072510_851363,3456,115,2026-10-02T07:27:07.546,9,left,8,9,18.0,True,
run_20261002_072510_851363,3456,115,2026-10-02T07:27:07.546,10,left,9,10,17.5,True,
run_20261002_072510_851363,3456,115,2026-10-02T07:27:07.546,11,left,10,11,18.0,True,
run_20261002_072510_851363,3456,115,2026-10-02T07:27:07.546,12,left,11,12,18.0,True,
run_20261002_072510_851363,3456,115,2026-10-02T07:27:07.546,1,right,0,1,18.5,True,
run_20261002_072510_851363,3456,115,2026-10-02T07:27:07.546,2,right,1,2,18.0,True,
run_20261002_072510_851363,3456,115,2026-10-02T07:27:07.546,3,right,2,3,18.0,True,
run_20261002_072510_851363,3456,115,2026-10-02T07:27:07.546,4,right,3,4,18.0,True,
run_20261002_072510_851363,3456,115,2026-10-02T07:27:07.546,5,right,4,5,18.0,True,
run_20261002_072510_851363,3456,115,2026-10-02T07:27:07.546,6,right,5,6,18.5,True,
run_20261002_072510_851363,3456,115,2026-10-02T07:27:07.546,7,right,6,7,18.0,True,
run_20261002_072510_851363,3456,115,2026-10-02T07:27:07.546,8,right,7,8,18.0,True,
run_20261002_072510_851363,3456,115,2026-10-02T07:27:07.546,9,right,8,9,18.0,True,
run_20261002_072510_851363,3456,115,2026-10-02T07:27:07.546,10,right,9,10,18.0,True,
run_20261002_072510_851363,3456,115,2026-10-02T07:27:07.546,11,right,10,11,17.5,True,
run_20261002_072510_851363,3456,115,2026-10-02T07:27:07.546,12,right,11,12,18.0,True,
run_20261002_072510_851363,3487,116,2026-10-02T07:27:08.583,1,left,0,1,18.0,True,
run_20261002_072510_851363,3487,116,2026-10-02T07:27:08.583,2,left,1,2,18.0,True,
run_20261002_072510_851363,3487,116,2026-10-02T07:27:08.583,3,left,2,3,18.0,True,
run_20261002_072510_851363,3487,116,2026-10-02T07:27:08.583,4,left,3,4,18.0,True,
run_20261002_072510_851363,3487,116,2026-10-02T07:27:08.583,5,left,4,5,18.0,True,
run_20261002_072510_851363,3487,116,2026-10-02T07:27:08.583,6,left,5,6,18.5,True,
run_20261002_072510_851363,3487,116,2026-10-02T07:27:08.583,7,left,6,7,18.0,True,
run_20261002_072510_851363,3487,116,2026-10-02T07:27:08.583,8,left,7,8,18.0,True,
run_20261002_072510_851363,3487,116,2026-10-02T07:27:08.583,9,left,8,9,18.0,True,
run_20261002_072510_851363,3487,116,2026-10-02T07:27:08.583,10,left,9,10,17.5,True,
run_20261002_072510_851363,3487,116,2026-10-02T07:27:08.583,11,left,10,11,18.0,True,
run_20261002_072510_851363,3487,116,2026-10-02T07:27:08.583,12,left,11,12,18.0,True,
run_20261002_072510_851363,3487,116,2026-10-02T07:27:08.583,1,right,0,1,18.5,True,
run_20261002_072510_851363,3487,116,2026-10-02T07:27:08.583,2,right,1,2,18.0,True,
run_20261002_072510_851363,3487,116,2026-10-02T07:27:08.583,3,right,2,3,18.0,True,
run_20261002_072510_851363,3487,116,2026-10-02T07:27:08.583,4,right,3,4,18.0,True,
run_20261002_072510_851363,3487,116,2026-10-02T07:27:08.583,5,right,4,5,18.0,True,
run_20261002_072510_851363,3487,116,2026-10-02T07:27:08.583,6,right,5,6,18.5,True,
run_20261002_072510_851363,3487,116,2026-10-02T07:27:08.583,7,right,6,7,18.0,True,
run_20261002_072510_851363,3487,116,2026-10-02T07:27:08.583,8,right,7,8,18.0,True,
run_20261002_072510_851363,3487,116,2026-10-02T07:27:08.583,9,right,8,9,18.0,True,
run_20261002_072510_851363,3487,116,2026-10-02T07:27:08.583,10,right,9,10,18.0,True,
run_20261002_072510_851363,3487,116,2026-10-02T07:27:08.583,11,right,10,11,17.5,True,
run_20261002_072510_851363,3487,116,2026-10-02T07:27:08.583,12,right,11,12,18.0,True,
run_20261002_072510_851363,3518,117,2026-10-02T07:27:09.611,1,left,0,1,18.0,True,
run_20261002_072510_851363,3518,117,2026-10-02T07:27:09.611,2,left,1,2,18.0,True,
run_20261002_072510_851363,3518,117,2026-10-02T07:27:09.611,3,left,2,3,18.0,True,
run_20261002_072510_851363,3518,117,2026-10-02T07:27:09.611,4,left,3,4,18.0,True,
run_20261002_072510_851363,3518,117,2026-10-02T07:27:09.611,5,left,4,5,18.0,True,
run_20261002_072510_851363,3518,117,2026-10-02T07:27:09.611,6,left,5,6,18.5,True,
run_20261002_072510_851363,3518,117,2026-10-02T07:27:09.611,7,left,6,7,18.0,True,
run_20261002_072510_851363,3518,117,2026-10-02T07:27:09.611,8,left,7,8,18.0,True,
run_20261002_072510_851363,3518,117,2026-10-02T07:27:09.611,9,left,8,9,18.0,True,
run_20261002_072510_851363,3518,117,2026-10-02T07:27:09.611,10,left,9,10,17.5,True,
run_20261002_072510_851363,3518,117,2026-10-02T07:27:09.611,11,left,10,11,18.0,True,
run_20261002_072510_851363,3518,117,2026-10-02T07:27:09.611,12,left,11,12,18.0,True,
run_20261002_072510_851363,3518,117,2026-10-02T07:27:09.611,1,right,0,1,18.0,True,
run_20261002_072510_851363,3518,117,2026-10-02T07:27:09.611,2,right,1,2,18.0,True,
run_20261002_072510_851363,3518,117,2026-10-02T07:27:09.611,3,right,2,3,18.0,True,
run_20261002_072510_851363,3518,117,2026-10-02T07:27:09.611,4,right,3,4,18.0,True,
run_20261002_072510_851363,3518,117,2026-10-02T07:27:09.611,5,right,4,5,18.0,True,
run_20261002_072510_851363,3518,117,2026-10-02T07:27:09.611,6,right,5,6,18.5,True,
run_20261002_072510_851363,3518,117,2026-10-02T07:27:09.611,7,right,6,7,18.0,True,
run_20261002_072510_851363,3518,117,2026-10-02T07:27:09.611,8,right,7,8,18.0,True,
run_20261002_072510_851363,3518,117,2026-10-02T07:27:09.611,9,right,8,9,18.0,True,
run_20261002_072510_851363,3518,117,2026-10-02T07:27:09.611,10,right,9,10,18.0,True,
run_20261002_072510_851363,3518,117,2026-10-02T07:27:09.611,11,right,10,11,17.5,True,
run_20261002_072510_851363,3518,117,2026-10-02T07:27:09.611,12,right,11,12,18.0,True,
run_20261002_072510_851363,3549,118,2026-10-02T07:27:10.644,1,left,0,1,18.0,True,
run_20261002_072510_851363,3549,118,2026-10-02T07:27:10.644,2,left,1,2,18.0,True,
run_20261002_072510_851363,3549,118,2026-10-02T07:27:10.644,3,left,2,3,18.0,True,
run_20261002_072510_851363,3549,118,2026-10-02T07:27:10.644,4,left,3,4,18.0,True,
run_20261002_072510_851363,3549,118,2026-10-02T07:27:10.644,5,left,4,5,18.0,True,
run_20261002_072510_851363,3549,118,2026-10-02T07:27:10.644,6,left,5,6,18.5,True,
run_20261002_072510_851363,3549,118,2026-10-02T07:27:10.644,7,left,6,7,18.0,True,
run_20261002_072510_851363,3549,118,2026-10-02T07:27:10.644,8,left,7,8,18.0,True,
run_20261002_072510_851363,3549,118,2026-10-02T07:27:10.644,9,left,8,9,18.0,True,
run_20261002_072510_851363,3549,118,2026-10-02T07:27:10.644,10,left,9,10,17.5,True,
run_20261002_072510_851363,3549,118,2026-10-02T07:27:10.644,11,left,10,11,18.0,True,
run_20261002_072510_851363,3549,118,2026-10-02T07:27:10.644,12,left,11,12,18.0,True,
run_20261002_072510_851363,3549,118,2026-10-02T07:27:10.644,1,right,0,1,18.5,True,
run_20261002_072510_851363,3549,118,2026-10-02T07:27:10.644,2,right,1,2,18.0,True,
run_20261002_072510_851363,3549,118,2026-10-02T07:27:10.644,3,right,2,3,18.0,True,
run_20261002_072510_851363,3549,118,2026-10-02T07:27:10.644,4,right,3,4,18.0,True,
run_20261002_072510_851363,3549,118,2026-10-02T07:27:10.644,5,right,4,5,18.0,True,
run_20261002_072510_851363,3549,118,2026-10-02T07:27:10.644,6,right,5,6,18.5,True,
run_20261002_072510_851363,3549,118,2026-10-02T07:27:10.644,7,right,6,7,18.0,True,
run_20261002_072510_851363,3549,118,2026-10-02T07:27:10.644,8,right,7,8,18.0,True,
run_20261002_072510_851363,3549,118,2026-10-02T07:27:10.644,9,right,8,9,18.0,True,
run_20261002_072510_851363,3549,118,2026-10-02T07:27:10.644,10,right,9,10,18.0,True,
run_20261002_072510_851363,3549,118,2026-10-02T07:27:10.644,11,right,10,11,17.5,True,
run_20261002_072510_851363,3549,118,2026-10-02T07:27:10.644,12,right,11,12,18.0,True,
run_20261002_072510_851363,3579,119,2026-10-02T07:27:11.647,1,left,0,1,18.0,True,
run_20261002_072510_851363,3579,119,2026-10-02T07:27:11.647,2,left,1,2,18.0,True,
run_20261002_072510_851363,3579,119,2026-10-02T07:27:11.647,3,left,2,3,18.0,True,
run_20261002_072510_851363,3579,119,2026-10-02T07:27:11.647,4,left,3,4,18.0,True,
run_20261002_072510_851363,3579,119,2026-10-02T07:27:11.647,5,left,4,5,18.0,True,
run_20261002_072510_851363,3579,119,2026-10-02T07:27:11.647,6,left,5,6,18.5,True,
run_20261002_072510_851363,3579,119,2026-10-02T07:27:11.647,7,left,6,7,18.0,True,
run_20261002_072510_851363,3579,119,2026-10-02T07:27:11.647,8,left,7,8,18.0,True,
run_20261002_072510_851363,3579,119,2026-10-02T07:27:11.647,9,left,8,9,18.0,True,
run_20261002_072510_851363,3579,119,2026-10-02T07:27:11.647,10,left,9,10,17.5,True,
run_20261002_072510_851363,3579,119,2026-10-02T07:27:11.647,11,left,10,11,18.0,True,
run_20261002_072510_851363,3579,119,2026-10-02T07:27:11.647,12,left,11,12,18.0,True,
run_20261002_072510_851363,3579,119,2026-10-02T07:27:11.647,1,right,0,1,18.0,True,
run_20261002_072510_851363,3579,119,2026-10-02T07:27:11.647,2,right,1,2,18.0,True,
run_20261002_072510_851363,3579,119,2026-10-02T07:27:11.647,3,right,2,3,18.0,True,
run_20261002_072510_851363,3579,119,2026-10-02T07:27:11.647,4,right,3,4,18.0,True,
run_20261002_072510_851363,3579,119,2026-10-02T07:27:11.647,5,right,4,5,18.0,True,
run_20261002_072510_851363,3579,119,2026-10-02T07:27:11.647,6,right,5,6,18.5,True,
run_20261002_072510_851363,3579,119,2026-10-02T07:27:11.647,7,right,6,7,18.0,True,
run_20261002_072510_851363,3579,119,2026-10-02T07:27:11.647,8,right,7,8,18.0,True,
run_20261002_072510_851363,3579,119,2026-10-02T07:27:11.647,9,right,8,9,18.0,True,
run_20261002_072510_851363,3579,119,2026-10-02T07:27:11.647,10,right,9,10,18.0,True,
run_20261002_072510_851363,3579,119,2026-10-02T07:27:11.647,11,right,10,11,17.5,True,
run_20261002_072510_851363,3579,119,2026-10-02T07:27:11.647,12,right,11,12,18.0,True,
run_20261002_072510_851363,3610,120,2026-10-02T07:27:12.684,1,left,0,1,18.0,True,
run_20261002_072510_851363,3610,120,2026-10-02T07:27:12.684,2,left,1,2,18.0,True,
run_20261002_072510_851363,3610,120,2026-10-02T07:27:12.684,3,left,2,3,18.0,True,
run_20261002_072510_851363,3610,120,2026-10-02T07:27:12.684,4,left,3,4,18.0,True,
run_20261002_072510_851363,3610,120,2026-10-02T07:27:12.684,5,left,4,5,18.0,True,
run_20261002_072510_851363,3610,120,2026-10-02T07:27:12.684,6,left,5,6,18.5,True,
run_20261002_072510_851363,3610,120,2026-10-02T07:27:12.684,7,left,6,7,18.0,True,
run_20261002_072510_851363,3610,120,2026-10-02T07:27:12.684,8,left,7,8,18.0,True,
run_20261002_072510_851363,3610,120,2026-10-02T07:27:12.684,9,left,8,9,17.5,True,
run_20261002_072510_851363,3610,120,2026-10-02T07:27:12.684,10,left,9,10,18.0,True,
run_20261002_072510_851363,3610,120,2026-10-02T07:27:12.684,11,left,10,11,18.0,True,
run_20261002_072510_851363,3610,120,2026-10-02T07:27:12.684,12,left,11,12,18.0,True,
run_20261002_072510_851363,3610,120,2026-10-02T07:27:12.684,1,right,0,1,18.5,True,
run_20261002_072510_851363,3610,120,2026-10-02T07:27:12.684,2,right,1,2,18.0,True,
run_20261002_072510_851363,3610,120,2026-10-02T07:27:12.684,3,right,2,3,18.0,True,
run_20261002_072510_851363,3610,120,2026-10-02T07:27:12.684,4,right,3,4,18.0,True,
run_20261002_072510_851363,3610,120,2026-10-02T07:27:12.684,5,right,4,5,18.0,True,
run_20261002_072510_851363,3610,120,2026-10-02T07:27:12.684,6,right,5,6,18.5,True,
run_20261002_072510_851363,3610,120,2026-10-02T07:27:12.684,7,right,6,7,18.0,True,
run_20261002_072510_851363,3610,120,2026-10-02T07:27:12.684,8,right,7,8,18.0,True,
run_20261002_072510_851363,3610,120,2026-10-02T07:27:12.684,9,right,8,9,18.0,True,
run_20261002_072510_851363,3610,120,2026-10-02T07:27:12.684,10,right,9,10,18.0,True,
run_20261002_072510_851363,3610,120,2026-10-02T07:27:12.684,11,right,10,11,17.5,True,
run_20261002_072510_851363,3610,120,2026-10-02T07:27:12.684,12,right,11,12,18.0,True,
run_20261002_072510_851363,3641,121,2026-10-02T07:27:13.711,1,left,0,1,18.0,True,
run_20261002_072510_851363,3641,121,2026-10-02T07:27:13.711,2,left,1,2,18.0,True,
run_20261002_072510_851363,3641,121,2026-10-02T07:27:13.711,3,left,2,3,18.0,True,
run_20261002_072510_851363,3641,121,2026-10-02T07:27:13.711,4,left,3,4,18.0,True,
run_20261002_072510_851363,3641,121,2026-10-02T07:27:13.711,5,left,4,5,18.0,True,
run_20261002_072510_851363,3641,121,2026-10-02T07:27:13.711,6,left,5,6,18.5,True,
run_20261002_072510_851363,3641,121,2026-10-02T07:27:13.711,7,left,6,7,18.0,True,
run_20261002_072510_851363,3641,121,2026-10-02T07:27:13.711,8,left,7,8,18.0,True,
run_20261002_072510_851363,3641,121,2026-10-02T07:27:13.711,9,left,8,9,17.5,True,
run_20261002_072510_851363,3641,121,2026-10-02T07:27:13.711,10,left,9,10,18.0,True,
run_20261002_072510_851363,3641,121,2026-10-02T07:27:13.711,11,left,10,11,18.0,True,
run_20261002_072510_851363,3641,121,2026-10-02T07:27:13.711,12,left,11,12,18.0,True,
run_20261002_072510_851363,3641,121,2026-10-02T07:27:13.711,1,right,0,1,18.5,True,
run_20261002_072510_851363,3641,121,2026-10-02T07:27:13.711,2,right,1,2,18.0,True,
run_20261002_072510_851363,3641,121,2026-10-02T07:27:13.711,3,right,2,3,18.0,True,
run_20261002_072510_851363,3641,121,2026-10-02T07:27:13.711,4,right,3,4,18.0,True,
run_20261002_072510_851363,3641,121,2026-10-02T07:27:13.711,5,right,4,5,18.0,True,
run_20261002_072510_851363,3641,121,2026-10-02T07:27:13.711,6,right,5,6,18.5,True,
run_20261002_072510_851363,3641,121,2026-10-02T07:27:13.711,7,right,6,7,18.0,True,
run_20261002_072510_851363,3641,121,2026-10-02T07:27:13.711,8,right,7,8,18.0,True,
run_20261002_072510_851363,3641,121,2026-10-02T07:27:13.711,9,right,8,9,18.0,True,
run_20261002_072510_851363,3641,121,2026-10-02T07:27:13.711,10,right,9,10,18.0,True,
run_20261002_072510_851363,3641,121,2026-10-02T07:27:13.711,11,right,10,11,17.5,True,
run_20261002_072510_851363,3641,121,2026-10-02T07:27:13.711,12,right,11,12,18.0,True,
run_20261002_072510_851363,3671,122,2026-10-02T07:27:14.713,1,left,0,1,18.0,True,
run_20261002_072510_851363,3671,122,2026-10-02T07:27:14.713,2,left,1,2,18.0,True,
run_20261002_072510_851363,3671,122,2026-10-02T07:27:14.713,3,left,2,3,18.0,True,
run_20261002_072510_851363,3671,122,2026-10-02T07:27:14.713,4,left,3,4,18.0,True,
run_20261002_072510_851363,3671,122,2026-10-02T07:27:14.713,5,left,4,5,18.0,True,
run_20261002_072510_851363,3671,122,2026-10-02T07:27:14.713,6,left,5,6,18.5,True,
run_20261002_072510_851363,3671,122,2026-10-02T07:27:14.713,7,left,6,7,18.0,True,
run_20261002_072510_851363,3671,122,2026-10-02T07:27:14.713,8,left,7,8,18.0,True,
run_20261002_072510_851363,3671,122,2026-10-02T07:27:14.713,9,left,8,9,17.92857142857143,True,
run_20261002_072510_851363,3671,122,2026-10-02T07:27:14.713,10,left,9,10,17.57142857142857,True,
run_20261002_072510_851363,3671,122,2026-10-02T07:27:14.713,11,left,10,11,18.0,True,
run_20261002_072510_851363,3671,122,2026-10-02T07:27:14.713,12,left,11,12,18.0,True,
run_20261002_072510_851363,3671,122,2026-10-02T07:27:14.713,1,right,0,1,18.5,True,
run_20261002_072510_851363,3671,122,2026-10-02T07:27:14.713,2,right,1,2,18.0,True,
run_20261002_072510_851363,3671,122,2026-10-02T07:27:14.713,3,right,2,3,18.0,True,
run_20261002_072510_851363,3671,122,2026-10-02T07:27:14.713,4,right,3,4,18.0,True,
run_20261002_072510_851363,3671,122,2026-10-02T07:27:14.713,5,right,4,5,18.0,True,
run_20261002_072510_851363,3671,122,2026-10-02T07:27:14.713,6,right,5,6,18.5,True,
run_20261002_072510_851363,3671,122,2026-10-02T07:27:14.713,7,right,6,7,18.0,True,
run_20261002_072510_851363,3671,122,2026-10-02T07:27:14.713,8,right,7,8,18.0,True,
run_20261002_072510_851363,3671,122,2026-10-02T07:27:14.713,9,right,8,9,18.0,True,
run_20261002_072510_851363,3671,122,2026-10-02T07:27:14.713,10,right,9,10,18.0,True,
run_20261002_072510_851363,3671,122,2026-10-02T07:27:14.713,11,right,10,11,17.5,True,
run_20261002_072510_851363,3671,122,2026-10-02T07:27:14.713,12,right,11,12,18.0,True,
run_20261002_072510_851363,3702,123,2026-10-02T07:27:15.743,1,left,0,1,18.0,True,
run_20261002_072510_851363,3702,123,2026-10-02T07:27:15.743,2,left,1,2,18.0,True,
run_20261002_072510_851363,3702,123,2026-10-02T07:27:15.743,3,left,2,3,18.0,True,
run_20261002_072510_851363,3702,123,2026-10-02T07:27:15.743,4,left,3,4,18.0,True,
run_20261002_072510_851363,3702,123,2026-10-02T07:27:15.743,5,left,4,5,18.0,True,
run_20261002_072510_851363,3702,123,2026-10-02T07:27:15.743,6,left,5,6,18.5,True,
run_20261002_072510_851363,3702,123,2026-10-02T07:27:15.743,7,left,6,7,18.0,True,
run_20261002_072510_851363,3702,123,2026-10-02T07:27:15.743,8,left,7,8,18.0,True,
run_20261002_072510_851363,3702,123,2026-10-02T07:27:15.743,9,left,8,9,17.5,True,
run_20261002_072510_851363,3702,123,2026-10-02T07:27:15.743,10,left,9,10,18.0,True,
run_20261002_072510_851363,3702,123,2026-10-02T07:27:15.743,11,left,10,11,18.0,True,
run_20261002_072510_851363,3702,123,2026-10-02T07:27:15.743,12,left,11,12,18.0,True,
run_20261002_072510_851363,3702,123,2026-10-02T07:27:15.743,1,right,0,1,18.5,True,
run_20261002_072510_851363,3702,123,2026-10-02T07:27:15.743,2,right,1,2,18.0,True,
run_20261002_072510_851363,3702,123,2026-10-02T07:27:15.743,3,right,2,3,18.0,True,
run_20261002_072510_851363,3702,123,2026-10-02T07:27:15.743,4,right,3,4,18.0,True,
run_20261002_072510_851363,3702,123,2026-10-02T07:27:15.743,5,right,4,5,18.0,True,
run_20261002_072510_851363,3702,123,2026-10-02T07:27:15.743,6,right,5,6,18.5,True,
run_20261002_072510_851363,3702,123,2026-10-02T07:27:15.743,7,right,6,7,18.0,True,
run_20261002_072510_851363,3702,123,2026-10-02T07:27:15.743,8,right,7,8,18.0,True,
run_20261002_072510_851363,3702,123,2026-10-02T07:27:15.743,9,right,8,9,18.0,True,
run_20261002_072510_851363,3702,123,2026-10-02T07:27:15.743,10,right,9,10,18.0,True,
run_20261002_072510_851363,3702,123,2026-10-02T07:27:15.743,11,right,10,11,17.5,True,
run_20261002_072510_851363,3702,123,2026-10-02T07:27:15.743,12,right,11,12,18.0,True,
run_20261002_072510_851363,3732,124,2026-10-02T07:27:16.749,1,left,0,1,18.0,True,
run_20261002_072510_851363,3732,124,2026-10-02T07:27:16.749,2,left,1,2,18.0,True,
run_20261002_072510_851363,3732,124,2026-10-02T07:27:16.749,3,left,2,3,18.0,True,
run_20261002_072510_851363,3732,124,2026-10-02T07:27:16.749,4,left,3,4,18.0,True,
run_20261002_072510_851363,3732,124,2026-10-02T07:27:16.749,5,left,4,5,18.0,True,
run_20261002_072510_851363,3732,124,2026-10-02T07:27:16.749,6,left,5,6,18.5,True,
run_20261002_072510_851363,3732,124,2026-10-02T07:27:16.749,7,left,6,7,18.0,True,
run_20261002_072510_851363,3732,124,2026-10-02T07:27:16.749,8,left,7,8,18.0,True,
run_20261002_072510_851363,3732,124,2026-10-02T07:27:16.749,9,left,8,9,17.5,True,
run_20261002_072510_851363,3732,124,2026-10-02T07:27:16.749,10,left,9,10,18.0,True,
run_20261002_072510_851363,3732,124,2026-10-02T07:27:16.749,11,left,10,11,18.0,True,
run_20261002_072510_851363,3732,124,2026-10-02T07:27:16.749,12,left,11,12,18.0,True,
run_20261002_072510_851363,3732,124,2026-10-02T07:27:16.749,1,right,0,1,18.5,True,
run_20261002_072510_851363,3732,124,2026-10-02T07:27:16.749,2,right,1,2,18.0,True,
run_20261002_072510_851363,3732,124,2026-10-02T07:27:16.749,3,right,2,3,18.0,True,
run_20261002_072510_851363,3732,124,2026-10-02T07:27:16.749,4,right,3,4,18.0,True,
run_20261002_072510_851363,3732,124,2026-10-02T07:27:16.749,5,right,4,5,18.0,True,
run_20261002_072510_851363,3732,124,2026-10-02T07:27:16.749,6,right,5,6,18.5,True,
run_20261002_072510_851363,3732,124,2026-10-02T07:27:16.749,7,right,6,7,18.0,True,
run_20261002_072510_851363,3732,124,2026-10-02T07:27:16.749,8,right,7,8,18.0,True,
run_20261002_072510_851363,3732,124,2026-10-02T07:27:16.749,9,right,8,9,18.0,True,
run_20261002_072510_851363,3732,124,2026-10-02T07:27:16.749,10,right,9,10,18.0,True,
run_20261002_072510_851363,3732,124,2026-10-02T07:27:16.749,11,right,10,11,17.5,True,
run_20261002_072510_851363,3732,124,2026-10-02T07:27:16.749,12,right,11,12,18.0,True,
run_20261002_072510_851363,3762,125,2026-10-02T07:27:17.750,1,left,0,1,18.0,True,
run_20261002_072510_851363,3762,125,2026-10-02T07:27:17.750,2,left,1,2,18.0,True,
run_20261002_072510_851363,3762,125,2026-10-02T07:27:17.750,3,left,2,3,18.0,True,
run_20261002_072510_851363,3762,125,2026-10-02T07:27:17.750,4,left,3,4,18.0,True,
run_20261002_072510_851363,3762,125,2026-10-02T07:27:17.750,5,left,4,5,18.0,True,
run_20261002_072510_851363,3762,125,2026-10-02T07:27:17.750,6,left,5,6,18.5,True,
run_20261002_072510_851363,3762,125,2026-10-02T07:27:17.750,7,left,6,7,18.0,True,
run_20261002_072510_851363,3762,125,2026-10-02T07:27:17.750,8,left,7,8,18.0,True,
run_20261002_072510_851363,3762,125,2026-10-02T07:27:17.750,9,left,8,9,17.714285714285708,True,
run_20261002_072510_851363,3762,125,2026-10-02T07:27:17.750,10,left,9,10,17.785714285714292,True,
run_20261002_072510_851363,3762,125,2026-10-02T07:27:17.750,11,left,10,11,18.0,True,
run_20261002_072510_851363,3762,125,2026-10-02T07:27:17.750,12,left,11,12,18.0,True,
run_20261002_072510_851363,3762,125,2026-10-02T07:27:17.750,1,right,0,1,18.5,True,
run_20261002_072510_851363,3762,125,2026-10-02T07:27:17.750,2,right,1,2,18.0,True,
run_20261002_072510_851363,3762,125,2026-10-02T07:27:17.750,3,right,2,3,18.0,True,
run_20261002_072510_851363,3762,125,2026-10-02T07:27:17.750,4,right,3,4,18.0,True,
run_20261002_072510_851363,3762,125,2026-10-02T07:27:17.750,5,right,4,5,18.0,True,
run_20261002_072510_851363,3762,125,2026-10-02T07:27:17.750,6,right,5,6,18.5,True,
run_20261002_072510_851363,3762,125,2026-10-02T07:27:17.750,7,right,6,7,18.0,True,
run_20261002_072510_851363,3762,125,2026-10-02T07:27:17.750,8,right,7,8,18.0,True,
run_20261002_072510_851363,3762,125,2026-10-02T07:27:17.750,9,right,8,9,18.0,True,
run_20261002_072510_851363,3762,125,2026-10-02T07:27:17.750,10,right,9,10,18.0,True,
run_20261002_072510_851363,3762,125,2026-10-02T07:27:17.750,11,right,10,11,17.5,True,
run_20261002_072510_851363,3762,125,2026-10-02T07:27:17.750,12,right,11,12,18.0,True,
run_20261002_072510_851363,3793,126,2026-10-02T07:27:18.779,1,left,0,1,18.0,True,
run_20261002_072510_851363,3793,126,2026-10-02T07:27:18.779,2,left,1,2,18.0,True,
run_20261002_072510_851363,3793,126,2026-10-02T07:27:18.779,3,left,2,3,18.0,True,
run_20261002_072510_851363,3793,126,2026-10-02T07:27:18.779,4,left,3,4,18.0,True,
run_20261002_072510_851363,3793,126,2026-10-02T07:27:18.779,5,left,4,5,18.0,True,
run_20261002_072510_851363,3793,126,2026-10-02T07:27:18.779,6,left,5,6,18.5,True,
run_20261002_072510_851363,3793,126,2026-10-02T07:27:18.779,7,left,6,7,18.0,True,
run_20261002_072510_851363,3793,126,2026-10-02T07:27:18.779,8,left,7,8,18.25,True,
run_20261002_072510_851363,3793,126,2026-10-02T07:27:18.779,9,left,8,9,17.305555555555557,True,
run_20261002_072510_851363,3793,126,2026-10-02T07:27:18.779,10,left,9,10,17.944444444444443,True,
run_20261002_072510_851363,3793,126,2026-10-02T07:27:18.779,11,left,10,11,18.0,True,
run_20261002_072510_851363,3793,126,2026-10-02T07:27:18.779,12,left,11,12,18.0,True,
run_20261002_072510_851363,3793,126,2026-10-02T07:27:18.779,1,right,0,1,18.5,True,
run_20261002_072510_851363,3793,126,2026-10-02T07:27:18.779,2,right,1,2,18.0,True,
run_20261002_072510_851363,3793,126,2026-10-02T07:27:18.779,3,right,2,3,18.0,True,
run_20261002_072510_851363,3793,126,2026-10-02T07:27:18.779,4,right,3,4,18.0,True,
run_20261002_072510_851363,3793,126,2026-10-02T07:27:18.779,5,right,4,5,18.0,True,
run_20261002_072510_851363,3793,126,2026-10-02T07:27:18.779,6,right,5,6,18.5,True,
run_20261002_072510_851363,3793,126,2026-10-02T07:27:18.779,7,right,6,7,18.0,True,
run_20261002_072510_851363,3793,126,2026-10-02T07:27:18.779,8,right,7,8,18.0,True,
run_20261002_072510_851363,3793,126,2026-10-02T07:27:18.779,9,right,8,9,18.0,True,
run_20261002_072510_851363,3793,126,2026-10-02T07:27:18.779,10,right,9,10,18.0,True,
run_20261002_072510_851363,3793,126,2026-10-02T07:27:18.779,11,right,10,11,17.5,True,
run_20261002_072510_851363,3793,126,2026-10-02T07:27:18.779,12,right,11,12,18.0,True,
run_20261002_072510_851363,3823,127,2026-10-02T07:27:19.781,1,left,0,1,18.0,True,
run_20261002_072510_851363,3823,127,2026-10-02T07:27:19.781,2,left,1,2,18.0,True,
run_20261002_072510_851363,3823,127,2026-10-02T07:27:19.781,3,left,2,3,18.0,True,
run_20261002_072510_851363,3823,127,2026-10-02T07:27:19.781,4,left,3,4,18.0,True,
run_20261002_072510_851363,3823,127,2026-10-02T07:27:19.781,5,left,4,5,18.0,True,
run_20261002_072510_851363,3823,127,2026-10-02T07:27:19.781,6,left,5,6,18.5,True,
run_20261002_072510_851363,3823,127,2026-10-02T07:27:19.781,7,left,6,7,18.0,True,
run_20261002_072510_851363,3823,127,2026-10-02T07:27:19.781,8,left,7,8,18.0,True,
run_20261002_072510_851363,3823,127,2026-10-02T07:27:19.781,9,left,8,9,17.625,True,
run_20261002_072510_851363,3823,127,2026-10-02T07:27:19.781,10,left,9,10,17.875,True,
run_20261002_072510_851363,3823,127,2026-10-02T07:27:19.781,11,left,10,11,18.0,True,
run_20261002_072510_851363,3823,127,2026-10-02T07:27:19.781,12,left,11,12,18.0,True,
run_20261002_072510_851363,3823,127,2026-10-02T07:27:19.781,1,right,0,1,18.5,True,
run_20261002_072510_851363,3823,127,2026-10-02T07:27:19.781,2,right,1,2,18.0,True,
run_20261002_072510_851363,3823,127,2026-10-02T07:27:19.781,3,right,2,3,18.0,True,
run_20261002_072510_851363,3823,127,2026-10-02T07:27:19.781,4,right,3,4,18.0,True,
run_20261002_072510_851363,3823,127,2026-10-02T07:27:19.781,5,right,4,5,18.0,True,
run_20261002_072510_851363,3823,127,2026-10-02T07:27:19.781,6,right,5,6,18.5,True,
run_20261002_072510_851363,3823,127,2026-10-02T07:27:19.781,7,right,6,7,18.0,True,
run_20261002_072510_851363,3823,127,2026-10-02T07:27:19.781,8,right,7,8,18.0,True,
run_20261002_072510_851363,3823,127,2026-10-02T07:27:19.781,9,right,8,9,18.0,True,
run_20261002_072510_851363,3823,127,2026-10-02T07:27:19.781,10,right,9,10,18.0,True,
run_20261002_072510_851363,3823,127,2026-10-02T07:27:19.781,11,right,10,11,17.5,True,
run_20261002_072510_851363,3823,127,2026-10-02T07:27:19.781,12,right,11,12,18.0,True,
run_20261002_072510_851363,3854,128,2026-10-02T07:27:20.816,1,left,0,1,18.0,True,
run_20261002_072510_851363,3854,128,2026-10-02T07:27:20.816,2,left,1,2,18.0,True,
run_20261002_072510_851363,3854,128,2026-10-02T07:27:20.816,3,left,2,3,18.0,True,
run_20261002_072510_851363,3854,128,2026-10-02T07:27:20.816,4,left,3,4,18.0,True,
run_20261002_072510_851363,3854,128,2026-10-02T07:27:20.816,5,left,4,5,18.0,True,
run_20261002_072510_851363,3854,128,2026-10-02T07:27:20.816,6,left,5,6,18.5,True,
run_20261002_072510_851363,3854,128,2026-10-02T07:27:20.816,7,left,6,7,18.0,True,
run_20261002_072510_851363,3854,128,2026-10-02T07:27:20.816,8,left,7,8,18.0,True,
run_20261002_072510_851363,3854,128,2026-10-02T07:27:20.816,9,left,8,9,17.625,True,
run_20261002_072510_851363,3854,128,2026-10-02T07:27:20.816,10,left,9,10,17.875,True,
run_20261002_072510_851363,3854,128,2026-10-02T07:27:20.816,11,left,10,11,18.0,True,
run_20261002_072510_851363,3854,128,2026-10-02T07:27:20.816,12,left,11,12,18.0,True,
run_20261002_072510_851363,3854,128,2026-10-02T07:27:20.816,1,right,0,1,18.5,True,
run_20261002_072510_851363,3854,128,2026-10-02T07:27:20.816,2,right,1,2,18.0,True,
run_20261002_072510_851363,3854,128,2026-10-02T07:27:20.816,3,right,2,3,18.0,True,
run_20261002_072510_851363,3854,128,2026-10-02T07:27:20.816,4,right,3,4,18.0,True,
run_20261002_072510_851363,3854,128,2026-10-02T07:27:20.816,5,right,4,5,18.0,True,
run_20261002_072510_851363,3854,128,2026-10-02T07:27:20.816,6,right,5,6,18.5,True,
run_20261002_072510_851363,3854,128,2026-10-02T07:27:20.816,7,right,6,7,18.0,True,
run_20261002_072510_851363,3854,128,2026-10-02T07:27:20.816,8,right,7,8,18.0,True,
run_20261002_072510_851363,3854,128,2026-10-02T07:27:20.816,9,right,8,9,18.0,True,
run_20261002_072510_851363,3854,128,2026-10-02T07:27:20.816,10,right,9,10,18.0,True,
run_20261002_072510_851363,3854,128,2026-10-02T07:27:20.816,11,right,10,11,17.5,True,
run_20261002_072510_851363,3854,128,2026-10-02T07:27:20.816,12,right,11,12,18.0,True,
run_20261002_072510_851363,3885,129,2026-10-02T07:27:21.844,1,left,0,1,18.0,True,
run_20261002_072510_851363,3885,129,2026-10-02T07:27:21.844,2,left,1,2,18.0,True,
run_20261002_072510_851363,3885,129,2026-10-02T07:27:21.844,3,left,2,3,18.0,True,
run_20261002_072510_851363,3885,129,2026-10-02T07:27:21.844,4,left,3,4,18.0,True,
run_20261002_072510_851363,3885,129,2026-10-02T07:27:21.844,5,left,4,5,18.0,True,
run_20261002_072510_851363,3885,129,2026-10-02T07:27:21.844,6,left,5,6,18.5,True,
run_20261002_072510_851363,3885,129,2026-10-02T07:27:21.844,7,left,6,7,18.0,True,
run_20261002_072510_851363,3885,129,2026-10-02T07:27:21.844,8,left,7,8,18.0,True,
run_20261002_072510_851363,3885,129,2026-10-02T07:27:21.844,9,left,8,9,17.5,True,
run_20261002_072510_851363,3885,129,2026-10-02T07:27:21.844,10,left,9,10,18.0,True,
run_20261002_072510_851363,3885,129,2026-10-02T07:27:21.844,11,left,10,11,18.0,True,
run_20261002_072510_851363,3885,129,2026-10-02T07:27:21.844,12,left,11,12,18.0,True,
run_20261002_072510_851363,3885,129,2026-10-02T07:27:21.844,1,right,0,1,18.5,True,
run_20261002_072510_851363,3885,129,2026-10-02T07:27:21.844,2,right,1,2,18.0,True,
run_20261002_072510_851363,3885,129,2026-10-02T07:27:21.844,3,right,2,3,18.0,True,
run_20261002_072510_851363,3885,129,2026-10-02T07:27:21.844,4,right,3,4,18.0,True,
run_20261002_072510_851363,3885,129,2026-10-02T07:27:21.844,5,right,4,5,18.0,True,
run_20261002_072510_851363,3885,129,2026-10-02T07:27:21.844,6,right,5,6,18.5,True,
run_20261002_072510_851363,3885,129,2026-10-02T07:27:21.844,7,right,6,7,18.0,True,
run_20261002_072510_851363,3885,129,2026-10-02T07:27:21.844,8,right,7,8,18.0,True,
run_20261002_072510_851363,3885,129,2026-10-02T07:27:21.844,9,right,8,9,18.0,True,
run_20261002_072510_851363,3885,129,2026-10-02T07:27:21.844,10,right,9,10,18.0,True,
run_20261002_072510_851363,3885,129,2026-10-02T07:27:21.844,11,right,10,11,17.5,True,
run_20261002_072510_851363,3885,129,2026-10-02T07:27:21.844,12,right,11,12,18.0,True,
run_20261002_072510_851363,3915,130,2026-10-02T07:27:22.847,1,left,0,1,18.0,True,
run_20261002_072510_851363,3915,130,2026-10-02T07:27:22.847,2,left,1,2,18.0,True,
run_20261002_072510_851363,3915,130,2026-10-02T07:27:22.847,3,left,2,3,18.0,True,
run_20261002_072510_851363,3915,130,2026-10-02T07:27:22.847,4,left,3,4,18.0,True,
run_20261002_072510_851363,3915,130,2026-10-02T07:27:22.847,5,left,4,5,18.0,True,
run_20261002_072510_851363,3915,130,2026-10-02T07:27:22.847,6,left,5,6,18.5,True,
run_20261002_072510_851363,3915,130,2026-10-02T07:27:22.847,7,left,6,7,18.0,True,
run_20261002_072510_851363,3915,130,2026-10-02T07:27:22.847,8,left,7,8,18.0,True,
run_20261002_072510_851363,3915,130,2026-10-02T07:27:22.847,9,left,8,9,17.5,True,
run_20261002_072510_851363,3915,130,2026-10-02T07:27:22.847,10,left,9,10,18.0,True,
run_20261002_072510_851363,3915,130,2026-10-02T07:27:22.847,11,left,10,11,18.0,True,
run_20261002_072510_851363,3915,130,2026-10-02T07:27:22.847,12,left,11,12,18.0,True,
run_20261002_072510_851363,3915,130,2026-10-02T07:27:22.847,1,right,0,1,18.5,True,
run_20261002_072510_851363,3915,130,2026-10-02T07:27:22.847,2,right,1,2,18.0,True,
run_20261002_072510_851363,3915,130,2026-10-02T07:27:22.847,3,right,2,3,18.0,True,
run_20261002_072510_851363,3915,130,2026-10-02T07:27:22.847,4,right,3,4,18.0,True,
run_20261002_072510_851363,3915,130,2026-10-02T07:27:22.847,5,right,4,5,18.0,True,
run_20261002_072510_851363,3915,130,2026-10-02T07:27:22.847,6,right,5,6,18.5,True,
run_20261002_072510_851363,3915,130,2026-10-02T07:27:22.847,7,right,6,7,18.0,True,
run_20261002_072510_851363,3915,130,2026-10-02T07:27:22.847,8,right,7,8,18.0,True,
run_20261002_072510_851363,3915,130,2026-10-02T07:27:22.847,9,right,8,9,18.0,True,
run_20261002_072510_851363,3915,130,2026-10-02T07:27:22.847,10,right,9,10,18.0,True,
run_20261002_072510_851363,3915,130,2026-10-02T07:27:22.847,11,right,10,11,17.5,True,
run_20261002_072510_851363,3915,130,2026-10-02T07:27:22.847,12,right,11,12,18.0,True,
run_20261002_072510_851363,3946,131,2026-10-02T07:27:23.877,1,left,0,1,18.0,True,
run_20261002_072510_851363,3946,131,2026-10-02T07:27:23.877,2,left,1,2,18.0,True,
run_20261002_072510_851363,3946,131,2026-10-02T07:27:23.877,3,left,2,3,18.0,True,
run_20261002_072510_851363,3946,131,2026-10-02T07:27:23.877,4,left,3,4,18.0,True,
run_20261002_072510_851363,3946,131,2026-10-02T07:27:23.877,5,left,4,5,18.0,True,
run_20261002_072510_851363,3946,131,2026-10-02T07:27:23.877,6,left,5,6,18.5,True,
run_20261002_072510_851363,3946,131,2026-10-02T07:27:23.877,7,left,6,7,18.0,True,
run_20261002_072510_851363,3946,131,2026-10-02T07:27:23.877,8,left,7,8,18.0,True,
run_20261002_072510_851363,3946,131,2026-10-02T07:27:23.877,9,left,8,9,17.5,True,
run_20261002_072510_851363,3946,131,2026-10-02T07:27:23.877,10,left,9,10,18.0,True,
run_20261002_072510_851363,3946,131,2026-10-02T07:27:23.877,11,left,10,11,18.0,True,
run_20261002_072510_851363,3946,131,2026-10-02T07:27:23.877,12,left,11,12,18.0,True,
run_20261002_072510_851363,3946,131,2026-10-02T07:27:23.877,1,right,0,1,18.5,True,
run_20261002_072510_851363,3946,131,2026-10-02T07:27:23.877,2,right,1,2,18.0,True,
run_20261002_072510_851363,3946,131,2026-10-02T07:27:23.877,3,right,2,3,18.0,True,
run_20261002_072510_851363,3946,131,2026-10-02T07:27:23.877,4,right,3,4,18.0,True,
run_20261002_072510_851363,3946,131,2026-10-02T07:27:23.877,5,right,4,5,18.0,True,
run_20261002_072510_851363,3946,131,2026-10-02T07:27:23.877,6,right,5,6,18.5,True,
run_20261002_072510_851363,3946,131,2026-10-02T07:27:23.877,7,right,6,7,18.0,True,
run_20261002_072510_851363,3946,131,2026-10-02T07:27:23.877,8,right,7,8,18.0,True,
run_20261002_072510_851363,3946,131,2026-10-02T07:27:23.877,9,right,8,9,18.0,True,
run_20261002_072510_851363,3946,131,2026-10-02T07:27:23.877,10,right,9,10,18.0,True,
run_20261002_072510_851363,3946,131,2026-10-02T07:27:23.877,11,right,10,11,17.5,True,
run_20261002_072510_851363,3946,131,2026-10-02T07:27:23.877,12,right,11,12,18.0,True,
run_20261002_072510_851363,3976,132,2026-10-02T07:27:24.878,1,left,0,1,18.0,True,
run_20261002_072510_851363,3976,132,2026-10-02T07:27:24.878,2,left,1,2,18.0,True,
run_20261002_072510_851363,3976,132,2026-10-02T07:27:24.878,3,left,2,3,18.0,True,
run_20261002_072510_851363,3976,132,2026-10-02T07:27:24.878,4,left,3,4,18.0,True,
run_20261002_072510_851363,3976,132,2026-10-02T07:27:24.878,5,left,4,5,18.0,True,
run_20261002_072510_851363,3976,132,2026-10-02T07:27:24.878,6,left,5,6,18.5,True,
run_20261002_072510_851363,3976,132,2026-10-02T07:27:24.878,7,left,6,7,18.0,True,
run_20261002_072510_851363,3976,132,2026-10-02T07:27:24.878,8,left,7,8,18.0,True,
run_20261002_072510_851363,3976,132,2026-10-02T07:27:24.878,9,left,8,9,17.5,True,
run_20261002_072510_851363,3976,132,2026-10-02T07:27:24.878,10,left,9,10,18.0,True,
run_20261002_072510_851363,3976,132,2026-10-02T07:27:24.878,11,left,10,11,18.0,True,
run_20261002_072510_851363,3976,132,2026-10-02T07:27:24.878,12,left,11,12,18.0,True,
run_20261002_072510_851363,3976,132,2026-10-02T07:27:24.878,1,right,0,1,18.5,True,
run_20261002_072510_851363,3976,132,2026-10-02T07:27:24.878,2,right,1,2,18.0,True,
run_20261002_072510_851363,3976,132,2026-10-02T07:27:24.878,3,right,2,3,18.0,True,
run_20261002_072510_851363,3976,132,2026-10-02T07:27:24.878,4,right,3,4,18.0,True,
run_20261002_072510_851363,3976,132,2026-10-02T07:27:24.878,5,right,4,5,18.0,True,
run_20261002_072510_851363,3976,132,2026-10-02T07:27:24.878,6,right,5,6,18.5,True,
run_20261002_072510_851363,3976,132,2026-10-02T07:27:24.878,7,right,6,7,18.0,True,
run_20261002_072510_851363,3976,132,2026-10-02T07:27:24.878,8,right,7,8,18.0,True,
run_20261002_072510_851363,3976,132,2026-10-02T07:27:24.878,9,right,8,9,18.0,True,
run_20261002_072510_851363,3976,132,2026-10-02T07:27:24.878,10,right,9,10,18.0,True,
run_20261002_072510_851363,3976,132,2026-10-02T07:27:24.878,11,right,10,11,17.5,True,
run_20261002_072510_851363,3976,132,2026-10-02T07:27:24.878,12,right,11,12,18.0,True,
run_20261002_072510_851363,4006,133,2026-10-02T07:27:25.885,1,left,0,1,18.0,True,
run_20261002_072510_851363,4006,133,2026-10-02T07:27:25.885,2,left,1,2,18.0,True,
run_20261002_072510_851363,4006,133,2026-10-02T07:27:25.885,3,left,2,3,18.0,True,
run_20261002_072510_851363,4006,133,2026-10-02T07:27:25.885,4,left,3,4,18.0,True,
run_20261002_072510_851363,4006,133,2026-10-02T07:27:25.885,5,left,4,5,18.0,True,
run_20261002_072510_851363,4006,133,2026-10-02T07:27:25.885,6,left,5,6,18.5,True,
run_20261002_072510_851363,4006,133,2026-10-02T07:27:25.885,7,left,6,7,18.0,True,
run_20261002_072510_851363,4006,133,2026-10-02T07:27:25.885,8,left,7,8,18.0,True,
run_20261002_072510_851363,4006,133,2026-10-02T07:27:25.885,9,left,8,9,17.5,True,
run_20261002_072510_851363,4006,133,2026-10-02T07:27:25.885,10,left,9,10,18.0,True,
run_20261002_072510_851363,4006,133,2026-10-02T07:27:25.885,11,left,10,11,18.0,True,
run_20261002_072510_851363,4006,133,2026-10-02T07:27:25.885,12,left,11,12,18.0,True,
run_20261002_072510_851363,4006,133,2026-10-02T07:27:25.885,1,right,0,1,18.5,True,
run_20261002_072510_851363,4006,133,2026-10-02T07:27:25.885,2,right,1,2,18.0,True,
run_20261002_072510_851363,4006,133,2026-10-02T07:27:25.885,3,right,2,3,18.0,True,
run_20261002_072510_851363,4006,133,2026-10-02T07:27:25.885,4,right,3,4,18.0,True,
run_20261002_072510_851363,4006,133,2026-10-02T07:27:25.885,5,right,4,5,18.0,True,
run_20261002_072510_851363,4006,133,2026-10-02T07:27:25.885,6,right,5,6,18.5,True,
run_20261002_072510_851363,4006,133,2026-10-02T07:27:25.885,7,right,6,7,18.0,True,
run_20261002_072510_851363,4006,133,2026-10-02T07:27:25.885,8,right,7,8,18.0,True,
run_20261002_072510_851363,4006,133,2026-10-02T07:27:25.885,9,right,8,9,18.0,True,
run_20261002_072510_851363,4006,133,2026-10-02T07:27:25.885,10,right,9,10,18.0,True,
run_20261002_072510_851363,4006,133,2026-10-02T07:27:25.885,11,right,10,11,17.5,True,
run_20261002_072510_851363,4006,133,2026-10-02T07:27:25.885,12,right,11,12,18.0,True,
run_20261002_072510_851363,4037,134,2026-10-02T07:27:26.914,1,left,0,1,18.0,True,
run_20261002_072510_851363,4037,134,2026-10-02T07:27:26.914,2,left,1,2,18.0,True,
run_20261002_072510_851363,4037,134,2026-10-02T07:27:26.914,3,left,2,3,18.0,True,
run_20261002_072510_851363,4037,134,2026-10-02T07:27:26.914,4,left,3,4,18.0,True,
run_20261002_072510_851363,4037,134,2026-10-02T07:27:26.914,5,left,4,5,18.0,True,
run_20261002_072510_851363,4037,134,2026-10-02T07:27:26.914,6,left,5,6,18.5,True,
run_20261002_072510_851363,4037,134,2026-10-02T07:27:26.914,7,left,6,7,18.0,True,
run_20261002_072510_851363,4037,134,2026-10-02T07:27:26.914,8,left,7,8,18.0,True,
run_20261002_072510_851363,4037,134,2026-10-02T07:27:26.914,9,left,8,9,17.92857142857143,True,
run_20261002_072510_851363,4037,134,2026-10-02T07:27:26.914,10,left,9,10,17.57142857142857,True,
run_20261002_072510_851363,4037,134,2026-10-02T07:27:26.914,11,left,10,11,18.0,True,
run_20261002_072510_851363,4037,134,2026-10-02T07:27:26.914,12,left,11,12,18.0,True,
run_20261002_072510_851363,4037,134,2026-10-02T07:27:26.914,1,right,0,1,18.0,True,
run_20261002_072510_851363,4037,134,2026-10-02T07:27:26.914,2,right,1,2,18.0,True,
run_20261002_072510_851363,4037,134,2026-10-02T07:27:26.914,3,right,2,3,18.0,True,
run_20261002_072510_851363,4037,134,2026-10-02T07:27:26.914,4,right,3,4,18.0,True,
run_20261002_072510_851363,4037,134,2026-10-02T07:27:26.914,5,right,4,5,18.0,True,
run_20261002_072510_851363,4037,134,2026-10-02T07:27:26.914,6,right,5,6,18.5,True,
run_20261002_072510_851363,4037,134,2026-10-02T07:27:26.914,7,right,6,7,18.0,True,
run_20261002_072510_851363,4037,134,2026-10-02T07:27:26.914,8,right,7,8,18.0,True,
run_20261002_072510_851363,4037,134,2026-10-02T07:27:26.914,9,right,8,9,18.0,True,
run_20261002_072510_851363,4037,134,2026-10-02T07:27:26.914,10,right,9,10,18.0,True,
run_20261002_072510_851363,4037,134,2026-10-02T07:27:26.914,11,right,10,11,17.5,True,
run_20261002_072510_851363,4037,134,2026-10-02T07:27:26.914,12,right,11,12,18.0,True,
run_20261002_072510_851363,4068,135,2026-10-02T07:27:27.946,1,left,0,1,18.0,True,
run_20261002_072510_851363,4068,135,2026-10-02T07:27:27.946,2,left,1,2,18.0,True,
run_20261002_072510_851363,4068,135,2026-10-02T07:27:27.946,3,left,2,3,18.0,True,
run_20261002_072510_851363,4068,135,2026-10-02T07:27:27.946,4,left,3,4,18.0,True,
run_20261002_072510_851363,4068,135,2026-10-02T07:27:27.946,5,left,4,5,18.0,True,
run_20261002_072510_851363,4068,135,2026-10-02T07:27:27.946,6,left,5,6,18.5,True,
run_20261002_072510_851363,4068,135,2026-10-02T07:27:27.946,7,left,6,7,18.0,True,
run_20261002_072510_851363,4068,135,2026-10-02T07:27:27.946,8,left,7,8,18.0,True,
run_20261002_072510_851363,4068,135,2026-10-02T07:27:27.946,9,left,8,9,17.5,True,
run_20261002_072510_851363,4068,135,2026-10-02T07:27:27.946,10,left,9,10,18.0,True,
run_20261002_072510_851363,4068,135,2026-10-02T07:27:27.946,11,left,10,11,18.0,True,
run_20261002_072510_851363,4068,135,2026-10-02T07:27:27.946,12,left,11,12,18.0,True,
run_20261002_072510_851363,4068,135,2026-10-02T07:27:27.946,1,right,0,1,18.5,True,
run_20261002_072510_851363,4068,135,2026-10-02T07:27:27.946,2,right,1,2,18.0,True,
run_20261002_072510_851363,4068,135,2026-10-02T07:27:27.946,3,right,2,3,18.0,True,
run_20261002_072510_851363,4068,135,2026-10-02T07:27:27.946,4,right,3,4,18.0,True,
run_20261002_072510_851363,4068,135,2026-10-02T07:27:27.946,5,right,4,5,18.0,True,
run_20261002_072510_851363,4068,135,2026-10-02T07:27:27.946,6,right,5,6,18.5,True,
run_20261002_072510_851363,4068,135,2026-10-02T07:27:27.946,7,right,6,7,18.0,True,
run_20261002_072510_851363,4068,135,2026-10-02T07:27:27.946,8,right,7,8,18.0,True,
run_20261002_072510_851363,4068,135,2026-10-02T07:27:27.946,9,right,8,9,18.0,True,
run_20261002_072510_851363,4068,135,2026-10-02T07:27:27.946,10,right,9,10,18.0,True,
run_20261002_072510_851363,4068,135,2026-10-02T07:27:27.946,11,right,10,11,17.5,True,
run_20261002_072510_851363,4068,135,2026-10-02T07:27:27.946,12,right,11,12,18.0,True,
run_20261002_072510_851363,4098,136,2026-10-02T07:27:28.950,1,left,0,1,18.0,True,
run_20261002_072510_851363,4098,136,2026-10-02T07:27:28.950,2,left,1,2,18.0,True,
run_20261002_072510_851363,4098,136,2026-10-02T07:27:28.950,3,left,2,3,18.0,True,
run_20261002_072510_851363,4098,136,2026-10-02T07:27:28.950,4,left,3,4,18.0,True,
run_20261002_072510_851363,4098,136,2026-10-02T07:27:28.950,5,left,4,5,18.0,True,
run_20261002_072510_851363,4098,136,2026-10-02T07:27:28.950,6,left,5,6,18.5,True,
run_20261002_072510_851363,4098,136,2026-10-02T07:27:28.950,7,left,6,7,18.0,True,
run_20261002_072510_851363,4098,136,2026-10-02T07:27:28.950,8,left,7,8,18.0,True,
run_20261002_072510_851363,4098,136,2026-10-02T07:27:28.950,9,left,8,9,17.84615384615384,True,
run_20261002_072510_851363,4098,136,2026-10-02T07:27:28.950,10,left,9,10,17.65384615384616,True,
run_20261002_072510_851363,4098,136,2026-10-02T07:27:28.950,11,left,10,11,18.0,True,
run_20261002_072510_851363,4098,136,2026-10-02T07:27:28.950,12,left,11,12,18.0,True,
run_20261002_072510_851363,4098,136,2026-10-02T07:27:28.950,1,right,0,1,18.0,True,
run_20261002_072510_851363,4098,136,2026-10-02T07:27:28.950,2,right,1,2,18.0,True,
run_20261002_072510_851363,4098,136,2026-10-02T07:27:28.950,3,right,2,3,18.0,True,
run_20261002_072510_851363,4098,136,2026-10-02T07:27:28.950,4,right,3,4,18.0,True,
run_20261002_072510_851363,4098,136,2026-10-02T07:27:28.950,5,right,4,5,18.0,True,
run_20261002_072510_851363,4098,136,2026-10-02T07:27:28.950,6,right,5,6,18.5,True,
run_20261002_072510_851363,4098,136,2026-10-02T07:27:28.950,7,right,6,7,18.0,True,
run_20261002_072510_851363,4098,136,2026-10-02T07:27:28.950,8,right,7,8,18.0,True,
run_20261002_072510_851363,4098,136,2026-10-02T07:27:28.950,9,right,8,9,18.0,True,
run_20261002_072510_851363,4098,136,2026-10-02T07:27:28.950,10,right,9,10,18.0,True,
run_20261002_072510_851363,4098,136,2026-10-02T07:27:28.950,11,right,10,11,17.5,True,
run_20261002_072510_851363,4098,136,2026-10-02T07:27:28.950,12,right,11,12,18.0,True,
run_20261002_072510_851363,4129,137,2026-10-02T07:27:29.979,1,left,0,1,18.0,True,
run_20261002_072510_851363,4129,137,2026-10-02T07:27:29.979,2,left,1,2,18.0,True,
run_20261002_072510_851363,4129,137,2026-10-02T07:27:29.979,3,left,2,3,18.0,True,
run_20261002_072510_851363,4129,137,2026-10-02T07:27:29.979,4,left,3,4,18.0,True,
run_20261002_072510_851363,4129,137,2026-10-02T07:27:29.979,5,left,4,5,18.0,True,
run_20261002_072510_851363,4129,137,2026-10-02T07:27:29.979,6,left,5,6,18.5,True,
run_20261002_072510_851363,4129,137,2026-10-02T07:27:29.979,7,left,6,7,18.0,True,
run_20261002_072510_851363,4129,137,2026-10-02T07:27:29.979,8,left,7,8,18.0,True,
run_20261002_072510_851363,4129,137,2026-10-02T07:27:29.979,9,left,8,9,17.5,True,
run_20261002_072510_851363,4129,137,2026-10-02T07:27:29.979,10,left,9,10,18.0,True,
run_20261002_072510_851363,4129,137,2026-10-02T07:27:29.979,11,left,10,11,18.0,True,
run_20261002_072510_851363,4129,137,2026-10-02T07:27:29.979,12,left,11,12,18.0,True,
run_20261002_072510_851363,4129,137,2026-10-02T07:27:29.979,1,right,0,1,18.5,True,
run_20261002_072510_851363,4129,137,2026-10-02T07:27:29.979,2,right,1,2,18.0,True,
run_20261002_072510_851363,4129,137,2026-10-02T07:27:29.979,3,right,2,3,18.0,True,
run_20261002_072510_851363,4129,137,2026-10-02T07:27:29.979,4,right,3,4,18.0,True,
run_20261002_072510_851363,4129,137,2026-10-02T07:27:29.979,5,right,4,5,18.0,True,
run_20261002_072510_851363,4129,137,2026-10-02T07:27:29.979,6,right,5,6,18.5,True,
run_20261002_072510_851363,4129,137,2026-10-02T07:27:29.979,7,right,6,7,18.0,True,
run_20261002_072510_851363,4129,137,2026-10-02T07:27:29.979,8,right,7,8,18.0,True,
run_20261002_072510_851363,4129,137,2026-10-02T07:27:29.979,9,right,8,9,18.0,True,
run_20261002_072510_851363,4129,137,2026-10-02T07:27:29.979,10,right,9,10,18.0,True,
run_20261002_072510_851363,4129,137,2026-10-02T07:27:29.979,11,right,10,11,17.5,True,
run_20261002_072510_851363,4129,137,2026-10-02T07:27:29.979,12,right,11,12,18.0,True,
run_20261002_072510_851363,4159,138,2026-10-02T07:27:30.980,1,left,0,1,18.0,True,
run_20261002_072510_851363,4159,138,2026-10-02T07:27:30.980,2,left,1,2,18.0,True,
run_20261002_072510_851363,4159,138,2026-10-02T07:27:30.980,3,left,2,3,18.0,True,
run_20261002_072510_851363,4159,138,2026-10-02T07:27:30.980,4,left,3,4,18.0,True,
run_20261002_072510_851363,4159,138,2026-10-02T07:27:30.980,5,left,4,5,18.0,True,
run_20261002_072510_851363,4159,138,2026-10-02T07:27:30.980,6,left,5,6,18.5,True,
run_20261002_072510_851363,4159,138,2026-10-02T07:27:30.980,7,left,6,7,18.0,True,
run_20261002_072510_851363,4159,138,2026-10-02T07:27:30.980,8,left,7,8,18.0,True,
run_20261002_072510_851363,4159,138,2026-10-02T07:27:30.980,9,left,8,9,18.0,True,
run_20261002_072510_851363,4159,138,2026-10-02T07:27:30.980,10,left,9,10,17.5,True,
run_20261002_072510_851363,4159,138,2026-10-02T07:27:30.980,11,left,10,11,18.0,True,
run_20261002_072510_851363,4159,138,2026-10-02T07:27:30.980,12,left,11,12,18.0,True,
run_20261002_072510_851363,4159,138,2026-10-02T07:27:30.980,1,right,0,1,18.5,True,
run_20261002_072510_851363,4159,138,2026-10-02T07:27:30.980,2,right,1,2,18.0,True,
run_20261002_072510_851363,4159,138,2026-10-02T07:27:30.980,3,right,2,3,18.0,True,
run_20261002_072510_851363,4159,138,2026-10-02T07:27:30.980,4,right,3,4,18.5,True,
run_20261002_072510_851363,4159,138,2026-10-02T07:27:30.980,5,right,4,5,17.5,True,
run_20261002_072510_851363,4159,138,2026-10-02T07:27:30.980,6,right,5,6,18.5,True,
run_20261002_072510_851363,4159,138,2026-10-02T07:27:30.980,7,right,6,7,18.0,True,
run_20261002_072510_851363,4159,138,2026-10-02T07:27:30.980,8,right,7,8,18.0,True,
run_20261002_072510_851363,4159,138,2026-10-02T07:27:30.980,9,right,8,9,18.0,True,
run_20261002_072510_851363,4159,138,2026-10-02T07:27:30.980,10,right,9,10,18.0,True,
run_20261002_072510_851363,4159,138,2026-10-02T07:27:30.980,11,right,10,11,17.5,True,
run_20261002_072510_851363,4159,138,2026-10-02T07:27:30.980,12,right,11,12,18.0,True,
run_20261002_072510_851363,4190,139,2026-10-02T07:27:32.017,1,left,0,1,18.0,True,
run_20261002_072510_851363,4190,139,2026-10-02T07:27:32.017,2,left,1,2,18.0,True,
run_20261002_072510_851363,4190,139,2026-10-02T07:27:32.017,3,left,2,3,18.0,True,
run_20261002_072510_851363,4190,139,2026-10-02T07:27:32.017,4,left,3,4,18.0,True,
run_20261002_072510_851363,4190,139,2026-10-02T07:27:32.017,5,left,4,5,18.0,True,
run_20261002_072510_851363,4190,139,2026-10-02T07:27:32.017,6,left,5,6,18.5,True,
run_20261002_072510_851363,4190,139,2026-10-02T07:27:32.017,7,left,6,7,18.0,True,
run_20261002_072510_851363,4190,139,2026-10-02T07:27:32.017,8,left,7,8,18.0,True,
run_20261002_072510_851363,4190,139,2026-10-02T07:27:32.017,9,left,8,9,18.0,True,
run_20261002_072510_851363,4190,139,2026-10-02T07:27:32.017,10,left,9,10,17.5,True,
run_20261002_072510_851363,4190,139,2026-10-02T07:27:32.017,11,left,10,11,18.0,True,
run_20261002_072510_851363,4190,139,2026-10-02T07:27:32.017,12,left,11,12,18.0,True,
run_20261002_072510_851363,4190,139,2026-10-02T07:27:32.017,1,right,0,1,18.5,True,
run_20261002_072510_851363,4190,139,2026-10-02T07:27:32.017,2,right,1,2,18.0,True,
run_20261002_072510_851363,4190,139,2026-10-02T07:27:32.017,3,right,2,3,18.0,True,
run_20261002_072510_851363,4190,139,2026-10-02T07:27:32.017,4,right,3,4,18.5,True,
run_20261002_072510_851363,4190,139,2026-10-02T07:27:32.017,5,right,4,5,17.5,True,
run_20261002_072510_851363,4190,139,2026-10-02T07:27:32.017,6,right,5,6,18.5,True,
run_20261002_072510_851363,4190,139,2026-10-02T07:27:32.017,7,right,6,7,18.0,True,
run_20261002_072510_851363,4190,139,2026-10-02T07:27:32.017,8,right,7,8,18.0,True,
run_20261002_072510_851363,4190,139,2026-10-02T07:27:32.017,9,right,8,9,18.0,True,
run_20261002_072510_851363,4190,139,2026-10-02T07:27:32.017,10,right,9,10,18.0,True,
run_20261002_072510_851363,4190,139,2026-10-02T07:27:32.017,11,right,10,11,17.5,True,
run_20261002_072510_851363,4190,139,2026-10-02T07:27:32.017,12,right,11,12,18.0,True,
run_20261002_072510_851363,4221,140,2026-10-02T07:27:33.044,1,left,0,1,18.0,True,
run_20261002_072510_851363,4221,140,2026-10-02T07:27:33.044,2,left,1,2,18.0,True,
run_20261002_072510_851363,4221,140,2026-10-02T07:27:33.044,3,left,2,3,18.0,True,
run_20261002_072510_851363,4221,140,2026-10-02T07:27:33.044,4,left,3,4,18.0,True,
run_20261002_072510_851363,4221,140,2026-10-02T07:27:33.044,5,left,4,5,18.0,True,
run_20261002_072510_851363,4221,140,2026-10-02T07:27:33.044,6,left,5,6,18.5,True,
run_20261002_072510_851363,4221,140,2026-10-02T07:27:33.044,7,left,6,7,18.0,True,
run_20261002_072510_851363,4221,140,2026-10-02T07:27:33.044,8,left,7,8,18.0,True,
run_20261002_072510_851363,4221,140,2026-10-02T07:27:33.044,9,left,8,9,18.0,True,
run_20261002_072510_851363,4221,140,2026-10-02T07:27:33.044,10,left,9,10,17.5,True,
run_20261002_072510_851363,4221,140,2026-10-02T07:27:33.044,11,left,10,11,18.0,True,
run_20261002_072510_851363,4221,140,2026-10-02T07:27:33.044,12,left,11,12,18.0,True,
run_20261002_072510_851363,4221,140,2026-10-02T07:27:33.044,1,right,0,1,18.5,True,
run_20261002_072510_851363,4221,140,2026-10-02T07:27:33.044,2,right,1,2,18.0,True,
run_20261002_072510_851363,4221,140,2026-10-02T07:27:33.044,3,right,2,3,18.0,True,
run_20261002_072510_851363,4221,140,2026-10-02T07:27:33.044,4,right,3,4,18.5,True,
run_20261002_072510_851363,4221,140,2026-10-02T07:27:33.044,5,right,4,5,17.5,True,
run_20261002_072510_851363,4221,140,2026-10-02T07:27:33.044,6,right,5,6,18.5,True,
run_20261002_072510_851363,4221,140,2026-10-02T07:27:33.044,7,right,6,7,18.0,True,
run_20261002_072510_851363,4221,140,2026-10-02T07:27:33.044,8,right,7,8,18.0,True,
run_20261002_072510_851363,4221,140,2026-10-02T07:27:33.044,9,right,8,9,18.0,True,
run_20261002_072510_851363,4221,140,2026-10-02T07:27:33.044,10,right,9,10,18.0,True,
run_20261002_072510_851363,4221,140,2026-10-02T07:27:33.044,11,right,10,11,17.5,True,
run_20261002_072510_851363,4221,140,2026-10-02T07:27:33.044,12,right,11,12,18.0,True,
run_20261002_072510_851363,4251,141,2026-10-02T07:27:34.046,1,left,0,1,18.0,True,
run_20261002_072510_851363,4251,141,2026-10-02T07:27:34.046,2,left,1,2,18.5,True,
run_20261002_072510_851363,4251,141,2026-10-02T07:27:34.046,3,left,2,3,18.0,True,
run_20261002_072510_851363,4251,141,2026-10-02T07:27:34.046,4,left,3,4,17.5,True,
run_20261002_072510_851363,4251,141,2026-10-02T07:27:34.046,5,left,4,5,18.5,True,
run_20261002_072510_851363,4251,141,2026-10-02T07:27:34.046,6,left,5,6,18.0,True,
run_20261002_072510_851363,4251,141,2026-10-02T07:27:34.046,7,left,6,7,18.0,True,
run_20261002_072510_851363,4251,141,2026-10-02T07:27:34.046,8,left,7,8,18.0,True,
run_20261002_072510_851363,4251,141,2026-10-02T07:27:34.046,9,left,8,9,18.0,True,
run_20261002_072510_851363,4251,141,2026-10-02T07:27:34.046,10,left,9,10,18.0,True,
run_20261002_072510_851363,4251,141,2026-10-02T07:27:34.046,11,left,10,11,17.5,True,
run_20261002_072510_851363,4251,141,2026-10-02T07:27:34.046,12,left,11,12,18.0,True,
run_20261002_072510_851363,4251,141,2026-10-02T07:27:34.046,1,right,0,1,18.5,True,
run_20261002_072510_851363,4251,141,2026-10-02T07:27:34.046,2,right,1,2,18.0,True,
run_20261002_072510_851363,4251,141,2026-10-02T07:27:34.046,3,right,2,3,17.5,True,
run_20261002_072510_851363,4251,141,2026-10-02T07:27:34.046,4,right,3,4,19.0,True,
run_20261002_072510_851363,4251,141,2026-10-02T07:27:34.046,5,right,4,5,18.0,True,
run_20261002_072510_851363,4251,141,2026-10-02T07:27:34.046,6,right,5,6,18.0,True,
run_20261002_072510_851363,4251,141,2026-10-02T07:27:34.046,7,right,6,7,18.0,True,
run_20261002_072510_851363,4251,141,2026-10-02T07:27:34.046,8,right,7,8,18.0,True,
run_20261002_072510_851363,4251,141,2026-10-02T07:27:34.046,9,right,8,9,18.0,True,
run_20261002_072510_851363,4251,141,2026-10-02T07:27:34.046,10,right,9,10,18.0,True,
run_20261002_072510_851363,4251,141,2026-10-02T07:27:34.046,11,right,10,11,17.5,True,
run_20261002_072510_851363,4251,141,2026-10-02T07:27:34.046,12,right,11,12,18.0,True,
run_20261002_072510_851363,4281,142,2026-10-02T07:27:35.050,1,left,0,1,18.0,True,
run_20261002_072510_851363,4281,142,2026-10-02T07:27:35.050,2,left,1,2,18.5,True,
run_20261002_072510_851363,4281,142,2026-10-02T07:27:35.050,3,left,2,3,17.5,True,
run_20261002_072510_851363,4281,142,2026-10-02T07:27:35.050,4,left,3,4,18.0,True,
run_20261002_072510_851363,4281,142,2026-10-02T07:27:35.050,5,left,4,5,18.5,True,
run_20261002_072510_851363,4281,142,2026-10-02T07:27:35.050,6,left,5,6,18.0,True,
run_20261002_072510_851363,4281,142,2026-10-02T07:27:35.050,7,left,6,7,18.0,True,
run_20261002_072510_851363,4281,142,2026-10-02T07:27:35.050,8,left,7,8,18.0,True,
run_20261002_072510_851363,4281,142,2026-10-02T07:27:35.050,9,left,8,9,18.0,True,
run_20261002_072510_851363,4281,142,2026-10-02T07:27:35.050,10,left,9,10,18.0,True,
run_20261002_072510_851363,4281,142,2026-10-02T07:27:35.050,11,left,10,11,17.5,True,
run_20261002_072510_851363,4281,142,2026-10-02T07:27:35.050,12,left,11,12,18.0,True,
run_20261002_072510_851363,4281,142,2026-10-02T07:27:35.050,1,right,0,1,18.5,True,
run_20261002_072510_851363,4281,142,2026-10-02T07:27:35.050,2,right,1,2,18.0,True,
run_20261002_072510_851363,4281,142,2026-10-02T07:27:35.050,3,right,2,3,17.5,True,
run_20261002_072510_851363,4281,142,2026-10-02T07:27:35.050,4,right,3,4,19.0,True,
run_20261002_072510_851363,4281,142,2026-10-02T07:27:35.050,5,right,4,5,18.0,True,
run_20261002_072510_851363,4281,142,2026-10-02T07:27:35.050,6,right,5,6,18.0,True,
run_20261002_072510_851363,4281,142,2026-10-02T07:27:35.050,7,right,6,7,18.0,True,
run_20261002_072510_851363,4281,142,2026-10-02T07:27:35.050,8,right,7,8,18.0,True,
run_20261002_072510_851363,4281,142,2026-10-02T07:27:35.050,9,right,8,9,18.0,True,
run_20261002_072510_851363,4281,142,2026-10-02T07:27:35.050,10,right,9,10,18.0,True,
run_20261002_072510_851363,4281,142,2026-10-02T07:27:35.050,11,right,10,11,17.5,True,
run_20261002_072510_851363,4281,142,2026-10-02T07:27:35.050,12,right,11,12,18.0,True,
run_20261002_072510_851363,4312,143,2026-10-02T07:27:36.077,1,left,0,1,18.0,True,
run_20261002_072510_851363,4312,143,2026-10-02T07:27:36.077,2,left,1,2,18.5,True,
run_20261002_072510_851363,4312,143,2026-10-02T07:27:36.077,3,left,2,3,17.5,True,
run_20261002_072510_851363,4312,143,2026-10-02T07:27:36.077,4,left,3,4,18.0,True,
run_20261002_072510_851363,4312,143,2026-10-02T07:27:36.077,5,left,4,5,18.5,True,
run_20261002_072510_851363,4312,143,2026-10-02T07:27:36.077,6,left,5,6,18.0,True,
run_20261002_072510_851363,4312,143,2026-10-02T07:27:36.077,7,left,6,7,18.0,True,
run_20261002_072510_851363,4312,143,2026-10-02T07:27:36.077,8,left,7,8,18.0,True,
run_20261002_072510_851363,4312,143,2026-10-02T07:27:36.077,9,left,8,9,18.0,True,
run_20261002_072510_851363,4312,143,2026-10-02T07:27:36.077,10,left,9,10,18.0,True,
run_20261002_072510_851363,4312,143,2026-10-02T07:27:36.077,11,left,10,11,17.5,True,
run_20261002_072510_851363,4312,143,2026-10-02T07:27:36.077,12,left,11,12,18.0,True,
run_20261002_072510_851363,4312,143,2026-10-02T07:27:36.077,1,right,0,1,18.5,True,
run_20261002_072510_851363,4312,143,2026-10-02T07:27:36.077,2,right,1,2,18.0,True,
run_20261002_072510_851363,4312,143,2026-10-02T07:27:36.077,3,right,2,3,17.5,True,
run_20261002_072510_851363,4312,143,2026-10-02T07:27:36.077,4,right,3,4,19.0,True,
run_20261002_072510_851363,4312,143,2026-10-02T07:27:36.077,5,right,4,5,18.0,True,
run_20261002_072510_851363,4312,143,2026-10-02T07:27:36.077,6,right,5,6,18.0,True,
run_20261002_072510_851363,4312,143,2026-10-02T07:27:36.077,7,right,6,7,18.0,True,
run_20261002_072510_851363,4312,143,2026-10-02T07:27:36.077,8,right,7,8,18.0,True,
run_20261002_072510_851363,4312,143,2026-10-02T07:27:36.077,9,right,8,9,18.0,True,
run_20261002_072510_851363,4312,143,2026-10-02T07:27:36.077,10,right,9,10,18.0,True,
run_20261002_072510_851363,4312,143,2026-10-02T07:27:36.077,11,right,10,11,17.5,True,
run_20261002_072510_851363,4312,143,2026-10-02T07:27:36.077,12,right,11,12,18.0,True,
run_20261002_072510_851363,4343,144,2026-10-02T07:27:37.109,1,left,0,1,18.0,True,
run_20261002_072510_851363,4343,144,2026-10-02T07:27:37.109,2,left,1,2,18.5,True,
run_20261002_072510_851363,4343,144,2026-10-02T07:27:37.109,3,left,2,3,17.5,True,
run_20261002_072510_851363,4343,144,2026-10-02T07:27:37.109,4,left,3,4,18.0,True,
run_20261002_072510_851363,4343,144,2026-10-02T07:27:37.109,5,left,4,5,18.5,True,
run_20261002_072510_851363,4343,144,2026-10-02T07:27:37.109,6,left,5,6,18.0,True,
run_20261002_072510_851363,4343,144,2026-10-02T07:27:37.109,7,left,6,7,18.0,True,
run_20261002_072510_851363,4343,144,2026-10-02T07:27:37.109,8,left,7,8,18.0,True,
run_20261002_072510_851363,4343,144,2026-10-02T07:27:37.109,9,left,8,9,18.0,True,
run_20261002_072510_851363,4343,144,2026-10-02T07:27:37.109,10,left,9,10,18.0,True,
run_20261002_072510_851363,4343,144,2026-10-02T07:27:37.109,11,left,10,11,17.5,True,
run_20261002_072510_851363,4343,144,2026-10-02T07:27:37.109,12,left,11,12,18.0,True,
run_20261002_072510_851363,4343,144,2026-10-02T07:27:37.109,1,right,0,1,18.5,True,
run_20261002_072510_851363,4343,144,2026-10-02T07:27:37.109,2,right,1,2,18.0,True,
run_20261002_072510_851363,4343,144,2026-10-02T07:27:37.109,3,right,2,3,17.5,True,
run_20261002_072510_851363,4343,144,2026-10-02T07:27:37.109,4,right,3,4,19.0,True,
run_20261002_072510_851363,4343,144,2026-10-02T07:27:37.109,5,right,4,5,18.0,True,
run_20261002_072510_851363,4343,144,2026-10-02T07:27:37.109,6,right,5,6,18.0,True,
run_20261002_072510_851363,4343,144,2026-10-02T07:27:37.109,7,right,6,7,18.0,True,
run_20261002_072510_851363,4343,144,2026-10-02T07:27:37.109,8,right,7,8,18.0,True,
run_20261002_072510_851363,4343,144,2026-10-02T07:27:37.109,9,right,8,9,18.0,True,
run_20261002_072510_851363,4343,144,2026-10-02T07:27:37.109,10,right,9,10,18.0,True,
run_20261002_072510_851363,4343,144,2026-10-02T07:27:37.109,11,right,10,11,17.5,True,
run_20261002_072510_851363,4343,144,2026-10-02T07:27:37.109,12,right,11,12,18.0,True,
run_20261002_072510_851363,4373,145,2026-10-02T07:27:38.115,1,left,0,1,18.0,True,
run_20261002_072510_851363,4373,145,2026-10-02T07:27:38.115,2,left,1,2,18.5,True,
run_20261002_072510_851363,4373,145,2026-10-02T07:27:38.115,3,left,2,3,18.0,True,
run_20261002_072510_851363,4373,145,2026-10-02T07:27:38.115,4,left,3,4,17.5,True,
run_20261002_072510_851363,4373,145,2026-10-02T07:27:38.115,5,left,4,5,18.5,True,
run_20261002_072510_851363,4373,145,2026-10-02T07:27:38.115,6,left,5,6,18.0,True,
run_20261002_072510_851363,4373,145,2026-10-02T07:27:38.115,7,left,6,7,18.0,True,
run_20261002_072510_851363,4373,145,2026-10-02T07:27:38.115,8,left,7,8,18.0,True,
run_20261002_072510_851363,4373,145,2026-10-02T07:27:38.115,9,left,8,9,18.0,True,
run_20261002_072510_851363,4373,145,2026-10-02T07:27:38.115,10,left,9,10,18.0,True,
run_20261002_072510_851363,4373,145,2026-10-02T07:27:38.115,11,left,10,11,17.5,True,
run_20261002_072510_851363,4373,145,2026-10-02T07:27:38.115,12,left,11,12,18.0,True,
run_20261002_072510_851363,4373,145,2026-10-02T07:27:38.115,1,right,0,1,18.5,True,
run_20261002_072510_851363,4373,145,2026-10-02T07:27:38.115,2,right,1,2,18.0,True,
run_20261002_072510_851363,4373,145,2026-10-02T07:27:38.115,3,right,2,3,17.5,True,
run_20261002_072510_851363,4373,145,2026-10-02T07:27:38.115,4,right,3,4,18.5,True,
run_20261002_072510_851363,4373,145,2026-10-02T07:27:38.115,5,right,4,5,18.5,True,
run_20261002_072510_851363,4373,145,2026-10-02T07:27:38.115,6,right,5,6,18.0,True,
run_20261002_072510_851363,4373,145,2026-10-02T07:27:38.115,7,right,6,7,18.0,True,
run_20261002_072510_851363,4373,145,2026-10-02T07:27:38.115,8,right,7,8,18.0,True,
run_20261002_072510_851363,4373,145,2026-10-02T07:27:38.115,9,right,8,9,18.0,True,
run_20261002_072510_851363,4373,145,2026-10-02T07:27:38.115,10,right,9,10,18.0,True,
run_20261002_072510_851363,4373,145,2026-10-02T07:27:38.115,11,right,10,11,17.5,True,
run_20261002_072510_851363,4373,145,2026-10-02T07:27:38.115,12,right,11,12,18.0,True,
run_20261002_072510_851363,4403,146,2026-10-02T07:27:39.116,1,left,0,1,18.0,True,
run_20261002_072510_851363,4403,146,2026-10-02T07:27:39.116,2,left,1,2,18.5,True,
run_20261002_072510_851363,4403,146,2026-10-02T07:27:39.116,3,left,2,3,17.5,True,
run_20261002_072510_851363,4403,146,2026-10-02T07:27:39.116,4,left,3,4,18.0,True,
run_20261002_072510_851363,4403,146,2026-10-02T07:27:39.116,5,left,4,5,18.5,True,
run_20261002_072510_851363,4403,146,2026-10-02T07:27:39.116,6,left,5,6,18.0,True,
run_20261002_072510_851363,4403,146,2026-10-02T07:27:39.116,7,left,6,7,18.0,True,
run_20261002_072510_851363,4403,146,2026-10-02T07:27:39.116,8,left,7,8,18.0,True,
run_20261002_072510_851363,4403,146,2026-10-02T07:27:39.116,9,left,8,9,18.0,True,
run_20261002_072510_851363,4403,146,2026-10-02T07:27:39.116,10,left,9,10,18.0,True,
run_20261002_072510_851363,4403,146,2026-10-02T07:27:39.116,11,left,10,11,17.5,True,
run_20261002_072510_851363,4403,146,2026-10-02T07:27:39.116,12,left,11,12,18.0,True,
run_20261002_072510_851363,4403,146,2026-10-02T07:27:39.116,1,right,0,1,18.5,True,
run_20261002_072510_851363,4403,146,2026-10-02T07:27:39.116,2,right,1,2,18.0,True,
run_20261002_072510_851363,4403,146,2026-10-02T07:27:39.116,3,right,2,3,17.5,True,
run_20261002_072510_851363,4403,146,2026-10-02T07:27:39.116,4,right,3,4,19.0,True,
run_20261002_072510_851363,4403,146,2026-10-02T07:27:39.116,5,right,4,5,18.0,True,
run_20261002_072510_851363,4403,146,2026-10-02T07:27:39.116,6,right,5,6,18.0,True,
run_20261002_072510_851363,4403,146,2026-10-02T07:27:39.116,7,right,6,7,18.0,True,
run_20261002_072510_851363,4403,146,2026-10-02T07:27:39.116,8,right,7,8,18.0,True,
run_20261002_072510_851363,4403,146,2026-10-02T07:27:39.116,9,right,8,9,18.0,True,
run_20261002_072510_851363,4403,146,2026-10-02T07:27:39.116,10,right,9,10,18.0,True,
run_20261002_072510_851363,4403,146,2026-10-02T07:27:39.116,11,right,10,11,17.5,True,
run_20261002_072510_851363,4403,146,2026-10-02T07:27:39.116,12,right,11,12,18.0,True,
run_20261002_072510_851363,4434,147,2026-10-02T07:27:40.144,1,left,0,1,18.0,True,
run_20261002_072510_851363,4434,147,2026-10-02T07:27:40.144,2,left,1,2,18.5,True,
run_20261002_072510_851363,4434,147,2026-10-02T07:27:40.144,3,left,2,3,18.0,True,
run_20261002_072510_851363,4434,147,2026-10-02T07:27:40.144,4,left,3,4,17.5,True,
run_20261002_072510_851363,4434,147,2026-10-02T07:27:40.144,5,left,4,5,18.5,True,
run_20261002_072510_851363,4434,147,2026-10-02T07:27:40.144,6,left,5,6,18.0,True,
run_20261002_072510_851363,4434,147,2026-10-02T07:27:40.144,7,left,6,7,18.0,True,
run_20261002_072510_851363,4434,147,2026-10-02T07:27:40.144,8,left,7,8,18.0,True,
run_20261002_072510_851363,4434,147,2026-10-02T07:27:40.144,9,left,8,9,18.0,True,
run_20261002_072510_851363,4434,147,2026-10-02T07:27:40.144,10,left,9,10,18.0,True,
run_20261002_072510_851363,4434,147,2026-10-02T07:27:40.144,11,left,10,11,17.5,True,
run_20261002_072510_851363,4434,147,2026-10-02T07:27:40.144,12,left,11,12,18.0,True,
run_20261002_072510_851363,4434,147,2026-10-02T07:27:40.144,1,right,0,1,18.5,True,
run_20261002_072510_851363,4434,147,2026-10-02T07:27:40.144,2,right,1,2,18.0,True,
run_20261002_072510_851363,4434,147,2026-10-02T07:27:40.144,3,right,2,3,18.0,True,
run_20261002_072510_851363,4434,147,2026-10-02T07:27:40.144,4,right,3,4,18.5,True,
run_20261002_072510_851363,4434,147,2026-10-02T07:27:40.144,5,right,4,5,18.0,True,
run_20261002_072510_851363,4434,147,2026-10-02T07:27:40.144,6,right,5,6,18.0,True,
run_20261002_072510_851363,4434,147,2026-10-02T07:27:40.144,7,right,6,7,18.0,True,
run_20261002_072510_851363,4434,147,2026-10-02T07:27:40.144,8,right,7,8,18.0,True,
run_20261002_072510_851363,4434,147,2026-10-02T07:27:40.144,9,right,8,9,18.0,True,
run_20261002_072510_851363,4434,147,2026-10-02T07:27:40.144,10,right,9,10,18.0,True,
run_20261002_072510_851363,4434,147,2026-10-02T07:27:40.144,11,right,10,11,17.5,True,
run_20261002_072510_851363,4434,147,2026-10-02T07:27:40.144,12,right,11,12,18.0,True,
run_20261002_072510_851363,4464,148,2026-10-02T07:27:41.148,1,left,0,1,18.0,True,
run_20261002_072510_851363,4464,148,2026-10-02T07:27:41.148,2,left,1,2,18.5,True,
run_20261002_072510_851363,4464,148,2026-10-02T07:27:41.148,3,left,2,3,17.5,True,
run_20261002_072510_851363,4464,148,2026-10-02T07:27:41.148,4,left,3,4,18.0,True,
run_20261002_072510_851363,4464,148,2026-10-02T07:27:41.148,5,left,4,5,18.5,True,
run_20261002_072510_851363,4464,148,2026-10-02T07:27:41.148,6,left,5,6,18.0,True,
run_20261002_072510_851363,4464,148,2026-10-02T07:27:41.148,7,left,6,7,18.0,True,
run_20261002_072510_851363,4464,148,2026-10-02T07:27:41.148,8,left,7,8,18.0,True,
run_20261002_072510_851363,4464,148,2026-10-02T07:27:41.148,9,left,8,9,18.0,True,
run_20261002_072510_851363,4464,148,2026-10-02T07:27:41.148,10,left,9,10,18.0,True,
run_20261002_072510_851363,4464,148,2026-10-02T07:27:41.148,11,left,10,11,17.5,True,
run_20261002_072510_851363,4464,148,2026-10-02T07:27:41.148,12,left,11,12,18.0,True,
run_20261002_072510_851363,4464,148,2026-10-02T07:27:41.148,1,right,0,1,18.5,True,
run_20261002_072510_851363,4464,148,2026-10-02T07:27:41.148,2,right,1,2,18.0,True,
run_20261002_072510_851363,4464,148,2026-10-02T07:27:41.148,3,right,2,3,17.5,True,
run_20261002_072510_851363,4464,148,2026-10-02T07:27:41.148,4,right,3,4,18.5,True,
run_20261002_072510_851363,4464,148,2026-10-02T07:27:41.148,5,right,4,5,18.5,True,
run_20261002_072510_851363,4464,148,2026-10-02T07:27:41.148,6,right,5,6,18.0,True,
run_20261002_072510_851363,4464,148,2026-10-02T07:27:41.148,7,right,6,7,18.0,True,
run_20261002_072510_851363,4464,148,2026-10-02T07:27:41.148,8,right,7,8,18.0,True,
run_20261002_072510_851363,4464,148,2026-10-02T07:27:41.148,9,right,8,9,18.0,True,
run_20261002_072510_851363,4464,148,2026-10-02T07:27:41.148,10,right,9,10,18.0,True,
run_20261002_072510_851363,4464,148,2026-10-02T07:27:41.148,11,right,10,11,17.5,True,
run_20261002_072510_851363,4464,148,2026-10-02T07:27:41.148,12,right,11,12,18.0,True,
run_20261002_072510_851363,4495,149,2026-10-02T07:27:42.183,1,left,0,1,18.0,True,
run_20261002_072510_851363,4495,149,2026-10-02T07:27:42.183,2,left,1,2,18.5,True,
run_20261002_072510_851363,4495,149,2026-10-02T07:27:42.183,3,left,2,3,17.5,True,
run_20261002_072510_851363,4495,149,2026-10-02T07:27:42.183,4,left,3,4,18.0,True,
run_20261002_072510_851363,4495,149,2026-10-02T07:27:42.183,5,left,4,5,18.5,True,
run_20261002_072510_851363,4495,149,2026-10-02T07:27:42.183,6,left,5,6,18.0,True,
run_20261002_072510_851363,4495,149,2026-10-02T07:27:42.183,7,left,6,7,18.0,True,
run_20261002_072510_851363,4495,149,2026-10-02T07:27:42.183,8,left,7,8,18.0,True,
run_20261002_072510_851363,4495,149,2026-10-02T07:27:42.183,9,left,8,9,18.0,True,
run_20261002_072510_851363,4495,149,2026-10-02T07:27:42.183,10,left,9,10,18.0,True,
run_20261002_072510_851363,4495,149,2026-10-02T07:27:42.183,11,left,10,11,17.5,True,
run_20261002_072510_851363,4495,149,2026-10-02T07:27:42.183,12,left,11,12,18.0,True,
run_20261002_072510_851363,4495,149,2026-10-02T07:27:42.183,1,right,0,1,18.5,True,
run_20261002_072510_851363,4495,149,2026-10-02T07:27:42.183,2,right,1,2,18.0,True,
run_20261002_072510_851363,4495,149,2026-10-02T07:27:42.183,3,right,2,3,17.5,True,
run_20261002_072510_851363,4495,149,2026-10-02T07:27:42.183,4,right,3,4,19.0,True,
run_20261002_072510_851363,4495,149,2026-10-02T07:27:42.183,5,right,4,5,18.0,True,
run_20261002_072510_851363,4495,149,2026-10-02T07:27:42.183,6,right,5,6,18.0,True,
run_20261002_072510_851363,4495,149,2026-10-02T07:27:42.183,7,right,6,7,18.0,True,
run_20261002_072510_851363,4495,149,2026-10-02T07:27:42.183,8,right,7,8,18.0,True,
run_20261002_072510_851363,4495,149,2026-10-02T07:27:42.183,9,right,8,9,18.0,True,
run_20261002_072510_851363,4495,149,2026-10-02T07:27:42.183,10,right,9,10,18.0,True,
run_20261002_072510_851363,4495,149,2026-10-02T07:27:42.183,11,right,10,11,17.5,True,
run_20261002_072510_851363,4495,149,2026-10-02T07:27:42.183,12,right,11,12,18.0,True,
run_20261002_072510_851363,4525,150,2026-10-02T07:27:43.184,1,left,0,1,18.5,True,
run_20261002_072510_851363,4525,150,2026-10-02T07:27:43.184,2,left,1,2,18.0,True,
run_20261002_072510_851363,4525,150,2026-10-02T07:27:43.184,3,left,2,3,17.5,True,
run_20261002_072510_851363,4525,150,2026-10-02T07:27:43.184,4,left,3,4,18.0,True,
run_20261002_072510_851363,4525,150,2026-10-02T07:27:43.184,5,left,4,5,18.5,True,
run_20261002_072510_851363,4525,150,2026-10-02T07:27:43.184,6,left,5,6,18.0,True,
run_20261002_072510_851363,4525,150,2026-10-02T07:27:43.184,7,left,6,7,18.0,True,
run_20261002_072510_851363,4525,150,2026-10-02T07:27:43.184,8,left,7,8,18.0,True,
run_20261002_072510_851363,4525,150,2026-10-02T07:27:43.184,9,left,8,9,18.0,True,
run_20261002_072510_851363,4525,150,2026-10-02T07:27:43.184,10,left,9,10,18.0,True,
run_20261002_072510_851363,4525,150,2026-10-02T07:27:43.184,11,left,10,11,17.5,True,
run_20261002_072510_851363,4525,150,2026-10-02T07:27:43.184,12,left,11,12,18.0,True,
run_20261002_072510_851363,4525,150,2026-10-02T07:27:43.184,1,right,0,1,18.5,True,
run_20261002_072510_851363,4525,150,2026-10-02T07:27:43.184,2,right,1,2,18.0,True,
run_20261002_072510_851363,4525,150,2026-10-02T07:27:43.184,3,right,2,3,17.5,True,
run_20261002_072510_851363,4525,150,2026-10-02T07:27:43.184,4,right,3,4,19.0,True,
run_20261002_072510_851363,4525,150,2026-10-02T07:27:43.184,5,right,4,5,18.0,True,
run_20261002_072510_851363,4525,150,2026-10-02T07:27:43.184,6,right,5,6,18.0,True,
run_20261002_072510_851363,4525,150,2026-10-02T07:27:43.184,7,right,6,7,18.0,True,
run_20261002_072510_851363,4525,150,2026-10-02T07:27:43.184,8,right,7,8,18.0,True,
run_20261002_072510_851363,4525,150,2026-10-02T07:27:43.184,9,right,8,9,18.0,True,
run_20261002_072510_851363,4525,150,2026-10-02T07:27:43.184,10,right,9,10,18.0,True,
run_20261002_072510_851363,4525,150,2026-10-02T07:27:43.184,11,right,10,11,17.5,True,
run_20261002_072510_851363,4525,150,2026-10-02T07:27:43.184,12,right,11,12,18.0,True,
run_20261002_072510_851363,4556,151,2026-10-02T07:27:44.225,1,left,0,1,18.5,True,
run_20261002_072510_851363,4556,151,2026-10-02T07:27:44.225,2,left,1,2,18.0,True,
run_20261002_072510_851363,4556,151,2026-10-02T07:27:44.225,3,left,2,3,18.0,True,
run_20261002_072510_851363,4556,151,2026-10-02T07:27:44.225,4,left,3,4,17.5,True,
run_20261002_072510_851363,4556,151,2026-10-02T07:27:44.225,5,left,4,5,18.5,True,
run_20261002_072510_851363,4556,151,2026-10-02T07:27:44.225,6,left,5,6,18.0,True,
run_20261002_072510_851363,4556,151,2026-10-02T07:27:44.225,7,left,6,7,18.0,True,
run_20261002_072510_851363,4556,151,2026-10-02T07:27:44.225,8,left,7,8,18.0,True,
run_20261002_072510_851363,4556,151,2026-10-02T07:27:44.225,9,left,8,9,18.0,True,
run_20261002_072510_851363,4556,151,2026-10-02T07:27:44.225,10,left,9,10,18.0,True,
run_20261002_072510_851363,4556,151,2026-10-02T07:27:44.225,11,left,10,11,17.5,True,
run_20261002_072510_851363,4556,151,2026-10-02T07:27:44.225,12,left,11,12,18.0,True,
run_20261002_072510_851363,4556,151,2026-10-02T07:27:44.225,1,right,0,1,18.5,True,
run_20261002_072510_851363,4556,151,2026-10-02T07:27:44.225,2,right,1,2,18.0,True,
run_20261002_072510_851363,4556,151,2026-10-02T07:27:44.225,3,right,2,3,17.5,True,
run_20261002_072510_851363,4556,151,2026-10-02T07:27:44.225,4,right,3,4,18.5,True,
run_20261002_072510_851363,4556,151,2026-10-02T07:27:44.225,5,right,4,5,18.5,True,
run_20261002_072510_851363,4556,151,2026-10-02T07:27:44.225,6,right,5,6,18.0,True,
run_20261002_072510_851363,4556,151,2026-10-02T07:27:44.225,7,right,6,7,18.0,True,
run_20261002_072510_851363,4556,151,2026-10-02T07:27:44.225,8,right,7,8,18.0,True,
run_20261002_072510_851363,4556,151,2026-10-02T07:27:44.225,9,right,8,9,18.0,True,
run_20261002_072510_851363,4556,151,2026-10-02T07:27:44.225,10,right,9,10,18.0,True,
run_20261002_072510_851363,4556,151,2026-10-02T07:27:44.225,11,right,10,11,17.5,True,
run_20261002_072510_851363,4556,151,2026-10-02T07:27:44.225,12,right,11,12,18.0,True,
run_20261002_072510_851363,4587,152,2026-10-02T07:27:45.242,1,left,0,1,18.0,True,
run_20261002_072510_851363,4587,152,2026-10-02T07:27:45.242,2,left,1,2,18.5,True,
run_20261002_072510_851363,4587,152,2026-10-02T07:27:45.242,3,left,2,3,18.0,True,
run_20261002_072510_851363,4587,152,2026-10-02T07:27:45.242,4,left,3,4,17.5,True,
run_20261002_072510_851363,4587,152,2026-10-02T07:27:45.242,5,left,4,5,18.5,True,
run_20261002_072510_851363,4587,152,2026-10-02T07:27:45.242,6,left,5,6,18.0,True,
run_20261002_072510_851363,4587,152,2026-10-02T07:27:45.242,7,left,6,7,18.0,True,
run_20261002_072510_851363,4587,152,2026-10-02T07:27:45.242,8,left,7,8,18.0,True,
run_20261002_072510_851363,4587,152,2026-10-02T07:27:45.242,9,left,8,9,18.0,True,
run_20261002_072510_851363,4587,152,2026-10-02T07:27:45.242,10,left,9,10,18.0,True,
run_20261002_072510_851363,4587,152,2026-10-02T07:27:45.242,11,left,10,11,17.5,True,
run_20261002_072510_851363,4587,152,2026-10-02T07:27:45.242,12,left,11,12,18.0,True,
run_20261002_072510_851363,4587,152,2026-10-02T07:27:45.242,1,right,0,1,18.5,True,
run_20261002_072510_851363,4587,152,2026-10-02T07:27:45.242,2,right,1,2,18.0,True,
run_20261002_072510_851363,4587,152,2026-10-02T07:27:45.242,3,right,2,3,17.5,True,
run_20261002_072510_851363,4587,152,2026-10-02T07:27:45.242,4,right,3,4,19.0,True,
run_20261002_072510_851363,4587,152,2026-10-02T07:27:45.242,5,right,4,5,18.0,True,
run_20261002_072510_851363,4587,152,2026-10-02T07:27:45.242,6,right,5,6,18.0,True,
run_20261002_072510_851363,4587,152,2026-10-02T07:27:45.242,7,right,6,7,18.0,True,
run_20261002_072510_851363,4587,152,2026-10-02T07:27:45.242,8,right,7,8,18.0,True,
run_20261002_072510_851363,4587,152,2026-10-02T07:27:45.242,9,right,8,9,18.0,True,
run_20261002_072510_851363,4587,152,2026-10-02T07:27:45.242,10,right,9,10,18.0,True,
run_20261002_072510_851363,4587,152,2026-10-02T07:27:45.242,11,right,10,11,17.5,True,
run_20261002_072510_851363,4587,152,2026-10-02T07:27:45.242,12,right,11,12,18.0,True,
run_20261002_072510_851363,4617,153,2026-10-02T07:27:46.247,1,left,0,1,18.5,True,
run_20261002_072510_851363,4617,153,2026-10-02T07:27:46.247,2,left,1,2,18.0,True,
run_20261002_072510_851363,4617,153,2026-10-02T07:27:46.247,3,left,2,3,18.0,True,
run_20261002_072510_851363,4617,153,2026-10-02T07:27:46.247,4,left,3,4,17.5,True,
run_20261002_072510_851363,4617,153,2026-10-02T07:27:46.247,5,left,4,5,18.5,True,
run_20261002_072510_851363,4617,153,2026-10-02T07:27:46.247,6,left,5,6,18.0,True,
run_20261002_072510_851363,4617,153,2026-10-02T07:27:46.247,7,left,6,7,18.0,True,
run_20261002_072510_851363,4617,153,2026-10-02T07:27:46.247,8,left,7,8,18.0,True,
run_20261002_072510_851363,4617,153,2026-10-02T07:27:46.247,9,left,8,9,18.0,True,
run_20261002_072510_851363,4617,153,2026-10-02T07:27:46.247,10,left,9,10,18.0,True,
run_20261002_072510_851363,4617,153,2026-10-02T07:27:46.247,11,left,10,11,17.5,True,
run_20261002_072510_851363,4617,153,2026-10-02T07:27:46.247,12,left,11,12,18.0,True,
run_20261002_072510_851363,4617,153,2026-10-02T07:27:46.247,1,right,0,1,18.5,True,
run_20261002_072510_851363,4617,153,2026-10-02T07:27:46.247,2,right,1,2,18.0,True,
run_20261002_072510_851363,4617,153,2026-10-02T07:27:46.247,3,right,2,3,17.5,True,
run_20261002_072510_851363,4617,153,2026-10-02T07:27:46.247,4,right,3,4,19.0,True,
run_20261002_072510_851363,4617,153,2026-10-02T07:27:46.247,5,right,4,5,18.0,True,
run_20261002_072510_851363,4617,153,2026-10-02T07:27:46.247,6,right,5,6,18.0,True,
run_20261002_072510_851363,4617,153,2026-10-02T07:27:46.247,7,right,6,7,18.0,True,
run_20261002_072510_851363,4617,153,2026-10-02T07:27:46.247,8,right,7,8,18.0,True,
run_20261002_072510_851363,4617,153,2026-10-02T07:27:46.247,9,right,8,9,18.0,True,
run_20261002_072510_851363,4617,153,2026-10-02T07:27:46.247,10,right,9,10,18.0,True,
run_20261002_072510_851363,4617,153,2026-10-02T07:27:46.247,11,right,10,11,17.5,True,
run_20261002_072510_851363,4617,153,2026-10-02T07:27:46.247,12,right,11,12,18.0,True,
run_20261002_072510_851363,4648,154,2026-10-02T07:27:47.277,1,left,0,1,18.5,True,
run_20261002_072510_851363,4648,154,2026-10-02T07:27:47.277,2,left,1,2,18.0,True,
run_20261002_072510_851363,4648,154,2026-10-02T07:27:47.277,3,left,2,3,18.0,True,
run_20261002_072510_851363,4648,154,2026-10-02T07:27:47.277,4,left,3,4,17.5,True,
run_20261002_072510_851363,4648,154,2026-10-02T07:27:47.277,5,left,4,5,18.5,True,
run_20261002_072510_851363,4648,154,2026-10-02T07:27:47.277,6,left,5,6,18.0,True,
run_20261002_072510_851363,4648,154,2026-10-02T07:27:47.277,7,left,6,7,18.0,True,
run_20261002_072510_851363,4648,154,2026-10-02T07:27:47.277,8,left,7,8,18.0,True,
run_20261002_072510_851363,4648,154,2026-10-02T07:27:47.277,9,left,8,9,18.0,True,
run_20261002_072510_851363,4648,154,2026-10-02T07:27:47.277,10,left,9,10,18.0,True,
run_20261002_072510_851363,4648,154,2026-10-02T07:27:47.277,11,left,10,11,17.5,True,
run_20261002_072510_851363,4648,154,2026-10-02T07:27:47.277,12,left,11,12,18.0,True,
run_20261002_072510_851363,4648,154,2026-10-02T07:27:47.277,1,right,0,1,18.5,True,
run_20261002_072510_851363,4648,154,2026-10-02T07:27:47.277,2,right,1,2,18.0,True,
run_20261002_072510_851363,4648,154,2026-10-02T07:27:47.277,3,right,2,3,17.5,True,
run_20261002_072510_851363,4648,154,2026-10-02T07:27:47.277,4,right,3,4,19.0,True,
run_20261002_072510_851363,4648,154,2026-10-02T07:27:47.277,5,right,4,5,18.0,True,
run_20261002_072510_851363,4648,154,2026-10-02T07:27:47.277,6,right,5,6,18.0,True,
run_20261002_072510_851363,4648,154,2026-10-02T07:27:47.277,7,right,6,7,18.0,True,
run_20261002_072510_851363,4648,154,2026-10-02T07:27:47.277,8,right,7,8,18.0,True,
run_20261002_072510_851363,4648,154,2026-10-02T07:27:47.277,9,right,8,9,18.0,True,
run_20261002_072510_851363,4648,154,2026-10-02T07:27:47.277,10,right,9,10,18.0,True,
run_20261002_072510_851363,4648,154,2026-10-02T07:27:47.277,11,right,10,11,17.5,True,
run_20261002_072510_851363,4648,154,2026-10-02T07:27:47.277,12,right,11,12,18.0,True,
run_20261002_072510_851363,4678,155,2026-10-02T07:27:48.283,1,left,0,1,18.0,True,
run_20261002_072510_851363,4678,155,2026-10-02T07:27:48.283,2,left,1,2,18.5,True,
run_20261002_072510_851363,4678,155,2026-10-02T07:27:48.283,3,left,2,3,17.5,True,
run_20261002_072510_851363,4678,155,2026-10-02T07:27:48.283,4,left,3,4,18.0,True,
run_20261002_072510_851363,4678,155,2026-10-02T07:27:48.283,5,left,4,5,18.5,True,
run_20261002_072510_851363,4678,155,2026-10-02T07:27:48.283,6,left,5,6,18.0,True,
run_20261002_072510_851363,4678,155,2026-10-02T07:27:48.283,7,left,6,7,18.0,True,
run_20261002_072510_851363,4678,155,2026-10-02T07:27:48.283,8,left,7,8,18.0,True,
run_20261002_072510_851363,4678,155,2026-10-02T07:27:48.283,9,left,8,9,18.0,True,
run_20261002_072510_851363,4678,155,2026-10-02T07:27:48.283,10,left,9,10,18.0,True,
run_20261002_072510_851363,4678,155,2026-10-02T07:27:48.283,11,left,10,11,17.5,True,
run_20261002_072510_851363,4678,155,2026-10-02T07:27:48.283,12,left,11,12,18.0,True,
run_20261002_072510_851363,4678,155,2026-10-02T07:27:48.283,1,right,0,1,18.5,True,
run_20261002_072510_851363,4678,155,2026-10-02T07:27:48.283,2,right,1,2,18.0,True,
run_20261002_072510_851363,4678,155,2026-10-02T07:27:48.283,3,right,2,3,17.5,True,
run_20261002_072510_851363,4678,155,2026-10-02T07:27:48.283,4,right,3,4,19.0,True,
run_20261002_072510_851363,4678,155,2026-10-02T07:27:48.283,5,right,4,5,18.0,True,
run_20261002_072510_851363,4678,155,2026-10-02T07:27:48.283,6,right,5,6,18.0,True,
run_20261002_072510_851363,4678,155,2026-10-02T07:27:48.283,7,right,6,7,18.0,True,
run_20261002_072510_851363,4678,155,2026-10-02T07:27:48.283,8,right,7,8,18.0,True,
run_20261002_072510_851363,4678,155,2026-10-02T07:27:48.283,9,right,8,9,18.0,True,
run_20261002_072510_851363,4678,155,2026-10-02T07:27:48.283,10,right,9,10,18.0,True,
run_20261002_072510_851363,4678,155,2026-10-02T07:27:48.283,11,right,10,11,17.5,True,
run_20261002_072510_851363,4678,155,2026-10-02T07:27:48.283,12,right,11,12,18.0,True,
run_20261002_072510_851363,4709,156,2026-10-02T07:27:49.315,1,left,0,1,18.5,True,
run_20261002_072510_851363,4709,156,2026-10-02T07:27:49.315,2,left,1,2,18.0,True,
run_20261002_072510_851363,4709,156,2026-10-02T07:27:49.315,3,left,2,3,17.5,True,
run_20261002_072510_851363,4709,156,2026-10-02T07:27:49.315,4,left,3,4,18.0,True,
run_20261002_072510_851363,4709,156,2026-10-02T07:27:49.315,5,left,4,5,18.5,True,
run_20261002_072510_851363,4709,156,2026-10-02T07:27:49.315,6,left,5,6,18.0,True,
run_20261002_072510_851363,4709,156,2026-10-02T07:27:49.315,7,left,6,7,18.0,True,
run_20261002_072510_851363,4709,156,2026-10-02T07:27:49.315,8,left,7,8,18.0,True,
run_20261002_072510_851363,4709,156,2026-10-02T07:27:49.315,9,left,8,9,18.0,True,
run_20261002_072510_851363,4709,156,2026-10-02T07:27:49.315,10,left,9,10,18.0,True,
run_20261002_072510_851363,4709,156,2026-10-02T07:27:49.315,11,left,10,11,17.5,True,
run_20261002_072510_851363,4709,156,2026-10-02T07:27:49.315,12,left,11,12,18.0,True,
run_20261002_072510_851363,4709,156,2026-10-02T07:27:49.315,1,right,0,1,18.5,True,
run_20261002_072510_851363,4709,156,2026-10-02T07:27:49.315,2,right,1,2,18.0,True,
run_20261002_072510_851363,4709,156,2026-10-02T07:27:49.315,3,right,2,3,17.5,True,
run_20261002_072510_851363,4709,156,2026-10-02T07:27:49.315,4,right,3,4,19.0,True,
run_20261002_072510_851363,4709,156,2026-10-02T07:27:49.315,5,right,4,5,18.0,True,
run_20261002_072510_851363,4709,156,2026-10-02T07:27:49.315,6,right,5,6,18.0,True,
run_20261002_072510_851363,4709,156,2026-10-02T07:27:49.315,7,right,6,7,18.0,True,
run_20261002_072510_851363,4709,156,2026-10-02T07:27:49.315,8,right,7,8,18.0,True,
run_20261002_072510_851363,4709,156,2026-10-02T07:27:49.315,9,right,8,9,18.0,True,
run_20261002_072510_851363,4709,156,2026-10-02T07:27:49.315,10,right,9,10,18.0,True,
run_20261002_072510_851363,4709,156,2026-10-02T07:27:49.315,11,right,10,11,17.5,True,
run_20261002_072510_851363,4709,156,2026-10-02T07:27:49.315,12,right,11,12,18.0,True,
run_20261002_072510_851363,4740,157,2026-10-02T07:27:50.350,1,left,0,1,18.5,True,
run_20261002_072510_851363,4740,157,2026-10-02T07:27:50.350,2,left,1,2,18.0,True,
run_20261002_072510_851363,4740,157,2026-10-02T07:27:50.350,3,left,2,3,17.5,True,
run_20261002_072510_851363,4740,157,2026-10-02T07:27:50.350,4,left,3,4,18.0,True,
run_20261002_072510_851363,4740,157,2026-10-02T07:27:50.350,5,left,4,5,18.5,True,
run_20261002_072510_851363,4740,157,2026-10-02T07:27:50.350,6,left,5,6,18.0,True,
run_20261002_072510_851363,4740,157,2026-10-02T07:27:50.350,7,left,6,7,18.0,True,
run_20261002_072510_851363,4740,157,2026-10-02T07:27:50.350,8,left,7,8,18.0,True,
run_20261002_072510_851363,4740,157,2026-10-02T07:27:50.350,9,left,8,9,18.0,True,
run_20261002_072510_851363,4740,157,2026-10-02T07:27:50.350,10,left,9,10,18.0,True,
run_20261002_072510_851363,4740,157,2026-10-02T07:27:50.350,11,left,10,11,17.5,True,
run_20261002_072510_851363,4740,157,2026-10-02T07:27:50.350,12,left,11,12,18.0,True,
run_20261002_072510_851363,4740,157,2026-10-02T07:27:50.350,1,right,0,1,18.5,True,
run_20261002_072510_851363,4740,157,2026-10-02T07:27:50.350,2,right,1,2,18.0,True,
run_20261002_072510_851363,4740,157,2026-10-02T07:27:50.350,3,right,2,3,17.5,True,
run_20261002_072510_851363,4740,157,2026-10-02T07:27:50.350,4,right,3,4,19.0,True,
run_20261002_072510_851363,4740,157,2026-10-02T07:27:50.350,5,right,4,5,18.0,True,
run_20261002_072510_851363,4740,157,2026-10-02T07:27:50.350,6,right,5,6,18.0,True,
run_20261002_072510_851363,4740,157,2026-10-02T07:27:50.350,7,right,6,7,18.0,True,
run_20261002_072510_851363,4740,157,2026-10-02T07:27:50.350,8,right,7,8,18.0,True,
run_20261002_072510_851363,4740,157,2026-10-02T07:27:50.350,9,right,8,9,18.0,True,
run_20261002_072510_851363,4740,157,2026-10-02T07:27:50.350,10,right,9,10,18.0,True,
run_20261002_072510_851363,4740,157,2026-10-02T07:27:50.350,11,right,10,11,17.5,True,
run_20261002_072510_851363,4740,157,2026-10-02T07:27:50.350,12,right,11,12,18.0,True,
run_20261002_072510_851363,4771,158,2026-10-02T07:27:51.376,1,left,0,1,18.0,True,
run_20261002_072510_851363,4771,158,2026-10-02T07:27:51.376,2,left,1,2,18.5,True,
run_20261002_072510_851363,4771,158,2026-10-02T07:27:51.376,3,left,2,3,17.5,True,
run_20261002_072510_851363,4771,158,2026-10-02T07:27:51.376,4,left,3,4,18.0,True,
run_20261002_072510_851363,4771,158,2026-10-02T07:27:51.376,5,left,4,5,18.0,True,
run_20261002_072510_851363,4771,158,2026-10-02T07:27:51.376,6,left,5,6,18.5,True,
run_20261002_072510_851363,4771,158,2026-10-02T07:27:51.376,7,left,6,7,18.0,True,
run_20261002_072510_851363,4771,158,2026-10-02T07:27:51.376,8,left,7,8,18.0,True,
run_20261002_072510_851363,4771,158,2026-10-02T07:27:51.376,9,left,8,9,18.0,True,
run_20261002_072510_851363,4771,158,2026-10-02T07:27:51.376,10,left,9,10,17.5,True,
run_20261002_072510_851363,4771,158,2026-10-02T07:27:51.376,11,left,10,11,18.0,True,
run_20261002_072510_851363,4771,158,2026-10-02T07:27:51.376,12,left,11,12,18.0,True,
run_20261002_072510_851363,4771,158,2026-10-02T07:27:51.376,1,right,0,1,18.5,True,
run_20261002_072510_851363,4771,158,2026-10-02T07:27:51.376,2,right,1,2,18.0,True,
run_20261002_072510_851363,4771,158,2026-10-02T07:27:51.376,3,right,2,3,18.0,True,
run_20261002_072510_851363,4771,158,2026-10-02T07:27:51.376,4,right,3,4,18.5,True,
run_20261002_072510_851363,4771,158,2026-10-02T07:27:51.376,5,right,4,5,18.0,True,
run_20261002_072510_851363,4771,158,2026-10-02T07:27:51.376,6,right,5,6,18.0,True,
run_20261002_072510_851363,4771,158,2026-10-02T07:27:51.376,7,right,6,7,18.0,True,
run_20261002_072510_851363,4771,158,2026-10-02T07:27:51.376,8,right,7,8,18.0,True,
run_20261002_072510_851363,4771,158,2026-10-02T07:27:51.376,9,right,8,9,18.0,True,
run_20261002_072510_851363,4771,158,2026-10-02T07:27:51.376,10,right,9,10,18.0,True,
run_20261002_072510_851363,4771,158,2026-10-02T07:27:51.376,11,right,10,11,17.5,True,
run_20261002_072510_851363,4771,158,2026-10-02T07:27:51.376,12,right,11,12,18.0,True,
run_20261002_072510_851363,4801,159,2026-10-02T07:27:52.379,1,left,0,1,18.5,True,
run_20261002_072510_851363,4801,159,2026-10-02T07:27:52.379,2,left,1,2,18.0,True,
run_20261002_072510_851363,4801,159,2026-10-02T07:27:52.379,3,left,2,3,17.5,True,
run_20261002_072510_851363,4801,159,2026-10-02T07:27:52.379,4,left,3,4,18.0,True,
run_20261002_072510_851363,4801,159,2026-10-02T07:27:52.379,5,left,4,5,18.5,True,
run_20261002_072510_851363,4801,159,2026-10-02T07:27:52.379,6,left,5,6,18.0,True,
run_20261002_072510_851363,4801,159,2026-10-02T07:27:52.379,7,left,6,7,18.0,True,
run_20261002_072510_851363,4801,159,2026-10-02T07:27:52.379,8,left,7,8,18.0,True,
run_20261002_072510_851363,4801,159,2026-10-02T07:27:52.379,9,left,8,9,18.0,True,
run_20261002_072510_851363,4801,159,2026-10-02T07:27:52.379,10,left,9,10,18.0,True,
run_20261002_072510_851363,4801,159,2026-10-02T07:27:52.379,11,left,10,11,17.5,True,
run_20261002_072510_851363,4801,159,2026-10-02T07:27:52.379,12,left,11,12,18.0,True,
run_20261002_072510_851363,4801,159,2026-10-02T07:27:52.379,1,right,0,1,18.5,True,
run_20261002_072510_851363,4801,159,2026-10-02T07:27:52.379,2,right,1,2,18.0,True,
run_20261002_072510_851363,4801,159,2026-10-02T07:27:52.379,3,right,2,3,18.0,True,
run_20261002_072510_851363,4801,159,2026-10-02T07:27:52.379,4,right,3,4,18.5,True,
run_20261002_072510_851363,4801,159,2026-10-02T07:27:52.379,5,right,4,5,18.0,True,
run_20261002_072510_851363,4801,159,2026-10-02T07:27:52.379,6,right,5,6,18.0,True,
run_20261002_072510_851363,4801,159,2026-10-02T07:27:52.379,7,right,6,7,18.0,True,
run_20261002_072510_851363,4801,159,2026-10-02T07:27:52.379,8,right,7,8,18.0,True,
run_20261002_072510_851363,4801,159,2026-10-02T07:27:52.379,9,right,8,9,18.0,True,
run_20261002_072510_851363,4801,159,2026-10-02T07:27:52.379,10,right,9,10,18.0,True,
run_20261002_072510_851363,4801,159,2026-10-02T07:27:52.379,11,right,10,11,17.5,True,
run_20261002_072510_851363,4801,159,2026-10-02T07:27:52.379,12,right,11,12,18.0,True,
run_20261002_072510_851363,4832,160,2026-10-02T07:27:53.417,1,left,0,1,18.0,True,
run_20261002_072510_851363,4832,160,2026-10-02T07:27:53.417,2,left,1,2,18.5,True,
run_20261002_072510_851363,4832,160,2026-10-02T07:27:53.417,3,left,2,3,17.5,True,
run_20261002_072510_851363,4832,160,2026-10-02T07:27:53.417,4,left,3,4,18.0,True,
run_20261002_072510_851363,4832,160,2026-10-02T07:27:53.417,5,left,4,5,18.5,True,
run_20261002_072510_851363,4832,160,2026-10-02T07:27:53.417,6,left,5,6,18.0,True,
run_20261002_072510_851363,4832,160,2026-10-02T07:27:53.417,7,left,6,7,18.0,True,
run_20261002_072510_851363,4832,160,2026-10-02T07:27:53.417,8,left,7,8,18.0,True,
run_20261002_072510_851363,4832,160,2026-10-02T07:27:53.417,9,left,8,9,18.0,True,
run_20261002_072510_851363,4832,160,2026-10-02T07:27:53.417,10,left,9,10,18.0,True,
run_20261002_072510_851363,4832,160,2026-10-02T07:27:53.417,11,left,10,11,17.5,True,
run_20261002_072510_851363,4832,160,2026-10-02T07:27:53.417,12,left,11,12,18.0,True,
run_20261002_072510_851363,4832,160,2026-10-02T07:27:53.417,1,right,0,1,18.5,True,
run_20261002_072510_851363,4832,160,2026-10-02T07:27:53.417,2,right,1,2,18.0,True,
run_20261002_072510_851363,4832,160,2026-10-02T07:27:53.417,3,right,2,3,18.0,True,
run_20261002_072510_851363,4832,160,2026-10-02T07:27:53.417,4,right,3,4,18.5,True,
run_20261002_072510_851363,4832,160,2026-10-02T07:27:53.417,5,right,4,5,18.0,True,
run_20261002_072510_851363,4832,160,2026-10-02T07:27:53.417,6,right,5,6,18.0,True,
run_20261002_072510_851363,4832,160,2026-10-02T07:27:53.417,7,right,6,7,18.0,True,
run_20261002_072510_851363,4832,160,2026-10-02T07:27:53.417,8,right,7,8,18.0,True,
run_20261002_072510_851363,4832,160,2026-10-02T07:27:53.417,9,right,8,9,18.0,True,
run_20261002_072510_851363,4832,160,2026-10-02T07:27:53.417,10,right,9,10,18.0,True,
run_20261002_072510_851363,4832,160,2026-10-02T07:27:53.417,11,right,10,11,17.5,True,
run_20261002_072510_851363,4832,160,2026-10-02T07:27:53.417,12,right,11,12,18.0,True,
run_20261002_072510_851363,4863,161,2026-10-02T07:27:54.442,1,left,0,1,18.0,True,
run_20261002_072510_851363,4863,161,2026-10-02T07:27:54.442,2,left,1,2,18.0,True,
run_20261002_072510_851363,4863,161,2026-10-02T07:27:54.442,3,left,2,3,18.0,True,
run_20261002_072510_851363,4863,161,2026-10-02T07:27:54.442,4,left,3,4,18.0,True,
run_20261002_072510_851363,4863,161,2026-10-02T07:27:54.442,5,left,4,5,18.5,True,
run_20261002_072510_851363,4863,161,2026-10-02T07:27:54.442,6,left,5,6,18.0,True,
run_20261002_072510_851363,4863,161,2026-10-02T07:27:54.442,7,left,6,7,18.0,True,
run_20261002_072510_851363,4863,161,2026-10-02T07:27:54.442,8,left,7,8,18.0,True,
run_20261002_072510_851363,4863,161,2026-10-02T07:27:54.442,9,left,8,9,18.0,True,
run_20261002_072510_851363,4863,161,2026-10-02T07:27:54.442,10,left,9,10,18.0,True,
run_20261002_072510_851363,4863,161,2026-10-02T07:27:54.442,11,left,10,11,17.5,True,
run_20261002_072510_851363,4863,161,2026-10-02T07:27:54.442,12,left,11,12,18.0,True,
run_20261002_072510_851363,4863,161,2026-10-02T07:27:54.442,1,right,0,1,18.5,True,
run_20261002_072510_851363,4863,161,2026-10-02T07:27:54.442,2,right,1,2,18.0,True,
run_20261002_072510_851363,4863,161,2026-10-02T07:27:54.442,3,right,2,3,18.5,True,
run_20261002_072510_851363,4863,161,2026-10-02T07:27:54.442,4,right,3,4,18.0,True,
run_20261002_072510_851363,4863,161,2026-10-02T07:27:54.442,5,right,4,5,18.0,True,
run_20261002_072510_851363,4863,161,2026-10-02T07:27:54.442,6,right,5,6,18.0,True,
run_20261002_072510_851363,4863,161,2026-10-02T07:27:54.442,7,right,6,7,18.0,True,
run_20261002_072510_851363,4863,161,2026-10-02T07:27:54.442,8,right,7,8,18.0,True,
run_20261002_072510_851363,4863,161,2026-10-02T07:27:54.442,9,right,8,9,18.0,True,
run_20261002_072510_851363,4863,161,2026-10-02T07:27:54.442,10,right,9,10,18.0,True,
run_20261002_072510_851363,4863,161,2026-10-02T07:27:54.442,11,right,10,11,17.5,True,
run_20261002_072510_851363,4863,161,2026-10-02T07:27:54.442,12,right,11,12,18.0,True,
run_20261002_072510_851363,4893,162,2026-10-02T07:27:55.445,1,left,0,1,18.5,True,
run_20261002_072510_851363,4893,162,2026-10-02T07:27:55.445,2,left,1,2,17.5,True,
run_20261002_072510_851363,4893,162,2026-10-02T07:27:55.445,3,left,2,3,18.0,True,
run_20261002_072510_851363,4893,162,2026-10-02T07:27:55.445,4,left,3,4,18.0,True,
run_20261002_072510_851363,4893,162,2026-10-02T07:27:55.445,5,left,4,5,18.5,True,
run_20261002_072510_851363,4893,162,2026-10-02T07:27:55.445,6,left,5,6,18.0,True,
run_20261002_072510_851363,4893,162,2026-10-02T07:27:55.445,7,left,6,7,18.0,True,
run_20261002_072510_851363,4893,162,2026-10-02T07:27:55.445,8,left,7,8,18.0,True,
run_20261002_072510_851363,4893,162,2026-10-02T07:27:55.445,9,left,8,9,18.0,True,
run_20261002_072510_851363,4893,162,2026-10-02T07:27:55.445,10,left,9,10,18.0,True,
run_20261002_072510_851363,4893,162,2026-10-02T07:27:55.445,11,left,10,11,17.5,True,
run_20261002_072510_851363,4893,162,2026-10-02T07:27:55.445,12,left,11,12,18.0,True,
run_20261002_072510_851363,4893,162,2026-10-02T07:27:55.445,1,right,0,1,18.5,True,
run_20261002_072510_851363,4893,162,2026-10-02T07:27:55.445,2,right,1,2,18.0,True,
run_20261002_072510_851363,4893,162,2026-10-02T07:27:55.445,3,right,2,3,17.5,True,
run_20261002_072510_851363,4893,162,2026-10-02T07:27:55.445,4,right,3,4,19.0,True,
run_20261002_072510_851363,4893,162,2026-10-02T07:27:55.445,5,right,4,5,18.0,True,
run_20261002_072510_851363,4893,162,2026-10-02T07:27:55.445,6,right,5,6,18.0,True,
run_20261002_072510_851363,4893,162,2026-10-02T07:27:55.445,7,right,6,7,18.0,True,
run_20261002_072510_851363,4893,162,2026-10-02T07:27:55.445,8,right,7,8,18.0,True,
run_20261002_072510_851363,4893,162,2026-10-02T07:27:55.445,9,right,8,9,18.0,True,
run_20261002_072510_851363,4893,162,2026-10-02T07:27:55.445,10,right,9,10,18.0,True,
run_20261002_072510_851363,4893,162,2026-10-02T07:27:55.445,11,right,10,11,17.5,True,
run_20261002_072510_851363,4893,162,2026-10-02T07:27:55.445,12,right,11,12,18.0,True,
run_20261002_072510_851363,4924,163,2026-10-02T07:27:56.476,1,left,0,1,18.5,True,
run_20261002_072510_851363,4924,163,2026-10-02T07:27:56.476,2,left,1,2,18.0,True,
run_20261002_072510_851363,4924,163,2026-10-02T07:27:56.476,3,left,2,3,17.5,True,
run_20261002_072510_851363,4924,163,2026-10-02T07:27:56.476,4,left,3,4,18.0,True,
run_20261002_072510_851363,4924,163,2026-10-02T07:27:56.476,5,left,4,5,18.5,True,
run_20261002_072510_851363,4924,163,2026-10-02T07:27:56.476,6,left,5,6,18.0,True,
run_20261002_072510_851363,4924,163,2026-10-02T07:27:56.476,7,left,6,7,18.0,True,
run_20261002_072510_851363,4924,163,2026-10-02T07:27:56.476,8,left,7,8,18.0,True,
run_20261002_072510_851363,4924,163,2026-10-02T07:27:56.476,9,left,8,9,18.0,True,
run_20261002_072510_851363,4924,163,2026-10-02T07:27:56.476,10,left,9,10,17.5,True,
run_20261002_072510_851363,4924,163,2026-10-02T07:27:56.476,11,left,10,11,18.0,True,
run_20261002_072510_851363,4924,163,2026-10-02T07:27:56.476,12,left,11,12,18.0,True,
run_20261002_072510_851363,4924,163,2026-10-02T07:27:56.476,1,right,0,1,18.5,True,
run_20261002_072510_851363,4924,163,2026-10-02T07:27:56.476,2,right,1,2,18.0,True,
run_20261002_072510_851363,4924,163,2026-10-02T07:27:56.476,3,right,2,3,17.5,True,
run_20261002_072510_851363,4924,163,2026-10-02T07:27:56.476,4,right,3,4,19.0,True,
run_20261002_072510_851363,4924,163,2026-10-02T07:27:56.476,5,right,4,5,18.0,True,
run_20261002_072510_851363,4924,163,2026-10-02T07:27:56.476,6,right,5,6,18.0,True,
run_20261002_072510_851363,4924,163,2026-10-02T07:27:56.476,7,right,6,7,18.0,True,
run_20261002_072510_851363,4924,163,2026-10-02T07:27:56.476,8,right,7,8,18.0,True,
run_20261002_072510_851363,4924,163,2026-10-02T07:27:56.476,9,right,8,9,18.0,True,
run_20261002_072510_851363,4924,163,2026-10-02T07:27:56.476,10,right,9,10,18.0,True,
run_20261002_072510_851363,4924,163,2026-10-02T07:27:56.476,11,right,10,11,17.5,True,
run_20261002_072510_851363,4924,163,2026-10-02T07:27:56.476,12,right,11,12,18.0,True,
run_20261002_072510_851363,4954,164,2026-10-02T07:27:57.477,1,left,0,1,18.0,True,
run_20261002_072510_851363,4954,164,2026-10-02T07:27:57.477,2,left,1,2,18.5,True,
run_20261002_072510_851363,4954,164,2026-10-02T07:27:57.477,3,left,2,3,17.5,True,
run_20261002_072510_851363,4954,164,2026-10-02T07:27:57.477,4,left,3,4,18.0,True,
run_20261002_072510_851363,4954,164,2026-10-02T07:27:57.477,5,left,4,5,18.5,True,
run_20261002_072510_851363,4954,164,2026-10-02T07:27:57.477,6,left,5,6,18.0,True,
run_20261002_072510_851363,4954,164,2026-10-02T07:27:57.477,7,left,6,7,18.0,True,
run_20261002_072510_851363,4954,164,2026-10-02T07:27:57.477,8,left,7,8,18.0,True,
run_20261002_072510_851363,4954,164,2026-10-02T07:27:57.477,9,left,8,9,18.0,True,
run_20261002_072510_851363,4954,164,2026-10-02T07:27:57.477,10,left,9,10,18.0,True,
run_20261002_072510_851363,4954,164,2026-10-02T07:27:57.477,11,left,10,11,17.5,True,
run_20261002_072510_851363,4954,164,2026-10-02T07:27:57.477,12,left,11,12,18.0,True,
run_20261002_072510_851363,4954,164,2026-10-02T07:27:57.477,1,right,0,1,18.5,True,
run_20261002_072510_851363,4954,164,2026-10-02T07:27:57.477,2,right,1,2,18.0,True,
run_20261002_072510_851363,4954,164,2026-10-02T07:27:57.477,3,right,2,3,18.0,True,
run_20261002_072510_851363,4954,164,2026-10-02T07:27:57.477,4,right,3,4,18.5,True,
run_20261002_072510_851363,4954,164,2026-10-02T07:27:57.477,5,right,4,5,18.0,True,
run_20261002_072510_851363,4954,164,2026-10-02T07:27:57.477,6,right,5,6,18.0,True,
run_20261002_072510_851363,4954,164,2026-10-02T07:27:57.477,7,right,6,7,18.0,True,
run_20261002_072510_851363,4954,164,2026-10-02T07:27:57.477,8,right,7,8,18.0,True,
run_20261002_072510_851363,4954,164,2026-10-02T07:27:57.477,9,right,8,9,18.0,True,
run_20261002_072510_851363,4954,164,2026-10-02T07:27:57.477,10,right,9,10,18.0,True,
run_20261002_072510_851363,4954,164,2026-10-02T07:27:57.477,11,right,10,11,17.5,True,
run_20261002_072510_851363,4954,164,2026-10-02T07:27:57.477,12,right,11,12,18.0,True,
run_20261002_072510_851363,4984,165,2026-10-02T07:27:58.480,1,left,0,1,18.0,True,
run_20261002_072510_851363,4984,165,2026-10-02T07:27:58.480,2,left,1,2,18.5,True,
run_20261002_072510_851363,4984,165,2026-10-02T07:27:58.480,3,left,2,3,17.5,True,
run_20261002_072510_851363,4984,165,2026-10-02T07:27:58.480,4,left,3,4,18.0,True,
run_20261002_072510_851363,4984,165,2026-10-02T07:27:58.480,5,left,4,5,18.5,True,
run_20261002_072510_851363,4984,165,2026-10-02T07:27:58.480,6,left,5,6,18.0,True,
run_20261002_072510_851363,4984,165,2026-10-02T07:27:58.480,7,left,6,7,18.0,True,
run_20261002_072510_851363,4984,165,2026-10-02T07:27:58.480,8,left,7,8,18.0,True,
run_20261002_072510_851363,4984,165,2026-10-02T07:27:58.480,9,left,8,9,18.0,True,
run_20261002_072510_851363,4984,165,2026-10-02T07:27:58.480,10,left,9,10,18.0,True,
run_20261002_072510_851363,4984,165,2026-10-02T07:27:58.480,11,left,10,11,17.5,True,
run_20261002_072510_851363,4984,165,2026-10-02T07:27:58.480,12,left,11,12,18.0,True,
run_20261002_072510_851363,4984,165,2026-10-02T07:27:58.480,1,right,0,1,18.5,True,
run_20261002_072510_851363,4984,165,2026-10-02T07:27:58.480,2,right,1,2,18.0,True,
run_20261002_072510_851363,4984,165,2026-10-02T07:27:58.480,3,right,2,3,17.5,True,
run_20261002_072510_851363,4984,165,2026-10-02T07:27:58.480,4,right,3,4,19.0,True,
run_20261002_072510_851363,4984,165,2026-10-02T07:27:58.480,5,right,4,5,18.0,True,
run_20261002_072510_851363,4984,165,2026-10-02T07:27:58.480,6,right,5,6,18.0,True,
run_20261002_072510_851363,4984,165,2026-10-02T07:27:58.480,7,right,6,7,18.0,True,
run_20261002_072510_851363,4984,165,2026-10-02T07:27:58.480,8,right,7,8,18.0,True,
run_20261002_072510_851363,4984,165,2026-10-02T07:27:58.480,9,right,8,9,18.0,True,
run_20261002_072510_851363,4984,165,2026-10-02T07:27:58.480,10,right,9,10,18.0,True,
run_20261002_072510_851363,4984,165,2026-10-02T07:27:58.480,11,right,10,11,17.5,True,
run_20261002_072510_851363,4984,165,2026-10-02T07:27:58.480,12,right,11,12,18.0,True,
run_20261002_072510_851363,5015,166,2026-10-02T07:27:59.511,1,left,0,1,18.0,True,
run_20261002_072510_851363,5015,166,2026-10-02T07:27:59.511,2,left,1,2,18.5,True,
run_20261002_072510_851363,5015,166,2026-10-02T07:27:59.511,3,left,2,3,17.5,True,
run_20261002_072510_851363,5015,166,2026-10-02T07:27:59.511,4,left,3,4,18.0,True,
run_20261002_072510_851363,5015,166,2026-10-02T07:27:59.511,5,left,4,5,18.5,True,
run_20261002_072510_851363,5015,166,2026-10-02T07:27:59.511,6,left,5,6,18.0,True,
run_20261002_072510_851363,5015,166,2026-10-02T07:27:59.511,7,left,6,7,18.0,True,
run_20261002_072510_851363,5015,166,2026-10-02T07:27:59.511,8,left,7,8,18.0,True,
run_20261002_072510_851363,5015,166,2026-10-02T07:27:59.511,9,left,8,9,18.0,True,
run_20261002_072510_851363,5015,166,2026-10-02T07:27:59.511,10,left,9,10,18.0,True,
run_20261002_072510_851363,5015,166,2026-10-02T07:27:59.511,11,left,10,11,17.5,True,
run_20261002_072510_851363,5015,166,2026-10-02T07:27:59.511,12,left,11,12,18.0,True,
run_20261002_072510_851363,5015,166,2026-10-02T07:27:59.511,1,right,0,1,18.5,True,
run_20261002_072510_851363,5015,166,2026-10-02T07:27:59.511,2,right,1,2,18.0,True,
run_20261002_072510_851363,5015,166,2026-10-02T07:27:59.511,3,right,2,3,18.0,True,
run_20261002_072510_851363,5015,166,2026-10-02T07:27:59.511,4,right,3,4,18.5,True,
run_20261002_072510_851363,5015,166,2026-10-02T07:27:59.511,5,right,4,5,18.0,True,
run_20261002_072510_851363,5015,166,2026-10-02T07:27:59.511,6,right,5,6,18.0,True,
run_20261002_072510_851363,5015,166,2026-10-02T07:27:59.511,7,right,6,7,18.0,True,
run_20261002_072510_851363,5015,166,2026-10-02T07:27:59.511,8,right,7,8,18.0,True,
run_20261002_072510_851363,5015,166,2026-10-02T07:27:59.511,9,right,8,9,18.0,True,
run_20261002_072510_851363,5015,166,2026-10-02T07:27:59.511,10,right,9,10,18.0,True,
run_20261002_072510_851363,5015,166,2026-10-02T07:27:59.511,11,right,10,11,17.5,True,
run_20261002_072510_851363,5015,166,2026-10-02T07:27:59.511,12,right,11,12,18.0,True,
run_20261002_072510_851363,5045,167,2026-10-02T07:28:00.515,1,left,0,1,18.0,True,
run_20261002_072510_851363,5045,167,2026-10-02T07:28:00.515,2,left,1,2,18.5,True,
run_20261002_072510_851363,5045,167,2026-10-02T07:28:00.515,3,left,2,3,17.5,True,
run_20261002_072510_851363,5045,167,2026-10-02T07:28:00.515,4,left,3,4,18.0,True,
run_20261002_072510_851363,5045,167,2026-10-02T07:28:00.515,5,left,4,5,18.5,True,
run_20261002_072510_851363,5045,167,2026-10-02T07:28:00.515,6,left,5,6,18.0,True,
run_20261002_072510_851363,5045,167,2026-10-02T07:28:00.515,7,left,6,7,18.0,True,
run_20261002_072510_851363,5045,167,2026-10-02T07:28:00.515,8,left,7,8,18.0,True,
run_20261002_072510_851363,5045,167,2026-10-02T07:28:00.515,9,left,8,9,18.0,True,
run_20261002_072510_851363,5045,167,2026-10-02T07:28:00.515,10,left,9,10,18.0,True,
run_20261002_072510_851363,5045,167,2026-10-02T07:28:00.515,11,left,10,11,17.5,True,
run_20261002_072510_851363,5045,167,2026-10-02T07:28:00.515,12,left,11,12,18.0,True,
run_20261002_072510_851363,5045,167,2026-10-02T07:28:00.515,1,right,0,1,18.5,True,
run_20261002_072510_851363,5045,167,2026-10-02T07:28:00.515,2,right,1,2,18.0,True,
run_20261002_072510_851363,5045,167,2026-10-02T07:28:00.515,3,right,2,3,18.0,True,
run_20261002_072510_851363,5045,167,2026-10-02T07:28:00.515,4,right,3,4,18.5,True,
run_20261002_072510_851363,5045,167,2026-10-02T07:28:00.515,5,right,4,5,18.0,True,
run_20261002_072510_851363,5045,167,2026-10-02T07:28:00.515,6,right,5,6,18.0,True,
run_20261002_072510_851363,5045,167,2026-10-02T07:28:00.515,7,right,6,7,18.0,True,
run_20261002_072510_851363,5045,167,2026-10-02T07:28:00.515,8,right,7,8,18.0,True,
run_20261002_072510_851363,5045,167,2026-10-02T07:28:00.515,9,right,8,9,18.0,True,
run_20261002_072510_851363,5045,167,2026-10-02T07:28:00.515,10,right,9,10,18.0,True,
run_20261002_072510_851363,5045,167,2026-10-02T07:28:00.515,11,right,10,11,17.5,True,
run_20261002_072510_851363,5045,167,2026-10-02T07:28:00.515,12,right,11,12,18.0,True,
run_20261002_072510_851363,5074,168,2026-10-02T07:28:01.522,1,left,0,1,18.0,True,
run_20261002_072510_851363,5074,168,2026-10-02T07:28:01.522,2,left,1,2,18.5,True,
run_20261002_072510_851363,5074,168,2026-10-02T07:28:01.522,3,left,2,3,17.5,True,
run_20261002_072510_851363,5074,168,2026-10-02T07:28:01.522,4,left,3,4,18.0,True,
run_20261002_072510_851363,5074,168,2026-10-02T07:28:01.522,5,left,4,5,18.5,True,
run_20261002_072510_851363,5074,168,2026-10-02T07:28:01.522,6,left,5,6,18.0,True,
run_20261002_072510_851363,5074,168,2026-10-02T07:28:01.522,7,left,6,7,18.0,True,
run_20261002_072510_851363,5074,168,2026-10-02T07:28:01.522,8,left,7,8,18.0,True,
run_20261002_072510_851363,5074,168,2026-10-02T07:28:01.522,9,left,8,9,18.0,True,
run_20261002_072510_851363,5074,168,2026-10-02T07:28:01.522,10,left,9,10,18.0,True,
run_20261002_072510_851363,5074,168,2026-10-02T07:28:01.522,11,left,10,11,17.5,True,
run_20261002_072510_851363,5074,168,2026-10-02T07:28:01.522,12,left,11,12,18.0,True,
run_20261002_072510_851363,5074,168,2026-10-02T07:28:01.522,1,right,0,1,18.5,True,
run_20261002_072510_851363,5074,168,2026-10-02T07:28:01.522,2,right,1,2,18.0,True,
run_20261002_072510_851363,5074,168,2026-10-02T07:28:01.522,3,right,2,3,17.5,True,
run_20261002_072510_851363,5074,168,2026-10-02T07:28:01.522,4,right,3,4,19.0,True,
run_20261002_072510_851363,5074,168,2026-10-02T07:28:01.522,5,right,4,5,18.0,True,
run_20261002_072510_851363,5074,168,2026-10-02T07:28:01.522,6,right,5,6,18.0,True,
run_20261002_072510_851363,5074,168,2026-10-02T07:28:01.522,7,right,6,7,18.0,True,
run_20261002_072510_851363,5074,168,2026-10-02T07:28:01.522,8,right,7,8,18.0,True,
run_20261002_072510_851363,5074,168,2026-10-02T07:28:01.522,9,right,8,9,18.0,True,
run_20261002_072510_851363,5074,168,2026-10-02T07:28:01.522,10,right,9,10,18.0,True,
run_20261002_072510_851363,5074,168,2026-10-02T07:28:01.522,11,right,10,11,17.5,True,
run_20261002_072510_851363,5074,168,2026-10-02T07:28:01.522,12,right,11,12,18.0,True,
run_20261002_072510_851363,5105,169,2026-10-02T07:28:02.543,1,left,0,1,18.0,True,
run_20261002_072510_851363,5105,169,2026-10-02T07:28:02.543,2,left,1,2,18.5,True,
run_20261002_072510_851363,5105,169,2026-10-02T07:28:02.543,3,left,2,3,17.5,True,
run_20261002_072510_851363,5105,169,2026-10-02T07:28:02.543,4,left,3,4,18.0,True,
run_20261002_072510_851363,5105,169,2026-10-02T07:28:02.543,5,left,4,5,18.0,True,
run_20261002_072510_851363,5105,169,2026-10-02T07:28:02.543,6,left,5,6,18.5,True,
run_20261002_072510_851363,5105,169,2026-10-02T07:28:02.543,7,left,6,7,18.0,True,
run_20261002_072510_851363,5105,169,2026-10-02T07:28:02.543,8,left,7,8,18.0,True,
run_20261002_072510_851363,5105,169,2026-10-02T07:28:02.543,9,left,8,9,18.0,True,
run_20261002_072510_851363,5105,169,2026-10-02T07:28:02.543,10,left,9,10,18.0,True,
run_20261002_072510_851363,5105,169,2026-10-02T07:28:02.543,11,left,10,11,17.5,True,
run_20261002_072510_851363,5105,169,2026-10-02T07:28:02.543,12,left,11,12,18.0,True,
run_20261002_072510_851363,5105,169,2026-10-02T07:28:02.543,1,right,0,1,18.5,True,
run_20261002_072510_851363,5105,169,2026-10-02T07:28:02.543,2,right,1,2,18.0,True,
run_20261002_072510_851363,5105,169,2026-10-02T07:28:02.543,3,right,2,3,17.5,True,
run_20261002_072510_851363,5105,169,2026-10-02T07:28:02.543,4,right,3,4,19.0,True,
run_20261002_072510_851363,5105,169,2026-10-02T07:28:02.543,5,right,4,5,18.0,True,
run_20261002_072510_851363,5105,169,2026-10-02T07:28:02.543,6,right,5,6,18.0,True,
run_20261002_072510_851363,5105,169,2026-10-02T07:28:02.543,7,right,6,7,18.0,True,
run_20261002_072510_851363,5105,169,2026-10-02T07:28:02.543,8,right,7,8,18.0,True,
run_20261002_072510_851363,5105,169,2026-10-02T07:28:02.543,9,right,8,9,18.0,True,
run_20261002_072510_851363,5105,169,2026-10-02T07:28:02.543,10,right,9,10,18.0,True,
run_20261002_072510_851363,5105,169,2026-10-02T07:28:02.543,11,right,10,11,17.5,True,
run_20261002_072510_851363,5105,169,2026-10-02T07:28:02.543,12,right,11,12,18.0,True,
run_20261002_072510_851363,5135,170,2026-10-02T07:28:03.543,1,left,0,1,18.5,True,
run_20261002_072510_851363,5135,170,2026-10-02T07:28:03.543,2,left,1,2,18.0,True,
run_20261002_072510_851363,5135,170,2026-10-02T07:28:03.543,3,left,2,3,17.5,True,
run_20261002_072510_851363,5135,170,2026-10-02T07:28:03.543,4,left,3,4,18.0,True,
run_20261002_072510_851363,5135,170,2026-10-02T07:28:03.543,5,left,4,5,18.5,True,
run_20261002_072510_851363,5135,170,2026-10-02T07:28:03.543,6,left,5,6,18.0,True,
run_20261002_072510_851363,5135,170,2026-10-02T07:28:03.543,7,left,6,7,18.0,True,
run_20261002_072510_851363,5135,170,2026-10-02T07:28:03.543,8,left,7,8,18.0,True,
run_20261002_072510_851363,5135,170,2026-10-02T07:28:03.543,9,left,8,9,18.0,True,
run_20261002_072510_851363,5135,170,2026-10-02T07:28:03.543,10,left,9,10,18.0,True,
run_20261002_072510_851363,5135,170,2026-10-02T07:28:03.543,11,left,10,11,17.5,True,
run_20261002_072510_851363,5135,170,2026-10-02T07:28:03.543,12,left,11,12,18.0,True,
run_20261002_072510_851363,5135,170,2026-10-02T07:28:03.543,1,right,0,1,18.5,True,
run_20261002_072510_851363,5135,170,2026-10-02T07:28:03.543,2,right,1,2,18.0,True,
run_20261002_072510_851363,5135,170,2026-10-02T07:28:03.543,3,right,2,3,18.0,True,
run_20261002_072510_851363,5135,170,2026-10-02T07:28:03.543,4,right,3,4,18.5,True,
run_20261002_072510_851363,5135,170,2026-10-02T07:28:03.543,5,right,4,5,18.0,True,
run_20261002_072510_851363,5135,170,2026-10-02T07:28:03.543,6,right,5,6,18.0,True,
run_20261002_072510_851363,5135,170,2026-10-02T07:28:03.543,7,right,6,7,18.0,True,
run_20261002_072510_851363,5135,170,2026-10-02T07:28:03.543,8,right,7,8,18.0,True,
run_20261002_072510_851363,5135,170,2026-10-02T07:28:03.543,9,right,8,9,18.0,True,
run_20261002_072510_851363,5135,170,2026-10-02T07:28:03.543,10,right,9,10,18.0,True,
run_20261002_072510_851363,5135,170,2026-10-02T07:28:03.543,11,right,10,11,17.5,True,
run_20261002_072510_851363,5135,170,2026-10-02T07:28:03.543,12,right,11,12,18.0,True,
run_20261002_072510_851363,5165,171,2026-10-02T07:28:04.548,1,left,0,1,18.5,True,
run_20261002_072510_851363,5165,171,2026-10-02T07:28:04.548,2,left,1,2,17.5,True,
run_20261002_072510_851363,5165,171,2026-10-02T07:28:04.548,3,left,2,3,18.0,True,
run_20261002_072510_851363,5165,171,2026-10-02T07:28:04.548,4,left,3,4,18.0,True,
run_20261002_072510_851363,5165,171,2026-10-02T07:28:04.548,5,left,4,5,18.5,True,
run_20261002_072510_851363,5165,171,2026-10-02T07:28:04.548,6,left,5,6,18.0,True,
run_20261002_072510_851363,5165,171,2026-10-02T07:28:04.548,7,left,6,7,18.0,True,
run_20261002_072510_851363,5165,171,2026-10-02T07:28:04.548,8,left,7,8,18.0,True,
run_20261002_072510_851363,5165,171,2026-10-02T07:28:04.548,9,left,8,9,18.0,True,
run_20261002_072510_851363,5165,171,2026-10-02T07:28:04.548,10,left,9,10,18.0,True,
run_20261002_072510_851363,5165,171,2026-10-02T07:28:04.548,11,left,10,11,17.5,True,
run_20261002_072510_851363,5165,171,2026-10-02T07:28:04.548,12,left,11,12,18.0,True,
run_20261002_072510_851363,5165,171,2026-10-02T07:28:04.548,1,right,0,1,18.5,True,
run_20261002_072510_851363,5165,171,2026-10-02T07:28:04.548,2,right,1,2,18.0,True,
run_20261002_072510_851363,5165,171,2026-10-02T07:28:04.548,3,right,2,3,18.0,True,
run_20261002_072510_851363,5165,171,2026-10-02T07:28:04.548,4,right,3,4,18.5,True,
run_20261002_072510_851363,5165,171,2026-10-02T07:28:04.548,5,right,4,5,18.0,True,
run_20261002_072510_851363,5165,171,2026-10-02T07:28:04.548,6,right,5,6,18.0,True,
run_20261002_072510_851363,5165,171,2026-10-02T07:28:04.548,7,right,6,7,18.0,True,
run_20261002_072510_851363,5165,171,2026-10-02T07:28:04.548,8,right,7,8,18.0,True,
run_20261002_072510_851363,5165,171,2026-10-02T07:28:04.548,9,right,8,9,18.0,True,
run_20261002_072510_851363,5165,171,2026-10-02T07:28:04.548,10,right,9,10,18.0,True,
run_20261002_072510_851363,5165,171,2026-10-02T07:28:04.548,11,right,10,11,17.5,True,
run_20261002_072510_851363,5165,171,2026-10-02T07:28:04.548,12,right,11,12,18.0,True,
run_20261002_072510_851363,5196,172,2026-10-02T07:28:05.582,1,left,0,1,18.0,True,
run_20261002_072510_851363,5196,172,2026-10-02T07:28:05.582,2,left,1,2,18.0,True,
run_20261002_072510_851363,5196,172,2026-10-02T07:28:05.582,3,left,2,3,18.0,True,
run_20261002_072510_851363,5196,172,2026-10-02T07:28:05.582,4,left,3,4,18.0,True,
run_20261002_072510_851363,5196,172,2026-10-02T07:28:05.582,5,left,4,5,18.5,True,
run_20261002_072510_851363,5196,172,2026-10-02T07:28:05.582,6,left,5,6,18.0,True,
run_20261002_072510_851363,5196,172,2026-10-02T07:28:05.582,7,left,6,7,18.0,True,
run_20261002_072510_851363,5196,172,2026-10-02T07:28:05.582,8,left,7,8,18.0,True,
run_20261002_072510_851363,5196,172,2026-10-02T07:28:05.582,9,left,8,9,18.0,True,
run_20261002_072510_851363,5196,172,2026-10-02T07:28:05.582,10,left,9,10,18.0,True,
run_20261002_072510_851363,5196,172,2026-10-02T07:28:05.582,11,left,10,11,17.5,True,
run_20261002_072510_851363,5196,172,2026-10-02T07:28:05.582,12,left,11,12,18.0,True,
run_20261002_072510_851363,5196,172,2026-10-02T07:28:05.582,1,right,0,1,18.5,True,
run_20261002_072510_851363,5196,172,2026-10-02T07:28:05.582,2,right,1,2,18.0,True,
run_20261002_072510_851363,5196,172,2026-10-02T07:28:05.582,3,right,2,3,18.0,True,
run_20261002_072510_851363,5196,172,2026-10-02T07:28:05.582,4,right,3,4,18.5,True,
run_20261002_072510_851363,5196,172,2026-10-02T07:28:05.582,5,right,4,5,18.0,True,
run_20261002_072510_851363,5196,172,2026-10-02T07:28:05.582,6,right,5,6,18.0,True,
run_20261002_072510_851363,5196,172,2026-10-02T07:28:05.582,7,right,6,7,18.0,True,
run_20261002_072510_851363,5196,172,2026-10-02T07:28:05.582,8,right,7,8,18.0,True,
run_20261002_072510_851363,5196,172,2026-10-02T07:28:05.582,9,right,8,9,18.0,True,
run_20261002_072510_851363,5196,172,2026-10-02T07:28:05.582,10,right,9,10,18.0,True,
run_20261002_072510_851363,5196,172,2026-10-02T07:28:05.582,11,right,10,11,17.5,True,
run_20261002_072510_851363,5196,172,2026-10-02T07:28:05.582,12,right,11,12,18.0,True,
run_20261002_072510_851363,5227,173,2026-10-02T07:28:06.611,1,left,0,1,18.0,True,
run_20261002_072510_851363,5227,173,2026-10-02T07:28:06.611,2,left,1,2,18.5,True,
run_20261002_072510_851363,5227,173,2026-10-02T07:28:06.611,3,left,2,3,18.0,True,
run_20261002_072510_851363,5227,173,2026-10-02T07:28:06.611,4,left,3,4,18.0,True,
run_20261002_072510_851363,5227,173,2026-10-02T07:28:06.611,5,left,4,5,18.0,True,
run_20261002_072510_851363,5227,173,2026-10-02T07:28:06.611,6,left,5,6,18.0,True,
run_20261002_072510_851363,5227,173,2026-10-02T07:28:06.611,7,left,6,7,18.0,True,
run_20261002_072510_851363,5227,173,2026-10-02T07:28:06.611,8,left,7,8,18.0,True,
run_20261002_072510_851363,5227,173,2026-10-02T07:28:06.611,9,left,8,9,18.0,True,
run_20261002_072510_851363,5227,173,2026-10-02T07:28:06.611,10,left,9,10,18.0,True,
run_20261002_072510_851363,5227,173,2026-10-02T07:28:06.611,11,left,10,11,17.5,True,
run_20261002_072510_851363,5227,173,2026-10-02T07:28:06.611,12,left,11,12,18.0,True,
run_20261002_072510_851363,5227,173,2026-10-02T07:28:06.611,1,right,0,1,18.5,True,
run_20261002_072510_851363,5227,173,2026-10-02T07:28:06.611,2,right,1,2,18.0,True,
run_20261002_072510_851363,5227,173,2026-10-02T07:28:06.611,3,right,2,3,18.0,True,
run_20261002_072510_851363,5227,173,2026-10-02T07:28:06.611,4,right,3,4,18.5,True,
run_20261002_072510_851363,5227,173,2026-10-02T07:28:06.611,5,right,4,5,18.0,True,
run_20261002_072510_851363,5227,173,2026-10-02T07:28:06.611,6,right,5,6,18.0,True,
run_20261002_072510_851363,5227,173,2026-10-02T07:28:06.611,7,right,6,7,18.0,True,
run_20261002_072510_851363,5227,173,2026-10-02T07:28:06.611,8,right,7,8,18.0,True,
run_20261002_072510_851363,5227,173,2026-10-02T07:28:06.611,9,right,8,9,18.0,True,
run_20261002_072510_851363,5227,173,2026-10-02T07:28:06.611,10,right,9,10,18.0,True,
run_20261002_072510_851363,5227,173,2026-10-02T07:28:06.611,11,right,10,11,17.5,True,
run_20261002_072510_851363,5227,173,2026-10-02T07:28:06.611,12,right,11,12,18.0,True,
run_20261002_072510_851363,5257,174,2026-10-02T07:28:07.614,1,left,0,1,18.5,True,
run_20261002_072510_851363,5257,174,2026-10-02T07:28:07.614,2,left,1,2,18.0,True,
run_20261002_072510_851363,5257,174,2026-10-02T07:28:07.614,3,left,2,3,17.5,True,
run_20261002_072510_851363,5257,174,2026-10-02T07:28:07.614,4,left,3,4,18.5,True,
run_20261002_072510_851363,5257,174,2026-10-02T07:28:07.614,5,left,4,5,17.5,True,
run_20261002_072510_851363,5257,174,2026-10-02T07:28:07.614,6,left,5,6,18.5,True,
run_20261002_072510_851363,5257,174,2026-10-02T07:28:07.614,7,left,6,7,18.0,True,
run_20261002_072510_851363,5257,174,2026-10-02T07:28:07.614,8,left,7,8,18.0,True,
run_20261002_072510_851363,5257,174,2026-10-02T07:28:07.614,9,left,8,9,18.0,True,
run_20261002_072510_851363,5257,174,2026-10-02T07:28:07.614,10,left,9,10,18.0,True,
run_20261002_072510_851363,5257,174,2026-10-02T07:28:07.614,11,left,10,11,17.5,True,
run_20261002_072510_851363,5257,174,2026-10-02T07:28:07.614,12,left,11,12,18.0,True,
run_20261002_072510_851363,5257,174,2026-10-02T07:28:07.614,1,right,0,1,18.5,True,
run_20261002_072510_851363,5257,174,2026-10-02T07:28:07.614,2,right,1,2,18.0,True,
run_20261002_072510_851363,5257,174,2026-10-02T07:28:07.614,3,right,2,3,18.0,True,
run_20261002_072510_851363,5257,174,2026-10-02T07:28:07.614,4,right,3,4,18.5,True,
run_20261002_072510_851363,5257,174,2026-10-02T07:28:07.614,5,right,4,5,18.0,True,
run_20261002_072510_851363,5257,174,2026-10-02T07:28:07.614,6,right,5,6,18.0,True,
run_20261002_072510_851363,5257,174,2026-10-02T07:28:07.614,7,right,6,7,18.0,True,
run_20261002_072510_851363,5257,174,2026-10-02T07:28:07.614,8,right,7,8,18.0,True,
run_20261002_072510_851363,5257,174,2026-10-02T07:28:07.614,9,right,8,9,18.0,True,
run_20261002_072510_851363,5257,174,2026-10-02T07:28:07.614,10,right,9,10,18.0,True,
run_20261002_072510_851363,5257,174,2026-10-02T07:28:07.614,11,right,10,11,17.5,True,
run_20261002_072510_851363,5257,174,2026-10-02T07:28:07.614,12,right,11,12,18.0,True,
run_20261002_072510_851363,5288,175,2026-10-02T07:28:08.644,1,left,0,1,18.0,True,
run_20261002_072510_851363,5288,175,2026-10-02T07:28:08.644,2,left,1,2,18.5,True,
run_20261002_072510_851363,5288,175,2026-10-02T07:28:08.644,3,left,2,3,17.5,True,
run_20261002_072510_851363,5288,175,2026-10-02T07:28:08.644,4,left,3,4,18.0,True,
run_20261002_072510_851363,5288,175,2026-10-02T07:28:08.644,5,left,4,5,18.5,True,
run_20261002_072510_851363,5288,175,2026-10-02T07:28:08.644,6,left,5,6,18.0,True,
run_20261002_072510_851363,5288,175,2026-10-02T07:28:08.644,7,left,6,7,18.0,True,
run_20261002_072510_851363,5288,175,2026-10-02T07:28:08.644,8,left,7,8,18.0,True,
run_20261002_072510_851363,5288,175,2026-10-02T07:28:08.644,9,left,8,9,18.0,True,
run_20261002_072510_851363,5288,175,2026-10-02T07:28:08.644,10,left,9,10,18.0,True,
run_20261002_072510_851363,5288,175,2026-10-02T07:28:08.644,11,left,10,11,17.5,True,
run_20261002_072510_851363,5288,175,2026-10-02T07:28:08.644,12,left,11,12,18.0,True,
run_20261002_072510_851363,5288,175,2026-10-02T07:28:08.644,1,right,0,1,18.5,True,
run_20261002_072510_851363,5288,175,2026-10-02T07:28:08.644,2,right,1,2,18.0,True,
run_20261002_072510_851363,5288,175,2026-10-02T07:28:08.644,3,right,2,3,18.0,True,
run_20261002_072510_851363,5288,175,2026-10-02T07:28:08.644,4,right,3,4,18.5,True,
run_20261002_072510_851363,5288,175,2026-10-02T07:28:08.644,5,right,4,5,18.0,True,
run_20261002_072510_851363,5288,175,2026-10-02T07:28:08.644,6,right,5,6,18.0,True,
run_20261002_072510_851363,5288,175,2026-10-02T07:28:08.644,7,right,6,7,18.0,True,
run_20261002_072510_851363,5288,175,2026-10-02T07:28:08.644,8,right,7,8,18.0,True,
run_20261002_072510_851363,5288,175,2026-10-02T07:28:08.644,9,right,8,9,18.0,True,
run_20261002_072510_851363,5288,175,2026-10-02T07:28:08.644,10,right,9,10,18.0,True,
run_20261002_072510_851363,5288,175,2026-10-02T07:28:08.644,11,right,10,11,17.5,True,
run_20261002_072510_851363,5288,175,2026-10-02T07:28:08.644,12,right,11,12,18.0,True,
run_20261002_072510_851363,5319,176,2026-10-02T07:28:09.676,1,left,0,1,18.5,True,
run_20261002_072510_851363,5319,176,2026-10-02T07:28:09.676,2,left,1,2,18.0,True,
run_20261002_072510_851363,5319,176,2026-10-02T07:28:09.676,3,left,2,3,17.5,True,
run_20261002_072510_851363,5319,176,2026-10-02T07:28:09.676,4,left,3,4,18.0,True,
run_20261002_072510_851363,5319,176,2026-10-02T07:28:09.676,5,left,4,5,18.5,True,
run_20261002_072510_851363,5319,176,2026-10-02T07:28:09.676,6,left,5,6,18.0,True,
run_20261002_072510_851363,5319,176,2026-10-02T07:28:09.676,7,left,6,7,18.0,True,
run_20261002_072510_851363,5319,176,2026-10-02T07:28:09.676,8,left,7,8,18.0,True,
run_20261002_072510_851363,5319,176,2026-10-02T07:28:09.676,9,left,8,9,18.0,True,
run_20261002_072510_851363,5319,176,2026-10-02T07:28:09.676,10,left,9,10,18.0,True,
run_20261002_072510_851363,5319,176,2026-10-02T07:28:09.676,11,left,10,11,17.5,True,
run_20261002_072510_851363,5319,176,2026-10-02T07:28:09.676,12,left,11,12,18.0,True,
run_20261002_072510_851363,5319,176,2026-10-02T07:28:09.676,1,right,0,1,18.5,True,
run_20261002_072510_851363,5319,176,2026-10-02T07:28:09.676,2,right,1,2,18.0,True,
run_20261002_072510_851363,5319,176,2026-10-02T07:28:09.676,3,right,2,3,18.0,True,
run_20261002_072510_851363,5319,176,2026-10-02T07:28:09.676,4,right,3,4,18.5,True,
run_20261002_072510_851363,5319,176,2026-10-02T07:28:09.676,5,right,4,5,18.0,True,
run_20261002_072510_851363,5319,176,2026-10-02T07:28:09.676,6,right,5,6,18.0,True,
run_20261002_072510_851363,5319,176,2026-10-02T07:28:09.676,7,right,6,7,18.0,True,
run_20261002_072510_851363,5319,176,2026-10-02T07:28:09.676,8,right,7,8,18.0,True,
run_20261002_072510_851363,5319,176,2026-10-02T07:28:09.676,9,right,8,9,18.0,True,
run_20261002_072510_851363,5319,176,2026-10-02T07:28:09.676,10,right,9,10,18.0,True,
run_20261002_072510_851363,5319,176,2026-10-02T07:28:09.676,11,right,10,11,17.5,True,
run_20261002_072510_851363,5319,176,2026-10-02T07:28:09.676,12,right,11,12,18.0,True,
run_20261002_072510_851363,5349,177,2026-10-02T07:28:10.680,1,left,0,1,18.0,True,
run_20261002_072510_851363,5349,177,2026-10-02T07:28:10.680,2,left,1,2,18.5,True,
run_20261002_072510_851363,5349,177,2026-10-02T07:28:10.680,3,left,2,3,17.5,True,
run_20261002_072510_851363,5349,177,2026-10-02T07:28:10.680,4,left,3,4,18.5,True,
run_20261002_072510_851363,5349,177,2026-10-02T07:28:10.680,5,left,4,5,17.5,True,
run_20261002_072510_851363,5349,177,2026-10-02T07:28:10.680,6,left,5,6,18.5,True,
run_20261002_072510_851363,5349,177,2026-10-02T07:28:10.680,7,left,6,7,18.0,True,
run_20261002_072510_851363,5349,177,2026-10-02T07:28:10.680,8,left,7,8,18.0,True,
run_20261002_072510_851363,5349,177,2026-10-02T07:28:10.680,9,left,8,9,18.0,True,
run_20261002_072510_851363,5349,177,2026-10-02T07:28:10.680,10,left,9,10,18.0,True,
run_20261002_072510_851363,5349,177,2026-10-02T07:28:10.680,11,left,10,11,17.5,True,
run_20261002_072510_851363,5349,177,2026-10-02T07:28:10.680,12,left,11,12,18.0,True,
run_20261002_072510_851363,5349,177,2026-10-02T07:28:10.680,1,right,0,1,18.5,True,
run_20261002_072510_851363,5349,177,2026-10-02T07:28:10.680,2,right,1,2,18.0,True,
run_20261002_072510_851363,5349,177,2026-10-02T07:28:10.680,3,right,2,3,18.0,True,
run_20261002_072510_851363,5349,177,2026-10-02T07:28:10.680,4,right,3,4,18.5,True,
run_20261002_072510_851363,5349,177,2026-10-02T07:28:10.680,5,right,4,5,18.0,True,
run_20261002_072510_851363,5349,177,2026-10-02T07:28:10.680,6,right,5,6,18.0,True,
run_20261002_072510_851363,5349,177,2026-10-02T07:28:10.680,7,right,6,7,18.0,True,
run_20261002_072510_851363,5349,177,2026-10-02T07:28:10.680,8,right,7,8,18.0,True,
run_20261002_072510_851363,5349,177,2026-10-02T07:28:10.680,9,right,8,9,18.0,True,
run_20261002_072510_851363,5349,177,2026-10-02T07:28:10.680,10,right,9,10,18.0,True,
run_20261002_072510_851363,5349,177,2026-10-02T07:28:10.680,11,right,10,11,17.5,True,
run_20261002_072510_851363,5349,177,2026-10-02T07:28:10.680,12,right,11,12,18.0,True,
run_20261002_072510_851363,5380,178,2026-10-02T07:28:11.713,1,left,0,1,18.0,True,
run_20261002_072510_851363,5380,178,2026-10-02T07:28:11.713,2,left,1,2,18.5,True,
run_20261002_072510_851363,5380,178,2026-10-02T07:28:11.713,3,left,2,3,17.5,True,
run_20261002_072510_851363,5380,178,2026-10-02T07:28:11.713,4,left,3,4,18.0,True,
run_20261002_072510_851363,5380,178,2026-10-02T07:28:11.713,5,left,4,5,18.5,True,
run_20261002_072510_851363,5380,178,2026-10-02T07:28:11.713,6,left,5,6,18.0,True,
run_20261002_072510_851363,5380,178,2026-10-02T07:28:11.713,7,left,6,7,18.0,True,
run_20261002_072510_851363,5380,178,2026-10-02T07:28:11.713,8,left,7,8,18.0,True,
run_20261002_072510_851363,5380,178,2026-10-02T07:28:11.713,9,left,8,9,18.0,True,
run_20261002_072510_851363,5380,178,2026-10-02T07:28:11.713,10,left,9,10,17.5,True,
run_20261002_072510_851363,5380,178,2026-10-02T07:28:11.713,11,left,10,11,18.0,True,
run_20261002_072510_851363,5380,178,2026-10-02T07:28:11.713,12,left,11,12,18.0,True,
run_20261002_072510_851363,5380,178,2026-10-02T07:28:11.713,1,right,0,1,18.5,True,
run_20261002_072510_851363,5380,178,2026-10-02T07:28:11.713,2,right,1,2,18.0,True,
run_20261002_072510_851363,5380,178,2026-10-02T07:28:11.713,3,right,2,3,18.0,True,
run_20261002_072510_851363,5380,178,2026-10-02T07:28:11.713,4,right,3,4,18.5,True,
run_20261002_072510_851363,5380,178,2026-10-02T07:28:11.713,5,right,4,5,18.0,True,
run_20261002_072510_851363,5380,178,2026-10-02T07:28:11.713,6,right,5,6,18.0,True,
run_20261002_072510_851363,5380,178,2026-10-02T07:28:11.713,7,right,6,7,18.0,True,
run_20261002_072510_851363,5380,178,2026-10-02T07:28:11.713,8,right,7,8,18.0,True,
run_20261002_072510_851363,5380,178,2026-10-02T07:28:11.713,9,right,8,9,18.0,True,
run_20261002_072510_851363,5380,178,2026-10-02T07:28:11.713,10,right,9,10,18.0,True,
run_20261002_072510_851363,5380,178,2026-10-02T07:28:11.713,11,right,10,11,17.5,True,
run_20261002_072510_851363,5380,178,2026-10-02T07:28:11.713,12,right,11,12,18.0,True,
run_20261002_072510_851363,5411,179,2026-10-02T07:28:12.742,1,left,0,1,18.5,True,
run_20261002_072510_851363,5411,179,2026-10-02T07:28:12.742,2,left,1,2,18.0,True,
run_20261002_072510_851363,5411,179,2026-10-02T07:28:12.742,3,left,2,3,17.5,True,
run_20261002_072510_851363,5411,179,2026-10-02T07:28:12.742,4,left,3,4,18.0,True,
run_20261002_072510_851363,5411,179,2026-10-02T07:28:12.742,5,left,4,5,18.5,True,
run_20261002_072510_851363,5411,179,2026-10-02T07:28:12.742,6,left,5,6,18.0,True,
run_20261002_072510_851363,5411,179,2026-10-02T07:28:12.742,7,left,6,7,18.0,True,
run_20261002_072510_851363,5411,179,2026-10-02T07:28:12.742,8,left,7,8,18.0,True,
run_20261002_072510_851363,5411,179,2026-10-02T07:28:12.742,9,left,8,9,18.0,True,
run_20261002_072510_851363,5411,179,2026-10-02T07:28:12.742,10,left,9,10,18.0,True,
run_20261002_072510_851363,5411,179,2026-10-02T07:28:12.742,11,left,10,11,17.5,True,
run_20261002_072510_851363,5411,179,2026-10-02T07:28:12.742,12,left,11,12,18.0,True,
run_20261002_072510_851363,5411,179,2026-10-02T07:28:12.742,1,right,0,1,18.5,True,
run_20261002_072510_851363,5411,179,2026-10-02T07:28:12.742,2,right,1,2,18.0,True,
run_20261002_072510_851363,5411,179,2026-10-02T07:28:12.742,3,right,2,3,18.0,True,
run_20261002_072510_851363,5411,179,2026-10-02T07:28:12.742,4,right,3,4,18.5,True,
run_20261002_072510_851363,5411,179,2026-10-02T07:28:12.742,5,right,4,5,18.0,True,
run_20261002_072510_851363,5411,179,2026-10-02T07:28:12.742,6,right,5,6,18.0,True,
run_20261002_072510_851363,5411,179,2026-10-02T07:28:12.742,7,right,6,7,18.0,True,
run_20261002_072510_851363,5411,179,2026-10-02T07:28:12.742,8,right,7,8,18.0,True,
run_20261002_072510_851363,5411,179,2026-10-02T07:28:12.742,9,right,8,9,18.0,True,
run_20261002_072510_851363,5411,179,2026-10-02T07:28:12.742,10,right,9,10,18.0,True,
run_20261002_072510_851363,5411,179,2026-10-02T07:28:12.742,11,right,10,11,17.5,True,
run_20261002_072510_851363,5411,179,2026-10-02T07:28:12.742,12,right,11,12,18.0,True,
run_20261002_072510_851363,5441,180,2026-10-02T07:28:13.750,1,left,0,1,18.5,True,
run_20261002_072510_851363,5441,180,2026-10-02T07:28:13.750,2,left,1,2,18.0,True,
run_20261002_072510_851363,5441,180,2026-10-02T07:28:13.750,3,left,2,3,17.5,True,
run_20261002_072510_851363,5441,180,2026-10-02T07:28:13.750,4,left,3,4,18.0,True,
run_20261002_072510_851363,5441,180,2026-10-02T07:28:13.750,5,left,4,5,18.5,True,
run_20261002_072510_851363,5441,180,2026-10-02T07:28:13.750,6,left,5,6,18.0,True,
run_20261002_072510_851363,5441,180,2026-10-02T07:28:13.750,7,left,6,7,18.0,True,
run_20261002_072510_851363,5441,180,2026-10-02T07:28:13.750,8,left,7,8,18.0,True,
run_20261002_072510_851363,5441,180,2026-10-02T07:28:13.750,9,left,8,9,18.0,True,
run_20261002_072510_851363,5441,180,2026-10-02T07:28:13.750,10,left,9,10,18.0,True,
run_20261002_072510_851363,5441,180,2026-10-02T07:28:13.750,11,left,10,11,17.5,True,
run_20261002_072510_851363,5441,180,2026-10-02T07:28:13.750,12,left,11,12,18.0,True,
run_20261002_072510_851363,5441,180,2026-10-02T07:28:13.750,1,right,0,1,18.5,True,
run_20261002_072510_851363,5441,180,2026-10-02T07:28:13.750,2,right,1,2,18.0,True,
run_20261002_072510_851363,5441,180,2026-10-02T07:28:13.750,3,right,2,3,18.0,True,
run_20261002_072510_851363,5441,180,2026-10-02T07:28:13.750,4,right,3,4,18.5,True,
run_20261002_072510_851363,5441,180,2026-10-02T07:28:13.750,5,right,4,5,18.0,True,
run_20261002_072510_851363,5441,180,2026-10-02T07:28:13.750,6,right,5,6,18.0,True,
run_20261002_072510_851363,5441,180,2026-10-02T07:28:13.750,7,right,6,7,18.0,True,
run_20261002_072510_851363,5441,180,2026-10-02T07:28:13.750,8,right,7,8,18.0,True,
run_20261002_072510_851363,5441,180,2026-10-02T07:28:13.750,9,right,8,9,18.0,True,
run_20261002_072510_851363,5441,180,2026-10-02T07:28:13.750,10,right,9,10,18.0,True,
run_20261002_072510_851363,5441,180,2026-10-02T07:28:13.750,11,right,10,11,17.5,True,
run_20261002_072510_851363,5441,180,2026-10-02T07:28:13.750,12,right,11,12,18.0,True,
run_20261002_072510_851363,5472,181,2026-10-02T07:28:14.777,1,left,0,1,18.5,True,
run_20261002_072510_851363,5472,181,2026-10-02T07:28:14.777,2,left,1,2,18.0,True,
run_20261002_072510_851363,5472,181,2026-10-02T07:28:14.777,3,left,2,3,17.5,True,
run_20261002_072510_851363,5472,181,2026-10-02T07:28:14.777,4,left,3,4,18.5,True,
run_20261002_072510_851363,5472,181,2026-10-02T07:28:14.777,5,left,4,5,18.0,True,
run_20261002_072510_851363,5472,181,2026-10-02T07:28:14.777,6,left,5,6,18.0,True,
run_20261002_072510_851363,5472,181,2026-10-02T07:28:14.777,7,left,6,7,18.0,True,
run_20261002_072510_851363,5472,181,2026-10-02T07:28:14.777,8,left,7,8,18.0,True,
run_20261002_072510_851363,5472,181,2026-10-02T07:28:14.777,9,left,8,9,18.0,True,
run_20261002_072510_851363,5472,181,2026-10-02T07:28:14.777,10,left,9,10,18.0,True,
run_20261002_072510_851363,5472,181,2026-10-02T07:28:14.777,11,left,10,11,17.5,True,
run_20261002_072510_851363,5472,181,2026-10-02T07:28:14.777,12,left,11,12,18.0,True,
run_20261002_072510_851363,5472,181,2026-10-02T07:28:14.777,1,right,0,1,18.5,True,
run_20261002_072510_851363,5472,181,2026-10-02T07:28:14.777,2,right,1,2,18.0,True,
run_20261002_072510_851363,5472,181,2026-10-02T07:28:14.777,3,right,2,3,18.0,True,
run_20261002_072510_851363,5472,181,2026-10-02T07:28:14.777,4,right,3,4,18.5,True,
run_20261002_072510_851363,5472,181,2026-10-02T07:28:14.777,5,right,4,5,18.0,True,
run_20261002_072510_851363,5472,181,2026-10-02T07:28:14.777,6,right,5,6,18.0,True,
run_20261002_072510_851363,5472,181,2026-10-02T07:28:14.777,7,right,6,7,18.0,True,
run_20261002_072510_851363,5472,181,2026-10-02T07:28:14.777,8,right,7,8,18.0,True,
run_20261002_072510_851363,5472,181,2026-10-02T07:28:14.777,9,right,8,9,18.0,True,
run_20261002_072510_851363,5472,181,2026-10-02T07:28:14.777,10,right,9,10,18.0,True,
run_20261002_072510_851363,5472,181,2026-10-02T07:28:14.777,11,right,10,11,17.5,True,
run_20261002_072510_851363,5472,181,2026-10-02T07:28:14.777,12,right,11,12,18.0,True,
run_20261002_072510_851363,5502,182,2026-10-02T07:28:15.778,1,left,0,1,18.0,True,
run_20261002_072510_851363,5502,182,2026-10-02T07:28:15.778,2,left,1,2,18.5,True,
run_20261002_072510_851363,5502,182,2026-10-02T07:28:15.778,3,left,2,3,17.5,True,
run_20261002_072510_851363,5502,182,2026-10-02T07:28:15.778,4,left,3,4,18.0,True,
run_20261002_072510_851363,5502,182,2026-10-02T07:28:15.778,5,left,4,5,18.5,True,
run_20261002_072510_851363,5502,182,2026-10-02T07:28:15.778,6,left,5,6,18.0,True,
run_20261002_072510_851363,5502,182,2026-10-02T07:28:15.778,7,left,6,7,18.0,True,
run_20261002_072510_851363,5502,182,2026-10-02T07:28:15.778,8,left,7,8,18.0,True,
run_20261002_072510_851363,5502,182,2026-10-02T07:28:15.778,9,left,8,9,18.0,True,
run_20261002_072510_851363,5502,182,2026-10-02T07:28:15.778,10,left,9,10,18.0,True,
run_20261002_072510_851363,5502,182,2026-10-02T07:28:15.778,11,left,10,11,17.5,True,
run_20261002_072510_851363,5502,182,2026-10-02T07:28:15.778,12,left,11,12,18.0,True,
run_20261002_072510_851363,5502,182,2026-10-02T07:28:15.778,1,right,0,1,18.5,True,
run_20261002_072510_851363,5502,182,2026-10-02T07:28:15.778,2,right,1,2,18.0,True,
run_20261002_072510_851363,5502,182,2026-10-02T07:28:15.778,3,right,2,3,18.0,True,
run_20261002_072510_851363,5502,182,2026-10-02T07:28:15.778,4,right,3,4,18.5,True,
run_20261002_072510_851363,5502,182,2026-10-02T07:28:15.778,5,right,4,5,18.0,True,
run_20261002_072510_851363,5502,182,2026-10-02T07:28:15.778,6,right,5,6,18.0,True,
run_20261002_072510_851363,5502,182,2026-10-02T07:28:15.778,7,right,6,7,18.0,True,
run_20261002_072510_851363,5502,182,2026-10-02T07:28:15.778,8,right,7,8,18.0,True,
run_20261002_072510_851363,5502,182,2026-10-02T07:28:15.778,9,right,8,9,18.0,True,
run_20261002_072510_851363,5502,182,2026-10-02T07:28:15.778,10,right,9,10,18.0,True,
run_20261002_072510_851363,5502,182,2026-10-02T07:28:15.778,11,right,10,11,17.5,True,
run_20261002_072510_851363,5502,182,2026-10-02T07:28:15.778,12,right,11,12,18.0,True,
run_20261002_072510_851363,5533,183,2026-10-02T07:28:16.823,1,left,0,1,18.5,True,
run_20261002_072510_851363,5533,183,2026-10-02T07:28:16.823,2,left,1,2,18.0,True,
run_20261002_072510_851363,5533,183,2026-10-02T07:28:16.823,3,left,2,3,17.5,True,
run_20261002_072510_851363,5533,183,2026-10-02T07:28:16.823,4,left,3,4,18.0,True,
run_20261002_072510_851363,5533,183,2026-10-02T07:28:16.823,5,left,4,5,18.5,True,
run_20261002_072510_851363,5533,183,2026-10-02T07:28:16.823,6,left,5,6,18.0,True,
run_20261002_072510_851363,5533,183,2026-10-02T07:28:16.823,7,left,6,7,18.0,True,
run_20261002_072510_851363,5533,183,2026-10-02T07:28:16.823,8,left,7,8,18.0,True,
run_20261002_072510_851363,5533,183,2026-10-02T07:28:16.823,9,left,8,9,18.0,True,
run_20261002_072510_851363,5533,183,2026-10-02T07:28:16.823,10,left,9,10,18.0,True,
run_20261002_072510_851363,5533,183,2026-10-02T07:28:16.823,11,left,10,11,17.5,True,
run_20261002_072510_851363,5533,183,2026-10-02T07:28:16.823,12,left,11,12,18.0,True,
run_20261002_072510_851363,5533,183,2026-10-02T07:28:16.823,1,right,0,1,18.5,True,
run_20261002_072510_851363,5533,183,2026-10-02T07:28:16.823,2,right,1,2,18.0,True,
run_20261002_072510_851363,5533,183,2026-10-02T07:28:16.823,3,right,2,3,18.0,True,
run_20261002_072510_851363,5533,183,2026-10-02T07:28:16.823,4,right,3,4,18.5,True,
run_20261002_072510_851363,5533,183,2026-10-02T07:28:16.823,5,right,4,5,18.0,True,
run_20261002_072510_851363,5533,183,2026-10-02T07:28:16.823,6,right,5,6,18.0,True,
run_20261002_072510_851363,5533,183,2026-10-02T07:28:16.823,7,right,6,7,18.0,True,
run_20261002_072510_851363,5533,183,2026-10-02T07:28:16.823,8,right,7,8,18.0,True,
run_20261002_072510_851363,5533,183,2026-10-02T07:28:16.823,9,right,8,9,18.0,True,
run_20261002_072510_851363,5533,183,2026-10-02T07:28:16.823,10,right,9,10,18.0,True,
run_20261002_072510_851363,5533,183,2026-10-02T07:28:16.823,11,right,10,11,17.5,True,
run_20261002_072510_851363,5533,183,2026-10-02T07:28:16.823,12,right,11,12,18.0,True,
run_20261002_072510_851363,5564,184,2026-10-02T07:28:17.844,1,left,0,1,18.5,True,
run_20261002_072510_851363,5564,184,2026-10-02T07:28:17.844,2,left,1,2,18.0,True,
run_20261002_072510_851363,5564,184,2026-10-02T07:28:17.844,3,left,2,3,17.5,True,
run_20261002_072510_851363,5564,184,2026-10-02T07:28:17.844,4,left,3,4,18.0,True,
run_20261002_072510_851363,5564,184,2026-10-02T07:28:17.844,5,left,4,5,18.5,True,
run_20261002_072510_851363,5564,184,2026-10-02T07:28:17.844,6,left,5,6,18.0,True,
run_20261002_072510_851363,5564,184,2026-10-02T07:28:17.844,7,left,6,7,18.0,True,
run_20261002_072510_851363,5564,184,2026-10-02T07:28:17.844,8,left,7,8,18.0,True,
run_20261002_072510_851363,5564,184,2026-10-02T07:28:17.844,9,left,8,9,18.0,True,
run_20261002_072510_851363,5564,184,2026-10-02T07:28:17.844,10,left,9,10,18.0,True,
run_20261002_072510_851363,5564,184,2026-10-02T07:28:17.844,11,left,10,11,17.5,True,
run_20261002_072510_851363,5564,184,2026-10-02T07:28:17.844,12,left,11,12,18.0,True,
run_20261002_072510_851363,5564,184,2026-10-02T07:28:17.844,1,right,0,1,18.5,True,
run_20261002_072510_851363,5564,184,2026-10-02T07:28:17.844,2,right,1,2,18.0,True,
run_20261002_072510_851363,5564,184,2026-10-02T07:28:17.844,3,right,2,3,18.0,True,
run_20261002_072510_851363,5564,184,2026-10-02T07:28:17.844,4,right,3,4,18.5,True,
run_20261002_072510_851363,5564,184,2026-10-02T07:28:17.844,5,right,4,5,18.0,True,
run_20261002_072510_851363,5564,184,2026-10-02T07:28:17.844,6,right,5,6,18.0,True,
run_20261002_072510_851363,5564,184,2026-10-02T07:28:17.844,7,right,6,7,18.0,True,
run_20261002_072510_851363,5564,184,2026-10-02T07:28:17.844,8,right,7,8,18.0,True,
run_20261002_072510_851363,5564,184,2026-10-02T07:28:17.844,9,right,8,9,18.0,True,
run_20261002_072510_851363,5564,184,2026-10-02T07:28:17.844,10,right,9,10,18.0,True,
run_20261002_072510_851363,5564,184,2026-10-02T07:28:17.844,11,right,10,11,17.5,True,
run_20261002_072510_851363,5564,184,2026-10-02T07:28:17.844,12,right,11,12,18.0,True,
run_20261002_072510_851363,5595,185,2026-10-02T07:28:18.875,1,left,0,1,18.0,True,
run_20261002_072510_851363,5595,185,2026-10-02T07:28:18.875,2,left,1,2,18.5,True,
run_20261002_072510_851363,5595,185,2026-10-02T07:28:18.875,3,left,2,3,17.5,True,
run_20261002_072510_851363,5595,185,2026-10-02T07:28:18.875,4,left,3,4,18.0,True,
run_20261002_072510_851363,5595,185,2026-10-02T07:28:18.875,5,left,4,5,18.5,True,
run_20261002_072510_851363,5595,185,2026-10-02T07:28:18.875,6,left,5,6,18.0,True,
run_20261002_072510_851363,5595,185,2026-10-02T07:28:18.875,7,left,6,7,18.0,True,
run_20261002_072510_851363,5595,185,2026-10-02T07:28:18.875,8,left,7,8,18.0,True,
run_20261002_072510_851363,5595,185,2026-10-02T07:28:18.875,9,left,8,9,18.0,True,
run_20261002_072510_851363,5595,185,2026-10-02T07:28:18.875,10,left,9,10,18.0,True,
run_20261002_072510_851363,5595,185,2026-10-02T07:28:18.875,11,left,10,11,17.5,True,
run_20261002_072510_851363,5595,185,2026-10-02T07:28:18.875,12,left,11,12,18.0,True,
run_20261002_072510_851363,5595,185,2026-10-02T07:28:18.875,1,right,0,1,18.5,True,
run_20261002_072510_851363,5595,185,2026-10-02T07:28:18.875,2,right,1,2,18.0,True,
run_20261002_072510_851363,5595,185,2026-10-02T07:28:18.875,3,right,2,3,18.0,True,
run_20261002_072510_851363,5595,185,2026-10-02T07:28:18.875,4,right,3,4,18.5,True,
run_20261002_072510_851363,5595,185,2026-10-02T07:28:18.875,5,right,4,5,18.0,True,
run_20261002_072510_851363,5595,185,2026-10-02T07:28:18.875,6,right,5,6,18.0,True,
run_20261002_072510_851363,5595,185,2026-10-02T07:28:18.875,7,right,6,7,18.0,True,
run_20261002_072510_851363,5595,185,2026-10-02T07:28:18.875,8,right,7,8,18.0,True,
run_20261002_072510_851363,5595,185,2026-10-02T07:28:18.875,9,right,8,9,18.0,True,
run_20261002_072510_851363,5595,185,2026-10-02T07:28:18.875,10,right,9,10,18.0,True,
run_20261002_072510_851363,5595,185,2026-10-02T07:28:18.875,11,right,10,11,17.5,True,
run_20261002_072510_851363,5595,185,2026-10-02T07:28:18.875,12,right,11,12,18.0,True,
run_20261002_072510_851363,5625,186,2026-10-02T07:28:19.886,1,left,0,1,18.0,True,
run_20261002_072510_851363,5625,186,2026-10-02T07:28:19.886,2,left,1,2,18.5,True,
run_20261002_072510_851363,5625,186,2026-10-02T07:28:19.886,3,left,2,3,17.5,True,
run_20261002_072510_851363,5625,186,2026-10-02T07:28:19.886,4,left,3,4,18.5,True,
run_20261002_072510_851363,5625,186,2026-10-02T07:28:19.886,5,left,4,5,18.0,True,
run_20261002_072510_851363,5625,186,2026-10-02T07:28:19.886,6,left,5,6,18.0,True,
run_20261002_072510_851363,5625,186,2026-10-02T07:28:19.886,7,left,6,7,18.0,True,
run_20261002_072510_851363,5625,186,2026-10-02T07:28:19.886,8,left,7,8,18.0,True,
run_20261002_072510_851363,5625,186,2026-10-02T07:28:19.886,9,left,8,9,18.0,True,
run_20261002_072510_851363,5625,186,2026-10-02T07:28:19.886,10,left,9,10,18.0,True,
run_20261002_072510_851363,5625,186,2026-10-02T07:28:19.886,11,left,10,11,17.5,True,
run_20261002_072510_851363,5625,186,2026-10-02T07:28:19.886,12,left,11,12,18.0,True,
run_20261002_072510_851363,5625,186,2026-10-02T07:28:19.886,1,right,0,1,18.5,True,
run_20261002_072510_851363,5625,186,2026-10-02T07:28:19.886,2,right,1,2,18.0,True,
run_20261002_072510_851363,5625,186,2026-10-02T07:28:19.886,3,right,2,3,18.0,True,
run_20261002_072510_851363,5625,186,2026-10-02T07:28:19.886,4,right,3,4,18.5,True,
run_20261002_072510_851363,5625,186,2026-10-02T07:28:19.886,5,right,4,5,18.0,True,
run_20261002_072510_851363,5625,186,2026-10-02T07:28:19.886,6,right,5,6,18.0,True,
run_20261002_072510_851363,5625,186,2026-10-02T07:28:19.886,7,right,6,7,18.0,True,
run_20261002_072510_851363,5625,186,2026-10-02T07:28:19.886,8,right,7,8,18.0,True,
run_20261002_072510_851363,5625,186,2026-10-02T07:28:19.886,9,right,8,9,18.0,True,
run_20261002_072510_851363,5625,186,2026-10-02T07:28:19.886,10,right,9,10,18.0,True,
run_20261002_072510_851363,5625,186,2026-10-02T07:28:19.886,11,right,10,11,17.5,True,
run_20261002_072510_851363,5625,186,2026-10-02T07:28:19.886,12,right,11,12,18.0,True,
run_20261002_072510_851363,5656,187,2026-10-02T07:28:20.910,1,left,0,1,18.0,True,
run_20261002_072510_851363,5656,187,2026-10-02T07:28:20.910,2,left,1,2,18.5,True,
run_20261002_072510_851363,5656,187,2026-10-02T07:28:20.910,3,left,2,3,17.5,True,
run_20261002_072510_851363,5656,187,2026-10-02T07:28:20.910,4,left,3,4,18.0,True,
run_20261002_072510_851363,5656,187,2026-10-02T07:28:20.910,5,left,4,5,18.0,True,
run_20261002_072510_851363,5656,187,2026-10-02T07:28:20.910,6,left,5,6,18.5,True,
run_20261002_072510_851363,5656,187,2026-10-02T07:28:20.910,7,left,6,7,18.0,True,
run_20261002_072510_851363,5656,187,2026-10-02T07:28:20.910,8,left,7,8,18.0,True,
run_20261002_072510_851363,5656,187,2026-10-02T07:28:20.910,9,left,8,9,18.0,True,
run_20261002_072510_851363,5656,187,2026-10-02T07:28:20.910,10,left,9,10,18.0,True,
run_20261002_072510_851363,5656,187,2026-10-02T07:28:20.910,11,left,10,11,17.5,True,
run_20261002_072510_851363,5656,187,2026-10-02T07:28:20.910,12,left,11,12,18.0,True,
run_20261002_072510_851363,5656,187,2026-10-02T07:28:20.910,1,right,0,1,18.5,True,
run_20261002_072510_851363,5656,187,2026-10-02T07:28:20.910,2,right,1,2,18.0,True,
run_20261002_072510_851363,5656,187,2026-10-02T07:28:20.910,3,right,2,3,18.0,True,
run_20261002_072510_851363,5656,187,2026-10-02T07:28:20.910,4,right,3,4,18.5,True,
run_20261002_072510_851363,5656,187,2026-10-02T07:28:20.910,5,right,4,5,18.0,True,
run_20261002_072510_851363,5656,187,2026-10-02T07:28:20.910,6,right,5,6,18.0,True,
run_20261002_072510_851363,5656,187,2026-10-02T07:28:20.910,7,right,6,7,18.0,True,
run_20261002_072510_851363,5656,187,2026-10-02T07:28:20.910,8,right,7,8,18.0,True,
run_20261002_072510_851363,5656,187,2026-10-02T07:28:20.910,9,right,8,9,18.0,True,
run_20261002_072510_851363,5656,187,2026-10-02T07:28:20.910,10,right,9,10,18.0,True,
run_20261002_072510_851363,5656,187,2026-10-02T07:28:20.910,11,right,10,11,17.5,True,
run_20261002_072510_851363,5656,187,2026-10-02T07:28:20.910,12,right,11,12,18.0,True,
run_20261002_072510_851363,5686,188,2026-10-02T07:28:21.914,1,left,0,1,18.0,True,
run_20261002_072510_851363,5686,188,2026-10-02T07:28:21.914,2,left,1,2,18.0,True,
run_20261002_072510_851363,5686,188,2026-10-02T07:28:21.914,3,left,2,3,18.0,True,
run_20261002_072510_851363,5686,188,2026-10-02T07:28:21.914,4,left,3,4,18.0,True,
run_20261002_072510_851363,5686,188,2026-10-02T07:28:21.914,5,left,4,5,18.5,True,
run_20261002_072510_851363,5686,188,2026-10-02T07:28:21.914,6,left,5,6,18.0,True,
run_20261002_072510_851363,5686,188,2026-10-02T07:28:21.914,7,left,6,7,18.0,True,
run_20261002_072510_851363,5686,188,2026-10-02T07:28:21.914,8,left,7,8,18.0,True,
run_20261002_072510_851363,5686,188,2026-10-02T07:28:21.914,9,left,8,9,18.0,True,
run_20261002_072510_851363,5686,188,2026-10-02T07:28:21.914,10,left,9,10,17.92857142857143,True,
run_20261002_072510_851363,5686,188,2026-10-02T07:28:21.914,11,left,10,11,17.57142857142857,True,
run_20261002_072510_851363,5686,188,2026-10-02T07:28:21.914,12,left,11,12,18.0,True,
run_20261002_072510_851363,5686,188,2026-10-02T07:28:21.914,1,right,0,1,18.5,True,
run_20261002_072510_851363,5686,188,2026-10-02T07:28:21.914,2,right,1,2,18.0,True,
run_20261002_072510_851363,5686,188,2026-10-02T07:28:21.914,3,right,2,3,18.0,True,
run_20261002_072510_851363,5686,188,2026-10-02T07:28:21.914,4,right,3,4,18.5,True,
run_20261002_072510_851363,5686,188,2026-10-02T07:28:21.914,5,right,4,5,18.0,True,
run_20261002_072510_851363,5686,188,2026-10-02T07:28:21.914,6,right,5,6,18.0,True,
run_20261002_072510_851363,5686,188,2026-10-02T07:28:21.914,7,right,6,7,18.0,True,
run_20261002_072510_851363,5686,188,2026-10-02T07:28:21.914,8,right,7,8,18.0,True,
run_20261002_072510_851363,5686,188,2026-10-02T07:28:21.914,9,right,8,9,18.0,True,
run_20261002_072510_851363,5686,188,2026-10-02T07:28:21.914,10,right,9,10,18.0,True,
run_20261002_072510_851363,5686,188,2026-10-02T07:28:21.914,11,right,10,11,17.5,True,
run_20261002_072510_851363,5686,188,2026-10-02T07:28:21.914,12,right,11,12,18.0,True,
run_20261002_072510_851363,5717,189,2026-10-02T07:28:22.942,1,left,0,1,18.0,True,
run_20261002_072510_851363,5717,189,2026-10-02T07:28:22.942,2,left,1,2,18.5,True,
run_20261002_072510_851363,5717,189,2026-10-02T07:28:22.942,3,left,2,3,17.5,True,
run_20261002_072510_851363,5717,189,2026-10-02T07:28:22.942,4,left,3,4,18.0,True,
run_20261002_072510_851363,5717,189,2026-10-02T07:28:22.942,5,left,4,5,18.5,True,
run_20261002_072510_851363,5717,189,2026-10-02T07:28:22.942,6,left,5,6,18.0,True,
run_20261002_072510_851363,5717,189,2026-10-02T07:28:22.942,7,left,6,7,18.0,True,
run_20261002_072510_851363,5717,189,2026-10-02T07:28:22.942,8,left,7,8,18.0,True,
run_20261002_072510_851363,5717,189,2026-10-02T07:28:22.942,9,left,8,9,18.0,True,
run_20261002_072510_851363,5717,189,2026-10-02T07:28:22.942,10,left,9,10,18.0,True,
run_20261002_072510_851363,5717,189,2026-10-02T07:28:22.942,11,left,10,11,17.5,True,
run_20261002_072510_851363,5717,189,2026-10-02T07:28:22.942,12,left,11,12,18.0,True,
run_20261002_072510_851363,5717,189,2026-10-02T07:28:22.942,1,right,0,1,18.5,True,
run_20261002_072510_851363,5717,189,2026-10-02T07:28:22.942,2,right,1,2,18.0,True,
run_20261002_072510_851363,5717,189,2026-10-02T07:28:22.942,3,right,2,3,18.0,True,
run_20261002_072510_851363,5717,189,2026-10-02T07:28:22.942,4,right,3,4,18.5,True,
run_20261002_072510_851363,5717,189,2026-10-02T07:28:22.942,5,right,4,5,18.0,True,
run_20261002_072510_851363,5717,189,2026-10-02T07:28:22.942,6,right,5,6,18.0,True,
run_20261002_072510_851363,5717,189,2026-10-02T07:28:22.942,7,right,6,7,18.0,True,
run_20261002_072510_851363,5717,189,2026-10-02T07:28:22.942,8,right,7,8,18.0,True,
run_20261002_072510_851363,5717,189,2026-10-02T07:28:22.942,9,right,8,9,18.0,True,
run_20261002_072510_851363,5717,189,2026-10-02T07:28:22.942,10,right,9,10,18.0,True,
run_20261002_072510_851363,5717,189,2026-10-02T07:28:22.942,11,right,10,11,17.5,True,
run_20261002_072510_851363,5717,189,2026-10-02T07:28:22.942,12,right,11,12,18.0,True,
run_20261002_072510_851363,5747,190,2026-10-02T07:28:23.942,1,left,0,1,18.0,True,
run_20261002_072510_851363,5747,190,2026-10-02T07:28:23.942,2,left,1,2,18.0,True,
run_20261002_072510_851363,5747,190,2026-10-02T07:28:23.942,3,left,2,3,18.0,True,
run_20261002_072510_851363,5747,190,2026-10-02T07:28:23.942,4,left,3,4,18.0,True,
run_20261002_072510_851363,5747,190,2026-10-02T07:28:23.942,5,left,4,5,18.0,True,
run_20261002_072510_851363,5747,190,2026-10-02T07:28:23.942,6,left,5,6,18.5,True,
run_20261002_072510_851363,5747,190,2026-10-02T07:28:23.942,7,left,6,7,18.0,True,
run_20261002_072510_851363,5747,190,2026-10-02T07:28:23.942,8,left,7,8,18.0,True,
run_20261002_072510_851363,5747,190,2026-10-02T07:28:23.942,9,left,8,9,18.0,True,
run_20261002_072510_851363,5747,190,2026-10-02T07:28:23.942,10,left,9,10,18.0,True,
run_20261002_072510_851363,5747,190,2026-10-02T07:28:23.942,11,left,10,11,17.5,True,
run_20261002_072510_851363,5747,190,2026-10-02T07:28:23.942,12,left,11,12,18.0,True,
run_20261002_072510_851363,5747,190,2026-10-02T07:28:23.942,1,right,0,1,18.5,True,
run_20261002_072510_851363,5747,190,2026-10-02T07:28:23.942,2,right,1,2,18.0,True,
run_20261002_072510_851363,5747,190,2026-10-02T07:28:23.942,3,right,2,3,18.0,True,
run_20261002_072510_851363,5747,190,2026-10-02T07:28:23.942,4,right,3,4,18.5,True,
run_20261002_072510_851363,5747,190,2026-10-02T07:28:23.942,5,right,4,5,18.0,True,
run_20261002_072510_851363,5747,190,2026-10-02T07:28:23.942,6,right,5,6,18.0,True,
run_20261002_072510_851363,5747,190,2026-10-02T07:28:23.942,7,right,6,7,18.0,True,
run_20261002_072510_851363,5747,190,2026-10-02T07:28:23.942,8,right,7,8,18.0,True,
run_20261002_072510_851363,5747,190,2026-10-02T07:28:23.942,9,right,8,9,18.0,True,
run_20261002_072510_851363,5747,190,2026-10-02T07:28:23.942,10,right,9,10,18.0,True,
run_20261002_072510_851363,5747,190,2026-10-02T07:28:23.942,11,right,10,11,17.5,True,
run_20261002_072510_851363,5747,190,2026-10-02T07:28:23.942,12,right,11,12,18.0,True,
run_20261002_072510_851363,5777,191,2026-10-02T07:28:24.943,1,left,0,1,18.0,True,
run_20261002_072510_851363,5777,191,2026-10-02T07:28:24.943,2,left,1,2,18.5,True,
run_20261002_072510_851363,5777,191,2026-10-02T07:28:24.943,3,left,2,3,17.5,True,
run_20261002_072510_851363,5777,191,2026-10-02T07:28:24.943,4,left,3,4,18.0,True,
run_20261002_072510_851363,5777,191,2026-10-02T07:28:24.943,5,left,4,5,18.5,True,
run_20261002_072510_851363,5777,191,2026-10-02T07:28:24.943,6,left,5,6,18.0,True,
run_20261002_072510_851363,5777,191,2026-10-02T07:28:24.943,7,left,6,7,18.0,True,
run_20261002_072510_851363,5777,191,2026-10-02T07:28:24.943,8,left,7,8,18.0,True,
run_20261002_072510_851363,5777,191,2026-10-02T07:28:24.943,9,left,8,9,18.0,True,
run_20261002_072510_851363,5777,191,2026-10-02T07:28:24.943,10,left,9,10,18.0,True,
run_20261002_072510_851363,5777,191,2026-10-02T07:28:24.943,11,left,10,11,17.5,True,
run_20261002_072510_851363,5777,191,2026-10-02T07:28:24.943,12,left,11,12,18.0,True,
run_20261002_072510_851363,5777,191,2026-10-02T07:28:24.943,1,right,0,1,18.5,True,
run_20261002_072510_851363,5777,191,2026-10-02T07:28:24.943,2,right,1,2,18.0,True,
run_20261002_072510_851363,5777,191,2026-10-02T07:28:24.943,3,right,2,3,18.5,True,
run_20261002_072510_851363,5777,191,2026-10-02T07:28:24.943,4,right,3,4,18.0,True,
run_20261002_072510_851363,5777,191,2026-10-02T07:28:24.943,5,right,4,5,18.0,True,
run_20261002_072510_851363,5777,191,2026-10-02T07:28:24.943,6,right,5,6,18.0,True,
run_20261002_072510_851363,5777,191,2026-10-02T07:28:24.943,7,right,6,7,18.0,True,
run_20261002_072510_851363,5777,191,2026-10-02T07:28:24.943,8,right,7,8,18.0,True,
run_20261002_072510_851363,5777,191,2026-10-02T07:28:24.943,9,right,8,9,18.0,True,
run_20261002_072510_851363,5777,191,2026-10-02T07:28:24.943,10,right,9,10,18.0,True,
run_20261002_072510_851363,5777,191,2026-10-02T07:28:24.943,11,right,10,11,17.5,True,
run_20261002_072510_851363,5777,191,2026-10-02T07:28:24.943,12,right,11,12,18.0,True,
run_20261002_072510_851363,5807,192,2026-10-02T07:28:25.946,1,left,0,1,18.0,True,
run_20261002_072510_851363,5807,192,2026-10-02T07:28:25.946,2,left,1,2,18.0,True,
run_20261002_072510_851363,5807,192,2026-10-02T07:28:25.946,3,left,2,3,18.0,True,
run_20261002_072510_851363,5807,192,2026-10-02T07:28:25.946,4,left,3,4,18.0,True,
run_20261002_072510_851363,5807,192,2026-10-02T07:28:25.946,5,left,4,5,18.5,True,
run_20261002_072510_851363,5807,192,2026-10-02T07:28:25.946,6,left,5,6,18.0,True,
run_20261002_072510_851363,5807,192,2026-10-02T07:28:25.946,7,left,6,7,18.0,True,
run_20261002_072510_851363,5807,192,2026-10-02T07:28:25.946,8,left,7,8,18.0,True,
run_20261002_072510_851363,5807,192,2026-10-02T07:28:25.946,9,left,8,9,18.0,True,
run_20261002_072510_851363,5807,192,2026-10-02T07:28:25.946,10,left,9,10,18.0,True,
run_20261002_072510_851363,5807,192,2026-10-02T07:28:25.946,11,left,10,11,17.5,True,
run_20261002_072510_851363,5807,192,2026-10-02T07:28:25.946,12,left,11,12,18.0,True,
run_20261002_072510_851363,5807,192,2026-10-02T07:28:25.946,1,right,0,1,18.5,True,
run_20261002_072510_851363,5807,192,2026-10-02T07:28:25.946,2,right,1,2,18.0,True,
run_20261002_072510_851363,5807,192,2026-10-02T07:28:25.946,3,right,2,3,18.5,True,
run_20261002_072510_851363,5807,192,2026-10-02T07:28:25.946,4,right,3,4,18.0,True,
run_20261002_072510_851363,5807,192,2026-10-02T07:28:25.946,5,right,4,5,18.0,True,
run_20261002_072510_851363,5807,192,2026-10-02T07:28:25.946,6,right,5,6,18.0,True,
run_20261002_072510_851363,5807,192,2026-10-02T07:28:25.946,7,right,6,7,18.0,True,
run_20261002_072510_851363,5807,192,2026-10-02T07:28:25.946,8,right,7,8,18.0,True,
run_20261002_072510_851363,5807,192,2026-10-02T07:28:25.946,9,right,8,9,18.0,True,
run_20261002_072510_851363,5807,192,2026-10-02T07:28:25.946,10,right,9,10,18.0,True,
run_20261002_072510_851363,5807,192,2026-10-02T07:28:25.946,11,right,10,11,17.5,True,
run_20261002_072510_851363,5807,192,2026-10-02T07:28:25.946,12,right,11,12,18.0,True,
run_20261002_072510_851363,5837,193,2026-10-02T07:28:26.948,1,left,0,1,18.0,True,
run_20261002_072510_851363,5837,193,2026-10-02T07:28:26.948,2,left,1,2,18.0,True,
run_20261002_072510_851363,5837,193,2026-10-02T07:28:26.948,3,left,2,3,18.0,True,
run_20261002_072510_851363,5837,193,2026-10-02T07:28:26.948,4,left,3,4,18.0,True,
run_20261002_072510_851363,5837,193,2026-10-02T07:28:26.948,5,left,4,5,18.0,True,
run_20261002_072510_851363,5837,193,2026-10-02T07:28:26.948,6,left,5,6,18.5,True,
run_20261002_072510_851363,5837,193,2026-10-02T07:28:26.948,7,left,6,7,18.0,True,
run_20261002_072510_851363,5837,193,2026-10-02T07:28:26.948,8,left,7,8,18.0,True,
run_20261002_072510_851363,5837,193,2026-10-02T07:28:26.948,9,left,8,9,18.0,True,
run_20261002_072510_851363,5837,193,2026-10-02T07:28:26.948,10,left,9,10,18.0,True,
run_20261002_072510_851363,5837,193,2026-10-02T07:28:26.948,11,left,10,11,17.5,True,
run_20261002_072510_851363,5837,193,2026-10-02T07:28:26.948,12,left,11,12,18.0,True,
run_20261002_072510_851363,5837,193,2026-10-02T07:28:26.948,1,right,0,1,18.5,True,
run_20261002_072510_851363,5837,193,2026-10-02T07:28:26.948,2,right,1,2,18.0,True,
run_20261002_072510_851363,5837,193,2026-10-02T07:28:26.948,3,right,2,3,18.0,True,
run_20261002_072510_851363,5837,193,2026-10-02T07:28:26.948,4,right,3,4,18.5,True,
run_20261002_072510_851363,5837,193,2026-10-02T07:28:26.948,5,right,4,5,18.0,True,
run_20261002_072510_851363,5837,193,2026-10-02T07:28:26.948,6,right,5,6,18.0,True,
run_20261002_072510_851363,5837,193,2026-10-02T07:28:26.948,7,right,6,7,18.0,True,
run_20261002_072510_851363,5837,193,2026-10-02T07:28:26.948,8,right,7,8,18.0,True,
run_20261002_072510_851363,5837,193,2026-10-02T07:28:26.948,9,right,8,9,18.0,True,
run_20261002_072510_851363,5837,193,2026-10-02T07:28:26.948,10,right,9,10,18.0,True,
run_20261002_072510_851363,5837,193,2026-10-02T07:28:26.948,11,right,10,11,17.5,True,
run_20261002_072510_851363,5837,193,2026-10-02T07:28:26.948,12,right,11,12,18.0,True,
run_20261002_072510_851363,5868,194,2026-10-02T07:28:27.977,1,left,0,1,18.0,True,
run_20261002_072510_851363,5868,194,2026-10-02T07:28:27.977,2,left,1,2,18.0,True,
run_20261002_072510_851363,5868,194,2026-10-02T07:28:27.977,3,left,2,3,18.0,True,
run_20261002_072510_851363,5868,194,2026-10-02T07:28:27.977,4,left,3,4,18.0,True,
run_20261002_072510_851363,5868,194,2026-10-02T07:28:27.977,5,left,4,5,18.5,True,
run_20261002_072510_851363,5868,194,2026-10-02T07:28:27.977,6,left,5,6,18.0,True,
run_20261002_072510_851363,5868,194,2026-10-02T07:28:27.977,7,left,6,7,18.0,True,
run_20261002_072510_851363,5868,194,2026-10-02T07:28:27.977,8,left,7,8,18.0,True,
run_20261002_072510_851363,5868,194,2026-10-02T07:28:27.977,9,left,8,9,18.0,True,
run_20261002_072510_851363,5868,194,2026-10-02T07:28:27.977,10,left,9,10,18.0,True,
run_20261002_072510_851363,5868,194,2026-10-02T07:28:27.977,11,left,10,11,17.5,True,
run_20261002_072510_851363,5868,194,2026-10-02T07:28:27.977,12,left,11,12,18.0,True,
run_20261002_072510_851363,5868,194,2026-10-02T07:28:27.977,1,right,0,1,18.5,True,
run_20261002_072510_851363,5868,194,2026-10-02T07:28:27.977,2,right,1,2,18.0,True,
run_20261002_072510_851363,5868,194,2026-10-02T07:28:27.977,3,right,2,3,18.0,True,
run_20261002_072510_851363,5868,194,2026-10-02T07:28:27.977,4,right,3,4,18.5,True,
run_20261002_072510_851363,5868,194,2026-10-02T07:28:27.977,5,right,4,5,18.0,True,
run_20261002_072510_851363,5868,194,2026-10-02T07:28:27.977,6,right,5,6,18.0,True,
run_20261002_072510_851363,5868,194,2026-10-02T07:28:27.977,7,right,6,7,18.0,True,
run_20261002_072510_851363,5868,194,2026-10-02T07:28:27.977,8,right,7,8,18.0,True,
run_20261002_072510_851363,5868,194,2026-10-02T07:28:27.977,9,right,8,9,18.0,True,
run_20261002_072510_851363,5868,194,2026-10-02T07:28:27.977,10,right,9,10,18.0,True,
run_20261002_072510_851363,5868,194,2026-10-02T07:28:27.977,11,right,10,11,17.5,True,
run_20261002_072510_851363,5868,194,2026-10-02T07:28:27.977,12,right,11,12,18.0,True,
run_20261002_072510_851363,5898,195,2026-10-02T07:28:28.982,1,left,0,1,18.0,True,
run_20261002_072510_851363,5898,195,2026-10-02T07:28:28.982,2,left,1,2,18.0,True,
run_20261002_072510_851363,5898,195,2026-10-02T07:28:28.982,3,left,2,3,18.0,True,
run_20261002_072510_851363,5898,195,2026-10-02T07:28:28.982,4,left,3,4,18.0,True,
run_20261002_072510_851363,5898,195,2026-10-02T07:28:28.982,5,left,4,5,18.0,True,
run_20261002_072510_851363,5898,195,2026-10-02T07:28:28.982,6,left,5,6,18.5,True,
run_20261002_072510_851363,5898,195,2026-10-02T07:28:28.982,7,left,6,7,18.0,True,
run_20261002_072510_851363,5898,195,2026-10-02T07:28:28.982,8,left,7,8,18.0,True,
run_20261002_072510_851363,5898,195,2026-10-02T07:28:28.982,9,left,8,9,18.0,True,
run_20261002_072510_851363,5898,195,2026-10-02T07:28:28.982,10,left,9,10,18.0,True,
run_20261002_072510_851363,5898,195,2026-10-02T07:28:28.982,11,left,10,11,17.5,True,
run_20261002_072510_851363,5898,195,2026-10-02T07:28:28.982,12,left,11,12,18.0,True,
run_20261002_072510_851363,5898,195,2026-10-02T07:28:28.982,1,right,0,1,18.5,True,
run_20261002_072510_851363,5898,195,2026-10-02T07:28:28.982,2,right,1,2,18.0,True,
run_20261002_072510_851363,5898,195,2026-10-02T07:28:28.982,3,right,2,3,18.0,True,
run_20261002_072510_851363,5898,195,2026-10-02T07:28:28.982,4,right,3,4,18.5,True,
run_20261002_072510_851363,5898,195,2026-10-02T07:28:28.982,5,right,4,5,18.0,True,
run_20261002_072510_851363,5898,195,2026-10-02T07:28:28.982,6,right,5,6,18.0,True,
run_20261002_072510_851363,5898,195,2026-10-02T07:28:28.982,7,right,6,7,18.0,True,
run_20261002_072510_851363,5898,195,2026-10-02T07:28:28.982,8,right,7,8,18.0,True,
run_20261002_072510_851363,5898,195,2026-10-02T07:28:28.982,9,right,8,9,18.0,True,
run_20261002_072510_851363,5898,195,2026-10-02T07:28:28.982,10,right,9,10,18.0,True,
run_20261002_072510_851363,5898,195,2026-10-02T07:28:28.982,11,right,10,11,17.5,True,
run_20261002_072510_851363,5898,195,2026-10-02T07:28:28.982,12,right,11,12,18.0,True,
run_20261002_072510_851363,5926,196,2026-10-02T07:28:30.009,1,left,0,1,18.0,True,
run_20261002_072510_851363,5926,196,2026-10-02T07:28:30.009,2,left,1,2,18.0,True,
run_20261002_072510_851363,5926,196,2026-10-02T07:28:30.009,3,left,2,3,18.0,True,
run_20261002_072510_851363,5926,196,2026-10-02T07:28:30.009,4,left,3,4,18.0,True,
run_20261002_072510_851363,5926,196,2026-10-02T07:28:30.009,5,left,4,5,18.0,True,
run_20261002_072510_851363,5926,196,2026-10-02T07:28:30.009,6,left,5,6,18.5,True,
run_20261002_072510_851363,5926,196,2026-10-02T07:28:30.009,7,left,6,7,18.0,True,
run_20261002_072510_851363,5926,196,2026-10-02T07:28:30.009,8,left,7,8,18.0,True,
run_20261002_072510_851363,5926,196,2026-10-02T07:28:30.009,9,left,8,9,18.0,True,
run_20261002_072510_851363,5926,196,2026-10-02T07:28:30.009,10,left,9,10,17.5,True,
run_20261002_072510_851363,5926,196,2026-10-02T07:28:30.009,11,left,10,11,18.0,True,
run_20261002_072510_851363,5926,196,2026-10-02T07:28:30.009,12,left,11,12,18.0,True,
run_20261002_072510_851363,5926,196,2026-10-02T07:28:30.009,1,right,0,1,18.5,True,
run_20261002_072510_851363,5926,196,2026-10-02T07:28:30.009,2,right,1,2,18.0,True,
run_20261002_072510_851363,5926,196,2026-10-02T07:28:30.009,3,right,2,3,18.0,True,
run_20261002_072510_851363,5926,196,2026-10-02T07:28:30.009,4,right,3,4,18.5,True,
run_20261002_072510_851363,5926,196,2026-10-02T07:28:30.009,5,right,4,5,18.0,True,
run_20261002_072510_851363,5926,196,2026-10-02T07:28:30.009,6,right,5,6,18.0,True,
run_20261002_072510_851363,5926,196,2026-10-02T07:28:30.009,7,right,6,7,18.0,True,
run_20261002_072510_851363,5926,196,2026-10-02T07:28:30.009,8,right,7,8,18.0,True,
run_20261002_072510_851363,5926,196,2026-10-02T07:28:30.009,9,right,8,9,18.0,True,
run_20261002_072510_851363,5926,196,2026-10-02T07:28:30.009,10,right,9,10,18.0,True,
run_20261002_072510_851363,5926,196,2026-10-02T07:28:30.009,11,right,10,11,17.5,True,
run_20261002_072510_851363,5926,196,2026-10-02T07:28:30.009,12,right,11,12,18.0,True,
run_20261002_072510_851363,5956,197,2026-10-02T07:28:31.013,1,left,0,1,18.0,True,
run_20261002_072510_851363,5956,197,2026-10-02T07:28:31.013,2,left,1,2,18.0,True,
run_20261002_072510_851363,5956,197,2026-10-02T07:28:31.013,3,left,2,3,18.0,True,
run_20261002_072510_851363,5956,197,2026-10-02T07:28:31.013,4,left,3,4,18.0,True,
run_20261002_072510_851363,5956,197,2026-10-02T07:28:31.013,5,left,4,5,18.0,True,
run_20261002_072510_851363,5956,197,2026-10-02T07:28:31.013,6,left,5,6,18.5,True,
run_20261002_072510_851363,5956,197,2026-10-02T07:28:31.013,7,left,6,7,18.0,True,
run_20261002_072510_851363,5956,197,2026-10-02T07:28:31.013,8,left,7,8,18.0,True,
run_20261002_072510_851363,5956,197,2026-10-02T07:28:31.013,9,left,8,9,18.0,True,
run_20261002_072510_851363,5956,197,2026-10-02T07:28:31.013,10,left,9,10,18.0,True,
run_20261002_072510_851363,5956,197,2026-10-02T07:28:31.013,11,left,10,11,17.5,True,
run_20261002_072510_851363,5956,197,2026-10-02T07:28:31.013,12,left,11,12,18.0,True,
run_20261002_072510_851363,5956,197,2026-10-02T07:28:31.013,1,right,0,1,18.5,True,
run_20261002_072510_851363,5956,197,2026-10-02T07:28:31.013,2,right,1,2,18.0,True,
run_20261002_072510_851363,5956,197,2026-10-02T07:28:31.013,3,right,2,3,18.0,True,
run_20261002_072510_851363,5956,197,2026-10-02T07:28:31.013,4,right,3,4,18.5,True,
run_20261002_072510_851363,5956,197,2026-10-02T07:28:31.013,5,right,4,5,18.0,True,
run_20261002_072510_851363,5956,197,2026-10-02T07:28:31.013,6,right,5,6,18.0,True,
run_20261002_072510_851363,5956,197,2026-10-02T07:28:31.013,7,right,6,7,18.0,True,
run_20261002_072510_851363,5956,197,2026-10-02T07:28:31.013,8,right,7,8,18.0,True,
run_20261002_072510_851363,5956,197,2026-10-02T07:28:31.013,9,right,8,9,18.0,True,
run_20261002_072510_851363,5956,197,2026-10-02T07:28:31.013,10,right,9,10,18.0,True,
run_20261002_072510_851363,5956,197,2026-10-02T07:28:31.013,11,right,10,11,17.5,True,
run_20261002_072510_851363,5956,197,2026-10-02T07:28:31.013,12,right,11,12,18.0,True,
run_20261002_072510_851363,5987,198,2026-10-02T07:28:32.043,1,left,0,1,18.0,True,
run_20261002_072510_851363,5987,198,2026-10-02T07:28:32.043,2,left,1,2,18.0,True,
run_20261002_072510_851363,5987,198,2026-10-02T07:28:32.043,3,left,2,3,18.0,True,
run_20261002_072510_851363,5987,198,2026-10-02T07:28:32.043,4,left,3,4,18.0,True,
run_20261002_072510_851363,5987,198,2026-10-02T07:28:32.043,5,left,4,5,18.0,True,
run_20261002_072510_851363,5987,198,2026-10-02T07:28:32.043,6,left,5,6,18.5,True,
run_20261002_072510_851363,5987,198,2026-10-02T07:28:32.043,7,left,6,7,18.0,True,
run_20261002_072510_851363,5987,198,2026-10-02T07:28:32.043,8,left,7,8,18.0,True,
run_20261002_072510_851363,5987,198,2026-10-02T07:28:32.043,9,left,8,9,18.0,True,
run_20261002_072510_851363,5987,198,2026-10-02T07:28:32.043,10,left,9,10,17.92857142857143,True,
run_20261002_072510_851363,5987,198,2026-10-02T07:28:32.043,11,left,10,11,17.57142857142857,True,
run_20261002_072510_851363,5987,198,2026-10-02T07:28:32.043,12,left,11,12,18.0,True,
run_20261002_072510_851363,5987,198,2026-10-02T07:28:32.043,1,right,0,1,18.5,True,
run_20261002_072510_851363,5987,198,2026-10-02T07:28:32.043,2,right,1,2,18.0,True,
run_20261002_072510_851363,5987,198,2026-10-02T07:28:32.043,3,right,2,3,18.0,True,
run_20261002_072510_851363,5987,198,2026-10-02T07:28:32.043,4,right,3,4,18.5,True,
run_20261002_072510_851363,5987,198,2026-10-02T07:28:32.043,5,right,4,5,18.0,True,
run_20261002_072510_851363,5987,198,2026-10-02T07:28:32.043,6,right,5,6,18.0,True,
run_20261002_072510_851363,5987,198,2026-10-02T07:28:32.043,7,right,6,7,18.0,True,
run_20261002_072510_851363,5987,198,2026-10-02T07:28:32.043,8,right,7,8,18.0,True,
run_20261002_072510_851363,5987,198,2026-10-02T07:28:32.043,9,right,8,9,18.0,True,
run_20261002_072510_851363,5987,198,2026-10-02T07:28:32.043,10,right,9,10,18.0,True,
run_20261002_072510_851363,5987,198,2026-10-02T07:28:32.043,11,right,10,11,17.5,True,
run_20261002_072510_851363,5987,198,2026-10-02T07:28:32.043,12,right,11,12,18.0,True,
run_20261002_072510_851363,6017,199,2026-10-02T07:28:33.044,1,left,0,1,18.0,True,
run_20261002_072510_851363,6017,199,2026-10-02T07:28:33.044,2,left,1,2,18.0,True,
run_20261002_072510_851363,6017,199,2026-10-02T07:28:33.044,3,left,2,3,18.0,True,
run_20261002_072510_851363,6017,199,2026-10-02T07:28:33.044,4,left,3,4,18.0,True,
run_20261002_072510_851363,6017,199,2026-10-02T07:28:33.044,5,left,4,5,18.0,True,
run_20261002_072510_851363,6017,199,2026-10-02T07:28:33.044,6,left,5,6,18.5,True,
run_20261002_072510_851363,6017,199,2026-10-02T07:28:33.044,7,left,6,7,18.0,True,
run_20261002_072510_851363,6017,199,2026-10-02T07:28:33.044,8,left,7,8,18.0,True,
run_20261002_072510_851363,6017,199,2026-10-02T07:28:33.044,9,left,8,9,18.0,True,
run_20261002_072510_851363,6017,199,2026-10-02T07:28:33.044,10,left,9,10,17.92857142857143,True,
run_20261002_072510_851363,6017,199,2026-10-02T07:28:33.044,11,left,10,11,17.57142857142857,True,
run_20261002_072510_851363,6017,199,2026-10-02T07:28:33.044,12,left,11,12,18.0,True,
run_20261002_072510_851363,6017,199,2026-10-02T07:28:33.044,1,right,0,1,18.5,True,
run_20261002_072510_851363,6017,199,2026-10-02T07:28:33.044,2,right,1,2,18.0,True,
run_20261002_072510_851363,6017,199,2026-10-02T07:28:33.044,3,right,2,3,18.0,True,
run_20261002_072510_851363,6017,199,2026-10-02T07:28:33.044,4,right,3,4,18.5,True,
run_20261002_072510_851363,6017,199,2026-10-02T07:28:33.044,5,right,4,5,18.0,True,
run_20261002_072510_851363,6017,199,2026-10-02T07:28:33.044,6,right,5,6,18.0,True,
run_20261002_072510_851363,6017,199,2026-10-02T07:28:33.044,7,right,6,7,18.0,True,
run_20261002_072510_851363,6017,199,2026-10-02T07:28:33.044,8,right,7,8,18.0,True,
run_20261002_072510_851363,6017,199,2026-10-02T07:28:33.044,9,right,8,9,18.0,True,
run_20261002_072510_851363,6017,199,2026-10-02T07:28:33.044,10,right,9,10,18.0,True,
run_20261002_072510_851363,6017,199,2026-10-02T07:28:33.044,11,right,10,11,17.5,True,
run_20261002_072510_851363,6017,199,2026-10-02T07:28:33.044,12,right,11,12,18.0,True,
run_20261002_072510_851363,6047,200,2026-10-02T07:28:34.054,1,left,0,1,18.0,True,
run_20261002_072510_851363,6047,200,2026-10-02T07:28:34.054,2,left,1,2,18.0,True,
run_20261002_072510_851363,6047,200,2026-10-02T07:28:34.054,3,left,2,3,18.0,True,
run_20261002_072510_851363,6047,200,2026-10-02T07:28:34.054,4,left,3,4,18.0,True,
run_20261002_072510_851363,6047,200,2026-10-02T07:28:34.054,5,left,4,5,18.0,True,
run_20261002_072510_851363,6047,200,2026-10-02T07:28:34.054,6,left,5,6,18.5,True,
run_20261002_072510_851363,6047,200,2026-10-02T07:28:34.054,7,left,6,7,18.0,True,
run_20261002_072510_851363,6047,200,2026-10-02T07:28:34.054,8,left,7,8,18.0,True,
run_20261002_072510_851363,6047,200,2026-10-02T07:28:34.054,9,left,8,9,18.0,True,
run_20261002_072510_851363,6047,200,2026-10-02T07:28:34.054,10,left,9,10,17.5,True,
run_20261002_072510_851363,6047,200,2026-10-02T07:28:34.054,11,left,10,11,18.0,True,
run_20261002_072510_851363,6047,200,2026-10-02T07:28:34.054,12,left,11,12,18.0,True,
run_20261002_072510_851363,6047,200,2026-10-02T07:28:34.054,1,right,0,1,18.5,True,
run_20261002_072510_851363,6047,200,2026-10-02T07:28:34.054,2,right,1,2,18.0,True,
run_20261002_072510_851363,6047,200,2026-10-02T07:28:34.054,3,right,2,3,18.5,True,
run_20261002_072510_851363,6047,200,2026-10-02T07:28:34.054,4,right,3,4,18.0,True,
run_20261002_072510_851363,6047,200,2026-10-02T07:28:34.054,5,right,4,5,18.0,True,
run_20261002_072510_851363,6047,200,2026-10-02T07:28:34.054,6,right,5,6,18.0,True,
run_20261002_072510_851363,6047,200,2026-10-02T07:28:34.054,7,right,6,7,18.0,True,
run_20261002_072510_851363,6047,200,2026-10-02T07:28:34.054,8,right,7,8,18.0,True,
run_20261002_072510_851363,6047,200,2026-10-02T07:28:34.054,9,right,8,9,18.0,True,
run_20261002_072510_851363,6047,200,2026-10-02T07:28:34.054,10,right,9,10,18.0,True,
run_20261002_072510_851363,6047,200,2026-10-02T07:28:34.054,11,right,10,11,17.5,True,
run_20261002_072510_851363,6047,200,2026-10-02T07:28:34.054,12,right,11,12,18.0,True,
run_20261002_072510_851363,6078,201,2026-10-02T07:28:35.076,1,left,0,1,18.0,True,
run_20261002_072510_851363,6078,201,2026-10-02T07:28:35.076,2,left,1,2,18.0,True,
run_20261002_072510_851363,6078,201,2026-10-02T07:28:35.076,3,left,2,3,18.0,True,
run_20261002_072510_851363,6078,201,2026-10-02T07:28:35.076,4,left,3,4,18.0,True,
run_20261002_072510_851363,6078,201,2026-10-02T07:28:35.076,5,left,4,5,18.0,True,
run_20261002_072510_851363,6078,201,2026-10-02T07:28:35.076,6,left,5,6,18.5,True,
run_20261002_072510_851363,6078,201,2026-10-02T07:28:35.076,7,left,6,7,18.0,True,
run_20261002_072510_851363,6078,201,2026-10-02T07:28:35.076,8,left,7,8,18.0,True,
run_20261002_072510_851363,6078,201,2026-10-02T07:28:35.076,9,left,8,9,18.0,True,
run_20261002_072510_851363,6078,201,2026-10-02T07:28:35.076,10,left,9,10,17.5,True,
run_20261002_072510_851363,6078,201,2026-10-02T07:28:35.076,11,left,10,11,18.0,True,
run_20261002_072510_851363,6078,201,2026-10-02T07:28:35.076,12,left,11,12,18.0,True,
run_20261002_072510_851363,6078,201,2026-10-02T07:28:35.076,1,right,0,1,18.5,True,
run_20261002_072510_851363,6078,201,2026-10-02T07:28:35.076,2,right,1,2,18.0,True,
run_20261002_072510_851363,6078,201,2026-10-02T07:28:35.076,3,right,2,3,18.5,True,
run_20261002_072510_851363,6078,201,2026-10-02T07:28:35.076,4,right,3,4,18.0,True,
run_20261002_072510_851363,6078,201,2026-10-02T07:28:35.076,5,right,4,5,18.0,True,
run_20261002_072510_851363,6078,201,2026-10-02T07:28:35.076,6,right,5,6,18.0,True,
run_20261002_072510_851363,6078,201,2026-10-02T07:28:35.076,7,right,6,7,18.0,True,
run_20261002_072510_851363,6078,201,2026-10-02T07:28:35.076,8,right,7,8,18.0,True,
run_20261002_072510_851363,6078,201,2026-10-02T07:28:35.076,9,right,8,9,18.0,True,
run_20261002_072510_851363,6078,201,2026-10-02T07:28:35.076,10,right,9,10,18.0,True,
run_20261002_072510_851363,6078,201,2026-10-02T07:28:35.076,11,right,10,11,17.5,True,
run_20261002_072510_851363,6078,201,2026-10-02T07:28:35.076,12,right,11,12,18.0,True,
run_20261002_072510_851363,6109,202,2026-10-02T07:28:36.110,1,left,0,1,18.0,True,
run_20261002_072510_851363,6109,202,2026-10-02T07:28:36.110,2,left,1,2,18.0,True,
run_20261002_072510_851363,6109,202,2026-10-02T07:28:36.110,3,left,2,3,18.0,True,
run_20261002_072510_851363,6109,202,2026-10-02T07:28:36.110,4,left,3,4,18.0,True,
run_20261002_072510_851363,6109,202,2026-10-02T07:28:36.110,5,left,4,5,18.0,True,
run_20261002_072510_851363,6109,202,2026-10-02T07:28:36.110,6,left,5,6,18.5,True,
run_20261002_072510_851363,6109,202,2026-10-02T07:28:36.110,7,left,6,7,18.0,True,
run_20261002_072510_851363,6109,202,2026-10-02T07:28:36.110,8,left,7,8,18.0,True,
run_20261002_072510_851363,6109,202,2026-10-02T07:28:36.110,9,left,8,9,18.0,True,
run_20261002_072510_851363,6109,202,2026-10-02T07:28:36.110,10,left,9,10,17.5,True,
run_20261002_072510_851363,6109,202,2026-10-02T07:28:36.110,11,left,10,11,18.0,True,
run_20261002_072510_851363,6109,202,2026-10-02T07:28:36.110,12,left,11,12,18.0,True,
run_20261002_072510_851363,6109,202,2026-10-02T07:28:36.110,1,right,0,1,18.5,True,
run_20261002_072510_851363,6109,202,2026-10-02T07:28:36.110,2,right,1,2,18.0,True,
run_20261002_072510_851363,6109,202,2026-10-02T07:28:36.110,3,right,2,3,18.5,True,
run_20261002_072510_851363,6109,202,2026-10-02T07:28:36.110,4,right,3,4,18.0,True,
run_20261002_072510_851363,6109,202,2026-10-02T07:28:36.110,5,right,4,5,18.0,True,
run_20261002_072510_851363,6109,202,2026-10-02T07:28:36.110,6,right,5,6,18.0,True,
run_20261002_072510_851363,6109,202,2026-10-02T07:28:36.110,7,right,6,7,18.0,True,
run_20261002_072510_851363,6109,202,2026-10-02T07:28:36.110,8,right,7,8,18.0,True,
run_20261002_072510_851363,6109,202,2026-10-02T07:28:36.110,9,right,8,9,18.0,True,
run_20261002_072510_851363,6109,202,2026-10-02T07:28:36.110,10,right,9,10,18.0,True,
run_20261002_072510_851363,6109,202,2026-10-02T07:28:36.110,11,right,10,11,17.5,True,
run_20261002_072510_851363,6109,202,2026-10-02T07:28:36.110,12,right,11,12,18.0,True,
run_20261002_072510_851363,6137,203,2026-10-02T07:28:37.114,1,left,0,1,18.0,True,
run_20261002_072510_851363,6137,203,2026-10-02T07:28:37.114,2,left,1,2,18.0,True,
run_20261002_072510_851363,6137,203,2026-10-02T07:28:37.114,3,left,2,3,18.0,True,
run_20261002_072510_851363,6137,203,2026-10-02T07:28:37.114,4,left,3,4,18.0,True,
run_20261002_072510_851363,6137,203,2026-10-02T07:28:37.114,5,left,4,5,18.5,True,
run_20261002_072510_851363,6137,203,2026-10-02T07:28:37.114,6,left,5,6,18.0,True,
run_20261002_072510_851363,6137,203,2026-10-02T07:28:37.114,7,left,6,7,18.0,True,
run_20261002_072510_851363,6137,203,2026-10-02T07:28:37.114,8,left,7,8,18.0,True,
run_20261002_072510_851363,6137,203,2026-10-02T07:28:37.114,9,left,8,9,18.0,True,
run_20261002_072510_851363,6137,203,2026-10-02T07:28:37.114,10,left,9,10,18.0,True,
run_20261002_072510_851363,6137,203,2026-10-02T07:28:37.114,11,left,10,11,17.5,True,
run_20261002_072510_851363,6137,203,2026-10-02T07:28:37.114,12,left,11,12,18.0,True,
run_20261002_072510_851363,6137,203,2026-10-02T07:28:37.114,1,right,0,1,18.5,True,
run_20261002_072510_851363,6137,203,2026-10-02T07:28:37.114,2,right,1,2,18.0,True,
run_20261002_072510_851363,6137,203,2026-10-02T07:28:37.114,3,right,2,3,18.5,True,
run_20261002_072510_851363,6137,203,2026-10-02T07:28:37.114,4,right,3,4,18.0,True,
run_20261002_072510_851363,6137,203,2026-10-02T07:28:37.114,5,right,4,5,18.0,True,
run_20261002_072510_851363,6137,203,2026-10-02T07:28:37.114,6,right,5,6,18.0,True,
run_20261002_072510_851363,6137,203,2026-10-02T07:28:37.114,7,right,6,7,18.0,True,
run_20261002_072510_851363,6137,203,2026-10-02T07:28:37.114,8,right,7,8,18.0,True,
run_20261002_072510_851363,6137,203,2026-10-02T07:28:37.114,9,right,8,9,18.0,True,
run_20261002_072510_851363,6137,203,2026-10-02T07:28:37.114,10,right,9,10,18.0,True,
run_20261002_072510_851363,6137,203,2026-10-02T07:28:37.114,11,right,10,11,17.5,True,
run_20261002_072510_851363,6137,203,2026-10-02T07:28:37.114,12,right,11,12,18.0,True,
run_20261002_072510_851363,6168,204,2026-10-02T07:28:38.143,1,left,0,1,18.0,True,
run_20261002_072510_851363,6168,204,2026-10-02T07:28:38.143,2,left,1,2,18.0,True,
run_20261002_072510_851363,6168,204,2026-10-02T07:28:38.143,3,left,2,3,18.0,True,
run_20261002_072510_851363,6168,204,2026-10-02T07:28:38.143,4,left,3,4,18.0,True,
run_20261002_072510_851363,6168,204,2026-10-02T07:28:38.143,5,left,4,5,18.0,True,
run_20261002_072510_851363,6168,204,2026-10-02T07:28:38.143,6,left,5,6,18.5,True,
run_20261002_072510_851363,6168,204,2026-10-02T07:28:38.143,7,left,6,7,18.0,True,
run_20261002_072510_851363,6168,204,2026-10-02T07:28:38.143,8,left,7,8,18.0,True,
run_20261002_072510_851363,6168,204,2026-10-02T07:28:38.143,9,left,8,9,18.0,True,
run_20261002_072510_851363,6168,204,2026-10-02T07:28:38.143,10,left,9,10,17.92857142857143,True,
run_20261002_072510_851363,6168,204,2026-10-02T07:28:38.143,11,left,10,11,17.57142857142857,True,
run_20261002_072510_851363,6168,204,2026-10-02T07:28:38.143,12,left,11,12,18.0,True,
run_20261002_072510_851363,6168,204,2026-10-02T07:28:38.143,1,right,0,1,18.5,True,
run_20261002_072510_851363,6168,204,2026-10-02T07:28:38.143,2,right,1,2,18.0,True,
run_20261002_072510_851363,6168,204,2026-10-02T07:28:38.143,3,right,2,3,18.5,True,
run_20261002_072510_851363,6168,204,2026-10-02T07:28:38.143,4,right,3,4,18.0,True,
run_20261002_072510_851363,6168,204,2026-10-02T07:28:38.143,5,right,4,5,18.0,True,
run_20261002_072510_851363,6168,204,2026-10-02T07:28:38.143,6,right,5,6,18.0,True,
run_20261002_072510_851363,6168,204,2026-10-02T07:28:38.143,7,right,6,7,18.0,True,
run_20261002_072510_851363,6168,204,2026-10-02T07:28:38.143,8,right,7,8,18.0,True,
run_20261002_072510_851363,6168,204,2026-10-02T07:28:38.143,9,right,8,9,18.0,True,
run_20261002_072510_851363,6168,204,2026-10-02T07:28:38.143,10,right,9,10,18.0,True,
run_20261002_072510_851363,6168,204,2026-10-02T07:28:38.143,11,right,10,11,17.5,True,
run_20261002_072510_851363,6168,204,2026-10-02T07:28:38.143,12,right,11,12,18.0,True,
run_20261002_072510_851363,6198,205,2026-10-02T07:28:39.147,1,left,0,1,18.0,True,
run_20261002_072510_851363,6198,205,2026-10-02T07:28:39.147,2,left,1,2,18.0,True,
run_20261002_072510_851363,6198,205,2026-10-02T07:28:39.147,3,left,2,3,18.0,True,
run_20261002_072510_851363,6198,205,2026-10-02T07:28:39.147,4,left,3,4,18.0,True,
run_20261002_072510_851363,6198,205,2026-10-02T07:28:39.147,5,left,4,5,18.0,True,
run_20261002_072510_851363,6198,205,2026-10-02T07:28:39.147,6,left,5,6,18.5,True,
run_20261002_072510_851363,6198,205,2026-10-02T07:28:39.147,7,left,6,7,18.0,True,
run_20261002_072510_851363,6198,205,2026-10-02T07:28:39.147,8,left,7,8,18.0,True,
run_20261002_072510_851363,6198,205,2026-10-02T07:28:39.147,9,left,8,9,18.0,True,
run_20261002_072510_851363,6198,205,2026-10-02T07:28:39.147,10,left,9,10,18.0,True,
run_20261002_072510_851363,6198,205,2026-10-02T07:28:39.147,11,left,10,11,17.5,True,
run_20261002_072510_851363,6198,205,2026-10-02T07:28:39.147,12,left,11,12,18.0,True,
run_20261002_072510_851363,6198,205,2026-10-02T07:28:39.147,1,right,0,1,18.5,True,
run_20261002_072510_851363,6198,205,2026-10-02T07:28:39.147,2,right,1,2,18.0,True,
run_20261002_072510_851363,6198,205,2026-10-02T07:28:39.147,3,right,2,3,18.5,True,
run_20261002_072510_851363,6198,205,2026-10-02T07:28:39.147,4,right,3,4,18.0,True,
run_20261002_072510_851363,6198,205,2026-10-02T07:28:39.147,5,right,4,5,18.0,True,
run_20261002_072510_851363,6198,205,2026-10-02T07:28:39.147,6,right,5,6,18.0,True,
run_20261002_072510_851363,6198,205,2026-10-02T07:28:39.147,7,right,6,7,18.0,True,
run_20261002_072510_851363,6198,205,2026-10-02T07:28:39.147,8,right,7,8,18.0,True,
run_20261002_072510_851363,6198,205,2026-10-02T07:28:39.147,9,right,8,9,18.0,True,
run_20261002_072510_851363,6198,205,2026-10-02T07:28:39.147,10,right,9,10,18.0,True,
run_20261002_072510_851363,6198,205,2026-10-02T07:28:39.147,11,right,10,11,17.5,True,
run_20261002_072510_851363,6198,205,2026-10-02T07:28:39.147,12,right,11,12,18.0,True,
run_20261002_072510_851363,6229,206,2026-10-02T07:28:40.183,1,left,0,1,18.0,True,
run_20261002_072510_851363,6229,206,2026-10-02T07:28:40.183,2,left,1,2,18.0,True,
run_20261002_072510_851363,6229,206,2026-10-02T07:28:40.183,3,left,2,3,18.0,True,
run_20261002_072510_851363,6229,206,2026-10-02T07:28:40.183,4,left,3,4,18.0,True,
run_20261002_072510_851363,6229,206,2026-10-02T07:28:40.183,5,left,4,5,18.0,True,
run_20261002_072510_851363,6229,206,2026-10-02T07:28:40.183,6,left,5,6,18.5,True,
run_20261002_072510_851363,6229,206,2026-10-02T07:28:40.183,7,left,6,7,18.0,True,
run_20261002_072510_851363,6229,206,2026-10-02T07:28:40.183,8,left,7,8,18.0,True,
run_20261002_072510_851363,6229,206,2026-10-02T07:28:40.183,9,left,8,9,18.0,True,
run_20261002_072510_851363,6229,206,2026-10-02T07:28:40.183,10,left,9,10,18.0,True,
run_20261002_072510_851363,6229,206,2026-10-02T07:28:40.183,11,left,10,11,17.5,True,
run_20261002_072510_851363,6229,206,2026-10-02T07:28:40.183,12,left,11,12,18.0,True,
run_20261002_072510_851363,6229,206,2026-10-02T07:28:40.183,1,right,0,1,18.5,True,
run_20261002_072510_851363,6229,206,2026-10-02T07:28:40.183,2,right,1,2,18.0,True,
run_20261002_072510_851363,6229,206,2026-10-02T07:28:40.183,3,right,2,3,18.5,True,
run_20261002_072510_851363,6229,206,2026-10-02T07:28:40.183,4,right,3,4,18.0,True,
run_20261002_072510_851363,6229,206,2026-10-02T07:28:40.183,5,right,4,5,18.0,True,
run_20261002_072510_851363,6229,206,2026-10-02T07:28:40.183,6,right,5,6,18.0,True,
run_20261002_072510_851363,6229,206,2026-10-02T07:28:40.183,7,right,6,7,18.0,True,
run_20261002_072510_851363,6229,206,2026-10-02T07:28:40.183,8,right,7,8,18.0,True,
run_20261002_072510_851363,6229,206,2026-10-02T07:28:40.183,9,right,8,9,18.0,True,
run_20261002_072510_851363,6229,206,2026-10-02T07:28:40.183,10,right,9,10,18.0,True,
run_20261002_072510_851363,6229,206,2026-10-02T07:28:40.183,11,right,10,11,17.5,True,
run_20261002_072510_851363,6229,206,2026-10-02T07:28:40.183,12,right,11,12,18.0,True,
run_20261002_072510_851363,6260,207,2026-10-02T07:28:41.210,1,left,0,1,18.0,True,
run_20261002_072510_851363,6260,207,2026-10-02T07:28:41.210,2,left,1,2,18.0,True,
run_20261002_072510_851363,6260,207,2026-10-02T07:28:41.210,3,left,2,3,18.0,True,
run_20261002_072510_851363,6260,207,2026-10-02T07:28:41.210,4,left,3,4,18.0,True,
run_20261002_072510_851363,6260,207,2026-10-02T07:28:41.210,5,left,4,5,18.0,True,
run_20261002_072510_851363,6260,207,2026-10-02T07:28:41.210,6,left,5,6,18.5,True,
run_20261002_072510_851363,6260,207,2026-10-02T07:28:41.210,7,left,6,7,18.0,True,
run_20261002_072510_851363,6260,207,2026-10-02T07:28:41.210,8,left,7,8,18.0,True,
run_20261002_072510_851363,6260,207,2026-10-02T07:28:41.210,9,left,8,9,18.0,True,
run_20261002_072510_851363,6260,207,2026-10-02T07:28:41.210,10,left,9,10,18.0,True,
run_20261002_072510_851363,6260,207,2026-10-02T07:28:41.210,11,left,10,11,17.5,True,
run_20261002_072510_851363,6260,207,2026-10-02T07:28:41.210,12,left,11,12,18.0,True,
run_20261002_072510_851363,6260,207,2026-10-02T07:28:41.210,1,right,0,1,18.5,True,
run_20261002_072510_851363,6260,207,2026-10-02T07:28:41.210,2,right,1,2,18.0,True,
run_20261002_072510_851363,6260,207,2026-10-02T07:28:41.210,3,right,2,3,18.5,True,
run_20261002_072510_851363,6260,207,2026-10-02T07:28:41.210,4,right,3,4,18.0,True,
run_20261002_072510_851363,6260,207,2026-10-02T07:28:41.210,5,right,4,5,18.0,True,
run_20261002_072510_851363,6260,207,2026-10-02T07:28:41.210,6,right,5,6,18.0,True,
run_20261002_072510_851363,6260,207,2026-10-02T07:28:41.210,7,right,6,7,18.0,True,
run_20261002_072510_851363,6260,207,2026-10-02T07:28:41.210,8,right,7,8,18.0,True,
run_20261002_072510_851363,6260,207,2026-10-02T07:28:41.210,9,right,8,9,18.0,True,
run_20261002_072510_851363,6260,207,2026-10-02T07:28:41.210,10,right,9,10,18.0,True,
run_20261002_072510_851363,6260,207,2026-10-02T07:28:41.210,11,right,10,11,17.5,True,
run_20261002_072510_851363,6260,207,2026-10-02T07:28:41.210,12,right,11,12,18.0,True,
run_20261002_072510_851363,6290,208,2026-10-02T07:28:42.247,1,left,0,1,18.0,True,
run_20261002_072510_851363,6290,208,2026-10-02T07:28:42.247,2,left,1,2,18.0,True,
run_20261002_072510_851363,6290,208,2026-10-02T07:28:42.247,3,left,2,3,18.0,True,
run_20261002_072510_851363,6290,208,2026-10-02T07:28:42.247,4,left,3,4,18.0,True,
run_20261002_072510_851363,6290,208,2026-10-02T07:28:42.247,5,left,4,5,18.0,True,
run_20261002_072510_851363,6290,208,2026-10-02T07:28:42.247,6,left,5,6,18.5,True,
run_20261002_072510_851363,6290,208,2026-10-02T07:28:42.247,7,left,6,7,18.0,True,
run_20261002_072510_851363,6290,208,2026-10-02T07:28:42.247,8,left,7,8,18.0,True,
run_20261002_072510_851363,6290,208,2026-10-02T07:28:42.247,9,left,8,9,18.0,True,
run_20261002_072510_851363,6290,208,2026-10-02T07:28:42.247,10,left,9,10,18.0,True,
run_20261002_072510_851363,6290,208,2026-10-02T07:28:42.247,11,left,10,11,17.5,True,
run_20261002_072510_851363,6290,208,2026-10-02T07:28:42.247,12,left,11,12,18.0,True,
run_20261002_072510_851363,6290,208,2026-10-02T07:28:42.247,1,right,0,1,18.5,True,
run_20261002_072510_851363,6290,208,2026-10-02T07:28:42.247,2,right,1,2,18.0,True,
run_20261002_072510_851363,6290,208,2026-10-02T07:28:42.247,3,right,2,3,18.5,True,
run_20261002_072510_851363,6290,208,2026-10-02T07:28:42.247,4,right,3,4,18.0,True,
run_20261002_072510_851363,6290,208,2026-10-02T07:28:42.247,5,right,4,5,18.0,True,
run_20261002_072510_851363,6290,208,2026-10-02T07:28:42.247,6,right,5,6,18.0,True,
run_20261002_072510_851363,6290,208,2026-10-02T07:28:42.247,7,right,6,7,18.0,True,
run_20261002_072510_851363,6290,208,2026-10-02T07:28:42.247,8,right,7,8,18.0,True,
run_20261002_072510_851363,6290,208,2026-10-02T07:28:42.247,9,right,8,9,18.0,True,
run_20261002_072510_851363,6290,208,2026-10-02T07:28:42.247,10,right,9,10,18.0,True,
run_20261002_072510_851363,6290,208,2026-10-02T07:28:42.247,11,right,10,11,17.5,True,
run_20261002_072510_851363,6290,208,2026-10-02T07:28:42.247,12,right,11,12,18.0,True,
run_20261002_072510_851363,6320,209,2026-10-02T07:28:43.248,1,left,0,1,18.0,True,
run_20261002_072510_851363,6320,209,2026-10-02T07:28:43.248,2,left,1,2,18.0,True,
run_20261002_072510_851363,6320,209,2026-10-02T07:28:43.248,3,left,2,3,18.0,True,
run_20261002_072510_851363,6320,209,2026-10-02T07:28:43.248,4,left,3,4,18.0,True,
run_20261002_072510_851363,6320,209,2026-10-02T07:28:43.248,5,left,4,5,18.5,True,
run_20261002_072510_851363,6320,209,2026-10-02T07:28:43.248,6,left,5,6,18.0,True,
run_20261002_072510_851363,6320,209,2026-10-02T07:28:43.248,7,left,6,7,18.0,True,
run_20261002_072510_851363,6320,209,2026-10-02T07:28:43.248,8,left,7,8,18.0,True,
run_20261002_072510_851363,6320,209,2026-10-02T07:28:43.248,9,left,8,9,18.0,True,
run_20261002_072510_851363,6320,209,2026-10-02T07:28:43.248,10,left,9,10,18.0,True,
run_20261002_072510_851363,6320,209,2026-10-02T07:28:43.248,11,left,10,11,17.5,True,
run_20261002_072510_851363,6320,209,2026-10-02T07:28:43.248,12,left,11,12,18.0,True,
run_20261002_072510_851363,6320,209,2026-10-02T07:28:43.248,1,right,0,1,18.5,True,
run_20261002_072510_851363,6320,209,2026-10-02T07:28:43.248,2,right,1,2,18.0,True,
run_20261002_072510_851363,6320,209,2026-10-02T07:28:43.248,3,right,2,3,18.0,True,
run_20261002_072510_851363,6320,209,2026-10-02T07:28:43.248,4,right,3,4,18.5,True,
run_20261002_072510_851363,6320,209,2026-10-02T07:28:43.248,5,right,4,5,18.0,True,
run_20261002_072510_851363,6320,209,2026-10-02T07:28:43.248,6,right,5,6,18.0,True,
run_20261002_072510_851363,6320,209,2026-10-02T07:28:43.248,7,right,6,7,18.0,True,
run_20261002_072510_851363,6320,209,2026-10-02T07:28:43.248,8,right,7,8,18.0,True,
run_20261002_072510_851363,6320,209,2026-10-02T07:28:43.248,9,right,8,9,18.0,True,
run_20261002_072510_851363,6320,209,2026-10-02T07:28:43.248,10,right,9,10,18.0,True,
run_20261002_072510_851363,6320,209,2026-10-02T07:28:43.248,11,right,10,11,17.5,True,
run_20261002_072510_851363,6320,209,2026-10-02T07:28:43.248,12,right,11,12,18.0,True,
run_20261002_072510_851363,6351,210,2026-10-02T07:28:44.280,1,left,0,1,18.0,True,
run_20261002_072510_851363,6351,210,2026-10-02T07:28:44.280,2,left,1,2,18.0,True,
run_20261002_072510_851363,6351,210,2026-10-02T07:28:44.280,3,left,2,3,18.0,True,
run_20261002_072510_851363,6351,210,2026-10-02T07:28:44.280,4,left,3,4,18.0,True,
run_20261002_072510_851363,6351,210,2026-10-02T07:28:44.280,5,left,4,5,18.5,True,
run_20261002_072510_851363,6351,210,2026-10-02T07:28:44.280,6,left,5,6,18.0,True,
run_20261002_072510_851363,6351,210,2026-10-02T07:28:44.280,7,left,6,7,18.0,True,
run_20261002_072510_851363,6351,210,2026-10-02T07:28:44.280,8,left,7,8,18.0,True,
run_20261002_072510_851363,6351,210,2026-10-02T07:28:44.280,9,left,8,9,18.0,True,
run_20261002_072510_851363,6351,210,2026-10-02T07:28:44.280,10,left,9,10,18.0,True,
run_20261002_072510_851363,6351,210,2026-10-02T07:28:44.280,11,left,10,11,17.5,True,
run_20261002_072510_851363,6351,210,2026-10-02T07:28:44.280,12,left,11,12,18.0,True,
run_20261002_072510_851363,6351,210,2026-10-02T07:28:44.280,1,right,0,1,18.5,True,
run_20261002_072510_851363,6351,210,2026-10-02T07:28:44.280,2,right,1,2,18.0,True,
run_20261002_072510_851363,6351,210,2026-10-02T07:28:44.280,3,right,2,3,18.5,True,
run_20261002_072510_851363,6351,210,2026-10-02T07:28:44.280,4,right,3,4,18.0,True,
run_20261002_072510_851363,6351,210,2026-10-02T07:28:44.280,5,right,4,5,18.0,True,
run_20261002_072510_851363,6351,210,2026-10-02T07:28:44.280,6,right,5,6,18.0,True,
run_20261002_072510_851363,6351,210,2026-10-02T07:28:44.280,7,right,6,7,18.0,True,
run_20261002_072510_851363,6351,210,2026-10-02T07:28:44.280,8,right,7,8,18.0,True,
run_20261002_072510_851363,6351,210,2026-10-02T07:28:44.280,9,right,8,9,18.0,True,
run_20261002_072510_851363,6351,210,2026-10-02T07:28:44.280,10,right,9,10,18.0,True,
run_20261002_072510_851363,6351,210,2026-10-02T07:28:44.280,11,right,10,11,17.5,True,
run_20261002_072510_851363,6351,210,2026-10-02T07:28:44.280,12,right,11,12,18.0,True,
run_20261002_072510_851363,6382,211,2026-10-02T07:28:45.311,1,left,0,1,18.0,True,
run_20261002_072510_851363,6382,211,2026-10-02T07:28:45.311,2,left,1,2,18.0,True,
run_20261002_072510_851363,6382,211,2026-10-02T07:28:45.311,3,left,2,3,18.0,True,
run_20261002_072510_851363,6382,211,2026-10-02T07:28:45.311,4,left,3,4,18.0,True,
run_20261002_072510_851363,6382,211,2026-10-02T07:28:45.311,5,left,4,5,18.5,True,
run_20261002_072510_851363,6382,211,2026-10-02T07:28:45.311,6,left,5,6,18.0,True,
run_20261002_072510_851363,6382,211,2026-10-02T07:28:45.311,7,left,6,7,18.0,True,
run_20261002_072510_851363,6382,211,2026-10-02T07:28:45.311,8,left,7,8,18.0,True,
run_20261002_072510_851363,6382,211,2026-10-02T07:28:45.311,9,left,8,9,18.0,True,
run_20261002_072510_851363,6382,211,2026-10-02T07:28:45.311,10,left,9,10,18.0,True,
run_20261002_072510_851363,6382,211,2026-10-02T07:28:45.311,11,left,10,11,17.5,True,
run_20261002_072510_851363,6382,211,2026-10-02T07:28:45.311,12,left,11,12,18.0,True,
run_20261002_072510_851363,6382,211,2026-10-02T07:28:45.311,1,right,0,1,18.5,True,
run_20261002_072510_851363,6382,211,2026-10-02T07:28:45.311,2,right,1,2,18.0,True,
run_20261002_072510_851363,6382,211,2026-10-02T07:28:45.311,3,right,2,3,18.5,True,
run_20261002_072510_851363,6382,211,2026-10-02T07:28:45.311,4,right,3,4,18.0,True,
run_20261002_072510_851363,6382,211,2026-10-02T07:28:45.311,5,right,4,5,18.0,True,
run_20261002_072510_851363,6382,211,2026-10-02T07:28:45.311,6,right,5,6,18.0,True,
run_20261002_072510_851363,6382,211,2026-10-02T07:28:45.311,7,right,6,7,18.0,True,
run_20261002_072510_851363,6382,211,2026-10-02T07:28:45.311,8,right,7,8,18.0,True,
run_20261002_072510_851363,6382,211,2026-10-02T07:28:45.311,9,right,8,9,18.0,True,
run_20261002_072510_851363,6382,211,2026-10-02T07:28:45.311,10,right,9,10,18.0,True,
run_20261002_072510_851363,6382,211,2026-10-02T07:28:45.311,11,right,10,11,17.5,True,
run_20261002_072510_851363,6382,211,2026-10-02T07:28:45.311,12,right,11,12,18.0,True,
run_20261002_072510_851363,6412,212,2026-10-02T07:28:46.316,1,left,0,1,18.0,True,
run_20261002_072510_851363,6412,212,2026-10-02T07:28:46.316,2,left,1,2,18.5,True,
run_20261002_072510_851363,6412,212,2026-10-02T07:28:46.316,3,left,2,3,17.5,True,
run_20261002_072510_851363,6412,212,2026-10-02T07:28:46.316,4,left,3,4,18.0,True,
run_20261002_072510_851363,6412,212,2026-10-02T07:28:46.316,5,left,4,5,18.5,True,
run_20261002_072510_851363,6412,212,2026-10-02T07:28:46.316,6,left,5,6,18.0,True,
run_20261002_072510_851363,6412,212,2026-10-02T07:28:46.316,7,left,6,7,18.0,True,
run_20261002_072510_851363,6412,212,2026-10-02T07:28:46.316,8,left,7,8,18.0,True,
run_20261002_072510_851363,6412,212,2026-10-02T07:28:46.316,9,left,8,9,18.0,True,
run_20261002_072510_851363,6412,212,2026-10-02T07:28:46.316,10,left,9,10,18.0,True,
run_20261002_072510_851363,6412,212,2026-10-02T07:28:46.316,11,left,10,11,17.5,True,
run_20261002_072510_851363,6412,212,2026-10-02T07:28:46.316,12,left,11,12,18.0,True,
run_20261002_072510_851363,6412,212,2026-10-02T07:28:46.316,1,right,0,1,18.5,True,
run_20261002_072510_851363,6412,212,2026-10-02T07:28:46.316,2,right,1,2,18.0,True,
run_20261002_072510_851363,6412,212,2026-10-02T07:28:46.316,3,right,2,3,18.0,True,
run_20261002_072510_851363,6412,212,2026-10-02T07:28:46.316,4,right,3,4,18.5,True,
run_20261002_072510_851363,6412,212,2026-10-02T07:28:46.316,5,right,4,5,18.0,True,
run_20261002_072510_851363,6412,212,2026-10-02T07:28:46.316,6,right,5,6,18.0,True,
run_20261002_072510_851363,6412,212,2026-10-02T07:28:46.316,7,right,6,7,18.0,True,
run_20261002_072510_851363,6412,212,2026-10-02T07:28:46.316,8,right,7,8,18.0,True,
run_20261002_072510_851363,6412,212,2026-10-02T07:28:46.316,9,right,8,9,18.0,True,
run_20261002_072510_851363,6412,212,2026-10-02T07:28:46.316,10,right,9,10,18.0,True,
run_20261002_072510_851363,6412,212,2026-10-02T07:28:46.316,11,right,10,11,17.5,True,
run_20261002_072510_851363,6412,212,2026-10-02T07:28:46.316,12,right,11,12,18.0,True,
run_20261002_072510_851363,6443,213,2026-10-02T07:28:47.342,1,left,0,1,18.0,True,
run_20261002_072510_851363,6443,213,2026-10-02T07:28:47.342,2,left,1,2,18.5,True,
run_20261002_072510_851363,6443,213,2026-10-02T07:28:47.342,3,left,2,3,17.5,True,
run_20261002_072510_851363,6443,213,2026-10-02T07:28:47.342,4,left,3,4,18.0,True,
run_20261002_072510_851363,6443,213,2026-10-02T07:28:47.342,5,left,4,5,18.5,True,
run_20261002_072510_851363,6443,213,2026-10-02T07:28:47.342,6,left,5,6,18.0,True,
run_20261002_072510_851363,6443,213,2026-10-02T07:28:47.342,7,left,6,7,18.0,True,
run_20261002_072510_851363,6443,213,2026-10-02T07:28:47.342,8,left,7,8,18.0,True,
run_20261002_072510_851363,6443,213,2026-10-02T07:28:47.342,9,left,8,9,18.0,True,
run_20261002_072510_851363,6443,213,2026-10-02T07:28:47.342,10,left,9,10,18.0,True,
run_20261002_072510_851363,6443,213,2026-10-02T07:28:47.342,11,left,10,11,17.5,True,
run_20261002_072510_851363,6443,213,2026-10-02T07:28:47.342,12,left,11,12,18.0,True,
run_20261002_072510_851363,6443,213,2026-10-02T07:28:47.342,1,right,0,1,18.5,True,
run_20261002_072510_851363,6443,213,2026-10-02T07:28:47.342,2,right,1,2,18.0,True,
run_20261002_072510_851363,6443,213,2026-10-02T07:28:47.342,3,right,2,3,18.0,True,
run_20261002_072510_851363,6443,213,2026-10-02T07:28:47.342,4,right,3,4,18.5,True,
run_20261002_072510_851363,6443,213,2026-10-02T07:28:47.342,5,right,4,5,18.0,True,
run_20261002_072510_851363,6443,213,2026-10-02T07:28:47.342,6,right,5,6,18.0,True,
run_20261002_072510_851363,6443,213,2026-10-02T07:28:47.342,7,right,6,7,18.0,True,
run_20261002_072510_851363,6443,213,2026-10-02T07:28:47.342,8,right,7,8,18.0,True,
run_20261002_072510_851363,6443,213,2026-10-02T07:28:47.342,9,right,8,9,18.0,True,
run_20261002_072510_851363,6443,213,2026-10-02T07:28:47.342,10,right,9,10,18.0,True,
run_20261002_072510_851363,6443,213,2026-10-02T07:28:47.342,11,right,10,11,17.5,True,
run_20261002_072510_851363,6443,213,2026-10-02T07:28:47.342,12,right,11,12,18.0,True,
run_20261002_072510_851363,6473,214,2026-10-02T07:28:48.347,1,left,0,1,18.0,True,
run_20261002_072510_851363,6473,214,2026-10-02T07:28:48.347,2,left,1,2,18.5,True,
run_20261002_072510_851363,6473,214,2026-10-02T07:28:48.347,3,left,2,3,17.5,True,
run_20261002_072510_851363,6473,214,2026-10-02T07:28:48.347,4,left,3,4,18.0,True,
run_20261002_072510_851363,6473,214,2026-10-02T07:28:48.347,5,left,4,5,18.5,True,
run_20261002_072510_851363,6473,214,2026-10-02T07:28:48.347,6,left,5,6,18.0,True,
run_20261002_072510_851363,6473,214,2026-10-02T07:28:48.347,7,left,6,7,18.0,True,
run_20261002_072510_851363,6473,214,2026-10-02T07:28:48.347,8,left,7,8,18.0,True,
run_20261002_072510_851363,6473,214,2026-10-02T07:28:48.347,9,left,8,9,18.0,True,
run_20261002_072510_851363,6473,214,2026-10-02T07:28:48.347,10,left,9,10,18.0,True,
run_20261002_072510_851363,6473,214,2026-10-02T07:28:48.347,11,left,10,11,17.5,True,
run_20261002_072510_851363,6473,214,2026-10-02T07:28:48.347,12,left,11,12,18.0,True,
run_20261002_072510_851363,6473,214,2026-10-02T07:28:48.347,1,right,0,1,18.5,True,
run_20261002_072510_851363,6473,214,2026-10-02T07:28:48.347,2,right,1,2,18.0,True,
run_20261002_072510_851363,6473,214,2026-10-02T07:28:48.347,3,right,2,3,17.5,True,
run_20261002_072510_851363,6473,214,2026-10-02T07:28:48.347,4,right,3,4,19.0,True,
run_20261002_072510_851363,6473,214,2026-10-02T07:28:48.347,5,right,4,5,18.0,True,
run_20261002_072510_851363,6473,214,2026-10-02T07:28:48.347,6,right,5,6,18.0,True,
run_20261002_072510_851363,6473,214,2026-10-02T07:28:48.347,7,right,6,7,18.0,True,
run_20261002_072510_851363,6473,214,2026-10-02T07:28:48.347,8,right,7,8,18.0,True,
run_20261002_072510_851363,6473,214,2026-10-02T07:28:48.347,9,right,8,9,18.0,True,
run_20261002_072510_851363,6473,214,2026-10-02T07:28:48.347,10,right,9,10,18.0,True,
run_20261002_072510_851363,6473,214,2026-10-02T07:28:48.347,11,right,10,11,17.5,True,
run_20261002_072510_851363,6473,214,2026-10-02T07:28:48.347,12,right,11,12,18.0,True,
run_20261002_072510_851363,6504,215,2026-10-02T07:28:49.381,1,left,0,1,18.0,True,
run_20261002_072510_851363,6504,215,2026-10-02T07:28:49.381,2,left,1,2,18.5,True,
run_20261002_072510_851363,6504,215,2026-10-02T07:28:49.381,3,left,2,3,17.5,True,
run_20261002_072510_851363,6504,215,2026-10-02T07:28:49.381,4,left,3,4,18.0,True,
run_20261002_072510_851363,6504,215,2026-10-02T07:28:49.381,5,left,4,5,18.5,True,
run_20261002_072510_851363,6504,215,2026-10-02T07:28:49.381,6,left,5,6,18.0,True,
run_20261002_072510_851363,6504,215,2026-10-02T07:28:49.381,7,left,6,7,18.0,True,
run_20261002_072510_851363,6504,215,2026-10-02T07:28:49.381,8,left,7,8,18.0,True,
run_20261002_072510_851363,6504,215,2026-10-02T07:28:49.381,9,left,8,9,18.0,True,
run_20261002_072510_851363,6504,215,2026-10-02T07:28:49.381,10,left,9,10,18.0,True,
run_20261002_072510_851363,6504,215,2026-10-02T07:28:49.381,11,left,10,11,17.5,True,
run_20261002_072510_851363,6504,215,2026-10-02T07:28:49.381,12,left,11,12,18.0,True,
run_20261002_072510_851363,6504,215,2026-10-02T07:28:49.381,1,right,0,1,18.5,True,
run_20261002_072510_851363,6504,215,2026-10-02T07:28:49.381,2,right,1,2,18.0,True,
run_20261002_072510_851363,6504,215,2026-10-02T07:28:49.381,3,right,2,3,18.0,True,
run_20261002_072510_851363,6504,215,2026-10-02T07:28:49.381,4,right,3,4,18.5,True,
run_20261002_072510_851363,6504,215,2026-10-02T07:28:49.381,5,right,4,5,18.0,True,
run_20261002_072510_851363,6504,215,2026-10-02T07:28:49.381,6,right,5,6,18.0,True,
run_20261002_072510_851363,6504,215,2026-10-02T07:28:49.381,7,right,6,7,18.0,True,
run_20261002_072510_851363,6504,215,2026-10-02T07:28:49.381,8,right,7,8,18.0,True,
run_20261002_072510_851363,6504,215,2026-10-02T07:28:49.381,9,right,8,9,18.0,True,
run_20261002_072510_851363,6504,215,2026-10-02T07:28:49.381,10,right,9,10,18.0,True,
run_20261002_072510_851363,6504,215,2026-10-02T07:28:49.381,11,right,10,11,17.5,True,
run_20261002_072510_851363,6504,215,2026-10-02T07:28:49.381,12,right,11,12,18.0,True,
run_20261002_072510_851363,6534,216,2026-10-02T07:28:50.381,1,left,0,1,18.0,True,
run_20261002_072510_851363,6534,216,2026-10-02T07:28:50.381,2,left,1,2,18.0,True,
run_20261002_072510_851363,6534,216,2026-10-02T07:28:50.381,3,left,2,3,18.0,True,
run_20261002_072510_851363,6534,216,2026-10-02T07:28:50.381,4,left,3,4,18.0,True,
run_20261002_072510_851363,6534,216,2026-10-02T07:28:50.381,5,left,4,5,18.5,True,
run_20261002_072510_851363,6534,216,2026-10-02T07:28:50.381,6,left,5,6,18.0,True,
run_20261002_072510_851363,6534,216,2026-10-02T07:28:50.381,7,left,6,7,18.0,True,
run_20261002_072510_851363,6534,216,2026-10-02T07:28:50.381,8,left,7,8,18.0,True,
run_20261002_072510_851363,6534,216,2026-10-02T07:28:50.381,9,left,8,9,18.0,True,
run_20261002_072510_851363,6534,216,2026-10-02T07:28:50.381,10,left,9,10,18.0,True,
run_20261002_072510_851363,6534,216,2026-10-02T07:28:50.381,11,left,10,11,17.5,True,
run_20261002_072510_851363,6534,216,2026-10-02T07:28:50.381,12,left,11,12,18.0,True,
run_20261002_072510_851363,6534,216,2026-10-02T07:28:50.381,1,right,0,1,18.5,True,
run_20261002_072510_851363,6534,216,2026-10-02T07:28:50.381,2,right,1,2,18.0,True,
run_20261002_072510_851363,6534,216,2026-10-02T07:28:50.381,3,right,2,3,18.0,True,
run_20261002_072510_851363,6534,216,2026-10-02T07:28:50.381,4,right,3,4,18.5,True,
run_20261002_072510_851363,6534,216,2026-10-02T07:28:50.381,5,right,4,5,18.0,True,
run_20261002_072510_851363,6534,216,2026-10-02T07:28:50.381,6,right,5,6,18.0,True,
run_20261002_072510_851363,6534,216,2026-10-02T07:28:50.381,7,right,6,7,18.0,True,
run_20261002_072510_851363,6534,216,2026-10-02T07:28:50.381,8,right,7,8,18.0,True,
run_20261002_072510_851363,6534,216,2026-10-02T07:28:50.381,9,right,8,9,18.0,True,
run_20261002_072510_851363,6534,216,2026-10-02T07:28:50.381,10,right,9,10,18.0,True,
run_20261002_072510_851363,6534,216,2026-10-02T07:28:50.381,11,right,10,11,17.5,True,
run_20261002_072510_851363,6534,216,2026-10-02T07:28:50.381,12,right,11,12,18.0,True,
run_20261002_072510_851363,6565,217,2026-10-02T07:28:51.410,1,left,0,1,18.0,True,
run_20261002_072510_851363,6565,217,2026-10-02T07:28:51.410,2,left,1,2,18.0,True,
run_20261002_072510_851363,6565,217,2026-10-02T07:28:51.410,3,left,2,3,18.0,True,
run_20261002_072510_851363,6565,217,2026-10-02T07:28:51.410,4,left,3,4,18.5,True,
run_20261002_072510_851363,6565,217,2026-10-02T07:28:51.410,5,left,4,5,18.0,True,
run_20261002_072510_851363,6565,217,2026-10-02T07:28:51.410,6,left,5,6,18.0,True,
run_20261002_072510_851363,6565,217,2026-10-02T07:28:51.410,7,left,6,7,18.0,True,
run_20261002_072510_851363,6565,217,2026-10-02T07:28:51.410,8,left,7,8,18.0,True,
run_20261002_072510_851363,6565,217,2026-10-02T07:28:51.410,9,left,8,9,18.0,True,
run_20261002_072510_851363,6565,217,2026-10-02T07:28:51.410,10,left,9,10,18.0,True,
run_20261002_072510_851363,6565,217,2026-10-02T07:28:51.410,11,left,10,11,17.5,True,
run_20261002_072510_851363,6565,217,2026-10-02T07:28:51.410,12,left,11,12,18.0,True,
run_20261002_072510_851363,6565,217,2026-10-02T07:28:51.410,1,right,0,1,18.5,True,
run_20261002_072510_851363,6565,217,2026-10-02T07:28:51.410,2,right,1,2,18.0,True,
run_20261002_072510_851363,6565,217,2026-10-02T07:28:51.410,3,right,2,3,17.5,True,
run_20261002_072510_851363,6565,217,2026-10-02T07:28:51.410,4,right,3,4,19.0,True,
run_20261002_072510_851363,6565,217,2026-10-02T07:28:51.410,5,right,4,5,18.0,True,
run_20261002_072510_851363,6565,217,2026-10-02T07:28:51.410,6,right,5,6,18.0,True,
run_20261002_072510_851363,6565,217,2026-10-02T07:28:51.410,7,right,6,7,18.0,True,
run_20261002_072510_851363,6565,217,2026-10-02T07:28:51.410,8,right,7,8,18.0,True,
run_20261002_072510_851363,6565,217,2026-10-02T07:28:51.410,9,right,8,9,18.0,True,
run_20261002_072510_851363,6565,217,2026-10-02T07:28:51.410,10,right,9,10,18.0,True,
run_20261002_072510_851363,6565,217,2026-10-02T07:28:51.410,11,right,10,11,17.5,True,
run_20261002_072510_851363,6565,217,2026-10-02T07:28:51.410,12,right,11,12,18.0,True,
run_20261002_072510_851363,6595,218,2026-10-02T07:28:52.411,1,left,0,1,18.0,True,
run_20261002_072510_851363,6595,218,2026-10-02T07:28:52.411,2,left,1,2,18.0,True,
run_20261002_072510_851363,6595,218,2026-10-02T07:28:52.411,3,left,2,3,18.0,True,
run_20261002_072510_851363,6595,218,2026-10-02T07:28:52.411,4,left,3,4,18.5,True,
run_20261002_072510_851363,6595,218,2026-10-02T07:28:52.411,5,left,4,5,17.5,True,
run_20261002_072510_851363,6595,218,2026-10-02T07:28:52.411,6,left,5,6,18.5,True,
run_20261002_072510_851363,6595,218,2026-10-02T07:28:52.411,7,left,6,7,18.0,True,
run_20261002_072510_851363,6595,218,2026-10-02T07:28:52.411,8,left,7,8,18.0,True,
run_20261002_072510_851363,6595,218,2026-10-02T07:28:52.411,9,left,8,9,18.0,True,
run_20261002_072510_851363,6595,218,2026-10-02T07:28:52.411,10,left,9,10,18.0,True,
run_20261002_072510_851363,6595,218,2026-10-02T07:28:52.411,11,left,10,11,17.5,True,
run_20261002_072510_851363,6595,218,2026-10-02T07:28:52.411,12,left,11,12,18.0,True,
run_20261002_072510_851363,6595,218,2026-10-02T07:28:52.411,1,right,0,1,18.5,True,
run_20261002_072510_851363,6595,218,2026-10-02T07:28:52.411,2,right,1,2,18.0,True,
run_20261002_072510_851363,6595,218,2026-10-02T07:28:52.411,3,right,2,3,17.5,True,
run_20261002_072510_851363,6595,218,2026-10-02T07:28:52.411,4,right,3,4,19.0,True,
run_20261002_072510_851363,6595,218,2026-10-02T07:28:52.411,5,right,4,5,18.0,True,
run_20261002_072510_851363,6595,218,2026-10-02T07:28:52.411,6,right,5,6,18.0,True,
run_20261002_072510_851363,6595,218,2026-10-02T07:28:52.411,7,right,6,7,18.0,True,
run_20261002_072510_851363,6595,218,2026-10-02T07:28:52.411,8,right,7,8,18.0,True,
run_20261002_072510_851363,6595,218,2026-10-02T07:28:52.411,9,right,8,9,18.0,True,
run_20261002_072510_851363,6595,218,2026-10-02T07:28:52.411,10,right,9,10,18.0,True,
run_20261002_072510_851363,6595,218,2026-10-02T07:28:52.411,11,right,10,11,17.5,True,
run_20261002_072510_851363,6595,218,2026-10-02T07:28:52.411,12,right,11,12,18.0,True,
run_20261002_072510_851363,6626,219,2026-10-02T07:28:53.451,1,left,0,1,18.0,True,
run_20261002_072510_851363,6626,219,2026-10-02T07:28:53.451,2,left,1,2,18.5,True,
run_20261002_072510_851363,6626,219,2026-10-02T07:28:53.451,3,left,2,3,17.5,True,
run_20261002_072510_851363,6626,219,2026-10-02T07:28:53.451,4,left,3,4,18.0,True,
run_20261002_072510_851363,6626,219,2026-10-02T07:28:53.451,5,left,4,5,18.0,True,
run_20261002_072510_851363,6626,219,2026-10-02T07:28:53.451,6,left,5,6,18.5,True,
run_20261002_072510_851363,6626,219,2026-10-02T07:28:53.451,7,left,6,7,18.0,True,
run_20261002_072510_851363,6626,219,2026-10-02T07:28:53.451,8,left,7,8,18.0,True,
run_20261002_072510_851363,6626,219,2026-10-02T07:28:53.451,9,left,8,9,18.0,True,
run_20261002_072510_851363,6626,219,2026-10-02T07:28:53.451,10,left,9,10,18.0,True,
run_20261002_072510_851363,6626,219,2026-10-02T07:28:53.451,11,left,10,11,17.5,True,
run_20261002_072510_851363,6626,219,2026-10-02T07:28:53.451,12,left,11,12,18.0,True,
run_20261002_072510_851363,6626,219,2026-10-02T07:28:53.451,1,right,0,1,18.5,True,
run_20261002_072510_851363,6626,219,2026-10-02T07:28:53.451,2,right,1,2,18.0,True,
run_20261002_072510_851363,6626,219,2026-10-02T07:28:53.451,3,right,2,3,18.0,True,
run_20261002_072510_851363,6626,219,2026-10-02T07:28:53.451,4,right,3,4,18.0,True,
run_20261002_072510_851363,6626,219,2026-10-02T07:28:53.451,5,right,4,5,18.5,True,
run_20261002_072510_851363,6626,219,2026-10-02T07:28:53.451,6,right,5,6,18.0,True,
run_20261002_072510_851363,6626,219,2026-10-02T07:28:53.451,7,right,6,7,18.0,True,
run_20261002_072510_851363,6626,219,2026-10-02T07:28:53.451,8,right,7,8,18.0,True,
run_20261002_072510_851363,6626,219,2026-10-02T07:28:53.451,9,right,8,9,18.0,True,
run_20261002_072510_851363,6626,219,2026-10-02T07:28:53.451,10,right,9,10,18.0,True,
run_20261002_072510_851363,6626,219,2026-10-02T07:28:53.451,11,right,10,11,17.5,True,
run_20261002_072510_851363,6626,219,2026-10-02T07:28:53.451,12,right,11,12,18.0,True,
run_20261002_072510_851363,6657,220,2026-10-02T07:28:54.480,1,left,0,1,18.0,True,
run_20261002_072510_851363,6657,220,2026-10-02T07:28:54.480,2,left,1,2,18.5,True,
run_20261002_072510_851363,6657,220,2026-10-02T07:28:54.480,3,left,2,3,17.5,True,
run_20261002_072510_851363,6657,220,2026-10-02T07:28:54.480,4,left,3,4,18.0,True,
run_20261002_072510_851363,6657,220,2026-10-02T07:28:54.480,5,left,4,5,18.5,True,
run_20261002_072510_851363,6657,220,2026-10-02T07:28:54.480,6,left,5,6,18.0,True,
run_20261002_072510_851363,6657,220,2026-10-02T07:28:54.480,7,left,6,7,18.0,True,
run_20261002_072510_851363,6657,220,2026-10-02T07:28:54.480,8,left,7,8,18.0,True,
run_20261002_072510_851363,6657,220,2026-10-02T07:28:54.480,9,left,8,9,18.0,True,
run_20261002_072510_851363,6657,220,2026-10-02T07:28:54.480,10,left,9,10,18.0,True,
run_20261002_072510_851363,6657,220,2026-10-02T07:28:54.480,11,left,10,11,17.5,True,
run_20261002_072510_851363,6657,220,2026-10-02T07:28:54.480,12,left,11,12,18.0,True,
run_20261002_072510_851363,6657,220,2026-10-02T07:28:54.480,1,right,0,1,18.5,True,
run_20261002_072510_851363,6657,220,2026-10-02T07:28:54.480,2,right,1,2,18.0,True,
run_20261002_072510_851363,6657,220,2026-10-02T07:28:54.480,3,right,2,3,18.0,True,
run_20261002_072510_851363,6657,220,2026-10-02T07:28:54.480,4,right,3,4,18.5,True,
run_20261002_072510_851363,6657,220,2026-10-02T07:28:54.480,5,right,4,5,18.0,True,
run_20261002_072510_851363,6657,220,2026-10-02T07:28:54.480,6,right,5,6,18.0,True,
run_20261002_072510_851363,6657,220,2026-10-02T07:28:54.480,7,right,6,7,18.0,True,
run_20261002_072510_851363,6657,220,2026-10-02T07:28:54.480,8,right,7,8,18.0,True,
run_20261002_072510_851363,6657,220,2026-10-02T07:28:54.480,9,right,8,9,18.0,True,
run_20261002_072510_851363,6657,220,2026-10-02T07:28:54.480,10,right,9,10,18.0,True,
run_20261002_072510_851363,6657,220,2026-10-02T07:28:54.480,11,right,10,11,17.5,True,
run_20261002_072510_851363,6657,220,2026-10-02T07:28:54.480,12,right,11,12,18.0,True,
run_20261002_072510_851363,6688,221,2026-10-02T07:28:55.509,1,left,0,1,18.0,True,
run_20261002_072510_851363,6688,221,2026-10-02T07:28:55.509,2,left,1,2,18.5,True,
run_20261002_072510_851363,6688,221,2026-10-02T07:28:55.509,3,left,2,3,17.5,True,
run_20261002_072510_851363,6688,221,2026-10-02T07:28:55.509,4,left,3,4,18.0,True,
run_20261002_072510_851363,6688,221,2026-10-02T07:28:55.509,5,left,4,5,18.5,True,
run_20261002_072510_851363,6688,221,2026-10-02T07:28:55.509,6,left,5,6,18.0,True,
run_20261002_072510_851363,6688,221,2026-10-02T07:28:55.509,7,left,6,7,18.0,True,
run_20261002_072510_851363,6688,221,2026-10-02T07:28:55.509,8,left,7,8,18.0,True,
run_20261002_072510_851363,6688,221,2026-10-02T07:28:55.509,9,left,8,9,18.0,True,
run_20261002_072510_851363,6688,221,2026-10-02T07:28:55.509,10,left,9,10,18.0,True,
run_20261002_072510_851363,6688,221,2026-10-02T07:28:55.509,11,left,10,11,17.5,True,
run_20261002_072510_851363,6688,221,2026-10-02T07:28:55.509,12,left,11,12,18.0,True,
run_20261002_072510_851363,6688,221,2026-10-02T07:28:55.509,1,right,0,1,18.5,True,
run_20261002_072510_851363,6688,221,2026-10-02T07:28:55.509,2,right,1,2,18.0,True,
run_20261002_072510_851363,6688,221,2026-10-02T07:28:55.509,3,right,2,3,17.5,True,
run_20261002_072510_851363,6688,221,2026-10-02T07:28:55.509,4,right,3,4,19.0,True,
run_20261002_072510_851363,6688,221,2026-10-02T07:28:55.509,5,right,4,5,18.0,True,
run_20261002_072510_851363,6688,221,2026-10-02T07:28:55.509,6,right,5,6,18.0,True,
run_20261002_072510_851363,6688,221,2026-10-02T07:28:55.509,7,right,6,7,18.0,True,
run_20261002_072510_851363,6688,221,2026-10-02T07:28:55.509,8,right,7,8,18.0,True,
run_20261002_072510_851363,6688,221,2026-10-02T07:28:55.509,9,right,8,9,18.0,True,
run_20261002_072510_851363,6688,221,2026-10-02T07:28:55.509,10,right,9,10,18.0,True,
run_20261002_072510_851363,6688,221,2026-10-02T07:28:55.509,11,right,10,11,17.5,True,
run_20261002_072510_851363,6688,221,2026-10-02T07:28:55.509,12,right,11,12,18.0,True,
run_20261002_072510_851363,6718,222,2026-10-02T07:28:56.515,1,left,0,1,18.0,True,
run_20261002_072510_851363,6718,222,2026-10-02T07:28:56.515,2,left,1,2,18.0,True,
run_20261002_072510_851363,6718,222,2026-10-02T07:28:56.515,3,left,2,3,18.0,True,
run_20261002_072510_851363,6718,222,2026-10-02T07:28:56.515,4,left,3,4,18.0,True,
run_20261002_072510_851363,6718,222,2026-10-02T07:28:56.515,5,left,4,5,18.5,True,
run_20261002_072510_851363,6718,222,2026-10-02T07:28:56.515,6,left,5,6,18.0,True,
run_20261002_072510_851363,6718,222,2026-10-02T07:28:56.515,7,left,6,7,18.0,True,
run_20261002_072510_851363,6718,222,2026-10-02T07:28:56.515,8,left,7,8,18.0,True,
run_20261002_072510_851363,6718,222,2026-10-02T07:28:56.515,9,left,8,9,18.0,True,
run_20261002_072510_851363,6718,222,2026-10-02T07:28:56.515,10,left,9,10,18.0,True,
run_20261002_072510_851363,6718,222,2026-10-02T07:28:56.515,11,left,10,11,17.5,True,
run_20261002_072510_851363,6718,222,2026-10-02T07:28:56.515,12,left,11,12,18.0,True,
run_20261002_072510_851363,6718,222,2026-10-02T07:28:56.515,1,right,0,1,18.5,True,
run_20261002_072510_851363,6718,222,2026-10-02T07:28:56.515,2,right,1,2,18.0,True,
run_20261002_072510_851363,6718,222,2026-10-02T07:28:56.515,3,right,2,3,17.5,True,
run_20261002_072510_851363,6718,222,2026-10-02T07:28:56.515,4,right,3,4,19.0,True,
run_20261002_072510_851363,6718,222,2026-10-02T07:28:56.515,5,right,4,5,18.0,True,
run_20261002_072510_851363,6718,222,2026-10-02T07:28:56.515,6,right,5,6,18.0,True,
run_20261002_072510_851363,6718,222,2026-10-02T07:28:56.515,7,right,6,7,18.0,True,
run_20261002_072510_851363,6718,222,2026-10-02T07:28:56.515,8,right,7,8,18.0,True,
run_20261002_072510_851363,6718,222,2026-10-02T07:28:56.515,9,right,8,9,18.0,True,
run_20261002_072510_851363,6718,222,2026-10-02T07:28:56.515,10,right,9,10,18.0,True,
run_20261002_072510_851363,6718,222,2026-10-02T07:28:56.515,11,right,10,11,17.5,True,
run_20261002_072510_851363,6718,222,2026-10-02T07:28:56.515,12,right,11,12,18.0,True,
run_20261002_072510_851363,6749,223,2026-10-02T07:28:57.544,1,left,0,1,18.0,True,
run_20261002_072510_851363,6749,223,2026-10-02T07:28:57.544,2,left,1,2,18.5,True,
run_20261002_072510_851363,6749,223,2026-10-02T07:28:57.544,3,left,2,3,17.5,True,
run_20261002_072510_851363,6749,223,2026-10-02T07:28:57.544,4,left,3,4,18.0,True,
run_20261002_072510_851363,6749,223,2026-10-02T07:28:57.544,5,left,4,5,18.5,True,
run_20261002_072510_851363,6749,223,2026-10-02T07:28:57.544,6,left,5,6,18.0,True,
run_20261002_072510_851363,6749,223,2026-10-02T07:28:57.544,7,left,6,7,18.0,True,
run_20261002_072510_851363,6749,223,2026-10-02T07:28:57.544,8,left,7,8,18.0,True,
run_20261002_072510_851363,6749,223,2026-10-02T07:28:57.544,9,left,8,9,18.0,True,
run_20261002_072510_851363,6749,223,2026-10-02T07:28:57.544,10,left,9,10,18.0,True,
run_20261002_072510_851363,6749,223,2026-10-02T07:28:57.544,11,left,10,11,17.5,True,
run_20261002_072510_851363,6749,223,2026-10-02T07:28:57.544,12,left,11,12,18.0,True,
run_20261002_072510_851363,6749,223,2026-10-02T07:28:57.544,1,right,0,1,18.5,True,
run_20261002_072510_851363,6749,223,2026-10-02T07:28:57.544,2,right,1,2,18.0,True,
run_20261002_072510_851363,6749,223,2026-10-02T07:28:57.544,3,right,2,3,17.5,True,
run_20261002_072510_851363,6749,223,2026-10-02T07:28:57.544,4,right,3,4,19.0,True,
run_20261002_072510_851363,6749,223,2026-10-02T07:28:57.544,5,right,4,5,18.0,True,
run_20261002_072510_851363,6749,223,2026-10-02T07:28:57.544,6,right,5,6,18.0,True,
run_20261002_072510_851363,6749,223,2026-10-02T07:28:57.544,7,right,6,7,18.0,True,
run_20261002_072510_851363,6749,223,2026-10-02T07:28:57.544,8,right,7,8,18.0,True,
run_20261002_072510_851363,6749,223,2026-10-02T07:28:57.544,9,right,8,9,18.0,True,
run_20261002_072510_851363,6749,223,2026-10-02T07:28:57.544,10,right,9,10,18.0,True,
run_20261002_072510_851363,6749,223,2026-10-02T07:28:57.544,11,right,10,11,17.5,True,
run_20261002_072510_851363,6749,223,2026-10-02T07:28:57.544,12,right,11,12,18.0,True,
run_20261002_072510_851363,6779,224,2026-10-02T07:28:58.548,1,left,0,1,18.0,True,
run_20261002_072510_851363,6779,224,2026-10-02T07:28:58.548,2,left,1,2,18.0,True,
run_20261002_072510_851363,6779,224,2026-10-02T07:28:58.548,3,left,2,3,18.0,True,
run_20261002_072510_851363,6779,224,2026-10-02T07:28:58.548,4,left,3,4,18.0,True,
run_20261002_072510_851363,6779,224,2026-10-02T07:28:58.548,5,left,4,5,18.5,True,
run_20261002_072510_851363,6779,224,2026-10-02T07:28:58.548,6,left,5,6,18.0,True,
run_20261002_072510_851363,6779,224,2026-10-02T07:28:58.548,7,left,6,7,18.0,True,
run_20261002_072510_851363,6779,224,2026-10-02T07:28:58.548,8,left,7,8,18.0,True,
run_20261002_072510_851363,6779,224,2026-10-02T07:28:58.548,9,left,8,9,18.0,True,
run_20261002_072510_851363,6779,224,2026-10-02T07:28:58.548,10,left,9,10,18.0,True,
run_20261002_072510_851363,6779,224,2026-10-02T07:28:58.548,11,left,10,11,17.5,True,
run_20261002_072510_851363,6779,224,2026-10-02T07:28:58.548,12,left,11,12,18.0,True,
run_20261002_072510_851363,6779,224,2026-10-02T07:28:58.548,1,right,0,1,18.5,True,
run_20261002_072510_851363,6779,224,2026-10-02T07:28:58.548,2,right,1,2,18.0,True,
run_20261002_072510_851363,6779,224,2026-10-02T07:28:58.548,3,right,2,3,18.0,True,
run_20261002_072510_851363,6779,224,2026-10-02T07:28:58.548,4,right,3,4,18.5,True,
run_20261002_072510_851363,6779,224,2026-10-02T07:28:58.548,5,right,4,5,18.0,True,
run_20261002_072510_851363,6779,224,2026-10-02T07:28:58.548,6,right,5,6,18.0,True,
run_20261002_072510_851363,6779,224,2026-10-02T07:28:58.548,7,right,6,7,18.0,True,
run_20261002_072510_851363,6779,224,2026-10-02T07:28:58.548,8,right,7,8,18.0,True,
run_20261002_072510_851363,6779,224,2026-10-02T07:28:58.548,9,right,8,9,18.0,True,
run_20261002_072510_851363,6779,224,2026-10-02T07:28:58.548,10,right,9,10,18.0,True,
run_20261002_072510_851363,6779,224,2026-10-02T07:28:58.548,11,right,10,11,17.5,True,
run_20261002_072510_851363,6779,224,2026-10-02T07:28:58.548,12,right,11,12,18.0,True,
run_20261002_072510_851363,6809,225,2026-10-02T07:28:59.552,1,left,0,1,18.0,True,
run_20261002_072510_851363,6809,225,2026-10-02T07:28:59.552,2,left,1,2,18.5,True,
run_20261002_072510_851363,6809,225,2026-10-02T07:28:59.552,3,left,2,3,17.5,True,
run_20261002_072510_851363,6809,225,2026-10-02T07:28:59.552,4,left,3,4,18.0,True,
run_20261002_072510_851363,6809,225,2026-10-02T07:28:59.552,5,left,4,5,18.5,True,
run_20261002_072510_851363,6809,225,2026-10-02T07:28:59.552,6,left,5,6,18.0,True,
run_20261002_072510_851363,6809,225,2026-10-02T07:28:59.552,7,left,6,7,18.0,True,
run_20261002_072510_851363,6809,225,2026-10-02T07:28:59.552,8,left,7,8,18.0,True,
run_20261002_072510_851363,6809,225,2026-10-02T07:28:59.552,9,left,8,9,18.0,True,
run_20261002_072510_851363,6809,225,2026-10-02T07:28:59.552,10,left,9,10,18.0,True,
run_20261002_072510_851363,6809,225,2026-10-02T07:28:59.552,11,left,10,11,17.5,True,
run_20261002_072510_851363,6809,225,2026-10-02T07:28:59.552,12,left,11,12,18.0,True,
run_20261002_072510_851363,6809,225,2026-10-02T07:28:59.552,1,right,0,1,18.5,True,
run_20261002_072510_851363,6809,225,2026-10-02T07:28:59.552,2,right,1,2,18.0,True,
run_20261002_072510_851363,6809,225,2026-10-02T07:28:59.552,3,right,2,3,17.5,True,
run_20261002_072510_851363,6809,225,2026-10-02T07:28:59.552,4,right,3,4,19.0,True,
run_20261002_072510_851363,6809,225,2026-10-02T07:28:59.552,5,right,4,5,18.0,True,
run_20261002_072510_851363,6809,225,2026-10-02T07:28:59.552,6,right,5,6,18.0,True,
run_20261002_072510_851363,6809,225,2026-10-02T07:28:59.552,7,right,6,7,18.0,True,
run_20261002_072510_851363,6809,225,2026-10-02T07:28:59.552,8,right,7,8,18.0,True,
run_20261002_072510_851363,6809,225,2026-10-02T07:28:59.552,9,right,8,9,18.0,True,
run_20261002_072510_851363,6809,225,2026-10-02T07:28:59.552,10,right,9,10,18.0,True,
run_20261002_072510_851363,6809,225,2026-10-02T07:28:59.552,11,right,10,11,17.5,True,
run_20261002_072510_851363,6809,225,2026-10-02T07:28:59.552,12,right,11,12,18.0,True,
run_20261002_072510_851363,6840,226,2026-10-02T07:29:00.578,1,left,0,1,18.0,True,
run_20261002_072510_851363,6840,226,2026-10-02T07:29:00.578,2,left,1,2,18.5,True,
run_20261002_072510_851363,6840,226,2026-10-02T07:29:00.578,3,left,2,3,17.5,True,
run_20261002_072510_851363,6840,226,2026-10-02T07:29:00.578,4,left,3,4,18.0,True,
run_20261002_072510_851363,6840,226,2026-10-02T07:29:00.578,5,left,4,5,18.5,True,
run_20261002_072510_851363,6840,226,2026-10-02T07:29:00.578,6,left,5,6,18.0,True,
run_20261002_072510_851363,6840,226,2026-10-02T07:29:00.578,7,left,6,7,18.0,True,
run_20261002_072510_851363,6840,226,2026-10-02T07:29:00.578,8,left,7,8,18.0,True,
run_20261002_072510_851363,6840,226,2026-10-02T07:29:00.578,9,left,8,9,18.0,True,
run_20261002_072510_851363,6840,226,2026-10-02T07:29:00.578,10,left,9,10,18.0,True,
run_20261002_072510_851363,6840,226,2026-10-02T07:29:00.578,11,left,10,11,17.5,True,
run_20261002_072510_851363,6840,226,2026-10-02T07:29:00.578,12,left,11,12,18.0,True,
run_20261002_072510_851363,6840,226,2026-10-02T07:29:00.578,1,right,0,1,18.5,True,
run_20261002_072510_851363,6840,226,2026-10-02T07:29:00.578,2,right,1,2,18.0,True,
run_20261002_072510_851363,6840,226,2026-10-02T07:29:00.578,3,right,2,3,18.0,True,
run_20261002_072510_851363,6840,226,2026-10-02T07:29:00.578,4,right,3,4,18.5,True,
run_20261002_072510_851363,6840,226,2026-10-02T07:29:00.578,5,right,4,5,18.0,True,
run_20261002_072510_851363,6840,226,2026-10-02T07:29:00.578,6,right,5,6,18.0,True,
run_20261002_072510_851363,6840,226,2026-10-02T07:29:00.578,7,right,6,7,18.0,True,
run_20261002_072510_851363,6840,226,2026-10-02T07:29:00.578,8,right,7,8,18.0,True,
run_20261002_072510_851363,6840,226,2026-10-02T07:29:00.578,9,right,8,9,18.0,True,
run_20261002_072510_851363,6840,226,2026-10-02T07:29:00.578,10,right,9,10,18.0,True,
run_20261002_072510_851363,6840,226,2026-10-02T07:29:00.578,11,right,10,11,17.5,True,
run_20261002_072510_851363,6840,226,2026-10-02T07:29:00.578,12,right,11,12,18.0,True,
run_20261002_072510_851363,6870,227,2026-10-02T07:29:01.585,1,left,0,1,18.0,True,
run_20261002_072510_851363,6870,227,2026-10-02T07:29:01.585,2,left,1,2,18.5,True,
run_20261002_072510_851363,6870,227,2026-10-02T07:29:01.585,3,left,2,3,17.5,True,
run_20261002_072510_851363,6870,227,2026-10-02T07:29:01.585,4,left,3,4,18.0,True,
run_20261002_072510_851363,6870,227,2026-10-02T07:29:01.585,5,left,4,5,18.0,True,
run_20261002_072510_851363,6870,227,2026-10-02T07:29:01.585,6,left,5,6,18.5,True,
run_20261002_072510_851363,6870,227,2026-10-02T07:29:01.585,7,left,6,7,18.0,True,
run_20261002_072510_851363,6870,227,2026-10-02T07:29:01.585,8,left,7,8,18.0,True,
run_20261002_072510_851363,6870,227,2026-10-02T07:29:01.585,9,left,8,9,18.0,True,
run_20261002_072510_851363,6870,227,2026-10-02T07:29:01.585,10,left,9,10,18.0,True,
run_20261002_072510_851363,6870,227,2026-10-02T07:29:01.585,11,left,10,11,17.5,True,
run_20261002_072510_851363,6870,227,2026-10-02T07:29:01.585,12,left,11,12,18.0,True,
run_20261002_072510_851363,6870,227,2026-10-02T07:29:01.585,1,right,0,1,18.5,True,
run_20261002_072510_851363,6870,227,2026-10-02T07:29:01.585,2,right,1,2,18.0,True,
run_20261002_072510_851363,6870,227,2026-10-02T07:29:01.585,3,right,2,3,18.5,True,
run_20261002_072510_851363,6870,227,2026-10-02T07:29:01.585,4,right,3,4,18.0,True,
run_20261002_072510_851363,6870,227,2026-10-02T07:29:01.585,5,right,4,5,18.0,True,
run_20261002_072510_851363,6870,227,2026-10-02T07:29:01.585,6,right,5,6,18.0,True,
run_20261002_072510_851363,6870,227,2026-10-02T07:29:01.585,7,right,6,7,18.0,True,
run_20261002_072510_851363,6870,227,2026-10-02T07:29:01.585,8,right,7,8,18.0,True,
run_20261002_072510_851363,6870,227,2026-10-02T07:29:01.585,9,right,8,9,18.0,True,
run_20261002_072510_851363,6870,227,2026-10-02T07:29:01.585,10,right,9,10,18.0,True,
run_20261002_072510_851363,6870,227,2026-10-02T07:29:01.585,11,right,10,11,17.5,True,
run_20261002_072510_851363,6870,227,2026-10-02T07:29:01.585,12,right,11,12,18.0,True,
run_20261002_072510_851363,6901,228,2026-10-02T07:29:02.610,1,left,0,1,18.0,True,
run_20261002_072510_851363,6901,228,2026-10-02T07:29:02.610,2,left,1,2,18.5,True,
run_20261002_072510_851363,6901,228,2026-10-02T07:29:02.610,3,left,2,3,17.5,True,
run_20261002_072510_851363,6901,228,2026-10-02T07:29:02.610,4,left,3,4,18.0,True,
run_20261002_072510_851363,6901,228,2026-10-02T07:29:02.610,5,left,4,5,18.5,True,
run_20261002_072510_851363,6901,228,2026-10-02T07:29:02.610,6,left,5,6,18.0,True,
run_20261002_072510_851363,6901,228,2026-10-02T07:29:02.610,7,left,6,7,18.0,True,
run_20261002_072510_851363,6901,228,2026-10-02T07:29:02.610,8,left,7,8,18.0,True,
run_20261002_072510_851363,6901,228,2026-10-02T07:29:02.610,9,left,8,9,18.0,True,
run_20261002_072510_851363,6901,228,2026-10-02T07:29:02.610,10,left,9,10,18.0,True,
run_20261002_072510_851363,6901,228,2026-10-02T07:29:02.610,11,left,10,11,17.5,True,
run_20261002_072510_851363,6901,228,2026-10-02T07:29:02.610,12,left,11,12,18.0,True,
run_20261002_072510_851363,6901,228,2026-10-02T07:29:02.610,1,right,0,1,18.5,True,
run_20261002_072510_851363,6901,228,2026-10-02T07:29:02.610,2,right,1,2,18.0,True,
run_20261002_072510_851363,6901,228,2026-10-02T07:29:02.610,3,right,2,3,18.0,True,
run_20261002_072510_851363,6901,228,2026-10-02T07:29:02.610,4,right,3,4,18.5,True,
run_20261002_072510_851363,6901,228,2026-10-02T07:29:02.610,5,right,4,5,18.0,True,
run_20261002_072510_851363,6901,228,2026-10-02T07:29:02.610,6,right,5,6,18.0,True,
run_20261002_072510_851363,6901,228,2026-10-02T07:29:02.610,7,right,6,7,18.0,True,
run_20261002_072510_851363,6901,228,2026-10-02T07:29:02.610,8,right,7,8,18.0,True,
run_20261002_072510_851363,6901,228,2026-10-02T07:29:02.610,9,right,8,9,18.0,True,
run_20261002_072510_851363,6901,228,2026-10-02T07:29:02.610,10,right,9,10,18.0,True,
run_20261002_072510_851363,6901,228,2026-10-02T07:29:02.610,11,right,10,11,17.5,True,
run_20261002_072510_851363,6901,228,2026-10-02T07:29:02.610,12,right,11,12,18.0,True,
run_20261002_072510_851363,6931,229,2026-10-02T07:29:03.610,1,left,0,1,18.0,True,
run_20261002_072510_851363,6931,229,2026-10-02T07:29:03.610,2,left,1,2,18.5,True,
run_20261002_072510_851363,6931,229,2026-10-02T07:29:03.610,3,left,2,3,17.5,True,
run_20261002_072510_851363,6931,229,2026-10-02T07:29:03.610,4,left,3,4,18.0,True,
run_20261002_072510_851363,6931,229,2026-10-02T07:29:03.610,5,left,4,5,18.5,True,
run_20261002_072510_851363,6931,229,2026-10-02T07:29:03.610,6,left,5,6,18.0,True,
run_20261002_072510_851363,6931,229,2026-10-02T07:29:03.610,7,left,6,7,18.0,True,
run_20261002_072510_851363,6931,229,2026-10-02T07:29:03.610,8,left,7,8,18.0,True,
run_20261002_072510_851363,6931,229,2026-10-02T07:29:03.610,9,left,8,9,18.0,True,
run_20261002_072510_851363,6931,229,2026-10-02T07:29:03.610,10,left,9,10,18.0,True,
run_20261002_072510_851363,6931,229,2026-10-02T07:29:03.610,11,left,10,11,17.5,True,
run_20261002_072510_851363,6931,229,2026-10-02T07:29:03.610,12,left,11,12,18.0,True,
run_20261002_072510_851363,6931,229,2026-10-02T07:29:03.610,1,right,0,1,18.5,True,
run_20261002_072510_851363,6931,229,2026-10-02T07:29:03.610,2,right,1,2,18.0,True,
run_20261002_072510_851363,6931,229,2026-10-02T07:29:03.610,3,right,2,3,18.0,True,
run_20261002_072510_851363,6931,229,2026-10-02T07:29:03.610,4,right,3,4,18.5,True,
run_20261002_072510_851363,6931,229,2026-10-02T07:29:03.610,5,right,4,5,18.0,True,
run_20261002_072510_851363,6931,229,2026-10-02T07:29:03.610,6,right,5,6,18.0,True,
run_20261002_072510_851363,6931,229,2026-10-02T07:29:03.610,7,right,6,7,18.0,True,
run_20261002_072510_851363,6931,229,2026-10-02T07:29:03.610,8,right,7,8,18.0,True,
run_20261002_072510_851363,6931,229,2026-10-02T07:29:03.610,9,right,8,9,18.0,True,
run_20261002_072510_851363,6931,229,2026-10-02T07:29:03.610,10,right,9,10,18.0,True,
run_20261002_072510_851363,6931,229,2026-10-02T07:29:03.610,11,right,10,11,17.5,True,
run_20261002_072510_851363,6931,229,2026-10-02T07:29:03.610,12,right,11,12,18.0,True,
run_20261002_072510_851363,6961,230,2026-10-02T07:29:04.618,1,left,0,1,18.0,True,
run_20261002_072510_851363,6961,230,2026-10-02T07:29:04.618,2,left,1,2,18.0,True,
run_20261002_072510_851363,6961,230,2026-10-02T07:29:04.618,3,left,2,3,18.0,True,
run_20261002_072510_851363,6961,230,2026-10-02T07:29:04.618,4,left,3,4,18.0,True,
run_20261002_072510_851363,6961,230,2026-10-02T07:29:04.618,5,left,4,5,18.5,True,
run_20261002_072510_851363,6961,230,2026-10-02T07:29:04.618,6,left,5,6,18.0,True,
run_20261002_072510_851363,6961,230,2026-10-02T07:29:04.618,7,left,6,7,18.0,True,
run_20261002_072510_851363,6961,230,2026-10-02T07:29:04.618,8,left,7,8,18.0,True,
run_20261002_072510_851363,6961,230,2026-10-02T07:29:04.618,9,left,8,9,18.0,True,
run_20261002_072510_851363,6961,230,2026-10-02T07:29:04.618,10,left,9,10,18.0,True,
run_20261002_072510_851363,6961,230,2026-10-02T07:29:04.618,11,left,10,11,17.5,True,
run_20261002_072510_851363,6961,230,2026-10-02T07:29:04.618,12,left,11,12,18.0,True,
run_20261002_072510_851363,6961,230,2026-10-02T07:29:04.618,1,right,0,1,18.5,True,
run_20261002_072510_851363,6961,230,2026-10-02T07:29:04.618,2,right,1,2,18.0,True,
run_20261002_072510_851363,6961,230,2026-10-02T07:29:04.618,3,right,2,3,17.5,True,
run_20261002_072510_851363,6961,230,2026-10-02T07:29:04.618,4,right,3,4,19.0,True,
run_20261002_072510_851363,6961,230,2026-10-02T07:29:04.618,5,right,4,5,18.0,True,
run_20261002_072510_851363,6961,230,2026-10-02T07:29:04.618,6,right,5,6,18.0,True,
run_20261002_072510_851363,6961,230,2026-10-02T07:29:04.618,7,right,6,7,18.0,True,
run_20261002_072510_851363,6961,230,2026-10-02T07:29:04.618,8,right,7,8,18.0,True,
run_20261002_072510_851363,6961,230,2026-10-02T07:29:04.618,9,right,8,9,18.0,True,
run_20261002_072510_851363,6961,230,2026-10-02T07:29:04.618,10,right,9,10,18.0,True,
run_20261002_072510_851363,6961,230,2026-10-02T07:29:04.618,11,right,10,11,17.5,True,
run_20261002_072510_851363,6961,230,2026-10-02T07:29:04.618,12,right,11,12,18.0,True,
run_20261002_072510_851363,6992,231,2026-10-02T07:29:05.642,1,left,0,1,18.0,True,
run_20261002_072510_851363,6992,231,2026-10-02T07:29:05.642,2,left,1,2,18.5,True,
run_20261002_072510_851363,6992,231,2026-10-02T07:29:05.642,3,left,2,3,17.5,True,
run_20261002_072510_851363,6992,231,2026-10-02T07:29:05.642,4,left,3,4,18.0,True,
run_20261002_072510_851363,6992,231,2026-10-02T07:29:05.642,5,left,4,5,18.5,True,
run_20261002_072510_851363,6992,231,2026-10-02T07:29:05.642,6,left,5,6,18.0,True,
run_20261002_072510_851363,6992,231,2026-10-02T07:29:05.642,7,left,6,7,18.0,True,
run_20261002_072510_851363,6992,231,2026-10-02T07:29:05.642,8,left,7,8,18.0,True,
run_20261002_072510_851363,6992,231,2026-10-02T07:29:05.642,9,left,8,9,18.0,True,
run_20261002_072510_851363,6992,231,2026-10-02T07:29:05.642,10,left,9,10,18.0,True,
run_20261002_072510_851363,6992,231,2026-10-02T07:29:05.642,11,left,10,11,17.5,True,
run_20261002_072510_851363,6992,231,2026-10-02T07:29:05.642,12,left,11,12,18.0,True,
run_20261002_072510_851363,6992,231,2026-10-02T07:29:05.642,1,right,0,1,18.5,True,
run_20261002_072510_851363,6992,231,2026-10-02T07:29:05.642,2,right,1,2,18.0,True,
run_20261002_072510_851363,6992,231,2026-10-02T07:29:05.642,3,right,2,3,18.5,True,
run_20261002_072510_851363,6992,231,2026-10-02T07:29:05.642,4,right,3,4,18.0,True,
run_20261002_072510_851363,6992,231,2026-10-02T07:29:05.642,5,right,4,5,18.0,True,
run_20261002_072510_851363,6992,231,2026-10-02T07:29:05.642,6,right,5,6,18.0,True,
run_20261002_072510_851363,6992,231,2026-10-02T07:29:05.642,7,right,6,7,18.0,True,
run_20261002_072510_851363,6992,231,2026-10-02T07:29:05.642,8,right,7,8,18.0,True,
run_20261002_072510_851363,6992,231,2026-10-02T07:29:05.642,9,right,8,9,18.0,True,
run_20261002_072510_851363,6992,231,2026-10-02T07:29:05.642,10,right,9,10,18.0,True,
run_20261002_072510_851363,6992,231,2026-10-02T07:29:05.642,11,right,10,11,17.5,True,
run_20261002_072510_851363,6992,231,2026-10-02T07:29:05.642,12,right,11,12,18.0,True,
run_20261002_072510_851363,7022,232,2026-10-02T07:29:06.644,1,left,0,1,18.0,True,
run_20261002_072510_851363,7022,232,2026-10-02T07:29:06.644,2,left,1,2,18.5,True,
run_20261002_072510_851363,7022,232,2026-10-02T07:29:06.644,3,left,2,3,17.5,True,
run_20261002_072510_851363,7022,232,2026-10-02T07:29:06.644,4,left,3,4,18.0,True,
run_20261002_072510_851363,7022,232,2026-10-02T07:29:06.644,5,left,4,5,18.0,True,
run_20261002_072510_851363,7022,232,2026-10-02T07:29:06.644,6,left,5,6,18.5,True,
run_20261002_072510_851363,7022,232,2026-10-02T07:29:06.644,7,left,6,7,18.0,True,
run_20261002_072510_851363,7022,232,2026-10-02T07:29:06.644,8,left,7,8,18.0,True,
run_20261002_072510_851363,7022,232,2026-10-02T07:29:06.644,9,left,8,9,18.0,True,
run_20261002_072510_851363,7022,232,2026-10-02T07:29:06.644,10,left,9,10,18.0,True,
run_20261002_072510_851363,7022,232,2026-10-02T07:29:06.644,11,left,10,11,17.5,True,
run_20261002_072510_851363,7022,232,2026-10-02T07:29:06.644,12,left,11,12,18.0,True,
run_20261002_072510_851363,7022,232,2026-10-02T07:29:06.644,1,right,0,1,18.5,True,
run_20261002_072510_851363,7022,232,2026-10-02T07:29:06.644,2,right,1,2,18.0,True,
run_20261002_072510_851363,7022,232,2026-10-02T07:29:06.644,3,right,2,3,18.0,True,
run_20261002_072510_851363,7022,232,2026-10-02T07:29:06.644,4,right,3,4,18.5,True,
run_20261002_072510_851363,7022,232,2026-10-02T07:29:06.644,5,right,4,5,18.0,True,
run_20261002_072510_851363,7022,232,2026-10-02T07:29:06.644,6,right,5,6,18.0,True,
run_20261002_072510_851363,7022,232,2026-10-02T07:29:06.644,7,right,6,7,18.0,True,
run_20261002_072510_851363,7022,232,2026-10-02T07:29:06.644,8,right,7,8,18.0,True,
run_20261002_072510_851363,7022,232,2026-10-02T07:29:06.644,9,right,8,9,18.0,True,
run_20261002_072510_851363,7022,232,2026-10-02T07:29:06.644,10,right,9,10,18.0,True,
run_20261002_072510_851363,7022,232,2026-10-02T07:29:06.644,11,right,10,11,17.5,True,
run_20261002_072510_851363,7022,232,2026-10-02T07:29:06.644,12,right,11,12,18.0,True,
run_20261002_072510_851363,7052,233,2026-10-02T07:29:07.647,1,left,0,1,18.0,True,
run_20261002_072510_851363,7052,233,2026-10-02T07:29:07.647,2,left,1,2,18.0,True,
run_20261002_072510_851363,7052,233,2026-10-02T07:29:07.647,3,left,2,3,18.0,True,
run_20261002_072510_851363,7052,233,2026-10-02T07:29:07.647,4,left,3,4,18.0,True,
run_20261002_072510_851363,7052,233,2026-10-02T07:29:07.647,5,left,4,5,18.5,True,
run_20261002_072510_851363,7052,233,2026-10-02T07:29:07.647,6,left,5,6,18.0,True,
run_20261002_072510_851363,7052,233,2026-10-02T07:29:07.647,7,left,6,7,18.0,True,
run_20261002_072510_851363,7052,233,2026-10-02T07:29:07.647,8,left,7,8,18.0,True,
run_20261002_072510_851363,7052,233,2026-10-02T07:29:07.647,9,left,8,9,18.0,True,
run_20261002_072510_851363,7052,233,2026-10-02T07:29:07.647,10,left,9,10,17.92857142857143,True,
run_20261002_072510_851363,7052,233,2026-10-02T07:29:07.647,11,left,10,11,17.57142857142857,True,
run_20261002_072510_851363,7052,233,2026-10-02T07:29:07.647,12,left,11,12,18.0,True,
run_20261002_072510_851363,7052,233,2026-10-02T07:29:07.647,1,right,0,1,18.5,True,
run_20261002_072510_851363,7052,233,2026-10-02T07:29:07.647,2,right,1,2,18.0,True,
run_20261002_072510_851363,7052,233,2026-10-02T07:29:07.647,3,right,2,3,18.5,True,
run_20261002_072510_851363,7052,233,2026-10-02T07:29:07.647,4,right,3,4,18.0,True,
run_20261002_072510_851363,7052,233,2026-10-02T07:29:07.647,5,right,4,5,18.0,True,
run_20261002_072510_851363,7052,233,2026-10-02T07:29:07.647,6,right,5,6,18.0,True,
run_20261002_072510_851363,7052,233,2026-10-02T07:29:07.647,7,right,6,7,18.0,True,
run_20261002_072510_851363,7052,233,2026-10-02T07:29:07.647,8,right,7,8,18.0,True,
run_20261002_072510_851363,7052,233,2026-10-02T07:29:07.647,9,right,8,9,18.0,True,
run_20261002_072510_851363,7052,233,2026-10-02T07:29:07.647,10,right,9,10,18.0,True,
run_20261002_072510_851363,7052,233,2026-10-02T07:29:07.647,11,right,10,11,17.5,True,
run_20261002_072510_851363,7052,233,2026-10-02T07:29:07.647,12,right,11,12,18.0,True,
run_20261002_072510_851363,7082,234,2026-10-02T07:29:08.648,1,left,0,1,18.0,True,
run_20261002_072510_851363,7082,234,2026-10-02T07:29:08.648,2,left,1,2,18.0,True,
run_20261002_072510_851363,7082,234,2026-10-02T07:29:08.648,3,left,2,3,18.0,True,
run_20261002_072510_851363,7082,234,2026-10-02T07:29:08.648,4,left,3,4,18.0,True,
run_20261002_072510_851363,7082,234,2026-10-02T07:29:08.648,5,left,4,5,18.5,True,
run_20261002_072510_851363,7082,234,2026-10-02T07:29:08.648,6,left,5,6,18.0,True,
run_20261002_072510_851363,7082,234,2026-10-02T07:29:08.648,7,left,6,7,18.0,True,
run_20261002_072510_851363,7082,234,2026-10-02T07:29:08.648,8,left,7,8,18.0,True,
run_20261002_072510_851363,7082,234,2026-10-02T07:29:08.648,9,left,8,9,18.0,True,
run_20261002_072510_851363,7082,234,2026-10-02T07:29:08.648,10,left,9,10,18.0,True,
run_20261002_072510_851363,7082,234,2026-10-02T07:29:08.648,11,left,10,11,17.5,True,
run_20261002_072510_851363,7082,234,2026-10-02T07:29:08.648,12,left,11,12,18.0,True,
run_20261002_072510_851363,7082,234,2026-10-02T07:29:08.648,1,right,0,1,18.5,True,
run_20261002_072510_851363,7082,234,2026-10-02T07:29:08.648,2,right,1,2,18.0,True,
run_20261002_072510_851363,7082,234,2026-10-02T07:29:08.648,3,right,2,3,18.5,True,
run_20261002_072510_851363,7082,234,2026-10-02T07:29:08.648,4,right,3,4,18.0,True,
run_20261002_072510_851363,7082,234,2026-10-02T07:29:08.648,5,right,4,5,18.0,True,
run_20261002_072510_851363,7082,234,2026-10-02T07:29:08.648,6,right,5,6,18.0,True,
run_20261002_072510_851363,7082,234,2026-10-02T07:29:08.648,7,right,6,7,18.0,True,
run_20261002_072510_851363,7082,234,2026-10-02T07:29:08.648,8,right,7,8,18.0,True,
run_20261002_072510_851363,7082,234,2026-10-02T07:29:08.648,9,right,8,9,18.0,True,
run_20261002_072510_851363,7082,234,2026-10-02T07:29:08.648,10,right,9,10,18.0,True,
run_20261002_072510_851363,7082,234,2026-10-02T07:29:08.648,11,right,10,11,17.5,True,
run_20261002_072510_851363,7082,234,2026-10-02T07:29:08.648,12,right,11,12,18.0,True,
run_20261002_072510_851363,7113,235,2026-10-02T07:29:09.677,1,left,0,1,18.0,True,
run_20261002_072510_851363,7113,235,2026-10-02T07:29:09.677,2,left,1,2,18.0,True,
run_20261002_072510_851363,7113,235,2026-10-02T07:29:09.677,3,left,2,3,18.0,True,
run_20261002_072510_851363,7113,235,2026-10-02T07:29:09.677,4,left,3,4,18.0,True,
run_20261002_072510_851363,7113,235,2026-10-02T07:29:09.677,5,left,4,5,18.5,True,
run_20261002_072510_851363,7113,235,2026-10-02T07:29:09.677,6,left,5,6,18.0,True,
run_20261002_072510_851363,7113,235,2026-10-02T07:29:09.677,7,left,6,7,18.0,True,
run_20261002_072510_851363,7113,235,2026-10-02T07:29:09.677,8,left,7,8,18.0,True,
run_20261002_072510_851363,7113,235,2026-10-02T07:29:09.677,9,left,8,9,18.0,True,
run_20261002_072510_851363,7113,235,2026-10-02T07:29:09.677,10,left,9,10,18.0,True,
run_20261002_072510_851363,7113,235,2026-10-02T07:29:09.677,11,left,10,11,17.5,True,
run_20261002_072510_851363,7113,235,2026-10-02T07:29:09.677,12,left,11,12,18.0,True,
run_20261002_072510_851363,7113,235,2026-10-02T07:29:09.677,1,right,0,1,18.5,True,
run_20261002_072510_851363,7113,235,2026-10-02T07:29:09.677,2,right,1,2,18.0,True,
run_20261002_072510_851363,7113,235,2026-10-02T07:29:09.677,3,right,2,3,18.0,True,
run_20261002_072510_851363,7113,235,2026-10-02T07:29:09.677,4,right,3,4,18.5,True,
run_20261002_072510_851363,7113,235,2026-10-02T07:29:09.677,5,right,4,5,18.0,True,
run_20261002_072510_851363,7113,235,2026-10-02T07:29:09.677,6,right,5,6,18.0,True,
run_20261002_072510_851363,7113,235,2026-10-02T07:29:09.677,7,right,6,7,18.0,True,
run_20261002_072510_851363,7113,235,2026-10-02T07:29:09.677,8,right,7,8,18.0,True,
run_20261002_072510_851363,7113,235,2026-10-02T07:29:09.677,9,right,8,9,18.0,True,
run_20261002_072510_851363,7113,235,2026-10-02T07:29:09.677,10,right,9,10,18.0,True,
run_20261002_072510_851363,7113,235,2026-10-02T07:29:09.677,11,right,10,11,17.5,True,
run_20261002_072510_851363,7113,235,2026-10-02T07:29:09.677,12,right,11,12,18.0,True,
run_20261002_072510_851363,7143,236,2026-10-02T07:29:10.680,1,left,0,1,18.0,True,
run_20261002_072510_851363,7143,236,2026-10-02T07:29:10.680,2,left,1,2,18.0,True,
run_20261002_072510_851363,7143,236,2026-10-02T07:29:10.680,3,left,2,3,18.0,True,
run_20261002_072510_851363,7143,236,2026-10-02T07:29:10.680,4,left,3,4,18.0,True,
run_20261002_072510_851363,7143,236,2026-10-02T07:29:10.680,5,left,4,5,18.5,True,
run_20261002_072510_851363,7143,236,2026-10-02T07:29:10.680,6,left,5,6,18.0,True,
run_20261002_072510_851363,7143,236,2026-10-02T07:29:10.680,7,left,6,7,18.0,True,
run_20261002_072510_851363,7143,236,2026-10-02T07:29:10.680,8,left,7,8,18.0,True,
run_20261002_072510_851363,7143,236,2026-10-02T07:29:10.680,9,left,8,9,18.0,True,
run_20261002_072510_851363,7143,236,2026-10-02T07:29:10.680,10,left,9,10,18.0,True,
run_20261002_072510_851363,7143,236,2026-10-02T07:29:10.680,11,left,10,11,17.5,True,
run_20261002_072510_851363,7143,236,2026-10-02T07:29:10.680,12,left,11,12,18.0,True,
run_20261002_072510_851363,7143,236,2026-10-02T07:29:10.680,1,right,0,1,18.5,True,
run_20261002_072510_851363,7143,236,2026-10-02T07:29:10.680,2,right,1,2,18.0,True,
run_20261002_072510_851363,7143,236,2026-10-02T07:29:10.680,3,right,2,3,18.5,True,
run_20261002_072510_851363,7143,236,2026-10-02T07:29:10.680,4,right,3,4,18.0,True,
run_20261002_072510_851363,7143,236,2026-10-02T07:29:10.680,5,right,4,5,18.0,True,
run_20261002_072510_851363,7143,236,2026-10-02T07:29:10.680,6,right,5,6,18.0,True,
run_20261002_072510_851363,7143,236,2026-10-02T07:29:10.680,7,right,6,7,18.0,True,
run_20261002_072510_851363,7143,236,2026-10-02T07:29:10.680,8,right,7,8,18.0,True,
run_20261002_072510_851363,7143,236,2026-10-02T07:29:10.680,9,right,8,9,18.0,True,
run_20261002_072510_851363,7143,236,2026-10-02T07:29:10.680,10,right,9,10,18.0,True,
run_20261002_072510_851363,7143,236,2026-10-02T07:29:10.680,11,right,10,11,17.5,True,
run_20261002_072510_851363,7143,236,2026-10-02T07:29:10.680,12,right,11,12,18.0,True,
run_20261002_072510_851363,7174,237,2026-10-02T07:29:11.711,1,left,0,1,18.0,True,
run_20261002_072510_851363,7174,237,2026-10-02T07:29:11.711,2,left,1,2,18.0,True,
run_20261002_072510_851363,7174,237,2026-10-02T07:29:11.711,3,left,2,3,18.0,True,
run_20261002_072510_851363,7174,237,2026-10-02T07:29:11.711,4,left,3,4,18.0,True,
run_20261002_072510_851363,7174,237,2026-10-02T07:29:11.711,5,left,4,5,18.5,True,
run_20261002_072510_851363,7174,237,2026-10-02T07:29:11.711,6,left,5,6,18.0,True,
run_20261002_072510_851363,7174,237,2026-10-02T07:29:11.711,7,left,6,7,18.0,True,
run_20261002_072510_851363,7174,237,2026-10-02T07:29:11.711,8,left,7,8,18.0,True,
run_20261002_072510_851363,7174,237,2026-10-02T07:29:11.711,9,left,8,9,18.0,True,
run_20261002_072510_851363,7174,237,2026-10-02T07:29:11.711,10,left,9,10,18.0,True,
run_20261002_072510_851363,7174,237,2026-10-02T07:29:11.711,11,left,10,11,17.5,True,
run_20261002_072510_851363,7174,237,2026-10-02T07:29:11.711,12,left,11,12,18.0,True,
run_20261002_072510_851363,7174,237,2026-10-02T07:29:11.711,1,right,0,1,18.5,True,
run_20261002_072510_851363,7174,237,2026-10-02T07:29:11.711,2,right,1,2,18.0,True,
run_20261002_072510_851363,7174,237,2026-10-02T07:29:11.711,3,right,2,3,18.5,True,
run_20261002_072510_851363,7174,237,2026-10-02T07:29:11.711,4,right,3,4,18.0,True,
run_20261002_072510_851363,7174,237,2026-10-02T07:29:11.711,5,right,4,5,18.0,True,
run_20261002_072510_851363,7174,237,2026-10-02T07:29:11.711,6,right,5,6,18.0,True,
run_20261002_072510_851363,7174,237,2026-10-02T07:29:11.711,7,right,6,7,18.0,True,
run_20261002_072510_851363,7174,237,2026-10-02T07:29:11.711,8,right,7,8,18.0,True,
run_20261002_072510_851363,7174,237,2026-10-02T07:29:11.711,9,right,8,9,18.0,True,
run_20261002_072510_851363,7174,237,2026-10-02T07:29:11.711,10,right,9,10,18.0,True,
run_20261002_072510_851363,7174,237,2026-10-02T07:29:11.711,11,right,10,11,17.5,True,
run_20261002_072510_851363,7174,237,2026-10-02T07:29:11.711,12,right,11,12,18.0,True,
run_20261002_072510_851363,7204,238,2026-10-02T07:29:12.713,1,left,0,1,18.0,True,
run_20261002_072510_851363,7204,238,2026-10-02T07:29:12.713,2,left,1,2,18.0,True,
run_20261002_072510_851363,7204,238,2026-10-02T07:29:12.713,3,left,2,3,18.0,True,
run_20261002_072510_851363,7204,238,2026-10-02T07:29:12.713,4,left,3,4,18.0,True,
run_20261002_072510_851363,7204,238,2026-10-02T07:29:12.713,5,left,4,5,18.5,True,
run_20261002_072510_851363,7204,238,2026-10-02T07:29:12.713,6,left,5,6,18.0,True,
run_20261002_072510_851363,7204,238,2026-10-02T07:29:12.713,7,left,6,7,18.0,True,
run_20261002_072510_851363,7204,238,2026-10-02T07:29:12.713,8,left,7,8,18.0,True,
run_20261002_072510_851363,7204,238,2026-10-02T07:29:12.713,9,left,8,9,18.0,True,
run_20261002_072510_851363,7204,238,2026-10-02T07:29:12.713,10,left,9,10,17.92857142857143,True,
run_20261002_072510_851363,7204,238,2026-10-02T07:29:12.713,11,left,10,11,17.57142857142857,True,
run_20261002_072510_851363,7204,238,2026-10-02T07:29:12.713,12,left,11,12,18.0,True,
run_20261002_072510_851363,7204,238,2026-10-02T07:29:12.713,1,right,0,1,18.5,True,
run_20261002_072510_851363,7204,238,2026-10-02T07:29:12.713,2,right,1,2,18.0,True,
run_20261002_072510_851363,7204,238,2026-10-02T07:29:12.713,3,right,2,3,18.5,True,
run_20261002_072510_851363,7204,238,2026-10-02T07:29:12.713,4,right,3,4,18.0,True,
run_20261002_072510_851363,7204,238,2026-10-02T07:29:12.713,5,right,4,5,18.0,True,
run_20261002_072510_851363,7204,238,2026-10-02T07:29:12.713,6,right,5,6,18.0,True,
run_20261002_072510_851363,7204,238,2026-10-02T07:29:12.713,7,right,6,7,18.0,True,
run_20261002_072510_851363,7204,238,2026-10-02T07:29:12.713,8,right,7,8,18.0,True,
run_20261002_072510_851363,7204,238,2026-10-02T07:29:12.713,9,right,8,9,18.0,True,
run_20261002_072510_851363,7204,238,2026-10-02T07:29:12.713,10,right,9,10,18.0,True,
run_20261002_072510_851363,7204,238,2026-10-02T07:29:12.713,11,right,10,11,17.5,True,
run_20261002_072510_851363,7204,238,2026-10-02T07:29:12.713,12,right,11,12,18.0,True,
run_20261002_072510_851363,7234,239,2026-10-02T07:29:13.714,1,left,0,1,18.0,True,
run_20261002_072510_851363,7234,239,2026-10-02T07:29:13.714,2,left,1,2,18.0,True,
run_20261002_072510_851363,7234,239,2026-10-02T07:29:13.714,3,left,2,3,18.0,True,
run_20261002_072510_851363,7234,239,2026-10-02T07:29:13.714,4,left,3,4,18.0,True,
run_20261002_072510_851363,7234,239,2026-10-02T07:29:13.714,5,left,4,5,18.0,True,
run_20261002_072510_851363,7234,239,2026-10-02T07:29:13.714,6,left,5,6,18.5,True,
run_20261002_072510_851363,7234,239,2026-10-02T07:29:13.714,7,left,6,7,18.0,True,
run_20261002_072510_851363,7234,239,2026-10-02T07:29:13.714,8,left,7,8,18.0,True,
run_20261002_072510_851363,7234,239,2026-10-02T07:29:13.714,9,left,8,9,18.0,True,
run_20261002_072510_851363,7234,239,2026-10-02T07:29:13.714,10,left,9,10,18.0,True,
run_20261002_072510_851363,7234,239,2026-10-02T07:29:13.714,11,left,10,11,17.5,True,
run_20261002_072510_851363,7234,239,2026-10-02T07:29:13.714,12,left,11,12,18.0,True,
run_20261002_072510_851363,7234,239,2026-10-02T07:29:13.714,1,right,0,1,18.5,True,
run_20261002_072510_851363,7234,239,2026-10-02T07:29:13.714,2,right,1,2,18.0,True,
run_20261002_072510_851363,7234,239,2026-10-02T07:29:13.714,3,right,2,3,18.5,True,
run_20261002_072510_851363,7234,239,2026-10-02T07:29:13.714,4,right,3,4,18.0,True,
run_20261002_072510_851363,7234,239,2026-10-02T07:29:13.714,5,right,4,5,18.0,True,
run_20261002_072510_851363,7234,239,2026-10-02T07:29:13.714,6,right,5,6,18.0,True,
run_20261002_072510_851363,7234,239,2026-10-02T07:29:13.714,7,right,6,7,18.0,True,
run_20261002_072510_851363,7234,239,2026-10-02T07:29:13.714,8,right,7,8,18.0,True,
run_20261002_072510_851363,7234,239,2026-10-02T07:29:13.714,9,right,8,9,18.0,True,
run_20261002_072510_851363,7234,239,2026-10-02T07:29:13.714,10,right,9,10,18.0,True,
run_20261002_072510_851363,7234,239,2026-10-02T07:29:13.714,11,right,10,11,17.5,True,
run_20261002_072510_851363,7234,239,2026-10-02T07:29:13.714,12,right,11,12,18.0,True,
run_20261002_072510_851363,7264,240,2026-10-02T07:29:14.714,1,left,0,1,18.0,True,
run_20261002_072510_851363,7264,240,2026-10-02T07:29:14.714,2,left,1,2,18.0,True,
run_20261002_072510_851363,7264,240,2026-10-02T07:29:14.714,3,left,2,3,18.0,True,
run_20261002_072510_851363,7264,240,2026-10-02T07:29:14.714,4,left,3,4,18.0,True,
run_20261002_072510_851363,7264,240,2026-10-02T07:29:14.714,5,left,4,5,18.0,True,
run_20261002_072510_851363,7264,240,2026-10-02T07:29:14.714,6,left,5,6,18.5,True,
run_20261002_072510_851363,7264,240,2026-10-02T07:29:14.714,7,left,6,7,18.0,True,
run_20261002_072510_851363,7264,240,2026-10-02T07:29:14.714,8,left,7,8,18.0,True,
run_20261002_072510_851363,7264,240,2026-10-02T07:29:14.714,9,left,8,9,18.0,True,
run_20261002_072510_851363,7264,240,2026-10-02T07:29:14.714,10,left,9,10,18.0,True,
run_20261002_072510_851363,7264,240,2026-10-02T07:29:14.714,11,left,10,11,17.5,True,
run_20261002_072510_851363,7264,240,2026-10-02T07:29:14.714,12,left,11,12,18.0,True,
run_20261002_072510_851363,7264,240,2026-10-02T07:29:14.714,1,right,0,1,18.5,True,
run_20261002_072510_851363,7264,240,2026-10-02T07:29:14.714,2,right,1,2,18.0,True,
run_20261002_072510_851363,7264,240,2026-10-02T07:29:14.714,3,right,2,3,18.5,True,
run_20261002_072510_851363,7264,240,2026-10-02T07:29:14.714,4,right,3,4,18.0,True,
run_20261002_072510_851363,7264,240,2026-10-02T07:29:14.714,5,right,4,5,18.0,True,
run_20261002_072510_851363,7264,240,2026-10-02T07:29:14.714,6,right,5,6,18.0,True,
run_20261002_072510_851363,7264,240,2026-10-02T07:29:14.714,7,right,6,7,18.0,True,
run_20261002_072510_851363,7264,240,2026-10-02T07:29:14.714,8,right,7,8,18.0,True,
run_20261002_072510_851363,7264,240,2026-10-02T07:29:14.714,9,right,8,9,18.0,True,
run_20261002_072510_851363,7264,240,2026-10-02T07:29:14.714,10,right,9,10,18.0,True,
run_20261002_072510_851363,7264,240,2026-10-02T07:29:14.714,11,right,10,11,17.5,True,
run_20261002_072510_851363,7264,240,2026-10-02T07:29:14.714,12,right,11,12,18.0,True,
run_20261002_072510_851363,7295,241,2026-10-02T07:29:15.743,1,left,0,1,18.0,True,
run_20261002_072510_851363,7295,241,2026-10-02T07:29:15.743,2,left,1,2,18.0,True,
run_20261002_072510_851363,7295,241,2026-10-02T07:29:15.743,3,left,2,3,18.0,True,
run_20261002_072510_851363,7295,241,2026-10-02T07:29:15.743,4,left,3,4,18.0,True,
run_20261002_072510_851363,7295,241,2026-10-02T07:29:15.743,5,left,4,5,18.5,True,
run_20261002_072510_851363,7295,241,2026-10-02T07:29:15.743,6,left,5,6,18.0,True,
run_20261002_072510_851363,7295,241,2026-10-02T07:29:15.743,7,left,6,7,18.0,True,
run_20261002_072510_851363,7295,241,2026-10-02T07:29:15.743,8,left,7,8,18.0,True,
run_20261002_072510_851363,7295,241,2026-10-02T07:29:15.743,9,left,8,9,18.0,True,
run_20261002_072510_851363,7295,241,2026-10-02T07:29:15.743,10,left,9,10,18.0,True,
run_20261002_072510_851363,7295,241,2026-10-02T07:29:15.743,11,left,10,11,17.5,True,
run_20261002_072510_851363,7295,241,2026-10-02T07:29:15.743,12,left,11,12,18.0,True,
run_20261002_072510_851363,7295,241,2026-10-02T07:29:15.743,1,right,0,1,18.5,True,
run_20261002_072510_851363,7295,241,2026-10-02T07:29:15.743,2,right,1,2,18.0,True,
run_20261002_072510_851363,7295,241,2026-10-02T07:29:15.743,3,right,2,3,18.5,True,
run_20261002_072510_851363,7295,241,2026-10-02T07:29:15.743,4,right,3,4,18.0,True,
run_20261002_072510_851363,7295,241,2026-10-02T07:29:15.743,5,right,4,5,18.0,True,
run_20261002_072510_851363,7295,241,2026-10-02T07:29:15.743,6,right,5,6,18.0,True,
run_20261002_072510_851363,7295,241,2026-10-02T07:29:15.743,7,right,6,7,18.0,True,
run_20261002_072510_851363,7295,241,2026-10-02T07:29:15.743,8,right,7,8,18.0,True,
run_20261002_072510_851363,7295,241,2026-10-02T07:29:15.743,9,right,8,9,18.0,True,
run_20261002_072510_851363,7295,241,2026-10-02T07:29:15.743,10,right,9,10,18.0,True,
run_20261002_072510_851363,7295,241,2026-10-02T07:29:15.743,11,right,10,11,17.5,True,
run_20261002_072510_851363,7295,241,2026-10-02T07:29:15.743,12,right,11,12,18.0,True,
run_20261002_072510_851363,7325,242,2026-10-02T07:29:16.746,1,left,0,1,18.0,True,
run_20261002_072510_851363,7325,242,2026-10-02T07:29:16.746,2,left,1,2,18.0,True,
run_20261002_072510_851363,7325,242,2026-10-02T07:29:16.746,3,left,2,3,18.0,True,
run_20261002_072510_851363,7325,242,2026-10-02T07:29:16.746,4,left,3,4,18.0,True,
run_20261002_072510_851363,7325,242,2026-10-02T07:29:16.746,5,left,4,5,18.0,True,
run_20261002_072510_851363,7325,242,2026-10-02T07:29:16.746,6,left,5,6,18.5,True,
run_20261002_072510_851363,7325,242,2026-10-02T07:29:16.746,7,left,6,7,18.0,True,
run_20261002_072510_851363,7325,242,2026-10-02T07:29:16.746,8,left,7,8,18.0,True,
run_20261002_072510_851363,7325,242,2026-10-02T07:29:16.746,9,left,8,9,18.0,True,
run_20261002_072510_851363,7325,242,2026-10-02T07:29:16.746,10,left,9,10,17.5,True,
run_20261002_072510_851363,7325,242,2026-10-02T07:29:16.746,11,left,10,11,18.0,True,
run_20261002_072510_851363,7325,242,2026-10-02T07:29:16.746,12,left,11,12,18.0,True,
run_20261002_072510_851363,7325,242,2026-10-02T07:29:16.746,1,right,0,1,18.5,True,
run_20261002_072510_851363,7325,242,2026-10-02T07:29:16.746,2,right,1,2,18.0,True,
run_20261002_072510_851363,7325,242,2026-10-02T07:29:16.746,3,right,2,3,18.5,True,
run_20261002_072510_851363,7325,242,2026-10-02T07:29:16.746,4,right,3,4,18.0,True,
run_20261002_072510_851363,7325,242,2026-10-02T07:29:16.746,5,right,4,5,18.0,True,
run_20261002_072510_851363,7325,242,2026-10-02T07:29:16.746,6,right,5,6,18.0,True,
run_20261002_072510_851363,7325,242,2026-10-02T07:29:16.746,7,right,6,7,18.0,True,
run_20261002_072510_851363,7325,242,2026-10-02T07:29:16.746,8,right,7,8,18.0,True,
run_20261002_072510_851363,7325,242,2026-10-02T07:29:16.746,9,right,8,9,18.0,True,
run_20261002_072510_851363,7325,242,2026-10-02T07:29:16.746,10,right,9,10,18.0,True,
run_20261002_072510_851363,7325,242,2026-10-02T07:29:16.746,11,right,10,11,17.5,True,
run_20261002_072510_851363,7325,242,2026-10-02T07:29:16.746,12,right,11,12,18.0,True,
run_20261002_072510_851363,7355,243,2026-10-02T07:29:17.749,1,left,0,1,18.0,True,
run_20261002_072510_851363,7355,243,2026-10-02T07:29:17.749,2,left,1,2,18.0,True,
run_20261002_072510_851363,7355,243,2026-10-02T07:29:17.749,3,left,2,3,18.0,True,
run_20261002_072510_851363,7355,243,2026-10-02T07:29:17.749,4,left,3,4,18.0,True,
run_20261002_072510_851363,7355,243,2026-10-02T07:29:17.749,5,left,4,5,18.0,True,
run_20261002_072510_851363,7355,243,2026-10-02T07:29:17.749,6,left,5,6,18.5,True,
run_20261002_072510_851363,7355,243,2026-10-02T07:29:17.749,7,left,6,7,18.0,True,
run_20261002_072510_851363,7355,243,2026-10-02T07:29:17.749,8,left,7,8,18.0,True,
run_20261002_072510_851363,7355,243,2026-10-02T07:29:17.749,9,left,8,9,18.0,True,
run_20261002_072510_851363,7355,243,2026-10-02T07:29:17.749,10,left,9,10,18.0,True,
run_20261002_072510_851363,7355,243,2026-10-02T07:29:17.749,11,left,10,11,17.5,True,
run_20261002_072510_851363,7355,243,2026-10-02T07:29:17.749,12,left,11,12,18.0,True,
run_20261002_072510_851363,7355,243,2026-10-02T07:29:17.749,1,right,0,1,18.5,True,
run_20261002_072510_851363,7355,243,2026-10-02T07:29:17.749,2,right,1,2,18.0,True,
run_20261002_072510_851363,7355,243,2026-10-02T07:29:17.749,3,right,2,3,18.5,True,
run_20261002_072510_851363,7355,243,2026-10-02T07:29:17.749,4,right,3,4,18.0,True,
run_20261002_072510_851363,7355,243,2026-10-02T07:29:17.749,5,right,4,5,18.0,True,
run_20261002_072510_851363,7355,243,2026-10-02T07:29:17.749,6,right,5,6,18.0,True,
run_20261002_072510_851363,7355,243,2026-10-02T07:29:17.749,7,right,6,7,18.0,True,
run_20261002_072510_851363,7355,243,2026-10-02T07:29:17.749,8,right,7,8,18.0,True,
run_20261002_072510_851363,7355,243,2026-10-02T07:29:17.749,9,right,8,9,18.0,True,
run_20261002_072510_851363,7355,243,2026-10-02T07:29:17.749,10,right,9,10,18.0,True,
run_20261002_072510_851363,7355,243,2026-10-02T07:29:17.749,11,right,10,11,17.5,True,
run_20261002_072510_851363,7355,243,2026-10-02T07:29:17.749,12,right,11,12,18.0,True,
run_20261002_072510_851363,7386,244,2026-10-02T07:29:18.778,1,left,0,1,18.0,True,
run_20261002_072510_851363,7386,244,2026-10-02T07:29:18.778,2,left,1,2,18.5,True,
run_20261002_072510_851363,7386,244,2026-10-02T07:29:18.778,3,left,2,3,17.5,True,
run_20261002_072510_851363,7386,244,2026-10-02T07:29:18.778,4,left,3,4,18.0,True,
run_20261002_072510_851363,7386,244,2026-10-02T07:29:18.778,5,left,4,5,18.5,True,
run_20261002_072510_851363,7386,244,2026-10-02T07:29:18.778,6,left,5,6,18.0,True,
run_20261002_072510_851363,7386,244,2026-10-02T07:29:18.778,7,left,6,7,18.0,True,
run_20261002_072510_851363,7386,244,2026-10-02T07:29:18.778,8,left,7,8,18.0,True,
run_20261002_072510_851363,7386,244,2026-10-02T07:29:18.778,9,left,8,9,18.0,True,
run_20261002_072510_851363,7386,244,2026-10-02T07:29:18.778,10,left,9,10,17.5,True,
run_20261002_072510_851363,7386,244,2026-10-02T07:29:18.778,11,left,10,11,18.0,True,
run_20261002_072510_851363,7386,244,2026-10-02T07:29:18.778,12,left,11,12,18.0,True,
run_20261002_072510_851363,7386,244,2026-10-02T07:29:18.778,1,right,0,1,18.5,True,
run_20261002_072510_851363,7386,244,2026-10-02T07:29:18.778,2,right,1,2,18.0,True,
run_20261002_072510_851363,7386,244,2026-10-02T07:29:18.778,3,right,2,3,18.5,True,
run_20261002_072510_851363,7386,244,2026-10-02T07:29:18.778,4,right,3,4,18.0,True,
run_20261002_072510_851363,7386,244,2026-10-02T07:29:18.778,5,right,4,5,18.0,True,
run_20261002_072510_851363,7386,244,2026-10-02T07:29:18.778,6,right,5,6,18.0,True,
run_20261002_072510_851363,7386,244,2026-10-02T07:29:18.778,7,right,6,7,18.0,True,
run_20261002_072510_851363,7386,244,2026-10-02T07:29:18.778,8,right,7,8,18.0,True,
run_20261002_072510_851363,7386,244,2026-10-02T07:29:18.778,9,right,8,9,18.0,True,
run_20261002_072510_851363,7386,244,2026-10-02T07:29:18.778,10,right,9,10,18.0,True,
run_20261002_072510_851363,7386,244,2026-10-02T07:29:18.778,11,right,10,11,17.5,True,
run_20261002_072510_851363,7386,244,2026-10-02T07:29:18.778,12,right,11,12,18.0,True,
run_20261002_072510_851363,7416,245,2026-10-02T07:29:19.780,1,left,0,1,18.0,True,
run_20261002_072510_851363,7416,245,2026-10-02T07:29:19.780,2,left,1,2,18.0,True,
run_20261002_072510_851363,7416,245,2026-10-02T07:29:19.780,3,left,2,3,18.0,True,
run_20261002_072510_851363,7416,245,2026-10-02T07:29:19.780,4,left,3,4,18.0,True,
run_20261002_072510_851363,7416,245,2026-10-02T07:29:19.780,5,left,4,5,18.0,True,
run_20261002_072510_851363,7416,245,2026-10-02T07:29:19.780,6,left,5,6,18.5,True,
run_20261002_072510_851363,7416,245,2026-10-02T07:29:19.780,7,left,6,7,18.0,True,
run_20261002_072510_851363,7416,245,2026-10-02T07:29:19.780,8,left,7,8,18.0,True,
run_20261002_072510_851363,7416,245,2026-10-02T07:29:19.780,9,left,8,9,18.0,True,
run_20261002_072510_851363,7416,245,2026-10-02T07:29:19.780,10,left,9,10,17.5,True,
run_20261002_072510_851363,7416,245,2026-10-02T07:29:19.780,11,left,10,11,18.0,True,
run_20261002_072510_851363,7416,245,2026-10-02T07:29:19.780,12,left,11,12,18.0,True,
run_20261002_072510_851363,7416,245,2026-10-02T07:29:19.780,1,right,0,1,18.5,True,
run_20261002_072510_851363,7416,245,2026-10-02T07:29:19.780,2,right,1,2,18.0,True,
run_20261002_072510_851363,7416,245,2026-10-02T07:29:19.780,3,right,2,3,18.5,True,
run_20261002_072510_851363,7416,245,2026-10-02T07:29:19.780,4,right,3,4,18.0,True,
run_20261002_072510_851363,7416,245,2026-10-02T07:29:19.780,5,right,4,5,18.0,True,
run_20261002_072510_851363,7416,245,2026-10-02T07:29:19.780,6,right,5,6,18.0,True,
run_20261002_072510_851363,7416,245,2026-10-02T07:29:19.780,7,right,6,7,18.0,True,
run_20261002_072510_851363,7416,245,2026-10-02T07:29:19.780,8,right,7,8,18.0,True,
run_20261002_072510_851363,7416,245,2026-10-02T07:29:19.780,9,right,8,9,18.0,True,
run_20261002_072510_851363,7416,245,2026-10-02T07:29:19.780,10,right,9,10,18.0,True,
run_20261002_072510_851363,7416,245,2026-10-02T07:29:19.780,11,right,10,11,17.5,True,
run_20261002_072510_851363,7416,245,2026-10-02T07:29:19.780,12,right,11,12,18.0,True,
run_20261002_072510_851363,7447,246,2026-10-02T07:29:20.811,1,left,0,1,18.0,True,
run_20261002_072510_851363,7447,246,2026-10-02T07:29:20.811,2,left,1,2,18.0,True,
run_20261002_072510_851363,7447,246,2026-10-02T07:29:20.811,3,left,2,3,18.0,True,
run_20261002_072510_851363,7447,246,2026-10-02T07:29:20.811,4,left,3,4,18.0,True,
run_20261002_072510_851363,7447,246,2026-10-02T07:29:20.811,5,left,4,5,18.0,True,
run_20261002_072510_851363,7447,246,2026-10-02T07:29:20.811,6,left,5,6,18.5,True,
run_20261002_072510_851363,7447,246,2026-10-02T07:29:20.811,7,left,6,7,18.0,True,
run_20261002_072510_851363,7447,246,2026-10-02T07:29:20.811,8,left,7,8,18.0,True,
run_20261002_072510_851363,7447,246,2026-10-02T07:29:20.811,9,left,8,9,18.0,True,
run_20261002_072510_851363,7447,246,2026-10-02T07:29:20.811,10,left,9,10,18.0,True,
run_20261002_072510_851363,7447,246,2026-10-02T07:29:20.811,11,left,10,11,17.5,True,
run_20261002_072510_851363,7447,246,2026-10-02T07:29:20.811,12,left,11,12,18.0,True,
run_20261002_072510_851363,7447,246,2026-10-02T07:29:20.811,1,right,0,1,18.5,True,
run_20261002_072510_851363,7447,246,2026-10-02T07:29:20.811,2,right,1,2,18.0,True,
run_20261002_072510_851363,7447,246,2026-10-02T07:29:20.811,3,right,2,3,18.5,True,
run_20261002_072510_851363,7447,246,2026-10-02T07:29:20.811,4,right,3,4,18.0,True,
run_20261002_072510_851363,7447,246,2026-10-02T07:29:20.811,5,right,4,5,18.0,True,
run_20261002_072510_851363,7447,246,2026-10-02T07:29:20.811,6,right,5,6,18.0,True,
run_20261002_072510_851363,7447,246,2026-10-02T07:29:20.811,7,right,6,7,18.0,True,
run_20261002_072510_851363,7447,246,2026-10-02T07:29:20.811,8,right,7,8,18.0,True,
run_20261002_072510_851363,7447,246,2026-10-02T07:29:20.811,9,right,8,9,18.0,True,
run_20261002_072510_851363,7447,246,2026-10-02T07:29:20.811,10,right,9,10,18.0,True,
run_20261002_072510_851363,7447,246,2026-10-02T07:29:20.811,11,right,10,11,17.5,True,
run_20261002_072510_851363,7447,246,2026-10-02T07:29:20.811,12,right,11,12,18.0,True,
run_20261002_072510_851363,7477,247,2026-10-02T07:29:21.812,1,left,0,1,18.0,True,
run_20261002_072510_851363,7477,247,2026-10-02T07:29:21.812,2,left,1,2,18.0,True,
run_20261002_072510_851363,7477,247,2026-10-02T07:29:21.812,3,left,2,3,18.0,True,
run_20261002_072510_851363,7477,247,2026-10-02T07:29:21.812,4,left,3,4,18.0,True,
run_20261002_072510_851363,7477,247,2026-10-02T07:29:21.812,5,left,4,5,18.0,True,
run_20261002_072510_851363,7477,247,2026-10-02T07:29:21.812,6,left,5,6,18.5,True,
run_20261002_072510_851363,7477,247,2026-10-02T07:29:21.812,7,left,6,7,18.0,True,
run_20261002_072510_851363,7477,247,2026-10-02T07:29:21.812,8,left,7,8,18.0,True,
run_20261002_072510_851363,7477,247,2026-10-02T07:29:21.812,9,left,8,9,18.0,True,
run_20261002_072510_851363,7477,247,2026-10-02T07:29:21.812,10,left,9,10,18.0,True,
run_20261002_072510_851363,7477,247,2026-10-02T07:29:21.812,11,left,10,11,17.5,True,
run_20261002_072510_851363,7477,247,2026-10-02T07:29:21.812,12,left,11,12,18.0,True,
run_20261002_072510_851363,7477,247,2026-10-02T07:29:21.812,1,right,0,1,18.5,True,
run_20261002_072510_851363,7477,247,2026-10-02T07:29:21.812,2,right,1,2,18.0,True,
run_20261002_072510_851363,7477,247,2026-10-02T07:29:21.812,3,right,2,3,18.5,True,
run_20261002_072510_851363,7477,247,2026-10-02T07:29:21.812,4,right,3,4,18.0,True,
run_20261002_072510_851363,7477,247,2026-10-02T07:29:21.812,5,right,4,5,18.0,True,
run_20261002_072510_851363,7477,247,2026-10-02T07:29:21.812,6,right,5,6,18.0,True,
run_20261002_072510_851363,7477,247,2026-10-02T07:29:21.812,7,right,6,7,18.0,True,
run_20261002_072510_851363,7477,247,2026-10-02T07:29:21.812,8,right,7,8,18.0,True,
run_20261002_072510_851363,7477,247,2026-10-02T07:29:21.812,9,right,8,9,18.0,True,
run_20261002_072510_851363,7477,247,2026-10-02T07:29:21.812,10,right,9,10,18.0,True,
run_20261002_072510_851363,7477,247,2026-10-02T07:29:21.812,11,right,10,11,17.5,True,
run_20261002_072510_851363,7477,247,2026-10-02T07:29:21.812,12,right,11,12,18.0,True,
run_20261002_072510_851363,7507,248,2026-10-02T07:29:22.816,1,left,0,1,18.0,True,
run_20261002_072510_851363,7507,248,2026-10-02T07:29:22.816,2,left,1,2,18.0,True,
run_20261002_072510_851363,7507,248,2026-10-02T07:29:22.816,3,left,2,3,18.0,True,
run_20261002_072510_851363,7507,248,2026-10-02T07:29:22.816,4,left,3,4,18.0,True,
run_20261002_072510_851363,7507,248,2026-10-02T07:29:22.816,5,left,4,5,18.0,True,
run_20261002_072510_851363,7507,248,2026-10-02T07:29:22.816,6,left,5,6,18.5,True,
run_20261002_072510_851363,7507,248,2026-10-02T07:29:22.816,7,left,6,7,18.0,True,
run_20261002_072510_851363,7507,248,2026-10-02T07:29:22.816,8,left,7,8,18.0,True,
run_20261002_072510_851363,7507,248,2026-10-02T07:29:22.816,9,left,8,9,18.0,True,
run_20261002_072510_851363,7507,248,2026-10-02T07:29:22.816,10,left,9,10,18.0,True,
run_20261002_072510_851363,7507,248,2026-10-02T07:29:22.816,11,left,10,11,17.5,True,
run_20261002_072510_851363,7507,248,2026-10-02T07:29:22.816,12,left,11,12,18.0,True,
run_20261002_072510_851363,7507,248,2026-10-02T07:29:22.816,1,right,0,1,18.5,True,
run_20261002_072510_851363,7507,248,2026-10-02T07:29:22.816,2,right,1,2,18.0,True,
run_20261002_072510_851363,7507,248,2026-10-02T07:29:22.816,3,right,2,3,18.5,True,
run_20261002_072510_851363,7507,248,2026-10-02T07:29:22.816,4,right,3,4,18.0,True,
run_20261002_072510_851363,7507,248,2026-10-02T07:29:22.816,5,right,4,5,18.0,True,
run_20261002_072510_851363,7507,248,2026-10-02T07:29:22.816,6,right,5,6,18.0,True,
run_20261002_072510_851363,7507,248,2026-10-02T07:29:22.816,7,right,6,7,18.0,True,
run_20261002_072510_851363,7507,248,2026-10-02T07:29:22.816,8,right,7,8,18.0,True,
run_20261002_072510_851363,7507,248,2026-10-02T07:29:22.816,9,right,8,9,18.0,True,
run_20261002_072510_851363,7507,248,2026-10-02T07:29:22.816,10,right,9,10,18.0,True,
run_20261002_072510_851363,7507,248,2026-10-02T07:29:22.816,11,right,10,11,17.5,True,
run_20261002_072510_851363,7507,248,2026-10-02T07:29:22.816,12,right,11,12,18.0,True,
run_20261002_072510_851363,7538,249,2026-10-02T07:29:23.844,1,left,0,1,18.0,True,
run_20261002_072510_851363,7538,249,2026-10-02T07:29:23.844,2,left,1,2,18.0,True,
run_20261002_072510_851363,7538,249,2026-10-02T07:29:23.844,3,left,2,3,18.0,True,
run_20261002_072510_851363,7538,249,2026-10-02T07:29:23.844,4,left,3,4,18.0,True,
run_20261002_072510_851363,7538,249,2026-10-02T07:29:23.844,5,left,4,5,18.0,True,
run_20261002_072510_851363,7538,249,2026-10-02T07:29:23.844,6,left,5,6,18.5,True,
run_20261002_072510_851363,7538,249,2026-10-02T07:29:23.844,7,left,6,7,18.0,True,
run_20261002_072510_851363,7538,249,2026-10-02T07:29:23.844,8,left,7,8,18.0,True,
run_20261002_072510_851363,7538,249,2026-10-02T07:29:23.844,9,left,8,9,18.0,True,
run_20261002_072510_851363,7538,249,2026-10-02T07:29:23.844,10,left,9,10,18.0,True,
run_20261002_072510_851363,7538,249,2026-10-02T07:29:23.844,11,left,10,11,17.5,True,
run_20261002_072510_851363,7538,249,2026-10-02T07:29:23.844,12,left,11,12,18.0,True,
run_20261002_072510_851363,7538,249,2026-10-02T07:29:23.844,1,right,0,1,18.5,True,
run_20261002_072510_851363,7538,249,2026-10-02T07:29:23.844,2,right,1,2,18.0,True,
run_20261002_072510_851363,7538,249,2026-10-02T07:29:23.844,3,right,2,3,18.0,True,
run_20261002_072510_851363,7538,249,2026-10-02T07:29:23.844,4,right,3,4,18.5,True,
run_20261002_072510_851363,7538,249,2026-10-02T07:29:23.844,5,right,4,5,18.0,True,
run_20261002_072510_851363,7538,249,2026-10-02T07:29:23.844,6,right,5,6,18.0,True,
run_20261002_072510_851363,7538,249,2026-10-02T07:29:23.844,7,right,6,7,18.0,True,
run_20261002_072510_851363,7538,249,2026-10-02T07:29:23.844,8,right,7,8,18.0,True,
run_20261002_072510_851363,7538,249,2026-10-02T07:29:23.844,9,right,8,9,18.0,True,
run_20261002_072510_851363,7538,249,2026-10-02T07:29:23.844,10,right,9,10,18.0,True,
run_20261002_072510_851363,7538,249,2026-10-02T07:29:23.844,11,right,10,11,17.5,True,
run_20261002_072510_851363,7538,249,2026-10-02T07:29:23.844,12,right,11,12,18.0,True,
run_20261002_072510_851363,7568,250,2026-10-02T07:29:24.845,1,left,0,1,18.0,True,
run_20261002_072510_851363,7568,250,2026-10-02T07:29:24.845,2,left,1,2,18.0,True,
run_20261002_072510_851363,7568,250,2026-10-02T07:29:24.845,3,left,2,3,18.0,True,
run_20261002_072510_851363,7568,250,2026-10-02T07:29:24.845,4,left,3,4,18.0,True,
run_20261002_072510_851363,7568,250,2026-10-02T07:29:24.845,5,left,4,5,18.0,True,
run_20261002_072510_851363,7568,250,2026-10-02T07:29:24.845,6,left,5,6,18.5,True,
run_20261002_072510_851363,7568,250,2026-10-02T07:29:24.845,7,left,6,7,18.0,True,
run_20261002_072510_851363,7568,250,2026-10-02T07:29:24.845,8,left,7,8,18.0,True,
run_20261002_072510_851363,7568,250,2026-10-02T07:29:24.845,9,left,8,9,18.0,True,
run_20261002_072510_851363,7568,250,2026-10-02T07:29:24.845,10,left,9,10,17.5,True,
run_20261002_072510_851363,7568,250,2026-10-02T07:29:24.845,11,left,10,11,18.0,True,
run_20261002_072510_851363,7568,250,2026-10-02T07:29:24.845,12,left,11,12,18.0,True,
run_20261002_072510_851363,7568,250,2026-10-02T07:29:24.845,1,right,0,1,18.5,True,
run_20261002_072510_851363,7568,250,2026-10-02T07:29:24.845,2,right,1,2,18.0,True,
run_20261002_072510_851363,7568,250,2026-10-02T07:29:24.845,3,right,2,3,18.5,True,
run_20261002_072510_851363,7568,250,2026-10-02T07:29:24.845,4,right,3,4,18.0,True,
run_20261002_072510_851363,7568,250,2026-10-02T07:29:24.845,5,right,4,5,18.0,True,
run_20261002_072510_851363,7568,250,2026-10-02T07:29:24.845,6,right,5,6,18.0,True,
run_20261002_072510_851363,7568,250,2026-10-02T07:29:24.845,7,right,6,7,18.0,True,
run_20261002_072510_851363,7568,250,2026-10-02T07:29:24.845,8,right,7,8,18.0,True,
run_20261002_072510_851363,7568,250,2026-10-02T07:29:24.845,9,right,8,9,18.0,True,
run_20261002_072510_851363,7568,250,2026-10-02T07:29:24.845,10,right,9,10,18.0,True,
run_20261002_072510_851363,7568,250,2026-10-02T07:29:24.845,11,right,10,11,17.5,True,
run_20261002_072510_851363,7568,250,2026-10-02T07:29:24.845,12,right,11,12,18.0,True,
run_20261002_072510_851363,7598,251,2026-10-02T07:29:25.847,1,left,0,1,18.0,True,
run_20261002_072510_851363,7598,251,2026-10-02T07:29:25.847,2,left,1,2,18.0,True,
run_20261002_072510_851363,7598,251,2026-10-02T07:29:25.847,3,left,2,3,18.0,True,
run_20261002_072510_851363,7598,251,2026-10-02T07:29:25.847,4,left,3,4,18.0,True,
run_20261002_072510_851363,7598,251,2026-10-02T07:29:25.847,5,left,4,5,18.0,True,
run_20261002_072510_851363,7598,251,2026-10-02T07:29:25.847,6,left,5,6,18.5,True,
run_20261002_072510_851363,7598,251,2026-10-02T07:29:25.847,7,left,6,7,18.0,True,
run_20261002_072510_851363,7598,251,2026-10-02T07:29:25.847,8,left,7,8,18.0,True,
run_20261002_072510_851363,7598,251,2026-10-02T07:29:25.847,9,left,8,9,18.0,True,
run_20261002_072510_851363,7598,251,2026-10-02T07:29:25.847,10,left,9,10,18.0,True,
run_20261002_072510_851363,7598,251,2026-10-02T07:29:25.847,11,left,10,11,17.5,True,
run_20261002_072510_851363,7598,251,2026-10-02T07:29:25.847,12,left,11,12,18.0,True,
run_20261002_072510_851363,7598,251,2026-10-02T07:29:25.847,1,right,0,1,18.5,True,
run_20261002_072510_851363,7598,251,2026-10-02T07:29:25.847,2,right,1,2,18.0,True,
run_20261002_072510_851363,7598,251,2026-10-02T07:29:25.847,3,right,2,3,18.5,True,
run_20261002_072510_851363,7598,251,2026-10-02T07:29:25.847,4,right,3,4,18.0,True,
run_20261002_072510_851363,7598,251,2026-10-02T07:29:25.847,5,right,4,5,18.0,True,
run_20261002_072510_851363,7598,251,2026-10-02T07:29:25.847,6,right,5,6,18.0,True,
run_20261002_072510_851363,7598,251,2026-10-02T07:29:25.847,7,right,6,7,18.0,True,
run_20261002_072510_851363,7598,251,2026-10-02T07:29:25.847,8,right,7,8,18.0,True,
run_20261002_072510_851363,7598,251,2026-10-02T07:29:25.847,9,right,8,9,18.0,True,
run_20261002_072510_851363,7598,251,2026-10-02T07:29:25.847,10,right,9,10,18.0,True,
run_20261002_072510_851363,7598,251,2026-10-02T07:29:25.847,11,right,10,11,17.5,True,
run_20261002_072510_851363,7598,251,2026-10-02T07:29:25.847,12,right,11,12,18.0,True,
run_20261002_072510_851363,7629,252,2026-10-02T07:29:26.876,1,left,0,1,18.0,True,
run_20261002_072510_851363,7629,252,2026-10-02T07:29:26.876,2,left,1,2,18.0,True,
run_20261002_072510_851363,7629,252,2026-10-02T07:29:26.876,3,left,2,3,18.0,True,
run_20261002_072510_851363,7629,252,2026-10-02T07:29:26.876,4,left,3,4,18.0,True,
run_20261002_072510_851363,7629,252,2026-10-02T07:29:26.876,5,left,4,5,18.0,True,
run_20261002_072510_851363,7629,252,2026-10-02T07:29:26.876,6,left,5,6,18.5,True,
run_20261002_072510_851363,7629,252,2026-10-02T07:29:26.876,7,left,6,7,18.0,True,
run_20261002_072510_851363,7629,252,2026-10-02T07:29:26.876,8,left,7,8,18.0,True,
run_20261002_072510_851363,7629,252,2026-10-02T07:29:26.876,9,left,8,9,18.0,True,
run_20261002_072510_851363,7629,252,2026-10-02T07:29:26.876,10,left,9,10,18.0,True,
run_20261002_072510_851363,7629,252,2026-10-02T07:29:26.876,11,left,10,11,17.5,True,
run_20261002_072510_851363,7629,252,2026-10-02T07:29:26.876,12,left,11,12,18.0,True,
run_20261002_072510_851363,7629,252,2026-10-02T07:29:26.876,1,right,0,1,18.5,True,
run_20261002_072510_851363,7629,252,2026-10-02T07:29:26.876,2,right,1,2,18.0,True,
run_20261002_072510_851363,7629,252,2026-10-02T07:29:26.876,3,right,2,3,18.5,True,
run_20261002_072510_851363,7629,252,2026-10-02T07:29:26.876,4,right,3,4,18.0,True,
run_20261002_072510_851363,7629,252,2026-10-02T07:29:26.876,5,right,4,5,18.0,True,
run_20261002_072510_851363,7629,252,2026-10-02T07:29:26.876,6,right,5,6,18.0,True,
run_20261002_072510_851363,7629,252,2026-10-02T07:29:26.876,7,right,6,7,18.0,True,
run_20261002_072510_851363,7629,252,2026-10-02T07:29:26.876,8,right,7,8,18.0,True,
run_20261002_072510_851363,7629,252,2026-10-02T07:29:26.876,9,right,8,9,18.0,True,
run_20261002_072510_851363,7629,252,2026-10-02T07:29:26.876,10,right,9,10,18.0,True,
run_20261002_072510_851363,7629,252,2026-10-02T07:29:26.876,11,right,10,11,17.5,True,
run_20261002_072510_851363,7629,252,2026-10-02T07:29:26.876,12,right,11,12,18.0,True,
run_20261002_072510_851363,7660,253,2026-10-02T07:29:27.908,1,left,0,1,18.0,True,
run_20261002_072510_851363,7660,253,2026-10-02T07:29:27.908,2,left,1,2,18.0,True,
run_20261002_072510_851363,7660,253,2026-10-02T07:29:27.908,3,left,2,3,18.0,True,
run_20261002_072510_851363,7660,253,2026-10-02T07:29:27.908,4,left,3,4,18.0,True,
run_20261002_072510_851363,7660,253,2026-10-02T07:29:27.908,5,left,4,5,18.0,True,
run_20261002_072510_851363,7660,253,2026-10-02T07:29:27.908,6,left,5,6,18.5,True,
run_20261002_072510_851363,7660,253,2026-10-02T07:29:27.908,7,left,6,7,18.0,True,
run_20261002_072510_851363,7660,253,2026-10-02T07:29:27.908,8,left,7,8,18.0,True,
run_20261002_072510_851363,7660,253,2026-10-02T07:29:27.908,9,left,8,9,18.0,True,
run_20261002_072510_851363,7660,253,2026-10-02T07:29:27.908,10,left,9,10,18.0,True,
run_20261002_072510_851363,7660,253,2026-10-02T07:29:27.908,11,left,10,11,17.5,True,
run_20261002_072510_851363,7660,253,2026-10-02T07:29:27.908,12,left,11,12,18.0,True,
run_20261002_072510_851363,7660,253,2026-10-02T07:29:27.908,1,right,0,1,18.5,True,
run_20261002_072510_851363,7660,253,2026-10-02T07:29:27.908,2,right,1,2,18.0,True,
run_20261002_072510_851363,7660,253,2026-10-02T07:29:27.908,3,right,2,3,18.5,True,
run_20261002_072510_851363,7660,253,2026-10-02T07:29:27.908,4,right,3,4,18.0,True,
run_20261002_072510_851363,7660,253,2026-10-02T07:29:27.908,5,right,4,5,18.0,True,
run_20261002_072510_851363,7660,253,2026-10-02T07:29:27.908,6,right,5,6,18.0,True,
run_20261002_072510_851363,7660,253,2026-10-02T07:29:27.908,7,right,6,7,18.0,True,
run_20261002_072510_851363,7660,253,2026-10-02T07:29:27.908,8,right,7,8,18.0,True,
run_20261002_072510_851363,7660,253,2026-10-02T07:29:27.908,9,right,8,9,18.0,True,
run_20261002_072510_851363,7660,253,2026-10-02T07:29:27.908,10,right,9,10,18.0,True,
run_20261002_072510_851363,7660,253,2026-10-02T07:29:27.908,11,right,10,11,17.5,True,
run_20261002_072510_851363,7660,253,2026-10-02T07:29:27.908,12,right,11,12,18.0,True,
run_20261002_072510_851363,7690,254,2026-10-02T07:29:28.910,1,left,0,1,18.0,True,
run_20261002_072510_851363,7690,254,2026-10-02T07:29:28.910,2,left,1,2,18.0,True,
run_20261002_072510_851363,7690,254,2026-10-02T07:29:28.910,3,left,2,3,18.0,True,
run_20261002_072510_851363,7690,254,2026-10-02T07:29:28.910,4,left,3,4,18.0,True,
run_20261002_072510_851363,7690,254,2026-10-02T07:29:28.910,5,left,4,5,18.0,True,
run_20261002_072510_851363,7690,254,2026-10-02T07:29:28.910,6,left,5,6,18.5,True,
run_20261002_072510_851363,7690,254,2026-10-02T07:29:28.910,7,left,6,7,18.0,True,
run_20261002_072510_851363,7690,254,2026-10-02T07:29:28.910,8,left,7,8,18.0,True,
run_20261002_072510_851363,7690,254,2026-10-02T07:29:28.910,9,left,8,9,18.0,True,
run_20261002_072510_851363,7690,254,2026-10-02T07:29:28.910,10,left,9,10,17.5,True,
run_20261002_072510_851363,7690,254,2026-10-02T07:29:28.910,11,left,10,11,18.0,True,
run_20261002_072510_851363,7690,254,2026-10-02T07:29:28.910,12,left,11,12,18.0,True,
run_20261002_072510_851363,7690,254,2026-10-02T07:29:28.910,1,right,0,1,18.5,True,
run_20261002_072510_851363,7690,254,2026-10-02T07:29:28.910,2,right,1,2,18.0,True,
run_20261002_072510_851363,7690,254,2026-10-02T07:29:28.910,3,right,2,3,18.5,True,
run_20261002_072510_851363,7690,254,2026-10-02T07:29:28.910,4,right,3,4,18.0,True,
run_20261002_072510_851363,7690,254,2026-10-02T07:29:28.910,5,right,4,5,18.0,True,
run_20261002_072510_851363,7690,254,2026-10-02T07:29:28.910,6,right,5,6,18.0,True,
run_20261002_072510_851363,7690,254,2026-10-02T07:29:28.910,7,right,6,7,18.0,True,
run_20261002_072510_851363,7690,254,2026-10-02T07:29:28.910,8,right,7,8,18.0,True,
run_20261002_072510_851363,7690,254,2026-10-02T07:29:28.910,9,right,8,9,18.0,True,
run_20261002_072510_851363,7690,254,2026-10-02T07:29:28.910,10,right,9,10,18.0,True,
run_20261002_072510_851363,7690,254,2026-10-02T07:29:28.910,11,right,10,11,17.5,True,
run_20261002_072510_851363,7690,254,2026-10-02T07:29:28.910,12,right,11,12,18.0,True,
run_20261002_072510_851363,7720,255,2026-10-02T07:29:29.915,1,left,0,1,18.0,True,
run_20261002_072510_851363,7720,255,2026-10-02T07:29:29.915,2,left,1,2,18.0,True,
run_20261002_072510_851363,7720,255,2026-10-02T07:29:29.915,3,left,2,3,18.0,True,
run_20261002_072510_851363,7720,255,2026-10-02T07:29:29.915,4,left,3,4,18.0,True,
run_20261002_072510_851363,7720,255,2026-10-02T07:29:29.915,5,left,4,5,18.0,True,
run_20261002_072510_851363,7720,255,2026-10-02T07:29:29.915,6,left,5,6,18.5,True,
run_20261002_072510_851363,7720,255,2026-10-02T07:29:29.915,7,left,6,7,18.0,True,
run_20261002_072510_851363,7720,255,2026-10-02T07:29:29.915,8,left,7,8,18.0,True,
run_20261002_072510_851363,7720,255,2026-10-02T07:29:29.915,9,left,8,9,18.0,True,
run_20261002_072510_851363,7720,255,2026-10-02T07:29:29.915,10,left,9,10,18.0,True,
run_20261002_072510_851363,7720,255,2026-10-02T07:29:29.915,11,left,10,11,17.5,True,
run_20261002_072510_851363,7720,255,2026-10-02T07:29:29.915,12,left,11,12,18.0,True,
run_20261002_072510_851363,7720,255,2026-10-02T07:29:29.915,1,right,0,1,18.5,True,
run_20261002_072510_851363,7720,255,2026-10-02T07:29:29.915,2,right,1,2,18.0,True,
run_20261002_072510_851363,7720,255,2026-10-02T07:29:29.915,3,right,2,3,18.5,True,
run_20261002_072510_851363,7720,255,2026-10-02T07:29:29.915,4,right,3,4,18.0,True,
run_20261002_072510_851363,7720,255,2026-10-02T07:29:29.915,5,right,4,5,18.0,True,
run_20261002_072510_851363,7720,255,2026-10-02T07:29:29.915,6,right,5,6,18.0,True,
run_20261002_072510_851363,7720,255,2026-10-02T07:29:29.915,7,right,6,7,18.0,True,
run_20261002_072510_851363,7720,255,2026-10-02T07:29:29.915,8,right,7,8,18.0,True,
run_20261002_072510_851363,7720,255,2026-10-02T07:29:29.915,9,right,8,9,18.0,True,
run_20261002_072510_851363,7720,255,2026-10-02T07:29:29.915,10,right,9,10,18.0,True,
run_20261002_072510_851363,7720,255,2026-10-02T07:29:29.915,11,right,10,11,17.5,True,
run_20261002_072510_851363,7720,255,2026-10-02T07:29:29.915,12,right,11,12,18.0,True,
run_20261002_072510_851363,7751,256,2026-10-02T07:29:30.941,1,left,0,1,18.0,True,
run_20261002_072510_851363,7751,256,2026-10-02T07:29:30.941,2,left,1,2,18.0,True,
run_20261002_072510_851363,7751,256,2026-10-02T07:29:30.941,3,left,2,3,18.0,True,
run_20261002_072510_851363,7751,256,2026-10-02T07:29:30.941,4,left,3,4,18.0,True,
run_20261002_072510_851363,7751,256,2026-10-02T07:29:30.941,5,left,4,5,18.0,True,
run_20261002_072510_851363,7751,256,2026-10-02T07:29:30.941,6,left,5,6,18.5,True,
run_20261002_072510_851363,7751,256,2026-10-02T07:29:30.941,7,left,6,7,18.0,True,
run_20261002_072510_851363,7751,256,2026-10-02T07:29:30.941,8,left,7,8,18.0,True,
run_20261002_072510_851363,7751,256,2026-10-02T07:29:30.941,9,left,8,9,18.0,True,
run_20261002_072510_851363,7751,256,2026-10-02T07:29:30.941,10,left,9,10,18.0,True,
run_20261002_072510_851363,7751,256,2026-10-02T07:29:30.941,11,left,10,11,17.5,True,
run_20261002_072510_851363,7751,256,2026-10-02T07:29:30.941,12,left,11,12,18.0,True,
run_20261002_072510_851363,7751,256,2026-10-02T07:29:30.941,1,right,0,1,18.5,True,
run_20261002_072510_851363,7751,256,2026-10-02T07:29:30.941,2,right,1,2,18.0,True,
run_20261002_072510_851363,7751,256,2026-10-02T07:29:30.941,3,right,2,3,18.5,True,
run_20261002_072510_851363,7751,256,2026-10-02T07:29:30.941,4,right,3,4,18.0,True,
run_20261002_072510_851363,7751,256,2026-10-02T07:29:30.941,5,right,4,5,18.0,True,
run_20261002_072510_851363,7751,256,2026-10-02T07:29:30.941,6,right,5,6,18.0,True,
run_20261002_072510_851363,7751,256,2026-10-02T07:29:30.941,7,right,6,7,18.0,True,
run_20261002_072510_851363,7751,256,2026-10-02T07:29:30.941,8,right,7,8,18.0,True,
run_20261002_072510_851363,7751,256,2026-10-02T07:29:30.941,9,right,8,9,18.0,True,
run_20261002_072510_851363,7751,256,2026-10-02T07:29:30.941,10,right,9,10,18.0,True,
run_20261002_072510_851363,7751,256,2026-10-02T07:29:30.941,11,right,10,11,17.5,True,
run_20261002_072510_851363,7751,256,2026-10-02T07:29:30.941,12,right,11,12,18.0,True,
run_20261002_072510_851363,7781,257,2026-10-02T07:29:31.948,1,left,0,1,18.0,True,
run_20261002_072510_851363,7781,257,2026-10-02T07:29:31.948,2,left,1,2,18.0,True,
run_20261002_072510_851363,7781,257,2026-10-02T07:29:31.948,3,left,2,3,18.0,True,
run_20261002_072510_851363,7781,257,2026-10-02T07:29:31.948,4,left,3,4,18.0,True,
run_20261002_072510_851363,7781,257,2026-10-02T07:29:31.948,5,left,4,5,18.5,True,
run_20261002_072510_851363,7781,257,2026-10-02T07:29:31.948,6,left,5,6,18.0,True,
run_20261002_072510_851363,7781,257,2026-10-02T07:29:31.948,7,left,6,7,18.0,True,
run_20261002_072510_851363,7781,257,2026-10-02T07:29:31.948,8,left,7,8,18.0,True,
run_20261002_072510_851363,7781,257,2026-10-02T07:29:31.948,9,left,8,9,18.0,True,
run_20261002_072510_851363,7781,257,2026-10-02T07:29:31.948,10,left,9,10,18.0,True,
run_20261002_072510_851363,7781,257,2026-10-02T07:29:31.948,11,left,10,11,17.5,True,
run_20261002_072510_851363,7781,257,2026-10-02T07:29:31.948,12,left,11,12,18.0,True,
run_20261002_072510_851363,7781,257,2026-10-02T07:29:31.948,1,right,0,1,18.5,True,
run_20261002_072510_851363,7781,257,2026-10-02T07:29:31.948,2,right,1,2,18.0,True,
run_20261002_072510_851363,7781,257,2026-10-02T07:29:31.948,3,right,2,3,18.5,True,
run_20261002_072510_851363,7781,257,2026-10-02T07:29:31.948,4,right,3,4,18.0,True,
run_20261002_072510_851363,7781,257,2026-10-02T07:29:31.948,5,right,4,5,18.0,True,
run_20261002_072510_851363,7781,257,2026-10-02T07:29:31.948,6,right,5,6,18.0,True,
run_20261002_072510_851363,7781,257,2026-10-02T07:29:31.948,7,right,6,7,18.0,True,
run_20261002_072510_851363,7781,257,2026-10-02T07:29:31.948,8,right,7,8,18.0,True,
run_20261002_072510_851363,7781,257,2026-10-02T07:29:31.948,9,right,8,9,18.0,True,
run_20261002_072510_851363,7781,257,2026-10-02T07:29:31.948,10,right,9,10,18.0,True,
run_20261002_072510_851363,7781,257,2026-10-02T07:29:31.948,11,right,10,11,17.5,True,
run_20261002_072510_851363,7781,257,2026-10-02T07:29:31.948,12,right,11,12,18.0,True,
run_20261002_072510_851363,7812,258,2026-10-02T07:29:32.975,1,left,0,1,18.0,True,
run_20261002_072510_851363,7812,258,2026-10-02T07:29:32.975,2,left,1,2,18.0,True,
run_20261002_072510_851363,7812,258,2026-10-02T07:29:32.975,3,left,2,3,18.0,True,
run_20261002_072510_851363,7812,258,2026-10-02T07:29:32.975,4,left,3,4,18.0,True,
run_20261002_072510_851363,7812,258,2026-10-02T07:29:32.975,5,left,4,5,18.0,True,
run_20261002_072510_851363,7812,258,2026-10-02T07:29:32.975,6,left,5,6,18.5,True,
run_20261002_072510_851363,7812,258,2026-10-02T07:29:32.975,7,left,6,7,18.0,True,
run_20261002_072510_851363,7812,258,2026-10-02T07:29:32.975,8,left,7,8,18.0,True,
run_20261002_072510_851363,7812,258,2026-10-02T07:29:32.975,9,left,8,9,18.0,True,
run_20261002_072510_851363,7812,258,2026-10-02T07:29:32.975,10,left,9,10,18.0,True,
run_20261002_072510_851363,7812,258,2026-10-02T07:29:32.975,11,left,10,11,17.5,True,
run_20261002_072510_851363,7812,258,2026-10-02T07:29:32.975,12,left,11,12,18.0,True,
run_20261002_072510_851363,7812,258,2026-10-02T07:29:32.975,1,right,0,1,18.5,True,
run_20261002_072510_851363,7812,258,2026-10-02T07:29:32.975,2,right,1,2,18.0,True,
run_20261002_072510_851363,7812,258,2026-10-02T07:29:32.975,3,right,2,3,18.5,True,
run_20261002_072510_851363,7812,258,2026-10-02T07:29:32.975,4,right,3,4,18.0,True,
run_20261002_072510_851363,7812,258,2026-10-02T07:29:32.975,5,right,4,5,18.0,True,
run_20261002_072510_851363,7812,258,2026-10-02T07:29:32.975,6,right,5,6,18.0,True,
run_20261002_072510_851363,7812,258,2026-10-02T07:29:32.975,7,right,6,7,18.0,True,
run_20261002_072510_851363,7812,258,2026-10-02T07:29:32.975,8,right,7,8,18.0,True,
run_20261002_072510_851363,7812,258,2026-10-02T07:29:32.975,9,right,8,9,18.0,True,
run_20261002_072510_851363,7812,258,2026-10-02T07:29:32.975,10,right,9,10,18.0,True,
run_20261002_072510_851363,7812,258,2026-10-02T07:29:32.975,11,right,10,11,17.5,True,
run_20261002_072510_851363,7812,258,2026-10-02T07:29:32.975,12,right,11,12,18.0,True,
run_20261002_072510_851363,7842,259,2026-10-02T07:29:33.977,1,left,0,1,18.0,True,
run_20261002_072510_851363,7842,259,2026-10-02T07:29:33.977,2,left,1,2,18.0,True,
run_20261002_072510_851363,7842,259,2026-10-02T07:29:33.977,3,left,2,3,18.0,True,
run_20261002_072510_851363,7842,259,2026-10-02T07:29:33.977,4,left,3,4,18.0,True,
run_20261002_072510_851363,7842,259,2026-10-02T07:29:33.977,5,left,4,5,18.0,True,
run_20261002_072510_851363,7842,259,2026-10-02T07:29:33.977,6,left,5,6,18.5,True,
run_20261002_072510_851363,7842,259,2026-10-02T07:29:33.977,7,left,6,7,18.0,True,
run_20261002_072510_851363,7842,259,2026-10-02T07:29:33.977,8,left,7,8,18.0,True,
run_20261002_072510_851363,7842,259,2026-10-02T07:29:33.977,9,left,8,9,18.0,True,
run_20261002_072510_851363,7842,259,2026-10-02T07:29:33.977,10,left,9,10,17.5,True,
run_20261002_072510_851363,7842,259,2026-10-02T07:29:33.977,11,left,10,11,18.0,True,
run_20261002_072510_851363,7842,259,2026-10-02T07:29:33.977,12,left,11,12,18.0,True,
run_20261002_072510_851363,7842,259,2026-10-02T07:29:33.977,1,right,0,1,18.5,True,
run_20261002_072510_851363,7842,259,2026-10-02T07:29:33.977,2,right,1,2,18.0,True,
run_20261002_072510_851363,7842,259,2026-10-02T07:29:33.977,3,right,2,3,18.5,True,
run_20261002_072510_851363,7842,259,2026-10-02T07:29:33.977,4,right,3,4,18.0,True,
run_20261002_072510_851363,7842,259,2026-10-02T07:29:33.977,5,right,4,5,18.0,True,
run_20261002_072510_851363,7842,259,2026-10-02T07:29:33.977,6,right,5,6,18.0,True,
run_20261002_072510_851363,7842,259,2026-10-02T07:29:33.977,7,right,6,7,18.0,True,
run_20261002_072510_851363,7842,259,2026-10-02T07:29:33.977,8,right,7,8,18.0,True,
run_20261002_072510_851363,7842,259,2026-10-02T07:29:33.977,9,right,8,9,18.0,True,
run_20261002_072510_851363,7842,259,2026-10-02T07:29:33.977,10,right,9,10,18.0,True,
run_20261002_072510_851363,7842,259,2026-10-02T07:29:33.977,11,right,10,11,17.5,True,
run_20261002_072510_851363,7842,259,2026-10-02T07:29:33.977,12,right,11,12,18.0,True,
run_20261002_072510_851363,7872,260,2026-10-02T07:29:35.017,1,left,0,1,18.0,True,
run_20261002_072510_851363,7872,260,2026-10-02T07:29:35.017,2,left,1,2,18.0,True,
run_20261002_072510_851363,7872,260,2026-10-02T07:29:35.017,3,left,2,3,18.0,True,
run_20261002_072510_851363,7872,260,2026-10-02T07:29:35.017,4,left,3,4,18.0,True,
run_20261002_072510_851363,7872,260,2026-10-02T07:29:35.017,5,left,4,5,18.0,True,
run_20261002_072510_851363,7872,260,2026-10-02T07:29:35.017,6,left,5,6,18.5,True,
run_20261002_072510_851363,7872,260,2026-10-02T07:29:35.017,7,left,6,7,18.0,True,
run_20261002_072510_851363,7872,260,2026-10-02T07:29:35.017,8,left,7,8,18.0,True,
run_20261002_072510_851363,7872,260,2026-10-02T07:29:35.017,9,left,8,9,18.0,True,
run_20261002_072510_851363,7872,260,2026-10-02T07:29:35.017,10,left,9,10,18.0,True,
run_20261002_072510_851363,7872,260,2026-10-02T07:29:35.017,11,left,10,11,17.5,True,
run_20261002_072510_851363,7872,260,2026-10-02T07:29:35.017,12,left,11,12,18.0,True,
run_20261002_072510_851363,7872,260,2026-10-02T07:29:35.017,1,right,0,1,18.5,True,
run_20261002_072510_851363,7872,260,2026-10-02T07:29:35.017,2,right,1,2,18.0,True,
run_20261002_072510_851363,7872,260,2026-10-02T07:29:35.017,3,right,2,3,18.5,True,
run_20261002_072510_851363,7872,260,2026-10-02T07:29:35.017,4,right,3,4,18.0,True,
run_20261002_072510_851363,7872,260,2026-10-02T07:29:35.017,5,right,4,5,18.0,True,
run_20261002_072510_851363,7872,260,2026-10-02T07:29:35.017,6,right,5,6,18.0,True,
run_20261002_072510_851363,7872,260,2026-10-02T07:29:35.017,7,right,6,7,18.0,True,
run_20261002_072510_851363,7872,260,2026-10-02T07:29:35.017,8,right,7,8,18.0,True,
run_20261002_072510_851363,7872,260,2026-10-02T07:29:35.017,9,right,8,9,18.0,True,
run_20261002_072510_851363,7872,260,2026-10-02T07:29:35.017,10,right,9,10,18.0,True,
run_20261002_072510_851363,7872,260,2026-10-02T07:29:35.017,11,right,10,11,17.5,True,
run_20261002_072510_851363,7872,260,2026-10-02T07:29:35.017,12,right,11,12,18.0,True,
run_20261002_072510_851363,7903,261,2026-10-02T07:29:36.042,1,left,0,1,18.0,True,
run_20261002_072510_851363,7903,261,2026-10-02T07:29:36.042,2,left,1,2,18.0,True,
run_20261002_072510_851363,7903,261,2026-10-02T07:29:36.042,3,left,2,3,18.0,True,
run_20261002_072510_851363,7903,261,2026-10-02T07:29:36.042,4,left,3,4,18.0,True,
run_20261002_072510_851363,7903,261,2026-10-02T07:29:36.042,5,left,4,5,18.0,True,
run_20261002_072510_851363,7903,261,2026-10-02T07:29:36.042,6,left,5,6,18.5,True,
run_20261002_072510_851363,7903,261,2026-10-02T07:29:36.042,7,left,6,7,18.0,True,
run_20261002_072510_851363,7903,261,2026-10-02T07:29:36.042,8,left,7,8,18.0,True,
run_20261002_072510_851363,7903,261,2026-10-02T07:29:36.042,9,left,8,9,18.0,True,
run_20261002_072510_851363,7903,261,2026-10-02T07:29:36.042,10,left,9,10,18.0,True,
run_20261002_072510_851363,7903,261,2026-10-02T07:29:36.042,11,left,10,11,17.5,True,
run_20261002_072510_851363,7903,261,2026-10-02T07:29:36.042,12,left,11,12,18.0,True,
run_20261002_072510_851363,7903,261,2026-10-02T07:29:36.042,1,right,0,1,18.5,True,
run_20261002_072510_851363,7903,261,2026-10-02T07:29:36.042,2,right,1,2,18.0,True,
run_20261002_072510_851363,7903,261,2026-10-02T07:29:36.042,3,right,2,3,18.5,True,
run_20261002_072510_851363,7903,261,2026-10-02T07:29:36.042,4,right,3,4,18.0,True,
run_20261002_072510_851363,7903,261,2026-10-02T07:29:36.042,5,right,4,5,18.0,True,
run_20261002_072510_851363,7903,261,2026-10-02T07:29:36.042,6,right,5,6,18.0,True,
run_20261002_072510_851363,7903,261,2026-10-02T07:29:36.042,7,right,6,7,18.0,True,
run_20261002_072510_851363,7903,261,2026-10-02T07:29:36.042,8,right,7,8,18.0,True,
run_20261002_072510_851363,7903,261,2026-10-02T07:29:36.042,9,right,8,9,18.0,True,
run_20261002_072510_851363,7903,261,2026-10-02T07:29:36.042,10,right,9,10,18.0,True,
run_20261002_072510_851363,7903,261,2026-10-02T07:29:36.042,11,right,10,11,17.5,True,
run_20261002_072510_851363,7903,261,2026-10-02T07:29:36.042,12,right,11,12,18.0,True,
run_20261002_072510_851363,7933,262,2026-10-02T07:29:37.049,1,left,0,1,18.0,True,
run_20261002_072510_851363,7933,262,2026-10-02T07:29:37.049,2,left,1,2,18.0,True,
run_20261002_072510_851363,7933,262,2026-10-02T07:29:37.049,3,left,2,3,18.0,True,
run_20261002_072510_851363,7933,262,2026-10-02T07:29:37.049,4,left,3,4,18.0,True,
run_20261002_072510_851363,7933,262,2026-10-02T07:29:37.049,5,left,4,5,18.0,True,
run_20261002_072510_851363,7933,262,2026-10-02T07:29:37.049,6,left,5,6,18.5,True,
run_20261002_072510_851363,7933,262,2026-10-02T07:29:37.049,7,left,6,7,18.0,True,
run_20261002_072510_851363,7933,262,2026-10-02T07:29:37.049,8,left,7,8,18.0,True,
run_20261002_072510_851363,7933,262,2026-10-02T07:29:37.049,9,left,8,9,18.0,True,
run_20261002_072510_851363,7933,262,2026-10-02T07:29:37.049,10,left,9,10,18.0,True,
run_20261002_072510_851363,7933,262,2026-10-02T07:29:37.049,11,left,10,11,17.5,True,
run_20261002_072510_851363,7933,262,2026-10-02T07:29:37.049,12,left,11,12,18.0,True,
run_20261002_072510_851363,7933,262,2026-10-02T07:29:37.049,1,right,0,1,18.5,True,
run_20261002_072510_851363,7933,262,2026-10-02T07:29:37.049,2,right,1,2,18.0,True,
run_20261002_072510_851363,7933,262,2026-10-02T07:29:37.049,3,right,2,3,18.5,True,
run_20261002_072510_851363,7933,262,2026-10-02T07:29:37.049,4,right,3,4,18.0,True,
run_20261002_072510_851363,7933,262,2026-10-02T07:29:37.049,5,right,4,5,18.0,True,
run_20261002_072510_851363,7933,262,2026-10-02T07:29:37.049,6,right,5,6,18.0,True,
run_20261002_072510_851363,7933,262,2026-10-02T07:29:37.049,7,right,6,7,18.0,True,
run_20261002_072510_851363,7933,262,2026-10-02T07:29:37.049,8,right,7,8,18.0,True,
run_20261002_072510_851363,7933,262,2026-10-02T07:29:37.049,9,right,8,9,18.0,True,
run_20261002_072510_851363,7933,262,2026-10-02T07:29:37.049,10,right,9,10,18.0,True,
run_20261002_072510_851363,7933,262,2026-10-02T07:29:37.049,11,right,10,11,17.5,True,
run_20261002_072510_851363,7933,262,2026-10-02T07:29:37.049,12,right,11,12,18.0,True,
run_20261002_072510_851363,7964,263,2026-10-02T07:29:38.078,1,left,0,1,18.0,True,
run_20261002_072510_851363,7964,263,2026-10-02T07:29:38.078,2,left,1,2,18.0,True,
run_20261002_072510_851363,7964,263,2026-10-02T07:29:38.078,3,left,2,3,18.0,True,
run_20261002_072510_851363,7964,263,2026-10-02T07:29:38.078,4,left,3,4,18.0,True,
run_20261002_072510_851363,7964,263,2026-10-02T07:29:38.078,5,left,4,5,18.5,True,
run_20261002_072510_851363,7964,263,2026-10-02T07:29:38.078,6,left,5,6,18.0,True,
run_20261002_072510_851363,7964,263,2026-10-02T07:29:38.078,7,left,6,7,18.0,True,
run_20261002_072510_851363,7964,263,2026-10-02T07:29:38.078,8,left,7,8,18.0,True,
run_20261002_072510_851363,7964,263,2026-10-02T07:29:38.078,9,left,8,9,18.0,True,
run_20261002_072510_851363,7964,263,2026-10-02T07:29:38.078,10,left,9,10,17.5,True,
run_20261002_072510_851363,7964,263,2026-10-02T07:29:38.078,11,left,10,11,18.0,True,
run_20261002_072510_851363,7964,263,2026-10-02T07:29:38.078,12,left,11,12,18.0,True,
run_20261002_072510_851363,7964,263,2026-10-02T07:29:38.078,1,right,0,1,18.5,True,
run_20261002_072510_851363,7964,263,2026-10-02T07:29:38.078,2,right,1,2,18.0,True,
run_20261002_072510_851363,7964,263,2026-10-02T07:29:38.078,3,right,2,3,18.0,True,
run_20261002_072510_851363,7964,263,2026-10-02T07:29:38.078,4,right,3,4,18.5,True,
run_20261002_072510_851363,7964,263,2026-10-02T07:29:38.078,5,right,4,5,18.0,True,
run_20261002_072510_851363,7964,263,2026-10-02T07:29:38.078,6,right,5,6,18.0,True,
run_20261002_072510_851363,7964,263,2026-10-02T07:29:38.078,7,right,6,7,18.0,True,
run_20261002_072510_851363,7964,263,2026-10-02T07:29:38.078,8,right,7,8,18.0,True,
run_20261002_072510_851363,7964,263,2026-10-02T07:29:38.078,9,right,8,9,18.0,True,
run_20261002_072510_851363,7964,263,2026-10-02T07:29:38.078,10,right,9,10,18.0,True,
run_20261002_072510_851363,7964,263,2026-10-02T07:29:38.078,11,right,10,11,17.5,True,
run_20261002_072510_851363,7964,263,2026-10-02T07:29:38.078,12,right,11,12,18.0,True,
run_20261002_072510_851363,7995,264,2026-10-02T07:29:39.110,1,left,0,1,18.0,True,
run_20261002_072510_851363,7995,264,2026-10-02T07:29:39.110,2,left,1,2,18.0,True,
run_20261002_072510_851363,7995,264,2026-10-02T07:29:39.110,3,left,2,3,18.0,True,
run_20261002_072510_851363,7995,264,2026-10-02T07:29:39.110,4,left,3,4,18.0,True,
run_20261002_072510_851363,7995,264,2026-10-02T07:29:39.110,5,left,4,5,18.0,True,
run_20261002_072510_851363,7995,264,2026-10-02T07:29:39.110,6,left,5,6,18.5,True,
run_20261002_072510_851363,7995,264,2026-10-02T07:29:39.110,7,left,6,7,18.0,True,
run_20261002_072510_851363,7995,264,2026-10-02T07:29:39.110,8,left,7,8,18.0,True,
run_20261002_072510_851363,7995,264,2026-10-02T07:29:39.110,9,left,8,9,18.0,True,
run_20261002_072510_851363,7995,264,2026-10-02T07:29:39.110,10,left,9,10,18.0,True,
run_20261002_072510_851363,7995,264,2026-10-02T07:29:39.110,11,left,10,11,17.5,True,
run_20261002_072510_851363,7995,264,2026-10-02T07:29:39.110,12,left,11,12,18.0,True,
run_20261002_072510_851363,7995,264,2026-10-02T07:29:39.110,1,right,0,1,18.5,True,
run_20261002_072510_851363,7995,264,2026-10-02T07:29:39.110,2,right,1,2,18.0,True,
run_20261002_072510_851363,7995,264,2026-10-02T07:29:39.110,3,right,2,3,18.5,True,
run_20261002_072510_851363,7995,264,2026-10-02T07:29:39.110,4,right,3,4,18.0,True,
run_20261002_072510_851363,7995,264,2026-10-02T07:29:39.110,5,right,4,5,18.0,True,
run_20261002_072510_851363,7995,264,2026-10-02T07:29:39.110,6,right,5,6,18.0,True,
run_20261002_072510_851363,7995,264,2026-10-02T07:29:39.110,7,right,6,7,18.0,True,
run_20261002_072510_851363,7995,264,2026-10-02T07:29:39.110,8,right,7,8,18.0,True,
run_20261002_072510_851363,7995,264,2026-10-02T07:29:39.110,9,right,8,9,18.0,True,
run_20261002_072510_851363,7995,264,2026-10-02T07:29:39.110,10,right,9,10,18.0,True,
run_20261002_072510_851363,7995,264,2026-10-02T07:29:39.110,11,right,10,11,17.5,True,
run_20261002_072510_851363,7995,264,2026-10-02T07:29:39.110,12,right,11,12,18.0,True,
